schema_version,experiment_id,job_id,trace_offset_s,producer_sent_at,sqs_sent_at,worker_received_at,processing_started_at,processing_finished_at,result_sent_at,service_cpu_seconds,processing_wall_seconds,pod_name,node_name,digest,receive_count,queue_wait_ms,end_to_end_ms
1,keda-mmpp-404-bc235ef3,000000,0.000814,2026-08-31T19:50:34.529+00:00,2026-08-31T19:50:30.739+00:00,2026-08-31T19:50:30.748+00:00,2026-08-31T19:50:30.748+00:00,2026-08-31T19:50:31.016+00:00,2026-08-31T19:50:31.016+00:00,0.114196,0.2678099270015082,sqs-worker-5986dcd897-x8rdl,ip-192-168-20-201.ec2.internal,2f1ff4fcb89e654cabad9c349a0ec60585d23f20689b898c68bf3ca55c1a3e09,1,9.0,277.0
1,keda-mmpp-404-bc235ef3,000002,0.252394,2026-08-31T19:50:34.779+00:00,2026-08-31T19:50:30.992+00:00,2026-08-31T19:50:31.051+00:00,2026-08-31T19:50:31.051+00:00,2026-08-31T19:50:31.199+00:00,2026-08-31T19:50:31.199+00:00,0.059021,0.1479457920013374,sqs-worker-5986dcd897-x8rdl,ip-192-168-20-201.ec2.internal,4182c8fbd7c5d26af73f33eb45f942e6b7cb0c3d18466294efb2e1d9230e6922,1,59.0,207.0
1,keda-mmpp-404-bc235ef3,000004,0.479593,2026-08-31T19:50:35.006+00:00,2026-08-31T19:50:31.219+00:00,2026-08-31T19:50:31.229+00:00,2026-08-31T19:50:31.229+00:00,2026-08-31T19:50:31.238+00:00,2026-08-31T19:50:31.238+00:00,0.008987,0.009029668999573914,sqs-worker-5986dcd897-x8rdl,ip-192-168-20-201.ec2.internal,8248d2fb21639db2a2327d17e4b28203a5a1099593731b89e113471b0ad22ab9,1,10.0,19.0
1,keda-mmpp-404-bc235ef3,000001,0.025344,2026-08-31T19:50:34.552+00:00,2026-08-31T19:50:31.289+00:00,2026-08-31T19:50:31.297+00:00,2026-08-31T19:50:31.297+00:00,2026-08-31T19:50:31.915+00:00,2026-08-31T19:50:31.915+00:00,0.272301,0.618354325000837,sqs-worker-5986dcd897-x8rdl,ip-192-168-20-201.ec2.internal,2c6d0cc742660b898e78cf7014addd81efc8298cd4e0db90afac66aa43e9622d,1,8.0,626.0
1,keda-mmpp-404-bc235ef3,000006,1.041264,2026-08-31T19:50:35.569+00:00,2026-08-31T19:50:31.791+00:00,2026-08-31T19:50:31.942+00:00,2026-08-31T19:50:31.942+00:00,2026-08-31T19:50:32.221+00:00,2026-08-31T19:50:32.221+00:00,0.121603,0.2795056650011247,sqs-worker-5986dcd897-x8rdl,ip-192-168-20-201.ec2.internal,a6860dc228ec6635216931a465b9d7d7611d42878c99592551c982336b358965,1,151.0,430.0
1,keda-mmpp-404-bc235ef3,000007,1.31674,2026-08-31T19:50:35.844+00:00,2026-08-31T19:50:32.070+00:00,2026-08-31T19:50:32.288+00:00,2026-08-31T19:50:32.288+00:00,2026-08-31T19:50:32.608+00:00,2026-08-31T19:50:32.608+00:00,0.142371,0.3196262499986915,sqs-worker-5986dcd897-x8rdl,ip-192-168-20-201.ec2.internal,058197179f9ff5c3764f3a74a2635d09adca0abb98dc90cdad357f5e357f4632,1,218.0,538.0
1,keda-mmpp-404-bc235ef3,000003,0.353537,2026-08-31T19:50:34.881+00:00,2026-08-31T19:50:31.622+00:00,2026-08-31T19:50:32.624+00:00,2026-08-31T19:50:32.624+00:00,2026-08-31T19:50:32.821+00:00,2026-08-31T19:50:32.821+00:00,0.089188,0.1975665489990206,sqs-worker-5986dcd897-x8rdl,ip-192-168-20-201.ec2.internal,5160725c7f86e01f98377384fbdb11ea129d4fb5e8b3e13d49faf0c33620d844,1,1002.0,1199.0
1,keda-mmpp-404-bc235ef3,000008,1.480215,2026-08-31T19:50:36.007+00:00,2026-08-31T19:50:32.219+00:00,2026-08-31T19:50:32.893+00:00,2026-08-31T19:50:32.893+00:00,2026-08-31T19:50:33.102+00:00,2026-08-31T19:50:33.102+00:00,0.096323,0.20920592299989949,sqs-worker-5986dcd897-x8rdl,ip-192-168-20-201.ec2.internal,df5a0e2403d55794b2ef05bf15bf4a0d5121c9fdd0f3a7c38a15a506d08bdf9c,1,674.0,883.0
1,keda-mmpp-404-bc235ef3,000010,1.719393,2026-08-31T19:50:36.246+00:00,2026-08-31T19:50:32.461+00:00,2026-08-31T19:50:33.118+00:00,2026-08-31T19:50:33.118+00:00,2026-08-31T19:50:33.516+00:00,2026-08-31T19:50:33.516+00:00,0.169118,0.397590090000449,sqs-worker-5986dcd897-x8rdl,ip-192-168-20-201.ec2.internal,d786cc63ed0469d4e8acb6b4915370dc46137e12182a0b719a6e70ee862e7973,1,657.0,1055.0
1,keda-mmpp-404-bc235ef3,000012,2.285995,2026-08-31T19:50:36.813+00:00,2026-08-31T19:50:33.023+00:00,2026-08-31T19:50:33.530+00:00,2026-08-31T19:50:33.530+00:00,2026-08-31T19:50:33.799+00:00,2026-08-31T19:50:33.800+00:00,0.099858,0.2691204700004164,sqs-worker-5986dcd897-x8rdl,ip-192-168-20-201.ec2.internal,16f7f1e70dc9c99b955e9761266f2bb9e5affd29ebb9a90ee0d338a56e5fb515,1,507.0,776.0
1,keda-mmpp-404-bc235ef3,000005,0.505955,2026-08-31T19:50:35.033+00:00,2026-08-31T19:50:31.765+00:00,2026-08-31T19:50:33.819+00:00,2026-08-31T19:50:33.819+00:00,2026-08-31T19:50:34.310+00:00,2026-08-31T19:50:34.310+00:00,0.206237,0.49047917099960614,sqs-worker-5986dcd897-x8rdl,ip-192-168-20-201.ec2.internal,b68d6c364c05abe1d66850a14e0eb609c24e655505e3c847908d07f877203976,1,2054.0,2545.0
1,keda-mmpp-404-bc235ef3,000013,2.336742,2026-08-31T19:50:36.864+00:00,2026-08-31T19:50:33.073+00:00,2026-08-31T19:50:34.325+00:00,2026-08-31T19:50:34.325+00:00,2026-08-31T19:50:34.798+00:00,2026-08-31T19:50:34.798+00:00,0.184238,0.47332558800007973,sqs-worker-5986dcd897-x8rdl,ip-192-168-20-201.ec2.internal,aeb73d7993af0209d8f03f41425690b588970c5ec23abe466529bb6dbae68c11,1,1252.0,1725.0
1,keda-mmpp-404-bc235ef3,000019,2.807329,2026-08-31T19:50:37.334+00:00,2026-08-31T19:50:33.545+00:00,2026-08-31T19:50:34.816+00:00,2026-08-31T19:50:34.816+00:00,2026-08-31T19:50:35.291+00:00,2026-08-31T19:50:35.291+00:00,0.188894,0.4752811329999531,sqs-worker-5986dcd897-x8rdl,ip-192-168-20-201.ec2.internal,e0547a1ef73da2baffc51ac441ab04b516b221aac40f4a8a095dd07b2879bf4d,1,1271.0,1746.0
1,keda-mmpp-404-bc235ef3,000009,1.670059,2026-08-31T19:50:36.197+00:00,2026-08-31T19:50:32.412+00:00,2026-08-31T19:50:35.340+00:00,2026-08-31T19:50:35.340+00:00,2026-08-31T19:50:35.890+00:00,2026-08-31T19:50:35.890+00:00,0.228485,0.5506461400000262,sqs-worker-5986dcd897-x8rdl,ip-192-168-20-201.ec2.internal,bbdb77a0977d869a85d2dcbe4bb4984dd27510adad680b5bdb87a1bcdbd9f41a,1,2928.0,3478.0
1,keda-mmpp-404-bc235ef3,000022,3.532046,2026-08-31T19:50:38.059+00:00,2026-08-31T19:50:34.282+00:00,2026-08-31T19:50:35.911+00:00,2026-08-31T19:50:35.911+00:00,2026-08-31T19:50:36.002+00:00,2026-08-31T19:50:36.002+00:00,0.04771,0.09104947600098967,sqs-worker-5986dcd897-x8rdl,ip-192-168-20-201.ec2.internal,e09cbd740c6294aaf19d345f0d55ea4c99db774778bfd79eb12f13ff2b8d31e5,1,1629.0,1720.0
1,keda-mmpp-404-bc235ef3,000015,2.551169,2026-08-31T19:50:37.078+00:00,2026-08-31T19:50:33.289+00:00,2026-08-31T19:50:36.018+00:00,2026-08-31T19:50:36.018+00:00,2026-08-31T19:50:36.023+00:00,2026-08-31T19:50:36.023+00:00,0.005,0.005036919999838574,sqs-worker-5986dcd897-x8rdl,ip-192-168-20-201.ec2.internal,9705f10013c98827fb61c2cb1b38fc5bec3cd0823efde4c5744a3276525105f5,1,2729.0,2734.0
1,keda-mmpp-404-bc235ef3,000011,1.939633,2026-08-31T19:50:36.467+00:00,2026-08-31T19:50:32.678+00:00,2026-08-31T19:50:36.042+00:00,2026-08-31T19:50:36.042+00:00,2026-08-31T19:50:37.105+00:00,2026-08-31T19:50:37.105+00:00,0.430589,1.0629177970004093,sqs-worker-5986dcd897-x8rdl,ip-192-168-20-201.ec2.internal,e8318accfe00de8e0815e195d59b52955f3920cf1724d3d07bd0d05fc34848e5,1,3364.0,4427.0
1,keda-mmpp-404-bc235ef3,000024,3.603834,2026-08-31T19:50:38.131+00:00,2026-08-31T19:50:34.339+00:00,2026-08-31T19:50:37.120+00:00,2026-08-31T19:50:37.120+00:00,2026-08-31T19:50:37.202+00:00,2026-08-31T19:50:37.202+00:00,0.03297,0.0819424830006028,sqs-worker-5986dcd897-x8rdl,ip-192-168-20-201.ec2.internal,1bbc22854e1b8f2e7d821a1874da51c23eaf0aee7568310b452cae67675bf410,1,2781.0,2863.0
1,keda-mmpp-404-bc235ef3,000016,2.586686,2026-08-31T19:50:37.114+00:00,2026-08-31T19:50:33.327+00:00,2026-08-31T19:50:37.218+00:00,2026-08-31T19:50:37.218+00:00,2026-08-31T19:50:37.988+00:00,2026-08-31T19:50:37.988+00:00,0.301239,0.7694409010000527,sqs-worker-5986dcd897-x8rdl,ip-192-168-20-201.ec2.internal,74882ba5ba8453a19a6acbf6609aa33bf018d69ece1055152a6a0cf13d1cbabb,1,3891.0,4661.0
1,keda-mmpp-404-bc235ef3,000020,2.911082,2026-08-31T19:50:37.438+00:00,2026-08-31T19:50:33.652+00:00,2026-08-31T19:50:38.005+00:00,2026-08-31T19:50:38.005+00:00,2026-08-31T19:50:38.515+00:00,2026-08-31T19:50:38.516+00:00,0.223967,0.5100991850013088,sqs-worker-5986dcd897-x8rdl,ip-192-168-20-201.ec2.internal,63d658507d6b32e8966180ea8e38b4763f2777f9fd8a058769aa037271bc773a,1,4353.0,4863.0
1,keda-mmpp-404-bc235ef3,000017,2.717916,2026-08-31T19:50:37.245+00:00,2026-08-31T19:50:33.457+00:00,2026-08-31T19:50:38.556+00:00,2026-08-31T19:50:38.556+00:00,2026-08-31T19:50:39.694+00:00,2026-08-31T19:50:39.694+00:00,0.453765,1.1377553780002927,sqs-worker-5986dcd897-x8rdl,ip-192-168-20-201.ec2.internal,ed35013c39ddbc550cb465a7303d6013f07c6692cbbb0a051d630ef144742785,1,5099.0,6237.0
1,keda-mmpp-404-bc235ef3,000027,5.144083,2026-08-31T19:50:39.671+00:00,2026-08-31T19:50:35.883+00:00,2026-08-31T19:50:39.717+00:00,2026-08-31T19:50:39.717+00:00,2026-08-31T19:50:40.795+00:00,2026-08-31T19:50:40.795+00:00,0.199162,1.0775877539999783,sqs-worker-5986dcd897-x8rdl,ip-192-168-20-201.ec2.internal,626a1862ae13ee8d9edb1f78b89b1f95183f85d1811c3703fd938d2a399188fb,1,3834.0,4912.0
1,keda-mmpp-404-bc235ef3,000014,2.37482,2026-08-31T19:50:36.902+00:00,2026-08-31T19:50:33.118+00:00,2026-08-31T19:50:40.884+00:00,2026-08-31T19:50:40.884+00:00,2026-08-31T19:50:40.890+00:00,2026-08-31T19:50:40.890+00:00,0.006123,0.006230326000149944,sqs-worker-5986dcd897-x8rdl,ip-192-168-20-201.ec2.internal,851b5613eb7e31837397e9d5f9f3c7ba2b97697e02d379b81aef328dbea48026,1,7766.0,7772.0
1,keda-mmpp-404-bc235ef3,000023,3.590386,2026-08-31T19:50:38.117+00:00,2026-08-31T19:50:34.327+00:00,2026-08-31T19:50:41.207+00:00,2026-08-31T19:50:41.207+00:00,2026-08-31T19:50:41.390+00:00,2026-08-31T19:50:41.390+00:00,0.036811,0.18325000000004366,sqs-worker-5986dcd897-x8rdl,ip-192-168-20-201.ec2.internal,6ae94e13b3a77d4604b69092514f67f513d4a9f9a3ed2fb64b7ff814fcc38956,1,6880.0,7063.0
1,keda-mmpp-404-bc235ef3,000018,2.79559,2026-08-31T19:50:37.322+00:00,2026-08-31T19:50:33.531+00:00,2026-08-31T19:50:40.984+00:00,2026-08-31T19:50:40.984+00:00,2026-08-31T19:50:41.190+00:00,2026-08-31T19:50:41.190+00:00,0.038279,0.20626346800054307,sqs-worker-5986dcd897-x8rdl,ip-192-168-20-201.ec2.internal,9e68ef60a9abab782d5e3bbd4a1833ce701fc8d2f1c858256fef63d1e8e74b0e,1,7453.0,7659.0
1,keda-mmpp-404-bc235ef3,000021,3.334642,2026-08-31T19:50:37.862+00:00,2026-08-31T19:50:34.073+00:00,2026-08-31T19:50:41.408+00:00,2026-08-31T19:50:41.408+00:00,2026-08-31T19:50:41.584+00:00,2026-08-31T19:50:41.584+00:00,0.030325,0.17567342999973334,sqs-worker-5986dcd897-x8rdl,ip-192-168-20-201.ec2.internal,8be35588fbe18377037b86f87dbfbb601d8ca5ffd4cc1f7adb5e1fee0e2fb777,1,7335.0,7511.0
1,keda-mmpp-404-bc235ef3,000025,3.628557,2026-08-31T19:50:38.155+00:00,2026-08-31T19:50:34.363+00:00,2026-08-31T19:50:41.607+00:00,2026-08-31T19:50:41.607+00:00,2026-08-31T19:50:42.200+00:00,2026-08-31T19:50:42.200+00:00,0.111838,0.5927546189996065,sqs-worker-5986dcd897-x8rdl,ip-192-168-20-201.ec2.internal,509dc245426a5938846e32726dd406936efe7d340084a6fec4e8069ef93dbf10,1,7244.0,7837.0
1,keda-mmpp-404-bc235ef3,000028,9.970584,2026-08-31T19:50:44.502+00:00,2026-08-31T19:50:40.717+00:00,2026-08-31T19:50:42.299+00:00,2026-08-31T19:50:42.299+00:00,2026-08-31T19:50:42.804+00:00,2026-08-31T19:50:42.804+00:00,0.180924,0.5052743790001841,sqs-worker-5986dcd897-x8rdl,ip-192-168-20-201.ec2.internal,cb294920c21ed68f9978b7b69bbf9e62b93828757ff365a0baa2b0909ed64a8e,1,1582.0,2087.0
1,keda-mmpp-404-bc235ef3,000029,10.262879,2026-08-31T19:50:44.790+00:00,2026-08-31T19:50:40.999+00:00,2026-08-31T19:50:42.960+00:00,2026-08-31T19:50:42.960+00:00,2026-08-31T19:50:42.969+00:00,2026-08-31T19:50:42.969+00:00,0.008871,0.00890405300015118,sqs-worker-5986dcd897-x8rdl,ip-192-168-20-201.ec2.internal,8b9da387714a89e6e91426b3a14ee1bb0c4bde06b7293bd2045387b976a7b72c,1,1961.0,1970.0
1,keda-mmpp-404-bc235ef3,000026,4.785192,2026-08-31T19:50:39.313+00:00,2026-08-31T19:50:35.522+00:00,2026-08-31T19:50:42.830+00:00,2026-08-31T19:50:42.831+00:00,2026-08-31T19:50:42.898+00:00,2026-08-31T19:50:42.898+00:00,0.029189,0.06706281799961289,sqs-worker-5986dcd897-x8rdl,ip-192-168-20-201.ec2.internal,228f8642d66d0b052a2c6646803cecb5ada9ae4f01afc233943afd73e6f7c047,1,7308.0,7376.0
1,keda-mmpp-404-bc235ef3,000030,14.041235,2026-08-31T19:50:48.572+00:00,2026-08-31T19:50:44.780+00:00,2026-08-31T19:50:44.784+00:00,2026-08-31T19:50:44.784+00:00,2026-08-31T19:50:45.284+00:00,2026-08-31T19:50:45.284+00:00,0.201589,0.5004041579995828,sqs-worker-5986dcd897-x8rdl,ip-192-168-20-201.ec2.internal,657e39f2548994b2227115f98968253e81fbd1dcff9ce553aff018a5493a2361,1,4.0,504.0
1,keda-mmpp-404-bc235ef3,000031,18.467707,2026-08-31T19:50:52.999+00:00,2026-08-31T19:50:49.215+00:00,2026-08-31T19:50:49.220+00:00,2026-08-31T19:50:49.220+00:00,2026-08-31T19:50:49.253+00:00,2026-08-31T19:50:49.253+00:00,0.030947,0.03328564799994638,sqs-worker-5986dcd897-pmvnq,ip-192-168-20-201.ec2.internal,336c9f2c554f6475c7ea5d4ecefd8e8c00e839f421082acf365c3d8a05bc2bff,1,5.0,38.0
1,keda-mmpp-404-bc235ef3,000032,19.345047,2026-08-31T19:50:53.873+00:00,2026-08-31T19:50:50.081+00:00,2026-08-31T19:50:50.137+00:00,2026-08-31T19:50:50.137+00:00,2026-08-31T19:50:51.654+00:00,2026-08-31T19:50:51.654+00:00,0.481081,1.517710698000883,sqs-worker-5986dcd897-pmvnq,ip-192-168-20-201.ec2.internal,bf30b4768dc2322378b3dba6aca33f48faf6d554afc2d44147c3306b0b7b9538,1,56.0,1573.0
1,keda-mmpp-404-bc235ef3,000033,21.322121,2026-08-31T19:50:55.849+00:00,2026-08-31T19:50:52.062+00:00,2026-08-31T19:50:52.067+00:00,2026-08-31T19:50:52.067+00:00,2026-08-31T19:50:52.177+00:00,2026-08-31T19:50:52.177+00:00,0.067296,0.10917306100054702,sqs-worker-5986dcd897-pmvnq,ip-192-168-20-201.ec2.internal,653973da64f059d4c9bf93fcb5c85858d107a38fcd21354b5221671abd004b8d,1,5.0,115.0
1,keda-mmpp-404-bc235ef3,000035,21.449454,2026-08-31T19:50:55.975+00:00,2026-08-31T19:50:52.190+00:00,2026-08-31T19:50:52.259+00:00,2026-08-31T19:50:52.259+00:00,2026-08-31T19:50:53.870+00:00,2026-08-31T19:50:53.870+00:00,0.66542,1.611417882000751,sqs-worker-5986dcd897-pmvnq,ip-192-168-20-201.ec2.internal,13295c89ae84aae2263dc184b79504bf8f68924315504c261678f79c64e0f246,1,69.0,1680.0
1,keda-mmpp-404-bc235ef3,000043,23.049191,2026-08-31T19:50:57.575+00:00,2026-08-31T19:50:53.786+00:00,2026-08-31T19:50:53.889+00:00,2026-08-31T19:50:53.889+00:00,2026-08-31T19:50:53.946+00:00,2026-08-31T19:50:53.946+00:00,0.012067,0.056885806001446326,sqs-worker-5986dcd897-pmvnq,ip-192-168-20-201.ec2.internal,6aa037d1717ecff7b4fa37673f7ff11868554350eac886ef8febaf5dc44d8d88,1,103.0,160.0
1,keda-mmpp-404-bc235ef3,000034,21.394619,2026-08-31T19:50:55.920+00:00,2026-08-31T19:50:52.137+00:00,2026-08-31T19:50:52.141+00:00,2026-08-31T19:50:52.141+00:00,2026-08-31T19:50:54.023+00:00,2026-08-31T19:50:54.023+00:00,0.793848,1.881147312999019,sqs-worker-5986dcd897-x8rdl,ip-192-168-20-201.ec2.internal,5352193f70826c067070ad539bdc070aacdad87b3540fbc9869deaf4b48b9041,1,4.0,1886.0
1,keda-mmpp-404-bc235ef3,000045,23.204786,2026-08-31T19:50:57.730+00:00,2026-08-31T19:50:53.941+00:00,2026-08-31T19:50:54.087+00:00,2026-08-31T19:50:54.087+00:00,2026-08-31T19:50:54.616+00:00,2026-08-31T19:50:54.616+00:00,0.232374,0.5294132829985756,sqs-worker-5986dcd897-x8rdl,ip-192-168-20-201.ec2.internal,f6b717e6f2e98be07256c4582692bb0d82316bdc118d9d19a37032edc4203d9e,1,146.0,675.0
1,keda-mmpp-404-bc235ef3,000040,22.874026,2026-08-31T19:50:57.399+00:00,2026-08-31T19:50:53.613+00:00,2026-08-31T19:50:55.188+00:00,2026-08-31T19:50:55.188+00:00,2026-08-31T19:50:55.193+00:00,2026-08-31T19:50:55.193+00:00,0.005,0.005054992998339003,sqs-worker-5986dcd897-pmvnq,ip-192-168-20-201.ec2.internal,a800ca30ae0904c1ab9306549b48c26246865953de5dcfe6e86d0595ed652a06,1,1575.0,1580.0
1,keda-mmpp-404-bc235ef3,000044,23.20197,2026-08-31T19:50:57.727+00:00,2026-08-31T19:50:53.939+00:00,2026-08-31T19:50:54.952+00:00,2026-08-31T19:50:54.952+00:00,2026-08-31T19:50:54.970+00:00,2026-08-31T19:50:54.970+00:00,0.017938,0.01797203799833369,sqs-worker-5986dcd897-pmvnq,ip-192-168-20-201.ec2.internal,06b7ee232de50aa7037964d86a9a1087ad34b0e89f81992466635d1358be2be6,1,1012.9999999999999,1031.0
1,keda-mmpp-404-bc235ef3,000036,22.494909,2026-08-31T19:50:57.021+00:00,2026-08-31T19:50:53.232+00:00,2026-08-31T19:50:53.964+00:00,2026-08-31T19:50:53.964+00:00,2026-08-31T19:50:54.882+00:00,2026-08-31T19:50:54.882+00:00,0.392594,0.9177211020014511,sqs-worker-5986dcd897-pmvnq,ip-192-168-20-201.ec2.internal,b10cd574bdfc92d3068c9db7d919ade0720dffaf0daa585fb8cc2525ac9a037f,1,732.0,1650.0
1,keda-mmpp-404-bc235ef3,000039,22.697608,2026-08-31T19:50:57.223+00:00,2026-08-31T19:50:53.433+00:00,2026-08-31T19:50:55.036+00:00,2026-08-31T19:50:55.036+00:00,2026-08-31T19:50:55.089+00:00,2026-08-31T19:50:55.089+00:00,0.012142,0.052202033999492414,sqs-worker-5986dcd897-x8rdl,ip-192-168-20-201.ec2.internal,e6b1410219062b5429a90651c387a7bd8d93da1d9a88ea313520ea1eb6f8695b,1,1603.0,1656.0
1,keda-mmpp-404-bc235ef3,000037,22.554408,2026-08-31T19:50:57.080+00:00,2026-08-31T19:50:53.295+00:00,2026-08-31T19:50:55.094+00:00,2026-08-31T19:50:55.094+00:00,2026-08-31T19:50:55.161+00:00,2026-08-31T19:50:55.161+00:00,0.026651,0.06740238500060514,sqs-worker-5986dcd897-pmvnq,ip-192-168-20-201.ec2.internal,a0a0e5afd88b80b6634c5ddfada88eead8915a3731ae6aa1eeedd4dc616d7ba2,1,1799.0,1866.0
1,keda-mmpp-404-bc235ef3,000041,22.928887,2026-08-31T19:50:57.454+00:00,2026-08-31T19:50:53.663+00:00,2026-08-31T19:50:54.631+00:00,2026-08-31T19:50:54.631+00:00,2026-08-31T19:50:55.011+00:00,2026-08-31T19:50:55.011+00:00,0.151026,0.38023436600087734,sqs-worker-5986dcd897-x8rdl,ip-192-168-20-201.ec2.internal,8ce543ace7a5b70fcb2ed7d1bc15b2f28bacc8fc8e92b3bd63b4fee2b4033e33,1,968.0,1348.0
1,keda-mmpp-404-bc235ef3,000046,24.269965,2026-08-31T19:50:58.796+00:00,2026-08-31T19:50:55.011+00:00,2026-08-31T19:50:55.231+00:00,2026-08-31T19:50:55.231+00:00,2026-08-31T19:50:56.271+00:00,2026-08-31T19:50:56.271+00:00,0.437594,1.039837811000325,sqs-worker-5986dcd897-pmvnq,ip-192-168-20-201.ec2.internal,dbbb7a7d831b7511138a23d67d20c7a870fcb9fec4c9afebae6d59a1b477e5a9,1,220.0,1260.0
1,keda-mmpp-404-bc235ef3,000042,22.939831,2026-08-31T19:50:57.465+00:00,2026-08-31T19:50:53.678+00:00,2026-08-31T19:50:54.994+00:00,2026-08-31T19:50:54.994+00:00,2026-08-31T19:50:55.070+00:00,2026-08-31T19:50:55.071+00:00,0.041147,0.07613643900003808,sqs-worker-5986dcd897-pmvnq,ip-192-168-20-201.ec2.internal,d4e07c626796c26d69c526a9ba5eac66c7506a11106f43ea14ba7838bbf9660e,1,1316.0,1392.0
1,keda-mmpp-404-bc235ef3,000048,24.480467,2026-08-31T19:50:59.006+00:00,2026-08-31T19:50:55.217+00:00,2026-08-31T19:50:56.213+00:00,2026-08-31T19:50:56.213+00:00,2026-08-31T19:50:56.899+00:00,2026-08-31T19:50:56.899+00:00,0.277232,0.6859174420005729,sqs-worker-5986dcd897-x8rdl,ip-192-168-20-201.ec2.internal,a45fc100db6e3e64b6f9bdab37402c7a94cb44b774f20875377b15cfe42ed782,1,996.0,1682.0
1,keda-mmpp-404-bc235ef3,000038,22.622899,2026-08-31T19:50:57.148+00:00,2026-08-31T19:50:53.399+00:00,2026-08-31T19:50:55.108+00:00,2026-08-31T19:50:55.108+00:00,2026-08-31T19:50:55.690+00:00,2026-08-31T19:50:55.690+00:00,0.23645,0.5824411020003026,sqs-worker-5986dcd897-x8rdl,ip-192-168-20-201.ec2.internal,6f4a14b74fa4c0811d3b88f31d8d59ab56cd843eead92fd5fef5c23b3e5a37f2,1,1709.0,2291.0
1,keda-mmpp-404-bc235ef3,000047,24.300134,2026-08-31T19:50:58.825+00:00,2026-08-31T19:50:55.038+00:00,2026-08-31T19:50:55.709+00:00,2026-08-31T19:50:55.709+00:00,2026-08-31T19:50:56.193+00:00,2026-08-31T19:50:56.193+00:00,0.203814,0.483772603000034,sqs-worker-5986dcd897-x8rdl,ip-192-168-20-201.ec2.internal,2e1b444d72e910e7dc2eb4b5e703a50983e955a803fe5c3e04e88203ac19488b,1,671.0,1155.0
1,keda-mmpp-404-bc235ef3,000049,30.398503,2026-08-31T19:51:04.929+00:00,2026-08-31T19:51:01.142+00:00,2026-08-31T19:51:01.147+00:00,2026-08-31T19:51:01.147+00:00,2026-08-31T19:51:01.477+00:00,2026-08-31T19:51:01.477+00:00,0.151357,0.3295442439994076,sqs-worker-5986dcd897-pmvnq,ip-192-168-20-201.ec2.internal,d96c157d528da3f14298d14f09138716a514f1bafb49d026c1b7f924c2b70667,1,5.0,335.0
1,keda-mmpp-404-bc235ef3,000050,37.71384,2026-08-31T19:51:12.246+00:00,2026-08-31T19:51:08.457+00:00,2026-08-31T19:51:08.461+00:00,2026-08-31T19:51:08.461+00:00,2026-08-31T19:51:09.753+00:00,2026-08-31T19:51:09.753+00:00,0.42584,1.2916743460009457,sqs-worker-5986dcd897-pmvnq,ip-192-168-20-201.ec2.internal,bea43fa5c3a7e6f926efcbc2045e34129c5c4d50a60bc98b6e4709d0c3436f6c,1,4.0,1296.0
1,keda-mmpp-404-bc235ef3,000051,40.526611,2026-08-31T19:51:15.052+00:00,2026-08-31T19:51:11.277+00:00,2026-08-31T19:51:11.283+00:00,2026-08-31T19:51:11.283+00:00,2026-08-31T19:51:11.557+00:00,2026-08-31T19:51:11.557+00:00,0.132535,0.27466849499978707,sqs-worker-5986dcd897-pmvnq,ip-192-168-20-201.ec2.internal,9db4adf2e20d3816c3482a716e6c3a89f95f9949ea9d2605f2abf86ba48f98ce,1,6.0,280.0
1,keda-mmpp-404-bc235ef3,000052,42.53086,2026-08-31T19:51:17.058+00:00,2026-08-31T19:51:13.267+00:00,2026-08-31T19:51:13.272+00:00,2026-08-31T19:51:13.272+00:00,2026-08-31T19:51:13.461+00:00,2026-08-31T19:51:13.461+00:00,0.096231,0.18991303599977982,sqs-worker-5986dcd897-pmvnq,ip-192-168-20-201.ec2.internal,e776055cb80f421cdd5e18fc78cf447aa060264550da3ded78eb2976a02c4f30,1,5.0,194.0
1,keda-mmpp-404-bc235ef3,000053,44.633352,2026-08-31T19:51:19.161+00:00,2026-08-31T19:51:15.370+00:00,2026-08-31T19:51:15.375+00:00,2026-08-31T19:51:15.375+00:00,2026-08-31T19:51:15.753+00:00,2026-08-31T19:51:15.753+00:00,0.167993,0.37865812700147217,sqs-worker-5986dcd897-pmvnq,ip-192-168-20-201.ec2.internal,5560a69f563b83c35222238232488460d70921fedcfffd883626fa81303f52ed,1,5.0,383.0
1,keda-mmpp-404-bc235ef3,000054,45.463817,2026-08-31T19:51:19.990+00:00,2026-08-31T19:51:16.205+00:00,2026-08-31T19:51:16.209+00:00,2026-08-31T19:51:16.209+00:00,2026-08-31T19:51:16.287+00:00,2026-08-31T19:51:16.287+00:00,0.043316,0.07805335400007607,sqs-worker-5986dcd897-x8rdl,ip-192-168-20-201.ec2.internal,c839a835b01a84155de696dddb0ccac03ab2af5d44eb6ac857bbb44cff1deea4,1,4.0,82.0
1,keda-mmpp-404-bc235ef3,000055,52.450508,2026-08-31T19:51:26.980+00:00,2026-08-31T19:51:23.196+00:00,2026-08-31T19:51:23.200+00:00,2026-08-31T19:51:23.200+00:00,2026-08-31T19:51:23.404+00:00,2026-08-31T19:51:23.404+00:00,0.101023,0.20413048999944294,sqs-worker-5986dcd897-x8rdl,ip-192-168-20-201.ec2.internal,671697de7d4f4a4577c57df7ea9a7cfd7e07bd82f701faa571950ff22b85456a,1,4.0,208.0
1,keda-mmpp-404-bc235ef3,000056,54.029276,2026-08-31T19:51:28.555+00:00,2026-08-31T19:51:24.766+00:00,2026-08-31T19:51:24.771+00:00,2026-08-31T19:51:24.771+00:00,2026-08-31T19:51:25.085+00:00,2026-08-31T19:51:25.085+00:00,0.13646,0.31399311300083355,sqs-worker-5986dcd897-x8rdl,ip-192-168-20-201.ec2.internal,d853f86fe8458bf18f9242978b9c3c871a94d280683ef92662e2a13487be03be,1,5.0,319.0
1,keda-mmpp-404-bc235ef3,000058,56.576973,2026-08-31T19:51:31.101+00:00,2026-08-31T19:51:27.312+00:00,2026-08-31T19:51:27.321+00:00,2026-08-31T19:51:27.321+00:00,2026-08-31T19:51:27.429+00:00,2026-08-31T19:51:27.429+00:00,0.056642,0.10766378100015572,sqs-worker-5986dcd897-pmvnq,ip-192-168-20-201.ec2.internal,a3fb46efc67dbe65cbd5b821ec23f5088495a06148cabde15c272f2007f744bb,1,9.0,117.0
1,keda-mmpp-404-bc235ef3,000057,56.37648,2026-08-31T19:51:30.903+00:00,2026-08-31T19:51:27.121+00:00,2026-08-31T19:51:27.126+00:00,2026-08-31T19:51:27.127+00:00,2026-08-31T19:51:27.423+00:00,2026-08-31T19:51:27.423+00:00,0.160184,0.29648704399915005,sqs-worker-5986dcd897-x8rdl,ip-192-168-20-201.ec2.internal,07ac84978208a894d0263a10c0c376905e4484b7b1c2d9213400d9b6667d0338,1,5.0,302.0
1,keda-mmpp-404-bc235ef3,000060,57.706714,2026-08-31T19:51:32.231+00:00,2026-08-31T19:51:28.443+00:00,2026-08-31T19:51:28.447+00:00,2026-08-31T19:51:28.447+00:00,2026-08-31T19:51:28.583+00:00,2026-08-31T19:51:28.583+00:00,0.078766,0.1360050429993862,sqs-worker-5986dcd897-pmvnq,ip-192-168-20-201.ec2.internal,b5f9a2ef573315e8e1d19f614bd2ed2817b7bbcbe6ae63cb856008f90a78aaf8,1,4.0,140.0
1,keda-mmpp-404-bc235ef3,000062,57.910939,2026-08-31T19:51:32.435+00:00,2026-08-31T19:51:28.647+00:00,2026-08-31T19:51:28.874+00:00,2026-08-31T19:51:28.874+00:00,2026-08-31T19:51:28.963+00:00,2026-08-31T19:51:28.963+00:00,0.053581,0.08896962499966321,sqs-worker-5986dcd897-pmvnq,ip-192-168-20-201.ec2.internal,ceeaeec7dd4c16df7859c02c21767bf0944b5f4a2edd67abfa0077cc2fa94cd6,1,227.0,316.0
1,keda-mmpp-404-bc235ef3,000061,57.779712,2026-08-31T19:51:32.304+00:00,2026-08-31T19:51:28.514+00:00,2026-08-31T19:51:28.673+00:00,2026-08-31T19:51:28.673+00:00,2026-08-31T19:51:28.845+00:00,2026-08-31T19:51:28.845+00:00,0.076784,0.17159174799962784,sqs-worker-5986dcd897-pmvnq,ip-192-168-20-201.ec2.internal,6387765575b9c4fb4a32a230e31df25bd2a5effc676a85750cbcbd5e59c92a9f,1,159.0,331.0
1,keda-mmpp-404-bc235ef3,000059,57.56663,2026-08-31T19:51:32.091+00:00,2026-08-31T19:51:28.299+00:00,2026-08-31T19:51:28.304+00:00,2026-08-31T19:51:28.304+00:00,2026-08-31T19:51:29.285+00:00,2026-08-31T19:51:29.285+00:00,0.402475,0.9810042999997677,sqs-worker-5986dcd897-x8rdl,ip-192-168-20-201.ec2.internal,6467f173265465c614c6ea0929f598845a7559dee0d06804c3a4c3d341e956c6,1,5.0,986.0
1,keda-mmpp-404-bc235ef3,000063,59.739023,2026-08-31T19:51:34.263+00:00,2026-08-31T19:51:30.473+00:00,2026-08-31T19:51:30.487+00:00,2026-08-31T19:51:30.487+00:00,2026-08-31T19:51:30.890+00:00,2026-08-31T19:51:30.890+00:00,0.082477,0.40308759800063854,sqs-worker-5986dcd897-x8rdl,ip-192-168-20-201.ec2.internal,e66c10c67c6174e4a6fe8c716e10498a8ddd814fc74b76c7f152d5df99e87f4f,1,14.0,417.0
1,keda-mmpp-404-bc235ef3,000064,62.699142,2026-08-31T19:51:37.226+00:00,2026-08-31T19:51:33.436+00:00,2026-08-31T19:51:33.441+00:00,2026-08-31T19:51:33.441+00:00,2026-08-31T19:51:33.952+00:00,2026-08-31T19:51:33.952+00:00,0.212556,0.5110500369992224,sqs-worker-5986dcd897-pmvnq,ip-192-168-20-201.ec2.internal,c766d2fd973e8a14ec0897c0787f62fa59b7583922a12c6903c3d21c840cddde,1,5.0,516.0
1,keda-mmpp-404-bc235ef3,000065,63.423076,2026-08-31T19:51:37.948+00:00,2026-08-31T19:51:34.158+00:00,2026-08-31T19:51:34.162+00:00,2026-08-31T19:51:34.162+00:00,2026-08-31T19:51:34.247+00:00,2026-08-31T19:51:34.247+00:00,0.042019,0.08443950199944084,sqs-worker-5986dcd897-pmvnq,ip-192-168-20-201.ec2.internal,b088352ffe0292cddbe1f9d481be90d34dd542a3b76b80436cc3fa4f4cac37cd,1,4.0,89.0
1,keda-mmpp-404-bc235ef3,000066,63.984902,2026-08-31T19:51:38.509+00:00,2026-08-31T19:51:34.719+00:00,2026-08-31T19:51:34.724+00:00,2026-08-31T19:51:34.724+00:00,2026-08-31T19:51:34.874+00:00,2026-08-31T19:51:34.874+00:00,0.09467,0.15049703299882822,sqs-worker-5986dcd897-pmvnq,ip-192-168-20-201.ec2.internal,623fc622dc24597fe56e0cc0eb297bd1d92c25ddbf303fe6820a596a9eadb078,1,5.0,155.0
1,keda-mmpp-404-bc235ef3,000069,64.177614,2026-08-31T19:51:38.701+00:00,2026-08-31T19:51:34.909+00:00,2026-08-31T19:51:35.100+00:00,2026-08-31T19:51:35.100+00:00,2026-08-31T19:51:35.168+00:00,2026-08-31T19:51:35.168+00:00,0.046973,0.06836593599837215,sqs-worker-5986dcd897-pmvnq,ip-192-168-20-201.ec2.internal,bfe10ba78506420de3732151ad0e1996b4b5dd47da02b432052bf689da9a7671,1,191.0,259.0
1,keda-mmpp-404-bc235ef3,000068,64.046506,2026-08-31T19:51:38.570+00:00,2026-08-31T19:51:34.780+00:00,2026-08-31T19:51:34.945+00:00,2026-08-31T19:51:34.945+00:00,2026-08-31T19:51:35.057+00:00,2026-08-31T19:51:35.057+00:00,0.0526,0.11214973399910377,sqs-worker-5986dcd897-pmvnq,ip-192-168-20-201.ec2.internal,71cf4bf72f3d30da124c3e0eb1d695bd4d30b1ce500aa4ca23eb6f6e67f7aba6,1,165.0,277.0
1,keda-mmpp-404-bc235ef3,000067,64.010097,2026-08-31T19:51:38.534+00:00,2026-08-31T19:51:34.741+00:00,2026-08-31T19:51:34.744+00:00,2026-08-31T19:51:34.744+00:00,2026-08-31T19:51:35.105+00:00,2026-08-31T19:51:35.105+00:00,0.173848,0.3603374869999243,sqs-worker-5986dcd897-x8rdl,ip-192-168-20-201.ec2.internal,4a4e2100b55f209278dae26e2b43d6e5a4873ad109e2cb39e5c2981d7a8b4c6b,1,3.0,364.0
1,keda-mmpp-404-bc235ef3,000070,64.534509,2026-08-31T19:51:39.059+00:00,2026-08-31T19:51:35.265+00:00,2026-08-31T19:51:35.269+00:00,2026-08-31T19:51:35.269+00:00,2026-08-31T19:51:35.600+00:00,2026-08-31T19:51:35.600+00:00,0.151293,0.33076295600039884,sqs-worker-5986dcd897-x8rdl,ip-192-168-20-201.ec2.internal,742bcaa2baa4954daca50f15dd25be9215958d31da84ca7ba6b56c8001a3d060,1,4.0,335.0
1,keda-mmpp-404-bc235ef3,000071,64.927979,2026-08-31T19:51:39.454+00:00,2026-08-31T19:51:35.667+00:00,2026-08-31T19:51:35.675+00:00,2026-08-31T19:51:35.675+00:00,2026-08-31T19:51:36.277+00:00,2026-08-31T19:51:36.277+00:00,0.24253,0.6019941550002841,sqs-worker-5986dcd897-x8rdl,ip-192-168-20-201.ec2.internal,b184deac564f3c058ec50aa3fc3b17560136539bf59e35f3c4216818e2f80051,1,8.0,610.0
1,keda-mmpp-404-bc235ef3,000074,65.762053,2026-08-31T19:51:40.286+00:00,2026-08-31T19:51:36.497+00:00,2026-08-31T19:51:36.801+00:00,2026-08-31T19:51:36.801+00:00,2026-08-31T19:51:36.819+00:00,2026-08-31T19:51:36.819+00:00,0.017476,0.017508685999928275,sqs-worker-5986dcd897-x8rdl,ip-192-168-20-201.ec2.internal,377d76a2c2d6692fbde8114150e5ec6674cddf0ca697da0e18eba46e60f7bc7d,1,304.0,322.0
1,keda-mmpp-404-bc235ef3,000073,65.733029,2026-08-31T19:51:40.257+00:00,2026-08-31T19:51:36.464+00:00,2026-08-31T19:51:36.469+00:00,2026-08-31T19:51:36.469+00:00,2026-08-31T19:51:36.777+00:00,2026-08-31T19:51:36.777+00:00,0.129478,0.30859448699993663,sqs-worker-5986dcd897-x8rdl,ip-192-168-20-201.ec2.internal,0be11b4333d23f43386ad1d397be0e626e88686af200f7d3893cf4cce3d4d0b1,1,5.0,313.0
1,keda-mmpp-404-bc235ef3,000072,65.592145,2026-08-31T19:51:40.117+00:00,2026-08-31T19:51:36.324+00:00,2026-08-31T19:51:36.329+00:00,2026-08-31T19:51:36.329+00:00,2026-08-31T19:51:37.056+00:00,2026-08-31T19:51:37.056+00:00,0.310488,0.7270519199992123,sqs-worker-5986dcd897-pmvnq,ip-192-168-20-201.ec2.internal,c4438f39f8f9dad954d55453dabdc6b9e2add00fdda702849a16cdf1816b3323,1,5.0,732.0
1,keda-mmpp-404-bc235ef3,000075,67.480774,2026-08-31T19:51:42.006+00:00,2026-08-31T19:51:38.217+00:00,2026-08-31T19:51:38.220+00:00,2026-08-31T19:51:38.220+00:00,2026-08-31T19:51:38.417+00:00,2026-08-31T19:51:38.417+00:00,0.114071,0.19644515899926773,sqs-worker-5986dcd897-x8rdl,ip-192-168-20-201.ec2.internal,ddf7858c2eece61e613842dff028458a0f517e0781ddc187f2c4038b4a689b94,1,3.0,200.0
1,keda-mmpp-404-bc235ef3,000076,70.321556,2026-08-31T19:51:44.848+00:00,2026-08-31T19:51:41.061+00:00,2026-08-31T19:51:41.065+00:00,2026-08-31T19:51:41.065+00:00,2026-08-31T19:51:41.279+00:00,2026-08-31T19:51:41.279+00:00,0.095004,0.21356571099931898,sqs-worker-5986dcd897-x8rdl,ip-192-168-20-201.ec2.internal,c37f5ffde042499c46a04c42bb269af9ea9d23fbd2b0cd83ccb5bd0758284916,1,4.0,218.0
1,keda-mmpp-404-bc235ef3,000077,71.908399,2026-08-31T19:51:46.434+00:00,2026-08-31T19:51:42.645+00:00,2026-08-31T19:51:42.649+00:00,2026-08-31T19:51:42.649+00:00,2026-08-31T19:51:43.481+00:00,2026-08-31T19:51:43.481+00:00,0.356021,0.8317889969985117,sqs-worker-5986dcd897-pmvnq,ip-192-168-20-201.ec2.internal,18ce26d607659387d3a206834158eb751975c1aa33cce65bb422f0c6d2880e21,1,4.0,836.0
1,keda-mmpp-404-bc235ef3,000078,73.7687,2026-08-31T19:51:48.294+00:00,2026-08-31T19:51:44.501+00:00,2026-08-31T19:51:44.506+00:00,2026-08-31T19:51:44.506+00:00,2026-08-31T19:51:45.111+00:00,2026-08-31T19:51:45.111+00:00,0.268763,0.6055145770005765,sqs-worker-5986dcd897-x8rdl,ip-192-168-20-201.ec2.internal,25d6b3782ff313018ae57b70ddd476eef21ba0bddae477ff3bdbaf0b6f914ee8,1,5.0,610.0
1,keda-mmpp-404-bc235ef3,000079,79.883073,2026-08-31T19:51:54.411+00:00,2026-08-31T19:51:50.625+00:00,2026-08-31T19:51:50.687+00:00,2026-08-31T19:51:50.687+00:00,2026-08-31T19:51:51.506+00:00,2026-08-31T19:51:51.506+00:00,0.294266,0.8197300150004594,sqs-worker-5986dcd897-x8rdl,ip-192-168-20-201.ec2.internal,c7c239a8b19b2e7191d5eef524458daf5a2758edfdd73464177d86cb828b9359,1,62.0,881.0
1,keda-mmpp-404-bc235ef3,000080,81.114997,2026-08-31T19:51:55.637+00:00,2026-08-31T19:51:51.845+00:00,2026-08-31T19:51:51.851+00:00,2026-08-31T19:51:51.851+00:00,2026-08-31T19:51:51.879+00:00,2026-08-31T19:51:51.879+00:00,0.027768,0.027807996000774438,sqs-worker-5986dcd897-x8rdl,ip-192-168-20-201.ec2.internal,3a5d4dbe6bbe37ffd56d2c5618515a6ea4e0403652cb0f92cfc21b315cee6ff1,1,6.0,34.0
1,keda-mmpp-404-bc235ef3,000081,82.977771,2026-08-31T19:51:57.501+00:00,2026-08-31T19:51:53.713+00:00,2026-08-31T19:51:53.717+00:00,2026-08-31T19:51:53.717+00:00,2026-08-31T19:51:54.200+00:00,2026-08-31T19:51:54.200+00:00,0.216637,0.48248735099878104,sqs-worker-5986dcd897-x8rdl,ip-192-168-20-201.ec2.internal,0a7217b1f1f0e8fbf8490aaad5ca1cf2a7938332fe86c9bd56c19b61534eae50,1,4.0,487.0
1,keda-mmpp-404-bc235ef3,000082,84.625807,2026-08-31T19:51:59.150+00:00,2026-08-31T19:51:55.397+00:00,2026-08-31T19:51:55.408+00:00,2026-08-31T19:51:55.408+00:00,2026-08-31T19:51:56.506+00:00,2026-08-31T19:51:56.506+00:00,0.46305,1.098143078999783,sqs-worker-5986dcd897-x8rdl,ip-192-168-20-201.ec2.internal,df223c20a8f669322681ee43292854b89065d08ac4aaec47d74edcb3fcd43646,1,11.0,1109.0
1,keda-mmpp-404-bc235ef3,000083,93.612023,2026-08-31T19:52:08.142+00:00,2026-08-31T19:52:04.398+00:00,2026-08-31T19:52:04.416+00:00,2026-08-31T19:52:04.416+00:00,2026-08-31T19:52:05.285+00:00,2026-08-31T19:52:05.285+00:00,0.361855,0.8683840649991907,sqs-worker-5986dcd897-x8rdl,ip-192-168-20-201.ec2.internal,b29ee2c2fcccdfe26aa6cbcf058bd351a80add1c99ca84a66858937a390594c1,1,18.0,887.0
1,keda-mmpp-404-bc235ef3,000086,93.903319,2026-08-31T19:52:08.425+00:00,2026-08-31T19:52:04.638+00:00,2026-08-31T19:52:05.302+00:00,2026-08-31T19:52:05.302+00:00,2026-08-31T19:52:05.494+00:00,2026-08-31T19:52:05.494+00:00,0.084879,0.19176442099887936,sqs-worker-5986dcd897-x8rdl,ip-192-168-20-201.ec2.internal,f03eefe0f1dbf8be90a35fe287240ec6f53e4e93b06a168e8dd023f261d70ca1,1,664.0,856.0
1,keda-mmpp-404-bc235ef3,000084,93.759885,2026-08-31T19:52:08.282+00:00,2026-08-31T19:52:04.492+00:00,2026-08-31T19:52:05.513+00:00,2026-08-31T19:52:05.513+00:00,2026-08-31T19:52:05.903+00:00,2026-08-31T19:52:05.903+00:00,0.165233,0.3902244239998254,sqs-worker-5986dcd897-x8rdl,ip-192-168-20-201.ec2.internal,c846535fead7951669c4cf3ae5f309567e9f0ddb74d86139c9704b56e49000b9,1,1020.9999999999999,1411.0
1,keda-mmpp-404-bc235ef3,000087,94.040631,2026-08-31T19:52:08.563+00:00,2026-08-31T19:52:04.769+00:00,2026-08-31T19:52:05.917+00:00,2026-08-31T19:52:05.917+00:00,2026-08-31T19:52:06.108+00:00,2026-08-31T19:52:06.108+00:00,0.08027,0.19079650300045614,sqs-worker-5986dcd897-x8rdl,ip-192-168-20-201.ec2.internal,21afa48c3ee97266ec2dfe4768966e5b19d4f88fbd9dbc08d7435271414b16a2,1,1148.0,1339.0
1,keda-mmpp-404-bc235ef3,000089,94.377663,2026-08-31T19:52:08.900+00:00,2026-08-31T19:52:05.110+00:00,2026-08-31T19:52:06.127+00:00,2026-08-31T19:52:06.127+00:00,2026-08-31T19:52:06.591+00:00,2026-08-31T19:52:06.591+00:00,0.179263,0.46455160900040937,sqs-worker-5986dcd897-x8rdl,ip-192-168-20-201.ec2.internal,916beb3336f121ddfb6cb1cfb8a47eeee9f3513700974fa3b50c624bbb0782c1,1,1016.9999999999999,1481.0
1,keda-mmpp-404-bc235ef3,000090,94.557304,2026-08-31T19:52:09.080+00:00,2026-08-31T19:52:05.293+00:00,2026-08-31T19:52:06.606+00:00,2026-08-31T19:52:06.606+00:00,2026-08-31T19:52:06.710+00:00,2026-08-31T19:52:06.710+00:00,0.05457,0.10378777799996897,sqs-worker-5986dcd897-x8rdl,ip-192-168-20-201.ec2.internal,e9b460e50bfda34befe8ea6099c05caa39009155e8c5cf72cb7f4eccdd444fe3,1,1313.0,1417.0
1,keda-mmpp-404-bc235ef3,000091,94.597957,2026-08-31T19:52:09.120+00:00,2026-08-31T19:52:05.328+00:00,2026-08-31T19:52:06.729+00:00,2026-08-31T19:52:06.729+00:00,2026-08-31T19:52:06.987+00:00,2026-08-31T19:52:06.987+00:00,0.092653,0.2573463940007059,sqs-worker-5986dcd897-x8rdl,ip-192-168-20-201.ec2.internal,1856fc6f9df814e6d3c790bd48dec28823aa39924be7479c28b8e7309ea0fb64,1,1401.0,1659.0
1,keda-mmpp-404-bc235ef3,000094,95.487935,2026-08-31T19:52:10.010+00:00,2026-08-31T19:52:06.224+00:00,2026-08-31T19:52:07.002+00:00,2026-08-31T19:52:07.002+00:00,2026-08-31T19:52:08.491+00:00,2026-08-31T19:52:08.491+00:00,0.601681,1.4898588480009494,sqs-worker-5986dcd897-x8rdl,ip-192-168-20-201.ec2.internal,2bef130c58c27473b7e252abea2f6c2438caee497d1f0a5633adbdf893f512fc,1,778.0,2267.0
1,keda-mmpp-404-bc235ef3,000085,93.874575,2026-08-31T19:52:08.397+00:00,2026-08-31T19:52:04.606+00:00,2026-08-31T19:52:08.505+00:00,2026-08-31T19:52:08.505+00:00,2026-08-31T19:52:08.921+00:00,2026-08-31T19:52:08.922+00:00,0.185792,0.4165678819990717,sqs-worker-5986dcd897-x8rdl,ip-192-168-20-201.ec2.internal,344818f724001743bf3f2387c1959bc61396ebe1773f7c37fd93d642b36d9849,1,3899.0,4315.0
1,keda-mmpp-404-bc235ef3,000109,97.924281,2026-08-31T19:52:12.447+00:00,2026-08-31T19:52:08.659+00:00,2026-08-31T19:52:08.990+00:00,2026-08-31T19:52:08.990+00:00,2026-08-31T19:52:10.184+00:00,2026-08-31T19:52:10.184+00:00,0.376498,1.1940368060004403,sqs-worker-5986dcd897-x8rdl,ip-192-168-20-201.ec2.internal,47211d2f8aa2ba1b9c881e306029acb5d9b7bb267484bf23ac40fd3652265c9c,1,331.0,1525.0
1,keda-mmpp-404-bc235ef3,000102,96.905338,2026-08-31T19:52:11.428+00:00,2026-08-31T19:52:07.634+00:00,2026-08-31T19:52:10.384+00:00,2026-08-31T19:52:10.384+00:00,2026-08-31T19:52:11.699+00:00,2026-08-31T19:52:11.699+00:00,0.267726,1.3156301970011555,sqs-worker-5986dcd897-x8rdl,ip-192-168-20-201.ec2.internal,a528f7b6865bc7069ccc88e3a8507b2c58b3a9cf14d8fcbea4d502f2818ff144,1,2750.0,4065.0000000000005
1,keda-mmpp-404-bc235ef3,000105,97.32715,2026-08-31T19:52:11.849+00:00,2026-08-31T19:52:08.060+00:00,2026-08-31T19:52:11.794+00:00,2026-08-31T19:52:11.794+00:00,2026-08-31T19:52:12.687+00:00,2026-08-31T19:52:12.688+00:00,0.180734,0.8935155460003443,sqs-worker-5986dcd897-x8rdl,ip-192-168-20-201.ec2.internal,f7002b92bc90d8bb183445a826fc5d6b11d778f04aca9ade6e96ad613a902a0e,1,3734.0,4627.0
1,keda-mmpp-404-bc235ef3,000098,96.650777,2026-08-31T19:52:11.173+00:00,2026-08-31T19:52:07.381+00:00,2026-08-31T19:52:12.707+00:00,2026-08-31T19:52:12.707+00:00,2026-08-31T19:52:12.804+00:00,2026-08-31T19:52:12.804+00:00,0.052438,0.09713776399985363,sqs-worker-5986dcd897-x8rdl,ip-192-168-20-201.ec2.internal,320d3c01932fc9314c55a4a1539ecbf2b398e89ac361127ed7186e769ab444ae,1,5326.0,5423.0
1,keda-mmpp-404-bc235ef3,000092,95.183699,2026-08-31T19:52:09.706+00:00,2026-08-31T19:52:05.916+00:00,2026-08-31T19:52:12.820+00:00,2026-08-31T19:52:12.821+00:00,2026-08-31T19:52:13.418+00:00,2026-08-31T19:52:13.418+00:00,0.250092,0.597622269000567,sqs-worker-5986dcd897-x8rdl,ip-192-168-20-201.ec2.internal,248e18e462084c6f5a890b0ef4d48da92d90b1d913004529f4428a37ae688626,1,6904.0,7502.0
1,keda-mmpp-404-bc235ef3,000106,97.360025,2026-08-31T19:52:11.882+00:00,2026-08-31T19:52:08.088+00:00,2026-08-31T19:52:13.484+00:00,2026-08-31T19:52:13.484+00:00,2026-08-31T19:52:14.114+00:00,2026-08-31T19:52:14.114+00:00,0.270947,0.6300451329989301,sqs-worker-5986dcd897-x8rdl,ip-192-168-20-201.ec2.internal,989a14a5a13c401514522ab3428ddb271ebbb90ab3efc0ddee17fb369d1f6113,1,5396.0,6026.0
1,keda-mmpp-404-bc235ef3,000111,98.317451,2026-08-31T19:52:12.842+00:00,2026-08-31T19:52:09.051+00:00,2026-08-31T19:52:14.130+00:00,2026-08-31T19:52:14.130+00:00,2026-08-31T19:52:14.203+00:00,2026-08-31T19:52:14.204+00:00,0.025894,0.07315612000093097,sqs-worker-5986dcd897-x8rdl,ip-192-168-20-201.ec2.internal,6224f40891d8f216a597b2009e17b8e395e1f474c6af9da08aee1530a07e2028,1,5079.0,5152.0
1,keda-mmpp-404-bc235ef3,000110,98.316313,2026-08-31T19:52:12.839+00:00,2026-08-31T19:52:09.052+00:00,2026-08-31T19:52:14.255+00:00,2026-08-31T19:52:14.255+00:00,2026-08-31T19:52:15.406+00:00,2026-08-31T19:52:15.406+00:00,0.477127,1.1512473330003559,sqs-worker-5986dcd897-x8rdl,ip-192-168-20-201.ec2.internal,5af1256b53d959695ef487b1c2babecc4d3d19ae602a1491aab56a0a521f2a0b,1,5203.0,6354.0
1,keda-mmpp-404-bc235ef3,000121,100.840967,2026-08-31T19:52:15.363+00:00,2026-08-31T19:52:11.579+00:00,2026-08-31T19:52:15.424+00:00,2026-08-31T19:52:15.424+00:00,2026-08-31T19:52:15.798+00:00,2026-08-31T19:52:15.798+00:00,0.148252,0.3740436629996111,sqs-worker-5986dcd897-x8rdl,ip-192-168-20-201.ec2.internal,d809256e79261c6242a8b9fbdcfbeba0ed5f50950def7c6706ee6319833e1584,1,3845.0,4219.0
1,keda-mmpp-404-bc235ef3,000129,102.958984,2026-08-31T19:52:17.481+00:00,2026-08-31T19:52:13.691+00:00,2026-08-31T19:52:15.818+00:00,2026-08-31T19:52:15.818+00:00,2026-08-31T19:52:16.309+00:00,2026-08-31T19:52:16.309+00:00,0.206529,0.4905586439999752,sqs-worker-5986dcd897-x8rdl,ip-192-168-20-201.ec2.internal,8161d6505008d845d5c59dba6c5ba6301fa4810f1251cdf9dbc7cd02a56901fa,1,2127.0,2618.0
1,keda-mmpp-404-bc235ef3,000095,95.579026,2026-08-31T19:52:10.101+00:00,2026-08-31T19:52:06.314+00:00,2026-08-31T19:52:16.342+00:00,2026-08-31T19:52:16.342+00:00,2026-08-31T19:52:16.985+00:00,2026-08-31T19:52:16.985+00:00,0.251411,0.6425794440001482,sqs-worker-5986dcd897-x8rdl,ip-192-168-20-201.ec2.internal,3d55c2f0d7f1f17b9a43736ed7745f0f8739634e47c489dda58a28fa2002a348,1,10028.0,10671.0
1,keda-mmpp-404-bc235ef3,000103,96.977146,2026-08-31T19:52:11.499+00:00,2026-08-31T19:52:08.211+00:00,2026-08-31T19:52:17.002+00:00,2026-08-31T19:52:17.002+00:00,2026-08-31T19:52:18.313+00:00,2026-08-31T19:52:18.313+00:00,0.545001,1.3117041360001167,sqs-worker-5986dcd897-x8rdl,ip-192-168-20-201.ec2.internal,9e213af76e6e1d053ca523d8a4bcd08af292522d9f6a7069dc3c85a43c420ccc,1,8791.0,10102.0
1,keda-mmpp-404-bc235ef3,000100,96.858326,2026-08-31T19:52:11.381+00:00,2026-08-31T19:52:07.593+00:00,2026-08-31T19:52:18.331+00:00,2026-08-31T19:52:18.331+00:00,2026-08-31T19:52:18.599+00:00,2026-08-31T19:52:18.599+00:00,0.101379,0.2681598059989483,sqs-worker-5986dcd897-x8rdl,ip-192-168-20-201.ec2.internal,50191f223b753b061d9e1bb21d9f78fd21718b2d09a5b40bff249f24a2966c93,1,10738.0,11006.0
1,keda-mmpp-404-bc235ef3,000115,98.867454,2026-08-31T19:52:13.390+00:00,2026-08-31T19:52:09.596+00:00,2026-08-31T19:52:18.615+00:00,2026-08-31T19:52:18.615+00:00,2026-08-31T19:52:18.700+00:00,2026-08-31T19:52:18.700+00:00,0.037085,0.0855292609994649,sqs-worker-5986dcd897-x8rdl,ip-192-168-20-201.ec2.internal,10274e9cb90028ae827f2a2029592e193dd9d295cbc84baa8a7e7d2a135ce605,1,9019.0,9104.0
1,keda-mmpp-404-bc235ef3,000122,101.006286,2026-08-31T19:52:15.529+00:00,2026-08-31T19:52:11.735+00:00,2026-08-31T19:52:18.718+00:00,2026-08-31T19:52:18.718+00:00,2026-08-31T19:52:18.723+00:00,2026-08-31T19:52:18.723+00:00,0.005,0.00503239499994379,sqs-worker-5986dcd897-x8rdl,ip-192-168-20-201.ec2.internal,1e1f36fbcbf6b4ac8619d4e5759787a593df637cf8ead40018ddd5bc0c3b8e9e,1,6983.0,6988.0
1,keda-mmpp-404-bc235ef3,000101,96.867097,2026-08-31T19:52:11.389+00:00,2026-08-31T19:52:07.598+00:00,2026-08-31T19:52:19.352+00:00,2026-08-31T19:52:19.352+00:00,2026-08-31T19:52:19.357+00:00,2026-08-31T19:52:19.357+00:00,0.005,0.005041972000981332,sqs-worker-5986dcd897-cpvnf,ip-192-168-20-201.ec2.internal,7ebcf298bbab832dec5b9d7a267f3b8efe491dcf14857c5ecd4d5aac15038b1b,1,11754.0,11759.0
1,keda-mmpp-404-bc235ef3,000124,102.083725,2026-08-31T19:52:16.606+00:00,2026-08-31T19:52:12.813+00:00,2026-08-31T19:52:18.736+00:00,2026-08-31T19:52:18.736+00:00,2026-08-31T19:52:19.388+00:00,2026-08-31T19:52:19.388+00:00,0.255325,0.6524027979994571,sqs-worker-5986dcd897-x8rdl,ip-192-168-20-201.ec2.internal,277c8d257dd2c58d7ed784c55ccf794e3bf7ecdb2e942645516a42c7418c3464,1,5923.0,6575.0
1,keda-mmpp-404-bc235ef3,000135,104.82405,2026-08-31T19:52:19.346+00:00,2026-08-31T19:52:15.555+00:00,2026-08-31T19:52:19.373+00:00,2026-08-31T19:52:19.373+00:00,2026-08-31T19:52:19.754+00:00,2026-08-31T19:52:19.754+00:00,0.170709,0.3809321919998183,sqs-worker-5986dcd897-cpvnf,ip-192-168-20-201.ec2.internal,1c20d852e7178621f49a5470e14bc6872bd5496d89f59b838c7f2757e69957a8,1,3818.0,4199.0
1,keda-mmpp-404-bc235ef3,000113,98.493238,2026-08-31T19:52:13.015+00:00,2026-08-31T19:52:09.225+00:00,2026-08-31T19:52:19.769+00:00,2026-08-31T19:52:19.769+00:00,2026-08-31T19:52:20.356+00:00,2026-08-31T19:52:20.356+00:00,0.236378,0.5873981529985031,sqs-worker-5986dcd897-cpvnf,ip-192-168-20-201.ec2.internal,701362598459d8622c6becfd892470ff00cf7ade72c17db3d3e441f829ce7d2f,1,10544.0,11131.0
1,keda-mmpp-404-bc235ef3,000119,100.008215,2026-08-31T19:52:14.530+00:00,2026-08-31T19:52:10.741+00:00,2026-08-31T19:52:20.372+00:00,2026-08-31T19:52:20.372+00:00,2026-08-31T19:52:20.523+00:00,2026-08-31T19:52:20.523+00:00,0.055191,0.15094635500099685,sqs-worker-5986dcd897-cpvnf,ip-192-168-20-201.ec2.internal,c9b198dfcc9b35296510ef49b360208e5f00577627fa5ca07da6bd38ae06081c,1,9631.0,9782.0
1,keda-mmpp-404-bc235ef3,000088,94.265042,2026-08-31T19:52:08.787+00:00,2026-08-31T19:52:04.995+00:00,2026-08-31T19:52:19.405+00:00,2026-08-31T19:52:19.405+00:00,2026-08-31T19:52:20.587+00:00,2026-08-31T19:52:20.587+00:00,0.294868,1.1821477979992778,sqs-worker-5986dcd897-x8rdl,ip-192-168-20-201.ec2.internal,6f131e47b2ecb450262f77a14c269b6f05b98c69baa706d0e559bbe4f94766ab,1,14410.0,15592.0
1,keda-mmpp-404-bc235ef3,000126,102.445228,2026-08-31T19:52:16.968+00:00,2026-08-31T19:52:13.184+00:00,2026-08-31T19:52:20.546+00:00,2026-08-31T19:52:20.546+00:00,2026-08-31T19:52:20.838+00:00,2026-08-31T19:52:20.838+00:00,0.120213,0.2918239470000117,sqs-worker-5986dcd897-cpvnf,ip-192-168-20-201.ec2.internal,2a29c8a5d1746fab9584c9f3daa2315b51e9c99dfbfe67591651267927398aec,1,7362.0,7654.0
1,keda-mmpp-404-bc235ef3,000143,106.871716,2026-08-31T19:52:21.394+00:00,2026-08-31T19:52:17.603+00:00,2026-08-31T19:52:20.684+00:00,2026-08-31T19:52:20.684+00:00,2026-08-31T19:52:20.900+00:00,2026-08-31T19:52:20.900+00:00,0.058145,0.2160509599998477,sqs-worker-5986dcd897-x8rdl,ip-192-168-20-201.ec2.internal,a6d37eab614a8854af664dc4c0807d09c650112bd91f991b12caee9cc6d9d19f,1,3081.0,3297.0
1,keda-mmpp-404-bc235ef3,000114,98.803466,2026-08-31T19:52:13.326+00:00,2026-08-31T19:52:09.533+00:00,2026-08-31T19:52:20.853+00:00,2026-08-31T19:52:20.853+00:00,2026-08-31T19:52:21.956+00:00,2026-08-31T19:52:21.956+00:00,0.450432,1.1024395280001045,sqs-worker-5986dcd897-cpvnf,ip-192-168-20-201.ec2.internal,2ac4c1abf583cd17558c8676e9c87a68608a6be53ad05086111dba6c180e10f1,1,11320.0,12423.0
1,keda-mmpp-404-bc235ef3,000149,108.775939,2026-08-31T19:52:23.298+00:00,2026-08-31T19:52:19.510+00:00,2026-08-31T19:52:20.988+00:00,2026-08-31T19:52:20.988+00:00,2026-08-31T19:52:22.293+00:00,2026-08-31T19:52:22.293+00:00,0.248038,1.30451400200036,sqs-worker-5986dcd897-x8rdl,ip-192-168-20-201.ec2.internal,d261584197ea2b6fe9c39cdb1b1334613ffce5018c0a01b48c5a9ff5e112b0a4,1,1478.0,2783.0
1,keda-mmpp-404-bc235ef3,000118,100.00392,2026-08-31T19:52:14.526+00:00,2026-08-31T19:52:10.733+00:00,2026-08-31T19:52:21.971+00:00,2026-08-31T19:52:21.971+00:00,2026-08-31T19:52:22.051+00:00,2026-08-31T19:52:22.051+00:00,0.034585,0.0802305070010334,sqs-worker-5986dcd897-cpvnf,ip-192-168-20-201.ec2.internal,dab6d23e93e50986593b8399ebf113b20cf7de8ee1e312da8f0a36609280b3d9,1,11238.0,11318.0
1,keda-mmpp-404-bc235ef3,000120,100.046298,2026-08-31T19:52:14.569+00:00,2026-08-31T19:52:10.775+00:00,2026-08-31T19:52:22.355+00:00,2026-08-31T19:52:22.355+00:00,2026-08-31T19:52:22.642+00:00,2026-08-31T19:52:22.642+00:00,0.11777,0.2866949929994007,sqs-worker-5986dcd897-cpvnf,ip-192-168-20-201.ec2.internal,887a4763b62761721b4c5f77be524e117424ec01efcc82f4a2f4af3ed8397ba1,1,11580.0,11867.0
1,keda-mmpp-404-bc235ef3,000130,103.09728,2026-08-31T19:52:17.620+00:00,2026-08-31T19:52:13.832+00:00,2026-08-31T19:52:22.309+00:00,2026-08-31T19:52:22.309+00:00,2026-08-31T19:52:22.986+00:00,2026-08-31T19:52:22.986+00:00,0.176868,0.6771778570000606,sqs-worker-5986dcd897-x8rdl,ip-192-168-20-201.ec2.internal,57a474c046a7d8538fe1f3462130e2728fe896aa17e9020eb1c549c87f2c50aa,1,8477.0,9154.0
1,keda-mmpp-404-bc235ef3,000123,101.48448,2026-08-31T19:52:16.007+00:00,2026-08-31T19:52:12.213+00:00,2026-08-31T19:52:23.246+00:00,2026-08-31T19:52:23.246+00:00,2026-08-31T19:52:23.261+00:00,2026-08-31T19:52:23.261+00:00,0.014574,0.014605653999751667,sqs-worker-5986dcd897-cpvnf,ip-192-168-20-201.ec2.internal,7922104aaaf704ad92eb60b973508f999461e9a0d643b0a26ed98677a49fd027,1,11033.0,11048.0
1,keda-mmpp-404-bc235ef3,000150,109.001478,2026-08-31T19:52:23.524+00:00,2026-08-31T19:52:19.733+00:00,2026-08-31T19:52:22.658+00:00,2026-08-31T19:52:22.658+00:00,2026-08-31T19:52:23.224+00:00,2026-08-31T19:52:23.225+00:00,0.226973,0.5663598789997195,sqs-worker-5986dcd897-cpvnf,ip-192-168-20-201.ec2.internal,02686928db185206d099e358a74ce85cc3f952e63a77c533669aa810bba4f1ba,1,2925.0,3491.0
1,keda-mmpp-404-bc235ef3,000104,97.22518,2026-08-31T19:52:11.748+00:00,2026-08-31T19:52:07.958+00:00,2026-08-31T19:52:23.303+00:00,2026-08-31T19:52:23.303+00:00,2026-08-31T19:52:23.960+00:00,2026-08-31T19:52:23.960+00:00,0.284521,0.6562443479997455,sqs-worker-5986dcd897-cpvnf,ip-192-168-20-201.ec2.internal,4154c605cb9bd1c40acf0b8743fe4bb3e3b1e8d2911d66932cba7c465e4ed488,1,15345.0,16001.999999999998
1,keda-mmpp-404-bc235ef3,000133,104.561597,2026-08-31T19:52:19.084+00:00,2026-08-31T19:52:15.292+00:00,2026-08-31T19:52:23.410+00:00,2026-08-31T19:52:23.410+00:00,2026-08-31T19:52:24.501+00:00,2026-08-31T19:52:24.501+00:00,0.439853,1.0903187660005642,sqs-worker-5986dcd897-x8rdl,ip-192-168-20-201.ec2.internal,7ebbc3bcfb3b94983815ead814f2b96b40940c30015050ab535dbcdee601e24b,1,8118.0,9209.0
1,keda-mmpp-404-bc235ef3,000134,104.692256,2026-08-31T19:52:19.214+00:00,2026-08-31T19:52:15.421+00:00,2026-08-31T19:52:24.521+00:00,2026-08-31T19:52:24.521+00:00,2026-08-31T19:52:24.891+00:00,2026-08-31T19:52:24.891+00:00,0.145725,0.3695323409992852,sqs-worker-5986dcd897-x8rdl,ip-192-168-20-201.ec2.internal,0697dc1ae476e2c3d150c02ff7eb3d561c682f2aa94699c80009155ad0f61972,1,9100.0,9470.0
1,keda-mmpp-404-bc235ef3,000096,95.886959,2026-08-31T19:52:10.409+00:00,2026-08-31T19:52:06.617+00:00,2026-08-31T19:52:22.067+00:00,2026-08-31T19:52:22.067+00:00,2026-08-31T19:52:22.340+00:00,2026-08-31T19:52:22.340+00:00,0.105018,0.27225287500004924,sqs-worker-5986dcd897-cpvnf,ip-192-168-20-201.ec2.internal,56762ee480211f3a6d5301b469445018b1e1bfecc7cfb619443d9cf3441638e7,1,15450.0,15723.0
1,keda-mmpp-404-bc235ef3,000097,96.430593,2026-08-31T19:52:10.953+00:00,2026-08-31T19:52:07.164+00:00,2026-08-31T19:52:23.010+00:00,2026-08-31T19:52:23.010+00:00,2026-08-31T19:52:23.395+00:00,2026-08-31T19:52:23.395+00:00,0.165448,0.38537012999950093,sqs-worker-5986dcd897-x8rdl,ip-192-168-20-201.ec2.internal,86bfb5149c16379c6e390a506176ce4187e399a7479b6bcf2591c3dc2bf2d3a9,1,15846.0,16231.000000000002
1,keda-mmpp-404-bc235ef3,000107,97.528064,2026-08-31T19:52:12.050+00:00,2026-08-31T19:52:08.257+00:00,2026-08-31T19:52:23.976+00:00,2026-08-31T19:52:23.976+00:00,2026-08-31T19:52:25.116+00:00,2026-08-31T19:52:25.116+00:00,0.442198,1.1399416939984803,sqs-worker-5986dcd897-cpvnf,ip-192-168-20-201.ec2.internal,9114cb35c129a054a54fdeae1d5d3ac4eb09120cbb4d86c40c2d2b3b88c1aebc,1,15719.0,16859.0
1,keda-mmpp-404-bc235ef3,000132,104.384184,2026-08-31T19:52:18.907+00:00,2026-08-31T19:52:15.119+00:00,2026-08-31T19:52:25.135+00:00,2026-08-31T19:52:25.135+00:00,2026-08-31T19:52:25.343+00:00,2026-08-31T19:52:25.343+00:00,0.092087,0.20759739200002514,sqs-worker-5986dcd897-cpvnf,ip-192-168-20-201.ec2.internal,198fc110d9ba064d5ae84122890c3e07c5fd2527991da354f9888c8d58fd0233,1,10016.0,10224.0
1,keda-mmpp-404-bc235ef3,000139,105.847962,2026-08-31T19:52:20.370+00:00,2026-08-31T19:52:16.579+00:00,2026-08-31T19:52:25.360+00:00,2026-08-31T19:52:25.360+00:00,2026-08-31T19:52:25.918+00:00,2026-08-31T19:52:25.918+00:00,0.22266,0.557930965000196,sqs-worker-5986dcd897-cpvnf,ip-192-168-20-201.ec2.internal,91d9b481edc5271c03b0871f91270dc46889fe8e64ad4503dfb8acd7ef08f077,1,8781.0,9339.0
1,keda-mmpp-404-bc235ef3,000160,111.231141,2026-08-31T19:52:25.752+00:00,2026-08-31T19:52:21.969+00:00,2026-08-31T19:52:25.792+00:00,2026-08-31T19:52:25.792+00:00,2026-08-31T19:52:26.001+00:00,2026-08-31T19:52:26.001+00:00,0.093629,0.20889292399988335,sqs-worker-5986dcd897-x8rdl,ip-192-168-20-201.ec2.internal,0d3c05704bc89392c51c21c3ac6ddae7a57710f41b6cfc3344d3a2d181ab0a4e,1,3823.0,4032.0
1,keda-mmpp-404-bc235ef3,000131,104.069876,2026-08-31T19:52:18.593+00:00,2026-08-31T19:52:14.805+00:00,2026-08-31T19:52:24.908+00:00,2026-08-31T19:52:24.908+00:00,2026-08-31T19:52:25.406+00:00,2026-08-31T19:52:25.406+00:00,0.211911,0.497930011999415,sqs-worker-5986dcd897-x8rdl,ip-192-168-20-201.ec2.internal,02f3b95e519c40e3e493f9ad69af53a43810ca75b5babfba8d6af6e6d7985e1b,1,10103.0,10601.0
1,keda-mmpp-404-bc235ef3,000138,105.495875,2026-08-31T19:52:20.018+00:00,2026-08-31T19:52:16.233+00:00,2026-08-31T19:52:25.423+00:00,2026-08-31T19:52:25.423+00:00,2026-08-31T19:52:25.723+00:00,2026-08-31T19:52:25.723+00:00,0.131503,0.3001348620000499,sqs-worker-5986dcd897-x8rdl,ip-192-168-20-201.ec2.internal,29c2c5d0eda16d0449f3dd6bb365c780a536727b4cbd8f06806734d33a4ebdfe,1,9190.0,9490.0
1,keda-mmpp-404-bc235ef3,000153,110.235966,2026-08-31T19:52:24.759+00:00,2026-08-31T19:52:20.975+00:00,2026-08-31T19:52:25.937+00:00,2026-08-31T19:52:25.937+00:00,2026-08-31T19:52:27.160+00:00,2026-08-31T19:52:27.160+00:00,0.50686,1.2226455580002948,sqs-worker-5986dcd897-cpvnf,ip-192-168-20-201.ec2.internal,50f760faeeba12908e274bb9688a4bf91d61178376709ad2d889ee7c80416942,1,4962.0,6185.0
1,keda-mmpp-404-bc235ef3,000108,97.853745,2026-08-31T19:52:12.376+00:00,2026-08-31T19:52:08.587+00:00,2026-08-31T19:52:27.214+00:00,2026-08-31T19:52:27.214+00:00,2026-08-31T19:52:27.444+00:00,2026-08-31T19:52:27.444+00:00,0.100101,0.23038993499903881,sqs-worker-5986dcd897-cpvnf,ip-192-168-20-201.ec2.internal,939b4aefebb87adc85a08ac89e6ecb77b947de6d17d2b342d04dc10c23e9b27f,1,18627.0,18857.0
1,keda-mmpp-404-bc235ef3,000155,110.788851,2026-08-31T19:52:25.309+00:00,2026-08-31T19:52:21.519+00:00,2026-08-31T19:52:27.471+00:00,2026-08-31T19:52:27.471+00:00,2026-08-31T19:52:27.720+00:00,2026-08-31T19:52:27.720+00:00,0.102803,0.24940263600001344,sqs-worker-5986dcd897-cpvnf,ip-192-168-20-201.ec2.internal,28d965ff2fabfaa5c525b7eca0dc9428dc78383f82a535df368c2c69f5b2b540,1,5952.0,6201.0
1,keda-mmpp-404-bc235ef3,000140,106.257879,2026-08-31T19:52:20.780+00:00,2026-08-31T19:52:16.989+00:00,2026-08-31T19:52:27.746+00:00,2026-08-31T19:52:27.746+00:00,2026-08-31T19:52:28.221+00:00,2026-08-31T19:52:28.221+00:00,0.192572,0.47521057300036773,sqs-worker-5986dcd897-cpvnf,ip-192-168-20-201.ec2.internal,b4d7ddbe046003956225a85b7abd8bf7598167169841dadb9b02454f4d7fc0aa,1,10757.0,11232.0
1,keda-mmpp-404-bc235ef3,000154,110.747036,2026-08-31T19:52:25.268+00:00,2026-08-31T19:52:21.486+00:00,2026-08-31T19:52:26.016+00:00,2026-08-31T19:52:26.016+00:00,2026-08-31T19:52:28.109+00:00,2026-08-31T19:52:28.109+00:00,0.843693,2.0924927889991523,sqs-worker-5986dcd897-x8rdl,ip-192-168-20-201.ec2.internal,e6ba4b958622b9599ecbbf0e16b1b6a1d41f0e85fb8b2d81311297d48b38daec,1,4530.0,6623.0
1,keda-mmpp-404-bc235ef3,000165,111.874994,2026-08-31T19:52:26.396+00:00,2026-08-31T19:52:22.611+00:00,2026-08-31T19:52:28.681+00:00,2026-08-31T19:52:28.681+00:00,2026-08-31T19:52:28.954+00:00,2026-08-31T19:52:28.954+00:00,0.110637,0.2727504129998124,sqs-worker-5986dcd897-cpvnf,ip-192-168-20-201.ec2.internal,dcc2aff0c4f5d103f218078be441f08bdd73d34789b582a658adebb9fa85c55a,1,6070.0,6343.0
1,keda-mmpp-404-bc235ef3,000159,111.162273,2026-08-31T19:52:25.683+00:00,2026-08-31T19:52:21.898+00:00,2026-08-31T19:52:28.240+00:00,2026-08-31T19:52:28.240+00:00,2026-08-31T19:52:28.521+00:00,2026-08-31T19:52:28.521+00:00,0.117407,0.2802210699992429,sqs-worker-5986dcd897-cpvnf,ip-192-168-20-201.ec2.internal,e29fd790a388802acab9c0745bf65cd251bab1082322fb39ed79a297217ce6d5,1,6342.0,6623.0
1,keda-mmpp-404-bc235ef3,000161,111.397278,2026-08-31T19:52:25.918+00:00,2026-08-31T19:52:22.658+00:00,2026-08-31T19:52:28.519+00:00,2026-08-31T19:52:28.519+00:00,2026-08-31T19:52:28.588+00:00,2026-08-31T19:52:28.588+00:00,0.03923,0.06972047300041595,sqs-worker-5986dcd897-x8rdl,ip-192-168-20-201.ec2.internal,e8b44a437748f3b9325ff23e84f1dbe31b72cf4f040a4d26b3dcc83e6394cb99,1,5861.0,5930.0
1,keda-mmpp-404-bc235ef3,000142,106.647638,2026-08-31T19:52:21.170+00:00,2026-08-31T19:52:17.380+00:00,2026-08-31T19:52:28.618+00:00,2026-08-31T19:52:28.618+00:00,2026-08-31T19:52:28.687+00:00,2026-08-31T19:52:28.687+00:00,0.034897,0.06884962699950847,sqs-worker-5986dcd897-x8rdl,ip-192-168-20-201.ec2.internal,8b8894d3752bb20d0e9aa317cd8fd4d57a204333025b99d55375f9898b1b57c4,1,11238.0,11307.0
1,keda-mmpp-404-bc235ef3,000141,106.301339,2026-08-31T19:52:20.824+00:00,2026-08-31T19:52:17.033+00:00,2026-08-31T19:52:28.125+00:00,2026-08-31T19:52:28.125+00:00,2026-08-31T19:52:28.415+00:00,2026-08-31T19:52:28.415+00:00,0.12052,0.2893507589997171,sqs-worker-5986dcd897-x8rdl,ip-192-168-20-201.ec2.internal,db5dadeb3d76f3104e33c4aa1faf729fe8cc207c7146c5a418541324196c919f,1,11092.0,11382.0
1,keda-mmpp-404-bc235ef3,000148,108.752534,2026-08-31T19:52:23.275+00:00,2026-08-31T19:52:19.485+00:00,2026-08-31T19:52:28.547+00:00,2026-08-31T19:52:28.547+00:00,2026-08-31T19:52:28.665+00:00,2026-08-31T19:52:28.665+00:00,0.060359,0.11853542400058359,sqs-worker-5986dcd897-cpvnf,ip-192-168-20-201.ec2.internal,e9793db416ead089a692db847992ba64b2b7e7dcef21955767751f76957d0688,1,9062.0,9180.0
1,keda-mmpp-404-bc235ef3,000093,95.484281,2026-08-31T19:52:10.007+00:00,2026-08-31T19:52:06.215+00:00,2026-08-31T19:52:28.974+00:00,2026-08-31T19:52:28.974+00:00,2026-08-31T19:52:29.647+00:00,2026-08-31T19:52:29.647+00:00,0.229317,0.673290057999111,sqs-worker-5986dcd897-cpvnf,ip-192-168-20-201.ec2.internal,a08c8d654f1e0e26121799d003651666852eb69a5796ca45997b0d612c51d6bd,1,22759.0,23432.0
1,keda-mmpp-404-bc235ef3,000169,114.459728,2026-08-31T19:52:28.982+00:00,2026-08-31T19:52:25.200+00:00,2026-08-31T19:52:29.661+00:00,2026-08-31T19:52:29.661+00:00,2026-08-31T19:52:30.044+00:00,2026-08-31T19:52:30.044+00:00,0.085086,0.38267885799905343,sqs-worker-5986dcd897-cpvnf,ip-192-168-20-201.ec2.internal,917a5d31134a1c84e4b5a18e76f90c02f48ad047eed9d9d52472f41e33e81843,1,4461.0,4844.0
1,keda-mmpp-404-bc235ef3,000168,112.664324,2026-08-31T19:52:27.186+00:00,2026-08-31T19:52:23.404+00:00,2026-08-31T19:52:28.700+00:00,2026-08-31T19:52:28.700+00:00,2026-08-31T19:52:30.393+00:00,2026-08-31T19:52:30.393+00:00,0.536678,1.6935114240004623,sqs-worker-5986dcd897-x8rdl,ip-192-168-20-201.ec2.internal,acc643891c5cd528478a9aa716331f727a0d5e9ce0a649f4e3d7ccd5751b8d4d,1,5296.0,6989.0
1,keda-mmpp-404-bc235ef3,000152,109.264667,2026-08-31T19:52:23.787+00:00,2026-08-31T19:52:19.993+00:00,2026-08-31T19:52:30.138+00:00,2026-08-31T19:52:30.138+00:00,2026-08-31T19:52:32.516+00:00,2026-08-31T19:52:32.516+00:00,0.492249,2.378129660999548,sqs-worker-5986dcd897-cpvnf,ip-192-168-20-201.ec2.internal,d0eb9dbdc618dbf50aa5356fcd49241a8d57cc736cce5665c99974eeb3c6617d,1,10145.0,12523.0
1,keda-mmpp-404-bc235ef3,000173,116.130044,2026-08-31T19:52:30.652+00:00,2026-08-31T19:52:26.862+00:00,2026-08-31T19:52:30.508+00:00,2026-08-31T19:52:30.508+00:00,2026-08-31T19:52:32.599+00:00,2026-08-31T19:52:32.599+00:00,0.409812,2.0913289679992886,sqs-worker-5986dcd897-x8rdl,ip-192-168-20-201.ec2.internal,abee9364325aea620e54b998b01d22ecdebfcfaa2cacd517e83a4c480072a18b,1,3646.0,5737.0
1,keda-mmpp-404-bc235ef3,000117,99.878515,2026-08-31T19:52:14.401+00:00,2026-08-31T19:52:10.609+00:00,2026-08-31T19:52:32.558+00:00,2026-08-31T19:52:32.558+00:00,2026-08-31T19:52:32.928+00:00,2026-08-31T19:52:32.928+00:00,0.11785,0.370308155001112,sqs-worker-5986dcd897-cpvnf,ip-192-168-20-201.ec2.internal,63c01039c81a4c7bde7d021e73a887fff152a72b04e054aba5c304fbdc267fde,1,21949.0,22319.0
1,keda-mmpp-404-bc235ef3,000125,102.159716,2026-08-31T19:52:16.682+00:00,2026-08-31T19:52:12.891+00:00,2026-08-31T19:52:32.615+00:00,2026-08-31T19:52:32.615+00:00,2026-08-31T19:52:33.010+00:00,2026-08-31T19:52:33.010+00:00,0.166695,0.3942837539998436,sqs-worker-5986dcd897-x8rdl,ip-192-168-20-201.ec2.internal,06b6150ef734f7a9ecef2d3f2af4d86e881bea657064e42c706b5499c96e4541,1,19724.0,20119.0
1,keda-mmpp-404-bc235ef3,000137,105.253159,2026-08-31T19:52:19.776+00:00,2026-08-31T19:52:15.994+00:00,2026-08-31T19:52:33.177+00:00,2026-08-31T19:52:33.177+00:00,2026-08-31T19:52:33.351+00:00,2026-08-31T19:52:33.351+00:00,0.082093,0.17461326600096072,sqs-worker-5986dcd897-cpvnf,ip-192-168-20-201.ec2.internal,f7849c1e12073ac8444eb8284db538fc0cd3d08f2121a33c338ae20b2c23cc50,1,17183.0,17357.0
1,keda-mmpp-404-bc235ef3,000136,104.971645,2026-08-31T19:52:19.494+00:00,2026-08-31T19:52:15.726+00:00,2026-08-31T19:52:32.950+00:00,2026-08-31T19:52:32.950+00:00,2026-08-31T19:52:33.119+00:00,2026-08-31T19:52:33.119+00:00,0.069835,0.1683945010008756,sqs-worker-5986dcd897-cpvnf,ip-192-168-20-201.ec2.internal,e08dd0c0b370eb4457a7e326b354e2c193f380cd1bcd37147e7f2468f9d05180,1,17224.0,17393.0
1,keda-mmpp-404-bc235ef3,000162,111.573995,2026-08-31T19:52:26.095+00:00,2026-08-31T19:52:22.306+00:00,2026-08-31T19:52:33.368+00:00,2026-08-31T19:52:33.368+00:00,2026-08-31T19:52:33.430+00:00,2026-08-31T19:52:33.430+00:00,0.016619,0.061947180998686235,sqs-worker-5986dcd897-cpvnf,ip-192-168-20-201.ec2.internal,365f9a83b9d647fc80fa1193632c1e1af6bc92298c44e8274360aaeca4dce90e,1,11062.0,11124.0
1,keda-mmpp-404-bc235ef3,000158,111.120087,2026-08-31T19:52:25.641+00:00,2026-08-31T19:52:21.851+00:00,2026-08-31T19:52:33.027+00:00,2026-08-31T19:52:33.027+00:00,2026-08-31T19:52:33.637+00:00,2026-08-31T19:52:33.637+00:00,0.243065,0.6104496420011856,sqs-worker-5986dcd897-x8rdl,ip-192-168-20-201.ec2.internal,e17c3645a57a61989f3939ef98a93fc7be7555cd25d3a160172c15e070592d95,1,11176.0,11786.0
1,keda-mmpp-404-bc235ef3,000145,107.407913,2026-08-31T19:52:21.930+00:00,2026-08-31T19:52:18.139+00:00,2026-08-31T19:52:33.455+00:00,2026-08-31T19:52:33.455+00:00,2026-08-31T19:52:33.850+00:00,2026-08-31T19:52:33.850+00:00,0.171493,0.3943408079994697,sqs-worker-5986dcd897-cpvnf,ip-192-168-20-201.ec2.internal,7fed12426a1cb2e03ae55f39939ac1da37c99b1d52967a50ef9c4c69eaee4981,1,15316.0,15711.0
1,keda-mmpp-404-bc235ef3,000164,111.671506,2026-08-31T19:52:26.192+00:00,2026-08-31T19:52:22.942+00:00,2026-08-31T19:52:33.684+00:00,2026-08-31T19:52:33.684+00:00,2026-08-31T19:52:34.138+00:00,2026-08-31T19:52:34.138+00:00,0.192729,0.4548295210006472,sqs-worker-5986dcd897-x8rdl,ip-192-168-20-201.ec2.internal,6e40bab98e8bbe86d19777cc2f491a432552634aae0617f12d396085e49fceab,1,10742.0,11196.0
1,keda-mmpp-404-bc235ef3,000151,109.063554,2026-08-31T19:52:23.586+00:00,2026-08-31T19:52:19.791+00:00,2026-08-31T19:52:34.726+00:00,2026-08-31T19:52:34.726+00:00,2026-08-31T19:52:34.732+00:00,2026-08-31T19:52:34.732+00:00,0.00595,0.005993617000058293,sqs-worker-5986dcd897-x8rdl,ip-192-168-20-201.ec2.internal,0bfe9bf4af65fcf13c54ff41055d65fdcd85b1cf97ecc57f0efd502ffd6fa86e,1,14935.0,14941.0
1,keda-mmpp-404-bc235ef3,000156,110.843376,2026-08-31T19:52:25.364+00:00,2026-08-31T19:52:21.574+00:00,2026-08-31T19:52:34.750+00:00,2026-08-31T19:52:34.750+00:00,2026-08-31T19:52:34.931+00:00,2026-08-31T19:52:34.931+00:00,0.089857,0.181816288999471,sqs-worker-5986dcd897-x8rdl,ip-192-168-20-201.ec2.internal,63e4176034e2f5c1ebbef6b763e7bec8a8c398ed8c3184cce7961f98c90efb3f,1,13176.0,13357.0
1,keda-mmpp-404-bc235ef3,000170,114.463219,2026-08-31T19:52:28.984+00:00,2026-08-31T19:52:25.200+00:00,2026-08-31T19:52:33.960+00:00,2026-08-31T19:52:33.960+00:00,2026-08-31T19:52:34.867+00:00,2026-08-31T19:52:34.867+00:00,0.372351,0.9067028579993348,sqs-worker-5986dcd897-cpvnf,ip-192-168-20-201.ec2.internal,ad419ffe459ab274553d9a05866384fd5ffbf3c9e18e05abdd9aa9290150b702,1,8760.0,9667.0
1,keda-mmpp-404-bc235ef3,000171,114.920421,2026-08-31T19:52:29.442+00:00,2026-08-31T19:52:25.661+00:00,2026-08-31T19:52:35.110+00:00,2026-08-31T19:52:35.110+00:00,2026-08-31T19:52:35.225+00:00,2026-08-31T19:52:35.225+00:00,0.058648,0.11507581800105982,sqs-worker-5986dcd897-cd987,ip-192-168-20-201.ec2.internal,6b19cd07975658c10f31f119cfabc0eca41385dda3fb7841a7204139a1dabc35,1,9449.0,9564.0
1,keda-mmpp-404-bc235ef3,000099,96.67092,2026-08-31T19:52:11.193+00:00,2026-08-31T19:52:07.399+00:00,2026-08-31T19:52:35.067+00:00,2026-08-31T19:52:35.067+00:00,2026-08-31T19:52:35.282+00:00,2026-08-31T19:52:35.282+00:00,0.098404,0.21429152799828444,sqs-worker-5986dcd897-j2j4k,ip-192-168-20-201.ec2.internal,9d4dd6a41c174d51f11e3192b24b0517db3df26e4828a0a954af577e5af3f56a,1,27668.0,27883.0
1,keda-mmpp-404-bc235ef3,000182,123.156651,2026-08-31T19:52:37.680+00:00,2026-08-31T19:52:33.893+00:00,2026-08-31T19:52:34.989+00:00,2026-08-31T19:52:34.989+00:00,2026-08-31T19:52:35.589+00:00,2026-08-31T19:52:35.589+00:00,0.243044,0.6005544669988012,sqs-worker-5986dcd897-x8rdl,ip-192-168-20-201.ec2.internal,0a49a31a15d32adc6d0187ce9a7f025d27ae44c760810ca16488e42a6e0bf70a,1,1096.0,1696.0
1,keda-mmpp-404-bc235ef3,000172,115.203503,2026-08-31T19:52:29.724+00:00,2026-08-31T19:52:25.933+00:00,2026-08-31T19:52:34.157+00:00,2026-08-31T19:52:34.157+00:00,2026-08-31T19:52:34.589+00:00,2026-08-31T19:52:34.589+00:00,0.167162,0.4318166979992384,sqs-worker-5986dcd897-x8rdl,ip-192-168-20-201.ec2.internal,0772d21bb67cfae6a0925015a1c3af00546802a2a455ba37d38c9d937b468d35,1,8224.0,8656.0
1,keda-mmpp-404-bc235ef3,000147,108.671609,2026-08-31T19:52:23.194+00:00,2026-08-31T19:52:19.409+00:00,2026-08-31T19:52:34.603+00:00,2026-08-31T19:52:34.603+00:00,2026-08-31T19:52:34.701+00:00,2026-08-31T19:52:34.701+00:00,0.041839,0.09871556499820144,sqs-worker-5986dcd897-x8rdl,ip-192-168-20-201.ec2.internal,15d5e26a091e93d54d595ca96716d045bbcf766d531fd3631b5f3ffac9ca022c,1,15194.0,15292.0
1,keda-mmpp-404-bc235ef3,000175,116.519636,2026-08-31T19:52:31.040+00:00,2026-08-31T19:52:27.262+00:00,2026-08-31T19:52:35.344+00:00,2026-08-31T19:52:35.344+00:00,2026-08-31T19:52:35.697+00:00,2026-08-31T19:52:35.697+00:00,0.155936,0.353246388000116,sqs-worker-5986dcd897-j2j4k,ip-192-168-20-201.ec2.internal,f6206e195a7efede19a56045ca308a2fe9809ec3c49eabbb20e545acf61d892f,1,8082.000000000001,8435.0
1,keda-mmpp-404-bc235ef3,000167,111.999831,2026-08-31T19:52:26.521+00:00,2026-08-31T19:52:22.743+00:00,2026-08-31T19:52:35.624+00:00,2026-08-31T19:52:35.624+00:00,2026-08-31T19:52:36.191+00:00,2026-08-31T19:52:36.191+00:00,0.23556,0.5668189730004087,sqs-worker-5986dcd897-x8rdl,ip-192-168-20-201.ec2.internal,b0b356941bb776201ee0ff289431f00f466144c762efecafb98b418c35b49e1e,1,12881.0,13448.0
1,keda-mmpp-404-bc235ef3,000174,116.426102,2026-08-31T19:52:30.947+00:00,2026-08-31T19:52:27.154+00:00,2026-08-31T19:52:35.753+00:00,2026-08-31T19:52:35.753+00:00,2026-08-31T19:52:36.664+00:00,2026-08-31T19:52:36.664+00:00,0.387456,0.9111440350006887,sqs-worker-5986dcd897-cpvnf,ip-192-168-20-201.ec2.internal,f354e1a45c4b59d5868690f3a5a22cefd2739c32e905bf6cb6aa29ced203eb6c,1,8599.0,9510.0
1,keda-mmpp-404-bc235ef3,000127,102.636841,2026-08-31T19:52:17.159+00:00,2026-08-31T19:52:13.370+00:00,2026-08-31T19:52:36.810+00:00,2026-08-31T19:52:36.810+00:00,2026-08-31T19:52:37.585+00:00,2026-08-31T19:52:37.585+00:00,0.314936,0.7752809970006638,sqs-worker-5986dcd897-x8rdl,ip-192-168-20-201.ec2.internal,ca614835f1a030444144a35ffcfebecb7ce5ac9e58517ced33267787f6720539,1,23440.0,24215.0
1,keda-mmpp-404-bc235ef3,000177,116.903495,2026-08-31T19:52:31.424+00:00,2026-08-31T19:52:27.635+00:00,2026-08-31T19:52:37.117+00:00,2026-08-31T19:52:37.117+00:00,2026-08-31T19:52:37.621+00:00,2026-08-31T19:52:37.621+00:00,0.211957,0.5040467039998475,sqs-worker-5986dcd897-j2j4k,ip-192-168-20-201.ec2.internal,d4f38f033370243080854ab25341132fa79acab0f5ede9dd2819dfda910a67fd,1,9482.0,9986.0
1,keda-mmpp-404-bc235ef3,000144,107.028416,2026-08-31T19:52:21.551+00:00,2026-08-31T19:52:17.764+00:00,2026-08-31T19:52:37.657+00:00,2026-08-31T19:52:37.657+00:00,2026-08-31T19:52:37.753+00:00,2026-08-31T19:52:37.753+00:00,0.051215,0.09665018799933023,sqs-worker-5986dcd897-cpvnf,ip-192-168-20-201.ec2.internal,6b11099f8084da043d3678de13eccf66ee71e4d9993c07d52de21aa25449ec61,1,19893.0,19989.0
1,keda-mmpp-404-bc235ef3,000166,111.922217,2026-08-31T19:52:26.443+00:00,2026-08-31T19:52:22.654+00:00,2026-08-31T19:52:33.864+00:00,2026-08-31T19:52:33.864+00:00,2026-08-31T19:52:33.935+00:00,2026-08-31T19:52:33.935+00:00,0.028748,0.07110453899986169,sqs-worker-5986dcd897-cpvnf,ip-192-168-20-201.ec2.internal,be499ac6126205a9f632dea35b1f2eaf9cfcdfbc75e0d9cb08175915a6470f1c,1,11210.0,11281.0
1,keda-mmpp-404-bc235ef3,000157,111.078241,2026-08-31T19:52:25.599+00:00,2026-08-31T19:52:21.808+00:00,2026-08-31T19:52:34.881+00:00,2026-08-31T19:52:34.881+00:00,2026-08-31T19:52:35.718+00:00,2026-08-31T19:52:35.718+00:00,0.323489,0.8364489300001878,sqs-worker-5986dcd897-cpvnf,ip-192-168-20-201.ec2.internal,11df9ed1c1c320b0692e7068fda6842e268bcd9969ce1a5428d292e419117189,1,13073.0,13910.0
1,keda-mmpp-404-bc235ef3,000146,108.449597,2026-08-31T19:52:22.973+00:00,2026-08-31T19:52:19.183+00:00,2026-08-31T19:52:37.774+00:00,2026-08-31T19:52:37.775+00:00,2026-08-31T19:52:38.023+00:00,2026-08-31T19:52:38.023+00:00,0.097984,0.24875588400027482,sqs-worker-5986dcd897-cpvnf,ip-192-168-20-201.ec2.internal,c48fe8f18273ee959ceda1c89f28a268d5fd444cc3d2e5c036b596cdd79144ee,1,18591.0,18840.0
1,keda-mmpp-404-bc235ef3,000176,116.710674,2026-08-31T19:52:31.232+00:00,2026-08-31T19:52:27.441+00:00,2026-08-31T19:52:36.210+00:00,2026-08-31T19:52:36.210+00:00,2026-08-31T19:52:36.785+00:00,2026-08-31T19:52:36.785+00:00,0.22867,0.5754920509989461,sqs-worker-5986dcd897-x8rdl,ip-192-168-20-201.ec2.internal,9ae453b41a86e8ac54e02629cf0f0bc83aaa9e8268dcf57a793a20d43812635d,1,8769.0,9344.0
1,keda-mmpp-404-bc235ef3,000181,118.023087,2026-08-31T19:52:32.544+00:00,2026-08-31T19:52:28.759+00:00,2026-08-31T19:52:36.695+00:00,2026-08-31T19:52:36.695+00:00,2026-08-31T19:52:37.077+00:00,2026-08-31T19:52:37.077+00:00,0.159296,0.3819722810003441,sqs-worker-5986dcd897-j2j4k,ip-192-168-20-201.ec2.internal,914dccc7bdfc462daa55c5c78166152b6a6077dd82045f9327c646093da7533e,1,7936.0,8318.0
1,keda-mmpp-404-bc235ef3,000185,125.671155,2026-08-31T19:52:40.192+00:00,2026-08-31T19:52:36.406+00:00,2026-08-31T19:52:37.075+00:00,2026-08-31T19:52:37.076+00:00,2026-08-31T19:52:37.514+00:00,2026-08-31T19:52:37.514+00:00,0.17272,0.4380741799996031,sqs-worker-5986dcd897-cd987,ip-192-168-20-201.ec2.internal,4b3800ebe0d7b2a46a28ed5769d53d75f679ed7fa8466733e59179cc182e5313,1,669.0,1108.0
1,keda-mmpp-404-bc235ef3,000116,99.461244,2026-08-31T19:52:13.984+00:00,2026-08-31T19:52:10.193+00:00,2026-08-31T19:52:35.720+00:00,2026-08-31T19:52:35.720+00:00,2026-08-31T19:52:36.671+00:00,2026-08-31T19:52:36.671+00:00,0.386772,0.9514949120002711,sqs-worker-5986dcd897-j2j4k,ip-192-168-20-201.ec2.internal,09089f62640ffa0115ebe7423394bd8fd40e96b67bcc5c595c52711f25ad371e,1,25527.0,26478.0
1,keda-mmpp-404-bc235ef3,000184,125.289587,2026-08-31T19:52:39.811+00:00,2026-08-31T19:52:36.023+00:00,2026-08-31T19:52:36.680+00:00,2026-08-31T19:52:36.680+00:00,2026-08-31T19:52:37.638+00:00,2026-08-31T19:52:37.638+00:00,0.368433,0.9581357750012103,sqs-worker-5986dcd897-cpvnf,ip-192-168-20-201.ec2.internal,074171afb13310f92efaacd2c207cb65d0464a24c2d9bc847123f4855cbda011,1,657.0,1615.0
1,keda-mmpp-404-bc235ef3,000128,102.850867,2026-08-31T19:52:17.373+00:00,2026-08-31T19:52:13.584+00:00,2026-08-31T19:52:37.662+00:00,2026-08-31T19:52:37.662+00:00,2026-08-31T19:52:37.817+00:00,2026-08-31T19:52:37.817+00:00,0.069564,0.15565244699973846,sqs-worker-5986dcd897-j2j4k,ip-192-168-20-201.ec2.internal,b2c63d76dff96ff2337dd6db352f42c6b4ed5719c0f0769b365a748263b10104,1,24078.0,24233.0
1,keda-mmpp-404-bc235ef3,000187,128.602949,2026-08-31T19:52:43.124+00:00,2026-08-31T19:52:39.350+00:00,2026-08-31T19:52:39.356+00:00,2026-08-31T19:52:39.356+00:00,2026-08-31T19:52:39.602+00:00,2026-08-31T19:52:39.602+00:00,0.120283,0.245269274999373,sqs-worker-5986dcd897-cd987,ip-192-168-20-201.ec2.internal,8452bc77c3f0d431a2e2c176548bdd654058ef5470222b7d43f8936922f4a254,1,6.0,252.0
1,keda-mmpp-404-bc235ef3,000183,124.515097,2026-08-31T19:52:39.036+00:00,2026-08-31T19:52:35.253+00:00,2026-08-31T19:52:37.601+00:00,2026-08-31T19:52:37.601+00:00,2026-08-31T19:52:38.546+00:00,2026-08-31T19:52:38.546+00:00,0.384312,0.9456096039994009,sqs-worker-5986dcd897-x8rdl,ip-192-168-20-201.ec2.internal,f1ffb6a3168de16436e05ecb248b41e184fe21be9e0531f13a1a01f16b315de2,1,2348.0,3293.0
1,keda-mmpp-404-bc235ef3,000163,111.64419,2026-08-31T19:52:26.165+00:00,2026-08-31T19:52:22.391+00:00,2026-08-31T19:52:37.843+00:00,2026-08-31T19:52:37.843+00:00,2026-08-31T19:52:39.377+00:00,2026-08-31T19:52:39.377+00:00,0.623269,1.5335435239994695,sqs-worker-5986dcd897-j2j4k,ip-192-168-20-201.ec2.internal,bae50a8b0dfe57088da91c9ff3d9c14f88b7200709434de7ab338b25f5240504,1,15452.0,16986.0
1,keda-mmpp-404-bc235ef3,000112,98.489611,2026-08-31T19:52:13.012+00:00,2026-08-31T19:52:09.219+00:00,2026-08-31T19:52:35.257+00:00,2026-08-31T19:52:35.257+00:00,2026-08-31T19:52:37.054+00:00,2026-08-31T19:52:37.054+00:00,0.728668,1.7972094340002513,sqs-worker-5986dcd897-cd987,ip-192-168-20-201.ec2.internal,d149bb0609fb20274ee8ace18c1d2a6defcc0af2926feef87f4962ba2628359f,1,26038.0,27835.0
1,keda-mmpp-404-bc235ef3,000178,117.216147,2026-08-31T19:52:31.737+00:00,2026-08-31T19:52:27.947+00:00,2026-08-31T19:52:37.530+00:00,2026-08-31T19:52:37.530+00:00,2026-08-31T19:52:37.817+00:00,2026-08-31T19:52:37.817+00:00,0.127191,0.2869363939989853,sqs-worker-5986dcd897-cd987,ip-192-168-20-201.ec2.internal,6198c56d8d317c97ac730840bdd1390f4bae26c1305a047b19283994b07bdc24,1,9583.0,9870.0
1,keda-mmpp-404-bc235ef3,000179,117.382645,2026-08-31T19:52:31.904+00:00,2026-08-31T19:52:28.115+00:00,2026-08-31T19:52:37.875+00:00,2026-08-31T19:52:37.875+00:00,2026-08-31T19:52:37.901+00:00,2026-08-31T19:52:37.901+00:00,0.014871,0.02542669600006775,sqs-worker-5986dcd897-cd987,ip-192-168-20-201.ec2.internal,f33ce8e2474407f4df8a753dff1cf4b3f56ae92a70f1acb75de3e5e174bd709e,1,9760.0,9786.0
1,keda-mmpp-404-bc235ef3,000180,117.587763,2026-08-31T19:52:32.109+00:00,2026-08-31T19:52:28.317+00:00,2026-08-31T19:52:37.920+00:00,2026-08-31T19:52:37.920+00:00,2026-08-31T19:52:38.600+00:00,2026-08-31T19:52:38.600+00:00,0.280648,0.6793232159998297,sqs-worker-5986dcd897-cd987,ip-192-168-20-201.ec2.internal,1edad0a7bcf8213d1194cb60ddb710e923d90fec3cbbf077647cd862dbcb917d,1,9603.0,10283.0
1,keda-mmpp-404-bc235ef3,000186,127.676929,2026-08-31T19:52:42.200+00:00,2026-08-31T19:52:38.408+00:00,2026-08-31T19:52:38.417+00:00,2026-08-31T19:52:38.417+00:00,2026-08-31T19:52:39.251+00:00,2026-08-31T19:52:39.251+00:00,0.356567,0.8346895880004013,sqs-worker-5986dcd897-cpvnf,ip-192-168-20-201.ec2.internal,174457b2ecd5649aeb9a911bb13407a72ca66a5a1e0c7c967da1ef9eee101368,1,9.0,843.0
1,keda-mmpp-404-bc235ef3,000188,132.573557,2026-08-31T19:52:47.096+00:00,2026-08-31T19:52:43.309+00:00,2026-08-31T19:52:43.312+00:00,2026-08-31T19:52:43.312+00:00,2026-08-31T19:52:43.526+00:00,2026-08-31T19:52:43.526+00:00,0.098367,0.2141934699993726,sqs-worker-5986dcd897-cpvnf,ip-192-168-20-201.ec2.internal,790b5fe16831643e15f5742143db400b14c13d5e4062ad3e096554c6fdbef11f,1,3.0,217.0
1,keda-mmpp-404-bc235ef3,000189,134.172998,2026-08-31T19:52:48.695+00:00,2026-08-31T19:52:44.903+00:00,2026-08-31T19:52:44.906+00:00,2026-08-31T19:52:44.906+00:00,2026-08-31T19:52:45.292+00:00,2026-08-31T19:52:45.292+00:00,0.168524,0.38565868099976797,sqs-worker-5986dcd897-x8rdl,ip-192-168-20-201.ec2.internal,17af80cc12d67355a3e6f2ec4c999cbb118fc30f742980edab426cf9ecaba61c,1,3.0,389.0
1,keda-mmpp-404-bc235ef3,000190,134.505374,2026-08-31T19:52:49.026+00:00,2026-08-31T19:52:45.233+00:00,2026-08-31T19:52:45.237+00:00,2026-08-31T19:52:45.237+00:00,2026-08-31T19:52:45.303+00:00,2026-08-31T19:52:45.303+00:00,0.022565,0.06661123900084931,sqs-worker-5986dcd897-j2j4k,ip-192-168-20-201.ec2.internal,b8da111e15057d82ea96c834d7fcbff2bcd22108dc7960447f89fd10d480dafc,1,4.0,70.0
1,keda-mmpp-404-bc235ef3,000191,135.622667,2026-08-31T19:52:50.144+00:00,2026-08-31T19:52:46.350+00:00,2026-08-31T19:52:46.354+00:00,2026-08-31T19:52:46.354+00:00,2026-08-31T19:52:46.470+00:00,2026-08-31T19:52:46.471+00:00,0.063882,0.11663955000040005,sqs-worker-5986dcd897-j2j4k,ip-192-168-20-201.ec2.internal,b4bd7e178c0b19e90a156580a441b00deda36d4e4f6744f34369e4cf086b964d,1,4.0,120.0
1,keda-mmpp-404-bc235ef3,000192,135.912398,2026-08-31T19:52:50.433+00:00,2026-08-31T19:52:46.646+00:00,2026-08-31T19:52:46.649+00:00,2026-08-31T19:52:46.650+00:00,2026-08-31T19:52:46.657+00:00,2026-08-31T19:52:46.657+00:00,0.007431,0.007469238998965011,sqs-worker-5986dcd897-cd987,ip-192-168-20-201.ec2.internal,71a140186643efb450f469a72274fff5a151310b17c576e1cb805e9853a8575a,1,3.0,11.0
1,keda-mmpp-404-bc235ef3,000194,136.279318,2026-08-31T19:52:50.800+00:00,2026-08-31T19:52:47.020+00:00,2026-08-31T19:52:47.028+00:00,2026-08-31T19:52:47.028+00:00,2026-08-31T19:52:47.416+00:00,2026-08-31T19:52:47.416+00:00,0.19276,0.38792381700113765,sqs-worker-5986dcd897-x8rdl,ip-192-168-20-201.ec2.internal,c03ddf25f106ea9e99ca78a2944248a5a23af84791ce01172d2557f3598a03de,1,8.0,396.0
1,keda-mmpp-404-bc235ef3,000193,135.937155,2026-08-31T19:52:50.458+00:00,2026-08-31T19:52:46.669+00:00,2026-08-31T19:52:46.673+00:00,2026-08-31T19:52:46.673+00:00,2026-08-31T19:52:48.270+00:00,2026-08-31T19:52:48.270+00:00,0.647341,1.5969105049989594,sqs-worker-5986dcd897-j2j4k,ip-192-168-20-201.ec2.internal,7f9b2d60f16c1076c3042d17c487ceaa79f3b3dbd925e06995c44f4b0b8397ba,1,4.0,1601.0
1,keda-mmpp-404-bc235ef3,000195,136.522029,2026-08-31T19:52:51.043+00:00,2026-08-31T19:52:47.249+00:00,2026-08-31T19:52:47.254+00:00,2026-08-31T19:52:47.254+00:00,2026-08-31T19:52:48.365+00:00,2026-08-31T19:52:48.365+00:00,0.466959,1.111463196000841,sqs-worker-5986dcd897-cpvnf,ip-192-168-20-201.ec2.internal,038c7eb813eb9c542d9b7fe5c270bc25cf05fa1a2e17a83d5ced9dbdb855065c,1,5.0,1116.0
1,keda-mmpp-404-bc235ef3,000196,136.88232,2026-08-31T19:52:51.403+00:00,2026-08-31T19:52:47.614+00:00,2026-08-31T19:52:47.617+00:00,2026-08-31T19:52:47.617+00:00,2026-08-31T19:52:48.599+00:00,2026-08-31T19:52:48.599+00:00,0.417681,0.9813945790010621,sqs-worker-5986dcd897-x8rdl,ip-192-168-20-201.ec2.internal,f892cebd011d08b2df731facf92bd4546e1849a79a032d3878eae9fd2f622f30,1,3.0,985.0
1,keda-mmpp-404-bc235ef3,000199,138.050973,2026-08-31T19:52:52.573+00:00,2026-08-31T19:52:48.781+00:00,2026-08-31T19:52:48.785+00:00,2026-08-31T19:52:48.785+00:00,2026-08-31T19:52:49.071+00:00,2026-08-31T19:52:49.071+00:00,0.130199,0.2859374099989509,sqs-worker-5986dcd897-j2j4k,ip-192-168-20-201.ec2.internal,06ed67a2aeab7e3a1387247dc9de7b268e065ca0824d77bc1fc814bcdcf97b89,1,4.0,290.0
1,keda-mmpp-404-bc235ef3,000197,137.060478,2026-08-31T19:52:51.581+00:00,2026-08-31T19:52:47.794+00:00,2026-08-31T19:52:47.799+00:00,2026-08-31T19:52:47.799+00:00,2026-08-31T19:52:48.397+00:00,2026-08-31T19:52:48.397+00:00,0.247755,0.5976737149994733,sqs-worker-5986dcd897-cd987,ip-192-168-20-201.ec2.internal,e3f356d00bc55d99c5cc13c1abf3dc673e25f96d1895d7b8da0c9bbd242f06f4,1,5.0,603.0
1,keda-mmpp-404-bc235ef3,000200,138.229855,2026-08-31T19:52:52.751+00:00,2026-08-31T19:52:48.957+00:00,2026-08-31T19:52:48.961+00:00,2026-08-31T19:52:48.961+00:00,2026-08-31T19:52:49.090+00:00,2026-08-31T19:52:49.090+00:00,0.070806,0.12854476299980888,sqs-worker-5986dcd897-cd987,ip-192-168-20-201.ec2.internal,dbf96e4539070c98adf012fb37ff2e1cf085d8afb2728369183436832ba288b0,1,4.0,133.0
1,keda-mmpp-404-bc235ef3,000198,137.850239,2026-08-31T19:52:52.372+00:00,2026-08-31T19:52:48.583+00:00,2026-08-31T19:52:48.587+00:00,2026-08-31T19:52:48.587+00:00,2026-08-31T19:52:49.154+00:00,2026-08-31T19:52:49.154+00:00,0.259634,0.5671876409996912,sqs-worker-5986dcd897-cpvnf,ip-192-168-20-201.ec2.internal,37b8e4db157e63d25e60114337f734711d1caa62874da0c9f6de21ef616e6389,1,4.0,571.0
1,keda-mmpp-404-bc235ef3,000201,139.030746,2026-08-31T19:52:53.552+00:00,2026-08-31T19:52:49.759+00:00,2026-08-31T19:52:49.763+00:00,2026-08-31T19:52:49.763+00:00,2026-08-31T19:52:49.924+00:00,2026-08-31T19:52:49.924+00:00,0.025781,0.16090710400021635,sqs-worker-5986dcd897-cpvnf,ip-192-168-20-201.ec2.internal,8b3ab58783f7fd47642995511f9f9ef89c3fbd3ed3060beda6f506ecee29fbf9,1,4.0,165.0
1,keda-mmpp-404-bc235ef3,000202,139.242133,2026-08-31T19:52:53.763+00:00,2026-08-31T19:52:49.966+00:00,2026-08-31T19:52:49.975+00:00,2026-08-31T19:52:49.975+00:00,2026-08-31T19:52:50.309+00:00,2026-08-31T19:52:50.309+00:00,0.149894,0.3336410199990496,sqs-worker-5986dcd897-cd987,ip-192-168-20-201.ec2.internal,f1620e1b0080120db1683f4004d02acb9e27795b08e633dd07b1650850fb02f7,1,9.0,343.0
1,keda-mmpp-404-bc235ef3,000203,139.56284,2026-08-31T19:52:54.084+00:00,2026-08-31T19:52:50.297+00:00,2026-08-31T19:52:50.306+00:00,2026-08-31T19:52:50.306+00:00,2026-08-31T19:52:50.922+00:00,2026-08-31T19:52:50.922+00:00,0.128709,0.6159901609989902,sqs-worker-5986dcd897-cpvnf,ip-192-168-20-201.ec2.internal,5c8110eb8e429239813dc529669348504de1e0a3e8744af59716d4b15711177d,1,9.0,625.0
1,keda-mmpp-404-bc235ef3,000204,139.880456,2026-08-31T19:52:54.401+00:00,2026-08-31T19:52:50.607+00:00,2026-08-31T19:52:50.611+00:00,2026-08-31T19:52:50.611+00:00,2026-08-31T19:52:51.148+00:00,2026-08-31T19:52:51.148+00:00,0.237658,0.5377621649986395,sqs-worker-5986dcd897-cd987,ip-192-168-20-201.ec2.internal,d361d58224140b45c34be49a5026a047cb0a343e819047e41b5ccd683506077d,1,4.0,541.0
1,keda-mmpp-404-bc235ef3,000206,140.757958,2026-08-31T19:52:55.277+00:00,2026-08-31T19:52:51.491+00:00,2026-08-31T19:52:51.496+00:00,2026-08-31T19:52:51.496+00:00,2026-08-31T19:52:51.837+00:00,2026-08-31T19:52:51.837+00:00,0.155705,0.3409167569989222,sqs-worker-5986dcd897-cpvnf,ip-192-168-20-201.ec2.internal,2a7f6aab7fd50c31bbe30092c39bfbf6fb13cb1c4a2213ffa5048f2891810dce,1,5.0,346.0
1,keda-mmpp-404-bc235ef3,000208,140.917126,2026-08-31T19:52:55.436+00:00,2026-08-31T19:52:51.648+00:00,2026-08-31T19:52:51.653+00:00,2026-08-31T19:52:51.653+00:00,2026-08-31T19:52:51.901+00:00,2026-08-31T19:52:51.901+00:00,0.124596,0.24740022299920383,sqs-worker-5986dcd897-j2j4k,ip-192-168-20-201.ec2.internal,40897e54d8241d6c5ba8efd0108e631aac1734fdcc6796f88b4baedcc6013dcd,1,5.0,253.0
1,keda-mmpp-404-bc235ef3,000207,140.833189,2026-08-31T19:52:55.352+00:00,2026-08-31T19:52:51.558+00:00,2026-08-31T19:52:51.563+00:00,2026-08-31T19:52:51.564+00:00,2026-08-31T19:52:52.064+00:00,2026-08-31T19:52:52.064+00:00,0.225008,0.5005103789990244,sqs-worker-5986dcd897-cd987,ip-192-168-20-201.ec2.internal,005462ba248ecda423504f96f82d49f54e51925a35e5ea1c5c41eb8d568fb984,1,5.0,506.0
1,keda-mmpp-404-bc235ef3,000209,140.978568,2026-08-31T19:52:55.498+00:00,2026-08-31T19:52:51.708+00:00,2026-08-31T19:52:51.865+00:00,2026-08-31T19:52:51.865+00:00,2026-08-31T19:52:52.221+00:00,2026-08-31T19:52:52.221+00:00,0.142326,0.35627625199958857,sqs-worker-5986dcd897-cpvnf,ip-192-168-20-201.ec2.internal,1e28f144c29763de3bf644112fe17de2d3c151822493c82180ceb221f8533a40,1,157.0,513.0
1,keda-mmpp-404-bc235ef3,000211,141.606603,2026-08-31T19:52:56.126+00:00,2026-08-31T19:52:52.335+00:00,2026-08-31T19:52:52.348+00:00,2026-08-31T19:52:52.348+00:00,2026-08-31T19:52:52.860+00:00,2026-08-31T19:52:52.860+00:00,0.225247,0.5125055629996496,sqs-worker-5986dcd897-cpvnf,ip-192-168-20-201.ec2.internal,75c0d1a262ca32a99bfc537788b7c77b7d25ff5fd2e79a894ff0f7a726d100d5,1,13.0,525.0
1,keda-mmpp-404-bc235ef3,000205,140.424683,2026-08-31T19:52:54.944+00:00,2026-08-31T19:52:51.152+00:00,2026-08-31T19:52:51.157+00:00,2026-08-31T19:52:51.157+00:00,2026-08-31T19:52:52.042+00:00,2026-08-31T19:52:52.042+00:00,0.378401,0.8843696010007989,sqs-worker-5986dcd897-x8rdl,ip-192-168-20-201.ec2.internal,3cb080350c6b1ffee09ee43a0c22b9464c6c9b9a053289d4a45e15a026a36f6b,1,5.0,890.0
1,keda-mmpp-404-bc235ef3,000210,141.236473,2026-08-31T19:52:55.756+00:00,2026-08-31T19:52:51.963+00:00,2026-08-31T19:52:51.991+00:00,2026-08-31T19:52:51.991+00:00,2026-08-31T19:52:52.124+00:00,2026-08-31T19:52:52.124+00:00,0.074598,0.13261230399984925,sqs-worker-5986dcd897-j2j4k,ip-192-168-20-201.ec2.internal,1fe0ff1817236deb6cc50af4687a2eb6a5bb05248e253aa69a58d63e7bde4325,1,28.0,161.0
1,keda-mmpp-404-bc235ef3,000213,142.3391,2026-08-31T19:52:56.858+00:00,2026-08-31T19:52:53.067+00:00,2026-08-31T19:52:53.072+00:00,2026-08-31T19:52:53.072+00:00,2026-08-31T19:52:53.198+00:00,2026-08-31T19:52:53.198+00:00,0.067129,0.12566220199914824,sqs-worker-5986dcd897-j2j4k,ip-192-168-20-201.ec2.internal,49d66bde41cd68391807049b1fda3b00f474b836047424ac5696a5483720aac3,1,5.0,131.0
1,keda-mmpp-404-bc235ef3,000217,143.357339,2026-08-31T19:52:57.878+00:00,2026-08-31T19:52:54.084+00:00,2026-08-31T19:52:54.088+00:00,2026-08-31T19:52:54.088+00:00,2026-08-31T19:52:54.098+00:00,2026-08-31T19:52:54.098+00:00,0.010391,0.010440568999911193,sqs-worker-5986dcd897-cpvnf,ip-192-168-20-201.ec2.internal,bd65f169f1cf8165e28750e80ee24725619fdf4ab61f9d585602462bbe9a990e,1,4.0,14.0
1,keda-mmpp-404-bc235ef3,000214,142.777301,2026-08-31T19:52:57.297+00:00,2026-08-31T19:52:53.505+00:00,2026-08-31T19:52:53.508+00:00,2026-08-31T19:52:53.508+00:00,2026-08-31T19:52:53.932+00:00,2026-08-31T19:52:53.932+00:00,0.183432,0.4232873050004855,sqs-worker-5986dcd897-cpvnf,ip-192-168-20-201.ec2.internal,400d63048e0fb5301f2c35da6c07c8a82193e24c086b7c5eb16972ab6da35ab0,1,3.0,427.0
1,keda-mmpp-404-bc235ef3,000216,143.063507,2026-08-31T19:52:57.582+00:00,2026-08-31T19:52:53.829+00:00,2026-08-31T19:52:53.844+00:00,2026-08-31T19:52:53.844+00:00,2026-08-31T19:52:54.104+00:00,2026-08-31T19:52:54.104+00:00,0.140571,0.2603042409991758,sqs-worker-5986dcd897-x8rdl,ip-192-168-20-201.ec2.internal,892bd287c8847c99daa4e1cb437d4880d77fadbe57616327ca497e9e7a80a7a2,1,15.0,275.0
1,keda-mmpp-404-bc235ef3,000212,142.220737,2026-08-31T19:52:56.740+00:00,2026-08-31T19:52:52.949+00:00,2026-08-31T19:52:52.986+00:00,2026-08-31T19:52:52.986+00:00,2026-08-31T19:52:53.819+00:00,2026-08-31T19:52:53.819+00:00,0.355064,0.8335600319987861,sqs-worker-5986dcd897-cd987,ip-192-168-20-201.ec2.internal,8548b7de721ed1461eef4926d47fcbf0313a2cb9435c74c1bf34ad2a654f2269,1,37.0,870.0
1,keda-mmpp-404-bc235ef3,000215,143.0339,2026-08-31T19:52:57.553+00:00,2026-08-31T19:52:53.759+00:00,2026-08-31T19:52:53.763+00:00,2026-08-31T19:52:53.763+00:00,2026-08-31T19:52:53.878+00:00,2026-08-31T19:52:53.878+00:00,0.0622,0.11491127000044798,sqs-worker-5986dcd897-j2j4k,ip-192-168-20-201.ec2.internal,4ee70ead49c2aff01bd124b23c431d2a04f3b9cdd12a1c927cac7e4eb19caba4,1,4.0,119.0
1,keda-mmpp-404-bc235ef3,000220,144.950129,2026-08-31T19:52:59.470+00:00,2026-08-31T19:52:55.679+00:00,2026-08-31T19:52:55.683+00:00,2026-08-31T19:52:55.683+00:00,2026-08-31T19:52:55.706+00:00,2026-08-31T19:52:55.706+00:00,0.01501,0.022428520000175922,sqs-worker-5986dcd897-j2j4k,ip-192-168-20-201.ec2.internal,859f530964301b0664dc85a5bfd19f9a7373e7b15feaf4df8e9f544f42a919ca,1,4.0,27.0
1,keda-mmpp-404-bc235ef3,000218,144.554309,2026-08-31T19:52:59.074+00:00,2026-08-31T19:52:55.281+00:00,2026-08-31T19:52:55.286+00:00,2026-08-31T19:52:55.286+00:00,2026-08-31T19:52:55.880+00:00,2026-08-31T19:52:55.880+00:00,0.243916,0.5933825329993851,sqs-worker-5986dcd897-x8rdl,ip-192-168-20-201.ec2.internal,ef43328d8c9094d6f421926a9c0195ccdfea6c7cb71f7ea3821c617c268a63cc,1,5.0,599.0
1,keda-mmpp-404-bc235ef3,000221,145.072221,2026-08-31T19:52:59.591+00:00,2026-08-31T19:52:55.797+00:00,2026-08-31T19:52:55.801+00:00,2026-08-31T19:52:55.801+00:00,2026-08-31T19:52:56.238+00:00,2026-08-31T19:52:56.238+00:00,0.197734,0.4364055759997427,sqs-worker-5986dcd897-cpvnf,ip-192-168-20-201.ec2.internal,a2f26c937f5a7232a112014d8b16ac2f3b53f9022ea1f274effaf9a08bfbff56,1,4.0,441.0
1,keda-mmpp-404-bc235ef3,000219,144.564903,2026-08-31T19:52:59.086+00:00,2026-08-31T19:52:55.295+00:00,2026-08-31T19:52:55.305+00:00,2026-08-31T19:52:55.305+00:00,2026-08-31T19:52:56.153+00:00,2026-08-31T19:52:56.153+00:00,0.160583,0.8477248329982103,sqs-worker-5986dcd897-cd987,ip-192-168-20-201.ec2.internal,f12315f659a32b2c7b0bc556b5d967a2883f01062828e3754b0687786d7c0b2f,1,10.0,858.0
1,keda-mmpp-404-bc235ef3,000224,146.101783,2026-08-31T19:53:00.622+00:00,2026-08-31T19:52:56.829+00:00,2026-08-31T19:52:56.834+00:00,2026-08-31T19:52:56.834+00:00,2026-08-31T19:52:56.876+00:00,2026-08-31T19:52:56.876+00:00,0.029596,0.04234022699893103,sqs-worker-5986dcd897-j2j4k,ip-192-168-20-201.ec2.internal,d999c92978d74513ea866b2462d298e4ce66822c376108a48a4b3ff519b1c75c,1,5.0,47.0
1,keda-mmpp-404-bc235ef3,000223,145.340801,2026-08-31T19:52:59.860+00:00,2026-08-31T19:52:56.069+00:00,2026-08-31T19:52:56.073+00:00,2026-08-31T19:52:56.073+00:00,2026-08-31T19:52:56.195+00:00,2026-08-31T19:52:56.195+00:00,0.058778,0.12160223899991252,sqs-worker-5986dcd897-x8rdl,ip-192-168-20-201.ec2.internal,766db77de75d849e45f9c977d7d1b8314a5f1cd0a83c032b774ce59245f4d1d2,1,4.0,126.0
1,keda-mmpp-404-bc235ef3,000222,145.320905,2026-08-31T19:52:59.840+00:00,2026-08-31T19:52:56.051+00:00,2026-08-31T19:52:56.057+00:00,2026-08-31T19:52:56.057+00:00,2026-08-31T19:52:56.780+00:00,2026-08-31T19:52:56.780+00:00,0.310821,0.7238574429993605,sqs-worker-5986dcd897-j2j4k,ip-192-168-20-201.ec2.internal,7f32f02f73034900bd45a6cb0944448f99574e95e0496937706a55b83dcfea78,1,6.0,729.0
1,keda-mmpp-404-bc235ef3,000225,147.589255,2026-08-31T19:53:02.110+00:00,2026-08-31T19:52:58.316+00:00,2026-08-31T19:52:58.320+00:00,2026-08-31T19:52:58.320+00:00,2026-08-31T19:52:58.335+00:00,2026-08-31T19:52:58.335+00:00,0.014973,0.015038372999697458,sqs-worker-5986dcd897-j2j4k,ip-192-168-20-201.ec2.internal,c4a2c3803b47825efffa0a4c974033f7e3c4bc624a940fdb10c7d1c7bf3d7bc7,1,4.0,19.0
1,keda-mmpp-404-bc235ef3,000226,152.649735,2026-08-31T19:53:07.174+00:00,2026-08-31T19:53:03.381+00:00,2026-08-31T19:53:03.385+00:00,2026-08-31T19:53:03.385+00:00,2026-08-31T19:53:03.521+00:00,2026-08-31T19:53:03.521+00:00,0.078155,0.13626398800079187,sqs-worker-5986dcd897-x8rdl,ip-192-168-20-201.ec2.internal,29c4dc2f29088165b1c8b249077160c977761bce160d440d4731e6ef81b73b8d,1,4.0,140.0
1,keda-mmpp-404-bc235ef3,000227,154.867661,2026-08-31T19:53:09.389+00:00,2026-08-31T19:53:05.597+00:00,2026-08-31T19:53:05.602+00:00,2026-08-31T19:53:05.602+00:00,2026-08-31T19:53:06.159+00:00,2026-08-31T19:53:06.159+00:00,0.114385,0.5568924439994589,sqs-worker-5986dcd897-cd987,ip-192-168-20-201.ec2.internal,5dc3e0e258432e9fcee9a1d71575630780dfe63bf65ec0a8b756192c9c582dc1,1,5.0,562.0
1,keda-mmpp-404-bc235ef3,000228,155.998694,2026-08-31T19:53:10.518+00:00,2026-08-31T19:53:06.723+00:00,2026-08-31T19:53:06.728+00:00,2026-08-31T19:53:06.728+00:00,2026-08-31T19:53:07.008+00:00,2026-08-31T19:53:07.008+00:00,0.139532,0.28005582399964624,sqs-worker-5986dcd897-cd987,ip-192-168-20-201.ec2.internal,2612148441060cbd2f1ea22552047303fe72e8e3e60ec8fc134121014924550e,1,5.0,285.0
1,keda-mmpp-404-bc235ef3,000229,156.592923,2026-08-31T19:53:11.113+00:00,2026-08-31T19:53:07.329+00:00,2026-08-31T19:53:07.336+00:00,2026-08-31T19:53:07.336+00:00,2026-08-31T19:53:08.492+00:00,2026-08-31T19:53:08.492+00:00,0.489367,1.156698859998869,sqs-worker-5986dcd897-x8rdl,ip-192-168-20-201.ec2.internal,f5c4e8df7f20bf5a82b097c5ceb646029e939a4ae8f916c6a420e114acf109dd,1,7.0,1163.0
1,keda-mmpp-404-bc235ef3,000230,165.096283,2026-08-31T19:53:19.622+00:00,2026-08-31T19:53:15.829+00:00,2026-08-31T19:53:15.836+00:00,2026-08-31T19:53:15.836+00:00,2026-08-31T19:53:15.843+00:00,2026-08-31T19:53:15.843+00:00,0.007331,0.007370018000074197,sqs-worker-5986dcd897-j2j4k,ip-192-168-20-201.ec2.internal,4822f0223e28c1d701ae0a0f208df612e95fa83c2ce4c19d80402231538b1873,1,7.0,14.0
1,keda-mmpp-404-bc235ef3,000231,165.131815,2026-08-31T19:53:19.651+00:00,2026-08-31T19:53:15.863+00:00,2026-08-31T19:53:15.867+00:00,2026-08-31T19:53:15.867+00:00,2026-08-31T19:53:15.878+00:00,2026-08-31T19:53:15.878+00:00,0.010641,0.010681900999770733,sqs-worker-5986dcd897-x8rdl,ip-192-168-20-201.ec2.internal,2b667cf9ca2d5470c76fa0608b64803cc50bd8df2115e24a9bc45c3edd3a28fc,1,4.0,15.0
1,keda-mmpp-404-bc235ef3,000234,167.463087,2026-08-31T19:53:21.982+00:00,2026-08-31T19:53:18.187+00:00,2026-08-31T19:53:18.191+00:00,2026-08-31T19:53:18.191+00:00,2026-08-31T19:53:18.523+00:00,2026-08-31T19:53:18.523+00:00,0.152182,0.33206945800156973,sqs-worker-5986dcd897-j2j4k,ip-192-168-20-201.ec2.internal,b81ba694e9a3438bfcc87dd97a9a01a031053f75b37a9cce5ba516d3fa7338d6,1,4.0,336.0
1,keda-mmpp-404-bc235ef3,000237,167.937352,2026-08-31T19:53:22.456+00:00,2026-08-31T19:53:18.694+00:00,2026-08-31T19:53:18.707+00:00,2026-08-31T19:53:18.707+00:00,2026-08-31T19:53:18.825+00:00,2026-08-31T19:53:18.825+00:00,0.059219,0.11799218399937672,sqs-worker-5986dcd897-j2j4k,ip-192-168-20-201.ec2.internal,58ebf78ca6ecd4038cbf9279695ce3e59b021da93e8ae1edba748aa8c16b10b6,1,13.0,131.0
1,keda-mmpp-404-bc235ef3,000235,167.821034,2026-08-31T19:53:22.340+00:00,2026-08-31T19:53:18.546+00:00,2026-08-31T19:53:18.549+00:00,2026-08-31T19:53:18.549+00:00,2026-08-31T19:53:18.611+00:00,2026-08-31T19:53:18.611+00:00,0.023981,0.062037774001510115,sqs-worker-5986dcd897-j2j4k,ip-192-168-20-201.ec2.internal,cd5393e8976932ef0fcdd0e621b8ad11665b74dc71678df12479f842b3732094,1,3.0,65.0
1,keda-mmpp-404-bc235ef3,000236,167.890835,2026-08-31T19:53:22.410+00:00,2026-08-31T19:53:18.615+00:00,2026-08-31T19:53:18.619+00:00,2026-08-31T19:53:18.619+00:00,2026-08-31T19:53:18.819+00:00,2026-08-31T19:53:18.819+00:00,0.094979,0.19993018499917525,sqs-worker-5986dcd897-cd987,ip-192-168-20-201.ec2.internal,afba1fcb03f485b2a1d85cfc393c47f6983ec89c62dc88e5a9cda480d2686c17,1,4.0,204.0
1,keda-mmpp-404-bc235ef3,000233,167.295418,2026-08-31T19:53:21.814+00:00,2026-08-31T19:53:18.020+00:00,2026-08-31T19:53:18.031+00:00,2026-08-31T19:53:18.031+00:00,2026-08-31T19:53:18.902+00:00,2026-08-31T19:53:18.902+00:00,0.378329,0.8709533109995391,sqs-worker-5986dcd897-x8rdl,ip-192-168-20-201.ec2.internal,62403a953b9c84ff65564ab085b16157c47e53a62ae6f4d82222affa2fb654df,1,11.0,882.0
1,keda-mmpp-404-bc235ef3,000240,168.887526,2026-08-31T19:53:23.407+00:00,2026-08-31T19:53:19.612+00:00,2026-08-31T19:53:19.616+00:00,2026-08-31T19:53:19.616+00:00,2026-08-31T19:53:19.727+00:00,2026-08-31T19:53:19.727+00:00,0.062358,0.11093179900126415,sqs-worker-5986dcd897-j2j4k,ip-192-168-20-201.ec2.internal,33e8b8674a5e95e80ced855219418273894ae98111d63067ea42a0486ba9e632,1,4.0,115.0
1,keda-mmpp-404-bc235ef3,000238,168.676234,2026-08-31T19:53:23.196+00:00,2026-08-31T19:53:19.402+00:00,2026-08-31T19:53:19.406+00:00,2026-08-31T19:53:19.406+00:00,2026-08-31T19:53:19.738+00:00,2026-08-31T19:53:19.738+00:00,0.082236,0.3319874640001217,sqs-worker-5986dcd897-cpvnf,ip-192-168-20-201.ec2.internal,caf552e6bccf91e81ba06f2a55be72a2074ecb5bae0fc10b5b04a0d0bd7e25f1,1,4.0,336.0
1,keda-mmpp-404-bc235ef3,000239,168.685099,2026-08-31T19:53:23.204+00:00,2026-08-31T19:53:19.409+00:00,2026-08-31T19:53:19.417+00:00,2026-08-31T19:53:19.417+00:00,2026-08-31T19:53:19.988+00:00,2026-08-31T19:53:19.988+00:00,0.188512,0.5707772210007533,sqs-worker-5986dcd897-x8rdl,ip-192-168-20-201.ec2.internal,f211e2a4161b60d1058b9dfb7ab766f2547c352d3c13d5483a6be5959cb3c798,1,8.0,579.0
1,keda-mmpp-404-bc235ef3,000244,169.731405,2026-08-31T19:53:24.250+00:00,2026-08-31T19:53:20.455+00:00,2026-08-31T19:53:20.459+00:00,2026-08-31T19:53:20.459+00:00,2026-08-31T19:53:20.582+00:00,2026-08-31T19:53:20.582+00:00,0.067829,0.12386705999961123,sqs-worker-5986dcd897-cd987,ip-192-168-20-201.ec2.internal,674851e96dbfc9536cb0107576e391e6e6c1afc28b58af4a81e4bfd810322143,1,4.0,127.0
1,keda-mmpp-404-bc235ef3,000232,167.223627,2026-08-31T19:53:21.745+00:00,2026-08-31T19:53:17.953+00:00,2026-08-31T19:53:17.959+00:00,2026-08-31T19:53:17.959+00:00,2026-08-31T19:53:18.868+00:00,2026-08-31T19:53:18.868+00:00,0.39179,0.9088730010007566,sqs-worker-5986dcd897-cpvnf,ip-192-168-20-201.ec2.internal,4c8ed73a0a2958dc9ad60e7acfc5ae4f82bfcd0298f1f0cdea07d3c142464625,1,6.0,915.0
1,keda-mmpp-404-bc235ef3,000245,169.757969,2026-08-31T19:53:24.277+00:00,2026-08-31T19:53:20.483+00:00,2026-08-31T19:53:20.615+00:00,2026-08-31T19:53:20.615+00:00,2026-08-31T19:53:20.798+00:00,2026-08-31T19:53:20.798+00:00,0.079137,0.18334009099999093,sqs-worker-5986dcd897-cd987,ip-192-168-20-201.ec2.internal,1e029f16756bbb77fe9c53c88dd27557796b73422665ec2a89615cdc294bffdb,1,132.0,315.0
1,keda-mmpp-404-bc235ef3,000241,169.363648,2026-08-31T19:53:23.883+00:00,2026-08-31T19:53:20.089+00:00,2026-08-31T19:53:20.098+00:00,2026-08-31T19:53:20.098+00:00,2026-08-31T19:53:20.798+00:00,2026-08-31T19:53:20.798+00:00,0.288212,0.6999865979996684,sqs-worker-5986dcd897-j2j4k,ip-192-168-20-201.ec2.internal,47660372cd6020a11f90d7674f35ea7a5a48b3ea7a479ad762a5dcebaa996081,1,9.0,709.0
1,keda-mmpp-404-bc235ef3,000246,170.230913,2026-08-31T19:53:24.750+00:00,2026-08-31T19:53:20.955+00:00,2026-08-31T19:53:20.960+00:00,2026-08-31T19:53:20.960+00:00,2026-08-31T19:53:21.200+00:00,2026-08-31T19:53:21.200+00:00,0.11428,0.2407318990008207,sqs-worker-5986dcd897-cd987,ip-192-168-20-201.ec2.internal,368d49633a7e79d3d49231955f266aad8f8c9be750921d0d97b68786c26cc5a4,1,5.0,245.0
1,keda-mmpp-404-bc235ef3,000242,169.468098,2026-08-31T19:53:23.987+00:00,2026-08-31T19:53:20.197+00:00,2026-08-31T19:53:20.233+00:00,2026-08-31T19:53:20.233+00:00,2026-08-31T19:53:20.753+00:00,2026-08-31T19:53:20.753+00:00,0.11856,0.520281592000174,sqs-worker-5986dcd897-cpvnf,ip-192-168-20-201.ec2.internal,e3e66e577f23d8fcbf744eabba1068b5eb91e89896dbfe0a1aee431dc0f7ce5c,1,36.0,556.0
1,keda-mmpp-404-bc235ef3,000248,170.626487,2026-08-31T19:53:25.146+00:00,2026-08-31T19:53:21.355+00:00,2026-08-31T19:53:21.359+00:00,2026-08-31T19:53:21.359+00:00,2026-08-31T19:53:21.404+00:00,2026-08-31T19:53:21.404+00:00,0.036558,0.04512678399987635,sqs-worker-5986dcd897-cd987,ip-192-168-20-201.ec2.internal,f3795f4c857b15d544203912809a1d256a01a69fc2d672513541ac3594d8f178,1,4.0,49.0
1,keda-mmpp-404-bc235ef3,000249,170.719828,2026-08-31T19:53:25.238+00:00,2026-08-31T19:53:21.443+00:00,2026-08-31T19:53:21.447+00:00,2026-08-31T19:53:21.447+00:00,2026-08-31T19:53:21.705+00:00,2026-08-31T19:53:21.705+00:00,0.120922,0.2579849909998302,sqs-worker-5986dcd897-j2j4k,ip-192-168-20-201.ec2.internal,d516341b7dd3cee050d07a7e2831952c50cae450717b16265121a959b7c29794,1,4.0,262.0
1,keda-mmpp-404-bc235ef3,000247,170.465172,2026-08-31T19:53:24.983+00:00,2026-08-31T19:53:21.190+00:00,2026-08-31T19:53:21.194+00:00,2026-08-31T19:53:21.194+00:00,2026-08-31T19:53:21.843+00:00,2026-08-31T19:53:21.843+00:00,0.279953,0.648891310000181,sqs-worker-5986dcd897-cpvnf,ip-192-168-20-201.ec2.internal,e02c3a52c2247635be5caf57e5dabc6e44362eb33959c8e693431f1b7a57de9e,1,4.0,653.0
1,keda-mmpp-404-bc235ef3,000251,171.315725,2026-08-31T19:53:25.833+00:00,2026-08-31T19:53:22.046+00:00,2026-08-31T19:53:22.049+00:00,2026-08-31T19:53:22.049+00:00,2026-08-31T19:53:22.583+00:00,2026-08-31T19:53:22.583+00:00,0.232914,0.5336654729999282,sqs-worker-5986dcd897-j2j4k,ip-192-168-20-201.ec2.internal,4846beda24cfb1ebdc361d3db6114ff3603e43462dbe1c06260370f9e8d4d5ab,1,3.0,537.0
1,keda-mmpp-404-bc235ef3,000250,171.141158,2026-08-31T19:53:25.659+00:00,2026-08-31T19:53:21.865+00:00,2026-08-31T19:53:21.869+00:00,2026-08-31T19:53:21.869+00:00,2026-08-31T19:53:22.320+00:00,2026-08-31T19:53:22.320+00:00,0.194273,0.4513029079989792,sqs-worker-5986dcd897-cd987,ip-192-168-20-201.ec2.internal,da4ed27dc2b9cb1d33b36a0c2d8334b799bc5f8168b83e9de2cf196829930421,1,4.0,455.0
1,keda-mmpp-404-bc235ef3,000252,171.462107,2026-08-31T19:53:25.980+00:00,2026-08-31T19:53:22.188+00:00,2026-08-31T19:53:22.197+00:00,2026-08-31T19:53:22.197+00:00,2026-08-31T19:53:23.068+00:00,2026-08-31T19:53:23.068+00:00,0.361879,0.8713743789994624,sqs-worker-5986dcd897-cpvnf,ip-192-168-20-201.ec2.internal,792cd7ecab96e557007ae39f2fa8c0af49e7a33be7ff7d68a463b415a1bf4ff3,1,9.0,880.0
1,keda-mmpp-404-bc235ef3,000254,171.889024,2026-08-31T19:53:26.407+00:00,2026-08-31T19:53:22.617+00:00,2026-08-31T19:53:22.621+00:00,2026-08-31T19:53:22.621+00:00,2026-08-31T19:53:23.302+00:00,2026-08-31T19:53:23.302+00:00,0.291344,0.6815666150014295,sqs-worker-5986dcd897-cd987,ip-192-168-20-201.ec2.internal,bb72a09369f90a47648e46357423c62613582a1573ee0e549ba8bc818f034f8c,1,4.0,685.0
1,keda-mmpp-404-bc235ef3,000253,171.81741,2026-08-31T19:53:26.335+00:00,2026-08-31T19:53:22.544+00:00,2026-08-31T19:53:22.547+00:00,2026-08-31T19:53:22.547+00:00,2026-08-31T19:53:23.196+00:00,2026-08-31T19:53:23.206+00:00,0.291933,0.6587715950008715,sqs-worker-5986dcd897-x8rdl,ip-192-168-20-201.ec2.internal,bef3526d05b7f4433222080bba06ad8f61df25395622cb7a4a42462aac600de2,1,3.0,652.0
1,keda-mmpp-404-bc235ef3,000258,173.387771,2026-08-31T19:53:27.908+00:00,2026-08-31T19:53:24.120+00:00,2026-08-31T19:53:24.124+00:00,2026-08-31T19:53:24.124+00:00,2026-08-31T19:53:24.142+00:00,2026-08-31T19:53:24.142+00:00,0.017686,0.017724897999869427,sqs-worker-5986dcd897-cpvnf,ip-192-168-20-201.ec2.internal,7c05dc356c37e7083c8cdf217f7f9cf46ca2728c5cf0ad80d797e75931ef28cb,1,4.0,22.0
1,keda-mmpp-404-bc235ef3,000243,169.707537,2026-08-31T19:53:24.227+00:00,2026-08-31T19:53:20.436+00:00,2026-08-31T19:53:20.487+00:00,2026-08-31T19:53:20.487+00:00,2026-08-31T19:53:22.403+00:00,2026-08-31T19:53:22.403+00:00,0.383189,1.9162050670001918,sqs-worker-5986dcd897-x8rdl,ip-192-168-20-201.ec2.internal,e5d0b7f41fb591e01f34d53a8fbfb2cb6e7dc7616129fb548f991686ca27046b,1,51.0,1967.0
1,keda-mmpp-404-bc235ef3,000259,173.416046,2026-08-31T19:53:27.934+00:00,2026-08-31T19:53:24.141+00:00,2026-08-31T19:53:24.145+00:00,2026-08-31T19:53:24.145+00:00,2026-08-31T19:53:24.392+00:00,2026-08-31T19:53:24.392+00:00,0.122965,0.2471860719997494,sqs-worker-5986dcd897-cd987,ip-192-168-20-201.ec2.internal,6db69e65a5d1c5d617530aa8bc8a602801ed4b6bb74bac012129c266fca7491a,1,4.0,251.0
1,keda-mmpp-404-bc235ef3,000256,172.210322,2026-08-31T19:53:26.728+00:00,2026-08-31T19:53:22.936+00:00,2026-08-31T19:53:23.132+00:00,2026-08-31T19:53:23.132+00:00,2026-08-31T19:53:23.316+00:00,2026-08-31T19:53:23.316+00:00,0.080556,0.1837278900002275,sqs-worker-5986dcd897-cpvnf,ip-192-168-20-201.ec2.internal,29add5ac593b65026e31a973b3d49275be668435a591ece8729aaaffe8a212e6,1,196.0,380.0
1,keda-mmpp-404-bc235ef3,000255,172.136286,2026-08-31T19:53:26.654+00:00,2026-08-31T19:53:22.893+00:00,2026-08-31T19:53:22.905+00:00,2026-08-31T19:53:22.906+00:00,2026-08-31T19:53:23.529+00:00,2026-08-31T19:53:23.529+00:00,0.278978,0.6238160570010223,sqs-worker-5986dcd897-j2j4k,ip-192-168-20-201.ec2.internal,02f0a8d859f8a05a0bb99a288a7b43483deb24ac964485a4eda8333139d33774,1,12.0,636.0
1,keda-mmpp-404-bc235ef3,000257,172.799646,2026-08-31T19:53:27.318+00:00,2026-08-31T19:53:23.524+00:00,2026-08-31T19:53:23.528+00:00,2026-08-31T19:53:23.528+00:00,2026-08-31T19:53:23.533+00:00,2026-08-31T19:53:23.533+00:00,0.005,0.005060888001025887,sqs-worker-5986dcd897-cd987,ip-192-168-20-201.ec2.internal,c941dbda781d40d5cb7f4262108b2f4878ad2d07b0cbf559e3a0424251e97a56,1,4.0,9.0
1,keda-mmpp-404-bc235ef3,000260,173.575845,2026-08-31T19:53:28.094+00:00,2026-08-31T19:53:24.300+00:00,2026-08-31T19:53:24.303+00:00,2026-08-31T19:53:24.303+00:00,2026-08-31T19:53:25.691+00:00,2026-08-31T19:53:25.691+00:00,0.568185,1.3877184470002248,sqs-worker-5986dcd897-x8rdl,ip-192-168-20-201.ec2.internal,01c0f2baf10e2999e9257372641ef7e40245ed2278ccd492382eedc97308acb2,1,3.0,1391.0
1,keda-mmpp-404-bc235ef3,000265,173.94125,2026-08-31T19:53:28.459+00:00,2026-08-31T19:53:24.668+00:00,2026-08-31T19:53:25.706+00:00,2026-08-31T19:53:25.706+00:00,2026-08-31T19:53:26.536+00:00,2026-08-31T19:53:26.536+00:00,0.342695,0.8301426950001769,sqs-worker-5986dcd897-x8rdl,ip-192-168-20-201.ec2.internal,50ae19c94e74916abf0b427136a8e232905e69f30b1b2c56977935a8b311d563,1,1038.0,1868.0
1,keda-mmpp-404-bc235ef3,000261,173.804936,2026-08-31T19:53:28.323+00:00,2026-08-31T19:53:24.535+00:00,2026-08-31T19:53:24.567+00:00,2026-08-31T19:53:24.567+00:00,2026-08-31T19:53:26.502+00:00,2026-08-31T19:53:26.502+00:00,0.429455,1.9355155110006308,sqs-worker-5986dcd897-cd987,ip-192-168-20-201.ec2.internal,542ad138416d23644301c341a82c4a392f08d7c510fa622ab6e313958e9d1c79,1,32.0,1967.0
1,keda-mmpp-404-bc235ef3,000262,173.81194,2026-08-31T19:53:28.331+00:00,2026-08-31T19:53:24.539+00:00,2026-08-31T19:53:24.574+00:00,2026-08-31T19:53:24.574+00:00,2026-08-31T19:53:26.949+00:00,2026-08-31T19:53:26.950+00:00,0.976332,2.375089281000328,sqs-worker-5986dcd897-cpvnf,ip-192-168-20-201.ec2.internal,550f3d1bae6b3d5f6c2f5eee6774b2ace098ec397ef62c21ef73740184dd48a6,1,35.0,2410.0
1,keda-mmpp-404-bc235ef3,000267,174.456196,2026-08-31T19:53:28.974+00:00,2026-08-31T19:53:25.180+00:00,2026-08-31T19:53:26.583+00:00,2026-08-31T19:53:26.583+00:00,2026-08-31T19:53:27.830+00:00,2026-08-31T19:53:27.830+00:00,0.515399,1.247008640999411,sqs-worker-5986dcd897-x8rdl,ip-192-168-20-201.ec2.internal,556f5ccf6d9b843806ef81ac89734ccff986f8863a1b5572bec36e681ad9294c,1,1403.0,2650.0
1,keda-mmpp-404-bc235ef3,000271,176.256777,2026-08-31T19:53:30.775+00:00,2026-08-31T19:53:26.978+00:00,2026-08-31T19:53:27.942+00:00,2026-08-31T19:53:27.942+00:00,2026-08-31T19:53:28.463+00:00,2026-08-31T19:53:28.463+00:00,0.219003,0.5212968929990893,sqs-worker-5986dcd897-j2j4k,ip-192-168-20-201.ec2.internal,d867354de7ee9562563745dc18ed742dc05b7cea9e1b52d7a655eba046a46ccb,1,964.0,1485.0
1,keda-mmpp-404-bc235ef3,000279,177.520328,2026-08-31T19:53:32.038+00:00,2026-08-31T19:53:28.253+00:00,2026-08-31T19:53:28.526+00:00,2026-08-31T19:53:28.526+00:00,2026-08-31T19:53:28.531+00:00,2026-08-31T19:53:28.531+00:00,0.005,0.005039704999944661,sqs-worker-5986dcd897-x8rdl,ip-192-168-20-201.ec2.internal,ce8abfe17283f33bf01cbff32b01cd1c73a4f14f1dfef447f696f862a0696029,1,273.0,278.0
1,keda-mmpp-404-bc235ef3,000272,176.363156,2026-08-31T19:53:30.881+00:00,2026-08-31T19:53:27.087+00:00,2026-08-31T19:53:29.038+00:00,2026-08-31T19:53:29.038+00:00,2026-08-31T19:53:29.099+00:00,2026-08-31T19:53:29.099+00:00,0.034042,0.0606421769989538,sqs-worker-5986dcd897-x8rdl,ip-192-168-20-201.ec2.internal,c21f2f0ba34798b1fa882875793a0ee334ac71f63029f763a77f3c740ba2d8c2,1,1951.0,2012.0
1,keda-mmpp-404-bc235ef3,000276,176.770402,2026-08-31T19:53:31.288+00:00,2026-08-31T19:53:27.497+00:00,2026-08-31T19:53:28.547+00:00,2026-08-31T19:53:28.547+00:00,2026-08-31T19:53:28.987+00:00,2026-08-31T19:53:28.987+00:00,0.171492,0.4395285810005589,sqs-worker-5986dcd897-x8rdl,ip-192-168-20-201.ec2.internal,15491b108e6a2ecad101ad14cfe77b701a6d529add04c7fe82ce0e57a29e923d,1,1050.0,1490.0
1,keda-mmpp-404-bc235ef3,000270,175.87508,2026-08-31T19:53:30.393+00:00,2026-08-31T19:53:26.597+00:00,2026-08-31T19:53:26.969+00:00,2026-08-31T19:53:26.969+00:00,2026-08-31T19:53:29.427+00:00,2026-08-31T19:53:29.427+00:00,0.968883,2.45801178200054,sqs-worker-5986dcd897-cpvnf,ip-192-168-20-201.ec2.internal,92ce0eb636909c6baf4b8ec5ca1f38ecf74c63c7e83f9c4d700eb7089614e148,1,372.0,2830.0
1,keda-mmpp-404-bc235ef3,000275,176.636071,2026-08-31T19:53:31.154+00:00,2026-08-31T19:53:27.364+00:00,2026-08-31T19:53:29.105+00:00,2026-08-31T19:53:29.105+00:00,2026-08-31T19:53:29.504+00:00,2026-08-31T19:53:29.504+00:00,0.170041,0.3990023989990732,sqs-worker-5986dcd897-j2j4k,ip-192-168-20-201.ec2.internal,9e53c61e5415dc525cd0ec4ee4585f731290465caacbc504c389aca74e71ef3c,1,1741.0,2140.0
1,keda-mmpp-404-bc235ef3,000280,177.651591,2026-08-31T19:53:32.169+00:00,2026-08-31T19:53:28.379+00:00,2026-08-31T19:53:29.530+00:00,2026-08-31T19:53:29.530+00:00,2026-08-31T19:53:29.768+00:00,2026-08-31T19:53:29.768+00:00,0.099511,0.23845704899940756,sqs-worker-5986dcd897-j2j4k,ip-192-168-20-201.ec2.internal,81294b44f506e439e501f2ba6fc6dd48648d844f52aadf79493c68575b6b1fbd,1,1151.0,1389.0
1,keda-mmpp-404-bc235ef3,000282,179.033251,2026-08-31T19:53:33.554+00:00,2026-08-31T19:53:29.760+00:00,2026-08-31T19:53:29.807+00:00,2026-08-31T19:53:29.807+00:00,2026-08-31T19:53:30.108+00:00,2026-08-31T19:53:30.108+00:00,0.12642,0.301008811000429,sqs-worker-5986dcd897-j2j4k,ip-192-168-20-201.ec2.internal,78fe8c731cdd3ea6a474211ba1d2a05f29b9afe33ddaf8fde77024a70078d0d4,1,47.0,348.0
1,keda-mmpp-404-bc235ef3,000263,173.871564,2026-08-31T19:53:28.389+00:00,2026-08-31T19:53:24.596+00:00,2026-08-31T19:53:24.615+00:00,2026-08-31T19:53:24.615+00:00,2026-08-31T19:53:27.914+00:00,2026-08-31T19:53:27.914+00:00,0.737984,3.299855139999636,sqs-worker-5986dcd897-j2j4k,ip-192-168-20-201.ec2.internal,3a2d14059d07da6e3e2b32cc0541a118827c3f99b2a543ac491972b1be1e1a2f,1,19.0,3318.0
1,keda-mmpp-404-bc235ef3,000274,176.5892,2026-08-31T19:53:31.107+00:00,2026-08-31T19:53:27.312+00:00,2026-08-31T19:53:28.509+00:00,2026-08-31T19:53:28.509+00:00,2026-08-31T19:53:28.911+00:00,2026-08-31T19:53:28.911+00:00,0.172071,0.4024619100000564,sqs-worker-5986dcd897-j2j4k,ip-192-168-20-201.ec2.internal,3dccc9112af48c7c76f7991c370b9f3313023de9d544f89dd05ad73e308ba73c,1,1197.0,1599.0
1,keda-mmpp-404-bc235ef3,000264,173.898533,2026-08-31T19:53:28.416+00:00,2026-08-31T19:53:24.628+00:00,2026-08-31T19:53:28.182+00:00,2026-08-31T19:53:28.182+00:00,2026-08-31T19:53:29.001+00:00,2026-08-31T19:53:29.001+00:00,0.335087,0.8183362949985167,sqs-worker-5986dcd897-cd987,ip-192-168-20-201.ec2.internal,1fa10545b15d7bb4eee64883fd0142cd8b4e8bb1ec4a2dd80f108af8d93afbc8,1,3554.0,4373.0
1,keda-mmpp-404-bc235ef3,000281,177.670467,2026-08-31T19:53:32.188+00:00,2026-08-31T19:53:28.396+00:00,2026-08-31T19:53:29.119+00:00,2026-08-31T19:53:29.119+00:00,2026-08-31T19:53:30.186+00:00,2026-08-31T19:53:30.186+00:00,0.320812,1.0675528479987406,sqs-worker-5986dcd897-x8rdl,ip-192-168-20-201.ec2.internal,a66bbc53dd2bb3f2adad968c8d5435a67feffeb3f8658c77545b7e3976ded111,1,723.0,1790.0
1,keda-mmpp-404-bc235ef3,000266,174.285784,2026-08-31T19:53:28.804+00:00,2026-08-31T19:53:25.010+00:00,2026-08-31T19:53:26.777+00:00,2026-08-31T19:53:26.777+00:00,2026-08-31T19:53:28.168+00:00,2026-08-31T19:53:28.168+00:00,0.369649,1.3909108820007532,sqs-worker-5986dcd897-cd987,ip-192-168-20-201.ec2.internal,c8b5227386f4feef2713393d7ed9d9ca9e1e373659f9619bbe1ee9794e0c210d,1,1767.0,3158.0
1,keda-mmpp-404-bc235ef3,000277,176.924303,2026-08-31T19:53:31.442+00:00,2026-08-31T19:53:27.653+00:00,2026-08-31T19:53:27.846+00:00,2026-08-31T19:53:27.846+00:00,2026-08-31T19:53:28.503+00:00,2026-08-31T19:53:28.503+00:00,0.256216,0.6562832759991579,sqs-worker-5986dcd897-x8rdl,ip-192-168-20-201.ec2.internal,cdffd07e089cd1d0b739bc00d6c3404ed8c042ab8c618010e5c4af193f982e4f,1,193.0,850.0
1,keda-mmpp-404-bc235ef3,000269,175.777759,2026-08-31T19:53:30.296+00:00,2026-08-31T19:53:26.504+00:00,2026-08-31T19:53:29.012+00:00,2026-08-31T19:53:29.012+00:00,2026-08-31T19:53:29.019+00:00,2026-08-31T19:53:29.019+00:00,0.006631,0.006671640998320072,sqs-worker-5986dcd897-x8rdl,ip-192-168-20-201.ec2.internal,a8507b5b813b4ca224da735d6a77fdb9a7614a6db401ebc148d7ff09f47e7a55,1,2508.0,2515.0
1,keda-mmpp-404-bc235ef3,000268,174.663954,2026-08-31T19:53:29.182+00:00,2026-08-31T19:53:25.392+00:00,2026-08-31T19:53:28.936+00:00,2026-08-31T19:53:28.936+00:00,2026-08-31T19:53:29.072+00:00,2026-08-31T19:53:29.072+00:00,0.059664,0.13549689700084855,sqs-worker-5986dcd897-j2j4k,ip-192-168-20-201.ec2.internal,4cc40e6c92f540d4db8adecabd5bbded0948226d1cdb6344882d871dea645c2f,1,3544.0,3680.0
1,keda-mmpp-404-bc235ef3,000278,177.069845,2026-08-31T19:53:31.588+00:00,2026-08-31T19:53:27.841+00:00,2026-08-31T19:53:29.476+00:00,2026-08-31T19:53:29.476+00:00,2026-08-31T19:53:30.320+00:00,2026-08-31T19:53:30.320+00:00,0.15178,0.8435038609986805,sqs-worker-5986dcd897-cpvnf,ip-192-168-20-201.ec2.internal,da2c0cad63ed1bbc47e775ab49c8ef705345582792832b7263df09d4024ba68a,1,1635.0,2479.0
1,keda-mmpp-404-bc235ef3,000273,176.533763,2026-08-31T19:53:31.051+00:00,2026-08-31T19:53:27.260+00:00,2026-08-31T19:53:29.065+00:00,2026-08-31T19:53:29.065+00:00,2026-08-31T19:53:30.012+00:00,2026-08-31T19:53:30.012+00:00,0.399046,0.9464333039995836,sqs-worker-5986dcd897-cd987,ip-192-168-20-201.ec2.internal,ce024e1a3f11782409312becc94857da94ebd58dac986a637cf05da7fea14b7e,1,1805.0,2752.0
