schema_version,experiment_id,job_id,trace_offset_s,producer_sent_at,sqs_sent_at,worker_received_at,processing_started_at,processing_finished_at,result_sent_at,service_cpu_seconds,processing_wall_seconds,pod_name,node_name,digest,receive_count,queue_wait_ms,end_to_end_ms
1,keda-mmpp-808-bcdba705,000000,3.188918,2026-08-31T21:34:53.283+00:00,2026-08-31T21:34:53.330+00:00,2026-08-31T21:34:53.338+00:00,2026-08-31T21:34:53.338+00:00,2026-08-31T21:34:53.396+00:00,2026-08-31T21:34:53.396+00:00,0.058011,0.05808610199892428,sqs-worker-5986dcd897-x8rdl,ip-192-168-20-201.ec2.internal,411da6e4f8f16d96d3b850c3e1a015da564ddacf6aff9f63f0d2a285a459e837,1,8.0,66.0
1,keda-mmpp-808-bcdba705,000001,4.639395,2026-08-31T21:34:54.731+00:00,2026-08-31T21:34:54.758+00:00,2026-08-31T21:34:54.763+00:00,2026-08-31T21:34:54.763+00:00,2026-08-31T21:34:55.382+00:00,2026-08-31T21:34:55.382+00:00,0.263442,0.618963092998456,sqs-worker-5986dcd897-x8rdl,ip-192-168-20-201.ec2.internal,5dea86693bb44d14b247f58c03299cdb63400e2100178ef0e87108f30ba737f5,1,5.0,624.0
1,keda-mmpp-808-bcdba705,000002,11.575059,2026-08-31T21:35:01.672+00:00,2026-08-31T21:35:01.699+00:00,2026-08-31T21:35:01.708+00:00,2026-08-31T21:35:01.708+00:00,2026-08-31T21:35:02.114+00:00,2026-08-31T21:35:02.114+00:00,0.191002,0.4061037319988827,sqs-worker-5986dcd897-x8rdl,ip-192-168-20-201.ec2.internal,29387ec04ee54c973a92461b91a456a63b0084661eae3920bc710047e197eb86,1,9.0,415.0
1,keda-mmpp-808-bcdba705,000003,12.250765,2026-08-31T21:35:02.341+00:00,2026-08-31T21:35:02.370+00:00,2026-08-31T21:35:02.374+00:00,2026-08-31T21:35:02.374+00:00,2026-08-31T21:35:02.393+00:00,2026-08-31T21:35:02.393+00:00,0.019804,0.019854596997902263,sqs-worker-5986dcd897-x8rdl,ip-192-168-20-201.ec2.internal,6e40a590f2a068e84c0b427c53d7f5c67d3a28074b550c23f60754a94c1b192d,1,4.0,23.0
1,keda-mmpp-808-bcdba705,000004,13.331047,2026-08-31T21:35:03.422+00:00,2026-08-31T21:35:03.448+00:00,2026-08-31T21:35:03.456+00:00,2026-08-31T21:35:03.456+00:00,2026-08-31T21:35:03.488+00:00,2026-08-31T21:35:03.488+00:00,0.03174,0.03178189100071904,sqs-worker-5986dcd897-x8rdl,ip-192-168-20-201.ec2.internal,e027782ab1c9c0fa6e9bb864afccc1c58927ea8f1fca9a4b3980f97ab020c4a7,1,8.0,40.0
1,keda-mmpp-808-bcdba705,000005,14.999534,2026-08-31T21:35:05.091+00:00,2026-08-31T21:35:05.121+00:00,2026-08-31T21:35:05.127+00:00,2026-08-31T21:35:05.127+00:00,2026-08-31T21:35:05.620+00:00,2026-08-31T21:35:05.620+00:00,0.237294,0.4932678820005094,sqs-worker-5986dcd897-x8rdl,ip-192-168-20-201.ec2.internal,c01256d590c671185b337d0008af5faa8ab008050b9e3fc70b6041b8cedca7ab,1,6.0,499.0
1,keda-mmpp-808-bcdba705,000006,15.702024,2026-08-31T21:35:05.793+00:00,2026-08-31T21:35:05.836+00:00,2026-08-31T21:35:05.844+00:00,2026-08-31T21:35:05.844+00:00,2026-08-31T21:35:06.213+00:00,2026-08-31T21:35:06.213+00:00,0.188469,0.36810627200247836,sqs-worker-5986dcd897-x8rdl,ip-192-168-20-201.ec2.internal,0639e93940d9bfdac05b60bc067e152040bd5e68fd2f188ce4c63da3107297df,1,8.0,377.0
1,keda-mmpp-808-bcdba705,000007,17.612481,2026-08-31T21:35:07.703+00:00,2026-08-31T21:35:07.738+00:00,2026-08-31T21:35:07.742+00:00,2026-08-31T21:35:07.742+00:00,2026-08-31T21:35:08.100+00:00,2026-08-31T21:35:08.100+00:00,0.180674,0.35838711300311843,sqs-worker-5986dcd897-x8rdl,ip-192-168-20-201.ec2.internal,2fcce9070b5e6d709f0c42ea7bd87dbd9064b27e68045e17c7959178b0731b77,1,4.0,362.0
1,keda-mmpp-808-bcdba705,000008,21.012028,2026-08-31T21:35:11.105+00:00,2026-08-31T21:35:11.142+00:00,2026-08-31T21:35:11.174+00:00,2026-08-31T21:35:11.174+00:00,2026-08-31T21:35:11.792+00:00,2026-08-31T21:35:11.792+00:00,0.258563,0.6178074380004546,sqs-worker-5986dcd897-x8rdl,ip-192-168-20-201.ec2.internal,f288b830cb3b54cc7f698580ee5431891737d488714f09263cbfefc933646b3b,1,32.0,650.0
1,keda-mmpp-808-bcdba705,000009,21.38915,2026-08-31T21:35:11.479+00:00,2026-08-31T21:35:11.513+00:00,2026-08-31T21:35:11.835+00:00,2026-08-31T21:35:11.835+00:00,2026-08-31T21:35:12.115+00:00,2026-08-31T21:35:12.115+00:00,0.137919,0.2795572029972391,sqs-worker-5986dcd897-x8rdl,ip-192-168-20-201.ec2.internal,8a7c428f0f9affdec84beb613ffe679a734490295ca9f3054b5550a44007e228,1,322.0,602.0
1,keda-mmpp-808-bcdba705,000010,22.036588,2026-08-31T21:35:12.127+00:00,2026-08-31T21:35:12.157+00:00,2026-08-31T21:35:12.213+00:00,2026-08-31T21:35:12.213+00:00,2026-08-31T21:35:12.703+00:00,2026-08-31T21:35:12.703+00:00,0.224682,0.49003257699951064,sqs-worker-5986dcd897-x8rdl,ip-192-168-20-201.ec2.internal,c8d1b9ad477c2d720e73ad824cc8ec236b0bc45ba90637f52c0e47d349c22357,1,56.0,546.0
1,keda-mmpp-808-bcdba705,000012,22.264715,2026-08-31T21:35:12.355+00:00,2026-08-31T21:35:12.393+00:00,2026-08-31T21:35:12.734+00:00,2026-08-31T21:35:12.734+00:00,2026-08-31T21:35:13.506+00:00,2026-08-31T21:35:13.506+00:00,0.317565,0.7719696660024056,sqs-worker-5986dcd897-x8rdl,ip-192-168-20-201.ec2.internal,fe191e7fc1813eb2501ea6e8e7bb0d63f23d3e69d421f694913aa87752efeecf,1,341.0,1113.0
1,keda-mmpp-808-bcdba705,000015,23.350436,2026-08-31T21:35:13.440+00:00,2026-08-31T21:35:13.470+00:00,2026-08-31T21:35:13.522+00:00,2026-08-31T21:35:13.522+00:00,2026-08-31T21:35:13.587+00:00,2026-08-31T21:35:13.587+00:00,0.016577,0.06498456999906921,sqs-worker-5986dcd897-x8rdl,ip-192-168-20-201.ec2.internal,949732c610da29a09422d4f2d42e73380311010bfaea51e1b632be7542842c98,1,52.0,117.0
1,keda-mmpp-808-bcdba705,000011,22.244851,2026-08-31T21:35:12.335+00:00,2026-08-31T21:35:12.384+00:00,2026-08-31T21:35:13.620+00:00,2026-08-31T21:35:13.620+00:00,2026-08-31T21:35:14.778+00:00,2026-08-31T21:35:14.778+00:00,0.466891,1.1577846889995271,sqs-worker-5986dcd897-x8rdl,ip-192-168-20-201.ec2.internal,27c7f0a24bbfa05f5cf03bbbb3dfe25ab97ae330d2edf2a35f578b1f02827e99,1,1236.0,2394.0
1,keda-mmpp-808-bcdba705,000016,23.679004,2026-08-31T21:35:13.769+00:00,2026-08-31T21:35:13.816+00:00,2026-08-31T21:35:14.793+00:00,2026-08-31T21:35:14.793+00:00,2026-08-31T21:35:14.882+00:00,2026-08-31T21:35:14.882+00:00,0.040186,0.08854714299741318,sqs-worker-5986dcd897-x8rdl,ip-192-168-20-201.ec2.internal,f8d1c5b5c0ed85c4fee0233e03be27acf6dab1b8e813832da80c084c62e53dc5,1,977.0,1066.0
1,keda-mmpp-808-bcdba705,000017,24.124191,2026-08-31T21:35:14.214+00:00,2026-08-31T21:35:14.247+00:00,2026-08-31T21:35:14.897+00:00,2026-08-31T21:35:14.897+00:00,2026-08-31T21:35:16.493+00:00,2026-08-31T21:35:16.493+00:00,0.646962,1.595314836999023,sqs-worker-5986dcd897-x8rdl,ip-192-168-20-201.ec2.internal,af355882d1f03c80fb1a6491fca9b2a34017ef9b621fa9b01f8c52eab03c06d3,1,650.0,2246.0
1,keda-mmpp-808-bcdba705,000014,23.340973,2026-08-31T21:35:13.431+00:00,2026-08-31T21:35:13.464+00:00,2026-08-31T21:35:16.508+00:00,2026-08-31T21:35:16.508+00:00,2026-08-31T21:35:16.593+00:00,2026-08-31T21:35:16.593+00:00,0.036637,0.0850085299971397,sqs-worker-5986dcd897-x8rdl,ip-192-168-20-201.ec2.internal,7547c7fb4e9dc7607e11b6edf9138f87aa6e81039b4396e49ee767956699d3b4,1,3044.0,3129.0
1,keda-mmpp-808-bcdba705,000013,22.487386,2026-08-31T21:35:12.577+00:00,2026-08-31T21:35:12.609+00:00,2026-08-31T21:35:16.622+00:00,2026-08-31T21:35:16.622+00:00,2026-08-31T21:35:16.775+00:00,2026-08-31T21:35:16.775+00:00,0.057164,0.15274009999848204,sqs-worker-5986dcd897-x8rdl,ip-192-168-20-201.ec2.internal,51064d41bce17c934bfd20b2a9b14a822b3eb01f5d168d597da4f8aa23ddeaa7,1,4013.0,4166.0
1,keda-mmpp-808-bcdba705,000018,26.082219,2026-08-31T21:35:16.174+00:00,2026-08-31T21:35:16.210+00:00,2026-08-31T21:35:16.853+00:00,2026-08-31T21:35:16.853+00:00,2026-08-31T21:35:17.094+00:00,2026-08-31T21:35:17.094+00:00,0.125025,0.2403324139995675,sqs-worker-5986dcd897-x8rdl,ip-192-168-20-201.ec2.internal,b604367e7f748a0c306f51e820d9fbdb9ad1db990eff124be8350c6b70fdf9e5,1,643.0,884.0
1,keda-mmpp-808-bcdba705,000019,32.896288,2026-08-31T21:35:22.991+00:00,2026-08-31T21:35:23.022+00:00,2026-08-31T21:35:23.026+00:00,2026-08-31T21:35:23.026+00:00,2026-08-31T21:35:23.588+00:00,2026-08-31T21:35:23.588+00:00,0.24533,0.5616921129985712,sqs-worker-5986dcd897-x8rdl,ip-192-168-20-201.ec2.internal,3cca134b73594a4d12a035500e1709a8ef3a5031ef8dd5a5a4617359ff39736e,1,4.0,566.0
1,keda-mmpp-808-bcdba705,000020,36.580538,2026-08-31T21:35:26.670+00:00,2026-08-31T21:35:26.698+00:00,2026-08-31T21:35:26.702+00:00,2026-08-31T21:35:26.702+00:00,2026-08-31T21:35:27.112+00:00,2026-08-31T21:35:27.112+00:00,0.189696,0.41015915399839287,sqs-worker-5986dcd897-x8rdl,ip-192-168-20-201.ec2.internal,6177a496c6407afbad38cceedec573017e2a5b8de39055b17b2f4834ef43b47b,1,4.0,414.0
1,keda-mmpp-808-bcdba705,000021,40.493448,2026-08-31T21:35:30.586+00:00,2026-08-31T21:35:30.612+00:00,2026-08-31T21:35:30.616+00:00,2026-08-31T21:35:30.616+00:00,2026-08-31T21:35:30.795+00:00,2026-08-31T21:35:30.795+00:00,0.038367,0.17928428300001542,sqs-worker-5986dcd897-x8rdl,ip-192-168-20-201.ec2.internal,304203669db95d88da37e931ef680961edb116c6a806fd21484bfb1a39826e5b,1,4.0,183.0
1,keda-mmpp-808-bcdba705,000022,41.206528,2026-08-31T21:35:31.296+00:00,2026-08-31T21:35:31.322+00:00,2026-08-31T21:35:31.328+00:00,2026-08-31T21:35:31.328+00:00,2026-08-31T21:35:31.346+00:00,2026-08-31T21:35:31.346+00:00,0.017632,0.01767650000329013,sqs-worker-5986dcd897-x8rdl,ip-192-168-20-201.ec2.internal,86311d1ad982a7dab2c2ab4f81bf53298f800a9949069cb04d45dcd3c1fbcf25,1,6.0,24.0
1,keda-mmpp-808-bcdba705,000023,43.641926,2026-08-31T21:35:33.733+00:00,2026-08-31T21:35:33.760+00:00,2026-08-31T21:35:33.764+00:00,2026-08-31T21:35:33.764+00:00,2026-08-31T21:35:34.907+00:00,2026-08-31T21:35:34.907+00:00,0.482699,1.14253379100046,sqs-worker-5986dcd897-x8rdl,ip-192-168-20-201.ec2.internal,0279d232f2dd39c3cd4a30342fa10d7756f2ee7924643481c71ce29f0d036b0f,1,4.0,1147.0
1,keda-mmpp-808-bcdba705,000024,49.626699,2026-08-31T21:35:39.718+00:00,2026-08-31T21:35:39.744+00:00,2026-08-31T21:35:39.748+00:00,2026-08-31T21:35:39.748+00:00,2026-08-31T21:35:40.399+00:00,2026-08-31T21:35:40.399+00:00,0.120967,0.6512345310002274,sqs-worker-5986dcd897-x8rdl,ip-192-168-20-201.ec2.internal,79994db11cf81bf2e5283c4f6b0bc03af86f04434441963fb9328b4ca98fc2ae,1,4.0,655.0
1,keda-mmpp-808-bcdba705,000025,57.204529,2026-08-31T21:35:47.298+00:00,2026-08-31T21:35:47.325+00:00,2026-08-31T21:35:47.331+00:00,2026-08-31T21:35:47.331+00:00,2026-08-31T21:35:47.993+00:00,2026-08-31T21:35:47.993+00:00,0.290174,0.6617498550003802,sqs-worker-5986dcd897-x8rdl,ip-192-168-20-201.ec2.internal,6e6adb811d8464da1a1220286afb14c1adc7df7f380c9839b29076b67e7026cf,1,6.0,668.0
1,keda-mmpp-808-bcdba705,000026,58.992178,2026-08-31T21:35:49.082+00:00,2026-08-31T21:35:49.108+00:00,2026-08-31T21:35:49.113+00:00,2026-08-31T21:35:49.113+00:00,2026-08-31T21:35:49.597+00:00,2026-08-31T21:35:49.597+00:00,0.216371,0.48460505299954093,sqs-worker-5986dcd897-x8rdl,ip-192-168-20-201.ec2.internal,9a4c6d7fa6ee24ec72e6b5a4bd87b5b9bf2ca7ce4d326576ee6e36b75263b46c,1,5.0,489.0
1,keda-mmpp-808-bcdba705,000027,65.803229,2026-08-31T21:35:55.896+00:00,2026-08-31T21:35:55.922+00:00,2026-08-31T21:35:55.926+00:00,2026-08-31T21:35:55.926+00:00,2026-08-31T21:35:55.952+00:00,2026-08-31T21:35:55.952+00:00,0.025632,0.02568137900016154,sqs-worker-5986dcd897-x8rdl,ip-192-168-20-201.ec2.internal,395901c851561e4d7e126b422cb58978853a1115e6422772f4dc28ffe37439fc,1,4.0,30.0
1,keda-mmpp-808-bcdba705,000028,66.087337,2026-08-31T21:35:56.174+00:00,2026-08-31T21:35:56.203+00:00,2026-08-31T21:35:56.208+00:00,2026-08-31T21:35:56.208+00:00,2026-08-31T21:35:56.616+00:00,2026-08-31T21:35:56.616+00:00,0.193834,0.408066318002966,sqs-worker-5986dcd897-x8rdl,ip-192-168-20-201.ec2.internal,b405c62a5ab53ed9c97f16b9decbe6fde352210d023fa62644280f30e725d9dc,1,5.0,413.0
1,keda-mmpp-808-bcdba705,000029,67.885852,2026-08-31T21:35:57.974+00:00,2026-08-31T21:35:58.003+00:00,2026-08-31T21:35:58.032+00:00,2026-08-31T21:35:58.032+00:00,2026-08-31T21:35:58.040+00:00,2026-08-31T21:35:58.040+00:00,0.008195,0.00823352900260943,sqs-worker-5986dcd897-x8rdl,ip-192-168-20-201.ec2.internal,bb1e3357aea4ebf85476b2e755252fdab5036e7dff615dda31e2eeb12a2fab0f,1,29.0,37.0
1,keda-mmpp-808-bcdba705,000030,69.216343,2026-08-31T21:35:59.304+00:00,2026-08-31T21:35:59.331+00:00,2026-08-31T21:35:59.336+00:00,2026-08-31T21:35:59.336+00:00,2026-08-31T21:35:59.382+00:00,2026-08-31T21:35:59.382+00:00,0.045978,0.046047796997299884,sqs-worker-5986dcd897-x8rdl,ip-192-168-20-201.ec2.internal,5267823f45d8b821a47cc07445aa03cc6ea6c6d4c32e1359bc89939c8b8bfef4,1,5.0,51.0
1,keda-mmpp-808-bcdba705,000031,70.107007,2026-08-31T21:36:00.195+00:00,2026-08-31T21:36:00.227+00:00,2026-08-31T21:36:00.232+00:00,2026-08-31T21:36:00.232+00:00,2026-08-31T21:36:00.483+00:00,2026-08-31T21:36:00.483+00:00,0.039215,0.2509497380015091,sqs-worker-5986dcd897-x8rdl,ip-192-168-20-201.ec2.internal,bfbe915c917813c64d280c318dfdc4aa8903eb90bbe075969d05657fc1e411b1,1,5.0,256.0
1,keda-mmpp-808-bcdba705,000033,70.298861,2026-08-31T21:36:00.386+00:00,2026-08-31T21:36:00.413+00:00,2026-08-31T21:36:00.509+00:00,2026-08-31T21:36:00.509+00:00,2026-08-31T21:36:01.087+00:00,2026-08-31T21:36:01.087+00:00,0.098653,0.5780803580018983,sqs-worker-5986dcd897-x8rdl,ip-192-168-20-201.ec2.internal,f8da943cc018f84e73341769929c71ee799462b78b2e2e44aa79fd2341173bf5,1,96.0,674.0
1,keda-mmpp-808-bcdba705,000032,70.244872,2026-08-31T21:36:00.333+00:00,2026-08-31T21:36:00.359+00:00,2026-08-31T21:36:01.106+00:00,2026-08-31T21:36:01.106+00:00,2026-08-31T21:36:01.390+00:00,2026-08-31T21:36:01.390+00:00,0.041367,0.2843862010013254,sqs-worker-5986dcd897-x8rdl,ip-192-168-20-201.ec2.internal,1507b1873c4d1ce7ba261bd0b785766add593e171bc30447cb0fd99071d339c0,1,747.0,1031.0
1,keda-mmpp-808-bcdba705,000038,71.142211,2026-08-31T21:36:01.229+00:00,2026-08-31T21:36:01.255+00:00,2026-08-31T21:36:01.412+00:00,2026-08-31T21:36:01.412+00:00,2026-08-31T21:36:03.502+00:00,2026-08-31T21:36:03.503+00:00,0.832698,2.0908260949981923,sqs-worker-5986dcd897-x8rdl,ip-192-168-20-201.ec2.internal,71a7158cb21456487adef9adf323b69dca7be627803f4d8612388cbc3b7477a1,1,157.0,2247.0
1,keda-mmpp-808-bcdba705,000036,70.943584,2026-08-31T21:36:01.031+00:00,2026-08-31T21:36:01.057+00:00,2026-08-31T21:36:03.538+00:00,2026-08-31T21:36:03.538+00:00,2026-08-31T21:36:03.550+00:00,2026-08-31T21:36:03.550+00:00,0.012228,0.012265565997950034,sqs-worker-5986dcd897-x8rdl,ip-192-168-20-201.ec2.internal,d77dc270856002d1bf001f5d46ae8555926ae6ad862905463b39d5b550383b9a,1,2481.0,2493.0
1,keda-mmpp-808-bcdba705,000034,70.477203,2026-08-31T21:36:00.564+00:00,2026-08-31T21:36:00.591+00:00,2026-08-31T21:36:03.583+00:00,2026-08-31T21:36:03.583+00:00,2026-08-31T21:36:04.208+00:00,2026-08-31T21:36:04.208+00:00,0.265078,0.6250678409996908,sqs-worker-5986dcd897-x8rdl,ip-192-168-20-201.ec2.internal,f99821322883e340fd4f80c7a69c5e249b94e5fd89ffd9d25d8c953361e50242,1,2992.0,3617.0
1,keda-mmpp-808-bcdba705,000039,72.971468,2026-08-31T21:36:03.060+00:00,2026-08-31T21:36:03.094+00:00,2026-08-31T21:36:04.234+00:00,2026-08-31T21:36:04.234+00:00,2026-08-31T21:36:04.684+00:00,2026-08-31T21:36:04.684+00:00,0.171722,0.45009564200154273,sqs-worker-5986dcd897-x8rdl,ip-192-168-20-201.ec2.internal,0f02bbdf6f2cf62546cc7a6d61df843ce6fae18894fa5353a5e42cb1a93c1489,1,1140.0,1590.0
1,keda-mmpp-808-bcdba705,000035,70.734369,2026-08-31T21:36:00.821+00:00,2026-08-31T21:36:00.849+00:00,2026-08-31T21:36:04.714+00:00,2026-08-31T21:36:04.714+00:00,2026-08-31T21:36:05.197+00:00,2026-08-31T21:36:05.197+00:00,0.208818,0.4838277129965718,sqs-worker-5986dcd897-x8rdl,ip-192-168-20-201.ec2.internal,a312ca2e604f7d9246224181a00197813abdc5f1e8a7ce71749072ca0b144a1c,1,3865.0,4348.0
1,keda-mmpp-808-bcdba705,000037,70.945102,2026-08-31T21:36:01.033+00:00,2026-08-31T21:36:01.596+00:00,2026-08-31T21:36:05.242+00:00,2026-08-31T21:36:05.242+00:00,2026-08-31T21:36:05.487+00:00,2026-08-31T21:36:05.487+00:00,0.105777,0.24504240900205332,sqs-worker-5986dcd897-x8rdl,ip-192-168-20-201.ec2.internal,41bbed9f9013da7568bbd56ff39fb0cc5eb593a1a5abfb97fa7156d140f674c7,1,3646.0,3891.0
1,keda-mmpp-808-bcdba705,000040,76.265398,2026-08-31T21:36:06.356+00:00,2026-08-31T21:36:06.386+00:00,2026-08-31T21:36:06.390+00:00,2026-08-31T21:36:06.390+00:00,2026-08-31T21:36:07.297+00:00,2026-08-31T21:36:07.297+00:00,0.37418,0.90694846200131,sqs-worker-5986dcd897-x8rdl,ip-192-168-20-201.ec2.internal,7183253b1f107d815b35a7204333ec59908c9cb091e069829aeb3976b5cf50b1,1,4.0,911.0
1,keda-mmpp-808-bcdba705,000041,76.551901,2026-08-31T21:36:06.639+00:00,2026-08-31T21:36:06.665+00:00,2026-08-31T21:36:07.317+00:00,2026-08-31T21:36:07.317+00:00,2026-08-31T21:36:08.210+00:00,2026-08-31T21:36:08.210+00:00,0.368977,0.892974187998334,sqs-worker-5986dcd897-x8rdl,ip-192-168-20-201.ec2.internal,deaa4fedbe56dafdea5254a72b28ff64bad92d9a49df326ae82f37d2916f5c53,1,652.0,1545.0
1,keda-mmpp-808-bcdba705,000042,77.478512,2026-08-31T21:36:07.566+00:00,2026-08-31T21:36:07.592+00:00,2026-08-31T21:36:08.254+00:00,2026-08-31T21:36:08.254+00:00,2026-08-31T21:36:08.708+00:00,2026-08-31T21:36:08.708+00:00,0.193956,0.45477793700047187,sqs-worker-5986dcd897-x8rdl,ip-192-168-20-201.ec2.internal,97eee81ed4f3078fd77f1319d9156864b4e8f6205d2ea4c5b94fbf8fbc280b2a,1,662.0,1116.0
1,keda-mmpp-808-bcdba705,000043,81.409431,2026-08-31T21:36:11.500+00:00,2026-08-31T21:36:11.527+00:00,2026-08-31T21:36:11.530+00:00,2026-08-31T21:36:11.530+00:00,2026-08-31T21:36:11.605+00:00,2026-08-31T21:36:11.605+00:00,0.062363,0.07472248799967929,sqs-worker-5986dcd897-x8rdl,ip-192-168-20-201.ec2.internal,a473b8452e14922f2fff01d9b4db49742dc934d4f083f0086ce82645cfbb266a,1,3.0,78.0
1,keda-mmpp-808-bcdba705,000044,84.267525,2026-08-31T21:36:14.356+00:00,2026-08-31T21:36:14.385+00:00,2026-08-31T21:36:14.388+00:00,2026-08-31T21:36:14.388+00:00,2026-08-31T21:36:14.412+00:00,2026-08-31T21:36:14.412+00:00,0.02362,0.023672031002206495,sqs-worker-5986dcd897-x8rdl,ip-192-168-20-201.ec2.internal,551efc6567ba33c1b1426c306e27277138ffb32e968728434262938606724304,1,3.0,27.0
1,keda-mmpp-808-bcdba705,000045,85.542162,2026-08-31T21:36:15.633+00:00,2026-08-31T21:36:15.659+00:00,2026-08-31T21:36:15.662+00:00,2026-08-31T21:36:15.662+00:00,2026-08-31T21:36:16.610+00:00,2026-08-31T21:36:16.610+00:00,0.401754,0.9480002010022872,sqs-worker-5986dcd897-x8rdl,ip-192-168-20-201.ec2.internal,937beff1860f23f08439312adb95eac10afc94dbf3ffea12e9d8d3af18d4184d,1,3.0,951.0
1,keda-mmpp-808-bcdba705,000048,86.321629,2026-08-31T21:36:16.409+00:00,2026-08-31T21:36:16.436+00:00,2026-08-31T21:36:16.633+00:00,2026-08-31T21:36:16.633+00:00,2026-08-31T21:36:18.290+00:00,2026-08-31T21:36:18.290+00:00,0.655611,1.6572811080004612,sqs-worker-5986dcd897-x8rdl,ip-192-168-20-201.ec2.internal,e1d5af1b20dfdb68aab2ea103ab5a1d61e0312323474602f58b0341064b57171,1,197.0,1854.0
1,keda-mmpp-808-bcdba705,000053,88.126746,2026-08-31T21:36:18.215+00:00,2026-08-31T21:36:18.288+00:00,2026-08-31T21:36:18.319+00:00,2026-08-31T21:36:18.319+00:00,2026-08-31T21:36:18.324+00:00,2026-08-31T21:36:18.324+00:00,0.005325,0.00535831699744449,sqs-worker-5986dcd897-x8rdl,ip-192-168-20-201.ec2.internal,7aa43a5a9276f747bb2367dbf31a91a5f3286a11e78595515d25be13efa0a712,1,31.0,36.0
1,keda-mmpp-808-bcdba705,000046,85.781548,2026-08-31T21:36:15.869+00:00,2026-08-31T21:36:15.894+00:00,2026-08-31T21:36:18.349+00:00,2026-08-31T21:36:18.349+00:00,2026-08-31T21:36:18.700+00:00,2026-08-31T21:36:18.700+00:00,0.156848,0.35038711999732186,sqs-worker-5986dcd897-x8rdl,ip-192-168-20-201.ec2.internal,5ff72f231ef7affd6173ee8a05d00aaba5f799ca28207458174fa41b782c99df,1,2455.0,2806.0
1,keda-mmpp-808-bcdba705,000054,88.543778,2026-08-31T21:36:18.631+00:00,2026-08-31T21:36:18.661+00:00,2026-08-31T21:36:18.724+00:00,2026-08-31T21:36:18.724+00:00,2026-08-31T21:36:21.584+00:00,2026-08-31T21:36:21.584+00:00,0.75349,2.8602878829988185,sqs-worker-5986dcd897-x8rdl,ip-192-168-20-201.ec2.internal,5fcec206db3e12a430649c31621592a16cd75981da758f870795282876b8542f,1,63.0,2923.0
1,keda-mmpp-808-bcdba705,000047,85.896082,2026-08-31T21:36:15.983+00:00,2026-08-31T21:36:16.011+00:00,2026-08-31T21:36:21.601+00:00,2026-08-31T21:36:21.601+00:00,2026-08-31T21:36:22.398+00:00,2026-08-31T21:36:22.398+00:00,0.150471,0.796848810998199,sqs-worker-5986dcd897-x8rdl,ip-192-168-20-201.ec2.internal,ef48ecc525ad31d281465b9529e96e3b098a160185ecf15dd4462bfc449d49e3,1,5590.0,6387.0
1,keda-mmpp-808-bcdba705,000060,89.399615,2026-08-31T21:36:19.487+00:00,2026-08-31T21:36:19.517+00:00,2026-08-31T21:36:22.487+00:00,2026-08-31T21:36:22.487+00:00,2026-08-31T21:36:22.998+00:00,2026-08-31T21:36:22.998+00:00,0.157826,0.5107007990009151,sqs-worker-5986dcd897-x8rdl,ip-192-168-20-201.ec2.internal,7fccd0b4ce796294c71bdd8d9f2fcdfcda6ee9d75c7332348def1d3f3e3084d0,1,2970.0,3481.0
1,keda-mmpp-808-bcdba705,000049,86.513287,2026-08-31T21:36:16.600+00:00,2026-08-31T21:36:16.625+00:00,2026-08-31T21:36:23.012+00:00,2026-08-31T21:36:23.012+00:00,2026-08-31T21:36:24.292+00:00,2026-08-31T21:36:24.292+00:00,0.510074,1.2800360920009553,sqs-worker-5986dcd897-x8rdl,ip-192-168-20-201.ec2.internal,5a8fd74b53fca5bf3fda575a0b99071a213e7be0b77e9b4ec8c406ca81f4ba8f,1,6387.0,7667.0
1,keda-mmpp-808-bcdba705,000062,89.790086,2026-08-31T21:36:19.877+00:00,2026-08-31T21:36:19.907+00:00,2026-08-31T21:36:24.309+00:00,2026-08-31T21:36:24.309+00:00,2026-08-31T21:36:24.622+00:00,2026-08-31T21:36:24.622+00:00,0.146061,0.31383858600020176,sqs-worker-5986dcd897-x8rdl,ip-192-168-20-201.ec2.internal,962eb034ca23e4b35fa3e4b668c09705fd4ff5853406381822851110a4536f76,1,4402.0,4715.0
1,keda-mmpp-808-bcdba705,000052,86.913275,2026-08-31T21:36:17.000+00:00,2026-08-31T21:36:17.026+00:00,2026-08-31T21:36:24.723+00:00,2026-08-31T21:36:24.723+00:00,2026-08-31T21:36:24.896+00:00,2026-08-31T21:36:24.897+00:00,0.08285,0.17334179599856725,sqs-worker-5986dcd897-x8rdl,ip-192-168-20-201.ec2.internal,8eb48ce0f23aadaffd3c7a8379c30ac6cbd988dd68e3e154f3fcfdfa3e534b6f,1,7697.0,7870.0
1,keda-mmpp-808-bcdba705,000056,88.787642,2026-08-31T21:36:18.875+00:00,2026-08-31T21:36:18.904+00:00,2026-08-31T21:36:24.914+00:00,2026-08-31T21:36:24.914+00:00,2026-08-31T21:36:25.123+00:00,2026-08-31T21:36:25.123+00:00,0.102117,0.20825470799900359,sqs-worker-5986dcd897-x8rdl,ip-192-168-20-201.ec2.internal,730ad57eafdd2580cf131dd5f1b40428b064b72fa2977d05d450a9296d3d7d33,1,6010.0,6219.0
1,keda-mmpp-808-bcdba705,000070,92.103698,2026-08-31T21:36:22.191+00:00,2026-08-31T21:36:22.223+00:00,2026-08-31T21:36:25.193+00:00,2026-08-31T21:36:25.193+00:00,2026-08-31T21:36:25.787+00:00,2026-08-31T21:36:25.787+00:00,0.238992,0.5938043420028407,sqs-worker-5986dcd897-x8rdl,ip-192-168-20-201.ec2.internal,5c7c0ac90a2b0a3377f4291b80398f01723aef03869c1d812135921f3cea48b2,1,2970.0,3564.0
1,keda-mmpp-808-bcdba705,000065,90.34266,2026-08-31T21:36:20.430+00:00,2026-08-31T21:36:20.455+00:00,2026-08-31T21:36:25.828+00:00,2026-08-31T21:36:25.828+00:00,2026-08-31T21:36:26.012+00:00,2026-08-31T21:36:26.012+00:00,0.101233,0.1838149750001321,sqs-worker-5986dcd897-x8rdl,ip-192-168-20-201.ec2.internal,f73b3a4fe98073e2ed869c749701256f6458857390a8a8b4beed9c43726555c2,1,5373.0,5557.0
1,keda-mmpp-808-bcdba705,000058,88.892339,2026-08-31T21:36:18.980+00:00,2026-08-31T21:36:19.008+00:00,2026-08-31T21:36:26.028+00:00,2026-08-31T21:36:26.028+00:00,2026-08-31T21:36:26.891+00:00,2026-08-31T21:36:26.891+00:00,0.335299,0.8626434730031178,sqs-worker-5986dcd897-x8rdl,ip-192-168-20-201.ec2.internal,f3dcea877de69dc0c662f13c236a90cdfe68233bc1990968add40556b3d3d744,1,7020.0,7883.0
1,keda-mmpp-808-bcdba705,000072,92.324442,2026-08-31T21:36:22.410+00:00,2026-08-31T21:36:22.438+00:00,2026-08-31T21:36:26.908+00:00,2026-08-31T21:36:26.908+00:00,2026-08-31T21:36:27.392+00:00,2026-08-31T21:36:27.392+00:00,0.196423,0.4838181330014777,sqs-worker-5986dcd897-x8rdl,ip-192-168-20-201.ec2.internal,7158f91f894ff810c9b791eab7ca9a45760a600f7e17e103b20fcb465b502dd7,1,4470.0,4954.0
1,keda-mmpp-808-bcdba705,000076,92.78001,2026-08-31T21:36:22.866+00:00,2026-08-31T21:36:22.893+00:00,2026-08-31T21:36:27.448+00:00,2026-08-31T21:36:27.448+00:00,2026-08-31T21:36:27.711+00:00,2026-08-31T21:36:27.711+00:00,0.115109,0.26320028500049375,sqs-worker-5986dcd897-x8rdl,ip-192-168-20-201.ec2.internal,9e66c1e780af4a1faccd540a34b8cbb708a7d713a4a2b7d9c3d3134a9c788b36,1,4555.0,4818.0
1,keda-mmpp-808-bcdba705,000066,90.644632,2026-08-31T21:36:20.732+00:00,2026-08-31T21:36:20.757+00:00,2026-08-31T21:36:27.728+00:00,2026-08-31T21:36:27.728+00:00,2026-08-31T21:36:28.001+00:00,2026-08-31T21:36:28.001+00:00,0.105301,0.2733276119979564,sqs-worker-5986dcd897-x8rdl,ip-192-168-20-201.ec2.internal,0557b23714178fc90dd37bcbc8725ad2310d990ed2b8b05887e838d3dc06fdd3,1,6971.0,7244.0
1,keda-mmpp-808-bcdba705,000075,92.550202,2026-08-31T21:36:22.636+00:00,2026-08-31T21:36:22.661+00:00,2026-08-31T21:36:27.415+00:00,2026-08-31T21:36:27.415+00:00,2026-08-31T21:36:27.432+00:00,2026-08-31T21:36:27.432+00:00,0.016875,0.01690620299996226,sqs-worker-5986dcd897-x8rdl,ip-192-168-20-201.ec2.internal,f5562c894cba8fae264c4988eabd334b8b093858b2a04694860e8af0c6c47287,1,4754.0,4771.0
1,keda-mmpp-808-bcdba705,000059,88.925386,2026-08-31T21:36:19.012+00:00,2026-08-31T21:36:19.595+00:00,2026-08-31T21:36:28.028+00:00,2026-08-31T21:36:28.028+00:00,2026-08-31T21:36:29.111+00:00,2026-08-31T21:36:29.111+00:00,0.446498,1.0837236849984038,sqs-worker-5986dcd897-x8rdl,ip-192-168-20-201.ec2.internal,6877a2826e33e9aecbaa2d670141600d612643c2b457375072f1788534ea3134,1,8433.0,9516.0
1,keda-mmpp-808-bcdba705,000067,90.679663,2026-08-31T21:36:20.767+00:00,2026-08-31T21:36:20.793+00:00,2026-08-31T21:36:29.152+00:00,2026-08-31T21:36:29.152+00:00,2026-08-31T21:36:29.323+00:00,2026-08-31T21:36:29.323+00:00,0.087088,0.17079386899786186,sqs-worker-5986dcd897-x8rdl,ip-192-168-20-201.ec2.internal,f5d87e69c3412b1565309c5021cd9aebe61c67afa22ba56aee2de5aab775171d,1,8359.0,8530.0
1,keda-mmpp-808-bcdba705,000074,92.373767,2026-08-31T21:36:22.459+00:00,2026-08-31T21:36:22.489+00:00,2026-08-31T21:36:29.395+00:00,2026-08-31T21:36:29.396+00:00,2026-08-31T21:36:30.891+00:00,2026-08-31T21:36:30.891+00:00,0.358067,1.4956696249973902,sqs-worker-5986dcd897-x8rdl,ip-192-168-20-201.ec2.internal,16e55e02f0f9706260011be7feb9f7cb752762b52b54b7b33d477bcfbddfb2e5,1,6906.0,8402.0
1,keda-mmpp-808-bcdba705,000086,95.681312,2026-08-31T21:36:25.767+00:00,2026-08-31T21:36:25.793+00:00,2026-08-31T21:36:30.984+00:00,2026-08-31T21:36:30.984+00:00,2026-08-31T21:36:31.784+00:00,2026-08-31T21:36:31.784+00:00,0.146967,0.7999487259985472,sqs-worker-5986dcd897-x8rdl,ip-192-168-20-201.ec2.internal,4acee277da833fe02c349493ed2bbe2c487a98449990b285d9cb78d5003829f4,1,5191.0,5991.0
1,keda-mmpp-808-bcdba705,000050,86.658187,2026-08-31T21:36:16.745+00:00,2026-08-31T21:36:16.775+00:00,2026-08-31T21:36:31.802+00:00,2026-08-31T21:36:31.802+00:00,2026-08-31T21:36:33.284+00:00,2026-08-31T21:36:33.284+00:00,0.390786,1.4824209850012267,sqs-worker-5986dcd897-x8rdl,ip-192-168-20-201.ec2.internal,21eed46b31f7fcbcbe15ea83b82ea7c27fe7a91c4f6e80a9d4a8fda14e564173,1,15027.0,16509.0
1,keda-mmpp-808-bcdba705,000055,88.654334,2026-08-31T21:36:18.741+00:00,2026-08-31T21:36:18.771+00:00,2026-08-31T21:36:33.304+00:00,2026-08-31T21:36:33.304+00:00,2026-08-31T21:36:34.419+00:00,2026-08-31T21:36:34.419+00:00,0.470046,1.1145673290011473,sqs-worker-5986dcd897-x8rdl,ip-192-168-20-201.ec2.internal,7e10ebae92909e476bcd6429e4dbde69a75ae529c0c7ce7952c14524969a7ef3,1,14533.0,15648.0
1,keda-mmpp-808-bcdba705,000090,96.022173,2026-08-31T21:36:26.108+00:00,2026-08-31T21:36:26.134+00:00,2026-08-31T21:36:34.434+00:00,2026-08-31T21:36:34.434+00:00,2026-08-31T21:36:34.590+00:00,2026-08-31T21:36:34.590+00:00,0.047149,0.1554766949993791,sqs-worker-5986dcd897-x8rdl,ip-192-168-20-201.ec2.internal,123e3bfa888b3892a22152c94afa06d1acfec35bc0a24242a038e3aeff912331,1,8300.0,8456.0
1,keda-mmpp-808-bcdba705,000091,97.134883,2026-08-31T21:36:27.222+00:00,2026-08-31T21:36:27.247+00:00,2026-08-31T21:36:34.606+00:00,2026-08-31T21:36:34.606+00:00,2026-08-31T21:36:35.206+00:00,2026-08-31T21:36:35.206+00:00,0.252405,0.6001933500010637,sqs-worker-5986dcd897-x8rdl,ip-192-168-20-201.ec2.internal,20f26672dadda1c3923591cca872d899b1e6311c9ac69e8771402951c656cd7d,1,7359.0,7959.0
1,keda-mmpp-808-bcdba705,000073,92.349325,2026-08-31T21:36:22.435+00:00,2026-08-31T21:36:22.460+00:00,2026-08-31T21:36:35.312+00:00,2026-08-31T21:36:35.312+00:00,2026-08-31T21:36:35.404+00:00,2026-08-31T21:36:35.404+00:00,0.059199,0.09181644900309038,sqs-worker-5986dcd897-x8rdl,ip-192-168-20-201.ec2.internal,ba2cb72e7150861f1fcb73438ef806a8127aafc1531b4ca7e81017860f5a1c40,1,12852.0,12944.0
1,keda-mmpp-808-bcdba705,000061,89.739687,2026-08-31T21:36:19.827+00:00,2026-08-31T21:36:19.867+00:00,2026-08-31T21:36:35.224+00:00,2026-08-31T21:36:35.224+00:00,2026-08-31T21:36:35.232+00:00,2026-08-31T21:36:35.232+00:00,0.008233,0.008265282998763723,sqs-worker-5986dcd897-x8rdl,ip-192-168-20-201.ec2.internal,57b0400c1c9b31922c60897b5cdd78e279676f5234c91b268a52000fa652498b,1,15357.0,15365.0
1,keda-mmpp-808-bcdba705,000051,86.750234,2026-08-31T21:36:16.837+00:00,2026-08-31T21:36:16.867+00:00,2026-08-31T21:36:35.420+00:00,2026-08-31T21:36:35.420+00:00,2026-08-31T21:36:36.315+00:00,2026-08-31T21:36:36.315+00:00,0.366383,0.8943395860005694,sqs-worker-5986dcd897-x8rdl,ip-192-168-20-201.ec2.internal,68b06864d9196d361c8eebde1798c54d62b9cabcb6fcbbab1c79263976b37865,1,18553.0,19448.0
1,keda-mmpp-808-bcdba705,000079,93.386197,2026-08-31T21:36:23.472+00:00,2026-08-31T21:36:23.498+00:00,2026-08-31T21:36:36.333+00:00,2026-08-31T21:36:36.333+00:00,2026-08-31T21:36:36.800+00:00,2026-08-31T21:36:36.800+00:00,0.181649,0.4672623400001612,sqs-worker-5986dcd897-x8rdl,ip-192-168-20-201.ec2.internal,2e0ce6e46b78f91676b6aca0f243385e8f5ca7642555038a891f8c5d5ad5b75a,1,12835.0,13302.0
1,keda-mmpp-808-bcdba705,000085,95.446829,2026-08-31T21:36:25.533+00:00,2026-08-31T21:36:25.558+00:00,2026-08-31T21:36:36.817+00:00,2026-08-31T21:36:36.817+00:00,2026-08-31T21:36:37.212+00:00,2026-08-31T21:36:37.212+00:00,0.167521,0.39505844600353157,sqs-worker-5986dcd897-x8rdl,ip-192-168-20-201.ec2.internal,4ffb1b579dcca715c7761beb9dba465183663a3a005c4f6261b0e49fc76ba298,1,11259.0,11654.0
1,keda-mmpp-808-bcdba705,000087,95.780206,2026-08-31T21:36:25.866+00:00,2026-08-31T21:36:25.896+00:00,2026-08-31T21:36:37.233+00:00,2026-08-31T21:36:37.233+00:00,2026-08-31T21:36:37.385+00:00,2026-08-31T21:36:37.385+00:00,0.049282,0.15241417699871818,sqs-worker-5986dcd897-x8rdl,ip-192-168-20-201.ec2.internal,635d4d8f38ef3a676d4070b67236282bcfbc9bb7737acdf8aa6f189841bdfe5e,1,11337.0,11489.0
1,keda-mmpp-808-bcdba705,000064,90.134317,2026-08-31T21:36:20.221+00:00,2026-08-31T21:36:20.254+00:00,2026-08-31T21:36:37.603+00:00,2026-08-31T21:36:37.603+00:00,2026-08-31T21:36:37.886+00:00,2026-08-31T21:36:37.886+00:00,0.116721,0.2829412600003707,sqs-worker-5986dcd897-x8rdl,ip-192-168-20-201.ec2.internal,53303b9e9642957f7525e9df712338761601088f5f0031d19f4892081276ab3b,1,17349.0,17632.0
1,keda-mmpp-808-bcdba705,000088,95.784614,2026-08-31T21:36:25.870+00:00,2026-08-31T21:36:25.899+00:00,2026-08-31T21:36:37.411+00:00,2026-08-31T21:36:37.411+00:00,2026-08-31T21:36:37.585+00:00,2026-08-31T21:36:37.585+00:00,0.075419,0.17391166599918506,sqs-worker-5986dcd897-x8rdl,ip-192-168-20-201.ec2.internal,50538544a048791d60fe7f0b909e3cbdc38c41c15e868292f866948a41abeb81,1,11512.0,11686.0
1,keda-mmpp-808-bcdba705,000097,98.564448,2026-08-31T21:36:28.650+00:00,2026-08-31T21:36:28.675+00:00,2026-08-31T21:36:37.903+00:00,2026-08-31T21:36:37.903+00:00,2026-08-31T21:36:37.908+00:00,2026-08-31T21:36:37.908+00:00,0.005,0.00504315899888752,sqs-worker-5986dcd897-x8rdl,ip-192-168-20-201.ec2.internal,47346bc573c10efcd9188876f8727918e0e8f625be2aad95926727e31672977c,1,9228.0,9233.0
1,keda-mmpp-808-bcdba705,000068,90.75069,2026-08-31T21:36:20.839+00:00,2026-08-31T21:36:20.867+00:00,2026-08-31T21:36:38.125+00:00,2026-08-31T21:36:38.125+00:00,2026-08-31T21:36:38.490+00:00,2026-08-31T21:36:38.490+00:00,0.136678,0.36535149100018316,sqs-worker-5986dcd897-x8rdl,ip-192-168-20-201.ec2.internal,49c5ea2259927d766d44b010963ce064296dee3394446a5c4cd896677ec6a5ee,1,17258.0,17623.0
1,keda-mmpp-808-bcdba705,000094,98.297713,2026-08-31T21:36:28.384+00:00,2026-08-31T21:36:28.409+00:00,2026-08-31T21:36:37.951+00:00,2026-08-31T21:36:37.951+00:00,2026-08-31T21:36:38.109+00:00,2026-08-31T21:36:38.109+00:00,0.084842,0.158379063999746,sqs-worker-5986dcd897-x8rdl,ip-192-168-20-201.ec2.internal,b1501ae84832fbcb246c9f77c390f038bbe922735ff30d47b9cd4168a603a8cc,1,9542.0,9700.0
1,keda-mmpp-808-bcdba705,000057,88.834814,2026-08-31T21:36:18.922+00:00,2026-08-31T21:36:18.948+00:00,2026-08-31T21:36:38.502+00:00,2026-08-31T21:36:38.502+00:00,2026-08-31T21:36:39.592+00:00,2026-08-31T21:36:39.592+00:00,0.437741,1.0899914250003349,sqs-worker-5986dcd897-x8rdl,ip-192-168-20-201.ec2.internal,72e4ad4ba90340c88724fa1f7ae06a70a3698d54b68dd8741970b9a14db2507e,1,19554.0,20644.0
1,keda-mmpp-808-bcdba705,000063,89.808488,2026-08-31T21:36:19.895+00:00,2026-08-31T21:36:19.923+00:00,2026-08-31T21:36:39.604+00:00,2026-08-31T21:36:39.604+00:00,2026-08-31T21:36:40.188+00:00,2026-08-31T21:36:40.188+00:00,0.128455,0.5839081200028886,sqs-worker-5986dcd897-x8rdl,ip-192-168-20-201.ec2.internal,2a80db3f2347386d49e019f18411ef46a455638013811bd3ce29fd6d3f24bef7,1,19681.0,20265.0
1,keda-mmpp-808-bcdba705,000071,92.317986,2026-08-31T21:36:22.404+00:00,2026-08-31T21:36:22.431+00:00,2026-08-31T21:36:40.203+00:00,2026-08-31T21:36:40.203+00:00,2026-08-31T21:36:41.986+00:00,2026-08-31T21:36:41.986+00:00,0.317926,1.783823316996859,sqs-worker-5986dcd897-x8rdl,ip-192-168-20-201.ec2.internal,d4d87f67a6c0a189571b3d1031ccfaa375ccf2e421c6f533baab4f9007ef0a01,1,17772.0,19555.0
1,keda-mmpp-808-bcdba705,000077,92.829277,2026-08-31T21:36:22.915+00:00,2026-08-31T21:36:22.941+00:00,2026-08-31T21:36:42.000+00:00,2026-08-31T21:36:42.000+00:00,2026-08-31T21:36:42.384+00:00,2026-08-31T21:36:42.384+00:00,0.060493,0.3831822070023918,sqs-worker-5986dcd897-x8rdl,ip-192-168-20-201.ec2.internal,e33aef383d1f0891c07ce4558cbcc6dbcf76bd3d309902c692d45f33a4062b1f,1,19059.0,19443.0
1,keda-mmpp-808-bcdba705,000112,100.760516,2026-08-31T21:36:30.846+00:00,2026-08-31T21:36:30.875+00:00,2026-08-31T21:36:42.397+00:00,2026-08-31T21:36:42.397+00:00,2026-08-31T21:36:42.975+00:00,2026-08-31T21:36:42.975+00:00,0.187192,0.5774734019978496,sqs-worker-5986dcd897-x8rdl,ip-192-168-20-201.ec2.internal,867fe5df56ddf62119af09e699adcc1541e2ce5d71a206564b786d4244e6a50e,1,11522.0,12100.0
1,keda-mmpp-808-bcdba705,000116,101.4507,2026-08-31T21:36:31.536+00:00,2026-08-31T21:36:31.565+00:00,2026-08-31T21:36:42.995+00:00,2026-08-31T21:36:42.995+00:00,2026-08-31T21:36:44.010+00:00,2026-08-31T21:36:44.010+00:00,0.422134,1.0148547530006908,sqs-worker-5986dcd897-x8rdl,ip-192-168-20-201.ec2.internal,5359e54c930c87ddc17fbf3c4ab8f6cf8ffcf0bd059e5d56955bd88c3b313c01,1,11430.0,12445.0
1,keda-mmpp-808-bcdba705,000128,105.164759,2026-08-31T21:36:35.251+00:00,2026-08-31T21:36:35.279+00:00,2026-08-31T21:36:44.021+00:00,2026-08-31T21:36:44.021+00:00,2026-08-31T21:36:44.922+00:00,2026-08-31T21:36:44.922+00:00,0.368064,0.9011093789995357,sqs-worker-5986dcd897-x8rdl,ip-192-168-20-201.ec2.internal,325d1943d41b3ac4394a9249dc6fbcb38f44f339e7bfe9d0ca5201d1777410f2,1,8742.0,9643.0
1,keda-mmpp-808-bcdba705,000122,102.304268,2026-08-31T21:36:32.390+00:00,2026-08-31T21:36:32.415+00:00,2026-08-31T21:36:44.990+00:00,2026-08-31T21:36:44.990+00:00,2026-08-31T21:36:45.705+00:00,2026-08-31T21:36:45.705+00:00,0.297842,0.7148771799984388,sqs-worker-5986dcd897-x8rdl,ip-192-168-20-201.ec2.internal,ae93a2494429e0d22ce02c8b8780176f572da43f9cb8e1d19f706f2c48c1b355,1,12575.0,13290.0
1,keda-mmpp-808-bcdba705,000078,93.074483,2026-08-31T21:36:23.160+00:00,2026-08-31T21:36:23.187+00:00,2026-08-31T21:36:45.717+00:00,2026-08-31T21:36:45.717+00:00,2026-08-31T21:36:45.901+00:00,2026-08-31T21:36:45.901+00:00,0.072496,0.18376004099991405,sqs-worker-5986dcd897-x8rdl,ip-192-168-20-201.ec2.internal,d8cdfe58174a9002747c529abe294fff2dd139f159ebf9f35a17b8ed1b22133e,1,22530.0,22714.0
1,keda-mmpp-808-bcdba705,000092,97.295166,2026-08-31T21:36:27.381+00:00,2026-08-31T21:36:27.407+00:00,2026-08-31T21:36:45.919+00:00,2026-08-31T21:36:45.919+00:00,2026-08-31T21:36:46.087+00:00,2026-08-31T21:36:46.088+00:00,0.061846,0.1684921870000835,sqs-worker-5986dcd897-x8rdl,ip-192-168-20-201.ec2.internal,589ed30d164d2a5718d9c95cdc4dc515b0f231d7eb7d03180f31a2c5c89f1810,1,18512.0,18680.0
1,keda-mmpp-808-bcdba705,000069,92.102583,2026-08-31T21:36:22.190+00:00,2026-08-31T21:36:22.222+00:00,2026-08-31T21:36:46.115+00:00,2026-08-31T21:36:46.115+00:00,2026-08-31T21:36:46.898+00:00,2026-08-31T21:36:46.898+00:00,0.326257,0.7830090389979887,sqs-worker-5986dcd897-x8rdl,ip-192-168-20-201.ec2.internal,f698fd5f09ffa0a6190ddaa6dc3dd54cd63ac077fae4aea4c35aa86961c7783b,1,23893.0,24676.0
1,keda-mmpp-808-bcdba705,000082,94.275425,2026-08-31T21:36:24.361+00:00,2026-08-31T21:36:24.387+00:00,2026-08-31T21:36:47.034+00:00,2026-08-31T21:36:47.034+00:00,2026-08-31T21:36:47.184+00:00,2026-08-31T21:36:47.184+00:00,0.043222,0.1501418570005626,sqs-worker-5986dcd897-x8rdl,ip-192-168-20-201.ec2.internal,1dbc10ec54ef4887ad528e751314f61aa26227772287756f6ae09c4dda0dfed2,1,22647.0,22797.0
1,keda-mmpp-808-bcdba705,000126,103.538802,2026-08-31T21:36:33.625+00:00,2026-08-31T21:36:33.652+00:00,2026-08-31T21:36:46.914+00:00,2026-08-31T21:36:46.914+00:00,2026-08-31T21:36:47.017+00:00,2026-08-31T21:36:47.017+00:00,0.054489,0.10257097700014128,sqs-worker-5986dcd897-x8rdl,ip-192-168-20-201.ec2.internal,80654148af9dad0ac2bdada0ebef638a16bb9dbfe8f2aa722623243cf4635819,1,13262.0,13365.0
1,keda-mmpp-808-bcdba705,000127,104.130869,2026-08-31T21:36:34.217+00:00,2026-08-31T21:36:34.243+00:00,2026-08-31T21:36:47.204+00:00,2026-08-31T21:36:47.204+00:00,2026-08-31T21:36:47.709+00:00,2026-08-31T21:36:47.709+00:00,0.220657,0.505255689000478,sqs-worker-5986dcd897-x8rdl,ip-192-168-20-201.ec2.internal,3daf3610f0dee5ae6c74774f3f39da7f7ecb557dea888b42cad2c6fb9a5763f0,1,12961.0,13466.0
1,keda-mmpp-808-bcdba705,000096,98.517259,2026-08-31T21:36:28.603+00:00,2026-08-31T21:36:28.635+00:00,2026-08-31T21:36:47.723+00:00,2026-08-31T21:36:47.723+00:00,2026-08-31T21:36:47.994+00:00,2026-08-31T21:36:47.994+00:00,0.101042,0.27112268800192396,sqs-worker-5986dcd897-x8rdl,ip-192-168-20-201.ec2.internal,de44b746c3d0d623447e108f8aed288404c52cc878b1b3100520e92b44055b0a,1,19088.0,19359.0
1,keda-mmpp-808-bcdba705,000099,99.015339,2026-08-31T21:36:29.102+00:00,2026-08-31T21:36:29.133+00:00,2026-08-31T21:36:48.006+00:00,2026-08-31T21:36:48.006+00:00,2026-08-31T21:36:48.014+00:00,2026-08-31T21:36:48.014+00:00,0.007555,0.0075861780023842584,sqs-worker-5986dcd897-x8rdl,ip-192-168-20-201.ec2.internal,0f95d826ede8c1a413a1c6b4860a86a88e18b030ee2d2b7a9a72d7a443bbdc3e,1,18873.0,18881.0
1,keda-mmpp-808-bcdba705,000080,93.968094,2026-08-31T21:36:24.055+00:00,2026-08-31T21:36:24.080+00:00,2026-08-31T21:36:48.030+00:00,2026-08-31T21:36:48.030+00:00,2026-08-31T21:36:48.285+00:00,2026-08-31T21:36:48.285+00:00,0.096127,0.25525535799897625,sqs-worker-5986dcd897-x8rdl,ip-192-168-20-201.ec2.internal,d91f1fcfcc087db7d712fe3363dc7f82eaa64164a9fe1fe1113d9437dafbb3ad,1,23950.0,24205.0
1,keda-mmpp-808-bcdba705,000100,99.025344,2026-08-31T21:36:29.111+00:00,2026-08-31T21:36:29.139+00:00,2026-08-31T21:36:48.299+00:00,2026-08-31T21:36:48.299+00:00,2026-08-31T21:36:49.299+00:00,2026-08-31T21:36:49.299+00:00,0.410851,0.9997469230002025,sqs-worker-5986dcd897-x8rdl,ip-192-168-20-201.ec2.internal,699b97c5e2089e25dff148493aaeb369150d2a1a78d9d28201930977c2b72e69,1,19160.0,20160.0
1,keda-mmpp-808-bcdba705,000084,95.329888,2026-08-31T21:36:25.416+00:00,2026-08-31T21:36:25.444+00:00,2026-08-31T21:36:49.312+00:00,2026-08-31T21:36:49.312+00:00,2026-08-31T21:36:49.398+00:00,2026-08-31T21:36:49.398+00:00,0.034649,0.0854760760012141,sqs-worker-5986dcd897-x8rdl,ip-192-168-20-201.ec2.internal,6a76bcfba99d0432bde967eb70f9804dcf4068c48e235e8333f0c00ca6792fa6,1,23868.0,23954.0
1,keda-mmpp-808-bcdba705,000133,117.848189,2026-08-31T21:36:47.937+00:00,2026-08-31T21:36:47.961+00:00,2026-08-31T21:36:49.411+00:00,2026-08-31T21:36:49.411+00:00,2026-08-31T21:36:49.995+00:00,2026-08-31T21:36:49.995+00:00,0.174045,0.5844791379968228,sqs-worker-5986dcd897-x8rdl,ip-192-168-20-201.ec2.internal,8fccb00de822f60acd43e76da6fe3daf8d73e627e6d6b739b40b311385b941c2,1,1450.0,2033.9999999999998
1,keda-mmpp-808-bcdba705,000098,98.59452,2026-08-31T21:36:28.680+00:00,2026-08-31T21:36:28.710+00:00,2026-08-31T21:36:50.087+00:00,2026-08-31T21:36:50.087+00:00,2026-08-31T21:36:50.875+00:00,2026-08-31T21:36:50.875+00:00,0.143043,0.7888791209988995,sqs-worker-5986dcd897-x8rdl,ip-192-168-20-201.ec2.internal,532ff04e3a8a08ab89cc2b081ad4ffe8939646a426004d3ed44431bbf912eed3,1,21377.0,22165.0
1,keda-mmpp-808-bcdba705,000089,95.961293,2026-08-31T21:36:26.047+00:00,2026-08-31T21:36:26.072+00:00,2026-08-31T21:36:50.995+00:00,2026-08-31T21:36:50.995+00:00,2026-08-31T21:36:51.000+00:00,2026-08-31T21:36:51.000+00:00,0.005,0.00507652500164113,sqs-worker-5986dcd897-x8rdl,ip-192-168-20-201.ec2.internal,2d30af7b8a6fc220a749ce0a067b025a11ecd71c72316013806298b6267caf1a,1,24923.0,24928.0
1,keda-mmpp-808-bcdba705,000110,100.57196,2026-08-31T21:36:30.658+00:00,2026-08-31T21:36:30.684+00:00,2026-08-31T21:36:51.242+00:00,2026-08-31T21:36:51.242+00:00,2026-08-31T21:36:51.438+00:00,2026-08-31T21:36:51.438+00:00,0.094444,0.19601552300082403,sqs-worker-5986dcd897-lrb5p,ip-192-168-20-201.ec2.internal,579f0cdd1da468a4c59238b6b7d14a8f205ab6641514cfa2d30c7fee3225d7ef,1,20558.0,20754.0
1,keda-mmpp-808-bcdba705,000132,114.437353,2026-08-31T21:36:44.523+00:00,2026-08-31T21:36:44.547+00:00,2026-08-31T21:36:51.084+00:00,2026-08-31T21:36:51.084+00:00,2026-08-31T21:36:51.698+00:00,2026-08-31T21:36:51.698+00:00,0.130119,0.6140634499970474,sqs-worker-5986dcd897-x8rdl,ip-192-168-20-201.ec2.internal,7ef002bfda023da9a7c80890519b01bde68a0b25c8a5e1c053337d4a8dabcd61,1,6537.0,7151.0
1,keda-mmpp-808-bcdba705,000103,99.540095,2026-08-31T21:36:29.626+00:00,2026-08-31T21:36:29.651+00:00,2026-08-31T21:36:51.459+00:00,2026-08-31T21:36:51.459+00:00,2026-08-31T21:36:52.131+00:00,2026-08-31T21:36:52.131+00:00,0.150689,0.6716372180017061,sqs-worker-5986dcd897-lrb5p,ip-192-168-20-201.ec2.internal,6416a3f2db54488ee10e46a092144f305d49088ee8dbae35e5a47dca91a0528a,1,21808.0,22480.0
1,keda-mmpp-808-bcdba705,000107,99.939604,2026-08-31T21:36:30.026+00:00,2026-08-31T21:36:30.053+00:00,2026-08-31T21:36:52.101+00:00,2026-08-31T21:36:52.101+00:00,2026-08-31T21:36:52.179+00:00,2026-08-31T21:36:52.179+00:00,0.010817,0.07841349400041508,sqs-worker-5986dcd897-x8rdl,ip-192-168-20-201.ec2.internal,b04c97ac130b49163048f5742cac78c7a14816c6905e088bcb25b796d6002838,1,22048.0,22126.0
1,keda-mmpp-808-bcdba705,000081,94.235209,2026-08-31T21:36:24.321+00:00,2026-08-31T21:36:24.347+00:00,2026-08-31T21:36:52.232+00:00,2026-08-31T21:36:52.232+00:00,2026-08-31T21:36:52.638+00:00,2026-08-31T21:36:52.638+00:00,0.08303,0.40590718800012837,sqs-worker-5986dcd897-lrb5p,ip-192-168-20-201.ec2.internal,5d4ee338794115a340b932ca51a1660245e595e6cffedcca0818a208468d258e,1,27885.0,28291.0
1,keda-mmpp-808-bcdba705,000124,102.545699,2026-08-31T21:36:32.632+00:00,2026-08-31T21:36:32.656+00:00,2026-08-31T21:36:51.789+00:00,2026-08-31T21:36:51.789+00:00,2026-08-31T21:36:52.084+00:00,2026-08-31T21:36:52.084+00:00,0.051152,0.2950084490003064,sqs-worker-5986dcd897-x8rdl,ip-192-168-20-201.ec2.internal,8027cda086a918017cf0129d0b6cafa64866392da034fd695eff642dd79d1607,1,19133.0,19428.0
1,keda-mmpp-808-bcdba705,000083,94.444772,2026-08-31T21:36:24.531+00:00,2026-08-31T21:36:24.563+00:00,2026-08-31T21:36:52.384+00:00,2026-08-31T21:36:52.384+00:00,2026-08-31T21:36:53.508+00:00,2026-08-31T21:36:53.508+00:00,0.460613,1.124037262998172,sqs-worker-5986dcd897-x8rdl,ip-192-168-20-201.ec2.internal,d43ccd3d9d1b6dd42f411bd07ceea3a1b927b55e0c82811b4faa8965b59e8e8a,1,27821.0,28945.0
1,keda-mmpp-808-bcdba705,000117,101.576256,2026-08-31T21:36:31.662+00:00,2026-08-31T21:36:31.687+00:00,2026-08-31T21:36:53.529+00:00,2026-08-31T21:36:53.529+00:00,2026-08-31T21:36:53.797+00:00,2026-08-31T21:36:53.797+00:00,0.104624,0.2673772319976706,sqs-worker-5986dcd897-x8rdl,ip-192-168-20-201.ec2.internal,e28dd45175218d60c8cfd6cd872db804aa099cc85ace8c3b4c44cdb4ce3eca19,1,21842.0,22110.0
1,keda-mmpp-808-bcdba705,000113,100.768564,2026-08-31T21:36:30.854+00:00,2026-08-31T21:36:30.881+00:00,2026-08-31T21:36:52.729+00:00,2026-08-31T21:36:52.729+00:00,2026-08-31T21:36:54.324+00:00,2026-08-31T21:36:54.324+00:00,0.280096,1.5943200820001948,sqs-worker-5986dcd897-lrb5p,ip-192-168-20-201.ec2.internal,2427649f282bf6eb9a2aeb554348b5b7c7d3ca0df9a333fd1093aa6bafeb7983,1,21848.0,23443.0
1,keda-mmpp-808-bcdba705,000119,102.148159,2026-08-31T21:36:32.234+00:00,2026-08-31T21:36:32.261+00:00,2026-08-31T21:36:54.351+00:00,2026-08-31T21:36:54.351+00:00,2026-08-31T21:36:54.927+00:00,2026-08-31T21:36:54.927+00:00,0.161631,0.5753121189991361,sqs-worker-5986dcd897-lrb5p,ip-192-168-20-201.ec2.internal,ea695401d0d9c76c11e628812a64dfe3cd9b644615d12de2ff111e71d5480e2f,1,22090.0,22666.0
1,keda-mmpp-808-bcdba705,000101,99.101866,2026-08-31T21:36:29.188+00:00,2026-08-31T21:36:29.215+00:00,2026-08-31T21:36:54.948+00:00,2026-08-31T21:36:54.948+00:00,2026-08-31T21:36:55.025+00:00,2026-08-31T21:36:55.025+00:00,0.033467,0.07686899799955427,sqs-worker-5986dcd897-lrb5p,ip-192-168-20-201.ec2.internal,e3e235e9101761986655085e62e24f67f5a311e9f0ac685bcc33ef1b57041e7d,1,25733.0,25810.0
1,keda-mmpp-808-bcdba705,000120,102.224936,2026-08-31T21:36:32.311+00:00,2026-08-31T21:36:32.338+00:00,2026-08-31T21:36:55.044+00:00,2026-08-31T21:36:55.044+00:00,2026-08-31T21:36:55.829+00:00,2026-08-31T21:36:55.829+00:00,0.31937,0.7846605209997506,sqs-worker-5986dcd897-lrb5p,ip-192-168-20-201.ec2.internal,835702654062dc370c45f6957a00e6028bc43354bb47978d2ac83bfd31acfa28,1,22706.0,23491.0
1,keda-mmpp-808-bcdba705,000123,102.32088,2026-08-31T21:36:32.406+00:00,2026-08-31T21:36:32.431+00:00,2026-08-31T21:36:55.844+00:00,2026-08-31T21:36:55.844+00:00,2026-08-31T21:36:56.043+00:00,2026-08-31T21:36:56.043+00:00,0.089356,0.19885654999961844,sqs-worker-5986dcd897-lrb5p,ip-192-168-20-201.ec2.internal,f0845fbaf32cde3ada0e71c6068754abd3cd6746fc35d97f0cb740249eb16891,1,23413.0,23612.0
1,keda-mmpp-808-bcdba705,000095,98.408083,2026-08-31T21:36:28.494+00:00,2026-08-31T21:36:28.519+00:00,2026-08-31T21:36:53.812+00:00,2026-08-31T21:36:53.812+00:00,2026-08-31T21:36:56.302+00:00,2026-08-31T21:36:56.302+00:00,1.0,2.489360087998648,sqs-worker-5986dcd897-x8rdl,ip-192-168-20-201.ec2.internal,88e6fa391aaea9097a39679b8ae07a74f10b0a95bf838ebf39a250af07b35362,1,25293.0,27783.0
1,keda-mmpp-808-bcdba705,000093,97.884289,2026-08-31T21:36:27.971+00:00,2026-08-31T21:36:27.997+00:00,2026-08-31T21:36:56.066+00:00,2026-08-31T21:36:56.066+00:00,2026-08-31T21:36:56.853+00:00,2026-08-31T21:36:56.853+00:00,0.325367,0.7866496639981051,sqs-worker-5986dcd897-lrb5p,ip-192-168-20-201.ec2.internal,0580f065dcebaf83790f882dde396be0cd163f8c0f2e657085130d7891c380d1,1,28069.0,28856.0
1,keda-mmpp-808-bcdba705,000102,99.231527,2026-08-31T21:36:29.318+00:00,2026-08-31T21:36:29.351+00:00,2026-08-31T21:36:56.360+00:00,2026-08-31T21:36:56.360+00:00,2026-08-31T21:36:57.691+00:00,2026-08-31T21:36:57.691+00:00,0.543779,1.330739266002638,sqs-worker-5986dcd897-x8rdl,ip-192-168-20-201.ec2.internal,4acaa6673c0f0b2116fe4c928802f162ac30fe0231535e5d66d356489b3c268b,1,27009.0,28340.0
1,keda-mmpp-808-bcdba705,000109,100.408351,2026-08-31T21:36:30.494+00:00,2026-08-31T21:36:30.522+00:00,2026-08-31T21:36:57.160+00:00,2026-08-31T21:36:57.160+00:00,2026-08-31T21:36:57.446+00:00,2026-08-31T21:36:57.446+00:00,0.126232,0.2862770060019102,sqs-worker-5986dcd897-lrb5p,ip-192-168-20-201.ec2.internal,0ed969c566a1098a0495cf83f370734bb641af6aaf218af0ab78943419460e05,1,26638.0,26924.0
1,keda-mmpp-808-bcdba705,000104,99.628722,2026-08-31T21:36:29.714+00:00,2026-08-31T21:36:29.741+00:00,2026-08-31T21:36:56.907+00:00,2026-08-31T21:36:56.907+00:00,2026-08-31T21:36:56.947+00:00,2026-08-31T21:36:56.947+00:00,0.029624,0.04053178799949819,sqs-worker-5986dcd897-lrb5p,ip-192-168-20-201.ec2.internal,bc6e1b58fc1de88e9e653b0c335af258bc48e1ee1cc4a649b5ae40f98dd3936f,1,27166.0,27206.0
1,keda-mmpp-808-bcdba705,000129,110.155761,2026-08-31T21:36:40.244+00:00,2026-08-31T21:36:40.276+00:00,2026-08-31T21:36:57.719+00:00,2026-08-31T21:36:57.719+00:00,2026-08-31T21:36:58.135+00:00,2026-08-31T21:36:58.135+00:00,0.173095,0.416563140002836,sqs-worker-5986dcd897-lrb5p,ip-192-168-20-201.ec2.internal,bcf5bcd876ae5222387bb974a0a815bc75c18ba8c865bb4bdf8c3967252298b9,1,17443.0,17859.0
1,keda-mmpp-808-bcdba705,000136,127.621296,2026-08-31T21:36:57.706+00:00,2026-08-31T21:36:57.731+00:00,2026-08-31T21:36:58.150+00:00,2026-08-31T21:36:58.150+00:00,2026-08-31T21:36:58.659+00:00,2026-08-31T21:36:58.659+00:00,0.218896,0.5087674860005791,sqs-worker-5986dcd897-lrb5p,ip-192-168-20-201.ec2.internal,3f7c9ac4a0565f534d22a59f7792f32233129ceb4db8d9c0d1a9e3d895063532,1,419.0,928.0
1,keda-mmpp-808-bcdba705,000125,102.632492,2026-08-31T21:36:32.718+00:00,2026-08-31T21:36:32.743+00:00,2026-08-31T21:36:56.974+00:00,2026-08-31T21:36:56.974+00:00,2026-08-31T21:36:57.135+00:00,2026-08-31T21:36:57.135+00:00,0.063727,0.16100161299982574,sqs-worker-5986dcd897-lrb5p,ip-192-168-20-201.ec2.internal,6c92bc3d7de164c3b94bdb2134685f8e26a75ccbda8af2b695f28f3c4feba90a,1,24231.0,24392.0
1,keda-mmpp-808-bcdba705,000111,100.629735,2026-08-31T21:36:30.715+00:00,2026-08-31T21:36:30.746+00:00,2026-08-31T21:36:57.466+00:00,2026-08-31T21:36:57.466+00:00,2026-08-31T21:36:57.705+00:00,2026-08-31T21:36:57.705+00:00,0.086339,0.23864092499934486,sqs-worker-5986dcd897-lrb5p,ip-192-168-20-201.ec2.internal,e1d7f066aa19637f0fd77d670613b5697e97e10f7b486051cd14fb12de2a24a8,1,26720.0,26959.0
1,keda-mmpp-808-bcdba705,000114,101.216797,2026-08-31T21:36:31.303+00:00,2026-08-31T21:36:31.329+00:00,2026-08-31T21:36:57.706+00:00,2026-08-31T21:36:57.706+00:00,2026-08-31T21:36:58.305+00:00,2026-08-31T21:36:58.305+00:00,0.24937,0.598882402999152,sqs-worker-5986dcd897-x8rdl,ip-192-168-20-201.ec2.internal,05921b6acbdc2a0e544736d830a4b899f8f498722efd3e9d56694a68c1f610d1,1,26377.0,26976.0
1,keda-mmpp-808-bcdba705,000131,113.963622,2026-08-31T21:36:44.050+00:00,2026-08-31T21:36:44.075+00:00,2026-08-31T21:36:59.153+00:00,2026-08-31T21:36:59.153+00:00,2026-08-31T21:36:59.206+00:00,2026-08-31T21:36:59.206+00:00,0.015576,0.053232547998049995,sqs-worker-5986dcd897-lrb5p,ip-192-168-20-201.ec2.internal,6e16954fedb4225e14cec17ba0c9d6e0ce77ebaba7832e336c4289923f861f97,1,15078.0,15131.0
1,keda-mmpp-808-bcdba705,000106,99.709082,2026-08-31T21:36:29.795+00:00,2026-08-31T21:36:29.825+00:00,2026-08-31T21:36:59.232+00:00,2026-08-31T21:36:59.232+00:00,2026-08-31T21:36:59.638+00:00,2026-08-31T21:36:59.638+00:00,0.167973,0.4062183739988541,sqs-worker-5986dcd897-lrb5p,ip-192-168-20-201.ec2.internal,02e7dd4d085627020a37c953ab42f97a8ab0246f4f9c710d544d9ec66b8c3699,1,29407.0,29813.0
1,keda-mmpp-808-bcdba705,000130,112.940832,2026-08-31T21:36:43.029+00:00,2026-08-31T21:36:43.052+00:00,2026-08-31T21:36:58.961+00:00,2026-08-31T21:36:58.961+00:00,2026-08-31T21:36:59.140+00:00,2026-08-31T21:36:59.140+00:00,0.079628,0.1786688360007247,sqs-worker-5986dcd897-lrb5p,ip-192-168-20-201.ec2.internal,4d26b87b6edfb1f6e76817a6b2eae54c91b4f5bf284b6fc909edf11c2c5508a7,1,15909.0,16088.000000000002
1,keda-mmpp-808-bcdba705,000105,99.635631,2026-08-31T21:36:29.721+00:00,2026-08-31T21:36:29.746+00:00,2026-08-31T21:36:58.433+00:00,2026-08-31T21:36:58.433+00:00,2026-08-31T21:36:59.315+00:00,2026-08-31T21:36:59.315+00:00,0.36146,0.8820636949967593,sqs-worker-5986dcd897-x8rdl,ip-192-168-20-201.ec2.internal,622a6c8f467646c2a640147fb1e4f7ea78f4d9a4fb3dfe02b449cf3f2a6fcf35,1,28687.0,29569.0
1,keda-mmpp-808-bcdba705,000135,127.440273,2026-08-31T21:36:57.526+00:00,2026-08-31T21:36:57.553+00:00,2026-08-31T21:36:58.321+00:00,2026-08-31T21:36:58.321+00:00,2026-08-31T21:36:58.411+00:00,2026-08-31T21:36:58.411+00:00,0.041075,0.08930509700076072,sqs-worker-5986dcd897-x8rdl,ip-192-168-20-201.ec2.internal,f6b7fc836de5dc74fa6c0108b2518c72dfc575d3c97a12adb0366367f78408f2,1,768.0,858.0
1,keda-mmpp-808-bcdba705,000138,128.601678,2026-08-31T21:36:58.686+00:00,2026-08-31T21:36:58.712+00:00,2026-08-31T21:36:58.726+00:00,2026-08-31T21:36:58.726+00:00,2026-08-31T21:36:58.936+00:00,2026-08-31T21:36:58.936+00:00,0.091353,0.21029483099846402,sqs-worker-5986dcd897-lrb5p,ip-192-168-20-201.ec2.internal,56c975dada649a342f41dee448c671802d58fc19e7cdc17a488d8cd7fafee341,1,14.0,224.0
1,keda-mmpp-808-bcdba705,000108,100.355517,2026-08-31T21:36:30.442+00:00,2026-08-31T21:36:30.471+00:00,2026-08-31T21:36:59.330+00:00,2026-08-31T21:36:59.330+00:00,2026-08-31T21:36:59.589+00:00,2026-08-31T21:36:59.589+00:00,0.088181,0.25832325800001854,sqs-worker-5986dcd897-x8rdl,ip-192-168-20-201.ec2.internal,77b8ea56370bdde9cce213b712fff6c2fb9e1b9549deb93dd02c7c39c978c2db,1,28859.0,29118.0
1,keda-mmpp-808-bcdba705,000140,129.570578,2026-08-31T21:36:59.656+00:00,2026-08-31T21:36:59.683+00:00,2026-08-31T21:37:00.855+00:00,2026-08-31T21:37:00.855+00:00,2026-08-31T21:37:01.344+00:00,2026-08-31T21:37:01.344+00:00,0.200448,0.4891285260018776,sqs-worker-5986dcd897-lrb5p,ip-192-168-20-201.ec2.internal,ba328697d0a757a0b31e4afbf6167a41fc711404b51e505e94aa3891517c2397,1,1172.0,1661.0
1,keda-mmpp-808-bcdba705,000137,128.087215,2026-08-31T21:36:58.172+00:00,2026-08-31T21:36:58.715+00:00,2026-08-31T21:36:59.609+00:00,2026-08-31T21:36:59.609+00:00,2026-08-31T21:36:59.975+00:00,2026-08-31T21:36:59.975+00:00,0.085954,0.3658305600001768,sqs-worker-5986dcd897-x8rdl,ip-192-168-20-201.ec2.internal,e4b52ffc9d3c735351b5d2745837c792d7763478e21d89d3ab29ea4e709dc0bc,1,894.0,1260.0
1,keda-mmpp-808-bcdba705,000115,101.401235,2026-08-31T21:36:31.487+00:00,2026-08-31T21:36:31.513+00:00,2026-08-31T21:36:59.680+00:00,2026-08-31T21:36:59.680+00:00,2026-08-31T21:37:00.839+00:00,2026-08-31T21:37:00.839+00:00,0.48048,1.1597041550012364,sqs-worker-5986dcd897-lrb5p,ip-192-168-20-201.ec2.internal,4d2c5c196c751bf3691833f2f4687cf6931bd39d98c23118c4fe7612d191e37c,1,28167.0,29326.0
1,keda-mmpp-808-bcdba705,000139,128.661528,2026-08-31T21:36:58.746+00:00,2026-08-31T21:36:58.771+00:00,2026-08-31T21:37:00.005+00:00,2026-08-31T21:37:00.005+00:00,2026-08-31T21:37:01.986+00:00,2026-08-31T21:37:01.986+00:00,0.36723,1.9813467929998296,sqs-worker-5986dcd897-x8rdl,ip-192-168-20-201.ec2.internal,f48eea55275c34a3bc77a0cb3ef83445ddd30fe27eeb7baeb20ad0e7e83b275d,1,1234.0,3215.0
1,keda-mmpp-808-bcdba705,000141,129.949396,2026-08-31T21:37:00.034+00:00,2026-08-31T21:37:00.065+00:00,2026-08-31T21:37:01.371+00:00,2026-08-31T21:37:01.371+00:00,2026-08-31T21:37:01.935+00:00,2026-08-31T21:37:01.935+00:00,0.157609,0.5644002490007551,sqs-worker-5986dcd897-lrb5p,ip-192-168-20-201.ec2.internal,f62b523f01e82dc2b187f7a882a3678413d0fc810966a867cfe2dc76f81ec84c,1,1306.0,1870.0
1,keda-mmpp-808-bcdba705,000145,131.076941,2026-08-31T21:37:01.162+00:00,2026-08-31T21:37:01.192+00:00,2026-08-31T21:37:02.004+00:00,2026-08-31T21:37:02.004+00:00,2026-08-31T21:37:03.991+00:00,2026-08-31T21:37:03.991+00:00,0.61147,1.9878180569976394,sqs-worker-5986dcd897-x8rdl,ip-192-168-20-201.ec2.internal,c07705afe961ec31f79c38cb5c2ee196c48f697d918bef368e68d4e735a6ada4,1,812.0,2799.0
1,keda-mmpp-808-bcdba705,000142,129.95809,2026-08-31T21:37:00.042+00:00,2026-08-31T21:37:00.082+00:00,2026-08-31T21:37:04.307+00:00,2026-08-31T21:37:04.307+00:00,2026-08-31T21:37:04.317+00:00,2026-08-31T21:37:04.317+00:00,0.010275,0.010580010999547085,sqs-worker-5986dcd897-x8rdl,ip-192-168-20-201.ec2.internal,bc1d68db32223150f9a9ab6900f5c64cc0be1517396c326295236531ba8c0659,1,4225.0,4235.0
1,keda-mmpp-808-bcdba705,000118,101.648159,2026-08-31T21:36:31.734+00:00,2026-08-31T21:36:31.759+00:00,2026-08-31T21:37:04.008+00:00,2026-08-31T21:37:04.008+00:00,2026-08-31T21:37:04.289+00:00,2026-08-31T21:37:04.289+00:00,0.11288,0.2812521909982024,sqs-worker-5986dcd897-x8rdl,ip-192-168-20-201.ec2.internal,6d4686e2ff3a431559adeb469c718668d4bfe97a325908d66bff70f64e989541,1,32249.000000000004,32530.0
1,keda-mmpp-808-bcdba705,000147,131.57107,2026-08-31T21:37:01.655+00:00,2026-08-31T21:37:01.681+00:00,2026-08-31T21:37:02.029+00:00,2026-08-31T21:37:02.029+00:00,2026-08-31T21:37:04.845+00:00,2026-08-31T21:37:04.845+00:00,0.54274,2.816286086999753,sqs-worker-5986dcd897-lrb5p,ip-192-168-20-201.ec2.internal,a5b788d78131c70773429792054554e6cecbca01a440c592f481a3b215b1b68b,1,348.0,3164.0
1,keda-mmpp-808-bcdba705,000144,130.731223,2026-08-31T21:37:00.816+00:00,2026-08-31T21:37:00.850+00:00,2026-08-31T21:37:04.868+00:00,2026-08-31T21:37:04.868+00:00,2026-08-31T21:37:05.123+00:00,2026-08-31T21:37:05.123+00:00,0.09365,0.2553933720009809,sqs-worker-5986dcd897-lrb5p,ip-192-168-20-201.ec2.internal,ff9e2cb22173879d622a3d1c8cd825768b9ab69d90d07fd65004ca1250fb1a99,1,4018.0,4273.0
1,keda-mmpp-808-bcdba705,000148,131.648077,2026-08-31T21:37:01.732+00:00,2026-08-31T21:37:01.760+00:00,2026-08-31T21:37:04.336+00:00,2026-08-31T21:37:04.336+00:00,2026-08-31T21:37:04.919+00:00,2026-08-31T21:37:04.919+00:00,0.250244,0.5830207889994199,sqs-worker-5986dcd897-x8rdl,ip-192-168-20-201.ec2.internal,83f151e24b5679060b20f52225f45295e973958650258285c31fff36c95cd760,1,2576.0,3159.0
1,keda-mmpp-808-bcdba705,000150,132.139318,2026-08-31T21:37:02.224+00:00,2026-08-31T21:37:02.252+00:00,2026-08-31T21:37:04.988+00:00,2026-08-31T21:37:04.989+00:00,2026-08-31T21:37:05.384+00:00,2026-08-31T21:37:05.384+00:00,0.158455,0.3951005240014638,sqs-worker-5986dcd897-x8rdl,ip-192-168-20-201.ec2.internal,b9dbc3429c85cf953b30826ebfa3f25d697b3132934c60e0bb6b9300fcba055a,1,2736.0,3132.0
1,keda-mmpp-808-bcdba705,000163,133.827447,2026-08-31T21:37:03.912+00:00,2026-08-31T21:37:03.938+00:00,2026-08-31T21:37:05.558+00:00,2026-08-31T21:37:05.558+00:00,2026-08-31T21:37:06.161+00:00,2026-08-31T21:37:06.161+00:00,0.26629,0.6026856329990551,sqs-worker-5986dcd897-lrb5p,ip-192-168-20-201.ec2.internal,eeb5862740ef477f6684ea4dcf5dc61ba02f2c4b35f7185102073eca6cdf7689,1,1620.0,2223.0
1,keda-mmpp-808-bcdba705,000121,102.227539,2026-08-31T21:36:32.313+00:00,2026-08-31T21:36:32.343+00:00,2026-08-31T21:37:05.401+00:00,2026-08-31T21:37:05.401+00:00,2026-08-31T21:37:06.424+00:00,2026-08-31T21:37:06.424+00:00,0.421899,1.0238270279987773,sqs-worker-5986dcd897-x8rdl,ip-192-168-20-201.ec2.internal,9ffb0e0f4ce218951c1fa7e2eaec48705712c4b3153b95ac9a21a7361fb8f65b,1,33058.0,34081.0
1,keda-mmpp-808-bcdba705,000151,132.306323,2026-08-31T21:37:02.391+00:00,2026-08-31T21:37:02.420+00:00,2026-08-31T21:37:06.216+00:00,2026-08-31T21:37:06.216+00:00,2026-08-31T21:37:06.541+00:00,2026-08-31T21:37:06.541+00:00,0.135472,0.3251202560022648,sqs-worker-5986dcd897-lrb5p,ip-192-168-20-201.ec2.internal,a5c5c02072ff142388e06cae3119b4c884c45d8826156022f2073d29b7c1e21e,1,3796.0,4121.0
1,keda-mmpp-808-bcdba705,000171,136.250331,2026-08-31T21:37:06.335+00:00,2026-08-31T21:37:06.363+00:00,2026-08-31T21:37:06.586+00:00,2026-08-31T21:37:06.586+00:00,2026-08-31T21:37:06.627+00:00,2026-08-31T21:37:06.627+00:00,0.012237,0.04040617799910251,sqs-worker-5986dcd897-lrb5p,ip-192-168-20-201.ec2.internal,228f3c1e7b2501f9bb527e25cee6397c046f01ce4edd6af569b97ed2990f8391,1,223.0,264.0
1,keda-mmpp-808-bcdba705,000159,133.672926,2026-08-31T21:37:03.757+00:00,2026-08-31T21:37:03.790+00:00,2026-08-31T21:37:05.152+00:00,2026-08-31T21:37:05.152+00:00,2026-08-31T21:37:05.529+00:00,2026-08-31T21:37:05.529+00:00,0.159535,0.3769750369974645,sqs-worker-5986dcd897-lrb5p,ip-192-168-20-201.ec2.internal,92e6cfaf852e8006e20f229c7c5bc63292c42ac81da677c43512bb9b2a0f6661,1,1362.0,1739.0
1,keda-mmpp-808-bcdba705,000149,131.840448,2026-08-31T21:37:01.925+00:00,2026-08-31T21:37:01.951+00:00,2026-08-31T21:37:06.654+00:00,2026-08-31T21:37:06.654+00:00,2026-08-31T21:37:06.760+00:00,2026-08-31T21:37:06.760+00:00,0.067468,0.1055875060010294,sqs-worker-5986dcd897-lrb5p,ip-192-168-20-201.ec2.internal,df555d85f5f62ab31eee15b285bd65579990d463fc2b4e8bf50cc9e4162aec3c,1,4703.0,4809.0
1,keda-mmpp-808-bcdba705,000173,136.929002,2026-08-31T21:37:07.013+00:00,2026-08-31T21:37:07.039+00:00,2026-08-31T21:37:07.087+00:00,2026-08-31T21:37:07.087+00:00,2026-08-31T21:37:07.398+00:00,2026-08-31T21:37:07.398+00:00,0.132567,0.31079097600013483,sqs-worker-5986dcd897-2fxtj,ip-192-168-20-201.ec2.internal,3b9a42b5d43f9c3edcb2d4d858701ef6017065d103a6dc6cf9fa6e16d076132e,1,48.0,359.0
1,keda-mmpp-808-bcdba705,000166,134.545799,2026-08-31T21:37:04.630+00:00,2026-08-31T21:37:04.655+00:00,2026-08-31T21:37:07.769+00:00,2026-08-31T21:37:07.769+00:00,2026-08-31T21:37:08.041+00:00,2026-08-31T21:37:08.041+00:00,0.122515,0.2717081769987999,sqs-worker-5986dcd897-5rbmz,ip-192-168-20-201.ec2.internal,1ff00dbbafeb30e857f0737454f6a431768bf05cc1fe072bf4a101712c68fa7d,1,3114.0,3386.0
1,keda-mmpp-808-bcdba705,000143,130.19272,2026-08-31T21:37:00.277+00:00,2026-08-31T21:37:00.389+00:00,2026-08-31T21:37:07.131+00:00,2026-08-31T21:37:07.131+00:00,2026-08-31T21:37:07.714+00:00,2026-08-31T21:37:07.714+00:00,0.254553,0.5832349949996569,sqs-worker-5986dcd897-5rbmz,ip-192-168-20-201.ec2.internal,51731fc23d3266686810528262e1d692db1c1195a19186b11c94b0e276b4c6d2,1,6742.0,7325.0
1,keda-mmpp-808-bcdba705,000155,133.36702,2026-08-31T21:37:03.451+00:00,2026-08-31T21:37:03.479+00:00,2026-08-31T21:37:08.124+00:00,2026-08-31T21:37:08.124+00:00,2026-08-31T21:37:08.230+00:00,2026-08-31T21:37:08.230+00:00,0.044478,0.10524983700088342,sqs-worker-5986dcd897-2fxtj,ip-192-168-20-201.ec2.internal,4c162ca64cc53338fa60252c52d07614129cd1f63a8dee61a5538caa37d5a0f3,1,4645.0,4751.0
1,keda-mmpp-808-bcdba705,000161,133.741477,2026-08-31T21:37:03.826+00:00,2026-08-31T21:37:03.851+00:00,2026-08-31T21:37:07.432+00:00,2026-08-31T21:37:07.432+00:00,2026-08-31T21:37:07.696+00:00,2026-08-31T21:37:07.696+00:00,0.110775,0.26486346399906324,sqs-worker-5986dcd897-2fxtj,ip-192-168-20-201.ec2.internal,61735aeca2d63880da5adb396af5f668e18adcd5cef40b3215fd663d7b611baf,1,3581.0,3845.0
1,keda-mmpp-808-bcdba705,000164,134.086118,2026-08-31T21:37:04.171+00:00,2026-08-31T21:37:04.196+00:00,2026-08-31T21:37:07.758+00:00,2026-08-31T21:37:07.758+00:00,2026-08-31T21:37:08.108+00:00,2026-08-31T21:37:08.108+00:00,0.160466,0.3503026470025361,sqs-worker-5986dcd897-2fxtj,ip-192-168-20-201.ec2.internal,1b87e3d8eb1c6deb83a31fd374a92fa3d6b20cec10f5aca6ebfb6f04fa70d175,1,3562.0,3912.0
1,keda-mmpp-808-bcdba705,000152,132.509586,2026-08-31T21:37:02.594+00:00,2026-08-31T21:37:02.622+00:00,2026-08-31T21:37:07.304+00:00,2026-08-31T21:37:07.304+00:00,2026-08-31T21:37:08.600+00:00,2026-08-31T21:37:08.601+00:00,0.533447,1.2966398210010084,sqs-worker-5986dcd897-x8rdl,ip-192-168-20-201.ec2.internal,07f752db270d46b21fdf3e6c726c26ab15b22505c386c5ef0f0e6a40d5508337,1,4682.0,5978.0
1,keda-mmpp-808-bcdba705,000167,134.721372,2026-08-31T21:37:04.806+00:00,2026-08-31T21:37:04.831+00:00,2026-08-31T21:37:08.136+00:00,2026-08-31T21:37:08.136+00:00,2026-08-31T21:37:08.240+00:00,2026-08-31T21:37:08.240+00:00,0.059419,0.10367552399839042,sqs-worker-5986dcd897-5rbmz,ip-192-168-20-201.ec2.internal,1aa552ea1c2d1c40a53013ef7e072c798b3a318ae55e6a3455215d1995a8d291,1,3305.0,3409.0
1,keda-mmpp-808-bcdba705,000146,131.369235,2026-08-31T21:37:01.454+00:00,2026-08-31T21:37:01.480+00:00,2026-08-31T21:37:08.278+00:00,2026-08-31T21:37:08.279+00:00,2026-08-31T21:37:09.328+00:00,2026-08-31T21:37:09.328+00:00,0.417925,1.0498312589988927,sqs-worker-5986dcd897-5rbmz,ip-192-168-20-201.ec2.internal,92157acec54a11cdbcf04911baa870ba0978b914cf426d739d16e1094ef0baaa,1,6798.0,7848.0
1,keda-mmpp-808-bcdba705,000174,137.039276,2026-08-31T21:37:07.124+00:00,2026-08-31T21:37:07.149+00:00,2026-08-31T21:37:07.231+00:00,2026-08-31T21:37:07.231+00:00,2026-08-31T21:37:09.663+00:00,2026-08-31T21:37:09.663+00:00,0.981135,2.4327550690031785,sqs-worker-5986dcd897-lrb5p,ip-192-168-20-201.ec2.internal,130ae58bcc7b8aceeffd73303badaa9a7128702f0c33074dee44ff4167f62b44,1,82.0,2514.0
1,keda-mmpp-808-bcdba705,000169,135.672679,2026-08-31T21:37:05.758+00:00,2026-08-31T21:37:05.783+00:00,2026-08-31T21:37:06.453+00:00,2026-08-31T21:37:06.453+00:00,2026-08-31T21:37:06.792+00:00,2026-08-31T21:37:06.792+00:00,0.133729,0.3389584910000849,sqs-worker-5986dcd897-x8rdl,ip-192-168-20-201.ec2.internal,94d636f34e09fa66e291606baa5dd17a7be9d3cdfd77b172aab36d5ee6e88e51,1,670.0,1008.9999999999999
1,keda-mmpp-808-bcdba705,000134,124.865642,2026-08-31T21:36:54.954+00:00,2026-08-31T21:36:54.979+00:00,2026-08-31T21:37:06.826+00:00,2026-08-31T21:37:06.826+00:00,2026-08-31T21:37:07.140+00:00,2026-08-31T21:37:07.140+00:00,0.137399,0.31399929400140536,sqs-worker-5986dcd897-lrb5p,ip-192-168-20-201.ec2.internal,0d1638e236d259ddaa6e717ec30b1bcc73d935be389bae1dfd0139ff428e0789,1,11847.0,12161.0
1,keda-mmpp-808-bcdba705,000160,133.697425,2026-08-31T21:37:03.782+00:00,2026-08-31T21:37:03.809+00:00,2026-08-31T21:37:07.155+00:00,2026-08-31T21:37:07.155+00:00,2026-08-31T21:37:07.170+00:00,2026-08-31T21:37:07.170+00:00,0.014198,0.014243052999518113,sqs-worker-5986dcd897-lrb5p,ip-192-168-20-201.ec2.internal,006d36ab84aebf0a3010700df841ff619104c2d076dd854f509fa411a256ca9d,1,3346.0,3361.0
1,keda-mmpp-808-bcdba705,000154,133.23097,2026-08-31T21:37:03.316+00:00,2026-08-31T21:37:03.341+00:00,2026-08-31T21:37:06.822+00:00,2026-08-31T21:37:06.822+00:00,2026-08-31T21:37:07.224+00:00,2026-08-31T21:37:07.224+00:00,0.183851,0.40266814899950987,sqs-worker-5986dcd897-x8rdl,ip-192-168-20-201.ec2.internal,fd06fd93dc2e345a1a3d0c765d9b74bb608ff3a4bb1d1023c26c28e452e96e59,1,3481.0,3883.0
1,keda-mmpp-808-bcdba705,000170,136.043097,2026-08-31T21:37:06.128+00:00,2026-08-31T21:37:06.159+00:00,2026-08-31T21:37:08.062+00:00,2026-08-31T21:37:08.062+00:00,2026-08-31T21:37:08.111+00:00,2026-08-31T21:37:08.111+00:00,0.015401,0.049020335001841886,sqs-worker-5986dcd897-5rbmz,ip-192-168-20-201.ec2.internal,fd7b3cf7ab8b3b873f854f60339a0582de61a861c201e7c8b45d53b7be80d4c1,1,1903.0,1952.0
1,keda-mmpp-808-bcdba705,000172,136.713567,2026-08-31T21:37:06.798+00:00,2026-08-31T21:37:06.823+00:00,2026-08-31T21:37:08.270+00:00,2026-08-31T21:37:08.270+00:00,2026-08-31T21:37:09.118+00:00,2026-08-31T21:37:09.118+00:00,0.358487,0.848056874001486,sqs-worker-5986dcd897-2fxtj,ip-192-168-20-201.ec2.internal,1eae7733f8f6f433d263d50669bc6547b3037b27a75fc5e6eb34d7fa3e90181a,1,1447.0,2295.0
1,keda-mmpp-808-bcdba705,000178,139.543209,2026-08-31T21:37:09.628+00:00,2026-08-31T21:37:09.653+00:00,2026-08-31T21:37:10.037+00:00,2026-08-31T21:37:10.037+00:00,2026-08-31T21:37:10.264+00:00,2026-08-31T21:37:10.264+00:00,0.058977,0.22784297399994102,sqs-worker-5986dcd897-5rbmz,ip-192-168-20-201.ec2.internal,3f0e9f734b2a130434110ac667058b25f4454675dc4b5d6be4a8643897987472,1,384.0,611.0
1,keda-mmpp-808-bcdba705,000158,133.634538,2026-08-31T21:37:03.719+00:00,2026-08-31T21:37:03.749+00:00,2026-08-31T21:37:10.276+00:00,2026-08-31T21:37:10.276+00:00,2026-08-31T21:37:10.525+00:00,2026-08-31T21:37:10.525+00:00,0.10236,0.24880188699899008,sqs-worker-5986dcd897-lrb5p,ip-192-168-20-201.ec2.internal,867e6ed24b0cd335a80b5bc389cc405a856bfb066243dfd499d6b64fee2d64b3,1,6527.0,6776.0
1,keda-mmpp-808-bcdba705,000182,140.115157,2026-08-31T21:37:10.200+00:00,2026-08-31T21:37:10.224+00:00,2026-08-31T21:37:10.406+00:00,2026-08-31T21:37:10.406+00:00,2026-08-31T21:37:10.511+00:00,2026-08-31T21:37:10.511+00:00,0.054062,0.10417736599993077,sqs-worker-5986dcd897-2fxtj,ip-192-168-20-201.ec2.internal,b1572b9a2cccfd9e59d78f986eaae3d3be3bbc8ac90f55a22f32bb1e24a92df8,1,182.0,287.0
1,keda-mmpp-808-bcdba705,000165,134.216724,2026-08-31T21:37:04.301+00:00,2026-08-31T21:37:04.331+00:00,2026-08-31T21:37:10.846+00:00,2026-08-31T21:37:10.846+00:00,2026-08-31T21:37:11.618+00:00,2026-08-31T21:37:11.618+00:00,0.306691,0.7717510600014066,sqs-worker-5986dcd897-5rbmz,ip-192-168-20-201.ec2.internal,602b9a70ae528c9194d531572948db88613321e498b51635de2a43a9a6f8cd38,1,6515.0,7287.0
1,keda-mmpp-808-bcdba705,000162,133.814823,2026-08-31T21:37:03.899+00:00,2026-08-31T21:37:03.923+00:00,2026-08-31T21:37:10.548+00:00,2026-08-31T21:37:10.548+00:00,2026-08-31T21:37:11.306+00:00,2026-08-31T21:37:11.306+00:00,0.311122,0.758020770001167,sqs-worker-5986dcd897-2fxtj,ip-192-168-20-201.ec2.internal,9d3e9b860cba76f898f910d18b5687b6dab581b73cfec6e1a079640dbf7bbfb1,1,6625.0,7383.0
1,keda-mmpp-808-bcdba705,000181,139.875799,2026-08-31T21:37:09.960+00:00,2026-08-31T21:37:09.985+00:00,2026-08-31T21:37:11.328+00:00,2026-08-31T21:37:11.328+00:00,2026-08-31T21:37:12.392+00:00,2026-08-31T21:37:12.392+00:00,0.429574,1.0639504179998767,sqs-worker-5986dcd897-2fxtj,ip-192-168-20-201.ec2.internal,0833cc87ab6193ea6a311dcd948335e8f7de78eda098d1599eea432fd5d82c3b,1,1343.0,2407.0
1,keda-mmpp-808-bcdba705,000176,138.461908,2026-08-31T21:37:08.546+00:00,2026-08-31T21:37:08.571+00:00,2026-08-31T21:37:09.344+00:00,2026-08-31T21:37:09.344+00:00,2026-08-31T21:37:09.960+00:00,2026-08-31T21:37:09.960+00:00,0.228129,0.6166222119973099,sqs-worker-5986dcd897-5rbmz,ip-192-168-20-201.ec2.internal,8c89de43fe14f363b253712819ccfad034520be004d715f422d2088d140e68a1,1,773.0,1389.0
1,keda-mmpp-808-bcdba705,000177,138.81838,2026-08-31T21:37:08.903+00:00,2026-08-31T21:37:08.932+00:00,2026-08-31T21:37:09.694+00:00,2026-08-31T21:37:09.694+00:00,2026-08-31T21:37:10.256+00:00,2026-08-31T21:37:10.256+00:00,0.180995,0.5621602469982463,sqs-worker-5986dcd897-lrb5p,ip-192-168-20-201.ec2.internal,0fe20ac200995fb9bcac221751b246bcaa4c6b80167518d59af32b92c3b311ff,1,762.0,1324.0
1,keda-mmpp-808-bcdba705,000179,139.764939,2026-08-31T21:37:09.849+00:00,2026-08-31T21:37:09.875+00:00,2026-08-31T21:37:10.288+00:00,2026-08-31T21:37:10.288+00:00,2026-08-31T21:37:10.824+00:00,2026-08-31T21:37:10.824+00:00,0.219914,0.5361873119982192,sqs-worker-5986dcd897-5rbmz,ip-192-168-20-201.ec2.internal,c3ee9c976c972353b7dc4bb5bc790dc35c603f6aef9fe0bf080ef89b82a7ee05,1,413.0,949.0
1,keda-mmpp-808-bcdba705,000157,133.567073,2026-08-31T21:37:03.651+00:00,2026-08-31T21:37:03.677+00:00,2026-08-31T21:37:09.745+00:00,2026-08-31T21:37:09.745+00:00,2026-08-31T21:37:10.370+00:00,2026-08-31T21:37:10.370+00:00,0.21637,0.6249141179978324,sqs-worker-5986dcd897-2fxtj,ip-192-168-20-201.ec2.internal,e7f7f28be31f9c348f68c31ab8f6feff2e8a5456fc3013c13f02ba0b2183fbab,1,6068.0,6693.0
1,keda-mmpp-808-bcdba705,000183,142.512938,2026-08-31T21:37:12.598+00:00,2026-08-31T21:37:12.623+00:00,2026-08-31T21:37:12.627+00:00,2026-08-31T21:37:12.627+00:00,2026-08-31T21:37:13.484+00:00,2026-08-31T21:37:13.484+00:00,0.363082,0.8573522500009858,sqs-worker-5986dcd897-5rbmz,ip-192-168-20-201.ec2.internal,3deca496087780a76381a4861c8e2acd2a6e1d6735849c5140ae0158198ed1b7,1,4.0,861.0
1,keda-mmpp-808-bcdba705,000168,135.110005,2026-08-31T21:37:05.195+00:00,2026-08-31T21:37:05.219+00:00,2026-08-31T21:37:11.654+00:00,2026-08-31T21:37:11.654+00:00,2026-08-31T21:37:12.513+00:00,2026-08-31T21:37:12.513+00:00,0.358351,0.85969031300192,sqs-worker-5986dcd897-5rbmz,ip-192-168-20-201.ec2.internal,cd405975b7f2a1b282549107273b3efbc14db4d770458fcaca59b0c7acbd20ca,1,6435.0,7294.0
1,keda-mmpp-808-bcdba705,000180,139.786026,2026-08-31T21:37:09.870+00:00,2026-08-31T21:37:09.895+00:00,2026-08-31T21:37:12.133+00:00,2026-08-31T21:37:12.133+00:00,2026-08-31T21:37:14.927+00:00,2026-08-31T21:37:14.927+00:00,0.562423,2.794054433998099,sqs-worker-5986dcd897-lrb5p,ip-192-168-20-201.ec2.internal,1594302278f4044cc1702c5e531fe47ff865b52c3d5b068a06ad5073d8624775,1,2238.0,5032.0
1,keda-mmpp-808-bcdba705,000156,133.532796,2026-08-31T21:37:03.617+00:00,2026-08-31T21:37:03.644+00:00,2026-08-31T21:37:09.179+00:00,2026-08-31T21:37:09.179+00:00,2026-08-31T21:37:09.720+00:00,2026-08-31T21:37:09.720+00:00,0.211321,0.5409041530001559,sqs-worker-5986dcd897-2fxtj,ip-192-168-20-201.ec2.internal,14a81a316771ad22289e32f207084b4a5b35196c46fe44432da455e981b13fe5,1,5535.0,6076.0
1,keda-mmpp-808-bcdba705,000175,138.35221,2026-08-31T21:37:08.438+00:00,2026-08-31T21:37:08.471+00:00,2026-08-31T21:37:10.575+00:00,2026-08-31T21:37:10.575+00:00,2026-08-31T21:37:12.043+00:00,2026-08-31T21:37:12.043+00:00,0.487726,1.4685229269998672,sqs-worker-5986dcd897-lrb5p,ip-192-168-20-201.ec2.internal,d8de0182b2ba050e7fbdfd16fdfefe285b2cbcb94288f42c10defac5fe1a87a8,1,2104.0,3572.0
1,keda-mmpp-808-bcdba705,000153,132.619993,2026-08-31T21:37:02.704+00:00,2026-08-31T21:37:02.729+00:00,2026-08-31T21:37:08.627+00:00,2026-08-31T21:37:08.627+00:00,2026-08-31T21:37:12.599+00:00,2026-08-31T21:37:12.599+00:00,0.953169,3.972277679000399,sqs-worker-5986dcd897-x8rdl,ip-192-168-20-201.ec2.internal,d92bad0bb0ff1ac0aa198fa3cd42fd7b1c8120b85d2bcdff1f21c83092439234,1,5898.0,9870.0
1,keda-mmpp-808-bcdba705,000184,143.477847,2026-08-31T21:37:13.563+00:00,2026-08-31T21:37:13.587+00:00,2026-08-31T21:37:13.593+00:00,2026-08-31T21:37:13.593+00:00,2026-08-31T21:37:13.791+00:00,2026-08-31T21:37:13.791+00:00,0.08798,0.19808096600172576,sqs-worker-5986dcd897-x8rdl,ip-192-168-20-201.ec2.internal,87893b8e7b491f1d8d754002046c8f63c43a829bc715d600db6f5e6b44036ef2,1,6.0,204.0
1,keda-mmpp-808-bcdba705,000185,145.691011,2026-08-31T21:37:15.778+00:00,2026-08-31T21:37:15.803+00:00,2026-08-31T21:37:15.807+00:00,2026-08-31T21:37:15.807+00:00,2026-08-31T21:37:16.528+00:00,2026-08-31T21:37:16.528+00:00,0.304547,0.7206348809995688,sqs-worker-5986dcd897-lrb5p,ip-192-168-20-201.ec2.internal,be067a9c14c1c21a59888147f63b1b9788878e0083c528c4d9d3133375fdca96,1,4.0,725.0
1,keda-mmpp-808-bcdba705,000186,146.154077,2026-08-31T21:37:16.239+00:00,2026-08-31T21:37:16.264+00:00,2026-08-31T21:37:16.268+00:00,2026-08-31T21:37:16.268+00:00,2026-08-31T21:37:16.871+00:00,2026-08-31T21:37:16.871+00:00,0.206414,0.6037038489994302,sqs-worker-5986dcd897-2fxtj,ip-192-168-20-201.ec2.internal,49e5fe02423637e8de5b3c7c3aa42375b070701aa96f3d9295296d446089bd98,1,4.0,607.0
1,keda-mmpp-808-bcdba705,000190,147.434426,2026-08-31T21:37:17.519+00:00,2026-08-31T21:37:17.549+00:00,2026-08-31T21:37:17.554+00:00,2026-08-31T21:37:17.554+00:00,2026-08-31T21:37:17.763+00:00,2026-08-31T21:37:17.763+00:00,0.107631,0.20954303200051072,sqs-worker-5986dcd897-lrb5p,ip-192-168-20-201.ec2.internal,07b3a81863ded22a48fba40915a87e6ad70e2aa897a1677e7357d5b754267989,1,5.0,214.0
1,keda-mmpp-808-bcdba705,000191,147.707039,2026-08-31T21:37:17.792+00:00,2026-08-31T21:37:17.816+00:00,2026-08-31T21:37:17.827+00:00,2026-08-31T21:37:17.827+00:00,2026-08-31T21:37:17.841+00:00,2026-08-31T21:37:17.841+00:00,0.014316,0.014393129997188225,sqs-worker-5986dcd897-lrb5p,ip-192-168-20-201.ec2.internal,be1cf3411a9473e11ef54822616e608396d3654787918994ba6d6efec4e4150a,1,11.0,25.0
1,keda-mmpp-808-bcdba705,000192,147.927978,2026-08-31T21:37:18.012+00:00,2026-08-31T21:37:18.035+00:00,2026-08-31T21:37:18.039+00:00,2026-08-31T21:37:18.039+00:00,2026-08-31T21:37:18.338+00:00,2026-08-31T21:37:18.338+00:00,0.133995,0.2986046050027653,sqs-worker-5986dcd897-lrb5p,ip-192-168-20-201.ec2.internal,816e81bc0b38549342c9fc12f20a3c9eb80879f4244544608a29e38d5ba363a6,1,4.0,303.0
1,keda-mmpp-808-bcdba705,000187,146.811107,2026-08-31T21:37:16.896+00:00,2026-08-31T21:37:16.919+00:00,2026-08-31T21:37:16.923+00:00,2026-08-31T21:37:16.923+00:00,2026-08-31T21:37:18.214+00:00,2026-08-31T21:37:18.214+00:00,0.208767,1.29161617200225,sqs-worker-5986dcd897-5rbmz,ip-192-168-20-201.ec2.internal,939f746e38b7cf42c0fda4d73b7661d1ed17a2470c40566e24a06617910ad453,1,4.0,1295.0
1,keda-mmpp-808-bcdba705,000189,147.307795,2026-08-31T21:37:17.392+00:00,2026-08-31T21:37:17.415+00:00,2026-08-31T21:37:17.418+00:00,2026-08-31T21:37:17.418+00:00,2026-08-31T21:37:18.295+00:00,2026-08-31T21:37:18.295+00:00,0.154117,0.8764217429998098,sqs-worker-5986dcd897-2fxtj,ip-192-168-20-201.ec2.internal,d71d55e6deee0f2a8639892da7438f15a272ea304a8f60954e9ff53e8c635457,1,3.0,880.0
1,keda-mmpp-808-bcdba705,000195,148.139352,2026-08-31T21:37:18.224+00:00,2026-08-31T21:37:18.249+00:00,2026-08-31T21:37:18.321+00:00,2026-08-31T21:37:18.321+00:00,2026-08-31T21:37:19.203+00:00,2026-08-31T21:37:19.203+00:00,0.192152,0.8822337979981967,sqs-worker-5986dcd897-5rbmz,ip-192-168-20-201.ec2.internal,6c976918105fa30842b78aab33e6cf1470e04ef5d7924feba20c315ef66c87d3,1,72.0,954.0
1,keda-mmpp-808-bcdba705,000198,148.609269,2026-08-31T21:37:18.694+00:00,2026-08-31T21:37:18.717+00:00,2026-08-31T21:37:19.207+00:00,2026-08-31T21:37:19.207+00:00,2026-08-31T21:37:19.216+00:00,2026-08-31T21:37:19.216+00:00,0.009336,0.009387755002535414,sqs-worker-5986dcd897-x8rdl,ip-192-168-20-201.ec2.internal,1096c3148db46d7ce7739b2a3088f2baa26be9fc0635a60c20f215deb34151f6,1,490.0,499.0
1,keda-mmpp-808-bcdba705,000199,148.754354,2026-08-31T21:37:18.839+00:00,2026-08-31T21:37:18.863+00:00,2026-08-31T21:37:19.396+00:00,2026-08-31T21:37:19.396+00:00,2026-08-31T21:37:19.609+00:00,2026-08-31T21:37:19.609+00:00,0.090701,0.21234974300023168,sqs-worker-5986dcd897-lrb5p,ip-192-168-20-201.ec2.internal,c9beba90042f097e29a1c9f591cb59e55007255870233fc058f80067c870bebd,1,533.0,746.0
1,keda-mmpp-808-bcdba705,000193,147.995395,2026-08-31T21:37:18.080+00:00,2026-08-31T21:37:18.103+00:00,2026-08-31T21:37:18.391+00:00,2026-08-31T21:37:18.392+00:00,2026-08-31T21:37:19.574+00:00,2026-08-31T21:37:19.574+00:00,0.317895,1.1827571760004503,sqs-worker-5986dcd897-2fxtj,ip-192-168-20-201.ec2.internal,103d2836da80193df87544239822a53bc66694247be3ca46488799a2a541f366,1,288.0,1471.0
1,keda-mmpp-808-bcdba705,000188,147.107883,2026-08-31T21:37:17.192+00:00,2026-08-31T21:37:17.221+00:00,2026-08-31T21:37:17.225+00:00,2026-08-31T21:37:17.225+00:00,2026-08-31T21:37:19.186+00:00,2026-08-31T21:37:19.186+00:00,0.803044,1.961062671001855,sqs-worker-5986dcd897-x8rdl,ip-192-168-20-201.ec2.internal,d858e4f7cc83ef1437a23544790a4ff9f4ec368a88e82c7b3308f1f0ae141b84,1,4.0,1965.0
1,keda-mmpp-808-bcdba705,000196,148.215566,2026-08-31T21:37:18.300+00:00,2026-08-31T21:37:18.323+00:00,2026-08-31T21:37:18.354+00:00,2026-08-31T21:37:18.354+00:00,2026-08-31T21:37:19.341+00:00,2026-08-31T21:37:19.341+00:00,0.396184,0.9863877300012973,sqs-worker-5986dcd897-lrb5p,ip-192-168-20-201.ec2.internal,0798bdc7ff32fb5c7a4dee826c409983499a2055aa94f0d2635b7f227df680a0,1,31.0,1018.0
1,keda-mmpp-808-bcdba705,000205,149.805794,2026-08-31T21:37:19.890+00:00,2026-08-31T21:37:19.913+00:00,2026-08-31T21:37:19.916+00:00,2026-08-31T21:37:19.916+00:00,2026-08-31T21:37:20.212+00:00,2026-08-31T21:37:20.212+00:00,0.133292,0.29586092499812366,sqs-worker-5986dcd897-5rbmz,ip-192-168-20-201.ec2.internal,cd121fa8d45672ba11f96931d73f9fdb5f9374f23eee72ff5833281df8344dfe,1,3.0,299.0
1,keda-mmpp-808-bcdba705,000194,148.02144,2026-08-31T21:37:18.106+00:00,2026-08-31T21:37:18.129+00:00,2026-08-31T21:37:19.259+00:00,2026-08-31T21:37:19.259+00:00,2026-08-31T21:37:20.178+00:00,2026-08-31T21:37:20.178+00:00,0.281466,0.9190950949996477,sqs-worker-5986dcd897-x8rdl,ip-192-168-20-201.ec2.internal,07f9f0e8a02256a62b9a183103c5cb1fd881122de1a89324b52b6a5656abe7ba,1,1130.0,2049.0
1,keda-mmpp-808-bcdba705,000207,149.97822,2026-08-31T21:37:20.064+00:00,2026-08-31T21:37:20.092+00:00,2026-08-31T21:37:20.194+00:00,2026-08-31T21:37:20.194+00:00,2026-08-31T21:37:20.294+00:00,2026-08-31T21:37:20.294+00:00,0.014599,0.09970288900149171,sqs-worker-5986dcd897-x8rdl,ip-192-168-20-201.ec2.internal,3ebc434b1473f50011aa8c8af0d11b9f31548e1204cc09db6ab69b0500f50297,1,102.0,202.0
1,keda-mmpp-808-bcdba705,000200,149.022087,2026-08-31T21:37:19.107+00:00,2026-08-31T21:37:19.129+00:00,2026-08-31T21:37:19.227+00:00,2026-08-31T21:37:19.227+00:00,2026-08-31T21:37:19.611+00:00,2026-08-31T21:37:19.611+00:00,0.165941,0.38448026300102356,sqs-worker-5986dcd897-5rbmz,ip-192-168-20-201.ec2.internal,35a1e3874bdb676dfc21b8c14c94392c33dcd3c926603190743474dbe814275c,1,98.0,482.0
1,keda-mmpp-808-bcdba705,000204,149.532993,2026-08-31T21:37:19.617+00:00,2026-08-31T21:37:19.641+00:00,2026-08-31T21:37:19.644+00:00,2026-08-31T21:37:19.644+00:00,2026-08-31T21:37:19.814+00:00,2026-08-31T21:37:19.814+00:00,0.066658,0.170063088000461,sqs-worker-5986dcd897-5rbmz,ip-192-168-20-201.ec2.internal,91069a18f94f426d0b35ede86b698e785a7140b924614d1ab01f7f463b2c7e20,1,3.0,173.0
1,keda-mmpp-808-bcdba705,000201,149.206429,2026-08-31T21:37:19.291+00:00,2026-08-31T21:37:19.320+00:00,2026-08-31T21:37:19.605+00:00,2026-08-31T21:37:19.605+00:00,2026-08-31T21:37:19.819+00:00,2026-08-31T21:37:19.819+00:00,0.097887,0.21378765199915506,sqs-worker-5986dcd897-2fxtj,ip-192-168-20-201.ec2.internal,e526b7b1401309e33f6fe456fbe1efe97dffc520c46ad1b06afad36840584f6c,1,285.0,499.0
1,keda-mmpp-808-bcdba705,000203,149.358752,2026-08-31T21:37:19.443+00:00,2026-08-31T21:37:19.467+00:00,2026-08-31T21:37:19.837+00:00,2026-08-31T21:37:19.837+00:00,2026-08-31T21:37:20.186+00:00,2026-08-31T21:37:20.186+00:00,0.134289,0.3486843350001436,sqs-worker-5986dcd897-2fxtj,ip-192-168-20-201.ec2.internal,7d6749f417c3887f0c094c23367f6e690d54ef2b8d84eec5e96c4f9411113258,1,370.0,719.0
1,keda-mmpp-808-bcdba705,000213,151.097903,2026-08-31T21:37:21.181+00:00,2026-08-31T21:37:21.210+00:00,2026-08-31T21:37:21.332+00:00,2026-08-31T21:37:21.333+00:00,2026-08-31T21:37:21.398+00:00,2026-08-31T21:37:21.398+00:00,0.033067,0.06507924299876322,sqs-worker-5986dcd897-5rbmz,ip-192-168-20-201.ec2.internal,32043cddb6aaec298feb3c283b7cb7c704edf5380af06011c38c568aa99b2273,1,122.0,188.0
1,keda-mmpp-808-bcdba705,000211,150.733238,2026-08-31T21:37:20.818+00:00,2026-08-31T21:37:20.843+00:00,2026-08-31T21:37:21.420+00:00,2026-08-31T21:37:21.420+00:00,2026-08-31T21:37:21.908+00:00,2026-08-31T21:37:21.908+00:00,0.206027,0.48788467699705507,sqs-worker-5986dcd897-5rbmz,ip-192-168-20-201.ec2.internal,c619a834654c37b83d131b4c36a6d51d038b974a4545637dfe355182f5239cd8,1,577.0,1065.0
1,keda-mmpp-808-bcdba705,000210,150.480957,2026-08-31T21:37:20.565+00:00,2026-08-31T21:37:20.594+00:00,2026-08-31T21:37:21.928+00:00,2026-08-31T21:37:21.928+00:00,2026-08-31T21:37:22.046+00:00,2026-08-31T21:37:22.046+00:00,0.052591,0.11831142200026079,sqs-worker-5986dcd897-5rbmz,ip-192-168-20-201.ec2.internal,c1339fea7b50ddd4fd12126e1a90ddb3dca87b919244c716ad65b32615f619fd,1,1334.0,1452.0
1,keda-mmpp-808-bcdba705,000215,151.35397,2026-08-31T21:37:21.438+00:00,2026-08-31T21:37:21.981+00:00,2026-08-31T21:37:22.113+00:00,2026-08-31T21:37:22.113+00:00,2026-08-31T21:37:22.713+00:00,2026-08-31T21:37:22.713+00:00,0.254296,0.6001257870011614,sqs-worker-5986dcd897-2fxtj,ip-192-168-20-201.ec2.internal,5db55e0cadc08caba3ab076b190b98e4aec9f75ac1d737fbf1466dd8e7eaa666,1,132.0,732.0
1,keda-mmpp-808-bcdba705,000214,151.12348,2026-08-31T21:37:21.207+00:00,2026-08-31T21:37:21.235+00:00,2026-08-31T21:37:22.082+00:00,2026-08-31T21:37:22.082+00:00,2026-08-31T21:37:22.243+00:00,2026-08-31T21:37:22.243+00:00,0.075737,0.16110650799964787,sqs-worker-5986dcd897-5rbmz,ip-192-168-20-201.ec2.internal,38ce112ec4940d703f20faec9cd737fda6a4d64fbc30ee82a3d77ad8bf866128,1,847.0,1008.0
1,keda-mmpp-808-bcdba705,000197,148.38724,2026-08-31T21:37:18.472+00:00,2026-08-31T21:37:18.495+00:00,2026-08-31T21:37:19.361+00:00,2026-08-31T21:37:19.361+00:00,2026-08-31T21:37:19.366+00:00,2026-08-31T21:37:19.366+00:00,0.005,0.005100352998852031,sqs-worker-5986dcd897-lrb5p,ip-192-168-20-201.ec2.internal,d093a705b5969ef74a7c47ec7a16c3e0a451531a85fe909c9c3fb80c2dd094f8,1,866.0,871.0
1,keda-mmpp-808-bcdba705,000209,150.368546,2026-08-31T21:37:20.453+00:00,2026-08-31T21:37:20.484+00:00,2026-08-31T21:37:20.488+00:00,2026-08-31T21:37:20.488+00:00,2026-08-31T21:37:21.034+00:00,2026-08-31T21:37:21.034+00:00,0.226872,0.5452646909980103,sqs-worker-5986dcd897-5rbmz,ip-192-168-20-201.ec2.internal,f6d1588c12c98499ae66f2e47260011660b0dd9d69afca8210bb8cf71812c816,1,4.0,550.0
1,keda-mmpp-808-bcdba705,000208,150.266562,2026-08-31T21:37:20.351+00:00,2026-08-31T21:37:20.376+00:00,2026-08-31T21:37:20.387+00:00,2026-08-31T21:37:20.387+00:00,2026-08-31T21:37:22.097+00:00,2026-08-31T21:37:22.097+00:00,0.307264,1.710121831001743,sqs-worker-5986dcd897-x8rdl,ip-192-168-20-201.ec2.internal,8cfc987e0f3b6295b7c02add646843359ad2b8c1d81948a12a06184b8e9f07fe,1,11.0,1721.0
1,keda-mmpp-808-bcdba705,000206,149.978184,2026-08-31T21:37:20.063+00:00,2026-08-31T21:37:20.090+00:00,2026-08-31T21:37:20.220+00:00,2026-08-31T21:37:20.220+00:00,2026-08-31T21:37:22.073+00:00,2026-08-31T21:37:22.073+00:00,0.75046,1.852550750001683,sqs-worker-5986dcd897-2fxtj,ip-192-168-20-201.ec2.internal,624247785f0849b2d1a736625cf0a286a1c7e2bf23bef6784c0222056ddc4856,1,130.0,1983.0
1,keda-mmpp-808-bcdba705,000217,152.266537,2026-08-31T21:37:22.350+00:00,2026-08-31T21:37:22.375+00:00,2026-08-31T21:37:22.381+00:00,2026-08-31T21:37:22.381+00:00,2026-08-31T21:37:22.648+00:00,2026-08-31T21:37:22.648+00:00,0.12236,0.2676833200021065,sqs-worker-5986dcd897-5rbmz,ip-192-168-20-201.ec2.internal,fe4ffea930957b124e7647f5b2e16cd9e0cf554879d392b14fc52cb7df57412f,1,6.0,273.0
1,keda-mmpp-808-bcdba705,000216,152.136848,2026-08-31T21:37:22.221+00:00,2026-08-31T21:37:22.255+00:00,2026-08-31T21:37:22.260+00:00,2026-08-31T21:37:22.260+00:00,2026-08-31T21:37:24.318+00:00,2026-08-31T21:37:24.318+00:00,0.704825,2.0580736410011014,sqs-worker-5986dcd897-x8rdl,ip-192-168-20-201.ec2.internal,7287f88e8414663f115ecc5cafea3644566d994359498081269a43b174e26f4c,1,5.0,2063.0
1,keda-mmpp-808-bcdba705,000219,152.743346,2026-08-31T21:37:22.827+00:00,2026-08-31T21:37:22.854+00:00,2026-08-31T21:37:22.858+00:00,2026-08-31T21:37:22.859+00:00,2026-08-31T21:37:23.290+00:00,2026-08-31T21:37:23.290+00:00,0.187327,0.4315761170000769,sqs-worker-5986dcd897-2fxtj,ip-192-168-20-201.ec2.internal,d903beb5c2ce125bdf59ce10a43869a2503e1352961386ad35ea2b6699717736,1,4.0,436.0
1,keda-mmpp-808-bcdba705,000220,153.652855,2026-08-31T21:37:23.737+00:00,2026-08-31T21:37:23.764+00:00,2026-08-31T21:37:23.768+00:00,2026-08-31T21:37:23.768+00:00,2026-08-31T21:37:23.993+00:00,2026-08-31T21:37:23.993+00:00,0.100801,0.22487166200153297,sqs-worker-5986dcd897-5rbmz,ip-192-168-20-201.ec2.internal,acae1c215c0a03f25ce823f561d7516034e30c9fec8df316c2b32d08cc60fe5d,1,4.0,229.0
1,keda-mmpp-808-bcdba705,000223,154.298805,2026-08-31T21:37:24.382+00:00,2026-08-31T21:37:24.407+00:00,2026-08-31T21:37:24.416+00:00,2026-08-31T21:37:24.417+00:00,2026-08-31T21:37:24.444+00:00,2026-08-31T21:37:24.444+00:00,0.027331,0.02744761199937784,sqs-worker-5986dcd897-5rbmz,ip-192-168-20-201.ec2.internal,f1b5ce96bf7154ba73d073f12ea3bf25fe7f4d1e2a3ddd7e66825a7c161f473d,1,9.0,37.0
1,keda-mmpp-808-bcdba705,000225,155.048442,2026-08-31T21:37:25.132+00:00,2026-08-31T21:37:25.158+00:00,2026-08-31T21:37:25.161+00:00,2026-08-31T21:37:25.161+00:00,2026-08-31T21:37:25.675+00:00,2026-08-31T21:37:25.675+00:00,0.217037,0.5138999470000272,sqs-worker-5986dcd897-x8rdl,ip-192-168-20-201.ec2.internal,aa8cb9a463dcd7b429a304bc8fc0fa42bf462516c73a03252f9b8cad7ff95353,1,3.0,517.0
1,keda-mmpp-808-bcdba705,000230,155.813677,2026-08-31T21:37:25.897+00:00,2026-08-31T21:37:25.924+00:00,2026-08-31T21:37:25.929+00:00,2026-08-31T21:37:25.929+00:00,2026-08-31T21:37:26.037+00:00,2026-08-31T21:37:26.037+00:00,0.06694,0.10780454000268946,sqs-worker-5986dcd897-x8rdl,ip-192-168-20-201.ec2.internal,8fa98cd0537d7c84e0cbe762228f80aca099e5527931d1dcab169f2c224f200b,1,5.0,113.0
1,keda-mmpp-808-bcdba705,000228,155.322144,2026-08-31T21:37:25.405+00:00,2026-08-31T21:37:25.434+00:00,2026-08-31T21:37:25.438+00:00,2026-08-31T21:37:25.438+00:00,2026-08-31T21:37:26.162+00:00,2026-08-31T21:37:26.162+00:00,0.318463,0.7239051690012275,sqs-worker-5986dcd897-lrb5p,ip-192-168-20-201.ec2.internal,455ad8da8f3278f459dc083301cbec81b3162cedff6c95996f4f10374eaa5189,1,4.0,728.0
1,keda-mmpp-808-bcdba705,000212,150.945251,2026-08-31T21:37:21.029+00:00,2026-08-31T21:37:21.055+00:00,2026-08-31T21:37:21.060+00:00,2026-08-31T21:37:21.060+00:00,2026-08-31T21:37:21.290+00:00,2026-08-31T21:37:21.290+00:00,0.095319,0.22990152199781733,sqs-worker-5986dcd897-5rbmz,ip-192-168-20-201.ec2.internal,29a930d066a7c153a4caa567409ca0094d4a4958911b5ea8516dff63a3177818,1,5.0,235.0
1,keda-mmpp-808-bcdba705,000202,149.349737,2026-08-31T21:37:19.434+00:00,2026-08-31T21:37:19.461+00:00,2026-08-31T21:37:19.667+00:00,2026-08-31T21:37:19.667+00:00,2026-08-31T21:37:22.745+00:00,2026-08-31T21:37:22.745+00:00,1.0,3.078343732002395,sqs-worker-5986dcd897-lrb5p,ip-192-168-20-201.ec2.internal,5b6a0d00dfea0389e5091ccaeb18fa6661675adc4f096d6984e28a7d59c8cebe,1,206.0,3284.0
1,keda-mmpp-808-bcdba705,000218,152.299331,2026-08-31T21:37:22.383+00:00,2026-08-31T21:37:22.410+00:00,2026-08-31T21:37:22.716+00:00,2026-08-31T21:37:22.716+00:00,2026-08-31T21:37:23.414+00:00,2026-08-31T21:37:23.414+00:00,0.297858,0.6977010180016805,sqs-worker-5986dcd897-5rbmz,ip-192-168-20-201.ec2.internal,e3652e29c8d876bd520ad8d72942376d6e062dd5fccdb0c9a72c99b307dc0d49,1,306.0,1004.0
1,keda-mmpp-808-bcdba705,000222,153.873746,2026-08-31T21:37:23.957+00:00,2026-08-31T21:37:23.986+00:00,2026-08-31T21:37:23.990+00:00,2026-08-31T21:37:23.990+00:00,2026-08-31T21:37:24.214+00:00,2026-08-31T21:37:24.215+00:00,0.103992,0.22500324499924318,sqs-worker-5986dcd897-lrb5p,ip-192-168-20-201.ec2.internal,3d3035343794d248e57d15d14a782336716236b346d00f043e596209aa09800c,1,4.0,228.0
1,keda-mmpp-808-bcdba705,000227,155.276082,2026-08-31T21:37:25.359+00:00,2026-08-31T21:37:25.383+00:00,2026-08-31T21:37:25.397+00:00,2026-08-31T21:37:25.397+00:00,2026-08-31T21:37:25.404+00:00,2026-08-31T21:37:25.404+00:00,0.00715,0.007201501000963617,sqs-worker-5986dcd897-5rbmz,ip-192-168-20-201.ec2.internal,3090027e4d478f2d070289b79df95b818df49f898183a0723ecb098e601149e0,1,14.0,21.0
1,keda-mmpp-808-bcdba705,000221,153.849911,2026-08-31T21:37:23.933+00:00,2026-08-31T21:37:23.961+00:00,2026-08-31T21:37:23.965+00:00,2026-08-31T21:37:23.965+00:00,2026-08-31T21:37:23.970+00:00,2026-08-31T21:37:23.970+00:00,0.005,0.0050401350017637014,sqs-worker-5986dcd897-2fxtj,ip-192-168-20-201.ec2.internal,90456e316aecf64241159c32a4d1eafce1720f74c777f5e7103a83f33ea83136,1,4.0,9.0
1,keda-mmpp-808-bcdba705,000224,154.550841,2026-08-31T21:37:24.634+00:00,2026-08-31T21:37:24.659+00:00,2026-08-31T21:37:24.663+00:00,2026-08-31T21:37:24.663+00:00,2026-08-31T21:37:24.695+00:00,2026-08-31T21:37:24.695+00:00,0.032351,0.03241825599980075,sqs-worker-5986dcd897-lrb5p,ip-192-168-20-201.ec2.internal,a3e8fd4dcddc1222ef2e0706a099e7a69c17d6f677814997f3a6029ad5e4d543,1,4.0,36.0
1,keda-mmpp-808-bcdba705,000231,156.100319,2026-08-31T21:37:26.184+00:00,2026-08-31T21:37:26.213+00:00,2026-08-31T21:37:26.217+00:00,2026-08-31T21:37:26.217+00:00,2026-08-31T21:37:26.783+00:00,2026-08-31T21:37:26.783+00:00,0.240652,0.566538743001729,sqs-worker-5986dcd897-x8rdl,ip-192-168-20-201.ec2.internal,c87f38cc81290b363135cca58bdcaf31e75dcfdab85e87a84d612b72420cc149,1,4.0,570.0
1,keda-mmpp-808-bcdba705,000234,157.0474,2026-08-31T21:37:27.131+00:00,2026-08-31T21:37:27.160+00:00,2026-08-31T21:37:27.164+00:00,2026-08-31T21:37:27.164+00:00,2026-08-31T21:37:27.192+00:00,2026-08-31T21:37:27.192+00:00,0.027474,0.027801592001196695,sqs-worker-5986dcd897-x8rdl,ip-192-168-20-201.ec2.internal,b32482c1a6186a9f24f44aaf223c8df88d9ff62426b72d7beb002abb8ab9c791,1,4.0,32.0
1,keda-mmpp-808-bcdba705,000229,155.641379,2026-08-31T21:37:25.725+00:00,2026-08-31T21:37:25.752+00:00,2026-08-31T21:37:25.756+00:00,2026-08-31T21:37:25.756+00:00,2026-08-31T21:37:26.293+00:00,2026-08-31T21:37:26.293+00:00,0.238103,0.5370062120018702,sqs-worker-5986dcd897-5rbmz,ip-192-168-20-201.ec2.internal,c5d6d6805b98fbb88e7d41ecb0b27df474bfc3a1d3fd31c77d8ec96c497e3211,1,4.0,541.0
1,keda-mmpp-808-bcdba705,000226,155.153707,2026-08-31T21:37:25.237+00:00,2026-08-31T21:37:25.268+00:00,2026-08-31T21:37:25.272+00:00,2026-08-31T21:37:25.272+00:00,2026-08-31T21:37:26.594+00:00,2026-08-31T21:37:26.594+00:00,0.534173,1.3228506380000908,sqs-worker-5986dcd897-2fxtj,ip-192-168-20-201.ec2.internal,4c738690defbfb08f73688abda220f843244e6c0752c676a08d25e2104977ea9,1,4.0,1326.0
1,keda-mmpp-808-bcdba705,000232,156.227557,2026-08-31T21:37:26.311+00:00,2026-08-31T21:37:26.336+00:00,2026-08-31T21:37:26.339+00:00,2026-08-31T21:37:26.339+00:00,2026-08-31T21:37:26.665+00:00,2026-08-31T21:37:26.665+00:00,0.152158,0.3259117369998421,sqs-worker-5986dcd897-lrb5p,ip-192-168-20-201.ec2.internal,89a437f25c91c588217e98f4fcd984a24c269c0177163dd31d3f03ea35f27605,1,3.0,329.0
1,keda-mmpp-808-bcdba705,000235,157.213014,2026-08-31T21:37:27.297+00:00,2026-08-31T21:37:27.321+00:00,2026-08-31T21:37:27.325+00:00,2026-08-31T21:37:27.325+00:00,2026-08-31T21:37:28.954+00:00,2026-08-31T21:37:28.954+00:00,0.658593,1.6289164089976111,sqs-worker-5986dcd897-lrb5p,ip-192-168-20-201.ec2.internal,ab9ec8bce585d28c3f7ba05b3b177946883bff4bec34b5265b00914211a5f4cf,1,4.0,1633.0
1,keda-mmpp-808-bcdba705,000238,157.436651,2026-08-31T21:37:27.520+00:00,2026-08-31T21:37:27.546+00:00,2026-08-31T21:37:27.734+00:00,2026-08-31T21:37:27.736+00:00,2026-08-31T21:37:28.733+00:00,2026-08-31T21:37:28.733+00:00,0.172721,0.9970137909986079,sqs-worker-5986dcd897-5rbmz,ip-192-168-20-201.ec2.internal,3924a714b4401a689468b12de856787e94b7f99971c86b8cd6c46962ee04bdcf,1,188.0,1187.0
1,keda-mmpp-808-bcdba705,000245,158.639334,2026-08-31T21:37:28.723+00:00,2026-08-31T21:37:28.751+00:00,2026-08-31T21:37:28.972+00:00,2026-08-31T21:37:28.972+00:00,2026-08-31T21:37:29.162+00:00,2026-08-31T21:37:29.162+00:00,0.082968,0.1898526059994765,sqs-worker-5986dcd897-lrb5p,ip-192-168-20-201.ec2.internal,6b49e1ec4380c7cdb3afdae83e087330239c0ff6af15146db2f83ff1ccc07871,1,221.0,411.0
1,keda-mmpp-808-bcdba705,000244,158.247733,2026-08-31T21:37:28.331+00:00,2026-08-31T21:37:28.358+00:00,2026-08-31T21:37:28.837+00:00,2026-08-31T21:37:28.837+00:00,2026-08-31T21:37:29.132+00:00,2026-08-31T21:37:29.132+00:00,0.043329,0.29525980399921536,sqs-worker-5986dcd897-5rbmz,ip-192-168-20-201.ec2.internal,bfcb876c21302e00e27e89cc8c357c0718127a7c337f4662c20a72d152344f64,1,479.0,774.0
1,keda-mmpp-808-bcdba705,000233,156.542822,2026-08-31T21:37:26.626+00:00,2026-08-31T21:37:26.651+00:00,2026-08-31T21:37:26.655+00:00,2026-08-31T21:37:26.655+00:00,2026-08-31T21:37:27.712+00:00,2026-08-31T21:37:27.712+00:00,0.254107,1.0573992319987155,sqs-worker-5986dcd897-5rbmz,ip-192-168-20-201.ec2.internal,0db0e9bd7753fabeb4d6a991741f00361c90b09306f3319a634aa0274984c895,1,4.0,1061.0
1,keda-mmpp-808-bcdba705,000237,157.323211,2026-08-31T21:37:27.407+00:00,2026-08-31T21:37:27.434+00:00,2026-08-31T21:37:27.439+00:00,2026-08-31T21:37:27.439+00:00,2026-08-31T21:37:27.823+00:00,2026-08-31T21:37:27.823+00:00,0.181107,0.3847542669973336,sqs-worker-5986dcd897-x8rdl,ip-192-168-20-201.ec2.internal,3ad198f23cc540e6f7d9cb5dda5fbfdcbbd39bbf54084860f3d58f2c34755775,1,5.0,389.0
1,keda-mmpp-808-bcdba705,000242,158.132362,2026-08-31T21:37:28.216+00:00,2026-08-31T21:37:28.241+00:00,2026-08-31T21:37:28.706+00:00,2026-08-31T21:37:28.706+00:00,2026-08-31T21:37:29.829+00:00,2026-08-31T21:37:29.829+00:00,0.382324,1.1224663550019613,sqs-worker-5986dcd897-2fxtj,ip-192-168-20-201.ec2.internal,0ad0793a7f1cc83f1480ba1f32b3c8e497196fc55efd97e103db43a7fe0a8f5a,1,465.0,1588.0
1,keda-mmpp-808-bcdba705,000248,159.233997,2026-08-31T21:37:29.317+00:00,2026-08-31T21:37:29.349+00:00,2026-08-31T21:37:29.854+00:00,2026-08-31T21:37:29.854+00:00,2026-08-31T21:37:30.697+00:00,2026-08-31T21:37:30.697+00:00,0.335751,0.8429726819995267,sqs-worker-5986dcd897-2fxtj,ip-192-168-20-201.ec2.internal,dcf85ee4be533cf0bdc612c4fac41abcbbd52fde0d358118c4a1e8af41333140,1,505.0,1348.0
1,keda-mmpp-808-bcdba705,000239,157.793656,2026-08-31T21:37:27.877+00:00,2026-08-31T21:37:27.905+00:00,2026-08-31T21:37:27.909+00:00,2026-08-31T21:37:27.909+00:00,2026-08-31T21:37:30.405+00:00,2026-08-31T21:37:30.405+00:00,0.882503,2.496214226997836,sqs-worker-5986dcd897-x8rdl,ip-192-168-20-201.ec2.internal,d07d284a8ed830f839727c973bc432f1c89ccfe0e9792e04d686e7108c119cda,1,4.0,2500.0
1,keda-mmpp-808-bcdba705,000241,157.859441,2026-08-31T21:37:27.943+00:00,2026-08-31T21:37:27.967+00:00,2026-08-31T21:37:29.214+00:00,2026-08-31T21:37:29.214+00:00,2026-08-31T21:37:30.030+00:00,2026-08-31T21:37:30.031+00:00,0.165024,0.8166393640021852,sqs-worker-5986dcd897-5rbmz,ip-192-168-20-201.ec2.internal,801216695bf797b6219d19fe29a5d84701281ad63003c1dce3ad084edf25bb2e,1,1247.0,2063.0
1,keda-mmpp-808-bcdba705,000236,157.259907,2026-08-31T21:37:27.343+00:00,2026-08-31T21:37:27.372+00:00,2026-08-31T21:37:27.375+00:00,2026-08-31T21:37:27.375+00:00,2026-08-31T21:37:28.671+00:00,2026-08-31T21:37:28.672+00:00,0.231447,1.2960529410011077,sqs-worker-5986dcd897-2fxtj,ip-192-168-20-201.ec2.internal,b10d9f880cfd4054dab526d4b6f48822234d917e0b0af3211232491ee395d4ed,1,3.0,1299.0
1,keda-mmpp-808-bcdba705,000240,157.803745,2026-08-31T21:37:27.887+00:00,2026-08-31T21:37:27.911+00:00,2026-08-31T21:37:29.189+00:00,2026-08-31T21:37:29.189+00:00,2026-08-31T21:37:29.560+00:00,2026-08-31T21:37:29.560+00:00,0.165349,0.37089900499995565,sqs-worker-5986dcd897-lrb5p,ip-192-168-20-201.ec2.internal,0786bf735066b0bd900a59c4e8ddf6d1d2ce4ca3a0de4c228d7122fb1771f1d9,1,1278.0,1649.0
1,keda-mmpp-808-bcdba705,000250,159.382314,2026-08-31T21:37:29.466+00:00,2026-08-31T21:37:29.493+00:00,2026-08-31T21:37:30.120+00:00,2026-08-31T21:37:30.120+00:00,2026-08-31T21:37:30.758+00:00,2026-08-31T21:37:30.758+00:00,0.265128,0.6378561339988664,sqs-worker-5986dcd897-5rbmz,ip-192-168-20-201.ec2.internal,fa06ef916167a2a38673fe3cf27792e3a9b2cdf1cf3245517a911172ff403284,1,627.0,1265.0
1,keda-mmpp-808-bcdba705,000246,158.862374,2026-08-31T21:37:28.946+00:00,2026-08-31T21:37:28.974+00:00,2026-08-31T21:37:30.724+00:00,2026-08-31T21:37:30.724+00:00,2026-08-31T21:37:30.816+00:00,2026-08-31T21:37:30.816+00:00,0.041944,0.0923867240016989,sqs-worker-5986dcd897-2fxtj,ip-192-168-20-201.ec2.internal,a1c525c264ecca7cff8099dc5ef675d55d4904647b144e9f6707dd2a304d29f6,1,1750.0,1842.0
1,keda-mmpp-808-bcdba705,000247,159.14811,2026-08-31T21:37:29.232+00:00,2026-08-31T21:37:29.266+00:00,2026-08-31T21:37:29.624+00:00,2026-08-31T21:37:29.624+00:00,2026-08-31T21:37:31.057+00:00,2026-08-31T21:37:31.057+00:00,0.590076,1.4330835090004257,sqs-worker-5986dcd897-lrb5p,ip-192-168-20-201.ec2.internal,4bff450c2c87ed2649c5fbfb74beea89fc2474f488c9d4dfee775cf9211d56e6,1,358.0,1791.0
1,keda-mmpp-808-bcdba705,000253,159.935527,2026-08-31T21:37:30.019+00:00,2026-08-31T21:37:30.043+00:00,2026-08-31T21:37:31.074+00:00,2026-08-31T21:37:31.074+00:00,2026-08-31T21:37:31.251+00:00,2026-08-31T21:37:31.251+00:00,0.069262,0.1768790890018863,sqs-worker-5986dcd897-lrb5p,ip-192-168-20-201.ec2.internal,d0c70c4ed7fb34ea8d3f149b485eafe8a83f8d7e56dd57d8e941039e961c80a5,1,1031.0,1208.0
1,keda-mmpp-808-bcdba705,000255,160.243352,2026-08-31T21:37:30.327+00:00,2026-08-31T21:37:30.356+00:00,2026-08-31T21:37:31.770+00:00,2026-08-31T21:37:31.770+00:00,2026-08-31T21:37:31.821+00:00,2026-08-31T21:37:31.821+00:00,0.032705,0.05128259699995397,sqs-worker-5986dcd897-2fxtj,ip-192-168-20-201.ec2.internal,07a17b16d821243681dfb7b2b3970bf1c3a76541072ea1d138aa9f30fa81dd86,1,1414.0,1465.0
1,keda-mmpp-808-bcdba705,000260,161.427394,2026-08-31T21:37:31.511+00:00,2026-08-31T21:37:31.535+00:00,2026-08-31T21:37:31.716+00:00,2026-08-31T21:37:31.716+00:00,2026-08-31T21:37:31.940+00:00,2026-08-31T21:37:31.940+00:00,0.096622,0.22405245099798776,sqs-worker-5986dcd897-5rbmz,ip-192-168-20-201.ec2.internal,23239cd18b46e461f0fa4febf90a330823a2a02b0fd4fb7354392d1ff5061a8f,1,181.0,405.0
1,keda-mmpp-808-bcdba705,000254,159.991168,2026-08-31T21:37:30.075+00:00,2026-08-31T21:37:30.102+00:00,2026-08-31T21:37:30.508+00:00,2026-08-31T21:37:30.508+00:00,2026-08-31T21:37:31.593+00:00,2026-08-31T21:37:31.593+00:00,0.22619,1.0853697069978807,sqs-worker-5986dcd897-x8rdl,ip-192-168-20-201.ec2.internal,53c181d94be23685cf2d263ac5267f4f7de1807dc4270899b6546ca6a8da849e,1,406.0,1491.0
1,keda-mmpp-808-bcdba705,000256,160.298876,2026-08-31T21:37:30.382+00:00,2026-08-31T21:37:30.406+00:00,2026-08-31T21:37:30.847+00:00,2026-08-31T21:37:30.847+00:00,2026-08-31T21:37:31.720+00:00,2026-08-31T21:37:31.720+00:00,0.368344,0.8731040650018258,sqs-worker-5986dcd897-2fxtj,ip-192-168-20-201.ec2.internal,874822d0a00fb51b2f91b9520f79930bcdd47fce503d2eb2f9517f2a6083aaad,1,441.0,1314.0
1,keda-mmpp-808-bcdba705,000259,160.719517,2026-08-31T21:37:30.803+00:00,2026-08-31T21:37:30.827+00:00,2026-08-31T21:37:33.049+00:00,2026-08-31T21:37:33.049+00:00,2026-08-31T21:37:33.311+00:00,2026-08-31T21:37:33.311+00:00,0.12313,0.2618997909994505,sqs-worker-5986dcd897-2fxtj,ip-192-168-20-201.ec2.internal,666ac0e1bd33f907b3208fb83fd532faefc179fb5c7bff4e0ea9af76539e2fbc,1,2222.0,2484.0
1,keda-mmpp-808-bcdba705,000268,162.171709,2026-08-31T21:37:32.255+00:00,2026-08-31T21:37:32.288+00:00,2026-08-31T21:37:32.808+00:00,2026-08-31T21:37:32.808+00:00,2026-08-31T21:37:33.000+00:00,2026-08-31T21:37:33.000+00:00,0.093694,0.19196733200078597,sqs-worker-5986dcd897-2fxtj,ip-192-168-20-201.ec2.internal,475ee6a41f5f0f52cba9332e95e90435a34dee002deac633e175a3de26cb8494,1,520.0,712.0
1,keda-mmpp-808-bcdba705,000270,162.627954,2026-08-31T21:37:32.712+00:00,2026-08-31T21:37:32.737+00:00,2026-08-31T21:37:33.339+00:00,2026-08-31T21:37:33.339+00:00,2026-08-31T21:37:34.229+00:00,2026-08-31T21:37:34.229+00:00,0.357365,0.8902045760005421,sqs-worker-5986dcd897-2fxtj,ip-192-168-20-201.ec2.internal,6dd923ab251834dda9a2e21182967643383e6caa605603b6405e89b3deb256c4,1,602.0,1492.0
1,keda-mmpp-808-bcdba705,000275,163.571855,2026-08-31T21:37:33.656+00:00,2026-08-31T21:37:33.696+00:00,2026-08-31T21:37:34.247+00:00,2026-08-31T21:37:34.247+00:00,2026-08-31T21:37:34.354+00:00,2026-08-31T21:37:34.354+00:00,0.02124,0.10720217200287152,sqs-worker-5986dcd897-lrb5p,ip-192-168-20-201.ec2.internal,06c50644ae227b4c9d0adec51d648a3f7a7697d19464b7289ccc7af4eb555b5b,1,551.0,658.0
1,keda-mmpp-808-bcdba705,000265,161.730351,2026-08-31T21:37:31.814+00:00,2026-08-31T21:37:31.837+00:00,2026-08-31T21:37:32.011+00:00,2026-08-31T21:37:32.011+00:00,2026-08-31T21:37:32.489+00:00,2026-08-31T21:37:32.489+00:00,0.20074,0.4773876220024249,sqs-worker-5986dcd897-2fxtj,ip-192-168-20-201.ec2.internal,fce8fec417620e5046d1552bfb518f59750c285047ff1c849c2ac73f2d84323d,1,174.0,652.0
1,keda-mmpp-808-bcdba705,000269,162.35691,2026-08-31T21:37:32.440+00:00,2026-08-31T21:37:32.465+00:00,2026-08-31T21:37:32.525+00:00,2026-08-31T21:37:32.525+00:00,2026-08-31T21:37:32.533+00:00,2026-08-31T21:37:32.533+00:00,0.006939,0.008347629998752382,sqs-worker-5986dcd897-2fxtj,ip-192-168-20-201.ec2.internal,6c221a9036e40627b76d8811575220dbed81bc4f9ef6adc3fd8daf8c7d6a1b75,1,60.0,68.0
1,keda-mmpp-808-bcdba705,000273,163.043321,2026-08-31T21:37:33.127+00:00,2026-08-31T21:37:33.151+00:00,2026-08-31T21:37:33.936+00:00,2026-08-31T21:37:33.936+00:00,2026-08-31T21:37:34.401+00:00,2026-08-31T21:37:34.401+00:00,0.183374,0.4655161129994667,sqs-worker-5986dcd897-x8rdl,ip-192-168-20-201.ec2.internal,cfe8696b07524258fa9f07b85e49147b869ea9c41f2aa2a7159087b3092474b1,1,785.0,1250.0
1,keda-mmpp-808-bcdba705,000277,164.434919,2026-08-31T21:37:34.518+00:00,2026-08-31T21:37:34.544+00:00,2026-08-31T21:37:34.550+00:00,2026-08-31T21:37:34.550+00:00,2026-08-31T21:37:34.574+00:00,2026-08-31T21:37:34.574+00:00,0.024013,0.024068789000011748,sqs-worker-5986dcd897-x8rdl,ip-192-168-20-201.ec2.internal,e4aac929690a165654774978507f8727bc03d0a08314764e535e6e668e37fca3,1,6.0,30.0
1,keda-mmpp-808-bcdba705,000279,164.48968,2026-08-31T21:37:34.573+00:00,2026-08-31T21:37:34.603+00:00,2026-08-31T21:37:34.608+00:00,2026-08-31T21:37:34.608+00:00,2026-08-31T21:37:35.121+00:00,2026-08-31T21:37:35.121+00:00,0.223618,0.5131986859996687,sqs-worker-5986dcd897-5rbmz,ip-192-168-20-201.ec2.internal,07089609c772b37902a453487329c054c879235e4c99829295001223d3267c5a,1,5.0,518.0
1,keda-mmpp-808-bcdba705,000258,160.408322,2026-08-31T21:37:30.492+00:00,2026-08-31T21:37:30.515+00:00,2026-08-31T21:37:31.275+00:00,2026-08-31T21:37:31.275+00:00,2026-08-31T21:37:31.568+00:00,2026-08-31T21:37:31.568+00:00,0.107857,0.29301212199789006,sqs-worker-5986dcd897-lrb5p,ip-192-168-20-201.ec2.internal,a2d9dae9d765df3182ea232ba6db4995722304d053faaa08b90096b74fc86471,1,760.0,1053.0
1,keda-mmpp-808-bcdba705,000266,161.898032,2026-08-31T21:37:31.981+00:00,2026-08-31T21:37:32.012+00:00,2026-08-31T21:37:32.555+00:00,2026-08-31T21:37:32.555+00:00,2026-08-31T21:37:32.736+00:00,2026-08-31T21:37:32.736+00:00,0.089227,0.18074126900319243,sqs-worker-5986dcd897-2fxtj,ip-192-168-20-201.ec2.internal,7140cb35915ad88fc7dcd9160aeacb123c6262706a79d2df2939f998e9fa16bb,1,543.0,724.0
1,keda-mmpp-808-bcdba705,000272,163.013918,2026-08-31T21:37:33.097+00:00,2026-08-31T21:37:33.124+00:00,2026-08-31T21:37:33.644+00:00,2026-08-31T21:37:33.644+00:00,2026-08-31T21:37:34.333+00:00,2026-08-31T21:37:34.333+00:00,0.289225,0.6885872530001507,sqs-worker-5986dcd897-5rbmz,ip-192-168-20-201.ec2.internal,b9733de37d40ed69d3b98b2c1ceedcd6be8469fd4378949d41ce5b7764bb3998,1,520.0,1209.0
1,keda-mmpp-808-bcdba705,000267,162.116353,2026-08-31T21:37:32.200+00:00,2026-08-31T21:37:32.228+00:00,2026-08-31T21:37:32.789+00:00,2026-08-31T21:37:32.789+00:00,2026-08-31T21:37:33.514+00:00,2026-08-31T21:37:33.514+00:00,0.164617,0.7248666140003479,sqs-worker-5986dcd897-x8rdl,ip-192-168-20-201.ec2.internal,1701e184b64281277a3b2dcd4f980227505510e4bbef33ede071b97b19e2273c,1,561.0,1286.0
1,keda-mmpp-808-bcdba705,000262,161.581901,2026-08-31T21:37:31.665+00:00,2026-08-31T21:37:31.704+00:00,2026-08-31T21:37:31.971+00:00,2026-08-31T21:37:31.971+00:00,2026-08-31T21:37:33.602+00:00,2026-08-31T21:37:33.602+00:00,0.664638,1.6317406419984763,sqs-worker-5986dcd897-5rbmz,ip-192-168-20-201.ec2.internal,8630293e8df59f607237c00154a5c5a45e00d303d55859615719db1d72ac1caf,1,267.0,1898.0
1,keda-mmpp-808-bcdba705,000261,161.571364,2026-08-31T21:37:31.655+00:00,2026-08-31T21:37:31.681+00:00,2026-08-31T21:37:33.276+00:00,2026-08-31T21:37:33.276+00:00,2026-08-31T21:37:34.145+00:00,2026-08-31T21:37:34.145+00:00,0.161642,0.8696396490013285,sqs-worker-5986dcd897-lrb5p,ip-192-168-20-201.ec2.internal,62322a98ff46377930d4ed5d36e043d5b7e3d74de22dbfc8bb2cbf7bc463cb16,1,1595.0,2464.0
1,keda-mmpp-808-bcdba705,000276,164.231589,2026-08-31T21:37:34.316+00:00,2026-08-31T21:37:34.347+00:00,2026-08-31T21:37:34.385+00:00,2026-08-31T21:37:34.385+00:00,2026-08-31T21:37:34.417+00:00,2026-08-31T21:37:34.417+00:00,0.021791,0.031917889002215816,sqs-worker-5986dcd897-5rbmz,ip-192-168-20-201.ec2.internal,604d6f982e24a8e79591b25c58e3ffb0bd0f468cb880102d7a38e147b5fba7da,1,38.0,70.0
1,keda-mmpp-808-bcdba705,000281,165.863805,2026-08-31T21:37:35.947+00:00,2026-08-31T21:37:35.971+00:00,2026-08-31T21:37:35.976+00:00,2026-08-31T21:37:35.976+00:00,2026-08-31T21:37:36.222+00:00,2026-08-31T21:37:36.222+00:00,0.110323,0.24574244200266548,sqs-worker-5986dcd897-5rbmz,ip-192-168-20-201.ec2.internal,2d9c5bcc1eb32db82da103a30a9847d66ef8b652b144e3712120b2ca2c829eae,1,5.0,251.0
1,keda-mmpp-808-bcdba705,000280,165.142117,2026-08-31T21:37:35.226+00:00,2026-08-31T21:37:35.250+00:00,2026-08-31T21:37:35.254+00:00,2026-08-31T21:37:35.254+00:00,2026-08-31T21:37:35.681+00:00,2026-08-31T21:37:35.681+00:00,0.190352,0.4270550840010401,sqs-worker-5986dcd897-5rbmz,ip-192-168-20-201.ec2.internal,446ad626324d721381291e67cb83f96323edc46a67268b45d9f082649eb8de26,1,4.0,431.0
1,keda-mmpp-808-bcdba705,000278,164.445241,2026-08-31T21:37:34.529+00:00,2026-08-31T21:37:34.556+00:00,2026-08-31T21:37:34.562+00:00,2026-08-31T21:37:34.562+00:00,2026-08-31T21:37:36.979+00:00,2026-08-31T21:37:36.979+00:00,1.0,2.416509078000672,sqs-worker-5986dcd897-lrb5p,ip-192-168-20-201.ec2.internal,048439f75d38853fe0907f77fa428d7c880bfdbc0cbf79b1798388e4f760dbcd,1,6.0,2423.0
1,keda-mmpp-808-bcdba705,000284,166.058877,2026-08-31T21:37:36.142+00:00,2026-08-31T21:37:36.172+00:00,2026-08-31T21:37:36.248+00:00,2026-08-31T21:37:36.248+00:00,2026-08-31T21:37:37.503+00:00,2026-08-31T21:37:37.503+00:00,0.320793,1.2552213689996279,sqs-worker-5986dcd897-5rbmz,ip-192-168-20-201.ec2.internal,4758e7cfc92ad7b77fd8e0d5b15d4bb1c0427cf24b0b42c3335d207d3bfecd66,1,76.0,1331.0
1,keda-mmpp-808-bcdba705,000288,166.962917,2026-08-31T21:37:37.047+00:00,2026-08-31T21:37:37.081+00:00,2026-08-31T21:37:37.536+00:00,2026-08-31T21:37:37.536+00:00,2026-08-31T21:37:38.185+00:00,2026-08-31T21:37:38.185+00:00,0.133149,0.6489665059998515,sqs-worker-5986dcd897-5rbmz,ip-192-168-20-201.ec2.internal,3536d73c93e5ef9168cf7395d1ebeefb9af8a58a9510c816fe8e1a68f103ad15,1,455.0,1104.0
1,keda-mmpp-808-bcdba705,000289,167.503936,2026-08-31T21:37:37.588+00:00,2026-08-31T21:37:37.615+00:00,2026-08-31T21:37:37.982+00:00,2026-08-31T21:37:37.982+00:00,2026-08-31T21:37:38.231+00:00,2026-08-31T21:37:38.231+00:00,0.086912,0.24879122600032133,sqs-worker-5986dcd897-lrb5p,ip-192-168-20-201.ec2.internal,d669ed84dedbc4ec05200124facc2adabca3b0477c24d748c8faf2bbeee26436,1,367.0,616.0
1,keda-mmpp-808-bcdba705,000287,166.899392,2026-08-31T21:37:36.983+00:00,2026-08-31T21:37:37.015+00:00,2026-08-31T21:37:37.047+00:00,2026-08-31T21:37:37.047+00:00,2026-08-31T21:37:37.642+00:00,2026-08-31T21:37:37.642+00:00,0.246552,0.5950166389993683,sqs-worker-5986dcd897-lrb5p,ip-192-168-20-201.ec2.internal,8252fa46035877f4c9bbb9626469b7d924082b83dfd6013c7182ca37bf03a49c,1,32.0,627.0
1,keda-mmpp-808-bcdba705,000285,166.605275,2026-08-31T21:37:36.689+00:00,2026-08-31T21:37:36.716+00:00,2026-08-31T21:37:37.004+00:00,2026-08-31T21:37:37.004+00:00,2026-08-31T21:37:37.831+00:00,2026-08-31T21:37:37.831+00:00,0.343324,0.8275832990002527,sqs-worker-5986dcd897-x8rdl,ip-192-168-20-201.ec2.internal,116457d96d12ddb363a58889b43a29205eaf3c1f9305499176c8b9989a48ccd6,1,288.0,1115.0
1,keda-mmpp-808-bcdba705,000292,167.94294,2026-08-31T21:37:38.026+00:00,2026-08-31T21:37:38.052+00:00,2026-08-31T21:37:38.226+00:00,2026-08-31T21:37:38.227+00:00,2026-08-31T21:37:38.676+00:00,2026-08-31T21:37:38.676+00:00,0.177508,0.4492473229984171,sqs-worker-5986dcd897-x8rdl,ip-192-168-20-201.ec2.internal,671a7a25128d75ae4cc0fdd40d56f1d62ea99fe90942830c1415580c77c7e8ce,1,174.0,624.0
1,keda-mmpp-808-bcdba705,000243,158.192095,2026-08-31T21:37:28.275+00:00,2026-08-31T21:37:28.300+00:00,2026-08-31T21:37:30.773+00:00,2026-08-31T21:37:30.773+00:00,2026-08-31T21:37:31.031+00:00,2026-08-31T21:37:31.031+00:00,0.111532,0.25847237999914796,sqs-worker-5986dcd897-5rbmz,ip-192-168-20-201.ec2.internal,7257cf3223eff587c69a74fece0369af9ee3049abdd3ba4a0b5c4877f8bfc5b3,1,2473.0,2731.0
1,keda-mmpp-808-bcdba705,000249,159.323903,2026-08-31T21:37:29.407+00:00,2026-08-31T21:37:29.434+00:00,2026-08-31T21:37:31.165+00:00,2026-08-31T21:37:31.165+00:00,2026-08-31T21:37:31.683+00:00,2026-08-31T21:37:31.683+00:00,0.2186,0.5183593250003469,sqs-worker-5986dcd897-5rbmz,ip-192-168-20-201.ec2.internal,7429d810c3ec5f99600243436abc96ee0718764ae81ef72b8a2acc9a93667cff,1,1731.0,2249.0
1,keda-mmpp-808-bcdba705,000252,159.582569,2026-08-31T21:37:29.667+00:00,2026-08-31T21:37:29.695+00:00,2026-08-31T21:37:31.726+00:00,2026-08-31T21:37:31.726+00:00,2026-08-31T21:37:31.764+00:00,2026-08-31T21:37:31.764+00:00,0.016703,0.03718924599888851,sqs-worker-5986dcd897-lrb5p,ip-192-168-20-201.ec2.internal,a7e3515dcdcb13abd11d9cbb1dee47b06143df8a689d0d306d5c43ce27bc24ae,1,2031.0000000000002,2069.0
1,keda-mmpp-808-bcdba705,000264,161.657811,2026-08-31T21:37:31.741+00:00,2026-08-31T21:37:31.770+00:00,2026-08-31T21:37:31.870+00:00,2026-08-31T21:37:31.870+00:00,2026-08-31T21:37:31.919+00:00,2026-08-31T21:37:31.919+00:00,0.028659,0.04894544499984477,sqs-worker-5986dcd897-2fxtj,ip-192-168-20-201.ec2.internal,dfeaa56501a377d0036248b4b04232fd40ba027a39f008500cbb25d0f988ddcf,1,100.0,149.0
1,keda-mmpp-808-bcdba705,000257,160.339514,2026-08-31T21:37:30.423+00:00,2026-08-31T21:37:30.450+00:00,2026-08-31T21:37:31.860+00:00,2026-08-31T21:37:31.861+00:00,2026-08-31T21:37:32.433+00:00,2026-08-31T21:37:32.433+00:00,0.098162,0.5726248520004447,sqs-worker-5986dcd897-lrb5p,ip-192-168-20-201.ec2.internal,6e05b07d4481dc326322784a32a1263949d754bf6fd4b48dd21048995c73e765,1,1410.0,1983.0
1,keda-mmpp-808-bcdba705,000251,159.414712,2026-08-31T21:37:29.498+00:00,2026-08-31T21:37:29.521+00:00,2026-08-31T21:37:31.690+00:00,2026-08-31T21:37:31.690+00:00,2026-08-31T21:37:32.725+00:00,2026-08-31T21:37:32.725+00:00,0.21274,1.0346646930011048,sqs-worker-5986dcd897-x8rdl,ip-192-168-20-201.ec2.internal,bf058f18633d4c00c1afd5dd32b395ca15821f5fb6a52cb478df256d3d13f036,1,2169.0,3204.0
1,keda-mmpp-808-bcdba705,000263,161.647167,2026-08-31T21:37:31.730+00:00,2026-08-31T21:37:31.755+00:00,2026-08-31T21:37:32.451+00:00,2026-08-31T21:37:32.451+00:00,2026-08-31T21:37:33.239+00:00,2026-08-31T21:37:33.240+00:00,0.140023,0.7882376150009804,sqs-worker-5986dcd897-lrb5p,ip-192-168-20-201.ec2.internal,21bb1abd2c90141345d57cf66f73324dc5adf1dfc38d557e6ca0a0260642c646,1,696.0,1484.0
1,keda-mmpp-808-bcdba705,000271,162.749289,2026-08-31T21:37:32.833+00:00,2026-08-31T21:37:33.376+00:00,2026-08-31T21:37:33.552+00:00,2026-08-31T21:37:33.552+00:00,2026-08-31T21:37:33.902+00:00,2026-08-31T21:37:33.902+00:00,0.142917,0.35044202199787833,sqs-worker-5986dcd897-x8rdl,ip-192-168-20-201.ec2.internal,0e201b3bde00a87429c6bc6bfc7937e046f747456280d5001f942f0819826529,1,176.0,526.0
1,keda-mmpp-808-bcdba705,000274,163.132475,2026-08-31T21:37:33.216+00:00,2026-08-31T21:37:33.242+00:00,2026-08-31T21:37:34.271+00:00,2026-08-31T21:37:34.271+00:00,2026-08-31T21:37:34.585+00:00,2026-08-31T21:37:34.585+00:00,0.128543,0.3143848319996323,sqs-worker-5986dcd897-2fxtj,ip-192-168-20-201.ec2.internal,bd93557ea3cad8bd72400053eaa4617654dcb08fbcb77a0b33c098ac382f931d,1,1029.0,1343.0
1,keda-mmpp-808-bcdba705,000290,167.521162,2026-08-31T21:37:37.604+00:00,2026-08-31T21:37:37.629+00:00,2026-08-31T21:37:37.657+00:00,2026-08-31T21:37:37.657+00:00,2026-08-31T21:37:37.969+00:00,2026-08-31T21:37:37.969+00:00,0.137262,0.311342067001533,sqs-worker-5986dcd897-lrb5p,ip-192-168-20-201.ec2.internal,f207be6a097999968cfd65a31c4b8d124c6467280dae8a4a3fdd08e159de425b,1,28.0,340.0
1,keda-mmpp-808-bcdba705,000282,166.018458,2026-08-31T21:37:36.102+00:00,2026-08-31T21:37:36.125+00:00,2026-08-31T21:37:36.129+00:00,2026-08-31T21:37:36.129+00:00,2026-08-31T21:37:36.976+00:00,2026-08-31T21:37:36.976+00:00,0.360686,0.8472587360010948,sqs-worker-5986dcd897-x8rdl,ip-192-168-20-201.ec2.internal,c0379a63bb173411b424fe34082f6ead2e967bff63c3703a67c4b815ddaf3fe0,1,4.0,851.0
1,keda-mmpp-808-bcdba705,000286,166.819548,2026-08-31T21:37:36.903+00:00,2026-08-31T21:37:36.934+00:00,2026-08-31T21:37:37.848+00:00,2026-08-31T21:37:37.848+00:00,2026-08-31T21:37:38.201+00:00,2026-08-31T21:37:38.201+00:00,0.143528,0.353477426997415,sqs-worker-5986dcd897-x8rdl,ip-192-168-20-201.ec2.internal,71fbe84e8cc9354bba879b446e6d08ddac601e433e2580e8662fe1a8a695d359,1,914.0,1267.0
1,keda-mmpp-808-bcdba705,000283,166.050492,2026-08-31T21:37:36.134+00:00,2026-08-31T21:37:36.160+00:00,2026-08-31T21:37:36.176+00:00,2026-08-31T21:37:36.176+00:00,2026-08-31T21:37:38.689+00:00,2026-08-31T21:37:38.689+00:00,0.572732,2.5137858060006693,sqs-worker-5986dcd897-2fxtj,ip-192-168-20-201.ec2.internal,f1b6173955b85f70412907ef670e88e097e70a2dde5ba731accd6fdba9baa126,1,16.0,2529.0
1,keda-mmpp-808-bcdba705,000291,167.889637,2026-08-31T21:37:37.973+00:00,2026-08-31T21:37:38.000+00:00,2026-08-31T21:37:38.233+00:00,2026-08-31T21:37:38.233+00:00,2026-08-31T21:37:40.528+00:00,2026-08-31T21:37:40.528+00:00,0.508009,2.2951924619992496,sqs-worker-5986dcd897-5rbmz,ip-192-168-20-201.ec2.internal,495ee1ec75d07f967fa656c4a7367540ce400542e71e511b2279f5b6268a4d27,1,233.0,2528.0
1,keda-mmpp-808-bcdba705,000293,170.217157,2026-08-31T21:37:40.301+00:00,2026-08-31T21:37:40.333+00:00,2026-08-31T21:37:40.337+00:00,2026-08-31T21:37:40.337+00:00,2026-08-31T21:37:40.686+00:00,2026-08-31T21:37:40.686+00:00,0.061142,0.3495944700007385,sqs-worker-5986dcd897-x8rdl,ip-192-168-20-201.ec2.internal,02a63832ed6115bf58a066cac72e2abb1c541327b2c580b9dd8f6a9563ce17ee,1,4.0,353.0
1,keda-mmpp-808-bcdba705,000294,173.970124,2026-08-31T21:37:44.057+00:00,2026-08-31T21:37:44.086+00:00,2026-08-31T21:37:44.090+00:00,2026-08-31T21:37:44.090+00:00,2026-08-31T21:37:44.299+00:00,2026-08-31T21:37:44.299+00:00,0.101271,0.2088613380001334,sqs-worker-5986dcd897-2fxtj,ip-192-168-20-201.ec2.internal,bb4b91389a22ba3d6d3503d75da57f86f255c4b6663452196448e28fa7891853,1,4.0,213.0
1,keda-mmpp-808-bcdba705,000295,176.540558,2026-08-31T21:37:46.626+00:00,2026-08-31T21:37:46.651+00:00,2026-08-31T21:37:46.657+00:00,2026-08-31T21:37:46.657+00:00,2026-08-31T21:37:48.195+00:00,2026-08-31T21:37:48.196+00:00,0.630304,1.538888284998393,sqs-worker-5986dcd897-x8rdl,ip-192-168-20-201.ec2.internal,f7e0d9403e9d05f5f30bc1ccc4a84719238eeb4975a8868f6a30afb80823bee5,1,6.0,1544.0
