schema_version,experiment_id,job_id,trace_offset_s,producer_sent_at,sqs_sent_at,worker_received_at,processing_started_at,processing_finished_at,result_sent_at,service_cpu_seconds,processing_wall_seconds,pod_name,node_name,digest,receive_count,queue_wait_ms,end_to_end_ms
1,hpa-poisson-909-8fa3df7f,000000,0.14414,2026-08-31T22:31:24.929+00:00,2026-08-31T22:31:24.886+00:00,2026-08-31T22:31:24.894+00:00,2026-08-31T22:31:24.894+00:00,2026-08-31T22:31:25.597+00:00,2026-08-31T22:31:25.597+00:00,0.294492,0.7035821489989758,sqs-worker-5986dcd897-x8rdl,ip-192-168-20-201.ec2.internal,3911d93bde304dd3f8bd1bd498bafd3e0872e47c5ba122d78441bf0a2ae03cbf,1,8.0,711.0
1,hpa-poisson-909-8fa3df7f,000001,0.460751,2026-08-31T22:31:25.245+00:00,2026-08-31T22:31:25.202+00:00,2026-08-31T22:31:25.631+00:00,2026-08-31T22:31:25.631+00:00,2026-08-31T22:31:26.296+00:00,2026-08-31T22:31:26.296+00:00,0.274526,0.6651272029994288,sqs-worker-5986dcd897-x8rdl,ip-192-168-20-201.ec2.internal,dd9dd9b4a6aab016dd3ecc2a87e7be46cc3b62c6ee84aac8cbc254c008efb7c7,1,429.0,1094.0
1,hpa-poisson-909-8fa3df7f,000002,1.515307,2026-08-31T22:31:26.300+00:00,2026-08-31T22:31:26.798+00:00,2026-08-31T22:31:26.802+00:00,2026-08-31T22:31:26.802+00:00,2026-08-31T22:31:27.609+00:00,2026-08-31T22:31:27.609+00:00,0.346718,0.8078008890006458,sqs-worker-5986dcd897-x8rdl,ip-192-168-20-201.ec2.internal,537488200599a3aae1cbf2d4aaf85717d36d2c50758eaf64728c8160d661d61b,1,4.0,811.0
1,hpa-poisson-909-8fa3df7f,000004,2.583846,2026-08-31T22:31:27.368+00:00,2026-08-31T22:31:27.334+00:00,2026-08-31T22:31:27.639+00:00,2026-08-31T22:31:27.639+00:00,2026-08-31T22:31:27.910+00:00,2026-08-31T22:31:27.910+00:00,0.116446,0.27089537900246796,sqs-worker-5986dcd897-x8rdl,ip-192-168-20-201.ec2.internal,bf3d6304d9a6acc54a2a36fe00b8af7e5d887928828a3b4557b95c2850873188,1,305.0,576.0
1,hpa-poisson-909-8fa3df7f,000003,1.684123,2026-08-31T22:31:26.468+00:00,2026-08-31T22:31:26.945+00:00,2026-08-31T22:31:27.940+00:00,2026-08-31T22:31:27.940+00:00,2026-08-31T22:31:28.797+00:00,2026-08-31T22:31:28.797+00:00,0.342358,0.8562221909996879,sqs-worker-5986dcd897-x8rdl,ip-192-168-20-201.ec2.internal,133c0a57098670df217f6160a941d7c7581d79ad2355733fb4524ce8a2a25b0c,1,995.0,1852.0
1,hpa-poisson-909-8fa3df7f,000006,3.09111,2026-08-31T22:31:27.875+00:00,2026-08-31T22:31:27.829+00:00,2026-08-31T22:31:28.832+00:00,2026-08-31T22:31:28.832+00:00,2026-08-31T22:31:30.401+00:00,2026-08-31T22:31:30.401+00:00,0.492747,1.5688522719974571,sqs-worker-5986dcd897-x8rdl,ip-192-168-20-201.ec2.internal,1e765ae33235a0ab90dd6a265ead1d60c133a41348b7c97093236437146b5c13,1,1002.9999999999999,2572.0
1,hpa-poisson-909-8fa3df7f,000005,2.797211,2026-08-31T22:31:27.581+00:00,2026-08-31T22:31:27.534+00:00,2026-08-31T22:31:30.587+00:00,2026-08-31T22:31:30.587+00:00,2026-08-31T22:31:30.593+00:00,2026-08-31T22:31:30.593+00:00,0.006562,0.0066353700021863915,sqs-worker-5986dcd897-x8rdl,ip-192-168-20-201.ec2.internal,6b7d68168a2ff3c2451a4bfe92b6d7693a59bdc30c7c32ed5f85adacec7ad20c,1,3053.0,3059.0
1,hpa-poisson-909-8fa3df7f,000007,6.153977,2026-08-31T22:31:30.940+00:00,2026-08-31T22:31:30.893+00:00,2026-08-31T22:31:30.898+00:00,2026-08-31T22:31:30.898+00:00,2026-08-31T22:31:31.092+00:00,2026-08-31T22:31:31.092+00:00,0.03766,0.19402654000077746,sqs-worker-5986dcd897-x8rdl,ip-192-168-20-201.ec2.internal,1944f0701ad58560dd7b0a4a0b5fcaff5dc8db3c27417e329eb15870e0129828,1,5.0,199.0
1,hpa-poisson-909-8fa3df7f,000008,6.605149,2026-08-31T22:31:31.389+00:00,2026-08-31T22:31:31.350+00:00,2026-08-31T22:31:31.387+00:00,2026-08-31T22:31:31.387+00:00,2026-08-31T22:31:31.395+00:00,2026-08-31T22:31:31.395+00:00,0.008601,0.008674566000991035,sqs-worker-5986dcd897-x8rdl,ip-192-168-20-201.ec2.internal,72fdfbac141c5ace65abc363e17ba24f5bde2d70e269c07202abda235d9cf330,1,37.0,45.0
1,hpa-poisson-909-8fa3df7f,000009,6.774223,2026-08-31T22:31:31.558+00:00,2026-08-31T22:31:31.514+00:00,2026-08-31T22:31:31.518+00:00,2026-08-31T22:31:31.518+00:00,2026-08-31T22:31:32.997+00:00,2026-08-31T22:31:32.997+00:00,0.572764,1.47876705499948,sqs-worker-5986dcd897-x8rdl,ip-192-168-20-201.ec2.internal,181ca271abec7e57d7557fe868b0088505416afaf40855dc3bb9c461bcde26c7,1,4.0,1483.0
1,hpa-poisson-909-8fa3df7f,000010,7.378936,2026-08-31T22:31:32.163+00:00,2026-08-31T22:31:32.128+00:00,2026-08-31T22:31:33.036+00:00,2026-08-31T22:31:33.036+00:00,2026-08-31T22:31:33.410+00:00,2026-08-31T22:31:33.410+00:00,0.169217,0.3738736939994851,sqs-worker-5986dcd897-x8rdl,ip-192-168-20-201.ec2.internal,8925e3bea4eaeca6363d0ac33771e8ecef010143da627dcb257917634b5fd405,1,908.0,1282.0
1,hpa-poisson-909-8fa3df7f,000011,8.388438,2026-08-31T22:31:33.173+00:00,2026-08-31T22:31:33.128+00:00,2026-08-31T22:31:33.445+00:00,2026-08-31T22:31:33.445+00:00,2026-08-31T22:31:34.989+00:00,2026-08-31T22:31:34.989+00:00,0.614495,1.5443979000010586,sqs-worker-5986dcd897-x8rdl,ip-192-168-20-201.ec2.internal,ee47211a2851aae70825f820ea16f6567fedc0eeace654e193fbf95fa44aa1f8,1,317.0,1861.0
1,hpa-poisson-909-8fa3df7f,000012,10.172026,2026-08-31T22:31:34.957+00:00,2026-08-31T22:31:34.914+00:00,2026-08-31T22:31:35.004+00:00,2026-08-31T22:31:35.004+00:00,2026-08-31T22:31:35.296+00:00,2026-08-31T22:31:35.296+00:00,0.123159,0.29235145100028603,sqs-worker-5986dcd897-x8rdl,ip-192-168-20-201.ec2.internal,2528166c333cb47b262bacb8409aeb078155d62d86b7a28eb781ab7d7e257ca5,1,90.0,382.0
1,hpa-poisson-909-8fa3df7f,000013,10.213493,2026-08-31T22:31:34.997+00:00,2026-08-31T22:31:34.953+00:00,2026-08-31T22:31:35.317+00:00,2026-08-31T22:31:35.317+00:00,2026-08-31T22:31:35.616+00:00,2026-08-31T22:31:35.616+00:00,0.135753,0.29960764100178494,sqs-worker-5986dcd897-x8rdl,ip-192-168-20-201.ec2.internal,ba1caead84a67a291c7f6ef855fedd9a0176806d2c0187d3f4b8bcecf970b901,1,364.0,663.0
1,hpa-poisson-909-8fa3df7f,000014,10.802565,2026-08-31T22:31:35.587+00:00,2026-08-31T22:31:35.539+00:00,2026-08-31T22:31:35.636+00:00,2026-08-31T22:31:35.636+00:00,2026-08-31T22:31:36.193+00:00,2026-08-31T22:31:36.193+00:00,0.212573,0.5568563939996238,sqs-worker-5986dcd897-x8rdl,ip-192-168-20-201.ec2.internal,f7470d36ea7117e039537b712573aa742517fe0d494efcac78c4f2ae71a297f2,1,97.0,654.0
1,hpa-poisson-909-8fa3df7f,000015,11.1108,2026-08-31T22:31:35.895+00:00,2026-08-31T22:31:35.847+00:00,2026-08-31T22:31:36.207+00:00,2026-08-31T22:31:36.207+00:00,2026-08-31T22:31:36.402+00:00,2026-08-31T22:31:36.402+00:00,0.085099,0.19440802699682536,sqs-worker-5986dcd897-x8rdl,ip-192-168-20-201.ec2.internal,ae99c7037cdbe5e39e0b3de0ce5f6ee32f96b89ee09c12a2e1e199b33c685d32,1,360.0,555.0
1,hpa-poisson-909-8fa3df7f,000016,11.277702,2026-08-31T22:31:36.062+00:00,2026-08-31T22:31:36.019+00:00,2026-08-31T22:31:36.441+00:00,2026-08-31T22:31:36.441+00:00,2026-08-31T22:31:36.909+00:00,2026-08-31T22:31:36.909+00:00,0.202904,0.46776160599983996,sqs-worker-5986dcd897-x8rdl,ip-192-168-20-201.ec2.internal,ab6a5dd0bb8d05a76e3f095f680071d2a7f068d669b79e4c0c59fc5fb2cd7035,1,422.0,890.0
1,hpa-poisson-909-8fa3df7f,000017,12.23614,2026-08-31T22:31:37.021+00:00,2026-08-31T22:31:36.974+00:00,2026-08-31T22:31:36.977+00:00,2026-08-31T22:31:36.977+00:00,2026-08-31T22:31:37.192+00:00,2026-08-31T22:31:37.192+00:00,0.089104,0.21448441399843432,sqs-worker-5986dcd897-x8rdl,ip-192-168-20-201.ec2.internal,fecfeb09074e8c87a50145255356b0a11ea5a3080b85c93af9337053327515b7,1,3.0,218.0
1,hpa-poisson-909-8fa3df7f,000018,12.704593,2026-08-31T22:31:37.489+00:00,2026-08-31T22:31:37.442+00:00,2026-08-31T22:31:37.445+00:00,2026-08-31T22:31:37.445+00:00,2026-08-31T22:31:38.400+00:00,2026-08-31T22:31:38.400+00:00,0.41544,0.9549658869982522,sqs-worker-5986dcd897-x8rdl,ip-192-168-20-201.ec2.internal,a7b05695072af8e13e292c3cf605049bc38b105eb885885671a6270343f9fb82,1,3.0,958.0
1,hpa-poisson-909-8fa3df7f,000019,12.7335,2026-08-31T22:31:37.517+00:00,2026-08-31T22:31:37.473+00:00,2026-08-31T22:31:38.414+00:00,2026-08-31T22:31:38.414+00:00,2026-08-31T22:31:38.596+00:00,2026-08-31T22:31:38.596+00:00,0.071367,0.18164235400035977,sqs-worker-5986dcd897-x8rdl,ip-192-168-20-201.ec2.internal,a07a8d5921f0521ed76cebef56ef5044d9e4465ae21b031e85cac6e9a3232832,1,941.0,1123.0
1,hpa-poisson-909-8fa3df7f,000020,14.547845,2026-08-31T22:31:39.333+00:00,2026-08-31T22:31:39.288+00:00,2026-08-31T22:31:39.291+00:00,2026-08-31T22:31:39.291+00:00,2026-08-31T22:31:41.489+00:00,2026-08-31T22:31:41.489+00:00,0.486771,2.1984098619977885,sqs-worker-5986dcd897-x8rdl,ip-192-168-20-201.ec2.internal,8776d1f300f91b33d015064556fe9ab6aac5f9f3d39a4c56c33261371894b488,1,3.0,2201.0
1,hpa-poisson-909-8fa3df7f,000022,15.37273,2026-08-31T22:31:40.156+00:00,2026-08-31T22:31:40.112+00:00,2026-08-31T22:31:41.508+00:00,2026-08-31T22:31:41.508+00:00,2026-08-31T22:31:41.598+00:00,2026-08-31T22:31:41.598+00:00,0.012743,0.08985781999945175,sqs-worker-5986dcd897-x8rdl,ip-192-168-20-201.ec2.internal,e825fffabfea07f85ad20066bd6c43c4a7f5744aaf31a80ce08ed90673742149,1,1396.0,1486.0
1,hpa-poisson-909-8fa3df7f,000023,15.460939,2026-08-31T22:31:40.244+00:00,2026-08-31T22:31:40.196+00:00,2026-08-31T22:31:41.684+00:00,2026-08-31T22:31:41.684+00:00,2026-08-31T22:31:42.515+00:00,2026-08-31T22:31:42.515+00:00,0.188765,0.8314198859989119,sqs-worker-5986dcd897-x8rdl,ip-192-168-20-201.ec2.internal,3faa0c0f128166d53150e3ceb37854b415db52067eb94a0378bcd949823b838d,1,1488.0,2319.0
1,hpa-poisson-909-8fa3df7f,000024,16.939099,2026-08-31T22:31:41.724+00:00,2026-08-31T22:31:41.677+00:00,2026-08-31T22:31:42.530+00:00,2026-08-31T22:31:42.530+00:00,2026-08-31T22:31:43.319+00:00,2026-08-31T22:31:43.319+00:00,0.319119,0.789516876997368,sqs-worker-5986dcd897-x8rdl,ip-192-168-20-201.ec2.internal,8736182687d972a8fe0acbb5f28455713911e435099238153161a44bc98182a9,1,853.0,1642.0
1,hpa-poisson-909-8fa3df7f,000028,18.06455,2026-08-31T22:31:42.848+00:00,2026-08-31T22:31:42.801+00:00,2026-08-31T22:31:43.375+00:00,2026-08-31T22:31:43.375+00:00,2026-08-31T22:31:43.974+00:00,2026-08-31T22:31:43.974+00:00,0.238771,0.599551719998999,sqs-worker-5986dcd897-x8rdl,ip-192-168-20-201.ec2.internal,6a51ad8f7b15347603a47c802acb8dd858eb1c2c46acb19368007a8194e3a471,1,574.0,1173.0
1,hpa-poisson-909-8fa3df7f,000025,17.133241,2026-08-31T22:31:41.917+00:00,2026-08-31T22:31:41.869+00:00,2026-08-31T22:31:44.032+00:00,2026-08-31T22:31:44.032+00:00,2026-08-31T22:31:44.405+00:00,2026-08-31T22:31:44.405+00:00,0.173634,0.3727969489991665,sqs-worker-5986dcd897-x8rdl,ip-192-168-20-201.ec2.internal,a3a214e63e2d20bf3eadd52375abcd52021d728197fa7f6da1ff9ca747470d4c,1,2163.0,2536.0
1,hpa-poisson-909-8fa3df7f,000031,19.444406,2026-08-31T22:31:44.228+00:00,2026-08-31T22:31:44.181+00:00,2026-08-31T22:31:44.423+00:00,2026-08-31T22:31:44.423+00:00,2026-08-31T22:31:45.095+00:00,2026-08-31T22:31:45.095+00:00,0.263508,0.6722137850010768,sqs-worker-5986dcd897-x8rdl,ip-192-168-20-201.ec2.internal,32d21e9a3682a7453f6ee0f7d98f9445ab2b9b88a1759238c6b375c2c07900ee,1,242.0,914.0
1,hpa-poisson-909-8fa3df7f,000032,19.455138,2026-08-31T22:31:44.239+00:00,2026-08-31T22:31:44.194+00:00,2026-08-31T22:31:45.112+00:00,2026-08-31T22:31:45.112+00:00,2026-08-31T22:31:45.319+00:00,2026-08-31T22:31:45.319+00:00,0.099803,0.20675402500273776,sqs-worker-5986dcd897-x8rdl,ip-192-168-20-201.ec2.internal,735e518dc94ae2663049c6266f6a25502dd77bd2e9b84841849634a08255e091,1,918.0,1125.0
1,hpa-poisson-909-8fa3df7f,000030,19.253221,2026-08-31T22:31:44.037+00:00,2026-08-31T22:31:43.990+00:00,2026-08-31T22:31:45.341+00:00,2026-08-31T22:31:45.341+00:00,2026-08-31T22:31:45.501+00:00,2026-08-31T22:31:45.501+00:00,0.05813,0.159981559998414,sqs-worker-5986dcd897-x8rdl,ip-192-168-20-201.ec2.internal,b9619e88c496344d67c2e8f9abf57b1d07ca36a321ca67d532c38fbf168a77b9,1,1351.0,1511.0
1,hpa-poisson-909-8fa3df7f,000035,20.687569,2026-08-31T22:31:45.471+00:00,2026-08-31T22:31:45.425+00:00,2026-08-31T22:31:45.526+00:00,2026-08-31T22:31:45.526+00:00,2026-08-31T22:31:46.098+00:00,2026-08-31T22:31:46.099+00:00,0.234234,0.5720512679981766,sqs-worker-5986dcd897-x8rdl,ip-192-168-20-201.ec2.internal,ac246e5b58dccc09f38936c259179fd1c14df9576bf0f66fff0246773ce90512,1,101.0,673.0
1,hpa-poisson-909-8fa3df7f,000021,15.087531,2026-08-31T22:31:39.872+00:00,2026-08-31T22:31:39.825+00:00,2026-08-31T22:31:46.118+00:00,2026-08-31T22:31:46.118+00:00,2026-08-31T22:31:48.118+00:00,2026-08-31T22:31:48.118+00:00,0.816112,2.000244336999458,sqs-worker-5986dcd897-x8rdl,ip-192-168-20-201.ec2.internal,aceaa641a71d14dc7c6413ad264437aa655d0087ac6da8c886bba9f9c2e56ea0,1,6293.0,8293.0
1,hpa-poisson-909-8fa3df7f,000037,21.373325,2026-08-31T22:31:46.157+00:00,2026-08-31T22:31:46.118+00:00,2026-08-31T22:31:48.188+00:00,2026-08-31T22:31:48.188+00:00,2026-08-31T22:31:48.910+00:00,2026-08-31T22:31:48.910+00:00,0.30575,0.7213239350021468,sqs-worker-5986dcd897-x8rdl,ip-192-168-20-201.ec2.internal,7af721da13b2ea99540a835e072b3291a5cb929e87eb63ea0ca7d929654419b6,1,2070.0,2792.0
1,hpa-poisson-909-8fa3df7f,000043,22.937855,2026-08-31T22:31:47.721+00:00,2026-08-31T22:31:47.676+00:00,2026-08-31T22:31:48.925+00:00,2026-08-31T22:31:48.925+00:00,2026-08-31T22:31:49.509+00:00,2026-08-31T22:31:49.509+00:00,0.235067,0.5837902589992154,sqs-worker-5986dcd897-x8rdl,ip-192-168-20-201.ec2.internal,7c5da94c148bfb78628eacc32423b86afabf639cadda597f8c72a9612f78e173,1,1249.0,1833.0
1,hpa-poisson-909-8fa3df7f,000026,17.266243,2026-08-31T22:31:42.050+00:00,2026-08-31T22:31:42.004+00:00,2026-08-31T22:31:49.524+00:00,2026-08-31T22:31:49.524+00:00,2026-08-31T22:31:49.700+00:00,2026-08-31T22:31:49.700+00:00,0.067978,0.17549760300244088,sqs-worker-5986dcd897-x8rdl,ip-192-168-20-201.ec2.internal,ccd2cabbfc6817bf20e1b90cafc639e351072db308159b3ef6e479b08ff5bd07,1,7520.0,7696.0
1,hpa-poisson-909-8fa3df7f,000041,21.96294,2026-08-31T22:31:46.747+00:00,2026-08-31T22:31:46.699+00:00,2026-08-31T22:31:49.794+00:00,2026-08-31T22:31:49.794+00:00,2026-08-31T22:31:50.097+00:00,2026-08-31T22:31:50.097+00:00,0.071177,0.30268720499952906,sqs-worker-5986dcd897-x8rdl,ip-192-168-20-201.ec2.internal,bdaff42ada7471ab4669d61cace29fcadc30363aa2755b05987d33e988749f54,1,3095.0,3398.0
1,hpa-poisson-909-8fa3df7f,000045,23.784592,2026-08-31T22:31:48.568+00:00,2026-08-31T22:31:48.524+00:00,2026-08-31T22:31:50.184+00:00,2026-08-31T22:31:50.184+00:00,2026-08-31T22:31:50.297+00:00,2026-08-31T22:31:50.297+00:00,0.027981,0.11295761899964418,sqs-worker-5986dcd897-x8rdl,ip-192-168-20-201.ec2.internal,495ca57c83aa73ce4200ba0d6c8174ef7faafa71f08a901803e97903b7b390b7,1,1660.0,1773.0
1,hpa-poisson-909-8fa3df7f,000027,17.972768,2026-08-31T22:31:42.757+00:00,2026-08-31T22:31:42.712+00:00,2026-08-31T22:31:50.384+00:00,2026-08-31T22:31:50.384+00:00,2026-08-31T22:31:52.191+00:00,2026-08-31T22:31:52.191+00:00,0.418536,1.8078117859986378,sqs-worker-5986dcd897-x8rdl,ip-192-168-20-201.ec2.internal,710c424f5a64af26031dc3bb088ea33287b6f30a700e780b7f7b0022f74f88ad,1,7672.0,9479.0
1,hpa-poisson-909-8fa3df7f,000029,18.279991,2026-08-31T22:31:43.064+00:00,2026-08-31T22:31:43.015+00:00,2026-08-31T22:31:52.068+00:00,2026-08-31T22:31:52.068+00:00,2026-08-31T22:31:52.887+00:00,2026-08-31T22:31:52.887+00:00,0.342924,0.8191643660029513,sqs-worker-5986dcd897-8ccsd,ip-192-168-20-201.ec2.internal,4cf8d09f532a159e61bfb1f563eaac445d2d0701b1897b697f87fdadce592f8e,1,9053.0,9872.0
1,hpa-poisson-909-8fa3df7f,000039,21.641529,2026-08-31T22:31:46.425+00:00,2026-08-31T22:31:46.381+00:00,2026-08-31T22:31:52.917+00:00,2026-08-31T22:31:52.917+00:00,2026-08-31T22:31:53.011+00:00,2026-08-31T22:31:53.011+00:00,0.04727,0.09386772400102927,sqs-worker-5986dcd897-8ccsd,ip-192-168-20-201.ec2.internal,c1502bebc91fd64ad7ac8ece45e82bdfa558a05379b2311b42e51e53d0ff6b52,1,6536.0,6630.0
1,hpa-poisson-909-8fa3df7f,000038,21.379739,2026-08-31T22:31:46.163+00:00,2026-08-31T22:31:46.126+00:00,2026-08-31T22:31:52.284+00:00,2026-08-31T22:31:52.284+00:00,2026-08-31T22:31:52.289+00:00,2026-08-31T22:31:52.289+00:00,0.005,0.0050988170005439315,sqs-worker-5986dcd897-x8rdl,ip-192-168-20-201.ec2.internal,48e14514a8746be32e1812aab4d2bda44620ce90e7cb233371a86edada43c3f2,1,6158.0,6163.0
1,hpa-poisson-909-8fa3df7f,000033,19.909758,2026-08-31T22:31:44.694+00:00,2026-08-31T22:31:44.648+00:00,2026-08-31T22:31:52.305+00:00,2026-08-31T22:31:52.305+00:00,2026-08-31T22:31:53.300+00:00,2026-08-31T22:31:53.300+00:00,0.210101,0.9948795669988613,sqs-worker-5986dcd897-x8rdl,ip-192-168-20-201.ec2.internal,30f05f4f67c544dc24b035454615e1807680e396cef79ab31b0e59bf6b584324,1,7657.0,8652.0
1,hpa-poisson-909-8fa3df7f,000046,23.989017,2026-08-31T22:31:48.773+00:00,2026-08-31T22:31:48.729+00:00,2026-08-31T22:31:53.027+00:00,2026-08-31T22:31:53.027+00:00,2026-08-31T22:31:53.375+00:00,2026-08-31T22:31:53.375+00:00,0.128985,0.34717427999930806,sqs-worker-5986dcd897-8ccsd,ip-192-168-20-201.ec2.internal,ff5f61b823b2693c354fa07b8ae6a7effeac2688b3c96fce25c5869fd4b83961,1,4298.0,4646.0
1,hpa-poisson-909-8fa3df7f,000050,25.296139,2026-08-31T22:31:50.080+00:00,2026-08-31T22:31:50.031+00:00,2026-08-31T22:31:53.315+00:00,2026-08-31T22:31:53.315+00:00,2026-08-31T22:31:53.397+00:00,2026-08-31T22:31:53.397+00:00,0.031834,0.08163830899866298,sqs-worker-5986dcd897-x8rdl,ip-192-168-20-201.ec2.internal,793464d212f3abdb32bd3ced6fbeb246906c8f6c3ba9873f667782c671b44966,1,3284.0,3366.0
1,hpa-poisson-909-8fa3df7f,000034,20.588877,2026-08-31T22:31:45.373+00:00,2026-08-31T22:31:45.334+00:00,2026-08-31T22:31:53.391+00:00,2026-08-31T22:31:53.391+00:00,2026-08-31T22:31:53.409+00:00,2026-08-31T22:31:53.409+00:00,0.018484,0.018753541000478435,sqs-worker-5986dcd897-8ccsd,ip-192-168-20-201.ec2.internal,674932220b6bfd6540260cb7e963e0ea8e69804e54ba427f362183f7186fc4df,1,8057.0,8074.999999999999
1,hpa-poisson-909-8fa3df7f,000056,28.526722,2026-08-31T22:31:53.310+00:00,2026-08-31T22:31:53.270+00:00,2026-08-31T22:31:53.423+00:00,2026-08-31T22:31:53.424+00:00,2026-08-31T22:31:53.899+00:00,2026-08-31T22:31:53.899+00:00,0.196781,0.475658071001817,sqs-worker-5986dcd897-8ccsd,ip-192-168-20-201.ec2.internal,63c46791f4d64f673ee6238292fe5f57dec8c72f0a5abfa26b911234a9d0d34b,1,153.0,629.0
1,hpa-poisson-909-8fa3df7f,000058,29.092359,2026-08-31T22:31:53.875+00:00,2026-08-31T22:31:53.831+00:00,2026-08-31T22:31:54.527+00:00,2026-08-31T22:31:54.527+00:00,2026-08-31T22:31:54.600+00:00,2026-08-31T22:31:54.600+00:00,0.026181,0.07336555599977146,sqs-worker-5986dcd897-x8rdl,ip-192-168-20-201.ec2.internal,95c07f57d5a43118f9692a73ed7492401a6ebfa97ee1e019199814dc15dd208c,1,696.0,769.0
1,hpa-poisson-909-8fa3df7f,000036,21.287024,2026-08-31T22:31:46.071+00:00,2026-08-31T22:31:46.022+00:00,2026-08-31T22:31:54.691+00:00,2026-08-31T22:31:54.691+00:00,2026-08-31T22:31:55.181+00:00,2026-08-31T22:31:55.181+00:00,0.201461,0.4900603870009945,sqs-worker-5986dcd897-8ccsd,ip-192-168-20-201.ec2.internal,4e341e9e488a6b999bb57539ff7d9632ad4064ad2dbd2ad1b8885dadb8255ac5,1,8669.0,9159.0
1,hpa-poisson-909-8fa3df7f,000044,23.470722,2026-08-31T22:31:48.255+00:00,2026-08-31T22:31:48.210+00:00,2026-08-31T22:31:54.116+00:00,2026-08-31T22:31:54.116+00:00,2026-08-31T22:31:54.302+00:00,2026-08-31T22:31:54.302+00:00,0.079847,0.18659177899826318,sqs-worker-5986dcd897-x8rdl,ip-192-168-20-201.ec2.internal,c21e2531c3e10ec5c412a9e30a08ca9ff1d79ebc927194e18c70a1a38cdcb8c1,1,5906.0,6092.0
1,hpa-poisson-909-8fa3df7f,000057,29.029629,2026-08-31T22:31:53.812+00:00,2026-08-31T22:31:53.768+00:00,2026-08-31T22:31:54.620+00:00,2026-08-31T22:31:54.620+00:00,2026-08-31T22:31:54.895+00:00,2026-08-31T22:31:54.895+00:00,0.110826,0.27483387399843195,sqs-worker-5986dcd897-x8rdl,ip-192-168-20-201.ec2.internal,f8814d898b4999307180206cf6b76d0dcc38f75fd8bfa341f09f84881b85b86c,1,852.0,1127.0
1,hpa-poisson-909-8fa3df7f,000042,22.926223,2026-08-31T22:31:47.711+00:00,2026-08-31T22:31:47.663+00:00,2026-08-31T22:31:53.413+00:00,2026-08-31T22:31:53.413+00:00,2026-08-31T22:31:53.897+00:00,2026-08-31T22:31:53.897+00:00,0.189356,0.4840948209966882,sqs-worker-5986dcd897-x8rdl,ip-192-168-20-201.ec2.internal,b8a01be8fecdaf1f8f5687d7d9f4cade7abdfcaa4f5ba60eee829ab0d9d1ca15,1,5750.0,6234.0
1,hpa-poisson-909-8fa3df7f,000052,26.904231,2026-08-31T22:31:51.687+00:00,2026-08-31T22:31:51.643+00:00,2026-08-31T22:31:54.917+00:00,2026-08-31T22:31:54.917+00:00,2026-08-31T22:31:55.210+00:00,2026-08-31T22:31:55.210+00:00,0.127103,0.2927692939992994,sqs-worker-5986dcd897-x8rdl,ip-192-168-20-201.ec2.internal,b5d624af72c6148e5337bc7223adb9ac14e8a4bc19afcf27746382afc158f419,1,3274.0,3567.0
1,hpa-poisson-909-8fa3df7f,000054,27.286907,2026-08-31T22:31:52.069+00:00,2026-08-31T22:31:52.024+00:00,2026-08-31T22:31:55.235+00:00,2026-08-31T22:31:55.235+00:00,2026-08-31T22:31:55.695+00:00,2026-08-31T22:31:55.695+00:00,0.180976,0.4601872729981551,sqs-worker-5986dcd897-x8rdl,ip-192-168-20-201.ec2.internal,2ff81c67ffe609ffae7f44b2469405bf760adc9ea49c676d2747d78ad7bac5fc,1,3211.0,3671.0
1,hpa-poisson-909-8fa3df7f,000059,29.131592,2026-08-31T22:31:53.913+00:00,2026-08-31T22:31:53.870+00:00,2026-08-31T22:31:55.978+00:00,2026-08-31T22:31:55.978+00:00,2026-08-31T22:31:56.298+00:00,2026-08-31T22:31:56.299+00:00,0.139048,0.32077751100223395,sqs-worker-5986dcd897-8ccsd,ip-192-168-20-201.ec2.internal,72b5d1ce019a4b82123ada21f2cc40c3e4d817a14fec44dcfec6dbb64087c78d,1,2108.0,2428.0
1,hpa-poisson-909-8fa3df7f,000040,21.78145,2026-08-31T22:31:46.565+00:00,2026-08-31T22:31:46.517+00:00,2026-08-31T22:31:53.914+00:00,2026-08-31T22:31:53.914+00:00,2026-08-31T22:31:54.675+00:00,2026-08-31T22:31:54.675+00:00,0.292374,0.7616351280012168,sqs-worker-5986dcd897-8ccsd,ip-192-168-20-201.ec2.internal,723b3271d7f7d490d603215c33a8865bff70bb1f0d03ab022e041585dfbc3340,1,7397.0,8157.999999999999
1,hpa-poisson-909-8fa3df7f,000053,27.153883,2026-08-31T22:31:51.936+00:00,2026-08-31T22:31:51.894+00:00,2026-08-31T22:31:56.239+00:00,2026-08-31T22:31:56.239+00:00,2026-08-31T22:31:56.584+00:00,2026-08-31T22:31:56.584+00:00,0.130442,0.3452388570003677,sqs-worker-5986dcd897-x8rdl,ip-192-168-20-201.ec2.internal,6eccab3ce731af96256853d1e117ebc54b7b50eebc934cb83d16a03a6dfe3c9c,1,4345.0,4690.0
1,hpa-poisson-909-8fa3df7f,000048,24.841242,2026-08-31T22:31:49.625+00:00,2026-08-31T22:31:49.580+00:00,2026-08-31T22:31:53.914+00:00,2026-08-31T22:31:53.914+00:00,2026-08-31T22:31:54.000+00:00,2026-08-31T22:31:54.000+00:00,0.039469,0.08665048300099443,sqs-worker-5986dcd897-x8rdl,ip-192-168-20-201.ec2.internal,f830af792c75928607da12539d5c43a6867832522094c1911b7b2f86b41caf32,1,4334.0,4420.0
1,hpa-poisson-909-8fa3df7f,000055,27.391952,2026-08-31T22:31:52.174+00:00,2026-08-31T22:31:52.132+00:00,2026-08-31T22:31:54.016+00:00,2026-08-31T22:31:54.016+00:00,2026-08-31T22:31:54.099+00:00,2026-08-31T22:31:54.099+00:00,0.032804,0.08297157199922367,sqs-worker-5986dcd897-x8rdl,ip-192-168-20-201.ec2.internal,b8b775efe34711a61cb0629059c4e6f4f5c0cc9f7ff2a6949aea1d9c40d9fa3b,1,1884.0,1967.0
1,hpa-poisson-909-8fa3df7f,000047,24.186815,2026-08-31T22:31:48.970+00:00,2026-08-31T22:31:48.924+00:00,2026-08-31T22:31:54.321+00:00,2026-08-31T22:31:54.321+00:00,2026-08-31T22:31:54.512+00:00,2026-08-31T22:31:54.512+00:00,0.083277,0.19092039699899033,sqs-worker-5986dcd897-x8rdl,ip-192-168-20-201.ec2.internal,25d979d336a8b166fc5773f5edbc025f2bec21f5e003dfff210853bbaa41c1fd,1,5397.0,5588.0
1,hpa-poisson-909-8fa3df7f,000051,25.715346,2026-08-31T22:31:50.499+00:00,2026-08-31T22:31:50.452+00:00,2026-08-31T22:31:55.201+00:00,2026-08-31T22:31:55.201+00:00,2026-08-31T22:31:55.909+00:00,2026-08-31T22:31:55.909+00:00,0.302268,0.7084044280018134,sqs-worker-5986dcd897-8ccsd,ip-192-168-20-201.ec2.internal,9e2ce3f746e2b8b24a078c52ea8474f96b75bc903287a24400d456b9c7b7f66a,1,4749.0,5457.0
1,hpa-poisson-909-8fa3df7f,000049,25.281262,2026-08-31T22:31:50.065+00:00,2026-08-31T22:31:50.019+00:00,2026-08-31T22:31:55.710+00:00,2026-08-31T22:31:55.710+00:00,2026-08-31T22:31:56.208+00:00,2026-08-31T22:31:56.208+00:00,0.207936,0.4981172299994796,sqs-worker-5986dcd897-x8rdl,ip-192-168-20-201.ec2.internal,fce68707936a05a84d7d8f74ff052b063063f6e9e5c55d65bf82d94944c7aff4,1,5691.0,6189.0
1,hpa-poisson-909-8fa3df7f,000060,31.709769,2026-08-31T22:31:56.494+00:00,2026-08-31T22:31:56.450+00:00,2026-08-31T22:31:56.454+00:00,2026-08-31T22:31:56.454+00:00,2026-08-31T22:31:56.696+00:00,2026-08-31T22:31:56.696+00:00,0.12512,0.24275359500097693,sqs-worker-5986dcd897-8ccsd,ip-192-168-20-201.ec2.internal,5bd7aa715ef14ff0998693c021027ad188623dfefcb7de73ec56166cc2e2d5a9,1,4.0,246.0
1,hpa-poisson-909-8fa3df7f,000061,32.036226,2026-08-31T22:31:56.818+00:00,2026-08-31T22:31:56.778+00:00,2026-08-31T22:31:56.782+00:00,2026-08-31T22:31:56.782+00:00,2026-08-31T22:31:57.005+00:00,2026-08-31T22:31:57.005+00:00,0.103216,0.2230979039995873,sqs-worker-5986dcd897-8ccsd,ip-192-168-20-201.ec2.internal,51650af8024c465f7f92703b5e374b1424822471766ee3e6333fd625e796fabd,1,4.0,227.0
1,hpa-poisson-909-8fa3df7f,000062,32.284759,2026-08-31T22:31:57.067+00:00,2026-08-31T22:31:57.022+00:00,2026-08-31T22:31:57.026+00:00,2026-08-31T22:31:57.026+00:00,2026-08-31T22:31:57.063+00:00,2026-08-31T22:31:57.063+00:00,0.036843,0.03688463099751971,sqs-worker-5986dcd897-x8rdl,ip-192-168-20-201.ec2.internal,2fe47df86851b2326659cc856de361f0300cc865e540bd119e0c7bf5aff872e1,1,4.0,41.0
1,hpa-poisson-909-8fa3df7f,000063,33.258398,2026-08-31T22:31:58.041+00:00,2026-08-31T22:31:57.994+00:00,2026-08-31T22:31:57.998+00:00,2026-08-31T22:31:57.998+00:00,2026-08-31T22:31:58.025+00:00,2026-08-31T22:31:58.025+00:00,0.027083,0.02712362599777407,sqs-worker-5986dcd897-x8rdl,ip-192-168-20-201.ec2.internal,fbe65c016a89aede36a007a04c4ab6a22a4c2df0d3362b9880d72c8f42b8c563,1,4.0,31.0
1,hpa-poisson-909-8fa3df7f,000064,33.500007,2026-08-31T22:31:58.282+00:00,2026-08-31T22:31:58.248+00:00,2026-08-31T22:31:58.252+00:00,2026-08-31T22:31:58.252+00:00,2026-08-31T22:31:58.610+00:00,2026-08-31T22:31:58.610+00:00,0.182604,0.35824882200176944,sqs-worker-5986dcd897-x8rdl,ip-192-168-20-201.ec2.internal,1a7fb495a1c722d0db1e5f7ce6819976fb3e332edce69ce15438e466e09a8220,1,4.0,362.0
1,hpa-poisson-909-8fa3df7f,000066,35.829604,2026-08-31T22:32:00.612+00:00,2026-08-31T22:32:00.565+00:00,2026-08-31T22:32:00.569+00:00,2026-08-31T22:32:00.569+00:00,2026-08-31T22:32:00.577+00:00,2026-08-31T22:32:00.577+00:00,0.007496,0.007535763001214946,sqs-worker-5986dcd897-8ccsd,ip-192-168-20-201.ec2.internal,34a236ef347ac73c70977a12e7fcc59a02b27c41ca4567e6c0da1903ed3e9fe5,1,4.0,12.0
1,hpa-poisson-909-8fa3df7f,000065,35.417574,2026-08-31T22:32:00.201+00:00,2026-08-31T22:32:00.154+00:00,2026-08-31T22:32:00.159+00:00,2026-08-31T22:32:00.159+00:00,2026-08-31T22:32:00.988+00:00,2026-08-31T22:32:00.988+00:00,0.148269,0.829188998999598,sqs-worker-5986dcd897-x8rdl,ip-192-168-20-201.ec2.internal,65f23a07541db05155e2018e9aff37ceec2a8b1f30eb5457a5d5e37bbbc479e6,1,5.0,834.0
1,hpa-poisson-909-8fa3df7f,000068,36.082165,2026-08-31T22:32:00.864+00:00,2026-08-31T22:32:00.849+00:00,2026-08-31T22:32:01.035+00:00,2026-08-31T22:32:01.035+00:00,2026-08-31T22:32:01.183+00:00,2026-08-31T22:32:01.183+00:00,0.030472,0.14831812999909744,sqs-worker-5986dcd897-x8rdl,ip-192-168-20-201.ec2.internal,f4fa67875357ca53cbb0522e31c3c5be9330740a864977008a701c539b9a8d05,1,186.0,334.0
1,hpa-poisson-909-8fa3df7f,000067,36.061254,2026-08-31T22:32:00.843+00:00,2026-08-31T22:32:00.801+00:00,2026-08-31T22:32:00.804+00:00,2026-08-31T22:32:00.804+00:00,2026-08-31T22:32:01.599+00:00,2026-08-31T22:32:01.599+00:00,0.337581,0.7954871020010614,sqs-worker-5986dcd897-8ccsd,ip-192-168-20-201.ec2.internal,77488f089affd6ec2372ea59faa367db72ec738d2a1ab026e435530403401252,1,3.0,798.0
1,hpa-poisson-909-8fa3df7f,000071,37.087679,2026-08-31T22:32:01.870+00:00,2026-08-31T22:32:01.821+00:00,2026-08-31T22:32:01.824+00:00,2026-08-31T22:32:01.824+00:00,2026-08-31T22:32:01.889+00:00,2026-08-31T22:32:01.889+00:00,0.051252,0.06458084899713867,sqs-worker-5986dcd897-x8rdl,ip-192-168-20-201.ec2.internal,d9250036e6799e49a1ae145dd59fd04e91f7264c95812cc82fc296ca9938f676,1,3.0,68.0
1,hpa-poisson-909-8fa3df7f,000069,36.798387,2026-08-31T22:32:01.581+00:00,2026-08-31T22:32:01.536+00:00,2026-08-31T22:32:01.540+00:00,2026-08-31T22:32:01.540+00:00,2026-08-31T22:32:01.712+00:00,2026-08-31T22:32:01.712+00:00,0.107529,0.17254434599817614,sqs-worker-5986dcd897-x8rdl,ip-192-168-20-201.ec2.internal,bdbe4a98eba3d63710e10136c1002f928bdaa0cbf267b723551f0e9abc55b095,1,4.0,176.0
1,hpa-poisson-909-8fa3df7f,000072,37.48332,2026-08-31T22:32:02.266+00:00,2026-08-31T22:32:02.218+00:00,2026-08-31T22:32:02.221+00:00,2026-08-31T22:32:02.221+00:00,2026-08-31T22:32:02.393+00:00,2026-08-31T22:32:02.393+00:00,0.088534,0.17204184100046405,sqs-worker-5986dcd897-x8rdl,ip-192-168-20-201.ec2.internal,b963eb5079eeddba181bd854aeb6410c95b0cedfd92265c563d31d9fa8152676,1,3.0,175.0
1,hpa-poisson-909-8fa3df7f,000073,37.748866,2026-08-31T22:32:02.531+00:00,2026-08-31T22:32:02.483+00:00,2026-08-31T22:32:02.493+00:00,2026-08-31T22:32:02.493+00:00,2026-08-31T22:32:02.991+00:00,2026-08-31T22:32:02.991+00:00,0.20526,0.49813645299946074,sqs-worker-5986dcd897-x8rdl,ip-192-168-20-201.ec2.internal,20c78a34b18a6d17bfec156e1ef7d8453cb9a4e628677d05b8246e3dc6de3a47,1,10.0,508.0
1,hpa-poisson-909-8fa3df7f,000070,36.885604,2026-08-31T22:32:01.668+00:00,2026-08-31T22:32:01.636+00:00,2026-08-31T22:32:01.644+00:00,2026-08-31T22:32:01.644+00:00,2026-08-31T22:32:03.092+00:00,2026-08-31T22:32:03.092+00:00,0.411725,1.4472921390006377,sqs-worker-5986dcd897-8ccsd,ip-192-168-20-201.ec2.internal,f662349e35a26d5a0ad9d2257402fb4b0a34497addc38960702162dffd1b6e33,1,8.0,1456.0
1,hpa-poisson-909-8fa3df7f,000074,39.668462,2026-08-31T22:32:04.452+00:00,2026-08-31T22:32:04.405+00:00,2026-08-31T22:32:04.409+00:00,2026-08-31T22:32:04.410+00:00,2026-08-31T22:32:04.720+00:00,2026-08-31T22:32:04.720+00:00,0.157873,0.31038914599776035,sqs-worker-5986dcd897-8ccsd,ip-192-168-20-201.ec2.internal,5da1d0d6cc8d9ec483898af96c99d6ea3cd3a35a92b508b6df8938bba10f3e98,1,4.0,315.0
1,hpa-poisson-909-8fa3df7f,000075,40.226641,2026-08-31T22:32:05.009+00:00,2026-08-31T22:32:04.962+00:00,2026-08-31T22:32:04.966+00:00,2026-08-31T22:32:04.966+00:00,2026-08-31T22:32:06.209+00:00,2026-08-31T22:32:06.209+00:00,0.509232,1.2428317979974963,sqs-worker-5986dcd897-8ccsd,ip-192-168-20-201.ec2.internal,3388a669011908de8d1a5737fa64d8fd3a3eb09a74c28451e998858c527b9c8e,1,4.0,1247.0
1,hpa-poisson-909-8fa3df7f,000076,41.273743,2026-08-31T22:32:06.057+00:00,2026-08-31T22:32:06.008+00:00,2026-08-31T22:32:06.013+00:00,2026-08-31T22:32:06.013+00:00,2026-08-31T22:32:06.316+00:00,2026-08-31T22:32:06.316+00:00,0.140931,0.303206909000437,sqs-worker-5986dcd897-x8rdl,ip-192-168-20-201.ec2.internal,02d9c944d286cc8bb6e1962943c4becd0c13e94498d85814d5244ee6f31323a5,1,5.0,308.0
1,hpa-poisson-909-8fa3df7f,000077,41.444206,2026-08-31T22:32:06.226+00:00,2026-08-31T22:32:06.179+00:00,2026-08-31T22:32:06.262+00:00,2026-08-31T22:32:06.262+00:00,2026-08-31T22:32:06.396+00:00,2026-08-31T22:32:06.396+00:00,0.06661,0.13460198400207446,sqs-worker-5986dcd897-8ccsd,ip-192-168-20-201.ec2.internal,b6c4e26b3e91f20df2a019f28eb75e07b9dfc6ac6ed57ef43bdb87d880acdcc6,1,83.0,217.0
1,hpa-poisson-909-8fa3df7f,000078,42.635532,2026-08-31T22:32:07.419+00:00,2026-08-31T22:32:07.375+00:00,2026-08-31T22:32:07.379+00:00,2026-08-31T22:32:07.379+00:00,2026-08-31T22:32:07.818+00:00,2026-08-31T22:32:07.818+00:00,0.1957,0.4385248260005028,sqs-worker-5986dcd897-8ccsd,ip-192-168-20-201.ec2.internal,adc36f19c77550e69a676cd1d761e9a22f3fe7598bed0af2a6a8cfb491ce7aed,1,4.0,443.0
1,hpa-poisson-909-8fa3df7f,000079,43.485522,2026-08-31T22:32:08.268+00:00,2026-08-31T22:32:08.220+00:00,2026-08-31T22:32:08.225+00:00,2026-08-31T22:32:08.225+00:00,2026-08-31T22:32:08.261+00:00,2026-08-31T22:32:08.261+00:00,0.036335,0.03640647099746275,sqs-worker-5986dcd897-x8rdl,ip-192-168-20-201.ec2.internal,2dade6f8921908dc9f410759544a2475633daa491d26e18af32e37c0237a7f0c,1,5.0,41.0
1,hpa-poisson-909-8fa3df7f,000080,43.549761,2026-08-31T22:32:08.332+00:00,2026-08-31T22:32:08.287+00:00,2026-08-31T22:32:08.291+00:00,2026-08-31T22:32:08.291+00:00,2026-08-31T22:32:08.500+00:00,2026-08-31T22:32:08.500+00:00,0.098278,0.2096901440017973,sqs-worker-5986dcd897-8ccsd,ip-192-168-20-201.ec2.internal,e17e4b37daecd7282b3e1f96228cd0c7099982231dd5e639a59ed9dd9e9ffded,1,4.0,213.0
1,hpa-poisson-909-8fa3df7f,000081,44.069553,2026-08-31T22:32:08.852+00:00,2026-08-31T22:32:08.808+00:00,2026-08-31T22:32:08.812+00:00,2026-08-31T22:32:08.812+00:00,2026-08-31T22:32:09.035+00:00,2026-08-31T22:32:09.035+00:00,0.099419,0.22271253399958368,sqs-worker-5986dcd897-jsdfr,ip-192-168-20-201.ec2.internal,b648a5566960c47fed6c1e56b8a2d43c66d451ab005adfaeb98931b35c56f137,1,4.0,227.0
1,hpa-poisson-909-8fa3df7f,000083,44.132708,2026-08-31T22:32:08.915+00:00,2026-08-31T22:32:08.870+00:00,2026-08-31T22:32:08.874+00:00,2026-08-31T22:32:08.874+00:00,2026-08-31T22:32:09.287+00:00,2026-08-31T22:32:09.287+00:00,0.178324,0.4135690010007238,sqs-worker-5986dcd897-8ccsd,ip-192-168-20-201.ec2.internal,0c07a6fd3836a0331e97070078f2b8afc2bcc80adbe3faec63af6b98a8c63832,1,4.0,417.0
1,hpa-poisson-909-8fa3df7f,000082,44.117325,2026-08-31T22:32:08.899+00:00,2026-08-31T22:32:08.872+00:00,2026-08-31T22:32:08.876+00:00,2026-08-31T22:32:08.876+00:00,2026-08-31T22:32:09.192+00:00,2026-08-31T22:32:09.192+00:00,0.135544,0.31575186800182564,sqs-worker-5986dcd897-x8rdl,ip-192-168-20-201.ec2.internal,485779dc87201dd593d1f551ad7551ddfc8a9aa2cdd39a50a3403319c206e457,1,4.0,320.0
1,hpa-poisson-909-8fa3df7f,000084,44.930649,2026-08-31T22:32:09.713+00:00,2026-08-31T22:32:09.666+00:00,2026-08-31T22:32:09.670+00:00,2026-08-31T22:32:09.670+00:00,2026-08-31T22:32:09.675+00:00,2026-08-31T22:32:09.675+00:00,0.005,0.00506561800284544,sqs-worker-5986dcd897-7sl5v,ip-192-168-20-201.ec2.internal,db4757ab22a63b3591e303835c6e1a07fe2bce4facaefd0ed075a20fad2e4e2d,1,4.0,9.0
1,hpa-poisson-909-8fa3df7f,000085,46.041677,2026-08-31T22:32:10.825+00:00,2026-08-31T22:32:10.776+00:00,2026-08-31T22:32:10.781+00:00,2026-08-31T22:32:10.781+00:00,2026-08-31T22:32:11.172+00:00,2026-08-31T22:32:11.172+00:00,0.176748,0.39161458300077356,sqs-worker-5986dcd897-7sl5v,ip-192-168-20-201.ec2.internal,74449de495102e191710638ca2de74cf818615cf61823c6c9533de76f2bb1cad,1,5.0,396.0
1,hpa-poisson-909-8fa3df7f,000086,46.454091,2026-08-31T22:32:11.236+00:00,2026-08-31T22:32:11.187+00:00,2026-08-31T22:32:11.191+00:00,2026-08-31T22:32:11.191+00:00,2026-08-31T22:32:11.598+00:00,2026-08-31T22:32:11.598+00:00,0.174269,0.40692070099976263,sqs-worker-5986dcd897-x8rdl,ip-192-168-20-201.ec2.internal,d6ca2e015bc68796330a72f753c49a1f88e76f444cec296b5201fede89b7e3ba,1,4.0,411.0
1,hpa-poisson-909-8fa3df7f,000087,47.287405,2026-08-31T22:32:12.070+00:00,2026-08-31T22:32:12.023+00:00,2026-08-31T22:32:12.027+00:00,2026-08-31T22:32:12.027+00:00,2026-08-31T22:32:12.307+00:00,2026-08-31T22:32:12.307+00:00,0.143583,0.28060465000089607,sqs-worker-5986dcd897-x8rdl,ip-192-168-20-201.ec2.internal,e487472b1483cf8848cd0f0b170a593c6771b09ebd2e2ab974536d543606849b,1,4.0,284.0
1,hpa-poisson-909-8fa3df7f,000089,47.832254,2026-08-31T22:32:12.614+00:00,2026-08-31T22:32:12.567+00:00,2026-08-31T22:32:12.577+00:00,2026-08-31T22:32:12.577+00:00,2026-08-31T22:32:12.882+00:00,2026-08-31T22:32:12.882+00:00,0.129538,0.30521954700088827,sqs-worker-5986dcd897-jsdfr,ip-192-168-20-201.ec2.internal,941d2f32af4933bd502f1cbb9fa78526dfe24552f5af5219e724d76f1e728a94,1,10.0,315.0
1,hpa-poisson-909-8fa3df7f,000088,47.504117,2026-08-31T22:32:12.286+00:00,2026-08-31T22:32:12.238+00:00,2026-08-31T22:32:12.243+00:00,2026-08-31T22:32:12.243+00:00,2026-08-31T22:32:13.377+00:00,2026-08-31T22:32:13.377+00:00,0.476191,1.133778922001511,sqs-worker-5986dcd897-7sl5v,ip-192-168-20-201.ec2.internal,9e7fa5b640aa947fdea110225db274875b40077f12744239b77e3f1c38822a23,1,5.0,1139.0
1,hpa-poisson-909-8fa3df7f,000090,48.723595,2026-08-31T22:32:13.506+00:00,2026-08-31T22:32:13.457+00:00,2026-08-31T22:32:13.461+00:00,2026-08-31T22:32:13.461+00:00,2026-08-31T22:32:13.499+00:00,2026-08-31T22:32:13.499+00:00,0.038411,0.03845289599848911,sqs-worker-5986dcd897-8ccsd,ip-192-168-20-201.ec2.internal,ecaa38d9fc0fff44c20c1a07ea46efa6e2050b7b884bd6c6642f09ed8ebcdc0e,1,4.0,42.0
1,hpa-poisson-909-8fa3df7f,000091,49.275308,2026-08-31T22:32:14.058+00:00,2026-08-31T22:32:14.008+00:00,2026-08-31T22:32:14.013+00:00,2026-08-31T22:32:14.013+00:00,2026-08-31T22:32:14.548+00:00,2026-08-31T22:32:14.548+00:00,0.237998,0.5348693349988025,sqs-worker-5986dcd897-7sl5v,ip-192-168-20-201.ec2.internal,8b4b62d75f8b5e2eab4205fff77279cf21eb1f60af3a3d2a914513689cfcd996,1,5.0,540.0
1,hpa-poisson-909-8fa3df7f,000092,50.059849,2026-08-31T22:32:14.842+00:00,2026-08-31T22:32:14.793+00:00,2026-08-31T22:32:14.798+00:00,2026-08-31T22:32:14.798+00:00,2026-08-31T22:32:14.977+00:00,2026-08-31T22:32:14.977+00:00,0.103305,0.17905689399776747,sqs-worker-5986dcd897-7sl5v,ip-192-168-20-201.ec2.internal,931ac1898fcfa837e660160039cc503d79edc7508fb8b79066e3a3f170eeabd5,1,5.0,184.0
1,hpa-poisson-909-8fa3df7f,000093,50.702736,2026-08-31T22:32:15.485+00:00,2026-08-31T22:32:15.437+00:00,2026-08-31T22:32:15.442+00:00,2026-08-31T22:32:15.442+00:00,2026-08-31T22:32:15.521+00:00,2026-08-31T22:32:15.521+00:00,0.05262,0.07915258299908601,sqs-worker-5986dcd897-jsdfr,ip-192-168-20-201.ec2.internal,d50e216736a64d843480c480a45b04908b31636146eecf366e060cc28b5c63f6,1,5.0,84.0
1,hpa-poisson-909-8fa3df7f,000094,51.397243,2026-08-31T22:32:16.180+00:00,2026-08-31T22:32:16.131+00:00,2026-08-31T22:32:16.134+00:00,2026-08-31T22:32:16.135+00:00,2026-08-31T22:32:16.158+00:00,2026-08-31T22:32:16.158+00:00,0.023673,0.02371343400227488,sqs-worker-5986dcd897-x8rdl,ip-192-168-20-201.ec2.internal,8ecf234914bc45af0f74a3ec97fd59586716d1251bb38679821c6da79b534f5d,1,3.0,27.0
1,hpa-poisson-909-8fa3df7f,000095,51.473339,2026-08-31T22:32:16.255+00:00,2026-08-31T22:32:16.215+00:00,2026-08-31T22:32:16.219+00:00,2026-08-31T22:32:16.219+00:00,2026-08-31T22:32:16.413+00:00,2026-08-31T22:32:16.413+00:00,0.110006,0.1941096899972763,sqs-worker-5986dcd897-x8rdl,ip-192-168-20-201.ec2.internal,bf46d8cd10b636cb8ece2b4976c213a1008617b724695d77463c4a19b048bdb9,1,4.0,198.0
1,hpa-poisson-909-8fa3df7f,000096,51.90228,2026-08-31T22:32:16.684+00:00,2026-08-31T22:32:16.639+00:00,2026-08-31T22:32:16.643+00:00,2026-08-31T22:32:16.644+00:00,2026-08-31T22:32:16.876+00:00,2026-08-31T22:32:16.876+00:00,0.116721,0.23203228399870568,sqs-worker-5986dcd897-x8rdl,ip-192-168-20-201.ec2.internal,f355b91356308a469adc17422db7152e41781bdad1e60fe4869acc0a9fd2c90b,1,4.0,237.0
1,hpa-poisson-909-8fa3df7f,000097,52.094514,2026-08-31T22:32:16.877+00:00,2026-08-31T22:32:16.827+00:00,2026-08-31T22:32:16.833+00:00,2026-08-31T22:32:16.833+00:00,2026-08-31T22:32:16.854+00:00,2026-08-31T22:32:16.854+00:00,0.020932,0.02097861699803616,sqs-worker-5986dcd897-7sl5v,ip-192-168-20-201.ec2.internal,e6f5da9ae25fe0354fc9434a2389bf319b3ab1690cf4054a5a3276fa726c079b,1,6.0,27.0
1,hpa-poisson-909-8fa3df7f,000100,52.708318,2026-08-31T22:32:17.490+00:00,2026-08-31T22:32:17.441+00:00,2026-08-31T22:32:17.444+00:00,2026-08-31T22:32:17.445+00:00,2026-08-31T22:32:17.615+00:00,2026-08-31T22:32:17.615+00:00,0.094733,0.17014131600080873,sqs-worker-5986dcd897-x8rdl,ip-192-168-20-201.ec2.internal,0cce14109d36bf7f72a623487d594cf293362ae2764150407551a7274c51832f,1,3.0,174.0
1,hpa-poisson-909-8fa3df7f,000099,52.496127,2026-08-31T22:32:17.278+00:00,2026-08-31T22:32:17.229+00:00,2026-08-31T22:32:17.233+00:00,2026-08-31T22:32:17.233+00:00,2026-08-31T22:32:17.712+00:00,2026-08-31T22:32:17.712+00:00,0.20794,0.47891655700004776,sqs-worker-5986dcd897-8ccsd,ip-192-168-20-201.ec2.internal,00783919ce360dfbab137bdae5e21e3ab6e03a2074d633bddf6b7e237e3c28ad,1,4.0,483.0
1,hpa-poisson-909-8fa3df7f,000098,52.297586,2026-08-31T22:32:17.080+00:00,2026-08-31T22:32:17.032+00:00,2026-08-31T22:32:17.037+00:00,2026-08-31T22:32:17.037+00:00,2026-08-31T22:32:17.863+00:00,2026-08-31T22:32:17.863+00:00,0.157752,0.826588775998971,sqs-worker-5986dcd897-7sl5v,ip-192-168-20-201.ec2.internal,294a84a85fdbaff23a7b1ee1eef8c1cf23993f8b9f133b37a40470ba9a43c89b,1,5.0,831.0
1,hpa-poisson-909-8fa3df7f,000104,53.452786,2026-08-31T22:32:18.235+00:00,2026-08-31T22:32:18.190+00:00,2026-08-31T22:32:18.255+00:00,2026-08-31T22:32:18.255+00:00,2026-08-31T22:32:18.361+00:00,2026-08-31T22:32:18.361+00:00,0.029878,0.10584774399831076,sqs-worker-5986dcd897-7sl5v,ip-192-168-20-201.ec2.internal,396860f34101352fac76b66e644aa582579009dfb5bfd4784fd428d92f862bbc,1,65.0,171.0
1,hpa-poisson-909-8fa3df7f,000102,52.911279,2026-08-31T22:32:17.693+00:00,2026-08-31T22:32:17.647+00:00,2026-08-31T22:32:17.652+00:00,2026-08-31T22:32:17.652+00:00,2026-08-31T22:32:17.982+00:00,2026-08-31T22:32:17.982+00:00,0.121573,0.33088750900060404,sqs-worker-5986dcd897-x8rdl,ip-192-168-20-201.ec2.internal,34a1c7e4da4f3a56f65e72f6591a4429a7fe06305b2f6a0b851a3ab2c53899f9,1,5.0,335.0
1,hpa-poisson-909-8fa3df7f,000103,53.110026,2026-08-31T22:32:17.892+00:00,2026-08-31T22:32:17.847+00:00,2026-08-31T22:32:17.851+00:00,2026-08-31T22:32:17.851+00:00,2026-08-31T22:32:18.679+00:00,2026-08-31T22:32:18.679+00:00,0.339224,0.8283041320028133,sqs-worker-5986dcd897-8ccsd,ip-192-168-20-201.ec2.internal,4eb5881adffa7fd306c37cef4d579931294279d8f4ad315bcc69a86ef624d8cc,1,4.0,832.0
1,hpa-poisson-909-8fa3df7f,000107,54.391862,2026-08-31T22:32:19.174+00:00,2026-08-31T22:32:19.128+00:00,2026-08-31T22:32:19.132+00:00,2026-08-31T22:32:19.132+00:00,2026-08-31T22:32:19.388+00:00,2026-08-31T22:32:19.388+00:00,0.119114,0.2562179719971027,sqs-worker-5986dcd897-8ccsd,ip-192-168-20-201.ec2.internal,110bf4f6010ed753ecacb92afeaf90f3ef45b8157931cf80f5815a2e2447bcc9,1,4.0,260.0
1,hpa-poisson-909-8fa3df7f,000101,52.763875,2026-08-31T22:32:17.546+00:00,2026-08-31T22:32:17.500+00:00,2026-08-31T22:32:17.507+00:00,2026-08-31T22:32:17.507+00:00,2026-08-31T22:32:19.930+00:00,2026-08-31T22:32:19.930+00:00,0.591017,2.423405368997919,sqs-worker-5986dcd897-jsdfr,ip-192-168-20-201.ec2.internal,8185d6f0eeb03ca11121dfe76bd38863c7aed3b2bdc977021d11377bc9af32ad,1,7.0,2430.0
1,hpa-poisson-909-8fa3df7f,000109,55.130023,2026-08-31T22:32:19.912+00:00,2026-08-31T22:32:19.867+00:00,2026-08-31T22:32:20.142+00:00,2026-08-31T22:32:20.142+00:00,2026-08-31T22:32:20.147+00:00,2026-08-31T22:32:20.147+00:00,0.005,0.005229781996604288,sqs-worker-5986dcd897-jsdfr,ip-192-168-20-201.ec2.internal,7879740699be172198f76f46ebde6b9a88924be014712ca3af2e03b33c5c50cb,1,275.0,280.0
1,hpa-poisson-909-8fa3df7f,000106,53.965347,2026-08-31T22:32:18.747+00:00,2026-08-31T22:32:18.702+00:00,2026-08-31T22:32:18.757+00:00,2026-08-31T22:32:18.757+00:00,2026-08-31T22:32:20.259+00:00,2026-08-31T22:32:20.259+00:00,0.495938,1.5029106449983374,sqs-worker-5986dcd897-7sl5v,ip-192-168-20-201.ec2.internal,3cff5e34e54d10254392672ef82c8c0903c1f292df0ce6a487cd67e080b82f55,1,55.0,1557.0
1,hpa-poisson-909-8fa3df7f,000105,53.707975,2026-08-31T22:32:18.490+00:00,2026-08-31T22:32:18.444+00:00,2026-08-31T22:32:18.448+00:00,2026-08-31T22:32:18.448+00:00,2026-08-31T22:32:20.190+00:00,2026-08-31T22:32:20.190+00:00,0.635594,1.7420078530012688,sqs-worker-5986dcd897-x8rdl,ip-192-168-20-201.ec2.internal,a78494fc573c243b3f2502f322490eafabba53105fd1a0237fbae0c64f3141d4,1,4.0,1746.0
1,hpa-poisson-909-8fa3df7f,000110,55.192383,2026-08-31T22:32:19.974+00:00,2026-08-31T22:32:19.931+00:00,2026-08-31T22:32:19.951+00:00,2026-08-31T22:32:19.951+00:00,2026-08-31T22:32:20.127+00:00,2026-08-31T22:32:20.127+00:00,0.072242,0.17577315100061242,sqs-worker-5986dcd897-jsdfr,ip-192-168-20-201.ec2.internal,5ef73d5712b964f740ea81faee4c970f7fc2ab0d58338188349ee472c1d68141,1,20.0,196.0
1,hpa-poisson-909-8fa3df7f,000108,54.538756,2026-08-31T22:32:19.321+00:00,2026-08-31T22:32:19.275+00:00,2026-08-31T22:32:19.429+00:00,2026-08-31T22:32:19.429+00:00,2026-08-31T22:32:20.383+00:00,2026-08-31T22:32:20.383+00:00,0.393225,0.9545754959981423,sqs-worker-5986dcd897-8ccsd,ip-192-168-20-201.ec2.internal,d94cfa8e59a6d50dd4e15cf3f98c34b120c7c70de7f4e8b9f6ff09604c0f81f7,1,154.0,1108.0
1,hpa-poisson-909-8fa3df7f,000111,56.043369,2026-08-31T22:32:20.826+00:00,2026-08-31T22:32:20.783+00:00,2026-08-31T22:32:20.787+00:00,2026-08-31T22:32:20.787+00:00,2026-08-31T22:32:21.261+00:00,2026-08-31T22:32:21.261+00:00,0.208068,0.47441821900065406,sqs-worker-5986dcd897-7sl5v,ip-192-168-20-201.ec2.internal,28adc25adba19046a390658c0f98c71c2de8830669a6270bf0b66405168581f4,1,4.0,478.0
1,hpa-poisson-909-8fa3df7f,000113,56.637329,2026-08-31T22:32:21.419+00:00,2026-08-31T22:32:21.374+00:00,2026-08-31T22:32:21.378+00:00,2026-08-31T22:32:21.378+00:00,2026-08-31T22:32:21.496+00:00,2026-08-31T22:32:21.496+00:00,0.060207,0.11844113199913409,sqs-worker-5986dcd897-jsdfr,ip-192-168-20-201.ec2.internal,3865b5b1e627a1b1eb81231cfe913113fd2ea56e9bc794c51f24da2c4deec9ec,1,4.0,122.0
1,hpa-poisson-909-8fa3df7f,000112,56.140905,2026-08-31T22:32:20.923+00:00,2026-08-31T22:32:20.877+00:00,2026-08-31T22:32:20.882+00:00,2026-08-31T22:32:20.882+00:00,2026-08-31T22:32:22.001+00:00,2026-08-31T22:32:22.001+00:00,0.45858,1.1193180740010575,sqs-worker-5986dcd897-8ccsd,ip-192-168-20-201.ec2.internal,38d139b757a9f39f1eb9f992e31bc22f4773a0530fbdc97470185e45a7ca5ce9,1,5.0,1124.0
1,hpa-poisson-909-8fa3df7f,000114,56.735254,2026-08-31T22:32:21.516+00:00,2026-08-31T22:32:21.467+00:00,2026-08-31T22:32:21.471+00:00,2026-08-31T22:32:21.472+00:00,2026-08-31T22:32:21.927+00:00,2026-08-31T22:32:21.927+00:00,0.194951,0.45514990000083344,sqs-worker-5986dcd897-x8rdl,ip-192-168-20-201.ec2.internal,b8697c0aff171e943cedefd69b091e228dfaca44c78ad4f7a4fcad283ce2b821,1,4.0,460.0
1,hpa-poisson-909-8fa3df7f,000116,58.044035,2026-08-31T22:32:22.826+00:00,2026-08-31T22:32:22.780+00:00,2026-08-31T22:32:22.784+00:00,2026-08-31T22:32:22.784+00:00,2026-08-31T22:32:22.801+00:00,2026-08-31T22:32:22.801+00:00,0.006409,0.0164975739971851,sqs-worker-5986dcd897-7sl5v,ip-192-168-20-201.ec2.internal,2ea8024e9d40a343dd95f66005574e3278727a2758c5e45cd98e87e40ccb1e2f,1,4.0,21.0
1,hpa-poisson-909-8fa3df7f,000115,57.405892,2026-08-31T22:32:22.188+00:00,2026-08-31T22:32:22.144+00:00,2026-08-31T22:32:22.147+00:00,2026-08-31T22:32:22.147+00:00,2026-08-31T22:32:23.100+00:00,2026-08-31T22:32:23.100+00:00,0.416015,0.9525727309992362,sqs-worker-5986dcd897-x8rdl,ip-192-168-20-201.ec2.internal,8ee68312930ca1f3c945e10e0bfd74bc45f0e55f5a11ea8c7be19b4f7ddbb48f,1,3.0,956.0
1,hpa-poisson-909-8fa3df7f,000117,58.392521,2026-08-31T22:32:23.174+00:00,2026-08-31T22:32:23.129+00:00,2026-08-31T22:32:23.133+00:00,2026-08-31T22:32:23.133+00:00,2026-08-31T22:32:23.597+00:00,2026-08-31T22:32:23.597+00:00,0.099281,0.46398703700106125,sqs-worker-5986dcd897-8ccsd,ip-192-168-20-201.ec2.internal,449cb55774d6508f232e526bb34eedb1bd6ca689c068273ac7d78c7c8d0b56ce,1,4.0,468.0
1,hpa-poisson-909-8fa3df7f,000118,58.782818,2026-08-31T22:32:23.564+00:00,2026-08-31T22:32:23.523+00:00,2026-08-31T22:32:23.534+00:00,2026-08-31T22:32:23.534+00:00,2026-08-31T22:32:23.868+00:00,2026-08-31T22:32:23.868+00:00,0.157464,0.33355711600233917,sqs-worker-5986dcd897-7sl5v,ip-192-168-20-201.ec2.internal,dcc6ca4e4eaec9fb22b89a313b34ad0ba3345fabe597f9de8d24fd613a219b95,1,11.0,345.0
1,hpa-poisson-909-8fa3df7f,000120,59.154471,2026-08-31T22:32:23.936+00:00,2026-08-31T22:32:23.892+00:00,2026-08-31T22:32:23.895+00:00,2026-08-31T22:32:23.896+00:00,2026-08-31T22:32:24.007+00:00,2026-08-31T22:32:24.007+00:00,0.064094,0.11113009999826318,sqs-worker-5986dcd897-x8rdl,ip-192-168-20-201.ec2.internal,a9f3e927c92c4433e67c4b202526200bbd08a2a9e2c124e91f8ebeb33a2d8a6b,1,3.0,115.0
1,hpa-poisson-909-8fa3df7f,000119,58.980211,2026-08-31T22:32:23.762+00:00,2026-08-31T22:32:23.720+00:00,2026-08-31T22:32:23.724+00:00,2026-08-31T22:32:23.724+00:00,2026-08-31T22:32:23.802+00:00,2026-08-31T22:32:23.802+00:00,0.058338,0.0779429149988573,sqs-worker-5986dcd897-x8rdl,ip-192-168-20-201.ec2.internal,8ed0983600df296dd41a31e405bee95419efcc81db60e495dd51bb19b72e9a5a,1,4.0,82.0
1,hpa-poisson-909-8fa3df7f,000121,59.654257,2026-08-31T22:32:24.436+00:00,2026-08-31T22:32:24.392+00:00,2026-08-31T22:32:24.397+00:00,2026-08-31T22:32:24.397+00:00,2026-08-31T22:32:25.121+00:00,2026-08-31T22:32:25.121+00:00,0.303598,0.724470676999772,sqs-worker-5986dcd897-jsdfr,ip-192-168-20-201.ec2.internal,f2c344a8f06bc2dd83857d31be49e36773930c8453140f626974cddd5c25c55e,1,5.0,729.0
1,hpa-poisson-909-8fa3df7f,000124,61.28224,2026-08-31T22:32:26.063+00:00,2026-08-31T22:32:26.015+00:00,2026-08-31T22:32:26.019+00:00,2026-08-31T22:32:26.019+00:00,2026-08-31T22:32:26.058+00:00,2026-08-31T22:32:26.058+00:00,0.038257,0.03831106500001624,sqs-worker-5986dcd897-7sl5v,ip-192-168-20-201.ec2.internal,39ec0ba777b76d0dd4ab357fa3aa69affe647fed4d7248b978f04d62cf86b7ca,1,4.0,43.0
1,hpa-poisson-909-8fa3df7f,000122,60.709385,2026-08-31T22:32:25.493+00:00,2026-08-31T22:32:25.452+00:00,2026-08-31T22:32:25.455+00:00,2026-08-31T22:32:25.455+00:00,2026-08-31T22:32:26.403+00:00,2026-08-31T22:32:26.403+00:00,0.408988,0.9479731820028974,sqs-worker-5986dcd897-x8rdl,ip-192-168-20-201.ec2.internal,20214ed0b167fcaa9d82fd8784f30a96f59ddb2827626f875807bea526fcc0e0,1,3.0,951.0
1,hpa-poisson-909-8fa3df7f,000123,61.265503,2026-08-31T22:32:26.047+00:00,2026-08-31T22:32:26.002+00:00,2026-08-31T22:32:26.005+00:00,2026-08-31T22:32:26.005+00:00,2026-08-31T22:32:26.607+00:00,2026-08-31T22:32:26.607+00:00,0.265689,0.6019053279997024,sqs-worker-5986dcd897-8ccsd,ip-192-168-20-201.ec2.internal,f81905d1b52f697353b3bf753a225d23123fde82d50cb21db86c1d2ebf94b85b,1,3.0,605.0
1,hpa-poisson-909-8fa3df7f,000126,62.144069,2026-08-31T22:32:26.925+00:00,2026-08-31T22:32:26.881+00:00,2026-08-31T22:32:26.885+00:00,2026-08-31T22:32:26.886+00:00,2026-08-31T22:32:26.924+00:00,2026-08-31T22:32:26.924+00:00,0.038291,0.03835446700031753,sqs-worker-5986dcd897-jsdfr,ip-192-168-20-201.ec2.internal,93c300f9ab52a6da03906b694cba8da031b2909454857ddd979ac5467546fbf0,1,4.0,43.0
1,hpa-poisson-909-8fa3df7f,000127,62.229901,2026-08-31T22:32:27.011+00:00,2026-08-31T22:32:26.970+00:00,2026-08-31T22:32:26.976+00:00,2026-08-31T22:32:26.976+00:00,2026-08-31T22:32:27.559+00:00,2026-08-31T22:32:27.559+00:00,0.135517,0.5826100220001535,sqs-worker-5986dcd897-7sl5v,ip-192-168-20-201.ec2.internal,18e6a5c72661ca8ea6ee596cbcdf685345d5e115740223ead673d9a43f6c492f,1,6.0,589.0
1,hpa-poisson-909-8fa3df7f,000125,62.126079,2026-08-31T22:32:26.908+00:00,2026-08-31T22:32:26.862+00:00,2026-08-31T22:32:26.866+00:00,2026-08-31T22:32:26.866+00:00,2026-08-31T22:32:29.008+00:00,2026-08-31T22:32:29.008+00:00,0.876817,2.1419579690009414,sqs-worker-5986dcd897-8ccsd,ip-192-168-20-201.ec2.internal,b32880f6507e142a62d86643dca82dcc7e0500eef51a0cbf7a02476cd656c489,1,4.0,2146.0
1,hpa-poisson-909-8fa3df7f,000130,64.565347,2026-08-31T22:32:29.346+00:00,2026-08-31T22:32:29.302+00:00,2026-08-31T22:32:29.306+00:00,2026-08-31T22:32:29.306+00:00,2026-08-31T22:32:29.538+00:00,2026-08-31T22:32:29.538+00:00,0.110407,0.23177164499793435,sqs-worker-5986dcd897-jsdfr,ip-192-168-20-201.ec2.internal,cecf5ec97c5d79b275482b28eda12b2bc198e7417b569cb8406d74022223a93e,1,4.0,236.0
1,hpa-poisson-909-8fa3df7f,000128,64.052791,2026-08-31T22:32:28.836+00:00,2026-08-31T22:32:28.790+00:00,2026-08-31T22:32:28.795+00:00,2026-08-31T22:32:28.795+00:00,2026-08-31T22:32:29.271+00:00,2026-08-31T22:32:29.271+00:00,0.217337,0.47589395500108367,sqs-worker-5986dcd897-7sl5v,ip-192-168-20-201.ec2.internal,1763add114eb0d5eba6443f7b0dcb243c0428b9cc1898d0b91a68a299c3bb302,1,5.0,481.0
1,hpa-poisson-909-8fa3df7f,000129,64.415738,2026-08-31T22:32:29.197+00:00,2026-08-31T22:32:29.152+00:00,2026-08-31T22:32:29.155+00:00,2026-08-31T22:32:29.156+00:00,2026-08-31T22:32:29.209+00:00,2026-08-31T22:32:29.209+00:00,0.05332,0.05338203700011945,sqs-worker-5986dcd897-8ccsd,ip-192-168-20-201.ec2.internal,00e13ede694ea2f475491dd46248b565bc6567898eb23d982bc6690292926094,1,3.0,57.0
1,hpa-poisson-909-8fa3df7f,000131,64.934561,2026-08-31T22:32:29.716+00:00,2026-08-31T22:32:29.670+00:00,2026-08-31T22:32:29.674+00:00,2026-08-31T22:32:29.674+00:00,2026-08-31T22:32:30.090+00:00,2026-08-31T22:32:30.090+00:00,0.180822,0.4164391490012349,sqs-worker-5986dcd897-8ccsd,ip-192-168-20-201.ec2.internal,8a3a7d0f6d5f30f02ecba93e61ce0e917ca976ade9172551ab85916a52d73931,1,4.0,420.0
1,hpa-poisson-909-8fa3df7f,000134,66.058798,2026-08-31T22:32:30.840+00:00,2026-08-31T22:32:30.794+00:00,2026-08-31T22:32:30.798+00:00,2026-08-31T22:32:30.798+00:00,2026-08-31T22:32:30.899+00:00,2026-08-31T22:32:30.899+00:00,0.068969,0.100855587003025,sqs-worker-5986dcd897-7sl5v,ip-192-168-20-201.ec2.internal,db94b3cc03ce36c375cfa26cadc9a59c8ea36d690f644f4fe34e3357ec008b3a,1,4.0,105.0
1,hpa-poisson-909-8fa3df7f,000133,65.932606,2026-08-31T22:32:30.714+00:00,2026-08-31T22:32:30.670+00:00,2026-08-31T22:32:30.675+00:00,2026-08-31T22:32:30.675+00:00,2026-08-31T22:32:31.383+00:00,2026-08-31T22:32:31.383+00:00,0.291375,0.7075012109999079,sqs-worker-5986dcd897-jsdfr,ip-192-168-20-201.ec2.internal,b9f9f875ba50e86be424b676274bf2b141134d26aea59c5b14f0d899b51be470,1,5.0,713.0
1,hpa-poisson-909-8fa3df7f,000132,65.482906,2026-08-31T22:32:30.265+00:00,2026-08-31T22:32:30.219+00:00,2026-08-31T22:32:30.284+00:00,2026-08-31T22:32:30.284+00:00,2026-08-31T22:32:32.496+00:00,2026-08-31T22:32:32.496+00:00,0.536719,2.2125117179966765,sqs-worker-5986dcd897-x8rdl,ip-192-168-20-201.ec2.internal,209e43d4b1702a5797afd316438eb16a20981e357d9b528cde9f577ae0cce7a6,1,65.0,2277.0
1,hpa-poisson-909-8fa3df7f,000135,68.224061,2026-08-31T22:32:33.007+00:00,2026-08-31T22:32:32.962+00:00,2026-08-31T22:32:32.983+00:00,2026-08-31T22:32:32.983+00:00,2026-08-31T22:32:32.996+00:00,2026-08-31T22:32:32.996+00:00,0.013195,0.013440236001770245,sqs-worker-5986dcd897-8ccsd,ip-192-168-20-201.ec2.internal,3048b1bccb3480ed086309495229b84627d1cc42b46c9eedc737acf81f2269ec,1,21.0,34.0
1,hpa-poisson-909-8fa3df7f,000136,69.009356,2026-08-31T22:32:33.791+00:00,2026-08-31T22:32:33.746+00:00,2026-08-31T22:32:33.750+00:00,2026-08-31T22:32:33.751+00:00,2026-08-31T22:32:33.905+00:00,2026-08-31T22:32:33.905+00:00,0.096154,0.1546379329993215,sqs-worker-5986dcd897-x8rdl,ip-192-168-20-201.ec2.internal,dd73060f69e38eb98bae910ce1dba817617880547795ca6cdb4f080864208270,1,4.0,159.0
1,hpa-poisson-909-8fa3df7f,000138,69.835018,2026-08-31T22:32:34.616+00:00,2026-08-31T22:32:34.572+00:00,2026-08-31T22:32:34.576+00:00,2026-08-31T22:32:34.576+00:00,2026-08-31T22:32:34.590+00:00,2026-08-31T22:32:34.590+00:00,0.014201,0.014264302997617051,sqs-worker-5986dcd897-x8rdl,ip-192-168-20-201.ec2.internal,28ecbb2650730653b728a54ee65e3386a14570bb0ac824d3a1606d5927c0fd54,1,4.0,18.0
1,hpa-poisson-909-8fa3df7f,000137,69.651538,2026-08-31T22:32:34.433+00:00,2026-08-31T22:32:34.390+00:00,2026-08-31T22:32:34.394+00:00,2026-08-31T22:32:34.394+00:00,2026-08-31T22:32:35.202+00:00,2026-08-31T22:32:35.202+00:00,0.341117,0.8082306659998721,sqs-worker-5986dcd897-jsdfr,ip-192-168-20-201.ec2.internal,f7a056f87e39e6d20ed48df0cd46166d414f6d7d85a9259f57f9d1ac62cf1d7c,1,4.0,812.0
1,hpa-poisson-909-8fa3df7f,000139,70.796488,2026-08-31T22:32:35.579+00:00,2026-08-31T22:32:35.532+00:00,2026-08-31T22:32:35.535+00:00,2026-08-31T22:32:35.535+00:00,2026-08-31T22:32:35.555+00:00,2026-08-31T22:32:35.555+00:00,0.019943,0.020062617000803584,sqs-worker-5986dcd897-x8rdl,ip-192-168-20-201.ec2.internal,c8d6c8dd5a0dd681861133980abc6686fc3b1c9894387889c7890167596ca101,1,3.0,23.0
1,hpa-poisson-909-8fa3df7f,000140,71.707617,2026-08-31T22:32:36.490+00:00,2026-08-31T22:32:36.444+00:00,2026-08-31T22:32:36.448+00:00,2026-08-31T22:32:36.448+00:00,2026-08-31T22:32:36.718+00:00,2026-08-31T22:32:36.718+00:00,0.134995,0.26966995600014343,sqs-worker-5986dcd897-jsdfr,ip-192-168-20-201.ec2.internal,17dcd752d6319bbf392b0e67cc086b676d7008eb36ac1e7fdcc05b3e3b6c1e9b,1,4.0,274.0
1,hpa-poisson-909-8fa3df7f,000141,72.405898,2026-08-31T22:32:37.188+00:00,2026-08-31T22:32:37.142+00:00,2026-08-31T22:32:37.146+00:00,2026-08-31T22:32:37.146+00:00,2026-08-31T22:32:38.200+00:00,2026-08-31T22:32:38.200+00:00,0.441817,1.0541955349981436,sqs-worker-5986dcd897-x8rdl,ip-192-168-20-201.ec2.internal,6ad1b88f62b6641a547781711b5a042c54bb018cd303179960d2fd54c6507cf1,1,4.0,1058.0
1,hpa-poisson-909-8fa3df7f,000143,73.046299,2026-08-31T22:32:37.828+00:00,2026-08-31T22:32:37.782+00:00,2026-08-31T22:32:37.795+00:00,2026-08-31T22:32:37.795+00:00,2026-08-31T22:32:38.426+00:00,2026-08-31T22:32:38.426+00:00,0.270558,0.631531734001328,sqs-worker-5986dcd897-8ccsd,ip-192-168-20-201.ec2.internal,9b5da0feb53719574674b0119a6e56df3fb0d212b317c5460a53a01658a6be48,1,13.0,644.0
1,hpa-poisson-909-8fa3df7f,000142,72.788088,2026-08-31T22:32:37.570+00:00,2026-08-31T22:32:37.525+00:00,2026-08-31T22:32:37.529+00:00,2026-08-31T22:32:37.529+00:00,2026-08-31T22:32:38.884+00:00,2026-08-31T22:32:38.884+00:00,0.26209,1.3546371660013392,sqs-worker-5986dcd897-jsdfr,ip-192-168-20-201.ec2.internal,33ff2f2705bc3662b9f1923d2e30042a48ca0bdff1468e2b89fdd48a17c0489e,1,4.0,1359.0
1,hpa-poisson-909-8fa3df7f,000144,73.228718,2026-08-31T22:32:38.010+00:00,2026-08-31T22:32:37.968+00:00,2026-08-31T22:32:37.972+00:00,2026-08-31T22:32:37.972+00:00,2026-08-31T22:32:38.667+00:00,2026-08-31T22:32:38.667+00:00,0.132938,0.6953366890011239,sqs-worker-5986dcd897-7sl5v,ip-192-168-20-201.ec2.internal,992646586cb60dfab66d13bad5f2f5ab56ddd647617fc30782a9ee132e3a1a9c,1,4.0,699.0
1,hpa-poisson-909-8fa3df7f,000145,73.689018,2026-08-31T22:32:38.471+00:00,2026-08-31T22:32:38.424+00:00,2026-08-31T22:32:38.428+00:00,2026-08-31T22:32:38.428+00:00,2026-08-31T22:32:39.185+00:00,2026-08-31T22:32:39.185+00:00,0.322722,0.7577881609977339,sqs-worker-5986dcd897-x8rdl,ip-192-168-20-201.ec2.internal,c18f35da67102930a7cb0cc4acb442680083490f3e77c5e59edd1577addfe523,1,4.0,761.0
1,hpa-poisson-909-8fa3df7f,000146,74.991093,2026-08-31T22:32:39.773+00:00,2026-08-31T22:32:39.732+00:00,2026-08-31T22:32:39.736+00:00,2026-08-31T22:32:39.736+00:00,2026-08-31T22:32:39.843+00:00,2026-08-31T22:32:39.843+00:00,0.047915,0.1071151270007249,sqs-worker-5986dcd897-7sl5v,ip-192-168-20-201.ec2.internal,2084ef5f9894c0b9d0075510a42352c8c8862432d6722d8277722ede568e5480,1,4.0,111.0
1,hpa-poisson-909-8fa3df7f,000147,75.237696,2026-08-31T22:32:40.019+00:00,2026-08-31T22:32:39.972+00:00,2026-08-31T22:32:39.977+00:00,2026-08-31T22:32:39.977+00:00,2026-08-31T22:32:40.092+00:00,2026-08-31T22:32:40.092+00:00,0.050269,0.11555359500198392,sqs-worker-5986dcd897-8ccsd,ip-192-168-20-201.ec2.internal,7936d8c735e59b9f3b2e96c8ea7edc8be944f81f0cbeb97e10918f3542d8f5fb,1,5.0,120.0
1,hpa-poisson-909-8fa3df7f,000148,75.264437,2026-08-31T22:32:40.046+00:00,2026-08-31T22:32:40.002+00:00,2026-08-31T22:32:40.005+00:00,2026-08-31T22:32:40.006+00:00,2026-08-31T22:32:40.012+00:00,2026-08-31T22:32:40.012+00:00,0.006253,0.006324441998003749,sqs-worker-5986dcd897-jsdfr,ip-192-168-20-201.ec2.internal,4547c9264f08ca9f58b508df29afbf438339356f16938999ced70229b63c018d,1,3.0,10.0
1,hpa-poisson-909-8fa3df7f,000149,76.245792,2026-08-31T22:32:41.028+00:00,2026-08-31T22:32:40.981+00:00,2026-08-31T22:32:40.987+00:00,2026-08-31T22:32:40.987+00:00,2026-08-31T22:32:41.011+00:00,2026-08-31T22:32:41.011+00:00,0.02387,0.024145589999534423,sqs-worker-5986dcd897-8ccsd,ip-192-168-20-201.ec2.internal,9b18f7ec79a425ffb331dc77d8318c64a1b8ec92b133e8a3aa93fa6bcf326e04,1,6.0,30.0
1,hpa-poisson-909-8fa3df7f,000150,76.757269,2026-08-31T22:32:41.539+00:00,2026-08-31T22:32:41.494+00:00,2026-08-31T22:32:41.499+00:00,2026-08-31T22:32:41.499+00:00,2026-08-31T22:32:42.090+00:00,2026-08-31T22:32:42.090+00:00,0.22543,0.5908815040020272,sqs-worker-5986dcd897-8ccsd,ip-192-168-20-201.ec2.internal,d0f9c8f0fa8730b8a1c65a9624eb0a786a4b60091c58da54621a7b5ff62ffb5f,1,5.0,596.0
1,hpa-poisson-909-8fa3df7f,000151,77.509972,2026-08-31T22:32:42.292+00:00,2026-08-31T22:32:42.246+00:00,2026-08-31T22:32:42.251+00:00,2026-08-31T22:32:42.251+00:00,2026-08-31T22:32:42.826+00:00,2026-08-31T22:32:42.826+00:00,0.25855,0.5750700300013705,sqs-worker-5986dcd897-jsdfr,ip-192-168-20-201.ec2.internal,74f6c3155ae59eef69324c2ea57f3f15e753996d56d8b08a1d4d17d9c883d2b2,1,5.0,580.0
1,hpa-poisson-909-8fa3df7f,000152,77.690651,2026-08-31T22:32:42.472+00:00,2026-08-31T22:32:42.431+00:00,2026-08-31T22:32:42.487+00:00,2026-08-31T22:32:42.487+00:00,2026-08-31T22:32:42.897+00:00,2026-08-31T22:32:42.897+00:00,0.104331,0.41036805200201343,sqs-worker-5986dcd897-8ccsd,ip-192-168-20-201.ec2.internal,265a5f08c68600089aebd99c5c36531c44b3401de1cc5ded1132113d03859a00,1,56.0,466.0
1,hpa-poisson-909-8fa3df7f,000153,78.331019,2026-08-31T22:32:43.113+00:00,2026-08-31T22:32:43.066+00:00,2026-08-31T22:32:43.087+00:00,2026-08-31T22:32:43.087+00:00,2026-08-31T22:32:43.292+00:00,2026-08-31T22:32:43.292+00:00,0.047934,0.20553225299954647,sqs-worker-5986dcd897-8ccsd,ip-192-168-20-201.ec2.internal,7fda267641e2f7b96cf8349dbba0a9d67f96e8e226a59ff45c1a3aa5ac92e02f,1,21.0,226.0
1,hpa-poisson-909-8fa3df7f,000154,78.5084,2026-08-31T22:32:43.290+00:00,2026-08-31T22:32:43.246+00:00,2026-08-31T22:32:43.250+00:00,2026-08-31T22:32:43.250+00:00,2026-08-31T22:32:44.497+00:00,2026-08-31T22:32:44.497+00:00,0.529176,1.247196022002754,sqs-worker-5986dcd897-x8rdl,ip-192-168-20-201.ec2.internal,5f044fdf01d4f4952d748ab2729ebf025079a4aad4e90aa0ea8fb2ab2fe28113,1,4.0,1251.0
1,hpa-poisson-909-8fa3df7f,000155,79.874086,2026-08-31T22:32:44.657+00:00,2026-08-31T22:32:44.615+00:00,2026-08-31T22:32:44.619+00:00,2026-08-31T22:32:44.619+00:00,2026-08-31T22:32:44.715+00:00,2026-08-31T22:32:44.715+00:00,0.042685,0.09613546800028416,sqs-worker-5986dcd897-jsdfr,ip-192-168-20-201.ec2.internal,07cba0c495458bce99106469ee23500419f5875106e2556280fff3fabcbf2fca,1,4.0,100.0
1,hpa-poisson-909-8fa3df7f,000156,80.232721,2026-08-31T22:32:45.014+00:00,2026-08-31T22:32:44.968+00:00,2026-08-31T22:32:44.971+00:00,2026-08-31T22:32:44.971+00:00,2026-08-31T22:32:45.482+00:00,2026-08-31T22:32:45.482+00:00,0.213496,0.5111275050003314,sqs-worker-5986dcd897-x8rdl,ip-192-168-20-201.ec2.internal,ec975c891c2b65b2f843ba7c7484dbaa836db84191411d6a3101adb2c412c744,1,3.0,514.0
1,hpa-poisson-909-8fa3df7f,000158,81.333725,2026-08-31T22:32:46.115+00:00,2026-08-31T22:32:46.071+00:00,2026-08-31T22:32:46.075+00:00,2026-08-31T22:32:46.075+00:00,2026-08-31T22:32:46.080+00:00,2026-08-31T22:32:46.080+00:00,0.005,0.005048396000347566,sqs-worker-5986dcd897-7sl5v,ip-192-168-20-201.ec2.internal,4c366ab7641f0dc14d5a6b651bb62a6937648386605417ae5198bd852097f06a,1,4.0,9.0
1,hpa-poisson-909-8fa3df7f,000157,81.223943,2026-08-31T22:32:46.006+00:00,2026-08-31T22:32:45.959+00:00,2026-08-31T22:32:45.963+00:00,2026-08-31T22:32:45.964+00:00,2026-08-31T22:32:46.194+00:00,2026-08-31T22:32:46.194+00:00,0.114983,0.2302538000003551,sqs-worker-5986dcd897-x8rdl,ip-192-168-20-201.ec2.internal,7202b2740c75bfd6aff822881f42be652896fdcb94edfd668b2e55864551c4bc,1,4.0,235.0
1,hpa-poisson-909-8fa3df7f,000160,82.044917,2026-08-31T22:32:46.826+00:00,2026-08-31T22:32:46.781+00:00,2026-08-31T22:32:46.785+00:00,2026-08-31T22:32:46.785+00:00,2026-08-31T22:32:46.816+00:00,2026-08-31T22:32:46.816+00:00,0.031011,0.031107232000067597,sqs-worker-5986dcd897-jsdfr,ip-192-168-20-201.ec2.internal,b58f6b5c0b599009e9b69419080980bc20a70c3dd6e59029a716580085653929,1,4.0,35.0
1,hpa-poisson-909-8fa3df7f,000159,81.888301,2026-08-31T22:32:46.670+00:00,2026-08-31T22:32:46.622+00:00,2026-08-31T22:32:46.626+00:00,2026-08-31T22:32:46.626+00:00,2026-08-31T22:32:47.011+00:00,2026-08-31T22:32:47.011+00:00,0.18725,0.38509976000204915,sqs-worker-5986dcd897-8ccsd,ip-192-168-20-201.ec2.internal,27962bba67610c9bb4363e8f65ba99c1ce98553872ab1a4cc067c1e8b57c04e1,1,4.0,389.0
1,hpa-poisson-909-8fa3df7f,000161,83.202311,2026-08-31T22:32:47.985+00:00,2026-08-31T22:32:47.938+00:00,2026-08-31T22:32:47.954+00:00,2026-08-31T22:32:47.954+00:00,2026-08-31T22:32:48.069+00:00,2026-08-31T22:32:48.069+00:00,0.036633,0.11493650800184696,sqs-worker-5986dcd897-7sl5v,ip-192-168-20-201.ec2.internal,ff11a2228fdffff285fc6b91125d6c78dd38fb3b63f721eb492009f21dbfebe2,1,16.0,131.0
1,hpa-poisson-909-8fa3df7f,000162,83.932816,2026-08-31T22:32:48.715+00:00,2026-08-31T22:32:48.668+00:00,2026-08-31T22:32:48.673+00:00,2026-08-31T22:32:48.673+00:00,2026-08-31T22:32:50.155+00:00,2026-08-31T22:32:50.155+00:00,0.601453,1.4818579550010327,sqs-worker-5986dcd897-7sl5v,ip-192-168-20-201.ec2.internal,09caecd03fd932817e025019795142302f0a1d837c4720572aa4e3eacf95a2f0,1,5.0,1487.0
1,hpa-poisson-909-8fa3df7f,000163,84.51172,2026-08-31T22:32:49.294+00:00,2026-08-31T22:32:49.250+00:00,2026-08-31T22:32:49.255+00:00,2026-08-31T22:32:49.255+00:00,2026-08-31T22:32:50.517+00:00,2026-08-31T22:32:50.517+00:00,0.52336,1.2615478440020524,sqs-worker-5986dcd897-8ccsd,ip-192-168-20-201.ec2.internal,a49b9f49c7502a1e6174d7c02f97c46b6e118c25e5372847263aa0c76196567d,1,5.0,1267.0
1,hpa-poisson-909-8fa3df7f,000164,85.442469,2026-08-31T22:32:50.224+00:00,2026-08-31T22:32:50.178+00:00,2026-08-31T22:32:50.181+00:00,2026-08-31T22:32:50.182+00:00,2026-08-31T22:32:50.496+00:00,2026-08-31T22:32:50.506+00:00,0.054544,0.3244046799991338,sqs-worker-5986dcd897-x8rdl,ip-192-168-20-201.ec2.internal,226cb91ed01dc77fe13dad152ced08ae98d1e376aaa55d6bcab17d66af69aad5,1,3.0,318.0
1,hpa-poisson-909-8fa3df7f,000167,85.683995,2026-08-31T22:32:50.465+00:00,2026-08-31T22:32:50.418+00:00,2026-08-31T22:32:50.423+00:00,2026-08-31T22:32:50.423+00:00,2026-08-31T22:32:50.674+00:00,2026-08-31T22:32:50.674+00:00,0.118041,0.25154518599811126,sqs-worker-5986dcd897-7sl5v,ip-192-168-20-201.ec2.internal,119bd9811b548f32f980c7d0f828f2eaa129c53b0424de96a2496e9d3654c108,1,5.0,256.0
1,hpa-poisson-909-8fa3df7f,000165,85.451038,2026-08-31T22:32:50.232+00:00,2026-08-31T22:32:50.190+00:00,2026-08-31T22:32:50.197+00:00,2026-08-31T22:32:50.197+00:00,2026-08-31T22:32:51.410+00:00,2026-08-31T22:32:51.410+00:00,0.489393,1.2138826589980454,sqs-worker-5986dcd897-jsdfr,ip-192-168-20-201.ec2.internal,088f52ec8c30919d5463e8243665a997e99e97ff308bc567ad19f7ce5406a44c,1,7.0,1220.0
1,hpa-poisson-909-8fa3df7f,000166,85.566119,2026-08-31T22:32:50.347+00:00,2026-08-31T22:32:50.839+00:00,2026-08-31T22:32:50.845+00:00,2026-08-31T22:32:50.845+00:00,2026-08-31T22:32:51.705+00:00,2026-08-31T22:32:51.705+00:00,0.369702,0.8597166639992793,sqs-worker-5986dcd897-8ccsd,ip-192-168-20-201.ec2.internal,f7c35b16a6cdb7f5fe7e773e6882ddab8c22c1281a4df32097da79b9717a0d7c,1,6.0,866.0
1,hpa-poisson-909-8fa3df7f,000169,86.202984,2026-08-31T22:32:50.984+00:00,2026-08-31T22:32:50.937+00:00,2026-08-31T22:32:50.941+00:00,2026-08-31T22:32:50.941+00:00,2026-08-31T22:32:52.053+00:00,2026-08-31T22:32:52.053+00:00,0.447633,1.1118846509998548,sqs-worker-5986dcd897-7sl5v,ip-192-168-20-201.ec2.internal,eb7d9fe89eacd0ca14a1a341f56e1e466187cf59e44f027ee9509ce6ec3ea18d,1,4.0,1116.0
1,hpa-poisson-909-8fa3df7f,000172,87.302165,2026-08-31T22:32:52.082+00:00,2026-08-31T22:32:52.036+00:00,2026-08-31T22:32:52.074+00:00,2026-08-31T22:32:52.074+00:00,2026-08-31T22:32:52.264+00:00,2026-08-31T22:32:52.264+00:00,0.082082,0.1902462040015962,sqs-worker-5986dcd897-7sl5v,ip-192-168-20-201.ec2.internal,1b472addcedfd56ebc7b00cbda27032c447779aaad9cd2f6cac37f4e305824a0,1,38.0,228.0
1,hpa-poisson-909-8fa3df7f,000173,88.00981,2026-08-31T22:32:52.790+00:00,2026-08-31T22:32:52.744+00:00,2026-08-31T22:32:52.748+00:00,2026-08-31T22:32:52.748+00:00,2026-08-31T22:32:52.817+00:00,2026-08-31T22:32:52.817+00:00,0.06873,0.06911996499911766,sqs-worker-5986dcd897-x8rdl,ip-192-168-20-201.ec2.internal,b5b03760c1197dd7ddfd728ff419e65d5e2620d458c41475e9936e2c5ea9ba8b,1,4.0,73.0
1,hpa-poisson-909-8fa3df7f,000171,87.197108,2026-08-31T22:32:51.977+00:00,2026-08-31T22:32:51.942+00:00,2026-08-31T22:32:51.945+00:00,2026-08-31T22:32:51.945+00:00,2026-08-31T22:32:52.089+00:00,2026-08-31T22:32:52.089+00:00,0.064187,0.1441507620002085,sqs-worker-5986dcd897-8ccsd,ip-192-168-20-201.ec2.internal,3836fd83e03de7fcb70817b306568100d2ab4dd601fac6e17c45c076f3b341f4,1,3.0,147.0
1,hpa-poisson-909-8fa3df7f,000168,85.951477,2026-08-31T22:32:50.733+00:00,2026-08-31T22:32:50.688+00:00,2026-08-31T22:32:50.693+00:00,2026-08-31T22:32:50.693+00:00,2026-08-31T22:32:52.301+00:00,2026-08-31T22:32:52.301+00:00,0.344885,1.607632556999306,sqs-worker-5986dcd897-x8rdl,ip-192-168-20-201.ec2.internal,de2eeb584b204ab1c1aeb928fc608d96eda25d2dc510ac307d8c68f5bb3517bf,1,5.0,1613.0
1,hpa-poisson-909-8fa3df7f,000175,88.82419,2026-08-31T22:32:53.605+00:00,2026-08-31T22:32:53.568+00:00,2026-08-31T22:32:53.572+00:00,2026-08-31T22:32:53.572+00:00,2026-08-31T22:32:53.693+00:00,2026-08-31T22:32:53.693+00:00,0.062067,0.12105363600130659,sqs-worker-5986dcd897-jsdfr,ip-192-168-20-201.ec2.internal,f50baae145f946dc72c580492d7a4d6e237a437bdf751ca08d351e1a1413adb0,1,4.0,125.0
1,hpa-poisson-909-8fa3df7f,000170,87.144322,2026-08-31T22:32:51.924+00:00,2026-08-31T22:32:51.878+00:00,2026-08-31T22:32:51.914+00:00,2026-08-31T22:32:51.914+00:00,2026-08-31T22:32:52.421+00:00,2026-08-31T22:32:52.421+00:00,0.211865,0.5070055729993328,sqs-worker-5986dcd897-jsdfr,ip-192-168-20-201.ec2.internal,27d92fc1d406abb1f3af293c09eeb9c10c4414d60d97f7826429aff3b7e2c8c1,1,36.0,543.0
1,hpa-poisson-909-8fa3df7f,000174,88.249098,2026-08-31T22:32:53.029+00:00,2026-08-31T22:32:52.982+00:00,2026-08-31T22:32:52.988+00:00,2026-08-31T22:32:52.988+00:00,2026-08-31T22:32:53.105+00:00,2026-08-31T22:32:53.105+00:00,0.06324,0.11652845400021761,sqs-worker-5986dcd897-jsdfr,ip-192-168-20-201.ec2.internal,71e9a784df0b77935bee2e7a85be6b82f4dd1c469f9115628871d1ca3035173e,1,6.0,123.0
1,hpa-poisson-909-8fa3df7f,000176,89.172598,2026-08-31T22:32:53.952+00:00,2026-08-31T22:32:53.911+00:00,2026-08-31T22:32:53.916+00:00,2026-08-31T22:32:53.916+00:00,2026-08-31T22:32:53.999+00:00,2026-08-31T22:32:53.999+00:00,0.055793,0.08290096299970173,sqs-worker-5986dcd897-x8rdl,ip-192-168-20-201.ec2.internal,1247dcc09ad841f33cf21b4da1b5a03401d2a54d673dfd080a86c028038b54c1,1,5.0,88.0
1,hpa-poisson-909-8fa3df7f,000179,89.79529,2026-08-31T22:32:54.575+00:00,2026-08-31T22:32:54.531+00:00,2026-08-31T22:32:54.535+00:00,2026-08-31T22:32:54.535+00:00,2026-08-31T22:32:54.623+00:00,2026-08-31T22:32:54.623+00:00,0.047618,0.08794729600049322,sqs-worker-5986dcd897-jsdfr,ip-192-168-20-201.ec2.internal,09f00f0fff7eccf604d2b7739c45baae77542bd9222fd093626936586b2333db,1,4.0,92.0
1,hpa-poisson-909-8fa3df7f,000178,89.789832,2026-08-31T22:32:54.570+00:00,2026-08-31T22:32:54.526+00:00,2026-08-31T22:32:54.530+00:00,2026-08-31T22:32:54.530+00:00,2026-08-31T22:32:54.648+00:00,2026-08-31T22:32:54.648+00:00,0.062286,0.11774619500283734,sqs-worker-5986dcd897-7sl5v,ip-192-168-20-201.ec2.internal,7b683ce61ad26a7f917a3b56f870361a76adc2cab9a908827d0c372b6503ca93,1,4.0,122.0
1,hpa-poisson-909-8fa3df7f,000177,89.182104,2026-08-31T22:32:53.962+00:00,2026-08-31T22:32:53.917+00:00,2026-08-31T22:32:53.922+00:00,2026-08-31T22:32:53.922+00:00,2026-08-31T22:32:54.712+00:00,2026-08-31T22:32:54.712+00:00,0.349946,0.7896577220017207,sqs-worker-5986dcd897-8ccsd,ip-192-168-20-201.ec2.internal,5f202924515f598ac7ec1893e46d34b0f685162788eae77f232374a50f8f99d5,1,5.0,795.0
1,hpa-poisson-909-8fa3df7f,000180,90.350306,2026-08-31T22:32:55.130+00:00,2026-08-31T22:32:55.591+00:00,2026-08-31T22:32:55.595+00:00,2026-08-31T22:32:55.595+00:00,2026-08-31T22:32:55.600+00:00,2026-08-31T22:32:55.600+00:00,0.005,0.005051055999501841,sqs-worker-5986dcd897-jsdfr,ip-192-168-20-201.ec2.internal,c90cd661863d8d11ebf2db89c7a9455207daa250fba1222bf5608e09fae58afa,1,4.0,9.0
1,hpa-poisson-909-8fa3df7f,000182,91.3258,2026-08-31T22:32:56.106+00:00,2026-08-31T22:32:56.069+00:00,2026-08-31T22:32:56.073+00:00,2026-08-31T22:32:56.073+00:00,2026-08-31T22:32:56.204+00:00,2026-08-31T22:32:56.204+00:00,0.07034,0.13053717000002507,sqs-worker-5986dcd897-jsdfr,ip-192-168-20-201.ec2.internal,b505703836aa363a92a903b437bbb7092c6ea8deed8cba7fbb93abeee1c7cde5,1,4.0,135.0
1,hpa-poisson-909-8fa3df7f,000183,91.593641,2026-08-31T22:32:56.373+00:00,2026-08-31T22:32:56.324+00:00,2026-08-31T22:32:56.327+00:00,2026-08-31T22:32:56.327+00:00,2026-08-31T22:32:56.340+00:00,2026-08-31T22:32:56.340+00:00,0.012636,0.012672535001911456,sqs-worker-5986dcd897-8ccsd,ip-192-168-20-201.ec2.internal,bf2d44ea1897a0839fbc60d3946e3bdb252825cd6dfc1e9b04ec87a9b96cef45,1,3.0,16.0
1,hpa-poisson-909-8fa3df7f,000181,90.610139,2026-08-31T22:32:55.390+00:00,2026-08-31T22:32:55.344+00:00,2026-08-31T22:32:55.348+00:00,2026-08-31T22:32:55.348+00:00,2026-08-31T22:32:57.003+00:00,2026-08-31T22:32:57.003+00:00,0.689771,1.655029775996809,sqs-worker-5986dcd897-x8rdl,ip-192-168-20-201.ec2.internal,a8955c22e8f1faa2647ba576dc9c53e9703cf020fa17aebe698cd832f0dcf6e4,1,4.0,1659.0
1,hpa-poisson-909-8fa3df7f,000184,93.666971,2026-08-31T22:32:58.449+00:00,2026-08-31T22:32:58.402+00:00,2026-08-31T22:32:58.405+00:00,2026-08-31T22:32:58.405+00:00,2026-08-31T22:32:59.020+00:00,2026-08-31T22:32:59.020+00:00,0.278083,0.6146451290005643,sqs-worker-5986dcd897-8ccsd,ip-192-168-20-201.ec2.internal,31cea4c06ba44eafa02bf39f9a1e35a9d660a774be8b34f3e25b682ac582ceb1,1,3.0,618.0
1,hpa-poisson-909-8fa3df7f,000185,94.796809,2026-08-31T22:32:59.578+00:00,2026-08-31T22:32:59.530+00:00,2026-08-31T22:32:59.533+00:00,2026-08-31T22:32:59.533+00:00,2026-08-31T22:32:59.556+00:00,2026-08-31T22:32:59.556+00:00,0.02209,0.02212865299952682,sqs-worker-5986dcd897-x8rdl,ip-192-168-20-201.ec2.internal,4d68853e1fe6bdd0609a34fda939fb3b039a45a96ef4b2315ee3ba5cfb48b89d,1,3.0,26.0
1,hpa-poisson-909-8fa3df7f,000186,95.441829,2026-08-31T22:33:00.222+00:00,2026-08-31T22:33:00.176+00:00,2026-08-31T22:33:00.187+00:00,2026-08-31T22:33:00.187+00:00,2026-08-31T22:33:00.194+00:00,2026-08-31T22:33:00.194+00:00,0.006959,0.007030898999801138,sqs-worker-5986dcd897-x8rdl,ip-192-168-20-201.ec2.internal,1dc93cb97101200870f72ca9754550295999af38141e00888a54f11209cfb716,1,11.0,18.0
1,hpa-poisson-909-8fa3df7f,000187,96.245181,2026-08-31T22:33:01.025+00:00,2026-08-31T22:33:00.978+00:00,2026-08-31T22:33:00.982+00:00,2026-08-31T22:33:00.982+00:00,2026-08-31T22:33:01.301+00:00,2026-08-31T22:33:01.301+00:00,0.139439,0.319198717999825,sqs-worker-5986dcd897-8ccsd,ip-192-168-20-201.ec2.internal,2765819b03324be78229afec69463080cbe2688dd71296488ee01627b40d2d4e,1,4.0,323.0
1,hpa-poisson-909-8fa3df7f,000189,98.562453,2026-08-31T22:33:03.343+00:00,2026-08-31T22:33:03.296+00:00,2026-08-31T22:33:03.300+00:00,2026-08-31T22:33:03.300+00:00,2026-08-31T22:33:03.502+00:00,2026-08-31T22:33:03.502+00:00,0.100059,0.20280536700010998,sqs-worker-5986dcd897-8ccsd,ip-192-168-20-201.ec2.internal,72f4754860e8ec63792f7e1e213e0c101770a21294093607096ed41d154918a7,1,4.0,206.0
1,hpa-poisson-909-8fa3df7f,000188,97.752115,2026-08-31T22:33:02.533+00:00,2026-08-31T22:33:02.487+00:00,2026-08-31T22:33:02.491+00:00,2026-08-31T22:33:02.491+00:00,2026-08-31T22:33:03.516+00:00,2026-08-31T22:33:03.516+00:00,0.41854,1.025372984000569,sqs-worker-5986dcd897-jsdfr,ip-192-168-20-201.ec2.internal,a5ce45ea4e2306a9b908cf5367213b844db34f24670179b44a1ce6aa145fe157,1,4.0,1029.0
1,hpa-poisson-909-8fa3df7f,000190,98.742865,2026-08-31T22:33:03.523+00:00,2026-08-31T22:33:03.476+00:00,2026-08-31T22:33:03.480+00:00,2026-08-31T22:33:03.480+00:00,2026-08-31T22:33:03.658+00:00,2026-08-31T22:33:03.658+00:00,0.084328,0.17748624199884944,sqs-worker-5986dcd897-7sl5v,ip-192-168-20-201.ec2.internal,f9e0966e32e3b34c9b1a341d80e384dc5d697247d3d97e37c253f1f9ad033904,1,4.0,182.0
1,hpa-poisson-909-8fa3df7f,000191,99.704374,2026-08-31T22:33:04.485+00:00,2026-08-31T22:33:04.438+00:00,2026-08-31T22:33:04.442+00:00,2026-08-31T22:33:04.442+00:00,2026-08-31T22:33:04.573+00:00,2026-08-31T22:33:04.573+00:00,0.074056,0.1309899879997829,sqs-worker-5986dcd897-8ccsd,ip-192-168-20-201.ec2.internal,c051d4630fecb007dcaa86c6c3923279c397e21649b761e59b61d094bbaa92b8,1,4.0,135.0
1,hpa-poisson-909-8fa3df7f,000194,100.03617,2026-08-31T22:33:04.816+00:00,2026-08-31T22:33:04.773+00:00,2026-08-31T22:33:04.777+00:00,2026-08-31T22:33:04.777+00:00,2026-08-31T22:33:04.891+00:00,2026-08-31T22:33:04.891+00:00,0.054476,0.11397788700196543,sqs-worker-5986dcd897-8ccsd,ip-192-168-20-201.ec2.internal,69d1019ca70f894c9144bdc428901762643963665ab0768139b47929b0e6ad7f,1,4.0,118.0
1,hpa-poisson-909-8fa3df7f,000192,99.784176,2026-08-31T22:33:04.564+00:00,2026-08-31T22:33:04.513+00:00,2026-08-31T22:33:04.519+00:00,2026-08-31T22:33:04.519+00:00,2026-08-31T22:33:04.941+00:00,2026-08-31T22:33:04.941+00:00,0.188524,0.4226505509977869,sqs-worker-5986dcd897-jsdfr,ip-192-168-20-201.ec2.internal,2a07d1ba41b8aa2b76c17f5f55da59cf0d583dc31445fb8e698c62ffc7ba5bf5,1,6.0,428.0
1,hpa-poisson-909-8fa3df7f,000195,100.366549,2026-08-31T22:33:05.146+00:00,2026-08-31T22:33:05.096+00:00,2026-08-31T22:33:05.100+00:00,2026-08-31T22:33:05.100+00:00,2026-08-31T22:33:05.293+00:00,2026-08-31T22:33:05.293+00:00,0.090142,0.19269193799846107,sqs-worker-5986dcd897-x8rdl,ip-192-168-20-201.ec2.internal,f185ae9079f5e4b933b6871bf292a3cc8c7809fa29879eefac3e060df8ed34e1,1,4.0,197.0
1,hpa-poisson-909-8fa3df7f,000196,100.664021,2026-08-31T22:33:05.444+00:00,2026-08-31T22:33:05.397+00:00,2026-08-31T22:33:05.403+00:00,2026-08-31T22:33:05.403+00:00,2026-08-31T22:33:05.517+00:00,2026-08-31T22:33:05.517+00:00,0.073839,0.11403928599975188,sqs-worker-5986dcd897-8ccsd,ip-192-168-20-201.ec2.internal,1d49ea98d51b53316669d1bed2c2c53e3293e3e3fb3931177a04dfe814e0d05c,1,6.0,120.0
1,hpa-poisson-909-8fa3df7f,000193,99.924788,2026-08-31T22:33:04.704+00:00,2026-08-31T22:33:04.656+00:00,2026-08-31T22:33:04.661+00:00,2026-08-31T22:33:04.661+00:00,2026-08-31T22:33:06.093+00:00,2026-08-31T22:33:06.093+00:00,0.59991,1.4325971159996698,sqs-worker-5986dcd897-7sl5v,ip-192-168-20-201.ec2.internal,a05f4064b4c7ad73242afeec8ca24891cbddfd1c669742dfa881b3749593bc59,1,5.0,1437.0
1,hpa-poisson-909-8fa3df7f,000197,102.034912,2026-08-31T22:33:06.816+00:00,2026-08-31T22:33:06.766+00:00,2026-08-31T22:33:06.769+00:00,2026-08-31T22:33:06.769+00:00,2026-08-31T22:33:07.101+00:00,2026-08-31T22:33:07.101+00:00,0.149933,0.3314523739973083,sqs-worker-5986dcd897-x8rdl,ip-192-168-20-201.ec2.internal,6a6a93fcfebb9e382d960fb2920f4df4665e4af9ebf93df3bfc305ec48c5b15a,1,3.0,335.0
1,hpa-poisson-909-8fa3df7f,000198,103.211335,2026-08-31T22:33:07.992+00:00,2026-08-31T22:33:07.941+00:00,2026-08-31T22:33:07.945+00:00,2026-08-31T22:33:07.945+00:00,2026-08-31T22:33:07.950+00:00,2026-08-31T22:33:07.950+00:00,0.005,0.00509364900062792,sqs-worker-5986dcd897-x8rdl,ip-192-168-20-201.ec2.internal,93d328d478e7e12398ddebe7249e1ac3c32cffa12ddfd2f4ec37f0d8df3a1fd2,1,4.0,9.0
1,hpa-poisson-909-8fa3df7f,000199,103.297721,2026-08-31T22:33:08.077+00:00,2026-08-31T22:33:08.033+00:00,2026-08-31T22:33:08.037+00:00,2026-08-31T22:33:08.037+00:00,2026-08-31T22:33:08.229+00:00,2026-08-31T22:33:08.229+00:00,0.043179,0.19210724600270623,sqs-worker-5986dcd897-jsdfr,ip-192-168-20-201.ec2.internal,403ddea4171c93ec5444fda51a067589ff51edc37b9b7401e5a41ad2599daf7e,1,4.0,196.0
1,hpa-poisson-909-8fa3df7f,000200,103.608826,2026-08-31T22:33:08.389+00:00,2026-08-31T22:33:08.340+00:00,2026-08-31T22:33:08.344+00:00,2026-08-31T22:33:08.344+00:00,2026-08-31T22:33:08.389+00:00,2026-08-31T22:33:08.389+00:00,0.044322,0.044379973001923645,sqs-worker-5986dcd897-8ccsd,ip-192-168-20-201.ec2.internal,7226d45b9fafe52c1f85944705b24fccf8c560aa42185ee7b1cd286b7148ba07,1,4.0,49.0
1,hpa-poisson-909-8fa3df7f,000202,105.812075,2026-08-31T22:33:10.592+00:00,2026-08-31T22:33:10.544+00:00,2026-08-31T22:33:10.587+00:00,2026-08-31T22:33:10.587+00:00,2026-08-31T22:33:10.685+00:00,2026-08-31T22:33:10.685+00:00,0.01762,0.09832640300010098,sqs-worker-5986dcd897-x8rdl,ip-192-168-20-201.ec2.internal,36e491afdd94b417d863a9673636f4a662dfd69670504e211577f5acc48289ca,1,43.0,141.0
1,hpa-poisson-909-8fa3df7f,000201,105.394131,2026-08-31T22:33:10.175+00:00,2026-08-31T22:33:10.128+00:00,2026-08-31T22:33:10.132+00:00,2026-08-31T22:33:10.132+00:00,2026-08-31T22:33:10.751+00:00,2026-08-31T22:33:10.751+00:00,0.275528,0.6192290240032889,sqs-worker-5986dcd897-jsdfr,ip-192-168-20-201.ec2.internal,db993ba255e12acc98c7bae1ef4a8f57dd3bc2d9072d1b99c6dd979cde80e704,1,4.0,623.0
1,hpa-poisson-909-8fa3df7f,000203,106.203849,2026-08-31T22:33:10.984+00:00,2026-08-31T22:33:10.938+00:00,2026-08-31T22:33:10.942+00:00,2026-08-31T22:33:10.942+00:00,2026-08-31T22:33:11.207+00:00,2026-08-31T22:33:11.207+00:00,0.148232,0.2655343840015121,sqs-worker-5986dcd897-x8rdl,ip-192-168-20-201.ec2.internal,f8b1376595c29f44f25379671b93b34e2ae0ef943a766a6dbdddc440e2734a87,1,4.0,269.0
1,hpa-poisson-909-8fa3df7f,000204,107.797063,2026-08-31T22:33:12.578+00:00,2026-08-31T22:33:12.534+00:00,2026-08-31T22:33:12.538+00:00,2026-08-31T22:33:12.538+00:00,2026-08-31T22:33:12.567+00:00,2026-08-31T22:33:12.567+00:00,0.029143,0.02941528899827972,sqs-worker-5986dcd897-x8rdl,ip-192-168-20-201.ec2.internal,0e09110551ef0713758b80fb54c6e2b80975c72623cca9d7418a5a9bc61d8a3c,1,4.0,33.0
1,hpa-poisson-909-8fa3df7f,000205,107.958985,2026-08-31T22:33:12.739+00:00,2026-08-31T22:33:12.690+00:00,2026-08-31T22:33:12.693+00:00,2026-08-31T22:33:12.693+00:00,2026-08-31T22:33:12.800+00:00,2026-08-31T22:33:12.800+00:00,0.056878,0.107370716999867,sqs-worker-5986dcd897-x8rdl,ip-192-168-20-201.ec2.internal,ffbbcfbcc89b623ab599615319a8c7af29b7b772731cb35df32cfbd182155b5a,1,3.0,110.0
1,hpa-poisson-909-8fa3df7f,000207,108.855175,2026-08-31T22:33:13.636+00:00,2026-08-31T22:33:13.589+00:00,2026-08-31T22:33:13.593+00:00,2026-08-31T22:33:13.593+00:00,2026-08-31T22:33:13.689+00:00,2026-08-31T22:33:13.689+00:00,0.044406,0.09622070700061158,sqs-worker-5986dcd897-x8rdl,ip-192-168-20-201.ec2.internal,42155cb2c50b398e38ed0f218d7ccf523865d8e13af617922f5c591c2584dd66,1,4.0,100.0
1,hpa-poisson-909-8fa3df7f,000206,108.159169,2026-08-31T22:33:12.939+00:00,2026-08-31T22:33:12.898+00:00,2026-08-31T22:33:12.912+00:00,2026-08-31T22:33:12.912+00:00,2026-08-31T22:33:13.722+00:00,2026-08-31T22:33:13.722+00:00,0.33322,0.8101861340001051,sqs-worker-5986dcd897-jsdfr,ip-192-168-20-201.ec2.internal,45bb1e0169dbb5a2efecd59202196f07b5648609e8b10188c876812997977f63,1,14.0,824.0
1,hpa-poisson-909-8fa3df7f,000209,109.570956,2026-08-31T22:33:14.351+00:00,2026-08-31T22:33:14.335+00:00,2026-08-31T22:33:14.338+00:00,2026-08-31T22:33:14.338+00:00,2026-08-31T22:33:14.375+00:00,2026-08-31T22:33:14.375+00:00,0.036621,0.03675690100135398,sqs-worker-5986dcd897-x8rdl,ip-192-168-20-201.ec2.internal,bb347f63973ce593b848dedc5ae3fb6ad79e1a5eb1ba134c31fd453d1194448f,1,3.0,40.0
1,hpa-poisson-909-8fa3df7f,000208,109.423862,2026-08-31T22:33:14.204+00:00,2026-08-31T22:33:14.156+00:00,2026-08-31T22:33:14.160+00:00,2026-08-31T22:33:14.160+00:00,2026-08-31T22:33:14.388+00:00,2026-08-31T22:33:14.388+00:00,0.108874,0.2279989700000442,sqs-worker-5986dcd897-8ccsd,ip-192-168-20-201.ec2.internal,3714f2b005c89cb1309ba13d1ef1f4e022232c10c509a500f9100f3f10d6b118,1,4.0,232.0
1,hpa-poisson-909-8fa3df7f,000210,109.9748,2026-08-31T22:33:14.755+00:00,2026-08-31T22:33:14.710+00:00,2026-08-31T22:33:14.713+00:00,2026-08-31T22:33:14.713+00:00,2026-08-31T22:33:14.752+00:00,2026-08-31T22:33:14.752+00:00,0.038172,0.038212581999687245,sqs-worker-5986dcd897-8ccsd,ip-192-168-20-201.ec2.internal,6231d85d8100bfac4bc37e62dbccd84f11693c889635828f34137c855974165c,1,3.0,42.0
1,hpa-poisson-909-8fa3df7f,000211,111.263763,2026-08-31T22:33:16.045+00:00,2026-08-31T22:33:15.996+00:00,2026-08-31T22:33:16.000+00:00,2026-08-31T22:33:16.000+00:00,2026-08-31T22:33:16.375+00:00,2026-08-31T22:33:16.375+00:00,0.181492,0.3749007240003266,sqs-worker-5986dcd897-7sl5v,ip-192-168-20-201.ec2.internal,ae4730abb34772972570701614a36813e603be480a72751d54e9b6a8b4e16a92,1,4.0,379.0
1,hpa-poisson-909-8fa3df7f,000213,113.319126,2026-08-31T22:33:18.099+00:00,2026-08-31T22:33:18.050+00:00,2026-08-31T22:33:18.053+00:00,2026-08-31T22:33:18.054+00:00,2026-08-31T22:33:18.094+00:00,2026-08-31T22:33:18.094+00:00,0.036403,0.04003383999952348,sqs-worker-5986dcd897-x8rdl,ip-192-168-20-201.ec2.internal,a119b783558f89849f5102a0b92e318a3c5a2c60db9029d95c9e205e6c09f189,1,3.0,44.0
1,hpa-poisson-909-8fa3df7f,000212,113.139669,2026-08-31T22:33:17.921+00:00,2026-08-31T22:33:17.881+00:00,2026-08-31T22:33:17.887+00:00,2026-08-31T22:33:17.887+00:00,2026-08-31T22:33:18.084+00:00,2026-08-31T22:33:18.084+00:00,0.040743,0.19763308499750565,sqs-worker-5986dcd897-jsdfr,ip-192-168-20-201.ec2.internal,1fdbc208da997f3592be0cd725d0eaf2a745453321327a7ce62823b628e4a824,1,6.0,203.0
1,hpa-poisson-909-8fa3df7f,000214,113.826899,2026-08-31T22:33:18.607+00:00,2026-08-31T22:33:18.558+00:00,2026-08-31T22:33:18.563+00:00,2026-08-31T22:33:18.563+00:00,2026-08-31T22:33:18.984+00:00,2026-08-31T22:33:18.984+00:00,0.184925,0.4212432540007285,sqs-worker-5986dcd897-8ccsd,ip-192-168-20-201.ec2.internal,cb08c47852f2287f2ea3e90cac0321cd0e74b49eee9831268664f3b5b8f04646,1,5.0,426.0
1,hpa-poisson-909-8fa3df7f,000215,113.908921,2026-08-31T22:33:18.689+00:00,2026-08-31T22:33:18.641+00:00,2026-08-31T22:33:18.646+00:00,2026-08-31T22:33:18.646+00:00,2026-08-31T22:33:18.653+00:00,2026-08-31T22:33:18.653+00:00,0.007157,0.007193285000539618,sqs-worker-5986dcd897-x8rdl,ip-192-168-20-201.ec2.internal,ce2e565e3e5335fdbbb37c06e06716086c4202662bcd7cac08c31c8a8b1e81c6,1,5.0,12.0
1,hpa-poisson-909-8fa3df7f,000216,114.435812,2026-08-31T22:33:19.216+00:00,2026-08-31T22:33:19.179+00:00,2026-08-31T22:33:19.183+00:00,2026-08-31T22:33:19.183+00:00,2026-08-31T22:33:20.205+00:00,2026-08-31T22:33:20.205+00:00,0.424288,1.0221925989972078,sqs-worker-5986dcd897-jsdfr,ip-192-168-20-201.ec2.internal,de6df43cc347b249f0376c6ce2e452c9e4de73aec2540e599f6dc177936cc6de,1,4.0,1026.0
1,hpa-poisson-909-8fa3df7f,000217,115.699014,2026-08-31T22:33:20.480+00:00,2026-08-31T22:33:20.433+00:00,2026-08-31T22:33:20.437+00:00,2026-08-31T22:33:20.437+00:00,2026-08-31T22:33:21.293+00:00,2026-08-31T22:33:21.293+00:00,0.372303,0.856015714998648,sqs-worker-5986dcd897-8ccsd,ip-192-168-20-201.ec2.internal,678e3396e76e5f53bc811e96bce7ede25795804f95526e5e843010eb34301e2b,1,4.0,860.0
1,hpa-poisson-909-8fa3df7f,000218,117.923441,2026-08-31T22:33:22.704+00:00,2026-08-31T22:33:22.661+00:00,2026-08-31T22:33:22.675+00:00,2026-08-31T22:33:22.675+00:00,2026-08-31T22:33:23.096+00:00,2026-08-31T22:33:23.096+00:00,0.100672,0.4206945900004939,sqs-worker-5986dcd897-8ccsd,ip-192-168-20-201.ec2.internal,5dba415c9c969cd726c3138024619ea463fe88ef2aef78eefe29fcaef66cbc4d,1,14.0,435.0
1,hpa-poisson-909-8fa3df7f,000220,121.078773,2026-08-31T22:33:25.857+00:00,2026-08-31T22:33:25.810+00:00,2026-08-31T22:33:25.814+00:00,2026-08-31T22:33:25.814+00:00,2026-08-31T22:33:25.819+00:00,2026-08-31T22:33:25.819+00:00,0.005,0.005036172002292005,sqs-worker-5986dcd897-7sl5v,ip-192-168-20-201.ec2.internal,0e640759bfbf488ebf589eac2250b2d2e927f73c8f86c9f20ec70da1acdcd681,1,4.0,9.0
1,hpa-poisson-909-8fa3df7f,000219,121.000871,2026-08-31T22:33:25.782+00:00,2026-08-31T22:33:25.736+00:00,2026-08-31T22:33:25.741+00:00,2026-08-31T22:33:25.741+00:00,2026-08-31T22:33:25.908+00:00,2026-08-31T22:33:25.908+00:00,0.108907,0.1672541510015435,sqs-worker-5986dcd897-8ccsd,ip-192-168-20-201.ec2.internal,9c1fb47e10eaaa82269c654256cd6bc91545d12bb1365c7a77443b89a31154c4,1,5.0,172.0
1,hpa-poisson-909-8fa3df7f,000224,122.585669,2026-08-31T22:33:27.364+00:00,2026-08-31T22:33:27.316+00:00,2026-08-31T22:33:27.320+00:00,2026-08-31T22:33:27.320+00:00,2026-08-31T22:33:27.395+00:00,2026-08-31T22:33:27.395+00:00,0.019554,0.07496726399767795,sqs-worker-5986dcd897-jsdfr,ip-192-168-20-201.ec2.internal,afe33d139eab5ac848bc9143764bbc5f4bc974b80342bb006f803bd41d71a3fb,1,4.0,79.0
1,hpa-poisson-909-8fa3df7f,000225,122.747138,2026-08-31T22:33:27.525+00:00,2026-08-31T22:33:27.479+00:00,2026-08-31T22:33:27.483+00:00,2026-08-31T22:33:27.483+00:00,2026-08-31T22:33:27.595+00:00,2026-08-31T22:33:27.595+00:00,0.026475,0.11199521100206766,sqs-worker-5986dcd897-jsdfr,ip-192-168-20-201.ec2.internal,83c5a69bb2ca04f23d12e09e2ce71a531990308ce9213d8459983d5e8ed87165,1,4.0,116.0
1,hpa-poisson-909-8fa3df7f,000223,122.540392,2026-08-31T22:33:27.318+00:00,2026-08-31T22:33:27.271+00:00,2026-08-31T22:33:27.275+00:00,2026-08-31T22:33:27.275+00:00,2026-08-31T22:33:28.000+00:00,2026-08-31T22:33:28.000+00:00,0.292121,0.7252161729993531,sqs-worker-5986dcd897-8ccsd,ip-192-168-20-201.ec2.internal,cfaf0b5e3a1e36e67232903e929d295e1afbbdfe19c1d17c80ff1b1fd31c1ea3,1,4.0,729.0
1,hpa-poisson-909-8fa3df7f,000222,122.414358,2026-08-31T22:33:27.192+00:00,2026-08-31T22:33:27.145+00:00,2026-08-31T22:33:27.149+00:00,2026-08-31T22:33:27.149+00:00,2026-08-31T22:33:28.256+00:00,2026-08-31T22:33:28.257+00:00,0.217029,1.1075056810004753,sqs-worker-5986dcd897-7sl5v,ip-192-168-20-201.ec2.internal,78dda3ace1e62579c2a7e653030d830675de74e28b5d007b05f8ce966b6e6a57,1,4.0,1111.0
1,hpa-poisson-909-8fa3df7f,000221,122.401759,2026-08-31T22:33:27.181+00:00,2026-08-31T22:33:27.134+00:00,2026-08-31T22:33:27.138+00:00,2026-08-31T22:33:27.138+00:00,2026-08-31T22:33:28.502+00:00,2026-08-31T22:33:28.502+00:00,0.572183,1.3645092459992156,sqs-worker-5986dcd897-x8rdl,ip-192-168-20-201.ec2.internal,aa74ecd3a29a5a89362849519345934b664cd11c4fa85044fb9423b969729ce5,1,4.0,1368.0
1,hpa-poisson-909-8fa3df7f,000226,123.849159,2026-08-31T22:33:28.628+00:00,2026-08-31T22:33:28.581+00:00,2026-08-31T22:33:28.585+00:00,2026-08-31T22:33:28.585+00:00,2026-08-31T22:33:28.760+00:00,2026-08-31T22:33:28.760+00:00,0.035318,0.1751617330010049,sqs-worker-5986dcd897-7sl5v,ip-192-168-20-201.ec2.internal,a094a3ea634db1c42c2715898cd1da24f3e363f96fbeda3f58215e3a428becf7,1,4.0,179.0
1,hpa-poisson-909-8fa3df7f,000229,126.129766,2026-08-31T22:33:30.908+00:00,2026-08-31T22:33:30.860+00:00,2026-08-31T22:33:30.864+00:00,2026-08-31T22:33:30.864+00:00,2026-08-31T22:33:30.903+00:00,2026-08-31T22:33:30.903+00:00,0.025261,0.03876348199992208,sqs-worker-5986dcd897-jsdfr,ip-192-168-20-201.ec2.internal,ff9654d7f9c5d899aa7e6b849ecf71c141ed09e0c8b9b7b9f49c0993c26fd7f6,1,4.0,43.0
1,hpa-poisson-909-8fa3df7f,000227,125.997583,2026-08-31T22:33:30.778+00:00,2026-08-31T22:33:30.730+00:00,2026-08-31T22:33:30.734+00:00,2026-08-31T22:33:30.734+00:00,2026-08-31T22:33:31.004+00:00,2026-08-31T22:33:31.004+00:00,0.089188,0.2695495160005521,sqs-worker-5986dcd897-x8rdl,ip-192-168-20-201.ec2.internal,6b08f422f5a7c7bcc67997a79df2095280a6a69902f40e7ca9c77bbd5cb1dc22,1,4.0,274.0
1,hpa-poisson-909-8fa3df7f,000228,126.039024,2026-08-31T22:33:30.817+00:00,2026-08-31T22:33:30.768+00:00,2026-08-31T22:33:30.772+00:00,2026-08-31T22:33:30.772+00:00,2026-08-31T22:33:31.155+00:00,2026-08-31T22:33:31.155+00:00,0.160908,0.3834167669992894,sqs-worker-5986dcd897-7sl5v,ip-192-168-20-201.ec2.internal,d707e8e40c2a926c28f2187fe273e98edafcceb8c2a3d050568bee17f5f090d2,1,4.0,387.0
1,hpa-poisson-909-8fa3df7f,000231,126.793378,2026-08-31T22:33:31.571+00:00,2026-08-31T22:33:31.522+00:00,2026-08-31T22:33:31.525+00:00,2026-08-31T22:33:31.525+00:00,2026-08-31T22:33:31.696+00:00,2026-08-31T22:33:31.696+00:00,0.093536,0.1706474509992404,sqs-worker-5986dcd897-x8rdl,ip-192-168-20-201.ec2.internal,3133db58ec39954af9abaecb8868e1b70e10c43624b03a46fa4589df044f39b9,1,3.0,174.0
1,hpa-poisson-909-8fa3df7f,000235,127.246004,2026-08-31T22:33:32.024+00:00,2026-08-31T22:33:31.977+00:00,2026-08-31T22:33:31.981+00:00,2026-08-31T22:33:31.981+00:00,2026-08-31T22:33:32.013+00:00,2026-08-31T22:33:32.013+00:00,0.015589,0.032350004999898374,sqs-worker-5986dcd897-7sl5v,ip-192-168-20-201.ec2.internal,c6065b2baee0d3eeee227e0d8f1d332911c81da137012da82c3444faa9f63055,1,4.0,36.0
1,hpa-poisson-909-8fa3df7f,000232,126.822981,2026-08-31T22:33:31.601+00:00,2026-08-31T22:33:31.554+00:00,2026-08-31T22:33:31.587+00:00,2026-08-31T22:33:31.587+00:00,2026-08-31T22:33:31.703+00:00,2026-08-31T22:33:31.703+00:00,0.062337,0.11637112199969124,sqs-worker-5986dcd897-8ccsd,ip-192-168-20-201.ec2.internal,815859d5026250c88bd7ab1610ff342b4c18e9b19344c10ebe57f053956e7a34,1,33.0,149.0
1,hpa-poisson-909-8fa3df7f,000230,126.295807,2026-08-31T22:33:31.074+00:00,2026-08-31T22:33:31.032+00:00,2026-08-31T22:33:31.037+00:00,2026-08-31T22:33:31.037+00:00,2026-08-31T22:33:31.423+00:00,2026-08-31T22:33:31.423+00:00,0.171299,0.3859740330008208,sqs-worker-5986dcd897-jsdfr,ip-192-168-20-201.ec2.internal,d89b9acd8b731d7d09000030cd108a8cac286ea0b63469fee748c6c56509f51e,1,5.0,391.0
1,hpa-poisson-909-8fa3df7f,000236,127.390872,2026-08-31T22:33:32.169+00:00,2026-08-31T22:33:32.132+00:00,2026-08-31T22:33:32.143+00:00,2026-08-31T22:33:32.143+00:00,2026-08-31T22:33:32.431+00:00,2026-08-31T22:33:32.431+00:00,0.13896,0.2887989659975574,sqs-worker-5986dcd897-jsdfr,ip-192-168-20-201.ec2.internal,e90f3878d575c4673cd0a1bf6077f02aa12f3fc0e0cbe5f276f71c1ffb33b77f,1,11.0,299.0
1,hpa-poisson-909-8fa3df7f,000234,127.030691,2026-08-31T22:33:31.809+00:00,2026-08-31T22:33:31.763+00:00,2026-08-31T22:33:31.766+00:00,2026-08-31T22:33:31.766+00:00,2026-08-31T22:33:32.390+00:00,2026-08-31T22:33:32.390+00:00,0.26111,0.6245971190001001,sqs-worker-5986dcd897-x8rdl,ip-192-168-20-201.ec2.internal,840ade7aa24964b49f353c5ee1ff1d8ec3ea0540b4326f30c111eccf981febd7,1,3.0,627.0
1,hpa-poisson-909-8fa3df7f,000233,126.910752,2026-08-31T22:33:31.689+00:00,2026-08-31T22:33:32.195+00:00,2026-08-31T22:33:32.207+00:00,2026-08-31T22:33:32.207+00:00,2026-08-31T22:33:32.750+00:00,2026-08-31T22:33:32.750+00:00,0.23004,0.5436858140019467,sqs-worker-5986dcd897-7sl5v,ip-192-168-20-201.ec2.internal,a71d0e273836895579fa54b529088c91573bff9cd06a2341ecc4ab601e43816b,1,12.0,555.0
1,hpa-poisson-909-8fa3df7f,000238,128.047353,2026-08-31T22:33:32.826+00:00,2026-08-31T22:33:32.783+00:00,2026-08-31T22:33:32.797+00:00,2026-08-31T22:33:32.797+00:00,2026-08-31T22:33:33.446+00:00,2026-08-31T22:33:33.446+00:00,0.271304,0.6496186670010502,sqs-worker-5986dcd897-7sl5v,ip-192-168-20-201.ec2.internal,8fa304e96980c81c89af6300b84d65ea97a7e7856b75b5274eb7e19145b2a36b,1,14.0,663.0
1,hpa-poisson-909-8fa3df7f,000240,129.518631,2026-08-31T22:33:34.297+00:00,2026-08-31T22:33:34.249+00:00,2026-08-31T22:33:34.252+00:00,2026-08-31T22:33:34.252+00:00,2026-08-31T22:33:34.280+00:00,2026-08-31T22:33:34.280+00:00,0.027732,0.0278282940016652,sqs-worker-5986dcd897-x8rdl,ip-192-168-20-201.ec2.internal,afaacaa7ccae9dcadcdbfe6163c79a36bf2e76867b81fafd85cdae27ffd144f7,1,3.0,31.0
1,hpa-poisson-909-8fa3df7f,000239,129.388037,2026-08-31T22:33:34.167+00:00,2026-08-31T22:33:34.118+00:00,2026-08-31T22:33:34.122+00:00,2026-08-31T22:33:34.122+00:00,2026-08-31T22:33:34.313+00:00,2026-08-31T22:33:34.314+00:00,0.083648,0.19134965700141038,sqs-worker-5986dcd897-jsdfr,ip-192-168-20-201.ec2.internal,5185181a3830ed4300e4fbea3cd0006a59d3b84349564698c89827cf6bb9588d,1,4.0,195.0
1,hpa-poisson-909-8fa3df7f,000241,129.865044,2026-08-31T22:33:34.643+00:00,2026-08-31T22:33:34.603+00:00,2026-08-31T22:33:34.606+00:00,2026-08-31T22:33:34.606+00:00,2026-08-31T22:33:34.950+00:00,2026-08-31T22:33:34.950+00:00,0.159292,0.34371111700238544,sqs-worker-5986dcd897-7sl5v,ip-192-168-20-201.ec2.internal,848117a3d041f20a380e50c9dc2d10c50c3ac64ea2a7d43b2238a8382cba44ba,1,3.0,347.0
1,hpa-poisson-909-8fa3df7f,000242,129.926408,2026-08-31T22:33:34.704+00:00,2026-08-31T22:33:34.653+00:00,2026-08-31T22:33:34.657+00:00,2026-08-31T22:33:34.657+00:00,2026-08-31T22:33:34.707+00:00,2026-08-31T22:33:34.707+00:00,0.04125,0.05019849699965562,sqs-worker-5986dcd897-jsdfr,ip-192-168-20-201.ec2.internal,fb6a5c0f462274a19525f3523ccf186f7f1b23792f0695410f2b4d48a5fb10b2,1,4.0,54.0
1,hpa-poisson-909-8fa3df7f,000243,130.181974,2026-08-31T22:33:34.960+00:00,2026-08-31T22:33:34.914+00:00,2026-08-31T22:33:34.918+00:00,2026-08-31T22:33:34.918+00:00,2026-08-31T22:33:35.118+00:00,2026-08-31T22:33:35.118+00:00,0.086438,0.19977575200027786,sqs-worker-5986dcd897-jsdfr,ip-192-168-20-201.ec2.internal,69a82fa9492fc5ddd902f7cb09b101d59547b6a27ea97f7924c628a1b6c2ce5c,1,4.0,204.0
1,hpa-poisson-909-8fa3df7f,000237,127.453879,2026-08-31T22:33:32.232+00:00,2026-08-31T22:33:32.187+00:00,2026-08-31T22:33:32.197+00:00,2026-08-31T22:33:32.197+00:00,2026-08-31T22:33:35.695+00:00,2026-08-31T22:33:35.695+00:00,0.880663,3.4985626059969945,sqs-worker-5986dcd897-8ccsd,ip-192-168-20-201.ec2.internal,19443c615b96cbab86d18ac0906420f41f4818fe3ca247cbfd1db0af81dc9cce,1,10.0,3508.0
1,hpa-poisson-909-8fa3df7f,000244,130.827544,2026-08-31T22:33:35.606+00:00,2026-08-31T22:33:35.556+00:00,2026-08-31T22:33:35.560+00:00,2026-08-31T22:33:35.560+00:00,2026-08-31T22:33:35.815+00:00,2026-08-31T22:33:35.816+00:00,0.129403,0.25556815400341293,sqs-worker-5986dcd897-jsdfr,ip-192-168-20-201.ec2.internal,aa107a03645af7a650a0ed30df67ea353f36e7f9030aabc0423c278db701baad,1,4.0,259.0
1,hpa-poisson-909-8fa3df7f,000245,131.696921,2026-08-31T22:33:36.476+00:00,2026-08-31T22:33:36.430+00:00,2026-08-31T22:33:36.434+00:00,2026-08-31T22:33:36.434+00:00,2026-08-31T22:33:36.451+00:00,2026-08-31T22:33:36.451+00:00,0.017097,0.017158071997982915,sqs-worker-5986dcd897-7sl5v,ip-192-168-20-201.ec2.internal,423c21d68cf29cc67130ac1c2382a213afbcca7e9778fb47c8caf301ec1f0b67,1,4.0,21.0
1,hpa-poisson-909-8fa3df7f,000248,133.292757,2026-08-31T22:33:38.071+00:00,2026-08-31T22:33:38.028+00:00,2026-08-31T22:33:38.032+00:00,2026-08-31T22:33:38.032+00:00,2026-08-31T22:33:38.068+00:00,2026-08-31T22:33:38.068+00:00,0.028878,0.036242911002773326,sqs-worker-5986dcd897-8ccsd,ip-192-168-20-201.ec2.internal,c4d7a107d86914f52c98e9d64fc14662f7a1572a7bb51d6b55d70e9972a586e6,1,4.0,40.0
1,hpa-poisson-909-8fa3df7f,000246,133.038132,2026-08-31T22:33:37.817+00:00,2026-08-31T22:33:37.768+00:00,2026-08-31T22:33:37.772+00:00,2026-08-31T22:33:37.772+00:00,2026-08-31T22:33:38.262+00:00,2026-08-31T22:33:38.262+00:00,0.098631,0.4901333510024415,sqs-worker-5986dcd897-7sl5v,ip-192-168-20-201.ec2.internal,d1dc15080c9d5b75140fc6ce8383e45ca26e9efb39f2e9eb1147ac42d71afcf9,1,4.0,494.0
1,hpa-poisson-909-8fa3df7f,000247,133.124855,2026-08-31T22:33:37.903+00:00,2026-08-31T22:33:37.855+00:00,2026-08-31T22:33:37.917+00:00,2026-08-31T22:33:37.917+00:00,2026-08-31T22:33:38.837+00:00,2026-08-31T22:33:38.837+00:00,0.242561,0.9201805830016383,sqs-worker-5986dcd897-jsdfr,ip-192-168-20-201.ec2.internal,c98cdcbb5f724e0c0b160788f21771c315b8f1f1620e510209768b0c999be2b8,1,62.0,982.0
1,hpa-poisson-909-8fa3df7f,000250,134.097896,2026-08-31T22:33:38.876+00:00,2026-08-31T22:33:38.831+00:00,2026-08-31T22:33:38.835+00:00,2026-08-31T22:33:38.835+00:00,2026-08-31T22:33:38.961+00:00,2026-08-31T22:33:38.961+00:00,0.067107,0.1260857359993679,sqs-worker-5986dcd897-7sl5v,ip-192-168-20-201.ec2.internal,df5bea85df2d2b5be9122f88aec00538c5b646ef59f3e1507d762ac7b3268379,1,4.0,130.0
1,hpa-poisson-909-8fa3df7f,000249,133.615669,2026-08-31T22:33:38.394+00:00,2026-08-31T22:33:38.347+00:00,2026-08-31T22:33:38.351+00:00,2026-08-31T22:33:38.351+00:00,2026-08-31T22:33:39.273+00:00,2026-08-31T22:33:39.273+00:00,0.384505,0.9223388760001399,sqs-worker-5986dcd897-8ccsd,ip-192-168-20-201.ec2.internal,d21c1831d3d583ff1c7442eb277f088ab52abb9c78c3f25bff74c3a5436ad540,1,4.0,926.0
1,hpa-poisson-909-8fa3df7f,000252,134.614343,2026-08-31T22:33:39.393+00:00,2026-08-31T22:33:39.347+00:00,2026-08-31T22:33:39.351+00:00,2026-08-31T22:33:39.351+00:00,2026-08-31T22:33:39.389+00:00,2026-08-31T22:33:39.389+00:00,0.037801,0.03785588699975051,sqs-worker-5986dcd897-7sl5v,ip-192-168-20-201.ec2.internal,d5d6bf0227dff89c90642389c31eb0305bcc10755be7174b3120dec766a84608,1,4.0,42.0
1,hpa-poisson-909-8fa3df7f,000251,134.612643,2026-08-31T22:33:39.391+00:00,2026-08-31T22:33:39.351+00:00,2026-08-31T22:33:39.459+00:00,2026-08-31T22:33:39.459+00:00,2026-08-31T22:33:39.700+00:00,2026-08-31T22:33:39.700+00:00,0.115587,0.24072026800058666,sqs-worker-5986dcd897-8ccsd,ip-192-168-20-201.ec2.internal,b8179935eb17d42ac0d9457239d826b94742f92c590221b2d31257e740530c5c,1,108.0,349.0
1,hpa-poisson-909-8fa3df7f,000253,134.811636,2026-08-31T22:33:39.590+00:00,2026-08-31T22:33:39.542+00:00,2026-08-31T22:33:39.546+00:00,2026-08-31T22:33:39.546+00:00,2026-08-31T22:33:40.514+00:00,2026-08-31T22:33:40.514+00:00,0.40185,0.9677599400019972,sqs-worker-5986dcd897-jsdfr,ip-192-168-20-201.ec2.internal,e0ff5e91c35a9388756c7c570d6b2b4d732209a34ce8ee902c2376396346e83f,1,4.0,972.0
1,hpa-poisson-909-8fa3df7f,000254,135.082015,2026-08-31T22:33:39.860+00:00,2026-08-31T22:33:40.331+00:00,2026-08-31T22:33:40.335+00:00,2026-08-31T22:33:40.335+00:00,2026-08-31T22:33:40.590+00:00,2026-08-31T22:33:40.590+00:00,0.050711,0.25511006099986844,sqs-worker-5986dcd897-x8rdl,ip-192-168-20-201.ec2.internal,612edf3fa089d49b50f0cbda213fe1edc04228d3124879abe6709ac3556ff28c,1,4.0,259.0
1,hpa-poisson-909-8fa3df7f,000255,135.620078,2026-08-31T22:33:40.398+00:00,2026-08-31T22:33:40.348+00:00,2026-08-31T22:33:40.353+00:00,2026-08-31T22:33:40.353+00:00,2026-08-31T22:33:40.960+00:00,2026-08-31T22:33:40.960+00:00,0.24689,0.6077599069976714,sqs-worker-5986dcd897-7sl5v,ip-192-168-20-201.ec2.internal,2165f32ebb3c2e9051d051429a2b7721b9cd39d3d9dab1170fa7908c10261099,1,5.0,612.0
1,hpa-poisson-909-8fa3df7f,000258,136.437723,2026-08-31T22:33:41.216+00:00,2026-08-31T22:33:41.167+00:00,2026-08-31T22:33:41.170+00:00,2026-08-31T22:33:41.170+00:00,2026-08-31T22:33:41.402+00:00,2026-08-31T22:33:41.402+00:00,0.109133,0.23138244000074337,sqs-worker-5986dcd897-8ccsd,ip-192-168-20-201.ec2.internal,20735e1b357c548b7f22ed6a7e40c12c8fe8804b76b9dea516e2155bc71f791f,1,3.0,235.0
1,hpa-poisson-909-8fa3df7f,000257,136.081707,2026-08-31T22:33:40.860+00:00,2026-08-31T22:33:40.809+00:00,2026-08-31T22:33:40.813+00:00,2026-08-31T22:33:40.813+00:00,2026-08-31T22:33:42.130+00:00,2026-08-31T22:33:42.131+00:00,0.538519,1.317485896001017,sqs-worker-5986dcd897-jsdfr,ip-192-168-20-201.ec2.internal,68258a261c827a74524ac2cc89a637ddad1352d5891c7303e093f2bfa3c1c324,1,4.0,1321.0
1,hpa-poisson-909-8fa3df7f,000256,135.907572,2026-08-31T22:33:40.686+00:00,2026-08-31T22:33:40.635+00:00,2026-08-31T22:33:40.638+00:00,2026-08-31T22:33:40.638+00:00,2026-08-31T22:33:41.394+00:00,2026-08-31T22:33:41.394+00:00,0.153202,0.7562835149983584,sqs-worker-5986dcd897-x8rdl,ip-192-168-20-201.ec2.internal,7d81a712f57ac8550fb8a1482a4ab5cdbba965f1429faa18e59f88e3f486db8e,1,3.0,759.0
1,hpa-poisson-909-8fa3df7f,000259,137.329857,2026-08-31T22:33:42.109+00:00,2026-08-31T22:33:42.058+00:00,2026-08-31T22:33:42.062+00:00,2026-08-31T22:33:42.062+00:00,2026-08-31T22:33:42.880+00:00,2026-08-31T22:33:42.880+00:00,0.345393,0.8175790770001186,sqs-worker-5986dcd897-7sl5v,ip-192-168-20-201.ec2.internal,0fe3338251163b8f155e8ecc5a1b531492bc0e02abf5cf24fc0c0ae0cddab6e0,1,4.0,822.0
1,hpa-poisson-909-8fa3df7f,000260,138.641248,2026-08-31T22:33:43.420+00:00,2026-08-31T22:33:43.370+00:00,2026-08-31T22:33:43.375+00:00,2026-08-31T22:33:43.375+00:00,2026-08-31T22:33:43.390+00:00,2026-08-31T22:33:43.390+00:00,0.015368,0.015407027000037488,sqs-worker-5986dcd897-jsdfr,ip-192-168-20-201.ec2.internal,c96d096037de2fce8af67f27524917303427b9a5da2bde4ded0df01de0066b58,1,5.0,20.0
1,hpa-poisson-909-8fa3df7f,000261,139.015015,2026-08-31T22:33:43.793+00:00,2026-08-31T22:33:43.744+00:00,2026-08-31T22:33:43.750+00:00,2026-08-31T22:33:43.750+00:00,2026-08-31T22:33:43.790+00:00,2026-08-31T22:33:43.790+00:00,0.040609,0.04065225699741859,sqs-worker-5986dcd897-x8rdl,ip-192-168-20-201.ec2.internal,449fe3155b953afffd07c65aa6e320f57aa3f917c9ba21da136a91f9421cfc73,1,6.0,46.0
1,hpa-poisson-909-8fa3df7f,000262,140.469525,2026-08-31T22:33:45.249+00:00,2026-08-31T22:33:45.197+00:00,2026-08-31T22:33:45.202+00:00,2026-08-31T22:33:45.202+00:00,2026-08-31T22:33:45.235+00:00,2026-08-31T22:33:45.235+00:00,0.033066,0.03316655299931881,sqs-worker-5986dcd897-7sl5v,ip-192-168-20-201.ec2.internal,40cb11a180e9527a287dcbb7ecb31a594956b8e6ab4f807a0d91e1167d83cfd0,1,5.0,38.0
1,hpa-poisson-909-8fa3df7f,000263,140.618028,2026-08-31T22:33:45.396+00:00,2026-08-31T22:33:45.349+00:00,2026-08-31T22:33:45.352+00:00,2026-08-31T22:33:45.352+00:00,2026-08-31T22:33:45.826+00:00,2026-08-31T22:33:45.826+00:00,0.217954,0.4734317940019537,sqs-worker-5986dcd897-jsdfr,ip-192-168-20-201.ec2.internal,e1b8e17483249630b62f1ea790021d263be79b566c873fe114b3a1787e169e62,1,3.0,477.0
1,hpa-poisson-909-8fa3df7f,000264,141.449786,2026-08-31T22:33:46.229+00:00,2026-08-31T22:33:46.179+00:00,2026-08-31T22:33:46.184+00:00,2026-08-31T22:33:46.184+00:00,2026-08-31T22:33:46.212+00:00,2026-08-31T22:33:46.212+00:00,0.028381,0.028446669999539154,sqs-worker-5986dcd897-8ccsd,ip-192-168-20-201.ec2.internal,0e3927b1e0ebf117e132f376ec3456176b7575aec52e08589f69ae0f813fc1dc,1,5.0,33.0
1,hpa-poisson-909-8fa3df7f,000265,142.132344,2026-08-31T22:33:46.911+00:00,2026-08-31T22:33:46.860+00:00,2026-08-31T22:33:46.866+00:00,2026-08-31T22:33:46.866+00:00,2026-08-31T22:33:46.989+00:00,2026-08-31T22:33:46.989+00:00,0.064741,0.12323596500209533,sqs-worker-5986dcd897-x8rdl,ip-192-168-20-201.ec2.internal,97a2ffb5a2fac5748184a303314ca1bc1106103a59840060f24661b9b7fe5825,1,6.0,129.0
1,hpa-poisson-909-8fa3df7f,000266,142.212309,2026-08-31T22:33:46.990+00:00,2026-08-31T22:33:46.952+00:00,2026-08-31T22:33:46.956+00:00,2026-08-31T22:33:46.956+00:00,2026-08-31T22:33:47.266+00:00,2026-08-31T22:33:47.266+00:00,0.095224,0.31012272800217033,sqs-worker-5986dcd897-7sl5v,ip-192-168-20-201.ec2.internal,1009c5dee36e4a084c3257866bb3441dc8bb01773c9b1b9d08fb990406a5e2fd,1,4.0,314.0
1,hpa-poisson-909-8fa3df7f,000267,143.242814,2026-08-31T22:33:48.022+00:00,2026-08-31T22:33:47.977+00:00,2026-08-31T22:33:47.980+00:00,2026-08-31T22:33:47.980+00:00,2026-08-31T22:33:48.615+00:00,2026-08-31T22:33:48.615+00:00,0.272131,0.6345858909990056,sqs-worker-5986dcd897-x8rdl,ip-192-168-20-201.ec2.internal,ac4a0041b5f379e5b4748757f4c641e9b6613e7ec66a967dadef478dbde64bdb,1,3.0,638.0
1,hpa-poisson-909-8fa3df7f,000268,143.592011,2026-08-31T22:33:48.370+00:00,2026-08-31T22:33:48.323+00:00,2026-08-31T22:33:48.327+00:00,2026-08-31T22:33:48.327+00:00,2026-08-31T22:33:49.719+00:00,2026-08-31T22:33:49.719+00:00,0.587073,1.3916880180004227,sqs-worker-5986dcd897-8ccsd,ip-192-168-20-201.ec2.internal,37ca6d006bf42a8c78da2ff2648b70b1bb8bce495c40530505c33ea8abac7253,1,4.0,1396.0
1,hpa-poisson-909-8fa3df7f,000269,144.43778,2026-08-31T22:33:49.217+00:00,2026-08-31T22:33:49.171+00:00,2026-08-31T22:33:49.177+00:00,2026-08-31T22:33:49.177+00:00,2026-08-31T22:33:50.280+00:00,2026-08-31T22:33:50.280+00:00,0.312213,1.10331156599932,sqs-worker-5986dcd897-x8rdl,ip-192-168-20-201.ec2.internal,0100d04b404f35b8a614cdcee273470938f71a4136893f3acee02920f9aea4a8,1,6.0,1109.0
1,hpa-poisson-909-8fa3df7f,000270,145.036461,2026-08-31T22:33:49.815+00:00,2026-08-31T22:33:49.772+00:00,2026-08-31T22:33:49.776+00:00,2026-08-31T22:33:49.776+00:00,2026-08-31T22:33:50.801+00:00,2026-08-31T22:33:50.801+00:00,0.419482,1.0258035420010856,sqs-worker-5986dcd897-8ccsd,ip-192-168-20-201.ec2.internal,f6cb4d960bb72e9b631ab39bd227b95705fe39bc1cfa8f53a798d391cbcb790d,1,4.0,1029.0
1,hpa-poisson-909-8fa3df7f,000271,148.005063,2026-08-31T22:33:52.785+00:00,2026-08-31T22:33:52.739+00:00,2026-08-31T22:33:52.743+00:00,2026-08-31T22:33:52.743+00:00,2026-08-31T22:33:53.150+00:00,2026-08-31T22:33:53.150+00:00,0.168111,0.406963628000085,sqs-worker-5986dcd897-7sl5v,ip-192-168-20-201.ec2.internal,f84f368f6c76f2fdbc5c4d2b409d12a2016f1add5bd5770aaaf8f78a0307d0fe,1,4.0,411.0
1,hpa-poisson-909-8fa3df7f,000272,148.852408,2026-08-31T22:33:53.630+00:00,2026-08-31T22:33:53.582+00:00,2026-08-31T22:33:53.587+00:00,2026-08-31T22:33:53.587+00:00,2026-08-31T22:33:54.225+00:00,2026-08-31T22:33:54.225+00:00,0.277123,0.6378736049991858,sqs-worker-5986dcd897-jsdfr,ip-192-168-20-201.ec2.internal,fcab3cbb236fa345f60ecfcef62e64ed0ec9b77f23aae8228a0f4dc26f2e0636,1,5.0,643.0
1,hpa-poisson-909-8fa3df7f,000273,150.057192,2026-08-31T22:33:54.835+00:00,2026-08-31T22:33:54.796+00:00,2026-08-31T22:33:54.800+00:00,2026-08-31T22:33:54.800+00:00,2026-08-31T22:33:54.888+00:00,2026-08-31T22:33:54.888+00:00,0.079486,0.08756902899767738,sqs-worker-5986dcd897-7sl5v,ip-192-168-20-201.ec2.internal,d02cb63c7180d66110332f57378c2976abe4da8005c0474b96fc518dc4fd05a4,1,4.0,92.0
1,hpa-poisson-909-8fa3df7f,000275,150.323817,2026-08-31T22:33:55.101+00:00,2026-08-31T22:33:55.049+00:00,2026-08-31T22:33:55.053+00:00,2026-08-31T22:33:55.053+00:00,2026-08-31T22:33:55.081+00:00,2026-08-31T22:33:55.081+00:00,0.027783,0.02784815199993318,sqs-worker-5986dcd897-jsdfr,ip-192-168-20-201.ec2.internal,6c12329a7c78054c945f7b6c6260770fdf7d2a683a532c4e452664de81f516d7,1,4.0,32.0
1,hpa-poisson-909-8fa3df7f,000276,150.925365,2026-08-31T22:33:55.703+00:00,2026-08-31T22:33:55.653+00:00,2026-08-31T22:33:55.657+00:00,2026-08-31T22:33:55.657+00:00,2026-08-31T22:33:56.026+00:00,2026-08-31T22:33:56.026+00:00,0.174975,0.36938188500062097,sqs-worker-5986dcd897-jsdfr,ip-192-168-20-201.ec2.internal,3a63526b3dd263ab08ee07b09ab42fe6f6f3249e7ff142370cf45c069924206a,1,4.0,373.0
1,hpa-poisson-909-8fa3df7f,000274,150.128298,2026-08-31T22:33:54.905+00:00,2026-08-31T22:33:54.855+00:00,2026-08-31T22:33:54.859+00:00,2026-08-31T22:33:54.859+00:00,2026-08-31T22:33:56.095+00:00,2026-08-31T22:33:56.095+00:00,0.515622,1.2355168129979575,sqs-worker-5986dcd897-x8rdl,ip-192-168-20-201.ec2.internal,39311e0a18febce834092b989fcca2c2cd595597a950c19529bf892bb5e4c3d6,1,4.0,1240.0
1,hpa-poisson-909-8fa3df7f,000277,150.943362,2026-08-31T22:33:55.720+00:00,2026-08-31T22:33:55.673+00:00,2026-08-31T22:33:55.687+00:00,2026-08-31T22:33:55.687+00:00,2026-08-31T22:33:56.795+00:00,2026-08-31T22:33:56.795+00:00,0.454162,1.1086214419992757,sqs-worker-5986dcd897-8ccsd,ip-192-168-20-201.ec2.internal,299ff25a362822a7dc111edd2966948731008045e1ebf69ce9df2d60e654d918,1,14.0,1122.0
1,hpa-poisson-909-8fa3df7f,000278,152.142991,2026-08-31T22:33:56.921+00:00,2026-08-31T22:33:56.873+00:00,2026-08-31T22:33:56.876+00:00,2026-08-31T22:33:56.876+00:00,2026-08-31T22:33:57.413+00:00,2026-08-31T22:33:57.413+00:00,0.138116,0.5366218509989267,sqs-worker-5986dcd897-jsdfr,ip-192-168-20-201.ec2.internal,b2fdfd70990e410fcba6a0c24c067f772fb2cecda188d88e0072c47d82082331,1,3.0,540.0
1,hpa-poisson-909-8fa3df7f,000280,153.876521,2026-08-31T22:33:58.654+00:00,2026-08-31T22:33:58.607+00:00,2026-08-31T22:33:58.610+00:00,2026-08-31T22:33:58.610+00:00,2026-08-31T22:33:58.636+00:00,2026-08-31T22:33:58.637+00:00,0.019316,0.026182083998719463,sqs-worker-5986dcd897-x8rdl,ip-192-168-20-201.ec2.internal,06add880f331cfeb2557a4483fb2f2b8eaa4b69f4ee4f03e95aedf401412916f,1,3.0,29.0
1,hpa-poisson-909-8fa3df7f,000279,152.74286,2026-08-31T22:33:57.520+00:00,2026-08-31T22:33:57.473+00:00,2026-08-31T22:33:57.477+00:00,2026-08-31T22:33:57.477+00:00,2026-08-31T22:33:59.111+00:00,2026-08-31T22:33:59.111+00:00,0.668489,1.6340525919986248,sqs-worker-5986dcd897-8ccsd,ip-192-168-20-201.ec2.internal,48559550b2c58d6eba95f6410e4d517276cdd75b049cc324e89896a86aef9885,1,4.0,1638.0
1,hpa-poisson-909-8fa3df7f,000281,154.199994,2026-08-31T22:33:58.977+00:00,2026-08-31T22:33:58.930+00:00,2026-08-31T22:33:58.933+00:00,2026-08-31T22:33:58.933+00:00,2026-08-31T22:33:59.148+00:00,2026-08-31T22:33:59.148+00:00,0.115782,0.2143646419972356,sqs-worker-5986dcd897-jsdfr,ip-192-168-20-201.ec2.internal,c4401350f988705428cbe5b7f545e46eee2689b3d47e699b955c0d2cfb72168c,1,3.0,218.0
1,hpa-poisson-909-8fa3df7f,000283,154.818029,2026-08-31T22:33:59.595+00:00,2026-08-31T22:33:59.552+00:00,2026-08-31T22:33:59.556+00:00,2026-08-31T22:33:59.556+00:00,2026-08-31T22:34:00.089+00:00,2026-08-31T22:34:00.089+00:00,0.234934,0.5329993269988336,sqs-worker-5986dcd897-8ccsd,ip-192-168-20-201.ec2.internal,30d79245d289262f84d05916e071da45e95a16b23d61cdcd6af5dc63014aad01,1,4.0,537.0
1,hpa-poisson-909-8fa3df7f,000285,155.816918,2026-08-31T22:34:00.594+00:00,2026-08-31T22:34:00.547+00:00,2026-08-31T22:34:00.551+00:00,2026-08-31T22:34:00.551+00:00,2026-08-31T22:34:00.598+00:00,2026-08-31T22:34:00.598+00:00,0.036418,0.0464941389982414,sqs-worker-5986dcd897-8ccsd,ip-192-168-20-201.ec2.internal,3c81cdfdbb2e007445aea863ef39df4da1626d05ee1427cc6a3611f6848ed85b,1,4.0,51.0
1,hpa-poisson-909-8fa3df7f,000282,154.512088,2026-08-31T22:33:59.289+00:00,2026-08-31T22:33:59.241+00:00,2026-08-31T22:33:59.244+00:00,2026-08-31T22:33:59.244+00:00,2026-08-31T22:34:00.936+00:00,2026-08-31T22:34:00.936+00:00,0.697893,1.6912575449969154,sqs-worker-5986dcd897-jsdfr,ip-192-168-20-201.ec2.internal,9b106a2d1575cd6985dc394cf1f66b3021cd49b9910457e84b4ba840def6eb0f,1,3.0,1695.0
1,hpa-poisson-909-8fa3df7f,000288,156.250318,2026-08-31T22:34:01.028+00:00,2026-08-31T22:34:00.983+00:00,2026-08-31T22:34:00.997+00:00,2026-08-31T22:34:00.997+00:00,2026-08-31T22:34:01.033+00:00,2026-08-31T22:34:01.033+00:00,0.024861,0.03621760600071866,sqs-worker-5986dcd897-jsdfr,ip-192-168-20-201.ec2.internal,ef333632078fcb29a7bf4df91aaa59e5cfad4379b68451ac0c161b2207eabcf8,1,14.0,50.0
1,hpa-poisson-909-8fa3df7f,000287,156.107291,2026-08-31T22:34:00.884+00:00,2026-08-31T22:34:00.834+00:00,2026-08-31T22:34:00.839+00:00,2026-08-31T22:34:00.839+00:00,2026-08-31T22:34:01.125+00:00,2026-08-31T22:34:01.125+00:00,0.144073,0.2867066299986618,sqs-worker-5986dcd897-8ccsd,ip-192-168-20-201.ec2.internal,cddfdeed254496c7c756554b492f814b8f79a99d1f300fcc7e5089e8f0d70754,1,5.0,291.0
1,hpa-poisson-909-8fa3df7f,000286,156.080537,2026-08-31T22:34:00.857+00:00,2026-08-31T22:34:00.811+00:00,2026-08-31T22:34:00.814+00:00,2026-08-31T22:34:00.815+00:00,2026-08-31T22:34:01.277+00:00,2026-08-31T22:34:01.277+00:00,0.216579,0.46223386200290406,sqs-worker-5986dcd897-7sl5v,ip-192-168-20-201.ec2.internal,d04f01c8a6937758892a27e9b0e5938b70982fe3a3453817d7b7aed38202de43,1,3.0,466.0
1,hpa-poisson-909-8fa3df7f,000289,157.524258,2026-08-31T22:34:02.302+00:00,2026-08-31T22:34:02.256+00:00,2026-08-31T22:34:02.260+00:00,2026-08-31T22:34:02.260+00:00,2026-08-31T22:34:02.541+00:00,2026-08-31T22:34:02.541+00:00,0.137632,0.28159192699968116,sqs-worker-5986dcd897-jsdfr,ip-192-168-20-201.ec2.internal,29cf07b486ac65efdc7dad922ea9426709e99c56c35480fbb1f8ddaff19a2a0c,1,4.0,285.0
1,hpa-poisson-909-8fa3df7f,000284,155.223837,2026-08-31T22:34:00.001+00:00,2026-08-31T22:33:59.975+00:00,2026-08-31T22:33:59.987+00:00,2026-08-31T22:33:59.987+00:00,2026-08-31T22:34:02.713+00:00,2026-08-31T22:34:02.713+00:00,0.544412,2.7263250420000986,sqs-worker-5986dcd897-x8rdl,ip-192-168-20-201.ec2.internal,b63156427bae3ac636cdaff110f5b5ac4458f8df54175a67f05f5dd122b4ebd6,1,12.0,2738.0
1,hpa-poisson-909-8fa3df7f,000291,158.302855,2026-08-31T22:34:03.080+00:00,2026-08-31T22:34:03.034+00:00,2026-08-31T22:34:03.037+00:00,2026-08-31T22:34:03.038+00:00,2026-08-31T22:34:04.115+00:00,2026-08-31T22:34:04.115+00:00,0.463738,1.0770299910000176,sqs-worker-5986dcd897-x8rdl,ip-192-168-20-201.ec2.internal,2e285cdf09773f7e06736b11ed14c82a732fec069af99af7ed00b6f8ba3be6f0,1,3.0,1081.0
1,hpa-poisson-909-8fa3df7f,000292,158.806957,2026-08-31T22:34:03.584+00:00,2026-08-31T22:34:03.534+00:00,2026-08-31T22:34:03.538+00:00,2026-08-31T22:34:03.538+00:00,2026-08-31T22:34:04.858+00:00,2026-08-31T22:34:04.858+00:00,0.54265,1.3207280899987381,sqs-worker-5986dcd897-7sl5v,ip-192-168-20-201.ec2.internal,cb74968702026bb1f58636a3a3f735aab83c01d50a37836ea539ab9791764336,1,4.0,1324.0
1,hpa-poisson-909-8fa3df7f,000295,160.126131,2026-08-31T22:34:04.903+00:00,2026-08-31T22:34:04.855+00:00,2026-08-31T22:34:04.879+00:00,2026-08-31T22:34:04.879+00:00,2026-08-31T22:34:04.967+00:00,2026-08-31T22:34:04.967+00:00,0.043699,0.08799487500073155,sqs-worker-5986dcd897-7sl5v,ip-192-168-20-201.ec2.internal,364c0b60c8af9b9a800664adc2ff0e7e8893b7bf4b154eb5cff64d16bb038189,1,24.0,112.0
1,hpa-poisson-909-8fa3df7f,000290,157.541012,2026-08-31T22:34:02.318+00:00,2026-08-31T22:34:02.266+00:00,2026-08-31T22:34:02.283+00:00,2026-08-31T22:34:02.283+00:00,2026-08-31T22:34:05.298+00:00,2026-08-31T22:34:05.298+00:00,0.717242,3.014999543000158,sqs-worker-5986dcd897-8ccsd,ip-192-168-20-201.ec2.internal,23ccedb378625e5218ecb6ea43baec68e9415f4242fa7a46e1647e0c1b08fc54,1,17.0,3032.0
1,hpa-poisson-909-8fa3df7f,000296,160.421115,2026-08-31T22:34:05.198+00:00,2026-08-31T22:34:05.155+00:00,2026-08-31T22:34:05.159+00:00,2026-08-31T22:34:05.159+00:00,2026-08-31T22:34:05.476+00:00,2026-08-31T22:34:05.476+00:00,0.142262,0.31704581399753806,sqs-worker-5986dcd897-7sl5v,ip-192-168-20-201.ec2.internal,64412909ef565d20397322ea0a53c3eaa97286b890fb4ff1b16a54d65684d903,1,4.0,321.0
1,hpa-poisson-909-8fa3df7f,000293,159.619825,2026-08-31T22:34:04.397+00:00,2026-08-31T22:34:04.345+00:00,2026-08-31T22:34:04.349+00:00,2026-08-31T22:34:04.349+00:00,2026-08-31T22:34:05.020+00:00,2026-08-31T22:34:05.020+00:00,0.303962,0.6709790300010354,sqs-worker-5986dcd897-x8rdl,ip-192-168-20-201.ec2.internal,0ca4c388f9fcdb2d31c0b8ddbc46b9abdfda2448319aa562213e31591c6a5d85,1,4.0,675.0
1,hpa-poisson-909-8fa3df7f,000294,159.997644,2026-08-31T22:34:04.775+00:00,2026-08-31T22:34:04.723+00:00,2026-08-31T22:34:04.727+00:00,2026-08-31T22:34:04.727+00:00,2026-08-31T22:34:05.121+00:00,2026-08-31T22:34:05.121+00:00,0.172012,0.3937749830001849,sqs-worker-5986dcd897-jsdfr,ip-192-168-20-201.ec2.internal,fcf64f1ff1639db81d3b6e5b3b89e5546e10a846aba1613b09b808147bbacf8a,1,4.0,398.0
1,hpa-poisson-909-8fa3df7f,000297,161.188518,2026-08-31T22:34:05.966+00:00,2026-08-31T22:34:05.918+00:00,2026-08-31T22:34:05.922+00:00,2026-08-31T22:34:05.922+00:00,2026-08-31T22:34:06.260+00:00,2026-08-31T22:34:06.260+00:00,0.159803,0.3377955120013212,sqs-worker-5986dcd897-7sl5v,ip-192-168-20-201.ec2.internal,17b53f5a7364bf6bbc56eeca5fbc82d6d17156a46c4e4ae2f8020c0d2d8301c8,1,4.0,342.0
1,hpa-poisson-909-8fa3df7f,000299,162.454526,2026-08-31T22:34:07.231+00:00,2026-08-31T22:34:07.180+00:00,2026-08-31T22:34:07.184+00:00,2026-08-31T22:34:07.184+00:00,2026-08-31T22:34:07.829+00:00,2026-08-31T22:34:07.829+00:00,0.266205,0.6451912400007132,sqs-worker-5986dcd897-x8rdl,ip-192-168-20-201.ec2.internal,433930b45cb17c60b75979044625e5c1bc03dfc132dff3e94260cde3b528ddbf,1,4.0,649.0
1,hpa-poisson-909-8fa3df7f,000298,162.377059,2026-08-31T22:34:07.154+00:00,2026-08-31T22:34:07.106+00:00,2026-08-31T22:34:07.110+00:00,2026-08-31T22:34:07.110+00:00,2026-08-31T22:34:07.988+00:00,2026-08-31T22:34:07.988+00:00,0.163742,0.877845487997547,sqs-worker-5986dcd897-jsdfr,ip-192-168-20-201.ec2.internal,1669420bf6dda2baa601e1e6212d9115b425a463a0eb90e4bbccff2f8b3cc7c2,1,4.0,882.0
1,hpa-poisson-909-8fa3df7f,000301,163.413644,2026-08-31T22:34:08.191+00:00,2026-08-31T22:34:08.139+00:00,2026-08-31T22:34:08.144+00:00,2026-08-31T22:34:08.144+00:00,2026-08-31T22:34:08.191+00:00,2026-08-31T22:34:08.191+00:00,0.046747,0.04731610499948147,sqs-worker-5986dcd897-x8rdl,ip-192-168-20-201.ec2.internal,ee707f6c3c10eb24dda71c10d9d733c7be40eec902871388e645074478f50b55,1,5.0,52.0
1,hpa-poisson-909-8fa3df7f,000300,162.925739,2026-08-31T22:34:07.703+00:00,2026-08-31T22:34:07.651+00:00,2026-08-31T22:34:07.655+00:00,2026-08-31T22:34:07.655+00:00,2026-08-31T22:34:08.071+00:00,2026-08-31T22:34:08.071+00:00,0.177349,0.41632677300003706,sqs-worker-5986dcd897-8ccsd,ip-192-168-20-201.ec2.internal,c00b53e58b4033c3155b52373c455f372fb9244be4b7fb625a97b1346dd8f7fb,1,4.0,420.0
1,hpa-poisson-909-8fa3df7f,000302,164.071442,2026-08-31T22:34:08.849+00:00,2026-08-31T22:34:08.797+00:00,2026-08-31T22:34:08.802+00:00,2026-08-31T22:34:08.802+00:00,2026-08-31T22:34:09.195+00:00,2026-08-31T22:34:09.195+00:00,0.169995,0.3926638729972183,sqs-worker-5986dcd897-x8rdl,ip-192-168-20-201.ec2.internal,ddfd5e3d9c348b6865325dbc942061370dd08b35568c3915b0f0d4feb725a72e,1,5.0,398.0
1,hpa-poisson-909-8fa3df7f,000304,165.153089,2026-08-31T22:34:09.930+00:00,2026-08-31T22:34:09.879+00:00,2026-08-31T22:34:09.883+00:00,2026-08-31T22:34:09.883+00:00,2026-08-31T22:34:10.011+00:00,2026-08-31T22:34:10.011+00:00,0.067856,0.128052634998312,sqs-worker-5986dcd897-8ccsd,ip-192-168-20-201.ec2.internal,0eb34b0612a65500b7cfcfd0ebfdc67f9573e5be0045e5cd320f0fe7092043fe,1,4.0,132.0
1,hpa-poisson-909-8fa3df7f,000306,165.53151,2026-08-31T22:34:10.308+00:00,2026-08-31T22:34:10.257+00:00,2026-08-31T22:34:10.262+00:00,2026-08-31T22:34:10.262+00:00,2026-08-31T22:34:10.323+00:00,2026-08-31T22:34:10.323+00:00,0.049124,0.060934463999728905,sqs-worker-5986dcd897-8ccsd,ip-192-168-20-201.ec2.internal,a00fb0820838403294dee538fb897d51a88a9b6896ae95d73721bc3bf16baa00,1,5.0,66.0
1,hpa-poisson-909-8fa3df7f,000305,165.352314,2026-08-31T22:34:10.129+00:00,2026-08-31T22:34:10.083+00:00,2026-08-31T22:34:10.091+00:00,2026-08-31T22:34:10.091+00:00,2026-08-31T22:34:10.118+00:00,2026-08-31T22:34:10.118+00:00,0.023047,0.026587970998662058,sqs-worker-5986dcd897-jsdfr,ip-192-168-20-201.ec2.internal,92647510179ca7855a62f4cb0d07f7dd0e275b4268005141a58bb7181f60653c,1,8.0,35.0
1,hpa-poisson-909-8fa3df7f,000303,164.425168,2026-08-31T22:34:09.202+00:00,2026-08-31T22:34:09.151+00:00,2026-08-31T22:34:09.155+00:00,2026-08-31T22:34:09.155+00:00,2026-08-31T22:34:10.294+00:00,2026-08-31T22:34:10.294+00:00,0.479937,1.1384275429991249,sqs-worker-5986dcd897-7sl5v,ip-192-168-20-201.ec2.internal,c9ec1f506b8d1ac1e8b0d5a30ae8f50613eab5c5d8700be0c00c662f5262aab8,1,4.0,1143.0
1,hpa-poisson-909-8fa3df7f,000307,166.122159,2026-08-31T22:34:10.899+00:00,2026-08-31T22:34:10.849+00:00,2026-08-31T22:34:10.853+00:00,2026-08-31T22:34:10.853+00:00,2026-08-31T22:34:11.161+00:00,2026-08-31T22:34:11.161+00:00,0.128002,0.30814036000083433,sqs-worker-5986dcd897-7sl5v,ip-192-168-20-201.ec2.internal,002b08193de79737382abebdab9e21429abb511eb8b648a18b9d0af3fa5382ba,1,4.0,312.0
1,hpa-poisson-909-8fa3df7f,000308,166.17082,2026-08-31T22:34:10.948+00:00,2026-08-31T22:34:10.900+00:00,2026-08-31T22:34:10.905+00:00,2026-08-31T22:34:10.905+00:00,2026-08-31T22:34:11.487+00:00,2026-08-31T22:34:11.487+00:00,0.244524,0.5816451409991714,sqs-worker-5986dcd897-8ccsd,ip-192-168-20-201.ec2.internal,af123a0d7d82c63ecd794224ad6c1caee2db500bc883291c7ba2a078a5bdc9fe,1,5.0,587.0
1,hpa-poisson-909-8fa3df7f,000309,166.344304,2026-08-31T22:34:11.121+00:00,2026-08-31T22:34:11.077+00:00,2026-08-31T22:34:11.080+00:00,2026-08-31T22:34:11.080+00:00,2026-08-31T22:34:11.482+00:00,2026-08-31T22:34:11.482+00:00,0.164983,0.401381643001514,sqs-worker-5986dcd897-jsdfr,ip-192-168-20-201.ec2.internal,66d8ccae27d58422a8c7e164b3c92c7acf3ed2190148732047746fa9e9d1bd99,1,3.0,405.0
1,hpa-poisson-909-8fa3df7f,000311,167.61033,2026-08-31T22:34:12.387+00:00,2026-08-31T22:34:12.340+00:00,2026-08-31T22:34:12.346+00:00,2026-08-31T22:34:12.346+00:00,2026-08-31T22:34:12.434+00:00,2026-08-31T22:34:12.434+00:00,0.068968,0.08864397100114729,sqs-worker-5986dcd897-jsdfr,ip-192-168-20-201.ec2.internal,435bc960125e6469b4ea7c72e2e488f299a61173f4b95dcee58fe119200fa5e8,1,6.0,94.0
1,hpa-poisson-909-8fa3df7f,000310,167.292882,2026-08-31T22:34:12.070+00:00,2026-08-31T22:34:12.023+00:00,2026-08-31T22:34:12.027+00:00,2026-08-31T22:34:12.027+00:00,2026-08-31T22:34:12.472+00:00,2026-08-31T22:34:12.472+00:00,0.206397,0.44488026600083685,sqs-worker-5986dcd897-7sl5v,ip-192-168-20-201.ec2.internal,bcb39a61f5992e3d0e4e9bb3e68e31554b98440c8efabb2f4e51f4218ae6f8c8,1,4.0,449.0
1,hpa-poisson-909-8fa3df7f,000312,168.809288,2026-08-31T22:34:13.587+00:00,2026-08-31T22:34:13.539+00:00,2026-08-31T22:34:13.543+00:00,2026-08-31T22:34:13.543+00:00,2026-08-31T22:34:13.576+00:00,2026-08-31T22:34:13.576+00:00,0.03295,0.0329887410007359,sqs-worker-5986dcd897-8ccsd,ip-192-168-20-201.ec2.internal,aa2a536debe2ab28f5386a8d9d2bed55e39dba5a5df469e2a48d505f6943154e,1,4.0,37.0
1,hpa-poisson-909-8fa3df7f,000313,169.339544,2026-08-31T22:34:14.117+00:00,2026-08-31T22:34:14.069+00:00,2026-08-31T22:34:14.073+00:00,2026-08-31T22:34:14.073+00:00,2026-08-31T22:34:14.782+00:00,2026-08-31T22:34:14.782+00:00,0.307668,0.7085666870007117,sqs-worker-5986dcd897-7sl5v,ip-192-168-20-201.ec2.internal,5d81fddea5070407967c0cb32ac41e960f64cb5016afe2c33d3a45cf22736b4a,1,4.0,713.0
1,hpa-poisson-909-8fa3df7f,000314,171.178033,2026-08-31T22:34:15.956+00:00,2026-08-31T22:34:15.909+00:00,2026-08-31T22:34:15.913+00:00,2026-08-31T22:34:15.914+00:00,2026-08-31T22:34:15.925+00:00,2026-08-31T22:34:15.925+00:00,0.011047,0.011102837997896131,sqs-worker-5986dcd897-8ccsd,ip-192-168-20-201.ec2.internal,361f07c38359071e8d3b08484187e4dd8b25866a0ecd6e9b9513a44b3b62b65e,1,4.0,16.0
1,hpa-poisson-909-8fa3df7f,000315,172.413576,2026-08-31T22:34:17.191+00:00,2026-08-31T22:34:17.147+00:00,2026-08-31T22:34:17.150+00:00,2026-08-31T22:34:17.150+00:00,2026-08-31T22:34:17.384+00:00,2026-08-31T22:34:17.384+00:00,0.114947,0.23402184400038095,sqs-worker-5986dcd897-x8rdl,ip-192-168-20-201.ec2.internal,60c6ac91815de36af7ccee4ef98a1b319faa5b54bfa26add30b0a2c0c5b258a7,1,3.0,237.0
1,hpa-poisson-909-8fa3df7f,000316,173.743645,2026-08-31T22:34:18.522+00:00,2026-08-31T22:34:18.472+00:00,2026-08-31T22:34:18.477+00:00,2026-08-31T22:34:18.477+00:00,2026-08-31T22:34:19.019+00:00,2026-08-31T22:34:19.019+00:00,0.236779,0.541727689000254,sqs-worker-5986dcd897-8ccsd,ip-192-168-20-201.ec2.internal,12046c6ce0f818f76c766c7a4b6c0b6d1bd07bd18054d41f340a3b865339b682,1,5.0,547.0
1,hpa-poisson-909-8fa3df7f,000317,174.763101,2026-08-31T22:34:19.541+00:00,2026-08-31T22:34:19.494+00:00,2026-08-31T22:34:19.498+00:00,2026-08-31T22:34:19.498+00:00,2026-08-31T22:34:20.402+00:00,2026-08-31T22:34:20.402+00:00,0.228147,0.9047327550033515,sqs-worker-5986dcd897-x8rdl,ip-192-168-20-201.ec2.internal,09c3641743ab9878f8df0c4230240c68101b767612d2541d26967b28afdf7bd4,1,4.0,908.0
1,hpa-poisson-909-8fa3df7f,000319,175.351427,2026-08-31T22:34:20.128+00:00,2026-08-31T22:34:20.133+00:00,2026-08-31T22:34:20.147+00:00,2026-08-31T22:34:20.147+00:00,2026-08-31T22:34:20.971+00:00,2026-08-31T22:34:20.971+00:00,0.341977,0.8248544560010487,sqs-worker-5986dcd897-7sl5v,ip-192-168-20-201.ec2.internal,308ef95fcf80eb1ba2ab1207c04a211063c9ab567016675ed601a61172086ded,1,14.0,838.0
1,hpa-poisson-909-8fa3df7f,000318,175.001535,2026-08-31T22:34:19.778+00:00,2026-08-31T22:34:19.729+00:00,2026-08-31T22:34:19.733+00:00,2026-08-31T22:34:19.733+00:00,2026-08-31T22:34:21.219+00:00,2026-08-31T22:34:21.219+00:00,0.611825,1.4865405069976987,sqs-worker-5986dcd897-jsdfr,ip-192-168-20-201.ec2.internal,b9cad64a09664bd280c708b2b8fd209aa76fc569473161a966a7f07376821a64,1,4.0,1490.0
1,hpa-poisson-909-8fa3df7f,000320,176.365669,2026-08-31T22:34:21.142+00:00,2026-08-31T22:34:21.094+00:00,2026-08-31T22:34:21.107+00:00,2026-08-31T22:34:21.107+00:00,2026-08-31T22:34:21.393+00:00,2026-08-31T22:34:21.393+00:00,0.049843,0.2863148350006668,sqs-worker-5986dcd897-x8rdl,ip-192-168-20-201.ec2.internal,7475e442d8dab86bb83729a5cc7d1ee3539011632d5c6422a66fb5996106140c,1,13.0,299.0
1,hpa-poisson-909-8fa3df7f,000321,177.431073,2026-08-31T22:34:22.208+00:00,2026-08-31T22:34:22.158+00:00,2026-08-31T22:34:22.171+00:00,2026-08-31T22:34:22.171+00:00,2026-08-31T22:34:22.269+00:00,2026-08-31T22:34:22.269+00:00,0.020013,0.09865887200066936,sqs-worker-5986dcd897-8ccsd,ip-192-168-20-201.ec2.internal,60376eeb93f075b41246537bad69f591f44c4d23f33cb2b4af1511cf5a37ae66,1,13.0,111.0
1,hpa-poisson-909-8fa3df7f,000322,177.83841,2026-08-31T22:34:22.614+00:00,2026-08-31T22:34:22.573+00:00,2026-08-31T22:34:22.577+00:00,2026-08-31T22:34:22.577+00:00,2026-08-31T22:34:22.783+00:00,2026-08-31T22:34:22.783+00:00,0.109335,0.20563046499955817,sqs-worker-5986dcd897-7sl5v,ip-192-168-20-201.ec2.internal,144438ff90e1db9ec5cc214f4e9ed00aa24b3b68d907d5fc8cb6e8f12e7eada2,1,4.0,210.0
1,hpa-poisson-909-8fa3df7f,000323,178.253464,2026-08-31T22:34:23.030+00:00,2026-08-31T22:34:22.982+00:00,2026-08-31T22:34:22.987+00:00,2026-08-31T22:34:22.987+00:00,2026-08-31T22:34:23.409+00:00,2026-08-31T22:34:23.409+00:00,0.08999,0.42164100999798393,sqs-worker-5986dcd897-8ccsd,ip-192-168-20-201.ec2.internal,bf7d7e99f8338d31a25115b7ec0bc44e6558c954f439191c87144d50c31e05e4,1,5.0,427.0
1,hpa-poisson-909-8fa3df7f,000324,178.265116,2026-08-31T22:34:23.041+00:00,2026-08-31T22:34:22.990+00:00,2026-08-31T22:34:22.994+00:00,2026-08-31T22:34:22.994+00:00,2026-08-31T22:34:23.569+00:00,2026-08-31T22:34:23.569+00:00,0.259783,0.5755334189998393,sqs-worker-5986dcd897-7sl5v,ip-192-168-20-201.ec2.internal,f786381ca3dbb3a06d14c305b51f0c40e214d870aed336b35b7571cbc85f7b45,1,4.0,579.0
1,hpa-poisson-909-8fa3df7f,000326,179.984119,2026-08-31T22:34:24.761+00:00,2026-08-31T22:34:24.711+00:00,2026-08-31T22:34:24.716+00:00,2026-08-31T22:34:24.716+00:00,2026-08-31T22:34:24.746+00:00,2026-08-31T22:34:24.746+00:00,0.030549,0.0306120679997548,sqs-worker-5986dcd897-7sl5v,ip-192-168-20-201.ec2.internal,7dbf75e6e65e233b4a3b4f2ee70464d7a280bd1d885576bb9db38eb10b94f795,1,5.0,35.0
1,hpa-poisson-909-8fa3df7f,000325,179.838892,2026-08-31T22:34:24.616+00:00,2026-08-31T22:34:24.565+00:00,2026-08-31T22:34:24.573+00:00,2026-08-31T22:34:24.573+00:00,2026-08-31T22:34:27.016+00:00,2026-08-31T22:34:27.016+00:00,0.988921,2.443688352999743,sqs-worker-5986dcd897-x8rdl,ip-192-168-20-201.ec2.internal,6d300837764a19230232d41bb63d6daaa6e45deba12612690f1542046a774f48,1,8.0,2451.0
