schema_version,experiment_id,job_id,trace_offset_s,producer_sent_at,sqs_sent_at,worker_received_at,processing_started_at,processing_finished_at,result_sent_at,service_cpu_seconds,processing_wall_seconds,pod_name,node_name,digest,receive_count,queue_wait_ms,end_to_end_ms
1,hpa-mmpp-808-ddfa18c1,000000,3.188918,2026-08-31T21:28:24.227+00:00,2026-08-31T21:28:24.268+00:00,2026-08-31T21:28:24.274+00:00,2026-08-31T21:28:24.274+00:00,2026-08-31T21:28:24.392+00:00,2026-08-31T21:28:24.392+00:00,0.058011,0.11721049699917785,sqs-worker-5986dcd897-x8rdl,ip-192-168-20-201.ec2.internal,476a06d44ba2c080ce58a05f5be4223f1ea0cbf68cc34007d34ab5467488457f,1,6.0,124.0
1,hpa-mmpp-808-ddfa18c1,000001,4.639395,2026-08-31T21:28:25.675+00:00,2026-08-31T21:28:25.716+00:00,2026-08-31T21:28:25.723+00:00,2026-08-31T21:28:25.723+00:00,2026-08-31T21:28:26.306+00:00,2026-08-31T21:28:26.306+00:00,0.263442,0.5832231790009246,sqs-worker-5986dcd897-x8rdl,ip-192-168-20-201.ec2.internal,d9ca23bfd4f736de2839e41165d4fd170ff07a046140a3556e22a3aa799c84b9,1,7.0,590.0
1,hpa-mmpp-808-ddfa18c1,000002,11.575059,2026-08-31T21:28:32.613+00:00,2026-08-31T21:28:33.177+00:00,2026-08-31T21:28:33.181+00:00,2026-08-31T21:28:33.181+00:00,2026-08-31T21:28:33.615+00:00,2026-08-31T21:28:33.615+00:00,0.191002,0.433481441999902,sqs-worker-5986dcd897-x8rdl,ip-192-168-20-201.ec2.internal,b2f60e6cc524b1b4a4c54bae2704406568a42a8cc6f8fee02d7203fda13115a0,1,4.0,438.0
1,hpa-mmpp-808-ddfa18c1,000003,12.250765,2026-08-31T21:28:33.286+00:00,2026-08-31T21:28:33.332+00:00,2026-08-31T21:28:33.633+00:00,2026-08-31T21:28:33.633+00:00,2026-08-31T21:28:33.699+00:00,2026-08-31T21:28:33.699+00:00,0.019804,0.06590103300186456,sqs-worker-5986dcd897-x8rdl,ip-192-168-20-201.ec2.internal,02cd4ad1717b390c89cae794052eae2e814f936d2e2673d782a78a4ccf607aae,1,301.0,367.0
1,hpa-mmpp-808-ddfa18c1,000004,13.331047,2026-08-31T21:28:34.366+00:00,2026-08-31T21:28:34.401+00:00,2026-08-31T21:28:34.406+00:00,2026-08-31T21:28:34.406+00:00,2026-08-31T21:28:34.437+00:00,2026-08-31T21:28:34.437+00:00,0.03174,0.03179868000006536,sqs-worker-5986dcd897-x8rdl,ip-192-168-20-201.ec2.internal,7d2d31eca16de7c18d5698884118529fc6c43fde404eac89bb29ca2362825c03,1,5.0,36.0
1,hpa-mmpp-808-ddfa18c1,000005,14.999534,2026-08-31T21:28:36.035+00:00,2026-08-31T21:28:36.074+00:00,2026-08-31T21:28:36.078+00:00,2026-08-31T21:28:36.078+00:00,2026-08-31T21:28:36.620+00:00,2026-08-31T21:28:36.620+00:00,0.237294,0.5415415549978206,sqs-worker-5986dcd897-x8rdl,ip-192-168-20-201.ec2.internal,745848dfdc59a96fa6b94acfa0f1450e7fb392f4a009d3ee7a4a3985c6dbb0ed,1,4.0,546.0
1,hpa-mmpp-808-ddfa18c1,000006,15.702024,2026-08-31T21:28:36.737+00:00,2026-08-31T21:28:36.773+00:00,2026-08-31T21:28:36.776+00:00,2026-08-31T21:28:36.776+00:00,2026-08-31T21:28:37.203+00:00,2026-08-31T21:28:37.203+00:00,0.188469,0.4267512609985715,sqs-worker-5986dcd897-x8rdl,ip-192-168-20-201.ec2.internal,002c54b39e11a914dbc6a1a91ca475cda6546fface4cbc80d22d98fc1effd85e,1,3.0,430.0
1,hpa-mmpp-808-ddfa18c1,000007,17.612481,2026-08-31T21:28:38.647+00:00,2026-08-31T21:28:38.683+00:00,2026-08-31T21:28:38.687+00:00,2026-08-31T21:28:38.687+00:00,2026-08-31T21:28:39.103+00:00,2026-08-31T21:28:39.103+00:00,0.180674,0.4164597560011316,sqs-worker-5986dcd897-x8rdl,ip-192-168-20-201.ec2.internal,eb862f6162ac172ab82f227d8cce67e9cf0d63a5a664633660b4da30bc97a7b3,1,4.0,420.0
1,hpa-mmpp-808-ddfa18c1,000008,21.012028,2026-08-31T21:28:42.050+00:00,2026-08-31T21:28:42.086+00:00,2026-08-31T21:28:42.092+00:00,2026-08-31T21:28:42.092+00:00,2026-08-31T21:28:42.701+00:00,2026-08-31T21:28:42.701+00:00,0.258563,0.6090798229997745,sqs-worker-5986dcd897-x8rdl,ip-192-168-20-201.ec2.internal,d416dd57089c411ec7683c1beeda644f0e4d0873005a38321f3648a27401f47b,1,6.0,615.0
1,hpa-mmpp-808-ddfa18c1,000009,21.38915,2026-08-31T21:28:42.424+00:00,2026-08-31T21:28:42.458+00:00,2026-08-31T21:28:42.730+00:00,2026-08-31T21:28:42.730+00:00,2026-08-31T21:28:43.083+00:00,2026-08-31T21:28:43.083+00:00,0.137919,0.35372762300175964,sqs-worker-5986dcd897-x8rdl,ip-192-168-20-201.ec2.internal,34e98d0ce12bcc689b47a3a5d6c3c5dc685fb7cdda529628fd72783ac058dfc0,1,272.0,625.0
1,hpa-mmpp-808-ddfa18c1,000010,22.036588,2026-08-31T21:28:43.071+00:00,2026-08-31T21:28:43.109+00:00,2026-08-31T21:28:43.124+00:00,2026-08-31T21:28:43.125+00:00,2026-08-31T21:28:43.612+00:00,2026-08-31T21:28:43.613+00:00,0.224682,0.48804788200141047,sqs-worker-5986dcd897-x8rdl,ip-192-168-20-201.ec2.internal,41f727654d1140a7f39b66bca06ee65b437d7249fdf7f8385838f35362ac158f,1,15.0,503.0
1,hpa-mmpp-808-ddfa18c1,000013,22.487386,2026-08-31T21:28:43.522+00:00,2026-08-31T21:28:43.557+00:00,2026-08-31T21:28:43.633+00:00,2026-08-31T21:28:43.633+00:00,2026-08-31T21:28:43.794+00:00,2026-08-31T21:28:43.794+00:00,0.057164,0.16090632399937022,sqs-worker-5986dcd897-x8rdl,ip-192-168-20-201.ec2.internal,582500142ccd3dfb5a8800d7df20c5b9e3f5e6b970ee6068d70637ead5ad7ae3,1,76.0,237.0
1,hpa-mmpp-808-ddfa18c1,000012,22.264715,2026-08-31T21:28:43.299+00:00,2026-08-31T21:28:43.343+00:00,2026-08-31T21:28:43.814+00:00,2026-08-31T21:28:43.814+00:00,2026-08-31T21:28:44.595+00:00,2026-08-31T21:28:44.596+00:00,0.317565,0.7814330879991758,sqs-worker-5986dcd897-x8rdl,ip-192-168-20-201.ec2.internal,42249f969c7881d931030ec6a1a9cb1f6da509d2553eb3ac7d2dbf6639af8051,1,471.0,1252.0
1,hpa-mmpp-808-ddfa18c1,000011,22.244851,2026-08-31T21:28:43.279+00:00,2026-08-31T21:28:43.316+00:00,2026-08-31T21:28:44.662+00:00,2026-08-31T21:28:44.662+00:00,2026-08-31T21:28:45.786+00:00,2026-08-31T21:28:45.786+00:00,0.466891,1.1241919639978732,sqs-worker-5986dcd897-x8rdl,ip-192-168-20-201.ec2.internal,32eb7a06d11eeec9db411567872cabd5dee0a693f6a16d21bc5f8324bd74b213,1,1346.0,2470.0
1,hpa-mmpp-808-ddfa18c1,000017,24.124191,2026-08-31T21:28:45.159+00:00,2026-08-31T21:28:45.196+00:00,2026-08-31T21:28:45.810+00:00,2026-08-31T21:28:45.810+00:00,2026-08-31T21:28:47.404+00:00,2026-08-31T21:28:47.404+00:00,0.646962,1.5937586030013335,sqs-worker-5986dcd897-x8rdl,ip-192-168-20-201.ec2.internal,91425fd21aa8b8d5d1b753b45ce95ed61ff5d1d481e2dbef7f7f914f48916313,1,614.0,2208.0
1,hpa-mmpp-808-ddfa18c1,000016,23.679004,2026-08-31T21:28:44.713+00:00,2026-08-31T21:28:44.752+00:00,2026-08-31T21:28:47.425+00:00,2026-08-31T21:28:47.425+00:00,2026-08-31T21:28:47.508+00:00,2026-08-31T21:28:47.508+00:00,0.040186,0.08234733999779564,sqs-worker-5986dcd897-x8rdl,ip-192-168-20-201.ec2.internal,9e9bfee85fd8ff0d5a9103fac9de86f0f96801a815e1f613cc22ab515ae59921,1,2673.0,2756.0
1,hpa-mmpp-808-ddfa18c1,000018,26.082219,2026-08-31T21:28:47.118+00:00,2026-08-31T21:28:47.166+00:00,2026-08-31T21:28:47.539+00:00,2026-08-31T21:28:47.539+00:00,2026-08-31T21:28:47.817+00:00,2026-08-31T21:28:47.817+00:00,0.125025,0.27836829899752047,sqs-worker-5986dcd897-x8rdl,ip-192-168-20-201.ec2.internal,f949d24839095eff1c94f0161caab120e03109b83f19c8f256f7973430c5e5fe,1,373.0,651.0
1,hpa-mmpp-808-ddfa18c1,000015,23.350436,2026-08-31T21:28:44.385+00:00,2026-08-31T21:28:44.423+00:00,2026-08-31T21:28:47.975+00:00,2026-08-31T21:28:47.975+00:00,2026-08-31T21:28:47.998+00:00,2026-08-31T21:28:47.998+00:00,0.016577,0.023697756998444675,sqs-worker-5986dcd897-x8rdl,ip-192-168-20-201.ec2.internal,7322303375237a9c1874650fd36b6daba56c6451259ec5db2bef807273059cc8,1,3552.0,3575.0
1,hpa-mmpp-808-ddfa18c1,000014,23.340973,2026-08-31T21:28:44.376+00:00,2026-08-31T21:28:44.420+00:00,2026-08-31T21:28:47.853+00:00,2026-08-31T21:28:47.854+00:00,2026-08-31T21:28:47.918+00:00,2026-08-31T21:28:47.918+00:00,0.036637,0.06441741800153977,sqs-worker-5986dcd897-x8rdl,ip-192-168-20-201.ec2.internal,652e28ae5344324b49f7c597c239648811e15d7111035d0c04aff2831b388263,1,3433.0,3498.0
1,hpa-mmpp-808-ddfa18c1,000019,32.896288,2026-08-31T21:28:53.935+00:00,2026-08-31T21:28:53.974+00:00,2026-08-31T21:28:53.978+00:00,2026-08-31T21:28:53.978+00:00,2026-08-31T21:28:54.589+00:00,2026-08-31T21:28:54.589+00:00,0.24533,0.611033202996623,sqs-worker-5986dcd897-x8rdl,ip-192-168-20-201.ec2.internal,ce5b885c06be3c127739a456e544cab32888ddb02d99a9f3084657036c205c5c,1,4.0,615.0
1,hpa-mmpp-808-ddfa18c1,000020,36.580538,2026-08-31T21:28:57.615+00:00,2026-08-31T21:28:57.655+00:00,2026-08-31T21:28:57.659+00:00,2026-08-31T21:28:57.659+00:00,2026-08-31T21:28:58.086+00:00,2026-08-31T21:28:58.086+00:00,0.189696,0.42694251899956726,sqs-worker-5986dcd897-x8rdl,ip-192-168-20-201.ec2.internal,c325bd61ef96b9c1f630fa076811e7d65d074a37d47aaa8ab0363e20e9d5173e,1,4.0,431.0
1,hpa-mmpp-808-ddfa18c1,000021,40.493448,2026-08-31T21:29:01.528+00:00,2026-08-31T21:29:01.565+00:00,2026-08-31T21:29:01.570+00:00,2026-08-31T21:29:01.570+00:00,2026-08-31T21:29:01.610+00:00,2026-08-31T21:29:01.610+00:00,0.038367,0.04071144399858895,sqs-worker-5986dcd897-x8rdl,ip-192-168-20-201.ec2.internal,b29b7470fb50940dd077f76dc53ae51647501c46f0ee82ae440382d8aa1355c9,1,5.0,45.0
1,hpa-mmpp-808-ddfa18c1,000022,41.206528,2026-08-31T21:29:02.240+00:00,2026-08-31T21:29:02.278+00:00,2026-08-31T21:29:02.282+00:00,2026-08-31T21:29:02.282+00:00,2026-08-31T21:29:02.300+00:00,2026-08-31T21:29:02.300+00:00,0.017632,0.01768886599893449,sqs-worker-5986dcd897-x8rdl,ip-192-168-20-201.ec2.internal,0ebdb6d35da75e3b0baf8794c9432abd8bd5a439fab13985f14f3a9f827146b7,1,4.0,22.0
1,hpa-mmpp-808-ddfa18c1,000023,43.641926,2026-08-31T21:29:04.677+00:00,2026-08-31T21:29:04.716+00:00,2026-08-31T21:29:04.722+00:00,2026-08-31T21:29:04.722+00:00,2026-08-31T21:29:05.889+00:00,2026-08-31T21:29:05.889+00:00,0.482699,1.1671555360007915,sqs-worker-5986dcd897-5ksk9,ip-192-168-20-201.ec2.internal,2156a7ed58120ca03ca7a9bcc5db61568f8de155f902b4ad7e7372e1f96d14b5,1,6.0,1173.0
1,hpa-mmpp-808-ddfa18c1,000024,49.626699,2026-08-31T21:29:10.665+00:00,2026-08-31T21:29:10.703+00:00,2026-08-31T21:29:10.716+00:00,2026-08-31T21:29:10.716+00:00,2026-08-31T21:29:10.987+00:00,2026-08-31T21:29:10.987+00:00,0.120967,0.27108102399870404,sqs-worker-5986dcd897-5ksk9,ip-192-168-20-201.ec2.internal,6ac4a68f19c0f2d80857c51d109df4ce82804f0e3f3ae946ed7f48a2a400cc42,1,13.0,284.0
1,hpa-mmpp-808-ddfa18c1,000025,57.204529,2026-08-31T21:29:18.243+00:00,2026-08-31T21:29:18.281+00:00,2026-08-31T21:29:18.286+00:00,2026-08-31T21:29:18.286+00:00,2026-08-31T21:29:18.992+00:00,2026-08-31T21:29:18.992+00:00,0.290174,0.7060695349973685,sqs-worker-5986dcd897-x8rdl,ip-192-168-20-201.ec2.internal,9a9ad8a5b42d6f695984d2942390750e72327cfbee454d015d4cff83a5165670,1,5.0,711.0
1,hpa-mmpp-808-ddfa18c1,000026,58.992178,2026-08-31T21:29:20.027+00:00,2026-08-31T21:29:20.063+00:00,2026-08-31T21:29:20.067+00:00,2026-08-31T21:29:20.067+00:00,2026-08-31T21:29:20.553+00:00,2026-08-31T21:29:20.553+00:00,0.216371,0.48581293700044625,sqs-worker-5986dcd897-5ksk9,ip-192-168-20-201.ec2.internal,61f7ef73236b411e56fc1572e2544a2c8a3adbb5784079d71c25943024429396,1,4.0,490.0
1,hpa-mmpp-808-ddfa18c1,000027,65.803229,2026-08-31T21:29:26.842+00:00,2026-08-31T21:29:26.880+00:00,2026-08-31T21:29:26.885+00:00,2026-08-31T21:29:26.885+00:00,2026-08-31T21:29:26.910+00:00,2026-08-31T21:29:26.910+00:00,0.025632,0.02567240299686091,sqs-worker-5986dcd897-5ksk9,ip-192-168-20-201.ec2.internal,1c4491b53ace5560ece9a70e494c5050a62cd3e6ea1c90107405337459aa5e55,1,5.0,30.0
1,hpa-mmpp-808-ddfa18c1,000028,66.087337,2026-08-31T21:29:27.119+00:00,2026-08-31T21:29:27.157+00:00,2026-08-31T21:29:27.171+00:00,2026-08-31T21:29:27.171+00:00,2026-08-31T21:29:27.604+00:00,2026-08-31T21:29:27.604+00:00,0.193834,0.433309691001341,sqs-worker-5986dcd897-5ksk9,ip-192-168-20-201.ec2.internal,d70116db0b8d018d55f093ce24e33eda1cac9a50bbeea0f4fd57a749200c1751,1,14.0,447.0
1,hpa-mmpp-808-ddfa18c1,000029,67.885852,2026-08-31T21:29:28.919+00:00,2026-08-31T21:29:28.956+00:00,2026-08-31T21:29:28.960+00:00,2026-08-31T21:29:28.960+00:00,2026-08-31T21:29:28.968+00:00,2026-08-31T21:29:28.968+00:00,0.008195,0.008235121000325307,sqs-worker-5986dcd897-5ksk9,ip-192-168-20-201.ec2.internal,4e57a2eb236b7bd4ec32c25a84b0d96c2dabecd17ea736fdb7198baef36bfc9e,1,4.0,12.0
1,hpa-mmpp-808-ddfa18c1,000030,69.216343,2026-08-31T21:29:30.249+00:00,2026-08-31T21:29:30.288+00:00,2026-08-31T21:29:30.293+00:00,2026-08-31T21:29:30.293+00:00,2026-08-31T21:29:30.495+00:00,2026-08-31T21:29:30.495+00:00,0.045978,0.20209017100205529,sqs-worker-5986dcd897-x8rdl,ip-192-168-20-201.ec2.internal,5ebfd40e3a4dc5bff7ee177e54a17a445f3047d4d8d3ab903d48e861bb4fe8e1,1,5.0,207.0
1,hpa-mmpp-808-ddfa18c1,000031,70.107007,2026-08-31T21:29:31.139+00:00,2026-08-31T21:29:31.182+00:00,2026-08-31T21:29:31.188+00:00,2026-08-31T21:29:31.188+00:00,2026-08-31T21:29:31.227+00:00,2026-08-31T21:29:31.227+00:00,0.039215,0.039391330999933416,sqs-worker-5986dcd897-x8rdl,ip-192-168-20-201.ec2.internal,0b9286f2e7a3dd9ff7d043e8b97976c5532960d53b4e077bc6b7363464f8fc9f,1,6.0,45.0
1,hpa-mmpp-808-ddfa18c1,000032,70.244872,2026-08-31T21:29:31.276+00:00,2026-08-31T21:29:31.314+00:00,2026-08-31T21:29:31.330+00:00,2026-08-31T21:29:31.330+00:00,2026-08-31T21:29:31.398+00:00,2026-08-31T21:29:31.398+00:00,0.041367,0.06821748899892555,sqs-worker-5986dcd897-5ksk9,ip-192-168-20-201.ec2.internal,c1734abc6da27e0bd72092d10ca2408a56d04470a8739a47547c1fd92c71f338,1,16.0,84.0
1,hpa-mmpp-808-ddfa18c1,000033,70.298861,2026-08-31T21:29:31.330+00:00,2026-08-31T21:29:31.368+00:00,2026-08-31T21:29:31.373+00:00,2026-08-31T21:29:31.373+00:00,2026-08-31T21:29:31.590+00:00,2026-08-31T21:29:31.590+00:00,0.098653,0.21768625800177688,sqs-worker-5986dcd897-x8rdl,ip-192-168-20-201.ec2.internal,c30a4ca73af6d088e0d89d08f4224f76a1f2ac12cc6d57c509d2cba39614c360,1,5.0,222.0
1,hpa-mmpp-808-ddfa18c1,000034,70.477203,2026-08-31T21:29:31.509+00:00,2026-08-31T21:29:31.546+00:00,2026-08-31T21:29:31.551+00:00,2026-08-31T21:29:31.551+00:00,2026-08-31T21:29:32.159+00:00,2026-08-31T21:29:32.159+00:00,0.265078,0.6083577839999634,sqs-worker-5986dcd897-5ksk9,ip-192-168-20-201.ec2.internal,16b63811cd75f694ee9c391af250c3de575fbb0f5cafefd1481619d2355b35c7,1,5.0,613.0
1,hpa-mmpp-808-ddfa18c1,000036,70.943584,2026-08-31T21:29:31.975+00:00,2026-08-31T21:29:32.013+00:00,2026-08-31T21:29:32.189+00:00,2026-08-31T21:29:32.189+00:00,2026-08-31T21:29:32.202+00:00,2026-08-31T21:29:32.202+00:00,0.012228,0.012286731001950102,sqs-worker-5986dcd897-5ksk9,ip-192-168-20-201.ec2.internal,9a01bc60d6a0798903ceb07dbb0b4acd8e6e60c570967262b20f2bcd14b16a6a,1,176.0,189.0
1,hpa-mmpp-808-ddfa18c1,000037,70.945102,2026-08-31T21:29:31.977+00:00,2026-08-31T21:29:32.015+00:00,2026-08-31T21:29:32.252+00:00,2026-08-31T21:29:32.253+00:00,2026-08-31T21:29:32.488+00:00,2026-08-31T21:29:32.488+00:00,0.105777,0.235934742999234,sqs-worker-5986dcd897-5ksk9,ip-192-168-20-201.ec2.internal,3802ed0ef58758bb8620a330716c06c8d1a9990e7f726b49dc316c1ba03be53a,1,237.0,473.0
1,hpa-mmpp-808-ddfa18c1,000035,70.734369,2026-08-31T21:29:31.766+00:00,2026-08-31T21:29:31.847+00:00,2026-08-31T21:29:31.862+00:00,2026-08-31T21:29:31.862+00:00,2026-08-31T21:29:32.317+00:00,2026-08-31T21:29:32.317+00:00,0.208818,0.4551292620017193,sqs-worker-5986dcd897-x8rdl,ip-192-168-20-201.ec2.internal,37cb129c5b119b8a40f281336a97087f74d43bc04f7a0e6d1a0225fc35f7eca1,1,15.0,470.0
1,hpa-mmpp-808-ddfa18c1,000038,71.142211,2026-08-31T21:29:32.174+00:00,2026-08-31T21:29:32.208+00:00,2026-08-31T21:29:32.333+00:00,2026-08-31T21:29:32.333+00:00,2026-08-31T21:29:34.424+00:00,2026-08-31T21:29:34.424+00:00,0.832698,2.0906296099965402,sqs-worker-5986dcd897-x8rdl,ip-192-168-20-201.ec2.internal,a903fddcd345e7d12c217279ee91b1ebddb64300924058a45b3138154874e766,1,125.0,2216.0
1,hpa-mmpp-808-ddfa18c1,000039,72.971468,2026-08-31T21:29:34.005+00:00,2026-08-31T21:29:34.041+00:00,2026-08-31T21:29:34.096+00:00,2026-08-31T21:29:34.096+00:00,2026-08-31T21:29:35.004+00:00,2026-08-31T21:29:35.004+00:00,0.171722,0.9080219049974403,sqs-worker-5986dcd897-5ksk9,ip-192-168-20-201.ec2.internal,b3725953a12d4135ef2ab4cca5afab2b6d0a24f18bd00809cc4514ede7da6906,1,55.0,963.0
1,hpa-mmpp-808-ddfa18c1,000040,76.265398,2026-08-31T21:29:37.300+00:00,2026-08-31T21:29:37.337+00:00,2026-08-31T21:29:37.340+00:00,2026-08-31T21:29:37.341+00:00,2026-08-31T21:29:38.252+00:00,2026-08-31T21:29:38.252+00:00,0.37418,0.9115934440014826,sqs-worker-5986dcd897-5ksk9,ip-192-168-20-201.ec2.internal,8a616786fadf0184a2a147fadcf03e89fc0ea3756fc1fe8f637443bdd7c0c3b0,1,3.0,915.0
1,hpa-mmpp-808-ddfa18c1,000041,76.551901,2026-08-31T21:29:37.584+00:00,2026-08-31T21:29:37.623+00:00,2026-08-31T21:29:37.626+00:00,2026-08-31T21:29:37.626+00:00,2026-08-31T21:29:38.492+00:00,2026-08-31T21:29:38.492+00:00,0.368977,0.8657730880004237,sqs-worker-5986dcd897-x8rdl,ip-192-168-20-201.ec2.internal,821ed9d8d4d02263c58d3333baa417c01f63af2506715adb3c748e1fa422f990,1,3.0,869.0
1,hpa-mmpp-808-ddfa18c1,000042,77.478512,2026-08-31T21:29:38.510+00:00,2026-08-31T21:29:38.545+00:00,2026-08-31T21:29:38.549+00:00,2026-08-31T21:29:38.549+00:00,2026-08-31T21:29:38.990+00:00,2026-08-31T21:29:38.990+00:00,0.193956,0.44080774799658684,sqs-worker-5986dcd897-x8rdl,ip-192-168-20-201.ec2.internal,d3274226c9a08fc683d5ae09736c73d67c2e01a72ed3246294702a4a7f31edcb,1,4.0,445.0
1,hpa-mmpp-808-ddfa18c1,000043,81.409431,2026-08-31T21:29:42.442+00:00,2026-08-31T21:29:42.476+00:00,2026-08-31T21:29:42.481+00:00,2026-08-31T21:29:42.481+00:00,2026-08-31T21:29:42.603+00:00,2026-08-31T21:29:42.603+00:00,0.062363,0.12239578699882259,sqs-worker-5986dcd897-5ksk9,ip-192-168-20-201.ec2.internal,89f2c4f0bc2812d9de9c94783e1654a744d5d298ab6f81ce0f4f6ee8b01bc57f,1,5.0,127.0
1,hpa-mmpp-808-ddfa18c1,000044,84.267525,2026-08-31T21:29:45.302+00:00,2026-08-31T21:29:45.344+00:00,2026-08-31T21:29:45.348+00:00,2026-08-31T21:29:45.348+00:00,2026-08-31T21:29:45.371+00:00,2026-08-31T21:29:45.371+00:00,0.02362,0.023674505999224493,sqs-worker-5986dcd897-5ksk9,ip-192-168-20-201.ec2.internal,20ac14422fed21b4c88b5e3948bef8518aa131c077c8ce411784e94aeac10223,1,4.0,27.0
1,hpa-mmpp-808-ddfa18c1,000046,85.781548,2026-08-31T21:29:46.813+00:00,2026-08-31T21:29:46.850+00:00,2026-08-31T21:29:46.854+00:00,2026-08-31T21:29:46.854+00:00,2026-08-31T21:29:47.193+00:00,2026-08-31T21:29:47.193+00:00,0.156848,0.33863275600015186,sqs-worker-5986dcd897-x8rdl,ip-192-168-20-201.ec2.internal,c004db95190f3ad6eb9fa0402f259bb607abc4d8ef0dd168c5456fb9275a2d65,1,4.0,343.0
1,hpa-mmpp-808-ddfa18c1,000047,85.896082,2026-08-31T21:29:46.928+00:00,2026-08-31T21:29:46.961+00:00,2026-08-31T21:29:47.217+00:00,2026-08-31T21:29:47.217+00:00,2026-08-31T21:29:47.596+00:00,2026-08-31T21:29:47.596+00:00,0.150471,0.3788463450000563,sqs-worker-5986dcd897-x8rdl,ip-192-168-20-201.ec2.internal,9a8221db0465a1955a05950a73ee886fd27ca6e19591d53945d106dc5582722f,1,256.0,635.0
1,hpa-mmpp-808-ddfa18c1,000045,85.542162,2026-08-31T21:29:46.574+00:00,2026-08-31T21:29:46.610+00:00,2026-08-31T21:29:46.613+00:00,2026-08-31T21:29:46.613+00:00,2026-08-31T21:29:47.593+00:00,2026-08-31T21:29:47.593+00:00,0.401754,0.9798603479976009,sqs-worker-5986dcd897-5ksk9,ip-192-168-20-201.ec2.internal,fb0a8c5d2fdc80e8f9c4c5e28cffcdd2d284e2386ef192f5f583d4c84268253e,1,3.0,983.0
1,hpa-mmpp-808-ddfa18c1,000049,86.513287,2026-08-31T21:29:47.545+00:00,2026-08-31T21:29:47.579+00:00,2026-08-31T21:29:47.610+00:00,2026-08-31T21:29:47.610+00:00,2026-08-31T21:29:48.847+00:00,2026-08-31T21:29:48.847+00:00,0.510074,1.2363876739982516,sqs-worker-5986dcd897-5ksk9,ip-192-168-20-201.ec2.internal,ff323f8e38aefaa16b4521e7a997a9378f50b9a9d6c19c0bc61114038dcc2357,1,31.0,1268.0
1,hpa-mmpp-808-ddfa18c1,000052,86.913275,2026-08-31T21:29:47.945+00:00,2026-08-31T21:29:47.984+00:00,2026-08-31T21:29:48.877+00:00,2026-08-31T21:29:48.877+00:00,2026-08-31T21:29:49.089+00:00,2026-08-31T21:29:49.089+00:00,0.08285,0.21216144500067458,sqs-worker-5986dcd897-5ksk9,ip-192-168-20-201.ec2.internal,eeffe25afd44f9ab3822220992ef4414092175237b8c18f22c224c6f59e92163,1,893.0,1105.0
1,hpa-mmpp-808-ddfa18c1,000048,86.321629,2026-08-31T21:29:47.354+00:00,2026-08-31T21:29:47.388+00:00,2026-08-31T21:29:47.640+00:00,2026-08-31T21:29:47.640+00:00,2026-08-31T21:29:49.214+00:00,2026-08-31T21:29:49.214+00:00,0.655611,1.5742669159990328,sqs-worker-5986dcd897-x8rdl,ip-192-168-20-201.ec2.internal,dd258ef862560477f190e31c34d52566ee6b77e23112d63ee4d43a7bc3a473cb,1,252.0,1826.0
1,hpa-mmpp-808-ddfa18c1,000053,88.126746,2026-08-31T21:29:49.159+00:00,2026-08-31T21:29:49.202+00:00,2026-08-31T21:29:49.261+00:00,2026-08-31T21:29:49.261+00:00,2026-08-31T21:29:49.278+00:00,2026-08-31T21:29:49.278+00:00,0.005325,0.01702795700111892,sqs-worker-5986dcd897-x8rdl,ip-192-168-20-201.ec2.internal,e0ac911403b144efdb29832267556e1f6177c68945046d1330740ee1a304ce23,1,59.0,76.0
1,hpa-mmpp-808-ddfa18c1,000050,86.658187,2026-08-31T21:29:47.690+00:00,2026-08-31T21:29:47.729+00:00,2026-08-31T21:29:48.285+00:00,2026-08-31T21:29:48.285+00:00,2026-08-31T21:29:49.875+00:00,2026-08-31T21:29:49.875+00:00,0.390786,1.5905169840007147,sqs-worker-5986dcd897-qjf2j,ip-192-168-20-201.ec2.internal,0e7bab12de636b43c4074d4b8dc34710a737fb3f5fbd0ab71c0bc7094b5de5b5,1,556.0,2146.0
1,hpa-mmpp-808-ddfa18c1,000051,86.750234,2026-08-31T21:29:47.782+00:00,2026-08-31T21:29:48.309+00:00,2026-08-31T21:29:49.135+00:00,2026-08-31T21:29:49.135+00:00,2026-08-31T21:29:50.012+00:00,2026-08-31T21:29:50.012+00:00,0.366383,0.8768913979984063,sqs-worker-5986dcd897-5ksk9,ip-192-168-20-201.ec2.internal,0b4b530b68219030c6710da05f9466cb98d7392b61861885ab7c9c00cb0f2c12,1,826.0,1703.0
1,hpa-mmpp-808-ddfa18c1,000055,88.654334,2026-08-31T21:29:49.686+00:00,2026-08-31T21:29:49.724+00:00,2026-08-31T21:29:50.064+00:00,2026-08-31T21:29:50.064+00:00,2026-08-31T21:29:51.201+00:00,2026-08-31T21:29:51.201+00:00,0.470046,1.1373309080008767,sqs-worker-5986dcd897-5ksk9,ip-192-168-20-201.ec2.internal,8cde700df92c4963ea0e30a132cb5fdfd6a063f93a1bd296c84a4859fd13be15,1,340.0,1477.0
1,hpa-mmpp-808-ddfa18c1,000056,88.787642,2026-08-31T21:29:49.819+00:00,2026-08-31T21:29:49.857+00:00,2026-08-31T21:29:51.224+00:00,2026-08-31T21:29:51.224+00:00,2026-08-31T21:29:51.455+00:00,2026-08-31T21:29:51.455+00:00,0.102117,0.23102250599913532,sqs-worker-5986dcd897-5ksk9,ip-192-168-20-201.ec2.internal,25faaa09bc05246b580d8d22a3a9cf300d4728a4e2cda2f2369f681dd90b23cf,1,1367.0,1598.0
1,hpa-mmpp-808-ddfa18c1,000057,88.834814,2026-08-31T21:29:49.866+00:00,2026-08-31T21:29:49.902+00:00,2026-08-31T21:29:49.937+00:00,2026-08-31T21:29:49.937+00:00,2026-08-31T21:29:52.034+00:00,2026-08-31T21:29:52.034+00:00,0.437741,2.0975404999990133,sqs-worker-5986dcd897-qjf2j,ip-192-168-20-201.ec2.internal,9abd3ae8a83ab4bc7a2300414685d5807de8f0d156c38b736243d7b7916e3094,1,35.0,2132.0
1,hpa-mmpp-808-ddfa18c1,000061,89.739687,2026-08-31T21:29:50.772+00:00,2026-08-31T21:29:50.815+00:00,2026-08-31T21:29:52.052+00:00,2026-08-31T21:29:52.052+00:00,2026-08-31T21:29:52.071+00:00,2026-08-31T21:29:52.071+00:00,0.008233,0.01898937299847603,sqs-worker-5986dcd897-qjf2j,ip-192-168-20-201.ec2.internal,d5ee4da6d25879ac94f00c7ad765401c7e20257bbc0fb05d7d0933261d12c115,1,1237.0,1256.0
1,hpa-mmpp-808-ddfa18c1,000062,89.790086,2026-08-31T21:29:50.822+00:00,2026-08-31T21:29:50.861+00:00,2026-08-31T21:29:52.094+00:00,2026-08-31T21:29:52.094+00:00,2026-08-31T21:29:52.437+00:00,2026-08-31T21:29:52.437+00:00,0.146061,0.34329561200138414,sqs-worker-5986dcd897-qjf2j,ip-192-168-20-201.ec2.internal,1a7840e3ea6f69b3ed53934edf0b8c7cba12f26098e5bd29d605046084324a69,1,1233.0,1576.0
1,hpa-mmpp-808-ddfa18c1,000059,88.925386,2026-08-31T21:29:49.957+00:00,2026-08-31T21:29:50.502+00:00,2026-08-31T21:29:51.493+00:00,2026-08-31T21:29:51.493+00:00,2026-08-31T21:29:52.605+00:00,2026-08-31T21:29:52.605+00:00,0.446498,1.1114817260022392,sqs-worker-5986dcd897-5ksk9,ip-192-168-20-201.ec2.internal,ae72795605163e0b1e58af3dec7849c06822f64e61d1716b5e324a8c182b3dbb,1,991.0,2103.0
1,hpa-mmpp-808-ddfa18c1,000060,89.399615,2026-08-31T21:29:50.432+00:00,2026-08-31T21:29:50.467+00:00,2026-08-31T21:29:52.467+00:00,2026-08-31T21:29:52.467+00:00,2026-08-31T21:29:52.840+00:00,2026-08-31T21:29:52.840+00:00,0.157826,0.37272389300051145,sqs-worker-5986dcd897-qjf2j,ip-192-168-20-201.ec2.internal,e2e53bee2d91e5a624325f591aa93f21ad470e1dda8d2dc4c0e034431161a674,1,2000.0,2373.0
1,hpa-mmpp-808-ddfa18c1,000058,88.892339,2026-08-31T21:29:49.925+00:00,2026-08-31T21:29:49.962+00:00,2026-08-31T21:29:52.628+00:00,2026-08-31T21:29:52.628+00:00,2026-08-31T21:29:53.448+00:00,2026-08-31T21:29:53.448+00:00,0.335299,0.8198027379985433,sqs-worker-5986dcd897-5ksk9,ip-192-168-20-201.ec2.internal,44440cd4a5b4ff2565477f9433d0fa9f07b5521a5470aa7d48059a8019a39106,1,2666.0,3486.0
1,hpa-mmpp-808-ddfa18c1,000054,88.543778,2026-08-31T21:29:49.576+00:00,2026-08-31T21:29:49.610+00:00,2026-08-31T21:29:49.618+00:00,2026-08-31T21:29:49.618+00:00,2026-08-31T21:29:53.194+00:00,2026-08-31T21:29:53.194+00:00,0.75349,3.575950660997478,sqs-worker-5986dcd897-x8rdl,ip-192-168-20-201.ec2.internal,c9a5606a3a0408329b9fcba74a3a2f18a48f18e5e412b5500c08aa2e107bb671,1,8.0,3584.0
1,hpa-mmpp-808-ddfa18c1,000069,92.102583,2026-08-31T21:29:53.133+00:00,2026-08-31T21:29:53.176+00:00,2026-08-31T21:29:53.209+00:00,2026-08-31T21:29:53.209+00:00,2026-08-31T21:29:53.996+00:00,2026-08-31T21:29:53.996+00:00,0.326257,0.7865783189990907,sqs-worker-5986dcd897-x8rdl,ip-192-168-20-201.ec2.internal,0cdd1f12850befd79761d38dcec26a267d752b48cc075dde1c5dc6bc03c9bca7,1,33.0,820.0
1,hpa-mmpp-808-ddfa18c1,000065,90.34266,2026-08-31T21:29:51.373+00:00,2026-08-31T21:29:51.410+00:00,2026-08-31T21:29:53.861+00:00,2026-08-31T21:29:53.861+00:00,2026-08-31T21:29:54.152+00:00,2026-08-31T21:29:54.152+00:00,0.101233,0.2918364079996536,sqs-worker-5986dcd897-qjf2j,ip-192-168-20-201.ec2.internal,4c592941b219409a7872e88973f3203effb208f5e2c7e0a679c1023de217c775,1,2451.0,2742.0
1,hpa-mmpp-808-ddfa18c1,000072,92.324442,2026-08-31T21:29:53.354+00:00,2026-08-31T21:29:53.389+00:00,2026-08-31T21:29:53.463+00:00,2026-08-31T21:29:53.463+00:00,2026-08-31T21:29:54.302+00:00,2026-08-31T21:29:54.302+00:00,0.196423,0.8385743399994681,sqs-worker-5986dcd897-5ksk9,ip-192-168-20-201.ec2.internal,d30e5f206d3688db59dc8557d48db36dcf5bef941b1ad564157d46c6d98270ac,1,74.0,913.0
1,hpa-mmpp-808-ddfa18c1,000070,92.103698,2026-08-31T21:29:53.134+00:00,2026-08-31T21:29:53.173+00:00,2026-08-31T21:29:54.181+00:00,2026-08-31T21:29:54.181+00:00,2026-08-31T21:29:54.768+00:00,2026-08-31T21:29:54.768+00:00,0.238992,0.5869615160008834,sqs-worker-5986dcd897-qjf2j,ip-192-168-20-201.ec2.internal,3c7c1510916fb4f32162cb38b0567548d5ca02847ca852139b30f262c06d3687,1,1008.0,1595.0
1,hpa-mmpp-808-ddfa18c1,000076,92.78001,2026-08-31T21:29:53.810+00:00,2026-08-31T21:29:53.851+00:00,2026-08-31T21:29:54.738+00:00,2026-08-31T21:29:54.738+00:00,2026-08-31T21:29:55.019+00:00,2026-08-31T21:29:55.019+00:00,0.115109,0.2809102629980771,sqs-worker-5986dcd897-x8rdl,ip-192-168-20-201.ec2.internal,b854238539e2537ddb24dcc0a087b1550054e35951a2578e6ad9c1e5cfe50e2a,1,887.0,1168.0
1,hpa-mmpp-808-ddfa18c1,000064,90.134317,2026-08-31T21:29:51.165+00:00,2026-08-31T21:29:51.202+00:00,2026-08-31T21:29:52.877+00:00,2026-08-31T21:29:52.877+00:00,2026-08-31T21:29:53.143+00:00,2026-08-31T21:29:53.143+00:00,0.116721,0.2658204069994099,sqs-worker-5986dcd897-qjf2j,ip-192-168-20-201.ec2.internal,eb1f9c23d2b38a76e96d51c74dd7358ad5413a6eff7051b1c31ecc274263b250,1,1675.0,1941.0
1,hpa-mmpp-808-ddfa18c1,000063,89.808488,2026-08-31T21:29:50.840+00:00,2026-08-31T21:29:50.876+00:00,2026-08-31T21:29:53.183+00:00,2026-08-31T21:29:53.183+00:00,2026-08-31T21:29:53.474+00:00,2026-08-31T21:29:53.474+00:00,0.128455,0.2915760850009974,sqs-worker-5986dcd897-qjf2j,ip-192-168-20-201.ec2.internal,fdaa6447ceb338da75a0534f3e9291fd912fc52706d56324087327d5b8f35b54,1,2307.0,2598.0
1,hpa-mmpp-808-ddfa18c1,000068,90.75069,2026-08-31T21:29:51.781+00:00,2026-08-31T21:29:51.822+00:00,2026-08-31T21:29:53.508+00:00,2026-08-31T21:29:53.508+00:00,2026-08-31T21:29:53.836+00:00,2026-08-31T21:29:53.836+00:00,0.136678,0.32798521099903155,sqs-worker-5986dcd897-qjf2j,ip-192-168-20-201.ec2.internal,31c4326bee5edf3e3dc798c9d6b72aba38e3b2ad2cb6f22d16a0cb6e32f95bba,1,1686.0,2013.9999999999998
1,hpa-mmpp-808-ddfa18c1,000079,93.386197,2026-08-31T21:29:54.417+00:00,2026-08-31T21:29:54.454+00:00,2026-08-31T21:29:54.796+00:00,2026-08-31T21:29:54.796+00:00,2026-08-31T21:29:55.236+00:00,2026-08-31T21:29:55.236+00:00,0.181649,0.43922739299887326,sqs-worker-5986dcd897-qjf2j,ip-192-168-20-201.ec2.internal,bbeb59b4e81d100c55354f7634fe7a99393af57c0c6cd22ec66da0f5e596bd57,1,342.0,782.0
1,hpa-mmpp-808-ddfa18c1,000067,90.679663,2026-08-31T21:29:51.710+00:00,2026-08-31T21:29:51.743+00:00,2026-08-31T21:29:54.033+00:00,2026-08-31T21:29:54.033+00:00,2026-08-31T21:29:54.278+00:00,2026-08-31T21:29:54.278+00:00,0.087088,0.2447983350029972,sqs-worker-5986dcd897-x8rdl,ip-192-168-20-201.ec2.internal,140736a85ad9b726c776b8a490d42928cc31bd395f83b44713cb5bad286a54ce,1,2290.0,2535.0
1,hpa-mmpp-808-ddfa18c1,000066,90.644632,2026-08-31T21:29:51.675+00:00,2026-08-31T21:29:51.714+00:00,2026-08-31T21:29:54.301+00:00,2026-08-31T21:29:54.301+00:00,2026-08-31T21:29:54.526+00:00,2026-08-31T21:29:54.526+00:00,0.105301,0.2252854969992768,sqs-worker-5986dcd897-x8rdl,ip-192-168-20-201.ec2.internal,9516eec141a48b4c0821cbd606a89e4b921d914d302e1d5ef0522115e101e66d,1,2587.0,2812.0
1,hpa-mmpp-808-ddfa18c1,000073,92.349325,2026-08-31T21:29:53.379+00:00,2026-08-31T21:29:53.416+00:00,2026-08-31T21:29:54.607+00:00,2026-08-31T21:29:54.607+00:00,2026-08-31T21:29:54.722+00:00,2026-08-31T21:29:54.722+00:00,0.059199,0.11511976499969023,sqs-worker-5986dcd897-x8rdl,ip-192-168-20-201.ec2.internal,65b776d130561844fc8724ad8fcb4123135260a4c0dc655353e25519eb0f0ed0,1,1191.0,1306.0
1,hpa-mmpp-808-ddfa18c1,000080,93.968094,2026-08-31T21:29:54.999+00:00,2026-08-31T21:29:55.037+00:00,2026-08-31T21:29:55.306+00:00,2026-08-31T21:29:55.306+00:00,2026-08-31T21:29:55.539+00:00,2026-08-31T21:29:55.539+00:00,0.096127,0.23349335900275037,sqs-worker-5986dcd897-qjf2j,ip-192-168-20-201.ec2.internal,d852630fb31dfed3277fd63ee0d58a660e8d7428056bd7f6b63ee49b3e074f59,1,269.0,502.0
1,hpa-mmpp-808-ddfa18c1,000077,92.829277,2026-08-31T21:29:53.859+00:00,2026-08-31T21:29:53.896+00:00,2026-08-31T21:29:56.044+00:00,2026-08-31T21:29:56.044+00:00,2026-08-31T21:29:56.195+00:00,2026-08-31T21:29:56.195+00:00,0.060493,0.151139482997678,sqs-worker-5986dcd897-x8rdl,ip-192-168-20-201.ec2.internal,74525fba1b74f92e6d6affbe43a7634fe70b9121b44447658d581dcc9e19f890,1,2148.0,2299.0
1,hpa-mmpp-808-ddfa18c1,000078,93.074483,2026-08-31T21:29:54.106+00:00,2026-08-31T21:29:54.147+00:00,2026-08-31T21:29:55.068+00:00,2026-08-31T21:29:55.069+00:00,2026-08-31T21:29:55.207+00:00,2026-08-31T21:29:55.207+00:00,0.072496,0.13891600799979642,sqs-worker-5986dcd897-x8rdl,ip-192-168-20-201.ec2.internal,a0e5bc530276ce1665fb868469cc62103059373a66431a634512ff67a0697c59,1,921.0,1060.0
1,hpa-mmpp-808-ddfa18c1,000087,95.780206,2026-08-31T21:29:56.810+00:00,2026-08-31T21:29:56.850+00:00,2026-08-31T21:29:56.855+00:00,2026-08-31T21:29:56.855+00:00,2026-08-31T21:29:56.934+00:00,2026-08-31T21:29:56.934+00:00,0.049282,0.07826373599891667,sqs-worker-5986dcd897-qjf2j,ip-192-168-20-201.ec2.internal,839c0044f24c6f86a9dd8e1ba8aaf6d8c83fc8c4a8b07f1c9bee54136c310135,1,5.0,84.0
1,hpa-mmpp-808-ddfa18c1,000090,96.022173,2026-08-31T21:29:57.052+00:00,2026-08-31T21:29:57.085+00:00,2026-08-31T21:29:57.095+00:00,2026-08-31T21:29:57.095+00:00,2026-08-31T21:29:57.193+00:00,2026-08-31T21:29:57.193+00:00,0.047149,0.09845671700168168,sqs-worker-5986dcd897-x8rdl,ip-192-168-20-201.ec2.internal,d0db6af579f5df035abc8de7be03a6438793abb3c73e166db7196a3ddc43d93f,1,10.0,108.0
1,hpa-mmpp-808-ddfa18c1,000083,94.444772,2026-08-31T21:29:55.475+00:00,2026-08-31T21:29:55.510+00:00,2026-08-31T21:29:55.558+00:00,2026-08-31T21:29:55.558+00:00,2026-08-31T21:29:56.675+00:00,2026-08-31T21:29:56.675+00:00,0.460613,1.1171920579981816,sqs-worker-5986dcd897-qjf2j,ip-192-168-20-201.ec2.internal,849b5a6338b5955d99f9ff2bf2ee40923457d22bee166198729babe0d236b4bd,1,48.0,1165.0
1,hpa-mmpp-808-ddfa18c1,000089,95.961293,2026-08-31T21:29:56.991+00:00,2026-08-31T21:29:57.025+00:00,2026-08-31T21:29:57.108+00:00,2026-08-31T21:29:57.109+00:00,2026-08-31T21:29:57.114+00:00,2026-08-31T21:29:57.114+00:00,0.005,0.005043119999754708,sqs-worker-5986dcd897-5ksk9,ip-192-168-20-201.ec2.internal,d481ce67915455ad8f552d423ebcfd2ea9362da9a8738998b61cfddc3d55d179,1,83.0,89.0
1,hpa-mmpp-808-ddfa18c1,000081,94.235209,2026-08-31T21:29:55.265+00:00,2026-08-31T21:29:55.303+00:00,2026-08-31T21:29:56.228+00:00,2026-08-31T21:29:56.228+00:00,2026-08-31T21:29:56.407+00:00,2026-08-31T21:29:56.407+00:00,0.08303,0.17885582400049316,sqs-worker-5986dcd897-x8rdl,ip-192-168-20-201.ec2.internal,8ecfe9e53293af91b93f7d62454c2588a7bfbdb830af61ca4560f32f8f94d21a,1,925.0,1104.0
1,hpa-mmpp-808-ddfa18c1,000074,92.373767,2026-08-31T21:29:53.404+00:00,2026-08-31T21:29:53.440+00:00,2026-08-31T21:29:54.396+00:00,2026-08-31T21:29:54.396+00:00,2026-08-31T21:29:56.546+00:00,2026-08-31T21:29:56.546+00:00,0.358067,2.15020432700112,sqs-worker-5986dcd897-5ksk9,ip-192-168-20-201.ec2.internal,e40cf9ebfa2a80b528a9b396bcc7321ca7e35dd7e2cc9ef0c00956a30a3f9e44,1,956.0,3106.0
1,hpa-mmpp-808-ddfa18c1,000086,95.681312,2026-08-31T21:29:56.712+00:00,2026-08-31T21:29:56.755+00:00,2026-08-31T21:29:56.759+00:00,2026-08-31T21:29:56.759+00:00,2026-08-31T21:29:57.081+00:00,2026-08-31T21:29:57.081+00:00,0.146967,0.32279561899849796,sqs-worker-5986dcd897-x8rdl,ip-192-168-20-201.ec2.internal,1da58fa1f320c8d481ebc305d9d7d967c037891c8437e828afb3e3b5242ec266,1,4.0,326.0
1,hpa-mmpp-808-ddfa18c1,000085,95.446829,2026-08-31T21:29:56.477+00:00,2026-08-31T21:29:56.514+00:00,2026-08-31T21:29:56.617+00:00,2026-08-31T21:29:56.617+00:00,2026-08-31T21:29:57.087+00:00,2026-08-31T21:29:57.087+00:00,0.167521,0.4695705580015783,sqs-worker-5986dcd897-5ksk9,ip-192-168-20-201.ec2.internal,731ecb24bbecb86a8b8a8b2512520ba593bf613da0c465b262409f0fa8c73690,1,103.0,573.0
1,hpa-mmpp-808-ddfa18c1,000094,98.297713,2026-08-31T21:29:59.328+00:00,2026-08-31T21:29:59.362+00:00,2026-08-31T21:29:59.367+00:00,2026-08-31T21:29:59.367+00:00,2026-08-31T21:29:59.518+00:00,2026-08-31T21:29:59.518+00:00,0.084842,0.15187074200002826,sqs-worker-5986dcd897-x8rdl,ip-192-168-20-201.ec2.internal,440197f691181ac59dd300b34eb1007ae9532f9871c6b0504c30be6db34bcf58,1,5.0,156.0
1,hpa-mmpp-808-ddfa18c1,000071,92.317986,2026-08-31T21:29:53.348+00:00,2026-08-31T21:29:53.386+00:00,2026-08-31T21:29:55.221+00:00,2026-08-31T21:29:55.221+00:00,2026-08-31T21:29:56.022+00:00,2026-08-31T21:29:56.022+00:00,0.317926,0.8009286189990235,sqs-worker-5986dcd897-x8rdl,ip-192-168-20-201.ec2.internal,ceba97d4d1429549ecd7e3ea477613dd4518d7ef3a13eec121ff4e6ce038a457,1,1835.0,2636.0
1,hpa-mmpp-808-ddfa18c1,000082,94.275425,2026-08-31T21:29:55.305+00:00,2026-08-31T21:29:55.340+00:00,2026-08-31T21:29:56.531+00:00,2026-08-31T21:29:56.531+00:00,2026-08-31T21:29:56.610+00:00,2026-08-31T21:29:56.610+00:00,0.043222,0.07943671599787194,sqs-worker-5986dcd897-x8rdl,ip-192-168-20-201.ec2.internal,45fffa7ebffbf58b8ef9b8c53ccbbed240bc14a64e8844790ec3f8c20f1b040a,1,1191.0,1270.0
1,hpa-mmpp-808-ddfa18c1,000088,95.784614,2026-08-31T21:29:56.815+00:00,2026-08-31T21:29:56.856+00:00,2026-08-31T21:29:56.952+00:00,2026-08-31T21:29:56.952+00:00,2026-08-31T21:29:57.135+00:00,2026-08-31T21:29:57.135+00:00,0.075419,0.18308830999740167,sqs-worker-5986dcd897-qjf2j,ip-192-168-20-201.ec2.internal,4b375845249340f17eeca6626f4478c9d4c4fda65be8eddcd6f780f1ec5fb300,1,96.0,279.0
1,hpa-mmpp-808-ddfa18c1,000091,97.134883,2026-08-31T21:29:58.166+00:00,2026-08-31T21:29:58.199+00:00,2026-08-31T21:29:58.203+00:00,2026-08-31T21:29:58.203+00:00,2026-08-31T21:29:58.795+00:00,2026-08-31T21:29:58.795+00:00,0.252405,0.5921621350025816,sqs-worker-5986dcd897-x8rdl,ip-192-168-20-201.ec2.internal,d8f25df93ef9da437ac2d9ad50fa655361325cec4433f2215b7ee89c89b0003c,1,4.0,596.0
1,hpa-mmpp-808-ddfa18c1,000093,97.884289,2026-08-31T21:29:58.915+00:00,2026-08-31T21:29:58.950+00:00,2026-08-31T21:29:58.954+00:00,2026-08-31T21:29:58.954+00:00,2026-08-31T21:29:59.739+00:00,2026-08-31T21:29:59.739+00:00,0.325367,0.7845354399978532,sqs-worker-5986dcd897-5ksk9,ip-192-168-20-201.ec2.internal,8b9e38604981fdb7941621eaaf0ae1e7c036c31527943a9aeddfdf20ea2841d9,1,4.0,789.0
1,hpa-mmpp-808-ddfa18c1,000075,92.550202,2026-08-31T21:29:53.580+00:00,2026-08-31T21:29:53.615+00:00,2026-08-31T21:29:55.259+00:00,2026-08-31T21:29:55.259+00:00,2026-08-31T21:29:55.276+00:00,2026-08-31T21:29:55.276+00:00,0.016875,0.016928363998886198,sqs-worker-5986dcd897-qjf2j,ip-192-168-20-201.ec2.internal,d1b70f6233c1d3eeb4d1fc2a0c80fbe22ed62d4f7daeeb00a6262cd1d6dedbb9,1,1644.0,1661.0
1,hpa-mmpp-808-ddfa18c1,000084,95.329888,2026-08-31T21:29:56.361+00:00,2026-08-31T21:29:56.399+00:00,2026-08-31T21:29:56.431+00:00,2026-08-31T21:29:56.431+00:00,2026-08-31T21:29:56.507+00:00,2026-08-31T21:29:56.507+00:00,0.034649,0.07540290299948538,sqs-worker-5986dcd897-x8rdl,ip-192-168-20-201.ec2.internal,58f851eee0f0dabe25c7419dc2cc2dc6e8af3165d2758decac86ff83287dd8fa,1,32.0,108.0
1,hpa-mmpp-808-ddfa18c1,000092,97.295166,2026-08-31T21:29:58.325+00:00,2026-08-31T21:29:58.365+00:00,2026-08-31T21:29:58.370+00:00,2026-08-31T21:29:58.370+00:00,2026-08-31T21:29:58.489+00:00,2026-08-31T21:29:58.489+00:00,0.061846,0.1193018949998077,sqs-worker-5986dcd897-qjf2j,ip-192-168-20-201.ec2.internal,1435a435e981e1a55d1ed58cb1f7a9f7fbac05a0e228eadbbc7fb92368d69b88,1,5.0,124.0
1,hpa-mmpp-808-ddfa18c1,000100,99.025344,2026-08-31T21:30:00.055+00:00,2026-08-31T21:30:00.089+00:00,2026-08-31T21:30:00.161+00:00,2026-08-31T21:30:00.161+00:00,2026-08-31T21:30:01.197+00:00,2026-08-31T21:30:01.197+00:00,0.410851,1.0365381789997627,sqs-worker-5986dcd897-5ksk9,ip-192-168-20-201.ec2.internal,0c1af3ea36e1bc9fadf4fc3999cdd3b5aa3b744cee94281ca656cf8729d84b71,1,72.0,1108.0
1,hpa-mmpp-808-ddfa18c1,000098,98.59452,2026-08-31T21:29:59.625+00:00,2026-08-31T21:29:59.664+00:00,2026-08-31T21:29:59.820+00:00,2026-08-31T21:29:59.820+00:00,2026-08-31T21:30:00.147+00:00,2026-08-31T21:30:00.147+00:00,0.143043,0.3279423420026433,sqs-worker-5986dcd897-5ksk9,ip-192-168-20-201.ec2.internal,8d8929f250b89501ae735bee022864b337f824734a100d803bdcbb8de0816e09,1,156.0,483.0
1,hpa-mmpp-808-ddfa18c1,000103,99.540095,2026-08-31T21:30:00.570+00:00,2026-08-31T21:30:00.606+00:00,2026-08-31T21:30:01.221+00:00,2026-08-31T21:30:01.221+00:00,2026-08-31T21:30:01.558+00:00,2026-08-31T21:30:01.558+00:00,0.150689,0.3371754610016069,sqs-worker-5986dcd897-5ksk9,ip-192-168-20-201.ec2.internal,cb1e1545189c774bb778ee71c6c4e9c2cc464872ee83e431d4312133c98d194c,1,615.0,952.0
1,hpa-mmpp-808-ddfa18c1,000097,98.564448,2026-08-31T21:29:59.594+00:00,2026-08-31T21:29:59.629+00:00,2026-08-31T21:29:59.784+00:00,2026-08-31T21:29:59.784+00:00,2026-08-31T21:29:59.790+00:00,2026-08-31T21:29:59.790+00:00,0.005,0.005959570000413805,sqs-worker-5986dcd897-5ksk9,ip-192-168-20-201.ec2.internal,faff811f5d562619d6b236deb2321bb4d16ec85a0be821c1cb50fd9e9ec1d7d1,1,155.0,161.0
1,hpa-mmpp-808-ddfa18c1,000096,98.517259,2026-08-31T21:29:59.547+00:00,2026-08-31T21:29:59.583+00:00,2026-08-31T21:29:59.587+00:00,2026-08-31T21:29:59.587+00:00,2026-08-31T21:29:59.885+00:00,2026-08-31T21:29:59.885+00:00,0.101042,0.29784529600146925,sqs-worker-5986dcd897-x8rdl,ip-192-168-20-201.ec2.internal,51695748bba586e693e958ed5d76fc4be889245ec2cbf982d6d9fd6606ac3552,1,4.0,302.0
1,hpa-mmpp-808-ddfa18c1,000099,99.015339,2026-08-31T21:30:00.046+00:00,2026-08-31T21:30:00.083+00:00,2026-08-31T21:30:00.086+00:00,2026-08-31T21:30:00.086+00:00,2026-08-31T21:30:00.094+00:00,2026-08-31T21:30:00.094+00:00,0.007555,0.007628172999829985,sqs-worker-5986dcd897-x8rdl,ip-192-168-20-201.ec2.internal,c7bcfa9783bac6b2c6d26018d021f3975b82bf986792eaec60382dbe59027437,1,3.0,11.0
1,hpa-mmpp-808-ddfa18c1,000101,99.101866,2026-08-31T21:30:00.132+00:00,2026-08-31T21:30:00.167+00:00,2026-08-31T21:30:00.196+00:00,2026-08-31T21:30:00.196+00:00,2026-08-31T21:30:00.394+00:00,2026-08-31T21:30:00.394+00:00,0.033467,0.19829641400065157,sqs-worker-5986dcd897-x8rdl,ip-192-168-20-201.ec2.internal,8f6b9138308bc6e808c3660867a3c28c64cfedd99327d876de46abe0737be249,1,29.0,227.0
1,hpa-mmpp-808-ddfa18c1,000109,100.408351,2026-08-31T21:30:01.438+00:00,2026-08-31T21:30:01.475+00:00,2026-08-31T21:30:02.614+00:00,2026-08-31T21:30:02.614+00:00,2026-08-31T21:30:02.895+00:00,2026-08-31T21:30:02.895+00:00,0.126232,0.2809851380006876,sqs-worker-5986dcd897-qjf2j,ip-192-168-20-201.ec2.internal,c5cd85af050e348948985fa4322587264933acc16decc97f64b6e2c146761b94,1,1139.0,1420.0
1,hpa-mmpp-808-ddfa18c1,000102,99.231527,2026-08-31T21:30:00.262+00:00,2026-08-31T21:30:00.298+00:00,2026-08-31T21:30:00.420+00:00,2026-08-31T21:30:00.420+00:00,2026-08-31T21:30:03.010+00:00,2026-08-31T21:30:03.010+00:00,0.543779,2.5900106909975875,sqs-worker-5986dcd897-x8rdl,ip-192-168-20-201.ec2.internal,72095ea7dec912a804c59d075dcab6885868e69b0aec1a59e34977640ac7d307,1,122.0,2712.0
1,hpa-mmpp-808-ddfa18c1,000107,99.939604,2026-08-31T21:30:00.970+00:00,2026-08-31T21:30:01.005+00:00,2026-08-31T21:30:03.050+00:00,2026-08-31T21:30:03.050+00:00,2026-08-31T21:30:03.088+00:00,2026-08-31T21:30:03.088+00:00,0.010817,0.038089601999672595,sqs-worker-5986dcd897-x8rdl,ip-192-168-20-201.ec2.internal,cedcabc124f9a03f9c056c760806067f5dbc91d3c2e05a829b91e79f820db091,1,2045.0,2083.0
1,hpa-mmpp-808-ddfa18c1,000123,102.32088,2026-08-31T21:30:03.351+00:00,2026-08-31T21:30:03.388+00:00,2026-08-31T21:30:03.609+00:00,2026-08-31T21:30:03.609+00:00,2026-08-31T21:30:03.782+00:00,2026-08-31T21:30:03.782+00:00,0.089356,0.1731985229998827,sqs-worker-5986dcd897-qjf2j,ip-192-168-20-201.ec2.internal,9f2bfc191d6366fc4354e79831fb00ae8da0e4cbbab62db5b9ec690aaad1e504,1,221.0,394.0
1,hpa-mmpp-808-ddfa18c1,000095,98.408083,2026-08-31T21:29:59.438+00:00,2026-08-31T21:29:59.473+00:00,2026-08-31T21:29:59.477+00:00,2026-08-31T21:29:59.477+00:00,2026-08-31T21:30:02.582+00:00,2026-08-31T21:30:02.582+00:00,1.0,3.1051609160022053,sqs-worker-5986dcd897-qjf2j,ip-192-168-20-201.ec2.internal,c5855fb8dad28fba60939f9d365e1c9f93363dc31deb14270aa817358b05dc3f,1,4.0,3109.0
1,hpa-mmpp-808-ddfa18c1,000125,102.632492,2026-08-31T21:30:03.663+00:00,2026-08-31T21:30:03.696+00:00,2026-08-31T21:30:04.344+00:00,2026-08-31T21:30:04.344+00:00,2026-08-31T21:30:04.479+00:00,2026-08-31T21:30:04.479+00:00,0.063727,0.13512007299868856,sqs-worker-5986dcd897-qjf2j,ip-192-168-20-201.ec2.internal,09b23bfe236c5d954ed005b85144dc60fecaa3617302319b24eec69633cbf3ab,1,648.0,783.0
1,hpa-mmpp-808-ddfa18c1,000110,100.57196,2026-08-31T21:30:01.602+00:00,2026-08-31T21:30:01.639+00:00,2026-08-31T21:30:04.102+00:00,2026-08-31T21:30:04.102+00:00,2026-08-31T21:30:04.326+00:00,2026-08-31T21:30:04.327+00:00,0.094444,0.2243074180005351,sqs-worker-5986dcd897-qjf2j,ip-192-168-20-201.ec2.internal,e834d5500709fc54b8533fcd121980be491f971fe106abff60a017b4ebf7d4e7,1,2463.0,2687.0
1,hpa-mmpp-808-ddfa18c1,000105,99.635631,2026-08-31T21:30:00.666+00:00,2026-08-31T21:30:00.702+00:00,2026-08-31T21:30:02.354+00:00,2026-08-31T21:30:02.354+00:00,2026-08-31T21:30:03.245+00:00,2026-08-31T21:30:03.245+00:00,0.36146,0.891343245999451,sqs-worker-5986dcd897-5ksk9,ip-192-168-20-201.ec2.internal,a69fa2d53ca407c570742b9f2a5382b34908de87b7a22f596757389bc0a7a31c,1,1652.0,2543.0
1,hpa-mmpp-808-ddfa18c1,000113,100.768564,2026-08-31T21:30:01.799+00:00,2026-08-31T21:30:01.836+00:00,2026-08-31T21:30:03.314+00:00,2026-08-31T21:30:03.314+00:00,2026-08-31T21:30:04.013+00:00,2026-08-31T21:30:04.013+00:00,0.280096,0.6988025309983641,sqs-worker-5986dcd897-x8rdl,ip-192-168-20-201.ec2.internal,2191faecaf9194cf09daae0f599382734863064408389c9be8f455a7196cdf70,1,1478.0,2177.0
1,hpa-mmpp-808-ddfa18c1,000117,101.576256,2026-08-31T21:30:02.606+00:00,2026-08-31T21:30:02.639+00:00,2026-08-31T21:30:03.806+00:00,2026-08-31T21:30:03.806+00:00,2026-08-31T21:30:04.078+00:00,2026-08-31T21:30:04.078+00:00,0.104624,0.2716556529994705,sqs-worker-5986dcd897-qjf2j,ip-192-168-20-201.ec2.internal,aa958b7862228b7d5d1241dd5974871683f021f6a7a076266519e8e80cf622b3,1,1167.0,1439.0
1,hpa-mmpp-808-ddfa18c1,000119,102.148159,2026-08-31T21:30:03.179+00:00,2026-08-31T21:30:03.218+00:00,2026-08-31T21:30:04.186+00:00,2026-08-31T21:30:04.186+00:00,2026-08-31T21:30:04.587+00:00,2026-08-31T21:30:04.587+00:00,0.161631,0.40052538699819706,sqs-worker-5986dcd897-x8rdl,ip-192-168-20-201.ec2.internal,40f477654f331f04434585f264fe8c39db3e6e67364f3a4875ce7b1e84010516,1,968.0,1369.0
1,hpa-mmpp-808-ddfa18c1,000116,101.4507,2026-08-31T21:30:02.481+00:00,2026-08-31T21:30:02.527+00:00,2026-08-31T21:30:03.265+00:00,2026-08-31T21:30:03.265+00:00,2026-08-31T21:30:05.103+00:00,2026-08-31T21:30:05.103+00:00,0.422134,1.8379003980007838,sqs-worker-5986dcd897-5ksk9,ip-192-168-20-201.ec2.internal,4b9f6b3c3f02eb5555fd7378748d47d65b8d0922c7a75d53e71267ca69b439d0,1,738.0,2576.0
1,hpa-mmpp-808-ddfa18c1,000106,99.709082,2026-08-31T21:30:00.739+00:00,2026-08-31T21:30:00.780+00:00,2026-08-31T21:30:01.612+00:00,2026-08-31T21:30:01.612+00:00,2026-08-31T21:30:02.006+00:00,2026-08-31T21:30:02.006+00:00,0.167973,0.39405270000133896,sqs-worker-5986dcd897-5ksk9,ip-192-168-20-201.ec2.internal,58accb00e595fe4fc1ad527077e386dc04b2b97d13017a75caf404e96579e845,1,832.0,1226.0
1,hpa-mmpp-808-ddfa18c1,000104,99.628722,2026-08-31T21:30:00.659+00:00,2026-08-31T21:30:00.694+00:00,2026-08-31T21:30:02.025+00:00,2026-08-31T21:30:02.026+00:00,2026-08-31T21:30:02.102+00:00,2026-08-31T21:30:02.102+00:00,0.029624,0.07658272700064117,sqs-worker-5986dcd897-5ksk9,ip-192-168-20-201.ec2.internal,3ea0f9b332efde686a4efd528f5dc6a416fe652c281cb05e97d762c623ae5bdc,1,1331.0,1408.0
1,hpa-mmpp-808-ddfa18c1,000108,100.355517,2026-08-31T21:30:01.386+00:00,2026-08-31T21:30:01.420+00:00,2026-08-31T21:30:02.121+00:00,2026-08-31T21:30:02.121+00:00,2026-08-31T21:30:02.340+00:00,2026-08-31T21:30:02.340+00:00,0.088181,0.21826386300017475,sqs-worker-5986dcd897-5ksk9,ip-192-168-20-201.ec2.internal,56e33a7a6c9f3739aff1f069629a3401f63188e825bd3034df6edc7c122a8548,1,701.0,920.0
1,hpa-mmpp-808-ddfa18c1,000111,100.629735,2026-08-31T21:30:01.660+00:00,2026-08-31T21:30:01.693+00:00,2026-08-31T21:30:03.115+00:00,2026-08-31T21:30:03.115+00:00,2026-08-31T21:30:03.297+00:00,2026-08-31T21:30:03.297+00:00,0.086339,0.1825221689978207,sqs-worker-5986dcd897-x8rdl,ip-192-168-20-201.ec2.internal,f02d229507479f5a470c53162e8fc8daa1e84ff8b63420cfca26cfdda9469fe5,1,1422.0,1604.0
1,hpa-mmpp-808-ddfa18c1,000114,101.216797,2026-08-31T21:30:02.247+00:00,2026-08-31T21:30:02.281+00:00,2026-08-31T21:30:02.935+00:00,2026-08-31T21:30:02.935+00:00,2026-08-31T21:30:03.574+00:00,2026-08-31T21:30:03.574+00:00,0.24937,0.6394086389991571,sqs-worker-5986dcd897-qjf2j,ip-192-168-20-201.ec2.internal,688b0af8614fde1811c6f97ac278a2e16594b6560a8b10f2c46c8a0a2729ac33,1,654.0,1293.0
1,hpa-mmpp-808-ddfa18c1,000124,102.545699,2026-08-31T21:30:03.576+00:00,2026-08-31T21:30:03.612+00:00,2026-08-31T21:30:04.027+00:00,2026-08-31T21:30:04.027+00:00,2026-08-31T21:30:04.132+00:00,2026-08-31T21:30:04.132+00:00,0.051152,0.10525666700050351,sqs-worker-5986dcd897-x8rdl,ip-192-168-20-201.ec2.internal,337c8d32a91a72e752764315c8459afed44cd1f0d327756c5dbcc58592d29d45,1,415.0,520.0
1,hpa-mmpp-808-ddfa18c1,000112,100.760516,2026-08-31T21:30:01.791+00:00,2026-08-31T21:30:02.335+00:00,2026-08-31T21:30:04.511+00:00,2026-08-31T21:30:04.512+00:00,2026-08-31T21:30:04.978+00:00,2026-08-31T21:30:04.978+00:00,0.187192,0.4668196310012718,sqs-worker-5986dcd897-qjf2j,ip-192-168-20-201.ec2.internal,b8f090d26e438be65d83bc332be2370c37119694326fa75d156ff1bdd00302ff,1,2176.0,2643.0
1,hpa-mmpp-808-ddfa18c1,000120,102.224936,2026-08-31T21:30:03.255+00:00,2026-08-31T21:30:03.287+00:00,2026-08-31T21:30:05.000+00:00,2026-08-31T21:30:05.000+00:00,2026-08-31T21:30:05.783+00:00,2026-08-31T21:30:05.783+00:00,0.31937,0.7830810570012545,sqs-worker-5986dcd897-qjf2j,ip-192-168-20-201.ec2.internal,e35511a4e2de1ed46df1a18c8aaa2e8c4e558963e9486f44d9cdfae70286c6d4,1,1713.0,2496.0
1,hpa-mmpp-808-ddfa18c1,000118,101.648159,2026-08-31T21:30:02.678+00:00,2026-08-31T21:30:02.717+00:00,2026-08-31T21:30:05.152+00:00,2026-08-31T21:30:05.152+00:00,2026-08-31T21:30:05.703+00:00,2026-08-31T21:30:05.703+00:00,0.11288,0.5507423819981341,sqs-worker-5986dcd897-5ksk9,ip-192-168-20-201.ec2.internal,e7157de9850197ed8c7d4bfb5b8186295bb25edcd01bc2a12c1abeb11a24f93f,1,2435.0,2986.0
1,hpa-mmpp-808-ddfa18c1,000126,103.538802,2026-08-31T21:30:04.570+00:00,2026-08-31T21:30:04.604+00:00,2026-08-31T21:30:06.635+00:00,2026-08-31T21:30:06.635+00:00,2026-08-31T21:30:06.740+00:00,2026-08-31T21:30:06.740+00:00,0.054489,0.10511770800076192,sqs-worker-5986dcd897-qjf2j,ip-192-168-20-201.ec2.internal,ef73adefffe23042001e669a748358f7a7eebaba5b8c78637f21f4073435ce16,1,2031.0000000000002,2136.0
1,hpa-mmpp-808-ddfa18c1,000127,104.130869,2026-08-31T21:30:05.161+00:00,2026-08-31T21:30:05.198+00:00,2026-08-31T21:30:05.759+00:00,2026-08-31T21:30:05.759+00:00,2026-08-31T21:30:06.806+00:00,2026-08-31T21:30:06.806+00:00,0.220657,1.0476409000002604,sqs-worker-5986dcd897-5ksk9,ip-192-168-20-201.ec2.internal,1abe5a1643576a47826d40b5f3781e11507f9a7bab84fc21f79e16c47a49c39c,1,561.0,1608.0
1,hpa-mmpp-808-ddfa18c1,000128,105.164759,2026-08-31T21:30:06.196+00:00,2026-08-31T21:30:06.232+00:00,2026-08-31T21:30:06.778+00:00,2026-08-31T21:30:06.778+00:00,2026-08-31T21:30:07.672+00:00,2026-08-31T21:30:07.672+00:00,0.368064,0.894085586998699,sqs-worker-5986dcd897-qjf2j,ip-192-168-20-201.ec2.internal,b542a2ae3cfb8a392aff8c6cb75044458af1e0981449d968f563d9ac36fd8f95,1,546.0,1440.0
1,hpa-mmpp-808-ddfa18c1,000115,101.401235,2026-08-31T21:30:02.431+00:00,2026-08-31T21:30:02.466+00:00,2026-08-31T21:30:04.611+00:00,2026-08-31T21:30:04.611+00:00,2026-08-31T21:30:05.791+00:00,2026-08-31T21:30:05.791+00:00,0.48048,1.1799734420019377,sqs-worker-5986dcd897-x8rdl,ip-192-168-20-201.ec2.internal,76641d86705401c7905659ae69f9b3a425becdcb3ae1217fb451baa131761775,1,2145.0,3325.0
1,hpa-mmpp-808-ddfa18c1,000121,102.227539,2026-08-31T21:30:03.257+00:00,2026-08-31T21:30:03.295+00:00,2026-08-31T21:30:05.833+00:00,2026-08-31T21:30:05.833+00:00,2026-08-31T21:30:06.821+00:00,2026-08-31T21:30:06.821+00:00,0.421899,0.9887607140008186,sqs-worker-5986dcd897-x8rdl,ip-192-168-20-201.ec2.internal,7946a7d78ee0111a07c1b000af56496b24a6ed53344511024a7ea7d33b61d33e,1,2538.0,3526.0
1,hpa-mmpp-808-ddfa18c1,000122,102.304268,2026-08-31T21:30:03.334+00:00,2026-08-31T21:30:03.368+00:00,2026-08-31T21:30:05.811+00:00,2026-08-31T21:30:05.811+00:00,2026-08-31T21:30:06.537+00:00,2026-08-31T21:30:06.537+00:00,0.297842,0.7258925440000894,sqs-worker-5986dcd897-qjf2j,ip-192-168-20-201.ec2.internal,baa92320b3be91610c06ece7340eebea1647c684c11f09ebde269e9cd7511fea,1,2443.0,3169.0
1,hpa-mmpp-808-ddfa18c1,000129,110.155761,2026-08-31T21:30:11.189+00:00,2026-08-31T21:30:11.225+00:00,2026-08-31T21:30:11.229+00:00,2026-08-31T21:30:11.229+00:00,2026-08-31T21:30:11.599+00:00,2026-08-31T21:30:11.599+00:00,0.173095,0.3700226079999993,sqs-worker-5986dcd897-5ksk9,ip-192-168-20-201.ec2.internal,c1213db5e8addedd9ce61d576206939caeb950a232bd79c5f15a37aac0e59003,1,4.0,374.0
1,hpa-mmpp-808-ddfa18c1,000130,112.940832,2026-08-31T21:30:13.974+00:00,2026-08-31T21:30:14.008+00:00,2026-08-31T21:30:14.013+00:00,2026-08-31T21:30:14.013+00:00,2026-08-31T21:30:14.148+00:00,2026-08-31T21:30:14.148+00:00,0.079628,0.13528190900251502,sqs-worker-5986dcd897-qjf2j,ip-192-168-20-201.ec2.internal,ade0fedb898e4481baca1c668aac74ff1e4acab5d007cdbc354f97433a58be1b,1,5.0,140.0
1,hpa-mmpp-808-ddfa18c1,000131,113.963622,2026-08-31T21:30:14.995+00:00,2026-08-31T21:30:15.031+00:00,2026-08-31T21:30:15.044+00:00,2026-08-31T21:30:15.044+00:00,2026-08-31T21:30:15.060+00:00,2026-08-31T21:30:15.060+00:00,0.015576,0.01563278200046625,sqs-worker-5986dcd897-x8rdl,ip-192-168-20-201.ec2.internal,13509fe47218338841586c7f4c578c54e13d2545d5e8a27c837bd20ad74683c0,1,13.0,29.0
1,hpa-mmpp-808-ddfa18c1,000132,114.437353,2026-08-31T21:30:15.468+00:00,2026-08-31T21:30:15.504+00:00,2026-08-31T21:30:15.509+00:00,2026-08-31T21:30:15.509+00:00,2026-08-31T21:30:15.775+00:00,2026-08-31T21:30:15.775+00:00,0.130119,0.2660888360005629,sqs-worker-5986dcd897-qjf2j,ip-192-168-20-201.ec2.internal,964515cd584636568a89559342644d502f495a48defc33303ce1802f699142e3,1,5.0,271.0
1,hpa-mmpp-808-ddfa18c1,000133,117.848189,2026-08-31T21:30:18.881+00:00,2026-08-31T21:30:18.917+00:00,2026-08-31T21:30:18.924+00:00,2026-08-31T21:30:18.924+00:00,2026-08-31T21:30:19.778+00:00,2026-08-31T21:30:19.778+00:00,0.174045,0.8532662430006894,sqs-worker-5986dcd897-zklmz,ip-192-168-20-201.ec2.internal,c841aafe2256ec8cd0b02e183cd821bfd2972d4d9c7b4881d1816b9d07c61b0e,1,7.0,861.0
1,hpa-mmpp-808-ddfa18c1,000134,124.865642,2026-08-31T21:30:25.899+00:00,2026-08-31T21:30:25.939+00:00,2026-08-31T21:30:25.950+00:00,2026-08-31T21:30:25.950+00:00,2026-08-31T21:30:26.206+00:00,2026-08-31T21:30:26.206+00:00,0.137399,0.25637210499917273,sqs-worker-5986dcd897-x8rdl,ip-192-168-20-201.ec2.internal,fbd4078ad5deb5fa91a1922882f82eb5200b7bf4d60162ee61c2cba1fa75f31b,1,11.0,267.0
1,hpa-mmpp-808-ddfa18c1,000135,127.440273,2026-08-31T21:30:28.472+00:00,2026-08-31T21:30:28.512+00:00,2026-08-31T21:30:28.516+00:00,2026-08-31T21:30:28.516+00:00,2026-08-31T21:30:28.587+00:00,2026-08-31T21:30:28.587+00:00,0.041075,0.07082751299822121,sqs-worker-5986dcd897-5ksk9,ip-192-168-20-201.ec2.internal,d5eb627a652b35a8a3fbd28b2a9da845dd0d5b8f572caa58241f698f9f332c41,1,4.0,75.0
1,hpa-mmpp-808-ddfa18c1,000136,127.621296,2026-08-31T21:30:28.650+00:00,2026-08-31T21:30:28.693+00:00,2026-08-31T21:30:28.701+00:00,2026-08-31T21:30:28.701+00:00,2026-08-31T21:30:29.203+00:00,2026-08-31T21:30:29.203+00:00,0.218896,0.5017394770002284,sqs-worker-5986dcd897-x8rdl,ip-192-168-20-201.ec2.internal,0e7055edb63fad691ba7fab350f596ee550d543ee5a5ba316757bfa7422cf844,1,8.0,510.0
1,hpa-mmpp-808-ddfa18c1,000137,128.087215,2026-08-31T21:30:29.117+00:00,2026-08-31T21:30:29.158+00:00,2026-08-31T21:30:29.162+00:00,2026-08-31T21:30:29.162+00:00,2026-08-31T21:30:29.571+00:00,2026-08-31T21:30:29.571+00:00,0.085954,0.4082039029999578,sqs-worker-5986dcd897-qjf2j,ip-192-168-20-201.ec2.internal,210766aace447e61a36bf322d947298d0010b32a06f91e408e3dca4b90cd87eb,1,4.0,413.0
1,hpa-mmpp-808-ddfa18c1,000138,128.601678,2026-08-31T21:30:29.631+00:00,2026-08-31T21:30:29.669+00:00,2026-08-31T21:30:29.673+00:00,2026-08-31T21:30:29.673+00:00,2026-08-31T21:30:30.025+00:00,2026-08-31T21:30:30.025+00:00,0.091353,0.35207561499919393,sqs-worker-5986dcd897-zklmz,ip-192-168-20-201.ec2.internal,e8a156a65edfd78a746a076a8061bc51f0ace90cb0a1d6fde9871b7fd47b464e,1,4.0,356.0
1,hpa-mmpp-808-ddfa18c1,000142,129.95809,2026-08-31T21:30:30.987+00:00,2026-08-31T21:30:31.022+00:00,2026-08-31T21:30:31.025+00:00,2026-08-31T21:30:31.025+00:00,2026-08-31T21:30:31.036+00:00,2026-08-31T21:30:31.036+00:00,0.010275,0.010313050999684492,sqs-worker-5986dcd897-zklmz,ip-192-168-20-201.ec2.internal,027402a358025f741fef390c79a3b8700716ab353fc915823d029894c707ac6a,1,3.0,14.0
1,hpa-mmpp-808-ddfa18c1,000141,129.949396,2026-08-31T21:30:30.978+00:00,2026-08-31T21:30:31.019+00:00,2026-08-31T21:30:31.023+00:00,2026-08-31T21:30:31.023+00:00,2026-08-31T21:30:31.362+00:00,2026-08-31T21:30:31.362+00:00,0.157609,0.3394459230003122,sqs-worker-5986dcd897-5ksk9,ip-192-168-20-201.ec2.internal,99e763ae4557375607ff6701b05b7bc0552b21e1d1bc53acc000d2c03591835a,1,4.0,343.0
1,hpa-mmpp-808-ddfa18c1,000139,128.661528,2026-08-31T21:30:29.690+00:00,2026-08-31T21:30:29.743+00:00,2026-08-31T21:30:29.752+00:00,2026-08-31T21:30:29.752+00:00,2026-08-31T21:30:31.397+00:00,2026-08-31T21:30:31.397+00:00,0.36723,1.6443217029991501,sqs-worker-5986dcd897-qjf2j,ip-192-168-20-201.ec2.internal,a1f5457a9870908bdc285e5a7cd5559d40253ec1bb09ed45baaefa2f4f0c531d,1,9.0,1654.0
1,hpa-mmpp-808-ddfa18c1,000143,130.19272,2026-08-31T21:30:31.222+00:00,2026-08-31T21:30:31.268+00:00,2026-08-31T21:30:31.273+00:00,2026-08-31T21:30:31.273+00:00,2026-08-31T21:30:31.882+00:00,2026-08-31T21:30:31.882+00:00,0.254553,0.6098089719998825,sqs-worker-5986dcd897-zklmz,ip-192-168-20-201.ec2.internal,93736f7e5815a9ca51a2c5f9ee40999e62b4ec6bd9f60494b384af4e74e186de,1,5.0,614.0
1,hpa-mmpp-808-ddfa18c1,000140,129.570578,2026-08-31T21:30:30.600+00:00,2026-08-31T21:30:30.641+00:00,2026-08-31T21:30:30.644+00:00,2026-08-31T21:30:30.645+00:00,2026-08-31T21:30:31.497+00:00,2026-08-31T21:30:31.497+00:00,0.200448,0.8528485780007031,sqs-worker-5986dcd897-x8rdl,ip-192-168-20-201.ec2.internal,cad86aae6a4772ff74197464681427bd767225a8febbd855e833277f0ea67ccd,1,3.0,856.0
1,hpa-mmpp-808-ddfa18c1,000144,130.731223,2026-08-31T21:30:31.760+00:00,2026-08-31T21:30:31.796+00:00,2026-08-31T21:30:31.800+00:00,2026-08-31T21:30:31.800+00:00,2026-08-31T21:30:31.973+00:00,2026-08-31T21:30:31.973+00:00,0.09365,0.173145664997719,sqs-worker-5986dcd897-qjf2j,ip-192-168-20-201.ec2.internal,0f6d8df559af29d038a60402e964020eb5bcb35bac38bfd7aa210cddd4f062a9,1,4.0,177.0
1,hpa-mmpp-808-ddfa18c1,000148,131.648077,2026-08-31T21:30:32.677+00:00,2026-08-31T21:30:32.716+00:00,2026-08-31T21:30:32.720+00:00,2026-08-31T21:30:32.720+00:00,2026-08-31T21:30:33.297+00:00,2026-08-31T21:30:33.297+00:00,0.250244,0.5774734119986533,sqs-worker-5986dcd897-5ksk9,ip-192-168-20-201.ec2.internal,fa2f947573f796c10edb02457038d92e18f12dd820dfbfba1cdec2e8d618ad7f,1,4.0,581.0
1,hpa-mmpp-808-ddfa18c1,000145,131.076941,2026-08-31T21:30:32.106+00:00,2026-08-31T21:30:32.140+00:00,2026-08-31T21:30:32.144+00:00,2026-08-31T21:30:32.144+00:00,2026-08-31T21:30:33.643+00:00,2026-08-31T21:30:33.643+00:00,0.61147,1.498933096001565,sqs-worker-5986dcd897-qjf2j,ip-192-168-20-201.ec2.internal,35819c7f1a3f8f1005aa8bb835379e8b1cb0c71791b443fb2d7d57226b85582b,1,4.0,1503.0
1,hpa-mmpp-808-ddfa18c1,000146,131.369235,2026-08-31T21:30:32.398+00:00,2026-08-31T21:30:32.432+00:00,2026-08-31T21:30:32.436+00:00,2026-08-31T21:30:32.436+00:00,2026-08-31T21:30:33.431+00:00,2026-08-31T21:30:33.431+00:00,0.417925,0.9945682569996279,sqs-worker-5986dcd897-zklmz,ip-192-168-20-201.ec2.internal,f27d7741363ff2d08d2583e078c204c3085eb2c2df1b24c75314c2e0e0ef8e6a,1,4.0,999.0
1,hpa-mmpp-808-ddfa18c1,000149,131.840448,2026-08-31T21:30:32.869+00:00,2026-08-31T21:30:32.915+00:00,2026-08-31T21:30:33.384+00:00,2026-08-31T21:30:33.384+00:00,2026-08-31T21:30:33.515+00:00,2026-08-31T21:30:33.515+00:00,0.067468,0.13112864400318358,sqs-worker-5986dcd897-5ksk9,ip-192-168-20-201.ec2.internal,d36eab133fa0d3b5ff8f8bc30fc286c444fe053eab528ba3bf500bbc6a7a6863,1,469.0,600.0
1,hpa-mmpp-808-ddfa18c1,000150,132.139318,2026-08-31T21:30:33.168+00:00,2026-08-31T21:30:33.239+00:00,2026-08-31T21:30:33.474+00:00,2026-08-31T21:30:33.474+00:00,2026-08-31T21:30:33.841+00:00,2026-08-31T21:30:33.841+00:00,0.158455,0.36730293199798325,sqs-worker-5986dcd897-zklmz,ip-192-168-20-201.ec2.internal,11a2b4e385b5ead87f316016784d3b1b2b2f35b01a911dd31a372029882fb497,1,235.0,602.0
1,hpa-mmpp-808-ddfa18c1,000147,131.57107,2026-08-31T21:30:32.600+00:00,2026-08-31T21:30:32.636+00:00,2026-08-31T21:30:32.640+00:00,2026-08-31T21:30:32.640+00:00,2026-08-31T21:30:33.920+00:00,2026-08-31T21:30:33.920+00:00,0.54274,1.280061264998949,sqs-worker-5986dcd897-x8rdl,ip-192-168-20-201.ec2.internal,783be391f45935437c89332399ca884aaa9142df653a639727eb8904ab4a5b18,1,4.0,1284.0
1,hpa-mmpp-808-ddfa18c1,000151,132.306323,2026-08-31T21:30:33.335+00:00,2026-08-31T21:30:33.368+00:00,2026-08-31T21:30:33.565+00:00,2026-08-31T21:30:33.565+00:00,2026-08-31T21:30:34.189+00:00,2026-08-31T21:30:34.189+00:00,0.135472,0.6244835280012921,sqs-worker-5986dcd897-5ksk9,ip-192-168-20-201.ec2.internal,4b3c3cce6f92a455b77a4e479f6ffcdca5ad123f1f3a8661e179e05d056c990c,1,197.0,821.0
1,hpa-mmpp-808-ddfa18c1,000155,133.36702,2026-08-31T21:30:34.396+00:00,2026-08-31T21:30:34.428+00:00,2026-08-31T21:30:34.437+00:00,2026-08-31T21:30:34.437+00:00,2026-08-31T21:30:34.700+00:00,2026-08-31T21:30:34.700+00:00,0.044478,0.26312753300226177,sqs-worker-5986dcd897-5ksk9,ip-192-168-20-201.ec2.internal,221b155d095d8b1b42d1ef35c16ec7157d03a36544f6eb55753ee38b7c653c46,1,9.0,272.0
1,hpa-mmpp-808-ddfa18c1,000154,133.23097,2026-08-31T21:30:34.260+00:00,2026-08-31T21:30:34.302+00:00,2026-08-31T21:30:34.354+00:00,2026-08-31T21:30:34.354+00:00,2026-08-31T21:30:34.780+00:00,2026-08-31T21:30:34.780+00:00,0.183851,0.42628196899750037,sqs-worker-5986dcd897-x8rdl,ip-192-168-20-201.ec2.internal,a53cc3f4c994e1ccf171d2f7839b2fbb37999de3b315f5b4eed4bc6cdef2b0df,1,52.0,478.0
1,hpa-mmpp-808-ddfa18c1,000152,132.509586,2026-08-31T21:30:33.538+00:00,2026-08-31T21:30:33.575+00:00,2026-08-31T21:30:33.661+00:00,2026-08-31T21:30:33.661+00:00,2026-08-31T21:30:34.967+00:00,2026-08-31T21:30:34.967+00:00,0.533447,1.305998059000558,sqs-worker-5986dcd897-qjf2j,ip-192-168-20-201.ec2.internal,e4570c2f9136f77b9a5814ab35dc40a429fae2f7c24eb5edd264d9aca2cbab4a,1,86.0,1392.0
1,hpa-mmpp-808-ddfa18c1,000161,133.741477,2026-08-31T21:30:34.770+00:00,2026-08-31T21:30:34.813+00:00,2026-08-31T21:30:35.352+00:00,2026-08-31T21:30:35.352+00:00,2026-08-31T21:30:35.621+00:00,2026-08-31T21:30:35.621+00:00,0.110775,0.2688115150012891,sqs-worker-5986dcd897-x8rdl,ip-192-168-20-201.ec2.internal,5f29a38185c92379c4c0cc0a51c2807195e12b589308423b64c9a5c0d686c413,1,539.0,808.0
1,hpa-mmpp-808-ddfa18c1,000156,133.532796,2026-08-31T21:30:34.562+00:00,2026-08-31T21:30:34.594+00:00,2026-08-31T21:30:34.755+00:00,2026-08-31T21:30:34.755+00:00,2026-08-31T21:30:35.995+00:00,2026-08-31T21:30:35.995+00:00,0.211321,1.23997173799944,sqs-worker-5986dcd897-5ksk9,ip-192-168-20-201.ec2.internal,9d9f8e2175027c3ea29ee91162dc6a23227dede6cd851fbe788f3d116afa595f,1,161.0,1401.0
1,hpa-mmpp-808-ddfa18c1,000163,133.827447,2026-08-31T21:30:34.857+00:00,2026-08-31T21:30:34.895+00:00,2026-08-31T21:30:35.395+00:00,2026-08-31T21:30:35.396+00:00,2026-08-31T21:30:36.051+00:00,2026-08-31T21:30:36.051+00:00,0.26629,0.6553714260007837,sqs-worker-5986dcd897-qjf2j,ip-192-168-20-201.ec2.internal,27d090d4bca4b7fc9cc8a5e95d106a1f1b32e4b4bbe7dd103a586f81f3d13558,1,500.0,1156.0
1,hpa-mmpp-808-ddfa18c1,000160,133.697425,2026-08-31T21:30:34.726+00:00,2026-08-31T21:30:34.760+00:00,2026-08-31T21:30:36.080+00:00,2026-08-31T21:30:36.080+00:00,2026-08-31T21:30:36.130+00:00,2026-08-31T21:30:36.130+00:00,0.014198,0.04962765199888963,sqs-worker-5986dcd897-qjf2j,ip-192-168-20-201.ec2.internal,858b931f23862d05e593d1841ba42f51fdc4d0b016f732b9f7bf03638fecb9ae,1,1320.0,1370.0
1,hpa-mmpp-808-ddfa18c1,000153,132.619993,2026-08-31T21:30:33.649+00:00,2026-08-31T21:30:33.685+00:00,2026-08-31T21:30:33.896+00:00,2026-08-31T21:30:33.896+00:00,2026-08-31T21:30:36.245+00:00,2026-08-31T21:30:36.245+00:00,0.953169,2.3488000160032243,sqs-worker-5986dcd897-zklmz,ip-192-168-20-201.ec2.internal,57e866c9efb8811f9fd3a3812424530f7c23f34353e29ff4e8852b1bed9bad96,1,211.0,2560.0
1,hpa-mmpp-808-ddfa18c1,000159,133.672926,2026-08-31T21:30:34.702+00:00,2026-08-31T21:30:34.745+00:00,2026-08-31T21:30:34.981+00:00,2026-08-31T21:30:34.981+00:00,2026-08-31T21:30:35.370+00:00,2026-08-31T21:30:35.370+00:00,0.159535,0.38895143999980064,sqs-worker-5986dcd897-qjf2j,ip-192-168-20-201.ec2.internal,47f73b1a535bf7a220a03687c92bdf6ef3dbbb2868effab3b2ac71c0ec485734,1,236.0,625.0
1,hpa-mmpp-808-ddfa18c1,000162,133.814823,2026-08-31T21:30:34.844+00:00,2026-08-31T21:30:34.906+00:00,2026-08-31T21:30:35.666+00:00,2026-08-31T21:30:35.666+00:00,2026-08-31T21:30:36.405+00:00,2026-08-31T21:30:36.405+00:00,0.311122,0.7395081329996174,sqs-worker-5986dcd897-x8rdl,ip-192-168-20-201.ec2.internal,1d118ef6bec99598d8055a85b438402791750c6384d4755731f9c06931a6463b,1,760.0,1499.0
1,hpa-mmpp-808-ddfa18c1,000164,134.086118,2026-08-31T21:30:35.115+00:00,2026-08-31T21:30:35.148+00:00,2026-08-31T21:30:36.146+00:00,2026-08-31T21:30:36.146+00:00,2026-08-31T21:30:36.533+00:00,2026-08-31T21:30:36.533+00:00,0.160466,0.3869790139979159,sqs-worker-5986dcd897-qjf2j,ip-192-168-20-201.ec2.internal,e7ef4241284f34252a25162457377d3b1249fe4e20533275dd6a5de3429d0be3,1,998.0,1385.0
1,hpa-mmpp-808-ddfa18c1,000157,133.567073,2026-08-31T21:30:34.596+00:00,2026-08-31T21:30:34.637+00:00,2026-08-31T21:30:34.800+00:00,2026-08-31T21:30:34.800+00:00,2026-08-31T21:30:35.319+00:00,2026-08-31T21:30:35.320+00:00,0.21637,0.5196183230000315,sqs-worker-5986dcd897-x8rdl,ip-192-168-20-201.ec2.internal,430dbcaa99b279c7e35ce2ab3d35adbab0051499248fcfc3c6886f597db407b4,1,163.0,682.0
1,hpa-mmpp-808-ddfa18c1,000167,134.721372,2026-08-31T21:30:35.750+00:00,2026-08-31T21:30:35.784+00:00,2026-08-31T21:30:36.568+00:00,2026-08-31T21:30:36.568+00:00,2026-08-31T21:30:36.682+00:00,2026-08-31T21:30:36.682+00:00,0.059419,0.1136869280016981,sqs-worker-5986dcd897-qjf2j,ip-192-168-20-201.ec2.internal,c5d69f485289a3e05863e926a9d672f868ef085569d3f8f3e21608a11630f1fe,1,784.0,898.0
1,hpa-mmpp-808-ddfa18c1,000158,133.634538,2026-08-31T21:30:34.663+00:00,2026-08-31T21:30:34.701+00:00,2026-08-31T21:30:36.043+00:00,2026-08-31T21:30:36.043+00:00,2026-08-31T21:30:36.450+00:00,2026-08-31T21:30:36.450+00:00,0.10236,0.40699112699803663,sqs-worker-5986dcd897-5ksk9,ip-192-168-20-201.ec2.internal,0147f8e0a3dd55d1fe0d9704ae3a4784dd17bf922e535c0e63a33e9325d614ca,1,1342.0,1749.0
1,hpa-mmpp-808-ddfa18c1,000166,134.545799,2026-08-31T21:30:35.574+00:00,2026-08-31T21:30:35.607+00:00,2026-08-31T21:30:36.471+00:00,2026-08-31T21:30:36.471+00:00,2026-08-31T21:30:36.795+00:00,2026-08-31T21:30:36.795+00:00,0.122515,0.3237080090002564,sqs-worker-5986dcd897-5ksk9,ip-192-168-20-201.ec2.internal,69644c9c9b8287001d42aac3a86faa25ffb0938c33bd4ebecf9e8d97164881ae,1,864.0,1188.0
1,hpa-mmpp-808-ddfa18c1,000165,134.216724,2026-08-31T21:30:35.245+00:00,2026-08-31T21:30:35.278+00:00,2026-08-31T21:30:36.282+00:00,2026-08-31T21:30:36.282+00:00,2026-08-31T21:30:37.025+00:00,2026-08-31T21:30:37.025+00:00,0.306691,0.7429752619973442,sqs-worker-5986dcd897-zklmz,ip-192-168-20-201.ec2.internal,49735b0e89b971d23ecdda4b140368f32c7c7181ed782d9502310c340f658f84,1,1004.0,1747.0
1,hpa-mmpp-808-ddfa18c1,000168,135.110005,2026-08-31T21:30:36.139+00:00,2026-08-31T21:30:36.172+00:00,2026-08-31T21:30:36.436+00:00,2026-08-31T21:30:36.436+00:00,2026-08-31T21:30:37.310+00:00,2026-08-31T21:30:37.310+00:00,0.358351,0.8736926959973061,sqs-worker-5986dcd897-x8rdl,ip-192-168-20-201.ec2.internal,811b728526737e88ba001ffb13a9ac9a70ea4a43888bf423f9a7c2dc2a5d83b6,1,264.0,1138.0
1,hpa-mmpp-808-ddfa18c1,000169,135.672679,2026-08-31T21:30:36.702+00:00,2026-08-31T21:30:36.742+00:00,2026-08-31T21:30:36.752+00:00,2026-08-31T21:30:36.752+00:00,2026-08-31T21:30:37.039+00:00,2026-08-31T21:30:37.039+00:00,0.133729,0.2869138310015842,sqs-worker-5986dcd897-qjf2j,ip-192-168-20-201.ec2.internal,508f503b3431607f3c301aec13e23ce5e47a70bcadefa359a2371f152f3f98b5,1,10.0,297.0
1,hpa-mmpp-808-ddfa18c1,000171,136.250331,2026-08-31T21:30:37.279+00:00,2026-08-31T21:30:37.313+00:00,2026-08-31T21:30:37.317+00:00,2026-08-31T21:30:37.317+00:00,2026-08-31T21:30:37.329+00:00,2026-08-31T21:30:37.329+00:00,0.012237,0.012321299996983726,sqs-worker-5986dcd897-zklmz,ip-192-168-20-201.ec2.internal,ef4bf32f992eab3780e6f87301f5e605ccfa4b60fd9557394e8692ff636e13da,1,4.0,16.0
1,hpa-mmpp-808-ddfa18c1,000173,136.929002,2026-08-31T21:30:37.958+00:00,2026-08-31T21:30:37.992+00:00,2026-08-31T21:30:37.997+00:00,2026-08-31T21:30:37.997+00:00,2026-08-31T21:30:38.285+00:00,2026-08-31T21:30:38.285+00:00,0.132567,0.2883420459984336,sqs-worker-5986dcd897-zklmz,ip-192-168-20-201.ec2.internal,21bb0138b03e85667cc1a1011b0bfc00a5d1c23ef5219846ecab8f0339c4bcde,1,5.0,293.0
1,hpa-mmpp-808-ddfa18c1,000170,136.043097,2026-08-31T21:30:37.072+00:00,2026-08-31T21:30:37.113+00:00,2026-08-31T21:30:37.116+00:00,2026-08-31T21:30:37.116+00:00,2026-08-31T21:30:37.132+00:00,2026-08-31T21:30:37.132+00:00,0.015401,0.015445963999809464,sqs-worker-5986dcd897-5ksk9,ip-192-168-20-201.ec2.internal,f542da4814f4aa4bc029c6cce349a82c47db767ad1183ca0cd43722fd8250439,1,3.0,19.0
1,hpa-mmpp-808-ddfa18c1,000172,136.713567,2026-08-31T21:30:37.743+00:00,2026-08-31T21:30:37.776+00:00,2026-08-31T21:30:37.798+00:00,2026-08-31T21:30:37.798+00:00,2026-08-31T21:30:38.622+00:00,2026-08-31T21:30:38.622+00:00,0.358487,0.8243225810001604,sqs-worker-5986dcd897-x8rdl,ip-192-168-20-201.ec2.internal,881b14dfa1ff62290a4d0285ddc0774c8b853585c729ef0964fe5515a49ebe49,1,22.0,846.0
1,hpa-mmpp-808-ddfa18c1,000176,138.461908,2026-08-31T21:30:39.491+00:00,2026-08-31T21:30:39.527+00:00,2026-08-31T21:30:39.531+00:00,2026-08-31T21:30:39.531+00:00,2026-08-31T21:30:40.398+00:00,2026-08-31T21:30:40.398+00:00,0.228129,0.866599494998809,sqs-worker-5986dcd897-x8rdl,ip-192-168-20-201.ec2.internal,35db396f17dfb6aca9e500d39c7134775bfbd59db6268152e1746adae7a0779a,1,4.0,871.0
1,hpa-mmpp-808-ddfa18c1,000178,139.543209,2026-08-31T21:30:40.573+00:00,2026-08-31T21:30:40.609+00:00,2026-08-31T21:30:40.613+00:00,2026-08-31T21:30:40.613+00:00,2026-08-31T21:30:40.737+00:00,2026-08-31T21:30:40.737+00:00,0.058977,0.12435393900159397,sqs-worker-5986dcd897-zklmz,ip-192-168-20-201.ec2.internal,0b3914f815a9a3953e260bac03945c54715e760f26a3b7204c44de7e72322bca,1,4.0,128.0
1,hpa-mmpp-808-ddfa18c1,000175,138.35221,2026-08-31T21:30:39.383+00:00,2026-08-31T21:30:39.420+00:00,2026-08-31T21:30:39.423+00:00,2026-08-31T21:30:39.423+00:00,2026-08-31T21:30:40.595+00:00,2026-08-31T21:30:40.595+00:00,0.487726,1.1717058380017988,sqs-worker-5986dcd897-5ksk9,ip-192-168-20-201.ec2.internal,b6392862487b846cb8f9c1e7a07cf55864ccf1a9aacc024b1e3f12eff30201dc,1,3.0,1175.0
1,hpa-mmpp-808-ddfa18c1,000177,138.81838,2026-08-31T21:30:39.847+00:00,2026-08-31T21:30:39.883+00:00,2026-08-31T21:30:39.917+00:00,2026-08-31T21:30:39.917+00:00,2026-08-31T21:30:40.443+00:00,2026-08-31T21:30:40.444+00:00,0.180995,0.5269510990001436,sqs-worker-5986dcd897-zklmz,ip-192-168-20-201.ec2.internal,5f0ca71d887c6167375076371a38fd771590d22ecaa1656f6d663a8a8d64f0f6,1,34.0,560.0
1,hpa-mmpp-808-ddfa18c1,000181,139.875799,2026-08-31T21:30:40.905+00:00,2026-08-31T21:30:40.940+00:00,2026-08-31T21:30:40.943+00:00,2026-08-31T21:30:40.943+00:00,2026-08-31T21:30:41.961+00:00,2026-08-31T21:30:41.961+00:00,0.429574,1.0172375009969983,sqs-worker-5986dcd897-5ksk9,ip-192-168-20-201.ec2.internal,586f97bb3cf8adcb42f6a3503913941897ddf3c6e7dd18c3f7eed43d191e6f41,1,3.0,1020.9999999999999
1,hpa-mmpp-808-ddfa18c1,000174,137.039276,2026-08-31T21:30:38.068+00:00,2026-08-31T21:30:38.107+00:00,2026-08-31T21:30:38.110+00:00,2026-08-31T21:30:38.110+00:00,2026-08-31T21:30:42.173+00:00,2026-08-31T21:30:42.173+00:00,0.981135,4.062703136998607,sqs-worker-5986dcd897-qjf2j,ip-192-168-20-201.ec2.internal,5404d437740b6138974eab3e273f0aa7f59695e62e4917291e7005c148416cc7,1,3.0,4066.0
1,hpa-mmpp-808-ddfa18c1,000180,139.786026,2026-08-31T21:30:40.815+00:00,2026-08-31T21:30:40.849+00:00,2026-08-31T21:30:40.854+00:00,2026-08-31T21:30:40.854+00:00,2026-08-31T21:30:42.218+00:00,2026-08-31T21:30:42.218+00:00,0.562423,1.363953482999932,sqs-worker-5986dcd897-zklmz,ip-192-168-20-201.ec2.internal,2ed8c9c13a3082a4031a722f48d9d0db9167101d818efa5d2f7374ca75c8a511,1,5.0,1369.0
1,hpa-mmpp-808-ddfa18c1,000179,139.764939,2026-08-31T21:30:40.794+00:00,2026-08-31T21:30:40.829+00:00,2026-08-31T21:30:40.887+00:00,2026-08-31T21:30:40.887+00:00,2026-08-31T21:30:41.994+00:00,2026-08-31T21:30:41.994+00:00,0.219914,1.1072145769976487,sqs-worker-5986dcd897-x8rdl,ip-192-168-20-201.ec2.internal,e2e0e214947ba593a36f9d1ac51fcd68fa6a69c3fddf5154b65bc906a7414882,1,58.0,1165.0
1,hpa-mmpp-808-ddfa18c1,000182,140.115157,2026-08-31T21:30:41.144+00:00,2026-08-31T21:30:41.178+00:00,2026-08-31T21:30:41.990+00:00,2026-08-31T21:30:41.990+00:00,2026-08-31T21:30:42.142+00:00,2026-08-31T21:30:42.142+00:00,0.054062,0.15157412699772976,sqs-worker-5986dcd897-5ksk9,ip-192-168-20-201.ec2.internal,84c2a7c05719aff3078c2f1480d4e58b7c2ec0296d200f83739f87de9fb16329,1,812.0,964.0
1,hpa-mmpp-808-ddfa18c1,000184,143.477847,2026-08-31T21:30:44.507+00:00,2026-08-31T21:30:44.540+00:00,2026-08-31T21:30:44.544+00:00,2026-08-31T21:30:44.544+00:00,2026-08-31T21:30:44.702+00:00,2026-08-31T21:30:44.702+00:00,0.08798,0.1588174259995867,sqs-worker-5986dcd897-x8rdl,ip-192-168-20-201.ec2.internal,0a168fc5e02849689bbb27d2e8e022da074f70ff5b447f35c1b5e15bf7acbf2a,1,4.0,162.0
1,hpa-mmpp-808-ddfa18c1,000183,142.512938,2026-08-31T21:30:43.543+00:00,2026-08-31T21:30:43.576+00:00,2026-08-31T21:30:43.579+00:00,2026-08-31T21:30:43.579+00:00,2026-08-31T21:30:45.489+00:00,2026-08-31T21:30:45.489+00:00,0.363082,1.9097839860005479,sqs-worker-5986dcd897-5ksk9,ip-192-168-20-201.ec2.internal,5f9e145ce31d2827a892c90bdf0dc2a05778366a7570e4f584149d2074a0b2c2,1,3.0,1913.0
1,hpa-mmpp-808-ddfa18c1,000185,145.691011,2026-08-31T21:30:46.722+00:00,2026-08-31T21:30:46.756+00:00,2026-08-31T21:30:46.759+00:00,2026-08-31T21:30:46.759+00:00,2026-08-31T21:30:47.479+00:00,2026-08-31T21:30:47.479+00:00,0.304547,0.7195204849995207,sqs-worker-5986dcd897-qjf2j,ip-192-168-20-201.ec2.internal,3525a6e18431c9a2110405c5548748a8661f5d48fb85ce1c5e50feeebf05b5df,1,3.0,723.0
1,hpa-mmpp-808-ddfa18c1,000186,146.154077,2026-08-31T21:30:47.183+00:00,2026-08-31T21:30:47.226+00:00,2026-08-31T21:30:47.234+00:00,2026-08-31T21:30:47.234+00:00,2026-08-31T21:30:47.692+00:00,2026-08-31T21:30:47.692+00:00,0.206414,0.4588171679970401,sqs-worker-5986dcd897-5ksk9,ip-192-168-20-201.ec2.internal,dbbe215d236438989dd51d34a4c786a58534e208ee580083da2b0d62e26da4a3,1,8.0,466.0
1,hpa-mmpp-808-ddfa18c1,000187,146.811107,2026-08-31T21:30:47.840+00:00,2026-08-31T21:30:47.874+00:00,2026-08-31T21:30:47.878+00:00,2026-08-31T21:30:47.878+00:00,2026-08-31T21:30:48.376+00:00,2026-08-31T21:30:48.377+00:00,0.208767,0.4984165189998748,sqs-worker-5986dcd897-zklmz,ip-192-168-20-201.ec2.internal,0773bc2eea076867cfe088e2a1611cd82bf775353d96a7c74d96559ababa637d,1,4.0,502.0
1,hpa-mmpp-808-ddfa18c1,000189,147.307795,2026-08-31T21:30:48.337+00:00,2026-08-31T21:30:48.374+00:00,2026-08-31T21:30:48.378+00:00,2026-08-31T21:30:48.378+00:00,2026-08-31T21:30:48.737+00:00,2026-08-31T21:30:48.737+00:00,0.154117,0.35865959500006284,sqs-worker-5986dcd897-x8rdl,ip-192-168-20-201.ec2.internal,88b709081450aa5a54d4ffc61eddd8b6d02cfbd5642a21a20807b1c660be4a70,1,4.0,363.0
1,hpa-mmpp-808-ddfa18c1,000190,147.434426,2026-08-31T21:30:48.463+00:00,2026-08-31T21:30:48.497+00:00,2026-08-31T21:30:48.500+00:00,2026-08-31T21:30:48.500+00:00,2026-08-31T21:30:48.770+00:00,2026-08-31T21:30:48.770+00:00,0.107631,0.2700581659992167,sqs-worker-5986dcd897-zklmz,ip-192-168-20-201.ec2.internal,4d3387bb8325607ca596f0fb1738fe78480c420f9409f595e9ebe9fffbf4c425,1,3.0,273.0
1,hpa-mmpp-808-ddfa18c1,000191,147.707039,2026-08-31T21:30:48.736+00:00,2026-08-31T21:30:48.768+00:00,2026-08-31T21:30:48.776+00:00,2026-08-31T21:30:48.776+00:00,2026-08-31T21:30:48.833+00:00,2026-08-31T21:30:48.833+00:00,0.014316,0.05730073399899993,sqs-worker-5986dcd897-qjf2j,ip-192-168-20-201.ec2.internal,a58c2230f2683ccaab1c3da3f37b5182c024202e08f6612381660185198daa1b,1,8.0,65.0
1,hpa-mmpp-808-ddfa18c1,000192,147.927978,2026-08-31T21:30:48.957+00:00,2026-08-31T21:30:48.990+00:00,2026-08-31T21:30:49.017+00:00,2026-08-31T21:30:49.017+00:00,2026-08-31T21:30:49.819+00:00,2026-08-31T21:30:49.819+00:00,0.133995,0.8020658940004068,sqs-worker-5986dcd897-zklmz,ip-192-168-20-201.ec2.internal,74e47f7f68c000e81842c82660b1ebf050692417e63f3a65109095f61f22c57f,1,27.0,829.0
1,hpa-mmpp-808-ddfa18c1,000188,147.107883,2026-08-31T21:30:48.137+00:00,2026-08-31T21:30:48.175+00:00,2026-08-31T21:30:48.179+00:00,2026-08-31T21:30:48.179+00:00,2026-08-31T21:30:50.151+00:00,2026-08-31T21:30:50.151+00:00,0.803044,1.9720010189994355,sqs-worker-5986dcd897-5ksk9,ip-192-168-20-201.ec2.internal,b68bedf15308f602cad568f2f7799835b53979782be9eab4043891d0901d1b08,1,4.0,1976.0
1,hpa-mmpp-808-ddfa18c1,000193,147.995395,2026-08-31T21:30:49.024+00:00,2026-08-31T21:30:49.058+00:00,2026-08-31T21:30:49.062+00:00,2026-08-31T21:30:49.062+00:00,2026-08-31T21:30:49.890+00:00,2026-08-31T21:30:49.890+00:00,0.317895,0.8275804259974393,sqs-worker-5986dcd897-x8rdl,ip-192-168-20-201.ec2.internal,ac0a0eba93efe6e468d99f5fd6ee0db32f7f1b56e7bd52f18d8e1dd5f3045d86,1,4.0,832.0
1,hpa-mmpp-808-ddfa18c1,000198,148.609269,2026-08-31T21:30:49.638+00:00,2026-08-31T21:30:49.673+00:00,2026-08-31T21:30:49.996+00:00,2026-08-31T21:30:49.996+00:00,2026-08-31T21:30:50.006+00:00,2026-08-31T21:30:50.006+00:00,0.009336,0.009392885000124807,sqs-worker-5986dcd897-x8rdl,ip-192-168-20-201.ec2.internal,4bc9c6442bf6fc9fd42b62237719306b022bfbfd9ffad2b9319a01280405c899,1,323.0,333.0
1,hpa-mmpp-808-ddfa18c1,000197,148.38724,2026-08-31T21:30:49.416+00:00,2026-08-31T21:30:49.451+00:00,2026-08-31T21:30:50.106+00:00,2026-08-31T21:30:50.106+00:00,2026-08-31T21:30:50.182+00:00,2026-08-31T21:30:50.182+00:00,0.005,0.07643146999907913,sqs-worker-5986dcd897-x8rdl,ip-192-168-20-201.ec2.internal,e765e7c56a74d3d3ae125d76c957a82c3ba781ae0e6feae3c30613c69660493c,1,655.0,731.0
1,hpa-mmpp-808-ddfa18c1,000194,148.02144,2026-08-31T21:30:49.050+00:00,2026-08-31T21:30:49.085+00:00,2026-08-31T21:30:49.097+00:00,2026-08-31T21:30:49.097+00:00,2026-08-31T21:30:50.629+00:00,2026-08-31T21:30:50.629+00:00,0.281466,1.532408631999715,sqs-worker-5986dcd897-qjf2j,ip-192-168-20-201.ec2.internal,19bdccddc1579194fec7e176ce9876759971cecf64d273bde8e70ca786111a82,1,12.0,1544.0
1,hpa-mmpp-808-ddfa18c1,000196,148.215566,2026-08-31T21:30:49.244+00:00,2026-08-31T21:30:49.284+00:00,2026-08-31T21:30:50.175+00:00,2026-08-31T21:30:50.175+00:00,2026-08-31T21:30:51.149+00:00,2026-08-31T21:30:51.149+00:00,0.396184,0.9739934600002016,sqs-worker-5986dcd897-5ksk9,ip-192-168-20-201.ec2.internal,9cd1df33075b0bb15f8c5c0ceef757c9ea5e4a6f807385d913cc71f311d3a770,1,891.0,1865.0
1,hpa-mmpp-808-ddfa18c1,000205,149.805794,2026-08-31T21:30:50.835+00:00,2026-08-31T21:30:50.873+00:00,2026-08-31T21:30:50.917+00:00,2026-08-31T21:30:50.917+00:00,2026-08-31T21:30:51.575+00:00,2026-08-31T21:30:51.575+00:00,0.133292,0.6589692849993298,sqs-worker-5986dcd897-zklmz,ip-192-168-20-201.ec2.internal,f2633bb65ddbc978093b5d0f974cdfea80a13551296ebc8eca12262fd422d834,1,44.0,702.0
1,hpa-mmpp-808-ddfa18c1,000203,149.358752,2026-08-31T21:30:50.387+00:00,2026-08-31T21:30:50.425+00:00,2026-08-31T21:30:50.649+00:00,2026-08-31T21:30:50.649+00:00,2026-08-31T21:30:51.361+00:00,2026-08-31T21:30:51.361+00:00,0.134289,0.7120775779985706,sqs-worker-5986dcd897-qjf2j,ip-192-168-20-201.ec2.internal,36adb5f56e4b3f81e180582f7b095dc76699ec6797b9b5af92961911e534d324,1,224.0,936.0
1,hpa-mmpp-808-ddfa18c1,000207,149.97822,2026-08-31T21:30:51.009+00:00,2026-08-31T21:30:51.043+00:00,2026-08-31T21:30:51.700+00:00,2026-08-31T21:30:51.700+00:00,2026-08-31T21:30:51.792+00:00,2026-08-31T21:30:51.792+00:00,0.014599,0.09175271399726626,sqs-worker-5986dcd897-x8rdl,ip-192-168-20-201.ec2.internal,bba855f7215a5c20d517a94c191699d63d7f2430a379b042ffe27109c8ffa174,1,657.0,749.0
1,hpa-mmpp-808-ddfa18c1,000210,150.480957,2026-08-31T21:30:51.509+00:00,2026-08-31T21:30:51.543+00:00,2026-08-31T21:30:51.845+00:00,2026-08-31T21:30:51.845+00:00,2026-08-31T21:30:51.980+00:00,2026-08-31T21:30:51.980+00:00,0.052591,0.13535685399983777,sqs-worker-5986dcd897-zklmz,ip-192-168-20-201.ec2.internal,15c213f19a50632566dad5839d62f601b0044c1009f93d41e31e2eedf16c0583,1,302.0,437.0
1,hpa-mmpp-808-ddfa18c1,000199,148.754354,2026-08-31T21:30:49.783+00:00,2026-08-31T21:30:49.818+00:00,2026-08-31T21:30:50.220+00:00,2026-08-31T21:30:50.220+00:00,2026-08-31T21:30:50.775+00:00,2026-08-31T21:30:50.775+00:00,0.090701,0.5549770050020015,sqs-worker-5986dcd897-x8rdl,ip-192-168-20-201.ec2.internal,0e9325293b6b28076bcc0119a3c03da9ab6af43ac279085a56ef6f0af4f79b43,1,402.0,957.0
1,hpa-mmpp-808-ddfa18c1,000200,149.022087,2026-08-31T21:30:50.051+00:00,2026-08-31T21:30:50.085+00:00,2026-08-31T21:30:50.824+00:00,2026-08-31T21:30:50.824+00:00,2026-08-31T21:30:51.685+00:00,2026-08-31T21:30:51.685+00:00,0.165941,0.8608099760022014,sqs-worker-5986dcd897-x8rdl,ip-192-168-20-201.ec2.internal,460bd5d164e790ef1d6254f1707185d7b92213cbd6f3e6b9a35450a596200d27,1,739.0,1600.0
1,hpa-mmpp-808-ddfa18c1,000204,149.532993,2026-08-31T21:30:50.562+00:00,2026-08-31T21:30:50.602+00:00,2026-08-31T21:30:51.906+00:00,2026-08-31T21:30:51.907+00:00,2026-08-31T21:30:52.278+00:00,2026-08-31T21:30:52.278+00:00,0.066658,0.3713444230015739,sqs-worker-5986dcd897-x8rdl,ip-192-168-20-201.ec2.internal,97a1fd57559ef749708d92ece5df751d09b7fb8598c8a43e9a5bbcfdfbd08743,1,1304.0,1676.0
1,hpa-mmpp-808-ddfa18c1,000195,148.139352,2026-08-31T21:30:49.168+00:00,2026-08-31T21:30:49.200+00:00,2026-08-31T21:30:49.911+00:00,2026-08-31T21:30:49.911+00:00,2026-08-31T21:30:50.832+00:00,2026-08-31T21:30:50.832+00:00,0.192152,0.9207798560019,sqs-worker-5986dcd897-zklmz,ip-192-168-20-201.ec2.internal,7538a3e6d868e27364707fece5e7b25631ea7c0bc4d40c6762ff429f4276303d,1,711.0,1632.0
1,hpa-mmpp-808-ddfa18c1,000201,149.206429,2026-08-31T21:30:50.235+00:00,2026-08-31T21:30:50.271+00:00,2026-08-31T21:30:51.631+00:00,2026-08-31T21:30:51.631+00:00,2026-08-31T21:30:51.831+00:00,2026-08-31T21:30:51.831+00:00,0.097887,0.20067259200004628,sqs-worker-5986dcd897-zklmz,ip-192-168-20-201.ec2.internal,be8d97fe6603196af32306e5b583fa8da3a289f8933ff2a7919d3aaaa338a1c1,1,1360.0,1560.0
1,hpa-mmpp-808-ddfa18c1,000214,151.12348,2026-08-31T21:30:52.151+00:00,2026-08-31T21:30:52.192+00:00,2026-08-31T21:30:52.296+00:00,2026-08-31T21:30:52.296+00:00,2026-08-31T21:30:52.693+00:00,2026-08-31T21:30:52.693+00:00,0.075737,0.396483040000021,sqs-worker-5986dcd897-x8rdl,ip-192-168-20-201.ec2.internal,34a97bb0fd1b4bb6425881b0c4976aee91c14bfdf498ce0b2a9089f759564e16,1,104.0,501.0
1,hpa-mmpp-808-ddfa18c1,000211,150.733238,2026-08-31T21:30:51.761+00:00,2026-08-31T21:30:51.801+00:00,2026-08-31T21:30:52.027+00:00,2026-08-31T21:30:52.027+00:00,2026-08-31T21:30:52.527+00:00,2026-08-31T21:30:52.527+00:00,0.206027,0.5001644479998504,sqs-worker-5986dcd897-zklmz,ip-192-168-20-201.ec2.internal,ccd0da5bf435b4e6b62c644a354d853f56bec7355b0f55b256eb6847a015d7f6,1,226.0,726.0
1,hpa-mmpp-808-ddfa18c1,000208,150.266562,2026-08-31T21:30:51.294+00:00,2026-08-31T21:30:51.330+00:00,2026-08-31T21:30:52.543+00:00,2026-08-31T21:30:52.544+00:00,2026-08-31T21:30:53.321+00:00,2026-08-31T21:30:53.321+00:00,0.307264,0.777687142999639,sqs-worker-5986dcd897-zklmz,ip-192-168-20-201.ec2.internal,2550b73420582510e9d23e3731a580887b1a5864e07af75228c58253db993e2c,1,1213.0,1991.0
1,hpa-mmpp-808-ddfa18c1,000206,149.978184,2026-08-31T21:30:51.007+00:00,2026-08-31T21:30:51.047+00:00,2026-08-31T21:30:51.442+00:00,2026-08-31T21:30:51.442+00:00,2026-08-31T21:30:53.329+00:00,2026-08-31T21:30:53.329+00:00,0.75046,1.8869708179990994,sqs-worker-5986dcd897-qjf2j,ip-192-168-20-201.ec2.internal,18e6b454a9e27d1da994e8c56b22a5e5dae417e89c279823f4fe75a849ac2718,1,395.0,2282.0
1,hpa-mmpp-808-ddfa18c1,000209,150.368546,2026-08-31T21:30:51.396+00:00,2026-08-31T21:30:51.433+00:00,2026-08-31T21:30:53.336+00:00,2026-08-31T21:30:53.336+00:00,2026-08-31T21:30:53.875+00:00,2026-08-31T21:30:53.875+00:00,0.226872,0.5397096309970948,sqs-worker-5986dcd897-zklmz,ip-192-168-20-201.ec2.internal,d7c9147e1d00f6986aa48292c13df15a5a53ad20a6d5a00c22665ba380c2b0e5,1,1903.0,2442.0
1,hpa-mmpp-808-ddfa18c1,000215,151.35397,2026-08-31T21:30:52.382+00:00,2026-08-31T21:30:52.423+00:00,2026-08-31T21:30:52.719+00:00,2026-08-31T21:30:52.720+00:00,2026-08-31T21:30:53.320+00:00,2026-08-31T21:30:53.320+00:00,0.254296,0.6004365699991467,sqs-worker-5986dcd897-x8rdl,ip-192-168-20-201.ec2.internal,faad9653b3bc325a4bbb631b8bebd86416d016ab534371add9847a51e00ce942,1,296.0,897.0
1,hpa-mmpp-808-ddfa18c1,000219,152.743346,2026-08-31T21:30:53.771+00:00,2026-08-31T21:30:53.803+00:00,2026-08-31T21:30:53.952+00:00,2026-08-31T21:30:53.952+00:00,2026-08-31T21:30:54.375+00:00,2026-08-31T21:30:54.375+00:00,0.187327,0.42287803500221344,sqs-worker-5986dcd897-zklmz,ip-192-168-20-201.ec2.internal,35f259ece27afe3e66b8cfac4cbce6d16f033963cd50c8742dcb5c2cc2e8c8c1,1,149.0,572.0
1,hpa-mmpp-808-ddfa18c1,000217,152.266537,2026-08-31T21:30:53.294+00:00,2026-08-31T21:30:53.329+00:00,2026-08-31T21:30:53.352+00:00,2026-08-31T21:30:53.352+00:00,2026-08-31T21:30:53.640+00:00,2026-08-31T21:30:53.640+00:00,0.12236,0.2885141049991944,sqs-worker-5986dcd897-qjf2j,ip-192-168-20-201.ec2.internal,440bc3b7efccf377b8548b1bc5c60bbc17208a00adeffbf469df5f45bf75cd99,1,23.0,311.0
1,hpa-mmpp-808-ddfa18c1,000202,149.349737,2026-08-31T21:30:50.379+00:00,2026-08-31T21:30:50.416+00:00,2026-08-31T21:30:51.162+00:00,2026-08-31T21:30:51.162+00:00,2026-08-31T21:30:53.805+00:00,2026-08-31T21:30:53.805+00:00,1.0,2.643092564001563,sqs-worker-5986dcd897-5ksk9,ip-192-168-20-201.ec2.internal,19c1b782315f4f2c9b9036ac5eba08161067b23ef4e22bc9de7e124a60807496,1,746.0,3389.0
1,hpa-mmpp-808-ddfa18c1,000220,153.652855,2026-08-31T21:30:54.681+00:00,2026-08-31T21:30:54.716+00:00,2026-08-31T21:30:54.719+00:00,2026-08-31T21:30:54.719+00:00,2026-08-31T21:30:54.930+00:00,2026-08-31T21:30:54.930+00:00,0.100801,0.21040278199870954,sqs-worker-5986dcd897-zklmz,ip-192-168-20-201.ec2.internal,08233b7f9926eff832f3566c8bfbad83a0363e087365d074fe4b79f8ed7bc7e3,1,3.0,214.0
1,hpa-mmpp-808-ddfa18c1,000221,153.849911,2026-08-31T21:30:54.878+00:00,2026-08-31T21:30:54.910+00:00,2026-08-31T21:30:54.957+00:00,2026-08-31T21:30:54.957+00:00,2026-08-31T21:30:54.996+00:00,2026-08-31T21:30:54.996+00:00,0.005,0.03940739400059101,sqs-worker-5986dcd897-5ksk9,ip-192-168-20-201.ec2.internal,385919759210df305a9e1a2f477d009005a8d28b41756afedaf8b561337b727b,1,47.0,86.0
1,hpa-mmpp-808-ddfa18c1,000222,153.873746,2026-08-31T21:30:54.901+00:00,2026-08-31T21:30:54.934+00:00,2026-08-31T21:30:54.939+00:00,2026-08-31T21:30:54.939+00:00,2026-08-31T21:30:55.104+00:00,2026-08-31T21:30:55.104+00:00,0.103992,0.16505621100077406,sqs-worker-5986dcd897-x8rdl,ip-192-168-20-201.ec2.internal,152739a95280c70810eaaf7ace6d058b00b4ee1269465eb957e8b886f1dfccaa,1,5.0,170.0
1,hpa-mmpp-808-ddfa18c1,000224,154.550841,2026-08-31T21:30:55.579+00:00,2026-08-31T21:30:55.614+00:00,2026-08-31T21:30:55.617+00:00,2026-08-31T21:30:55.617+00:00,2026-08-31T21:30:55.650+00:00,2026-08-31T21:30:55.650+00:00,0.032351,0.0324091580005188,sqs-worker-5986dcd897-qjf2j,ip-192-168-20-201.ec2.internal,b3b9e0c3d35be5ddd85533bb93968d66ab0d8b4235cd36f3807c1b62e33e7d18,1,3.0,36.0
1,hpa-mmpp-808-ddfa18c1,000216,152.136848,2026-08-31T21:30:53.165+00:00,2026-08-31T21:30:53.199+00:00,2026-08-31T21:30:53.674+00:00,2026-08-31T21:30:53.674+00:00,2026-08-31T21:30:55.425+00:00,2026-08-31T21:30:55.425+00:00,0.704825,1.7509452300000703,sqs-worker-5986dcd897-qjf2j,ip-192-168-20-201.ec2.internal,84586da78f527385c510a530e7b1b4d8caacad0b167203d6e6dbcbd0d8b34cb3,1,475.0,2226.0
1,hpa-mmpp-808-ddfa18c1,000227,155.276082,2026-08-31T21:30:56.304+00:00,2026-08-31T21:30:56.336+00:00,2026-08-31T21:30:56.339+00:00,2026-08-31T21:30:56.339+00:00,2026-08-31T21:30:56.347+00:00,2026-08-31T21:30:56.347+00:00,0.00715,0.007299159999092808,sqs-worker-5986dcd897-5ksk9,ip-192-168-20-201.ec2.internal,0cf985746b5cd26b6a255fde1bb74b86a52c25cf1f05b9faea5cb8ef7fd3c815,1,3.0,11.0
1,hpa-mmpp-808-ddfa18c1,000230,155.813677,2026-08-31T21:30:56.841+00:00,2026-08-31T21:30:56.874+00:00,2026-08-31T21:30:56.878+00:00,2026-08-31T21:30:56.878+00:00,2026-08-31T21:30:57.009+00:00,2026-08-31T21:30:57.009+00:00,0.06694,0.13112098399869865,sqs-worker-5986dcd897-5ksk9,ip-192-168-20-201.ec2.internal,49ed43886b49ca564b8771e6c2043dc4991e692f9d13133dab7529e3cfe3ec99,1,4.0,135.0
1,hpa-mmpp-808-ddfa18c1,000229,155.641379,2026-08-31T21:30:56.669+00:00,2026-08-31T21:30:56.701+00:00,2026-08-31T21:30:56.705+00:00,2026-08-31T21:30:56.705+00:00,2026-08-31T21:30:57.250+00:00,2026-08-31T21:30:57.250+00:00,0.238103,0.545199579999462,sqs-worker-5986dcd897-zklmz,ip-192-168-20-201.ec2.internal,d900c84a851b7ce6e371fb6265c27bca1d72a32020d2e6dda4615d84a3f9dbc2,1,4.0,549.0
1,hpa-mmpp-808-ddfa18c1,000225,155.048442,2026-08-31T21:30:56.076+00:00,2026-08-31T21:30:56.121+00:00,2026-08-31T21:30:56.125+00:00,2026-08-31T21:30:56.125+00:00,2026-08-31T21:30:56.641+00:00,2026-08-31T21:30:56.641+00:00,0.217037,0.516407592996984,sqs-worker-5986dcd897-qjf2j,ip-192-168-20-201.ec2.internal,6acf6d97d8e488a54368a623dbce4bb17ac915b9f7f96f9de130223106dd8e76,1,4.0,520.0
1,hpa-mmpp-808-ddfa18c1,000226,155.153707,2026-08-31T21:30:56.181+00:00,2026-08-31T21:30:56.214+00:00,2026-08-31T21:30:56.218+00:00,2026-08-31T21:30:56.218+00:00,2026-08-31T21:30:57.496+00:00,2026-08-31T21:30:57.496+00:00,0.534173,1.277999109999655,sqs-worker-5986dcd897-x8rdl,ip-192-168-20-201.ec2.internal,e2b3798433a4c88accb68dac187b0714e183b20b78108aa8fd15983a12da0a22,1,4.0,1282.0
1,hpa-mmpp-808-ddfa18c1,000212,150.945251,2026-08-31T21:30:51.973+00:00,2026-08-31T21:30:52.012+00:00,2026-08-31T21:30:53.398+00:00,2026-08-31T21:30:53.398+00:00,2026-08-31T21:30:53.626+00:00,2026-08-31T21:30:53.626+00:00,0.095319,0.22765736400106107,sqs-worker-5986dcd897-x8rdl,ip-192-168-20-201.ec2.internal,cd5fd3bca05179a2d27ac4bc401fcaa3146e0e66f4ad8177dae7a7705ff76be1,1,1386.0,1614.0
1,hpa-mmpp-808-ddfa18c1,000213,151.097903,2026-08-31T21:30:52.125+00:00,2026-08-31T21:30:52.160+00:00,2026-08-31T21:30:53.883+00:00,2026-08-31T21:30:53.883+00:00,2026-08-31T21:30:54.098+00:00,2026-08-31T21:30:54.098+00:00,0.033067,0.21467262099758955,sqs-worker-5986dcd897-5ksk9,ip-192-168-20-201.ec2.internal,49fcc6513f4e3ad4b608632e974924edc6669ff69ed47502322286cc3a88cbc7,1,1723.0,1938.0
1,hpa-mmpp-808-ddfa18c1,000218,152.299331,2026-08-31T21:30:53.327+00:00,2026-08-31T21:30:53.362+00:00,2026-08-31T21:30:53.649+00:00,2026-08-31T21:30:53.649+00:00,2026-08-31T21:30:54.392+00:00,2026-08-31T21:30:54.392+00:00,0.297858,0.7428330610018747,sqs-worker-5986dcd897-x8rdl,ip-192-168-20-201.ec2.internal,eddf0f4a5f3928a8b5129be99d4747f9f6baaed08ba8328b57fd7fbefe7f15a4,1,287.0,1030.0
1,hpa-mmpp-808-ddfa18c1,000223,154.298805,2026-08-31T21:30:55.327+00:00,2026-08-31T21:30:55.360+00:00,2026-08-31T21:30:55.374+00:00,2026-08-31T21:30:55.374+00:00,2026-08-31T21:30:55.403+00:00,2026-08-31T21:30:55.403+00:00,0.027331,0.029856187997211237,sqs-worker-5986dcd897-5ksk9,ip-192-168-20-201.ec2.internal,b6399f338ae90042c62ac953f78abf9de5c23b279587b1c6ee1fc1a848a18a50,1,14.0,43.0
1,hpa-mmpp-808-ddfa18c1,000233,156.542822,2026-08-31T21:30:57.571+00:00,2026-08-31T21:30:57.610+00:00,2026-08-31T21:30:57.615+00:00,2026-08-31T21:30:57.615+00:00,2026-08-31T21:30:58.197+00:00,2026-08-31T21:30:58.197+00:00,0.254107,0.5821481329985545,sqs-worker-5986dcd897-x8rdl,ip-192-168-20-201.ec2.internal,ceacff2f36a3a0803b0d8a05f7ada9b0f93c523c7602252563ff1e78510ea373,1,5.0,587.0
1,hpa-mmpp-808-ddfa18c1,000232,156.227557,2026-08-31T21:30:57.255+00:00,2026-08-31T21:30:57.290+00:00,2026-08-31T21:30:57.294+00:00,2026-08-31T21:30:57.294+00:00,2026-08-31T21:30:57.645+00:00,2026-08-31T21:30:57.645+00:00,0.152158,0.35083617700001923,sqs-worker-5986dcd897-zklmz,ip-192-168-20-201.ec2.internal,cfa29dc3b0ae8fe903ff5d09fce129773644c122160caabd0702015b0c08d26f,1,4.0,355.0
1,hpa-mmpp-808-ddfa18c1,000228,155.322144,2026-08-31T21:30:56.350+00:00,2026-08-31T21:30:56.935+00:00,2026-08-31T21:30:56.939+00:00,2026-08-31T21:30:56.939+00:00,2026-08-31T21:30:57.681+00:00,2026-08-31T21:30:57.681+00:00,0.318463,0.7426908769994043,sqs-worker-5986dcd897-qjf2j,ip-192-168-20-201.ec2.internal,43284cfab7e09b69694f97376e00f61ebf056b48bf8aa168394fba06a99f8ccb,1,4.0,746.0
1,hpa-mmpp-808-ddfa18c1,000237,157.323211,2026-08-31T21:30:58.351+00:00,2026-08-31T21:30:58.387+00:00,2026-08-31T21:30:58.390+00:00,2026-08-31T21:30:58.390+00:00,2026-08-31T21:30:58.808+00:00,2026-08-31T21:30:58.808+00:00,0.181107,0.41853741700106184,sqs-worker-5986dcd897-5ksk9,ip-192-168-20-201.ec2.internal,2b7085fdaf2dfed4e42af3fc82ca7f29967b34c3063332cdc37e74e2dd9ac3c5,1,3.0,421.0
1,hpa-mmpp-808-ddfa18c1,000236,157.259907,2026-08-31T21:30:58.287+00:00,2026-08-31T21:30:58.324+00:00,2026-08-31T21:30:58.327+00:00,2026-08-31T21:30:58.327+00:00,2026-08-31T21:30:59.077+00:00,2026-08-31T21:30:59.077+00:00,0.231447,0.7495298480025667,sqs-worker-5986dcd897-zklmz,ip-192-168-20-201.ec2.internal,0021bd6920a0dd8787bc26c9bb4a1f1a84c64195a1002ffd1030e7bf41ee0f39,1,3.0,753.0
1,hpa-mmpp-808-ddfa18c1,000241,157.859441,2026-08-31T21:30:58.887+00:00,2026-08-31T21:30:58.926+00:00,2026-08-31T21:30:58.986+00:00,2026-08-31T21:30:58.986+00:00,2026-08-31T21:30:59.388+00:00,2026-08-31T21:30:59.388+00:00,0.165024,0.402258501999313,sqs-worker-5986dcd897-x8rdl,ip-192-168-20-201.ec2.internal,104f3892674cb1c963b8bc38944c9ae06778f4e5f0b53621df68f5befbb7f3d3,1,60.0,462.0
1,hpa-mmpp-808-ddfa18c1,000244,158.247733,2026-08-31T21:30:59.275+00:00,2026-08-31T21:30:59.413+00:00,2026-08-31T21:31:00.076+00:00,2026-08-31T21:31:00.076+00:00,2026-08-31T21:31:00.346+00:00,2026-08-31T21:31:00.346+00:00,0.043329,0.2695234470011201,sqs-worker-5986dcd897-zklmz,ip-192-168-20-201.ec2.internal,5705e894464dc2a8254070c984a9c8cefc8a843a57ffff2f5615d56785e0fb79,1,663.0,933.0
1,hpa-mmpp-808-ddfa18c1,000231,156.100319,2026-08-31T21:30:57.128+00:00,2026-08-31T21:30:57.174+00:00,2026-08-31T21:30:57.179+00:00,2026-08-31T21:30:57.179+00:00,2026-08-31T21:30:57.724+00:00,2026-08-31T21:30:57.724+00:00,0.240652,0.5446653990002233,sqs-worker-5986dcd897-5ksk9,ip-192-168-20-201.ec2.internal,a5e79932686a1d12a6889ab8dabf6ef0bf5810c9b502c9060d118af30209bf34,1,5.0,550.0
1,hpa-mmpp-808-ddfa18c1,000240,157.803745,2026-08-31T21:30:58.831+00:00,2026-08-31T21:30:58.869+00:00,2026-08-31T21:30:59.119+00:00,2026-08-31T21:30:59.119+00:00,2026-08-31T21:31:00.018+00:00,2026-08-31T21:31:00.018+00:00,0.165349,0.8986742260021856,sqs-worker-5986dcd897-zklmz,ip-192-168-20-201.ec2.internal,44ed535e7bdbd24307468a9a8c52770caff9b50b6a00efcced7791a72d66f262,1,250.0,1149.0
1,hpa-mmpp-808-ddfa18c1,000235,157.213014,2026-08-31T21:30:58.241+00:00,2026-08-31T21:30:58.277+00:00,2026-08-31T21:30:58.283+00:00,2026-08-31T21:30:58.283+00:00,2026-08-31T21:31:01.170+00:00,2026-08-31T21:31:01.170+00:00,0.658593,2.8874747209993075,sqs-worker-5986dcd897-qjf2j,ip-192-168-20-201.ec2.internal,5720e2249ec217ff54b56a9efcc568d8446025f61e08e3bdf04fcf2bd32d5fe9,1,6.0,2893.0
1,hpa-mmpp-808-ddfa18c1,000245,158.639334,2026-08-31T21:30:59.667+00:00,2026-08-31T21:30:59.705+00:00,2026-08-31T21:31:01.359+00:00,2026-08-31T21:31:01.359+00:00,2026-08-31T21:31:01.558+00:00,2026-08-31T21:31:01.558+00:00,0.082968,0.19953204299963545,sqs-worker-5986dcd897-5ksk9,ip-192-168-20-201.ec2.internal,e60256caab16f40fdc41742ebffee72f6fc6883a1414ea6f273d0219351087d5,1,1654.0,1853.0
1,hpa-mmpp-808-ddfa18c1,000257,160.339514,2026-08-31T21:31:01.367+00:00,2026-08-31T21:31:01.400+00:00,2026-08-31T21:31:01.496+00:00,2026-08-31T21:31:01.496+00:00,2026-08-31T21:31:02.084+00:00,2026-08-31T21:31:02.084+00:00,0.098162,0.5887120280021918,sqs-worker-5986dcd897-x8rdl,ip-192-168-20-201.ec2.internal,983e5a5ea9e9a29c84875c09159e822ec89e1c5c2e8ad9950b567f6fe73f14b7,1,96.0,684.0
1,hpa-mmpp-808-ddfa18c1,000246,158.862374,2026-08-31T21:30:59.890+00:00,2026-08-31T21:30:59.925+00:00,2026-08-31T21:31:02.424+00:00,2026-08-31T21:31:02.424+00:00,2026-08-31T21:31:02.539+00:00,2026-08-31T21:31:02.539+00:00,0.041944,0.11492930800159229,sqs-worker-5986dcd897-5ksk9,ip-192-168-20-201.ec2.internal,a28a05085eed686ecf6fe221ab4feece907182b74611317bfba2c2c4c886b4af,1,2499.0,2614.0
1,hpa-mmpp-808-ddfa18c1,000234,157.0474,2026-08-31T21:30:58.075+00:00,2026-08-31T21:30:58.115+00:00,2026-08-31T21:30:58.118+00:00,2026-08-31T21:30:58.118+00:00,2026-08-31T21:30:58.146+00:00,2026-08-31T21:30:58.146+00:00,0.027474,0.027534566001122585,sqs-worker-5986dcd897-5ksk9,ip-192-168-20-201.ec2.internal,8cdbf1add75f56d42cacce765d1a12f9ab239074b8ff0d24b0bc225c605f4677,1,3.0,31.0
1,hpa-mmpp-808-ddfa18c1,000238,157.436651,2026-08-31T21:30:58.464+00:00,2026-08-31T21:30:58.497+00:00,2026-08-31T21:30:58.507+00:00,2026-08-31T21:30:58.507+00:00,2026-08-31T21:30:58.904+00:00,2026-08-31T21:30:58.904+00:00,0.172721,0.3969187460024841,sqs-worker-5986dcd897-x8rdl,ip-192-168-20-201.ec2.internal,edc5dcaa84dfb1e3612a56ae506ecf3b2f332e298716dec93dcc996dd25f90ae,1,10.0,407.0
1,hpa-mmpp-808-ddfa18c1,000243,158.192095,2026-08-31T21:30:59.220+00:00,2026-08-31T21:30:59.257+00:00,2026-08-31T21:31:01.060+00:00,2026-08-31T21:31:01.060+00:00,2026-08-31T21:31:01.343+00:00,2026-08-31T21:31:01.343+00:00,0.111532,0.28314582700113533,sqs-worker-5986dcd897-5ksk9,ip-192-168-20-201.ec2.internal,84ded153d7000eff7417a601e7c57f92778fe2347f109db35f10e2ba4db9e928,1,1803.0,2086.0
1,hpa-mmpp-808-ddfa18c1,000248,159.233997,2026-08-31T21:31:00.262+00:00,2026-08-31T21:31:00.301+00:00,2026-08-31T21:31:01.596+00:00,2026-08-31T21:31:01.596+00:00,2026-08-31T21:31:02.411+00:00,2026-08-31T21:31:02.411+00:00,0.335751,0.8144818559994746,sqs-worker-5986dcd897-5ksk9,ip-192-168-20-201.ec2.internal,30c2bb2770cc8a69ff1a9e24492a726c802077f409480c3de01a2047b8683145,1,1295.0,2110.0
1,hpa-mmpp-808-ddfa18c1,000239,157.793656,2026-08-31T21:30:58.821+00:00,2026-08-31T21:30:58.856+00:00,2026-08-31T21:30:58.859+00:00,2026-08-31T21:30:58.860+00:00,2026-08-31T21:31:01.047+00:00,2026-08-31T21:31:01.047+00:00,0.882503,2.1879073540003446,sqs-worker-5986dcd897-5ksk9,ip-192-168-20-201.ec2.internal,1b205df4e13f3a64e61c03ece1e48cbd756f88bbc680207476a2f2fc3944056d,1,3.0,2191.0
1,hpa-mmpp-808-ddfa18c1,000242,158.132362,2026-08-31T21:30:59.162+00:00,2026-08-31T21:30:59.203+00:00,2026-08-31T21:30:59.414+00:00,2026-08-31T21:30:59.414+00:00,2026-08-31T21:31:01.391+00:00,2026-08-31T21:31:01.391+00:00,0.382324,1.976465020001342,sqs-worker-5986dcd897-x8rdl,ip-192-168-20-201.ec2.internal,e27dee421d2eb62c6d7a8563009932916df76983a32e53de0d05b73661f33574,1,211.0,2188.0
1,hpa-mmpp-808-ddfa18c1,000253,159.935527,2026-08-31T21:31:00.963+00:00,2026-08-31T21:31:01.009+00:00,2026-08-31T21:31:02.112+00:00,2026-08-31T21:31:02.112+00:00,2026-08-31T21:31:02.395+00:00,2026-08-31T21:31:02.395+00:00,0.069262,0.28221605899670976,sqs-worker-5986dcd897-x8rdl,ip-192-168-20-201.ec2.internal,d22e4bf234a99b97c05311bb0d5413579bd74a4db0405542d5fed6369ff7864f,1,1103.0,1386.0
1,hpa-mmpp-808-ddfa18c1,000252,159.582569,2026-08-31T21:31:00.610+00:00,2026-08-31T21:31:00.646+00:00,2026-08-31T21:31:02.632+00:00,2026-08-31T21:31:02.632+00:00,2026-08-31T21:31:02.680+00:00,2026-08-31T21:31:02.680+00:00,0.016703,0.04845901799853891,sqs-worker-5986dcd897-qjf2j,ip-192-168-20-201.ec2.internal,09c858df1381e7711ead417d093ef2858ee3fe7add338ee60dfa0b65cadd024d,1,1986.0,2033.9999999999998
1,hpa-mmpp-808-ddfa18c1,000247,159.14811,2026-08-31T21:31:00.176+00:00,2026-08-31T21:31:00.210+00:00,2026-08-31T21:31:00.417+00:00,2026-08-31T21:31:00.417+00:00,2026-08-31T21:31:02.648+00:00,2026-08-31T21:31:02.648+00:00,0.590076,2.2316654689966526,sqs-worker-5986dcd897-zklmz,ip-192-168-20-201.ec2.internal,3e6243019a1c4054947fe4feb213ec315d94242eef69f951f1fb1f9688592932,1,207.0,2438.0
1,hpa-mmpp-808-ddfa18c1,000260,161.427394,2026-08-31T21:31:02.456+00:00,2026-08-31T21:31:02.491+00:00,2026-08-31T21:31:02.565+00:00,2026-08-31T21:31:02.565+00:00,2026-08-31T21:31:02.800+00:00,2026-08-31T21:31:02.800+00:00,0.096622,0.2351232090004487,sqs-worker-5986dcd897-5ksk9,ip-192-168-20-201.ec2.internal,61020b17020d6134648cc6878cdcacf73e9108a7b130cb163dc7bbc3d2d6efe4,1,74.0,309.0
1,hpa-mmpp-808-ddfa18c1,000254,159.991168,2026-08-31T21:31:01.019+00:00,2026-08-31T21:31:01.055+00:00,2026-08-31T21:31:02.686+00:00,2026-08-31T21:31:02.686+00:00,2026-08-31T21:31:03.228+00:00,2026-08-31T21:31:03.228+00:00,0.22619,0.5424847190006403,sqs-worker-5986dcd897-zklmz,ip-192-168-20-201.ec2.internal,2b52fb73d31b9464202d4e21c53d3928466ed24db9a32e6c78700c2eec5a1557,1,1631.0,2173.0
1,hpa-mmpp-808-ddfa18c1,000263,161.647167,2026-08-31T21:31:02.675+00:00,2026-08-31T21:31:02.710+00:00,2026-08-31T21:31:03.724+00:00,2026-08-31T21:31:03.724+00:00,2026-08-31T21:31:04.042+00:00,2026-08-31T21:31:04.042+00:00,0.140023,0.3182547569995222,sqs-worker-5986dcd897-x8rdl,ip-192-168-20-201.ec2.internal,9cc6049957c2941336d355ebcd63c84fef969bba2e1a9dd083d4e9b5ccc4829c,1,1014.0,1332.0
1,hpa-mmpp-808-ddfa18c1,000269,162.35691,2026-08-31T21:31:03.384+00:00,2026-08-31T21:31:03.418+00:00,2026-08-31T21:31:03.582+00:00,2026-08-31T21:31:03.582+00:00,2026-08-31T21:31:03.602+00:00,2026-08-31T21:31:03.602+00:00,0.006939,0.020205903998430585,sqs-worker-5986dcd897-5ksk9,ip-192-168-20-201.ec2.internal,abfe745259375775bb001ca6076a27cb34052992e69d049a50f7834914ddb342,1,164.0,184.0
1,hpa-mmpp-808-ddfa18c1,000251,159.414712,2026-08-31T21:31:00.442+00:00,2026-08-31T21:31:00.481+00:00,2026-08-31T21:31:03.137+00:00,2026-08-31T21:31:03.137+00:00,2026-08-31T21:31:03.700+00:00,2026-08-31T21:31:03.700+00:00,0.21274,0.5627940949998447,sqs-worker-5986dcd897-x8rdl,ip-192-168-20-201.ec2.internal,62380992f850c8c37c0433f00562d90095e3fe02f0e442786b64b9a3cfffa54c,1,2656.0,3219.0
1,hpa-mmpp-808-ddfa18c1,000267,162.116353,2026-08-31T21:31:03.144+00:00,2026-08-31T21:31:03.181+00:00,2026-08-31T21:31:03.651+00:00,2026-08-31T21:31:03.651+00:00,2026-08-31T21:31:04.490+00:00,2026-08-31T21:31:04.490+00:00,0.164617,0.8394292560005852,sqs-worker-5986dcd897-5ksk9,ip-192-168-20-201.ec2.internal,edcd032b981dfea8f7285110fb81d4ce0db23455227ac3c9f97b0a9d22a6fa98,1,470.0,1309.0
1,hpa-mmpp-808-ddfa18c1,000270,162.627954,2026-08-31T21:31:03.656+00:00,2026-08-31T21:31:03.688+00:00,2026-08-31T21:31:04.141+00:00,2026-08-31T21:31:04.141+00:00,2026-08-31T21:31:05.037+00:00,2026-08-31T21:31:05.037+00:00,0.357365,0.8961225780003588,sqs-worker-5986dcd897-qjf2j,ip-192-168-20-201.ec2.internal,de21595f84b62a7ed333f70af4798e56f47fb4dc6c6b5a4734aca4536af4ff69,1,453.0,1349.0
1,hpa-mmpp-808-ddfa18c1,000276,164.231589,2026-08-31T21:31:05.260+00:00,2026-08-31T21:31:05.295+00:00,2026-08-31T21:31:05.299+00:00,2026-08-31T21:31:05.299+00:00,2026-08-31T21:31:05.322+00:00,2026-08-31T21:31:05.322+00:00,0.021791,0.022878837000462227,sqs-worker-5986dcd897-x8rdl,ip-192-168-20-201.ec2.internal,77dc381af9fdaf716e56e3c7d308949b814e762c9caf6e175c0ab6b6223dee08,1,4.0,27.0
1,hpa-mmpp-808-ddfa18c1,000271,162.749289,2026-08-31T21:31:03.777+00:00,2026-08-31T21:31:03.811+00:00,2026-08-31T21:31:04.065+00:00,2026-08-31T21:31:04.065+00:00,2026-08-31T21:31:04.416+00:00,2026-08-31T21:31:04.416+00:00,0.142917,0.3509631499982788,sqs-worker-5986dcd897-x8rdl,ip-192-168-20-201.ec2.internal,4c0561b9b056de66c5576a7efa8ceced3c663c82a565397809dd4195e06d8e58,1,254.0,605.0
1,hpa-mmpp-808-ddfa18c1,000264,161.657811,2026-08-31T21:31:02.685+00:00,2026-08-31T21:31:02.720+00:00,2026-08-31T21:31:04.539+00:00,2026-08-31T21:31:04.539+00:00,2026-08-31T21:31:04.691+00:00,2026-08-31T21:31:04.691+00:00,0.028659,0.1519118630021694,sqs-worker-5986dcd897-5ksk9,ip-192-168-20-201.ec2.internal,91a015f8721bbad204ba172088873d3e496961b5b693f966a4fffe058ecb698a,1,1819.0,1971.0
1,hpa-mmpp-808-ddfa18c1,000273,163.043321,2026-08-31T21:31:04.071+00:00,2026-08-31T21:31:04.104+00:00,2026-08-31T21:31:04.923+00:00,2026-08-31T21:31:04.923+00:00,2026-08-31T21:31:05.371+00:00,2026-08-31T21:31:05.371+00:00,0.183374,0.44753112200123724,sqs-worker-5986dcd897-zklmz,ip-192-168-20-201.ec2.internal,6735276530925c6d590301040faf1832d0355167aa0ac01b5688e0f6512616ac,1,819.0,1267.0
1,hpa-mmpp-808-ddfa18c1,000277,164.434919,2026-08-31T21:31:05.463+00:00,2026-08-31T21:31:05.498+00:00,2026-08-31T21:31:05.501+00:00,2026-08-31T21:31:05.501+00:00,2026-08-31T21:31:05.525+00:00,2026-08-31T21:31:05.525+00:00,0.024013,0.024090659000648884,sqs-worker-5986dcd897-zklmz,ip-192-168-20-201.ec2.internal,c6633a44355f21af375651cbb23a902a2526637e7f94fbb866f09974f24961af,1,3.0,27.0
1,hpa-mmpp-808-ddfa18c1,000279,164.48968,2026-08-31T21:31:05.517+00:00,2026-08-31T21:31:05.553+00:00,2026-08-31T21:31:05.556+00:00,2026-08-31T21:31:05.556+00:00,2026-08-31T21:31:06.067+00:00,2026-08-31T21:31:06.067+00:00,0.223618,0.5105401750006422,sqs-worker-5986dcd897-qjf2j,ip-192-168-20-201.ec2.internal,e3579e03aa6332f5e8ce8b5fe40e1402bfdcb7a241b0f051299b0b71289f9b67,1,3.0,514.0
1,hpa-mmpp-808-ddfa18c1,000249,159.323903,2026-08-31T21:31:00.351+00:00,2026-08-31T21:31:00.386+00:00,2026-08-31T21:31:02.479+00:00,2026-08-31T21:31:02.479+00:00,2026-08-31T21:31:03.113+00:00,2026-08-31T21:31:03.113+00:00,0.2186,0.6342248049986665,sqs-worker-5986dcd897-x8rdl,ip-192-168-20-201.ec2.internal,df83390c4a7f711dad87ddf4fdc42a6341817db8c96a6942e9c22fc00e1ac424,1,2093.0,2727.0
1,hpa-mmpp-808-ddfa18c1,000255,160.243352,2026-08-31T21:31:01.271+00:00,2026-08-31T21:31:01.309+00:00,2026-08-31T21:31:03.108+00:00,2026-08-31T21:31:03.108+00:00,2026-08-31T21:31:03.183+00:00,2026-08-31T21:31:03.183+00:00,0.032705,0.07487488300102996,sqs-worker-5986dcd897-qjf2j,ip-192-168-20-201.ec2.internal,9cd41e0dc04938cf6d679eb2961aace69a45d3a44a8c9691f77e3290522e74fe,1,1799.0,1874.0
1,hpa-mmpp-808-ddfa18c1,000262,161.581901,2026-08-31T21:31:02.609+00:00,2026-08-31T21:31:02.647+00:00,2026-08-31T21:31:03.242+00:00,2026-08-31T21:31:03.242+00:00,2026-08-31T21:31:04.884+00:00,2026-08-31T21:31:04.884+00:00,0.664638,1.6412446760004968,sqs-worker-5986dcd897-zklmz,ip-192-168-20-201.ec2.internal,84cb19b4ae9ea2416929f42bdf5bef9d2b6b77cb0dd81b6710a0393036b04caa,1,595.0,2237.0
1,hpa-mmpp-808-ddfa18c1,000275,163.571855,2026-08-31T21:31:04.600+00:00,2026-08-31T21:31:04.640+00:00,2026-08-31T21:31:05.053+00:00,2026-08-31T21:31:05.053+00:00,2026-08-31T21:31:05.085+00:00,2026-08-31T21:31:05.085+00:00,0.02124,0.03196910499900696,sqs-worker-5986dcd897-qjf2j,ip-192-168-20-201.ec2.internal,b822dc89f6af2046a0c55857e6cef2717de2e92fd81346bec9ca7c57c26748ee,1,413.0,445.0
1,hpa-mmpp-808-ddfa18c1,000272,163.013918,2026-08-31T21:31:04.042+00:00,2026-08-31T21:31:04.082+00:00,2026-08-31T21:31:04.435+00:00,2026-08-31T21:31:04.435+00:00,2026-08-31T21:31:05.136+00:00,2026-08-31T21:31:05.136+00:00,0.289225,0.7012649630014494,sqs-worker-5986dcd897-x8rdl,ip-192-168-20-201.ec2.internal,c2c490bfd7c0f9342b27a0217cfc92a3e55a82b14f24092bf62318c602716b97,1,353.0,1054.0
1,hpa-mmpp-808-ddfa18c1,000274,163.132475,2026-08-31T21:31:04.160+00:00,2026-08-31T21:31:04.195+00:00,2026-08-31T21:31:05.126+00:00,2026-08-31T21:31:05.126+00:00,2026-08-31T21:31:05.432+00:00,2026-08-31T21:31:05.432+00:00,0.128543,0.30606144500052324,sqs-worker-5986dcd897-qjf2j,ip-192-168-20-201.ec2.internal,223b72be3ed2791cd4099f698b5b84bee7b20b001d9269bee2f51e4460ed14ec,1,931.0,1237.0
1,hpa-mmpp-808-ddfa18c1,000258,160.408322,2026-08-31T21:31:01.436+00:00,2026-08-31T21:31:01.479+00:00,2026-08-31T21:31:02.815+00:00,2026-08-31T21:31:02.815+00:00,2026-08-31T21:31:03.047+00:00,2026-08-31T21:31:03.047+00:00,0.107857,0.23213286499958485,sqs-worker-5986dcd897-5ksk9,ip-192-168-20-201.ec2.internal,61f3a3ed7b9df2db162806688ac923a5902b121af7764006be55e84cf0f93bac,1,1336.0,1568.0
1,hpa-mmpp-808-ddfa18c1,000261,161.571364,2026-08-31T21:31:02.599+00:00,2026-08-31T21:31:02.638+00:00,2026-08-31T21:31:02.701+00:00,2026-08-31T21:31:02.701+00:00,2026-08-31T21:31:03.083+00:00,2026-08-31T21:31:03.083+00:00,0.161642,0.38259481899876846,sqs-worker-5986dcd897-qjf2j,ip-192-168-20-201.ec2.internal,8a6986b57032e24a5b181f664d147ff1168eb34333667a5501b1fc52807fc7f4,1,63.0,445.0
1,hpa-mmpp-808-ddfa18c1,000266,161.898032,2026-08-31T21:31:02.926+00:00,2026-08-31T21:31:02.963+00:00,2026-08-31T21:31:03.095+00:00,2026-08-31T21:31:03.095+00:00,2026-08-31T21:31:03.308+00:00,2026-08-31T21:31:03.308+00:00,0.089227,0.21359145300084492,sqs-worker-5986dcd897-5ksk9,ip-192-168-20-201.ec2.internal,07e59618748ff936ee7bcffd657e34c622a3a9c8c168dd65b21f0aa13a377924,1,132.0,345.0
1,hpa-mmpp-808-ddfa18c1,000268,162.171709,2026-08-31T21:31:03.199+00:00,2026-08-31T21:31:03.232+00:00,2026-08-31T21:31:03.331+00:00,2026-08-31T21:31:03.331+00:00,2026-08-31T21:31:03.562+00:00,2026-08-31T21:31:03.562+00:00,0.093694,0.23114871799771208,sqs-worker-5986dcd897-5ksk9,ip-192-168-20-201.ec2.internal,c4bbfd94bfdcc1c90ecd2cb3753b7afdde00352ee089ca79218d82dd3cba8b10,1,99.0,330.0
1,hpa-mmpp-808-ddfa18c1,000265,161.730351,2026-08-31T21:31:02.758+00:00,2026-08-31T21:31:02.799+00:00,2026-08-31T21:31:04.739+00:00,2026-08-31T21:31:04.739+00:00,2026-08-31T21:31:05.786+00:00,2026-08-31T21:31:05.786+00:00,0.20074,1.0473563759987883,sqs-worker-5986dcd897-5ksk9,ip-192-168-20-201.ec2.internal,accdeb21ef3d1fd52877bf3dfc73731b824ada747ef98ffc49fb55de3638dc39,1,1940.0,2987.0
1,hpa-mmpp-808-ddfa18c1,000280,165.142117,2026-08-31T21:31:06.170+00:00,2026-08-31T21:31:06.210+00:00,2026-08-31T21:31:06.214+00:00,2026-08-31T21:31:06.214+00:00,2026-08-31T21:31:06.639+00:00,2026-08-31T21:31:06.639+00:00,0.190352,0.42558543199993437,sqs-worker-5986dcd897-zklmz,ip-192-168-20-201.ec2.internal,7f0a351c8c64afd166b980941c1e12abd387c5ad4b4e2572bec7b058a4d201c7,1,4.0,429.0
1,hpa-mmpp-808-ddfa18c1,000250,159.382314,2026-08-31T21:31:00.410+00:00,2026-08-31T21:31:00.449+00:00,2026-08-31T21:31:01.192+00:00,2026-08-31T21:31:01.193+00:00,2026-08-31T21:31:02.296+00:00,2026-08-31T21:31:02.296+00:00,0.265128,1.1037359750007454,sqs-worker-5986dcd897-qjf2j,ip-192-168-20-201.ec2.internal,71ca462a4c3ba3f746d3e1f7c6a305eb539bfd627e88a50796be02546e9ae1e7,1,743.0,1847.0
1,hpa-mmpp-808-ddfa18c1,000259,160.719517,2026-08-31T21:31:01.747+00:00,2026-08-31T21:31:01.789+00:00,2026-08-31T21:31:02.322+00:00,2026-08-31T21:31:02.322+00:00,2026-08-31T21:31:02.617+00:00,2026-08-31T21:31:02.617+00:00,0.12313,0.29499894699984,sqs-worker-5986dcd897-qjf2j,ip-192-168-20-201.ec2.internal,2072776ede2058b559e27f1b6c1542ae2b8ed3399cb9e818b13b4d8f7614efff,1,533.0,828.0
1,hpa-mmpp-808-ddfa18c1,000256,160.298876,2026-08-31T21:31:01.326+00:00,2026-08-31T21:31:01.367+00:00,2026-08-31T21:31:03.216+00:00,2026-08-31T21:31:03.216+00:00,2026-08-31T21:31:04.095+00:00,2026-08-31T21:31:04.095+00:00,0.368344,0.8782446100012749,sqs-worker-5986dcd897-qjf2j,ip-192-168-20-201.ec2.internal,cb4effb4d5910fd2d08acf885313745c836c9c64e31220ffd37b4582895ecbaa,1,1849.0,2728.0
1,hpa-mmpp-808-ddfa18c1,000281,165.863805,2026-08-31T21:31:06.892+00:00,2026-08-31T21:31:06.929+00:00,2026-08-31T21:31:06.932+00:00,2026-08-31T21:31:06.932+00:00,2026-08-31T21:31:07.167+00:00,2026-08-31T21:31:07.167+00:00,0.110323,0.23445304999768268,sqs-worker-5986dcd897-qjf2j,ip-192-168-20-201.ec2.internal,85a52b760dd0fd49f57ff9c3f2143b709152d2698357353fb386e4d2b69e6e04,1,3.0,238.0
1,hpa-mmpp-808-ddfa18c1,000287,166.899392,2026-08-31T21:31:07.927+00:00,2026-08-31T21:31:07.966+00:00,2026-08-31T21:31:08.022+00:00,2026-08-31T21:31:08.022+00:00,2026-08-31T21:31:08.594+00:00,2026-08-31T21:31:08.594+00:00,0.246552,0.5720684480002092,sqs-worker-5986dcd897-x8rdl,ip-192-168-20-201.ec2.internal,8d18b641103a95282dfcf68da9e3b41eda25c40330724d8fb0c49bf168e5b81d,1,56.0,628.0
1,hpa-mmpp-808-ddfa18c1,000283,166.050492,2026-08-31T21:31:07.078+00:00,2026-08-31T21:31:07.111+00:00,2026-08-31T21:31:07.115+00:00,2026-08-31T21:31:07.115+00:00,2026-08-31T21:31:08.521+00:00,2026-08-31T21:31:08.521+00:00,0.572732,1.4056698429994867,sqs-worker-5986dcd897-zklmz,ip-192-168-20-201.ec2.internal,966153e1a75d033c5eff9c67bf84ea730ed312a40d6425d67e5b4b7cf6aa111f,1,4.0,1410.0
1,hpa-mmpp-808-ddfa18c1,000286,166.819548,2026-08-31T21:31:07.847+00:00,2026-08-31T21:31:07.881+00:00,2026-08-31T21:31:08.001+00:00,2026-08-31T21:31:08.001+00:00,2026-08-31T21:31:08.349+00:00,2026-08-31T21:31:08.349+00:00,0.143528,0.34839443400051096,sqs-worker-5986dcd897-qjf2j,ip-192-168-20-201.ec2.internal,c65792e32862773477dc7ec88c4bdad0e0c7e492f68ba96e86e7bb07dd479455,1,120.0,468.0
1,hpa-mmpp-808-ddfa18c1,000289,167.503936,2026-08-31T21:31:08.532+00:00,2026-08-31T21:31:08.564+00:00,2026-08-31T21:31:08.568+00:00,2026-08-31T21:31:08.568+00:00,2026-08-31T21:31:08.817+00:00,2026-08-31T21:31:08.817+00:00,0.086912,0.2492066140002862,sqs-worker-5986dcd897-zklmz,ip-192-168-20-201.ec2.internal,4eba0e69eaba8e7f471de437aaccf2b319d1d617b4c281cf500c637fe75c8afe,1,4.0,253.0
1,hpa-mmpp-808-ddfa18c1,000290,167.521162,2026-08-31T21:31:08.549+00:00,2026-08-31T21:31:08.585+00:00,2026-08-31T21:31:08.617+00:00,2026-08-31T21:31:08.617+00:00,2026-08-31T21:31:08.919+00:00,2026-08-31T21:31:08.919+00:00,0.137262,0.3024145769995812,sqs-worker-5986dcd897-x8rdl,ip-192-168-20-201.ec2.internal,b6ed7269ffd23de0ac3dce5093b767e7da121e08e295bdd569c1894f6c326336,1,32.0,334.0
1,hpa-mmpp-808-ddfa18c1,000292,167.94294,2026-08-31T21:31:08.970+00:00,2026-08-31T21:31:09.008+00:00,2026-08-31T21:31:09.012+00:00,2026-08-31T21:31:09.012+00:00,2026-08-31T21:31:09.403+00:00,2026-08-31T21:31:09.403+00:00,0.177508,0.3915299459986272,sqs-worker-5986dcd897-5ksk9,ip-192-168-20-201.ec2.internal,670e08ac68688bc219158b1c00e05e4af453e048f3c6942e981cca026ee2b500,1,4.0,395.0
1,hpa-mmpp-808-ddfa18c1,000282,166.018458,2026-08-31T21:31:07.046+00:00,2026-08-31T21:31:07.082+00:00,2026-08-31T21:31:07.085+00:00,2026-08-31T21:31:07.085+00:00,2026-08-31T21:31:07.952+00:00,2026-08-31T21:31:07.952+00:00,0.360686,0.8668919629999436,sqs-worker-5986dcd897-5ksk9,ip-192-168-20-201.ec2.internal,192dc06eb22d04276fbf165e57803852fc673c21cc9c5a823421fe6ec8ac5c04,1,3.0,870.0
1,hpa-mmpp-808-ddfa18c1,000284,166.058877,2026-08-31T21:31:07.086+00:00,2026-08-31T21:31:07.124+00:00,2026-08-31T21:31:07.216+00:00,2026-08-31T21:31:07.216+00:00,2026-08-31T21:31:07.972+00:00,2026-08-31T21:31:07.973+00:00,0.320793,0.7560761029999412,sqs-worker-5986dcd897-qjf2j,ip-192-168-20-201.ec2.internal,e1be781fc21094a51ef76a6d2e98da588e8feeb11208e8208240a90291204639,1,92.0,848.0
1,hpa-mmpp-808-ddfa18c1,000278,164.445241,2026-08-31T21:31:05.473+00:00,2026-08-31T21:31:05.506+00:00,2026-08-31T21:31:05.510+00:00,2026-08-31T21:31:05.510+00:00,2026-08-31T21:31:07.983+00:00,2026-08-31T21:31:07.983+00:00,1.0,2.473614015001658,sqs-worker-5986dcd897-x8rdl,ip-192-168-20-201.ec2.internal,e99637fea748252e671f93e7612e101dbb7a2604c9d69f1465aa18b528fb363b,1,4.0,2477.0
1,hpa-mmpp-808-ddfa18c1,000288,166.962917,2026-08-31T21:31:07.990+00:00,2026-08-31T21:31:08.027+00:00,2026-08-31T21:31:08.395+00:00,2026-08-31T21:31:08.395+00:00,2026-08-31T21:31:08.770+00:00,2026-08-31T21:31:08.770+00:00,0.133149,0.37486754400015343,sqs-worker-5986dcd897-qjf2j,ip-192-168-20-201.ec2.internal,8b71b3756b60f3c442f825fc5085ef91df5c821c7dc526cac9eabdbfa53d4991,1,368.0,743.0
1,hpa-mmpp-808-ddfa18c1,000285,166.605275,2026-08-31T21:31:07.633+00:00,2026-08-31T21:31:07.674+00:00,2026-08-31T21:31:07.974+00:00,2026-08-31T21:31:07.974+00:00,2026-08-31T21:31:08.810+00:00,2026-08-31T21:31:08.810+00:00,0.343324,0.8353362510024454,sqs-worker-5986dcd897-5ksk9,ip-192-168-20-201.ec2.internal,c5707de7ec2c6d1ecc23cc68ceabd267885c75a33c59a848f9516598f632209f,1,300.0,1136.0
1,hpa-mmpp-808-ddfa18c1,000291,167.889637,2026-08-31T21:31:08.917+00:00,2026-08-31T21:31:08.958+00:00,2026-08-31T21:31:08.969+00:00,2026-08-31T21:31:08.969+00:00,2026-08-31T21:31:11.612+00:00,2026-08-31T21:31:11.612+00:00,0.508009,2.6428869549999945,sqs-worker-5986dcd897-zklmz,ip-192-168-20-201.ec2.internal,8b72ec90b436437a66950c9c85a19ae9d7b102cd537d638ca0c7843098a99d0f,1,11.0,2654.0
1,hpa-mmpp-808-ddfa18c1,000293,170.217157,2026-08-31T21:31:11.246+00:00,2026-08-31T21:31:11.278+00:00,2026-08-31T21:31:11.282+00:00,2026-08-31T21:31:11.282+00:00,2026-08-31T21:31:11.403+00:00,2026-08-31T21:31:11.403+00:00,0.061142,0.12056339799892157,sqs-worker-5986dcd897-5ksk9,ip-192-168-20-201.ec2.internal,64567ddad6a080c31d42b6cf4133367ba2cc7ffd2196b8ce1ed589b4838592f9,1,4.0,125.0
1,hpa-mmpp-808-ddfa18c1,000294,173.970124,2026-08-31T21:31:15.001+00:00,2026-08-31T21:31:15.034+00:00,2026-08-31T21:31:15.039+00:00,2026-08-31T21:31:15.039+00:00,2026-08-31T21:31:15.259+00:00,2026-08-31T21:31:15.260+00:00,0.101271,0.22068199299974367,sqs-worker-5986dcd897-5ksk9,ip-192-168-20-201.ec2.internal,c7f530169e36b86dfce104a94b6e62b845ddb0ecdcf9024c15c993d318d1c2ae,1,5.0,225.0
1,hpa-mmpp-808-ddfa18c1,000295,176.540558,2026-08-31T21:31:17.571+00:00,2026-08-31T21:31:17.602+00:00,2026-08-31T21:31:17.606+00:00,2026-08-31T21:31:17.606+00:00,2026-08-31T21:31:19.520+00:00,2026-08-31T21:31:19.520+00:00,0.630304,1.914097673001379,sqs-worker-5986dcd897-zklmz,ip-192-168-20-201.ec2.internal,d288fc33c6c4ebd3e0f174b34ec4c739ba6701fd0db28f5993fa50feaff68541,1,4.0,1918.0
