schema_version,experiment_id,job_id,trace_offset_s,producer_sent_at,sqs_sent_at,worker_received_at,processing_started_at,processing_finished_at,result_sent_at,service_cpu_seconds,processing_wall_seconds,pod_name,node_name,digest,receive_count,queue_wait_ms,end_to_end_ms
1,keda-poisson-909-f137f3bf,000000,0.14414,2026-08-31T21:41:36.029+00:00,2026-08-31T21:41:36.051+00:00,2026-08-31T21:41:36.057+00:00,2026-08-31T21:41:36.057+00:00,2026-08-31T21:41:36.708+00:00,2026-08-31T21:41:36.708+00:00,0.294492,0.6515122689997952,sqs-worker-5986dcd897-x8rdl,ip-192-168-20-201.ec2.internal,3ed513d11091f7dbb2b966e3a3332f39297bc9e1b915b26ee0aa960a195962c3,1,6.0,657.0
1,keda-poisson-909-f137f3bf,000001,0.460751,2026-08-31T21:41:36.345+00:00,2026-08-31T21:41:36.364+00:00,2026-08-31T21:41:36.746+00:00,2026-08-31T21:41:36.746+00:00,2026-08-31T21:41:37.408+00:00,2026-08-31T21:41:37.408+00:00,0.274526,0.662113185000635,sqs-worker-5986dcd897-x8rdl,ip-192-168-20-201.ec2.internal,83c999d8c346ca5ef7a34cb59953740b6ceaf504cc1c60cb26e839280492c094,1,382.0,1044.0
1,keda-poisson-909-f137f3bf,000002,1.515307,2026-08-31T21:41:37.400+00:00,2026-08-31T21:41:37.419+00:00,2026-08-31T21:41:37.442+00:00,2026-08-31T21:41:37.442+00:00,2026-08-31T21:41:38.300+00:00,2026-08-31T21:41:38.300+00:00,0.346718,0.8577899870033434,sqs-worker-5986dcd897-x8rdl,ip-192-168-20-201.ec2.internal,2eb3e4cb096ffa0a366a5b9aa9a374c659211de914961680e9f70e85551b3c72,1,23.0,881.0
1,keda-poisson-909-f137f3bf,000003,1.684123,2026-08-31T21:41:37.568+00:00,2026-08-31T21:41:37.587+00:00,2026-08-31T21:41:38.343+00:00,2026-08-31T21:41:38.343+00:00,2026-08-31T21:41:39.186+00:00,2026-08-31T21:41:39.186+00:00,0.342358,0.8433481650026806,sqs-worker-5986dcd897-x8rdl,ip-192-168-20-201.ec2.internal,7da417e680eb5b8327fd580964ebfcaa7e98ae1a7bf0e3a169f2a05b1bf8986d,1,756.0,1599.0
1,keda-poisson-909-f137f3bf,000005,2.797211,2026-08-31T21:41:38.681+00:00,2026-08-31T21:41:38.702+00:00,2026-08-31T21:41:39.513+00:00,2026-08-31T21:41:39.514+00:00,2026-08-31T21:41:39.520+00:00,2026-08-31T21:41:39.520+00:00,0.006562,0.00660041500304942,sqs-worker-5986dcd897-x8rdl,ip-192-168-20-201.ec2.internal,6c4c117a0eade0606d01604a991d45f48ba57043bd8f76fdd2ffb9e57932d62b,1,811.0,818.0
1,keda-poisson-909-f137f3bf,000004,2.583846,2026-08-31T21:41:38.468+00:00,2026-08-31T21:41:38.493+00:00,2026-08-31T21:41:39.206+00:00,2026-08-31T21:41:39.206+00:00,2026-08-31T21:41:39.487+00:00,2026-08-31T21:41:39.488+00:00,0.116446,0.281673403998866,sqs-worker-5986dcd897-x8rdl,ip-192-168-20-201.ec2.internal,ce50f1145432ac6d22bbe12962f594b0ed84962edcf2f98ec43cd2e7c2af6caa,1,713.0,994.0
1,keda-poisson-909-f137f3bf,000006,3.09111,2026-08-31T21:41:38.975+00:00,2026-08-31T21:41:38.995+00:00,2026-08-31T21:41:39.561+00:00,2026-08-31T21:41:39.561+00:00,2026-08-31T21:41:41.896+00:00,2026-08-31T21:41:41.896+00:00,0.492747,2.33580413099844,sqs-worker-5986dcd897-x8rdl,ip-192-168-20-201.ec2.internal,f3273959037450f011ec24b34784ddb63542f1590b41d73e165b60fff3039b47,1,566.0,2901.0
1,keda-poisson-909-f137f3bf,000007,6.153977,2026-08-31T21:41:42.041+00:00,2026-08-31T21:41:42.062+00:00,2026-08-31T21:41:42.069+00:00,2026-08-31T21:41:42.069+00:00,2026-08-31T21:41:42.284+00:00,2026-08-31T21:41:42.284+00:00,0.03766,0.21501166300004115,sqs-worker-5986dcd897-x8rdl,ip-192-168-20-201.ec2.internal,077457fc1ed412c81b2b97aba8ee2526402851a8dfe0430d405b9a49bdce877e,1,7.0,222.0
1,keda-poisson-909-f137f3bf,000008,6.605149,2026-08-31T21:41:42.489+00:00,2026-08-31T21:41:42.543+00:00,2026-08-31T21:41:42.559+00:00,2026-08-31T21:41:42.559+00:00,2026-08-31T21:41:42.568+00:00,2026-08-31T21:41:42.568+00:00,0.008601,0.008641958000225713,sqs-worker-5986dcd897-x8rdl,ip-192-168-20-201.ec2.internal,9436040ad1d43da41f3871565b65638743d780dca5ca65b15a61715efc8e7cac,1,16.0,25.0
1,keda-poisson-909-f137f3bf,000009,6.774223,2026-08-31T21:41:42.659+00:00,2026-08-31T21:41:43.211+00:00,2026-08-31T21:41:43.218+00:00,2026-08-31T21:41:43.218+00:00,2026-08-31T21:41:44.595+00:00,2026-08-31T21:41:44.595+00:00,0.572764,1.376988514999539,sqs-worker-5986dcd897-x8rdl,ip-192-168-20-201.ec2.internal,8dda1c525844ab07696cfd280187ffe159285450dcdcddc6160187635e89d01a,1,7.0,1384.0
1,keda-poisson-909-f137f3bf,000010,7.378936,2026-08-31T21:41:43.263+00:00,2026-08-31T21:41:43.286+00:00,2026-08-31T21:41:44.622+00:00,2026-08-31T21:41:44.622+00:00,2026-08-31T21:41:45.009+00:00,2026-08-31T21:41:45.009+00:00,0.169217,0.38742573999843444,sqs-worker-5986dcd897-x8rdl,ip-192-168-20-201.ec2.internal,081f7c3fea1c29986a0fe3c5b7f9d17a0f421047a3714a46d0eaa62291531e2c,1,1336.0,1723.0
1,keda-poisson-909-f137f3bf,000011,8.388438,2026-08-31T21:41:44.272+00:00,2026-08-31T21:41:44.291+00:00,2026-08-31T21:41:45.047+00:00,2026-08-31T21:41:45.047+00:00,2026-08-31T21:41:46.589+00:00,2026-08-31T21:41:46.589+00:00,0.614495,1.5412937229993986,sqs-worker-5986dcd897-x8rdl,ip-192-168-20-201.ec2.internal,2ae1965c85adef4dcc146d7016894c028ebf04d86c06521e909adf408bb1c224,1,756.0,2298.0
1,keda-poisson-909-f137f3bf,000012,10.172026,2026-08-31T21:41:46.062+00:00,2026-08-31T21:41:46.079+00:00,2026-08-31T21:41:46.633+00:00,2026-08-31T21:41:46.633+00:00,2026-08-31T21:41:46.896+00:00,2026-08-31T21:41:46.896+00:00,0.123159,0.2634453749997192,sqs-worker-5986dcd897-x8rdl,ip-192-168-20-201.ec2.internal,69b0a20cca2a83a80f20e2e61240cff7e4498b3c5357de83e9107717b0f7974c,1,554.0,817.0
1,keda-poisson-909-f137f3bf,000013,10.213493,2026-08-31T21:41:46.097+00:00,2026-08-31T21:41:46.120+00:00,2026-08-31T21:41:46.921+00:00,2026-08-31T21:41:46.921+00:00,2026-08-31T21:41:47.217+00:00,2026-08-31T21:41:47.217+00:00,0.135753,0.2957957059988985,sqs-worker-5986dcd897-x8rdl,ip-192-168-20-201.ec2.internal,d13b2a757a3a260100758fce26e564528de2d595893a2c28d0d2226a5e07cea2,1,801.0,1097.0
1,keda-poisson-909-f137f3bf,000014,10.802565,2026-08-31T21:41:46.687+00:00,2026-08-31T21:41:46.706+00:00,2026-08-31T21:41:47.243+00:00,2026-08-31T21:41:47.243+00:00,2026-08-31T21:41:47.794+00:00,2026-08-31T21:41:47.794+00:00,0.212573,0.5507950970022648,sqs-worker-5986dcd897-x8rdl,ip-192-168-20-201.ec2.internal,495ec77968d9cb7b851698200c91771c2c1e999deee7f9f20cd83e562b553023,1,537.0,1088.0
1,keda-poisson-909-f137f3bf,000015,11.1108,2026-08-31T21:41:46.995+00:00,2026-08-31T21:41:47.014+00:00,2026-08-31T21:41:47.808+00:00,2026-08-31T21:41:47.808+00:00,2026-08-31T21:41:48.003+00:00,2026-08-31T21:41:48.003+00:00,0.085099,0.19572201800110633,sqs-worker-5986dcd897-x8rdl,ip-192-168-20-201.ec2.internal,906ddc74208b6b87048ca2c61a98e74f088d1554ae308aaa660fb4d768820105,1,794.0,989.0
1,keda-poisson-909-f137f3bf,000016,11.277702,2026-08-31T21:41:47.162+00:00,2026-08-31T21:41:47.180+00:00,2026-08-31T21:41:48.043+00:00,2026-08-31T21:41:48.043+00:00,2026-08-31T21:41:48.511+00:00,2026-08-31T21:41:48.511+00:00,0.202904,0.4675724420012557,sqs-worker-5986dcd897-x8rdl,ip-192-168-20-201.ec2.internal,ec60dd0728ce09e3e0f79574e2a11bf45ea991f97bf6e0b50667846e33e0d905,1,863.0,1331.0
1,keda-poisson-909-f137f3bf,000017,12.23614,2026-08-31T21:41:48.121+00:00,2026-08-31T21:41:48.142+00:00,2026-08-31T21:41:48.546+00:00,2026-08-31T21:41:48.546+00:00,2026-08-31T21:41:48.785+00:00,2026-08-31T21:41:48.785+00:00,0.089104,0.23892397999952664,sqs-worker-5986dcd897-x8rdl,ip-192-168-20-201.ec2.internal,69fcbaf709892079200e2740d7b964802e9664a8bdeed6cce40f0d4d9e1c8367,1,404.0,643.0
1,keda-poisson-909-f137f3bf,000018,12.704593,2026-08-31T21:41:48.589+00:00,2026-08-31T21:41:48.607+00:00,2026-08-31T21:41:48.805+00:00,2026-08-31T21:41:48.805+00:00,2026-08-31T21:41:49.983+00:00,2026-08-31T21:41:49.983+00:00,0.41544,1.1785748860020249,sqs-worker-5986dcd897-x8rdl,ip-192-168-20-201.ec2.internal,6daf4875568c962c4541cd52d2420eecaa38501d197d7bad37b57ddb8b83e401,1,198.0,1376.0
1,keda-poisson-909-f137f3bf,000019,12.7335,2026-08-31T21:41:48.617+00:00,2026-08-31T21:41:48.643+00:00,2026-08-31T21:41:50.024+00:00,2026-08-31T21:41:50.024+00:00,2026-08-31T21:41:50.396+00:00,2026-08-31T21:41:50.396+00:00,0.071367,0.37232196900004055,sqs-worker-5986dcd897-x8rdl,ip-192-168-20-201.ec2.internal,c8cb7e08f4fd756ecf1918c1ef10417ac4ff87ba51b89b11daca94f4fa5e6e47,1,1381.0,1753.0
1,keda-poisson-909-f137f3bf,000020,14.547845,2026-08-31T21:41:50.433+00:00,2026-08-31T21:41:50.451+00:00,2026-08-31T21:41:50.510+00:00,2026-08-31T21:41:50.511+00:00,2026-08-31T21:41:53.007+00:00,2026-08-31T21:41:53.007+00:00,0.486771,2.496809756001312,sqs-worker-5986dcd897-x8rdl,ip-192-168-20-201.ec2.internal,d6465ba64dcb800e005816f1d0aeb35f6e6dfd4249750d081ced1bd46fee82fb,1,59.0,2556.0
1,keda-poisson-909-f137f3bf,000022,15.37273,2026-08-31T21:41:51.255+00:00,2026-08-31T21:41:51.276+00:00,2026-08-31T21:41:53.034+00:00,2026-08-31T21:41:53.034+00:00,2026-08-31T21:41:53.091+00:00,2026-08-31T21:41:53.091+00:00,0.012743,0.056726281000010204,sqs-worker-5986dcd897-x8rdl,ip-192-168-20-201.ec2.internal,bf73ae9c6829031e200bb628e44adf705d8fff2394760a57005e71e0cfa76de3,1,1758.0,1815.0
1,keda-poisson-909-f137f3bf,000021,15.087531,2026-08-31T21:41:50.972+00:00,2026-08-31T21:41:50.990+00:00,2026-08-31T21:41:53.127+00:00,2026-08-31T21:41:53.127+00:00,2026-08-31T21:41:55.111+00:00,2026-08-31T21:41:55.111+00:00,0.816112,1.9843461800010118,sqs-worker-5986dcd897-x8rdl,ip-192-168-20-201.ec2.internal,6008ceaa01737a089db59c518e0750f9dbe4c6fe42392dfde2e610e1655a3df8,1,2137.0,4121.0
1,keda-poisson-909-f137f3bf,000023,15.460939,2026-08-31T21:41:51.343+00:00,2026-08-31T21:41:51.364+00:00,2026-08-31T21:41:55.126+00:00,2026-08-31T21:41:55.126+00:00,2026-08-31T21:41:55.604+00:00,2026-08-31T21:41:55.604+00:00,0.188765,0.47819515200171736,sqs-worker-5986dcd897-x8rdl,ip-192-168-20-201.ec2.internal,693303a3725aef6d6c926250c61732669999b1955973aea3376f10fad17b3472,1,3762.0,4240.0
1,keda-poisson-909-f137f3bf,000029,18.279991,2026-08-31T21:41:54.162+00:00,2026-08-31T21:41:54.182+00:00,2026-08-31T21:41:55.632+00:00,2026-08-31T21:41:55.632+00:00,2026-08-31T21:41:56.492+00:00,2026-08-31T21:41:56.492+00:00,0.342924,0.8598813620010333,sqs-worker-5986dcd897-x8rdl,ip-192-168-20-201.ec2.internal,8bf3aea331b2143744b8e7dd78fb0071b57d864c785c3f398c69d64454f24b94,1,1450.0,2310.0
1,keda-poisson-909-f137f3bf,000028,18.06455,2026-08-31T21:41:53.947+00:00,2026-08-31T21:41:53.970+00:00,2026-08-31T21:41:56.507+00:00,2026-08-31T21:41:56.507+00:00,2026-08-31T21:41:57.095+00:00,2026-08-31T21:41:57.095+00:00,0.238771,0.5881355450001138,sqs-worker-5986dcd897-x8rdl,ip-192-168-20-201.ec2.internal,7861de76ef17c260fe082cdbe25be289722e7d198fb1a9d109670fe2a55fbe19,1,2537.0,3125.0
1,keda-poisson-909-f137f3bf,000024,16.939099,2026-08-31T21:41:52.823+00:00,2026-08-31T21:41:52.842+00:00,2026-08-31T21:41:57.116+00:00,2026-08-31T21:41:57.116+00:00,2026-08-31T21:41:57.899+00:00,2026-08-31T21:41:57.899+00:00,0.319119,0.7834037270004046,sqs-worker-5986dcd897-x8rdl,ip-192-168-20-201.ec2.internal,cfcd1bb6e23c322e9e44b8ca0ff65cf2cdd8dff2b35aefab9b5285b8dcd9e8cc,1,4274.0,5057.0
1,keda-poisson-909-f137f3bf,000026,17.266243,2026-08-31T21:41:53.148+00:00,2026-08-31T21:41:53.168+00:00,2026-08-31T21:41:57.941+00:00,2026-08-31T21:41:57.941+00:00,2026-08-31T21:41:58.097+00:00,2026-08-31T21:41:58.097+00:00,0.067978,0.1559695530013414,sqs-worker-5986dcd897-x8rdl,ip-192-168-20-201.ec2.internal,d7d899c5b5aea4591ccf96c4bce1d39a5edae23267779c95b106f1b5c2d210f4,1,4773.0,4929.0
1,keda-poisson-909-f137f3bf,000032,19.455138,2026-08-31T21:41:55.337+00:00,2026-08-31T21:41:55.356+00:00,2026-08-31T21:41:58.111+00:00,2026-08-31T21:41:58.111+00:00,2026-08-31T21:41:58.374+00:00,2026-08-31T21:41:58.374+00:00,0.099803,0.2633351440017577,sqs-worker-5986dcd897-x8rdl,ip-192-168-20-201.ec2.internal,adffa778c5fba7e9c03ce3308080b4fc1de0462b000af8c397004b09115f9689,1,2755.0,3018.0
1,keda-poisson-909-f137f3bf,000027,17.972768,2026-08-31T21:41:53.856+00:00,2026-08-31T21:41:53.878+00:00,2026-08-31T21:41:58.390+00:00,2026-08-31T21:41:58.391+00:00,2026-08-31T21:41:59.404+00:00,2026-08-31T21:41:59.404+00:00,0.418536,1.0139460749996942,sqs-worker-5986dcd897-x8rdl,ip-192-168-20-201.ec2.internal,ecfa31afb8a88ee92096ae0fe3789437fe8e1f97489b51335ed7a1fb7fb3c538,1,4512.0,5526.0
1,keda-poisson-909-f137f3bf,000035,20.687569,2026-08-31T21:41:56.570+00:00,2026-08-31T21:41:56.589+00:00,2026-08-31T21:41:59.418+00:00,2026-08-31T21:41:59.418+00:00,2026-08-31T21:42:00.302+00:00,2026-08-31T21:42:00.302+00:00,0.234234,0.8837689469983161,sqs-worker-5986dcd897-x8rdl,ip-192-168-20-201.ec2.internal,97a2a89187226a850724a0e9526180892e9b57bc99174f8a58b84c56965ff0b3,1,2829.0,3713.0
1,keda-poisson-909-f137f3bf,000030,19.253221,2026-08-31T21:41:55.136+00:00,2026-08-31T21:41:55.156+00:00,2026-08-31T21:42:00.392+00:00,2026-08-31T21:42:00.392+00:00,2026-08-31T21:42:00.692+00:00,2026-08-31T21:42:00.692+00:00,0.05813,0.29989179800031707,sqs-worker-5986dcd897-x8rdl,ip-192-168-20-201.ec2.internal,4d2553f8e455b947e652de32e4770d062afad38eae69eb141e57a49a0f1d1300,1,5236.0,5536.0
1,keda-poisson-909-f137f3bf,000031,19.444406,2026-08-31T21:41:55.327+00:00,2026-08-31T21:41:55.347+00:00,2026-08-31T21:42:00.784+00:00,2026-08-31T21:42:00.784+00:00,2026-08-31T21:42:02.187+00:00,2026-08-31T21:42:02.187+00:00,0.263508,1.4037162540007557,sqs-worker-5986dcd897-x8rdl,ip-192-168-20-201.ec2.internal,cb711da9fa023c711c26b07274fb165af8c496a9c67614c7abc0561b8876d79b,1,5437.0,6840.0
1,keda-poisson-909-f137f3bf,000043,22.937855,2026-08-31T21:41:58.820+00:00,2026-08-31T21:41:58.840+00:00,2026-08-31T21:42:02.207+00:00,2026-08-31T21:42:02.207+00:00,2026-08-31T21:42:03.213+00:00,2026-08-31T21:42:03.213+00:00,0.235067,1.0066311459995632,sqs-worker-5986dcd897-x8rdl,ip-192-168-20-201.ec2.internal,d0b95d55b8f793baa1bed746bdd9b246f21e79a608b440808829e521d5038321,1,3367.0,4373.0
1,keda-poisson-909-f137f3bf,000045,23.784592,2026-08-31T21:41:59.667+00:00,2026-08-31T21:41:59.686+00:00,2026-08-31T21:42:03.227+00:00,2026-08-31T21:42:03.227+00:00,2026-08-31T21:42:03.305+00:00,2026-08-31T21:42:03.305+00:00,0.027981,0.0779948070012324,sqs-worker-5986dcd897-x8rdl,ip-192-168-20-201.ec2.internal,f4c3ab9e8915ca4039a080e380b9c08aef814b14df824a71bd9cf456b42e734f,1,3541.0,3619.0
1,keda-poisson-909-f137f3bf,000053,27.153883,2026-08-31T21:42:03.036+00:00,2026-08-31T21:42:03.056+00:00,2026-08-31T21:42:03.330+00:00,2026-08-31T21:42:03.330+00:00,2026-08-31T21:42:03.621+00:00,2026-08-31T21:42:03.621+00:00,0.130442,0.2903000520018395,sqs-worker-5986dcd897-x8rdl,ip-192-168-20-201.ec2.internal,e5f59e0cf1d93264bcce742161c6b14b6e56b9c79198934789b3fcec9b7c31cf,1,274.0,565.0
1,keda-poisson-909-f137f3bf,000040,21.78145,2026-08-31T21:41:57.664+00:00,2026-08-31T21:41:57.682+00:00,2026-08-31T21:42:03.695+00:00,2026-08-31T21:42:03.695+00:00,2026-08-31T21:42:04.398+00:00,2026-08-31T21:42:04.398+00:00,0.292374,0.7030378130002646,sqs-worker-5986dcd897-x8rdl,ip-192-168-20-201.ec2.internal,20783d75d14cd7c3396b3c20184f885a6780ce48d1d98152fafe36f56b2966e2,1,6013.0,6716.0
1,keda-poisson-909-f137f3bf,000033,19.909758,2026-08-31T21:41:55.793+00:00,2026-08-31T21:41:55.812+00:00,2026-08-31T21:42:04.416+00:00,2026-08-31T21:42:04.416+00:00,2026-08-31T21:42:04.913+00:00,2026-08-31T21:42:04.913+00:00,0.210101,0.4967779030012025,sqs-worker-5986dcd897-x8rdl,ip-192-168-20-201.ec2.internal,dc59685c879b26d84ca97b7a81a3bfb320baf2700da22b1728cff431459012a8,1,8604.0,9101.0
1,keda-poisson-909-f137f3bf,000058,29.092359,2026-08-31T21:42:04.974+00:00,2026-08-31T21:42:04.992+00:00,2026-08-31T21:42:05.029+00:00,2026-08-31T21:42:05.029+00:00,2026-08-31T21:42:05.107+00:00,2026-08-31T21:42:05.107+00:00,0.026181,0.07745510200038552,sqs-worker-5986dcd897-x8rdl,ip-192-168-20-201.ec2.internal,c13eddb1a9ce73b28df67f13e8fc60f192a2e029dcea45358b81d36ed965751d,1,37.0,115.0
1,keda-poisson-909-f137f3bf,000038,21.379739,2026-08-31T21:41:57.262+00:00,2026-08-31T21:41:57.286+00:00,2026-08-31T21:42:05.122+00:00,2026-08-31T21:42:05.122+00:00,2026-08-31T21:42:05.127+00:00,2026-08-31T21:42:05.127+00:00,0.005,0.005036139998992439,sqs-worker-5986dcd897-x8rdl,ip-192-168-20-201.ec2.internal,d0bdd55c8dd43feab2fa42a03dcccccd6591584d23151dee7107782e289e5da8,1,7836.0,7841.0
1,keda-poisson-909-f137f3bf,000048,24.841242,2026-08-31T21:42:00.724+00:00,2026-08-31T21:42:00.742+00:00,2026-08-31T21:42:04.926+00:00,2026-08-31T21:42:04.926+00:00,2026-08-31T21:42:05.017+00:00,2026-08-31T21:42:05.017+00:00,0.039469,0.09024939799928688,sqs-worker-5986dcd897-x8rdl,ip-192-168-20-201.ec2.internal,1eb6b8dadfcf9e614260385314954a4aa3e2b8be1a986c886d4cc91776c51da3,1,4184.0,4275.0
1,keda-poisson-909-f137f3bf,000025,17.133241,2026-08-31T21:41:53.015+00:00,2026-08-31T21:41:53.034+00:00,2026-08-31T21:42:05.141+00:00,2026-08-31T21:42:05.141+00:00,2026-08-31T21:42:05.593+00:00,2026-08-31T21:42:05.593+00:00,0.173634,0.4525189859996317,sqs-worker-5986dcd897-x8rdl,ip-192-168-20-201.ec2.internal,0b3546f20fa268270f1a8f30840f2f7982355a4c472aff715389187dc1676a91,1,12107.0,12559.0
1,keda-poisson-909-f137f3bf,000041,21.96294,2026-08-31T21:41:57.845+00:00,2026-08-31T21:41:57.864+00:00,2026-08-31T21:42:05.608+00:00,2026-08-31T21:42:05.608+00:00,2026-08-31T21:42:05.789+00:00,2026-08-31T21:42:05.789+00:00,0.071177,0.18090525699881255,sqs-worker-5986dcd897-x8rdl,ip-192-168-20-201.ec2.internal,bf1ea9fe9debf46bc775958de15c97a4e8faa6574c8c9a02cd6214db6b15f5ce,1,7744.0,7925.0
1,keda-poisson-909-f137f3bf,000052,26.904231,2026-08-31T21:42:02.788+00:00,2026-08-31T21:42:02.808+00:00,2026-08-31T21:42:05.810+00:00,2026-08-31T21:42:05.810+00:00,2026-08-31T21:42:06.101+00:00,2026-08-31T21:42:06.101+00:00,0.127103,0.29073090700330795,sqs-worker-5986dcd897-x8rdl,ip-192-168-20-201.ec2.internal,c7f22ba5c1e6f9add2a37ee4496e0e0f72bb7e431b6c64ea3efcfcbbe01ead8a,1,3002.0,3293.0
1,keda-poisson-909-f137f3bf,000047,24.186815,2026-08-31T21:42:00.069+00:00,2026-08-31T21:42:00.088+00:00,2026-08-31T21:42:06.707+00:00,2026-08-31T21:42:06.707+00:00,2026-08-31T21:42:06.897+00:00,2026-08-31T21:42:06.897+00:00,0.083277,0.19018145099835237,sqs-worker-5986dcd897-x8rdl,ip-192-168-20-201.ec2.internal,276c3afa5fd51f518595c9f4c8c4b37d09b64e1cd121a340401e6bbcb654a1ab,1,6619.0,6809.0
1,keda-poisson-909-f137f3bf,000042,22.926223,2026-08-31T21:41:58.809+00:00,2026-08-31T21:41:58.830+00:00,2026-08-31T21:42:06.911+00:00,2026-08-31T21:42:06.911+00:00,2026-08-31T21:42:07.391+00:00,2026-08-31T21:42:07.391+00:00,0.189356,0.4796267589990748,sqs-worker-5986dcd897-x8rdl,ip-192-168-20-201.ec2.internal,ca01851d717f89430337cba416f39fcd490fb668a78f764d8d41df8e1124dcfc,1,8080.999999999999,8561.0
1,keda-poisson-909-f137f3bf,000036,21.287024,2026-08-31T21:41:57.170+00:00,2026-08-31T21:41:57.192+00:00,2026-08-31T21:42:06.118+00:00,2026-08-31T21:42:06.118+00:00,2026-08-31T21:42:06.607+00:00,2026-08-31T21:42:06.607+00:00,0.201461,0.48853866799981915,sqs-worker-5986dcd897-x8rdl,ip-192-168-20-201.ec2.internal,1574744e85f58ca346a29fb99bf8356235f3d66f6cc3b0bcfe84011dd5979e39,1,8926.0,9415.0
1,keda-poisson-909-f137f3bf,000034,20.588877,2026-08-31T21:41:56.472+00:00,2026-08-31T21:41:56.495+00:00,2026-08-31T21:42:06.623+00:00,2026-08-31T21:42:06.623+00:00,2026-08-31T21:42:06.689+00:00,2026-08-31T21:42:06.690+00:00,0.018484,0.06669373399927281,sqs-worker-5986dcd897-x8rdl,ip-192-168-20-201.ec2.internal,e131fe944be6b06b9bcebd737ed7b7ee6a9e1e0192401f230c5340fdac28bdc9,1,10128.0,10194.0
1,keda-poisson-909-f137f3bf,000039,21.641529,2026-08-31T21:41:57.524+00:00,2026-08-31T21:41:57.544+00:00,2026-08-31T21:42:07.927+00:00,2026-08-31T21:42:07.927+00:00,2026-08-31T21:42:08.016+00:00,2026-08-31T21:42:08.016+00:00,0.04727,0.0895717639978102,sqs-worker-5986dcd897-x8rdl,ip-192-168-20-201.ec2.internal,a4622c8b198f628c4cbb2f6d3f75258ed0c6d9658d5f8ebe78993ff378e885ad,1,10383.0,10472.0
1,keda-poisson-909-f137f3bf,000060,31.709769,2026-08-31T21:42:07.594+00:00,2026-08-31T21:42:07.615+00:00,2026-08-31T21:42:07.623+00:00,2026-08-31T21:42:07.623+00:00,2026-08-31T21:42:07.904+00:00,2026-08-31T21:42:07.904+00:00,0.12512,0.2812999640009366,sqs-worker-5986dcd897-x8rdl,ip-192-168-20-201.ec2.internal,0779379d310b47da20f1bf33d29b730a1216f6c187349ea648a2d639bf49528b,1,8.0,289.0
1,keda-poisson-909-f137f3bf,000044,23.470722,2026-08-31T21:41:59.353+00:00,2026-08-31T21:41:59.373+00:00,2026-08-31T21:42:07.412+00:00,2026-08-31T21:42:07.412+00:00,2026-08-31T21:42:07.595+00:00,2026-08-31T21:42:07.595+00:00,0.079847,0.18346221599858836,sqs-worker-5986dcd897-x8rdl,ip-192-168-20-201.ec2.internal,b1855d6f96544cfdda827c81f31040988eb44ac75e8d92a5a0b29b473f964d5d,1,8039.0,8222.0
1,keda-poisson-909-f137f3bf,000037,21.373325,2026-08-31T21:41:57.255+00:00,2026-08-31T21:41:57.274+00:00,2026-08-31T21:42:08.042+00:00,2026-08-31T21:42:08.042+00:00,2026-08-31T21:42:08.806+00:00,2026-08-31T21:42:08.806+00:00,0.30575,0.7638345940031286,sqs-worker-5986dcd897-x8rdl,ip-192-168-20-201.ec2.internal,d519c59a445e306ad1cbcf5aaa93366d4b56497bb604718c5eb950c17f0850e5,1,10768.0,11532.0
1,keda-poisson-909-f137f3bf,000061,32.036226,2026-08-31T21:42:07.919+00:00,2026-08-31T21:42:07.940+00:00,2026-08-31T21:42:09.212+00:00,2026-08-31T21:42:09.212+00:00,2026-08-31T21:42:09.416+00:00,2026-08-31T21:42:09.416+00:00,0.103216,0.20323286200073198,sqs-worker-5986dcd897-x8rdl,ip-192-168-20-201.ec2.internal,bd0f9736d9338cab8936ee2d2c0717e3d0ea9e61205f9ee66149c1a8b04c0a1e,1,1272.0,1476.0
1,keda-poisson-909-f137f3bf,000046,23.989017,2026-08-31T21:41:59.871+00:00,2026-08-31T21:41:59.890+00:00,2026-08-31T21:42:08.826+00:00,2026-08-31T21:42:08.826+00:00,2026-08-31T21:42:09.120+00:00,2026-08-31T21:42:09.120+00:00,0.128985,0.2933957730019756,sqs-worker-5986dcd897-x8rdl,ip-192-168-20-201.ec2.internal,4a45e21079dd9fdfdee04074105952e58525080a448d6fe4f43c7a3069aa4201,1,8936.0,9230.0
1,keda-poisson-909-f137f3bf,000049,25.281262,2026-08-31T21:42:01.164+00:00,2026-08-31T21:42:01.182+00:00,2026-08-31T21:42:09.438+00:00,2026-08-31T21:42:09.438+00:00,2026-08-31T21:42:10.315+00:00,2026-08-31T21:42:10.315+00:00,0.207936,0.8773884709989943,sqs-worker-5986dcd897-x8rdl,ip-192-168-20-201.ec2.internal,b34a1ba7191c4ca4549a9f21ef478dcb5299d7e1f4cbb7d3055e384c7cc818aa,1,8256.0,9133.0
1,keda-poisson-909-f137f3bf,000064,33.500007,2026-08-31T21:42:09.382+00:00,2026-08-31T21:42:09.404+00:00,2026-08-31T21:42:10.401+00:00,2026-08-31T21:42:10.401+00:00,2026-08-31T21:42:11.297+00:00,2026-08-31T21:42:11.297+00:00,0.182604,0.8963430450021406,sqs-worker-5986dcd897-x8rdl,ip-192-168-20-201.ec2.internal,bfe3d0e0fd82d2c17cf0a698e21c7b46d6c9bc90a796b8d650c0b63b3aa21bd4,1,997.0,1893.0
1,keda-poisson-909-f137f3bf,000051,25.715346,2026-08-31T21:42:01.598+00:00,2026-08-31T21:42:01.618+00:00,2026-08-31T21:42:11.399+00:00,2026-08-31T21:42:11.399+00:00,2026-08-31T21:42:12.986+00:00,2026-08-31T21:42:12.986+00:00,0.302268,1.5870043089998944,sqs-worker-5986dcd897-x8rdl,ip-192-168-20-201.ec2.internal,c3afa7a360b3be37748efea1daa0849aeddc9b732c9c7c12cd1df37080a3f1c2,1,9781.0,11368.0
1,keda-poisson-909-f137f3bf,000050,25.296139,2026-08-31T21:42:01.178+00:00,2026-08-31T21:42:01.198+00:00,2026-08-31T21:42:13.002+00:00,2026-08-31T21:42:13.002+00:00,2026-08-31T21:42:13.075+00:00,2026-08-31T21:42:13.075+00:00,0.031834,0.07334564399934607,sqs-worker-5986dcd897-x8rdl,ip-192-168-20-201.ec2.internal,298c0239f4f3a2615d7bbba925de1466e876d87a389d9654bac84a7cb2c3eaea,1,11804.0,11877.0
1,keda-poisson-909-f137f3bf,000054,27.286907,2026-08-31T21:42:03.169+00:00,2026-08-31T21:42:03.186+00:00,2026-08-31T21:42:13.124+00:00,2026-08-31T21:42:13.124+00:00,2026-08-31T21:42:13.519+00:00,2026-08-31T21:42:13.519+00:00,0.180976,0.3943809910015261,sqs-worker-5986dcd897-x8rdl,ip-192-168-20-201.ec2.internal,6804d0489ca25ec31b773f1903f21156066769a68630c205ba47b261ba381235,1,9938.0,10333.0
1,keda-poisson-909-f137f3bf,000062,32.284759,2026-08-31T21:42:08.167+00:00,2026-08-31T21:42:08.186+00:00,2026-08-31T21:42:13.583+00:00,2026-08-31T21:42:13.584+00:00,2026-08-31T21:42:13.620+00:00,2026-08-31T21:42:13.620+00:00,0.036843,0.03690011900107493,sqs-worker-5986dcd897-x8rdl,ip-192-168-20-201.ec2.internal,1deeeef83645c5735b5ca5d8d439a3945a7aa9aaf2e340d0b7076a2b6b1e5520,1,5397.0,5434.0
1,keda-poisson-909-f137f3bf,000056,28.526722,2026-08-31T21:42:04.410+00:00,2026-08-31T21:42:04.428+00:00,2026-08-31T21:42:13.683+00:00,2026-08-31T21:42:13.683+00:00,2026-08-31T21:42:14.121+00:00,2026-08-31T21:42:14.121+00:00,0.196781,0.4376390600009472,sqs-worker-5986dcd897-x8rdl,ip-192-168-20-201.ec2.internal,be29607417353a0b9db66795b6ee46779fa273a8000c894fcbdec582fa7ae87a,1,9255.0,9693.0
1,keda-poisson-909-f137f3bf,000066,35.829604,2026-08-31T21:42:11.712+00:00,2026-08-31T21:42:11.730+00:00,2026-08-31T21:42:13.097+00:00,2026-08-31T21:42:13.098+00:00,2026-08-31T21:42:13.105+00:00,2026-08-31T21:42:13.105+00:00,0.007496,0.007532509996963199,sqs-worker-5986dcd897-x8rdl,ip-192-168-20-201.ec2.internal,d3e8e6136b63ad05d4ec29a2f112a9c04e0bedaadff50c1ebaa1b32db24beae5,1,1367.0,1375.0
1,keda-poisson-909-f137f3bf,000057,29.029629,2026-08-31T21:42:04.912+00:00,2026-08-31T21:42:04.931+00:00,2026-08-31T21:42:14.193+00:00,2026-08-31T21:42:14.193+00:00,2026-08-31T21:42:14.417+00:00,2026-08-31T21:42:14.417+00:00,0.110826,0.22364945499793976,sqs-worker-5986dcd897-x8rdl,ip-192-168-20-201.ec2.internal,04885d809adb1b1d48b68fbfeab157a480fcc77f1b2b1deb3f8ab40aff17f898,1,9262.0,9486.0
1,keda-poisson-909-f137f3bf,000067,36.061254,2026-08-31T21:42:11.944+00:00,2026-08-31T21:42:11.960+00:00,2026-08-31T21:42:14.431+00:00,2026-08-31T21:42:14.431+00:00,2026-08-31T21:42:15.298+00:00,2026-08-31T21:42:15.298+00:00,0.337581,0.8674631760004559,sqs-worker-5986dcd897-x8rdl,ip-192-168-20-201.ec2.internal,2361167b0e2c0e1060c968e5d0554f952ce349e61cf260d0314571a65d56dd94,1,2471.0,3338.0
1,keda-poisson-909-f137f3bf,000055,27.391952,2026-08-31T21:42:03.274+00:00,2026-08-31T21:42:03.292+00:00,2026-08-31T21:42:15.324+00:00,2026-08-31T21:42:15.324+00:00,2026-08-31T21:42:15.396+00:00,2026-08-31T21:42:15.396+00:00,0.032804,0.07228890099941054,sqs-worker-5986dcd897-x8rdl,ip-192-168-20-201.ec2.internal,f58411fb5a2a12ee80df4456bc9aced9b565c3e4f44fe39299373752a9add831,1,12032.0,12104.0
1,keda-poisson-909-f137f3bf,000069,36.798387,2026-08-31T21:42:12.681+00:00,2026-08-31T21:42:12.700+00:00,2026-08-31T21:42:15.551+00:00,2026-08-31T21:42:15.551+00:00,2026-08-31T21:42:15.776+00:00,2026-08-31T21:42:15.776+00:00,0.107529,0.2249733530006779,sqs-worker-5986dcd897-x8rdl,ip-192-168-20-201.ec2.internal,63c6a6f72a5469e34d314fa59d6f0b7807a6e8592f75d276ac1193a0bb5556e6,1,2851.0,3076.0
1,keda-poisson-909-f137f3bf,000063,33.258398,2026-08-31T21:42:09.142+00:00,2026-08-31T21:42:09.171+00:00,2026-08-31T21:42:15.412+00:00,2026-08-31T21:42:15.412+00:00,2026-08-31T21:42:15.487+00:00,2026-08-31T21:42:15.487+00:00,0.027083,0.07569811700159335,sqs-worker-5986dcd897-x8rdl,ip-192-168-20-201.ec2.internal,9bd544c95432ed62c171346f0e8b978b343cf8a0637d8867abb68975891b2a22,1,6241.0,6316.0
1,keda-poisson-909-f137f3bf,000074,39.668462,2026-08-31T21:42:15.553+00:00,2026-08-31T21:42:15.571+00:00,2026-08-31T21:42:15.794+00:00,2026-08-31T21:42:15.794+00:00,2026-08-31T21:42:16.179+00:00,2026-08-31T21:42:16.179+00:00,0.157873,0.3854721329989843,sqs-worker-5986dcd897-x8rdl,ip-192-168-20-201.ec2.internal,5b7b8b79416eb0b13e3f5ad292f7f2e3f5125f4c96d0de0b3ef670a0adca288c,1,223.0,608.0
1,keda-poisson-909-f137f3bf,000059,29.131592,2026-08-31T21:42:05.014+00:00,2026-08-31T21:42:05.034+00:00,2026-08-31T21:42:16.207+00:00,2026-08-31T21:42:16.207+00:00,2026-08-31T21:42:16.503+00:00,2026-08-31T21:42:16.503+00:00,0.139048,0.29656489999979385,sqs-worker-5986dcd897-x8rdl,ip-192-168-20-201.ec2.internal,e8c497110706944dc1abfb1551b0ae5525a70a747291f2fa4458ac5817a38320,1,11173.0,11469.0
1,keda-poisson-909-f137f3bf,000065,35.417574,2026-08-31T21:42:11.300+00:00,2026-08-31T21:42:11.318+00:00,2026-08-31T21:42:16.697+00:00,2026-08-31T21:42:16.697+00:00,2026-08-31T21:42:17.011+00:00,2026-08-31T21:42:17.011+00:00,0.148269,0.31424473199876957,sqs-worker-5986dcd897-x8rdl,ip-192-168-20-201.ec2.internal,a19839e6e6689b78fe4e985e6403456295c74cb76c22b4687f64d123bd44824e,1,5379.0,5693.0
1,keda-poisson-909-f137f3bf,000068,36.082165,2026-08-31T21:42:11.964+00:00,2026-08-31T21:42:11.984+00:00,2026-08-31T21:42:17.075+00:00,2026-08-31T21:42:17.075+00:00,2026-08-31T21:42:17.105+00:00,2026-08-31T21:42:17.105+00:00,0.030472,0.03051382299963734,sqs-worker-5986dcd897-x8rdl,ip-192-168-20-201.ec2.internal,3b9490cffe5e1a8e7fdb168c7be0aa75e8db31636f1ec6e32bd014382c138549,1,5091.0,5121.0
1,keda-poisson-909-f137f3bf,000071,37.087679,2026-08-31T21:42:12.970+00:00,2026-08-31T21:42:12.988+00:00,2026-08-31T21:42:16.523+00:00,2026-08-31T21:42:16.523+00:00,2026-08-31T21:42:16.679+00:00,2026-08-31T21:42:16.679+00:00,0.051252,0.15596883399848593,sqs-worker-5986dcd897-x8rdl,ip-192-168-20-201.ec2.internal,163085164f9fede2be38425b7c35cb2b96e80ff514899def574ec3a231c1353b,1,3535.0,3691.0
1,keda-poisson-909-f137f3bf,000070,36.885604,2026-08-31T21:42:12.768+00:00,2026-08-31T21:42:12.786+00:00,2026-08-31T21:42:17.151+00:00,2026-08-31T21:42:17.152+00:00,2026-08-31T21:42:18.182+00:00,2026-08-31T21:42:18.182+00:00,0.411725,1.0309816180015332,sqs-worker-5986dcd897-x8rdl,ip-192-168-20-201.ec2.internal,90fe0e319847d7de7b650732b1eb60e2200ff8937608258d4081b145bb2ef17e,1,4365.0,5396.0
1,keda-poisson-909-f137f3bf,000072,37.48332,2026-08-31T21:42:13.366+00:00,2026-08-31T21:42:13.384+00:00,2026-08-31T21:42:18.226+00:00,2026-08-31T21:42:18.226+00:00,2026-08-31T21:42:18.396+00:00,2026-08-31T21:42:18.396+00:00,0.088534,0.16918127999815624,sqs-worker-5986dcd897-x8rdl,ip-192-168-20-201.ec2.internal,4f463c007daa4a8a462093d438b9d34f963736569cd65fda689ec322538229cd,1,4842.0,5012.0
1,keda-poisson-909-f137f3bf,000073,37.748866,2026-08-31T21:42:13.631+00:00,2026-08-31T21:42:13.648+00:00,2026-08-31T21:42:18.414+00:00,2026-08-31T21:42:18.414+00:00,2026-08-31T21:42:18.905+00:00,2026-08-31T21:42:18.905+00:00,0.20526,0.49100695100059966,sqs-worker-5986dcd897-x8rdl,ip-192-168-20-201.ec2.internal,bdc9c3c29618acf34b7b22df86ae208cc91748d89f245aff397c6bada25706c3,1,4766.0,5257.0
1,keda-poisson-909-f137f3bf,000075,40.226641,2026-08-31T21:42:16.109+00:00,2026-08-31T21:42:16.155+00:00,2026-08-31T21:42:18.935+00:00,2026-08-31T21:42:18.935+00:00,2026-08-31T21:42:20.790+00:00,2026-08-31T21:42:20.790+00:00,0.509232,1.855290753999725,sqs-worker-5986dcd897-x8rdl,ip-192-168-20-201.ec2.internal,5740874d4f9610533a6fef053942a0b01cd6dcc5552df1e5a965b171e386af86,1,2780.0,4635.0
1,keda-poisson-909-f137f3bf,000082,44.117325,2026-08-31T21:42:19.999+00:00,2026-08-31T21:42:20.016+00:00,2026-08-31T21:42:20.880+00:00,2026-08-31T21:42:20.880+00:00,2026-08-31T21:42:21.491+00:00,2026-08-31T21:42:21.491+00:00,0.135544,0.6118547259975458,sqs-worker-5986dcd897-x8rdl,ip-192-168-20-201.ec2.internal,77d0b515acb215145e2218300bd29c5ff723e58945b63a1344b7958c786b356f,1,864.0,1475.0
1,keda-poisson-909-f137f3bf,000080,43.549761,2026-08-31T21:42:19.432+00:00,2026-08-31T21:42:19.456+00:00,2026-08-31T21:42:22.134+00:00,2026-08-31T21:42:22.134+00:00,2026-08-31T21:42:22.382+00:00,2026-08-31T21:42:22.382+00:00,0.098278,0.2475594980023743,sqs-worker-5986dcd897-7wtx4,ip-192-168-20-201.ec2.internal,dea613fb3f7895899d477afee69b5a49eca9b85b7438842f7cf6ff57a66ff320,1,2678.0,2926.0
1,keda-poisson-909-f137f3bf,000078,42.635532,2026-08-31T21:42:18.519+00:00,2026-08-31T21:42:18.536+00:00,2026-08-31T21:42:21.579+00:00,2026-08-31T21:42:21.579+00:00,2026-08-31T21:42:22.591+00:00,2026-08-31T21:42:22.591+00:00,0.1957,1.012227941002493,sqs-worker-5986dcd897-x8rdl,ip-192-168-20-201.ec2.internal,94f87aeef647db35f36732a0f7a6f9fbb1ef5022a5ea483531002d5d529ff838,1,3043.0,4054.9999999999995
1,keda-poisson-909-f137f3bf,000081,44.069553,2026-08-31T21:42:19.952+00:00,2026-08-31T21:42:19.976+00:00,2026-08-31T21:42:22.413+00:00,2026-08-31T21:42:22.413+00:00,2026-08-31T21:42:22.804+00:00,2026-08-31T21:42:22.804+00:00,0.099419,0.3911016970014316,sqs-worker-5986dcd897-7wtx4,ip-192-168-20-201.ec2.internal,9320a2d07551769c5d9efba1f98a676ec67d6a1515e2cb05444faedac896704e,1,2437.0,2828.0
1,keda-poisson-909-f137f3bf,000079,43.485522,2026-08-31T21:42:19.368+00:00,2026-08-31T21:42:19.388+00:00,2026-08-31T21:42:22.919+00:00,2026-08-31T21:42:22.919+00:00,2026-08-31T21:42:23.082+00:00,2026-08-31T21:42:23.082+00:00,0.036335,0.16251959900182555,sqs-worker-5986dcd897-7wtx4,ip-192-168-20-201.ec2.internal,b1ecd6dd0a9393504d0ec5374ca628f348b72398a5f9fcebf72be033f423934d,1,3531.0,3694.0
1,keda-poisson-909-f137f3bf,000084,44.930649,2026-08-31T21:42:20.814+00:00,2026-08-31T21:42:20.834+00:00,2026-08-31T21:42:23.113+00:00,2026-08-31T21:42:23.113+00:00,2026-08-31T21:42:23.118+00:00,2026-08-31T21:42:23.118+00:00,0.005,0.005063822001829976,sqs-worker-5986dcd897-7wtx4,ip-192-168-20-201.ec2.internal,fe27254ce4f4cc77e90a76077fe9aecf2bb39375d27e9a9868c742d5303d7ecc,1,2279.0,2284.0
1,keda-poisson-909-f137f3bf,000076,41.273743,2026-08-31T21:42:17.157+00:00,2026-08-31T21:42:17.174+00:00,2026-08-31T21:42:23.430+00:00,2026-08-31T21:42:23.430+00:00,2026-08-31T21:42:23.779+00:00,2026-08-31T21:42:23.779+00:00,0.140931,0.3481970259999798,sqs-worker-5986dcd897-x8rdl,ip-192-168-20-201.ec2.internal,55cd6b61ebd83d798bab6da91b76a52c68a0077286b7ea68c17406f4fb365d8f,1,6256.0,6605.0
1,keda-poisson-909-f137f3bf,000089,47.832254,2026-08-31T21:42:23.713+00:00,2026-08-31T21:42:23.730+00:00,2026-08-31T21:42:23.823+00:00,2026-08-31T21:42:23.823+00:00,2026-08-31T21:42:24.105+00:00,2026-08-31T21:42:24.105+00:00,0.129538,0.28192637599931913,sqs-worker-5986dcd897-x8rdl,ip-192-168-20-201.ec2.internal,22bb251a6a0e16b1e59c4dc24a3b46feb92345a471241251df69c46874f32dc0,1,93.0,375.0
1,keda-poisson-909-f137f3bf,000086,46.454091,2026-08-31T21:42:22.335+00:00,2026-08-31T21:42:22.355+00:00,2026-08-31T21:42:24.325+00:00,2026-08-31T21:42:24.325+00:00,2026-08-31T21:42:24.776+00:00,2026-08-31T21:42:24.776+00:00,0.174269,0.4511346950021107,sqs-worker-5986dcd897-x8rdl,ip-192-168-20-201.ec2.internal,ffac4a8cd8e7aa71ab1ae912ab462d37e04aa00d5fcc225f589e97c449b2e42f,1,1970.0,2421.0
1,keda-poisson-909-f137f3bf,000077,41.444206,2026-08-31T21:42:17.327+00:00,2026-08-31T21:42:17.346+00:00,2026-08-31T21:42:24.147+00:00,2026-08-31T21:42:24.147+00:00,2026-08-31T21:42:24.309+00:00,2026-08-31T21:42:24.309+00:00,0.06661,0.16240734399980283,sqs-worker-5986dcd897-x8rdl,ip-192-168-20-201.ec2.internal,462d6c5ea96658855a1f65559c70c1a96b54cd902b9852d58debe6279bab3ed6,1,6801.0,6963.0
1,keda-poisson-909-f137f3bf,000087,47.287405,2026-08-31T21:42:23.169+00:00,2026-08-31T21:42:23.186+00:00,2026-08-31T21:42:24.808+00:00,2026-08-31T21:42:24.808+00:00,2026-08-31T21:42:25.113+00:00,2026-08-31T21:42:25.113+00:00,0.143583,0.30563547700148774,sqs-worker-5986dcd897-x8rdl,ip-192-168-20-201.ec2.internal,50cc9060d742f769bab38e6f1f76192d9dfab7669e910f6b883118f367502968,1,1622.0,1927.0
1,keda-poisson-909-f137f3bf,000090,48.723595,2026-08-31T21:42:24.605+00:00,2026-08-31T21:42:24.623+00:00,2026-08-31T21:42:25.201+00:00,2026-08-31T21:42:25.201+00:00,2026-08-31T21:42:25.240+00:00,2026-08-31T21:42:25.240+00:00,0.038411,0.03881895399899804,sqs-worker-5986dcd897-x8rdl,ip-192-168-20-201.ec2.internal,59967897f8ec576b80caa7aaa1e10f2f8ac65c4da898b7b300382de9f20d5484,1,578.0,617.0
1,keda-poisson-909-f137f3bf,000083,44.132708,2026-08-31T21:42:20.015+00:00,2026-08-31T21:42:20.038+00:00,2026-08-31T21:42:22.610+00:00,2026-08-31T21:42:22.610+00:00,2026-08-31T21:42:23.392+00:00,2026-08-31T21:42:23.392+00:00,0.178324,0.7820687029998226,sqs-worker-5986dcd897-x8rdl,ip-192-168-20-201.ec2.internal,dcb554661441d0dff79e7805e06085ab83466ca6081caf8ef4d436680171a673,1,2572.0,3354.0
1,keda-poisson-909-f137f3bf,000085,46.041677,2026-08-31T21:42:21.924+00:00,2026-08-31T21:42:21.942+00:00,2026-08-31T21:42:23.209+00:00,2026-08-31T21:42:23.210+00:00,2026-08-31T21:42:24.002+00:00,2026-08-31T21:42:24.002+00:00,0.176748,0.792220229999657,sqs-worker-5986dcd897-7wtx4,ip-192-168-20-201.ec2.internal,953aefa2f5ded4cc6feb2da8a1315e7340e33978a6a5e3c73c3c5b5d0e7ff07a,1,1267.0,2060.0
1,keda-poisson-909-f137f3bf,000091,49.275308,2026-08-31T21:42:25.157+00:00,2026-08-31T21:42:25.175+00:00,2026-08-31T21:42:25.289+00:00,2026-08-31T21:42:25.289+00:00,2026-08-31T21:42:25.884+00:00,2026-08-31T21:42:25.884+00:00,0.237998,0.5945931839996774,sqs-worker-5986dcd897-x8rdl,ip-192-168-20-201.ec2.internal,aeccba684c42e1a65554580a09913dd6d22a88d093ba5b7f2243acfd6e3d5b85,1,114.0,709.0
1,keda-poisson-909-f137f3bf,000092,50.059849,2026-08-31T21:42:25.941+00:00,2026-08-31T21:42:25.959+00:00,2026-08-31T21:42:25.966+00:00,2026-08-31T21:42:25.966+00:00,2026-08-31T21:42:26.187+00:00,2026-08-31T21:42:26.187+00:00,0.103305,0.22060949099977734,sqs-worker-5986dcd897-x8rdl,ip-192-168-20-201.ec2.internal,91fbc1b98de988172386ce7875462614864ec7c06c70215e024dc7f7c1fd9f82,1,7.0,228.0
1,keda-poisson-909-f137f3bf,000088,47.504117,2026-08-31T21:42:23.385+00:00,2026-08-31T21:42:23.403+00:00,2026-08-31T21:42:24.096+00:00,2026-08-31T21:42:24.096+00:00,2026-08-31T21:42:26.212+00:00,2026-08-31T21:42:26.212+00:00,0.476191,2.1159725609977613,sqs-worker-5986dcd897-7wtx4,ip-192-168-20-201.ec2.internal,37e0639bdb437b99ff245683a559dc126d2d72b28f59fda58f7a68eb7ddb30aa,1,693.0,2809.0
1,keda-poisson-909-f137f3bf,000093,50.702736,2026-08-31T21:42:26.584+00:00,2026-08-31T21:42:26.603+00:00,2026-08-31T21:42:26.606+00:00,2026-08-31T21:42:26.606+00:00,2026-08-31T21:42:26.703+00:00,2026-08-31T21:42:26.703+00:00,0.05262,0.09636077400136855,sqs-worker-5986dcd897-7wtx4,ip-192-168-20-201.ec2.internal,e06f9ed114f1b93748e542932cf56cae5e5d7710746437ab14911b23ba306b66,1,3.0,100.0
1,keda-poisson-909-f137f3bf,000094,51.397243,2026-08-31T21:42:27.280+00:00,2026-08-31T21:42:27.301+00:00,2026-08-31T21:42:27.305+00:00,2026-08-31T21:42:27.305+00:00,2026-08-31T21:42:27.329+00:00,2026-08-31T21:42:27.329+00:00,0.023673,0.02371769400269841,sqs-worker-5986dcd897-7wtx4,ip-192-168-20-201.ec2.internal,4699f0557b76be6b3384748d2a07696eaf9098ffe3371764d4ba5a47bbd7b8db,1,4.0,28.0
1,keda-poisson-909-f137f3bf,000095,51.473339,2026-08-31T21:42:27.354+00:00,2026-08-31T21:42:27.373+00:00,2026-08-31T21:42:27.377+00:00,2026-08-31T21:42:27.377+00:00,2026-08-31T21:42:27.613+00:00,2026-08-31T21:42:27.613+00:00,0.110006,0.23597750999761047,sqs-worker-5986dcd897-x8rdl,ip-192-168-20-201.ec2.internal,3f769578cd44e4e24c5b4bbb98101e71d18e17cb164031324a17e7600b64c198,1,4.0,240.0
1,keda-poisson-909-f137f3bf,000096,51.90228,2026-08-31T21:42:27.783+00:00,2026-08-31T21:42:27.800+00:00,2026-08-31T21:42:27.811+00:00,2026-08-31T21:42:27.811+00:00,2026-08-31T21:42:28.020+00:00,2026-08-31T21:42:28.020+00:00,0.116721,0.20884546299930662,sqs-worker-5986dcd897-x8rdl,ip-192-168-20-201.ec2.internal,1ffc045e1a946f401bfeb3527c4852cd47fa149e48855baab5d02b0c690958f4,1,11.0,220.0
1,keda-poisson-909-f137f3bf,000097,52.094514,2026-08-31T21:42:27.975+00:00,2026-08-31T21:42:27.992+00:00,2026-08-31T21:42:27.996+00:00,2026-08-31T21:42:27.996+00:00,2026-08-31T21:42:28.017+00:00,2026-08-31T21:42:28.017+00:00,0.020932,0.021044215998699656,sqs-worker-5986dcd897-7wtx4,ip-192-168-20-201.ec2.internal,633c859c9cb71215c7d598df2db216ed94c3c796f663ad1beb7af8836cf10f04,1,4.0,25.0
1,keda-poisson-909-f137f3bf,000100,52.708318,2026-08-31T21:42:28.589+00:00,2026-08-31T21:42:28.611+00:00,2026-08-31T21:42:28.630+00:00,2026-08-31T21:42:28.630+00:00,2026-08-31T21:42:28.808+00:00,2026-08-31T21:42:28.808+00:00,0.094733,0.17823825899904477,sqs-worker-5986dcd897-7wtx4,ip-192-168-20-201.ec2.internal,c81400a382b6aaff985738f8ffb31ab06e6aafebdbfbc1f6e6e1efddcbaf92b9,1,19.0,197.0
1,keda-poisson-909-f137f3bf,000098,52.297586,2026-08-31T21:42:28.179+00:00,2026-08-31T21:42:28.197+00:00,2026-08-31T21:42:28.202+00:00,2026-08-31T21:42:28.202+00:00,2026-08-31T21:42:28.529+00:00,2026-08-31T21:42:28.529+00:00,0.157752,0.32630782799969893,sqs-worker-5986dcd897-7wtx4,ip-192-168-20-201.ec2.internal,c9f4e6d5468d2c44b05bc3107f7b2c75f4d0b0a57c90d33353b4d5668e259238,1,5.0,332.0
1,keda-poisson-909-f137f3bf,000102,52.911279,2026-08-31T21:42:28.792+00:00,2026-08-31T21:42:28.812+00:00,2026-08-31T21:42:28.933+00:00,2026-08-31T21:42:28.933+00:00,2026-08-31T21:42:29.199+00:00,2026-08-31T21:42:29.199+00:00,0.121573,0.26547137499801465,sqs-worker-5986dcd897-x8rdl,ip-192-168-20-201.ec2.internal,b7e7b6f1346ec39377893be1f6da83ddd7c17127f3d330f6f10fe87c5410ff27,1,121.0,387.0
1,keda-poisson-909-f137f3bf,000099,52.496127,2026-08-31T21:42:28.378+00:00,2026-08-31T21:42:28.398+00:00,2026-08-31T21:42:28.402+00:00,2026-08-31T21:42:28.402+00:00,2026-08-31T21:42:28.891+00:00,2026-08-31T21:42:28.891+00:00,0.20794,0.48890606699933414,sqs-worker-5986dcd897-x8rdl,ip-192-168-20-201.ec2.internal,9d21cd7fdd6f42fcebc59f08e7ca161fbd7644c3e7836c4b932e0f314cfea787,1,4.0,493.0
1,keda-poisson-909-f137f3bf,000101,52.763875,2026-08-31T21:42:28.645+00:00,2026-08-31T21:42:28.669+00:00,2026-08-31T21:42:28.846+00:00,2026-08-31T21:42:28.846+00:00,2026-08-31T21:42:30.310+00:00,2026-08-31T21:42:30.310+00:00,0.591017,1.4639049479992536,sqs-worker-5986dcd897-7wtx4,ip-192-168-20-201.ec2.internal,e5e6438cee7ae54aa9791b5760fcf2509ec91dbc22618390e6b4aa459e84e9e9,1,177.0,1641.0
1,keda-poisson-909-f137f3bf,000104,53.452786,2026-08-31T21:42:29.334+00:00,2026-08-31T21:42:29.356+00:00,2026-08-31T21:42:30.334+00:00,2026-08-31T21:42:30.334+00:00,2026-08-31T21:42:30.411+00:00,2026-08-31T21:42:30.411+00:00,0.029878,0.0764986840003985,sqs-worker-5986dcd897-7wtx4,ip-192-168-20-201.ec2.internal,948902378afa790a7fd6290150395fefaf9820b27e79b51dc5e13a369e0cc3de,1,978.0,1055.0
1,keda-poisson-909-f137f3bf,000103,53.110026,2026-08-31T21:42:28.991+00:00,2026-08-31T21:42:29.015+00:00,2026-08-31T21:42:29.234+00:00,2026-08-31T21:42:29.234+00:00,2026-08-31T21:42:30.493+00:00,2026-08-31T21:42:30.493+00:00,0.339224,1.2595544089999748,sqs-worker-5986dcd897-x8rdl,ip-192-168-20-201.ec2.internal,934ad0d8299c45fe774ff035c1feb25d405e3d64628a22e7d888ad6908db3fca,1,219.0,1478.0
1,keda-poisson-909-f137f3bf,000107,54.391862,2026-08-31T21:42:30.273+00:00,2026-08-31T21:42:30.296+00:00,2026-08-31T21:42:30.594+00:00,2026-08-31T21:42:30.594+00:00,2026-08-31T21:42:31.188+00:00,2026-08-31T21:42:31.188+00:00,0.119114,0.5938367759990797,sqs-worker-5986dcd897-x8rdl,ip-192-168-20-201.ec2.internal,15c570123d1d17f7ff828588cccb0881348495d9054f09d6839f1bef018ae636,1,298.0,892.0
1,keda-poisson-909-f137f3bf,000106,53.965347,2026-08-31T21:42:29.846+00:00,2026-08-31T21:42:29.866+00:00,2026-08-31T21:42:30.435+00:00,2026-08-31T21:42:30.435+00:00,2026-08-31T21:42:31.625+00:00,2026-08-31T21:42:31.625+00:00,0.495938,1.190108789000078,sqs-worker-5986dcd897-7wtx4,ip-192-168-20-201.ec2.internal,5631e19ab5a101e1a53f526f933ab1285f1895235117ef4396aed809479b4d2b,1,569.0,1759.0
1,keda-poisson-909-f137f3bf,000109,55.130023,2026-08-31T21:42:31.011+00:00,2026-08-31T21:42:31.028+00:00,2026-08-31T21:42:31.653+00:00,2026-08-31T21:42:31.653+00:00,2026-08-31T21:42:31.658+00:00,2026-08-31T21:42:31.658+00:00,0.005,0.005048846000136109,sqs-worker-5986dcd897-7wtx4,ip-192-168-20-201.ec2.internal,67b8b491905acebb8ac58cc3dacfb5501a52c70bfcf09d706491c1ebba20b8ba,1,625.0,630.0
1,keda-poisson-909-f137f3bf,000108,54.538756,2026-08-31T21:42:30.420+00:00,2026-08-31T21:42:30.440+00:00,2026-08-31T21:42:31.703+00:00,2026-08-31T21:42:31.703+00:00,2026-08-31T21:42:33.107+00:00,2026-08-31T21:42:33.107+00:00,0.393225,1.4045588090011734,sqs-worker-5986dcd897-7wtx4,ip-192-168-20-201.ec2.internal,5df9ad57aeae24952fba33f6cbe06efe663bdb4b80ed4ce39cf053fbdeaad426,1,1263.0,2667.0
1,keda-poisson-909-f137f3bf,000105,53.707975,2026-08-31T21:42:29.589+00:00,2026-08-31T21:42:29.609+00:00,2026-08-31T21:42:31.284+00:00,2026-08-31T21:42:31.284+00:00,2026-08-31T21:42:33.906+00:00,2026-08-31T21:42:33.907+00:00,0.635594,2.622707149999769,sqs-worker-5986dcd897-x8rdl,ip-192-168-20-201.ec2.internal,2fba6d03b7a5ef5a493aba7864a96dd06e207da36ee9ca61074a58f1f1eef484,1,1675.0,4297.0
1,keda-poisson-909-f137f3bf,000111,56.043369,2026-08-31T21:42:31.925+00:00,2026-08-31T21:42:31.945+00:00,2026-08-31T21:42:33.925+00:00,2026-08-31T21:42:33.925+00:00,2026-08-31T21:42:34.405+00:00,2026-08-31T21:42:34.405+00:00,0.208068,0.4800258949981071,sqs-worker-5986dcd897-x8rdl,ip-192-168-20-201.ec2.internal,bd6018cc742ac3a98c3a01ad2bb28c4e1fc908b8882f6bb3d0b7deacb66c7d7b,1,1980.0,2460.0
1,keda-poisson-909-f137f3bf,000113,56.637329,2026-08-31T21:42:32.519+00:00,2026-08-31T21:42:32.539+00:00,2026-08-31T21:42:34.435+00:00,2026-08-31T21:42:34.435+00:00,2026-08-31T21:42:34.591+00:00,2026-08-31T21:42:34.591+00:00,0.060207,0.1555464579978434,sqs-worker-5986dcd897-x8rdl,ip-192-168-20-201.ec2.internal,9a960bf870f0fd6f3db8859b9b111718e88ac9ea5c8408504df30d0c978645ec,1,1896.0,2052.0
1,keda-poisson-909-f137f3bf,000116,58.044035,2026-08-31T21:42:33.925+00:00,2026-08-31T21:42:33.944+00:00,2026-08-31T21:42:34.618+00:00,2026-08-31T21:42:34.618+00:00,2026-08-31T21:42:34.625+00:00,2026-08-31T21:42:34.625+00:00,0.006409,0.006453543999668909,sqs-worker-5986dcd897-x8rdl,ip-192-168-20-201.ec2.internal,bccca273b72695435f547c136dea4ca2e85f625f2b6e0c8b120c964541369a42,1,674.0,681.0
1,keda-poisson-909-f137f3bf,000117,58.392521,2026-08-31T21:42:34.274+00:00,2026-08-31T21:42:34.292+00:00,2026-08-31T21:42:34.641+00:00,2026-08-31T21:42:34.641+00:00,2026-08-31T21:42:34.887+00:00,2026-08-31T21:42:34.887+00:00,0.099281,0.2456984710006509,sqs-worker-5986dcd897-x8rdl,ip-192-168-20-201.ec2.internal,ffc7448573e504425385f893bf14c9d030cb23ff35ecf316f5b88704431bf1e3,1,349.0,595.0
1,keda-poisson-909-f137f3bf,000112,56.140905,2026-08-31T21:42:32.022+00:00,2026-08-31T21:42:32.043+00:00,2026-08-31T21:42:33.203+00:00,2026-08-31T21:42:33.203+00:00,2026-08-31T21:42:35.280+00:00,2026-08-31T21:42:35.280+00:00,0.45858,2.076630756000668,sqs-worker-5986dcd897-7wtx4,ip-192-168-20-201.ec2.internal,8003f89793e7d233e37885cdf203c6904e246182e37de9b83ba3c355f2c91636,1,1160.0,3237.0
1,keda-poisson-909-f137f3bf,000118,58.782818,2026-08-31T21:42:34.664+00:00,2026-08-31T21:42:34.683+00:00,2026-08-31T21:42:34.908+00:00,2026-08-31T21:42:34.908+00:00,2026-08-31T21:42:35.290+00:00,2026-08-31T21:42:35.290+00:00,0.157464,0.38233952000155114,sqs-worker-5986dcd897-x8rdl,ip-192-168-20-201.ec2.internal,606609fb49c6ff7b1265338b80943fb4c2f641f84f1090c34b19383218e86c70,1,225.0,607.0
1,keda-poisson-909-f137f3bf,000119,58.980211,2026-08-31T21:42:34.861+00:00,2026-08-31T21:42:34.880+00:00,2026-08-31T21:42:35.316+00:00,2026-08-31T21:42:35.316+00:00,2026-08-31T21:42:35.424+00:00,2026-08-31T21:42:35.424+00:00,0.058338,0.10794097100006184,sqs-worker-5986dcd897-x8rdl,ip-192-168-20-201.ec2.internal,2d9ab5cbe10d9f36bff4a9d632319d7ac585a7e93c7dc34a305816d99af4b002,1,436.0,544.0
1,keda-poisson-909-f137f3bf,000110,55.192383,2026-08-31T21:42:31.073+00:00,2026-08-31T21:42:31.090+00:00,2026-08-31T21:42:35.306+00:00,2026-08-31T21:42:35.306+00:00,2026-08-31T21:42:35.597+00:00,2026-08-31T21:42:35.597+00:00,0.072242,0.29054211000038777,sqs-worker-5986dcd897-7wtx4,ip-192-168-20-201.ec2.internal,7b3bf8f06d01fe860c22bce14566aa711b87a9fa9a3e91226ca2465f85ddc810,1,4216.0,4507.0
1,keda-poisson-909-f137f3bf,000115,57.405892,2026-08-31T21:42:33.287+00:00,2026-08-31T21:42:33.306+00:00,2026-08-31T21:42:35.441+00:00,2026-08-31T21:42:35.441+00:00,2026-08-31T21:42:36.494+00:00,2026-08-31T21:42:36.494+00:00,0.416015,1.0525183940007992,sqs-worker-5986dcd897-x8rdl,ip-192-168-20-201.ec2.internal,d505583108afb7143099bfa1120db1f3f1546554cd5b8fd72a7952940a8a74bc,1,2135.0,3188.0
1,keda-poisson-909-f137f3bf,000114,56.735254,2026-08-31T21:42:32.616+00:00,2026-08-31T21:42:32.636+00:00,2026-08-31T21:42:35.626+00:00,2026-08-31T21:42:35.626+00:00,2026-08-31T21:42:36.392+00:00,2026-08-31T21:42:36.392+00:00,0.194951,0.7661266289978812,sqs-worker-5986dcd897-7wtx4,ip-192-168-20-201.ec2.internal,942023022c21eb80d5a80f67dbf1aaff7cb63b2aa4fc743e98cc348e1846d408,1,2990.0,3756.0
1,keda-poisson-909-f137f3bf,000120,59.154471,2026-08-31T21:42:35.035+00:00,2026-08-31T21:42:35.058+00:00,2026-08-31T21:42:36.424+00:00,2026-08-31T21:42:36.424+00:00,2026-08-31T21:42:36.522+00:00,2026-08-31T21:42:36.522+00:00,0.064094,0.09824500899776467,sqs-worker-5986dcd897-7wtx4,ip-192-168-20-201.ec2.internal,bfe816797c0aff2ca41c43d7ac002474744578bc0b9064d2f37ffb57696d8582,1,1366.0,1464.0
1,keda-poisson-909-f137f3bf,000122,60.709385,2026-08-31T21:42:36.591+00:00,2026-08-31T21:42:36.610+00:00,2026-08-31T21:42:36.617+00:00,2026-08-31T21:42:36.617+00:00,2026-08-31T21:42:37.605+00:00,2026-08-31T21:42:37.605+00:00,0.408988,0.9882260179983859,sqs-worker-5986dcd897-7wtx4,ip-192-168-20-201.ec2.internal,0baf93956871f89a2d1924f57fedea45a6c3edf1c4b829964b0024de4059cd61,1,7.0,995.0
1,keda-poisson-909-f137f3bf,000121,59.654257,2026-08-31T21:42:35.535+00:00,2026-08-31T21:42:35.555+00:00,2026-08-31T21:42:36.524+00:00,2026-08-31T21:42:36.524+00:00,2026-08-31T21:42:37.283+00:00,2026-08-31T21:42:37.283+00:00,0.303598,0.7594082700015861,sqs-worker-5986dcd897-x8rdl,ip-192-168-20-201.ec2.internal,25090ad5eac3c7953d6b2ae6658f634aedc6a002545f6a9a90a43b20f6969587,1,969.0,1728.0
1,keda-poisson-909-f137f3bf,000124,61.28224,2026-08-31T21:42:37.163+00:00,2026-08-31T21:42:37.184+00:00,2026-08-31T21:42:37.650+00:00,2026-08-31T21:42:37.650+00:00,2026-08-31T21:42:37.703+00:00,2026-08-31T21:42:37.703+00:00,0.038257,0.053585060999466805,sqs-worker-5986dcd897-7wtx4,ip-192-168-20-201.ec2.internal,5792887da04141371b4c77ef478550732b3424e8251fbaef1143dddedff0b898,1,466.0,519.0
1,keda-poisson-909-f137f3bf,000126,62.144069,2026-08-31T21:42:38.025+00:00,2026-08-31T21:42:38.045+00:00,2026-08-31T21:42:38.049+00:00,2026-08-31T21:42:38.049+00:00,2026-08-31T21:42:38.087+00:00,2026-08-31T21:42:38.087+00:00,0.038291,0.038504528001794824,sqs-worker-5986dcd897-7wtx4,ip-192-168-20-201.ec2.internal,8d6015f5fb777c391e86a19026efdb1c0060d20244015e8d3f1a07260e5ed1d0,1,4.0,42.0
1,keda-poisson-909-f137f3bf,000123,61.265503,2026-08-31T21:42:37.147+00:00,2026-08-31T21:42:37.172+00:00,2026-08-31T21:42:37.301+00:00,2026-08-31T21:42:37.301+00:00,2026-08-31T21:42:37.915+00:00,2026-08-31T21:42:37.915+00:00,0.265689,0.6134790770011023,sqs-worker-5986dcd897-x8rdl,ip-192-168-20-201.ec2.internal,57574aad2c96338a22989783db570c46138969fca4a8954a456aee0d9bc2a190,1,129.0,743.0
1,keda-poisson-909-f137f3bf,000127,62.229901,2026-08-31T21:42:38.111+00:00,2026-08-31T21:42:38.133+00:00,2026-08-31T21:42:38.137+00:00,2026-08-31T21:42:38.137+00:00,2026-08-31T21:42:38.408+00:00,2026-08-31T21:42:38.408+00:00,0.135517,0.2703124879990355,sqs-worker-5986dcd897-7wtx4,ip-192-168-20-201.ec2.internal,ef4e8635c1577d72a034ca95efab04eba9bd5590a2b9f0d385f82d7d5990e1a3,1,4.0,275.0
1,keda-poisson-909-f137f3bf,000128,64.052791,2026-08-31T21:42:39.935+00:00,2026-08-31T21:42:39.952+00:00,2026-08-31T21:42:39.959+00:00,2026-08-31T21:42:39.959+00:00,2026-08-31T21:42:40.429+00:00,2026-08-31T21:42:40.429+00:00,0.217337,0.4700607470003888,sqs-worker-5986dcd897-7wtx4,ip-192-168-20-201.ec2.internal,81f1ffe04519ca6b04aecf525861c6ce59f3b27b61abecf51090bd4f26b6fd16,1,7.0,477.0
1,keda-poisson-909-f137f3bf,000125,62.126079,2026-08-31T21:42:38.007+00:00,2026-08-31T21:42:38.026+00:00,2026-08-31T21:42:38.032+00:00,2026-08-31T21:42:38.032+00:00,2026-08-31T21:42:40.589+00:00,2026-08-31T21:42:40.589+00:00,0.876817,2.556428366999171,sqs-worker-5986dcd897-x8rdl,ip-192-168-20-201.ec2.internal,74c6f7bae475ec71f0452e6b17a4d6721d787646346457807d6d4ce2c0689580,1,6.0,2563.0
1,keda-poisson-909-f137f3bf,000130,64.565347,2026-08-31T21:42:40.446+00:00,2026-08-31T21:42:40.462+00:00,2026-08-31T21:42:40.623+00:00,2026-08-31T21:42:40.623+00:00,2026-08-31T21:42:40.898+00:00,2026-08-31T21:42:40.898+00:00,0.110407,0.27484828399974504,sqs-worker-5986dcd897-7wtx4,ip-192-168-20-201.ec2.internal,df1c701769d163667325800c3cb0f98d700da0ac9cbe08608374a562beaaf7a7,1,161.0,436.0
1,keda-poisson-909-f137f3bf,000129,64.415738,2026-08-31T21:42:40.297+00:00,2026-08-31T21:42:40.314+00:00,2026-08-31T21:42:40.481+00:00,2026-08-31T21:42:40.481+00:00,2026-08-31T21:42:40.598+00:00,2026-08-31T21:42:40.598+00:00,0.05332,0.11709193900242099,sqs-worker-5986dcd897-7wtx4,ip-192-168-20-201.ec2.internal,bc64726dbaee9495d5f30d43b4bac93ac6bdf0bf39f4e0c5352af242598b0e19,1,167.0,284.0
1,keda-poisson-909-f137f3bf,000131,64.934561,2026-08-31T21:42:40.816+00:00,2026-08-31T21:42:40.839+00:00,2026-08-31T21:42:40.887+00:00,2026-08-31T21:42:40.887+00:00,2026-08-31T21:42:41.791+00:00,2026-08-31T21:42:41.791+00:00,0.180822,0.90475325800071,sqs-worker-5986dcd897-x8rdl,ip-192-168-20-201.ec2.internal,e10d99b71cf758a72579af3ba362121b4623374e1b2535ae16df80bc898c7847,1,48.0,952.0
1,keda-poisson-909-f137f3bf,000133,65.932606,2026-08-31T21:42:41.814+00:00,2026-08-31T21:42:41.833+00:00,2026-08-31T21:42:41.841+00:00,2026-08-31T21:42:41.841+00:00,2026-08-31T21:42:42.680+00:00,2026-08-31T21:42:42.680+00:00,0.291375,0.8390362870013632,sqs-worker-5986dcd897-7wtx4,ip-192-168-20-201.ec2.internal,afce572ca5178632500658ea45d818781afae31ff7428c7542a01fe360f56033,1,8.0,847.0
1,keda-poisson-909-f137f3bf,000134,66.058798,2026-08-31T21:42:41.940+00:00,2026-08-31T21:42:41.957+00:00,2026-08-31T21:42:42.718+00:00,2026-08-31T21:42:42.718+00:00,2026-08-31T21:42:43.084+00:00,2026-08-31T21:42:43.084+00:00,0.068969,0.36643906199969933,sqs-worker-5986dcd897-7wtx4,ip-192-168-20-201.ec2.internal,fd420ab888fe01b9c7e10dc54467a7a6c2390d3d0c25f812ace4f7b9d70490bd,1,761.0,1127.0
1,keda-poisson-909-f137f3bf,000132,65.482906,2026-08-31T21:42:41.364+00:00,2026-08-31T21:42:41.931+00:00,2026-08-31T21:42:41.936+00:00,2026-08-31T21:42:41.936+00:00,2026-08-31T21:42:43.788+00:00,2026-08-31T21:42:43.788+00:00,0.536719,1.85212279100233,sqs-worker-5986dcd897-x8rdl,ip-192-168-20-201.ec2.internal,3cb409b3d70c0806ccaa9b9b2142fd1a5a7c83827d0906062f467d245478e0c8,1,5.0,1857.0
1,keda-poisson-909-f137f3bf,000135,68.224061,2026-08-31T21:42:44.107+00:00,2026-08-31T21:42:44.136+00:00,2026-08-31T21:42:44.140+00:00,2026-08-31T21:42:44.140+00:00,2026-08-31T21:42:44.153+00:00,2026-08-31T21:42:44.153+00:00,0.013195,0.013263904002087656,sqs-worker-5986dcd897-x8rdl,ip-192-168-20-201.ec2.internal,d728547947bcb00a547a36dd80b735fda443ade703a3fe2e79f8bb0a5c873ef6,1,4.0,17.0
1,keda-poisson-909-f137f3bf,000136,69.009356,2026-08-31T21:42:44.891+00:00,2026-08-31T21:42:44.909+00:00,2026-08-31T21:42:44.914+00:00,2026-08-31T21:42:44.914+00:00,2026-08-31T21:42:45.106+00:00,2026-08-31T21:42:45.106+00:00,0.096154,0.19205568200050038,sqs-worker-5986dcd897-7wtx4,ip-192-168-20-201.ec2.internal,a46f07e3cda6daf025a2f0755864e2730557cb08c3450eeef83c5d6d9b804289,1,5.0,197.0
1,keda-poisson-909-f137f3bf,000138,69.835018,2026-08-31T21:42:45.716+00:00,2026-08-31T21:42:45.739+00:00,2026-08-31T21:42:45.743+00:00,2026-08-31T21:42:45.743+00:00,2026-08-31T21:42:45.757+00:00,2026-08-31T21:42:45.757+00:00,0.014201,0.014267431000916986,sqs-worker-5986dcd897-7wtx4,ip-192-168-20-201.ec2.internal,58ab817c5e80082e0f9b7500b861e5b1f641e4dd9c229c3afc2c42e0c6eead17,1,4.0,18.0
1,keda-poisson-909-f137f3bf,000137,69.651538,2026-08-31T21:42:45.533+00:00,2026-08-31T21:42:45.548+00:00,2026-08-31T21:42:45.552+00:00,2026-08-31T21:42:45.552+00:00,2026-08-31T21:42:46.310+00:00,2026-08-31T21:42:46.310+00:00,0.341117,0.7577900369979034,sqs-worker-5986dcd897-x8rdl,ip-192-168-20-201.ec2.internal,62e2028dc586aa202c4eba8f02eef37c538dd11a6c48b13bfacd05eae067c355,1,4.0,762.0
1,keda-poisson-909-f137f3bf,000139,70.796488,2026-08-31T21:42:46.678+00:00,2026-08-31T21:42:46.694+00:00,2026-08-31T21:42:46.699+00:00,2026-08-31T21:42:46.699+00:00,2026-08-31T21:42:46.719+00:00,2026-08-31T21:42:46.719+00:00,0.019943,0.02000659099940094,sqs-worker-5986dcd897-x8rdl,ip-192-168-20-201.ec2.internal,47a01237c88a455d627844443f36b9df0e116f891c87d65d00c6f531c7a4a17f,1,5.0,25.0
1,keda-poisson-909-f137f3bf,000140,71.707617,2026-08-31T21:42:47.589+00:00,2026-08-31T21:42:47.611+00:00,2026-08-31T21:42:47.615+00:00,2026-08-31T21:42:47.615+00:00,2026-08-31T21:42:47.905+00:00,2026-08-31T21:42:47.905+00:00,0.134995,0.28986977900058264,sqs-worker-5986dcd897-7wtx4,ip-192-168-20-201.ec2.internal,99c154815ef66422e338c62658951f55110b27249f157ef32f7af31d3561bb7c,1,4.0,294.0
1,keda-poisson-909-f137f3bf,000142,72.788088,2026-08-31T21:42:48.669+00:00,2026-08-31T21:42:48.687+00:00,2026-08-31T21:42:48.694+00:00,2026-08-31T21:42:48.695+00:00,2026-08-31T21:42:49.305+00:00,2026-08-31T21:42:49.305+00:00,0.26209,0.6106042669998715,sqs-worker-5986dcd897-x8rdl,ip-192-168-20-201.ec2.internal,60761ba0f053e43df6ad5afecf46997599f4b591615cf5c092575fdea1a5770a,1,7.0,618.0
1,keda-poisson-909-f137f3bf,000141,72.405898,2026-08-31T21:42:48.287+00:00,2026-08-31T21:42:48.307+00:00,2026-08-31T21:42:48.311+00:00,2026-08-31T21:42:48.311+00:00,2026-08-31T21:42:49.391+00:00,2026-08-31T21:42:49.391+00:00,0.441817,1.0802543429999787,sqs-worker-5986dcd897-7wtx4,ip-192-168-20-201.ec2.internal,7dc3136bc8e18c63391ca6618b9fa170653260965b7ceaa7a08ec05824742289,1,4.0,1084.0
1,keda-poisson-909-f137f3bf,000144,73.228718,2026-08-31T21:42:49.110+00:00,2026-08-31T21:42:49.131+00:00,2026-08-31T21:42:49.348+00:00,2026-08-31T21:42:49.348+00:00,2026-08-31T21:42:49.688+00:00,2026-08-31T21:42:49.688+00:00,0.132938,0.3397572180001589,sqs-worker-5986dcd897-x8rdl,ip-192-168-20-201.ec2.internal,037cb1db6f22800462d1d241840b1e015bfc0a20cc3a9aa2bd254bbffd5fbc29,1,217.0,557.0
1,keda-poisson-909-f137f3bf,000143,73.046299,2026-08-31T21:42:48.927+00:00,2026-08-31T21:42:48.949+00:00,2026-08-31T21:42:49.412+00:00,2026-08-31T21:42:49.412+00:00,2026-08-31T21:42:50.029+00:00,2026-08-31T21:42:50.029+00:00,0.270558,0.6174301499995636,sqs-worker-5986dcd897-7wtx4,ip-192-168-20-201.ec2.internal,758b78f28f3c153905274866048548d00cb037303c05a6d9f69698b4bcf2a560,1,463.0,1080.0
1,keda-poisson-909-f137f3bf,000146,74.991093,2026-08-31T21:42:50.873+00:00,2026-08-31T21:42:50.895+00:00,2026-08-31T21:42:50.899+00:00,2026-08-31T21:42:50.899+00:00,2026-08-31T21:42:51.002+00:00,2026-08-31T21:42:51.002+00:00,0.047915,0.10306227799810586,sqs-worker-5986dcd897-7wtx4,ip-192-168-20-201.ec2.internal,f619fb0ba5df46db9fff74d7839fc88e7c9bc0795e5e73625cf9da8c7fcb5247,1,4.0,107.0
1,keda-poisson-909-f137f3bf,000147,75.237696,2026-08-31T21:42:51.117+00:00,2026-08-31T21:42:51.137+00:00,2026-08-31T21:42:51.141+00:00,2026-08-31T21:42:51.141+00:00,2026-08-31T21:42:51.202+00:00,2026-08-31T21:42:51.202+00:00,0.050269,0.06082596299893339,sqs-worker-5986dcd897-7wtx4,ip-192-168-20-201.ec2.internal,9022476b12ab09764bc140a080aa7a5ee5a407d36a6851529de5c071b9e80f9f,1,4.0,65.0
1,keda-poisson-909-f137f3bf,000148,75.264437,2026-08-31T21:42:51.143+00:00,2026-08-31T21:42:51.160+00:00,2026-08-31T21:42:51.237+00:00,2026-08-31T21:42:51.237+00:00,2026-08-31T21:42:51.244+00:00,2026-08-31T21:42:51.244+00:00,0.006253,0.006417939999664668,sqs-worker-5986dcd897-7wtx4,ip-192-168-20-201.ec2.internal,8eae92860946e2b9d977e2f8d885ef123314cc15343c1fa4d93c248a2467a1b5,1,77.0,84.0
1,keda-poisson-909-f137f3bf,000145,73.689018,2026-08-31T21:42:49.570+00:00,2026-08-31T21:42:49.589+00:00,2026-08-31T21:42:49.784+00:00,2026-08-31T21:42:49.784+00:00,2026-08-31T21:42:51.398+00:00,2026-08-31T21:42:51.398+00:00,0.322722,1.6147621590025665,sqs-worker-5986dcd897-x8rdl,ip-192-168-20-201.ec2.internal,a53b1c7719b99756165128055928471cb2b463f50c33f27b8f6c466b8472865e,1,195.0,1809.0
1,keda-poisson-909-f137f3bf,000149,76.245792,2026-08-31T21:42:52.126+00:00,2026-08-31T21:42:52.145+00:00,2026-08-31T21:42:52.151+00:00,2026-08-31T21:42:52.151+00:00,2026-08-31T21:42:52.175+00:00,2026-08-31T21:42:52.175+00:00,0.02387,0.02420845099914004,sqs-worker-5986dcd897-7wtx4,ip-192-168-20-201.ec2.internal,551235746de0a3995cc53e73bc2d64f5a7f047e10bf9556a7790b8de66ab168f,1,6.0,30.0
1,keda-poisson-909-f137f3bf,000150,76.757269,2026-08-31T21:42:52.637+00:00,2026-08-31T21:42:52.664+00:00,2026-08-31T21:42:52.697+00:00,2026-08-31T21:42:52.697+00:00,2026-08-31T21:42:53.798+00:00,2026-08-31T21:42:53.798+00:00,0.22543,1.1012951449993125,sqs-worker-5986dcd897-7wtx4,ip-192-168-20-201.ec2.internal,eaac31317755b84b064bed1806c4bcfd99f5ad3273348b3a42515d08fb9caf79,1,33.0,1134.0
1,keda-poisson-909-f137f3bf,000151,77.509972,2026-08-31T21:42:53.390+00:00,2026-08-31T21:42:53.406+00:00,2026-08-31T21:42:53.410+00:00,2026-08-31T21:42:53.410+00:00,2026-08-31T21:42:54.001+00:00,2026-08-31T21:42:54.001+00:00,0.25855,0.5909926679996715,sqs-worker-5986dcd897-x8rdl,ip-192-168-20-201.ec2.internal,4713b4378636a31cf59435b5613e42052e4b10c5009961aa3b57a78d9b46023f,1,4.0,595.0
1,keda-poisson-909-f137f3bf,000152,77.690651,2026-08-31T21:42:53.570+00:00,2026-08-31T21:42:53.592+00:00,2026-08-31T21:42:53.617+00:00,2026-08-31T21:42:53.617+00:00,2026-08-31T21:42:53.933+00:00,2026-08-31T21:42:53.933+00:00,0.104331,0.31588674600061495,sqs-worker-5986dcd897-tr5pk,ip-192-168-20-201.ec2.internal,b80d4a0b2b5c41e2d6a591b7f4ad903ca93c65b5c6cbee95691e0ea7923c3eee,1,25.0,341.0
1,keda-poisson-909-f137f3bf,000153,78.331019,2026-08-31T21:42:54.210+00:00,2026-08-31T21:42:54.230+00:00,2026-08-31T21:42:54.234+00:00,2026-08-31T21:42:54.234+00:00,2026-08-31T21:42:54.491+00:00,2026-08-31T21:42:54.491+00:00,0.047934,0.2570577199985564,sqs-worker-5986dcd897-7wtx4,ip-192-168-20-201.ec2.internal,86c060432d5e7c19da7d365c649ac6ac3f9ed829a59a2c3b2b4df89275adb225,1,4.0,261.0
1,keda-poisson-909-f137f3bf,000154,78.5084,2026-08-31T21:42:54.387+00:00,2026-08-31T21:42:54.404+00:00,2026-08-31T21:42:54.409+00:00,2026-08-31T21:42:54.409+00:00,2026-08-31T21:42:55.718+00:00,2026-08-31T21:42:55.718+00:00,0.529176,1.3090357590008352,sqs-worker-5986dcd897-tr5pk,ip-192-168-20-201.ec2.internal,4cc2f18e754c9e14bb26d71054f3bc9eeb12bd0365f80a6b80a418b77e86556d,1,5.0,1314.0
1,keda-poisson-909-f137f3bf,000155,79.874086,2026-08-31T21:42:55.753+00:00,2026-08-31T21:42:55.773+00:00,2026-08-31T21:42:55.776+00:00,2026-08-31T21:42:55.776+00:00,2026-08-31T21:42:55.825+00:00,2026-08-31T21:42:55.825+00:00,0.042685,0.0484672579987091,sqs-worker-5986dcd897-tr5pk,ip-192-168-20-201.ec2.internal,2ee966bff8e47f63e8605d8301fbc9e69aa4a07d11da918fa7dbac0c7f389612,1,3.0,52.0
1,keda-poisson-909-f137f3bf,000156,80.232721,2026-08-31T21:42:56.112+00:00,2026-08-31T21:42:56.139+00:00,2026-08-31T21:42:56.142+00:00,2026-08-31T21:42:56.142+00:00,2026-08-31T21:42:56.603+00:00,2026-08-31T21:42:56.603+00:00,0.213496,0.46073172600154066,sqs-worker-5986dcd897-7wtx4,ip-192-168-20-201.ec2.internal,59b98b4c61760fca338d5288260cd986fef2559e61965f26d2b264918745c1f0,1,3.0,464.0
1,keda-poisson-909-f137f3bf,000158,81.333725,2026-08-31T21:42:57.213+00:00,2026-08-31T21:42:57.234+00:00,2026-08-31T21:42:57.245+00:00,2026-08-31T21:42:57.245+00:00,2026-08-31T21:42:57.250+00:00,2026-08-31T21:42:57.250+00:00,0.005,0.005111749000207055,sqs-worker-5986dcd897-7wtx4,ip-192-168-20-201.ec2.internal,e8a78f49c45269f51f7d956410473b92649763f159de308105af45491e25c05c,1,11.0,16.0
1,keda-poisson-909-f137f3bf,000157,81.223943,2026-08-31T21:42:57.104+00:00,2026-08-31T21:42:57.123+00:00,2026-08-31T21:42:57.127+00:00,2026-08-31T21:42:57.127+00:00,2026-08-31T21:42:57.357+00:00,2026-08-31T21:42:57.357+00:00,0.114983,0.22971721700014314,sqs-worker-5986dcd897-tr5pk,ip-192-168-20-201.ec2.internal,be99031ecb421fcdd6b354cfee11985dd0251184fc0ec7e08429f82613be9f65,1,4.0,234.0
1,keda-poisson-909-f137f3bf,000160,82.044917,2026-08-31T21:42:57.924+00:00,2026-08-31T21:42:57.940+00:00,2026-08-31T21:42:57.944+00:00,2026-08-31T21:42:57.944+00:00,2026-08-31T21:42:57.975+00:00,2026-08-31T21:42:57.975+00:00,0.031011,0.03105130400217604,sqs-worker-5986dcd897-x8rdl,ip-192-168-20-201.ec2.internal,124909ed8ef31332c7a14bcc2d585bf3a4e5d0319dd6b68a8ec2435f69fe5d4b,1,4.0,35.0
1,keda-poisson-909-f137f3bf,000159,81.888301,2026-08-31T21:42:57.768+00:00,2026-08-31T21:42:57.786+00:00,2026-08-31T21:42:57.790+00:00,2026-08-31T21:42:57.790+00:00,2026-08-31T21:42:58.217+00:00,2026-08-31T21:42:58.217+00:00,0.18725,0.42699891699885484,sqs-worker-5986dcd897-7wtx4,ip-192-168-20-201.ec2.internal,df8fff52ba339eebfeadf7099f3ef39e71989c62c307c0a8f40e5b782dfed5a6,1,4.0,431.0
1,keda-poisson-909-f137f3bf,000161,83.202311,2026-08-31T21:42:59.082+00:00,2026-08-31T21:42:59.099+00:00,2026-08-31T21:42:59.105+00:00,2026-08-31T21:42:59.105+00:00,2026-08-31T21:42:59.142+00:00,2026-08-31T21:42:59.142+00:00,0.036633,0.03667848899931414,sqs-worker-5986dcd897-x8rdl,ip-192-168-20-201.ec2.internal,f6efbc16a2abafdc0b26703871174859ef34095dbd003ea09ec1a98a642cfc96,1,6.0,43.0
1,keda-poisson-909-f137f3bf,000164,85.442469,2026-08-31T21:43:01.322+00:00,2026-08-31T21:43:01.339+00:00,2026-08-31T21:43:01.343+00:00,2026-08-31T21:43:01.343+00:00,2026-08-31T21:43:01.441+00:00,2026-08-31T21:43:01.441+00:00,0.054544,0.0984553730013431,sqs-worker-5986dcd897-tr5pk,ip-192-168-20-201.ec2.internal,2991936ca7f9a28491f980ea364d27b18c5480cf013ca52766d558ed0f4e6f65,1,4.0,102.0
1,keda-poisson-909-f137f3bf,000163,84.51172,2026-08-31T21:43:00.391+00:00,2026-08-31T21:43:00.410+00:00,2026-08-31T21:43:00.415+00:00,2026-08-31T21:43:00.415+00:00,2026-08-31T21:43:01.699+00:00,2026-08-31T21:43:01.699+00:00,0.52336,1.2843397979995643,sqs-worker-5986dcd897-7wtx4,ip-192-168-20-201.ec2.internal,e1f0b32e8700ebaa6251577d74e4c8a3d09fe0a757227bfb920e765ba894528e,1,5.0,1289.0
1,keda-poisson-909-f137f3bf,000165,85.451038,2026-08-31T21:43:01.330+00:00,2026-08-31T21:43:01.350+00:00,2026-08-31T21:43:01.464+00:00,2026-08-31T21:43:01.464+00:00,2026-08-31T21:43:02.939+00:00,2026-08-31T21:43:02.939+00:00,0.489393,1.4749332669998694,sqs-worker-5986dcd897-tr5pk,ip-192-168-20-201.ec2.internal,740a0e1ed569ead988133e03266d8289d1bbcc45f17bfc32f2bbb9ccab4c6af4,1,114.0,1589.0
1,keda-poisson-909-f137f3bf,000162,83.932816,2026-08-31T21:42:59.813+00:00,2026-08-31T21:42:59.830+00:00,2026-08-31T21:42:59.837+00:00,2026-08-31T21:42:59.837+00:00,2026-08-31T21:43:02.906+00:00,2026-08-31T21:43:02.906+00:00,0.601453,3.069214210998325,sqs-worker-5986dcd897-x8rdl,ip-192-168-20-201.ec2.internal,de84c01cf0ab8e3ecf3d383b4bc70a49558901e8e5c144b65034cbce5b4da822,1,7.0,3076.0
1,keda-poisson-909-f137f3bf,000166,85.566119,2026-08-31T21:43:01.445+00:00,2026-08-31T21:43:01.467+00:00,2026-08-31T21:43:01.720+00:00,2026-08-31T21:43:01.720+00:00,2026-08-31T21:43:02.908+00:00,2026-08-31T21:43:02.908+00:00,0.369702,1.1882643870012544,sqs-worker-5986dcd897-7wtx4,ip-192-168-20-201.ec2.internal,76a2a9e5ff2bfb04dfb19d3aa20e242d0270e7a8044b68295a5cab805c92dc68,1,253.0,1441.0
1,keda-poisson-909-f137f3bf,000171,87.197108,2026-08-31T21:43:03.076+00:00,2026-08-31T21:43:03.095+00:00,2026-08-31T21:43:03.827+00:00,2026-08-31T21:43:03.827+00:00,2026-08-31T21:43:03.996+00:00,2026-08-31T21:43:03.996+00:00,0.064187,0.16880592300003627,sqs-worker-5986dcd897-x8rdl,ip-192-168-20-201.ec2.internal,0a8d7b83fe62e2f2f50cb918cc203577f38923fae8c04210c72910089acc6e5a,1,732.0,901.0
1,keda-poisson-909-f137f3bf,000167,85.683995,2026-08-31T21:43:01.563+00:00,2026-08-31T21:43:01.588+00:00,2026-08-31T21:43:02.993+00:00,2026-08-31T21:43:02.993+00:00,2026-08-31T21:43:03.505+00:00,2026-08-31T21:43:03.505+00:00,0.118041,0.5117782170018472,sqs-worker-5986dcd897-7wtx4,ip-192-168-20-201.ec2.internal,3b6df1bd19d765c10d31cdb9055d0543a62c36684e3c41ed8f7e73f364f76fd9,1,1405.0,1917.0
1,keda-poisson-909-f137f3bf,000170,87.144322,2026-08-31T21:43:03.024+00:00,2026-08-31T21:43:03.043+00:00,2026-08-31T21:43:03.623+00:00,2026-08-31T21:43:03.623+00:00,2026-08-31T21:43:04.703+00:00,2026-08-31T21:43:04.703+00:00,0.211865,1.080888510998193,sqs-worker-5986dcd897-7wtx4,ip-192-168-20-201.ec2.internal,276857f91c4313be2054f1bcce9c5e755e8affbcd01f04ea81d66f150d3efcbe,1,580.0,1660.0
1,keda-poisson-909-f137f3bf,000173,88.00981,2026-08-31T21:43:03.889+00:00,2026-08-31T21:43:03.911+00:00,2026-08-31T21:43:04.035+00:00,2026-08-31T21:43:04.035+00:00,2026-08-31T21:43:04.188+00:00,2026-08-31T21:43:04.188+00:00,0.06873,0.15288605900059338,sqs-worker-5986dcd897-x8rdl,ip-192-168-20-201.ec2.internal,3f20183a7c1af6f2682c1f19efa792ca5cfcf0b7a5b14378e99b3629952213e2,1,124.0,277.0
1,keda-poisson-909-f137f3bf,000172,87.302165,2026-08-31T21:43:03.181+00:00,2026-08-31T21:43:03.202+00:00,2026-08-31T21:43:04.227+00:00,2026-08-31T21:43:04.227+00:00,2026-08-31T21:43:04.395+00:00,2026-08-31T21:43:04.395+00:00,0.082082,0.1683847069980402,sqs-worker-5986dcd897-x8rdl,ip-192-168-20-201.ec2.internal,f7693ac73dd8474d4efd4dbbc24b3c8f6743058b8822c3bb1cd1375ca0b9a833,1,1025.0,1193.0
1,keda-poisson-909-f137f3bf,000168,85.951477,2026-08-31T21:43:01.831+00:00,2026-08-31T21:43:01.852+00:00,2026-08-31T21:43:02.983+00:00,2026-08-31T21:43:02.983+00:00,2026-08-31T21:43:03.803+00:00,2026-08-31T21:43:03.803+00:00,0.344885,0.8197201559996756,sqs-worker-5986dcd897-x8rdl,ip-192-168-20-201.ec2.internal,3f47761dde9f10a654d6fa271747e631aeec54f260df80545d01fd9046dbde2d,1,1131.0,1951.0
1,keda-poisson-909-f137f3bf,000174,88.249098,2026-08-31T21:43:04.128+00:00,2026-08-31T21:43:04.148+00:00,2026-08-31T21:43:04.436+00:00,2026-08-31T21:43:04.436+00:00,2026-08-31T21:43:04.584+00:00,2026-08-31T21:43:04.584+00:00,0.06324,0.14732846200058702,sqs-worker-5986dcd897-x8rdl,ip-192-168-20-201.ec2.internal,38518ef43085ccf425df5ebbc6a1b7029cad6ca6b4c49dd6c6c9fbd5b4c767af,1,288.0,436.0
1,keda-poisson-909-f137f3bf,000175,88.82419,2026-08-31T21:43:04.704+00:00,2026-08-31T21:43:04.723+00:00,2026-08-31T21:43:04.728+00:00,2026-08-31T21:43:04.728+00:00,2026-08-31T21:43:04.800+00:00,2026-08-31T21:43:04.800+00:00,0.062067,0.07141799400051241,sqs-worker-5986dcd897-x8rdl,ip-192-168-20-201.ec2.internal,880b6cc5c93846f9a6ba8cd9bdbc6cfdabd7311242c547a024b55fe9d00a6df3,1,5.0,77.0
1,keda-poisson-909-f137f3bf,000169,86.202984,2026-08-31T21:43:02.082+00:00,2026-08-31T21:43:02.108+00:00,2026-08-31T21:43:03.039+00:00,2026-08-31T21:43:03.039+00:00,2026-08-31T21:43:05.248+00:00,2026-08-31T21:43:05.248+00:00,0.447633,2.20865569000307,sqs-worker-5986dcd897-tr5pk,ip-192-168-20-201.ec2.internal,3cebf25492e2a8bfa0709765a097dee382c11839159e7770a7e93f44c4b127f1,1,931.0,3140.0
1,keda-poisson-909-f137f3bf,000177,89.182104,2026-08-31T21:43:05.061+00:00,2026-08-31T21:43:05.079+00:00,2026-08-31T21:43:05.084+00:00,2026-08-31T21:43:05.084+00:00,2026-08-31T21:43:05.913+00:00,2026-08-31T21:43:05.913+00:00,0.349946,0.8288808329998574,sqs-worker-5986dcd897-x8rdl,ip-192-168-20-201.ec2.internal,c3433869f33f44692285aacce600e544bfcf1081589d27c9ef00ebd24d60daa2,1,5.0,834.0
1,keda-poisson-909-f137f3bf,000178,89.789832,2026-08-31T21:43:05.669+00:00,2026-08-31T21:43:05.689+00:00,2026-08-31T21:43:05.693+00:00,2026-08-31T21:43:05.693+00:00,2026-08-31T21:43:05.819+00:00,2026-08-31T21:43:05.819+00:00,0.062286,0.12662089800141985,sqs-worker-5986dcd897-tr5pk,ip-192-168-20-201.ec2.internal,48fbbf8f184126343304f14b90a24e60b0f88afa7056efb0e843230022ac9890,1,4.0,130.0
1,keda-poisson-909-f137f3bf,000176,89.172598,2026-08-31T21:43:05.052+00:00,2026-08-31T21:43:05.071+00:00,2026-08-31T21:43:05.097+00:00,2026-08-31T21:43:05.097+00:00,2026-08-31T21:43:05.333+00:00,2026-08-31T21:43:05.333+00:00,0.055793,0.23601145700013149,sqs-worker-5986dcd897-7wtx4,ip-192-168-20-201.ec2.internal,5e763c519b5754c3297f33098855fa35148b904affa9f63787bda902f798ad1b,1,26.0,262.0
1,keda-poisson-909-f137f3bf,000179,89.79529,2026-08-31T21:43:05.674+00:00,2026-08-31T21:43:05.696+00:00,2026-08-31T21:43:05.701+00:00,2026-08-31T21:43:05.701+00:00,2026-08-31T21:43:05.803+00:00,2026-08-31T21:43:05.803+00:00,0.047618,0.1024530130016501,sqs-worker-5986dcd897-7wtx4,ip-192-168-20-201.ec2.internal,87aadd50589442a4c99b7962546e4fc9e430a7b3cc5ac63a5b5211527f2eb1a2,1,5.0,107.0
1,keda-poisson-909-f137f3bf,000180,90.350306,2026-08-31T21:43:06.230+00:00,2026-08-31T21:43:06.253+00:00,2026-08-31T21:43:06.256+00:00,2026-08-31T21:43:06.256+00:00,2026-08-31T21:43:06.261+00:00,2026-08-31T21:43:06.261+00:00,0.005,0.005042126998887397,sqs-worker-5986dcd897-7wtx4,ip-192-168-20-201.ec2.internal,fadf79b1e570f4fc63e30993dddd9c3bdb0345c7d8930752e5bc94b938c4e2bb,1,3.0,8.0
1,keda-poisson-909-f137f3bf,000182,91.3258,2026-08-31T21:43:07.205+00:00,2026-08-31T21:43:07.226+00:00,2026-08-31T21:43:07.229+00:00,2026-08-31T21:43:07.229+00:00,2026-08-31T21:43:07.321+00:00,2026-08-31T21:43:07.321+00:00,0.07034,0.09120726800028933,sqs-worker-5986dcd897-7wtx4,ip-192-168-20-201.ec2.internal,bf205c5f3b8e9debc9fea23e6e9b039ad4f7a2140444893c1d31cf6bbf14a458,1,3.0,95.0
1,keda-poisson-909-f137f3bf,000183,91.593641,2026-08-31T21:43:07.473+00:00,2026-08-31T21:43:07.491+00:00,2026-08-31T21:43:07.497+00:00,2026-08-31T21:43:07.497+00:00,2026-08-31T21:43:07.510+00:00,2026-08-31T21:43:07.510+00:00,0.012636,0.012679666000622092,sqs-worker-5986dcd897-x8rdl,ip-192-168-20-201.ec2.internal,8d58c0b1c45cdb041158efe44f8ffb0158d33d555d6fa8035815bc174c091adf,1,6.0,19.0
1,keda-poisson-909-f137f3bf,000181,90.610139,2026-08-31T21:43:06.489+00:00,2026-08-31T21:43:06.510+00:00,2026-08-31T21:43:06.517+00:00,2026-08-31T21:43:06.517+00:00,2026-08-31T21:43:08.231+00:00,2026-08-31T21:43:08.231+00:00,0.689771,1.7135047680021671,sqs-worker-5986dcd897-tr5pk,ip-192-168-20-201.ec2.internal,ac0fe1f53980d73797b16f421d535c6e50293e307f27b07fd9cb740c77be3ab9,1,7.0,1721.0
1,keda-poisson-909-f137f3bf,000184,93.666971,2026-08-31T21:43:09.548+00:00,2026-08-31T21:43:09.569+00:00,2026-08-31T21:43:09.572+00:00,2026-08-31T21:43:09.572+00:00,2026-08-31T21:43:10.212+00:00,2026-08-31T21:43:10.212+00:00,0.278083,0.6401846000007936,sqs-worker-5986dcd897-7wtx4,ip-192-168-20-201.ec2.internal,b1b0a1dc67dbe065dceecf90d0de9180fa49188d9aff6e662039e1b17dbf6681,1,3.0,643.0
1,keda-poisson-909-f137f3bf,000185,94.796809,2026-08-31T21:43:10.677+00:00,2026-08-31T21:43:10.695+00:00,2026-08-31T21:43:10.699+00:00,2026-08-31T21:43:10.699+00:00,2026-08-31T21:43:10.722+00:00,2026-08-31T21:43:10.722+00:00,0.02209,0.022308863000944257,sqs-worker-5986dcd897-7wtx4,ip-192-168-20-201.ec2.internal,f84d1e7092e439bd34c4c79380284b9b66c5c81f2c933371c6770589b90cda26,1,4.0,27.0
1,keda-poisson-909-f137f3bf,000186,95.441829,2026-08-31T21:43:11.321+00:00,2026-08-31T21:43:11.341+00:00,2026-08-31T21:43:11.345+00:00,2026-08-31T21:43:11.345+00:00,2026-08-31T21:43:11.352+00:00,2026-08-31T21:43:11.352+00:00,0.006959,0.007002646998444106,sqs-worker-5986dcd897-7wtx4,ip-192-168-20-201.ec2.internal,cc52dd02e25fd757ecd41dc7196e63c5dc7d1a08829d0b0989f064f1b94e669c,1,4.0,11.0
1,keda-poisson-909-f137f3bf,000187,96.245181,2026-08-31T21:43:12.125+00:00,2026-08-31T21:43:12.145+00:00,2026-08-31T21:43:12.149+00:00,2026-08-31T21:43:12.149+00:00,2026-08-31T21:43:12.581+00:00,2026-08-31T21:43:12.581+00:00,0.139439,0.4321250510001846,sqs-worker-5986dcd897-7wtx4,ip-192-168-20-201.ec2.internal,4139e76ac9b61165c7c6eec08cf0751106975f88ca0158520683b1f52554db06,1,4.0,436.0
1,keda-poisson-909-f137f3bf,000188,97.752115,2026-08-31T21:43:13.632+00:00,2026-08-31T21:43:13.651+00:00,2026-08-31T21:43:13.657+00:00,2026-08-31T21:43:13.657+00:00,2026-08-31T21:43:14.632+00:00,2026-08-31T21:43:14.632+00:00,0.41854,0.9748765650001587,sqs-worker-5986dcd897-tr5pk,ip-192-168-20-201.ec2.internal,5a70c4ba84f824b2b9d867b44f3d18512ee3c5641d84f7a57f5a5159a41c7255,1,6.0,981.0
1,keda-poisson-909-f137f3bf,000189,98.562453,2026-08-31T21:43:14.442+00:00,2026-08-31T21:43:14.461+00:00,2026-08-31T21:43:14.464+00:00,2026-08-31T21:43:14.465+00:00,2026-08-31T21:43:14.684+00:00,2026-08-31T21:43:14.684+00:00,0.100059,0.2198532479997084,sqs-worker-5986dcd897-x8rdl,ip-192-168-20-201.ec2.internal,82f930eadfb785820164019e277b56c14c00c7669a8d05aafc6c47a3a02ffdf9,1,3.0,223.0
1,keda-poisson-909-f137f3bf,000190,98.742865,2026-08-31T21:43:14.622+00:00,2026-08-31T21:43:14.645+00:00,2026-08-31T21:43:14.649+00:00,2026-08-31T21:43:14.649+00:00,2026-08-31T21:43:14.791+00:00,2026-08-31T21:43:14.791+00:00,0.084328,0.1414529549983854,sqs-worker-5986dcd897-7wtx4,ip-192-168-20-201.ec2.internal,5ac9e08066b4fe7f19029e2af3e3914e8df9276a1eba223b7d062f02e44a46d4,1,4.0,146.0
1,keda-poisson-909-f137f3bf,000191,99.704374,2026-08-31T21:43:15.584+00:00,2026-08-31T21:43:15.603+00:00,2026-08-31T21:43:15.608+00:00,2026-08-31T21:43:15.609+00:00,2026-08-31T21:43:15.717+00:00,2026-08-31T21:43:15.717+00:00,0.074056,0.10826356899997336,sqs-worker-5986dcd897-x8rdl,ip-192-168-20-201.ec2.internal,83d670ad7bf53f0c122e1222b19a2acd9d8a52d43f598578eec85929e1fedd1d,1,5.0,114.0
1,keda-poisson-909-f137f3bf,000194,100.03617,2026-08-31T21:43:15.915+00:00,2026-08-31T21:43:15.934+00:00,2026-08-31T21:43:15.964+00:00,2026-08-31T21:43:15.964+00:00,2026-08-31T21:43:16.035+00:00,2026-08-31T21:43:16.035+00:00,0.054476,0.07087848599985591,sqs-worker-5986dcd897-tr5pk,ip-192-168-20-201.ec2.internal,f9e86ac38b7fd1f6b36e3813b0782c5e984e1af7604bbcaaf75342e729f169d1,1,30.0,101.0
1,keda-poisson-909-f137f3bf,000192,99.784176,2026-08-31T21:43:15.663+00:00,2026-08-31T21:43:15.683+00:00,2026-08-31T21:43:15.688+00:00,2026-08-31T21:43:15.688+00:00,2026-08-31T21:43:16.119+00:00,2026-08-31T21:43:16.119+00:00,0.188524,0.4309785199984617,sqs-worker-5986dcd897-7wtx4,ip-192-168-20-201.ec2.internal,6d163558f3eefdd409742e296cda2a2ba5cc21b3c517a7ded3aa7444fe12bcfb,1,5.0,436.0
1,keda-poisson-909-f137f3bf,000195,100.366549,2026-08-31T21:43:16.246+00:00,2026-08-31T21:43:16.266+00:00,2026-08-31T21:43:16.270+00:00,2026-08-31T21:43:16.270+00:00,2026-08-31T21:43:16.431+00:00,2026-08-31T21:43:16.431+00:00,0.090142,0.16102642699843273,sqs-worker-5986dcd897-tr5pk,ip-192-168-20-201.ec2.internal,67fc8e7584671ffca23b44ac383f95f6b92713cc2c1d2aa7c763ce0a71e76148,1,4.0,165.0
1,keda-poisson-909-f137f3bf,000196,100.664021,2026-08-31T21:43:16.544+00:00,2026-08-31T21:43:16.562+00:00,2026-08-31T21:43:16.566+00:00,2026-08-31T21:43:16.566+00:00,2026-08-31T21:43:16.654+00:00,2026-08-31T21:43:16.655+00:00,0.073839,0.08868511399850831,sqs-worker-5986dcd897-tr5pk,ip-192-168-20-201.ec2.internal,c890c73fd1b4419b7d5734c1a4058a3e0da827184bfb74430c65094f2465d1bb,1,4.0,92.0
1,keda-poisson-909-f137f3bf,000193,99.924788,2026-08-31T21:43:15.804+00:00,2026-08-31T21:43:15.869+00:00,2026-08-31T21:43:15.875+00:00,2026-08-31T21:43:15.875+00:00,2026-08-31T21:43:17.375+00:00,2026-08-31T21:43:17.375+00:00,0.59991,1.4997358479995455,sqs-worker-5986dcd897-x8rdl,ip-192-168-20-201.ec2.internal,dddb30b8c1b8bffdac433b24a0dafb5bcd47a486d385ece49367cfdd6a2022fb,1,6.0,1506.0
1,keda-poisson-909-f137f3bf,000197,102.034912,2026-08-31T21:43:17.915+00:00,2026-08-31T21:43:17.935+00:00,2026-08-31T21:43:17.939+00:00,2026-08-31T21:43:17.939+00:00,2026-08-31T21:43:18.221+00:00,2026-08-31T21:43:18.221+00:00,0.149933,0.2822739539988106,sqs-worker-5986dcd897-7wtx4,ip-192-168-20-201.ec2.internal,38cc6bd2d39cd07cb667b94bf498b11deecd7690b8b7c36c765d6cdbe867ff9c,1,4.0,286.0
1,keda-poisson-909-f137f3bf,000198,103.211335,2026-08-31T21:43:19.091+00:00,2026-08-31T21:43:19.112+00:00,2026-08-31T21:43:19.117+00:00,2026-08-31T21:43:19.117+00:00,2026-08-31T21:43:19.122+00:00,2026-08-31T21:43:19.122+00:00,0.005,0.0050561120006022975,sqs-worker-5986dcd897-tr5pk,ip-192-168-20-201.ec2.internal,3efe73d4d3dcfb632e49f312ce35466c3bb655d0abb6ec3b8aa12d8e956aac5f,1,5.0,10.0
1,keda-poisson-909-f137f3bf,000199,103.297721,2026-08-31T21:43:19.177+00:00,2026-08-31T21:43:19.198+00:00,2026-08-31T21:43:19.202+00:00,2026-08-31T21:43:19.202+00:00,2026-08-31T21:43:19.286+00:00,2026-08-31T21:43:19.286+00:00,0.043179,0.08388079600263154,sqs-worker-5986dcd897-x8rdl,ip-192-168-20-201.ec2.internal,d5a7002c7a6243616544a63dbf7b8347f8136d86021c1fbf5e57f393a25af660,1,4.0,88.0
1,keda-poisson-909-f137f3bf,000200,103.608826,2026-08-31T21:43:19.488+00:00,2026-08-31T21:43:19.507+00:00,2026-08-31T21:43:19.514+00:00,2026-08-31T21:43:19.514+00:00,2026-08-31T21:43:19.594+00:00,2026-08-31T21:43:19.594+00:00,0.044322,0.08079046200145967,sqs-worker-5986dcd897-7wtx4,ip-192-168-20-201.ec2.internal,976506a0609172ab98c90d543e9bb670bde7b02e3c8caa3991a4f989b766c99c,1,7.0,87.0
1,keda-poisson-909-f137f3bf,000202,105.812075,2026-08-31T21:43:21.689+00:00,2026-08-31T21:43:21.709+00:00,2026-08-31T21:43:21.713+00:00,2026-08-31T21:43:21.713+00:00,2026-08-31T21:43:21.731+00:00,2026-08-31T21:43:21.731+00:00,0.01762,0.01767713299705065,sqs-worker-5986dcd897-x8rdl,ip-192-168-20-201.ec2.internal,8ed5a68108f81735d00ef03ef7f58bc34e77e16f7f91f950818a14190db055d9,1,4.0,22.0
1,keda-poisson-909-f137f3bf,000201,105.394131,2026-08-31T21:43:21.273+00:00,2026-08-31T21:43:21.298+00:00,2026-08-31T21:43:21.302+00:00,2026-08-31T21:43:21.302+00:00,2026-08-31T21:43:21.926+00:00,2026-08-31T21:43:21.926+00:00,0.275528,0.6236401300011494,sqs-worker-5986dcd897-7wtx4,ip-192-168-20-201.ec2.internal,6093818a7cfe9a098d7365144b626db6338b693b6316e197b659634840cbf363,1,4.0,628.0
1,keda-poisson-909-f137f3bf,000203,106.203849,2026-08-31T21:43:22.081+00:00,2026-08-31T21:43:22.101+00:00,2026-08-31T21:43:22.105+00:00,2026-08-31T21:43:22.105+00:00,2026-08-31T21:43:22.532+00:00,2026-08-31T21:43:22.532+00:00,0.148232,0.4270686419986305,sqs-worker-5986dcd897-tr5pk,ip-192-168-20-201.ec2.internal,9abe463421e229f6c369fe40ac6445604de4c47ece314f1c5dafe9ba4485e4b7,1,4.0,431.0
1,keda-poisson-909-f137f3bf,000204,107.797063,2026-08-31T21:43:23.676+00:00,2026-08-31T21:43:23.698+00:00,2026-08-31T21:43:23.702+00:00,2026-08-31T21:43:23.703+00:00,2026-08-31T21:43:23.732+00:00,2026-08-31T21:43:23.732+00:00,0.029143,0.029295496999111492,sqs-worker-5986dcd897-7wtx4,ip-192-168-20-201.ec2.internal,468d5147f69a0638c296d2ed2433e480acd3f2de0ee8cd90c932ee55692766ee,1,4.0,34.0
1,keda-poisson-909-f137f3bf,000205,107.958985,2026-08-31T21:43:23.836+00:00,2026-08-31T21:43:23.856+00:00,2026-08-31T21:43:23.861+00:00,2026-08-31T21:43:23.861+00:00,2026-08-31T21:43:23.934+00:00,2026-08-31T21:43:23.934+00:00,0.056878,0.07314380900061224,sqs-worker-5986dcd897-tr5pk,ip-192-168-20-201.ec2.internal,aab2d4434e37d3f9f4140b2dfa3668787b4125cf199d3a332cf607bd9ca68f61,1,5.0,78.0
1,keda-poisson-909-f137f3bf,000207,108.855175,2026-08-31T21:43:24.733+00:00,2026-08-31T21:43:24.753+00:00,2026-08-31T21:43:24.757+00:00,2026-08-31T21:43:24.757+00:00,2026-08-31T21:43:24.801+00:00,2026-08-31T21:43:24.801+00:00,0.044406,0.044453178998082876,sqs-worker-5986dcd897-7wtx4,ip-192-168-20-201.ec2.internal,e902e48b39de7e3bd59b9f69c746570a32236d070a6161967b1b1c85dda20e17,1,4.0,48.0
1,keda-poisson-909-f137f3bf,000206,108.159169,2026-08-31T21:43:24.036+00:00,2026-08-31T21:43:24.055+00:00,2026-08-31T21:43:24.059+00:00,2026-08-31T21:43:24.059+00:00,2026-08-31T21:43:24.829+00:00,2026-08-31T21:43:24.829+00:00,0.33322,0.7704403800016735,sqs-worker-5986dcd897-tr5pk,ip-192-168-20-201.ec2.internal,27021ea0bd0f7fae69793f82fb8c80d049c3439320aec0bafefedbd7e361d84a,1,4.0,774.0
1,keda-poisson-909-f137f3bf,000209,109.570956,2026-08-31T21:43:25.448+00:00,2026-08-31T21:43:25.465+00:00,2026-08-31T21:43:25.476+00:00,2026-08-31T21:43:25.476+00:00,2026-08-31T21:43:25.513+00:00,2026-08-31T21:43:25.513+00:00,0.036621,0.03671777599811321,sqs-worker-5986dcd897-x8rdl,ip-192-168-20-201.ec2.internal,5735c931d136af533f4fa0d7eb9454e4ca7a463f1b0a9d2692cd1e822138e3fa,1,11.0,48.0
1,keda-poisson-909-f137f3bf,000208,109.423862,2026-08-31T21:43:25.301+00:00,2026-08-31T21:43:25.358+00:00,2026-08-31T21:43:25.382+00:00,2026-08-31T21:43:25.382+00:00,2026-08-31T21:43:25.550+00:00,2026-08-31T21:43:25.550+00:00,0.108874,0.16748807700059842,sqs-worker-5986dcd897-tr5pk,ip-192-168-20-201.ec2.internal,8a0f9a6aee83d668d70296e27bd7dfdd5ebed2702fa77c053c333c16c799c304,1,24.0,192.0
1,keda-poisson-909-f137f3bf,000210,109.9748,2026-08-31T21:43:25.852+00:00,2026-08-31T21:43:25.869+00:00,2026-08-31T21:43:25.873+00:00,2026-08-31T21:43:25.873+00:00,2026-08-31T21:43:25.911+00:00,2026-08-31T21:43:25.911+00:00,0.038172,0.03821707399765728,sqs-worker-5986dcd897-7wtx4,ip-192-168-20-201.ec2.internal,ad5968a49230e6fc1d2c01aec645a717c65efa52d037da40c8b185aadc87158d,1,4.0,42.0
1,keda-poisson-909-f137f3bf,000211,111.263763,2026-08-31T21:43:27.142+00:00,2026-08-31T21:43:27.165+00:00,2026-08-31T21:43:27.205+00:00,2026-08-31T21:43:27.205+00:00,2026-08-31T21:43:27.612+00:00,2026-08-31T21:43:27.612+00:00,0.181492,0.4069235819988535,sqs-worker-5986dcd897-7wtx4,ip-192-168-20-201.ec2.internal,90565acfca29752b79b1be1745545783d67d14ef5506f2ab49b50aeefa2372b5,1,40.0,447.0
1,keda-poisson-909-f137f3bf,000212,113.139669,2026-08-31T21:43:29.019+00:00,2026-08-31T21:43:29.039+00:00,2026-08-31T21:43:29.044+00:00,2026-08-31T21:43:29.044+00:00,2026-08-31T21:43:29.121+00:00,2026-08-31T21:43:29.121+00:00,0.040743,0.07727211000019452,sqs-worker-5986dcd897-tr5pk,ip-192-168-20-201.ec2.internal,8fdbbddbc6b1a9a6f7d52e951f0b86d17236f1eb461e39e38a83f4e2215e63a5,1,5.0,82.0
1,keda-poisson-909-f137f3bf,000213,113.319126,2026-08-31T21:43:29.196+00:00,2026-08-31T21:43:29.213+00:00,2026-08-31T21:43:29.218+00:00,2026-08-31T21:43:29.218+00:00,2026-08-31T21:43:29.254+00:00,2026-08-31T21:43:29.254+00:00,0.036403,0.036448629001824884,sqs-worker-5986dcd897-tr5pk,ip-192-168-20-201.ec2.internal,a4c10f897d08336a2a0425cc6d48ad3a3d905a3532a84a61202d55b276562999,1,5.0,41.0
1,keda-poisson-909-f137f3bf,000215,113.908921,2026-08-31T21:43:29.786+00:00,2026-08-31T21:43:29.810+00:00,2026-08-31T21:43:29.820+00:00,2026-08-31T21:43:29.820+00:00,2026-08-31T21:43:29.828+00:00,2026-08-31T21:43:29.828+00:00,0.007157,0.0073643439973238856,sqs-worker-5986dcd897-tr5pk,ip-192-168-20-201.ec2.internal,8c31a3665b74335e8febb5054a505a1bf8f6b35153e4fbb27ec3258681774a2f,1,10.0,18.0
1,keda-poisson-909-f137f3bf,000214,113.826899,2026-08-31T21:43:29.704+00:00,2026-08-31T21:43:29.729+00:00,2026-08-31T21:43:29.733+00:00,2026-08-31T21:43:29.733+00:00,2026-08-31T21:43:30.115+00:00,2026-08-31T21:43:30.115+00:00,0.184925,0.381765099002223,sqs-worker-5986dcd897-7wtx4,ip-192-168-20-201.ec2.internal,97e72c82e972155b78164d6f99e3c4f613214f163ee8bfd11b102c01b6f5b882,1,4.0,386.0
1,keda-poisson-909-f137f3bf,000216,114.435812,2026-08-31T21:43:30.314+00:00,2026-08-31T21:43:30.334+00:00,2026-08-31T21:43:30.340+00:00,2026-08-31T21:43:30.341+00:00,2026-08-31T21:43:31.344+00:00,2026-08-31T21:43:31.344+00:00,0.424288,1.0037436960010382,sqs-worker-5986dcd897-tr5pk,ip-192-168-20-201.ec2.internal,ae550da78033af242dab4dc2cb47ce8af216601bf68b620d6d93032eea037e6f,1,6.0,1010.0
1,keda-poisson-909-f137f3bf,000217,115.699014,2026-08-31T21:43:31.577+00:00,2026-08-31T21:43:31.596+00:00,2026-08-31T21:43:31.600+00:00,2026-08-31T21:43:31.601+00:00,2026-08-31T21:43:32.795+00:00,2026-08-31T21:43:32.795+00:00,0.372303,1.1948999199994432,sqs-worker-5986dcd897-7wtx4,ip-192-168-20-201.ec2.internal,b79b6068d1b8a7761bde90f430cf57f9e485f907c1a38349bb1ca1d3e19bb58f,1,4.0,1199.0
1,keda-poisson-909-f137f3bf,000218,117.923441,2026-08-31T21:43:33.803+00:00,2026-08-31T21:43:33.839+00:00,2026-08-31T21:43:33.897+00:00,2026-08-31T21:43:33.897+00:00,2026-08-31T21:43:34.230+00:00,2026-08-31T21:43:34.230+00:00,0.100672,0.3330938409999362,sqs-worker-5986dcd897-7wtx4,ip-192-168-20-201.ec2.internal,9a57f866984f63f92209a835a0f0f28cc95bf5ea4e40177bcf370be65c1462a6,1,58.0,391.0
1,keda-poisson-909-f137f3bf,000220,121.078773,2026-08-31T21:43:36.956+00:00,2026-08-31T21:43:36.973+00:00,2026-08-31T21:43:36.978+00:00,2026-08-31T21:43:36.978+00:00,2026-08-31T21:43:36.983+00:00,2026-08-31T21:43:36.983+00:00,0.005,0.005041111002356047,sqs-worker-5986dcd897-x8rdl,ip-192-168-20-201.ec2.internal,8bc27837647094cca3ea4f3e7ecb97d75975a11b966f192f3c18dbf3182c7096,1,5.0,10.0
1,keda-poisson-909-f137f3bf,000219,121.000871,2026-08-31T21:43:36.881+00:00,2026-08-31T21:43:36.900+00:00,2026-08-31T21:43:36.905+00:00,2026-08-31T21:43:36.905+00:00,2026-08-31T21:43:37.132+00:00,2026-08-31T21:43:37.132+00:00,0.108907,0.22699767100129975,sqs-worker-5986dcd897-tr5pk,ip-192-168-20-201.ec2.internal,0cc4bef88aaaa6ba7a8fb6c69d29e97ddd654667cb33e13b9a0897308fa98db1,1,5.0,232.0
1,keda-poisson-909-f137f3bf,000222,122.414358,2026-08-31T21:43:38.291+00:00,2026-08-31T21:43:38.309+00:00,2026-08-31T21:43:38.312+00:00,2026-08-31T21:43:38.312+00:00,2026-08-31T21:43:38.835+00:00,2026-08-31T21:43:38.835+00:00,0.217029,0.5223320259974571,sqs-worker-5986dcd897-tr5pk,ip-192-168-20-201.ec2.internal,4aaff6130bba0e9408bf075bc66f873da25e43f310bc6ba01879f7b66f32ab44,1,3.0,526.0
1,keda-poisson-909-f137f3bf,000223,122.540392,2026-08-31T21:43:38.417+00:00,2026-08-31T21:43:38.442+00:00,2026-08-31T21:43:38.446+00:00,2026-08-31T21:43:38.446+00:00,2026-08-31T21:43:39.100+00:00,2026-08-31T21:43:39.100+00:00,0.292121,0.6539223699983268,sqs-worker-5986dcd897-x8rdl,ip-192-168-20-201.ec2.internal,fcc3efba469e109094a9c7775a434698bc4f95b8fa4b769a580fed904060ca11,1,4.0,658.0
1,keda-poisson-909-f137f3bf,000225,122.747138,2026-08-31T21:43:38.624+00:00,2026-08-31T21:43:38.643+00:00,2026-08-31T21:43:38.943+00:00,2026-08-31T21:43:38.943+00:00,2026-08-31T21:43:38.969+00:00,2026-08-31T21:43:38.969+00:00,0.026475,0.026532873998803552,sqs-worker-5986dcd897-tr5pk,ip-192-168-20-201.ec2.internal,49d3895ba4725750eac52a416558dd23b121fa93111b57107bf93f3871b4902a,1,300.0,326.0
1,keda-poisson-909-f137f3bf,000224,122.585669,2026-08-31T21:43:38.463+00:00,2026-08-31T21:43:38.485+00:00,2026-08-31T21:43:38.851+00:00,2026-08-31T21:43:38.851+00:00,2026-08-31T21:43:38.915+00:00,2026-08-31T21:43:38.915+00:00,0.019554,0.06398552099926746,sqs-worker-5986dcd897-tr5pk,ip-192-168-20-201.ec2.internal,5124d2e3da8afd008703c949f5dc04031f1de6fca27d5a0e67a339cfe631a868,1,366.0,430.0
1,keda-poisson-909-f137f3bf,000221,122.401759,2026-08-31T21:43:38.280+00:00,2026-08-31T21:43:38.297+00:00,2026-08-31T21:43:38.301+00:00,2026-08-31T21:43:38.301+00:00,2026-08-31T21:43:39.704+00:00,2026-08-31T21:43:39.704+00:00,0.572183,1.4028367230021104,sqs-worker-5986dcd897-7wtx4,ip-192-168-20-201.ec2.internal,941184f8951dac743557a4a6b85ad16ea8d7a1ba323abc46fc2ed8b276836e5e,1,4.0,1407.0
1,keda-poisson-909-f137f3bf,000226,123.849159,2026-08-31T21:43:39.727+00:00,2026-08-31T21:43:40.297+00:00,2026-08-31T21:43:40.301+00:00,2026-08-31T21:43:40.301+00:00,2026-08-31T21:43:40.337+00:00,2026-08-31T21:43:40.337+00:00,0.035318,0.0357530900000711,sqs-worker-5986dcd897-tr5pk,ip-192-168-20-201.ec2.internal,6e3fded646ed7945dbe22a363533945959871b77f72bdfa5e631fe60cd5dc588,1,4.0,40.0
1,keda-poisson-909-f137f3bf,000227,125.997583,2026-08-31T21:43:41.877+00:00,2026-08-31T21:43:41.942+00:00,2026-08-31T21:43:41.946+00:00,2026-08-31T21:43:41.946+00:00,2026-08-31T21:43:42.093+00:00,2026-08-31T21:43:42.093+00:00,0.089188,0.14732876000198303,sqs-worker-5986dcd897-x8rdl,ip-192-168-20-201.ec2.internal,10b0bd6466b617d4a8f958e3961c09e68fb23aa09d36433834553ff1c146bd72,1,4.0,151.0
1,keda-poisson-909-f137f3bf,000228,126.039024,2026-08-31T21:43:41.916+00:00,2026-08-31T21:43:41.936+00:00,2026-08-31T21:43:41.940+00:00,2026-08-31T21:43:41.940+00:00,2026-08-31T21:43:42.322+00:00,2026-08-31T21:43:42.322+00:00,0.160908,0.3823742390013649,sqs-worker-5986dcd897-tr5pk,ip-192-168-20-201.ec2.internal,4e1752a197dc7fcfb75329546764c4e342a091ad645c79c74d3390c99cf5f4a2,1,4.0,386.0
1,keda-poisson-909-f137f3bf,000229,126.129766,2026-08-31T21:43:42.007+00:00,2026-08-31T21:43:42.574+00:00,2026-08-31T21:43:42.580+00:00,2026-08-31T21:43:42.580+00:00,2026-08-31T21:43:42.723+00:00,2026-08-31T21:43:42.723+00:00,0.025261,0.14385367800059612,sqs-worker-5986dcd897-tr5pk,ip-192-168-20-201.ec2.internal,4986398d372feb908804bc6fa390d16ffc63fc55437416417eb6c696fd577502,1,6.0,149.0
1,keda-poisson-909-f137f3bf,000231,126.793378,2026-08-31T21:43:42.671+00:00,2026-08-31T21:43:42.689+00:00,2026-08-31T21:43:42.697+00:00,2026-08-31T21:43:42.697+00:00,2026-08-31T21:43:42.895+00:00,2026-08-31T21:43:42.895+00:00,0.093536,0.19886856300217914,sqs-worker-5986dcd897-x8rdl,ip-192-168-20-201.ec2.internal,81a8a0ae0033d921601205f65584c7c49d84f7b9d2fa3607444ab076bcf36b1d,1,8.0,206.0
1,keda-poisson-909-f137f3bf,000230,126.295807,2026-08-31T21:43:42.174+00:00,2026-08-31T21:43:42.198+00:00,2026-08-31T21:43:42.201+00:00,2026-08-31T21:43:42.201+00:00,2026-08-31T21:43:42.908+00:00,2026-08-31T21:43:42.908+00:00,0.171299,0.7062245320012153,sqs-worker-5986dcd897-7wtx4,ip-192-168-20-201.ec2.internal,3b644b7ec77a498d670360ee787df64e75b00fbbded728a741920e836923e114,1,3.0,710.0
1,keda-poisson-909-f137f3bf,000235,127.246004,2026-08-31T21:43:43.123+00:00,2026-08-31T21:43:43.142+00:00,2026-08-31T21:43:43.146+00:00,2026-08-31T21:43:43.146+00:00,2026-08-31T21:43:43.282+00:00,2026-08-31T21:43:43.282+00:00,0.015589,0.13602045700099552,sqs-worker-5986dcd897-7wtx4,ip-192-168-20-201.ec2.internal,b3313b312a469a99525e47e9b163e74e19d2cd6f5aeb8cb9f5114698837a1d22,1,4.0,140.0
1,keda-poisson-909-f137f3bf,000234,127.030691,2026-08-31T21:43:42.908+00:00,2026-08-31T21:43:42.928+00:00,2026-08-31T21:43:42.947+00:00,2026-08-31T21:43:42.947+00:00,2026-08-31T21:43:43.532+00:00,2026-08-31T21:43:43.532+00:00,0.26111,0.5854109799984144,sqs-worker-5986dcd897-x8rdl,ip-192-168-20-201.ec2.internal,08e85fc20ec1d35e244d8a7626371ef5b7d835e8ba5fc18cb819886af5425f42,1,19.0,604.0
1,keda-poisson-909-f137f3bf,000232,126.822981,2026-08-31T21:43:42.700+00:00,2026-08-31T21:43:43.248+00:00,2026-08-31T21:43:43.600+00:00,2026-08-31T21:43:43.600+00:00,2026-08-31T21:43:43.727+00:00,2026-08-31T21:43:43.727+00:00,0.062337,0.12764397200226085,sqs-worker-5986dcd897-x8rdl,ip-192-168-20-201.ec2.internal,0dafbac6221aa24a30c4adcd5e8f388ea4eae7ce295ae4a23a9307fb63a7dfe4,1,352.0,479.0
1,keda-poisson-909-f137f3bf,000236,127.390872,2026-08-31T21:43:43.268+00:00,2026-08-31T21:43:43.291+00:00,2026-08-31T21:43:43.313+00:00,2026-08-31T21:43:43.314+00:00,2026-08-31T21:43:43.995+00:00,2026-08-31T21:43:43.995+00:00,0.13896,0.6812053220019152,sqs-worker-5986dcd897-7wtx4,ip-192-168-20-201.ec2.internal,72f2fadd14f4833b9e85f23afebd34b1844023b4a7ace827d0c71759e88d7d99,1,22.0,704.0
1,keda-poisson-909-f137f3bf,000233,126.910752,2026-08-31T21:43:42.788+00:00,2026-08-31T21:43:42.811+00:00,2026-08-31T21:43:42.827+00:00,2026-08-31T21:43:42.827+00:00,2026-08-31T21:43:43.928+00:00,2026-08-31T21:43:43.929+00:00,0.23004,1.1019211579987314,sqs-worker-5986dcd897-tr5pk,ip-192-168-20-201.ec2.internal,536ad31c4d5ba5f2e1e730bea9f228591ea5af6ef3f13a3cf714e02044367dc4,1,16.0,1117.0
1,keda-poisson-909-f137f3bf,000238,128.047353,2026-08-31T21:43:43.925+00:00,2026-08-31T21:43:43.944+00:00,2026-08-31T21:43:43.976+00:00,2026-08-31T21:43:43.976+00:00,2026-08-31T21:43:45.429+00:00,2026-08-31T21:43:45.429+00:00,0.271304,1.453362616000959,sqs-worker-5986dcd897-tr5pk,ip-192-168-20-201.ec2.internal,d0bfba82de1ef2a3a325b304916c2fbf033ba764d49240d6a32c8e0dbacd5099,1,32.0,1485.0
1,keda-poisson-909-f137f3bf,000240,129.518631,2026-08-31T21:43:45.396+00:00,2026-08-31T21:43:45.413+00:00,2026-08-31T21:43:45.455+00:00,2026-08-31T21:43:45.455+00:00,2026-08-31T21:43:45.483+00:00,2026-08-31T21:43:45.483+00:00,0.027732,0.02778216600199812,sqs-worker-5986dcd897-tr5pk,ip-192-168-20-201.ec2.internal,9c5825bb682523a1da8244dc9eb9770d7de2e9116aede699a6996e5ff6f5b3c6,1,42.0,70.0
1,keda-poisson-909-f137f3bf,000239,129.388037,2026-08-31T21:43:45.266+00:00,2026-08-31T21:43:45.289+00:00,2026-08-31T21:43:45.294+00:00,2026-08-31T21:43:45.294+00:00,2026-08-31T21:43:45.496+00:00,2026-08-31T21:43:45.496+00:00,0.083648,0.2022384170013538,sqs-worker-5986dcd897-7wtx4,ip-192-168-20-201.ec2.internal,9770f60f535ab41b1a9ce03ca0627df6225daa6457e8576c1d23e8d4af6124ba,1,5.0,207.0
1,keda-poisson-909-f137f3bf,000237,127.453879,2026-08-31T21:43:43.331+00:00,2026-08-31T21:43:43.356+00:00,2026-08-31T21:43:43.772+00:00,2026-08-31T21:43:43.772+00:00,2026-08-31T21:43:45.923+00:00,2026-08-31T21:43:45.923+00:00,0.880663,2.1503059630013013,sqs-worker-5986dcd897-x8rdl,ip-192-168-20-201.ec2.internal,27790d59022f66edbd6308d92f341dc95ac0bf967c575901dfc80a61558dd777,1,416.0,2567.0
1,keda-poisson-909-f137f3bf,000241,129.865044,2026-08-31T21:43:45.742+00:00,2026-08-31T21:43:45.764+00:00,2026-08-31T21:43:45.774+00:00,2026-08-31T21:43:45.774+00:00,2026-08-31T21:43:46.112+00:00,2026-08-31T21:43:46.112+00:00,0.159292,0.33751233499788214,sqs-worker-5986dcd897-tr5pk,ip-192-168-20-201.ec2.internal,f7b7d07be008b50ce8756b430d8a8b2f2ff3ac8628b9f2a145ab93a5b3075cac,1,10.0,348.0
1,keda-poisson-909-f137f3bf,000244,130.827544,2026-08-31T21:43:46.705+00:00,2026-08-31T21:43:46.725+00:00,2026-08-31T21:43:46.730+00:00,2026-08-31T21:43:46.730+00:00,2026-08-31T21:43:47.000+00:00,2026-08-31T21:43:47.000+00:00,0.129403,0.2695088599975861,sqs-worker-5986dcd897-7wtx4,ip-192-168-20-201.ec2.internal,b53d9b66b3de49d6a3ba020dbd757860d002d7a775d84f44c320ff061c7d87e0,1,5.0,275.0
1,keda-poisson-909-f137f3bf,000242,129.926408,2026-08-31T21:43:45.803+00:00,2026-08-31T21:43:45.822+00:00,2026-08-31T21:43:45.829+00:00,2026-08-31T21:43:45.829+00:00,2026-08-31T21:43:45.898+00:00,2026-08-31T21:43:45.898+00:00,0.04125,0.06830620899927453,sqs-worker-5986dcd897-7wtx4,ip-192-168-20-201.ec2.internal,3dccb6251d89f0af543c5d2ee7c8b0aea6b203f2512990135f7cb002498173ad,1,7.0,76.0
1,keda-poisson-909-f137f3bf,000243,130.181974,2026-08-31T21:43:46.059+00:00,2026-08-31T21:43:46.078+00:00,2026-08-31T21:43:46.084+00:00,2026-08-31T21:43:46.084+00:00,2026-08-31T21:43:46.283+00:00,2026-08-31T21:43:46.283+00:00,0.086438,0.19891201700011152,sqs-worker-5986dcd897-7wtx4,ip-192-168-20-201.ec2.internal,57857f123287544ed6f12bc007c9a6e3082dbbb67d9c85b352f7a425c85a1332,1,6.0,205.0
1,keda-poisson-909-f137f3bf,000245,131.696921,2026-08-31T21:43:47.575+00:00,2026-08-31T21:43:47.591+00:00,2026-08-31T21:43:47.598+00:00,2026-08-31T21:43:47.598+00:00,2026-08-31T21:43:47.615+00:00,2026-08-31T21:43:47.615+00:00,0.017097,0.017137984999862965,sqs-worker-5986dcd897-7wtx4,ip-192-168-20-201.ec2.internal,a39edfcf4acbff8a0e2d6bbb9a5b509ab80d93f87e47cd14e372618a8e9917d3,1,7.0,24.0
1,keda-poisson-909-f137f3bf,000246,133.038132,2026-08-31T21:43:48.917+00:00,2026-08-31T21:43:48.936+00:00,2026-08-31T21:43:48.941+00:00,2026-08-31T21:43:48.941+00:00,2026-08-31T21:43:49.139+00:00,2026-08-31T21:43:49.139+00:00,0.098631,0.1979365869992762,sqs-worker-5986dcd897-tr5pk,ip-192-168-20-201.ec2.internal,25a65c117f7188e82aaf0e929e36f69cc7493f6247f418107e8dfc16566383d2,1,5.0,203.0
1,keda-poisson-909-f137f3bf,000248,133.292757,2026-08-31T21:43:49.170+00:00,2026-08-31T21:43:49.185+00:00,2026-08-31T21:43:49.191+00:00,2026-08-31T21:43:49.191+00:00,2026-08-31T21:43:49.234+00:00,2026-08-31T21:43:49.234+00:00,0.028878,0.043408717996499036,sqs-worker-5986dcd897-tr5pk,ip-192-168-20-201.ec2.internal,14d73eb19c4f74708dd4d0fa08889db3653e918e535a1f6172c4e9367b2be93a,1,6.0,49.0
1,keda-poisson-909-f137f3bf,000247,133.124855,2026-08-31T21:43:49.002+00:00,2026-08-31T21:43:49.017+00:00,2026-08-31T21:43:49.020+00:00,2026-08-31T21:43:49.020+00:00,2026-08-31T21:43:49.586+00:00,2026-08-31T21:43:49.586+00:00,0.242561,0.5659630879999895,sqs-worker-5986dcd897-x8rdl,ip-192-168-20-201.ec2.internal,52ce6df14684d30aa422d2d28eb67b9834f402f95eef738be2deae81f041006b,1,3.0,569.0
1,keda-poisson-909-f137f3bf,000250,134.097896,2026-08-31T21:43:49.975+00:00,2026-08-31T21:43:49.992+00:00,2026-08-31T21:43:49.996+00:00,2026-08-31T21:43:49.996+00:00,2026-08-31T21:43:50.385+00:00,2026-08-31T21:43:50.385+00:00,0.067107,0.38949011500153574,sqs-worker-5986dcd897-x8rdl,ip-192-168-20-201.ec2.internal,9399390b50606891cdd57218fb2c4d74a5926b1eab1b24ea00514a9220df7d79,1,4.0,393.0
1,keda-poisson-909-f137f3bf,000252,134.614343,2026-08-31T21:43:50.492+00:00,2026-08-31T21:43:50.514+00:00,2026-08-31T21:43:50.518+00:00,2026-08-31T21:43:50.518+00:00,2026-08-31T21:43:50.566+00:00,2026-08-31T21:43:50.566+00:00,0.037801,0.04837237500032643,sqs-worker-5986dcd897-7wtx4,ip-192-168-20-201.ec2.internal,9ea7c5a0971fc9661c20faff72b117b92d544eefec7882ba91c73fef1bd2c057,1,4.0,52.0
1,keda-poisson-909-f137f3bf,000249,133.615669,2026-08-31T21:43:49.493+00:00,2026-08-31T21:43:49.511+00:00,2026-08-31T21:43:49.516+00:00,2026-08-31T21:43:49.516+00:00,2026-08-31T21:43:50.422+00:00,2026-08-31T21:43:50.422+00:00,0.384505,0.9063217740003893,sqs-worker-5986dcd897-7wtx4,ip-192-168-20-201.ec2.internal,5644a23c45de3f21efdf47d8df59947e2bf90250f2ec7a82b9ae4e9e78b839af,1,5.0,911.0
1,keda-poisson-909-f137f3bf,000254,135.082015,2026-08-31T21:43:50.959+00:00,2026-08-31T21:43:50.983+00:00,2026-08-31T21:43:50.988+00:00,2026-08-31T21:43:50.988+00:00,2026-08-31T21:43:51.191+00:00,2026-08-31T21:43:51.191+00:00,0.050711,0.20299884999985807,sqs-worker-5986dcd897-x8rdl,ip-192-168-20-201.ec2.internal,288357400d4b82219edcad1d02f992194a83e1c669dadc73e3ed7b4326b4ee32,1,5.0,208.0
1,keda-poisson-909-f137f3bf,000253,134.811636,2026-08-31T21:43:50.689+00:00,2026-08-31T21:43:50.708+00:00,2026-08-31T21:43:50.713+00:00,2026-08-31T21:43:50.713+00:00,2026-08-31T21:43:51.698+00:00,2026-08-31T21:43:51.698+00:00,0.40185,0.9848976739995123,sqs-worker-5986dcd897-7wtx4,ip-192-168-20-201.ec2.internal,20c75d10594e6485d2f12732782f7abe31fbed855b915322aab89513803e5f69,1,5.0,990.0
1,keda-poisson-909-f137f3bf,000255,135.620078,2026-08-31T21:43:51.496+00:00,2026-08-31T21:43:51.516+00:00,2026-08-31T21:43:51.575+00:00,2026-08-31T21:43:51.575+00:00,2026-08-31T21:43:52.285+00:00,2026-08-31T21:43:52.285+00:00,0.24689,0.7107785039988812,sqs-worker-5986dcd897-x8rdl,ip-192-168-20-201.ec2.internal,8331709d18fc263f6fa87993ca981d708d7bd4520dc110c00fb7bc9ff77f15cc,1,59.0,769.0
1,keda-poisson-909-f137f3bf,000251,134.612643,2026-08-31T21:43:50.490+00:00,2026-08-31T21:43:50.511+00:00,2026-08-31T21:43:50.516+00:00,2026-08-31T21:43:50.516+00:00,2026-08-31T21:43:50.762+00:00,2026-08-31T21:43:50.762+00:00,0.115587,0.24558080600036192,sqs-worker-5986dcd897-tr5pk,ip-192-168-20-201.ec2.internal,8a168536f275a370246bb40976db7c4461c4da4d41e3d15067e809d31616bc05,1,5.0,251.0
1,keda-poisson-909-f137f3bf,000256,135.907572,2026-08-31T21:43:51.784+00:00,2026-08-31T21:43:51.805+00:00,2026-08-31T21:43:51.816+00:00,2026-08-31T21:43:51.816+00:00,2026-08-31T21:43:52.123+00:00,2026-08-31T21:43:52.123+00:00,0.153202,0.30698280700016767,sqs-worker-5986dcd897-7wtx4,ip-192-168-20-201.ec2.internal,e0d52a2ebecbbdcb2081c236a543ada9483d40953024aa533aa22943af805564,1,11.0,318.0
1,keda-poisson-909-f137f3bf,000258,136.437723,2026-08-31T21:43:52.314+00:00,2026-08-31T21:43:52.340+00:00,2026-08-31T21:43:52.343+00:00,2026-08-31T21:43:52.343+00:00,2026-08-31T21:43:52.574+00:00,2026-08-31T21:43:52.574+00:00,0.109133,0.23126950599908014,sqs-worker-5986dcd897-x8rdl,ip-192-168-20-201.ec2.internal,cf86734201f7eeaada01f3fc0be6419b98c9e1bf2d168776b8399009383d73f1,1,3.0,234.0
1,keda-poisson-909-f137f3bf,000259,137.329857,2026-08-31T21:43:53.206+00:00,2026-08-31T21:43:53.226+00:00,2026-08-31T21:43:53.230+00:00,2026-08-31T21:43:53.231+00:00,2026-08-31T21:43:54.024+00:00,2026-08-31T21:43:54.024+00:00,0.345393,0.7938661349980976,sqs-worker-5986dcd897-x8rdl,ip-192-168-20-201.ec2.internal,0e241d7c2dbfbd6f104094a828ad7e051f6c96fe5424ec4fcb36ceb639397d08,1,4.0,798.0
1,keda-poisson-909-f137f3bf,000260,138.641248,2026-08-31T21:43:54.518+00:00,2026-08-31T21:43:54.538+00:00,2026-08-31T21:43:54.542+00:00,2026-08-31T21:43:54.542+00:00,2026-08-31T21:43:54.558+00:00,2026-08-31T21:43:54.558+00:00,0.015368,0.015475741001864662,sqs-worker-5986dcd897-x8rdl,ip-192-168-20-201.ec2.internal,567b1f8ddbac06f807b59ee2cb33d10aa112349504f3d8bc08b962fe3d179f93,1,4.0,20.0
1,keda-poisson-909-f137f3bf,000257,136.081707,2026-08-31T21:43:51.958+00:00,2026-08-31T21:43:51.978+00:00,2026-08-31T21:43:52.214+00:00,2026-08-31T21:43:52.214+00:00,2026-08-31T21:43:54.696+00:00,2026-08-31T21:43:54.696+00:00,0.538519,2.4823382739996305,sqs-worker-5986dcd897-7wtx4,ip-192-168-20-201.ec2.internal,4fdc35151a460360d59ed3fd6a35a4cdd4d2514129bea6311010d8dab55e17c8,1,236.0,2718.0
1,keda-poisson-909-f137f3bf,000261,139.015015,2026-08-31T21:43:54.891+00:00,2026-08-31T21:43:54.923+00:00,2026-08-31T21:43:54.931+00:00,2026-08-31T21:43:54.931+00:00,2026-08-31T21:43:54.972+00:00,2026-08-31T21:43:54.972+00:00,0.040609,0.040718943000683794,sqs-worker-5986dcd897-x8rdl,ip-192-168-20-201.ec2.internal,86e0bc5de1743e87fda9efedb0bfcc39757973fc3aea151fea69db2fa9d9d7a6,1,8.0,49.0
1,keda-poisson-909-f137f3bf,000262,140.469525,2026-08-31T21:43:56.346+00:00,2026-08-31T21:43:56.366+00:00,2026-08-31T21:43:56.371+00:00,2026-08-31T21:43:56.371+00:00,2026-08-31T21:43:56.405+00:00,2026-08-31T21:43:56.405+00:00,0.033066,0.03315282099720207,sqs-worker-5986dcd897-x8rdl,ip-192-168-20-201.ec2.internal,64b051e04d8330413b85ab5146c18a6cdba43bc3c9332b598f779a6ed2a15615,1,5.0,39.0
1,keda-poisson-909-f137f3bf,000263,140.618028,2026-08-31T21:43:56.494+00:00,2026-08-31T21:43:56.516+00:00,2026-08-31T21:43:56.520+00:00,2026-08-31T21:43:56.520+00:00,2026-08-31T21:43:57.001+00:00,2026-08-31T21:43:57.001+00:00,0.217954,0.48087076600131695,sqs-worker-5986dcd897-x8rdl,ip-192-168-20-201.ec2.internal,401276330287bfec51ce38fcf18e91c6396715b599e789da94727e926214674b,1,4.0,485.0
1,keda-poisson-909-f137f3bf,000264,141.449786,2026-08-31T21:43:57.326+00:00,2026-08-31T21:43:57.349+00:00,2026-08-31T21:43:57.354+00:00,2026-08-31T21:43:57.354+00:00,2026-08-31T21:43:57.383+00:00,2026-08-31T21:43:57.383+00:00,0.028381,0.028427051001926884,sqs-worker-5986dcd897-7wtx4,ip-192-168-20-201.ec2.internal,3dee4348c6e1fbe702826195a1b47591853a062ef19dedf021f61ed2164049a7,1,5.0,34.0
1,keda-poisson-909-f137f3bf,000265,142.132344,2026-08-31T21:43:58.009+00:00,2026-08-31T21:43:58.028+00:00,2026-08-31T21:43:58.032+00:00,2026-08-31T21:43:58.032+00:00,2026-08-31T21:43:58.107+00:00,2026-08-31T21:43:58.108+00:00,0.064741,0.07586689999880036,sqs-worker-5986dcd897-x8rdl,ip-192-168-20-201.ec2.internal,d58a27e54064e0cd49f2409e8e82bb193fa36a321e8c2f701dfa7c404219dd74,1,4.0,79.0
1,keda-poisson-909-f137f3bf,000266,142.212309,2026-08-31T21:43:58.088+00:00,2026-08-31T21:43:58.105+00:00,2026-08-31T21:43:58.108+00:00,2026-08-31T21:43:58.108+00:00,2026-08-31T21:43:58.306+00:00,2026-08-31T21:43:58.306+00:00,0.095224,0.19823464200089802,sqs-worker-5986dcd897-7wtx4,ip-192-168-20-201.ec2.internal,f777a4bb062f46e30c9994ecd2435fde9a7a6a67358b5a1b443326f33aa4fc97,1,3.0,201.0
1,keda-poisson-909-f137f3bf,000267,143.242814,2026-08-31T21:43:59.120+00:00,2026-08-31T21:43:59.137+00:00,2026-08-31T21:43:59.141+00:00,2026-08-31T21:43:59.141+00:00,2026-08-31T21:43:59.795+00:00,2026-08-31T21:43:59.795+00:00,0.272131,0.6541121279988147,sqs-worker-5986dcd897-x8rdl,ip-192-168-20-201.ec2.internal,a049e5b236cea45d977fcba35b41f454ee406376cdff55a47179d5402d76e80d,1,4.0,658.0
1,keda-poisson-909-f137f3bf,000268,143.592011,2026-08-31T21:43:59.468+00:00,2026-08-31T21:43:59.484+00:00,2026-08-31T21:43:59.489+00:00,2026-08-31T21:43:59.489+00:00,2026-08-31T21:44:00.923+00:00,2026-08-31T21:44:00.923+00:00,0.587073,1.4339451989981171,sqs-worker-5986dcd897-7wtx4,ip-192-168-20-201.ec2.internal,330e094c9c7d86d9358b77697f19c8efb4308ef75cca87d5c98386363d3e34c4,1,5.0,1439.0
1,keda-poisson-909-f137f3bf,000269,144.43778,2026-08-31T21:44:00.314+00:00,2026-08-31T21:44:00.333+00:00,2026-08-31T21:44:00.339+00:00,2026-08-31T21:44:00.339+00:00,2026-08-31T21:44:01.896+00:00,2026-08-31T21:44:01.896+00:00,0.312213,1.5561433309994754,sqs-worker-5986dcd897-x8rdl,ip-192-168-20-201.ec2.internal,d8fa6e876de934318d845f49649b5aa5e2378a1b0f67b2482264ef5b1430d02b,1,6.0,1563.0
1,keda-poisson-909-f137f3bf,000270,145.036461,2026-08-31T21:44:00.913+00:00,2026-08-31T21:44:00.930+00:00,2026-08-31T21:44:00.955+00:00,2026-08-31T21:44:00.955+00:00,2026-08-31T21:44:02.003+00:00,2026-08-31T21:44:02.003+00:00,0.419482,1.048534246001509,sqs-worker-5986dcd897-7wtx4,ip-192-168-20-201.ec2.internal,0811c6585a1dc2da5680c2b487bb1b5815e6f2c905f1d376d032b658ca83989c,1,25.0,1073.0
1,keda-poisson-909-f137f3bf,000271,148.005063,2026-08-31T21:44:03.884+00:00,2026-08-31T21:44:03.899+00:00,2026-08-31T21:44:03.904+00:00,2026-08-31T21:44:03.905+00:00,2026-08-31T21:44:04.292+00:00,2026-08-31T21:44:04.292+00:00,0.168111,0.38732143900051597,sqs-worker-5986dcd897-x8rdl,ip-192-168-20-201.ec2.internal,7f07c62cad2e81fae6c8813f2681b39ee86694d1f03ae24632d02ca53e08f111,1,5.0,393.0
1,keda-poisson-909-f137f3bf,000272,148.852408,2026-08-31T21:44:04.729+00:00,2026-08-31T21:44:04.745+00:00,2026-08-31T21:44:04.749+00:00,2026-08-31T21:44:04.749+00:00,2026-08-31T21:44:05.383+00:00,2026-08-31T21:44:05.383+00:00,0.277123,0.6342184400018596,sqs-worker-5986dcd897-7wtx4,ip-192-168-20-201.ec2.internal,611c32228cd58ebe6bcc68ab3fb066eb4fd2f6b65ef7c202b2ffdf05cc765426,1,4.0,638.0
1,keda-poisson-909-f137f3bf,000273,150.057192,2026-08-31T21:44:05.934+00:00,2026-08-31T21:44:05.953+00:00,2026-08-31T21:44:05.956+00:00,2026-08-31T21:44:05.956+00:00,2026-08-31T21:44:06.093+00:00,2026-08-31T21:44:06.093+00:00,0.079486,0.13751829200191423,sqs-worker-5986dcd897-x8rdl,ip-192-168-20-201.ec2.internal,0c66438a82f0e2264674c925006a60b5797fe111dac8209e92bc7a9a58caa604,1,3.0,140.0
1,keda-poisson-909-f137f3bf,000275,150.323817,2026-08-31T21:44:06.200+00:00,2026-08-31T21:44:06.218+00:00,2026-08-31T21:44:06.222+00:00,2026-08-31T21:44:06.222+00:00,2026-08-31T21:44:06.250+00:00,2026-08-31T21:44:06.250+00:00,0.027783,0.027863143001013668,sqs-worker-5986dcd897-x8rdl,ip-192-168-20-201.ec2.internal,5637259323a0f88aa32c46ce14abc96c315d51290a05e4e04df701a12abae506,1,4.0,32.0
1,keda-poisson-909-f137f3bf,000274,150.128298,2026-08-31T21:44:06.004+00:00,2026-08-31T21:44:06.024+00:00,2026-08-31T21:44:06.028+00:00,2026-08-31T21:44:06.028+00:00,2026-08-31T21:44:07.221+00:00,2026-08-31T21:44:07.221+00:00,0.515622,1.1926163520001865,sqs-worker-5986dcd897-7wtx4,ip-192-168-20-201.ec2.internal,7101b78d516b2edef898694d81d22627ee2e50f7567aa89b9db22fb09ddba022,1,4.0,1197.0
1,keda-poisson-909-f137f3bf,000276,150.925365,2026-08-31T21:44:06.802+00:00,2026-08-31T21:44:06.820+00:00,2026-08-31T21:44:06.825+00:00,2026-08-31T21:44:06.825+00:00,2026-08-31T21:44:07.197+00:00,2026-08-31T21:44:07.197+00:00,0.174975,0.3715796840006078,sqs-worker-5986dcd897-x8rdl,ip-192-168-20-201.ec2.internal,636d38abbaa5cae4d4ebb3c217046cc063571dd01503f30ffe2c0b2286d35156,1,5.0,377.0
1,keda-poisson-909-f137f3bf,000278,152.142991,2026-08-31T21:44:08.020+00:00,2026-08-31T21:44:08.037+00:00,2026-08-31T21:44:08.040+00:00,2026-08-31T21:44:08.040+00:00,2026-08-31T21:44:08.303+00:00,2026-08-31T21:44:08.303+00:00,0.138116,0.26274681000359124,sqs-worker-5986dcd897-7wtx4,ip-192-168-20-201.ec2.internal,f1eda6a80f8d5e7d453f11aebc5f7893da204470ef6a918d79e35a949eaf8749,1,3.0,266.0
1,keda-poisson-909-f137f3bf,000277,150.943362,2026-08-31T21:44:06.819+00:00,2026-08-31T21:44:06.836+00:00,2026-08-31T21:44:07.228+00:00,2026-08-31T21:44:07.228+00:00,2026-08-31T21:44:08.318+00:00,2026-08-31T21:44:08.318+00:00,0.454162,1.0895931410013873,sqs-worker-5986dcd897-x8rdl,ip-192-168-20-201.ec2.internal,f8f41c64fdd23ea91f45959ff9eadda5ef671e237ed77e717241706ffed97298,1,392.0,1482.0
1,keda-poisson-909-f137f3bf,000280,153.876521,2026-08-31T21:44:09.754+00:00,2026-08-31T21:44:09.769+00:00,2026-08-31T21:44:09.784+00:00,2026-08-31T21:44:09.784+00:00,2026-08-31T21:44:09.886+00:00,2026-08-31T21:44:09.886+00:00,0.019316,0.10206858799938345,sqs-worker-5986dcd897-x8rdl,ip-192-168-20-201.ec2.internal,6e89906fe3db2cc778d79ed1dda36c9d3e27407257b8bfaad6ffc47839e17257,1,15.0,117.0
1,keda-poisson-909-f137f3bf,000279,152.74286,2026-08-31T21:44:08.619+00:00,2026-08-31T21:44:08.636+00:00,2026-08-31T21:44:08.641+00:00,2026-08-31T21:44:08.641+00:00,2026-08-31T21:44:10.224+00:00,2026-08-31T21:44:10.224+00:00,0.668489,1.5835157059991616,sqs-worker-5986dcd897-7wtx4,ip-192-168-20-201.ec2.internal,b1420308092d1bf4a3d113e9ec7be175592f3e7716e26ce4387106cad53e575b,1,5.0,1588.0
1,keda-poisson-909-f137f3bf,000281,154.199994,2026-08-31T21:44:10.076+00:00,2026-08-31T21:44:10.091+00:00,2026-08-31T21:44:10.095+00:00,2026-08-31T21:44:10.095+00:00,2026-08-31T21:44:10.694+00:00,2026-08-31T21:44:10.694+00:00,0.115782,0.599081197000487,sqs-worker-5986dcd897-x8rdl,ip-192-168-20-201.ec2.internal,768dabd5ab169d99e9d429e2844e3c85d6643fa74f4e34a1efd4a3f7899abf81,1,4.0,603.0
1,keda-poisson-909-f137f3bf,000283,154.818029,2026-08-31T21:44:10.694+00:00,2026-08-31T21:44:10.709+00:00,2026-08-31T21:44:10.806+00:00,2026-08-31T21:44:10.806+00:00,2026-08-31T21:44:12.084+00:00,2026-08-31T21:44:12.084+00:00,0.234934,1.278148772998975,sqs-worker-5986dcd897-x8rdl,ip-192-168-20-201.ec2.internal,9d33acbc4a34a63e484e71708e94853ff933bae90a81f6c3b59650ff8c82aec3,1,97.0,1375.0
1,keda-poisson-909-f137f3bf,000282,154.512088,2026-08-31T21:44:10.388+00:00,2026-08-31T21:44:10.403+00:00,2026-08-31T21:44:10.407+00:00,2026-08-31T21:44:10.407+00:00,2026-08-31T21:44:12.109+00:00,2026-08-31T21:44:12.109+00:00,0.697893,1.7015998869974283,sqs-worker-5986dcd897-7wtx4,ip-192-168-20-201.ec2.internal,52356989e05ce77c8845cf64ceffce0c009ad6931aa0bc93173aeb1237571139,1,4.0,1706.0
1,keda-poisson-909-f137f3bf,000285,155.816918,2026-08-31T21:44:11.693+00:00,2026-08-31T21:44:11.709+00:00,2026-08-31T21:44:12.101+00:00,2026-08-31T21:44:12.101+00:00,2026-08-31T21:44:12.300+00:00,2026-08-31T21:44:12.300+00:00,0.036418,0.19841364700187114,sqs-worker-5986dcd897-x8rdl,ip-192-168-20-201.ec2.internal,3dd700a964afbc28973ec58eab769d21c1878915d1080102bd979f5512722c6c,1,392.0,591.0
1,keda-poisson-909-f137f3bf,000287,156.107291,2026-08-31T21:44:11.983+00:00,2026-08-31T21:44:12.000+00:00,2026-08-31T21:44:12.129+00:00,2026-08-31T21:44:12.129+00:00,2026-08-31T21:44:12.696+00:00,2026-08-31T21:44:12.696+00:00,0.144073,0.5669404239997675,sqs-worker-5986dcd897-7wtx4,ip-192-168-20-201.ec2.internal,ae5e17bf48f8c8a803a520a6651438325060420759e8fe75d80648d490290afe,1,129.0,696.0
1,keda-poisson-909-f137f3bf,000284,155.223837,2026-08-31T21:44:11.100+00:00,2026-08-31T21:44:11.114+00:00,2026-08-31T21:44:12.427+00:00,2026-08-31T21:44:12.427+00:00,2026-08-31T21:44:13.902+00:00,2026-08-31T21:44:13.902+00:00,0.544412,1.4756798960006563,sqs-worker-5986dcd897-x8rdl,ip-192-168-20-201.ec2.internal,d6fe0c2fdfeb20ff562058ee2254be41b202bacfe61bfc107329ab442ba20ea5,1,1313.0,2788.0
1,keda-poisson-909-f137f3bf,000286,156.080537,2026-08-31T21:44:11.957+00:00,2026-08-31T21:44:11.975+00:00,2026-08-31T21:44:12.796+00:00,2026-08-31T21:44:12.796+00:00,2026-08-31T21:44:14.182+00:00,2026-08-31T21:44:14.182+00:00,0.216579,1.3869174479987123,sqs-worker-5986dcd897-7wtx4,ip-192-168-20-201.ec2.internal,89464eb42a563a801d5f340d2f7f7233558769b0d64307c17690d0de8ad33d84,1,821.0,2207.0
1,keda-poisson-909-f137f3bf,000289,157.524258,2026-08-31T21:44:13.401+00:00,2026-08-31T21:44:13.417+00:00,2026-08-31T21:44:13.978+00:00,2026-08-31T21:44:13.978+00:00,2026-08-31T21:44:14.298+00:00,2026-08-31T21:44:14.299+00:00,0.137632,0.32072929100104375,sqs-worker-5986dcd897-x8rdl,ip-192-168-20-201.ec2.internal,05242c7877c433872ed7b94b21829f5546b6199e830dcaf3f335dcda549ae4f7,1,561.0,881.0
1,keda-poisson-909-f137f3bf,000291,158.302855,2026-08-31T21:44:14.179+00:00,2026-08-31T21:44:14.202+00:00,2026-08-31T21:44:14.319+00:00,2026-08-31T21:44:14.319+00:00,2026-08-31T21:44:15.492+00:00,2026-08-31T21:44:15.492+00:00,0.463738,1.172647886996856,sqs-worker-5986dcd897-x8rdl,ip-192-168-20-201.ec2.internal,4e89390b29176676bd2e3e18edafb5c45cf4c9a7e8438f4c24d349ca399d394f,1,117.0,1290.0
1,keda-poisson-909-f137f3bf,000290,157.541012,2026-08-31T21:44:13.417+00:00,2026-08-31T21:44:13.440+00:00,2026-08-31T21:44:14.216+00:00,2026-08-31T21:44:14.216+00:00,2026-08-31T21:44:16.708+00:00,2026-08-31T21:44:16.708+00:00,0.717242,2.4916627919992607,sqs-worker-5986dcd897-7wtx4,ip-192-168-20-201.ec2.internal,1954352f2ed72a0293174fa80cc2f12059d489744eab8b18a07c95a8ab482f6e,1,776.0,3268.0
1,keda-poisson-909-f137f3bf,000292,158.806957,2026-08-31T21:44:14.683+00:00,2026-08-31T21:44:14.706+00:00,2026-08-31T21:44:15.519+00:00,2026-08-31T21:44:15.519+00:00,2026-08-31T21:44:16.819+00:00,2026-08-31T21:44:16.819+00:00,0.54265,1.2997751309994783,sqs-worker-5986dcd897-x8rdl,ip-192-168-20-201.ec2.internal,94bd1f0b3f398b19e6066a866405682d2c84b8bb2e3fa3169f73aa8eb287f21e,1,813.0,2113.0
1,keda-poisson-909-f137f3bf,000288,156.250318,2026-08-31T21:44:12.126+00:00,2026-08-31T21:44:12.147+00:00,2026-08-31T21:44:16.875+00:00,2026-08-31T21:44:16.875+00:00,2026-08-31T21:44:16.907+00:00,2026-08-31T21:44:16.907+00:00,0.024861,0.0319662759975472,sqs-worker-5986dcd897-x8rdl,ip-192-168-20-201.ec2.internal,5ae2be63c3e9afeb3e585121e2181456a62696ef46bba4800fcb9d7a664a6ebf,1,4728.0,4760.0
1,keda-poisson-909-f137f3bf,000297,161.188518,2026-08-31T21:44:17.065+00:00,2026-08-31T21:44:17.081+00:00,2026-08-31T21:44:17.514+00:00,2026-08-31T21:44:17.514+00:00,2026-08-31T21:44:17.899+00:00,2026-08-31T21:44:17.899+00:00,0.159803,0.3855928379998659,sqs-worker-5986dcd897-7wtx4,ip-192-168-20-201.ec2.internal,0df1729ddb7763b872b2b4c3db5c6088a7eb0255dfeece1e3d8cbb15926da051,1,433.0,818.0
1,keda-poisson-909-f137f3bf,000294,159.997644,2026-08-31T21:44:15.874+00:00,2026-08-31T21:44:15.892+00:00,2026-08-31T21:44:16.936+00:00,2026-08-31T21:44:16.936+00:00,2026-08-31T21:44:17.386+00:00,2026-08-31T21:44:17.386+00:00,0.172012,0.44955138100340264,sqs-worker-5986dcd897-x8rdl,ip-192-168-20-201.ec2.internal,b67bcfed069b36f5dd98828ce49d5161883d61e1fcdd8d331c17aba7b0c2ecf4,1,1044.0,1494.0
1,keda-poisson-909-f137f3bf,000293,159.619825,2026-08-31T21:44:15.496+00:00,2026-08-31T21:44:15.515+00:00,2026-08-31T21:44:16.731+00:00,2026-08-31T21:44:16.731+00:00,2026-08-31T21:44:17.491+00:00,2026-08-31T21:44:17.491+00:00,0.303962,0.7603475020005135,sqs-worker-5986dcd897-7wtx4,ip-192-168-20-201.ec2.internal,32f3d4122ae0c8cbb27a2ecd310227ab92647c6d2d04477e066d837eb2d2058e,1,1216.0,1976.0
1,keda-poisson-909-f137f3bf,000299,162.454526,2026-08-31T21:44:18.330+00:00,2026-08-31T21:44:18.348+00:00,2026-08-31T21:44:18.352+00:00,2026-08-31T21:44:18.352+00:00,2026-08-31T21:44:18.977+00:00,2026-08-31T21:44:18.977+00:00,0.266205,0.6253047319987672,sqs-worker-5986dcd897-7wtx4,ip-192-168-20-201.ec2.internal,2c66298cd5d079e0f78948e0bf06a7bc5fc318d30263de5a552970dd6f227147,1,4.0,629.0
1,keda-poisson-909-f137f3bf,000300,162.925739,2026-08-31T21:44:18.802+00:00,2026-08-31T21:44:18.821+00:00,2026-08-31T21:44:18.845+00:00,2026-08-31T21:44:18.845+00:00,2026-08-31T21:44:19.201+00:00,2026-08-31T21:44:19.201+00:00,0.177349,0.3557757420021517,sqs-worker-5986dcd897-x8rdl,ip-192-168-20-201.ec2.internal,a94e59290568155ffd21bbdb7925e417cb726231127ff2c52378370f4fdca079,1,24.0,380.0
1,keda-poisson-909-f137f3bf,000295,160.126131,2026-08-31T21:44:16.002+00:00,2026-08-31T21:44:16.019+00:00,2026-08-31T21:44:17.401+00:00,2026-08-31T21:44:17.401+00:00,2026-08-31T21:44:17.494+00:00,2026-08-31T21:44:17.494+00:00,0.043699,0.09273574499820825,sqs-worker-5986dcd897-x8rdl,ip-192-168-20-201.ec2.internal,0e09c01cf515457dbc76c11b1195006b05f69f88600021e3892f52db738a2a22,1,1382.0,1475.0
1,keda-poisson-909-f137f3bf,000296,160.421115,2026-08-31T21:44:16.297+00:00,2026-08-31T21:44:16.313+00:00,2026-08-31T21:44:17.528+00:00,2026-08-31T21:44:17.528+00:00,2026-08-31T21:44:17.821+00:00,2026-08-31T21:44:17.821+00:00,0.142262,0.29358097500153235,sqs-worker-5986dcd897-x8rdl,ip-192-168-20-201.ec2.internal,d618e84bd8d3a96980c95d01b5d14e99a5db424c0c20b65770d6e39667ba3cdb,1,1215.0,1508.0
1,keda-poisson-909-f137f3bf,000298,162.377059,2026-08-31T21:44:18.254+00:00,2026-08-31T21:44:18.271+00:00,2026-08-31T21:44:18.275+00:00,2026-08-31T21:44:18.275+00:00,2026-08-31T21:44:18.677+00:00,2026-08-31T21:44:18.677+00:00,0.163742,0.40209849500024575,sqs-worker-5986dcd897-x8rdl,ip-192-168-20-201.ec2.internal,c90517ea858322e1edc890be86d5d08480c264fa6d73eb279c5fb27381c1b274,1,4.0,406.0
1,keda-poisson-909-f137f3bf,000302,164.071442,2026-08-31T21:44:19.948+00:00,2026-08-31T21:44:19.965+00:00,2026-08-31T21:44:19.969+00:00,2026-08-31T21:44:19.970+00:00,2026-08-31T21:44:20.315+00:00,2026-08-31T21:44:20.315+00:00,0.169995,0.34580811699925107,sqs-worker-5986dcd897-7wtx4,ip-192-168-20-201.ec2.internal,037dc0558e1d3a8cb49f705c9eb1d5c8d1636496d85e9ee69d2418824155bab3,1,4.0,350.0
1,keda-poisson-909-f137f3bf,000301,163.413644,2026-08-31T21:44:19.290+00:00,2026-08-31T21:44:19.837+00:00,2026-08-31T21:44:19.841+00:00,2026-08-31T21:44:19.841+00:00,2026-08-31T21:44:20.090+00:00,2026-08-31T21:44:20.090+00:00,0.046747,0.2482882360018266,sqs-worker-5986dcd897-x8rdl,ip-192-168-20-201.ec2.internal,112bbfa35c24ced34ab19d8a6aa234e74cf1fb90636bf43c80e924634e6dcd28,1,4.0,253.0
1,keda-poisson-909-f137f3bf,000303,164.425168,2026-08-31T21:44:20.301+00:00,2026-08-31T21:44:20.315+00:00,2026-08-31T21:44:20.318+00:00,2026-08-31T21:44:20.318+00:00,2026-08-31T21:44:22.619+00:00,2026-08-31T21:44:22.619+00:00,0.479937,2.3011221199994907,sqs-worker-5986dcd897-x8rdl,ip-192-168-20-201.ec2.internal,11f92d328979214d43edd1afe683eb52caf873778dd58dd068cf6d757ed89e7b,1,3.0,2304.0
1,keda-poisson-909-f137f3bf,000306,165.53151,2026-08-31T21:44:21.405+00:00,2026-08-31T21:44:21.421+00:00,2026-08-31T21:44:22.692+00:00,2026-08-31T21:44:22.692+00:00,2026-08-31T21:44:22.793+00:00,2026-08-31T21:44:22.793+00:00,0.049124,0.10172670400061179,sqs-worker-5986dcd897-x8rdl,ip-192-168-20-201.ec2.internal,7fe83f4452c903773dbafc49e4c77e572b2e92e5895fe6f9ca9d45d411fac0c8,1,1271.0,1372.0
1,keda-poisson-909-f137f3bf,000308,166.17082,2026-08-31T21:44:22.045+00:00,2026-08-31T21:44:22.078+00:00,2026-08-31T21:44:22.812+00:00,2026-08-31T21:44:22.812+00:00,2026-08-31T21:44:23.402+00:00,2026-08-31T21:44:23.402+00:00,0.244524,0.5899948359983682,sqs-worker-5986dcd897-x8rdl,ip-192-168-20-201.ec2.internal,4394f59d0bdd7446394904bd38aaca7067906cc4fd822e6fa363f35e410d5feb,1,734.0,1324.0
1,keda-poisson-909-f137f3bf,000307,166.122159,2026-08-31T21:44:21.996+00:00,2026-08-31T21:44:22.013+00:00,2026-08-31T21:44:23.415+00:00,2026-08-31T21:44:23.415+00:00,2026-08-31T21:44:23.715+00:00,2026-08-31T21:44:23.715+00:00,0.128002,0.29929516799893463,sqs-worker-5986dcd897-x8rdl,ip-192-168-20-201.ec2.internal,302024832ea3f37745cf4cdce280ef639d8cc0032a43c34ed94640958e7d4a63,1,1402.0,1702.0
1,keda-poisson-909-f137f3bf,000311,167.61033,2026-08-31T21:44:23.484+00:00,2026-08-31T21:44:23.499+00:00,2026-08-31T21:44:23.730+00:00,2026-08-31T21:44:23.730+00:00,2026-08-31T21:44:23.908+00:00,2026-08-31T21:44:23.908+00:00,0.068968,0.17815111600066302,sqs-worker-5986dcd897-x8rdl,ip-192-168-20-201.ec2.internal,b6edd5212bd52400d10027327ec6162baf84db997567dfb617a9ce5a090e2205,1,231.0,409.0
1,keda-poisson-909-f137f3bf,000305,165.352314,2026-08-31T21:44:21.226+00:00,2026-08-31T21:44:21.243+00:00,2026-08-31T21:44:23.923+00:00,2026-08-31T21:44:23.923+00:00,2026-08-31T21:44:23.996+00:00,2026-08-31T21:44:23.996+00:00,0.023047,0.07258409700079937,sqs-worker-5986dcd897-x8rdl,ip-192-168-20-201.ec2.internal,f2e024d7b8e5044aa3a25b1c220cf104d7242ef4430ed42c1ef234d1c2b03c87,1,2680.0,2753.0
1,keda-poisson-909-f137f3bf,000304,165.153089,2026-08-31T21:44:21.027+00:00,2026-08-31T21:44:21.045+00:00,2026-08-31T21:44:24.016+00:00,2026-08-31T21:44:24.016+00:00,2026-08-31T21:44:24.188+00:00,2026-08-31T21:44:24.188+00:00,0.067856,0.1717515580021427,sqs-worker-5986dcd897-x8rdl,ip-192-168-20-201.ec2.internal,5c2cb7a6f44c8586c0c61bade7e0b0ee1f23fde5db797c9853c33a60bf2dadd3,1,2971.0,3143.0
1,keda-poisson-909-f137f3bf,000312,168.809288,2026-08-31T21:44:24.684+00:00,2026-08-31T21:44:24.702+00:00,2026-08-31T21:44:24.719+00:00,2026-08-31T21:44:24.719+00:00,2026-08-31T21:44:24.796+00:00,2026-08-31T21:44:24.796+00:00,0.03295,0.07711718899736297,sqs-worker-5986dcd897-x8rdl,ip-192-168-20-201.ec2.internal,b4e9477ca7dbfb212ba56a7f43ffca7b34f74c905dd1cb508c0ce991519ff386,1,17.0,94.0
1,keda-poisson-909-f137f3bf,000309,166.344304,2026-08-31T21:44:22.218+00:00,2026-08-31T21:44:22.235+00:00,2026-08-31T21:44:24.818+00:00,2026-08-31T21:44:24.818+00:00,2026-08-31T21:44:25.206+00:00,2026-08-31T21:44:25.206+00:00,0.164983,0.3874550509972323,sqs-worker-5986dcd897-x8rdl,ip-192-168-20-201.ec2.internal,dc31a6ef0a2c5af977443c28f7ff14a61e89e726754f57f178c7b3c7ec6728bd,1,2583.0,2971.0
1,keda-poisson-909-f137f3bf,000310,167.292882,2026-08-31T21:44:23.167+00:00,2026-08-31T21:44:23.183+00:00,2026-08-31T21:44:24.213+00:00,2026-08-31T21:44:24.213+00:00,2026-08-31T21:44:24.699+00:00,2026-08-31T21:44:24.699+00:00,0.206397,0.4857972460013116,sqs-worker-5986dcd897-x8rdl,ip-192-168-20-201.ec2.internal,a6cb1d547bfe1534f17516b2af5c598295e0dc1fe8584b4e1a8dbcbfe7dc7232,1,1030.0,1516.0
1,keda-poisson-909-f137f3bf,000313,169.339544,2026-08-31T21:44:25.214+00:00,2026-08-31T21:44:25.232+00:00,2026-08-31T21:44:25.235+00:00,2026-08-31T21:44:25.235+00:00,2026-08-31T21:44:25.998+00:00,2026-08-31T21:44:25.998+00:00,0.307668,0.7622858789982274,sqs-worker-5986dcd897-x8rdl,ip-192-168-20-201.ec2.internal,eea20921eca7eaf98f2ec2e8bc4ea8c171a6f578222eb3cbf1469ce4c433a57f,1,3.0,766.0
1,keda-poisson-909-f137f3bf,000314,171.178033,2026-08-31T21:44:27.054+00:00,2026-08-31T21:44:27.070+00:00,2026-08-31T21:44:27.081+00:00,2026-08-31T21:44:27.081+00:00,2026-08-31T21:44:27.092+00:00,2026-08-31T21:44:27.092+00:00,0.011047,0.011088261999248061,sqs-worker-5986dcd897-x8rdl,ip-192-168-20-201.ec2.internal,9b5c7232fd9057746fce2a71a5cb5254c9ed93877498e5b5c98a8303884c5294,1,11.0,22.0
1,keda-poisson-909-f137f3bf,000315,172.413576,2026-08-31T21:44:28.288+00:00,2026-08-31T21:44:28.305+00:00,2026-08-31T21:44:28.309+00:00,2026-08-31T21:44:28.309+00:00,2026-08-31T21:44:28.518+00:00,2026-08-31T21:44:28.518+00:00,0.114947,0.20899669199934579,sqs-worker-5986dcd897-x8rdl,ip-192-168-20-201.ec2.internal,1ca29a48777f6eab8a54e1589fb823b8c3f07f9fb7dbdd22329f0f40a5695a66,1,4.0,213.0
1,keda-poisson-909-f137f3bf,000316,173.743645,2026-08-31T21:44:29.619+00:00,2026-08-31T21:44:29.634+00:00,2026-08-31T21:44:29.637+00:00,2026-08-31T21:44:29.637+00:00,2026-08-31T21:44:30.695+00:00,2026-08-31T21:44:30.695+00:00,0.236779,1.0582970659997954,sqs-worker-5986dcd897-x8rdl,ip-192-168-20-201.ec2.internal,24c92e1849c73e01c5bb065a50a4e5b89f65fc2b867fd4ecc0371b35a5ce58dd,1,3.0,1061.0
1,keda-poisson-909-f137f3bf,000317,174.763101,2026-08-31T21:44:30.638+00:00,2026-08-31T21:44:30.653+00:00,2026-08-31T21:44:30.805+00:00,2026-08-31T21:44:30.805+00:00,2026-08-31T21:44:32.093+00:00,2026-08-31T21:44:32.093+00:00,0.228147,1.287869394000154,sqs-worker-5986dcd897-x8rdl,ip-192-168-20-201.ec2.internal,18076acfcfac39d608a98e17d9f3dfefbf20f2f1060c8d440e46c4fff59a5baa,1,152.0,1440.0
1,keda-poisson-909-f137f3bf,000318,175.001535,2026-08-31T21:44:30.875+00:00,2026-08-31T21:44:30.891+00:00,2026-08-31T21:44:32.184+00:00,2026-08-31T21:44:32.184+00:00,2026-08-31T21:44:34.000+00:00,2026-08-31T21:44:34.000+00:00,0.611825,1.816104864999943,sqs-worker-5986dcd897-x8rdl,ip-192-168-20-201.ec2.internal,8fb86b2614dae70585f0d38721bb05e3b393e33f337428eac55d829b61894043,1,1293.0,3109.0
1,keda-poisson-909-f137f3bf,000319,175.351427,2026-08-31T21:44:31.225+00:00,2026-08-31T21:44:31.241+00:00,2026-08-31T21:44:34.043+00:00,2026-08-31T21:44:34.043+00:00,2026-08-31T21:44:34.893+00:00,2026-08-31T21:44:34.893+00:00,0.341977,0.8492344920014148,sqs-worker-5986dcd897-x8rdl,ip-192-168-20-201.ec2.internal,9d8b2eb8eae59dadb5e0903c4b0ed537432e0c16f2b5ee9c5ff3aef6df26dbf5,1,2802.0,3652.0
1,keda-poisson-909-f137f3bf,000320,176.365669,2026-08-31T21:44:32.240+00:00,2026-08-31T21:44:32.255+00:00,2026-08-31T21:44:34.909+00:00,2026-08-31T21:44:34.909+00:00,2026-08-31T21:44:35.007+00:00,2026-08-31T21:44:35.007+00:00,0.049843,0.09803516000101808,sqs-worker-5986dcd897-x8rdl,ip-192-168-20-201.ec2.internal,12dba4b9584db22fef6913d0b7cc8c28bd54a2c4e5f3c28ef45d067378396e89,1,2654.0,2752.0
1,keda-poisson-909-f137f3bf,000321,177.431073,2026-08-31T21:44:33.306+00:00,2026-08-31T21:44:33.323+00:00,2026-08-31T21:44:35.304+00:00,2026-08-31T21:44:35.304+00:00,2026-08-31T21:44:35.324+00:00,2026-08-31T21:44:35.324+00:00,0.020013,0.020050056002219208,sqs-worker-5986dcd897-x8rdl,ip-192-168-20-201.ec2.internal,cb0d4b71ba775c8077259e080bf6690b87e3c78f92a6af94e68d5fcb7cd3fa39,1,1981.0,2001.0
1,keda-poisson-909-f137f3bf,000322,177.83841,2026-08-31T21:44:33.713+00:00,2026-08-31T21:44:33.727+00:00,2026-08-31T21:44:35.359+00:00,2026-08-31T21:44:35.359+00:00,2026-08-31T21:44:35.599+00:00,2026-08-31T21:44:35.599+00:00,0.109335,0.2403227249997144,sqs-worker-5986dcd897-x8rdl,ip-192-168-20-201.ec2.internal,8aed2f298c543cc42e4579194dc1e365d58c7f216d53f6023a6149aca9af97c5,1,1632.0,1872.0
1,keda-poisson-909-f137f3bf,000323,178.253464,2026-08-31T21:44:34.127+00:00,2026-08-31T21:44:34.143+00:00,2026-08-31T21:44:35.029+00:00,2026-08-31T21:44:35.029+00:00,2026-08-31T21:44:35.221+00:00,2026-08-31T21:44:35.221+00:00,0.08999,0.1921761770026933,sqs-worker-5986dcd897-x8rdl,ip-192-168-20-201.ec2.internal,78caf04812bdc5b69dcad5bf3fa29f7831296bd3db0158fdcc38a57716cfe4c0,1,886.0,1078.0
1,keda-poisson-909-f137f3bf,000326,179.984119,2026-08-31T21:44:35.859+00:00,2026-08-31T21:44:35.873+00:00,2026-08-31T21:44:36.306+00:00,2026-08-31T21:44:36.306+00:00,2026-08-31T21:44:36.337+00:00,2026-08-31T21:44:36.337+00:00,0.030549,0.030591677001211792,sqs-worker-5986dcd897-x8rdl,ip-192-168-20-201.ec2.internal,50825bd2f8f0535f8344c743fc4804b74da7f8560ad6b14a4de71c705a19ec99,1,433.0,464.0
1,keda-poisson-909-f137f3bf,000324,178.265116,2026-08-31T21:44:34.139+00:00,2026-08-31T21:44:34.153+00:00,2026-08-31T21:44:35.623+00:00,2026-08-31T21:44:35.624+00:00,2026-08-31T21:44:36.284+00:00,2026-08-31T21:44:36.284+00:00,0.259783,0.6600538700004108,sqs-worker-5986dcd897-x8rdl,ip-192-168-20-201.ec2.internal,d779f981fcddc72d93f0f76dd3cbe848f19fc23c7707eb6d773ba15ea3bdd864,1,1470.0,2131.0
1,keda-poisson-909-f137f3bf,000325,179.838892,2026-08-31T21:44:35.714+00:00,2026-08-31T21:44:35.732+00:00,2026-08-31T21:44:36.378+00:00,2026-08-31T21:44:36.378+00:00,2026-08-31T21:44:38.813+00:00,2026-08-31T21:44:38.813+00:00,0.988921,2.4349526639998658,sqs-worker-5986dcd897-x8rdl,ip-192-168-20-201.ec2.internal,df348adebf456c8261f951dd4843eadd6aee4088385d1b5bd7e43b33930de793,1,646.0,3081.0
