schema_version,experiment_id,job_id,trace_offset_s,producer_sent_at,sqs_sent_at,worker_received_at,processing_started_at,processing_finished_at,result_sent_at,service_cpu_seconds,processing_wall_seconds,pod_name,node_name,digest,receive_count,queue_wait_ms,end_to_end_ms
1,hpa-poisson-707-025ef3f5,000000,0.011127,2026-08-31T20:57:13.662+00:00,2026-08-31T20:57:09.781+00:00,2026-08-31T20:57:09.787+00:00,2026-08-31T20:57:09.787+00:00,2026-08-31T20:57:10.196+00:00,2026-08-31T20:57:10.196+00:00,0.109785,0.40907619500103465,sqs-worker-5986dcd897-x8rdl,ip-192-168-20-201.ec2.internal,d119cf8ad74dc687c5c49f3fed0f55a0bb837c1c5e5b5136bd878c2b5f54c9ee,1,6.0,415.0
1,hpa-poisson-707-025ef3f5,000001,0.637134,2026-08-31T20:57:14.287+00:00,2026-08-31T20:57:10.408+00:00,2026-08-31T20:57:10.412+00:00,2026-08-31T20:57:10.412+00:00,2026-08-31T20:57:11.682+00:00,2026-08-31T20:57:11.682+00:00,0.227913,1.2702379120000842,sqs-worker-5986dcd897-x8rdl,ip-192-168-20-201.ec2.internal,4dfa40dee7eca315d8a3dec162a95bb3d1e95e16fd4f84638f53c0a74708b72a,1,4.0,1274.0
1,hpa-poisson-707-025ef3f5,000002,0.892464,2026-08-31T20:57:14.542+00:00,2026-08-31T20:57:10.666+00:00,2026-08-31T20:57:11.706+00:00,2026-08-31T20:57:11.706+00:00,2026-08-31T20:57:11.790+00:00,2026-08-31T20:57:11.790+00:00,0.015983,0.08396093800001836,sqs-worker-5986dcd897-x8rdl,ip-192-168-20-201.ec2.internal,1023a05cb69982dc98ad74b08c7df1c2ccea9945aa99d9456b649d70b60428af,1,1040.0,1124.0
1,hpa-poisson-707-025ef3f5,000004,2.144046,2026-08-31T20:57:15.794+00:00,2026-08-31T20:57:11.913+00:00,2026-08-31T20:57:11.920+00:00,2026-08-31T20:57:11.920+00:00,2026-08-31T20:57:12.293+00:00,2026-08-31T20:57:12.293+00:00,0.139134,0.37260797700037074,sqs-worker-5986dcd897-x8rdl,ip-192-168-20-201.ec2.internal,b84941cba875d192f448b695c65524567e3645b0fc08598d8e72e0234b13d561,1,7.0,380.0
1,hpa-poisson-707-025ef3f5,000005,2.145266,2026-08-31T20:57:15.796+00:00,2026-08-31T20:57:12.436+00:00,2026-08-31T20:57:12.513+00:00,2026-08-31T20:57:12.513+00:00,2026-08-31T20:57:12.542+00:00,2026-08-31T20:57:12.542+00:00,0.029598,0.029633142999955453,sqs-worker-5986dcd897-x8rdl,ip-192-168-20-201.ec2.internal,fb84d2fefc1d2b71caebc288ebf1424ad8e43faf656778007da363f69d96f525,1,77.0,106.0
1,hpa-poisson-707-025ef3f5,000003,1.754658,2026-08-31T20:57:15.404+00:00,2026-08-31T20:57:12.035+00:00,2026-08-31T20:57:12.320+00:00,2026-08-31T20:57:12.320+00:00,2026-08-31T20:57:12.477+00:00,2026-08-31T20:57:12.477+00:00,0.060272,0.15682296600061818,sqs-worker-5986dcd897-x8rdl,ip-192-168-20-201.ec2.internal,6f2797a71062cdab70426db79e48496c87d05f8fd5e4e327381dc2646dbf5667,1,285.0,442.0
1,hpa-poisson-707-025ef3f5,000006,3.499318,2026-08-31T20:57:17.150+00:00,2026-08-31T20:57:13.285+00:00,2026-08-31T20:57:13.299+00:00,2026-08-31T20:57:13.299+00:00,2026-08-31T20:57:13.695+00:00,2026-08-31T20:57:13.695+00:00,0.173309,0.3962131699991005,sqs-worker-5986dcd897-x8rdl,ip-192-168-20-201.ec2.internal,bafd358294d7f19adac22302f766b1cdc54ac03768829705af2e766d11477923,1,14.0,410.0
1,hpa-poisson-707-025ef3f5,000007,3.967866,2026-08-31T20:57:17.618+00:00,2026-08-31T20:57:13.745+00:00,2026-08-31T20:57:13.753+00:00,2026-08-31T20:57:13.753+00:00,2026-08-31T20:57:13.885+00:00,2026-08-31T20:57:13.885+00:00,0.065316,0.1317833770008292,sqs-worker-5986dcd897-x8rdl,ip-192-168-20-201.ec2.internal,633e499f5108db51c014063c1f248337c7476899bf8f661179b709f1d02a7bf7,1,8.0,140.0
1,hpa-poisson-707-025ef3f5,000008,5.104254,2026-08-31T20:57:18.755+00:00,2026-08-31T20:57:14.882+00:00,2026-08-31T20:57:14.886+00:00,2026-08-31T20:57:14.886+00:00,2026-08-31T20:57:14.914+00:00,2026-08-31T20:57:14.914+00:00,0.028446,0.02848562099825358,sqs-worker-5986dcd897-x8rdl,ip-192-168-20-201.ec2.internal,5c226ef6368ad9a60cfccf026a1d0ad4c9bea32e1816ebd1df791841e5ac72ed,1,4.0,32.0
1,hpa-poisson-707-025ef3f5,000009,6.681566,2026-08-31T20:57:20.332+00:00,2026-08-31T20:57:16.466+00:00,2026-08-31T20:57:16.470+00:00,2026-08-31T20:57:16.470+00:00,2026-08-31T20:57:16.499+00:00,2026-08-31T20:57:16.499+00:00,0.029304,0.029362454999500187,sqs-worker-5986dcd897-x8rdl,ip-192-168-20-201.ec2.internal,509f883020798935b7229e0803445eaa422419637163a6b752d0236095832a10,1,4.0,33.0
1,hpa-poisson-707-025ef3f5,000010,6.75584,2026-08-31T20:57:20.405+00:00,2026-08-31T20:57:16.527+00:00,2026-08-31T20:57:16.531+00:00,2026-08-31T20:57:16.531+00:00,2026-08-31T20:57:16.699+00:00,2026-08-31T20:57:16.699+00:00,0.077419,0.16883791700092843,sqs-worker-5986dcd897-x8rdl,ip-192-168-20-201.ec2.internal,9af15dbbc71885c56cb37ac681839bfbcebe0d9822cdd4db02d37c85f6d1c28d,1,4.0,172.0
1,hpa-poisson-707-025ef3f5,000011,7.149537,2026-08-31T20:57:20.799+00:00,2026-08-31T20:57:16.926+00:00,2026-08-31T20:57:16.933+00:00,2026-08-31T20:57:16.933+00:00,2026-08-31T20:57:16.950+00:00,2026-08-31T20:57:16.950+00:00,0.016167,0.016206591000809567,sqs-worker-5986dcd897-x8rdl,ip-192-168-20-201.ec2.internal,ce5032689d146c7749b75028690dd4bb32213adfc68f8f17f8d2b498fc91cde4,1,7.0,24.0
1,hpa-poisson-707-025ef3f5,000012,7.778677,2026-08-31T20:57:21.429+00:00,2026-08-31T20:57:17.552+00:00,2026-08-31T20:57:17.555+00:00,2026-08-31T20:57:17.556+00:00,2026-08-31T20:57:19.413+00:00,2026-08-31T20:57:19.413+00:00,0.778708,1.857059879001099,sqs-worker-5986dcd897-x8rdl,ip-192-168-20-201.ec2.internal,0944e816511bf78ac40eff4b952aa81679383fba458c9eacb40dc3258cac2f55,1,3.0,1861.0
1,hpa-poisson-707-025ef3f5,000014,8.33571,2026-08-31T20:57:21.985+00:00,2026-08-31T20:57:18.107+00:00,2026-08-31T20:57:19.531+00:00,2026-08-31T20:57:19.531+00:00,2026-08-31T20:57:19.609+00:00,2026-08-31T20:57:19.609+00:00,0.063805,0.07821985899863648,sqs-worker-5986dcd897-x8rdl,ip-192-168-20-201.ec2.internal,d8821133140c9c29ef7cb13bcb684d4cd9b3c546515643798b82e19e77e9baf9,1,1424.0,1502.0
1,hpa-poisson-707-025ef3f5,000013,7.983608,2026-08-31T20:57:21.633+00:00,2026-08-31T20:57:17.754+00:00,2026-08-31T20:57:19.489+00:00,2026-08-31T20:57:19.489+00:00,2026-08-31T20:57:19.494+00:00,2026-08-31T20:57:19.494+00:00,0.005,0.005034358000557404,sqs-worker-5986dcd897-x8rdl,ip-192-168-20-201.ec2.internal,5c4356c89cd65b65cbf6fdf06cc79ebc3750599404601fe261e7826f3734d4b7,1,1735.0,1740.0
1,hpa-poisson-707-025ef3f5,000015,9.588832,2026-08-31T20:57:23.239+00:00,2026-08-31T20:57:19.366+00:00,2026-08-31T20:57:19.674+00:00,2026-08-31T20:57:19.674+00:00,2026-08-31T20:57:19.798+00:00,2026-08-31T20:57:19.798+00:00,0.043789,0.12377013000150328,sqs-worker-5986dcd897-x8rdl,ip-192-168-20-201.ec2.internal,45fe947e8088b3582500ebc567924384747522d837eae3669df328a2e60b13db,1,308.0,432.0
1,hpa-poisson-707-025ef3f5,000016,10.158857,2026-08-31T20:57:23.809+00:00,2026-08-31T20:57:19.958+00:00,2026-08-31T20:57:19.963+00:00,2026-08-31T20:57:19.963+00:00,2026-08-31T20:57:20.695+00:00,2026-08-31T20:57:20.695+00:00,0.132156,0.7320235780007351,sqs-worker-5986dcd897-x8rdl,ip-192-168-20-201.ec2.internal,3ac19163074d27fa68a5cb9bf4ae4742f6f8cd6a3449a3e383445deaf5bf19e9,1,5.0,737.0
1,hpa-poisson-707-025ef3f5,000018,11.010708,2026-08-31T20:57:24.661+00:00,2026-08-31T20:57:20.785+00:00,2026-08-31T20:57:20.796+00:00,2026-08-31T20:57:20.796+00:00,2026-08-31T20:57:22.503+00:00,2026-08-31T20:57:22.503+00:00,0.374845,1.707598273000258,sqs-worker-5986dcd897-x8rdl,ip-192-168-20-201.ec2.internal,ec1eaa90b0e6f2177ee2f18e10281ac2da56624eaee8b7ce5058210dc0c79610,1,11.0,1718.0
1,hpa-poisson-707-025ef3f5,000017,10.360156,2026-08-31T20:57:24.010+00:00,2026-08-31T20:57:20.131+00:00,2026-08-31T20:57:22.530+00:00,2026-08-31T20:57:22.530+00:00,2026-08-31T20:57:22.786+00:00,2026-08-31T20:57:22.786+00:00,0.098064,0.255443991998618,sqs-worker-5986dcd897-x8rdl,ip-192-168-20-201.ec2.internal,09d336ca896ce34cc8b5d6affca30a19eb28bd0123262473e1fcbc31d75d5b51,1,2399.0,2655.0
1,hpa-poisson-707-025ef3f5,000020,11.877555,2026-08-31T20:57:25.526+00:00,2026-08-31T20:57:21.649+00:00,2026-08-31T20:57:22.806+00:00,2026-08-31T20:57:22.806+00:00,2026-08-31T20:57:23.685+00:00,2026-08-31T20:57:23.685+00:00,0.354665,0.8785930829999415,sqs-worker-5986dcd897-x8rdl,ip-192-168-20-201.ec2.internal,84fb81fdf34c1cf8ac9d2d3c2a342ea8efb3ff1ced34b9235ea745ad2b5fc0e9,1,1157.0,2036.0
1,hpa-poisson-707-025ef3f5,000023,13.067195,2026-08-31T20:57:26.715+00:00,2026-08-31T20:57:22.838+00:00,2026-08-31T20:57:23.700+00:00,2026-08-31T20:57:23.700+00:00,2026-08-31T20:57:24.206+00:00,2026-08-31T20:57:24.206+00:00,0.217165,0.5057250129993918,sqs-worker-5986dcd897-x8rdl,ip-192-168-20-201.ec2.internal,33fa233883a5feda1b234e4db54f22acce8cd0cddcaee2d26ccb870af943cf39,1,862.0,1368.0
1,hpa-poisson-707-025ef3f5,000021,12.24465,2026-08-31T20:57:25.892+00:00,2026-08-31T20:57:22.022+00:00,2026-08-31T20:57:24.220+00:00,2026-08-31T20:57:24.220+00:00,2026-08-31T20:57:24.794+00:00,2026-08-31T20:57:24.794+00:00,0.223879,0.5746467520002625,sqs-worker-5986dcd897-x8rdl,ip-192-168-20-201.ec2.internal,72016c21d85b87eb78c678a9ee0c410a0784d8bd2f43f9675b6d33e0cfc46899,1,2198.0,2772.0
1,hpa-poisson-707-025ef3f5,000019,11.210944,2026-08-31T20:57:24.860+00:00,2026-08-31T20:57:20.983+00:00,2026-08-31T20:57:24.809+00:00,2026-08-31T20:57:24.809+00:00,2026-08-31T20:57:24.998+00:00,2026-08-31T20:57:24.998+00:00,0.079937,0.1890343409995694,sqs-worker-5986dcd897-x8rdl,ip-192-168-20-201.ec2.internal,bce36985d34704840a7dd3df48e9f5ff5eea00a16122dea298ccca646f82bf30,1,3826.0,4014.9999999999995
1,hpa-poisson-707-025ef3f5,000022,12.747558,2026-08-31T20:57:26.396+00:00,2026-08-31T20:57:22.525+00:00,2026-08-31T20:57:25.013+00:00,2026-08-31T20:57:25.013+00:00,2026-08-31T20:57:25.909+00:00,2026-08-31T20:57:25.909+00:00,0.367146,0.8962344789997587,sqs-worker-5986dcd897-x8rdl,ip-192-168-20-201.ec2.internal,042f12c58ea0404ed5a405ccfc16f5189068f540653d4d0b0258f7daba0f6299,1,2488.0,3384.0
1,hpa-poisson-707-025ef3f5,000024,13.660501,2026-08-31T20:57:27.309+00:00,2026-08-31T20:57:23.432+00:00,2026-08-31T20:57:25.925+00:00,2026-08-31T20:57:25.925+00:00,2026-08-31T20:57:25.978+00:00,2026-08-31T20:57:25.978+00:00,0.005,0.053521506999459234,sqs-worker-5986dcd897-x8rdl,ip-192-168-20-201.ec2.internal,ad687d368eead377d5a8b49a07347131faa100d24b2defaed187104e9e9f4397,1,2493.0,2546.0
1,hpa-poisson-707-025ef3f5,000027,14.757266,2026-08-31T20:57:28.405+00:00,2026-08-31T20:57:24.528+00:00,2026-08-31T20:57:26.022+00:00,2026-08-31T20:57:26.022+00:00,2026-08-31T20:57:26.376+00:00,2026-08-31T20:57:26.376+00:00,0.147138,0.35349374799989164,sqs-worker-5986dcd897-x8rdl,ip-192-168-20-201.ec2.internal,1946bc26d0b94793f23f2bc03dc19f2f3eefc0f41d6889b3c13275a80b3e7dea,1,1494.0,1848.0
1,hpa-poisson-707-025ef3f5,000028,15.135945,2026-08-31T20:57:28.784+00:00,2026-08-31T20:57:24.903+00:00,2026-08-31T20:57:26.396+00:00,2026-08-31T20:57:26.396+00:00,2026-08-31T20:57:27.003+00:00,2026-08-31T20:57:27.003+00:00,0.262929,0.607471657998758,sqs-worker-5986dcd897-x8rdl,ip-192-168-20-201.ec2.internal,6c5cda1041a609a7e3391ad27defc68d589f2ca35142a7c52b095846144077cf,1,1493.0,2100.0
1,hpa-poisson-707-025ef3f5,000025,14.087194,2026-08-31T20:57:27.735+00:00,2026-08-31T20:57:23.865+00:00,2026-08-31T20:57:27.017+00:00,2026-08-31T20:57:27.017+00:00,2026-08-31T20:57:28.193+00:00,2026-08-31T20:57:28.193+00:00,0.46554,1.175988127999517,sqs-worker-5986dcd897-x8rdl,ip-192-168-20-201.ec2.internal,a16c51df31c6476fddb4377cfe8124b3d959926c8822084927f157cf1c58816c,1,3152.0,4328.0
1,hpa-poisson-707-025ef3f5,000030,16.676026,2026-08-31T20:57:30.325+00:00,2026-08-31T20:57:26.448+00:00,2026-08-31T20:57:28.212+00:00,2026-08-31T20:57:28.212+00:00,2026-08-31T20:57:28.378+00:00,2026-08-31T20:57:28.378+00:00,0.060966,0.16572369700043055,sqs-worker-5986dcd897-x8rdl,ip-192-168-20-201.ec2.internal,0b2e83dc5f488b9226be70babdbe1dc8a4ab6246d1250104e8847ba7dbd00811,1,1764.0,1930.0
1,hpa-poisson-707-025ef3f5,000031,17.266914,2026-08-31T20:57:30.915+00:00,2026-08-31T20:57:27.039+00:00,2026-08-31T20:57:28.391+00:00,2026-08-31T20:57:28.391+00:00,2026-08-31T20:57:29.607+00:00,2026-08-31T20:57:29.607+00:00,0.505196,1.2163191090003238,sqs-worker-5986dcd897-x8rdl,ip-192-168-20-201.ec2.internal,651b2e0608fb54654a91ea3b3858468e14df461635aefb3fdd297f2146b2a5cf,1,1352.0,2568.0
1,hpa-poisson-707-025ef3f5,000035,18.581514,2026-08-31T20:57:32.229+00:00,2026-08-31T20:57:28.352+00:00,2026-08-31T20:57:29.623+00:00,2026-08-31T20:57:29.623+00:00,2026-08-31T20:57:29.994+00:00,2026-08-31T20:57:29.994+00:00,0.082397,0.37075948500023514,sqs-worker-5986dcd897-x8rdl,ip-192-168-20-201.ec2.internal,23ca712811b45c4c763d605763a31f78f42e70dc436bec5ccf5ee6e826249527,1,1271.0,1642.0
1,hpa-poisson-707-025ef3f5,000026,14.153152,2026-08-31T20:57:27.801+00:00,2026-08-31T20:57:23.920+00:00,2026-08-31T20:57:30.083+00:00,2026-08-31T20:57:30.083+00:00,2026-08-31T20:57:31.196+00:00,2026-08-31T20:57:31.196+00:00,0.207908,1.1129793529999006,sqs-worker-5986dcd897-x8rdl,ip-192-168-20-201.ec2.internal,3e62948de875d5957b6d58788a6bc9dce05422b0d8ade3683dabd6ddb6243e89,1,6163.0,7276.0
1,hpa-poisson-707-025ef3f5,000029,15.523155,2026-08-31T20:57:29.171+00:00,2026-08-31T20:57:25.293+00:00,2026-08-31T20:57:31.284+00:00,2026-08-31T20:57:31.284+00:00,2026-08-31T20:57:31.775+00:00,2026-08-31T20:57:31.775+00:00,0.104873,0.4909186460008641,sqs-worker-5986dcd897-x8rdl,ip-192-168-20-201.ec2.internal,ac3b0656a572f832665e879a255a77be5068c63fedc90f9e2c0de6ae6e9f3318,1,5991.0,6482.0
1,hpa-poisson-707-025ef3f5,000033,17.706379,2026-08-31T20:57:31.354+00:00,2026-08-31T20:57:27.476+00:00,2026-08-31T20:57:31.792+00:00,2026-08-31T20:57:31.792+00:00,2026-08-31T20:57:31.976+00:00,2026-08-31T20:57:31.976+00:00,0.03313,0.18362125999919954,sqs-worker-5986dcd897-x8rdl,ip-192-168-20-201.ec2.internal,d042d2756ed53212f81277752b99b0cb57d57195b9b829eb64cf024dee2f6200,1,4316.0,4500.0
1,hpa-poisson-707-025ef3f5,000037,19.160225,2026-08-31T20:57:32.808+00:00,2026-08-31T20:57:28.931+00:00,2026-08-31T20:57:31.992+00:00,2026-08-31T20:57:31.993+00:00,2026-08-31T20:57:32.096+00:00,2026-08-31T20:57:32.096+00:00,0.030104,0.10339672100053576,sqs-worker-5986dcd897-x8rdl,ip-192-168-20-201.ec2.internal,e09095c36dfce9c629a8474d1b003563a788127493d875dd021b45585b466c91,1,3061.0,3165.0
1,hpa-poisson-707-025ef3f5,000041,21.100797,2026-08-31T20:57:34.748+00:00,2026-08-31T20:57:30.875+00:00,2026-08-31T20:57:32.183+00:00,2026-08-31T20:57:32.183+00:00,2026-08-31T20:57:32.900+00:00,2026-08-31T20:57:32.900+00:00,0.188038,0.7165383699993981,sqs-worker-5986dcd897-x8rdl,ip-192-168-20-201.ec2.internal,38765fa312b8c43625c85b3869bef596067f18106b454855588c0d49dc2a7d98,1,1308.0,2025.0
1,hpa-poisson-707-025ef3f5,000038,19.624937,2026-08-31T20:57:33.273+00:00,2026-08-31T20:57:29.393+00:00,2026-08-31T20:57:32.920+00:00,2026-08-31T20:57:32.920+00:00,2026-08-31T20:57:33.006+00:00,2026-08-31T20:57:33.006+00:00,0.042074,0.08571729100003722,sqs-worker-5986dcd897-x8rdl,ip-192-168-20-201.ec2.internal,951a098835736d1a06dc9270d2167d56a6a895bec1981cd56cc71d858e909acc,1,3527.0,3613.0
1,hpa-poisson-707-025ef3f5,000032,17.700674,2026-08-31T20:57:31.349+00:00,2026-08-31T20:57:27.478+00:00,2026-08-31T20:57:33.025+00:00,2026-08-31T20:57:33.025+00:00,2026-08-31T20:57:33.097+00:00,2026-08-31T20:57:33.097+00:00,0.026267,0.0719332509997912,sqs-worker-5986dcd897-x8rdl,ip-192-168-20-201.ec2.internal,c8d98d26803da894596c627d8583ae46452bcd603f4db597ea60fa8c53fc56d4,1,5547.0,5619.0
1,hpa-poisson-707-025ef3f5,000036,19.156478,2026-08-31T20:57:32.805+00:00,2026-08-31T20:57:28.927+00:00,2026-08-31T20:57:33.112+00:00,2026-08-31T20:57:33.112+00:00,2026-08-31T20:57:33.413+00:00,2026-08-31T20:57:33.413+00:00,0.132924,0.30145695300052466,sqs-worker-5986dcd897-x8rdl,ip-192-168-20-201.ec2.internal,2609de99af5c8c1a78864eb3a2dd0fce891e01a74ffb26f661d28afa46f13fca,1,4185.0,4486.0
1,hpa-poisson-707-025ef3f5,000042,21.324933,2026-08-31T20:57:34.972+00:00,2026-08-31T20:57:31.097+00:00,2026-08-31T20:57:33.499+00:00,2026-08-31T20:57:33.499+00:00,2026-08-31T20:57:33.593+00:00,2026-08-31T20:57:33.593+00:00,0.054888,0.09448033700027736,sqs-worker-5986dcd897-x8rdl,ip-192-168-20-201.ec2.internal,e3f606702bded9da0323a41be7c523d80e13c2775b3b2fc1cbb5768557c728d7,1,2402.0,2496.0
1,hpa-poisson-707-025ef3f5,000039,20.015496,2026-08-31T20:57:33.663+00:00,2026-08-31T20:57:29.784+00:00,2026-08-31T20:57:33.606+00:00,2026-08-31T20:57:33.606+00:00,2026-08-31T20:57:34.314+00:00,2026-08-31T20:57:34.314+00:00,0.297158,0.7079114620009932,sqs-worker-5986dcd897-x8rdl,ip-192-168-20-201.ec2.internal,5fc711c1d6b0ff503b186c628aa044af08de8def244c1e2c7b1dff5c9b9c2cdd,1,3822.0,4530.0
1,hpa-poisson-707-025ef3f5,000034,18.325385,2026-08-31T20:57:31.973+00:00,2026-08-31T20:57:28.101+00:00,2026-08-31T20:57:34.435+00:00,2026-08-31T20:57:34.435+00:00,2026-08-31T20:57:34.697+00:00,2026-08-31T20:57:34.697+00:00,0.114239,0.26165014000071096,sqs-worker-5986dcd897-x8rdl,ip-192-168-20-201.ec2.internal,8cfa5783d25e6077edbcd883a2f83a3040f8a6cbe3f52c38495d7c52c7dc10eb,1,6334.0,6596.0
1,hpa-poisson-707-025ef3f5,000044,23.032904,2026-08-31T20:57:36.682+00:00,2026-08-31T20:57:32.844+00:00,2026-08-31T20:57:34.392+00:00,2026-08-31T20:57:34.392+00:00,2026-08-31T20:57:34.412+00:00,2026-08-31T20:57:34.412+00:00,0.020236,0.02027316699968651,sqs-worker-5986dcd897-x8rdl,ip-192-168-20-201.ec2.internal,893efb2d0fb39d5d86515ba99adb87d1d63de528b39607f34a8798eeec0a0a86,1,1548.0,1568.0
1,hpa-poisson-707-025ef3f5,000040,21.063174,2026-08-31T20:57:34.712+00:00,2026-08-31T20:57:30.830+00:00,2026-08-31T20:57:34.714+00:00,2026-08-31T20:57:34.714+00:00,2026-08-31T20:57:35.400+00:00,2026-08-31T20:57:35.400+00:00,0.279323,0.685732846000974,sqs-worker-5986dcd897-x8rdl,ip-192-168-20-201.ec2.internal,2d37216aafc6581877952b0c910d0bad2b43a17f0a01b18355a0fc228eea66db,1,3884.0,4570.0
1,hpa-poisson-707-025ef3f5,000043,21.432896,2026-08-31T20:57:35.080+00:00,2026-08-31T20:57:31.202+00:00,2026-08-31T20:57:35.454+00:00,2026-08-31T20:57:35.454+00:00,2026-08-31T20:57:35.709+00:00,2026-08-31T20:57:35.709+00:00,0.1236,0.255054678000306,sqs-worker-5986dcd897-x8rdl,ip-192-168-20-201.ec2.internal,eeef21027217c154c9d1d993a7a6e4d6a9a3eb53283e3d7668ae7f4ec5d60f57,1,4252.0,4507.0
1,hpa-poisson-707-025ef3f5,000047,25.233074,2026-08-31T20:57:38.881+00:00,2026-08-31T20:57:35.004+00:00,2026-08-31T20:57:35.732+00:00,2026-08-31T20:57:35.733+00:00,2026-08-31T20:57:37.376+00:00,2026-08-31T20:57:37.376+00:00,0.643219,1.643426687000101,sqs-worker-5986dcd897-x8rdl,ip-192-168-20-201.ec2.internal,9c807cfaaca4a83eba8df5dff2237a42752263dfc1e9bd8509e4d1180b401442,1,728.0,2372.0
1,hpa-poisson-707-025ef3f5,000046,24.753556,2026-08-31T20:57:38.402+00:00,2026-08-31T20:57:34.524+00:00,2026-08-31T20:57:37.399+00:00,2026-08-31T20:57:37.399+00:00,2026-08-31T20:57:37.425+00:00,2026-08-31T20:57:37.425+00:00,0.026521,0.026554182999461773,sqs-worker-5986dcd897-x8rdl,ip-192-168-20-201.ec2.internal,d8b5b2fe79319802c61a32a9b9669627ce28b30b0dd65f91fa6645e28de4190b,1,2875.0,2901.0
1,hpa-poisson-707-025ef3f5,000045,23.512908,2026-08-31T20:57:37.161+00:00,2026-08-31T20:57:33.284+00:00,2026-08-31T20:57:37.449+00:00,2026-08-31T20:57:37.449+00:00,2026-08-31T20:57:37.897+00:00,2026-08-31T20:57:37.897+00:00,0.186323,0.4475686069999938,sqs-worker-5986dcd897-x8rdl,ip-192-168-20-201.ec2.internal,6157e1f7277fbaa61d8ef977148fa5eb9a7fe8946379402077894ac80bb6631d,1,4165.0,4613.0
1,hpa-poisson-707-025ef3f5,000050,27.434228,2026-08-31T20:57:41.082+00:00,2026-08-31T20:57:37.201+00:00,2026-08-31T20:57:37.989+00:00,2026-08-31T20:57:37.989+00:00,2026-08-31T20:57:38.097+00:00,2026-08-31T20:57:38.097+00:00,0.057813,0.10806347999823629,sqs-worker-5986dcd897-x8rdl,ip-192-168-20-201.ec2.internal,d483ec0d6b1dc9f2130c055045d2007c525513364b671a256b694f77682f6ce5,1,788.0,896.0
1,hpa-poisson-707-025ef3f5,000049,26.952898,2026-08-31T20:57:40.601+00:00,2026-08-31T20:57:36.727+00:00,2026-08-31T20:57:37.943+00:00,2026-08-31T20:57:37.943+00:00,2026-08-31T20:57:37.975+00:00,2026-08-31T20:57:37.975+00:00,0.014545,0.03249963500093145,sqs-worker-5986dcd897-x8rdl,ip-192-168-20-201.ec2.internal,dd7bdfe93518b5eea68c083fa1b8a1e68288e3010d2894a79a59a20d591e2a99,1,1216.0,1248.0
1,hpa-poisson-707-025ef3f5,000048,25.372238,2026-08-31T20:57:39.020+00:00,2026-08-31T20:57:35.142+00:00,2026-08-31T20:57:38.143+00:00,2026-08-31T20:57:38.143+00:00,2026-08-31T20:57:38.817+00:00,2026-08-31T20:57:38.817+00:00,0.288657,0.674432636000347,sqs-worker-5986dcd897-x8rdl,ip-192-168-20-201.ec2.internal,42ed0003e393af9a1a8350a93eeb1007a28513d627e6d942389bd2d7d05c792d,1,3001.0,3675.0
1,hpa-poisson-707-025ef3f5,000051,27.796624,2026-08-31T20:57:41.444+00:00,2026-08-31T20:57:37.568+00:00,2026-08-31T20:57:38.835+00:00,2026-08-31T20:57:38.835+00:00,2026-08-31T20:57:39.187+00:00,2026-08-31T20:57:39.187+00:00,0.123161,0.3512169290006568,sqs-worker-5986dcd897-x8rdl,ip-192-168-20-201.ec2.internal,817620d9ab7a2548a08234d497d0213aa6a6ce3bb4b0b37c0831ecb9da4f4766,1,1267.0,1619.0
1,hpa-poisson-707-025ef3f5,000052,28.82057,2026-08-31T20:57:42.469+00:00,2026-08-31T20:57:38.590+00:00,2026-08-31T20:57:40.259+00:00,2026-08-31T20:57:40.259+00:00,2026-08-31T20:57:41.182+00:00,2026-08-31T20:57:41.182+00:00,0.247925,0.9226191550005751,sqs-worker-5986dcd897-tlwpm,ip-192-168-20-201.ec2.internal,f55a446d7290fe32e5a555f61715d9be9ac3c9ae3fc4dd5f126686a534d5e890,1,1669.0,2592.0
1,hpa-poisson-707-025ef3f5,000053,28.888633,2026-08-31T20:57:42.536+00:00,2026-08-31T20:57:38.661+00:00,2026-08-31T20:57:39.242+00:00,2026-08-31T20:57:39.242+00:00,2026-08-31T20:57:41.700+00:00,2026-08-31T20:57:41.700+00:00,0.582656,2.4579587420012103,sqs-worker-5986dcd897-x8rdl,ip-192-168-20-201.ec2.internal,e86b46dd2fa69683236a616e0330d1590a82ad42befbfe4c4d00b3f1c3a3a0fb,1,581.0,3039.0
1,hpa-poisson-707-025ef3f5,000054,30.173735,2026-08-31T20:57:43.823+00:00,2026-08-31T20:57:39.946+00:00,2026-08-31T20:57:41.800+00:00,2026-08-31T20:57:41.800+00:00,2026-08-31T20:57:42.075+00:00,2026-08-31T20:57:42.075+00:00,0.045798,0.27483305300120264,sqs-worker-5986dcd897-x8rdl,ip-192-168-20-201.ec2.internal,ca2d1c25c4d6270dcb74c3363cdb74326e18297b74151ad2b5fe25ffd461968b,1,1854.0,2129.0
1,hpa-poisson-707-025ef3f5,000057,32.294654,2026-08-31T20:57:45.943+00:00,2026-08-31T20:57:42.066+00:00,2026-08-31T20:57:42.175+00:00,2026-08-31T20:57:42.175+00:00,2026-08-31T20:57:43.014+00:00,2026-08-31T20:57:43.014+00:00,0.263733,0.8390473459985515,sqs-worker-5986dcd897-x8rdl,ip-192-168-20-201.ec2.internal,66b21be8a45c602ffdc933d1557b4252e167ea3a6d0cdfd07b3b4aed3e4e6f80,1,109.0,948.0
1,hpa-poisson-707-025ef3f5,000058,32.915555,2026-08-31T20:57:46.564+00:00,2026-08-31T20:57:42.691+00:00,2026-08-31T20:57:43.046+00:00,2026-08-31T20:57:43.046+00:00,2026-08-31T20:57:43.702+00:00,2026-08-31T20:57:43.702+00:00,0.262419,0.6555396919993655,sqs-worker-5986dcd897-x8rdl,ip-192-168-20-201.ec2.internal,f1a7ffa771395cebec6fb5acdcc489927cbba33ba63756cbbd994a479bf15967,1,355.0,1010.9999999999999
1,hpa-poisson-707-025ef3f5,000056,31.067197,2026-08-31T20:57:44.715+00:00,2026-08-31T20:57:40.836+00:00,2026-08-31T20:57:41.245+00:00,2026-08-31T20:57:41.245+00:00,2026-08-31T20:57:44.387+00:00,2026-08-31T20:57:44.387+00:00,0.709872,3.142708125000354,sqs-worker-5986dcd897-tlwpm,ip-192-168-20-201.ec2.internal,fbc8c32585bd1a0759f03db7af1e17072727d891ab5c5dc7a4c755b6c281f185,1,409.0,3551.0
1,hpa-poisson-707-025ef3f5,000055,31.062532,2026-08-31T20:57:44.711+00:00,2026-08-31T20:57:40.834+00:00,2026-08-31T20:57:43.735+00:00,2026-08-31T20:57:43.735+00:00,2026-08-31T20:57:44.692+00:00,2026-08-31T20:57:44.692+00:00,0.390526,0.9571879879986227,sqs-worker-5986dcd897-x8rdl,ip-192-168-20-201.ec2.internal,d2bfac81f50b79539f95ed609fc638706dc1628343ff7f57f8cc2e0d77266b7a,1,2901.0,3858.0
1,hpa-poisson-707-025ef3f5,000059,34.871863,2026-08-31T20:57:48.521+00:00,2026-08-31T20:57:44.648+00:00,2026-08-31T20:57:44.652+00:00,2026-08-31T20:57:44.652+00:00,2026-08-31T20:57:44.657+00:00,2026-08-31T20:57:44.657+00:00,0.005,0.00503738100087503,sqs-worker-5986dcd897-tlwpm,ip-192-168-20-201.ec2.internal,cfdec426303d0064227d884bd95bfe6ea703a7587c51be4fa92109e3634afad7,1,4.0,9.0
1,hpa-poisson-707-025ef3f5,000060,35.355742,2026-08-31T20:57:49.004+00:00,2026-08-31T20:57:45.127+00:00,2026-08-31T20:57:45.131+00:00,2026-08-31T20:57:45.131+00:00,2026-08-31T20:57:45.724+00:00,2026-08-31T20:57:45.724+00:00,0.242101,0.5926672350014996,sqs-worker-5986dcd897-tlwpm,ip-192-168-20-201.ec2.internal,44e7cf4a1d146750e7d571be27a820dd3c02f0da275108f17769770ba048f0ba,1,4.0,597.0
1,hpa-poisson-707-025ef3f5,000061,36.050421,2026-08-31T20:57:49.699+00:00,2026-08-31T20:57:45.822+00:00,2026-08-31T20:57:45.829+00:00,2026-08-31T20:57:45.829+00:00,2026-08-31T20:57:45.863+00:00,2026-08-31T20:57:45.863+00:00,0.034546,0.0345876639985363,sqs-worker-5986dcd897-x8rdl,ip-192-168-20-201.ec2.internal,7c4914873b3e00cbf78c4823e243f70dc18eeeb27aab544f56ae131582ce77f5,1,7.0,41.0
1,hpa-poisson-707-025ef3f5,000063,37.978814,2026-08-31T20:57:51.627+00:00,2026-08-31T20:57:47.750+00:00,2026-08-31T20:57:47.754+00:00,2026-08-31T20:57:47.754+00:00,2026-08-31T20:57:47.790+00:00,2026-08-31T20:57:47.790+00:00,0.03526,0.03538178300004802,sqs-worker-5986dcd897-tlwpm,ip-192-168-20-201.ec2.internal,0c3eba00d24723d24408a8bb1384e7148d5b5a2d6c4df54dd1e48f986e3cc6a0,1,4.0,40.0
1,hpa-poisson-707-025ef3f5,000062,37.13339,2026-08-31T20:57:50.782+00:00,2026-08-31T20:57:46.906+00:00,2026-08-31T20:57:46.910+00:00,2026-08-31T20:57:46.910+00:00,2026-08-31T20:57:47.995+00:00,2026-08-31T20:57:47.995+00:00,0.451762,1.0847583319991827,sqs-worker-5986dcd897-x8rdl,ip-192-168-20-201.ec2.internal,e8690f7515c756af70be92f5a27020c1f9e6a7fea03b7b47cf32ec9ba5a7f139,1,4.0,1089.0
1,hpa-poisson-707-025ef3f5,000064,38.544532,2026-08-31T20:57:52.193+00:00,2026-08-31T20:57:48.314+00:00,2026-08-31T20:57:48.318+00:00,2026-08-31T20:57:48.318+00:00,2026-08-31T20:57:48.439+00:00,2026-08-31T20:57:48.439+00:00,0.061782,0.120780408000428,sqs-worker-5986dcd897-tlwpm,ip-192-168-20-201.ec2.internal,599ec5f71fa607902354bebc69d6a9721185a87f8c771a762f4f5633c6cc53f9,1,4.0,125.0
1,hpa-poisson-707-025ef3f5,000065,38.760287,2026-08-31T20:57:52.408+00:00,2026-08-31T20:57:48.530+00:00,2026-08-31T20:57:48.534+00:00,2026-08-31T20:57:48.534+00:00,2026-08-31T20:57:48.539+00:00,2026-08-31T20:57:48.539+00:00,0.005,0.005040940999606391,sqs-worker-5986dcd897-tlwpm,ip-192-168-20-201.ec2.internal,008f45fb994b120c9b5120654bc8767c2f3d3d6e5dbdb79f7c00d79a4e0bd429,1,4.0,9.0
1,hpa-poisson-707-025ef3f5,000067,39.205948,2026-08-31T20:57:52.854+00:00,2026-08-31T20:57:48.977+00:00,2026-08-31T20:57:48.990+00:00,2026-08-31T20:57:48.990+00:00,2026-08-31T20:57:49.102+00:00,2026-08-31T20:57:49.102+00:00,0.066834,0.11251417499988747,sqs-worker-5986dcd897-tlwpm,ip-192-168-20-201.ec2.internal,facb7c80e9d92070a6844fd3706832d5d905e897895f612a26a063b14a06dd95,1,13.0,125.0
1,hpa-poisson-707-025ef3f5,000066,38.920516,2026-08-31T20:57:52.568+00:00,2026-08-31T20:57:48.690+00:00,2026-08-31T20:57:48.694+00:00,2026-08-31T20:57:48.694+00:00,2026-08-31T20:57:48.796+00:00,2026-08-31T20:57:48.796+00:00,0.053051,0.10131528400052048,sqs-worker-5986dcd897-x8rdl,ip-192-168-20-201.ec2.internal,25ad9813604053619a945a17351eca6bcc449c929f3efbaaf3fe74b2272e995b,1,4.0,106.0
1,hpa-poisson-707-025ef3f5,000068,39.735324,2026-08-31T20:57:53.383+00:00,2026-08-31T20:57:49.506+00:00,2026-08-31T20:57:49.510+00:00,2026-08-31T20:57:49.510+00:00,2026-08-31T20:57:49.752+00:00,2026-08-31T20:57:49.752+00:00,0.12128,0.24186449599983462,sqs-worker-5986dcd897-tlwpm,ip-192-168-20-201.ec2.internal,4db4737bbdd681920afdc6139787302afdf36aca1c6d3aa16ee4ccc514e1e0d2,1,4.0,246.0
1,hpa-poisson-707-025ef3f5,000070,40.586678,2026-08-31T20:57:54.235+00:00,2026-08-31T20:57:50.358+00:00,2026-08-31T20:57:50.362+00:00,2026-08-31T20:57:50.362+00:00,2026-08-31T20:57:51.223+00:00,2026-08-31T20:57:51.223+00:00,0.218986,0.8608581209991826,sqs-worker-5986dcd897-tlwpm,ip-192-168-20-201.ec2.internal,a609012f685e3a13112ac29a1540f40ce2ef218734571c64f613da449a9eeac6,1,4.0,865.0
1,hpa-poisson-707-025ef3f5,000072,41.152381,2026-08-31T20:57:54.800+00:00,2026-08-31T20:57:50.919+00:00,2026-08-31T20:57:51.282+00:00,2026-08-31T20:57:51.282+00:00,2026-08-31T20:57:51.289+00:00,2026-08-31T20:57:51.289+00:00,0.005,0.007004117998803849,sqs-worker-5986dcd897-tlwpm,ip-192-168-20-201.ec2.internal,4d50889d4412a6875a0fbf029f4737d874b4d6a872eead4bb1e73072026ede05,1,363.0,370.0
1,hpa-poisson-707-025ef3f5,000074,41.427823,2026-08-31T20:57:55.075+00:00,2026-08-31T20:57:51.197+00:00,2026-08-31T20:57:51.323+00:00,2026-08-31T20:57:51.323+00:00,2026-08-31T20:57:51.882+00:00,2026-08-31T20:57:51.882+00:00,0.112605,0.5596558320012264,sqs-worker-5986dcd897-tlwpm,ip-192-168-20-201.ec2.internal,09a2ca39a021ccde76ed22f49671d875b192ad8e060d1b81d4ecf36000b7f28a,1,126.0,685.0
1,hpa-poisson-707-025ef3f5,000073,41.176408,2026-08-31T20:57:54.824+00:00,2026-08-31T20:57:50.946+00:00,2026-08-31T20:57:51.905+00:00,2026-08-31T20:57:51.905+00:00,2026-08-31T20:57:52.989+00:00,2026-08-31T20:57:52.989+00:00,0.196922,1.084179129999029,sqs-worker-5986dcd897-tlwpm,ip-192-168-20-201.ec2.internal,8357b3fb3d6b2aaa1898dab67dac8700af22b9524bc0773d92d6e900ae94e7df,1,959.0,2043.0000000000002
1,hpa-poisson-707-025ef3f5,000069,40.0124,2026-08-31T20:57:53.660+00:00,2026-08-31T20:57:49.782+00:00,2026-08-31T20:57:49.825+00:00,2026-08-31T20:57:49.825+00:00,2026-08-31T20:57:53.296+00:00,2026-08-31T20:57:53.296+00:00,0.862767,3.4717565390001255,sqs-worker-5986dcd897-x8rdl,ip-192-168-20-201.ec2.internal,65363dcabfd5a9068c4dfce864fd22916d64ad210ea634f4968027e9183afbad,1,43.0,3514.0
1,hpa-poisson-707-025ef3f5,000078,43.012719,2026-08-31T20:57:56.659+00:00,2026-08-31T20:57:52.783+00:00,2026-08-31T20:57:53.314+00:00,2026-08-31T20:57:53.314+00:00,2026-08-31T20:57:53.423+00:00,2026-08-31T20:57:53.423+00:00,0.065123,0.10884059300042281,sqs-worker-5986dcd897-x8rdl,ip-192-168-20-201.ec2.internal,e2607bab7f59d8542ac8d1ae094a4aa185ac6f3b0dea5312468b14da664668af,1,531.0,640.0
1,hpa-poisson-707-025ef3f5,000076,42.912777,2026-08-31T20:57:56.560+00:00,2026-08-31T20:57:52.679+00:00,2026-08-31T20:57:53.855+00:00,2026-08-31T20:57:53.855+00:00,2026-08-31T20:57:54.018+00:00,2026-08-31T20:57:54.018+00:00,0.09282,0.16262367499984975,sqs-worker-5986dcd897-x8rdl,ip-192-168-20-201.ec2.internal,5d9a28101f82c87dce8362d28bf337f1e2488e7fe1f3b9357657e82cfc80512f,1,1176.0,1339.0
1,hpa-poisson-707-025ef3f5,000077,42.966324,2026-08-31T20:57:56.613+00:00,2026-08-31T20:57:52.742+00:00,2026-08-31T20:57:53.499+00:00,2026-08-31T20:57:53.499+00:00,2026-08-31T20:57:53.801+00:00,2026-08-31T20:57:53.801+00:00,0.131923,0.3017755210003088,sqs-worker-5986dcd897-x8rdl,ip-192-168-20-201.ec2.internal,2d5e4fe36aa27e36cba1bd93305f0af7e421f9b37eb4b4a33578f65a573bed60,1,757.0,1059.0
1,hpa-poisson-707-025ef3f5,000075,42.647468,2026-08-31T20:57:56.295+00:00,2026-08-31T20:57:52.415+00:00,2026-08-31T20:57:54.044+00:00,2026-08-31T20:57:54.044+00:00,2026-08-31T20:57:54.693+00:00,2026-08-31T20:57:54.693+00:00,0.250912,0.649305237999215,sqs-worker-5986dcd897-x8rdl,ip-192-168-20-201.ec2.internal,e5c88716c2f641023cd5ef0b354ea25c53d6e0b96d19656e442a581ea004b6e8,1,1629.0,2278.0
1,hpa-poisson-707-025ef3f5,000071,41.012731,2026-08-31T20:57:54.661+00:00,2026-08-31T20:57:50.785+00:00,2026-08-31T20:57:53.035+00:00,2026-08-31T20:57:53.035+00:00,2026-08-31T20:57:54.388+00:00,2026-08-31T20:57:54.388+00:00,0.392402,1.353040060001149,sqs-worker-5986dcd897-tlwpm,ip-192-168-20-201.ec2.internal,8c4752a8036650bf092018adc7182876dbe768da84f49f2fd0ec74b66d680218,1,2250.0,3603.0
1,hpa-poisson-707-025ef3f5,000079,46.851419,2026-08-31T20:58:00.500+00:00,2026-08-31T20:57:56.622+00:00,2026-08-31T20:57:56.627+00:00,2026-08-31T20:57:56.627+00:00,2026-08-31T20:57:56.648+00:00,2026-08-31T20:57:56.648+00:00,0.02083,0.0208910029996332,sqs-worker-5986dcd897-tlwpm,ip-192-168-20-201.ec2.internal,72bd5051ed92ea0d0563155ac0bf2b430ee7ab25cd872283a50eaaaf1adebe6f,1,5.0,26.0
1,hpa-poisson-707-025ef3f5,000082,46.976092,2026-08-31T20:58:00.623+00:00,2026-08-31T20:57:56.745+00:00,2026-08-31T20:57:56.750+00:00,2026-08-31T20:57:56.750+00:00,2026-08-31T20:57:56.948+00:00,2026-08-31T20:57:56.948+00:00,0.105864,0.19775097399906372,sqs-worker-5986dcd897-tlwpm,ip-192-168-20-201.ec2.internal,6d52f403799f2aa3ef97528e15c53281930249a83854a22d4894b6d550a86a4e,1,5.0,203.0
1,hpa-poisson-707-025ef3f5,000080,46.877273,2026-08-31T20:58:00.524+00:00,2026-08-31T20:57:56.643+00:00,2026-08-31T20:57:56.647+00:00,2026-08-31T20:57:56.647+00:00,2026-08-31T20:57:56.715+00:00,2026-08-31T20:57:56.715+00:00,0.068461,0.06880598600037047,sqs-worker-5986dcd897-x8rdl,ip-192-168-20-201.ec2.internal,c4bd75295ece21a7a1d0ba481de051c35ffc7b47841673dd8c33eb846ec4cce9,1,4.0,72.0
1,hpa-poisson-707-025ef3f5,000081,46.934767,2026-08-31T20:58:00.581+00:00,2026-08-31T20:57:57.206+00:00,2026-08-31T20:57:57.210+00:00,2026-08-31T20:57:57.210+00:00,2026-08-31T20:57:58.745+00:00,2026-08-31T20:57:58.745+00:00,0.654693,1.534840943000745,sqs-worker-5986dcd897-l2gnv,ip-192-168-20-201.ec2.internal,201f200b717d3e36f078fe570bb67ff7c9004a182847a7f978b79a62f24db75e,1,4.0,1539.0
1,hpa-poisson-707-025ef3f5,000083,48.948583,2026-08-31T20:58:02.597+00:00,2026-08-31T20:57:58.728+00:00,2026-08-31T20:57:58.732+00:00,2026-08-31T20:57:58.732+00:00,2026-08-31T20:57:59.127+00:00,2026-08-31T20:57:59.127+00:00,0.178885,0.3952441479996196,sqs-worker-5986dcd897-74xz8,ip-192-168-20-201.ec2.internal,e9abe2c1b83329894a6a535d557d05cc4e76ea0fef7636539f286f40b9305c2c,1,4.0,399.0
1,hpa-poisson-707-025ef3f5,000085,49.119378,2026-08-31T20:58:02.766+00:00,2026-08-31T20:57:58.886+00:00,2026-08-31T20:57:58.889+00:00,2026-08-31T20:57:58.890+00:00,2026-08-31T20:57:59.086+00:00,2026-08-31T20:57:59.086+00:00,0.092358,0.1963049290006893,sqs-worker-5986dcd897-tlwpm,ip-192-168-20-201.ec2.internal,722f59399f6168dc152d64984a4892284f23e18eee6e38e336b8640fd0db16f9,1,3.0,200.0
1,hpa-poisson-707-025ef3f5,000084,49.017866,2026-08-31T20:58:02.664+00:00,2026-08-31T20:57:58.786+00:00,2026-08-31T20:57:58.790+00:00,2026-08-31T20:57:58.790+00:00,2026-08-31T20:57:59.110+00:00,2026-08-31T20:57:59.110+00:00,0.145719,0.31957042399881175,sqs-worker-5986dcd897-x8rdl,ip-192-168-20-201.ec2.internal,ec3183cc4c8cd3b5e106b504dcd0f2eb436d8a81cc415ef3e5f6bbaea728ac91,1,4.0,324.0
1,hpa-poisson-707-025ef3f5,000086,49.424734,2026-08-31T20:58:03.072+00:00,2026-08-31T20:57:59.191+00:00,2026-08-31T20:57:59.195+00:00,2026-08-31T20:57:59.195+00:00,2026-08-31T20:58:00.137+00:00,2026-08-31T20:58:00.138+00:00,0.397443,0.9426745470009337,sqs-worker-5986dcd897-l2gnv,ip-192-168-20-201.ec2.internal,548e1a3e62710d86830a07593bd13f7bc465cb1554f5331ac5224a9329e1950b,1,4.0,946.0
1,hpa-poisson-707-025ef3f5,000087,50.138005,2026-08-31T20:58:03.785+00:00,2026-08-31T20:57:59.984+00:00,2026-08-31T20:57:59.987+00:00,2026-08-31T20:57:59.987+00:00,2026-08-31T20:58:01.785+00:00,2026-08-31T20:58:01.785+00:00,0.483041,1.797469634000663,sqs-worker-5986dcd897-tlwpm,ip-192-168-20-201.ec2.internal,43dd2272d7199e6d638f69316b85aeab7609e4559b92f794ae8a43ae01d5f4bc,1,3.0,1801.0
1,hpa-poisson-707-025ef3f5,000088,53.324405,2026-08-31T20:58:06.974+00:00,2026-08-31T20:58:03.093+00:00,2026-08-31T20:58:03.097+00:00,2026-08-31T20:58:03.097+00:00,2026-08-31T20:58:03.221+00:00,2026-08-31T20:58:03.221+00:00,0.057132,0.12314296000113245,sqs-worker-5986dcd897-74xz8,ip-192-168-20-201.ec2.internal,2beccfe2d7ba1d93a040372493a36caaace3a777a2167f7c1450817b86525d3f,1,4.0,128.0
1,hpa-poisson-707-025ef3f5,000089,54.777023,2026-08-31T20:58:08.424+00:00,2026-08-31T20:58:04.543+00:00,2026-08-31T20:58:04.546+00:00,2026-08-31T20:58:04.546+00:00,2026-08-31T20:58:04.568+00:00,2026-08-31T20:58:04.568+00:00,0.021527,0.0215660840003693,sqs-worker-5986dcd897-x8rdl,ip-192-168-20-201.ec2.internal,563e02ecd0e4e6873ce4597b82723bee4c68e91648a5eefc88985e0dc1fb64d2,1,3.0,25.0
1,hpa-poisson-707-025ef3f5,000090,54.992582,2026-08-31T20:58:08.639+00:00,2026-08-31T20:58:04.757+00:00,2026-08-31T20:58:04.761+00:00,2026-08-31T20:58:04.761+00:00,2026-08-31T20:58:05.228+00:00,2026-08-31T20:58:05.228+00:00,0.206003,0.4669552859995747,sqs-worker-5986dcd897-tlwpm,ip-192-168-20-201.ec2.internal,3aa5760ffae4b276a020d2dddd49749b9dccc603ef976239bccf414c5ad10934,1,4.0,471.0
1,hpa-poisson-707-025ef3f5,000092,55.711486,2026-08-31T20:58:09.358+00:00,2026-08-31T20:58:05.480+00:00,2026-08-31T20:58:05.484+00:00,2026-08-31T20:58:05.484+00:00,2026-08-31T20:58:05.730+00:00,2026-08-31T20:58:05.730+00:00,0.10663,0.24612061100015126,sqs-worker-5986dcd897-x8rdl,ip-192-168-20-201.ec2.internal,3092199e81f4067a4fe8fb190e7410269c380b7f2f6f5e225b05163c51839ff1,1,4.0,250.0
1,hpa-poisson-707-025ef3f5,000091,55.657546,2026-08-31T20:58:09.305+00:00,2026-08-31T20:58:05.423+00:00,2026-08-31T20:58:05.428+00:00,2026-08-31T20:58:05.428+00:00,2026-08-31T20:58:06.121+00:00,2026-08-31T20:58:06.121+00:00,0.189573,0.6931348119996983,sqs-worker-5986dcd897-l2gnv,ip-192-168-20-201.ec2.internal,f1b687e62717e4a28b5bb10936766de69e346084681fcea5072a042ca8fb90cc,1,5.0,698.0
1,hpa-poisson-707-025ef3f5,000094,56.567679,2026-08-31T20:58:10.214+00:00,2026-08-31T20:58:06.333+00:00,2026-08-31T20:58:06.337+00:00,2026-08-31T20:58:06.337+00:00,2026-08-31T20:58:06.686+00:00,2026-08-31T20:58:06.686+00:00,0.170032,0.3488693430008425,sqs-worker-5986dcd897-x8rdl,ip-192-168-20-201.ec2.internal,6582513df7b25b1e7eeb2699479f53d98fa8050197731e700b00d064e9b6f1c6,1,4.0,353.0
1,hpa-poisson-707-025ef3f5,000095,56.77594,2026-08-31T20:58:10.423+00:00,2026-08-31T20:58:06.542+00:00,2026-08-31T20:58:06.545+00:00,2026-08-31T20:58:06.545+00:00,2026-08-31T20:58:06.946+00:00,2026-08-31T20:58:06.946+00:00,0.172641,0.4002553779992013,sqs-worker-5986dcd897-tlwpm,ip-192-168-20-201.ec2.internal,d5d1a7cc37bbcc7b2bc28ec662dadf19f5f17584760c39c75d245cba98d49dc9,1,3.0,404.0
1,hpa-poisson-707-025ef3f5,000096,56.938034,2026-08-31T20:58:10.585+00:00,2026-08-31T20:58:06.703+00:00,2026-08-31T20:58:06.737+00:00,2026-08-31T20:58:06.737+00:00,2026-08-31T20:58:07.180+00:00,2026-08-31T20:58:07.180+00:00,0.09631,0.44387595300031535,sqs-worker-5986dcd897-74xz8,ip-192-168-20-201.ec2.internal,1937d7cd02ca45da3f6e323c8e48997837f3e940fbb843665c7cbd86fb0ed34a,1,34.0,477.0
1,hpa-poisson-707-025ef3f5,000093,56.538625,2026-08-31T20:58:10.186+00:00,2026-08-31T20:58:06.312+00:00,2026-08-31T20:58:06.322+00:00,2026-08-31T20:58:06.322+00:00,2026-08-31T20:58:07.924+00:00,2026-08-31T20:58:07.924+00:00,0.293185,1.6016160780000064,sqs-worker-5986dcd897-l2gnv,ip-192-168-20-201.ec2.internal,58f1a990d0eb44fe0c57b61fda13d6ce3b5d9fdceff13bb1e5f6d43a91116a92,1,10.0,1612.0
1,hpa-poisson-707-025ef3f5,000097,58.59052,2026-08-31T20:58:12.239+00:00,2026-08-31T20:58:08.357+00:00,2026-08-31T20:58:08.362+00:00,2026-08-31T20:58:08.362+00:00,2026-08-31T20:58:08.692+00:00,2026-08-31T20:58:08.692+00:00,0.158069,0.3301695239988476,sqs-worker-5986dcd897-tlwpm,ip-192-168-20-201.ec2.internal,196a15e9225ca50e83617615340fbc2125d562206ad271f40dc6cd9b944794f6,1,5.0,335.0
1,hpa-poisson-707-025ef3f5,000100,59.409706,2026-08-31T20:58:13.057+00:00,2026-08-31T20:58:09.175+00:00,2026-08-31T20:58:09.179+00:00,2026-08-31T20:58:09.179+00:00,2026-08-31T20:58:09.203+00:00,2026-08-31T20:58:09.203+00:00,0.023541,0.0236009459986235,sqs-worker-5986dcd897-tlwpm,ip-192-168-20-201.ec2.internal,7258825bcf34d07fab72640434bcf46d1ab708f92fa0115a772b7ecf52adb890,1,4.0,28.0
1,hpa-poisson-707-025ef3f5,000098,58.843483,2026-08-31T20:58:12.490+00:00,2026-08-31T20:58:08.610+00:00,2026-08-31T20:58:08.614+00:00,2026-08-31T20:58:08.614+00:00,2026-08-31T20:58:09.225+00:00,2026-08-31T20:58:09.225+00:00,0.261182,0.6106343449991982,sqs-worker-5986dcd897-l2gnv,ip-192-168-20-201.ec2.internal,fecdd6da285bbb3add6e8b75b7266e01cba7eb3475aad595edc07c0ec491f0aa,1,4.0,615.0
1,hpa-poisson-707-025ef3f5,000099,59.196996,2026-08-31T20:58:12.844+00:00,2026-08-31T20:58:08.961+00:00,2026-08-31T20:58:08.966+00:00,2026-08-31T20:58:08.966+00:00,2026-08-31T20:58:09.493+00:00,2026-08-31T20:58:09.493+00:00,0.228357,0.5270834759994614,sqs-worker-5986dcd897-74xz8,ip-192-168-20-201.ec2.internal,e068fc9f6c69901e0d53bf555be9fc818ca69438e358e566e01a42b17b4d75b4,1,5.0,532.0
1,hpa-poisson-707-025ef3f5,000101,59.846773,2026-08-31T20:58:13.494+00:00,2026-08-31T20:58:09.611+00:00,2026-08-31T20:58:09.616+00:00,2026-08-31T20:58:09.616+00:00,2026-08-31T20:58:10.007+00:00,2026-08-31T20:58:10.007+00:00,0.161195,0.3911496319997241,sqs-worker-5986dcd897-l2gnv,ip-192-168-20-201.ec2.internal,7e6d03174451e4c404d8f8be3bce3893cf743e8a4780986f1d44b9aeaac5c9df,1,5.0,396.0
1,hpa-poisson-707-025ef3f5,000102,60.063293,2026-08-31T20:58:13.710+00:00,2026-08-31T20:58:09.827+00:00,2026-08-31T20:58:09.831+00:00,2026-08-31T20:58:09.831+00:00,2026-08-31T20:58:10.951+00:00,2026-08-31T20:58:10.951+00:00,0.465868,1.1205320280005253,sqs-worker-5986dcd897-74xz8,ip-192-168-20-201.ec2.internal,ecbda5b351a6734e779fb81b14ee90c7d249e4a88799e8bfcbf821a6dc02554c,1,4.0,1124.0
1,hpa-poisson-707-025ef3f5,000104,61.112791,2026-08-31T20:58:14.759+00:00,2026-08-31T20:58:10.883+00:00,2026-08-31T20:58:10.887+00:00,2026-08-31T20:58:10.887+00:00,2026-08-31T20:58:11.207+00:00,2026-08-31T20:58:11.207+00:00,0.132314,0.31999873200038564,sqs-worker-5986dcd897-l2gnv,ip-192-168-20-201.ec2.internal,66b22cec14d52c664445cf53e4023507b7545492ff02784c811233b15b95828a,1,4.0,324.0
1,hpa-poisson-707-025ef3f5,000105,61.597586,2026-08-31T20:58:15.245+00:00,2026-08-31T20:58:11.367+00:00,2026-08-31T20:58:11.371+00:00,2026-08-31T20:58:11.372+00:00,2026-08-31T20:58:11.380+00:00,2026-08-31T20:58:11.380+00:00,0.008346,0.00838458299949707,sqs-worker-5986dcd897-x8rdl,ip-192-168-20-201.ec2.internal,3d8eb76f87579779f8c8c0eb3d73acf595a51b1e83f89593cc7a8cf2af30c915,1,4.0,13.0
1,hpa-poisson-707-025ef3f5,000106,62.404527,2026-08-31T20:58:16.052+00:00,2026-08-31T20:58:12.170+00:00,2026-08-31T20:58:12.174+00:00,2026-08-31T20:58:12.174+00:00,2026-08-31T20:58:12.381+00:00,2026-08-31T20:58:12.381+00:00,0.099923,0.20768788299938024,sqs-worker-5986dcd897-l2gnv,ip-192-168-20-201.ec2.internal,7841e078130eb36d350b9f9394483add3164203f62522e0b16c794d765df9bfa,1,4.0,211.0
1,hpa-poisson-707-025ef3f5,000103,60.966304,2026-08-31T20:58:14.614+00:00,2026-08-31T20:58:10.732+00:00,2026-08-31T20:58:10.736+00:00,2026-08-31T20:58:10.736+00:00,2026-08-31T20:58:12.526+00:00,2026-08-31T20:58:12.526+00:00,0.280997,1.790083907000735,sqs-worker-5986dcd897-tlwpm,ip-192-168-20-201.ec2.internal,85725d2d4334f3c928d828c1ced1b2387a90c5a68b4c4ecf01b91dd0d61c4b20,1,4.0,1794.0
1,hpa-poisson-707-025ef3f5,000107,63.478173,2026-08-31T20:58:17.126+00:00,2026-08-31T20:58:13.243+00:00,2026-08-31T20:58:13.248+00:00,2026-08-31T20:58:13.248+00:00,2026-08-31T20:58:13.335+00:00,2026-08-31T20:58:13.335+00:00,0.052841,0.08692116499878466,sqs-worker-5986dcd897-tlwpm,ip-192-168-20-201.ec2.internal,f78efb70bcb21bf8b3008a4a89ed8c68f42f9f79cd3a08de01be549212712fd7,1,5.0,92.0
1,hpa-poisson-707-025ef3f5,000108,63.771921,2026-08-31T20:58:17.419+00:00,2026-08-31T20:58:13.537+00:00,2026-08-31T20:58:13.542+00:00,2026-08-31T20:58:13.542+00:00,2026-08-31T20:58:14.219+00:00,2026-08-31T20:58:14.219+00:00,0.302398,0.6772910510007932,sqs-worker-5986dcd897-74xz8,ip-192-168-20-201.ec2.internal,30fbf9bb7b22b122a4727bb67c261567cfac5ae12921aadbde4d42bc453d13aa,1,5.0,682.0
1,hpa-poisson-707-025ef3f5,000109,64.083483,2026-08-31T20:58:17.730+00:00,2026-08-31T20:58:13.851+00:00,2026-08-31T20:58:13.857+00:00,2026-08-31T20:58:13.857+00:00,2026-08-31T20:58:14.679+00:00,2026-08-31T20:58:14.679+00:00,0.347861,0.8219840359997761,sqs-worker-5986dcd897-l2gnv,ip-192-168-20-201.ec2.internal,68517375dd4c0ffb38356e0fc74e10919e85bc5a3ab5ec3d9550734f52cb9f02,1,6.0,828.0
1,hpa-poisson-707-025ef3f5,000110,65.020474,2026-08-31T20:58:18.668+00:00,2026-08-31T20:58:14.787+00:00,2026-08-31T20:58:14.792+00:00,2026-08-31T20:58:14.792+00:00,2026-08-31T20:58:15.306+00:00,2026-08-31T20:58:15.306+00:00,0.219203,0.5139721569994435,sqs-worker-5986dcd897-74xz8,ip-192-168-20-201.ec2.internal,458362ec1a6a97a149aaa087aff0abc9c84f31e9876fc4e88a6d983624038f00,1,5.0,519.0
1,hpa-poisson-707-025ef3f5,000111,65.021594,2026-08-31T20:58:18.670+00:00,2026-08-31T20:58:14.793+00:00,2026-08-31T20:58:14.796+00:00,2026-08-31T20:58:14.796+00:00,2026-08-31T20:58:15.332+00:00,2026-08-31T20:58:15.332+00:00,0.240442,0.5352093239998794,sqs-worker-5986dcd897-tlwpm,ip-192-168-20-201.ec2.internal,801e0c63c4ab1d85cab8744adf6aa29e95bdab453f964d30f45023dca6769e0d,1,3.0,539.0
1,hpa-poisson-707-025ef3f5,000115,66.086865,2026-08-31T20:58:19.733+00:00,2026-08-31T20:58:15.857+00:00,2026-08-31T20:58:15.861+00:00,2026-08-31T20:58:15.861+00:00,2026-08-31T20:58:15.867+00:00,2026-08-31T20:58:15.867+00:00,0.005,0.005958877000011853,sqs-worker-5986dcd897-l2gnv,ip-192-168-20-201.ec2.internal,046dd098ed4d6cf9353dc7ba7eeea7c0c86d686ba0fc7c5972248927920f6247,1,4.0,10.0
1,hpa-poisson-707-025ef3f5,000112,65.77136,2026-08-31T20:58:19.419+00:00,2026-08-31T20:58:15.537+00:00,2026-08-31T20:58:15.540+00:00,2026-08-31T20:58:15.540+00:00,2026-08-31T20:58:15.550+00:00,2026-08-31T20:58:15.550+00:00,0.00991,0.009970492999855196,sqs-worker-5986dcd897-74xz8,ip-192-168-20-201.ec2.internal,6f39efa82321bc376fa39bb7c4cce621167d3b6456b933e0ae6f872b91fa271e,1,3.0,13.0
1,hpa-poisson-707-025ef3f5,000114,66.083408,2026-08-31T20:58:19.730+00:00,2026-08-31T20:58:15.851+00:00,2026-08-31T20:58:15.878+00:00,2026-08-31T20:58:15.878+00:00,2026-08-31T20:58:16.173+00:00,2026-08-31T20:58:16.173+00:00,0.069977,0.29510497199953534,sqs-worker-5986dcd897-74xz8,ip-192-168-20-201.ec2.internal,465c010186c2dd3f8c2bd7648f52e9cef397106a03d90aab569a4438fcb7c700,1,27.0,322.0
1,hpa-poisson-707-025ef3f5,000113,65.861847,2026-08-31T20:58:19.508+00:00,2026-08-31T20:58:15.625+00:00,2026-08-31T20:58:15.630+00:00,2026-08-31T20:58:15.630+00:00,2026-08-31T20:58:16.236+00:00,2026-08-31T20:58:16.236+00:00,0.254874,0.606437525999354,sqs-worker-5986dcd897-tlwpm,ip-192-168-20-201.ec2.internal,4c420e6a5c176a15de5a860e50114edb542a4fa911687c8bb63090f15017e759,1,5.0,611.0
1,hpa-poisson-707-025ef3f5,000118,67.012974,2026-08-31T20:58:20.660+00:00,2026-08-31T20:58:16.777+00:00,2026-08-31T20:58:16.782+00:00,2026-08-31T20:58:16.782+00:00,2026-08-31T20:58:17.030+00:00,2026-08-31T20:58:17.030+00:00,0.117965,0.24749667600008252,sqs-worker-5986dcd897-tlwpm,ip-192-168-20-201.ec2.internal,6a8ece56617a6ef63e41dd5e8e06e7e670424bcf0c6b58fecdf37144da74e88e,1,5.0,253.0
1,hpa-poisson-707-025ef3f5,000117,66.804648,2026-08-31T20:58:20.451+00:00,2026-08-31T20:58:16.569+00:00,2026-08-31T20:58:16.573+00:00,2026-08-31T20:58:16.573+00:00,2026-08-31T20:58:16.787+00:00,2026-08-31T20:58:16.787+00:00,0.090812,0.2144689759988978,sqs-worker-5986dcd897-x8rdl,ip-192-168-20-201.ec2.internal,2ef495daa8f2dd4758df79f072e3b80e4c4398a733902d6249e53b6c68141786,1,4.0,218.0
1,hpa-poisson-707-025ef3f5,000119,68.068721,2026-08-31T20:58:21.716+00:00,2026-08-31T20:58:17.835+00:00,2026-08-31T20:58:17.840+00:00,2026-08-31T20:58:17.840+00:00,2026-08-31T20:58:17.923+00:00,2026-08-31T20:58:17.923+00:00,0.072646,0.08272582500103454,sqs-worker-5986dcd897-x8rdl,ip-192-168-20-201.ec2.internal,f1c22d6823ec65dd2d5d6fa2a65b2d337f15058854592f738282b7c9a6436e8f,1,5.0,88.0
1,hpa-poisson-707-025ef3f5,000116,66.787291,2026-08-31T20:58:20.435+00:00,2026-08-31T20:58:16.553+00:00,2026-08-31T20:58:16.587+00:00,2026-08-31T20:58:16.587+00:00,2026-08-31T20:58:18.925+00:00,2026-08-31T20:58:18.925+00:00,0.647869,2.3380612969995127,sqs-worker-5986dcd897-74xz8,ip-192-168-20-201.ec2.internal,e9b2e8756d696a8817a6714076b73bcc93c09802e083a7d8ca6bf2e446624d18,1,34.0,2372.0
1,hpa-poisson-707-025ef3f5,000120,69.498471,2026-08-31T20:58:23.146+00:00,2026-08-31T20:58:19.264+00:00,2026-08-31T20:58:19.268+00:00,2026-08-31T20:58:19.268+00:00,2026-08-31T20:58:20.595+00:00,2026-08-31T20:58:20.595+00:00,0.549681,1.3271818319990416,sqs-worker-5986dcd897-l2gnv,ip-192-168-20-201.ec2.internal,8f707151c4b0553f8064728347b31ba59083ff251d29713cfcb2c56636b68a6f,1,4.0,1331.0
1,hpa-poisson-707-025ef3f5,000122,71.019049,2026-08-31T20:58:24.666+00:00,2026-08-31T20:58:20.789+00:00,2026-08-31T20:58:20.793+00:00,2026-08-31T20:58:20.793+00:00,2026-08-31T20:58:21.420+00:00,2026-08-31T20:58:21.420+00:00,0.259679,0.6274021440003708,sqs-worker-5986dcd897-l2gnv,ip-192-168-20-201.ec2.internal,853e959556fb47eca0643671ac30cc3643e1ca1bc188dd67681f94a3846ae762,1,4.0,631.0
1,hpa-poisson-707-025ef3f5,000123,71.434305,2026-08-31T20:58:25.080+00:00,2026-08-31T20:58:21.199+00:00,2026-08-31T20:58:21.202+00:00,2026-08-31T20:58:21.202+00:00,2026-08-31T20:58:21.431+00:00,2026-08-31T20:58:21.432+00:00,0.108671,0.2291133059989079,sqs-worker-5986dcd897-74xz8,ip-192-168-20-201.ec2.internal,872795d1107a9192e3ae85d2af8774dac5823ad35043eeda75b6397d17956f1d,1,3.0,232.0
1,hpa-poisson-707-025ef3f5,000121,71.008891,2026-08-31T20:58:24.657+00:00,2026-08-31T20:58:20.781+00:00,2026-08-31T20:58:20.796+00:00,2026-08-31T20:58:20.797+00:00,2026-08-31T20:58:21.511+00:00,2026-08-31T20:58:21.511+00:00,0.155541,0.7143207409990282,sqs-worker-5986dcd897-x8rdl,ip-192-168-20-201.ec2.internal,92fe531b07034bd6bff7264c1afe51df4a4f27a98a0085e966354bbb1b24c350,1,15.0,730.0
1,hpa-poisson-707-025ef3f5,000126,72.527734,2026-08-31T20:58:26.173+00:00,2026-08-31T20:58:22.292+00:00,2026-08-31T20:58:22.296+00:00,2026-08-31T20:58:22.296+00:00,2026-08-31T20:58:22.301+00:00,2026-08-31T20:58:22.301+00:00,0.005,0.00504880799962848,sqs-worker-5986dcd897-l2gnv,ip-192-168-20-201.ec2.internal,a730d1363f900af64177e0b9fcb64640db389288122c7de26e87052c810fa48a,1,4.0,9.0
1,hpa-poisson-707-025ef3f5,000125,72.043212,2026-08-31T20:58:25.689+00:00,2026-08-31T20:58:21.810+00:00,2026-08-31T20:58:21.815+00:00,2026-08-31T20:58:21.815+00:00,2026-08-31T20:58:22.508+00:00,2026-08-31T20:58:22.508+00:00,0.304171,0.6930907129990374,sqs-worker-5986dcd897-x8rdl,ip-192-168-20-201.ec2.internal,f8a4bf8715ba9d76d13ba27460f9c04a2bfda4d2cd46d50ee250bd1e4fcc0e33,1,5.0,698.0
1,hpa-poisson-707-025ef3f5,000127,72.87086,2026-08-31T20:58:26.516+00:00,2026-08-31T20:58:22.641+00:00,2026-08-31T20:58:22.645+00:00,2026-08-31T20:58:22.645+00:00,2026-08-31T20:58:22.907+00:00,2026-08-31T20:58:22.907+00:00,0.143038,0.2615515329998743,sqs-worker-5986dcd897-x8rdl,ip-192-168-20-201.ec2.internal,125d2c05878cd0ad9d6a0db3bf0189ed59be3c9321d22da5b5547939b5cc1d5d,1,4.0,266.0
1,hpa-poisson-707-025ef3f5,000124,71.653768,2026-08-31T20:58:25.299+00:00,2026-08-31T20:58:21.419+00:00,2026-08-31T20:58:21.423+00:00,2026-08-31T20:58:21.423+00:00,2026-08-31T20:58:22.627+00:00,2026-08-31T20:58:22.627+00:00,0.263644,1.2044068649993278,sqs-worker-5986dcd897-tlwpm,ip-192-168-20-201.ec2.internal,6b8a519b3dce02084d54f9927c83e1e2642df3a4e2be32693803be5971edbd3f,1,4.0,1208.0
1,hpa-poisson-707-025ef3f5,000128,73.441697,2026-08-31T20:58:27.087+00:00,2026-08-31T20:58:23.212+00:00,2026-08-31T20:58:23.222+00:00,2026-08-31T20:58:23.222+00:00,2026-08-31T20:58:23.309+00:00,2026-08-31T20:58:23.309+00:00,0.044508,0.08738213499964331,sqs-worker-5986dcd897-l2gnv,ip-192-168-20-201.ec2.internal,06813a4aefc06ebe1a159f216c9134dd6636469627380316c320ce53669097db,1,10.0,97.0
1,hpa-poisson-707-025ef3f5,000129,73.619335,2026-08-31T20:58:27.264+00:00,2026-08-31T20:58:23.385+00:00,2026-08-31T20:58:23.390+00:00,2026-08-31T20:58:23.390+00:00,2026-08-31T20:58:24.216+00:00,2026-08-31T20:58:24.216+00:00,0.345501,0.8267035589997249,sqs-worker-5986dcd897-l2gnv,ip-192-168-20-201.ec2.internal,3aefb1f69407c84e7099fa0ab4382a6e9fc99537c1c6c9c35afba6aad9fdf16c,1,5.0,831.0
1,hpa-poisson-707-025ef3f5,000131,75.146112,2026-08-31T20:58:28.791+00:00,2026-08-31T20:58:24.913+00:00,2026-08-31T20:58:24.917+00:00,2026-08-31T20:58:24.917+00:00,2026-08-31T20:58:25.721+00:00,2026-08-31T20:58:25.721+00:00,0.344968,0.8039819670011639,sqs-worker-5986dcd897-x8rdl,ip-192-168-20-201.ec2.internal,39d39733095f9767e78dae7a43a69076d90c2e0da23550dec5db09d929296334,1,4.0,808.0
1,hpa-poisson-707-025ef3f5,000132,75.633393,2026-08-31T20:58:29.279+00:00,2026-08-31T20:58:25.398+00:00,2026-08-31T20:58:25.402+00:00,2026-08-31T20:58:25.402+00:00,2026-08-31T20:58:25.861+00:00,2026-08-31T20:58:25.861+00:00,0.203093,0.4586366969997471,sqs-worker-5986dcd897-tlwpm,ip-192-168-20-201.ec2.internal,b95e0532a8a73c578bc0d2a7f4e1f33ed982006b03ae74e5eb4dc7299f6f7c28,1,4.0,463.0
1,hpa-poisson-707-025ef3f5,000130,75.019686,2026-08-31T20:58:28.666+00:00,2026-08-31T20:58:24.785+00:00,2026-08-31T20:58:24.789+00:00,2026-08-31T20:58:24.789+00:00,2026-08-31T20:58:26.222+00:00,2026-08-31T20:58:26.222+00:00,0.446422,1.4330419910002092,sqs-worker-5986dcd897-74xz8,ip-192-168-20-201.ec2.internal,da0a83d30d9d2acd53b31970a6d636bedebed4b23a20fa96ca5ca00a29318e3b,1,4.0,1437.0
1,hpa-poisson-707-025ef3f5,000133,76.017761,2026-08-31T20:58:29.663+00:00,2026-08-31T20:58:25.789+00:00,2026-08-31T20:58:25.793+00:00,2026-08-31T20:58:25.793+00:00,2026-08-31T20:58:26.290+00:00,2026-08-31T20:58:26.290+00:00,0.206859,0.49685146599949803,sqs-worker-5986dcd897-x8rdl,ip-192-168-20-201.ec2.internal,81abc73e9737e823c25c1e557a9f375c772cd6167c7aca9df20e7556c3beaede,1,4.0,501.0
1,hpa-poisson-707-025ef3f5,000135,77.551698,2026-08-31T20:58:31.197+00:00,2026-08-31T20:58:27.316+00:00,2026-08-31T20:58:27.360+00:00,2026-08-31T20:58:27.360+00:00,2026-08-31T20:58:27.787+00:00,2026-08-31T20:58:27.787+00:00,0.184551,0.42676813199977914,sqs-worker-5986dcd897-tlwpm,ip-192-168-20-201.ec2.internal,5967a99e357ce786c6b826e11d805ae1ef7a35976f3b546e57f647dc70bd3a9f,1,44.0,471.0
1,hpa-poisson-707-025ef3f5,000136,77.58337,2026-08-31T20:58:31.228+00:00,2026-08-31T20:58:27.347+00:00,2026-08-31T20:58:27.351+00:00,2026-08-31T20:58:27.351+00:00,2026-08-31T20:58:28.506+00:00,2026-08-31T20:58:28.506+00:00,0.481047,1.1548336559990275,sqs-worker-5986dcd897-l2gnv,ip-192-168-20-201.ec2.internal,55958e8c3913335a28ae55a500920e8d1e57685f38135471cde0c50587ddca91,1,4.0,1159.0
1,hpa-poisson-707-025ef3f5,000134,76.759216,2026-08-31T20:58:30.405+00:00,2026-08-31T20:58:26.529+00:00,2026-08-31T20:58:26.533+00:00,2026-08-31T20:58:26.533+00:00,2026-08-31T20:58:29.008+00:00,2026-08-31T20:58:29.008+00:00,0.598927,2.4749937640008284,sqs-worker-5986dcd897-74xz8,ip-192-168-20-201.ec2.internal,9666223351147502bfb788363bf0a2f9c5825fbdc4b28fd87c08c1dab745135c,1,4.0,2479.0
1,hpa-poisson-707-025ef3f5,000138,79.463664,2026-08-31T20:58:33.109+00:00,2026-08-31T20:58:29.229+00:00,2026-08-31T20:58:29.233+00:00,2026-08-31T20:58:29.233+00:00,2026-08-31T20:58:29.405+00:00,2026-08-31T20:58:29.405+00:00,0.081786,0.17226042200127267,sqs-worker-5986dcd897-74xz8,ip-192-168-20-201.ec2.internal,75dd487d7c14ec119685976951201830e618b7ae616863700c7aa8863d158cc5,1,4.0,176.0
1,hpa-poisson-707-025ef3f5,000139,79.717646,2026-08-31T20:58:33.363+00:00,2026-08-31T20:58:29.487+00:00,2026-08-31T20:58:29.491+00:00,2026-08-31T20:58:29.491+00:00,2026-08-31T20:58:29.810+00:00,2026-08-31T20:58:29.810+00:00,0.141063,0.31947685700106376,sqs-worker-5986dcd897-74xz8,ip-192-168-20-201.ec2.internal,d7e867bd9722d713a73b11d4f0f7f2916d6982a0cea69f8533c6c1c0ad836e62,1,4.0,323.0
1,hpa-poisson-707-025ef3f5,000140,79.778451,2026-08-31T20:58:33.423+00:00,2026-08-31T20:58:29.543+00:00,2026-08-31T20:58:29.547+00:00,2026-08-31T20:58:29.547+00:00,2026-08-31T20:58:30.084+00:00,2026-08-31T20:58:30.084+00:00,0.158706,0.5365078920003725,sqs-worker-5986dcd897-x8rdl,ip-192-168-20-201.ec2.internal,a35108bc00981463cd921b1cbbe9adc788741e275fa8914acaf22e72d399b791,1,4.0,541.0
1,hpa-poisson-707-025ef3f5,000137,79.446936,2026-08-31T20:58:33.094+00:00,2026-08-31T20:58:29.213+00:00,2026-08-31T20:58:29.217+00:00,2026-08-31T20:58:29.217+00:00,2026-08-31T20:58:30.026+00:00,2026-08-31T20:58:30.026+00:00,0.34125,0.8087720029998309,sqs-worker-5986dcd897-l2gnv,ip-192-168-20-201.ec2.internal,f1fd55d8477fb1fa8c54f9a7bc200259942ca96d379f5a36a014e1b66f6c1591,1,4.0,813.0
1,hpa-poisson-707-025ef3f5,000141,82.517262,2026-08-31T20:58:36.165+00:00,2026-08-31T20:58:32.283+00:00,2026-08-31T20:58:32.287+00:00,2026-08-31T20:58:32.287+00:00,2026-08-31T20:58:32.800+00:00,2026-08-31T20:58:32.800+00:00,0.226813,0.5128885780013661,sqs-worker-5986dcd897-tlwpm,ip-192-168-20-201.ec2.internal,63428119d73ba7257c05f402a855ac3ca60b9adaa07798242d32317d0830b989,1,4.0,517.0
1,hpa-poisson-707-025ef3f5,000142,82.706497,2026-08-31T20:58:36.352+00:00,2026-08-31T20:58:32.477+00:00,2026-08-31T20:58:32.480+00:00,2026-08-31T20:58:32.480+00:00,2026-08-31T20:58:33.012+00:00,2026-08-31T20:58:33.012+00:00,0.234691,0.5321035030010535,sqs-worker-5986dcd897-l2gnv,ip-192-168-20-201.ec2.internal,b9f8f97d3a1def9af9cb15cd14f3cc5df0a2edb9dd85abcf62ced908c67b82b6,1,3.0,535.0
1,hpa-poisson-707-025ef3f5,000143,83.732552,2026-08-31T20:58:37.378+00:00,2026-08-31T20:58:33.499+00:00,2026-08-31T20:58:33.503+00:00,2026-08-31T20:58:33.503+00:00,2026-08-31T20:58:34.118+00:00,2026-08-31T20:58:34.118+00:00,0.256162,0.6152126850010973,sqs-worker-5986dcd897-74xz8,ip-192-168-20-201.ec2.internal,f3836b61eead8a8febd8cdcff57f5b9840ad614c9b8a26eb2415d0557034f43c,1,4.0,619.0
1,hpa-poisson-707-025ef3f5,000144,84.570551,2026-08-31T20:58:38.216+00:00,2026-08-31T20:58:34.340+00:00,2026-08-31T20:58:34.344+00:00,2026-08-31T20:58:34.344+00:00,2026-08-31T20:58:34.518+00:00,2026-08-31T20:58:34.518+00:00,0.100671,0.17354571699979715,sqs-worker-5986dcd897-74xz8,ip-192-168-20-201.ec2.internal,00ab7aae3c980b97d0e06850118448a5f67f3011e9ceb6242e5c1151d368a3bd,1,4.0,178.0
1,hpa-poisson-707-025ef3f5,000145,84.904468,2026-08-31T20:58:38.550+00:00,2026-08-31T20:58:34.667+00:00,2026-08-31T20:58:34.670+00:00,2026-08-31T20:58:34.670+00:00,2026-08-31T20:58:35.172+00:00,2026-08-31T20:58:35.172+00:00,0.211551,0.501901525998619,sqs-worker-5986dcd897-l2gnv,ip-192-168-20-201.ec2.internal,a7b995bb01303f6ed4edb88e3417f6391427619dcde89942c31ef20434088830,1,3.0,505.0
1,hpa-poisson-707-025ef3f5,000146,85.531951,2026-08-31T20:58:39.178+00:00,2026-08-31T20:58:35.295+00:00,2026-08-31T20:58:35.299+00:00,2026-08-31T20:58:35.299+00:00,2026-08-31T20:58:35.315+00:00,2026-08-31T20:58:35.315+00:00,0.01577,0.015807772999323788,sqs-worker-5986dcd897-74xz8,ip-192-168-20-201.ec2.internal,98ff83bc56ae5a046d5b872ca188dbb5349678eaf6ad0432ce843b1eccbbcbb7,1,4.0,20.0
1,hpa-poisson-707-025ef3f5,000148,87.509351,2026-08-31T20:58:41.155+00:00,2026-08-31T20:58:37.273+00:00,2026-08-31T20:58:37.277+00:00,2026-08-31T20:58:37.277+00:00,2026-08-31T20:58:37.438+00:00,2026-08-31T20:58:37.438+00:00,0.080712,0.16088959599983355,sqs-worker-5986dcd897-tlwpm,ip-192-168-20-201.ec2.internal,a480302035eed3e98181f2cd5ddbeebe20b7cec9d96cb9d5e531bab645352fd6,1,4.0,165.0
1,hpa-poisson-707-025ef3f5,000147,87.092602,2026-08-31T20:58:40.738+00:00,2026-08-31T20:58:36.857+00:00,2026-08-31T20:58:36.861+00:00,2026-08-31T20:58:36.861+00:00,2026-08-31T20:58:38.382+00:00,2026-08-31T20:58:38.382+00:00,0.538304,1.5212684170001012,sqs-worker-5986dcd897-74xz8,ip-192-168-20-201.ec2.internal,380d0d91f5309690830498abf8474a2a5116c236e426592279df4d507d71943f,1,4.0,1525.0
1,hpa-poisson-707-025ef3f5,000151,88.425411,2026-08-31T20:58:42.071+00:00,2026-08-31T20:58:38.190+00:00,2026-08-31T20:58:38.193+00:00,2026-08-31T20:58:38.193+00:00,2026-08-31T20:58:38.544+00:00,2026-08-31T20:58:38.544+00:00,0.152484,0.3507324279999011,sqs-worker-5986dcd897-tlwpm,ip-192-168-20-201.ec2.internal,ba3a8239d95cd5707b172091b9a417c03ab92526375ba38e185ad1ea1a3b6408,1,3.0,354.0
1,hpa-poisson-707-025ef3f5,000150,88.053091,2026-08-31T20:58:41.699+00:00,2026-08-31T20:58:37.821+00:00,2026-08-31T20:58:37.825+00:00,2026-08-31T20:58:37.825+00:00,2026-08-31T20:58:38.618+00:00,2026-08-31T20:58:38.618+00:00,0.333078,0.7928057720000652,sqs-worker-5986dcd897-l2gnv,ip-192-168-20-201.ec2.internal,4e8100fb6437ca7fd08ad09d1d6d2f7f837c798da2abb761d11538ff69606592,1,4.0,797.0
1,hpa-poisson-707-025ef3f5,000149,87.566848,2026-08-31T20:58:41.212+00:00,2026-08-31T20:58:37.333+00:00,2026-08-31T20:58:37.337+00:00,2026-08-31T20:58:37.337+00:00,2026-08-31T20:58:39.090+00:00,2026-08-31T20:58:39.090+00:00,0.72839,1.7529691839990846,sqs-worker-5986dcd897-x8rdl,ip-192-168-20-201.ec2.internal,d5a85a96ace46045d85b89e38702b34aef25871c58dac718c6b151df302b1508,1,4.0,1757.0
1,hpa-poisson-707-025ef3f5,000152,89.517706,2026-08-31T20:58:43.164+00:00,2026-08-31T20:58:39.286+00:00,2026-08-31T20:58:39.290+00:00,2026-08-31T20:58:39.290+00:00,2026-08-31T20:58:39.885+00:00,2026-08-31T20:58:39.885+00:00,0.197341,0.595509212998877,sqs-worker-5986dcd897-x8rdl,ip-192-168-20-201.ec2.internal,c3afed15761cbe51af50856970ba1e9ba764fa1448d31206d124510a8239b32b,1,4.0,599.0
1,hpa-poisson-707-025ef3f5,000153,90.380198,2026-08-31T20:58:44.026+00:00,2026-08-31T20:58:40.149+00:00,2026-08-31T20:58:40.152+00:00,2026-08-31T20:58:40.153+00:00,2026-08-31T20:58:40.305+00:00,2026-08-31T20:58:40.305+00:00,0.088346,0.15231599600156187,sqs-worker-5986dcd897-74xz8,ip-192-168-20-201.ec2.internal,6cfe8d4a5aa6667b287f170d8cce8c395777dd2d1960fcd4889ca9ae84340d6b,1,3.0,156.0
1,hpa-poisson-707-025ef3f5,000157,90.841483,2026-08-31T20:58:44.486+00:00,2026-08-31T20:58:40.609+00:00,2026-08-31T20:58:40.612+00:00,2026-08-31T20:58:40.612+00:00,2026-08-31T20:58:40.705+00:00,2026-08-31T20:58:40.705+00:00,0.042692,0.09301580400097009,sqs-worker-5986dcd897-74xz8,ip-192-168-20-201.ec2.internal,96183f050c6008cd290198636b9fdc7c062d500bb5c7839879e032d873e0f756,1,3.0,96.0
1,hpa-poisson-707-025ef3f5,000156,90.810737,2026-08-31T20:58:44.456+00:00,2026-08-31T20:58:40.577+00:00,2026-08-31T20:58:40.582+00:00,2026-08-31T20:58:40.582+00:00,2026-08-31T20:58:40.723+00:00,2026-08-31T20:58:40.723+00:00,0.072294,0.14169748799940862,sqs-worker-5986dcd897-l2gnv,ip-192-168-20-201.ec2.internal,893162d3445d838ad18fc28225951db058711cdd68140830765d529bd3a44bd4,1,5.0,146.0
1,hpa-poisson-707-025ef3f5,000154,90.72322,2026-08-31T20:58:44.368+00:00,2026-08-31T20:58:40.487+00:00,2026-08-31T20:58:40.491+00:00,2026-08-31T20:58:40.491+00:00,2026-08-31T20:58:41.806+00:00,2026-08-31T20:58:41.806+00:00,0.275072,1.3147582439996768,sqs-worker-5986dcd897-x8rdl,ip-192-168-20-201.ec2.internal,81f8d7d848207a9b0be2fca89ed6f982f2c41952d4699a4fc7eec0bdc570f4eb,1,4.0,1319.0
1,hpa-poisson-707-025ef3f5,000159,92.852947,2026-08-31T20:58:46.498+00:00,2026-08-31T20:58:42.620+00:00,2026-08-31T20:58:42.624+00:00,2026-08-31T20:58:42.624+00:00,2026-08-31T20:58:42.979+00:00,2026-08-31T20:58:42.979+00:00,0.156953,0.35436769899934006,sqs-worker-5986dcd897-74xz8,ip-192-168-20-201.ec2.internal,7cdd6f097ac441b72b2c86a85bf22fe58a1ed5fc77ecbcc9dcdc233ab49d300e,1,4.0,359.0
1,hpa-poisson-707-025ef3f5,000158,92.785749,2026-08-31T20:58:46.433+00:00,2026-08-31T20:58:42.553+00:00,2026-08-31T20:58:42.556+00:00,2026-08-31T20:58:42.556+00:00,2026-08-31T20:58:43.304+00:00,2026-08-31T20:58:43.304+00:00,0.329813,0.747242022998762,sqs-worker-5986dcd897-x8rdl,ip-192-168-20-201.ec2.internal,97aafd93c10652c7d2af1177f74a7dea2a9c5961092c57572b099e0bc1f22202,1,3.0,751.0
1,hpa-poisson-707-025ef3f5,000160,93.169646,2026-08-31T20:58:46.815+00:00,2026-08-31T20:58:42.936+00:00,2026-08-31T20:58:42.940+00:00,2026-08-31T20:58:42.940+00:00,2026-08-31T20:58:43.310+00:00,2026-08-31T20:58:43.310+00:00,0.165471,0.3705493130000832,sqs-worker-5986dcd897-l2gnv,ip-192-168-20-201.ec2.internal,240b9ea83cfb3697b5397f25654a16261a20d7ccdab05a2ca1cd7f67566897fe,1,4.0,374.0
1,hpa-poisson-707-025ef3f5,000155,90.794494,2026-08-31T20:58:44.439+00:00,2026-08-31T20:58:40.557+00:00,2026-08-31T20:58:40.561+00:00,2026-08-31T20:58:40.561+00:00,2026-08-31T20:58:43.342+00:00,2026-08-31T20:58:43.342+00:00,0.537857,2.7812367909991735,sqs-worker-5986dcd897-tlwpm,ip-192-168-20-201.ec2.internal,b463b5fca2a326b4583baea4a3dc0469d4b926218d612a90d167b6014427bac1,1,4.0,2785.0
1,hpa-poisson-707-025ef3f5,000161,94.41123,2026-08-31T20:58:48.057+00:00,2026-08-31T20:58:44.178+00:00,2026-08-31T20:58:44.182+00:00,2026-08-31T20:58:44.182+00:00,2026-08-31T20:58:44.597+00:00,2026-08-31T20:58:44.597+00:00,0.173955,0.41451156699986313,sqs-worker-5986dcd897-x8rdl,ip-192-168-20-201.ec2.internal,dc244d18a4ac45d02c4d20c3720941c471ca1791703f9d7d0231f2b0d3169ea6,1,4.0,419.0
1,hpa-poisson-707-025ef3f5,000162,95.470357,2026-08-31T20:58:49.116+00:00,2026-08-31T20:58:45.236+00:00,2026-08-31T20:58:45.240+00:00,2026-08-31T20:58:45.240+00:00,2026-08-31T20:58:45.263+00:00,2026-08-31T20:58:45.263+00:00,0.022862,0.02290460299991537,sqs-worker-5986dcd897-tlwpm,ip-192-168-20-201.ec2.internal,e2c836232b5d5b0c9755f9f07013e3879b61aa1688fb167bfe1041e922c9c73a,1,4.0,27.0
1,hpa-poisson-707-025ef3f5,000163,96.484344,2026-08-31T20:58:50.130+00:00,2026-08-31T20:58:46.251+00:00,2026-08-31T20:58:46.255+00:00,2026-08-31T20:58:46.255+00:00,2026-08-31T20:58:46.648+00:00,2026-08-31T20:58:46.648+00:00,0.184916,0.3931629029993928,sqs-worker-5986dcd897-tlwpm,ip-192-168-20-201.ec2.internal,9011852a76773a021c7e4b257cc95be4d0054e768f7426c0517dd3878dfbb106,1,4.0,397.0
1,hpa-poisson-707-025ef3f5,000165,98.197446,2026-08-31T20:58:51.843+00:00,2026-08-31T20:58:47.964+00:00,2026-08-31T20:58:47.968+00:00,2026-08-31T20:58:47.968+00:00,2026-08-31T20:58:48.035+00:00,2026-08-31T20:58:48.035+00:00,0.052705,0.06672197099942423,sqs-worker-5986dcd897-tlwpm,ip-192-168-20-201.ec2.internal,7f7d2fa9771f13c9b4a7dc1cfeb9ccfec9744f373d76a2f5d7c545a6170bc01b,1,4.0,71.0
1,hpa-poisson-707-025ef3f5,000164,97.329397,2026-08-31T20:58:50.974+00:00,2026-08-31T20:58:47.098+00:00,2026-08-31T20:58:47.107+00:00,2026-08-31T20:58:47.107+00:00,2026-08-31T20:58:48.480+00:00,2026-08-31T20:58:48.480+00:00,0.536283,1.3736827789998642,sqs-worker-5986dcd897-l2gnv,ip-192-168-20-201.ec2.internal,3b7a90448c2b0ec47d695d4f8ea5bbd26e458823743e9adbb8c7c81a1c666e4d,1,9.0,1382.0
1,hpa-poisson-707-025ef3f5,000167,98.734873,2026-08-31T20:58:52.380+00:00,2026-08-31T20:58:48.503+00:00,2026-08-31T20:58:48.507+00:00,2026-08-31T20:58:48.507+00:00,2026-08-31T20:58:48.739+00:00,2026-08-31T20:58:48.739+00:00,0.111642,0.23162675200001104,sqs-worker-5986dcd897-tlwpm,ip-192-168-20-201.ec2.internal,abcd88b21b039c77d9a98dec5e4942f140fbd4e69da508a63910fe65c2f42b67,1,4.0,236.0
1,hpa-poisson-707-025ef3f5,000168,98.847171,2026-08-31T20:58:52.492+00:00,2026-08-31T20:58:48.612+00:00,2026-08-31T20:58:48.616+00:00,2026-08-31T20:58:48.616+00:00,2026-08-31T20:58:49.119+00:00,2026-08-31T20:58:49.119+00:00,0.213479,0.5033907760007423,sqs-worker-5986dcd897-l2gnv,ip-192-168-20-201.ec2.internal,98eddca4725d75a82dd277933ebe17fc3b2c877d121e1bf10aebcfdf225539c6,1,4.0,507.0
1,hpa-poisson-707-025ef3f5,000166,98.48288,2026-08-31T20:58:52.128+00:00,2026-08-31T20:58:48.248+00:00,2026-08-31T20:58:48.252+00:00,2026-08-31T20:58:48.252+00:00,2026-08-31T20:58:49.207+00:00,2026-08-31T20:58:49.208+00:00,0.404801,0.9555987139992794,sqs-worker-5986dcd897-74xz8,ip-192-168-20-201.ec2.internal,8ce3cafdc3631d6a6b6db58fca679be89e473b83fc6812d655261d71aa032af6,1,4.0,959.0
1,hpa-poisson-707-025ef3f5,000169,99.235752,2026-08-31T20:58:52.881+00:00,2026-08-31T20:58:49.002+00:00,2026-08-31T20:58:49.005+00:00,2026-08-31T20:58:49.005+00:00,2026-08-31T20:58:49.214+00:00,2026-08-31T20:58:49.214+00:00,0.111073,0.20862677000150143,sqs-worker-5986dcd897-x8rdl,ip-192-168-20-201.ec2.internal,e87aa415a87131444b690176112d6fd74424071faf2eea691787ebcaa80dce7e,1,3.0,212.0
1,hpa-poisson-707-025ef3f5,000170,99.762929,2026-08-31T20:58:53.408+00:00,2026-08-31T20:58:49.528+00:00,2026-08-31T20:58:49.531+00:00,2026-08-31T20:58:49.531+00:00,2026-08-31T20:58:50.425+00:00,2026-08-31T20:58:50.426+00:00,0.38161,0.8943898489997082,sqs-worker-5986dcd897-74xz8,ip-192-168-20-201.ec2.internal,11e55231f0202ca01936ac1952242b5c1970d7ae18c468ca213e13f2512885e3,1,3.0,897.0
1,hpa-poisson-707-025ef3f5,000171,101.731651,2026-08-31T20:58:55.377+00:00,2026-08-31T20:58:51.498+00:00,2026-08-31T20:58:51.501+00:00,2026-08-31T20:58:51.501+00:00,2026-08-31T20:58:51.787+00:00,2026-08-31T20:58:51.787+00:00,0.125201,0.28538433399990026,sqs-worker-5986dcd897-x8rdl,ip-192-168-20-201.ec2.internal,014d318566544ae4743eab3cb4c61a4e430a4dd31597e9bd465460435389636e,1,3.0,289.0
1,hpa-poisson-707-025ef3f5,000172,102.688767,2026-08-31T20:58:56.333+00:00,2026-08-31T20:58:52.455+00:00,2026-08-31T20:58:52.459+00:00,2026-08-31T20:58:52.459+00:00,2026-08-31T20:58:52.587+00:00,2026-08-31T20:58:52.588+00:00,0.070022,0.12876582999888342,sqs-worker-5986dcd897-tlwpm,ip-192-168-20-201.ec2.internal,1ec421892404581bdebf45fc9e0071fbe9727072024f8a83aafcdc4d0e12589f,1,4.0,132.0
1,hpa-poisson-707-025ef3f5,000174,103.779888,2026-08-31T20:58:57.424+00:00,2026-08-31T20:58:53.545+00:00,2026-08-31T20:58:53.549+00:00,2026-08-31T20:58:53.549+00:00,2026-08-31T20:58:53.834+00:00,2026-08-31T20:58:53.834+00:00,0.132006,0.28538162000040757,sqs-worker-5986dcd897-tlwpm,ip-192-168-20-201.ec2.internal,50193338c23cf9fb03dc13b49f041960d05094c3d3556de473b13d23b9e7fef5,1,4.0,289.0
1,hpa-poisson-707-025ef3f5,000173,103.706844,2026-08-31T20:58:57.352+00:00,2026-08-31T20:58:53.472+00:00,2026-08-31T20:58:53.476+00:00,2026-08-31T20:58:53.476+00:00,2026-08-31T20:58:54.018+00:00,2026-08-31T20:58:54.018+00:00,0.232559,0.5420762520006974,sqs-worker-5986dcd897-x8rdl,ip-192-168-20-201.ec2.internal,5bd9461b47d1952c3c6e50afba0f954c63e303e9da5e6ebe3c30030b3d76cf05,1,4.0,546.0
1,hpa-poisson-707-025ef3f5,000175,104.166676,2026-08-31T20:58:57.811+00:00,2026-08-31T20:58:53.936+00:00,2026-08-31T20:58:53.939+00:00,2026-08-31T20:58:53.939+00:00,2026-08-31T20:58:54.114+00:00,2026-08-31T20:58:54.114+00:00,0.093483,0.17504913700031466,sqs-worker-5986dcd897-74xz8,ip-192-168-20-201.ec2.internal,76319e232abc9a515907abc2c742872ba5ae01aa3ecf1c8f2f03767c3f1fb4c6,1,3.0,178.0
1,hpa-poisson-707-025ef3f5,000176,104.602021,2026-08-31T20:58:58.247+00:00,2026-08-31T20:58:54.367+00:00,2026-08-31T20:58:54.372+00:00,2026-08-31T20:58:54.372+00:00,2026-08-31T20:58:54.411+00:00,2026-08-31T20:58:54.411+00:00,0.038484,0.03852515700054937,sqs-worker-5986dcd897-74xz8,ip-192-168-20-201.ec2.internal,8dfb5224147d7584b757716c75cc9c63f7e2345a3f6896f32d763df567cbd19e,1,5.0,44.0
1,hpa-poisson-707-025ef3f5,000177,105.348451,2026-08-31T20:58:58.993+00:00,2026-08-31T20:58:55.118+00:00,2026-08-31T20:58:55.121+00:00,2026-08-31T20:58:55.121+00:00,2026-08-31T20:58:55.926+00:00,2026-08-31T20:58:55.927+00:00,0.254971,0.8050541230004455,sqs-worker-5986dcd897-l2gnv,ip-192-168-20-201.ec2.internal,1c7729d9f8be258361b1e57c0f82d2a4c6abd8ee15e9ec0847623db5c4e49590,1,3.0,808.0
1,hpa-poisson-707-025ef3f5,000178,105.805568,2026-08-31T20:58:59.450+00:00,2026-08-31T20:58:55.570+00:00,2026-08-31T20:58:55.577+00:00,2026-08-31T20:58:55.577+00:00,2026-08-31T20:58:57.435+00:00,2026-08-31T20:58:57.435+00:00,0.76293,1.8581338550011424,sqs-worker-5986dcd897-tlwpm,ip-192-168-20-201.ec2.internal,4f42aa7398abf146d333d78728df70dabc93f5f4f486b9e9b7a9f98d5af0aa92,1,7.0,1865.0
1,hpa-poisson-707-025ef3f5,000180,107.803841,2026-08-31T20:59:01.449+00:00,2026-08-31T20:58:57.569+00:00,2026-08-31T20:58:57.574+00:00,2026-08-31T20:58:57.575+00:00,2026-08-31T20:58:57.708+00:00,2026-08-31T20:58:57.708+00:00,0.074292,0.13340212499861082,sqs-worker-5986dcd897-l2gnv,ip-192-168-20-201.ec2.internal,3d57e9c6b863eab6f046b4ec4ef3fdc5bcf04d6cd1626781835b09ef754d0d29,1,5.0,139.0
1,hpa-poisson-707-025ef3f5,000181,108.158786,2026-08-31T20:59:01.803+00:00,2026-08-31T20:58:57.923+00:00,2026-08-31T20:58:57.927+00:00,2026-08-31T20:58:57.927+00:00,2026-08-31T20:58:58.035+00:00,2026-08-31T20:58:58.035+00:00,0.053832,0.1083937169987621,sqs-worker-5986dcd897-tlwpm,ip-192-168-20-201.ec2.internal,6b801b6087fe6b3f5d5ec65788439a5ee59cd3701d92eda71b73831faf1bb683,1,4.0,112.0
1,hpa-poisson-707-025ef3f5,000179,106.530521,2026-08-31T20:59:00.175+00:00,2026-08-31T20:58:56.295+00:00,2026-08-31T20:58:56.304+00:00,2026-08-31T20:58:56.304+00:00,2026-08-31T20:58:58.105+00:00,2026-08-31T20:58:58.105+00:00,0.390976,1.8005770780000603,sqs-worker-5986dcd897-74xz8,ip-192-168-20-201.ec2.internal,574509b39526728389f22b0b2b59b0467fa635d22eeb9aef2739838d3415120d,1,9.0,1810.0
1,hpa-poisson-707-025ef3f5,000182,109.185637,2026-08-31T20:59:02.831+00:00,2026-08-31T20:58:58.951+00:00,2026-08-31T20:58:58.954+00:00,2026-08-31T20:58:58.954+00:00,2026-08-31T20:58:58.963+00:00,2026-08-31T20:58:58.963+00:00,0.00823,0.00826792999941972,sqs-worker-5986dcd897-x8rdl,ip-192-168-20-201.ec2.internal,87a265a05dda2e3093c28fa874f42a828ff68982e695b90c1e435b0a84a5fc20,1,3.0,12.0
1,hpa-poisson-707-025ef3f5,000183,109.496413,2026-08-31T20:59:03.141+00:00,2026-08-31T20:58:59.265+00:00,2026-08-31T20:58:59.269+00:00,2026-08-31T20:58:59.269+00:00,2026-08-31T20:59:00.287+00:00,2026-08-31T20:59:00.287+00:00,0.419039,1.0179473619991768,sqs-worker-5986dcd897-tlwpm,ip-192-168-20-201.ec2.internal,d7da04417e2fe66ee370a66ef0b34928d2d2f7c4118ea6950838b8aea907c786,1,4.0,1022.0
1,hpa-poisson-707-025ef3f5,000184,110.529081,2026-08-31T20:59:04.173+00:00,2026-08-31T20:59:00.296+00:00,2026-08-31T20:59:00.301+00:00,2026-08-31T20:59:00.301+00:00,2026-08-31T20:59:00.331+00:00,2026-08-31T20:59:00.331+00:00,0.030266,0.03066395200039551,sqs-worker-5986dcd897-74xz8,ip-192-168-20-201.ec2.internal,f6bdc6abdfb194822a1e71eddf37ebdf288ce2536778510f0ae44a4133ede812,1,5.0,35.0
1,hpa-poisson-707-025ef3f5,000186,111.611878,2026-08-31T20:59:05.257+00:00,2026-08-31T20:59:01.424+00:00,2026-08-31T20:59:01.430+00:00,2026-08-31T20:59:01.430+00:00,2026-08-31T20:59:01.686+00:00,2026-08-31T20:59:01.686+00:00,0.054223,0.2556928539997898,sqs-worker-5986dcd897-tlwpm,ip-192-168-20-201.ec2.internal,f4ea04cf9d7549875d83a553cd442456492ad885032983fd9efc466e327a4066,1,6.0,262.0
1,hpa-poisson-707-025ef3f5,000187,111.971633,2026-08-31T20:59:05.616+00:00,2026-08-31T20:59:01.741+00:00,2026-08-31T20:59:01.744+00:00,2026-08-31T20:59:01.744+00:00,2026-08-31T20:59:02.368+00:00,2026-08-31T20:59:02.368+00:00,0.275828,0.6238927729991701,sqs-worker-5986dcd897-l2gnv,ip-192-168-20-201.ec2.internal,10beb60801f65f25d38c2600b543282304350ca36e74ac8269dfbffbcbc81016,1,3.0,627.0
1,hpa-poisson-707-025ef3f5,000185,110.740035,2026-08-31T20:59:04.384+00:00,2026-08-31T20:59:00.507+00:00,2026-08-31T20:59:00.513+00:00,2026-08-31T20:59:00.513+00:00,2026-08-31T20:59:02.430+00:00,2026-08-31T20:59:02.430+00:00,0.524699,1.9167763650002598,sqs-worker-5986dcd897-x8rdl,ip-192-168-20-201.ec2.internal,f1de83d0191c8a46a750271c4c34fe081a31af9c7e8d318cf87e8517bbcb44c2,1,6.0,1923.0
1,hpa-poisson-707-025ef3f5,000188,112.533873,2026-08-31T20:59:06.178+00:00,2026-08-31T20:59:02.299+00:00,2026-08-31T20:59:02.303+00:00,2026-08-31T20:59:02.303+00:00,2026-08-31T20:59:02.504+00:00,2026-08-31T20:59:02.504+00:00,0.081066,0.20055741200121702,sqs-worker-5986dcd897-74xz8,ip-192-168-20-201.ec2.internal,ad4f8ec4821830deb1cb7f36253d771519b1ccc3a16007319f29bebc54656fc3,1,4.0,205.0
1,hpa-poisson-707-025ef3f5,000190,113.891342,2026-08-31T20:59:07.536+00:00,2026-08-31T20:59:03.654+00:00,2026-08-31T20:59:03.658+00:00,2026-08-31T20:59:03.658+00:00,2026-08-31T20:59:03.977+00:00,2026-08-31T20:59:03.977+00:00,0.143108,0.3187124380001478,sqs-worker-5986dcd897-x8rdl,ip-192-168-20-201.ec2.internal,b711885a31a690251d116ae9acd98188a907ec703df9332fa489c95d5dba5c8f,1,4.0,323.0
1,hpa-poisson-707-025ef3f5,000191,114.306908,2026-08-31T20:59:07.951+00:00,2026-08-31T20:59:04.071+00:00,2026-08-31T20:59:04.074+00:00,2026-08-31T20:59:04.074+00:00,2026-08-31T20:59:04.436+00:00,2026-08-31T20:59:04.436+00:00,0.173759,0.3615275209995161,sqs-worker-5986dcd897-tlwpm,ip-192-168-20-201.ec2.internal,2bf22f37506a4ae805ee960e7a0424967c2001b530c9fe3ee3f631fe58353924,1,3.0,365.0
1,hpa-poisson-707-025ef3f5,000189,113.870208,2026-08-31T20:59:07.516+00:00,2026-08-31T20:59:03.641+00:00,2026-08-31T20:59:03.645+00:00,2026-08-31T20:59:03.645+00:00,2026-08-31T20:59:05.109+00:00,2026-08-31T20:59:05.109+00:00,0.606432,1.4641754390013375,sqs-worker-5986dcd897-74xz8,ip-192-168-20-201.ec2.internal,131f0bb50002d7b2f1d5828381b3d11803dbb9db9aa86260915d4532ca460e9f,1,4.0,1468.0
1,hpa-poisson-707-025ef3f5,000192,115.244972,2026-08-31T20:59:08.890+00:00,2026-08-31T20:59:05.011+00:00,2026-08-31T20:59:05.014+00:00,2026-08-31T20:59:05.014+00:00,2026-08-31T20:59:05.199+00:00,2026-08-31T20:59:05.199+00:00,0.096356,0.18528643600075156,sqs-worker-5986dcd897-x8rdl,ip-192-168-20-201.ec2.internal,98a3642758a126f130e5da11da8263bc5299e55c60df327f1e910415f6c9de9e,1,3.0,188.0
1,hpa-poisson-707-025ef3f5,000194,116.622639,2026-08-31T20:59:10.267+00:00,2026-08-31T20:59:06.390+00:00,2026-08-31T20:59:06.395+00:00,2026-08-31T20:59:06.395+00:00,2026-08-31T20:59:06.422+00:00,2026-08-31T20:59:06.422+00:00,0.0176,0.02768832800029486,sqs-worker-5986dcd897-x8rdl,ip-192-168-20-201.ec2.internal,d16969887212c3d060b133c5841fe311148e75a21d0cf9bf85c7de12f6e1f3be,1,5.0,32.0
1,hpa-poisson-707-025ef3f5,000195,116.849488,2026-08-31T20:59:10.494+00:00,2026-08-31T20:59:06.611+00:00,2026-08-31T20:59:06.617+00:00,2026-08-31T20:59:06.617+00:00,2026-08-31T20:59:06.978+00:00,2026-08-31T20:59:06.978+00:00,0.160591,0.36179129000083776,sqs-worker-5986dcd897-x8rdl,ip-192-168-20-201.ec2.internal,1a55b1bc75560a4629000927caf1220e37f45efe742f3c7b5c41144562e998fa,1,6.0,367.0
1,hpa-poisson-707-025ef3f5,000193,116.505744,2026-08-31T20:59:10.151+00:00,2026-08-31T20:59:06.275+00:00,2026-08-31T20:59:06.283+00:00,2026-08-31T20:59:06.283+00:00,2026-08-31T20:59:07.669+00:00,2026-08-31T20:59:07.669+00:00,0.287504,1.3855889280002884,sqs-worker-5986dcd897-l2gnv,ip-192-168-20-201.ec2.internal,4616759845b702910033d31e9f8a8e5d87af9c0e056fb375d9a8c53c7939202f,1,8.0,1394.0
1,hpa-poisson-707-025ef3f5,000197,117.743394,2026-08-31T20:59:11.388+00:00,2026-08-31T20:59:07.510+00:00,2026-08-31T20:59:07.526+00:00,2026-08-31T20:59:07.526+00:00,2026-08-31T20:59:07.919+00:00,2026-08-31T20:59:07.919+00:00,0.176943,0.39301475799948093,sqs-worker-5986dcd897-74xz8,ip-192-168-20-201.ec2.internal,9ae3a963955eb34b4bedcc6753a51c5aa69e23e46146d92443bdf588d398a53c,1,16.0,409.0
1,hpa-poisson-707-025ef3f5,000198,118.293738,2026-08-31T20:59:11.938+00:00,2026-08-31T20:59:08.059+00:00,2026-08-31T20:59:08.065+00:00,2026-08-31T20:59:08.065+00:00,2026-08-31T20:59:08.601+00:00,2026-08-31T20:59:08.601+00:00,0.234585,0.5360763509997923,sqs-worker-5986dcd897-l2gnv,ip-192-168-20-201.ec2.internal,67ed16f0b4622db756005278d98d9dd52b3aa1245f197478dbb1cd343ccc6128,1,6.0,542.0
1,hpa-poisson-707-025ef3f5,000199,118.754736,2026-08-31T20:59:12.399+00:00,2026-08-31T20:59:08.528+00:00,2026-08-31T20:59:08.533+00:00,2026-08-31T20:59:08.533+00:00,2026-08-31T20:59:08.632+00:00,2026-08-31T20:59:08.632+00:00,0.071158,0.09879471600106626,sqs-worker-5986dcd897-74xz8,ip-192-168-20-201.ec2.internal,ae946a540b12f52877af3272a41b0fcb4810bd408099692309d44bd7d347cc30,1,5.0,104.0
1,hpa-poisson-707-025ef3f5,000196,117.71184,2026-08-31T20:59:11.356+00:00,2026-08-31T20:59:07.474+00:00,2026-08-31T20:59:07.481+00:00,2026-08-31T20:59:07.481+00:00,2026-08-31T20:59:08.991+00:00,2026-08-31T20:59:08.991+00:00,0.619893,1.5106264499991084,sqs-worker-5986dcd897-tlwpm,ip-192-168-20-201.ec2.internal,9a53fc9b9194ec07497a2f08ded01888128b4f1dc63ea338ad3053ed109a5c50,1,7.0,1517.0
1,hpa-poisson-707-025ef3f5,000202,119.400485,2026-08-31T20:59:13.045+00:00,2026-08-31T20:59:09.165+00:00,2026-08-31T20:59:09.169+00:00,2026-08-31T20:59:09.169+00:00,2026-08-31T20:59:09.499+00:00,2026-08-31T20:59:09.499+00:00,0.152874,0.33024628999919514,sqs-worker-5986dcd897-l2gnv,ip-192-168-20-201.ec2.internal,c41bf31f9d382c55929515c53609435281b814d1370c30f61deb0a70e5aa9cdb,1,4.0,334.0
1,hpa-poisson-707-025ef3f5,000201,119.357713,2026-08-31T20:59:13.002+00:00,2026-08-31T20:59:09.120+00:00,2026-08-31T20:59:09.126+00:00,2026-08-31T20:59:09.126+00:00,2026-08-31T20:59:09.818+00:00,2026-08-31T20:59:09.818+00:00,0.297997,0.6924705839992384,sqs-worker-5986dcd897-74xz8,ip-192-168-20-201.ec2.internal,41273a1e7d2a13419e2afbc4968520696c8aafa515536ef090736d7d7b524122,1,6.0,698.0
1,hpa-poisson-707-025ef3f5,000200,118.88387,2026-08-31T20:59:12.528+00:00,2026-08-31T20:59:08.646+00:00,2026-08-31T20:59:08.649+00:00,2026-08-31T20:59:08.649+00:00,2026-08-31T20:59:10.286+00:00,2026-08-31T20:59:10.286+00:00,0.538629,1.63651054300135,sqs-worker-5986dcd897-x8rdl,ip-192-168-20-201.ec2.internal,eb0ad9f11ef6d3c0eaf880b051ddb2d8b26bdc68bc5f303018fc4df1ba3409af,1,3.0,1640.0
1,hpa-poisson-707-025ef3f5,000204,120.528268,2026-08-31T20:59:14.173+00:00,2026-08-31T20:59:10.292+00:00,2026-08-31T20:59:10.296+00:00,2026-08-31T20:59:10.296+00:00,2026-08-31T20:59:11.004+00:00,2026-08-31T20:59:11.004+00:00,0.281557,0.7080474510003114,sqs-worker-5986dcd897-74xz8,ip-192-168-20-201.ec2.internal,1848a21028fcba079deed3a1ee3c31f692177024736c38c76d043f9da57fb5e8,1,4.0,712.0
1,hpa-poisson-707-025ef3f5,000203,120.226862,2026-08-31T20:59:13.872+00:00,2026-08-31T20:59:09.992+00:00,2026-08-31T20:59:09.997+00:00,2026-08-31T20:59:09.997+00:00,2026-08-31T20:59:11.222+00:00,2026-08-31T20:59:11.222+00:00,0.363875,1.22576517699963,sqs-worker-5986dcd897-tlwpm,ip-192-168-20-201.ec2.internal,63e38f55bf97b23c87853029f1d4dbb61113d5b841eb25ff6626810b2847c65c,1,5.0,1230.0
1,hpa-poisson-707-025ef3f5,000205,122.19471,2026-08-31T20:59:15.840+00:00,2026-08-31T20:59:11.964+00:00,2026-08-31T20:59:11.969+00:00,2026-08-31T20:59:11.969+00:00,2026-08-31T20:59:12.224+00:00,2026-08-31T20:59:12.224+00:00,0.064512,0.25487684899962915,sqs-worker-5986dcd897-tlwpm,ip-192-168-20-201.ec2.internal,9e2067ed4085e1b15050c019cf6f7a81f16563a6bb960aaabea9bb78d6b62ba3,1,5.0,260.0
1,hpa-poisson-707-025ef3f5,000207,123.470656,2026-08-31T20:59:17.115+00:00,2026-08-31T20:59:13.235+00:00,2026-08-31T20:59:13.238+00:00,2026-08-31T20:59:13.238+00:00,2026-08-31T20:59:13.705+00:00,2026-08-31T20:59:13.705+00:00,0.21964,0.4667887809991953,sqs-worker-5986dcd897-x8rdl,ip-192-168-20-201.ec2.internal,c7c41236b9ec1a647c946a79f9249511d10eb8932aecd233d23772ac13fcbec2,1,3.0,470.0
1,hpa-poisson-707-025ef3f5,000206,122.808954,2026-08-31T20:59:16.454+00:00,2026-08-31T20:59:12.572+00:00,2026-08-31T20:59:12.576+00:00,2026-08-31T20:59:12.576+00:00,2026-08-31T20:59:14.227+00:00,2026-08-31T20:59:14.227+00:00,0.681191,1.6510263260006468,sqs-worker-5986dcd897-l2gnv,ip-192-168-20-201.ec2.internal,5ee5d406340374fc6e7bb1058d04819a2d977b2a2931bb9a5a699158e2bfcfdc,1,4.0,1655.0
1,hpa-poisson-707-025ef3f5,000210,124.346653,2026-08-31T20:59:17.991+00:00,2026-08-31T20:59:14.111+00:00,2026-08-31T20:59:14.117+00:00,2026-08-31T20:59:14.117+00:00,2026-08-31T20:59:14.531+00:00,2026-08-31T20:59:14.531+00:00,0.176469,0.4140633639999578,sqs-worker-5986dcd897-tlwpm,ip-192-168-20-201.ec2.internal,181fe74f57f381f921275be9fee319412ed372b5fc050071a63c96882ae52088,1,6.0,420.0
1,hpa-poisson-707-025ef3f5,000209,124.293671,2026-08-31T20:59:17.938+00:00,2026-08-31T20:59:14.057+00:00,2026-08-31T20:59:14.060+00:00,2026-08-31T20:59:14.060+00:00,2026-08-31T20:59:14.304+00:00,2026-08-31T20:59:14.304+00:00,0.121503,0.243204455000523,sqs-worker-5986dcd897-x8rdl,ip-192-168-20-201.ec2.internal,0c96582ecf50341ec535accba10fc3787440ef305ff233d1b4d3fa8e5c5293d7,1,3.0,247.0
1,hpa-poisson-707-025ef3f5,000211,124.923795,2026-08-31T20:59:18.568+00:00,2026-08-31T20:59:14.689+00:00,2026-08-31T20:59:14.692+00:00,2026-08-31T20:59:14.692+00:00,2026-08-31T20:59:14.802+00:00,2026-08-31T20:59:14.802+00:00,0.059329,0.11030122600095638,sqs-worker-5986dcd897-x8rdl,ip-192-168-20-201.ec2.internal,d1e38420015fbe0eac7c985ea5afb9b340cbd2eb31570448b40b3d14ff1fe9fe,1,3.0,113.0
1,hpa-poisson-707-025ef3f5,000208,124.201212,2026-08-31T20:59:17.846+00:00,2026-08-31T20:59:13.969+00:00,2026-08-31T20:59:13.973+00:00,2026-08-31T20:59:13.973+00:00,2026-08-31T20:59:14.712+00:00,2026-08-31T20:59:14.712+00:00,0.30175,0.7391073540002253,sqs-worker-5986dcd897-74xz8,ip-192-168-20-201.ec2.internal,4186fab3b61c30e80193fec188908be537f4629cc13c1ec067265eb858338d29,1,4.0,743.0
1,hpa-poisson-707-025ef3f5,000213,127.007118,2026-08-31T20:59:20.653+00:00,2026-08-31T20:59:16.773+00:00,2026-08-31T20:59:16.777+00:00,2026-08-31T20:59:16.777+00:00,2026-08-31T20:59:17.014+00:00,2026-08-31T20:59:17.014+00:00,0.079359,0.23679669999910402,sqs-worker-5986dcd897-l2gnv,ip-192-168-20-201.ec2.internal,4ae9d4decf1a1bed9e4dc2a3bb69dbc1691e175985c971b21d1b02004a4ece93,1,4.0,241.0
1,hpa-poisson-707-025ef3f5,000214,127.574852,2026-08-31T20:59:21.219+00:00,2026-08-31T20:59:17.341+00:00,2026-08-31T20:59:17.344+00:00,2026-08-31T20:59:17.344+00:00,2026-08-31T20:59:17.354+00:00,2026-08-31T20:59:17.354+00:00,0.010216,0.010268500000165659,sqs-worker-5986dcd897-x8rdl,ip-192-168-20-201.ec2.internal,2609ad6fbcc43f2cec510aa17a2e573ab4de1cecb852fe02389d08386ad7ef81,1,3.0,13.0
1,hpa-poisson-707-025ef3f5,000212,125.457906,2026-08-31T20:59:19.102+00:00,2026-08-31T20:59:15.226+00:00,2026-08-31T20:59:15.230+00:00,2026-08-31T20:59:15.230+00:00,2026-08-31T20:59:17.613+00:00,2026-08-31T20:59:17.613+00:00,0.57352,2.3828832680010237,sqs-worker-5986dcd897-74xz8,ip-192-168-20-201.ec2.internal,44ae6060bab1c8ad42ed667f38bae15226f1af645c56f0834e7c285176745f92,1,4.0,2387.0
1,hpa-poisson-707-025ef3f5,000215,127.946459,2026-08-31T20:59:21.591+00:00,2026-08-31T20:59:17.710+00:00,2026-08-31T20:59:17.715+00:00,2026-08-31T20:59:17.715+00:00,2026-08-31T20:59:18.334+00:00,2026-08-31T20:59:18.334+00:00,0.270379,0.6193344900002558,sqs-worker-5986dcd897-l2gnv,ip-192-168-20-201.ec2.internal,0fbe01ce1c9ccd02cfeefe514fce3fc2259f027c0411c085852ce2fc7eeb0080,1,5.0,624.0
1,hpa-poisson-707-025ef3f5,000216,128.446469,2026-08-31T20:59:22.091+00:00,2026-08-31T20:59:18.211+00:00,2026-08-31T20:59:18.215+00:00,2026-08-31T20:59:18.215+00:00,2026-08-31T20:59:18.717+00:00,2026-08-31T20:59:18.717+00:00,0.234448,0.5025932410007954,sqs-worker-5986dcd897-x8rdl,ip-192-168-20-201.ec2.internal,83799be9ed66893a6799e54581fdaf310aa29d533ee17169f8a8fa46098eb9bb,1,4.0,506.0
1,hpa-poisson-707-025ef3f5,000218,129.579678,2026-08-31T20:59:23.224+00:00,2026-08-31T20:59:19.342+00:00,2026-08-31T20:59:19.347+00:00,2026-08-31T20:59:19.347+00:00,2026-08-31T20:59:19.352+00:00,2026-08-31T20:59:19.352+00:00,0.005,0.005081305000203429,sqs-worker-5986dcd897-74xz8,ip-192-168-20-201.ec2.internal,5c4df3ccad9d1d355af500794580a62151b3f6761664e4060638619af727de2f,1,5.0,10.0
1,hpa-poisson-707-025ef3f5,000219,130.106092,2026-08-31T20:59:23.751+00:00,2026-08-31T20:59:19.868+00:00,2026-08-31T20:59:19.873+00:00,2026-08-31T20:59:19.873+00:00,2026-08-31T20:59:19.901+00:00,2026-08-31T20:59:19.901+00:00,0.017787,0.02860447799866961,sqs-worker-5986dcd897-l2gnv,ip-192-168-20-201.ec2.internal,d2236e14ff1ee04093ab6af3bc7412dd3ad78bd64901b20a32bf9b34689cde71,1,5.0,33.0
1,hpa-poisson-707-025ef3f5,000220,130.437466,2026-08-31T20:59:24.082+00:00,2026-08-31T20:59:20.200+00:00,2026-08-31T20:59:20.204+00:00,2026-08-31T20:59:20.204+00:00,2026-08-31T20:59:20.603+00:00,2026-08-31T20:59:20.603+00:00,0.157368,0.39864096000019345,sqs-worker-5986dcd897-tlwpm,ip-192-168-20-201.ec2.internal,f5b9c5c4688b85637a42306a4ed85ec9b15c6120d6f0c3ab0921812b5745747a,1,4.0,403.0
1,hpa-poisson-707-025ef3f5,000221,130.458206,2026-08-31T20:59:24.102+00:00,2026-08-31T20:59:20.221+00:00,2026-08-31T20:59:20.225+00:00,2026-08-31T20:59:20.225+00:00,2026-08-31T20:59:20.718+00:00,2026-08-31T20:59:20.718+00:00,0.212655,0.49357532099929813,sqs-worker-5986dcd897-l2gnv,ip-192-168-20-201.ec2.internal,1ba394d64339afc1af4f59067c7c019c2f9443c3a3b7dbf4b8b16d1f1f0765fa,1,4.0,497.0
1,hpa-poisson-707-025ef3f5,000222,130.636506,2026-08-31T20:59:24.281+00:00,2026-08-31T20:59:20.399+00:00,2026-08-31T20:59:20.405+00:00,2026-08-31T20:59:20.405+00:00,2026-08-31T20:59:20.920+00:00,2026-08-31T20:59:20.920+00:00,0.214206,0.5147371339990059,sqs-worker-5986dcd897-74xz8,ip-192-168-20-201.ec2.internal,b29d40f1de4e796eb9fc40d5592490300d5f90bf24a2c0520125411af82926d9,1,6.0,521.0
1,hpa-poisson-707-025ef3f5,000223,130.846194,2026-08-31T20:59:24.490+00:00,2026-08-31T20:59:20.611+00:00,2026-08-31T20:59:20.682+00:00,2026-08-31T20:59:20.682+00:00,2026-08-31T20:59:21.082+00:00,2026-08-31T20:59:21.082+00:00,0.064443,0.39968808899902797,sqs-worker-5986dcd897-tlwpm,ip-192-168-20-201.ec2.internal,9f4d744821bb452da5d9d594febcc9975597b22cbcb9af61fab335e6a7b17d3c,1,71.0,471.0
1,hpa-poisson-707-025ef3f5,000217,129.118376,2026-08-31T20:59:22.763+00:00,2026-08-31T20:59:18.884+00:00,2026-08-31T20:59:18.888+00:00,2026-08-31T20:59:18.888+00:00,2026-08-31T20:59:21.704+00:00,2026-08-31T20:59:21.704+00:00,0.663254,2.8157762749997346,sqs-worker-5986dcd897-x8rdl,ip-192-168-20-201.ec2.internal,72fccdfcae1618b7b2c2cdf1dcb40eed7dc2e08b9b68ed7c35a7d312f35d26cb,1,4.0,2820.0
1,hpa-poisson-707-025ef3f5,000225,131.793988,2026-08-31T20:59:21.480+00:00,2026-08-31T20:59:21.554+00:00,2026-08-31T20:59:21.560+00:00,2026-08-31T20:59:21.560+00:00,2026-08-31T20:59:21.978+00:00,2026-08-31T20:59:21.978+00:00,0.184792,0.41842497600009665,sqs-worker-5986dcd897-l2gnv,ip-192-168-20-201.ec2.internal,d54fa40ac2893e76f9ea286ca2d535e5c8e3ce153a90ad7eba00b04207c9236c,1,6.0,424.0
1,hpa-poisson-707-025ef3f5,000226,132.741459,2026-08-31T20:59:22.428+00:00,2026-08-31T20:59:22.505+00:00,2026-08-31T20:59:22.508+00:00,2026-08-31T20:59:22.508+00:00,2026-08-31T20:59:22.720+00:00,2026-08-31T20:59:22.720+00:00,0.118202,0.21201462200042442,sqs-worker-5986dcd897-x8rdl,ip-192-168-20-201.ec2.internal,6bad3f40050ba5c7b3ce1c0a6296ee12e6bee187814b1e821a9669338ff11762,1,3.0,215.0
1,hpa-poisson-707-025ef3f5,000228,133.070717,2026-08-31T20:59:22.756+00:00,2026-08-31T20:59:22.837+00:00,2026-08-31T20:59:22.844+00:00,2026-08-31T20:59:22.844+00:00,2026-08-31T20:59:23.014+00:00,2026-08-31T20:59:23.014+00:00,0.089061,0.16941371800021443,sqs-worker-5986dcd897-l2gnv,ip-192-168-20-201.ec2.internal,b6d4faec0bb6ff474346bf352e1ec9586aa6894bb2bc6a4c4605a0f8450ad116,1,7.0,177.0
1,hpa-poisson-707-025ef3f5,000224,131.542617,2026-08-31T20:59:21.229+00:00,2026-08-31T20:59:21.309+00:00,2026-08-31T20:59:21.327+00:00,2026-08-31T20:59:21.327+00:00,2026-08-31T20:59:22.789+00:00,2026-08-31T20:59:22.789+00:00,0.275164,1.4626257330000954,sqs-worker-5986dcd897-tlwpm,ip-192-168-20-201.ec2.internal,8aceb9152e8587f2fdebffa822ca7c3426ac982aa1100470da04784463b6514c,1,18.0,1480.0
1,hpa-poisson-707-025ef3f5,000229,133.775003,2026-08-31T20:59:23.461+00:00,2026-08-31T20:59:23.548+00:00,2026-08-31T20:59:23.579+00:00,2026-08-31T20:59:23.579+00:00,2026-08-31T20:59:23.813+00:00,2026-08-31T20:59:23.813+00:00,0.101141,0.23331008800050768,sqs-worker-5986dcd897-tlwpm,ip-192-168-20-201.ec2.internal,0b27d72ef4fc6eee5ff8cfc13db70a3c464e60976a30cf740021a0c279c763c9,1,31.0,265.0
1,hpa-poisson-707-025ef3f5,000227,132.795172,2026-08-31T20:59:22.481+00:00,2026-08-31T20:59:23.072+00:00,2026-08-31T20:59:23.076+00:00,2026-08-31T20:59:23.076+00:00,2026-08-31T20:59:23.799+00:00,2026-08-31T20:59:23.799+00:00,0.295996,0.7232949070003087,sqs-worker-5986dcd897-74xz8,ip-192-168-20-201.ec2.internal,a7f7b66c3f0a468c5c261305ae3a58a4aa16ec74ceeb1adb75eea6921abe8e72,1,4.0,727.0
1,hpa-poisson-707-025ef3f5,000230,133.971529,2026-08-31T20:59:23.657+00:00,2026-08-31T20:59:23.735+00:00,2026-08-31T20:59:23.739+00:00,2026-08-31T20:59:23.739+00:00,2026-08-31T20:59:24.119+00:00,2026-08-31T20:59:24.119+00:00,0.17288,0.3794668169994111,sqs-worker-5986dcd897-l2gnv,ip-192-168-20-201.ec2.internal,bbaad775a8204c963817d6c3ffb8c9dd1fabd5e881f805cbbf7983a970d18200,1,4.0,384.0
1,hpa-poisson-707-025ef3f5,000231,133.994311,2026-08-31T20:59:23.680+00:00,2026-08-31T20:59:23.759+00:00,2026-08-31T20:59:23.762+00:00,2026-08-31T20:59:23.762+00:00,2026-08-31T20:59:23.897+00:00,2026-08-31T20:59:23.897+00:00,0.077247,0.13442937100080599,sqs-worker-5986dcd897-x8rdl,ip-192-168-20-201.ec2.internal,73b03c5b9fc1ea91e96479b74c13f18b3f1b25c843214143ed7609713c8f799b,1,3.0,138.0
1,hpa-poisson-707-025ef3f5,000232,136.729164,2026-08-31T20:59:26.415+00:00,2026-08-31T20:59:26.491+00:00,2026-08-31T20:59:26.496+00:00,2026-08-31T20:59:26.496+00:00,2026-08-31T20:59:26.889+00:00,2026-08-31T20:59:26.889+00:00,0.069389,0.39251268499901926,sqs-worker-5986dcd897-74xz8,ip-192-168-20-201.ec2.internal,f280ae99e8a5d0c71ad5d5ad496f6e7f50d505bb13843d792f27aa9c8a8337fd,1,5.0,398.0
1,hpa-poisson-707-025ef3f5,000233,139.50795,2026-08-31T20:59:29.196+00:00,2026-08-31T20:59:29.276+00:00,2026-08-31T20:59:29.281+00:00,2026-08-31T20:59:29.281+00:00,2026-08-31T20:59:29.916+00:00,2026-08-31T20:59:29.916+00:00,0.279483,0.6347511659987504,sqs-worker-5986dcd897-74xz8,ip-192-168-20-201.ec2.internal,528408d0162fe7f656e4d234123d18413c49a82d7511856994e9ddfa8af936b1,1,5.0,640.0
1,hpa-poisson-707-025ef3f5,000234,139.739971,2026-08-31T20:59:29.426+00:00,2026-08-31T20:59:30.002+00:00,2026-08-31T20:59:30.007+00:00,2026-08-31T20:59:30.007+00:00,2026-08-31T20:59:30.428+00:00,2026-08-31T20:59:30.428+00:00,0.163214,0.4210922780002875,sqs-worker-5986dcd897-l2gnv,ip-192-168-20-201.ec2.internal,1362c13d43dbf1ec48f9c902762504bb562ecf7bb2789b8d92abc7e45273b078,1,5.0,426.0
1,hpa-poisson-707-025ef3f5,000235,140.345644,2026-08-31T20:59:30.032+00:00,2026-08-31T20:59:30.108+00:00,2026-08-31T20:59:30.111+00:00,2026-08-31T20:59:30.111+00:00,2026-08-31T20:59:30.724+00:00,2026-08-31T20:59:30.724+00:00,0.25856,0.6132437039996148,sqs-worker-5986dcd897-74xz8,ip-192-168-20-201.ec2.internal,fe77b528d511777ec9d56bcd54bdbc6f27adc935a9a2b977a966077570252896,1,3.0,616.0
1,hpa-poisson-707-025ef3f5,000237,140.913534,2026-08-31T20:59:30.599+00:00,2026-08-31T20:59:30.681+00:00,2026-08-31T20:59:30.685+00:00,2026-08-31T20:59:30.685+00:00,2026-08-31T20:59:30.999+00:00,2026-08-31T20:59:30.999+00:00,0.068799,0.31466991400156985,sqs-worker-5986dcd897-x8rdl,ip-192-168-20-201.ec2.internal,6e2c9dd05133edc3969805761ee77b1e27af99e1f1b169c946136a9a4ca37860,1,4.0,318.0
1,hpa-poisson-707-025ef3f5,000238,141.507301,2026-08-31T20:59:31.193+00:00,2026-08-31T20:59:31.270+00:00,2026-08-31T20:59:31.277+00:00,2026-08-31T20:59:31.277+00:00,2026-08-31T20:59:31.883+00:00,2026-08-31T20:59:31.883+00:00,0.254004,0.6063051239998458,sqs-worker-5986dcd897-74xz8,ip-192-168-20-201.ec2.internal,513d8c645c0a33b4c38f88b5c2a59981f78a7988011430583744075e1acafb2e,1,7.0,613.0
1,hpa-poisson-707-025ef3f5,000239,142.14437,2026-08-31T20:59:31.830+00:00,2026-08-31T20:59:31.906+00:00,2026-08-31T20:59:31.909+00:00,2026-08-31T20:59:31.909+00:00,2026-08-31T20:59:32.052+00:00,2026-08-31T20:59:32.052+00:00,0.076645,0.14248179500100377,sqs-worker-5986dcd897-l2gnv,ip-192-168-20-201.ec2.internal,319c10e83122314c4a2eb29bc8dfb3115f1a007321565e5ff112b3954aa0a113,1,3.0,146.0
1,hpa-poisson-707-025ef3f5,000240,142.624911,2026-08-31T20:59:32.311+00:00,2026-08-31T20:59:32.389+00:00,2026-08-31T20:59:32.393+00:00,2026-08-31T20:59:32.393+00:00,2026-08-31T20:59:32.492+00:00,2026-08-31T20:59:32.492+00:00,0.049373,0.09954623900011939,sqs-worker-5986dcd897-x8rdl,ip-192-168-20-201.ec2.internal,5bb7131c2d79ee7129d4890e3fd13578bcf825a6eba88a05fe8028ac345b4d6c,1,4.0,103.0
1,hpa-poisson-707-025ef3f5,000236,140.567442,2026-08-31T20:59:30.253+00:00,2026-08-31T20:59:30.329+00:00,2026-08-31T20:59:30.336+00:00,2026-08-31T20:59:30.336+00:00,2026-08-31T20:59:33.983+00:00,2026-08-31T20:59:33.983+00:00,0.83502,3.646692324000469,sqs-worker-5986dcd897-tlwpm,ip-192-168-20-201.ec2.internal,4bdb3966708e4ce57b388686225476b5088b0953b110d2a254600816a30a4867,1,7.0,3654.0
1,hpa-poisson-707-025ef3f5,000241,143.959878,2026-08-31T20:59:33.647+00:00,2026-08-31T20:59:33.719+00:00,2026-08-31T20:59:33.723+00:00,2026-08-31T20:59:33.723+00:00,2026-08-31T20:59:34.118+00:00,2026-08-31T20:59:34.118+00:00,0.175453,0.39528901700032293,sqs-worker-5986dcd897-74xz8,ip-192-168-20-201.ec2.internal,07184b0e2faabc00f0c264a49bbd3ea6575949d119d82d7dcf3a76a30b3b332b,1,4.0,399.0
1,hpa-poisson-707-025ef3f5,000244,144.793089,2026-08-31T20:59:34.479+00:00,2026-08-31T20:59:34.553+00:00,2026-08-31T20:59:34.557+00:00,2026-08-31T20:59:34.557+00:00,2026-08-31T20:59:34.579+00:00,2026-08-31T20:59:34.579+00:00,0.021836,0.02187763499932771,sqs-worker-5986dcd897-74xz8,ip-192-168-20-201.ec2.internal,08062b11848d6718a91c409c1d32938bba3bc4256d1c3af746ed571f73b5ea46,1,4.0,26.0
1,hpa-poisson-707-025ef3f5,000242,144.327567,2026-08-31T20:59:34.013+00:00,2026-08-31T20:59:34.087+00:00,2026-08-31T20:59:34.091+00:00,2026-08-31T20:59:34.091+00:00,2026-08-31T20:59:34.097+00:00,2026-08-31T20:59:34.097+00:00,0.005419,0.00546000800022739,sqs-worker-5986dcd897-x8rdl,ip-192-168-20-201.ec2.internal,46c6dcc5f03661769f07aea2a80c63c0f34077ce6123eca0e68cf012006b5966,1,4.0,10.0
1,hpa-poisson-707-025ef3f5,000243,144.415016,2026-08-31T20:59:34.100+00:00,2026-08-31T20:59:34.176+00:00,2026-08-31T20:59:34.181+00:00,2026-08-31T20:59:34.181+00:00,2026-08-31T20:59:34.290+00:00,2026-08-31T20:59:34.290+00:00,0.060667,0.10898198599898024,sqs-worker-5986dcd897-74xz8,ip-192-168-20-201.ec2.internal,31e735c1778446e645adedfc9382785a081c4896843da43b3e03a58ff7d8f672,1,5.0,114.0
1,hpa-poisson-707-025ef3f5,000247,145.973359,2026-08-31T20:59:35.659+00:00,2026-08-31T20:59:35.732+00:00,2026-08-31T20:59:35.736+00:00,2026-08-31T20:59:35.736+00:00,2026-08-31T20:59:35.993+00:00,2026-08-31T20:59:35.993+00:00,0.126574,0.25648254900079337,sqs-worker-5986dcd897-x8rdl,ip-192-168-20-201.ec2.internal,8b6582d134d4a28c06a07ef097835df40bfa8a3b77481874f46fe90449aa2c86,1,4.0,261.0
1,hpa-poisson-707-025ef3f5,000245,145.240775,2026-08-31T20:59:34.927+00:00,2026-08-31T20:59:35.003+00:00,2026-08-31T20:59:35.009+00:00,2026-08-31T20:59:35.009+00:00,2026-08-31T20:59:36.307+00:00,2026-08-31T20:59:36.307+00:00,0.375479,1.298596908998661,sqs-worker-5986dcd897-l2gnv,ip-192-168-20-201.ec2.internal,73a2b1367d1d7dde8d842901c3f0c87d0aeb417f85080d3d4255ce6d0b062410,1,6.0,1304.0
1,hpa-poisson-707-025ef3f5,000249,146.60177,2026-08-31T20:59:36.288+00:00,2026-08-31T20:59:36.362+00:00,2026-08-31T20:59:36.366+00:00,2026-08-31T20:59:36.366+00:00,2026-08-31T20:59:36.419+00:00,2026-08-31T20:59:36.419+00:00,0.035988,0.05313915599981556,sqs-worker-5986dcd897-tlwpm,ip-192-168-20-201.ec2.internal,42cdde45a273c82ac75bc7aab230bea03bc802775d84129565faffe195591f46,1,4.0,57.0
1,hpa-poisson-707-025ef3f5,000248,146.127413,2026-08-31T20:59:35.813+00:00,2026-08-31T20:59:35.892+00:00,2026-08-31T20:59:35.896+00:00,2026-08-31T20:59:35.896+00:00,2026-08-31T20:59:36.086+00:00,2026-08-31T20:59:36.086+00:00,0.079907,0.19028408700069122,sqs-worker-5986dcd897-tlwpm,ip-192-168-20-201.ec2.internal,c08483287be82197b2838b381e15a21837bb0ee507c224856bb02d4e91623ec6,1,4.0,194.0
1,hpa-poisson-707-025ef3f5,000251,147.394793,2026-08-31T20:59:37.080+00:00,2026-08-31T20:59:37.156+00:00,2026-08-31T20:59:37.159+00:00,2026-08-31T20:59:37.159+00:00,2026-08-31T20:59:37.175+00:00,2026-08-31T20:59:37.175+00:00,0.005,0.016125731001011445,sqs-worker-5986dcd897-74xz8,ip-192-168-20-201.ec2.internal,343139d33d641f3565ac85913990b17376c5740033de9712584841d335245629,1,3.0,19.0
1,hpa-poisson-707-025ef3f5,000246,145.850775,2026-08-31T20:59:35.537+00:00,2026-08-31T20:59:35.612+00:00,2026-08-31T20:59:35.616+00:00,2026-08-31T20:59:35.617+00:00,2026-08-31T20:59:36.170+00:00,2026-08-31T20:59:36.170+00:00,0.110556,0.5537079000005178,sqs-worker-5986dcd897-74xz8,ip-192-168-20-201.ec2.internal,5177723e5f6ab97f88d728efe6ad936b2888a984da72c3a6bebebafa31e9daef,1,4.0,558.0
1,hpa-poisson-707-025ef3f5,000253,148.46658,2026-08-31T20:59:38.152+00:00,2026-08-31T20:59:38.228+00:00,2026-08-31T20:59:38.232+00:00,2026-08-31T20:59:38.232+00:00,2026-08-31T20:59:38.261+00:00,2026-08-31T20:59:38.261+00:00,0.029628,0.029811210000843857,sqs-worker-5986dcd897-tlwpm,ip-192-168-20-201.ec2.internal,a1308731e31a0c20e7b14337416fee92fa0890c3ce5f851b959d293ddacc4055,1,4.0,33.0
1,hpa-poisson-707-025ef3f5,000250,147.056395,2026-08-31T20:59:36.742+00:00,2026-08-31T20:59:36.818+00:00,2026-08-31T20:59:36.822+00:00,2026-08-31T20:59:36.822+00:00,2026-08-31T20:59:38.534+00:00,2026-08-31T20:59:38.534+00:00,0.421987,1.7125330710005073,sqs-worker-5986dcd897-l2gnv,ip-192-168-20-201.ec2.internal,4c34dee3a9faacb5c99a34817265342ed8e533e0bf03b42affd66aa4df47d112,1,4.0,1716.0
1,hpa-poisson-707-025ef3f5,000252,148.009826,2026-08-31T20:59:37.696+00:00,2026-08-31T20:59:37.772+00:00,2026-08-31T20:59:37.776+00:00,2026-08-31T20:59:37.776+00:00,2026-08-31T20:59:38.291+00:00,2026-08-31T20:59:38.291+00:00,0.216675,0.515425427000082,sqs-worker-5986dcd897-x8rdl,ip-192-168-20-201.ec2.internal,9bb9955653fef74e47027e69f397d7685c31c510636049a7d9261d466b55247e,1,4.0,519.0
1,hpa-poisson-707-025ef3f5,000255,148.612109,2026-08-31T20:59:38.297+00:00,2026-08-31T20:59:38.379+00:00,2026-08-31T20:59:38.382+00:00,2026-08-31T20:59:38.382+00:00,2026-08-31T20:59:38.909+00:00,2026-08-31T20:59:38.909+00:00,0.225246,0.5271987659998558,sqs-worker-5986dcd897-x8rdl,ip-192-168-20-201.ec2.internal,5dc52e5b47cd80e1e1c9642595c6c7a3fd3b93f7a8d122fb175a9bf22f5f5aaf,1,3.0,530.0
1,hpa-poisson-707-025ef3f5,000257,149.812863,2026-08-31T20:59:39.498+00:00,2026-08-31T20:59:39.576+00:00,2026-08-31T20:59:39.587+00:00,2026-08-31T20:59:39.587+00:00,2026-08-31T20:59:39.623+00:00,2026-08-31T20:59:39.623+00:00,0.023935,0.03593710499990266,sqs-worker-5986dcd897-x8rdl,ip-192-168-20-201.ec2.internal,a48704b4db3043f917210f532a574195e09b591058dc73f8dacd3a367097b48f,1,11.0,47.0
1,hpa-poisson-707-025ef3f5,000254,148.604877,2026-08-31T20:59:38.290+00:00,2026-08-31T20:59:38.364+00:00,2026-08-31T20:59:38.369+00:00,2026-08-31T20:59:38.369+00:00,2026-08-31T20:59:39.828+00:00,2026-08-31T20:59:39.828+00:00,0.59364,1.4592644090007525,sqs-worker-5986dcd897-74xz8,ip-192-168-20-201.ec2.internal,e17bc72276a5c3ff9fb328f67ff521980ba749509201b0af132160e514ef70d7,1,5.0,1464.0
1,hpa-poisson-707-025ef3f5,000256,149.608849,2026-08-31T20:59:39.295+00:00,2026-08-31T20:59:39.371+00:00,2026-08-31T20:59:39.378+00:00,2026-08-31T20:59:39.378+00:00,2026-08-31T20:59:41.493+00:00,2026-08-31T20:59:41.493+00:00,0.865328,2.1147542290000274,sqs-worker-5986dcd897-l2gnv,ip-192-168-20-201.ec2.internal,4a56c99a86527d93bf5b006cf8d49b5176684500167d65047d17c9a6683c5c1c,1,7.0,2122.0
1,hpa-poisson-707-025ef3f5,000260,151.637558,2026-08-31T20:59:41.323+00:00,2026-08-31T20:59:41.407+00:00,2026-08-31T20:59:41.411+00:00,2026-08-31T20:59:41.411+00:00,2026-08-31T20:59:41.836+00:00,2026-08-31T20:59:41.836+00:00,0.188541,0.42519406999963394,sqs-worker-5986dcd897-74xz8,ip-192-168-20-201.ec2.internal,ff486bcd55758d6dd890009273dff9c064c4379f8c54fd461d64514ba1573cf5,1,4.0,429.0
1,hpa-poisson-707-025ef3f5,000258,150.257902,2026-08-31T20:59:39.944+00:00,2026-08-31T20:59:40.020+00:00,2026-08-31T20:59:40.025+00:00,2026-08-31T20:59:40.025+00:00,2026-08-31T20:59:41.937+00:00,2026-08-31T20:59:41.937+00:00,0.449775,1.9124552789999143,sqs-worker-5986dcd897-tlwpm,ip-192-168-20-201.ec2.internal,b431879359b474d315367c71a4ebc6a880481bfd8819e70bdc281673ccd94cdb,1,5.0,1917.0
1,hpa-poisson-707-025ef3f5,000261,152.12334,2026-08-31T20:59:41.809+00:00,2026-08-31T20:59:41.889+00:00,2026-08-31T20:59:41.903+00:00,2026-08-31T20:59:41.903+00:00,2026-08-31T20:59:42.317+00:00,2026-08-31T20:59:42.317+00:00,0.176549,0.41343000900087645,sqs-worker-5986dcd897-l2gnv,ip-192-168-20-201.ec2.internal,692acfcbb8d3cfbad85faba44289f2f0384f71ce057d2a7e6e3bdc11414579cc,1,14.0,428.0
1,hpa-poisson-707-025ef3f5,000263,152.5666,2026-08-31T20:59:42.252+00:00,2026-08-31T20:59:42.327+00:00,2026-08-31T20:59:42.333+00:00,2026-08-31T20:59:42.333+00:00,2026-08-31T20:59:42.436+00:00,2026-08-31T20:59:42.436+00:00,0.055007,0.10324078799931158,sqs-worker-5986dcd897-l2gnv,ip-192-168-20-201.ec2.internal,4ee0fbef5d76138ba4c56006f93ff73602a35d80385413ebc07fa6fcdc358289,1,6.0,109.0
1,hpa-poisson-707-025ef3f5,000259,151.577393,2026-08-31T20:59:41.264+00:00,2026-08-31T20:59:41.339+00:00,2026-08-31T20:59:41.343+00:00,2026-08-31T20:59:41.343+00:00,2026-08-31T20:59:42.207+00:00,2026-08-31T20:59:42.207+00:00,0.375077,0.864485809001053,sqs-worker-5986dcd897-x8rdl,ip-192-168-20-201.ec2.internal,a1141cbe184f861deaae6ff6344f05ea1c16005cd30e39d2237566651d5220d0,1,4.0,868.0
1,hpa-poisson-707-025ef3f5,000266,153.284607,2026-08-31T20:59:42.970+00:00,2026-08-31T20:59:43.052+00:00,2026-08-31T20:59:43.055+00:00,2026-08-31T20:59:43.055+00:00,2026-08-31T20:59:43.677+00:00,2026-08-31T20:59:43.677+00:00,0.261525,0.622035094000239,sqs-worker-5986dcd897-x8rdl,ip-192-168-20-201.ec2.internal,59272638545b89e27ea05c5e8df0721e4d6add96766f55acbe8b06c7d59c49bf,1,3.0,625.0
1,hpa-poisson-707-025ef3f5,000268,153.572063,2026-08-31T20:59:43.258+00:00,2026-08-31T20:59:43.338+00:00,2026-08-31T20:59:43.697+00:00,2026-08-31T20:59:43.697+00:00,2026-08-31T20:59:43.986+00:00,2026-08-31T20:59:43.986+00:00,0.117991,0.28862083300009544,sqs-worker-5986dcd897-x8rdl,ip-192-168-20-201.ec2.internal,1cc448982e064df97965fb0abc17fcddd2aab1a4c2eb223dcd60c782e075254e,1,359.0,648.0
1,hpa-poisson-707-025ef3f5,000264,152.678163,2026-08-31T20:59:42.364+00:00,2026-08-31T20:59:42.445+00:00,2026-08-31T20:59:42.448+00:00,2026-08-31T20:59:42.448+00:00,2026-08-31T20:59:44.168+00:00,2026-08-31T20:59:44.168+00:00,0.610617,1.7201548230004846,sqs-worker-5986dcd897-tlwpm,ip-192-168-20-201.ec2.internal,b27f0c4d5a1e2c607cfdef2281d22ed36e03dd5c3649b5618b790a4454186520,1,3.0,1723.0
1,hpa-poisson-707-025ef3f5,000269,154.267163,2026-08-31T20:59:43.953+00:00,2026-08-31T20:59:44.032+00:00,2026-08-31T20:59:44.203+00:00,2026-08-31T20:59:44.203+00:00,2026-08-31T20:59:44.474+00:00,2026-08-31T20:59:44.474+00:00,0.114495,0.2707722199993441,sqs-worker-5986dcd897-x8rdl,ip-192-168-20-201.ec2.internal,94d6a884a9286da87c4cc4fd2c09ca701fb7820394e95dbfce0d1324fa0a29e0,1,171.0,442.0
1,hpa-poisson-707-025ef3f5,000265,152.859909,2026-08-31T20:59:42.545+00:00,2026-08-31T20:59:42.623+00:00,2026-08-31T20:59:42.629+00:00,2026-08-31T20:59:42.629+00:00,2026-08-31T20:59:44.525+00:00,2026-08-31T20:59:44.525+00:00,0.77947,1.8958572809988254,sqs-worker-5986dcd897-l2gnv,ip-192-168-20-201.ec2.internal,8bfa98a1eb287a1d60e32f02445f77e942d8e08889b3087602348e7ea8b1195c,1,6.0,1902.0
1,hpa-poisson-707-025ef3f5,000271,154.692166,2026-08-31T20:59:44.378+00:00,2026-08-31T20:59:44.452+00:00,2026-08-31T20:59:44.455+00:00,2026-08-31T20:59:44.455+00:00,2026-08-31T20:59:44.469+00:00,2026-08-31T20:59:44.469+00:00,0.013956,0.014005830998939928,sqs-worker-5986dcd897-74xz8,ip-192-168-20-201.ec2.internal,1e9d74780862cf7bb24594878e727bf979a66becc6784bc663e7e544b7d6e57c,1,3.0,17.0
1,hpa-poisson-707-025ef3f5,000270,154.405904,2026-08-31T20:59:44.091+00:00,2026-08-31T20:59:44.668+00:00,2026-08-31T20:59:44.675+00:00,2026-08-31T20:59:44.675+00:00,2026-08-31T20:59:44.687+00:00,2026-08-31T20:59:44.687+00:00,0.012067,0.012106763999327086,sqs-worker-5986dcd897-l2gnv,ip-192-168-20-201.ec2.internal,51cd35f54d56ae5f8bec24e19b05fa40e3cc307476ddb5a3abd41889481c0002,1,7.0,19.0
1,hpa-poisson-707-025ef3f5,000262,152.400852,2026-08-31T20:59:42.086+00:00,2026-08-31T20:59:42.162+00:00,2026-08-31T20:59:42.165+00:00,2026-08-31T20:59:42.165+00:00,2026-08-31T20:59:44.316+00:00,2026-08-31T20:59:44.316+00:00,0.874346,2.1508945069999754,sqs-worker-5986dcd897-74xz8,ip-192-168-20-201.ec2.internal,fa044dcfd8452260212dc7d1688e788a3d642dc396f26fc3c72f7b35a79ea025,1,3.0,2154.0
1,hpa-poisson-707-025ef3f5,000272,155.455339,2026-08-31T20:59:45.141+00:00,2026-08-31T20:59:45.220+00:00,2026-08-31T20:59:45.224+00:00,2026-08-31T20:59:45.224+00:00,2026-08-31T20:59:45.526+00:00,2026-08-31T20:59:45.527+00:00,0.140859,0.30231451600047876,sqs-worker-5986dcd897-74xz8,ip-192-168-20-201.ec2.internal,3afbb4fd935bb6dca571c603f6b2cc18b07d74e23d4fa8d5026b1e8d377bfd87,1,4.0,306.0
1,hpa-poisson-707-025ef3f5,000267,153.318613,2026-08-31T20:59:43.004+00:00,2026-08-31T20:59:43.082+00:00,2026-08-31T20:59:44.016+00:00,2026-08-31T20:59:44.016+00:00,2026-08-31T20:59:44.176+00:00,2026-08-31T20:59:44.176+00:00,0.070674,0.15971738599910168,sqs-worker-5986dcd897-x8rdl,ip-192-168-20-201.ec2.internal,083bf913f2096337a586bdaf3df3c40fb07a5543d7d29fc6cd5067e299884ee8,1,934.0,1094.0
1,hpa-poisson-707-025ef3f5,000273,156.971225,2026-08-31T20:59:46.658+00:00,2026-08-31T20:59:46.730+00:00,2026-08-31T20:59:46.737+00:00,2026-08-31T20:59:46.737+00:00,2026-08-31T20:59:46.954+00:00,2026-08-31T20:59:46.954+00:00,0.105737,0.21671870699901774,sqs-worker-5986dcd897-tlwpm,ip-192-168-20-201.ec2.internal,ba195f56e135e08e47220385b58cd642aabe35246fda3f15f39ab8b6df2f18bd,1,7.0,224.0
1,hpa-poisson-707-025ef3f5,000276,157.38591,2026-08-31T20:59:47.071+00:00,2026-08-31T20:59:47.145+00:00,2026-08-31T20:59:47.149+00:00,2026-08-31T20:59:47.149+00:00,2026-08-31T20:59:47.185+00:00,2026-08-31T20:59:47.185+00:00,0.035914,0.03595271199992567,sqs-worker-5986dcd897-tlwpm,ip-192-168-20-201.ec2.internal,01abfeaecd73ce268542843e3bbbfab6814d682d3584a673cad6a52e9211fc6e,1,4.0,40.0
1,hpa-poisson-707-025ef3f5,000274,157.01417,2026-08-31T20:59:46.700+00:00,2026-08-31T20:59:46.772+00:00,2026-08-31T20:59:46.783+00:00,2026-08-31T20:59:46.783+00:00,2026-08-31T20:59:47.199+00:00,2026-08-31T20:59:47.199+00:00,0.173269,0.41589927499990154,sqs-worker-5986dcd897-x8rdl,ip-192-168-20-201.ec2.internal,de917929f8dba6d9523393aca7c2305cf9ed56892a80b7ea12c9e392505fc10b,1,11.0,427.0
1,hpa-poisson-707-025ef3f5,000275,157.202963,2026-08-31T20:59:46.888+00:00,2026-08-31T20:59:46.962+00:00,2026-08-31T20:59:46.998+00:00,2026-08-31T20:59:46.998+00:00,2026-08-31T20:59:47.026+00:00,2026-08-31T20:59:47.026+00:00,0.027953,0.02803497300010349,sqs-worker-5986dcd897-74xz8,ip-192-168-20-201.ec2.internal,02bf0fb7b1c5ec37425f344ba3a09944ff131295623d0dc3eb1aa9434b8ec4ba,1,36.0,64.0
1,hpa-poisson-707-025ef3f5,000279,159.044118,2026-08-31T20:59:48.730+00:00,2026-08-31T20:59:48.802+00:00,2026-08-31T20:59:48.816+00:00,2026-08-31T20:59:48.816+00:00,2026-08-31T20:59:48.864+00:00,2026-08-31T20:59:48.864+00:00,0.018364,0.047549711000101524,sqs-worker-5986dcd897-tlwpm,ip-192-168-20-201.ec2.internal,5e0b83ac4b1f503d5477e6746ea4c797b91c0d65ae13d3dfdd6f2b30816e5f8e,1,14.0,62.0
1,hpa-poisson-707-025ef3f5,000277,157.91362,2026-08-31T20:59:47.600+00:00,2026-08-31T20:59:47.675+00:00,2026-08-31T20:59:47.679+00:00,2026-08-31T20:59:47.679+00:00,2026-08-31T20:59:48.986+00:00,2026-08-31T20:59:48.986+00:00,0.523014,1.3131650459999946,sqs-worker-5986dcd897-x8rdl,ip-192-168-20-201.ec2.internal,a4c0b7add66730ca615e86373a157ad0815807a57ae90a9f7c2518a093a0f534,1,4.0,1311.0
1,hpa-poisson-707-025ef3f5,000280,159.432952,2026-08-31T20:59:49.119+00:00,2026-08-31T20:59:49.193+00:00,2026-08-31T20:59:49.196+00:00,2026-08-31T20:59:49.196+00:00,2026-08-31T20:59:49.207+00:00,2026-08-31T20:59:49.207+00:00,0.010835,0.011111128000266035,sqs-worker-5986dcd897-x8rdl,ip-192-168-20-201.ec2.internal,7e5696d33e88b47b664d5b58dc3fccf78308434678bdc601de82f18bf55e4761,1,3.0,14.0
1,hpa-poisson-707-025ef3f5,000278,158.993387,2026-08-31T20:59:48.680+00:00,2026-08-31T20:59:48.757+00:00,2026-08-31T20:59:48.761+00:00,2026-08-31T20:59:48.761+00:00,2026-08-31T20:59:49.820+00:00,2026-08-31T20:59:49.820+00:00,0.447131,1.0589000299987674,sqs-worker-5986dcd897-74xz8,ip-192-168-20-201.ec2.internal,a137863efbc479dd0d297445f31cebcb3184564b02bfb0e129223b67aaa2ad4a,1,4.0,1063.0
1,hpa-poisson-707-025ef3f5,000282,160.086601,2026-08-31T20:59:49.772+00:00,2026-08-31T20:59:49.846+00:00,2026-08-31T20:59:49.850+00:00,2026-08-31T20:59:49.850+00:00,2026-08-31T20:59:50.175+00:00,2026-08-31T20:59:50.175+00:00,0.159152,0.3251974880004127,sqs-worker-5986dcd897-l2gnv,ip-192-168-20-201.ec2.internal,c73d29c83bcf86351d71a1453989424833c17a9404df22bbbe418843ab555d0c,1,4.0,329.0
1,hpa-poisson-707-025ef3f5,000283,160.536877,2026-08-31T20:59:50.223+00:00,2026-08-31T20:59:50.296+00:00,2026-08-31T20:59:50.299+00:00,2026-08-31T20:59:50.299+00:00,2026-08-31T20:59:50.485+00:00,2026-08-31T20:59:50.485+00:00,0.029337,0.18572648400004255,sqs-worker-5986dcd897-x8rdl,ip-192-168-20-201.ec2.internal,4c95aac79c41ccdd25e8d6c79d094ba549ba0c8a8b66be4625d4844e73c96411,1,3.0,189.0
1,hpa-poisson-707-025ef3f5,000281,159.755969,2026-08-31T20:59:49.442+00:00,2026-08-31T20:59:49.515+00:00,2026-08-31T20:59:49.525+00:00,2026-08-31T20:59:49.525+00:00,2026-08-31T20:59:50.644+00:00,2026-08-31T20:59:50.644+00:00,0.44206,1.1191428929996619,sqs-worker-5986dcd897-tlwpm,ip-192-168-20-201.ec2.internal,e350a0c9341d4c68f4f2c126318d6d75a23c7c42277e63a8a198240ae8198ea5,1,10.0,1129.0
1,hpa-poisson-707-025ef3f5,000285,164.263218,2026-08-31T20:59:53.948+00:00,2026-08-31T20:59:54.022+00:00,2026-08-31T20:59:54.028+00:00,2026-08-31T20:59:54.028+00:00,2026-08-31T20:59:54.231+00:00,2026-08-31T20:59:54.231+00:00,0.106468,0.2038408359985624,sqs-worker-5986dcd897-l2gnv,ip-192-168-20-201.ec2.internal,17904459f64ee8c26e3d06764ca19e2e3ff9a8eed192282c3a78f2b2da157896,1,6.0,209.0
1,hpa-poisson-707-025ef3f5,000287,164.885897,2026-08-31T20:59:54.570+00:00,2026-08-31T20:59:54.650+00:00,2026-08-31T20:59:54.654+00:00,2026-08-31T20:59:54.654+00:00,2026-08-31T20:59:54.659+00:00,2026-08-31T20:59:54.659+00:00,0.005,0.005036688000473077,sqs-worker-5986dcd897-l2gnv,ip-192-168-20-201.ec2.internal,7ad3a5f0169fd9ddae6238a2039a2d3c8cd91fca9a9bb5430e2d7e26b9b5b40e,1,4.0,9.0
1,hpa-poisson-707-025ef3f5,000286,164.636282,2026-08-31T20:59:54.321+00:00,2026-08-31T20:59:54.394+00:00,2026-08-31T20:59:54.398+00:00,2026-08-31T20:59:54.398+00:00,2026-08-31T20:59:55.112+00:00,2026-08-31T20:59:55.112+00:00,0.294495,0.7139324580002722,sqs-worker-5986dcd897-74xz8,ip-192-168-20-201.ec2.internal,08ce42c979f486934412d1828df0893819f09ec6517eaba6b0840252d10db163,1,4.0,718.0
1,hpa-poisson-707-025ef3f5,000288,165.115686,2026-08-31T20:59:54.800+00:00,2026-08-31T20:59:54.902+00:00,2026-08-31T20:59:54.905+00:00,2026-08-31T20:59:54.905+00:00,2026-08-31T20:59:55.293+00:00,2026-08-31T20:59:55.293+00:00,0.170217,0.38766313700034516,sqs-worker-5986dcd897-x8rdl,ip-192-168-20-201.ec2.internal,e1ee9b62a9029fba0a1a9b63ab2d35ca4ee8c44758c8b45a57a677a873b5f49e,1,3.0,391.0
1,hpa-poisson-707-025ef3f5,000290,165.481036,2026-08-31T20:59:55.165+00:00,2026-08-31T20:59:55.299+00:00,2026-08-31T20:59:55.303+00:00,2026-08-31T20:59:55.303+00:00,2026-08-31T20:59:55.312+00:00,2026-08-31T20:59:55.312+00:00,0.008993,0.00909292000142159,sqs-worker-5986dcd897-74xz8,ip-192-168-20-201.ec2.internal,81460b20239aea67c01ebf38649a91d3775f9cee674d543acc22a9af20e16d40,1,4.0,13.0
1,hpa-poisson-707-025ef3f5,000284,163.833962,2026-08-31T20:59:53.521+00:00,2026-08-31T20:59:53.594+00:00,2026-08-31T20:59:53.598+00:00,2026-08-31T20:59:53.598+00:00,2026-08-31T20:59:54.730+00:00,2026-08-31T20:59:54.730+00:00,0.474292,1.1319350129997474,sqs-worker-5986dcd897-tlwpm,ip-192-168-20-201.ec2.internal,0a6d517afae601056627ccca099a80bd4f381e8ce078d60e12f64a53617e4d31,1,4.0,1136.0
1,hpa-poisson-707-025ef3f5,000291,166.192183,2026-08-31T20:59:55.877+00:00,2026-08-31T20:59:56.074+00:00,2026-08-31T20:59:56.077+00:00,2026-08-31T20:59:56.078+00:00,2026-08-31T20:59:56.092+00:00,2026-08-31T20:59:56.092+00:00,0.014287,0.014356581999891205,sqs-worker-5986dcd897-tlwpm,ip-192-168-20-201.ec2.internal,830ff3f7af76e254a6a028db3ec781ec4b3db7add26c4f5526b5b60c868a14dc,1,3.0,18.0
1,hpa-poisson-707-025ef3f5,000289,165.237579,2026-08-31T20:59:54.922+00:00,2026-08-31T20:59:55.033+00:00,2026-08-31T20:59:55.037+00:00,2026-08-31T20:59:55.037+00:00,2026-08-31T20:59:56.818+00:00,2026-08-31T20:59:56.818+00:00,0.501515,1.7801224529994215,sqs-worker-5986dcd897-l2gnv,ip-192-168-20-201.ec2.internal,03368b4e9b08ad2cf67a24938cd52e0cd3d7ebbc8e45b07d3d5809d5238661ff,1,4.0,1785.0
1,hpa-poisson-707-025ef3f5,000292,167.129331,2026-08-31T20:59:56.814+00:00,2026-08-31T20:59:57.100+00:00,2026-08-31T20:59:57.104+00:00,2026-08-31T20:59:57.104+00:00,2026-08-31T20:59:57.129+00:00,2026-08-31T20:59:57.129+00:00,0.02516,0.025484083998890128,sqs-worker-5986dcd897-x8rdl,ip-192-168-20-201.ec2.internal,8bb9db365efaa4c4a437bca28814d6816ad0cb784bec5387a5fbb2ba4b8f998d,1,4.0,29.0
1,hpa-poisson-707-025ef3f5,000294,167.597764,2026-08-31T20:59:57.282+00:00,2026-08-31T20:59:57.610+00:00,2026-08-31T20:59:57.617+00:00,2026-08-31T20:59:57.617+00:00,2026-08-31T20:59:57.847+00:00,2026-08-31T20:59:57.847+00:00,0.111059,0.23060814900054538,sqs-worker-5986dcd897-74xz8,ip-192-168-20-201.ec2.internal,11927ff7f6e5f95b8a0933f8aa734f2494e071e0b35bbccd64c2007803e0c879,1,7.0,237.0
1,hpa-poisson-707-025ef3f5,000293,167.301971,2026-08-31T20:59:56.986+00:00,2026-08-31T20:59:57.288+00:00,2026-08-31T20:59:57.306+00:00,2026-08-31T20:59:57.306+00:00,2026-08-31T20:59:58.130+00:00,2026-08-31T20:59:58.130+00:00,0.174724,0.8233894989989494,sqs-worker-5986dcd897-l2gnv,ip-192-168-20-201.ec2.internal,31aaf7e2da31f7e94923f31fb5199568f3d5847c12d5dea95629ffe3165ef145,1,18.0,842.0
1,hpa-poisson-707-025ef3f5,000295,167.717049,2026-08-31T20:59:57.401+00:00,2026-08-31T20:59:57.739+00:00,2026-08-31T20:59:57.742+00:00,2026-08-31T20:59:57.742+00:00,2026-08-31T20:59:58.324+00:00,2026-08-31T20:59:58.324+00:00,0.242051,0.5814458599998034,sqs-worker-5986dcd897-tlwpm,ip-192-168-20-201.ec2.internal,9aafdbbbbb838fbaa7c35f6e7c415ee08df178b8d955e6ed1d2dca03174da0c5,1,3.0,585.0
1,hpa-poisson-707-025ef3f5,000296,168.55637,2026-08-31T20:59:58.241+00:00,2026-08-31T20:59:58.654+00:00,2026-08-31T20:59:58.658+00:00,2026-08-31T20:59:58.658+00:00,2026-08-31T20:59:58.744+00:00,2026-08-31T20:59:58.744+00:00,0.061729,0.08592381400012528,sqs-worker-5986dcd897-tlwpm,ip-192-168-20-201.ec2.internal,48f20e93f270316abf5260af3797ceeaf18cd5f5987e16a9f3070fe96ba6dde9,1,4.0,90.0
1,hpa-poisson-707-025ef3f5,000297,168.777707,2026-08-31T20:59:58.462+00:00,2026-08-31T20:59:58.895+00:00,2026-08-31T20:59:58.899+00:00,2026-08-31T20:59:58.899+00:00,2026-08-31T20:59:59.125+00:00,2026-08-31T20:59:59.125+00:00,0.110049,0.2254989030006982,sqs-worker-5986dcd897-l2gnv,ip-192-168-20-201.ec2.internal,8ed0a14122d23a3d137a784974890a07522a489668a69efdf1f509f0398570cd,1,4.0,230.0
1,hpa-poisson-707-025ef3f5,000298,169.940521,2026-08-31T20:59:59.625+00:00,2026-08-31T21:00:00.164+00:00,2026-08-31T21:00:00.168+00:00,2026-08-31T21:00:00.168+00:00,2026-08-31T21:00:00.496+00:00,2026-08-31T21:00:00.496+00:00,0.150935,0.32738807699934114,sqs-worker-5986dcd897-74xz8,ip-192-168-20-201.ec2.internal,fd4c68769fc4ca3a4d9e3ae8e1e1ed7a6834c60f7ab227f7f4fbf9e6336c772a,1,4.0,332.0
1,hpa-poisson-707-025ef3f5,000299,171.077215,2026-08-31T21:00:00.761+00:00,2026-08-31T21:00:01.404+00:00,2026-08-31T21:00:01.409+00:00,2026-08-31T21:00:01.409+00:00,2026-08-31T21:00:02.994+00:00,2026-08-31T21:00:02.994+00:00,0.511704,1.5856148340008076,sqs-worker-5986dcd897-tlwpm,ip-192-168-20-201.ec2.internal,d75abf5e7cbb15cc19aee01cccd45b8423cf941a343b10bbbaf6d5bc11751db6,1,5.0,1590.0
1,hpa-poisson-707-025ef3f5,000300,172.095157,2026-08-31T21:00:01.780+00:00,2026-08-31T21:00:02.514+00:00,2026-08-31T21:00:02.518+00:00,2026-08-31T21:00:02.518+00:00,2026-08-31T21:00:03.318+00:00,2026-08-31T21:00:03.318+00:00,0.333451,0.8000333800009685,sqs-worker-5986dcd897-l2gnv,ip-192-168-20-201.ec2.internal,ae7f233f17ee6e9a990cf23b4a9a72ae73d36b840d5250e3c8b8a7ef221c8c00,1,4.0,804.0
1,hpa-poisson-707-025ef3f5,000301,172.588635,2026-08-31T21:00:02.273+00:00,2026-08-31T21:00:03.062+00:00,2026-08-31T21:00:03.066+00:00,2026-08-31T21:00:03.066+00:00,2026-08-31T21:00:03.474+00:00,2026-08-31T21:00:03.474+00:00,0.169723,0.4077596409988473,sqs-worker-5986dcd897-74xz8,ip-192-168-20-201.ec2.internal,43dcdacd4526acbbfce3dee2cd5e15ded929cdf0a1cb583fd329a1a713044218,1,4.0,412.0
1,hpa-poisson-707-025ef3f5,000302,172.915631,2026-08-31T21:00:02.600+00:00,2026-08-31T21:00:03.398+00:00,2026-08-31T21:00:03.402+00:00,2026-08-31T21:00:03.402+00:00,2026-08-31T21:00:04.028+00:00,2026-08-31T21:00:04.028+00:00,0.269008,0.6264207559997885,sqs-worker-5986dcd897-l2gnv,ip-192-168-20-201.ec2.internal,bb94b53ad199a95994eb70d112e3539f685bae930736c8f38c9ea38eeea97276,1,4.0,630.0
1,hpa-poisson-707-025ef3f5,000303,173.384238,2026-08-31T21:00:03.070+00:00,2026-08-31T21:00:03.828+00:00,2026-08-31T21:00:03.835+00:00,2026-08-31T21:00:03.835+00:00,2026-08-31T21:00:04.226+00:00,2026-08-31T21:00:04.226+00:00,0.183998,0.3903468589996919,sqs-worker-5986dcd897-74xz8,ip-192-168-20-201.ec2.internal,85a4306038b5671b34d27e5d86d4c793a7e1e0c7e5dc0dc723e597df8cbe2ebd,1,7.0,398.0
1,hpa-poisson-707-025ef3f5,000305,174.79963,2026-08-31T21:00:04.485+00:00,2026-08-31T21:00:05.135+00:00,2026-08-31T21:00:05.139+00:00,2026-08-31T21:00:05.139+00:00,2026-08-31T21:00:05.569+00:00,2026-08-31T21:00:05.569+00:00,0.178263,0.4303770880014781,sqs-worker-5986dcd897-tlwpm,ip-192-168-20-201.ec2.internal,480a130f9f47460cbde252c49cca9a76451b884a993e3dd11a08a43a79af08db,1,4.0,434.0
1,hpa-poisson-707-025ef3f5,000306,175.06096,2026-08-31T21:00:04.748+00:00,2026-08-31T21:00:05.378+00:00,2026-08-31T21:00:05.382+00:00,2026-08-31T21:00:05.382+00:00,2026-08-31T21:00:05.767+00:00,2026-08-31T21:00:05.767+00:00,0.116691,0.38566085399907024,sqs-worker-5986dcd897-l2gnv,ip-192-168-20-201.ec2.internal,dc7749edc1a1d0a42482399a5011b937f90fcfd2fb9abd930a3daa6a03398a60,1,4.0,389.0
1,hpa-poisson-707-025ef3f5,000308,175.293272,2026-08-31T21:00:04.978+00:00,2026-08-31T21:00:05.591+00:00,2026-08-31T21:00:05.618+00:00,2026-08-31T21:00:05.618+00:00,2026-08-31T21:00:06.131+00:00,2026-08-31T21:00:06.131+00:00,0.210855,0.5133800450003037,sqs-worker-5986dcd897-tlwpm,ip-192-168-20-201.ec2.internal,b792e3036a9a3f3131e6783fed373850029d423d2718b718847a25c89ca715b8,1,27.0,540.0
1,hpa-poisson-707-025ef3f5,000309,175.949466,2026-08-31T21:00:05.635+00:00,2026-08-31T21:00:06.198+00:00,2026-08-31T21:00:06.204+00:00,2026-08-31T21:00:06.204+00:00,2026-08-31T21:00:06.330+00:00,2026-08-31T21:00:06.330+00:00,0.027555,0.12610639299964532,sqs-worker-5986dcd897-l2gnv,ip-192-168-20-201.ec2.internal,ad2dbac91b289d91e32887668dd0744e799c3c52323f62cac739ca997d7f2721,1,6.0,132.0
1,hpa-poisson-707-025ef3f5,000307,175.07842,2026-08-31T21:00:04.763+00:00,2026-08-31T21:00:05.391+00:00,2026-08-31T21:00:05.395+00:00,2026-08-31T21:00:05.395+00:00,2026-08-31T21:00:06.621+00:00,2026-08-31T21:00:06.621+00:00,0.263755,1.22585668100146,sqs-worker-5986dcd897-74xz8,ip-192-168-20-201.ec2.internal,ce1ca7bb9516e7d4a84ba4d3b3905f6feeb3d6ed8f344eaf79334b30096650ef,1,4.0,1230.0
1,hpa-poisson-707-025ef3f5,000304,174.200156,2026-08-31T21:00:03.885+00:00,2026-08-31T21:00:04.580+00:00,2026-08-31T21:00:04.584+00:00,2026-08-31T21:00:04.584+00:00,2026-08-31T21:00:07.037+00:00,2026-08-31T21:00:07.037+00:00,1.0,2.4531655370010412,sqs-worker-5986dcd897-x8rdl,ip-192-168-20-201.ec2.internal,e1abc0fb47a7c128a428bfff6d9d8d6248fde97bffffe339d4e3f5d4cb225aac,1,4.0,2457.0
1,hpa-poisson-707-025ef3f5,000310,177.562913,2026-08-31T21:00:07.258+00:00,2026-08-31T21:00:07.694+00:00,2026-08-31T21:00:07.698+00:00,2026-08-31T21:00:07.698+00:00,2026-08-31T21:00:08.005+00:00,2026-08-31T21:00:08.005+00:00,0.138641,0.30709775399918726,sqs-worker-5986dcd897-74xz8,ip-192-168-20-201.ec2.internal,27dd66f7e77fceffc5cedca5f8d18c06e8ddf251c21060d5c0a2622bba504775,1,4.0,311.0
1,hpa-poisson-707-025ef3f5,000311,177.981963,2026-08-31T21:00:07.667+00:00,2026-08-31T21:00:08.070+00:00,2026-08-31T21:00:08.073+00:00,2026-08-31T21:00:08.073+00:00,2026-08-31T21:00:08.110+00:00,2026-08-31T21:00:08.110+00:00,0.036445,0.03648666299886827,sqs-worker-5986dcd897-l2gnv,ip-192-168-20-201.ec2.internal,9bdf43c78ed3049d430cdb212417f19b1b2a534f654a25f56b39ae72927cef06,1,3.0,40.0
1,hpa-poisson-707-025ef3f5,000314,179.130889,2026-08-31T21:00:08.824+00:00,2026-08-31T21:00:09.144+00:00,2026-08-31T21:00:09.149+00:00,2026-08-31T21:00:09.149+00:00,2026-08-31T21:00:09.176+00:00,2026-08-31T21:00:09.176+00:00,0.026583,0.02664738000021316,sqs-worker-5986dcd897-74xz8,ip-192-168-20-201.ec2.internal,1aa3d789fd3458ad1ee34d5657b776f935b10fd7406587e22b10427de74f6a70,1,5.0,32.0
1,hpa-poisson-707-025ef3f5,000312,178.501657,2026-08-31T21:00:08.186+00:00,2026-08-31T21:00:08.550+00:00,2026-08-31T21:00:08.554+00:00,2026-08-31T21:00:08.554+00:00,2026-08-31T21:00:09.214+00:00,2026-08-31T21:00:09.214+00:00,0.289619,0.6605859229985072,sqs-worker-5986dcd897-l2gnv,ip-192-168-20-201.ec2.internal,d669132f5f81dce6058ad17a3a5051babfcb2b74b2ba5f2acb2205ec8936a87c,1,4.0,664.0
1,hpa-poisson-707-025ef3f5,000315,179.469894,2026-08-31T21:00:09.156+00:00,2026-08-31T21:00:09.448+00:00,2026-08-31T21:00:09.452+00:00,2026-08-31T21:00:09.452+00:00,2026-08-31T21:00:09.457+00:00,2026-08-31T21:00:09.457+00:00,0.005,0.005039781999585102,sqs-worker-5986dcd897-tlwpm,ip-192-168-20-201.ec2.internal,b03a230ddb2a5dea99f81411acdb604d9e07e9d62fa8af7870c9487f7ea6d0ac,1,4.0,9.0
1,hpa-poisson-707-025ef3f5,000316,179.76472,2026-08-31T21:00:09.451+00:00,2026-08-31T21:00:09.719+00:00,2026-08-31T21:00:09.723+00:00,2026-08-31T21:00:09.723+00:00,2026-08-31T21:00:09.758+00:00,2026-08-31T21:00:09.758+00:00,0.035229,0.03529796400107443,sqs-worker-5986dcd897-tlwpm,ip-192-168-20-201.ec2.internal,4a71cc10ef01276c29d129914beb56792fca45e1cd86fb23dfc4381c1a684251,1,4.0,39.0
1,hpa-poisson-707-025ef3f5,000313,178.88161,2026-08-31T21:00:08.574+00:00,2026-08-31T21:00:08.909+00:00,2026-08-31T21:00:08.915+00:00,2026-08-31T21:00:08.915+00:00,2026-08-31T21:00:11.087+00:00,2026-08-31T21:00:11.087+00:00,0.595854,2.171692930000063,sqs-worker-5986dcd897-x8rdl,ip-192-168-20-201.ec2.internal,afe2a7686820ce372242073b7940937f02d546fea58ee0774d667e5cc7e916f9,1,6.0,2178.0
