schema_version,experiment_id,job_id,trace_offset_s,producer_sent_at,sqs_sent_at,worker_received_at,processing_started_at,processing_finished_at,result_sent_at,service_cpu_seconds,processing_wall_seconds,pod_name,node_name,digest,receive_count,queue_wait_ms,end_to_end_ms
1,keda-poisson-404-8d44f05f,000000,0.057193,2026-08-31T19:45:50.885+00:00,2026-08-31T19:45:47.105+00:00,2026-08-31T19:45:47.112+00:00,2026-08-31T19:45:47.112+00:00,2026-08-31T19:45:47.317+00:00,2026-08-31T19:45:47.317+00:00,0.114196,0.20478979700055788,sqs-worker-5986dcd897-x8rdl,ip-192-168-20-201.ec2.internal,6c0bead221cb0218ea6182d7a7fc6ef7d0e4fd15ce0fa2f4d7cc183b045e24d5,1,7.0,212.0
1,keda-poisson-404-8d44f05f,000001,0.382572,2026-08-31T19:45:51.209+00:00,2026-08-31T19:45:47.430+00:00,2026-08-31T19:45:47.438+00:00,2026-08-31T19:45:47.438+00:00,2026-08-31T19:45:48.015+00:00,2026-08-31T19:45:48.015+00:00,0.272301,0.5772598170005949,sqs-worker-5986dcd897-x8rdl,ip-192-168-20-201.ec2.internal,6de7777d179e968e5943703070b5fea2f00f5332d8b5f984e475339a29a2a95e,1,8.0,585.0
1,keda-poisson-404-8d44f05f,000003,0.445931,2026-08-31T19:45:51.272+00:00,2026-08-31T19:45:48.018+00:00,2026-08-31T19:45:48.035+00:00,2026-08-31T19:45:48.035+00:00,2026-08-31T19:45:48.288+00:00,2026-08-31T19:45:48.288+00:00,0.089188,0.25289252099901205,sqs-worker-5986dcd897-x8rdl,ip-192-168-20-201.ec2.internal,e2376f03d7dd82b2be794ab1a76001fcc440e50d612ace0365f5c09a73c814f4,1,17.0,270.0
1,keda-poisson-404-8d44f05f,000002,0.384607,2026-08-31T19:45:51.211+00:00,2026-08-31T19:45:47.945+00:00,2026-08-31T19:45:48.312+00:00,2026-08-31T19:45:48.312+00:00,2026-08-31T19:45:48.411+00:00,2026-08-31T19:45:48.411+00:00,0.059021,0.09904045100120129,sqs-worker-5986dcd897-x8rdl,ip-192-168-20-201.ec2.internal,430c3f7ec5394140521ad212bc73fc1209207dec0922fc9a85972a004210495f,1,367.0,466.0
1,keda-poisson-404-8d44f05f,000005,1.266414,2026-08-31T19:45:52.093+00:00,2026-08-31T19:45:48.309+00:00,2026-08-31T19:45:48.503+00:00,2026-08-31T19:45:48.503+00:00,2026-08-31T19:45:48.993+00:00,2026-08-31T19:45:48.994+00:00,0.206237,0.49067311299950234,sqs-worker-5986dcd897-x8rdl,ip-192-168-20-201.ec2.internal,13238644e1182e7065a086a310b999a8146a90a68fe66a055e42aab01b878d39,1,194.0,684.0
1,keda-poisson-404-8d44f05f,000006,1.581554,2026-08-31T19:45:52.408+00:00,2026-08-31T19:45:48.628+00:00,2026-08-31T19:45:49.008+00:00,2026-08-31T19:45:49.008+00:00,2026-08-31T19:45:49.299+00:00,2026-08-31T19:45:49.299+00:00,0.121603,0.2909232130004966,sqs-worker-5986dcd897-x8rdl,ip-192-168-20-201.ec2.internal,a0d0a20750ac6c06d142f118271b7f093a27709b8e97317106d84535452f35df,1,380.0,671.0
1,keda-poisson-404-8d44f05f,000004,1.013557,2026-08-31T19:45:51.840+00:00,2026-08-31T19:45:48.064+00:00,2026-08-31T19:45:48.436+00:00,2026-08-31T19:45:48.436+00:00,2026-08-31T19:45:48.484+00:00,2026-08-31T19:45:48.484+00:00,0.008987,0.04830958200000168,sqs-worker-5986dcd897-x8rdl,ip-192-168-20-201.ec2.internal,20fa3b2a62f27a38c37e9795924e852139f2939f161921b62ed8c99ca6b872d0,1,372.0,420.0
1,keda-poisson-404-8d44f05f,000007,1.64746,2026-08-31T19:45:52.474+00:00,2026-08-31T19:45:48.696+00:00,2026-08-31T19:45:49.381+00:00,2026-08-31T19:45:49.381+00:00,2026-08-31T19:45:49.703+00:00,2026-08-31T19:45:49.703+00:00,0.142371,0.32209120499828714,sqs-worker-5986dcd897-x8rdl,ip-192-168-20-201.ec2.internal,8a86f6fe36e2d29e27eff1a0f3d593fb132db11b08394d88ff4c039a41626601,1,685.0,1006.9999999999999
1,keda-poisson-404-8d44f05f,000008,2.985732,2026-08-31T19:45:53.813+00:00,2026-08-31T19:45:50.031+00:00,2026-08-31T19:45:50.087+00:00,2026-08-31T19:45:50.087+00:00,2026-08-31T19:45:50.583+00:00,2026-08-31T19:45:50.583+00:00,0.096323,0.4967917670001043,sqs-worker-5986dcd897-x8rdl,ip-192-168-20-201.ec2.internal,0110391c193a55372c1899f26888493d2376cff1d49fd31002ef0a83ec68d092,1,56.0,552.0
1,keda-poisson-404-8d44f05f,000009,3.674423,2026-08-31T19:45:54.501+00:00,2026-08-31T19:45:50.718+00:00,2026-08-31T19:45:50.784+00:00,2026-08-31T19:45:50.784+00:00,2026-08-31T19:45:51.911+00:00,2026-08-31T19:45:51.911+00:00,0.228485,1.1270252089998394,sqs-worker-5986dcd897-x8rdl,ip-192-168-20-201.ec2.internal,f25862f209e875a26037bbfbd00a3007b115daaa650d487ce53408ae4b02d6c7,1,66.0,1193.0
1,keda-poisson-404-8d44f05f,000010,4.083111,2026-08-31T19:45:54.909+00:00,2026-08-31T19:45:51.130+00:00,2026-08-31T19:45:51.938+00:00,2026-08-31T19:45:51.938+00:00,2026-08-31T19:45:52.384+00:00,2026-08-31T19:45:52.384+00:00,0.169118,0.4464143099994544,sqs-worker-5986dcd897-x8rdl,ip-192-168-20-201.ec2.internal,70c30496ff43f2264f2798f2124f97678257872c60d9246bad13f5064e6dfc83,1,808.0,1254.0
1,keda-poisson-404-8d44f05f,000012,4.681054,2026-08-31T19:45:55.506+00:00,2026-08-31T19:45:51.726+00:00,2026-08-31T19:45:52.437+00:00,2026-08-31T19:45:52.438+00:00,2026-08-31T19:45:52.608+00:00,2026-08-31T19:45:52.608+00:00,0.099858,0.1707155949989101,sqs-worker-5986dcd897-x8rdl,ip-192-168-20-201.ec2.internal,1f398e5eed6dcbf5ab5ba6f23ffa6e8c592a8c9a1d5bffe660f35733e63bb200,1,711.0,882.0
1,keda-poisson-404-8d44f05f,000011,4.55772,2026-08-31T19:45:55.383+00:00,2026-08-31T19:45:51.606+00:00,2026-08-31T19:45:52.623+00:00,2026-08-31T19:45:52.623+00:00,2026-08-31T19:45:53.703+00:00,2026-08-31T19:45:53.703+00:00,0.430589,1.0799772850004956,sqs-worker-5986dcd897-x8rdl,ip-192-168-20-201.ec2.internal,c8bb7d3dca6e8c46d3905a0c190b8d0917a509d39b6696f2e92ccad01d400e00,1,1016.9999999999999,2097.0
1,keda-poisson-404-8d44f05f,000014,6.097559,2026-08-31T19:45:56.923+00:00,2026-08-31T19:45:53.143+00:00,2026-08-31T19:45:54.205+00:00,2026-08-31T19:45:54.205+00:00,2026-08-31T19:45:54.211+00:00,2026-08-31T19:45:54.211+00:00,0.006123,0.006155024999316083,sqs-worker-5986dcd897-x8rdl,ip-192-168-20-201.ec2.internal,0b805e53133c16a3ac481a6b4e660f8d8af209876cc9e6b77f17ef0fb098e484,1,1062.0,1068.0
1,keda-poisson-404-8d44f05f,000013,5.231655,2026-08-31T19:45:56.057+00:00,2026-08-31T19:45:52.276+00:00,2026-08-31T19:45:53.723+00:00,2026-08-31T19:45:53.723+00:00,2026-08-31T19:45:54.191+00:00,2026-08-31T19:45:54.192+00:00,0.184238,0.46852790400043887,sqs-worker-5986dcd897-x8rdl,ip-192-168-20-201.ec2.internal,9c93493f48f3f4e17bbf8d6d821b1f247ee8765bfafef5618f26ce2eae6bc596,1,1447.0,1915.0
1,keda-poisson-404-8d44f05f,000016,6.319623,2026-08-31T19:45:57.145+00:00,2026-08-31T19:45:53.362+00:00,2026-08-31T19:45:54.225+00:00,2026-08-31T19:45:54.225+00:00,2026-08-31T19:45:54.986+00:00,2026-08-31T19:45:54.986+00:00,0.301239,0.7613979860016116,sqs-worker-5986dcd897-x8rdl,ip-192-168-20-201.ec2.internal,3c31082a9a76e74541cfdb94dd56000273a90450829c2f6fc8d4fc2bc7541f93,1,863.0,1624.0
1,keda-poisson-404-8d44f05f,000017,6.760494,2026-08-31T19:45:57.586+00:00,2026-08-31T19:45:53.811+00:00,2026-08-31T19:45:55.007+00:00,2026-08-31T19:45:55.007+00:00,2026-08-31T19:45:56.104+00:00,2026-08-31T19:45:56.104+00:00,0.453765,1.097100107001097,sqs-worker-5986dcd897-x8rdl,ip-192-168-20-201.ec2.internal,af5beb0ed5d3c2d95cd3bb6aadd993a9821ad1689eb67922ef6683ed8ccb6bfb,1,1196.0,2293.0
1,keda-poisson-404-8d44f05f,000015,6.224426,2026-08-31T19:45:57.050+00:00,2026-08-31T19:45:53.272+00:00,2026-08-31T19:45:56.612+00:00,2026-08-31T19:45:56.612+00:00,2026-08-31T19:45:56.617+00:00,2026-08-31T19:45:56.617+00:00,0.005,0.005030906999309082,sqs-worker-5986dcd897-x8rdl,ip-192-168-20-201.ec2.internal,c238d95d56402403bb078bc7439c86ffe5fd2379c4d9d34ad8cd1410a7eb0f9a,1,3340.0,3345.0
1,keda-poisson-404-8d44f05f,000019,7.177361,2026-08-31T19:45:58.003+00:00,2026-08-31T19:45:54.222+00:00,2026-08-31T19:45:56.121+00:00,2026-08-31T19:45:56.121+00:00,2026-08-31T19:45:56.597+00:00,2026-08-31T19:45:56.597+00:00,0.188894,0.47613717500098574,sqs-worker-5986dcd897-x8rdl,ip-192-168-20-201.ec2.internal,9d7547fca92a77acd131106114eb1bdfb8455f63c1f242defc7d057707bbfe35,1,1899.0,2375.0
1,keda-poisson-404-8d44f05f,000018,6.849287,2026-08-31T19:45:57.674+00:00,2026-08-31T19:45:53.893+00:00,2026-08-31T19:45:56.713+00:00,2026-08-31T19:45:56.713+00:00,2026-08-31T19:45:56.801+00:00,2026-08-31T19:45:56.801+00:00,0.038279,0.08791260199905082,sqs-worker-5986dcd897-x8rdl,ip-192-168-20-201.ec2.internal,eedba7a10f59ce9ef974bf4912fc5be9a5012355f1490d17fb02f2f3501c8997,1,2820.0,2908.0
1,keda-poisson-404-8d44f05f,000024,9.212687,2026-08-31T19:46:00.038+00:00,2026-08-31T19:45:56.262+00:00,2026-08-31T19:45:56.933+00:00,2026-08-31T19:45:56.933+00:00,2026-08-31T19:45:57.010+00:00,2026-08-31T19:45:57.010+00:00,0.03297,0.07646182399912504,sqs-worker-5986dcd897-x8rdl,ip-192-168-20-201.ec2.internal,33cc7b2df1ae7dc25c301c24000eb55c29fc23d3a45be6213487f9e5617c8149,1,671.0,748.0
1,keda-poisson-404-8d44f05f,000025,9.358538,2026-08-31T19:46:00.184+00:00,2026-08-31T19:45:56.401+00:00,2026-08-31T19:45:57.127+00:00,2026-08-31T19:45:57.127+00:00,2026-08-31T19:45:57.399+00:00,2026-08-31T19:45:57.399+00:00,0.111838,0.2712169520000316,sqs-worker-5986dcd897-x8rdl,ip-192-168-20-201.ec2.internal,abaf346683f432c0514a3a83b011bd9ed8193c474391d590f7fe4bdb70035ce1,1,726.0,998.0
1,keda-poisson-404-8d44f05f,000026,9.392156,2026-08-31T19:46:00.217+00:00,2026-08-31T19:45:56.436+00:00,2026-08-31T19:45:57.025+00:00,2026-08-31T19:45:57.025+00:00,2026-08-31T19:45:57.103+00:00,2026-08-31T19:45:57.103+00:00,0.029189,0.07779496100010874,sqs-worker-5986dcd897-x8rdl,ip-192-168-20-201.ec2.internal,f220b14e3c652958fbc5e74cac41a427b1ab2f6c6ce2eaca991536879b206ed3,1,589.0,667.0
1,keda-poisson-404-8d44f05f,000023,8.719177,2026-08-31T19:45:59.545+00:00,2026-08-31T19:45:55.770+00:00,2026-08-31T19:45:57.418+00:00,2026-08-31T19:45:57.418+00:00,2026-08-31T19:45:57.499+00:00,2026-08-31T19:45:57.499+00:00,0.036811,0.08103487100015627,sqs-worker-5986dcd897-x8rdl,ip-192-168-20-201.ec2.internal,c2268143095afc7e12ee2a11525b91e09204dc4913962da9eb71cd4fae3f8c39,1,1648.0,1729.0
1,keda-poisson-404-8d44f05f,000020,7.371546,2026-08-31T19:45:58.197+00:00,2026-08-31T19:45:54.417+00:00,2026-08-31T19:45:57.524+00:00,2026-08-31T19:45:57.524+00:00,2026-08-31T19:45:58.088+00:00,2026-08-31T19:45:58.088+00:00,0.223967,0.5647161849992699,sqs-worker-5986dcd897-x8rdl,ip-192-168-20-201.ec2.internal,41960a59d30a01fba0d81cb90f06344b758fdd0ed3fa6fe745920f0a3694433f,1,3107.0,3671.0
1,keda-poisson-404-8d44f05f,000027,9.453965,2026-08-31T19:46:00.279+00:00,2026-08-31T19:45:56.496+00:00,2026-08-31T19:45:58.136+00:00,2026-08-31T19:45:58.136+00:00,2026-08-31T19:45:58.598+00:00,2026-08-31T19:45:58.598+00:00,0.199162,0.46207846799916297,sqs-worker-5986dcd897-x8rdl,ip-192-168-20-201.ec2.internal,c7e17c35f5650bde0a6b152dc5ba6bb0df7664a59d391b49320b3bb9d8c823b3,1,1640.0,2102.0
1,keda-poisson-404-8d44f05f,000021,7.400895,2026-08-31T19:45:58.226+00:00,2026-08-31T19:45:54.445+00:00,2026-08-31T19:45:56.630+00:00,2026-08-31T19:45:56.630+00:00,2026-08-31T19:45:56.699+00:00,2026-08-31T19:45:56.699+00:00,0.030325,0.06934235700100544,sqs-worker-5986dcd897-x8rdl,ip-192-168-20-201.ec2.internal,670a2552e19d93690409b1e32d2bb2de20a9b9e813d18addd104b9e9af9e75ef,1,2185.0,2254.0
1,keda-poisson-404-8d44f05f,000022,7.660276,2026-08-31T19:45:58.486+00:00,2026-08-31T19:45:54.705+00:00,2026-08-31T19:45:56.819+00:00,2026-08-31T19:45:56.819+00:00,2026-08-31T19:45:56.913+00:00,2026-08-31T19:45:56.913+00:00,0.04771,0.0942230529999506,sqs-worker-5986dcd897-x8rdl,ip-192-168-20-201.ec2.internal,6061d0d60117f7a795f2fd163d47c796860f1193e9348ef4ad8a4200e38262fa,1,2114.0,2208.0
1,keda-poisson-404-8d44f05f,000028,12.345553,2026-08-31T19:46:03.173+00:00,2026-08-31T19:45:59.392+00:00,2026-08-31T19:45:59.395+00:00,2026-08-31T19:45:59.396+00:00,2026-08-31T19:45:59.897+00:00,2026-08-31T19:45:59.898+00:00,0.180924,0.5020353509989945,sqs-worker-5986dcd897-x8rdl,ip-192-168-20-201.ec2.internal,aa66b67ba3343fef46e265526f46fa9a8e110c98fa819d6013516e2579fda083,1,3.0,505.0
1,keda-poisson-404-8d44f05f,000029,13.242778,2026-08-31T19:46:04.069+00:00,2026-08-31T19:46:00.288+00:00,2026-08-31T19:46:00.296+00:00,2026-08-31T19:46:00.296+00:00,2026-08-31T19:46:00.305+00:00,2026-08-31T19:46:00.305+00:00,0.008871,0.008978111000033095,sqs-worker-5986dcd897-x8rdl,ip-192-168-20-201.ec2.internal,d362a2634e41490c2bb0b179f264230fbe08d4b74106121ceb2ca4e9675f06b1,1,8.0,17.0
1,keda-poisson-404-8d44f05f,000030,13.81896,2026-08-31T19:46:04.645+00:00,2026-08-31T19:46:00.862+00:00,2026-08-31T19:46:00.887+00:00,2026-08-31T19:46:00.887+00:00,2026-08-31T19:46:01.602+00:00,2026-08-31T19:46:01.602+00:00,0.201589,0.7157300199996826,sqs-worker-5986dcd897-x8rdl,ip-192-168-20-201.ec2.internal,05f16207cae52ce91ebe3cec5e32cfa414919b9bc313024e76978ca7c1101b44,1,25.0,740.0
1,keda-poisson-404-8d44f05f,000031,14.314088,2026-08-31T19:46:05.140+00:00,2026-08-31T19:46:01.358+00:00,2026-08-31T19:46:01.620+00:00,2026-08-31T19:46:01.620+00:00,2026-08-31T19:46:01.697+00:00,2026-08-31T19:46:01.697+00:00,0.030947,0.07752489199992851,sqs-worker-5986dcd897-x8rdl,ip-192-168-20-201.ec2.internal,6c79b39f2c47f4240da8e607b29c75178388013c61cf5bc991ef9021e58843dc,1,262.0,339.0
1,keda-poisson-404-8d44f05f,000032,15.505217,2026-08-31T19:46:06.331+00:00,2026-08-31T19:46:02.550+00:00,2026-08-31T19:46:02.556+00:00,2026-08-31T19:46:02.556+00:00,2026-08-31T19:46:03.695+00:00,2026-08-31T19:46:03.695+00:00,0.481081,1.1390582909989462,sqs-worker-5986dcd897-x8rdl,ip-192-168-20-201.ec2.internal,bdf71a391a0cfc50568aec08555ae635075e5d85ab26525dedb4f275846950ec,1,6.0,1145.0
1,keda-poisson-404-8d44f05f,000033,15.578291,2026-08-31T19:46:06.403+00:00,2026-08-31T19:46:02.621+00:00,2026-08-31T19:46:03.709+00:00,2026-08-31T19:46:03.709+00:00,2026-08-31T19:46:03.887+00:00,2026-08-31T19:46:03.887+00:00,0.067296,0.17759190600008878,sqs-worker-5986dcd897-x8rdl,ip-192-168-20-201.ec2.internal,6894763b5f2ac8670831e4e676f20e1ddd04127e20457858f5f4ad5a4d138f97,1,1088.0,1266.0
1,keda-poisson-404-8d44f05f,000034,16.52288,2026-08-31T19:46:07.348+00:00,2026-08-31T19:46:03.566+00:00,2026-08-31T19:46:03.923+00:00,2026-08-31T19:46:03.923+00:00,2026-08-31T19:46:05.885+00:00,2026-08-31T19:46:05.885+00:00,0.793848,1.9624117980001756,sqs-worker-5986dcd897-x8rdl,ip-192-168-20-201.ec2.internal,937bcd9b97d18ddc201b7f057ad7dec5d4fcf4fbe2877d02c233720d8b924c88,1,357.0,2319.0
1,keda-poisson-404-8d44f05f,000035,17.629498,2026-08-31T19:46:08.456+00:00,2026-08-31T19:46:04.674+00:00,2026-08-31T19:46:05.899+00:00,2026-08-31T19:46:05.899+00:00,2026-08-31T19:46:07.575+00:00,2026-08-31T19:46:07.575+00:00,0.66542,1.6761724340012734,sqs-worker-5986dcd897-x8rdl,ip-192-168-20-201.ec2.internal,f105dab2fb33dd1bf180eb8cda7751dbe3380b04cf3450fb73e8c78abd89823a,1,1225.0,2901.0
1,keda-poisson-404-8d44f05f,000037,18.668492,2026-08-31T19:46:09.494+00:00,2026-08-31T19:46:05.717+00:00,2026-08-31T19:46:07.588+00:00,2026-08-31T19:46:07.588+00:00,2026-08-31T19:46:07.615+00:00,2026-08-31T19:46:07.615+00:00,0.026651,0.026684942000429146,sqs-worker-5986dcd897-x8rdl,ip-192-168-20-201.ec2.internal,7017a7d697558f1e068a13928622099a24d0237fcb217889cdbaa54a8d4332cb,1,1871.0,1898.0
1,keda-poisson-404-8d44f05f,000036,17.848833,2026-08-31T19:46:08.674+00:00,2026-08-31T19:46:04.891+00:00,2026-08-31T19:46:07.629+00:00,2026-08-31T19:46:07.629+00:00,2026-08-31T19:46:08.602+00:00,2026-08-31T19:46:08.602+00:00,0.392594,0.972681465000278,sqs-worker-5986dcd897-x8rdl,ip-192-168-20-201.ec2.internal,9f1c1df471cc891eb83bcd7353f8a6d0f5461dcb64968c09cd9466d198368a26,1,2738.0,3711.0
1,keda-poisson-404-8d44f05f,000039,19.589773,2026-08-31T19:46:10.415+00:00,2026-08-31T19:46:06.634+00:00,2026-08-31T19:46:08.621+00:00,2026-08-31T19:46:08.621+00:00,2026-08-31T19:46:08.678+00:00,2026-08-31T19:46:08.678+00:00,0.012142,0.05682524099938746,sqs-worker-5986dcd897-x8rdl,ip-192-168-20-201.ec2.internal,1495b5a6c0dcaf1eed443f59fee55b90ea23fd3658c45d9dc0958a02bfb5226d,1,1987.0,2044.0
1,keda-poisson-404-8d44f05f,000040,19.77102,2026-08-31T19:46:10.596+00:00,2026-08-31T19:46:06.818+00:00,2026-08-31T19:46:08.706+00:00,2026-08-31T19:46:08.706+00:00,2026-08-31T19:46:08.711+00:00,2026-08-31T19:46:08.711+00:00,0.005,0.0050514390004536835,sqs-worker-5986dcd897-x8rdl,ip-192-168-20-201.ec2.internal,15779035a6557b2520dd739fc769e9568defb95d8caab3e85aed4b9b0f2ba4fd,1,1888.0,1893.0
1,keda-poisson-404-8d44f05f,000038,18.909898,2026-08-31T19:46:09.735+00:00,2026-08-31T19:46:05.959+00:00,2026-08-31T19:46:09.154+00:00,2026-08-31T19:46:09.154+00:00,2026-08-31T19:46:09.792+00:00,2026-08-31T19:46:09.792+00:00,0.23645,0.6383120859991323,sqs-worker-5986dcd897-x8rdl,ip-192-168-20-201.ec2.internal,91ca606b8e06ef2d6d913609b0ad28a83a00109ae89846713f69f0ca6302846d,1,3195.0,3833.0
1,keda-poisson-404-8d44f05f,000044,22.841719,2026-08-31T19:46:13.667+00:00,2026-08-31T19:46:09.886+00:00,2026-08-31T19:46:10.005+00:00,2026-08-31T19:46:10.005+00:00,2026-08-31T19:46:10.094+00:00,2026-08-31T19:46:10.094+00:00,0.017938,0.08985042700078338,sqs-worker-5986dcd897-x8rdl,ip-192-168-20-201.ec2.internal,fc475688ab1a0c61001e0accf89e8fb8d5cfce7439e724ddebc01ddfbea321d8,1,119.0,208.0
1,keda-poisson-404-8d44f05f,000042,22.521743,2026-08-31T19:46:13.349+00:00,2026-08-31T19:46:09.567+00:00,2026-08-31T19:46:10.184+00:00,2026-08-31T19:46:10.184+00:00,2026-08-31T19:46:10.388+00:00,2026-08-31T19:46:10.388+00:00,0.041147,0.20422469599907345,sqs-worker-5986dcd897-x8rdl,ip-192-168-20-201.ec2.internal,c18f58fce65dd579608ce7c95adb5a9663a07a26272dfe8109418725dd72d076,1,617.0,821.0
1,keda-poisson-404-8d44f05f,000043,22.670492,2026-08-31T19:46:13.496+00:00,2026-08-31T19:46:09.719+00:00,2026-08-31T19:46:09.819+00:00,2026-08-31T19:46:09.819+00:00,2026-08-31T19:46:09.894+00:00,2026-08-31T19:46:09.895+00:00,0.012067,0.07536473700019997,sqs-worker-5986dcd897-x8rdl,ip-192-168-20-201.ec2.internal,17e5d9efe135c1e5a6a040ca1fc4bcb41eba228663ec2422161fda9e9572a15c,1,100.0,175.0
1,keda-poisson-404-8d44f05f,000041,19.908107,2026-08-31T19:46:10.733+00:00,2026-08-31T19:46:06.956+00:00,2026-08-31T19:46:08.782+00:00,2026-08-31T19:46:08.783+00:00,2026-08-31T19:46:09.114+00:00,2026-08-31T19:46:09.114+00:00,0.151026,0.33117542500076524,sqs-worker-5986dcd897-x8rdl,ip-192-168-20-201.ec2.internal,addb173d75973d2f476d350c7796cea921dd42ec9fd7136fbbc41483f566c5d9,1,1826.0,2158.0
1,keda-poisson-404-8d44f05f,000045,23.02849,2026-08-31T19:46:13.854+00:00,2026-08-31T19:46:10.073+00:00,2026-08-31T19:46:10.415+00:00,2026-08-31T19:46:10.415+00:00,2026-08-31T19:46:11.691+00:00,2026-08-31T19:46:11.691+00:00,0.232374,1.2761531809992448,sqs-worker-5986dcd897-x8rdl,ip-192-168-20-201.ec2.internal,dd1a3df73cdbd6d982b53fb013316f024c13875453e10221d48ff576231748d3,1,342.0,1618.0
1,keda-poisson-404-8d44f05f,000047,23.606689,2026-08-31T19:46:14.432+00:00,2026-08-31T19:46:10.650+00:00,2026-08-31T19:46:11.784+00:00,2026-08-31T19:46:11.784+00:00,2026-08-31T19:46:12.596+00:00,2026-08-31T19:46:12.596+00:00,0.203814,0.8124003899993113,sqs-worker-5986dcd897-x8rdl,ip-192-168-20-201.ec2.internal,ab4292c09dd4216b7266187f77e7abeca09a3c7f39a32b5fef5a4beed515926a,1,1134.0,1946.0
1,keda-poisson-404-8d44f05f,000046,23.469535,2026-08-31T19:46:14.295+00:00,2026-08-31T19:46:10.516+00:00,2026-08-31T19:46:12.623+00:00,2026-08-31T19:46:12.623+00:00,2026-08-31T19:46:13.699+00:00,2026-08-31T19:46:13.699+00:00,0.437594,1.0759639919997426,sqs-worker-5986dcd897-x8rdl,ip-192-168-20-201.ec2.internal,c2fbc39043b4702cb9aa963dde27c2c9e448fd6370576fc5538517c43e58017d,1,2107.0,3183.0
1,keda-poisson-404-8d44f05f,000051,24.296437,2026-08-31T19:46:15.121+00:00,2026-08-31T19:46:11.340+00:00,2026-08-31T19:46:13.713+00:00,2026-08-31T19:46:13.713+00:00,2026-08-31T19:46:14.016+00:00,2026-08-31T19:46:14.016+00:00,0.132535,0.30253910400097084,sqs-worker-5986dcd897-x8rdl,ip-192-168-20-201.ec2.internal,9634a650c3c508cd7e2ee223bf21fae18adcd45db42a3b95ce0cb7c2c457b718,1,2373.0,2676.0
1,keda-poisson-404-8d44f05f,000048,23.63405,2026-08-31T19:46:14.459+00:00,2026-08-31T19:46:10.679+00:00,2026-08-31T19:46:14.039+00:00,2026-08-31T19:46:14.039+00:00,2026-08-31T19:46:14.717+00:00,2026-08-31T19:46:14.717+00:00,0.277232,0.6785637709999719,sqs-worker-5986dcd897-x8rdl,ip-192-168-20-201.ec2.internal,29890382892d8fc89b92bb43cc0180c2daf3ca6b030046cc464da86f12748152,1,3360.0,4038.0000000000005
1,keda-poisson-404-8d44f05f,000050,24.289397,2026-08-31T19:46:15.115+00:00,2026-08-31T19:46:11.333+00:00,2026-08-31T19:46:14.740+00:00,2026-08-31T19:46:14.740+00:00,2026-08-31T19:46:15.807+00:00,2026-08-31T19:46:15.807+00:00,0.42584,1.0676019090005866,sqs-worker-5986dcd897-x8rdl,ip-192-168-20-201.ec2.internal,63db65bb150220b289dfc682fb9e91fd65078051bd872b2e5dd45281e9b6f39a,1,3407.0,4474.0
1,keda-poisson-404-8d44f05f,000049,23.907449,2026-08-31T19:46:14.733+00:00,2026-08-31T19:46:10.951+00:00,2026-08-31T19:46:15.823+00:00,2026-08-31T19:46:15.823+00:00,2026-08-31T19:46:16.204+00:00,2026-08-31T19:46:16.204+00:00,0.151357,0.38103782500002126,sqs-worker-5986dcd897-x8rdl,ip-192-168-20-201.ec2.internal,0f01ed4dfa8293f1e186869d5fb81b6162134cb5d30852b42b11e3ed161b5344,1,4872.0,5253.0
1,keda-poisson-404-8d44f05f,000053,27.034807,2026-08-31T19:46:17.860+00:00,2026-08-31T19:46:14.077+00:00,2026-08-31T19:46:16.234+00:00,2026-08-31T19:46:16.234+00:00,2026-08-31T19:46:16.616+00:00,2026-08-31T19:46:16.616+00:00,0.167993,0.3823886810005206,sqs-worker-5986dcd897-x8rdl,ip-192-168-20-201.ec2.internal,ad71d1c7a24d968f6487a46fee673377f3405a3eb9d4006cf208e9b7c00fc1da,1,2157.0,2539.0
1,keda-poisson-404-8d44f05f,000052,26.959384,2026-08-31T19:46:17.787+00:00,2026-08-31T19:46:14.007+00:00,2026-08-31T19:46:16.709+00:00,2026-08-31T19:46:16.709+00:00,2026-08-31T19:46:16.904+00:00,2026-08-31T19:46:16.904+00:00,0.096231,0.19502869299867598,sqs-worker-5986dcd897-x8rdl,ip-192-168-20-201.ec2.internal,60864acb97776c43a8d9ae2c2c7a1a621d5b0937856f591a8aa6107ad75843f6,1,2702.0,2897.0
1,keda-poisson-404-8d44f05f,000055,29.601592,2026-08-31T19:46:20.429+00:00,2026-08-31T19:46:16.646+00:00,2026-08-31T19:46:17.054+00:00,2026-08-31T19:46:17.054+00:00,2026-08-31T19:46:17.296+00:00,2026-08-31T19:46:17.296+00:00,0.101023,0.24181773800046358,sqs-worker-5986dcd897-x8rdl,ip-192-168-20-201.ec2.internal,a7435a4e3b166dab490116e03890265fdd5058119b81c763fcf098b56cf997f5,1,408.0,650.0
1,keda-poisson-404-8d44f05f,000054,27.485638,2026-08-31T19:46:18.311+00:00,2026-08-31T19:46:14.529+00:00,2026-08-31T19:46:16.925+00:00,2026-08-31T19:46:16.925+00:00,2026-08-31T19:46:17.011+00:00,2026-08-31T19:46:17.011+00:00,0.043316,0.08606626000073447,sqs-worker-5986dcd897-x8rdl,ip-192-168-20-201.ec2.internal,806c7f0242aa9768ee499eb19310f5cf3cbf72cefbefa0f99841d1155f955a44,1,2396.0,2482.0
1,keda-poisson-404-8d44f05f,000056,30.584136,2026-08-31T19:46:21.409+00:00,2026-08-31T19:46:17.627+00:00,2026-08-31T19:46:17.632+00:00,2026-08-31T19:46:17.632+00:00,2026-08-31T19:46:17.899+00:00,2026-08-31T19:46:17.899+00:00,0.13646,0.267503676999695,sqs-worker-5986dcd897-x8rdl,ip-192-168-20-201.ec2.internal,cb3174ad964991ea04d8c3ea183348b1efa6d73f28ba9314999225bd5f3e4127,1,5.0,272.0
1,keda-poisson-404-8d44f05f,000057,31.955593,2026-08-31T19:46:22.782+00:00,2026-08-31T19:46:19.000+00:00,2026-08-31T19:46:19.004+00:00,2026-08-31T19:46:19.004+00:00,2026-08-31T19:46:19.323+00:00,2026-08-31T19:46:19.323+00:00,0.160184,0.3189884439998423,sqs-worker-5986dcd897-x8rdl,ip-192-168-20-201.ec2.internal,771b448aa8aa305e580fb64de03184d1eeeeb4e94b3740d29317bbe2511ea77e,1,4.0,323.0
1,keda-poisson-404-8d44f05f,000058,33.784428,2026-08-31T19:46:24.611+00:00,2026-08-31T19:46:20.831+00:00,2026-08-31T19:46:20.836+00:00,2026-08-31T19:46:20.836+00:00,2026-08-31T19:46:20.892+00:00,2026-08-31T19:46:20.892+00:00,0.056642,0.056785613000101876,sqs-worker-5986dcd897-x8rdl,ip-192-168-20-201.ec2.internal,e63f9f0692791d034d8524ca9f42f5a6463ef82f83038e6030e7ef4c40626f2a,1,5.0,61.0
1,keda-poisson-404-8d44f05f,000059,34.48762,2026-08-31T19:46:25.311+00:00,2026-08-31T19:46:21.529+00:00,2026-08-31T19:46:21.532+00:00,2026-08-31T19:46:21.532+00:00,2026-08-31T19:46:22.485+00:00,2026-08-31T19:46:22.485+00:00,0.402475,0.9529558849990281,sqs-worker-5986dcd897-x8rdl,ip-192-168-20-201.ec2.internal,1f3330f54e49b97471cf17d1a45fcaa63b69387b07ad983ad3dbb343ee962c24,1,3.0,956.0
1,keda-poisson-404-8d44f05f,000060,34.988683,2026-08-31T19:46:25.812+00:00,2026-08-31T19:46:22.031+00:00,2026-08-31T19:46:22.500+00:00,2026-08-31T19:46:22.500+00:00,2026-08-31T19:46:22.688+00:00,2026-08-31T19:46:22.688+00:00,0.078766,0.18720088800000667,sqs-worker-5986dcd897-x8rdl,ip-192-168-20-201.ec2.internal,943b995861f71943a251ff6f422d605cb968c4e7cda0d1a10f82255b997643ba,1,469.0,657.0
1,keda-poisson-404-8d44f05f,000062,35.721922,2026-08-31T19:46:26.545+00:00,2026-08-31T19:46:22.764+00:00,2026-08-31T19:46:22.919+00:00,2026-08-31T19:46:22.919+00:00,2026-08-31T19:46:23.007+00:00,2026-08-31T19:46:23.007+00:00,0.053581,0.08778686400000879,sqs-worker-5986dcd897-x8rdl,ip-192-168-20-201.ec2.internal,2d9a19a8c908ddc264bb85bf9b549574b9da3166dc9fad96ee81726236b0aed2,1,155.0,243.0
1,keda-poisson-404-8d44f05f,000061,35.514306,2026-08-31T19:46:26.338+00:00,2026-08-31T19:46:22.558+00:00,2026-08-31T19:46:22.740+00:00,2026-08-31T19:46:22.740+00:00,2026-08-31T19:46:22.889+00:00,2026-08-31T19:46:22.889+00:00,0.076784,0.14929279900024994,sqs-worker-5986dcd897-x8rdl,ip-192-168-20-201.ec2.internal,d6662f78439b96cbba2a2be66e45567de9d16b0e84893136395a2c0c898d4ce6,1,182.0,331.0
1,keda-poisson-404-8d44f05f,000063,37.468595,2026-08-31T19:46:28.293+00:00,2026-08-31T19:46:24.515+00:00,2026-08-31T19:46:24.519+00:00,2026-08-31T19:46:24.519+00:00,2026-08-31T19:46:24.685+00:00,2026-08-31T19:46:24.685+00:00,0.082477,0.16659595199962496,sqs-worker-5986dcd897-x8rdl,ip-192-168-20-201.ec2.internal,17108e4d40d716b271ab75cb3c4deacc64709363d41f9872be1bcd176924baae,1,4.0,170.0
1,keda-poisson-404-8d44f05f,000064,37.863287,2026-08-31T19:46:28.687+00:00,2026-08-31T19:46:24.906+00:00,2026-08-31T19:46:24.915+00:00,2026-08-31T19:46:24.915+00:00,2026-08-31T19:46:25.395+00:00,2026-08-31T19:46:25.395+00:00,0.212556,0.48015834000034374,sqs-worker-5986dcd897-x8rdl,ip-192-168-20-201.ec2.internal,a3f6f0024215c67df4f15094a847a1d6abbe43ffb8e6362b71beb06f7b6d07e0,1,9.0,489.0
1,keda-poisson-404-8d44f05f,000065,38.639724,2026-08-31T19:46:29.464+00:00,2026-08-31T19:46:25.682+00:00,2026-08-31T19:46:25.686+00:00,2026-08-31T19:46:25.686+00:00,2026-08-31T19:46:25.785+00:00,2026-08-31T19:46:25.785+00:00,0.042019,0.09904497099887521,sqs-worker-5986dcd897-x8rdl,ip-192-168-20-201.ec2.internal,8ffd7ab4097bda2a851c1212a52a1759d6f96d5f707c5183ec7a8e94c35e2db3,1,4.0,103.0
1,keda-poisson-404-8d44f05f,000066,38.768769,2026-08-31T19:46:29.592+00:00,2026-08-31T19:46:25.810+00:00,2026-08-31T19:46:25.824+00:00,2026-08-31T19:46:25.824+00:00,2026-08-31T19:46:26.004+00:00,2026-08-31T19:46:26.004+00:00,0.09467,0.1798105440011568,sqs-worker-5986dcd897-x8rdl,ip-192-168-20-201.ec2.internal,7b43961f4253af2c0731572713cc099866d3d53fd78706e2d78dd6ebf42095be,1,14.0,194.0
1,keda-poisson-404-8d44f05f,000067,38.824762,2026-08-31T19:46:29.648+00:00,2026-08-31T19:46:25.866+00:00,2026-08-31T19:46:26.038+00:00,2026-08-31T19:46:26.038+00:00,2026-08-31T19:46:26.422+00:00,2026-08-31T19:46:26.422+00:00,0.173848,0.38362897700062604,sqs-worker-5986dcd897-x8rdl,ip-192-168-20-201.ec2.internal,0ac460b5b1cc761a92c5a85e776bd69dc69b2749c7f4cce8b2740cd6b82fd20e,1,172.0,556.0
1,keda-poisson-404-8d44f05f,000068,39.325993,2026-08-31T19:46:30.149+00:00,2026-08-31T19:46:26.368+00:00,2026-08-31T19:46:26.493+00:00,2026-08-31T19:46:26.493+00:00,2026-08-31T19:46:26.598+00:00,2026-08-31T19:46:26.598+00:00,0.0526,0.10565195500021218,sqs-worker-5986dcd897-x8rdl,ip-192-168-20-201.ec2.internal,af9b5f5ca39493d1320905059c9131ce18dcb09dc5103294c40a08411328c74f,1,125.0,230.0
1,keda-poisson-404-8d44f05f,000069,41.800137,2026-08-31T19:46:32.626+00:00,2026-08-31T19:46:28.844+00:00,2026-08-31T19:46:28.848+00:00,2026-08-31T19:46:28.848+00:00,2026-08-31T19:46:28.896+00:00,2026-08-31T19:46:28.896+00:00,0.046973,0.04875559699939913,sqs-worker-5986dcd897-x8rdl,ip-192-168-20-201.ec2.internal,1c866d09481e3044823210843f8d666cf00c6a5770d64065c6e6dda69dbd704f,1,4.0,52.0
1,keda-poisson-404-8d44f05f,000070,42.150345,2026-08-31T19:46:32.974+00:00,2026-08-31T19:46:29.192+00:00,2026-08-31T19:46:29.196+00:00,2026-08-31T19:46:29.196+00:00,2026-08-31T19:46:29.514+00:00,2026-08-31T19:46:29.514+00:00,0.151293,0.31767600999955903,sqs-worker-5986dcd897-x8rdl,ip-192-168-20-201.ec2.internal,9d5bd51c5de28a7b4dd028b987043a71592d5ed11e9e3ba7bed50539e19b3dee,1,4.0,322.0
1,keda-poisson-404-8d44f05f,000071,42.332842,2026-08-31T19:46:33.156+00:00,2026-08-31T19:46:29.375+00:00,2026-08-31T19:46:29.551+00:00,2026-08-31T19:46:29.551+00:00,2026-08-31T19:46:30.685+00:00,2026-08-31T19:46:30.685+00:00,0.24253,1.1339057570003206,sqs-worker-5986dcd897-x8rdl,ip-192-168-20-201.ec2.internal,c2c14a88c66e79942f4e26d332cba0014c46fea9dea01b232312359b5ec9cb06,1,176.0,1310.0
1,keda-poisson-404-8d44f05f,000072,42.660908,2026-08-31T19:46:33.484+00:00,2026-08-31T19:46:29.703+00:00,2026-08-31T19:46:30.715+00:00,2026-08-31T19:46:30.715+00:00,2026-08-31T19:46:32.293+00:00,2026-08-31T19:46:32.293+00:00,0.310488,1.578225276000012,sqs-worker-5986dcd897-x8rdl,ip-192-168-20-201.ec2.internal,06acec894e165c7cdbb43cc5f3d3e306d88c6387cb9ab98a99c06483272d9ef6,1,1012.0,2590.0
1,keda-poisson-404-8d44f05f,000074,45.288401,2026-08-31T19:46:36.112+00:00,2026-08-31T19:46:32.329+00:00,2026-08-31T19:46:32.394+00:00,2026-08-31T19:46:32.394+00:00,2026-08-31T19:46:32.485+00:00,2026-08-31T19:46:32.485+00:00,0.017476,0.09122026799923333,sqs-worker-5986dcd897-x8rdl,ip-192-168-20-201.ec2.internal,cf5de5a920d33a483d473ca64d37e4df8fbaf026e6761760692547a8a5007ffe,1,65.0,156.0
1,keda-poisson-404-8d44f05f,000073,45.127687,2026-08-31T19:46:35.953+00:00,2026-08-31T19:46:32.173+00:00,2026-08-31T19:46:32.504+00:00,2026-08-31T19:46:32.504+00:00,2026-08-31T19:46:32.908+00:00,2026-08-31T19:46:32.908+00:00,0.129478,0.40407798499836645,sqs-worker-5986dcd897-x8rdl,ip-192-168-20-201.ec2.internal,36673fd532005cf14fea3e0eaf3894fba6dedc145aeb56f55ea66d63398536c3,1,331.0,735.0
1,keda-poisson-404-8d44f05f,000075,45.618454,2026-08-31T19:46:36.442+00:00,2026-08-31T19:46:32.661+00:00,2026-08-31T19:46:32.932+00:00,2026-08-31T19:46:32.932+00:00,2026-08-31T19:46:33.206+00:00,2026-08-31T19:46:33.206+00:00,0.114071,0.27386598200064327,sqs-worker-5986dcd897-x8rdl,ip-192-168-20-201.ec2.internal,15c683d918e38dc5152e0e54157b43d98222ca7983a8e1fb015a141863835d8f,1,271.0,545.0
1,keda-poisson-404-8d44f05f,000076,46.358484,2026-08-31T19:46:37.182+00:00,2026-08-31T19:46:33.409+00:00,2026-08-31T19:46:33.412+00:00,2026-08-31T19:46:33.412+00:00,2026-08-31T19:46:33.598+00:00,2026-08-31T19:46:33.598+00:00,0.095004,0.18539362599949527,sqs-worker-5986dcd897-x8rdl,ip-192-168-20-201.ec2.internal,e5de8a24aa4179b8bbf3882863455cdf2cddaac43c8d8ee8419edbd96e8b661c,1,3.0,189.0
1,keda-poisson-404-8d44f05f,000077,46.539467,2026-08-31T19:46:37.363+00:00,2026-08-31T19:46:33.584+00:00,2026-08-31T19:46:33.619+00:00,2026-08-31T19:46:33.619+00:00,2026-08-31T19:46:34.498+00:00,2026-08-31T19:46:34.498+00:00,0.356021,0.8786034969998582,sqs-worker-5986dcd897-x8rdl,ip-192-168-20-201.ec2.internal,41163b0a3e096e28a07aac7dc80987898c29a7f00d34bae8e928b88acd36029e,1,35.0,914.0
1,keda-poisson-404-8d44f05f,000079,47.084457,2026-08-31T19:46:37.908+00:00,2026-08-31T19:46:34.129+00:00,2026-08-31T19:46:34.515+00:00,2026-08-31T19:46:34.515+00:00,2026-08-31T19:46:35.215+00:00,2026-08-31T19:46:35.215+00:00,0.294266,0.7005499170008989,sqs-worker-5986dcd897-x8rdl,ip-192-168-20-201.ec2.internal,98cf63d99b51b5424f7615a2a5cc74ba37426333ba77eaa30f421e49865d1627,1,386.0,1086.0
1,keda-poisson-404-8d44f05f,000078,46.937614,2026-08-31T19:46:37.761+00:00,2026-08-31T19:46:33.978+00:00,2026-08-31T19:46:35.250+00:00,2026-08-31T19:46:35.250+00:00,2026-08-31T19:46:35.909+00:00,2026-08-31T19:46:35.909+00:00,0.268763,0.6588278239996725,sqs-worker-5986dcd897-x8rdl,ip-192-168-20-201.ec2.internal,1a87252c04f3e744a29d8d247c594625306067bfdec61307727205e0c6b70b21,1,1272.0,1931.0
1,keda-poisson-404-8d44f05f,000082,48.296567,2026-08-31T19:46:39.120+00:00,2026-08-31T19:46:35.344+00:00,2026-08-31T19:46:35.947+00:00,2026-08-31T19:46:35.947+00:00,2026-08-31T19:46:37.103+00:00,2026-08-31T19:46:37.103+00:00,0.46305,1.1555583420013136,sqs-worker-5986dcd897-x8rdl,ip-192-168-20-201.ec2.internal,3f63e686f31eff6a983e0ccc1d33ca523231c98e3166103669ff569e0eae51c1,1,603.0,1759.0
1,keda-poisson-404-8d44f05f,000083,48.624339,2026-08-31T19:46:39.448+00:00,2026-08-31T19:46:35.666+00:00,2026-08-31T19:46:37.118+00:00,2026-08-31T19:46:37.118+00:00,2026-08-31T19:46:38.009+00:00,2026-08-31T19:46:38.009+00:00,0.361855,0.8902576090004004,sqs-worker-5986dcd897-x8rdl,ip-192-168-20-201.ec2.internal,2951f41621c19bcd6b1b7cb065ac42206254447cafe94af0b75e34be08852f02,1,1452.0,2343.0
1,keda-poisson-404-8d44f05f,000084,49.516576,2026-08-31T19:46:40.340+00:00,2026-08-31T19:46:36.560+00:00,2026-08-31T19:46:38.024+00:00,2026-08-31T19:46:38.024+00:00,2026-08-31T19:46:38.418+00:00,2026-08-31T19:46:38.418+00:00,0.165233,0.39358033200005593,sqs-worker-5986dcd897-x8rdl,ip-192-168-20-201.ec2.internal,f131fda6c2d8e50680cee0af9fa77b2507446c3f21d50f1bb2b515d9c9e89d7c,1,1464.0,1858.0
1,keda-poisson-404-8d44f05f,000080,48.142558,2026-08-31T19:46:38.967+00:00,2026-08-31T19:46:35.187+00:00,2026-08-31T19:46:38.454+00:00,2026-08-31T19:46:38.454+00:00,2026-08-31T19:46:38.510+00:00,2026-08-31T19:46:38.510+00:00,0.027768,0.05577309799991781,sqs-worker-5986dcd897-x8rdl,ip-192-168-20-201.ec2.internal,d0c10b056d5392a55c08b2bf90f5c460084a7aa7d91e25b28a24ee936196f35c,1,3267.0,3323.0
1,keda-poisson-404-8d44f05f,000085,50.50025,2026-08-31T19:46:41.324+00:00,2026-08-31T19:46:37.546+00:00,2026-08-31T19:46:38.528+00:00,2026-08-31T19:46:38.528+00:00,2026-08-31T19:46:38.999+00:00,2026-08-31T19:46:38.999+00:00,0.185792,0.47172709299957205,sqs-worker-5986dcd897-x8rdl,ip-192-168-20-201.ec2.internal,6f1413da00d612d6daaa126be269aea6be1991f266f76570f720d44a0824763c,1,982.0,1453.0
1,keda-poisson-404-8d44f05f,000081,48.205545,2026-08-31T19:46:39.029+00:00,2026-08-31T19:46:35.246+00:00,2026-08-31T19:46:39.025+00:00,2026-08-31T19:46:39.025+00:00,2026-08-31T19:46:39.520+00:00,2026-08-31T19:46:39.520+00:00,0.216637,0.4957733930004906,sqs-worker-5986dcd897-x8rdl,ip-192-168-20-201.ec2.internal,a8f5d00a2c3d29fbc4ac66d253f38e0e925d45916594dd8b0de5a1dce5785ff0,1,3779.0,4274.0
1,keda-poisson-404-8d44f05f,000087,52.512874,2026-08-31T19:46:43.336+00:00,2026-08-31T19:46:39.554+00:00,2026-08-31T19:46:39.584+00:00,2026-08-31T19:46:39.584+00:00,2026-08-31T19:46:39.888+00:00,2026-08-31T19:46:39.888+00:00,0.08027,0.304752608999479,sqs-worker-5986dcd897-x8rdl,ip-192-168-20-201.ec2.internal,e8514d1bd5cc3fee38848e7ab659bebc6ab6b3d27050f7f7757e5859938ad4b6,1,30.0,334.0
1,keda-poisson-404-8d44f05f,000086,52.160665,2026-08-31T19:46:42.985+00:00,2026-08-31T19:46:39.203+00:00,2026-08-31T19:46:39.986+00:00,2026-08-31T19:46:39.987+00:00,2026-08-31T19:46:40.391+00:00,2026-08-31T19:46:40.391+00:00,0.084879,0.4043483859986736,sqs-worker-5986dcd897-x8rdl,ip-192-168-20-201.ec2.internal,a56993806109a4d9fbcd59a5d7a568f7a5f34e4750f4c7b8a03008a2df9595ca,1,783.0,1188.0
1,keda-poisson-404-8d44f05f,000088,52.585434,2026-08-31T19:46:43.409+00:00,2026-08-31T19:46:39.625+00:00,2026-08-31T19:46:40.406+00:00,2026-08-31T19:46:40.406+00:00,2026-08-31T19:46:42.092+00:00,2026-08-31T19:46:42.092+00:00,0.294868,1.6859690890014463,sqs-worker-5986dcd897-x8rdl,ip-192-168-20-201.ec2.internal,ba6c6dda24f0961b6b379e33b4f9e33367031643f2d8004eb44eabb0100e8875,1,781.0,2467.0
1,keda-poisson-404-8d44f05f,000092,55.001852,2026-08-31T19:46:45.826+00:00,2026-08-31T19:46:42.046+00:00,2026-08-31T19:46:42.111+00:00,2026-08-31T19:46:42.111+00:00,2026-08-31T19:46:42.911+00:00,2026-08-31T19:46:42.911+00:00,0.250092,0.7997174900010577,sqs-worker-5986dcd897-x8rdl,ip-192-168-20-201.ec2.internal,15f449fc53652807f496c0330b2befc79864c85bd1c04a2f6562a6418e990272,1,65.0,865.0
1,keda-poisson-404-8d44f05f,000090,53.899254,2026-08-31T19:46:44.723+00:00,2026-08-31T19:46:40.941+00:00,2026-08-31T19:46:42.930+00:00,2026-08-31T19:46:42.930+00:00,2026-08-31T19:46:43.090+00:00,2026-08-31T19:46:43.090+00:00,0.05457,0.1595214369990572,sqs-worker-5986dcd897-x8rdl,ip-192-168-20-201.ec2.internal,60d4ba18f32eeb0305521853dc05d752acf562bd8ed24221f2c34f72e46e8f13,1,1989.0,2149.0
1,keda-poisson-404-8d44f05f,000091,54.291656,2026-08-31T19:46:45.115+00:00,2026-08-31T19:46:41.349+00:00,2026-08-31T19:46:43.109+00:00,2026-08-31T19:46:43.109+00:00,2026-08-31T19:46:43.306+00:00,2026-08-31T19:46:43.306+00:00,0.092653,0.1971183839996229,sqs-worker-5986dcd897-x8rdl,ip-192-168-20-201.ec2.internal,44a542f488c2b34aa80c20db0e2afb0777eeac84eb6a1fac35c2f53ba0e9f72b,1,1760.0,1957.0
1,keda-poisson-404-8d44f05f,000093,55.398563,2026-08-31T19:46:46.222+00:00,2026-08-31T19:46:42.439+00:00,2026-08-31T19:46:43.325+00:00,2026-08-31T19:46:43.325+00:00,2026-08-31T19:46:43.900+00:00,2026-08-31T19:46:43.900+00:00,0.229317,0.5749350959995354,sqs-worker-5986dcd897-x8rdl,ip-192-168-20-201.ec2.internal,f33d26753ac341c16e358c4c25a7c5ccc857518875854e8029ff2f525aad8903,1,886.0,1461.0
1,keda-poisson-404-8d44f05f,000094,55.863638,2026-08-31T19:46:46.687+00:00,2026-08-31T19:46:42.908+00:00,2026-08-31T19:46:43.930+00:00,2026-08-31T19:46:43.930+00:00,2026-08-31T19:46:45.405+00:00,2026-08-31T19:46:45.405+00:00,0.601681,1.4743178139997326,sqs-worker-5986dcd897-x8rdl,ip-192-168-20-201.ec2.internal,592628aac7c2f9926b99408fe7219a647ab8b9535dbf8a43f73e024183007642,1,1022.0,2497.0
1,keda-poisson-404-8d44f05f,000095,57.392231,2026-08-31T19:46:48.217+00:00,2026-08-31T19:46:44.436+00:00,2026-08-31T19:46:45.423+00:00,2026-08-31T19:46:45.423+00:00,2026-08-31T19:46:46.020+00:00,2026-08-31T19:46:46.020+00:00,0.251411,0.5970151180008543,sqs-worker-5986dcd897-x8rdl,ip-192-168-20-201.ec2.internal,104ba2c62ed16c85d08a7610fc966fda7cf80fbf8d3e9bc26db2b4439895c3a7,1,987.0,1584.0
1,keda-poisson-404-8d44f05f,000096,57.700212,2026-08-31T19:46:48.524+00:00,2026-08-31T19:46:44.740+00:00,2026-08-31T19:46:46.095+00:00,2026-08-31T19:46:46.095+00:00,2026-08-31T19:46:46.309+00:00,2026-08-31T19:46:46.309+00:00,0.105018,0.21427172899893776,sqs-worker-5986dcd897-x8rdl,ip-192-168-20-201.ec2.internal,c8a4ce2737574f863adfeb948f36ff4661e4c09f5a50bea13624e296da004805,1,1355.0,1569.0
1,keda-poisson-404-8d44f05f,000098,58.577915,2026-08-31T19:46:49.401+00:00,2026-08-31T19:46:45.623+00:00,2026-08-31T19:46:46.365+00:00,2026-08-31T19:46:46.365+00:00,2026-08-31T19:46:46.486+00:00,2026-08-31T19:46:46.486+00:00,0.052438,0.12148137300027884,sqs-worker-5986dcd897-x8rdl,ip-192-168-20-201.ec2.internal,3fdfa8dc893876e129534f343462f7149e266edbc8bdf114b69812f89e23f199,1,742.0,863.0
1,keda-poisson-404-8d44f05f,000089,53.03714,2026-08-31T19:46:43.860+00:00,2026-08-31T19:46:40.076+00:00,2026-08-31T19:46:46.502+00:00,2026-08-31T19:46:46.502+00:00,2026-08-31T19:46:46.910+00:00,2026-08-31T19:46:46.910+00:00,0.179263,0.40757150299941713,sqs-worker-5986dcd897-x8rdl,ip-192-168-20-201.ec2.internal,de267834881607542b823bf945832f23c7c6516f8a6759a8ac66a72a0d3dbe22,1,6426.0,6834.0
1,keda-poisson-404-8d44f05f,000097,58.165906,2026-08-31T19:46:48.989+00:00,2026-08-31T19:46:45.206+00:00,2026-08-31T19:46:46.922+00:00,2026-08-31T19:46:46.922+00:00,2026-08-31T19:46:47.319+00:00,2026-08-31T19:46:47.319+00:00,0.165448,0.396892155000387,sqs-worker-5986dcd897-x8rdl,ip-192-168-20-201.ec2.internal,223361cc687b930d1471d951a1862672ae8dd47d5ef8395d3050eaaf95ec6425,1,1716.0,2113.0
1,keda-poisson-404-8d44f05f,000099,60.891159,2026-08-31T19:46:51.715+00:00,2026-08-31T19:46:47.930+00:00,2026-08-31T19:46:47.934+00:00,2026-08-31T19:46:47.934+00:00,2026-08-31T19:46:48.101+00:00,2026-08-31T19:46:48.101+00:00,0.098404,0.16725695800050744,sqs-worker-5986dcd897-x8rdl,ip-192-168-20-201.ec2.internal,1ef12f1bcfaf4e050c1ac62f80409786b51a088d504f9b19a0d636bb364ae9f1,1,4.0,171.0
1,keda-poisson-404-8d44f05f,000100,62.426645,2026-08-31T19:46:53.251+00:00,2026-08-31T19:46:49.468+00:00,2026-08-31T19:46:49.472+00:00,2026-08-31T19:46:49.472+00:00,2026-08-31T19:46:49.695+00:00,2026-08-31T19:46:49.695+00:00,0.101379,0.22350423900024907,sqs-worker-5986dcd897-x8rdl,ip-192-168-20-201.ec2.internal,5131fd13f985054be3885b5e01dab6dc3bf15a5bd7a5525a054f81eca8fa84de,1,4.0,227.0
1,keda-poisson-404-8d44f05f,000101,62.709685,2026-08-31T19:46:53.533+00:00,2026-08-31T19:46:49.755+00:00,2026-08-31T19:46:49.799+00:00,2026-08-31T19:46:49.799+00:00,2026-08-31T19:46:49.804+00:00,2026-08-31T19:46:49.804+00:00,0.005,0.005063402999439859,sqs-worker-5986dcd897-x8rdl,ip-192-168-20-201.ec2.internal,988322149e53e28e84723bdcaac16f42984290d08d424f9c9ae78df96f08344e,1,44.0,49.0
1,keda-poisson-404-8d44f05f,000102,63.079338,2026-08-31T19:46:53.903+00:00,2026-08-31T19:46:50.124+00:00,2026-08-31T19:46:50.127+00:00,2026-08-31T19:46:50.127+00:00,2026-08-31T19:46:51.675+00:00,2026-08-31T19:46:51.675+00:00,0.267726,1.5480033420008112,sqs-worker-5986dcd897-x8rdl,ip-192-168-20-201.ec2.internal,89dd5c75b7f719e30795dc5dfffa1d37bacba6930eb10be7562972a362edcbb4,1,3.0,1551.0
1,keda-poisson-404-8d44f05f,000106,64.342232,2026-08-31T19:46:55.165+00:00,2026-08-31T19:46:51.382+00:00,2026-08-31T19:46:51.698+00:00,2026-08-31T19:46:51.698+00:00,2026-08-31T19:46:52.476+00:00,2026-08-31T19:46:52.476+00:00,0.270947,0.7779483309986972,sqs-worker-5986dcd897-x8rdl,ip-192-168-20-201.ec2.internal,c2c29025d32eb7aa08af50739d60a4a0820480b675545efde41b684105f97b04,1,316.0,1094.0
1,keda-poisson-404-8d44f05f,000109,65.174518,2026-08-31T19:46:55.996+00:00,2026-08-31T19:46:52.218+00:00,2026-08-31T19:46:52.494+00:00,2026-08-31T19:46:52.494+00:00,2026-08-31T19:46:53.396+00:00,2026-08-31T19:46:53.396+00:00,0.376498,0.9023384949996398,sqs-worker-5986dcd897-x8rdl,ip-192-168-20-201.ec2.internal,420eb36b9e3b8daa55ac2e4b409bcfbaefebf979511b7cf915e1435a73a992ad,1,276.0,1178.0
1,keda-poisson-404-8d44f05f,000103,63.366064,2026-08-31T19:46:54.189+00:00,2026-08-31T19:46:50.406+00:00,2026-08-31T19:46:53.410+00:00,2026-08-31T19:46:53.410+00:00,2026-08-31T19:46:54.785+00:00,2026-08-31T19:46:54.785+00:00,0.545001,1.3754470940002648,sqs-worker-5986dcd897-x8rdl,ip-192-168-20-201.ec2.internal,a7035f2943023f8e048bc3705cd0f974108f91b476e9b66d064c777f7a9a061f,1,3004.0,4379.0
1,keda-poisson-404-8d44f05f,000104,63.437924,2026-08-31T19:46:54.261+00:00,2026-08-31T19:46:50.480+00:00,2026-08-31T19:46:54.806+00:00,2026-08-31T19:46:54.806+00:00,2026-08-31T19:46:55.494+00:00,2026-08-31T19:46:55.494+00:00,0.284521,0.6878738899995369,sqs-worker-5986dcd897-x8rdl,ip-192-168-20-201.ec2.internal,5851f04c054d0f230b31b3c190d50d5efc9103016225ba7820e62cdd8a3d5a6e,1,4326.0,5014.0
1,keda-poisson-404-8d44f05f,000107,64.623784,2026-08-31T19:46:55.446+00:00,2026-08-31T19:46:51.664+00:00,2026-08-31T19:46:55.531+00:00,2026-08-31T19:46:55.531+00:00,2026-08-31T19:46:56.607+00:00,2026-08-31T19:46:56.607+00:00,0.442198,1.0765312799994717,sqs-worker-5986dcd897-x8rdl,ip-192-168-20-201.ec2.internal,d307226902066dfbb24550a4e65727303d8cfb62c406966a22d6258fd21b5562,1,3867.0,4943.0
1,keda-poisson-404-8d44f05f,000110,66.638873,2026-08-31T19:46:57.462+00:00,2026-08-31T19:46:53.680+00:00,2026-08-31T19:46:56.622+00:00,2026-08-31T19:46:56.622+00:00,2026-08-31T19:46:57.808+00:00,2026-08-31T19:46:57.808+00:00,0.477127,1.186089639999409,sqs-worker-5986dcd897-x8rdl,ip-192-168-20-201.ec2.internal,f5b247c68bf1068d38ad24b725b774f4b06e741438af617cde013c3392881eb1,1,2942.0,4128.0
1,keda-poisson-404-8d44f05f,000111,67.390328,2026-08-31T19:46:58.213+00:00,2026-08-31T19:46:54.430+00:00,2026-08-31T19:46:57.827+00:00,2026-08-31T19:46:57.827+00:00,2026-08-31T19:46:57.898+00:00,2026-08-31T19:46:57.898+00:00,0.025894,0.0717811199992866,sqs-worker-5986dcd897-x8rdl,ip-192-168-20-201.ec2.internal,706e8b4eb72363525be75c1f2cd5d25495a51ac4c1981163128a29520d0f80ec,1,3397.0,3468.0
1,keda-poisson-404-8d44f05f,000118,70.82544,2026-08-31T19:47:01.648+00:00,2026-08-31T19:46:57.869+00:00,2026-08-31T19:46:58.195+00:00,2026-08-31T19:46:58.195+00:00,2026-08-31T19:46:58.281+00:00,2026-08-31T19:46:58.281+00:00,0.034585,0.08541328300088935,sqs-worker-5986dcd897-x8rdl,ip-192-168-20-201.ec2.internal,e5f1a12a8916934de8b34c31664cc2e7a2a013d5653eece060c0ada79ab16427,1,326.0,412.0
1,keda-poisson-404-8d44f05f,000119,70.847369,2026-08-31T19:47:01.669+00:00,2026-08-31T19:46:57.887+00:00,2026-08-31T19:46:58.293+00:00,2026-08-31T19:46:58.293+00:00,2026-08-31T19:46:58.400+00:00,2026-08-31T19:46:58.400+00:00,0.055191,0.1071795240004576,sqs-worker-5986dcd897-x8rdl,ip-192-168-20-201.ec2.internal,267adc915cda5617502394bc60d788fbd9aed567c9edf54b23c682ef2dff171e,1,406.0,513.0
1,keda-poisson-404-8d44f05f,000105,63.781203,2026-08-31T19:46:54.605+00:00,2026-08-31T19:46:50.821+00:00,2026-08-31T19:46:58.413+00:00,2026-08-31T19:46:58.413+00:00,2026-08-31T19:46:58.884+00:00,2026-08-31T19:46:58.885+00:00,0.180734,0.47145944600015355,sqs-worker-5986dcd897-x8rdl,ip-192-168-20-201.ec2.internal,ae2fec83edcc7b9471db402cee417dbf07bf655baacafdd0c8f9c7bce4faa7e1,1,7592.0,8063.000000000001
1,keda-poisson-404-8d44f05f,000108,65.072887,2026-08-31T19:46:55.895+00:00,2026-08-31T19:46:52.115+00:00,2026-08-31T19:46:57.910+00:00,2026-08-31T19:46:57.910+00:00,2026-08-31T19:46:58.183+00:00,2026-08-31T19:46:58.183+00:00,0.100101,0.2730430339997838,sqs-worker-5986dcd897-x8rdl,ip-192-168-20-201.ec2.internal,a70223327eebba1519012ad9a3648de2c015369117e0165f84d0fb3d7e091afa,1,5795.0,6068.0
1,keda-poisson-404-8d44f05f,000114,68.397025,2026-08-31T19:46:59.219+00:00,2026-08-31T19:46:55.956+00:00,2026-08-31T19:46:58.896+00:00,2026-08-31T19:46:58.896+00:00,2026-08-31T19:47:00.397+00:00,2026-08-31T19:47:00.397+00:00,0.450432,1.5009524710003461,sqs-worker-5986dcd897-x8rdl,ip-192-168-20-201.ec2.internal,1f2490354f1c4c10efa053df90eccf2adff7efdc118a18a69498b170618c9df1,1,2940.0,4441.0
1,keda-poisson-404-8d44f05f,000113,67.62719,2026-08-31T19:46:58.449+00:00,2026-08-31T19:46:54.669+00:00,2026-08-31T19:47:00.488+00:00,2026-08-31T19:47:00.488+00:00,2026-08-31T19:47:01.792+00:00,2026-08-31T19:47:01.792+00:00,0.236378,1.3041618000006565,sqs-worker-5986dcd897-x8rdl,ip-192-168-20-201.ec2.internal,a7e4b709eeeb1f5e10ee345daa11ba5ecc5a42ec517c18822536c524be90721a,1,5819.0,7123.0
1,keda-poisson-404-8d44f05f,000115,69.75611,2026-08-31T19:47:00.579+00:00,2026-08-31T19:46:56.808+00:00,2026-08-31T19:47:01.809+00:00,2026-08-31T19:47:01.809+00:00,2026-08-31T19:47:02.084+00:00,2026-08-31T19:47:02.084+00:00,0.037085,0.27557191800042347,sqs-worker-5986dcd897-x8rdl,ip-192-168-20-201.ec2.internal,4ca4545a4f895301ceb289dd4825f3e854bca2dec47a3797bbc97d15f5a02e42,1,5001.0,5276.0
1,keda-poisson-404-8d44f05f,000116,70.306569,2026-08-31T19:47:01.129+00:00,2026-08-31T19:46:57.348+00:00,2026-08-31T19:47:02.109+00:00,2026-08-31T19:47:02.109+00:00,2026-08-31T19:47:03.212+00:00,2026-08-31T19:47:03.212+00:00,0.386772,1.1033724860008078,sqs-worker-5986dcd897-x8rdl,ip-192-168-20-201.ec2.internal,fe4fcd50587f8834d704a485d1c6d81d626a32b00d51376051416f8392440eb6,1,4761.0,5864.0
1,keda-poisson-404-8d44f05f,000124,72.07969,2026-08-31T19:47:02.902+00:00,2026-08-31T19:46:59.119+00:00,2026-08-31T19:47:03.283+00:00,2026-08-31T19:47:03.283+00:00,2026-08-31T19:47:03.897+00:00,2026-08-31T19:47:03.897+00:00,0.255325,0.6136338649994286,sqs-worker-5986dcd897-x8rdl,ip-192-168-20-201.ec2.internal,223a9b44103120dd15074a043436b3da370c228338e3760a8b52bc4262777695,1,4164.0,4778.0
1,keda-poisson-404-8d44f05f,000120,70.942972,2026-08-31T19:47:01.766+00:00,2026-08-31T19:46:57.990+00:00,2026-08-31T19:47:03.957+00:00,2026-08-31T19:47:03.957+00:00,2026-08-31T19:47:04.205+00:00,2026-08-31T19:47:04.205+00:00,0.11777,0.247803981999823,sqs-worker-5986dcd897-nd2br,ip-192-168-20-201.ec2.internal,8fc037520ec8a2808f776786d956dcc253f8f178c0691471970f0d804e7b6682,1,5967.0,6215.0
1,keda-poisson-404-8d44f05f,000121,71.122492,2026-08-31T19:47:01.944+00:00,2026-08-31T19:46:58.163+00:00,2026-08-31T19:47:03.910+00:00,2026-08-31T19:47:03.910+00:00,2026-08-31T19:47:04.285+00:00,2026-08-31T19:47:04.285+00:00,0.148252,0.37474060699969414,sqs-worker-5986dcd897-x8rdl,ip-192-168-20-201.ec2.internal,cbf53cfc1ea1803c27340c3d3412470bcfa1389d24cd71431d2698b6b3164a23,1,5747.0,6122.0
1,keda-poisson-404-8d44f05f,000122,71.742575,2026-08-31T19:47:02.565+00:00,2026-08-31T19:46:58.788+00:00,2026-08-31T19:47:04.305+00:00,2026-08-31T19:47:04.305+00:00,2026-08-31T19:47:04.310+00:00,2026-08-31T19:47:04.310+00:00,0.005,0.005068073998700129,sqs-worker-5986dcd897-x8rdl,ip-192-168-20-201.ec2.internal,3e45e27370b85feaf284f34fd7349a0403f0978c72d0154a40afa1a77445c407,1,5517.0,5522.0
1,keda-poisson-404-8d44f05f,000125,72.499785,2026-08-31T19:47:03.322+00:00,2026-08-31T19:46:59.539+00:00,2026-08-31T19:47:05.329+00:00,2026-08-31T19:47:05.329+00:00,2026-08-31T19:47:05.720+00:00,2026-08-31T19:47:05.720+00:00,0.166695,0.39140271799988113,sqs-worker-5986dcd897-nd2br,ip-192-168-20-201.ec2.internal,3b7bef5cb9375d22e8aa65d0f69fec6ec15535e80035c1d4f02ee8ae949ba996,1,5790.0,6181.0
1,keda-poisson-404-8d44f05f,000129,74.473254,2026-08-31T19:47:05.295+00:00,2026-08-31T19:47:01.516+00:00,2026-08-31T19:47:04.324+00:00,2026-08-31T19:47:04.324+00:00,2026-08-31T19:47:04.806+00:00,2026-08-31T19:47:04.806+00:00,0.206529,0.4816297779998422,sqs-worker-5986dcd897-x8rdl,ip-192-168-20-201.ec2.internal,2335fae3405a39748b74456b4835344bff27e8d9d2fb410e36c2027aa8667cc9,1,2808.0,3290.0
1,keda-poisson-404-8d44f05f,000117,70.356925,2026-08-31T19:47:01.179+00:00,2026-08-31T19:46:57.398+00:00,2026-08-31T19:47:05.037+00:00,2026-08-31T19:47:05.037+00:00,2026-08-31T19:47:05.309+00:00,2026-08-31T19:47:05.309+00:00,0.11785,0.27209352499994566,sqs-worker-5986dcd897-nd2br,ip-192-168-20-201.ec2.internal,2e7fa95691d5ddb576094f822d41553c13e7b59366385248e8d34140f14d2a33,1,7639.0,7911.0
1,keda-poisson-404-8d44f05f,000127,73.490329,2026-08-31T19:47:04.312+00:00,2026-08-31T19:47:00.532+00:00,2026-08-31T19:47:04.229+00:00,2026-08-31T19:47:04.229+00:00,2026-08-31T19:47:05.006+00:00,2026-08-31T19:47:05.007+00:00,0.314936,0.7771127390005859,sqs-worker-5986dcd897-nd2br,ip-192-168-20-201.ec2.internal,5165cc04a7b9154f7c96a6c3dfa8b901c12d66b537a2a0432cc114f86d8ccf64,1,3697.0,4474.0
1,keda-poisson-404-8d44f05f,000130,74.903653,2026-08-31T19:47:05.726+00:00,2026-08-31T19:47:01.942+00:00,2026-08-31T19:47:05.735+00:00,2026-08-31T19:47:05.735+00:00,2026-08-31T19:47:06.209+00:00,2026-08-31T19:47:06.209+00:00,0.176868,0.4744756439995399,sqs-worker-5986dcd897-nd2br,ip-192-168-20-201.ec2.internal,fa57743b57da7928d1bb024d4fef2e6255a5a253c5db0b69aaa1210e4e8b897e,1,3793.0,4267.0
1,keda-poisson-404-8d44f05f,000126,73.31399,2026-08-31T19:47:04.136+00:00,2026-08-31T19:47:00.353+00:00,2026-08-31T19:47:06.233+00:00,2026-08-31T19:47:06.233+00:00,2026-08-31T19:47:06.505+00:00,2026-08-31T19:47:06.505+00:00,0.120213,0.27200036400063254,sqs-worker-5986dcd897-nd2br,ip-192-168-20-201.ec2.internal,c2d93d74dc4008a09e76affe31c5ea4c6a9b76d649a272c701d7b022afba59f3,1,5880.0,6152.0
1,keda-poisson-404-8d44f05f,000112,67.399465,2026-08-31T19:46:58.221+00:00,2026-08-31T19:46:54.440+00:00,2026-08-31T19:47:04.821+00:00,2026-08-31T19:47:04.821+00:00,2026-08-31T19:47:06.679+00:00,2026-08-31T19:47:06.679+00:00,0.728668,1.8581628700012516,sqs-worker-5986dcd897-x8rdl,ip-192-168-20-201.ec2.internal,6c375303aed3d51739645420bbfe5847931c5e0aca793675cb6be3a8a75689b6,1,10381.0,12239.0
1,keda-poisson-404-8d44f05f,000128,74.470409,2026-08-31T19:47:05.293+00:00,2026-08-31T19:47:01.515+00:00,2026-08-31T19:47:07.039+00:00,2026-08-31T19:47:07.039+00:00,2026-08-31T19:47:07.217+00:00,2026-08-31T19:47:07.218+00:00,0.069564,0.1789466829995945,sqs-worker-5986dcd897-nd2br,ip-192-168-20-201.ec2.internal,e2691797c52f6eac275ab72304c962e4e041d4fc2949bdd86d48f89781c250c8,1,5524.0,5702.0
1,keda-poisson-404-8d44f05f,000137,78.700165,2026-08-31T19:47:09.522+00:00,2026-08-31T19:47:05.738+00:00,2026-08-31T19:47:07.418+00:00,2026-08-31T19:47:07.418+00:00,2026-08-31T19:47:07.598+00:00,2026-08-31T19:47:07.598+00:00,0.082093,0.17948228300156188,sqs-worker-5986dcd897-x8rdl,ip-192-168-20-201.ec2.internal,3a8d6ab043f5b1a20da192e945e6aa5e443751775783ccc9c9ef5fabc404c24f,1,1680.0,1860.0
1,keda-poisson-404-8d44f05f,000123,71.997502,2026-08-31T19:47:02.819+00:00,2026-08-31T19:46:59.037+00:00,2026-08-31T19:47:06.698+00:00,2026-08-31T19:47:06.698+00:00,2026-08-31T19:47:06.713+00:00,2026-08-31T19:47:06.713+00:00,0.014574,0.014681225000458653,sqs-worker-5986dcd897-x8rdl,ip-192-168-20-201.ec2.internal,d910eb51263e83007b299faa00e4d226e24df94ffdfe897501e46251049b3d1f,1,7661.0,7676.0
1,keda-poisson-404-8d44f05f,000135,78.375913,2026-08-31T19:47:09.199+00:00,2026-08-31T19:47:05.414+00:00,2026-08-31T19:47:06.733+00:00,2026-08-31T19:47:06.733+00:00,2026-08-31T19:47:07.113+00:00,2026-08-31T19:47:07.113+00:00,0.170709,0.38090156799989927,sqs-worker-5986dcd897-x8rdl,ip-192-168-20-201.ec2.internal,236d9224b8ab9b8d11de50614738d55ef98331d0ff1efcbbcd9217a244810c24,1,1319.0,1699.0
1,keda-poisson-404-8d44f05f,000131,74.91272,2026-08-31T19:47:05.734+00:00,2026-08-31T19:47:01.955+00:00,2026-08-31T19:47:06.522+00:00,2026-08-31T19:47:06.522+00:00,2026-08-31T19:47:07.023+00:00,2026-08-31T19:47:07.023+00:00,0.211911,0.5017013369997585,sqs-worker-5986dcd897-nd2br,ip-192-168-20-201.ec2.internal,8ed1ad35f9c44add97165b6521f099962fa5f631d14a923a2d5fa673098bbacd,1,4567.0,5068.0
1,keda-poisson-404-8d44f05f,000134,77.332737,2026-08-31T19:47:08.156+00:00,2026-08-31T19:47:04.373+00:00,2026-08-31T19:47:07.646+00:00,2026-08-31T19:47:07.646+00:00,2026-08-31T19:47:07.988+00:00,2026-08-31T19:47:07.989+00:00,0.145725,0.3427727109992702,sqs-worker-5986dcd897-x8rdl,ip-192-168-20-201.ec2.internal,d1a198e059875a6ce08d8c0f7898ef6e7963a88b1b0997622776c8cae38e6208,1,3273.0,3615.0
1,keda-poisson-404-8d44f05f,000132,75.688291,2026-08-31T19:47:06.511+00:00,2026-08-31T19:47:02.728+00:00,2026-08-31T19:47:07.183+00:00,2026-08-31T19:47:07.183+00:00,2026-08-31T19:47:07.391+00:00,2026-08-31T19:47:07.391+00:00,0.092087,0.20728535300077056,sqs-worker-5986dcd897-x8rdl,ip-192-168-20-201.ec2.internal,cfb02ac11042adc2a61dfb1a3ff42afd0db0c67aee7f7cd75986c467b60b41b2,1,4455.0,4663.0
1,keda-poisson-404-8d44f05f,000138,78.795371,2026-08-31T19:47:09.617+00:00,2026-08-31T19:47:05.834+00:00,2026-08-31T19:47:07.233+00:00,2026-08-31T19:47:07.233+00:00,2026-08-31T19:47:07.532+00:00,2026-08-31T19:47:07.532+00:00,0.131503,0.2991543930002081,sqs-worker-5986dcd897-nd2br,ip-192-168-20-201.ec2.internal,fcd0020c3a774cabe867c9beb45376fa4a97674a58bab1d9da7b5c0fc1b2f5db,1,1399.0,1698.0
1,keda-poisson-404-8d44f05f,000139,80.782043,2026-08-31T19:47:11.606+00:00,2026-08-31T19:47:07.822+00:00,2026-08-31T19:47:08.039+00:00,2026-08-31T19:47:08.039+00:00,2026-08-31T19:47:08.576+00:00,2026-08-31T19:47:08.576+00:00,0.22266,0.5369663040000887,sqs-worker-5986dcd897-x8rdl,ip-192-168-20-201.ec2.internal,0b66227fb4b2634ffa402b68b8ff5511823266574b4463162c7132ab51b4f947,1,217.0,754.0
1,keda-poisson-404-8d44f05f,000133,75.848261,2026-08-31T19:47:06.670+00:00,2026-08-31T19:47:02.887+00:00,2026-08-31T19:47:07.595+00:00,2026-08-31T19:47:07.595+00:00,2026-08-31T19:47:08.683+00:00,2026-08-31T19:47:08.683+00:00,0.439853,1.0879822030001378,sqs-worker-5986dcd897-nd2br,ip-192-168-20-201.ec2.internal,1c4485ee7a0746e40eb2b9169db864a25e37ddba11245625933dc65797a036d9,1,4708.0,5796.0
1,keda-poisson-404-8d44f05f,000136,78.689425,2026-08-31T19:47:09.511+00:00,2026-08-31T19:47:05.727+00:00,2026-08-31T19:47:08.710+00:00,2026-08-31T19:47:08.710+00:00,2026-08-31T19:47:08.832+00:00,2026-08-31T19:47:08.832+00:00,0.069835,0.12202355100089335,sqs-worker-5986dcd897-nd2br,ip-192-168-20-201.ec2.internal,dc1fa0cfcaff3b26dd17fa6c5c462ece6ff372764428f3415176a4e3359b3989,1,2983.0,3105.0
1,keda-poisson-404-8d44f05f,000140,81.195342,2026-08-31T19:47:12.017+00:00,2026-08-31T19:47:08.236+00:00,2026-08-31T19:47:08.593+00:00,2026-08-31T19:47:08.593+00:00,2026-08-31T19:47:09.013+00:00,2026-08-31T19:47:09.013+00:00,0.192572,0.42020279999997,sqs-worker-5986dcd897-x8rdl,ip-192-168-20-201.ec2.internal,fec81ebae5b9efc28141b5212d86797e58dd6bec55ab138ebb46947a2d2dd8a6,1,357.0,777.0
1,keda-poisson-404-8d44f05f,000141,82.390826,2026-08-31T19:47:13.214+00:00,2026-08-31T19:47:09.433+00:00,2026-08-31T19:47:09.439+00:00,2026-08-31T19:47:09.439+00:00,2026-08-31T19:47:09.706+00:00,2026-08-31T19:47:09.706+00:00,0.12052,0.26716962800128385,sqs-worker-5986dcd897-nd2br,ip-192-168-20-201.ec2.internal,9b9647225bcf689a42a304a545d4775c5d8f6194091bbffec9589b5a85e1c65b,1,6.0,273.0
1,keda-poisson-404-8d44f05f,000142,83.888938,2026-08-31T19:47:14.712+00:00,2026-08-31T19:47:10.931+00:00,2026-08-31T19:47:10.938+00:00,2026-08-31T19:47:10.938+00:00,2026-08-31T19:47:10.973+00:00,2026-08-31T19:47:10.973+00:00,0.034897,0.034946530000524945,sqs-worker-5986dcd897-x8rdl,ip-192-168-20-201.ec2.internal,e4be006e33131c29a0a9f02069428e5141d9c3dca8bddaf23663f7b15ac0c61f,1,7.0,42.0
1,keda-poisson-404-8d44f05f,000143,84.078916,2026-08-31T19:47:14.901+00:00,2026-08-31T19:47:11.116+00:00,2026-08-31T19:47:11.121+00:00,2026-08-31T19:47:11.121+00:00,2026-08-31T19:47:11.201+00:00,2026-08-31T19:47:11.201+00:00,0.058145,0.08017590400049812,sqs-worker-5986dcd897-x8rdl,ip-192-168-20-201.ec2.internal,b26e7fab557b9b563896cabec5ce1f1c32c92c308f8fcdb84c1c047011d79db3,1,5.0,85.0
1,keda-poisson-404-8d44f05f,000144,84.792697,2026-08-31T19:47:15.615+00:00,2026-08-31T19:47:11.832+00:00,2026-08-31T19:47:11.836+00:00,2026-08-31T19:47:11.836+00:00,2026-08-31T19:47:11.908+00:00,2026-08-31T19:47:11.908+00:00,0.051215,0.07188644499910879,sqs-worker-5986dcd897-nd2br,ip-192-168-20-201.ec2.internal,21679aeef2b2978cc4ae6122d5df93f16437ce7e78fa2b283226cd6cd163d778,1,4.0,76.0
1,keda-poisson-404-8d44f05f,000145,85.271729,2026-08-31T19:47:16.093+00:00,2026-08-31T19:47:12.315+00:00,2026-08-31T19:47:12.318+00:00,2026-08-31T19:47:12.318+00:00,2026-08-31T19:47:12.694+00:00,2026-08-31T19:47:12.694+00:00,0.171493,0.3757312039997487,sqs-worker-5986dcd897-x8rdl,ip-192-168-20-201.ec2.internal,ea9b9754f98b2e198e14540897c539817b69aacab413a3e02c159c562645cd82,1,3.0,379.0
1,keda-poisson-404-8d44f05f,000146,85.806795,2026-08-31T19:47:16.629+00:00,2026-08-31T19:47:12.847+00:00,2026-08-31T19:47:12.852+00:00,2026-08-31T19:47:12.852+00:00,2026-08-31T19:47:13.007+00:00,2026-08-31T19:47:13.007+00:00,0.097984,0.15523330199903285,sqs-worker-5986dcd897-x8rdl,ip-192-168-20-201.ec2.internal,af93587e21da9f7327572c901ac10041b22313dad1469736e6d4a2c569f2070c,1,5.0,160.0
1,keda-poisson-404-8d44f05f,000147,86.077087,2026-08-31T19:47:16.899+00:00,2026-08-31T19:47:13.115+00:00,2026-08-31T19:47:13.118+00:00,2026-08-31T19:47:13.118+00:00,2026-08-31T19:47:13.185+00:00,2026-08-31T19:47:13.185+00:00,0.041839,0.06624517699856369,sqs-worker-5986dcd897-x8rdl,ip-192-168-20-201.ec2.internal,8114b5361a55c2252b511f2db6492d76d2b54da8a637b2a0d0fbd5e07556bb42,1,3.0,70.0
1,keda-poisson-404-8d44f05f,000148,86.422826,2026-08-31T19:47:17.245+00:00,2026-08-31T19:47:13.463+00:00,2026-08-31T19:47:13.466+00:00,2026-08-31T19:47:13.466+00:00,2026-08-31T19:47:13.584+00:00,2026-08-31T19:47:13.584+00:00,0.060359,0.11786621099963668,sqs-worker-5986dcd897-x8rdl,ip-192-168-20-201.ec2.internal,2655c4df81048bf9af700f2a77175c1a5c401e26968e89eec017313aee6fd5a5,1,3.0,121.0
1,keda-poisson-404-8d44f05f,000149,88.854318,2026-08-31T19:47:19.677+00:00,2026-08-31T19:47:15.892+00:00,2026-08-31T19:47:15.895+00:00,2026-08-31T19:47:15.895+00:00,2026-08-31T19:47:16.489+00:00,2026-08-31T19:47:16.489+00:00,0.248038,0.5943381069992029,sqs-worker-5986dcd897-x8rdl,ip-192-168-20-201.ec2.internal,9441256ee211e8ca481a4824e7034945963a5b182515931c267210998a8f38f6,1,3.0,597.0
1,keda-poisson-404-8d44f05f,000151,90.083618,2026-08-31T19:47:20.906+00:00,2026-08-31T19:47:17.120+00:00,2026-08-31T19:47:17.123+00:00,2026-08-31T19:47:17.123+00:00,2026-08-31T19:47:17.129+00:00,2026-08-31T19:47:17.129+00:00,0.00595,0.005985667999993893,sqs-worker-5986dcd897-nd2br,ip-192-168-20-201.ec2.internal,0ed8e3f82d1f51fe14dfc21be352667d6c7319123f2290c9fc156e2a49dc3cd8,1,3.0,9.0
1,keda-poisson-404-8d44f05f,000150,89.640086,2026-08-31T19:47:20.463+00:00,2026-08-31T19:47:16.678+00:00,2026-08-31T19:47:16.681+00:00,2026-08-31T19:47:16.681+00:00,2026-08-31T19:47:17.210+00:00,2026-08-31T19:47:17.210+00:00,0.226973,0.5292807490004634,sqs-worker-5986dcd897-x8rdl,ip-192-168-20-201.ec2.internal,88929b90821c63b8d4031148cebc18de9957cc7e45d16627ce62e6e04698223b,1,3.0,532.0
1,keda-poisson-404-8d44f05f,000152,90.410267,2026-08-31T19:47:21.232+00:00,2026-08-31T19:47:17.453+00:00,2026-08-31T19:47:17.457+00:00,2026-08-31T19:47:17.457+00:00,2026-08-31T19:47:18.607+00:00,2026-08-31T19:47:18.607+00:00,0.492249,1.150282704998972,sqs-worker-5986dcd897-x8rdl,ip-192-168-20-201.ec2.internal,1f4713f5b0eb08fec75e5e3b2dcc9492eca934526ad47ddad1deceb2a795d31e,1,4.0,1154.0
1,keda-poisson-404-8d44f05f,000153,90.739751,2026-08-31T19:47:21.562+00:00,2026-08-31T19:47:17.777+00:00,2026-08-31T19:47:17.781+00:00,2026-08-31T19:47:17.781+00:00,2026-08-31T19:47:19.012+00:00,2026-08-31T19:47:19.012+00:00,0.50686,1.2315491249992192,sqs-worker-5986dcd897-nd2br,ip-192-168-20-201.ec2.internal,8af214a9516c3a60173ffeed529d649977acac9ae625c0005ad29ea63d5ef2a8,1,4.0,1235.0
1,keda-poisson-404-8d44f05f,000155,91.812524,2026-08-31T19:47:22.635+00:00,2026-08-31T19:47:18.856+00:00,2026-08-31T19:47:19.030+00:00,2026-08-31T19:47:19.030+00:00,2026-08-31T19:47:19.299+00:00,2026-08-31T19:47:19.299+00:00,0.102803,0.2693814559988823,sqs-worker-5986dcd897-nd2br,ip-192-168-20-201.ec2.internal,903f0475b0c22a63af8b9b9f6f450b5196f44b3e6f198faf5eeffff7ced50965,1,174.0,443.0
1,keda-poisson-404-8d44f05f,000156,92.419314,2026-08-31T19:47:23.241+00:00,2026-08-31T19:47:19.466+00:00,2026-08-31T19:47:19.472+00:00,2026-08-31T19:47:19.472+00:00,2026-08-31T19:47:19.679+00:00,2026-08-31T19:47:19.679+00:00,0.089857,0.20698643799914862,sqs-worker-5986dcd897-nd2br,ip-192-168-20-201.ec2.internal,a9fc9dba930bebf4604010220990fa34bb23d75bb1e87a8c89a160d9ab61a40a,1,6.0,213.0
1,keda-poisson-404-8d44f05f,000157,93.299531,2026-08-31T19:47:24.122+00:00,2026-08-31T19:47:20.337+00:00,2026-08-31T19:47:20.341+00:00,2026-08-31T19:47:20.342+00:00,2026-08-31T19:47:21.106+00:00,2026-08-31T19:47:21.106+00:00,0.323489,0.7646914500001003,sqs-worker-5986dcd897-nd2br,ip-192-168-20-201.ec2.internal,9330ef5223e4ee0f5aeca88d132bceda71f048633ec9fe7cf4492cd7ea18de2f,1,4.0,769.0
1,keda-poisson-404-8d44f05f,000158,94.324324,2026-08-31T19:47:25.145+00:00,2026-08-31T19:47:21.367+00:00,2026-08-31T19:47:21.371+00:00,2026-08-31T19:47:21.371+00:00,2026-08-31T19:47:21.928+00:00,2026-08-31T19:47:21.928+00:00,0.243065,0.5567555750003521,sqs-worker-5986dcd897-nd2br,ip-192-168-20-201.ec2.internal,d2fe651dd071393123fb9d75a0363354602eabc073b1b286c5d0047cd6811f80,1,4.0,561.0
1,keda-poisson-404-8d44f05f,000154,91.108739,2026-08-31T19:47:21.931+00:00,2026-08-31T19:47:18.147+00:00,2026-08-31T19:47:18.645+00:00,2026-08-31T19:47:18.645+00:00,2026-08-31T19:47:22.002+00:00,2026-08-31T19:47:22.002+00:00,0.843693,3.3572406159983075,sqs-worker-5986dcd897-x8rdl,ip-192-168-20-201.ec2.internal,95daa9b961768b36337f72c05f33b965047a955aba56953f12f8526dca3179c0,1,498.0,3855.0
1,keda-poisson-404-8d44f05f,000159,94.432973,2026-08-31T19:47:25.253+00:00,2026-08-31T19:47:21.470+00:00,2026-08-31T19:47:21.983+00:00,2026-08-31T19:47:21.983+00:00,2026-08-31T19:47:22.225+00:00,2026-08-31T19:47:22.225+00:00,0.117407,0.24133150700072292,sqs-worker-5986dcd897-nd2br,ip-192-168-20-201.ec2.internal,cbdbd02921eb262f0b58adf33290ca23064cf112f85ff0e8d569d11d1ccc0c93,1,513.0,755.0
1,keda-poisson-404-8d44f05f,000160,95.298721,2026-08-31T19:47:26.120+00:00,2026-08-31T19:47:22.334+00:00,2026-08-31T19:47:22.339+00:00,2026-08-31T19:47:22.339+00:00,2026-08-31T19:47:22.511+00:00,2026-08-31T19:47:22.511+00:00,0.093629,0.1719233969997731,sqs-worker-5986dcd897-nd2br,ip-192-168-20-201.ec2.internal,7606c8745d3ce188b040f517bd0c8763c31010cd5d341670e3d313a9331c36b8,1,5.0,177.0
1,keda-poisson-404-8d44f05f,000161,95.858917,2026-08-31T19:47:26.679+00:00,2026-08-31T19:47:22.897+00:00,2026-08-31T19:47:22.903+00:00,2026-08-31T19:47:22.903+00:00,2026-08-31T19:47:22.943+00:00,2026-08-31T19:47:22.943+00:00,0.03923,0.03926993800087075,sqs-worker-5986dcd897-nd2br,ip-192-168-20-201.ec2.internal,b0fead105e31e010819e77e6571a0d3ad9462ad7c5521a7d18e82dfccfb9552d,1,6.0,46.0
1,keda-poisson-404-8d44f05f,000162,96.250668,2026-08-31T19:47:27.071+00:00,2026-08-31T19:47:23.289+00:00,2026-08-31T19:47:23.295+00:00,2026-08-31T19:47:23.295+00:00,2026-08-31T19:47:23.311+00:00,2026-08-31T19:47:23.311+00:00,0.016619,0.016659562999848276,sqs-worker-5986dcd897-nd2br,ip-192-168-20-201.ec2.internal,c64e11dc941f7c6d3b1118aadfb78666a851d6d1451b4a7714023b769fc232af,1,6.0,22.0
1,keda-poisson-404-8d44f05f,000163,97.199409,2026-08-31T19:47:28.020+00:00,2026-08-31T19:47:24.239+00:00,2026-08-31T19:47:24.283+00:00,2026-08-31T19:47:24.283+00:00,2026-08-31T19:47:26.624+00:00,2026-08-31T19:47:26.624+00:00,0.623269,2.3403447949986003,sqs-worker-5986dcd897-nd2br,ip-192-168-20-201.ec2.internal,6dfd8ce4110a0d585841c5846fab2fc56494277ccde9c51b02e6f2b78134ce69,1,44.0,2385.0
1,keda-poisson-404-8d44f05f,000164,99.803618,2026-08-31T19:47:30.626+00:00,2026-08-31T19:47:26.845+00:00,2026-08-31T19:47:26.849+00:00,2026-08-31T19:47:26.849+00:00,2026-08-31T19:47:27.230+00:00,2026-08-31T19:47:27.230+00:00,0.192729,0.38063026999952854,sqs-worker-5986dcd897-nd2br,ip-192-168-20-201.ec2.internal,41d3bbcb345d854a33997132c373027a97e69ad97cacab9053bbecc94cf936dc,1,4.0,385.0
1,keda-poisson-404-8d44f05f,000165,100.358649,2026-08-31T19:47:31.180+00:00,2026-08-31T19:47:27.399+00:00,2026-08-31T19:47:27.405+00:00,2026-08-31T19:47:27.405+00:00,2026-08-31T19:47:27.628+00:00,2026-08-31T19:47:27.628+00:00,0.110637,0.22289324600023974,sqs-worker-5986dcd897-nd2br,ip-192-168-20-201.ec2.internal,505f5ed068df7815d6178c7f36b4f0e3af601501450baf4b5f970872c7845d35,1,6.0,229.0
1,keda-poisson-404-8d44f05f,000166,100.560962,2026-08-31T19:47:31.381+00:00,2026-08-31T19:47:27.596+00:00,2026-08-31T19:47:27.600+00:00,2026-08-31T19:47:27.600+00:00,2026-08-31T19:47:27.629+00:00,2026-08-31T19:47:27.629+00:00,0.028748,0.029374187000939855,sqs-worker-5986dcd897-x8rdl,ip-192-168-20-201.ec2.internal,0d713f1d800f90957f3cc39516b27252b7e4674002ebbd27f3c1bfd26215240a,1,4.0,33.0
1,keda-poisson-404-8d44f05f,000169,101.338511,2026-08-31T19:47:32.159+00:00,2026-08-31T19:47:28.378+00:00,2026-08-31T19:47:28.381+00:00,2026-08-31T19:47:28.381+00:00,2026-08-31T19:47:28.522+00:00,2026-08-31T19:47:28.522+00:00,0.085086,0.14075078399946506,sqs-worker-5986dcd897-nd2br,ip-192-168-20-201.ec2.internal,5622ad25c9c7fe8cd9d16dce418d7a429761cf8e98b38adf4774753b2614bc4e,1,3.0,144.0
1,keda-poisson-404-8d44f05f,000167,100.619475,2026-08-31T19:47:31.440+00:00,2026-08-31T19:47:27.658+00:00,2026-08-31T19:47:27.661+00:00,2026-08-31T19:47:27.661+00:00,2026-08-31T19:47:28.228+00:00,2026-08-31T19:47:28.228+00:00,0.23556,0.5667183209989162,sqs-worker-5986dcd897-nd2br,ip-192-168-20-201.ec2.internal,d18fed29025b0f2bf7c12dd81ef66dea2dbde803e22c262a87f26bfd58b42de8,1,3.0,570.0
1,keda-poisson-404-8d44f05f,000168,101.183322,2026-08-31T19:47:32.004+00:00,2026-08-31T19:47:28.220+00:00,2026-08-31T19:47:28.227+00:00,2026-08-31T19:47:28.227+00:00,2026-08-31T19:47:29.498+00:00,2026-08-31T19:47:29.498+00:00,0.536678,1.2714184480009862,sqs-worker-5986dcd897-x8rdl,ip-192-168-20-201.ec2.internal,4ef403625651326ffcdff67cb5a563ed2ea81337ac8bf3cc623679276000320b,1,7.0,1278.0
1,keda-poisson-404-8d44f05f,000170,101.841293,2026-08-31T19:47:32.662+00:00,2026-08-31T19:47:28.877+00:00,2026-08-31T19:47:28.883+00:00,2026-08-31T19:47:28.883+00:00,2026-08-31T19:47:29.789+00:00,2026-08-31T19:47:29.789+00:00,0.372351,0.9056390120003925,sqs-worker-5986dcd897-nd2br,ip-192-168-20-201.ec2.internal,9ccedf80beeeb013a9319c5a6d62ee80a2bd26bc6fb6e5bb6328bc57ce230d8b,1,6.0,912.0
1,keda-poisson-404-8d44f05f,000171,104.269541,2026-08-31T19:47:35.092+00:00,2026-08-31T19:47:31.308+00:00,2026-08-31T19:47:31.313+00:00,2026-08-31T19:47:31.313+00:00,2026-08-31T19:47:31.401+00:00,2026-08-31T19:47:31.401+00:00,0.058648,0.08880620800118777,sqs-worker-5986dcd897-x8rdl,ip-192-168-20-201.ec2.internal,05e306b648e7a3068ad08fd591dcda0a2e62987a747ad7fc29a023e5c5a703f4,1,5.0,93.0
1,keda-poisson-404-8d44f05f,000172,105.547216,2026-08-31T19:47:36.368+00:00,2026-08-31T19:47:32.584+00:00,2026-08-31T19:47:32.587+00:00,2026-08-31T19:47:32.587+00:00,2026-08-31T19:47:32.990+00:00,2026-08-31T19:47:32.990+00:00,0.167162,0.40248109999993176,sqs-worker-5986dcd897-x8rdl,ip-192-168-20-201.ec2.internal,336f489b6bde3bb966a82b99ddd51170b650234744a3932d2e7e2f8ef744ebbb,1,3.0,406.0
1,keda-poisson-404-8d44f05f,000173,105.651754,2026-08-31T19:47:36.472+00:00,2026-08-31T19:47:32.687+00:00,2026-08-31T19:47:32.692+00:00,2026-08-31T19:47:32.692+00:00,2026-08-31T19:47:33.684+00:00,2026-08-31T19:47:33.684+00:00,0.409812,0.9926203779996285,sqs-worker-5986dcd897-nd2br,ip-192-168-20-201.ec2.internal,d4f1ae89cb2229f144b943e1c5eb3966751ae06f99adcea366d69cf279616a14,1,5.0,997.0
1,keda-poisson-404-8d44f05f,000174,105.788067,2026-08-31T19:47:36.608+00:00,2026-08-31T19:47:32.830+00:00,2026-08-31T19:47:33.010+00:00,2026-08-31T19:47:33.010+00:00,2026-08-31T19:47:33.928+00:00,2026-08-31T19:47:33.928+00:00,0.387456,0.9179511270012881,sqs-worker-5986dcd897-x8rdl,ip-192-168-20-201.ec2.internal,887a4d52ea47acc990d26aefa8a6dd1b07ebc024b9d0937efbe47cbf361b2b43,1,180.0,1098.0
1,keda-poisson-404-8d44f05f,000178,106.75748,2026-08-31T19:47:37.578+00:00,2026-08-31T19:47:33.793+00:00,2026-08-31T19:47:33.995+00:00,2026-08-31T19:47:33.995+00:00,2026-08-31T19:47:34.293+00:00,2026-08-31T19:47:34.293+00:00,0.127191,0.2981890350001777,sqs-worker-5986dcd897-x8rdl,ip-192-168-20-201.ec2.internal,d077eb4387fd8a82fbaca6dc886e954702a1779a72dc21a150975a5fbace280d,1,202.0,500.0
1,keda-poisson-404-8d44f05f,000175,106.375229,2026-08-31T19:47:37.196+00:00,2026-08-31T19:47:33.412+00:00,2026-08-31T19:47:34.341+00:00,2026-08-31T19:47:34.341+00:00,2026-08-31T19:47:34.694+00:00,2026-08-31T19:47:34.694+00:00,0.155936,0.35321482899962575,sqs-worker-5986dcd897-x8rdl,ip-192-168-20-201.ec2.internal,9139c99913a132831427292a84a55c0763cd20ef6c711f0a6f948ac6b2f025f5,1,929.0,1282.0
1,keda-poisson-404-8d44f05f,000176,106.479843,2026-08-31T19:47:37.300+00:00,2026-08-31T19:47:33.519+00:00,2026-08-31T19:47:33.724+00:00,2026-08-31T19:47:33.724+00:00,2026-08-31T19:47:35.013+00:00,2026-08-31T19:47:35.013+00:00,0.22867,1.2893533460010076,sqs-worker-5986dcd897-nd2br,ip-192-168-20-201.ec2.internal,58c5fd7b82b46cf1390e198eee1cc0d35727d357b0c5a00956c83aa1eca4590f,1,205.0,1494.0
1,keda-poisson-404-8d44f05f,000177,106.585309,2026-08-31T19:47:37.405+00:00,2026-08-31T19:47:33.623+00:00,2026-08-31T19:47:34.742+00:00,2026-08-31T19:47:34.742+00:00,2026-08-31T19:47:35.223+00:00,2026-08-31T19:47:35.223+00:00,0.211957,0.48038371700022253,sqs-worker-5986dcd897-x8rdl,ip-192-168-20-201.ec2.internal,aca2ac46e229020cc467c8f1e3d7c895d90fa3dcb9c5d6a2ac1c7cb8a88076bf,1,1119.0,1600.0
1,keda-poisson-404-8d44f05f,000181,107.790101,2026-08-31T19:47:38.610+00:00,2026-08-31T19:47:34.825+00:00,2026-08-31T19:47:35.240+00:00,2026-08-31T19:47:35.240+00:00,2026-08-31T19:47:35.625+00:00,2026-08-31T19:47:35.625+00:00,0.159296,0.38498274399898946,sqs-worker-5986dcd897-x8rdl,ip-192-168-20-201.ec2.internal,ba574ee1f634ebdfa420a051fae139423ccef03c014022ac589ce6a9765e6447,1,415.0,800.0
1,keda-poisson-404-8d44f05f,000179,107.172822,2026-08-31T19:47:37.993+00:00,2026-08-31T19:47:34.209+00:00,2026-08-31T19:47:35.667+00:00,2026-08-31T19:47:35.667+00:00,2026-08-31T19:47:35.697+00:00,2026-08-31T19:47:35.697+00:00,0.014871,0.030110449999483535,sqs-worker-5986dcd897-x8rdl,ip-192-168-20-201.ec2.internal,fcb0b2fcbbffdae6159f9f0241ff9121045f17dd1d703842613088a8cbc57f76,1,1458.0,1488.0
1,keda-poisson-404-8d44f05f,000182,107.858392,2026-08-31T19:47:38.678+00:00,2026-08-31T19:47:34.901+00:00,2026-08-31T19:47:35.711+00:00,2026-08-31T19:47:35.711+00:00,2026-08-31T19:47:36.302+00:00,2026-08-31T19:47:36.302+00:00,0.243044,0.5912735330002761,sqs-worker-5986dcd897-x8rdl,ip-192-168-20-201.ec2.internal,c028839c1ed55ed7ab469b994fc9cde0139b7ce79f0232348e49f8c1b886e004,1,810.0,1401.0
1,keda-poisson-404-8d44f05f,000180,107.614613,2026-08-31T19:47:38.435+00:00,2026-08-31T19:47:34.654+00:00,2026-08-31T19:47:35.034+00:00,2026-08-31T19:47:35.035+00:00,2026-08-31T19:47:36.611+00:00,2026-08-31T19:47:36.611+00:00,0.280648,1.576555992000067,sqs-worker-5986dcd897-nd2br,ip-192-168-20-201.ec2.internal,8a5be5639fd2c0b773aaa14ad8d93d585b812e4bc842105a0fe6ef3575dc9384,1,380.0,1957.0
1,keda-poisson-404-8d44f05f,000184,108.485168,2026-08-31T19:47:39.305+00:00,2026-08-31T19:47:35.530+00:00,2026-08-31T19:47:36.329+00:00,2026-08-31T19:47:36.329+00:00,2026-08-31T19:47:37.214+00:00,2026-08-31T19:47:37.215+00:00,0.368433,0.8857199979993311,sqs-worker-5986dcd897-x8rdl,ip-192-168-20-201.ec2.internal,c75c3d02790c5734ef63cb67d2f1a9e5dbb8a0c396e8d5f5b162c0bb7cc7a023,1,799.0,1684.0
1,keda-poisson-404-8d44f05f,000183,108.367111,2026-08-31T19:47:39.188+00:00,2026-08-31T19:47:35.402+00:00,2026-08-31T19:47:36.626+00:00,2026-08-31T19:47:36.626+00:00,2026-08-31T19:47:37.586+00:00,2026-08-31T19:47:37.586+00:00,0.384312,0.9599418840007274,sqs-worker-5986dcd897-nd2br,ip-192-168-20-201.ec2.internal,3e366ff54f999ddd5a97c5c79ae1bbb59c512a1e3d2f0d4ed098fa256f5798ec,1,1224.0,2184.0
1,keda-poisson-404-8d44f05f,000185,108.679205,2026-08-31T19:47:39.499+00:00,2026-08-31T19:47:35.716+00:00,2026-08-31T19:47:37.238+00:00,2026-08-31T19:47:37.238+00:00,2026-08-31T19:47:37.696+00:00,2026-08-31T19:47:37.696+00:00,0.17272,0.4581682039988664,sqs-worker-5986dcd897-x8rdl,ip-192-168-20-201.ec2.internal,8056f08f5ed58317759d645fc3408162e88cf0edc7dcd91f9951e8a2a7f86bec,1,1522.0,1980.0
1,keda-poisson-404-8d44f05f,000186,110.340435,2026-08-31T19:47:41.162+00:00,2026-08-31T19:47:37.377+00:00,2026-08-31T19:47:37.628+00:00,2026-08-31T19:47:37.628+00:00,2026-08-31T19:47:38.498+00:00,2026-08-31T19:47:38.498+00:00,0.356567,0.8696637100001681,sqs-worker-5986dcd897-nd2br,ip-192-168-20-201.ec2.internal,bcc0c0c2b33715d58af8cd20359e02ae32fc34f9e25f337cfadf06e401b47be5,1,251.0,1121.0
1,keda-poisson-404-8d44f05f,000187,114.828946,2026-08-31T19:47:45.656+00:00,2026-08-31T19:47:41.878+00:00,2026-08-31T19:47:41.882+00:00,2026-08-31T19:47:41.882+00:00,2026-08-31T19:47:42.184+00:00,2026-08-31T19:47:42.184+00:00,0.120283,0.3013492160007445,sqs-worker-5986dcd897-x8rdl,ip-192-168-20-201.ec2.internal,642cdcebf0f99bddb55d7b1eb1b7da4016054bab5ee6db539a2e231d92fd3eed,1,4.0,306.0
1,keda-poisson-404-8d44f05f,000188,114.837674,2026-08-31T19:47:45.658+00:00,2026-08-31T19:47:42.442+00:00,2026-08-31T19:47:42.446+00:00,2026-08-31T19:47:42.446+00:00,2026-08-31T19:47:42.616+00:00,2026-08-31T19:47:42.616+00:00,0.098367,0.16953603500041936,sqs-worker-5986dcd897-nd2br,ip-192-168-20-201.ec2.internal,fa25957be071d7423f67181d245fae01ffd9d2a0bf3d7a8f4416703aefc7af99,1,4.0,174.0
1,keda-poisson-404-8d44f05f,000189,115.980679,2026-08-31T19:47:46.802+00:00,2026-08-31T19:47:43.028+00:00,2026-08-31T19:47:43.031+00:00,2026-08-31T19:47:43.031+00:00,2026-08-31T19:47:43.391+00:00,2026-08-31T19:47:43.391+00:00,0.168524,0.3600607330008643,sqs-worker-5986dcd897-x8rdl,ip-192-168-20-201.ec2.internal,3c0f5e1132ad05ddb76fbcc5503491c8b3293c721bdd0d85ea9f34ac78b3c82c,1,3.0,363.0
1,keda-poisson-404-8d44f05f,000190,116.688383,2026-08-31T19:47:47.510+00:00,2026-08-31T19:47:43.725+00:00,2026-08-31T19:47:43.729+00:00,2026-08-31T19:47:43.730+00:00,2026-08-31T19:47:43.753+00:00,2026-08-31T19:47:43.753+00:00,0.022565,0.023484577000999707,sqs-worker-5986dcd897-nd2br,ip-192-168-20-201.ec2.internal,3c62915aa0cb62d1d59b62d57815aa70078fb3181810cc16bb422912f9dec09f,1,4.0,28.0
1,keda-poisson-404-8d44f05f,000191,119.004735,2026-08-31T19:47:49.827+00:00,2026-08-31T19:47:46.042+00:00,2026-08-31T19:47:46.048+00:00,2026-08-31T19:47:46.048+00:00,2026-08-31T19:47:46.121+00:00,2026-08-31T19:47:46.121+00:00,0.063882,0.07307184399905964,sqs-worker-5986dcd897-nd2br,ip-192-168-20-201.ec2.internal,f67c2d0a4735bf10d8384dfcdd341e38a3b1769378f11c489f9423112f66a309,1,6.0,79.0
1,keda-poisson-404-8d44f05f,000192,119.74488,2026-08-31T19:47:50.566+00:00,2026-08-31T19:47:46.783+00:00,2026-08-31T19:47:46.826+00:00,2026-08-31T19:47:46.826+00:00,2026-08-31T19:47:46.833+00:00,2026-08-31T19:47:46.833+00:00,0.007431,0.007473958999980823,sqs-worker-5986dcd897-x8rdl,ip-192-168-20-201.ec2.internal,f87a4d575c31a27875483d5145b1191d37b08dc57f7e8ad1fbe4746ef9286e3f,1,43.0,50.0
1,keda-poisson-404-8d44f05f,000194,120.456311,2026-08-31T19:47:51.277+00:00,2026-08-31T19:47:47.491+00:00,2026-08-31T19:47:47.495+00:00,2026-08-31T19:47:47.496+00:00,2026-08-31T19:47:47.925+00:00,2026-08-31T19:47:47.925+00:00,0.19276,0.4295564399999421,sqs-worker-5986dcd897-nd2br,ip-192-168-20-201.ec2.internal,558bf5f23cbd94310d48dea6de9351619174c95f444f4bfdc71970c2a52a9cfe,1,4.0,434.0
1,keda-poisson-404-8d44f05f,000193,119.978717,2026-08-31T19:47:50.799+00:00,2026-08-31T19:47:47.019+00:00,2026-08-31T19:47:47.022+00:00,2026-08-31T19:47:47.022+00:00,2026-08-31T19:47:48.590+00:00,2026-08-31T19:47:48.590+00:00,0.647341,1.5680881309999677,sqs-worker-5986dcd897-x8rdl,ip-192-168-20-201.ec2.internal,c450ac2b1052b97ed283e3574aee35e013d83886df150755318d77640f750f03,1,3.0,1571.0
1,keda-poisson-404-8d44f05f,000195,120.938364,2026-08-31T19:47:51.759+00:00,2026-08-31T19:47:47.979+00:00,2026-08-31T19:47:47.983+00:00,2026-08-31T19:47:47.983+00:00,2026-08-31T19:47:49.116+00:00,2026-08-31T19:47:49.116+00:00,0.466959,1.1326085450000392,sqs-worker-5986dcd897-nd2br,ip-192-168-20-201.ec2.internal,2cb0485e550763c55fdd12bcf42c0f17a2621e3c5bb1f9f10e06f5f089470755,1,4.0,1137.0
1,keda-poisson-404-8d44f05f,000197,122.136239,2026-08-31T19:47:52.957+00:00,2026-08-31T19:47:49.176+00:00,2026-08-31T19:47:49.179+00:00,2026-08-31T19:47:49.179+00:00,2026-08-31T19:47:49.735+00:00,2026-08-31T19:47:49.735+00:00,0.247755,0.5558865559996775,sqs-worker-5986dcd897-nd2br,ip-192-168-20-201.ec2.internal,37e340a526f7f02ee12aaf9d55b58b2258af700c7ec482071e30f52e6401bbfa,1,3.0,559.0
1,keda-poisson-404-8d44f05f,000196,121.719995,2026-08-31T19:47:52.541+00:00,2026-08-31T19:47:48.761+00:00,2026-08-31T19:47:48.771+00:00,2026-08-31T19:47:48.771+00:00,2026-08-31T19:47:49.987+00:00,2026-08-31T19:47:49.987+00:00,0.417681,1.2154348880012549,sqs-worker-5986dcd897-x8rdl,ip-192-168-20-201.ec2.internal,4e1e19f0bcc67c833a50ddf404995f610a3229082ba2053036b522e1bce1ae34,1,10.0,1226.0
1,keda-poisson-404-8d44f05f,000198,122.649033,2026-08-31T19:47:53.470+00:00,2026-08-31T19:47:49.687+00:00,2026-08-31T19:47:49.805+00:00,2026-08-31T19:47:49.805+00:00,2026-08-31T19:47:50.418+00:00,2026-08-31T19:47:50.418+00:00,0.259634,0.6123034399988683,sqs-worker-5986dcd897-nd2br,ip-192-168-20-201.ec2.internal,4d8f31c629bbffc0e1b1aa22b7916db91c9ebe9456273c8789b757e45e2a25b1,1,118.0,731.0
1,keda-poisson-404-8d44f05f,000199,123.737343,2026-08-31T19:47:54.558+00:00,2026-08-31T19:47:50.771+00:00,2026-08-31T19:47:50.778+00:00,2026-08-31T19:47:50.778+00:00,2026-08-31T19:47:51.492+00:00,2026-08-31T19:47:51.492+00:00,0.130199,0.7145036890015035,sqs-worker-5986dcd897-x8rdl,ip-192-168-20-201.ec2.internal,0102bec9ea0a823a3d32a1ca2ff6480cbcca06ce99cb65105123667090088025,1,7.0,721.0
1,keda-poisson-404-8d44f05f,000200,124.392965,2026-08-31T19:47:55.212+00:00,2026-08-31T19:47:51.427+00:00,2026-08-31T19:47:51.431+00:00,2026-08-31T19:47:51.431+00:00,2026-08-31T19:47:51.532+00:00,2026-08-31T19:47:51.532+00:00,0.070806,0.10124784899926453,sqs-worker-5986dcd897-nd2br,ip-192-168-20-201.ec2.internal,e2347739dce542b952518c93feffedbec97a3e4c95d73df618e259c218e4b590,1,4.0,105.0
1,keda-poisson-404-8d44f05f,000201,124.928084,2026-08-31T19:47:55.747+00:00,2026-08-31T19:47:51.965+00:00,2026-08-31T19:47:51.969+00:00,2026-08-31T19:47:51.969+00:00,2026-08-31T19:47:51.995+00:00,2026-08-31T19:47:51.995+00:00,0.025781,0.025837230999968597,sqs-worker-5986dcd897-x8rdl,ip-192-168-20-201.ec2.internal,7fdb850292c0253dd9df7d03c5595d728ef805904f6e15c69076dbb176511034,1,4.0,30.0
1,keda-poisson-404-8d44f05f,000202,126.200601,2026-08-31T19:47:57.020+00:00,2026-08-31T19:47:53.240+00:00,2026-08-31T19:47:53.244+00:00,2026-08-31T19:47:53.244+00:00,2026-08-31T19:47:53.527+00:00,2026-08-31T19:47:53.527+00:00,0.149894,0.28279560699957074,sqs-worker-5986dcd897-nd2br,ip-192-168-20-201.ec2.internal,a67747d36bf7d25c86e78d873a1a8fbcc6b0673fa6e3b3e01f678f3c17b01cbf,1,4.0,287.0
1,keda-poisson-404-8d44f05f,000203,126.540212,2026-08-31T19:47:57.359+00:00,2026-08-31T19:47:53.573+00:00,2026-08-31T19:47:53.576+00:00,2026-08-31T19:47:53.576+00:00,2026-08-31T19:47:53.920+00:00,2026-08-31T19:47:53.920+00:00,0.128709,0.34402745199986384,sqs-worker-5986dcd897-nd2br,ip-192-168-20-201.ec2.internal,fd0f00ad98b0c70652419ddeeefc26ef28f103c51def3294bcf9afb5f76d2c7e,1,3.0,347.0
1,keda-poisson-404-8d44f05f,000204,126.733835,2026-08-31T19:47:57.552+00:00,2026-08-31T19:47:53.768+00:00,2026-08-31T19:47:53.771+00:00,2026-08-31T19:47:53.771+00:00,2026-08-31T19:47:54.318+00:00,2026-08-31T19:47:54.318+00:00,0.237658,0.5465432279997913,sqs-worker-5986dcd897-x8rdl,ip-192-168-20-201.ec2.internal,7222e9dd084337fe022fc4c832c21f06864a7a04943d4f4427709cdd4a64f86d,1,3.0,550.0
1,keda-poisson-404-8d44f05f,000206,127.33067,2026-08-31T19:47:58.150+00:00,2026-08-31T19:47:54.365+00:00,2026-08-31T19:47:54.368+00:00,2026-08-31T19:47:54.368+00:00,2026-08-31T19:47:54.718+00:00,2026-08-31T19:47:54.718+00:00,0.155705,0.34949382900049386,sqs-worker-5986dcd897-x8rdl,ip-192-168-20-201.ec2.internal,3533beb3e7e564767ada50bf7709b94168ef9636528efc3497af9a7bdd7f3352,1,3.0,353.0
1,keda-poisson-404-8d44f05f,000207,127.562175,2026-08-31T19:47:58.381+00:00,2026-08-31T19:47:54.602+00:00,2026-08-31T19:47:54.753+00:00,2026-08-31T19:47:54.753+00:00,2026-08-31T19:47:55.298+00:00,2026-08-31T19:47:55.298+00:00,0.225008,0.5448259269996925,sqs-worker-5986dcd897-x8rdl,ip-192-168-20-201.ec2.internal,f0db7d5dc267c97e46d611c4b82be91104f5e47d2e602691d7f1db9eaf7647f6,1,151.0,696.0
1,keda-poisson-404-8d44f05f,000205,126.829227,2026-08-31T19:47:57.648+00:00,2026-08-31T19:47:53.863+00:00,2026-08-31T19:47:54.025+00:00,2026-08-31T19:47:54.025+00:00,2026-08-31T19:47:56.104+00:00,2026-08-31T19:47:56.104+00:00,0.378401,2.078982443001223,sqs-worker-5986dcd897-nd2br,ip-192-168-20-201.ec2.internal,3794ba0575c1bf0a062d343a26c28c741ade888a9d1757a1961f863a525b9b16,1,162.0,2241.0
1,keda-poisson-404-8d44f05f,000208,128.554827,2026-08-31T19:47:59.374+00:00,2026-08-31T19:47:55.589+00:00,2026-08-31T19:47:55.593+00:00,2026-08-31T19:47:55.593+00:00,2026-08-31T19:47:55.887+00:00,2026-08-31T19:47:55.887+00:00,0.124596,0.29427520999888657,sqs-worker-5986dcd897-x8rdl,ip-192-168-20-201.ec2.internal,72a85638d79c1e587bde072fec996bbed8981b66a0f51c7a352edb7671a6bc86,1,4.0,298.0
1,keda-poisson-404-8d44f05f,000209,128.954687,2026-08-31T19:47:59.773+00:00,2026-08-31T19:47:55.989+00:00,2026-08-31T19:47:55.992+00:00,2026-08-31T19:47:55.993+00:00,2026-08-31T19:47:56.317+00:00,2026-08-31T19:47:56.317+00:00,0.142326,0.32430767500045476,sqs-worker-5986dcd897-x8rdl,ip-192-168-20-201.ec2.internal,8d6237ed07bfbe60122c5db177b5ab3ac7b29c984a6ed709fbd13168ec398aa3,1,3.0,328.0
1,keda-poisson-404-8d44f05f,000210,129.037781,2026-08-31T19:47:59.856+00:00,2026-08-31T19:47:56.072+00:00,2026-08-31T19:47:56.120+00:00,2026-08-31T19:47:56.120+00:00,2026-08-31T19:47:56.513+00:00,2026-08-31T19:47:56.514+00:00,0.074598,0.3939387099999294,sqs-worker-5986dcd897-nd2br,ip-192-168-20-201.ec2.internal,8126bfac163953739917e9237f3a1f3d24bc829cd685ad488a3e90677b20c91f,1,48.0,441.0
1,keda-poisson-404-8d44f05f,000211,129.344111,2026-08-31T19:48:00.163+00:00,2026-08-31T19:47:56.385+00:00,2026-08-31T19:47:56.402+00:00,2026-08-31T19:47:56.402+00:00,2026-08-31T19:47:56.908+00:00,2026-08-31T19:47:56.908+00:00,0.225247,0.5059066960002383,sqs-worker-5986dcd897-x8rdl,ip-192-168-20-201.ec2.internal,306d54d27ce48d5aa7e21330851f2cfa715b23706bb0bcf85ed576911c312b75,1,17.0,523.0
1,keda-poisson-404-8d44f05f,000212,129.994748,2026-08-31T19:48:00.814+00:00,2026-08-31T19:47:57.034+00:00,2026-08-31T19:47:57.037+00:00,2026-08-31T19:47:57.038+00:00,2026-08-31T19:47:57.832+00:00,2026-08-31T19:47:57.832+00:00,0.355064,0.7948972129997856,sqs-worker-5986dcd897-nd2br,ip-192-168-20-201.ec2.internal,89d5f349231d5ac06d6332e7e98b2b0416ffca5c92ada38c36cdc9df66fb5c1a,1,3.0,798.0
1,keda-poisson-404-8d44f05f,000213,131.07544,2026-08-31T19:48:01.894+00:00,2026-08-31T19:47:58.112+00:00,2026-08-31T19:47:58.116+00:00,2026-08-31T19:47:58.116+00:00,2026-08-31T19:47:58.210+00:00,2026-08-31T19:47:58.210+00:00,0.067129,0.09359768000103941,sqs-worker-5986dcd897-x8rdl,ip-192-168-20-201.ec2.internal,e42d2c26fbf5e8a5f4f2fa200e32f119bcc9f4f96e50d87c00d1f5de2a56eff9,1,4.0,98.0
1,keda-poisson-404-8d44f05f,000215,131.861661,2026-08-31T19:48:02.680+00:00,2026-08-31T19:47:58.897+00:00,2026-08-31T19:47:58.901+00:00,2026-08-31T19:47:58.901+00:00,2026-08-31T19:47:59.006+00:00,2026-08-31T19:47:59.006+00:00,0.0622,0.1047723589999805,sqs-worker-5986dcd897-x8rdl,ip-192-168-20-201.ec2.internal,6a1bc454cf5355194174e88e7f1c30d304c163185ec63cfe2eb7f98cc7c4cb97,1,4.0,109.0
1,keda-poisson-404-8d44f05f,000214,131.799767,2026-08-31T19:48:02.619+00:00,2026-08-31T19:47:58.835+00:00,2026-08-31T19:47:58.839+00:00,2026-08-31T19:47:58.839+00:00,2026-08-31T19:47:59.220+00:00,2026-08-31T19:47:59.220+00:00,0.183432,0.38077978500041354,sqs-worker-5986dcd897-nd2br,ip-192-168-20-201.ec2.internal,b0714562300271c95a4e59eb52cfe91e4f5aed1d27b0f98a5b1832a1a9e15c8e,1,4.0,385.0
1,keda-poisson-404-8d44f05f,000216,132.717068,2026-08-31T19:48:03.536+00:00,2026-08-31T19:47:59.752+00:00,2026-08-31T19:47:59.756+00:00,2026-08-31T19:47:59.756+00:00,2026-08-31T19:48:00.019+00:00,2026-08-31T19:48:00.019+00:00,0.140571,0.2622903999999835,sqs-worker-5986dcd897-nd2br,ip-192-168-20-201.ec2.internal,6a25a61b2ed26ecbe22135a5969866545ab69a7622c3267974daf0efc7373aa7,1,4.0,267.0
1,keda-poisson-404-8d44f05f,000217,133.323844,2026-08-31T19:48:04.143+00:00,2026-08-31T19:48:00.357+00:00,2026-08-31T19:48:00.361+00:00,2026-08-31T19:48:00.361+00:00,2026-08-31T19:48:00.395+00:00,2026-08-31T19:48:00.395+00:00,0.010391,0.03417295400140574,sqs-worker-5986dcd897-x8rdl,ip-192-168-20-201.ec2.internal,c8369b1025441b08bb95847119b6bccf0f509c3f0f5d9c83a11f94eff9757670,1,4.0,38.0
1,keda-poisson-404-8d44f05f,000218,134.224572,2026-08-31T19:48:05.044+00:00,2026-08-31T19:48:01.259+00:00,2026-08-31T19:48:01.264+00:00,2026-08-31T19:48:01.264+00:00,2026-08-31T19:48:01.806+00:00,2026-08-31T19:48:01.806+00:00,0.243916,0.5420285199998034,sqs-worker-5986dcd897-nd2br,ip-192-168-20-201.ec2.internal,bf247b3b1232f2645bd36c7dd0dda3984f4c1e4d9027c9c64a9de41b0d78a746,1,5.0,547.0
1,keda-poisson-404-8d44f05f,000219,134.669968,2026-08-31T19:48:05.489+00:00,2026-08-31T19:48:01.707+00:00,2026-08-31T19:48:01.711+00:00,2026-08-31T19:48:01.711+00:00,2026-08-31T19:48:02.083+00:00,2026-08-31T19:48:02.083+00:00,0.160583,0.3727690249997977,sqs-worker-5986dcd897-x8rdl,ip-192-168-20-201.ec2.internal,229769c42fcd8a118033557ad30f441c4ab529eeaa9395b570bbbe7287b841c8,1,4.0,376.0
1,keda-poisson-404-8d44f05f,000220,136.64437,2026-08-31T19:48:07.464+00:00,2026-08-31T19:48:03.679+00:00,2026-08-31T19:48:03.683+00:00,2026-08-31T19:48:03.683+00:00,2026-08-31T19:48:03.698+00:00,2026-08-31T19:48:03.698+00:00,0.01501,0.015057724998769118,sqs-worker-5986dcd897-x8rdl,ip-192-168-20-201.ec2.internal,8a3d5db85d31bef3be770ab7421e9c1357d38ab38c810170dcc3d03a76e6c513,1,4.0,19.0
1,keda-poisson-404-8d44f05f,000222,137.593411,2026-08-31T19:48:08.412+00:00,2026-08-31T19:48:04.628+00:00,2026-08-31T19:48:04.631+00:00,2026-08-31T19:48:04.631+00:00,2026-08-31T19:48:05.318+00:00,2026-08-31T19:48:05.318+00:00,0.310821,0.6865611049997824,sqs-worker-5986dcd897-x8rdl,ip-192-168-20-201.ec2.internal,0eb2302cac77c95bd1f15902a9aa79a0bcc231d1e31e450f61f9be9d2263abb2,1,3.0,690.0
1,keda-poisson-404-8d44f05f,000221,137.146205,2026-08-31T19:48:07.965+00:00,2026-08-31T19:48:04.179+00:00,2026-08-31T19:48:04.184+00:00,2026-08-31T19:48:04.184+00:00,2026-08-31T19:48:05.284+00:00,2026-08-31T19:48:05.285+00:00,0.197734,1.10024685299868,sqs-worker-5986dcd897-nd2br,ip-192-168-20-201.ec2.internal,3d403c4fcb3e65472448845f6614cb81f81f2e052678b364d1b21536c5e91db2,1,5.0,1105.0
1,keda-poisson-404-8d44f05f,000223,139.595638,2026-08-31T19:48:10.416+00:00,2026-08-31T19:48:06.631+00:00,2026-08-31T19:48:06.637+00:00,2026-08-31T19:48:06.637+00:00,2026-08-31T19:48:06.716+00:00,2026-08-31T19:48:06.716+00:00,0.058778,0.07923495300019567,sqs-worker-5986dcd897-nd2br,ip-192-168-20-201.ec2.internal,f0fcc4b614fd52f4f79911a0ab70fd3a72b84ffdae537644e69416a60765d8d6,1,6.0,85.0
1,keda-poisson-404-8d44f05f,000224,140.124104,2026-08-31T19:48:10.943+00:00,2026-08-31T19:48:07.163+00:00,2026-08-31T19:48:07.167+00:00,2026-08-31T19:48:07.167+00:00,2026-08-31T19:48:07.197+00:00,2026-08-31T19:48:07.197+00:00,0.029596,0.029648755999005516,sqs-worker-5986dcd897-nd2br,ip-192-168-20-201.ec2.internal,4d89cdc6bd08ab833fce42521e38057343d5d83a5d895cc94cdb4a0bbfc90aa0,1,4.0,34.0
1,keda-poisson-404-8d44f05f,000225,140.925872,2026-08-31T19:48:11.745+00:00,2026-08-31T19:48:07.962+00:00,2026-08-31T19:48:07.965+00:00,2026-08-31T19:48:07.965+00:00,2026-08-31T19:48:07.980+00:00,2026-08-31T19:48:07.980+00:00,0.014973,0.015011289999165456,sqs-worker-5986dcd897-x8rdl,ip-192-168-20-201.ec2.internal,76652cf1be5c492c7140b5ecdfa2c3442e87611e830c5a7c17923e8c048d877f,1,3.0,18.0
1,keda-poisson-404-8d44f05f,000226,141.719913,2026-08-31T19:48:12.539+00:00,2026-08-31T19:48:08.759+00:00,2026-08-31T19:48:08.763+00:00,2026-08-31T19:48:08.763+00:00,2026-08-31T19:48:08.900+00:00,2026-08-31T19:48:08.900+00:00,0.078155,0.13747139999941282,sqs-worker-5986dcd897-nd2br,ip-192-168-20-201.ec2.internal,0309ed60330b1f732df437ade8574ace42148d5559067114cf7dacfc028465a5,1,4.0,141.0
1,keda-poisson-404-8d44f05f,000227,143.08048,2026-08-31T19:48:13.900+00:00,2026-08-31T19:48:10.115+00:00,2026-08-31T19:48:10.187+00:00,2026-08-31T19:48:10.187+00:00,2026-08-31T19:48:10.689+00:00,2026-08-31T19:48:10.689+00:00,0.114385,0.5028538939986902,sqs-worker-5986dcd897-x8rdl,ip-192-168-20-201.ec2.internal,144b9fe6745786fbb3e7cabc21e8b0f364525458e2984ca7affd79aca16a2779,1,72.0,574.0
1,keda-poisson-404-8d44f05f,000228,143.913668,2026-08-31T19:48:14.733+00:00,2026-08-31T19:48:10.947+00:00,2026-08-31T19:48:10.950+00:00,2026-08-31T19:48:10.950+00:00,2026-08-31T19:48:11.217+00:00,2026-08-31T19:48:11.217+00:00,0.139532,0.2669950510007766,sqs-worker-5986dcd897-nd2br,ip-192-168-20-201.ec2.internal,71b9df9106246ee9b0e8586254a2549d79bcab041277c8e15eb33e6aa0ef066c,1,3.0,270.0
1,keda-poisson-404-8d44f05f,000230,144.311588,2026-08-31T19:48:15.130+00:00,2026-08-31T19:48:11.347+00:00,2026-08-31T19:48:11.350+00:00,2026-08-31T19:48:11.350+00:00,2026-08-31T19:48:11.358+00:00,2026-08-31T19:48:11.358+00:00,0.007331,0.00736920400049712,sqs-worker-5986dcd897-nd2br,ip-192-168-20-201.ec2.internal,69d332042b4db65eb19585a32cde5967d27591af44f98c99fe61f8e0cd1f07f0,1,3.0,11.0
1,keda-poisson-404-8d44f05f,000231,144.465194,2026-08-31T19:48:15.284+00:00,2026-08-31T19:48:11.497+00:00,2026-08-31T19:48:11.520+00:00,2026-08-31T19:48:11.520+00:00,2026-08-31T19:48:11.531+00:00,2026-08-31T19:48:11.531+00:00,0.010641,0.01072277499952179,sqs-worker-5986dcd897-nd2br,ip-192-168-20-201.ec2.internal,20b0647a9db7ab74e6d1b4e67c25a46b29c101b37638769022490582f1ee8a10,1,23.0,34.0
1,keda-poisson-404-8d44f05f,000229,144.101744,2026-08-31T19:48:14.920+00:00,2026-08-31T19:48:11.135+00:00,2026-08-31T19:48:11.187+00:00,2026-08-31T19:48:11.187+00:00,2026-08-31T19:48:12.410+00:00,2026-08-31T19:48:12.410+00:00,0.489367,1.2236814620009682,sqs-worker-5986dcd897-x8rdl,ip-192-168-20-201.ec2.internal,076f2db8d6efd86e5d0d66e3823b6bc593c9be38e7eb1f644222671e4f89ee05,1,52.0,1275.0
1,keda-poisson-404-8d44f05f,000232,145.109954,2026-08-31T19:48:15.929+00:00,2026-08-31T19:48:12.146+00:00,2026-08-31T19:48:12.151+00:00,2026-08-31T19:48:12.151+00:00,2026-08-31T19:48:13.029+00:00,2026-08-31T19:48:13.029+00:00,0.39179,0.8781385949987452,sqs-worker-5986dcd897-nd2br,ip-192-168-20-201.ec2.internal,b83bdb3a09b2403d8aabaeb576adfb60a40e89fc8d28d7462537bc4ab04ea739,1,5.0,883.0
1,keda-poisson-404-8d44f05f,000233,146.035281,2026-08-31T19:48:16.854+00:00,2026-08-31T19:48:13.067+00:00,2026-08-31T19:48:13.070+00:00,2026-08-31T19:48:13.070+00:00,2026-08-31T19:48:13.987+00:00,2026-08-31T19:48:13.987+00:00,0.378329,0.916869250999298,sqs-worker-5986dcd897-x8rdl,ip-192-168-20-201.ec2.internal,3ab530f9a5eee6238ebeaaa382b9b06be47744472206effe9dd20fb7f2c05577,1,3.0,920.0
1,keda-poisson-404-8d44f05f,000235,147.866523,2026-08-31T19:48:18.685+00:00,2026-08-31T19:48:14.900+00:00,2026-08-31T19:48:14.903+00:00,2026-08-31T19:48:14.903+00:00,2026-08-31T19:48:14.929+00:00,2026-08-31T19:48:14.929+00:00,0.023981,0.025562904000253184,sqs-worker-5986dcd897-x8rdl,ip-192-168-20-201.ec2.internal,1a770a200a337da63a727dd322245a32e8da7e7abd23be58c4318f7864fe04a9,1,3.0,29.0
1,keda-poisson-404-8d44f05f,000234,147.570615,2026-08-31T19:48:18.391+00:00,2026-08-31T19:48:14.606+00:00,2026-08-31T19:48:14.613+00:00,2026-08-31T19:48:14.613+00:00,2026-08-31T19:48:15.380+00:00,2026-08-31T19:48:15.380+00:00,0.152182,0.766838772000483,sqs-worker-5986dcd897-nd2br,ip-192-168-20-201.ec2.internal,cc460b1d6f40f25c17b9550053de9040b1b8f5570365dea0cc421a354f449976,1,7.0,774.0
1,keda-poisson-404-8d44f05f,000236,148.962025,2026-08-31T19:48:19.782+00:00,2026-08-31T19:48:15.996+00:00,2026-08-31T19:48:16.001+00:00,2026-08-31T19:48:16.001+00:00,2026-08-31T19:48:16.197+00:00,2026-08-31T19:48:16.197+00:00,0.094979,0.1962891760013008,sqs-worker-5986dcd897-x8rdl,ip-192-168-20-201.ec2.internal,171ee0d4ae6a7bd1eae760278e6cff16363882038fbf259d02ef73ab79ad6592,1,5.0,201.0
1,keda-poisson-404-8d44f05f,000237,149.603522,2026-08-31T19:48:20.422+00:00,2026-08-31T19:48:16.649+00:00,2026-08-31T19:48:16.684+00:00,2026-08-31T19:48:16.684+00:00,2026-08-31T19:48:16.802+00:00,2026-08-31T19:48:16.802+00:00,0.059219,0.11742471700017632,sqs-worker-5986dcd897-x8rdl,ip-192-168-20-201.ec2.internal,d2841fdc0a764423b3376f9d514929afb6ef516fb28e82343ce8e4df1a95053f,1,35.0,153.0
1,keda-poisson-404-8d44f05f,000238,149.677541,2026-08-31T19:48:20.496+00:00,2026-08-31T19:48:16.713+00:00,2026-08-31T19:48:16.717+00:00,2026-08-31T19:48:16.717+00:00,2026-08-31T19:48:16.899+00:00,2026-08-31T19:48:16.899+00:00,0.082236,0.1826735609993193,sqs-worker-5986dcd897-nd2br,ip-192-168-20-201.ec2.internal,3d91bb36794a386479aa597c2194b0b74735a416e01ef12ce4e36cb7d79efe12,1,4.0,186.0
1,keda-poisson-404-8d44f05f,000239,150.41212,2026-08-31T19:48:21.231+00:00,2026-08-31T19:48:17.444+00:00,2026-08-31T19:48:17.449+00:00,2026-08-31T19:48:17.449+00:00,2026-08-31T19:48:17.812+00:00,2026-08-31T19:48:17.812+00:00,0.188512,0.3638573150001321,sqs-worker-5986dcd897-x8rdl,ip-192-168-20-201.ec2.internal,62035de44c61c0d5f39b0615a635cfe5e18b275b682a5864fdcb4486cf0f3f36,1,5.0,368.0
1,keda-poisson-404-8d44f05f,000240,153.404546,2026-08-31T19:48:24.226+00:00,2026-08-31T19:48:20.439+00:00,2026-08-31T19:48:20.443+00:00,2026-08-31T19:48:20.443+00:00,2026-08-31T19:48:20.787+00:00,2026-08-31T19:48:20.787+00:00,0.062358,0.3439349720010796,sqs-worker-5986dcd897-x8rdl,ip-192-168-20-201.ec2.internal,3f32861eb898ce6477a5e3a02bec42dd2bbe1089426bba041831d552041f1fa8,1,4.0,348.0
1,keda-poisson-404-8d44f05f,000241,153.43103,2026-08-31T19:48:24.249+00:00,2026-08-31T19:48:20.463+00:00,2026-08-31T19:48:20.824+00:00,2026-08-31T19:48:20.824+00:00,2026-08-31T19:48:21.713+00:00,2026-08-31T19:48:21.713+00:00,0.288212,0.8897709709999617,sqs-worker-5986dcd897-x8rdl,ip-192-168-20-201.ec2.internal,4d9abac8d334dfa777fba7a3b21d33bc343b2d6e18afdbab55b87d2e868bca20,1,361.0,1250.0
1,keda-poisson-404-8d44f05f,000242,154.394096,2026-08-31T19:48:25.212+00:00,2026-08-31T19:48:21.428+00:00,2026-08-31T19:48:21.788+00:00,2026-08-31T19:48:21.788+00:00,2026-08-31T19:48:22.076+00:00,2026-08-31T19:48:22.076+00:00,0.11856,0.2882125179985451,sqs-worker-5986dcd897-x8rdl,ip-192-168-20-201.ec2.internal,9f65e64c0c2add587b412f42aed252c255cd67b276b452ef78e5b0bd2fe0aef9,1,360.0,648.0
1,keda-poisson-404-8d44f05f,000243,154.699324,2026-08-31T19:48:25.516+00:00,2026-08-31T19:48:21.735+00:00,2026-08-31T19:48:22.186+00:00,2026-08-31T19:48:22.186+00:00,2026-08-31T19:48:23.106+00:00,2026-08-31T19:48:23.106+00:00,0.383189,0.9209388429990213,sqs-worker-5986dcd897-x8rdl,ip-192-168-20-201.ec2.internal,3d83d9fd9c5a4220d7fbcc35eb3c6898bdafb6ab034002b871c82adf39b346b3,1,451.0,1371.0
1,keda-poisson-404-8d44f05f,000244,155.321034,2026-08-31T19:48:26.139+00:00,2026-08-31T19:48:22.353+00:00,2026-08-31T19:48:23.340+00:00,2026-08-31T19:48:23.340+00:00,2026-08-31T19:48:23.502+00:00,2026-08-31T19:48:23.502+00:00,0.067829,0.1624287689992343,sqs-worker-5986dcd897-x8rdl,ip-192-168-20-201.ec2.internal,3e2df2799c35a1f5372f64dafba406a81b26b9372eb841b712ae29f66b709754,1,987.0,1149.0
1,keda-poisson-404-8d44f05f,000245,155.370776,2026-08-31T19:48:26.188+00:00,2026-08-31T19:48:22.403+00:00,2026-08-31T19:48:23.136+00:00,2026-08-31T19:48:23.136+00:00,2026-08-31T19:48:23.310+00:00,2026-08-31T19:48:23.310+00:00,0.079137,0.17337359200064384,sqs-worker-5986dcd897-x8rdl,ip-192-168-20-201.ec2.internal,1fae960998efe32026ff20ce75ad88aab0abb4c904e3b34d8d78eab023d590f3,1,733.0,907.0
1,keda-poisson-404-8d44f05f,000246,156.348045,2026-08-31T19:48:27.166+00:00,2026-08-31T19:48:23.380+00:00,2026-08-31T19:48:23.533+00:00,2026-08-31T19:48:23.533+00:00,2026-08-31T19:48:23.801+00:00,2026-08-31T19:48:23.801+00:00,0.11428,0.2672384960005729,sqs-worker-5986dcd897-x8rdl,ip-192-168-20-201.ec2.internal,7c52ee93c9abddeefdcc2c09c704116af8fb16b5b58c99e423232d23973b6dc3,1,153.0,421.0
1,keda-poisson-404-8d44f05f,000247,157.020753,2026-08-31T19:48:27.838+00:00,2026-08-31T19:48:24.053+00:00,2026-08-31T19:48:24.057+00:00,2026-08-31T19:48:24.057+00:00,2026-08-31T19:48:24.694+00:00,2026-08-31T19:48:24.694+00:00,0.279953,0.6371902749997389,sqs-worker-5986dcd897-x8rdl,ip-192-168-20-201.ec2.internal,4d9a30a8b15922a6375781a989b26bf072d64f007617ca5893d753d181839b93,1,4.0,641.0
1,keda-poisson-404-8d44f05f,000248,157.146053,2026-08-31T19:48:27.963+00:00,2026-08-31T19:48:24.179+00:00,2026-08-31T19:48:24.713+00:00,2026-08-31T19:48:24.713+00:00,2026-08-31T19:48:24.794+00:00,2026-08-31T19:48:24.794+00:00,0.036558,0.08099448599932657,sqs-worker-5986dcd897-x8rdl,ip-192-168-20-201.ec2.internal,6576df8ed6a4b590709eb68e9ae2640b49a60b6ce1c5bb63c1a87b7ac3dea1c9,1,534.0,615.0
1,keda-poisson-404-8d44f05f,000249,157.517921,2026-08-31T19:48:28.335+00:00,2026-08-31T19:48:24.556+00:00,2026-08-31T19:48:24.829+00:00,2026-08-31T19:48:24.829+00:00,2026-08-31T19:48:25.099+00:00,2026-08-31T19:48:25.099+00:00,0.120922,0.27024231500035967,sqs-worker-5986dcd897-x8rdl,ip-192-168-20-201.ec2.internal,3420a5cb33342a3554ea7a12d92098d2e87ecafaed2b979fe85f78d7dc3bf603,1,273.0,543.0
1,keda-poisson-404-8d44f05f,000250,158.783041,2026-08-31T19:48:29.600+00:00,2026-08-31T19:48:25.815+00:00,2026-08-31T19:48:25.820+00:00,2026-08-31T19:48:25.820+00:00,2026-08-31T19:48:26.217+00:00,2026-08-31T19:48:26.217+00:00,0.194273,0.39632759999949485,sqs-worker-5986dcd897-x8rdl,ip-192-168-20-201.ec2.internal,20786ef004dcc04999483407ff91aedd249af7c503536524034044448bae6227,1,5.0,402.0
1,keda-poisson-404-8d44f05f,000251,159.337523,2026-08-31T19:48:30.155+00:00,2026-08-31T19:48:26.369+00:00,2026-08-31T19:48:26.372+00:00,2026-08-31T19:48:26.373+00:00,2026-08-31T19:48:26.902+00:00,2026-08-31T19:48:26.902+00:00,0.232914,0.5291921150001144,sqs-worker-5986dcd897-x8rdl,ip-192-168-20-201.ec2.internal,efd417690363e288ae71d984fabfb5ff4690e00a07e50cfcacb234caf59282aa,1,3.0,533.0
1,keda-poisson-404-8d44f05f,000252,159.620281,2026-08-31T19:48:30.437+00:00,2026-08-31T19:48:26.654+00:00,2026-08-31T19:48:26.932+00:00,2026-08-31T19:48:26.932+00:00,2026-08-31T19:48:27.808+00:00,2026-08-31T19:48:27.808+00:00,0.361879,0.875781853999797,sqs-worker-5986dcd897-x8rdl,ip-192-168-20-201.ec2.internal,c0c107f0171ae860d01ec5c1982320af7c801b0c7ceecf3c39c20495e954e74f,1,278.0,1154.0
1,keda-poisson-404-8d44f05f,000253,159.768838,2026-08-31T19:48:30.586+00:00,2026-08-31T19:48:26.804+00:00,2026-08-31T19:48:27.885+00:00,2026-08-31T19:48:27.885+00:00,2026-08-31T19:48:28.595+00:00,2026-08-31T19:48:28.595+00:00,0.291933,0.7101464580009633,sqs-worker-5986dcd897-x8rdl,ip-192-168-20-201.ec2.internal,4abcbb24f94eee1b8c593423417ccd0da286052a45dcc476a96633b60656ba74,1,1081.0,1791.0
1,keda-poisson-404-8d44f05f,000254,161.894678,2026-08-31T19:48:32.712+00:00,2026-08-31T19:48:28.927+00:00,2026-08-31T19:48:28.930+00:00,2026-08-31T19:48:28.930+00:00,2026-08-31T19:48:29.594+00:00,2026-08-31T19:48:29.594+00:00,0.291344,0.6637542879998364,sqs-worker-5986dcd897-x8rdl,ip-192-168-20-201.ec2.internal,ace0666f4e2a891cf53d3dc7e4a99411a577aaaa139dc14e3a0351e2a0c1cd80,1,3.0,667.0
1,keda-poisson-404-8d44f05f,000255,161.903561,2026-08-31T19:48:32.720+00:00,2026-08-31T19:48:28.940+00:00,2026-08-31T19:48:29.613+00:00,2026-08-31T19:48:29.613+00:00,2026-08-31T19:48:30.899+00:00,2026-08-31T19:48:30.899+00:00,0.278978,1.2867515279995132,sqs-worker-5986dcd897-x8rdl,ip-192-168-20-201.ec2.internal,fabe7741943f974351ef3cb3d4d70e319ac54ab839b707ee37c96a49ebbe4ce8,1,673.0,1959.0
1,keda-poisson-404-8d44f05f,000256,164.331985,2026-08-31T19:48:35.151+00:00,2026-08-31T19:48:31.368+00:00,2026-08-31T19:48:31.372+00:00,2026-08-31T19:48:31.372+00:00,2026-08-31T19:48:31.792+00:00,2026-08-31T19:48:31.792+00:00,0.080556,0.4202957150009752,sqs-worker-5986dcd897-x8rdl,ip-192-168-20-201.ec2.internal,7618466d79f1b28dcbe115b9f6554eafea1b86b2a81105ce0f40856cb97b953a,1,4.0,424.0
1,keda-poisson-404-8d44f05f,000257,164.992812,2026-08-31T19:48:35.810+00:00,2026-08-31T19:48:32.027+00:00,2026-08-31T19:48:32.030+00:00,2026-08-31T19:48:32.030+00:00,2026-08-31T19:48:32.035+00:00,2026-08-31T19:48:32.035+00:00,0.005,0.005037835999246454,sqs-worker-5986dcd897-x8rdl,ip-192-168-20-201.ec2.internal,bf3679360425bf4e8db6577e4cc38e2b1c59eb577f83be7de4f8632df6a3eec5,1,3.0,8.0
1,keda-poisson-404-8d44f05f,000258,165.233792,2026-08-31T19:48:36.051+00:00,2026-08-31T19:48:32.269+00:00,2026-08-31T19:48:32.275+00:00,2026-08-31T19:48:32.275+00:00,2026-08-31T19:48:32.293+00:00,2026-08-31T19:48:32.293+00:00,0.017686,0.017728210001223488,sqs-worker-5986dcd897-x8rdl,ip-192-168-20-201.ec2.internal,85ec480213a44c7403745eb343abbb22b25090bb8caa06e7868f371d3209fe38,1,6.0,24.0
1,keda-poisson-404-8d44f05f,000259,165.413268,2026-08-31T19:48:36.230+00:00,2026-08-31T19:48:32.448+00:00,2026-08-31T19:48:32.453+00:00,2026-08-31T19:48:32.453+00:00,2026-08-31T19:48:32.692+00:00,2026-08-31T19:48:32.692+00:00,0.122965,0.2389901499991538,sqs-worker-5986dcd897-x8rdl,ip-192-168-20-201.ec2.internal,0c37e9cb48ce0fc78059aa936eed89b13237673dcefb711adf766e0c3e4d6960,1,5.0,244.0
1,keda-poisson-404-8d44f05f,000260,165.83244,2026-08-31T19:48:36.650+00:00,2026-08-31T19:48:32.865+00:00,2026-08-31T19:48:32.875+00:00,2026-08-31T19:48:32.875+00:00,2026-08-31T19:48:34.282+00:00,2026-08-31T19:48:34.282+00:00,0.568185,1.407452163999551,sqs-worker-5986dcd897-x8rdl,ip-192-168-20-201.ec2.internal,d6c063864586e59c71c5642c56f1c97f6f3ce2137092e94ddd8e51a8fe2cb51e,1,10.0,1417.0
1,keda-poisson-404-8d44f05f,000261,166.727309,2026-08-31T19:48:37.545+00:00,2026-08-31T19:48:33.761+00:00,2026-08-31T19:48:34.304+00:00,2026-08-31T19:48:34.304+00:00,2026-08-31T19:48:35.376+00:00,2026-08-31T19:48:35.376+00:00,0.429455,1.0717473389995575,sqs-worker-5986dcd897-x8rdl,ip-192-168-20-201.ec2.internal,1b41c7a189f169c99da46c33e5124b159d39ad20d5bcd33140a2ea5ca4373e41,1,543.0,1615.0
1,keda-poisson-404-8d44f05f,000262,166.90181,2026-08-31T19:48:37.719+00:00,2026-08-31T19:48:33.939+00:00,2026-08-31T19:48:35.393+00:00,2026-08-31T19:48:35.393+00:00,2026-08-31T19:48:37.796+00:00,2026-08-31T19:48:37.796+00:00,0.976332,2.403495667000243,sqs-worker-5986dcd897-x8rdl,ip-192-168-20-201.ec2.internal,111b93b94260617ea9f6a18f3873a73a8100e015bdcbadad6b11c43ca15b4f5c,1,1454.0,3857.0
1,keda-poisson-404-8d44f05f,000263,167.018103,2026-08-31T19:48:37.845+00:00,2026-08-31T19:48:34.071+00:00,2026-08-31T19:48:37.819+00:00,2026-08-31T19:48:37.819+00:00,2026-08-31T19:48:39.678+00:00,2026-08-31T19:48:39.678+00:00,0.737984,1.8590151150001475,sqs-worker-5986dcd897-x8rdl,ip-192-168-20-201.ec2.internal,47e0a71f273f5846ea12338521ac2d523d7582aef491e5785f81dd09d2f85828,1,3748.0,5607.0
1,keda-poisson-404-8d44f05f,000267,170.583844,2026-08-31T19:48:41.402+00:00,2026-08-31T19:48:37.628+00:00,2026-08-31T19:48:39.695+00:00,2026-08-31T19:48:39.695+00:00,2026-08-31T19:48:42.480+00:00,2026-08-31T19:48:42.480+00:00,0.515399,2.7849251330007974,sqs-worker-5986dcd897-x8rdl,ip-192-168-20-201.ec2.internal,0ac80f33b56b2043bb956967af571f284c334622d07c7c1cb003cfb82bcc18b4,1,2067.0,4852.0
1,keda-poisson-404-8d44f05f,000264,168.865309,2026-08-31T19:48:39.684+00:00,2026-08-31T19:48:35.899+00:00,2026-08-31T19:48:42.496+00:00,2026-08-31T19:48:42.496+00:00,2026-08-31T19:48:43.300+00:00,2026-08-31T19:48:43.300+00:00,0.335087,0.8038642270003038,sqs-worker-5986dcd897-x8rdl,ip-192-168-20-201.ec2.internal,d66314fc55799d5c33f969159c395f20efd3bef908704abfc359cc428ebf9b12,1,6597.0,7401.0
1,keda-poisson-404-8d44f05f,000271,171.569646,2026-08-31T19:48:42.387+00:00,2026-08-31T19:48:39.400+00:00,2026-08-31T19:48:43.314+00:00,2026-08-31T19:48:43.314+00:00,2026-08-31T19:48:43.882+00:00,2026-08-31T19:48:43.882+00:00,0.219003,0.567888657000367,sqs-worker-5986dcd897-x8rdl,ip-192-168-20-201.ec2.internal,3c36f2a61e601d8cac80159a5f14c7509b56bee31cf454151fd89e26cedd36ff,1,3914.0,4482.0
1,keda-poisson-404-8d44f05f,000276,175.027619,2026-08-31T19:48:45.846+00:00,2026-08-31T19:48:42.059+00:00,2026-08-31T19:48:43.900+00:00,2026-08-31T19:48:43.900+00:00,2026-08-31T19:48:44.298+00:00,2026-08-31T19:48:44.298+00:00,0.171492,0.3979697289996693,sqs-worker-5986dcd897-x8rdl,ip-192-168-20-201.ec2.internal,1a1a2a657d15aa0707dadf374914abf8078045dbcc442cfe5af842e9274116f7,1,1841.0,2239.0
1,keda-poisson-404-8d44f05f,000268,170.844969,2026-08-31T19:48:41.662+00:00,2026-08-31T19:48:37.876+00:00,2026-08-31T19:48:44.312+00:00,2026-08-31T19:48:44.312+00:00,2026-08-31T19:48:44.482+00:00,2026-08-31T19:48:44.482+00:00,0.059664,0.17010830100116436,sqs-worker-5986dcd897-x8rdl,ip-192-168-20-201.ec2.internal,a8728dde33fe8f27f05c9b6c00c2bab90fa39c20c9b1bd2c425613a814072c7e,1,6436.0,6606.0
1,keda-poisson-404-8d44f05f,000270,171.503235,2026-08-31T19:48:42.320+00:00,2026-08-31T19:48:38.537+00:00,2026-08-31T19:48:44.538+00:00,2026-08-31T19:48:44.538+00:00,2026-08-31T19:48:46.895+00:00,2026-08-31T19:48:46.896+00:00,0.968883,2.357675670999015,sqs-worker-5986dcd897-x8rdl,ip-192-168-20-201.ec2.internal,daba1b3735402f8e6a797d6cbe78c6b5503bc946bf8abf4edb3d264c7616f5a5,1,6001.0,8358.0
1,keda-poisson-404-8d44f05f,000265,168.887472,2026-08-31T19:48:39.705+00:00,2026-08-31T19:48:36.470+00:00,2026-08-31T19:48:46.910+00:00,2026-08-31T19:48:46.910+00:00,2026-08-31T19:48:47.782+00:00,2026-08-31T19:48:47.782+00:00,0.342695,0.8721893050005747,sqs-worker-5986dcd897-x8rdl,ip-192-168-20-201.ec2.internal,198b7ecc7840f28acff7d2bfc5af57848521b66601ab762852b1798d9365132d,1,10440.0,11312.0
1,keda-poisson-404-8d44f05f,000273,173.337652,2026-08-31T19:48:44.155+00:00,2026-08-31T19:48:40.910+00:00,2026-08-31T19:48:47.797+00:00,2026-08-31T19:48:47.797+00:00,2026-08-31T19:48:48.785+00:00,2026-08-31T19:48:48.785+00:00,0.399046,0.9882110210000974,sqs-worker-5986dcd897-x8rdl,ip-192-168-20-201.ec2.internal,077107aa4112c2fadcfbe194cd63385c384a28d4cdf14701fe403cf66fa0c972,1,6887.0,7875.0
1,keda-poisson-404-8d44f05f,000279,176.718247,2026-08-31T19:48:47.536+00:00,2026-08-31T19:48:43.754+00:00,2026-08-31T19:48:48.802+00:00,2026-08-31T19:48:48.802+00:00,2026-08-31T19:48:48.807+00:00,2026-08-31T19:48:48.807+00:00,0.005,0.0050333879989921115,sqs-worker-5986dcd897-x8rdl,ip-192-168-20-201.ec2.internal,243c2b2da3470c41a260f613dd00bdf7ce76f0286dc914116042e4ec8346462b,1,5048.0,5053.0
1,keda-poisson-404-8d44f05f,000266,169.393538,2026-08-31T19:48:40.211+00:00,2026-08-31T19:48:36.426+00:00,2026-08-31T19:48:48.847+00:00,2026-08-31T19:48:48.847+00:00,2026-08-31T19:48:49.799+00:00,2026-08-31T19:48:49.799+00:00,0.369649,0.9525379859987879,sqs-worker-5986dcd897-x8rdl,ip-192-168-20-201.ec2.internal,eb6236422759a06f9635c7cc1adaffe7ac49d2217c88a1b6edbd0b2764d85fbf,1,12421.0,13373.0
1,keda-poisson-404-8d44f05f,000280,176.897282,2026-08-31T19:48:47.714+00:00,2026-08-31T19:48:43.930+00:00,2026-08-31T19:48:49.889+00:00,2026-08-31T19:48:49.889+00:00,2026-08-31T19:48:50.400+00:00,2026-08-31T19:48:50.400+00:00,0.099511,0.5110657919994992,sqs-worker-5986dcd897-x8rdl,ip-192-168-20-201.ec2.internal,e7796c80709de131426fd8da8b7f26033ba3591d5a9b6cb39fe34b21a040c3b7,1,5959.0,6470.0
1,keda-poisson-404-8d44f05f,000275,173.974294,2026-08-31T19:48:44.791+00:00,2026-08-31T19:48:41.007+00:00,2026-08-31T19:48:50.495+00:00,2026-08-31T19:48:50.495+00:00,2026-08-31T19:48:51.483+00:00,2026-08-31T19:48:51.483+00:00,0.170041,0.9879389289999381,sqs-worker-5986dcd897-x8rdl,ip-192-168-20-201.ec2.internal,5466483527b4e9ee011340305a398ddeee1b54be108b3188dda5c1311429c5e3,1,9488.0,10476.0
1,keda-poisson-404-8d44f05f,000278,175.829992,2026-08-31T19:48:46.647+00:00,2026-08-31T19:48:42.867+00:00,2026-08-31T19:48:51.505+00:00,2026-08-31T19:48:51.505+00:00,2026-08-31T19:48:52.302+00:00,2026-08-31T19:48:52.302+00:00,0.15178,0.7974708279998595,sqs-worker-5986dcd897-x8rdl,ip-192-168-20-201.ec2.internal,b805bcd42b07370523c43f858d434f4d47fc4ef8fed34c6724b0a3135b61cc20,1,8638.0,9435.0
1,keda-poisson-404-8d44f05f,000283,179.173838,2026-08-31T19:48:49.993+00:00,2026-08-31T19:48:46.212+00:00,2026-08-31T19:48:52.379+00:00,2026-08-31T19:48:52.379+00:00,2026-08-31T19:48:52.389+00:00,2026-08-31T19:48:52.389+00:00,0.009902,0.009940681999069056,sqs-worker-5986dcd897-x8rdl,ip-192-168-20-201.ec2.internal,6971d29621cb4dd9dd027fd7f7e3ed788daaa0c3a38436c9780b57e064477229,1,6167.0,6177.0
1,keda-poisson-404-8d44f05f,000269,171.443565,2026-08-31T19:48:42.261+00:00,2026-08-31T19:48:38.476+00:00,2026-08-31T19:48:52.404+00:00,2026-08-31T19:48:52.404+00:00,2026-08-31T19:48:52.411+00:00,2026-08-31T19:48:52.411+00:00,0.006631,0.00666076200104726,sqs-worker-5986dcd897-x8rdl,ip-192-168-20-201.ec2.internal,b605c3195c0223571610e14927b5704dcd47c53e96c4ddbb20b1bcc51e173550,1,13928.0,13935.0
1,keda-poisson-404-8d44f05f,000274,173.74094,2026-08-31T19:48:44.558+00:00,2026-08-31T19:48:40.779+00:00,2026-08-31T19:48:52.426+00:00,2026-08-31T19:48:52.426+00:00,2026-08-31T19:48:52.819+00:00,2026-08-31T19:48:52.819+00:00,0.172071,0.39288693600065017,sqs-worker-5986dcd897-x8rdl,ip-192-168-20-201.ec2.internal,46e82d77ba36fe2e587030df52b1b15b152be9449f1e4162e67e117850315e08,1,11647.0,12040.0
1,keda-poisson-404-8d44f05f,000277,175.464035,2026-08-31T19:48:46.284+00:00,2026-08-31T19:48:42.499+00:00,2026-08-31T19:48:52.894+00:00,2026-08-31T19:48:52.894+00:00,2026-08-31T19:48:53.501+00:00,2026-08-31T19:48:53.501+00:00,0.256216,0.607295690000683,sqs-worker-5986dcd897-x8rdl,ip-192-168-20-201.ec2.internal,c681c8abc4ecc2ba4b946a72081ae4f83eb396fe13ddcd6b8d72089a4e8e3062,1,10395.0,11002.0
1,keda-poisson-404-8d44f05f,000272,172.752005,2026-08-31T19:48:43.570+00:00,2026-08-31T19:48:39.782+00:00,2026-08-31T19:48:53.532+00:00,2026-08-31T19:48:53.532+00:00,2026-08-31T19:48:53.599+00:00,2026-08-31T19:48:53.599+00:00,0.034042,0.06725605399878987,sqs-worker-5986dcd897-x8rdl,ip-192-168-20-201.ec2.internal,75ba8062f9f66b9f17cfbf2d6ae3fd3a88ee74523ac4d7bbfbe314935fa6f948,1,13750.0,13817.0
1,keda-poisson-404-8d44f05f,000282,177.700527,2026-08-31T19:48:48.518+00:00,2026-08-31T19:48:44.740+00:00,2026-08-31T19:48:53.619+00:00,2026-08-31T19:48:53.619+00:00,2026-08-31T19:48:53.909+00:00,2026-08-31T19:48:53.909+00:00,0.12642,0.289832917998865,sqs-worker-5986dcd897-x8rdl,ip-192-168-20-201.ec2.internal,33ba1f0068a335171be894b2915021c961a64f442140a89ed79f613403c61cd5,1,8879.0,9169.0
1,keda-poisson-404-8d44f05f,000281,177.515438,2026-08-31T19:48:48.333+00:00,2026-08-31T19:48:44.547+00:00,2026-08-31T19:48:53.926+00:00,2026-08-31T19:48:53.926+00:00,2026-08-31T19:48:54.714+00:00,2026-08-31T19:48:54.714+00:00,0.320812,0.7886592710001423,sqs-worker-5986dcd897-x8rdl,ip-192-168-20-201.ec2.internal,14f7a0dd64350561942ff0ff19deb92239d489cdcde861f68af668bc017f2fa3,1,9379.0,10167.0
