schema_version,experiment_id,job_id,trace_offset_s,producer_sent_at,sqs_sent_at,worker_received_at,processing_started_at,processing_finished_at,result_sent_at,service_cpu_seconds,processing_wall_seconds,pod_name,node_name,digest,receive_count,queue_wait_ms,end_to_end_ms
1,hpa-mmpp-101-ffb11a1d,000000,0.479442,2026-08-31T18:46:18.770+00:00,2026-08-31T18:46:15.068+00:00,2026-08-31T18:46:15.075+00:00,2026-08-31T18:46:15.075+00:00,2026-08-31T18:46:15.384+00:00,2026-08-31T18:46:15.384+00:00,0.129847,0.3087433799992141,sqs-worker-5986dcd897-x8rdl,ip-192-168-20-201.ec2.internal,f6018802364d83ccfa50d7d2fb21f6066d6804c9ac77126d1b6a45f7dc0b0c14,1,7.0,316.0
1,hpa-mmpp-101-ffb11a1d,000002,0.923828,2026-08-31T18:46:19.214+00:00,2026-08-31T18:46:15.515+00:00,2026-08-31T18:46:15.519+00:00,2026-08-31T18:46:15.519+00:00,2026-08-31T18:46:15.534+00:00,2026-08-31T18:46:15.534+00:00,0.013638,0.014713894000124128,sqs-worker-5986dcd897-x8rdl,ip-192-168-20-201.ec2.internal,dff63180ca648d2e01ed1163c8827c6bd683608557645986d550cd387fd18425,1,4.0,19.0
1,hpa-mmpp-101-ffb11a1d,000001,0.616,2026-08-31T18:46:18.906+00:00,2026-08-31T18:46:15.709+00:00,2026-08-31T18:46:15.713+00:00,2026-08-31T18:46:15.713+00:00,2026-08-31T18:46:17.597+00:00,2026-08-31T18:46:17.597+00:00,0.773882,1.883718650999981,sqs-worker-5986dcd897-x8rdl,ip-192-168-20-201.ec2.internal,beb17a4f554c160974bc6505cdaf9e632147692ee1a667cec99667728ad2cbc1,1,4.0,1888.0
1,hpa-mmpp-101-ffb11a1d,000008,2.136846,2026-08-31T18:46:20.427+00:00,2026-08-31T18:46:16.722+00:00,2026-08-31T18:46:17.615+00:00,2026-08-31T18:46:17.615+00:00,2026-08-31T18:46:18.212+00:00,2026-08-31T18:46:18.212+00:00,0.251471,0.5968223889994988,sqs-worker-5986dcd897-x8rdl,ip-192-168-20-201.ec2.internal,3d04f4154189e7c8e91fa879046918e75b5b46683273e2f51592b496e63c66c3,1,893.0,1490.0
1,hpa-mmpp-101-ffb11a1d,000005,1.378936,2026-08-31T18:46:19.669+00:00,2026-08-31T18:46:15.977+00:00,2026-08-31T18:46:18.259+00:00,2026-08-31T18:46:18.259+00:00,2026-08-31T18:46:18.297+00:00,2026-08-31T18:46:18.297+00:00,0.019922,0.03729968999959965,sqs-worker-5986dcd897-x8rdl,ip-192-168-20-201.ec2.internal,2bcf2ac8a46b8225cfd253608da3ed56d500090d251446b360c89c81841c2ea1,1,2282.0,2320.0
1,hpa-mmpp-101-ffb11a1d,000003,0.989841,2026-08-31T18:46:19.280+00:00,2026-08-31T18:46:16.100+00:00,2026-08-31T18:46:18.317+00:00,2026-08-31T18:46:18.317+00:00,2026-08-31T18:46:19.495+00:00,2026-08-31T18:46:19.495+00:00,0.474336,1.1774276169999212,sqs-worker-5986dcd897-x8rdl,ip-192-168-20-201.ec2.internal,bfb1d17e3ff856804746ef0557709a209628e302f75b732e0c6ea9ee3a513e82,1,2217.0,3395.0
1,hpa-mmpp-101-ffb11a1d,000014,3.719717,2026-08-31T18:46:22.010+00:00,2026-08-31T18:46:18.305+00:00,2026-08-31T18:46:19.512+00:00,2026-08-31T18:46:19.512+00:00,2026-08-31T18:46:19.532+00:00,2026-08-31T18:46:19.532+00:00,0.019499,0.01956069799962279,sqs-worker-5986dcd897-x8rdl,ip-192-168-20-201.ec2.internal,d56404853cffc27904f4fe0b99b3c215577558670d3c7306b168a3816065c469,1,1207.0,1227.0
1,hpa-mmpp-101-ffb11a1d,000011,3.349175,2026-08-31T18:46:21.639+00:00,2026-08-31T18:46:17.936+00:00,2026-08-31T18:46:19.548+00:00,2026-08-31T18:46:19.548+00:00,2026-08-31T18:46:20.185+00:00,2026-08-31T18:46:20.185+00:00,0.137286,0.6374493509993044,sqs-worker-5986dcd897-x8rdl,ip-192-168-20-201.ec2.internal,f72c79ac327e165b10c6ec8694a23a86e0c0283ef6a18ca8f4d7b3f083e19024,1,1612.0,2249.0
1,hpa-mmpp-101-ffb11a1d,000006,1.586427,2026-08-31T18:46:19.876+00:00,2026-08-31T18:46:16.173+00:00,2026-08-31T18:46:20.202+00:00,2026-08-31T18:46:20.202+00:00,2026-08-31T18:46:20.293+00:00,2026-08-31T18:46:20.293+00:00,0.024536,0.09155463700062683,sqs-worker-5986dcd897-x8rdl,ip-192-168-20-201.ec2.internal,c4007f54cf3340042e830c4b0a25476b730b640a41f30eb254cbcac58887814d,1,4029.0,4120.0
1,hpa-mmpp-101-ffb11a1d,000021,5.079026,2026-08-31T18:46:23.369+00:00,2026-08-31T18:46:19.665+00:00,2026-08-31T18:46:20.384+00:00,2026-08-31T18:46:20.384+00:00,2026-08-31T18:46:22.919+00:00,2026-08-31T18:46:22.919+00:00,0.543221,2.5353802060008093,sqs-worker-5986dcd897-x8rdl,ip-192-168-20-201.ec2.internal,4244dda0c1324fe6ad370c17f03965a476477d7542367384652d72a3ddbb2e66,1,719.0,3254.0
1,hpa-mmpp-101-ffb11a1d,000004,1.064353,2026-08-31T18:46:19.354+00:00,2026-08-31T18:46:16.176+00:00,2026-08-31T18:46:22.988+00:00,2026-08-31T18:46:22.988+00:00,2026-08-31T18:46:23.106+00:00,2026-08-31T18:46:23.106+00:00,0.062039,0.11804990299970086,sqs-worker-5986dcd897-x8rdl,ip-192-168-20-201.ec2.internal,c30140445909d8b1584be10dfe351be1a18cb2e1e314c95b39f268bc972ccea2,1,6812.0,6930.0
1,hpa-mmpp-101-ffb11a1d,000016,4.156632,2026-08-31T18:46:22.447+00:00,2026-08-31T18:46:18.740+00:00,2026-08-31T18:46:23.127+00:00,2026-08-31T18:46:23.127+00:00,2026-08-31T18:46:23.493+00:00,2026-08-31T18:46:23.493+00:00,0.144349,0.3664194059992951,sqs-worker-5986dcd897-x8rdl,ip-192-168-20-201.ec2.internal,d4352305e1d86757a2b36e6463eb7746b02df5b84272e43ae83617ca3f70292e,1,4387.0,4753.0
1,hpa-mmpp-101-ffb11a1d,000013,3.518008,2026-08-31T18:46:21.808+00:00,2026-08-31T18:46:18.103+00:00,2026-08-31T18:46:23.511+00:00,2026-08-31T18:46:23.511+00:00,2026-08-31T18:46:24.701+00:00,2026-08-31T18:46:24.701+00:00,0.482361,1.190585639999881,sqs-worker-5986dcd897-x8rdl,ip-192-168-20-201.ec2.internal,f5ad345eb1c327a1665112ff133c5fc21da60b44384d685ef481e5233d7fc986,1,5408.0,6598.0
1,hpa-mmpp-101-ffb11a1d,000007,1.921979,2026-08-31T18:46:20.212+00:00,2026-08-31T18:46:16.515+00:00,2026-08-31T18:46:24.718+00:00,2026-08-31T18:46:24.718+00:00,2026-08-31T18:46:25.013+00:00,2026-08-31T18:46:25.013+00:00,0.127701,0.29472959299982904,sqs-worker-5986dcd897-x8rdl,ip-192-168-20-201.ec2.internal,92a29873b6147504b3c0564f84cee55ed565b7659b1a16e81a6cd9c092b0a2f5,1,8203.0,8498.0
1,hpa-mmpp-101-ffb11a1d,000024,5.419192,2026-08-31T18:46:23.709+00:00,2026-08-31T18:46:20.005+00:00,2026-08-31T18:46:25.076+00:00,2026-08-31T18:46:25.076+00:00,2026-08-31T18:46:25.516+00:00,2026-08-31T18:46:25.516+00:00,0.193027,0.4395198160000291,sqs-worker-5986dcd897-x8rdl,ip-192-168-20-201.ec2.internal,740d6fa1bebc4838d70c3220f4a4c286d7b66195659bdfe735bd974b449e7e6c,1,5071.0,5511.0
1,hpa-mmpp-101-ffb11a1d,000019,4.586541,2026-08-31T18:46:22.876+00:00,2026-08-31T18:46:19.177+00:00,2026-08-31T18:46:25.533+00:00,2026-08-31T18:46:25.533+00:00,2026-08-31T18:46:25.685+00:00,2026-08-31T18:46:25.685+00:00,0.045573,0.15200816499964276,sqs-worker-5986dcd897-x8rdl,ip-192-168-20-201.ec2.internal,21de8a0dccabb1f92fc035f2825d90389e9ff21fa66e7dda5372c886c3c33080,1,6356.0,6508.0
1,hpa-mmpp-101-ffb11a1d,000025,5.438894,2026-08-31T18:46:23.729+00:00,2026-08-31T18:46:20.029+00:00,2026-08-31T18:46:25.707+00:00,2026-08-31T18:46:25.707+00:00,2026-08-31T18:46:25.807+00:00,2026-08-31T18:46:25.807+00:00,0.057569,0.0999256349996358,sqs-worker-5986dcd897-x8rdl,ip-192-168-20-201.ec2.internal,1ce0a08811fb47a788cc4b755bb2cacb7e0fec586c09fa3fa4700b4f80849d52,1,5678.0,5778.0
1,hpa-mmpp-101-ffb11a1d,000015,3.749829,2026-08-31T18:46:22.040+00:00,2026-08-31T18:46:18.346+00:00,2026-08-31T18:46:25.829+00:00,2026-08-31T18:46:25.830+00:00,2026-08-31T18:46:26.694+00:00,2026-08-31T18:46:26.694+00:00,0.343752,0.864242392000051,sqs-worker-5986dcd897-x8rdl,ip-192-168-20-201.ec2.internal,24ccca8146181f2c872ddae51a2cfaef3dbd331daea615879dd22417df39f012,1,7483.0,8348.0
1,hpa-mmpp-101-ffb11a1d,000009,2.365542,2026-08-31T18:46:20.655+00:00,2026-08-31T18:46:16.955+00:00,2026-08-31T18:46:26.714+00:00,2026-08-31T18:46:26.714+00:00,2026-08-31T18:46:26.728+00:00,2026-08-31T18:46:26.728+00:00,0.013846,0.013877964000130305,sqs-worker-5986dcd897-x8rdl,ip-192-168-20-201.ec2.internal,5e0f2b94747e4e970504fbd64b78e32b1345b8068aecc4e90877e4fd65ab98dd,1,9759.0,9773.0
1,hpa-mmpp-101-ffb11a1d,000017,4.408649,2026-08-31T18:46:22.698+00:00,2026-08-31T18:46:18.993+00:00,2026-08-31T18:46:26.744+00:00,2026-08-31T18:46:26.744+00:00,2026-08-31T18:46:26.803+00:00,2026-08-31T18:46:26.803+00:00,0.027515,0.0587249480004175,sqs-worker-5986dcd897-x8rdl,ip-192-168-20-201.ec2.internal,6e79e7a3a432aee364f76eaf86b34b2f7146dd796e237e468c72e2c1e5b6effb,1,7751.0,7810.0
1,hpa-mmpp-101-ffb11a1d,000010,2.902853,2026-08-31T18:46:21.193+00:00,2026-08-31T18:46:17.488+00:00,2026-08-31T18:46:27.202+00:00,2026-08-31T18:46:27.202+00:00,2026-08-31T18:46:27.315+00:00,2026-08-31T18:46:27.315+00:00,0.067149,0.11288309299925459,sqs-worker-5986dcd897-x8rdl,ip-192-168-20-201.ec2.internal,fbdf7e2829a892dc9a70f3154e181bc753866feed5003e851e45e2973825a629,1,9714.0,9827.0
1,hpa-mmpp-101-ffb11a1d,000023,5.29495,2026-08-31T18:46:23.585+00:00,2026-08-31T18:46:19.879+00:00,2026-08-31T18:46:26.829+00:00,2026-08-31T18:46:26.829+00:00,2026-08-31T18:46:27.109+00:00,2026-08-31T18:46:27.109+00:00,0.122512,0.2802710139994815,sqs-worker-5986dcd897-x8rdl,ip-192-168-20-201.ec2.internal,dbc0649cd166490cf08b11faf2e8d753c9828024c74781686f0358332bf991c2,1,6950.0,7230.0
1,hpa-mmpp-101-ffb11a1d,000026,5.452059,2026-08-31T18:46:23.742+00:00,2026-08-31T18:46:20.035+00:00,2026-08-31T18:46:27.502+00:00,2026-08-31T18:46:27.503+00:00,2026-08-31T18:46:27.885+00:00,2026-08-31T18:46:27.885+00:00,0.157318,0.3826176950005902,sqs-worker-5986dcd897-x8rdl,ip-192-168-20-201.ec2.internal,d824af50c1a7993b99ea35a1597ba0a03214b67c55c7bf77074c423cc1b089cf,1,7467.0,7850.0
1,hpa-mmpp-101-ffb11a1d,000027,5.710745,2026-08-31T18:46:24.001+00:00,2026-08-31T18:46:20.295+00:00,2026-08-31T18:46:27.125+00:00,2026-08-31T18:46:27.126+00:00,2026-08-31T18:46:27.184+00:00,2026-08-31T18:46:27.184+00:00,0.011145,0.058844582000347145,sqs-worker-5986dcd897-x8rdl,ip-192-168-20-201.ec2.internal,6175285f44e2612310f2024eae674998eb970cc94699833e4ee107c98525344a,1,6830.0,6889.0
1,hpa-mmpp-101-ffb11a1d,000018,4.480887,2026-08-31T18:46:22.771+00:00,2026-08-31T18:46:19.073+00:00,2026-08-31T18:46:27.354+00:00,2026-08-31T18:46:27.354+00:00,2026-08-31T18:46:27.415+00:00,2026-08-31T18:46:27.415+00:00,0.035424,0.060958394999943266,sqs-worker-5986dcd897-x8rdl,ip-192-168-20-201.ec2.internal,9e13588b8291fe0d3964be6f9a5e40e193005a8d52dab563e5c64f71d7e58dc0,1,8281.0,8342.0
1,hpa-mmpp-101-ffb11a1d,000012,3.412006,2026-08-31T18:46:21.702+00:00,2026-08-31T18:46:18.006+00:00,2026-08-31T18:46:27.902+00:00,2026-08-31T18:46:27.902+00:00,2026-08-31T18:46:29.406+00:00,2026-08-31T18:46:29.406+00:00,0.616851,1.5042900429998554,sqs-worker-5986dcd897-x8rdl,ip-192-168-20-201.ec2.internal,c813515b14812dac6dc9c3826ac1fff403cedde802045c856db829fd22020916,1,9896.0,11400.0
1,hpa-mmpp-101-ffb11a1d,000020,5.058973,2026-08-31T18:46:23.349+00:00,2026-08-31T18:46:19.647+00:00,2026-08-31T18:46:29.433+00:00,2026-08-31T18:46:29.433+00:00,2026-08-31T18:46:29.890+00:00,2026-08-31T18:46:29.890+00:00,0.141218,0.4570446690004246,sqs-worker-5986dcd897-x8rdl,ip-192-168-20-201.ec2.internal,99a9a93dd5e8ae98d0f50308dfe03f8589ad9d50e22e07958d224d9608db0a97,1,9786.0,10243.0
1,hpa-mmpp-101-ffb11a1d,000029,12.867435,2026-08-31T18:46:31.159+00:00,2026-08-31T18:46:27.452+00:00,2026-08-31T18:46:29.912+00:00,2026-08-31T18:46:29.912+00:00,2026-08-31T18:46:31.397+00:00,2026-08-31T18:46:31.397+00:00,0.299026,1.4850640249997014,sqs-worker-5986dcd897-x8rdl,ip-192-168-20-201.ec2.internal,726e4871772229c8cd2a111e0672e9504788971cff12378c4ae8adc3d8994293,1,2460.0,3945.0
1,hpa-mmpp-101-ffb11a1d,000022,5.252949,2026-08-31T18:46:23.543+00:00,2026-08-31T18:46:19.843+00:00,2026-08-31T18:46:31.497+00:00,2026-08-31T18:46:31.497+00:00,2026-08-31T18:46:32.385+00:00,2026-08-31T18:46:32.385+00:00,0.157511,0.8881678100005956,sqs-worker-5986dcd897-x8rdl,ip-192-168-20-201.ec2.internal,6d6485d7af2b627fda566e2838ebd6ad63dcc417bb0a4a7d3a99f09d9227d8c2,1,11654.0,12542.0
1,hpa-mmpp-101-ffb11a1d,000028,9.327793,2026-08-31T18:46:27.620+00:00,2026-08-31T18:46:23.919+00:00,2026-08-31T18:46:32.149+00:00,2026-08-31T18:46:32.149+00:00,2026-08-31T18:46:33.044+00:00,2026-08-31T18:46:33.044+00:00,0.196177,0.8948040850000325,sqs-worker-5986dcd897-6kkl7,ip-192-168-20-201.ec2.internal,c0d49a679b7e8d8065a808ddfa80c0a3eae1188702df7e03c53b512ad199f062,1,8230.0,9125.0
1,hpa-mmpp-101-ffb11a1d,000032,18.228369,2026-08-31T18:46:36.517+00:00,2026-08-31T18:46:32.811+00:00,2026-08-31T18:46:33.148+00:00,2026-08-31T18:46:33.148+00:00,2026-08-31T18:46:33.334+00:00,2026-08-31T18:46:33.334+00:00,0.029862,0.18581637700026477,sqs-worker-5986dcd897-6kkl7,ip-192-168-20-201.ec2.internal,16ae434a90cceb983616e1517c2e4c8b1e00ca4f2e03fe774da30c3d0834ce12,1,337.0,523.0
1,hpa-mmpp-101-ffb11a1d,000031,17.954208,2026-08-31T18:46:36.246+00:00,2026-08-31T18:46:32.541+00:00,2026-08-31T18:46:33.363+00:00,2026-08-31T18:46:33.363+00:00,2026-08-31T18:46:33.641+00:00,2026-08-31T18:46:33.642+00:00,0.053735,0.2789941320006619,sqs-worker-5986dcd897-6kkl7,ip-192-168-20-201.ec2.internal,39390a4770a7ec6fadeb8672a291982a7e9915f5390b7323640f1664e8f92ac4,1,822.0,1100.0
1,hpa-mmpp-101-ffb11a1d,000030,14.085886,2026-08-31T18:46:32.375+00:00,2026-08-31T18:46:28.669+00:00,2026-08-31T18:46:32.487+00:00,2026-08-31T18:46:32.487+00:00,2026-08-31T18:46:34.685+00:00,2026-08-31T18:46:34.685+00:00,0.860033,2.1987624329995015,sqs-worker-5986dcd897-x8rdl,ip-192-168-20-201.ec2.internal,49957af49044d0921f50c64c3e3c4cc3af6a9d3f0555facecae51899376db778,1,3818.0,6016.0
1,hpa-mmpp-101-ffb11a1d,000035,20.127946,2026-08-31T18:46:38.417+00:00,2026-08-31T18:46:34.712+00:00,2026-08-31T18:46:34.931+00:00,2026-08-31T18:46:34.931+00:00,2026-08-31T18:46:34.953+00:00,2026-08-31T18:46:34.953+00:00,0.021908,0.021943550999822037,sqs-worker-5986dcd897-6kkl7,ip-192-168-20-201.ec2.internal,29ef6a7f9d0f4595807dffbd867ea19810d7c36a8f71cf1c8ef2946b9e67e52a,1,219.0,241.0
1,hpa-mmpp-101-ffb11a1d,000036,20.456968,2026-08-31T18:46:38.745+00:00,2026-08-31T18:46:35.039+00:00,2026-08-31T18:46:35.043+00:00,2026-08-31T18:46:35.043+00:00,2026-08-31T18:46:35.166+00:00,2026-08-31T18:46:35.166+00:00,0.076892,0.12281277100009902,sqs-worker-5986dcd897-6kkl7,ip-192-168-20-201.ec2.internal,f40ef05faffc04591e1ed3322c4a6927b05c3d087c04cbf859352e549037173b,1,4.0,127.0
1,hpa-mmpp-101-ffb11a1d,000037,20.898126,2026-08-31T18:46:39.187+00:00,2026-08-31T18:46:35.485+00:00,2026-08-31T18:46:35.496+00:00,2026-08-31T18:46:35.496+00:00,2026-08-31T18:46:35.535+00:00,2026-08-31T18:46:35.535+00:00,0.038378,0.03932670700032759,sqs-worker-5986dcd897-6kkl7,ip-192-168-20-201.ec2.internal,c1621785f09c1c6ca4c8dedc8883cf098eac187d6288620249f3ea5d8746681a,1,11.0,50.0
1,hpa-mmpp-101-ffb11a1d,000033,19.451003,2026-08-31T18:46:37.740+00:00,2026-08-31T18:46:34.035+00:00,2026-08-31T18:46:34.040+00:00,2026-08-31T18:46:34.040+00:00,2026-08-31T18:46:34.762+00:00,2026-08-31T18:46:34.762+00:00,0.193926,0.7220589949993155,sqs-worker-5986dcd897-6kkl7,ip-192-168-20-201.ec2.internal,37c2792ad762dabf3d56c46fea067afa2f80d81ce22c215b4957f7ccef6d1e8e,1,5.0,727.0
1,hpa-mmpp-101-ffb11a1d,000038,20.917866,2026-08-31T18:46:39.206+00:00,2026-08-31T18:46:35.503+00:00,2026-08-31T18:46:35.570+00:00,2026-08-31T18:46:35.570+00:00,2026-08-31T18:46:36.033+00:00,2026-08-31T18:46:36.033+00:00,0.197662,0.46313845299937384,sqs-worker-5986dcd897-6kkl7,ip-192-168-20-201.ec2.internal,0e4d11493be066dae6115506e2442efa3a9156a8f5da774ec277e6b6494ded9b,1,67.0,530.0
1,hpa-mmpp-101-ffb11a1d,000042,21.267616,2026-08-31T18:46:39.556+00:00,2026-08-31T18:46:35.866+00:00,2026-08-31T18:46:36.046+00:00,2026-08-31T18:46:36.046+00:00,2026-08-31T18:46:36.268+00:00,2026-08-31T18:46:36.268+00:00,0.108857,0.22171927399995184,sqs-worker-5986dcd897-6kkl7,ip-192-168-20-201.ec2.internal,57c8782e31322ccff1709673f1a04912c9939fbf85f3ca0cb52f804cde1ca0a1,1,180.0,402.0
1,hpa-mmpp-101-ffb11a1d,000034,19.620454,2026-08-31T18:46:37.909+00:00,2026-08-31T18:46:34.205+00:00,2026-08-31T18:46:34.703+00:00,2026-08-31T18:46:34.703+00:00,2026-08-31T18:46:36.574+00:00,2026-08-31T18:46:36.574+00:00,0.752102,1.8716014479996375,sqs-worker-5986dcd897-x8rdl,ip-192-168-20-201.ec2.internal,e69d98315c6567ef9ce4cfa5b6c664ecaca258a00f556691b208066777554ebd,1,498.0,2369.0
1,hpa-mmpp-101-ffb11a1d,000041,21.260349,2026-08-31T18:46:39.548+00:00,2026-08-31T18:46:35.846+00:00,2026-08-31T18:46:36.594+00:00,2026-08-31T18:46:36.594+00:00,2026-08-31T18:46:36.703+00:00,2026-08-31T18:46:36.703+00:00,0.056344,0.10870901599992067,sqs-worker-5986dcd897-x8rdl,ip-192-168-20-201.ec2.internal,cea4df25593761bbcb106df6522865c1243d645a7b0daccd10c8ed5f3c2cefad,1,748.0,857.0
1,hpa-mmpp-101-ffb11a1d,000039,21.182299,2026-08-31T18:46:39.471+00:00,2026-08-31T18:46:35.771+00:00,2026-08-31T18:46:37.411+00:00,2026-08-31T18:46:37.411+00:00,2026-08-31T18:46:37.822+00:00,2026-08-31T18:46:37.822+00:00,0.184197,0.41087472699928185,sqs-worker-5986dcd897-x8rdl,ip-192-168-20-201.ec2.internal,d11282aef704f74928994ed7a1d3deb780c2c1348d3f5dae8b4112c05517c740,1,1640.0,2051.0
1,hpa-mmpp-101-ffb11a1d,000045,22.298886,2026-08-31T18:46:40.587+00:00,2026-08-31T18:46:36.883+00:00,2026-08-31T18:46:37.660+00:00,2026-08-31T18:46:37.660+00:00,2026-08-31T18:46:38.153+00:00,2026-08-31T18:46:38.153+00:00,0.201619,0.49275841300004686,sqs-worker-5986dcd897-6kkl7,ip-192-168-20-201.ec2.internal,1ddaf0e4cc3c24aad8d127fd0f86a87504da7ccb86adb893a47463677199a4ab,1,777.0,1270.0
1,hpa-mmpp-101-ffb11a1d,000043,21.810703,2026-08-31T18:46:40.099+00:00,2026-08-31T18:46:36.395+00:00,2026-08-31T18:46:36.722+00:00,2026-08-31T18:46:36.722+00:00,2026-08-31T18:46:36.819+00:00,2026-08-31T18:46:36.819+00:00,0.052545,0.09694101699915336,sqs-worker-5986dcd897-x8rdl,ip-192-168-20-201.ec2.internal,a520deb5392fd9371d9fa4311175e0f1e6d120b6a99902268aea210968f1617d,1,327.0,424.0
1,hpa-mmpp-101-ffb11a1d,000044,22.175556,2026-08-31T18:46:40.464+00:00,2026-08-31T18:46:36.766+00:00,2026-08-31T18:46:36.883+00:00,2026-08-31T18:46:36.883+00:00,2026-08-31T18:46:37.392+00:00,2026-08-31T18:46:37.392+00:00,0.20925,0.5088237330000993,sqs-worker-5986dcd897-x8rdl,ip-192-168-20-201.ec2.internal,64ea20728be91686bdd0c4efa6cc968ef1ca18029fc973ae510b9842860c7e94,1,117.0,626.0
1,hpa-mmpp-101-ffb11a1d,000040,21.204094,2026-08-31T18:46:39.492+00:00,2026-08-31T18:46:35.784+00:00,2026-08-31T18:46:36.342+00:00,2026-08-31T18:46:36.342+00:00,2026-08-31T18:46:37.647+00:00,2026-08-31T18:46:37.647+00:00,0.535045,1.3058424189994184,sqs-worker-5986dcd897-6kkl7,ip-192-168-20-201.ec2.internal,7358927d3b90371a4b031e83d8e96c9ba4a4a85d0ae6f7ac1444e2883bedc992,1,558.0,1863.0
1,hpa-mmpp-101-ffb11a1d,000049,23.319221,2026-08-31T18:46:41.608+00:00,2026-08-31T18:46:37.905+00:00,2026-08-31T18:46:38.251+00:00,2026-08-31T18:46:38.251+00:00,2026-08-31T18:46:38.342+00:00,2026-08-31T18:46:38.342+00:00,0.044679,0.09180762600044545,sqs-worker-5986dcd897-6kkl7,ip-192-168-20-201.ec2.internal,f4cb61033484a3fca0df58f30ff1a05e90f9cf0e6500b54cbb68902f073a82e2,1,346.0,437.0
1,hpa-mmpp-101-ffb11a1d,000047,22.935169,2026-08-31T18:46:41.224+00:00,2026-08-31T18:46:37.519+00:00,2026-08-31T18:46:37.895+00:00,2026-08-31T18:46:37.895+00:00,2026-08-31T18:46:38.111+00:00,2026-08-31T18:46:38.111+00:00,0.106118,0.21577980300025956,sqs-worker-5986dcd897-x8rdl,ip-192-168-20-201.ec2.internal,80a2204230be034cdfb674ae09b86b4769da876de3f0873339a505c587ccb9f5,1,376.0,592.0
1,hpa-mmpp-101-ffb11a1d,000050,23.42752,2026-08-31T18:46:41.716+00:00,2026-08-31T18:46:38.017+00:00,2026-08-31T18:46:38.375+00:00,2026-08-31T18:46:38.375+00:00,2026-08-31T18:46:38.565+00:00,2026-08-31T18:46:38.565+00:00,0.09814,0.18964876199970604,sqs-worker-5986dcd897-6kkl7,ip-192-168-20-201.ec2.internal,aeba5de1401bc7863e949141c64752693c7b7d18aed0fda66411f5494628f2bc,1,358.0,548.0
1,hpa-mmpp-101-ffb11a1d,000046,22.580897,2026-08-31T18:46:40.869+00:00,2026-08-31T18:46:37.165+00:00,2026-08-31T18:46:38.126+00:00,2026-08-31T18:46:38.126+00:00,2026-08-31T18:46:38.606+00:00,2026-08-31T18:46:38.606+00:00,0.189332,0.48051809899970976,sqs-worker-5986dcd897-x8rdl,ip-192-168-20-201.ec2.internal,31d1c6b61573eb970db7d2a3ddca14abbcf41f177fa7d33e82f7c9da5c1522e1,1,961.0,1441.0
1,hpa-mmpp-101-ffb11a1d,000048,23.087047,2026-08-31T18:46:41.375+00:00,2026-08-31T18:46:37.673+00:00,2026-08-31T18:46:38.168+00:00,2026-08-31T18:46:38.168+00:00,2026-08-31T18:46:38.234+00:00,2026-08-31T18:46:38.234+00:00,0.016731,0.06583338899963564,sqs-worker-5986dcd897-6kkl7,ip-192-168-20-201.ec2.internal,9d0ad219a471f77aa36cc0bbd07645db841a6fa699ec314b0c3a41569908faf1,1,495.0,561.0
1,hpa-mmpp-101-ffb11a1d,000052,25.946649,2026-08-31T18:46:44.235+00:00,2026-08-31T18:46:40.536+00:00,2026-08-31T18:46:40.540+00:00,2026-08-31T18:46:40.540+00:00,2026-08-31T18:46:40.545+00:00,2026-08-31T18:46:40.545+00:00,0.005,0.0050348179993306985,sqs-worker-5986dcd897-6kkl7,ip-192-168-20-201.ec2.internal,77d3fbee542dcb1570550a0378c8988b043c3a8e285e867e324bac1122bafc42,1,4.0,9.0
1,hpa-mmpp-101-ffb11a1d,000051,25.92229,2026-08-31T18:46:44.213+00:00,2026-08-31T18:46:40.515+00:00,2026-08-31T18:46:40.520+00:00,2026-08-31T18:46:40.520+00:00,2026-08-31T18:46:41.091+00:00,2026-08-31T18:46:41.091+00:00,0.111227,0.5716541439996945,sqs-worker-5986dcd897-x8rdl,ip-192-168-20-201.ec2.internal,e21dce53de4080fa53a8b0ca5d29eeae6d776b471cf0ac80bb052b37807c0de2,1,5.0,576.0
1,hpa-mmpp-101-ffb11a1d,000053,29.633041,2026-08-31T18:46:47.925+00:00,2026-08-31T18:46:44.221+00:00,2026-08-31T18:46:44.225+00:00,2026-08-31T18:46:44.225+00:00,2026-08-31T18:46:44.241+00:00,2026-08-31T18:46:44.241+00:00,0.015945,0.015993292000530346,sqs-worker-5986dcd897-x8rdl,ip-192-168-20-201.ec2.internal,f5978d56a485a48f380b3221c9760380917d22db5f0e5f6194c18268e1e291ef,1,4.0,20.0
1,hpa-mmpp-101-ffb11a1d,000054,31.363334,2026-08-31T18:46:49.653+00:00,2026-08-31T18:46:45.949+00:00,2026-08-31T18:46:45.953+00:00,2026-08-31T18:46:45.953+00:00,2026-08-31T18:46:46.688+00:00,2026-08-31T18:46:46.688+00:00,0.311575,0.7354264020004848,sqs-worker-5986dcd897-x8rdl,ip-192-168-20-201.ec2.internal,cb608081ed4fa976c78d2dd82109dafe6de7bf148fc30b2d47ff42c28872b870,1,4.0,739.0
1,hpa-mmpp-101-ffb11a1d,000056,32.784421,2026-08-31T18:46:51.074+00:00,2026-08-31T18:46:47.369+00:00,2026-08-31T18:46:47.396+00:00,2026-08-31T18:46:47.396+00:00,2026-08-31T18:46:47.717+00:00,2026-08-31T18:46:47.717+00:00,0.155408,0.3202823290002925,sqs-worker-5986dcd897-x8rdl,ip-192-168-20-201.ec2.internal,90eaeea18dbd9e050f4822f3d7e138506aa39adc34fa20cd23dd120c40215618,1,27.0,348.0
1,hpa-mmpp-101-ffb11a1d,000057,32.897823,2026-08-31T18:46:51.186+00:00,2026-08-31T18:46:47.481+00:00,2026-08-31T18:46:47.775+00:00,2026-08-31T18:46:47.775+00:00,2026-08-31T18:46:47.807+00:00,2026-08-31T18:46:47.807+00:00,0.013804,0.03218039899911673,sqs-worker-5986dcd897-x8rdl,ip-192-168-20-201.ec2.internal,15a79eefeeb829b3be202ba29ced5a8f6911ab8f21b62925519974c0a11a218d,1,294.0,326.0
1,hpa-mmpp-101-ffb11a1d,000055,31.372156,2026-08-31T18:46:49.660+00:00,2026-08-31T18:46:45.961+00:00,2026-08-31T18:46:45.967+00:00,2026-08-31T18:46:45.967+00:00,2026-08-31T18:46:48.369+00:00,2026-08-31T18:46:48.369+00:00,0.987815,2.4022792709993155,sqs-worker-5986dcd897-6kkl7,ip-192-168-20-201.ec2.internal,32f54577b5a78c4d1a9310c0d1bdb3818dae11dfd1bfb63221f7d6e9109aa6cf,1,6.0,2408.0
1,hpa-mmpp-101-ffb11a1d,000058,33.762317,2026-08-31T18:46:52.051+00:00,2026-08-31T18:46:48.347+00:00,2026-08-31T18:46:48.356+00:00,2026-08-31T18:46:48.356+00:00,2026-08-31T18:46:49.140+00:00,2026-08-31T18:46:49.140+00:00,0.154427,0.7833923100006359,sqs-worker-5986dcd897-hmbgr,ip-192-168-20-201.ec2.internal,7ebaed221ad713d887584726f73287a12c2b84b37565f50e08d9d7c4398ea7c0,1,9.0,793.0
1,hpa-mmpp-101-ffb11a1d,000061,34.621053,2026-08-31T18:46:52.909+00:00,2026-08-31T18:46:49.203+00:00,2026-08-31T18:46:49.217+00:00,2026-08-31T18:46:49.217+00:00,2026-08-31T18:46:49.499+00:00,2026-08-31T18:46:49.499+00:00,0.1421,0.28218929800004844,sqs-worker-5986dcd897-x8rdl,ip-192-168-20-201.ec2.internal,0a77fc11d51d83a18992cded1a9bd7ea7a5ebbcb774c88c49dfe78aaf77db202,1,14.0,296.0
1,hpa-mmpp-101-ffb11a1d,000060,34.614536,2026-08-31T18:46:52.903+00:00,2026-08-31T18:46:49.199+00:00,2026-08-31T18:46:49.202+00:00,2026-08-31T18:46:49.202+00:00,2026-08-31T18:46:49.262+00:00,2026-08-31T18:46:49.262+00:00,0.045966,0.05993415500051924,sqs-worker-5986dcd897-6kkl7,ip-192-168-20-201.ec2.internal,1005a20474d900b9794f4985e63cdcb41894b26a4aad85f38d8dccff857dcf77,1,3.0,63.0
1,hpa-mmpp-101-ffb11a1d,000059,34.609684,2026-08-31T18:46:52.899+00:00,2026-08-31T18:46:49.193+00:00,2026-08-31T18:46:49.197+00:00,2026-08-31T18:46:49.197+00:00,2026-08-31T18:46:49.843+00:00,2026-08-31T18:46:49.843+00:00,0.275382,0.6458415180004522,sqs-worker-5986dcd897-gm4bq,ip-192-168-20-201.ec2.internal,5b615e2c4faac965aa2caae290d42c50e5d6669d429af4f29bfd44c37b4b4a5f,1,4.0,650.0
1,hpa-mmpp-101-ffb11a1d,000064,35.216102,2026-08-31T18:46:53.504+00:00,2026-08-31T18:46:49.805+00:00,2026-08-31T18:46:49.808+00:00,2026-08-31T18:46:49.808+00:00,2026-08-31T18:46:49.818+00:00,2026-08-31T18:46:49.818+00:00,0.009784,0.009850909999840951,sqs-worker-5986dcd897-x8rdl,ip-192-168-20-201.ec2.internal,e85884592c7759b0a4f85d246e8cec129e5f9d7a79b4e6cb4b5c34257582adfe,1,3.0,13.0
1,hpa-mmpp-101-ffb11a1d,000063,35.075961,2026-08-31T18:46:53.364+00:00,2026-08-31T18:46:49.657+00:00,2026-08-31T18:46:49.667+00:00,2026-08-31T18:46:49.667+00:00,2026-08-31T18:46:50.337+00:00,2026-08-31T18:46:50.338+00:00,0.283481,0.6708638679992873,sqs-worker-5986dcd897-hmbgr,ip-192-168-20-201.ec2.internal,cbf60fea5babb6e6fe2749af85fabdf25e8acbfb02397b6b45313aa3a0dedddd,1,10.0,680.0
1,hpa-mmpp-101-ffb11a1d,000062,34.911146,2026-08-31T18:46:53.200+00:00,2026-08-31T18:46:49.493+00:00,2026-08-31T18:46:49.496+00:00,2026-08-31T18:46:49.496+00:00,2026-08-31T18:46:49.749+00:00,2026-08-31T18:46:49.749+00:00,0.126576,0.25288017100047,sqs-worker-5986dcd897-6kkl7,ip-192-168-20-201.ec2.internal,abfd2ff71dcd072a8ace40802809c20b54bad112fce281e68c51701b11c98461,1,3.0,256.0
1,hpa-mmpp-101-ffb11a1d,000066,35.50374,2026-08-31T18:46:53.792+00:00,2026-08-31T18:46:50.085+00:00,2026-08-31T18:46:50.089+00:00,2026-08-31T18:46:50.089+00:00,2026-08-31T18:46:50.103+00:00,2026-08-31T18:46:50.103+00:00,0.013908,0.013979686999846308,sqs-worker-5986dcd897-6kkl7,ip-192-168-20-201.ec2.internal,3203358315682517d2514fe14eec341f084a5e31c5681ffd842822027588ad1b,1,4.0,18.0
1,hpa-mmpp-101-ffb11a1d,000067,35.815935,2026-08-31T18:46:54.104+00:00,2026-08-31T18:46:50.399+00:00,2026-08-31T18:46:50.403+00:00,2026-08-31T18:46:50.403+00:00,2026-08-31T18:46:50.984+00:00,2026-08-31T18:46:50.984+00:00,0.108292,0.5804782369996246,sqs-worker-5986dcd897-x8rdl,ip-192-168-20-201.ec2.internal,966d70e1ddd055dc3ae991efa742edba5ae4447e920b50b5f550fe5c9ea86c21,1,4.0,585.0
1,hpa-mmpp-101-ffb11a1d,000069,36.671774,2026-08-31T18:46:54.960+00:00,2026-08-31T18:46:51.258+00:00,2026-08-31T18:46:51.261+00:00,2026-08-31T18:46:51.261+00:00,2026-08-31T18:46:51.294+00:00,2026-08-31T18:46:51.294+00:00,0.025189,0.03365116300028603,sqs-worker-5986dcd897-6kkl7,ip-192-168-20-201.ec2.internal,a0f22a40386e67bb9c5518296f14daf5018ee560588fd30ae7ba56c5166092d2,1,3.0,36.0
1,hpa-mmpp-101-ffb11a1d,000068,36.107068,2026-08-31T18:46:54.395+00:00,2026-08-31T18:46:50.693+00:00,2026-08-31T18:46:50.698+00:00,2026-08-31T18:46:50.698+00:00,2026-08-31T18:46:51.226+00:00,2026-08-31T18:46:51.226+00:00,0.22804,0.527913154000089,sqs-worker-5986dcd897-hmbgr,ip-192-168-20-201.ec2.internal,89cd77c4650b0a7820de864b08c3a74e75d0a1133abe350b82d9e71defd39aae,1,5.0,533.0
1,hpa-mmpp-101-ffb11a1d,000072,37.154408,2026-08-31T18:46:55.441+00:00,2026-08-31T18:46:51.741+00:00,2026-08-31T18:46:51.745+00:00,2026-08-31T18:46:51.745+00:00,2026-08-31T18:46:51.848+00:00,2026-08-31T18:46:51.848+00:00,0.055297,0.10315107299993542,sqs-worker-5986dcd897-hmbgr,ip-192-168-20-201.ec2.internal,dbe2fded07beda62c8c7f7a6fdacaf3aa1a7b6edc3c2cc01c129006c949a18bb,1,4.0,107.0
1,hpa-mmpp-101-ffb11a1d,000071,37.130614,2026-08-31T18:46:55.417+00:00,2026-08-31T18:46:51.715+00:00,2026-08-31T18:46:51.719+00:00,2026-08-31T18:46:51.719+00:00,2026-08-31T18:46:51.962+00:00,2026-08-31T18:46:51.962+00:00,0.111812,0.24240160299996205,sqs-worker-5986dcd897-gm4bq,ip-192-168-20-201.ec2.internal,8ca7460d744026a69263cea255de9575898a4633d8ff2e2dd3b90a2a24eb022c,1,4.0,247.0
1,hpa-mmpp-101-ffb11a1d,000075,37.808195,2026-08-31T18:46:56.095+00:00,2026-08-31T18:46:52.393+00:00,2026-08-31T18:46:52.399+00:00,2026-08-31T18:46:52.399+00:00,2026-08-31T18:46:52.570+00:00,2026-08-31T18:46:52.570+00:00,0.093723,0.1714767049998045,sqs-worker-5986dcd897-gm4bq,ip-192-168-20-201.ec2.internal,f08a2e448514efdea60138d2ea80723c943a623ed39ab9a5a3330b7fc0494af8,1,6.0,177.0
1,hpa-mmpp-101-ffb11a1d,000065,35.410493,2026-08-31T18:46:53.699+00:00,2026-08-31T18:46:49.995+00:00,2026-08-31T18:46:49.998+00:00,2026-08-31T18:46:49.998+00:00,2026-08-31T18:46:50.010+00:00,2026-08-31T18:46:50.010+00:00,0.011951,0.012117760999899474,sqs-worker-5986dcd897-gm4bq,ip-192-168-20-201.ec2.internal,02c2bc1421aabe55cd1f8999a984fc86c75c4e12bb91997714735d7e742abae2,1,3.0,15.0
1,hpa-mmpp-101-ffb11a1d,000070,37.00446,2026-08-31T18:46:55.291+00:00,2026-08-31T18:46:51.591+00:00,2026-08-31T18:46:51.596+00:00,2026-08-31T18:46:51.596+00:00,2026-08-31T18:46:52.342+00:00,2026-08-31T18:46:52.342+00:00,0.303731,0.7453118519997588,sqs-worker-5986dcd897-6kkl7,ip-192-168-20-201.ec2.internal,d93e4f0c6508213416c075a04a13e6b501e92eb1c2a0d419ee3448e3e7a36be8,1,5.0,751.0
1,hpa-mmpp-101-ffb11a1d,000073,37.327382,2026-08-31T18:46:55.614+00:00,2026-08-31T18:46:51.911+00:00,2026-08-31T18:46:51.923+00:00,2026-08-31T18:46:51.923+00:00,2026-08-31T18:46:52.811+00:00,2026-08-31T18:46:52.811+00:00,0.393493,0.8885835719993338,sqs-worker-5986dcd897-x8rdl,ip-192-168-20-201.ec2.internal,fbf755fbf8980478788bd3df51b516ac390d768e45eb6812477b1ea5fda756e8,1,12.0,900.0
1,hpa-mmpp-101-ffb11a1d,000080,38.466998,2026-08-31T18:46:56.754+00:00,2026-08-31T18:46:53.051+00:00,2026-08-31T18:46:53.059+00:00,2026-08-31T18:46:53.059+00:00,2026-08-31T18:46:53.264+00:00,2026-08-31T18:46:53.264+00:00,0.094303,0.2051309440003024,sqs-worker-5986dcd897-gm4bq,ip-192-168-20-201.ec2.internal,3e0084c4fe0a5d9d05a6f50e3daa35ebdc48b80112723f796b3e0b2df9467151,1,8.0,213.0
1,hpa-mmpp-101-ffb11a1d,000076,37.844434,2026-08-31T18:46:56.131+00:00,2026-08-31T18:46:52.428+00:00,2026-08-31T18:46:52.470+00:00,2026-08-31T18:46:52.470+00:00,2026-08-31T18:46:53.270+00:00,2026-08-31T18:46:53.270+00:00,0.158099,0.8005786630001239,sqs-worker-5986dcd897-6kkl7,ip-192-168-20-201.ec2.internal,081dd686dd79c29611d03acc6e8478ffa23399f149f81949a8536e49f94774e5,1,42.0,842.0
1,hpa-mmpp-101-ffb11a1d,000081,38.521151,2026-08-31T18:46:56.808+00:00,2026-08-31T18:46:53.105+00:00,2026-08-31T18:46:53.362+00:00,2026-08-31T18:46:53.362+00:00,2026-08-31T18:46:53.437+00:00,2026-08-31T18:46:53.437+00:00,0.005,0.07472151799993298,sqs-worker-5986dcd897-6kkl7,ip-192-168-20-201.ec2.internal,5088e2d45eb49fa8c14e3340f22b364a9fce2eb4550a1a625e7e285392d6989e,1,257.0,332.0
1,hpa-mmpp-101-ffb11a1d,000078,38.175241,2026-08-31T18:46:56.462+00:00,2026-08-31T18:46:52.757+00:00,2026-08-31T18:46:52.781+00:00,2026-08-31T18:46:52.781+00:00,2026-08-31T18:46:53.347+00:00,2026-08-31T18:46:53.347+00:00,0.231509,0.5661525410005197,sqs-worker-5986dcd897-hmbgr,ip-192-168-20-201.ec2.internal,6a1b2885f3bc63b19cf54d609da877475c7aadc9e05e87372f1bf4376d6e1439,1,24.0,590.0
1,hpa-mmpp-101-ffb11a1d,000084,39.966335,2026-08-31T18:46:58.254+00:00,2026-08-31T18:46:54.548+00:00,2026-08-31T18:46:54.552+00:00,2026-08-31T18:46:54.552+00:00,2026-08-31T18:46:54.571+00:00,2026-08-31T18:46:54.571+00:00,0.018592,0.018633160000717908,sqs-worker-5986dcd897-6kkl7,ip-192-168-20-201.ec2.internal,caef267d403e5be99c37b978c7f230142edbd9bbfc449523bc236f534ff9b41e,1,4.0,23.0
1,hpa-mmpp-101-ffb11a1d,000085,40.366066,2026-08-31T18:46:58.653+00:00,2026-08-31T18:46:54.947+00:00,2026-08-31T18:46:54.953+00:00,2026-08-31T18:46:54.953+00:00,2026-08-31T18:46:54.972+00:00,2026-08-31T18:46:54.972+00:00,0.018951,0.018993589999809046,sqs-worker-5986dcd897-6kkl7,ip-192-168-20-201.ec2.internal,c229fa5c587d7bc4f4172e8cf99ecf8076bf4e1c846b10d750b71c27550eb6a6,1,6.0,25.0
1,hpa-mmpp-101-ffb11a1d,000074,37.799837,2026-08-31T18:46:56.087+00:00,2026-08-31T18:46:52.389+00:00,2026-08-31T18:46:52.391+00:00,2026-08-31T18:46:52.391+00:00,2026-08-31T18:46:52.759+00:00,2026-08-31T18:46:52.759+00:00,0.16125,0.36803441699976247,sqs-worker-5986dcd897-hmbgr,ip-192-168-20-201.ec2.internal,0b25ff4f5bdcd1d598da05afb2114d6758b29d10a519fe901e701835415fcf1c,1,2.0,370.0
1,hpa-mmpp-101-ffb11a1d,000077,38.060695,2026-08-31T18:46:56.348+00:00,2026-08-31T18:46:52.646+00:00,2026-08-31T18:46:52.650+00:00,2026-08-31T18:46:52.650+00:00,2026-08-31T18:46:52.962+00:00,2026-08-31T18:46:52.962+00:00,0.127537,0.3121691570004259,sqs-worker-5986dcd897-gm4bq,ip-192-168-20-201.ec2.internal,0922234f1385667069759e6d63d06291e43c72d0b7b91c0f033cb018750a2849,1,4.0,316.0
1,hpa-mmpp-101-ffb11a1d,000079,38.245191,2026-08-31T18:46:56.532+00:00,2026-08-31T18:46:52.831+00:00,2026-08-31T18:46:52.846+00:00,2026-08-31T18:46:52.846+00:00,2026-08-31T18:46:53.519+00:00,2026-08-31T18:46:53.519+00:00,0.275606,0.6730786810003337,sqs-worker-5986dcd897-x8rdl,ip-192-168-20-201.ec2.internal,e1e64a9ac12e4668a702413170c5b89cbb17475fd38aa0e869ca06f9e178df77,1,15.0,688.0
1,hpa-mmpp-101-ffb11a1d,000083,39.150504,2026-08-31T18:46:57.439+00:00,2026-08-31T18:46:53.737+00:00,2026-08-31T18:46:53.740+00:00,2026-08-31T18:46:53.740+00:00,2026-08-31T18:46:53.775+00:00,2026-08-31T18:46:53.775+00:00,0.019856,0.035085428999991564,sqs-worker-5986dcd897-x8rdl,ip-192-168-20-201.ec2.internal,11a6301aa12963ab54caebfdebfc8a1f43b4e73203de007890cc251406e222f1,1,3.0,38.0
1,hpa-mmpp-101-ffb11a1d,000082,38.695979,2026-08-31T18:46:56.983+00:00,2026-08-31T18:46:53.283+00:00,2026-08-31T18:46:53.288+00:00,2026-08-31T18:46:53.288+00:00,2026-08-31T18:46:53.876+00:00,2026-08-31T18:46:53.876+00:00,0.258809,0.5883516059993781,sqs-worker-5986dcd897-gm4bq,ip-192-168-20-201.ec2.internal,8a2690d17a3552e0a4bf7ab5dfc26e2e44e528d155c418ae31eb9f95b575aa8a,1,5.0,593.0
1,hpa-mmpp-101-ffb11a1d,000086,40.40042,2026-08-31T18:46:58.687+00:00,2026-08-31T18:46:54.984+00:00,2026-08-31T18:46:54.988+00:00,2026-08-31T18:46:54.988+00:00,2026-08-31T18:46:56.630+00:00,2026-08-31T18:46:56.630+00:00,0.679753,1.6416842419994282,sqs-worker-5986dcd897-x8rdl,ip-192-168-20-201.ec2.internal,2f2d52fc8a7e96a95afad7c37b542b70a506d947246875f731fba6699c10140a,1,4.0,1646.0
1,hpa-mmpp-101-ffb11a1d,000088,41.028926,2026-08-31T18:46:59.316+00:00,2026-08-31T18:46:55.612+00:00,2026-08-31T18:46:55.616+00:00,2026-08-31T18:46:55.616+00:00,2026-08-31T18:46:56.644+00:00,2026-08-31T18:46:56.644+00:00,0.428471,1.02822902600019,sqs-worker-5986dcd897-6kkl7,ip-192-168-20-201.ec2.internal,b6525de3d5313d6d9c405af79129001091acb476944769dfb7bfa139af903546,1,4.0,1032.0
1,hpa-mmpp-101-ffb11a1d,000092,42.160563,2026-08-31T18:47:00.447+00:00,2026-08-31T18:46:56.743+00:00,2026-08-31T18:46:56.747+00:00,2026-08-31T18:46:56.747+00:00,2026-08-31T18:46:56.842+00:00,2026-08-31T18:46:56.842+00:00,0.05318,0.09584821699991153,sqs-worker-5986dcd897-6kkl7,ip-192-168-20-201.ec2.internal,6fdcab3383ac799e14a602123fc56cc343ebc2005fea49b7af9e5182e513e2e8,1,4.0,99.0
1,hpa-mmpp-101-ffb11a1d,000089,41.968293,2026-08-31T18:47:00.256+00:00,2026-08-31T18:46:56.558+00:00,2026-08-31T18:46:56.564+00:00,2026-08-31T18:46:56.564+00:00,2026-08-31T18:46:57.077+00:00,2026-08-31T18:46:57.077+00:00,0.231048,0.5139124610004728,sqs-worker-5986dcd897-gm4bq,ip-192-168-20-201.ec2.internal,2d5a512c2cb55c405c0b4faeee2b9f27049201231c7f227e9dd09b02782d6a76,1,6.0,519.0
1,hpa-mmpp-101-ffb11a1d,000087,40.685006,2026-08-31T18:46:58.972+00:00,2026-08-31T18:46:55.267+00:00,2026-08-31T18:46:55.273+00:00,2026-08-31T18:46:55.273+00:00,2026-08-31T18:46:55.341+00:00,2026-08-31T18:46:55.341+00:00,0.05177,0.06803803999991942,sqs-worker-5986dcd897-6kkl7,ip-192-168-20-201.ec2.internal,afc5d41d9ea0503c2c868821b46bd294b5a6fb1c88de090467d43859e70af64b,1,6.0,74.0
1,hpa-mmpp-101-ffb11a1d,000090,42.003466,2026-08-31T18:47:00.290+00:00,2026-08-31T18:46:56.583+00:00,2026-08-31T18:46:56.587+00:00,2026-08-31T18:46:56.587+00:00,2026-08-31T18:46:56.592+00:00,2026-08-31T18:46:56.592+00:00,0.005,0.005046428000241576,sqs-worker-5986dcd897-hmbgr,ip-192-168-20-201.ec2.internal,3ee810dcfe521e1cabf7549019baeed50c8aecf15a04ee89928c49e350e2e182,1,4.0,9.0
1,hpa-mmpp-101-ffb11a1d,000091,42.063946,2026-08-31T18:47:00.351+00:00,2026-08-31T18:46:56.653+00:00,2026-08-31T18:46:56.660+00:00,2026-08-31T18:46:56.660+00:00,2026-08-31T18:46:56.837+00:00,2026-08-31T18:46:56.837+00:00,0.084615,0.17793553200044698,sqs-worker-5986dcd897-hmbgr,ip-192-168-20-201.ec2.internal,f9328a2d294910df467f1b7b710ad88ec10dbce1e31dd6d94cd3066f5838ffea,1,7.0,184.0
1,hpa-mmpp-101-ffb11a1d,000093,42.629697,2026-08-31T18:47:00.917+00:00,2026-08-31T18:46:57.211+00:00,2026-08-31T18:46:57.216+00:00,2026-08-31T18:46:57.216+00:00,2026-08-31T18:46:57.331+00:00,2026-08-31T18:46:57.331+00:00,0.047301,0.11546652699962578,sqs-worker-5986dcd897-gm4bq,ip-192-168-20-201.ec2.internal,94bab781a6cd16649fae1350bb04b9c20ad7188c840ce6c423eb7165fb9bda17,1,5.0,120.0
1,hpa-mmpp-101-ffb11a1d,000098,43.596712,2026-08-31T18:47:01.883+00:00,2026-08-31T18:46:58.180+00:00,2026-08-31T18:46:59.046+00:00,2026-08-31T18:46:59.046+00:00,2026-08-31T18:46:59.080+00:00,2026-08-31T18:46:59.080+00:00,0.023729,0.03400750299988431,sqs-worker-5986dcd897-6kkl7,ip-192-168-20-201.ec2.internal,6e67ef47d45edb4f0b1593c59f18a14e80a20f6e84d05f8dd0ec486ba64bb423,1,866.0,900.0
1,hpa-mmpp-101-ffb11a1d,000099,43.621582,2026-08-31T18:47:01.908+00:00,2026-08-31T18:46:58.203+00:00,2026-08-31T18:46:59.117+00:00,2026-08-31T18:46:59.117+00:00,2026-08-31T18:46:59.387+00:00,2026-08-31T18:46:59.387+00:00,0.123762,0.2702464220001275,sqs-worker-5986dcd897-6kkl7,ip-192-168-20-201.ec2.internal,d904ff85bced1b5fb11fc6f700b9ec011b6e91866180dd6c24ed69112ebcce11,1,914.0,1184.0
1,hpa-mmpp-101-ffb11a1d,000103,44.619942,2026-08-31T18:47:02.907+00:00,2026-08-31T18:46:59.201+00:00,2026-08-31T18:46:59.433+00:00,2026-08-31T18:46:59.433+00:00,2026-08-31T18:46:59.772+00:00,2026-08-31T18:46:59.772+00:00,0.142645,0.33901450600023963,sqs-worker-5986dcd897-6kkl7,ip-192-168-20-201.ec2.internal,5f484b6a78983e8535a4e56f7f61a3afa96f566adabee60f4310ca7d27753de3,1,232.0,571.0
1,hpa-mmpp-101-ffb11a1d,000102,44.578553,2026-08-31T18:47:02.865+00:00,2026-08-31T18:46:59.161+00:00,2026-08-31T18:46:59.716+00:00,2026-08-31T18:46:59.716+00:00,2026-08-31T18:46:59.789+00:00,2026-08-31T18:46:59.789+00:00,0.005,0.07237750399963261,sqs-worker-5986dcd897-x8rdl,ip-192-168-20-201.ec2.internal,2b94a8e2ba39374076d78507be9f4889e265202a0ddd87de614eb39f74dda7b3,1,555.0,628.0
1,hpa-mmpp-101-ffb11a1d,000097,43.579062,2026-08-31T18:47:01.866+00:00,2026-08-31T18:46:58.159+00:00,2026-08-31T18:46:58.164+00:00,2026-08-31T18:46:58.164+00:00,2026-08-31T18:46:58.911+00:00,2026-08-31T18:46:58.911+00:00,0.318152,0.747625631000119,sqs-worker-5986dcd897-6kkl7,ip-192-168-20-201.ec2.internal,a3ae5033fc420414bc20d438b005695267dc1788f6f9e5aaa6d4919896479357,1,5.0,752.0
1,hpa-mmpp-101-ffb11a1d,000094,43.109267,2026-08-31T18:47:01.396+00:00,2026-08-31T18:46:57.694+00:00,2026-08-31T18:46:57.721+00:00,2026-08-31T18:46:57.721+00:00,2026-08-31T18:46:59.057+00:00,2026-08-31T18:46:59.057+00:00,0.245163,1.3362111020005614,sqs-worker-5986dcd897-hmbgr,ip-192-168-20-201.ec2.internal,5f449be76b1ea8afa4c821fbeb58fda983adbc8ca9160ee3248fed83350cfd4e,1,27.0,1363.0
1,hpa-mmpp-101-ffb11a1d,000100,44.259521,2026-08-31T18:47:02.547+00:00,2026-08-31T18:46:58.847+00:00,2026-08-31T18:46:58.949+00:00,2026-08-31T18:46:58.949+00:00,2026-08-31T18:46:59.010+00:00,2026-08-31T18:46:59.010+00:00,0.036199,0.06128451399945334,sqs-worker-5986dcd897-6kkl7,ip-192-168-20-201.ec2.internal,1540a275f5b82802241aa4f025034b5b66cd642b09573f001fdd9f0a706c3141,1,102.0,163.0
1,hpa-mmpp-101-ffb11a1d,000096,43.454641,2026-08-31T18:47:01.742+00:00,2026-08-31T18:46:58.038+00:00,2026-08-31T18:46:58.047+00:00,2026-08-31T18:46:58.047+00:00,2026-08-31T18:46:59.689+00:00,2026-08-31T18:46:59.690+00:00,0.660305,1.642924540000422,sqs-worker-5986dcd897-x8rdl,ip-192-168-20-201.ec2.internal,abdc6bc977fcaf6cb6123f90dd079731dd3e800d874e4dd27b413e36e92d5551,1,9.0,1651.0
1,hpa-mmpp-101-ffb11a1d,000101,44.555883,2026-08-31T18:47:02.842+00:00,2026-08-31T18:46:59.143+00:00,2026-08-31T18:46:59.186+00:00,2026-08-31T18:46:59.186+00:00,2026-08-31T18:46:59.770+00:00,2026-08-31T18:46:59.771+00:00,0.138918,0.5840995560001829,sqs-worker-5986dcd897-hmbgr,ip-192-168-20-201.ec2.internal,c24dea4d8efa132d2d3607dd59658ed4a058dca497bd46ba24276f78281780f2,1,43.0,627.0
1,hpa-mmpp-101-ffb11a1d,000095,43.134364,2026-08-31T18:47:01.421+00:00,2026-08-31T18:46:57.717+00:00,2026-08-31T18:46:57.720+00:00,2026-08-31T18:46:57.720+00:00,2026-08-31T18:47:00.459+00:00,2026-08-31T18:47:00.459+00:00,0.585214,2.7383295589997942,sqs-worker-5986dcd897-gm4bq,ip-192-168-20-201.ec2.internal,964f02573094f088f3ba458b439aa6e74f972f5d419a6ea65abf4db5ceb0b2ea,1,3.0,2742.0
1,hpa-mmpp-101-ffb11a1d,000104,44.650804,2026-08-31T18:47:02.937+00:00,2026-08-31T18:46:59.235+00:00,2026-08-31T18:46:59.796+00:00,2026-08-31T18:46:59.796+00:00,2026-08-31T18:47:00.659+00:00,2026-08-31T18:47:00.659+00:00,0.359985,0.863444014000379,sqs-worker-5986dcd897-6kkl7,ip-192-168-20-201.ec2.internal,575017dd1b9ff2c946186f09f732c3a7f0bf86459c200e4f8fb0eb6d580e78b6,1,561.0,1424.0
1,hpa-mmpp-101-ffb11a1d,000105,45.209747,2026-08-31T18:47:03.497+00:00,2026-08-31T18:46:59.793+00:00,2026-08-31T18:46:59.814+00:00,2026-08-31T18:46:59.814+00:00,2026-08-31T18:47:02.263+00:00,2026-08-31T18:47:02.263+00:00,1.0,2.4493845169999986,sqs-worker-5986dcd897-hmbgr,ip-192-168-20-201.ec2.internal,238ea80a9af61ff769bdd123a155c9e0dee01c3420361cd05fb1f0353da0bc5e,1,21.0,2470.0
1,hpa-mmpp-101-ffb11a1d,000106,50.040451,2026-08-31T18:47:08.330+00:00,2026-08-31T18:47:04.626+00:00,2026-08-31T18:47:04.629+00:00,2026-08-31T18:47:04.629+00:00,2026-08-31T18:47:04.901+00:00,2026-08-31T18:47:04.901+00:00,0.138372,0.2716384029999972,sqs-worker-5986dcd897-x8rdl,ip-192-168-20-201.ec2.internal,6f2cdfa710811a304259fdcbed4342426b885d0fca517eb06f5675a6d2863183,1,3.0,275.0
1,hpa-mmpp-101-ffb11a1d,000108,51.601996,2026-08-31T18:47:09.889+00:00,2026-08-31T18:47:06.185+00:00,2026-08-31T18:47:06.189+00:00,2026-08-31T18:47:06.189+00:00,2026-08-31T18:47:06.211+00:00,2026-08-31T18:47:06.211+00:00,0.02194,0.021977223999783746,sqs-worker-5986dcd897-6kkl7,ip-192-168-20-201.ec2.internal,a82b94b3e8f5e39d273c741a7cc8961d658bcedb663c8bc2a977851a1958d34f,1,4.0,26.0
1,hpa-mmpp-101-ffb11a1d,000107,51.117706,2026-08-31T18:47:09.405+00:00,2026-08-31T18:47:05.702+00:00,2026-08-31T18:47:05.705+00:00,2026-08-31T18:47:05.705+00:00,2026-08-31T18:47:06.225+00:00,2026-08-31T18:47:06.225+00:00,0.229855,0.5198287449993586,sqs-worker-5986dcd897-hmbgr,ip-192-168-20-201.ec2.internal,add57c932ec83d6112d9f9949d0756b92d0005839743ab9f953be14a93c0a388,1,3.0,523.0
1,hpa-mmpp-101-ffb11a1d,000109,52.357779,2026-08-31T18:47:10.645+00:00,2026-08-31T18:47:06.939+00:00,2026-08-31T18:47:06.943+00:00,2026-08-31T18:47:06.943+00:00,2026-08-31T18:47:06.977+00:00,2026-08-31T18:47:06.977+00:00,0.034243,0.0343030700005329,sqs-worker-5986dcd897-hmbgr,ip-192-168-20-201.ec2.internal,226368ccaf809899cfd769315609c7fcaa57925cf994e7f3748b099d0fac27c7,1,4.0,38.0
1,hpa-mmpp-101-ffb11a1d,000111,52.46837,2026-08-31T18:47:10.755+00:00,2026-08-31T18:47:07.052+00:00,2026-08-31T18:47:07.056+00:00,2026-08-31T18:47:07.056+00:00,2026-08-31T18:47:07.073+00:00,2026-08-31T18:47:07.073+00:00,0.017761,0.01779443200030073,sqs-worker-5986dcd897-gm4bq,ip-192-168-20-201.ec2.internal,d1f324c264e0e836264d8e7aa7fbb198d9a1245ad17fb969198bb71eb0667463,1,4.0,21.0
1,hpa-mmpp-101-ffb11a1d,000113,52.666644,2026-08-31T18:47:10.953+00:00,2026-08-31T18:47:07.250+00:00,2026-08-31T18:47:07.256+00:00,2026-08-31T18:47:07.256+00:00,2026-08-31T18:47:07.540+00:00,2026-08-31T18:47:07.540+00:00,0.127007,0.2847091089997775,sqs-worker-5986dcd897-6kkl7,ip-192-168-20-201.ec2.internal,8fbbef264ad077e586803fc8d97af740806a81e4cedbda2444468e63c02f3264,1,6.0,290.0
1,hpa-mmpp-101-ffb11a1d,000114,52.928168,2026-08-31T18:47:11.215+00:00,2026-08-31T18:47:07.515+00:00,2026-08-31T18:47:07.526+00:00,2026-08-31T18:47:07.526+00:00,2026-08-31T18:47:08.066+00:00,2026-08-31T18:47:08.066+00:00,0.095489,0.5395198030000756,sqs-worker-5986dcd897-gm4bq,ip-192-168-20-201.ec2.internal,7c6377b95fa4c1052ed03f4a20d3bb011ce1b5772e134c3ec760b07f134e5ffe,1,11.0,551.0
1,hpa-mmpp-101-ffb11a1d,000110,52.372099,2026-08-31T18:47:10.659+00:00,2026-08-31T18:47:07.011+00:00,2026-08-31T18:47:07.014+00:00,2026-08-31T18:47:07.014+00:00,2026-08-31T18:47:08.110+00:00,2026-08-31T18:47:08.110+00:00,0.467915,1.0953800220004268,sqs-worker-5986dcd897-x8rdl,ip-192-168-20-201.ec2.internal,16f4e0debcf6df69470131e843939e44c50421630720b25e4a443d90ff808dcf,1,3.0,1099.0
1,hpa-mmpp-101-ffb11a1d,000115,54.527196,2026-08-31T18:47:12.815+00:00,2026-08-31T18:47:09.112+00:00,2026-08-31T18:47:09.115+00:00,2026-08-31T18:47:09.116+00:00,2026-08-31T18:47:09.471+00:00,2026-08-31T18:47:09.471+00:00,0.164306,0.35585957400053303,sqs-worker-5986dcd897-6kkl7,ip-192-168-20-201.ec2.internal,721ca71704417c675c0e418dd842c48cf688c07a083cb742f54b5a4f6fe53939,1,3.0,359.0
1,hpa-mmpp-101-ffb11a1d,000116,54.856728,2026-08-31T18:47:13.144+00:00,2026-08-31T18:47:09.440+00:00,2026-08-31T18:47:09.444+00:00,2026-08-31T18:47:09.444+00:00,2026-08-31T18:47:09.937+00:00,2026-08-31T18:47:09.937+00:00,0.20173,0.4933653919997596,sqs-worker-5986dcd897-gm4bq,ip-192-168-20-201.ec2.internal,bb0674e6159c2f71ef69be73864f671aaaf0bdb05d8ccb555c2e11de2d85893c,1,4.0,497.0
1,hpa-mmpp-101-ffb11a1d,000121,55.252944,2026-08-31T18:47:13.540+00:00,2026-08-31T18:47:09.833+00:00,2026-08-31T18:47:09.958+00:00,2026-08-31T18:47:09.958+00:00,2026-08-31T18:47:09.992+00:00,2026-08-31T18:47:09.992+00:00,0.02342,0.033620148000409245,sqs-worker-5986dcd897-gm4bq,ip-192-168-20-201.ec2.internal,cc4202afcfa6594eadf45224ddb35f627e06c17c7c360394c87c97182a18ac31,1,125.0,159.0
1,hpa-mmpp-101-ffb11a1d,000112,52.612664,2026-08-31T18:47:10.899+00:00,2026-08-31T18:47:07.195+00:00,2026-08-31T18:47:07.201+00:00,2026-08-31T18:47:07.201+00:00,2026-08-31T18:47:10.242+00:00,2026-08-31T18:47:10.242+00:00,0.576532,3.0410203419996833,sqs-worker-5986dcd897-hmbgr,ip-192-168-20-201.ec2.internal,92affbfabebb5f4c40ba53d459a5b47e4e754c475b0252d71f5de0fc8710cef1,1,6.0,3047.0
1,hpa-mmpp-101-ffb11a1d,000118,55.034049,2026-08-31T18:47:13.321+00:00,2026-08-31T18:47:09.616+00:00,2026-08-31T18:47:09.623+00:00,2026-08-31T18:47:09.623+00:00,2026-08-31T18:47:10.147+00:00,2026-08-31T18:47:10.147+00:00,0.212717,0.5242957390000811,sqs-worker-5986dcd897-6kkl7,ip-192-168-20-201.ec2.internal,db12ae51851f2a3080e0e9cff1531a959726fa45d096bfdbd794c08104ebd60b,1,7.0,531.0
1,hpa-mmpp-101-ffb11a1d,000120,55.165877,2026-08-31T18:47:13.453+00:00,2026-08-31T18:47:09.749+00:00,2026-08-31T18:47:10.006+00:00,2026-08-31T18:47:10.006+00:00,2026-08-31T18:47:10.399+00:00,2026-08-31T18:47:10.399+00:00,0.160321,0.39370601100017666,sqs-worker-5986dcd897-gm4bq,ip-192-168-20-201.ec2.internal,6037d07b43b1f554a66c608abcfe1c7de627205dc6b488695e1af31a170c1524,1,257.0,650.0
1,hpa-mmpp-101-ffb11a1d,000122,55.424284,2026-08-31T18:47:13.711+00:00,2026-08-31T18:47:10.002+00:00,2026-08-31T18:47:10.173+00:00,2026-08-31T18:47:10.173+00:00,2026-08-31T18:47:10.441+00:00,2026-08-31T18:47:10.441+00:00,0.113789,0.2675986659996852,sqs-worker-5986dcd897-6kkl7,ip-192-168-20-201.ec2.internal,00bec774f9b21d1eaa33bdce6ec61294b688a760e83d5219faba38de76ff63e6,1,171.0,439.0
1,hpa-mmpp-101-ffb11a1d,000123,55.613926,2026-08-31T18:47:13.901+00:00,2026-08-31T18:47:10.193+00:00,2026-08-31T18:47:10.429+00:00,2026-08-31T18:47:10.429+00:00,2026-08-31T18:47:10.458+00:00,2026-08-31T18:47:10.458+00:00,0.012833,0.028743124000357057,sqs-worker-5986dcd897-gm4bq,ip-192-168-20-201.ec2.internal,9f4ea80419e2300c29806e09d74bbe0bd96db3bb050c5ee0ba23391f3368acbc,1,236.0,265.0
1,hpa-mmpp-101-ffb11a1d,000119,55.061812,2026-08-31T18:47:13.348+00:00,2026-08-31T18:47:09.644+00:00,2026-08-31T18:47:10.276+00:00,2026-08-31T18:47:10.276+00:00,2026-08-31T18:47:10.644+00:00,2026-08-31T18:47:10.644+00:00,0.14583,0.36776478800038603,sqs-worker-5986dcd897-hmbgr,ip-192-168-20-201.ec2.internal,af29dbcca5acbac2feaa04aca34950486d96ad49df13e296c5546fc207ef1f92,1,632.0,1000.0
1,hpa-mmpp-101-ffb11a1d,000117,54.914842,2026-08-31T18:47:13.201+00:00,2026-08-31T18:47:09.502+00:00,2026-08-31T18:47:09.520+00:00,2026-08-31T18:47:09.520+00:00,2026-08-31T18:47:10.993+00:00,2026-08-31T18:47:10.993+00:00,0.328795,1.4737830309995843,sqs-worker-5986dcd897-x8rdl,ip-192-168-20-201.ec2.internal,c9d40e8a71e5e4c98fe2da73767c4ea963161ae0085124e5c2fb593efd742807,1,18.0,1491.0
1,hpa-mmpp-101-ffb11a1d,000125,56.289452,2026-08-31T18:47:14.576+00:00,2026-08-31T18:47:10.870+00:00,2026-08-31T18:47:10.874+00:00,2026-08-31T18:47:10.874+00:00,2026-08-31T18:47:10.908+00:00,2026-08-31T18:47:10.908+00:00,0.023196,0.034071927999320906,sqs-worker-5986dcd897-gm4bq,ip-192-168-20-201.ec2.internal,317406ccee7bb5f0eb05e09e214373ae386702759aef3f3278a9acf6948664d7,1,4.0,38.0
1,hpa-mmpp-101-ffb11a1d,000124,56.033825,2026-08-31T18:47:14.321+00:00,2026-08-31T18:47:10.619+00:00,2026-08-31T18:47:10.625+00:00,2026-08-31T18:47:10.626+00:00,2026-08-31T18:47:11.045+00:00,2026-08-31T18:47:11.045+00:00,0.181076,0.41993600700061506,sqs-worker-5986dcd897-6kkl7,ip-192-168-20-201.ec2.internal,baf1137b81f1ee45f4580661dbc2b7d1404ef9f4a237582543837b2a8fc59b7d,1,6.0,426.0
1,hpa-mmpp-101-ffb11a1d,000127,59.605867,2026-08-31T18:47:17.893+00:00,2026-08-31T18:47:14.185+00:00,2026-08-31T18:47:14.189+00:00,2026-08-31T18:47:14.189+00:00,2026-08-31T18:47:14.257+00:00,2026-08-31T18:47:14.257+00:00,0.055982,0.06836640300025465,sqs-worker-5986dcd897-gm4bq,ip-192-168-20-201.ec2.internal,ab77938162cbc910e9c94688a7edb4791c30ac967d94a173607cddc0c91979cc,1,4.0,72.0
1,hpa-mmpp-101-ffb11a1d,000128,59.715019,2026-08-31T18:47:18.002+00:00,2026-08-31T18:47:14.295+00:00,2026-08-31T18:47:14.299+00:00,2026-08-31T18:47:14.299+00:00,2026-08-31T18:47:14.582+00:00,2026-08-31T18:47:14.582+00:00,0.134321,0.28304700100034097,sqs-worker-5986dcd897-gm4bq,ip-192-168-20-201.ec2.internal,2ae0183daa49840c4f968eec33e781969c570d836946b941061db992116993db,1,4.0,287.0
1,hpa-mmpp-101-ffb11a1d,000126,59.371825,2026-08-31T18:47:17.662+00:00,2026-08-31T18:47:13.954+00:00,2026-08-31T18:47:13.959+00:00,2026-08-31T18:47:13.959+00:00,2026-08-31T18:47:14.294+00:00,2026-08-31T18:47:14.294+00:00,0.151722,0.335863602000245,sqs-worker-5986dcd897-x8rdl,ip-192-168-20-201.ec2.internal,3ff16808c8673747368f333cf800cf5a6056928c3237f1c760d668a5b9c2e1dc,1,5.0,340.0
1,hpa-mmpp-101-ffb11a1d,000129,59.96481,2026-08-31T18:47:18.252+00:00,2026-08-31T18:47:14.550+00:00,2026-08-31T18:47:14.554+00:00,2026-08-31T18:47:14.554+00:00,2026-08-31T18:47:14.961+00:00,2026-08-31T18:47:14.961+00:00,0.191008,0.4069987110005968,sqs-worker-5986dcd897-6kkl7,ip-192-168-20-201.ec2.internal,b9a26c7b09e05a41141418cea8c2e7f4af8e68cb4d547c233b3539b0b001ee51,1,4.0,411.0
1,hpa-mmpp-101-ffb11a1d,000131,60.393169,2026-08-31T18:47:18.680+00:00,2026-08-31T18:47:14.973+00:00,2026-08-31T18:47:14.976+00:00,2026-08-31T18:47:14.976+00:00,2026-08-31T18:47:15.398+00:00,2026-08-31T18:47:15.398+00:00,0.195509,0.4221514520004348,sqs-worker-5986dcd897-gm4bq,ip-192-168-20-201.ec2.internal,9f16d70cd0f7c831bce04ed60bb9932c0ad0f39b744884b0f633505cfa775756,1,3.0,425.0
1,hpa-mmpp-101-ffb11a1d,000130,60.297158,2026-08-31T18:47:18.584+00:00,2026-08-31T18:47:14.880+00:00,2026-08-31T18:47:14.883+00:00,2026-08-31T18:47:14.883+00:00,2026-08-31T18:47:15.597+00:00,2026-08-31T18:47:15.597+00:00,0.295677,0.7141835450001963,sqs-worker-5986dcd897-x8rdl,ip-192-168-20-201.ec2.internal,d396a7e54edc77151fb8dab11837f381547b749672d5ffb2cafee5e132c142ba,1,3.0,717.0
1,hpa-mmpp-101-ffb11a1d,000133,60.752926,2026-08-31T18:47:19.040+00:00,2026-08-31T18:47:15.335+00:00,2026-08-31T18:47:15.338+00:00,2026-08-31T18:47:15.338+00:00,2026-08-31T18:47:16.039+00:00,2026-08-31T18:47:16.039+00:00,0.289737,0.700661616000616,sqs-worker-5986dcd897-6kkl7,ip-192-168-20-201.ec2.internal,5a5fae97b777bd10cb5bafb9ca6901929b52495007ebeaf1d9dec6ea1e6c9b23,1,3.0,704.0
1,hpa-mmpp-101-ffb11a1d,000132,60.732096,2026-08-31T18:47:19.019+00:00,2026-08-31T18:47:15.311+00:00,2026-08-31T18:47:15.315+00:00,2026-08-31T18:47:15.315+00:00,2026-08-31T18:47:15.934+00:00,2026-08-31T18:47:15.934+00:00,0.261464,0.6187133290004567,sqs-worker-5986dcd897-hmbgr,ip-192-168-20-201.ec2.internal,b03656579b4e54616bada3ddc53b72d90e8374819d1c5bdbb17e362dd83b994c,1,4.0,623.0
1,hpa-mmpp-101-ffb11a1d,000134,62.133752,2026-08-31T18:47:20.422+00:00,2026-08-31T18:47:16.718+00:00,2026-08-31T18:47:16.722+00:00,2026-08-31T18:47:16.722+00:00,2026-08-31T18:47:17.307+00:00,2026-08-31T18:47:17.307+00:00,0.264265,0.5852026809998279,sqs-worker-5986dcd897-x8rdl,ip-192-168-20-201.ec2.internal,1c4b058d97a1ed00425f3a9a1f8b781ca1b03528c17c92383a235d6afbe35f4e,1,4.0,589.0
1,hpa-mmpp-101-ffb11a1d,000135,63.518948,2026-08-31T18:47:21.807+00:00,2026-08-31T18:47:18.101+00:00,2026-08-31T18:47:18.106+00:00,2026-08-31T18:47:18.129+00:00,2026-08-31T18:47:18.437+00:00,2026-08-31T18:47:18.437+00:00,0.060868,0.33084261500061984,sqs-worker-5986dcd897-gm4bq,ip-192-168-20-201.ec2.internal,0fab06838259003d5be537fee16f2657576027d796c1e4d1462b0f575c265136,1,5.0,336.0
1,hpa-mmpp-101-ffb11a1d,000136,65.158653,2026-08-31T18:47:23.447+00:00,2026-08-31T18:47:19.745+00:00,2026-08-31T18:47:19.749+00:00,2026-08-31T18:47:19.749+00:00,2026-08-31T18:47:19.957+00:00,2026-08-31T18:47:19.957+00:00,0.104977,0.20817712100051722,sqs-worker-5986dcd897-hmbgr,ip-192-168-20-201.ec2.internal,74a1867e395c5029716301a800724f4c43d807493ccd6a9536119a9fcd747df6,1,4.0,212.0
1,hpa-mmpp-101-ffb11a1d,000137,68.71887,2026-08-31T18:47:27.005+00:00,2026-08-31T18:47:23.306+00:00,2026-08-31T18:47:23.310+00:00,2026-08-31T18:47:23.310+00:00,2026-08-31T18:47:24.156+00:00,2026-08-31T18:47:24.156+00:00,0.366354,0.8459370040000067,sqs-worker-5986dcd897-6kkl7,ip-192-168-20-201.ec2.internal,2589fd0ba783db434a254254618957c1ed3d81e8a80e56a427513846bb8ca405,1,4.0,850.0
1,hpa-mmpp-101-ffb11a1d,000138,72.588933,2026-08-31T18:47:30.878+00:00,2026-08-31T18:47:27.173+00:00,2026-08-31T18:47:27.177+00:00,2026-08-31T18:47:27.177+00:00,2026-08-31T18:47:27.409+00:00,2026-08-31T18:47:27.409+00:00,0.114276,0.23236148599971784,sqs-worker-5986dcd897-x8rdl,ip-192-168-20-201.ec2.internal,c09dd71bb90ea401a3084a22881413a79883ecb0269df6a5273bd9c277b7f9a8,1,4.0,236.0
1,hpa-mmpp-101-ffb11a1d,000141,73.277856,2026-08-31T18:47:31.563+00:00,2026-08-31T18:47:27.858+00:00,2026-08-31T18:47:27.866+00:00,2026-08-31T18:47:27.866+00:00,2026-08-31T18:47:27.997+00:00,2026-08-31T18:47:27.997+00:00,0.072856,0.13124381699981313,sqs-worker-5986dcd897-x8rdl,ip-192-168-20-201.ec2.internal,17481f017d8ffa21724b68ecc641e39323955644d5c2c761407297b47c47fd8c,1,8.0,139.0
1,hpa-mmpp-101-ffb11a1d,000142,73.340771,2026-08-31T18:47:31.626+00:00,2026-08-31T18:47:27.922+00:00,2026-08-31T18:47:27.947+00:00,2026-08-31T18:47:27.947+00:00,2026-08-31T18:47:28.354+00:00,2026-08-31T18:47:28.354+00:00,0.084774,0.4074564980001014,sqs-worker-5986dcd897-gm4bq,ip-192-168-20-201.ec2.internal,d5b7db273a0ac8f971143b9b8dbe859806f4d9c089254bde4cbec7141fde339f,1,25.0,432.0
1,hpa-mmpp-101-ffb11a1d,000140,73.207047,2026-08-31T18:47:31.492+00:00,2026-08-31T18:47:27.792+00:00,2026-08-31T18:47:27.796+00:00,2026-08-31T18:47:27.796+00:00,2026-08-31T18:47:28.277+00:00,2026-08-31T18:47:28.277+00:00,0.214519,0.4813846590004687,sqs-worker-5986dcd897-6kkl7,ip-192-168-20-201.ec2.internal,854b733254d3a26c6516c4a01c5d16fe0efb6d5c5408036ab5fb21abd0649ffa,1,4.0,485.0
1,hpa-mmpp-101-ffb11a1d,000143,73.69544,2026-08-31T18:47:31.981+00:00,2026-08-31T18:47:28.275+00:00,2026-08-31T18:47:28.278+00:00,2026-08-31T18:47:28.278+00:00,2026-08-31T18:47:28.494+00:00,2026-08-31T18:47:28.494+00:00,0.098043,0.21548020299997006,sqs-worker-5986dcd897-x8rdl,ip-192-168-20-201.ec2.internal,7d77fcd1b4162943f3b7a66c8cb1b52859325e766b361377c3bbbc3157e2c735,1,3.0,219.0
1,hpa-mmpp-101-ffb11a1d,000145,73.888852,2026-08-31T18:47:32.174+00:00,2026-08-31T18:47:28.471+00:00,2026-08-31T18:47:28.476+00:00,2026-08-31T18:47:28.477+00:00,2026-08-31T18:47:28.668+00:00,2026-08-31T18:47:28.668+00:00,0.03492,0.19182933200045227,sqs-worker-5986dcd897-gm4bq,ip-192-168-20-201.ec2.internal,fc3eaa71aa3dfaf97c7227e7cfeb88b907842179ccf8e4c7c112a1890e2f6a2b,1,5.0,197.0
1,hpa-mmpp-101-ffb11a1d,000144,73.789987,2026-08-31T18:47:32.075+00:00,2026-08-31T18:47:28.369+00:00,2026-08-31T18:47:28.375+00:00,2026-08-31T18:47:28.375+00:00,2026-08-31T18:47:28.485+00:00,2026-08-31T18:47:28.485+00:00,0.078474,0.11030848600057652,sqs-worker-5986dcd897-6kkl7,ip-192-168-20-201.ec2.internal,3346d7a3798236a3f5c1baab8e5f3390a78b1d2fb5464803ae7d7ab468b0f74c,1,6.0,116.0
1,hpa-mmpp-101-ffb11a1d,000147,74.169741,2026-08-31T18:47:32.455+00:00,2026-08-31T18:47:28.750+00:00,2026-08-31T18:47:28.753+00:00,2026-08-31T18:47:28.753+00:00,2026-08-31T18:47:29.243+00:00,2026-08-31T18:47:29.243+00:00,0.095529,0.48976291799954197,sqs-worker-5986dcd897-hmbgr,ip-192-168-20-201.ec2.internal,e7adfd6d688edbb3711b7a83dde46b28a2090486038c694ff67b8f57105ca805,1,3.0,493.0
1,hpa-mmpp-101-ffb11a1d,000151,75.272228,2026-08-31T18:47:33.557+00:00,2026-08-31T18:47:29.854+00:00,2026-08-31T18:47:29.858+00:00,2026-08-31T18:47:29.858+00:00,2026-08-31T18:47:29.891+00:00,2026-08-31T18:47:29.891+00:00,0.018136,0.033029180000085034,sqs-worker-5986dcd897-hmbgr,ip-192-168-20-201.ec2.internal,0087d55cbc065f96480ca235a47948b79802a50ec3fbd85734c4a30ec4e698f4,1,4.0,37.0
1,hpa-mmpp-101-ffb11a1d,000139,73.148202,2026-08-31T18:47:31.435+00:00,2026-08-31T18:47:27.734+00:00,2026-08-31T18:47:27.741+00:00,2026-08-31T18:47:27.741+00:00,2026-08-31T18:47:28.644+00:00,2026-08-31T18:47:28.644+00:00,0.15923,0.9027229719995375,sqs-worker-5986dcd897-hmbgr,ip-192-168-20-201.ec2.internal,24cbe7e10079687f10c0c185a7f21edf76727c5e554047dce1ee4865ab8c4fe1,1,7.0,910.0
1,hpa-mmpp-101-ffb11a1d,000146,74.056487,2026-08-31T18:47:32.342+00:00,2026-08-31T18:47:28.637+00:00,2026-08-31T18:47:28.640+00:00,2026-08-31T18:47:28.641+00:00,2026-08-31T18:47:28.716+00:00,2026-08-31T18:47:28.716+00:00,0.060239,0.07597450399953232,sqs-worker-5986dcd897-x8rdl,ip-192-168-20-201.ec2.internal,cd3d6dc03926edb4235a45b618528eec3df1dfa5d8b7b1d30b65605bedfc40ba,1,3.0,79.0
1,hpa-mmpp-101-ffb11a1d,000150,75.253979,2026-08-31T18:47:33.539+00:00,2026-08-31T18:47:29.836+00:00,2026-08-31T18:47:29.877+00:00,2026-08-31T18:47:29.877+00:00,2026-08-31T18:47:30.087+00:00,2026-08-31T18:47:30.087+00:00,0.029092,0.20980693000001338,sqs-worker-5986dcd897-x8rdl,ip-192-168-20-201.ec2.internal,6d79b28e6487de2cefd95b4a9c1f7f615bd2bf10d1439c1cd5a7fbc9d403f9f9,1,41.0,251.0
1,hpa-mmpp-101-ffb11a1d,000148,74.8879,2026-08-31T18:47:33.173+00:00,2026-08-31T18:47:29.471+00:00,2026-08-31T18:47:29.475+00:00,2026-08-31T18:47:29.475+00:00,2026-08-31T18:47:30.085+00:00,2026-08-31T18:47:30.085+00:00,0.265388,0.6097220639994703,sqs-worker-5986dcd897-gm4bq,ip-192-168-20-201.ec2.internal,87f16cd19f877772bc108ee265d6dd02ee788184262a42b96da37ceba1955591,1,4.0,614.0
1,hpa-mmpp-101-ffb11a1d,000155,76.355331,2026-08-31T18:47:34.641+00:00,2026-08-31T18:47:30.936+00:00,2026-08-31T18:47:30.940+00:00,2026-08-31T18:47:30.940+00:00,2026-08-31T18:47:30.968+00:00,2026-08-31T18:47:30.968+00:00,0.028521,0.028605370000150288,sqs-worker-5986dcd897-gm4bq,ip-192-168-20-201.ec2.internal,2e386224592dedbade4e58bbc2d774b7f12aabec06e76e3610a0deee97e9085d,1,4.0,32.0
1,hpa-mmpp-101-ffb11a1d,000156,76.522936,2026-08-31T18:47:34.808+00:00,2026-08-31T18:47:31.103+00:00,2026-08-31T18:47:31.107+00:00,2026-08-31T18:47:31.107+00:00,2026-08-31T18:47:31.113+00:00,2026-08-31T18:47:31.113+00:00,0.005696,0.00575134600057936,sqs-worker-5986dcd897-hmbgr,ip-192-168-20-201.ec2.internal,9787e823ced882a5f9dbfb6408fbd0e34cd6c21609ed0ee69acf1a863d4e582e,1,4.0,10.0
1,hpa-mmpp-101-ffb11a1d,000149,75.002344,2026-08-31T18:47:33.287+00:00,2026-08-31T18:47:29.584+00:00,2026-08-31T18:47:29.588+00:00,2026-08-31T18:47:29.588+00:00,2026-08-31T18:47:30.134+00:00,2026-08-31T18:47:30.134+00:00,0.243181,0.5458309720006582,sqs-worker-5986dcd897-6kkl7,ip-192-168-20-201.ec2.internal,115e6e29ff80203579c9c9be6b62e0c70a08ae7c1ddf3526401e43ba64660c96,1,4.0,550.0
1,hpa-mmpp-101-ffb11a1d,000152,75.349855,2026-08-31T18:47:33.635+00:00,2026-08-31T18:47:29.930+00:00,2026-08-31T18:47:29.937+00:00,2026-08-31T18:47:29.937+00:00,2026-08-31T18:47:30.460+00:00,2026-08-31T18:47:30.460+00:00,0.227997,0.5226877000004606,sqs-worker-5986dcd897-hmbgr,ip-192-168-20-201.ec2.internal,1e3a15bbce4009ea99ce131080d13ef5055d19f5a00e8af5024ca8f72f8896f6,1,7.0,530.0
1,hpa-mmpp-101-ffb11a1d,000154,75.91308,2026-08-31T18:47:34.198+00:00,2026-08-31T18:47:30.495+00:00,2026-08-31T18:47:30.524+00:00,2026-08-31T18:47:30.525+00:00,2026-08-31T18:47:31.238+00:00,2026-08-31T18:47:31.238+00:00,0.294293,0.7139220280005247,sqs-worker-5986dcd897-6kkl7,ip-192-168-20-201.ec2.internal,2b5560bbdf5cce23901e4f3445ae3eeace818aadf551f2de3e6b0f55abf08657,1,29.0,743.0
1,hpa-mmpp-101-ffb11a1d,000159,77.207206,2026-08-31T18:47:35.493+00:00,2026-08-31T18:47:31.788+00:00,2026-08-31T18:47:31.791+00:00,2026-08-31T18:47:31.791+00:00,2026-08-31T18:47:31.803+00:00,2026-08-31T18:47:31.803+00:00,0.011386,0.012084103000233881,sqs-worker-5986dcd897-hmbgr,ip-192-168-20-201.ec2.internal,59ffb1d869b4664fd5c78fb451e28d59ec6360cc5c44e8c3a1080b1ee602b301,1,3.0,15.0
1,hpa-mmpp-101-ffb11a1d,000160,77.466316,2026-08-31T18:47:35.752+00:00,2026-08-31T18:47:32.048+00:00,2026-08-31T18:47:32.053+00:00,2026-08-31T18:47:32.053+00:00,2026-08-31T18:47:32.136+00:00,2026-08-31T18:47:32.136+00:00,0.040522,0.0838255049993677,sqs-worker-5986dcd897-hmbgr,ip-192-168-20-201.ec2.internal,7f2611d977a461c77139c3af07d0b652173cfb1483038159317a82282831184a,1,5.0,88.0
1,hpa-mmpp-101-ffb11a1d,000161,77.630042,2026-08-31T18:47:35.915+00:00,2026-08-31T18:47:32.210+00:00,2026-08-31T18:47:32.214+00:00,2026-08-31T18:47:32.214+00:00,2026-08-31T18:47:32.272+00:00,2026-08-31T18:47:32.272+00:00,0.039942,0.05780262500047684,sqs-worker-5986dcd897-hmbgr,ip-192-168-20-201.ec2.internal,57a2f266f80554f81ba8d25731600b72e500954a8f499c369734f295b93026a5,1,4.0,62.0
1,hpa-mmpp-101-ffb11a1d,000153,75.864927,2026-08-31T18:47:34.151+00:00,2026-08-31T18:47:30.447+00:00,2026-08-31T18:47:30.451+00:00,2026-08-31T18:47:30.451+00:00,2026-08-31T18:47:32.398+00:00,2026-08-31T18:47:32.398+00:00,0.517669,1.9464705600003072,sqs-worker-5986dcd897-x8rdl,ip-192-168-20-201.ec2.internal,3aaac81819437f7434124e13b42c876fd40bcb29ca7f54c7e3c5cd9be458146d,1,4.0,1951.0
1,hpa-mmpp-101-ffb11a1d,000157,76.657334,2026-08-31T18:47:34.943+00:00,2026-08-31T18:47:31.237+00:00,2026-08-31T18:47:31.241+00:00,2026-08-31T18:47:31.241+00:00,2026-08-31T18:47:32.368+00:00,2026-08-31T18:47:32.368+00:00,0.458441,1.1272293370002444,sqs-worker-5986dcd897-gm4bq,ip-192-168-20-201.ec2.internal,3b231f543e4775392f26a5a40ff5e90eeb702ddd3d6ce0f90a276190c829dd50,1,4.0,1131.0
1,hpa-mmpp-101-ffb11a1d,000162,78.044501,2026-08-31T18:47:36.330+00:00,2026-08-31T18:47:32.626+00:00,2026-08-31T18:47:32.629+00:00,2026-08-31T18:47:32.630+00:00,2026-08-31T18:47:32.970+00:00,2026-08-31T18:47:32.970+00:00,0.150346,0.3407222109999566,sqs-worker-5986dcd897-hmbgr,ip-192-168-20-201.ec2.internal,822f9925820e525ca7be73a8c946c2b71b2d234ef6e17517225d5fa686766c67,1,3.0,344.0
1,hpa-mmpp-101-ffb11a1d,000158,76.798025,2026-08-31T18:47:35.083+00:00,2026-08-31T18:47:31.380+00:00,2026-08-31T18:47:31.389+00:00,2026-08-31T18:47:31.389+00:00,2026-08-31T18:47:33.536+00:00,2026-08-31T18:47:33.536+00:00,0.599454,2.1467946499997197,sqs-worker-5986dcd897-6kkl7,ip-192-168-20-201.ec2.internal,147845eb87e112a9dda47101a5be89066cc808e5cb87fb463a0fcc9281886b99,1,9.0,2156.0
1,hpa-mmpp-101-ffb11a1d,000163,78.125904,2026-08-31T18:47:36.411+00:00,2026-08-31T18:47:32.703+00:00,2026-08-31T18:47:32.709+00:00,2026-08-31T18:47:32.709+00:00,2026-08-31T18:47:34.195+00:00,2026-08-31T18:47:34.195+00:00,0.611553,1.4860302639999645,sqs-worker-5986dcd897-x8rdl,ip-192-168-20-201.ec2.internal,fb4c486ba2acd7fb42cdee206de5c7888858e7f3f60f8908c8ff867e06d76420,1,6.0,1492.0
1,hpa-mmpp-101-ffb11a1d,000164,79.693799,2026-08-31T18:47:37.982+00:00,2026-08-31T18:47:34.279+00:00,2026-08-31T18:47:34.283+00:00,2026-08-31T18:47:34.283+00:00,2026-08-31T18:47:34.484+00:00,2026-08-31T18:47:34.484+00:00,0.081733,0.20173219699972833,sqs-worker-5986dcd897-x8rdl,ip-192-168-20-201.ec2.internal,6c63ad3ef9e2af3f09f7fa7c2e5fbd2c46c6108e43a64f079d45c3bc148a5ee8,1,4.0,205.0
1,hpa-mmpp-101-ffb11a1d,000165,79.819542,2026-08-31T18:47:38.105+00:00,2026-08-31T18:47:34.400+00:00,2026-08-31T18:47:34.404+00:00,2026-08-31T18:47:34.404+00:00,2026-08-31T18:47:35.965+00:00,2026-08-31T18:47:35.965+00:00,0.660193,1.5613660720000553,sqs-worker-5986dcd897-gm4bq,ip-192-168-20-201.ec2.internal,a70ed0d99b5f1dcaf947e6e8af52ae1978eb628b9467f79db65f5222ce41273b,1,4.0,1565.0
1,hpa-mmpp-101-ffb11a1d,000166,87.258613,2026-08-31T18:47:45.549+00:00,2026-08-31T18:47:41.846+00:00,2026-08-31T18:47:41.850+00:00,2026-08-31T18:47:41.850+00:00,2026-08-31T18:47:41.935+00:00,2026-08-31T18:47:41.936+00:00,0.046172,0.08536702699984744,sqs-worker-5986dcd897-6kkl7,ip-192-168-20-201.ec2.internal,4ea4f82529535464ad10c0439c443c763d8a12de505f034b5f0ba403b5a2cadb,1,4.0,89.0
1,hpa-mmpp-101-ffb11a1d,000168,89.421041,2026-08-31T18:47:47.706+00:00,2026-08-31T18:47:43.997+00:00,2026-08-31T18:47:44.001+00:00,2026-08-31T18:47:44.001+00:00,2026-08-31T18:47:44.056+00:00,2026-08-31T18:47:44.056+00:00,0.054757,0.054922340999837616,sqs-worker-5986dcd897-6kkl7,ip-192-168-20-201.ec2.internal,d6ac7e7c9ed29c791f753e66c3bc5ea626bdfca0cbd032b1fe60405161cfc007,1,4.0,59.0
1,hpa-mmpp-101-ffb11a1d,000169,89.532328,2026-08-31T18:47:47.818+00:00,2026-08-31T18:47:44.111+00:00,2026-08-31T18:47:44.117+00:00,2026-08-31T18:47:44.117+00:00,2026-08-31T18:47:44.136+00:00,2026-08-31T18:47:44.136+00:00,0.016703,0.018615405999298673,sqs-worker-5986dcd897-6kkl7,ip-192-168-20-201.ec2.internal,739029334823030b9bce964342b47f926919152be1380810611701911bdd8e9c,1,6.0,25.0
1,hpa-mmpp-101-ffb11a1d,000172,89.843114,2026-08-31T18:47:48.128+00:00,2026-08-31T18:47:44.421+00:00,2026-08-31T18:47:44.425+00:00,2026-08-31T18:47:44.425+00:00,2026-08-31T18:47:44.597+00:00,2026-08-31T18:47:44.597+00:00,0.092727,0.17262878400015325,sqs-worker-5986dcd897-x8rdl,ip-192-168-20-201.ec2.internal,fc656febd3c4dbd13239359cb971a88d10ec6ffd8cb23bff63ed7a85f46a60c2,1,4.0,176.0
1,hpa-mmpp-101-ffb11a1d,000170,89.715859,2026-08-31T18:47:48.001+00:00,2026-08-31T18:47:44.297+00:00,2026-08-31T18:47:44.300+00:00,2026-08-31T18:47:44.300+00:00,2026-08-31T18:47:44.752+00:00,2026-08-31T18:47:44.752+00:00,0.203209,0.4516037289995438,sqs-worker-5986dcd897-gm4bq,ip-192-168-20-201.ec2.internal,65abbab5d45ebd84c631e0fd3b0d07bf0846a4c07f4fb9ea2025492d89cfb18f,1,3.0,455.0
1,hpa-mmpp-101-ffb11a1d,000174,90.374503,2026-08-31T18:47:48.660+00:00,2026-08-31T18:47:44.954+00:00,2026-08-31T18:47:44.958+00:00,2026-08-31T18:47:44.958+00:00,2026-08-31T18:47:45.116+00:00,2026-08-31T18:47:45.116+00:00,0.093067,0.15734100699955889,sqs-worker-5986dcd897-x8rdl,ip-192-168-20-201.ec2.internal,2b0734ac0509d3a64b76e40d6c39c8d4c930f1a68d9d6bbdac46698fc3a5ca08,1,4.0,162.0
1,hpa-mmpp-101-ffb11a1d,000173,90.040791,2026-08-31T18:47:48.326+00:00,2026-08-31T18:47:44.626+00:00,2026-08-31T18:47:44.629+00:00,2026-08-31T18:47:44.629+00:00,2026-08-31T18:47:45.652+00:00,2026-08-31T18:47:45.652+00:00,0.422236,1.0221378209998875,sqs-worker-5986dcd897-6kkl7,ip-192-168-20-201.ec2.internal,e12feeee175a112275a691ac83094f96fedb5b5e65b8e31731b384bef4d2500b,1,3.0,1026.0
1,hpa-mmpp-101-ffb11a1d,000171,89.774914,2026-08-31T18:47:48.060+00:00,2026-08-31T18:47:44.357+00:00,2026-08-31T18:47:44.367+00:00,2026-08-31T18:47:44.367+00:00,2026-08-31T18:47:44.549+00:00,2026-08-31T18:47:44.550+00:00,0.098831,0.18292495999958192,sqs-worker-5986dcd897-6kkl7,ip-192-168-20-201.ec2.internal,e41ea62e250e464e89816e685600e47f2cca117c046ca7359781513e22b9f960,1,10.0,192.0
1,hpa-mmpp-101-ffb11a1d,000175,90.481787,2026-08-31T18:47:48.767+00:00,2026-08-31T18:47:45.060+00:00,2026-08-31T18:47:45.063+00:00,2026-08-31T18:47:45.063+00:00,2026-08-31T18:47:45.079+00:00,2026-08-31T18:47:45.079+00:00,0.015455,0.015520050999839441,sqs-worker-5986dcd897-gm4bq,ip-192-168-20-201.ec2.internal,09178608f8a914f9b25bffc7d00ce71e6f8634759d9e557283c401669b6176ab,1,3.0,19.0
1,hpa-mmpp-101-ffb11a1d,000167,89.319468,2026-08-31T18:47:47.605+00:00,2026-08-31T18:47:43.900+00:00,2026-08-31T18:47:43.903+00:00,2026-08-31T18:47:43.903+00:00,2026-08-31T18:47:45.321+00:00,2026-08-31T18:47:45.321+00:00,0.581352,1.4178710449996288,sqs-worker-5986dcd897-hmbgr,ip-192-168-20-201.ec2.internal,c462ee6b1b1987cdb8daf6a9821dddcdf7c7711596630bea7d48f9f60d1379d3,1,3.0,1421.0
1,hpa-mmpp-101-ffb11a1d,000180,90.937476,2026-08-31T18:47:49.223+00:00,2026-08-31T18:47:45.523+00:00,2026-08-31T18:47:45.751+00:00,2026-08-31T18:47:45.751+00:00,2026-08-31T18:47:46.046+00:00,2026-08-31T18:47:46.046+00:00,0.128942,0.29462446400066256,sqs-worker-5986dcd897-hmbgr,ip-192-168-20-201.ec2.internal,e03f8be2b34bd3e9b960d16a54771ca85cb7eac58a630aed5c7579d46d9b0138,1,228.0,523.0
1,hpa-mmpp-101-ffb11a1d,000181,91.254485,2026-08-31T18:47:49.540+00:00,2026-08-31T18:47:45.834+00:00,2026-08-31T18:47:45.847+00:00,2026-08-31T18:47:45.847+00:00,2026-08-31T18:47:46.487+00:00,2026-08-31T18:47:46.487+00:00,0.275716,0.6407322649993148,sqs-worker-5986dcd897-gm4bq,ip-192-168-20-201.ec2.internal,b0c8b2cdbee2fe0febeb87cbdd25ece617839e9ec59e20b014e9f87c913ef410,1,13.0,653.0
1,hpa-mmpp-101-ffb11a1d,000182,91.573023,2026-08-31T18:47:49.858+00:00,2026-08-31T18:47:46.157+00:00,2026-08-31T18:47:46.167+00:00,2026-08-31T18:47:46.167+00:00,2026-08-31T18:47:46.177+00:00,2026-08-31T18:47:46.177+00:00,0.010096,0.010144872999262589,sqs-worker-5986dcd897-x8rdl,ip-192-168-20-201.ec2.internal,40d2d9f6e880c1036e66c699c0bc895c79b0b3c35dae10b863836856edc09b09,1,10.0,20.0
1,hpa-mmpp-101-ffb11a1d,000185,91.767901,2026-08-31T18:47:50.053+00:00,2026-08-31T18:47:46.346+00:00,2026-08-31T18:47:46.348+00:00,2026-08-31T18:47:46.348+00:00,2026-08-31T18:47:46.389+00:00,2026-08-31T18:47:46.389+00:00,0.017432,0.040910074999374046,sqs-worker-5986dcd897-x8rdl,ip-192-168-20-201.ec2.internal,bba2a8530d4af77c76bf092aebe2cc6100146a0ce174674bef871a27986c92f4,1,2.0,43.0
1,hpa-mmpp-101-ffb11a1d,000179,90.818962,2026-08-31T18:47:49.104+00:00,2026-08-31T18:47:45.395+00:00,2026-08-31T18:47:45.706+00:00,2026-08-31T18:47:45.706+00:00,2026-08-31T18:47:46.652+00:00,2026-08-31T18:47:46.652+00:00,0.395406,0.9456843560001289,sqs-worker-5986dcd897-6kkl7,ip-192-168-20-201.ec2.internal,af75275763982616a77ce7f3f3adc363ecf8146c5931acc0b146e22b3cc5bf64,1,311.0,1257.0
1,hpa-mmpp-101-ffb11a1d,000188,92.94894,2026-08-31T18:47:51.234+00:00,2026-08-31T18:47:47.528+00:00,2026-08-31T18:47:47.532+00:00,2026-08-31T18:47:47.532+00:00,2026-08-31T18:47:47.631+00:00,2026-08-31T18:47:47.631+00:00,0.017834,0.09911255999941204,sqs-worker-5986dcd897-gm4bq,ip-192-168-20-201.ec2.internal,ec6a094114e319bd61ea782fc7bfa8f769f468fbc92ed6b87c9befecb6e02e12,1,4.0,103.0
1,hpa-mmpp-101-ffb11a1d,000187,92.83816,2026-08-31T18:47:51.124+00:00,2026-08-31T18:47:47.419+00:00,2026-08-31T18:47:47.423+00:00,2026-08-31T18:47:47.423+00:00,2026-08-31T18:47:48.301+00:00,2026-08-31T18:47:48.301+00:00,0.379092,0.8783110049998868,sqs-worker-5986dcd897-x8rdl,ip-192-168-20-201.ec2.internal,f3b1803a40e5ce00f89ea357d4efe183a5028272d29c87dd12d3662c97465ef7,1,4.0,882.0
1,hpa-mmpp-101-ffb11a1d,000176,90.59254,2026-08-31T18:47:48.878+00:00,2026-08-31T18:47:45.175+00:00,2026-08-31T18:47:45.180+00:00,2026-08-31T18:47:45.180+00:00,2026-08-31T18:47:45.661+00:00,2026-08-31T18:47:45.661+00:00,0.208546,0.48148720800054434,sqs-worker-5986dcd897-gm4bq,ip-192-168-20-201.ec2.internal,c8beca9cf0c1374e5f2957d3f4bef8dc7d40dd3607740299e80f0c43c65018a5,1,5.0,486.0
1,hpa-mmpp-101-ffb11a1d,000178,90.647493,2026-08-31T18:47:48.933+00:00,2026-08-31T18:47:45.225+00:00,2026-08-31T18:47:45.389+00:00,2026-08-31T18:47:45.389+00:00,2026-08-31T18:47:45.669+00:00,2026-08-31T18:47:45.669+00:00,0.141521,0.27987931099960406,sqs-worker-5986dcd897-hmbgr,ip-192-168-20-201.ec2.internal,03e3d2f58bee41fbbebb6f1b3effa1bb4f2db0ae33901ae7543887d3008524ce,1,164.0,444.0
1,hpa-mmpp-101-ffb11a1d,000177,90.595976,2026-08-31T18:47:48.881+00:00,2026-08-31T18:47:45.177+00:00,2026-08-31T18:47:45.209+00:00,2026-08-31T18:47:45.209+00:00,2026-08-31T18:47:46.103+00:00,2026-08-31T18:47:46.103+00:00,0.37649,0.8940474680002808,sqs-worker-5986dcd897-x8rdl,ip-192-168-20-201.ec2.internal,6dd169044f956c347ceafa52ab2e2bee700822ef66f18a7c910c515af689fc69,1,32.0,926.0
1,hpa-mmpp-101-ffb11a1d,000186,91.869777,2026-08-31T18:47:50.155+00:00,2026-08-31T18:47:46.447+00:00,2026-08-31T18:47:46.451+00:00,2026-08-31T18:47:46.451+00:00,2026-08-31T18:47:46.688+00:00,2026-08-31T18:47:46.688+00:00,0.109208,0.23747405399990384,sqs-worker-5986dcd897-x8rdl,ip-192-168-20-201.ec2.internal,4cf152122509e4ca1c7a3cf741fe99663fda8df1d25b08ae8d7ca9b35fd4dbc0,1,4.0,241.0
1,hpa-mmpp-101-ffb11a1d,000184,91.681941,2026-08-31T18:47:49.967+00:00,2026-08-31T18:47:46.264+00:00,2026-08-31T18:47:46.272+00:00,2026-08-31T18:47:46.272+00:00,2026-08-31T18:47:46.301+00:00,2026-08-31T18:47:46.301+00:00,0.026156,0.02838398599942593,sqs-worker-5986dcd897-x8rdl,ip-192-168-20-201.ec2.internal,64d78abddce0889f7cc32fa176cfc1119af6759541ef15a7f02b5680fbb4c94a,1,8.0,37.0
1,hpa-mmpp-101-ffb11a1d,000183,91.573427,2026-08-31T18:47:49.860+00:00,2026-08-31T18:47:46.187+00:00,2026-08-31T18:47:46.190+00:00,2026-08-31T18:47:46.190+00:00,2026-08-31T18:47:46.437+00:00,2026-08-31T18:47:46.437+00:00,0.121224,0.2471204299999954,sqs-worker-5986dcd897-hmbgr,ip-192-168-20-201.ec2.internal,7d423c50bb8554704dd27ca65894316b7c9699eabb7a0d6d872ffb2244f011ac,1,3.0,250.0
1,hpa-mmpp-101-ffb11a1d,000189,93.549665,2026-08-31T18:47:51.835+00:00,2026-08-31T18:47:48.130+00:00,2026-08-31T18:47:48.134+00:00,2026-08-31T18:47:48.134+00:00,2026-08-31T18:47:48.482+00:00,2026-08-31T18:47:48.482+00:00,0.155904,0.3477201639998384,sqs-worker-5986dcd897-6kkl7,ip-192-168-20-201.ec2.internal,8899c9204a075ec2b378da7a09f43439b546b3d540f4b650ac595c7c1e392148,1,4.0,352.0
1,hpa-mmpp-101-ffb11a1d,000190,95.944987,2026-08-31T18:47:54.233+00:00,2026-08-31T18:47:50.527+00:00,2026-08-31T18:47:50.533+00:00,2026-08-31T18:47:50.533+00:00,2026-08-31T18:47:50.937+00:00,2026-08-31T18:47:50.937+00:00,0.166186,0.40425814100035495,sqs-worker-5986dcd897-6kkl7,ip-192-168-20-201.ec2.internal,6be2349f6090232661c4f9807e3cb8ba0995e8021af88cc6c55821fa9a46430a,1,6.0,410.0
1,hpa-mmpp-101-ffb11a1d,000191,97.236421,2026-08-31T18:47:55.522+00:00,2026-08-31T18:47:51.815+00:00,2026-08-31T18:47:51.819+00:00,2026-08-31T18:47:51.819+00:00,2026-08-31T18:47:51.943+00:00,2026-08-31T18:47:51.943+00:00,0.06598,0.12400593100028345,sqs-worker-5986dcd897-hmbgr,ip-192-168-20-201.ec2.internal,e74e4541041731ad240e37f3cd00373468b601de9160bc6bf00e6cf3a648b336,1,4.0,128.0
1,hpa-mmpp-101-ffb11a1d,000192,98.564517,2026-08-31T18:47:56.850+00:00,2026-08-31T18:47:53.153+00:00,2026-08-31T18:47:53.157+00:00,2026-08-31T18:47:53.157+00:00,2026-08-31T18:47:53.260+00:00,2026-08-31T18:47:53.260+00:00,0.035097,0.10346550800022669,sqs-worker-5986dcd897-6kkl7,ip-192-168-20-201.ec2.internal,98df1c9cc27f2380e1055e06cbbfecec91fe203d4d784b4423b69c0fb8d24316,1,4.0,107.0
1,hpa-mmpp-101-ffb11a1d,000193,106.571592,2026-08-31T18:48:04.860+00:00,2026-08-31T18:48:01.157+00:00,2026-08-31T18:48:01.161+00:00,2026-08-31T18:48:01.161+00:00,2026-08-31T18:48:01.233+00:00,2026-08-31T18:48:01.233+00:00,0.043957,0.07212128700030007,sqs-worker-5986dcd897-6kkl7,ip-192-168-20-201.ec2.internal,5356994e4a226075a8aaa73516af4943158fb382b4ebe70ff805cbe177d3a964,1,4.0,76.0
1,hpa-mmpp-101-ffb11a1d,000196,109.620544,2026-08-31T18:48:07.904+00:00,2026-08-31T18:48:04.200+00:00,2026-08-31T18:48:04.204+00:00,2026-08-31T18:48:04.204+00:00,2026-08-31T18:48:04.263+00:00,2026-08-31T18:48:04.263+00:00,0.058215,0.05901754400019854,sqs-worker-5986dcd897-gm4bq,ip-192-168-20-201.ec2.internal,904dce00c85580a8bd6d7efe31e851a3e5a56c6eb9c38a70d0bbaa1c177529a0,1,4.0,63.0
1,hpa-mmpp-101-ffb11a1d,000198,109.889378,2026-08-31T18:48:08.173+00:00,2026-08-31T18:48:04.475+00:00,2026-08-31T18:48:04.479+00:00,2026-08-31T18:48:04.479+00:00,2026-08-31T18:48:04.554+00:00,2026-08-31T18:48:04.554+00:00,0.042653,0.075376576999588,sqs-worker-5986dcd897-gm4bq,ip-192-168-20-201.ec2.internal,d1dedbe4a8fd82de0a92ebc9f5e3844e3a0415325365bfea462e2cfd4d6e5fb5,1,4.0,79.0
1,hpa-mmpp-101-ffb11a1d,000195,109.601919,2026-08-31T18:48:07.886+00:00,2026-08-31T18:48:04.179+00:00,2026-08-31T18:48:04.183+00:00,2026-08-31T18:48:04.183+00:00,2026-08-31T18:48:04.684+00:00,2026-08-31T18:48:04.684+00:00,0.20166,0.5011880450001627,sqs-worker-5986dcd897-x8rdl,ip-192-168-20-201.ec2.internal,5298e994799a1f99d9a879045e00b8396e554e55636eb08a380c2e43c3feffee,1,4.0,505.0
1,hpa-mmpp-101-ffb11a1d,000197,109.751134,2026-08-31T18:48:08.035+00:00,2026-08-31T18:48:04.335+00:00,2026-08-31T18:48:04.339+00:00,2026-08-31T18:48:04.339+00:00,2026-08-31T18:48:04.556+00:00,2026-08-31T18:48:04.556+00:00,0.09579,0.21702310100044997,sqs-worker-5986dcd897-hmbgr,ip-192-168-20-201.ec2.internal,be1c66647531d76b1dfce38b171f82e20ad894cf1c91c733eac4807c06e8eb91,1,4.0,221.0
1,hpa-mmpp-101-ffb11a1d,000194,109.425174,2026-08-31T18:48:07.712+00:00,2026-08-31T18:48:04.014+00:00,2026-08-31T18:48:04.018+00:00,2026-08-31T18:48:04.018+00:00,2026-08-31T18:48:05.136+00:00,2026-08-31T18:48:05.136+00:00,0.461357,1.1177839889996903,sqs-worker-5986dcd897-6kkl7,ip-192-168-20-201.ec2.internal,305d345cb373b691d8314af4bd9d0d807b1102d1efb8202ef60f4bd50246b66b,1,4.0,1122.0
1,hpa-mmpp-101-ffb11a1d,000201,110.217309,2026-08-31T18:48:08.501+00:00,2026-08-31T18:48:04.800+00:00,2026-08-31T18:48:04.804+00:00,2026-08-31T18:48:04.804+00:00,2026-08-31T18:48:05.499+00:00,2026-08-31T18:48:05.499+00:00,0.295636,0.6945274319996315,sqs-worker-5986dcd897-x8rdl,ip-192-168-20-201.ec2.internal,ef8a0cc62912c36347a41fc56f0112d1ac5d6ad4be6a84bb1b67b5b17ed3cb4d,1,4.0,699.0
1,hpa-mmpp-101-ffb11a1d,000200,110.169033,2026-08-31T18:48:08.453+00:00,2026-08-31T18:48:04.746+00:00,2026-08-31T18:48:04.750+00:00,2026-08-31T18:48:04.750+00:00,2026-08-31T18:48:05.639+00:00,2026-08-31T18:48:05.639+00:00,0.366891,0.8891774459998487,sqs-worker-5986dcd897-hmbgr,ip-192-168-20-201.ec2.internal,7c30dcd74b75034a1a14d01866fcb1b5d12d90061834bc2331de14e07690e602,1,4.0,893.0
1,hpa-mmpp-101-ffb11a1d,000199,109.89512,2026-08-31T18:48:08.179+00:00,2026-08-31T18:48:04.479+00:00,2026-08-31T18:48:04.589+00:00,2026-08-31T18:48:04.589+00:00,2026-08-31T18:48:05.660+00:00,2026-08-31T18:48:05.660+00:00,0.446124,1.0715008669994859,sqs-worker-5986dcd897-gm4bq,ip-192-168-20-201.ec2.internal,60c370433035e7cbc8f1c0f8e60628a1f2642294171bc94a5f2ac462f9cb3a15,1,110.0,1181.0
1,hpa-mmpp-101-ffb11a1d,000202,113.573054,2026-08-31T18:48:11.860+00:00,2026-08-31T18:48:08.155+00:00,2026-08-31T18:48:08.220+00:00,2026-08-31T18:48:08.220+00:00,2026-08-31T18:48:08.521+00:00,2026-08-31T18:48:08.521+00:00,0.04883,0.3011829180004497,sqs-worker-5986dcd897-hmbgr,ip-192-168-20-201.ec2.internal,b07c29ab259b8db76d7915bf2dd5f1d01e88b07ed8f04a0ed25dc93786cf1c02,1,65.0,366.0
1,hpa-mmpp-101-ffb11a1d,000203,114.564676,2026-08-31T18:48:12.849+00:00,2026-08-31T18:48:09.147+00:00,2026-08-31T18:48:09.151+00:00,2026-08-31T18:48:09.151+00:00,2026-08-31T18:48:09.165+00:00,2026-08-31T18:48:09.165+00:00,0.014173,0.014212879999831785,sqs-worker-5986dcd897-gm4bq,ip-192-168-20-201.ec2.internal,8b0fb71624a222df7a0ba9206d1738d1ca6825af4b39a42d04d4ce92e2d387da,1,4.0,18.0
1,hpa-mmpp-101-ffb11a1d,000204,114.631459,2026-08-31T18:48:12.915+00:00,2026-08-31T18:48:09.210+00:00,2026-08-31T18:48:09.214+00:00,2026-08-31T18:48:09.214+00:00,2026-08-31T18:48:09.831+00:00,2026-08-31T18:48:09.831+00:00,0.261604,0.6172378680003021,sqs-worker-5986dcd897-6kkl7,ip-192-168-20-201.ec2.internal,59c2b3e4eb42083fd3b19c8193c8803522a0df5f0d3f155795b27bb9691370d3,1,4.0,621.0
1,hpa-mmpp-101-ffb11a1d,000207,116.295977,2026-08-31T18:48:14.580+00:00,2026-08-31T18:48:10.874+00:00,2026-08-31T18:48:10.878+00:00,2026-08-31T18:48:10.878+00:00,2026-08-31T18:48:10.908+00:00,2026-08-31T18:48:10.908+00:00,0.030327,0.0303888120006377,sqs-worker-5986dcd897-gm4bq,ip-192-168-20-201.ec2.internal,8e3df0ee25cc042742a8ce71692d3e901fd7411bef09538f8fe53bc7f93df217,1,4.0,34.0
1,hpa-mmpp-101-ffb11a1d,000208,116.367887,2026-08-31T18:48:14.652+00:00,2026-08-31T18:48:10.952+00:00,2026-08-31T18:48:10.956+00:00,2026-08-31T18:48:10.956+00:00,2026-08-31T18:48:11.049+00:00,2026-08-31T18:48:11.049+00:00,0.042503,0.09254255599989847,sqs-worker-5986dcd897-gm4bq,ip-192-168-20-201.ec2.internal,e4d0cc5b2d80d7620fb57a2b5ca8ee9dce28f87984b17cf9ababfa6f5f3b8d6e,1,4.0,97.0
1,hpa-mmpp-101-ffb11a1d,000210,116.751108,2026-08-31T18:48:15.035+00:00,2026-08-31T18:48:11.328+00:00,2026-08-31T18:48:11.332+00:00,2026-08-31T18:48:11.332+00:00,2026-08-31T18:48:11.347+00:00,2026-08-31T18:48:11.347+00:00,0.007578,0.015778777999912563,sqs-worker-5986dcd897-6kkl7,ip-192-168-20-201.ec2.internal,ee6350f3501c21778af9cfc7693b590cb5ffa23225d6d5b6fef150a5f8c2799e,1,4.0,19.0
1,hpa-mmpp-101-ffb11a1d,000206,116.170719,2026-08-31T18:48:14.455+00:00,2026-08-31T18:48:10.753+00:00,2026-08-31T18:48:10.758+00:00,2026-08-31T18:48:10.758+00:00,2026-08-31T18:48:11.377+00:00,2026-08-31T18:48:11.377+00:00,0.241584,0.6189735880006992,sqs-worker-5986dcd897-x8rdl,ip-192-168-20-201.ec2.internal,34c334b739c1f84cfd0b386ee41387083ad4b10649998ec94c8df2fbac46f40a,1,5.0,624.0
1,hpa-mmpp-101-ffb11a1d,000209,116.689032,2026-08-31T18:48:14.973+00:00,2026-08-31T18:48:11.275+00:00,2026-08-31T18:48:11.279+00:00,2026-08-31T18:48:11.279+00:00,2026-08-31T18:48:12.134+00:00,2026-08-31T18:48:12.134+00:00,0.361155,0.8556291060003787,sqs-worker-5986dcd897-hmbgr,ip-192-168-20-201.ec2.internal,9362a1a843dc9fabefb6e3660ecb99c9ec7243a16fef132d604a07c55d232bc0,1,4.0,859.0
1,hpa-mmpp-101-ffb11a1d,000205,116.032287,2026-08-31T18:48:14.318+00:00,2026-08-31T18:48:11.121+00:00,2026-08-31T18:48:11.127+00:00,2026-08-31T18:48:11.127+00:00,2026-08-31T18:48:11.939+00:00,2026-08-31T18:48:11.939+00:00,0.335034,0.8114636439995593,sqs-worker-5986dcd897-gm4bq,ip-192-168-20-201.ec2.internal,864881e97fd5209b56f6ef52bd29eae98a61d17fcb1bbb8ad273d1e49e483d4c,1,6.0,818.0
1,hpa-mmpp-101-ffb11a1d,000211,117.831755,2026-08-31T18:48:16.117+00:00,2026-08-31T18:48:12.410+00:00,2026-08-31T18:48:12.414+00:00,2026-08-31T18:48:12.414+00:00,2026-08-31T18:48:12.638+00:00,2026-08-31T18:48:12.638+00:00,0.102381,0.22405216500010283,sqs-worker-5986dcd897-hmbgr,ip-192-168-20-201.ec2.internal,f10fee00764a6023d87e97e5fe755d2c67bab952da550b1996423f208734bf1e,1,4.0,228.0
1,hpa-mmpp-101-ffb11a1d,000212,118.039196,2026-08-31T18:48:16.323+00:00,2026-08-31T18:48:12.622+00:00,2026-08-31T18:48:12.627+00:00,2026-08-31T18:48:12.627+00:00,2026-08-31T18:48:12.858+00:00,2026-08-31T18:48:12.859+00:00,0.114741,0.2310822179997558,sqs-worker-5986dcd897-gm4bq,ip-192-168-20-201.ec2.internal,f8d227fa2f21a88b55a25bdb9f7cff48ae9f46e9b37fff51092a70c1cf175ee3,1,5.0,236.0
1,hpa-mmpp-101-ffb11a1d,000213,118.682148,2026-08-31T18:48:16.967+00:00,2026-08-31T18:48:13.265+00:00,2026-08-31T18:48:13.270+00:00,2026-08-31T18:48:13.270+00:00,2026-08-31T18:48:13.840+00:00,2026-08-31T18:48:13.840+00:00,0.183321,0.5701169269996171,sqs-worker-5986dcd897-6kkl7,ip-192-168-20-201.ec2.internal,b2c778f334c9f9cec1f3541120c3cd252f5319e654d289f0b94e42ddda2dfbf0,1,5.0,575.0
1,hpa-mmpp-101-ffb11a1d,000216,119.227653,2026-08-31T18:48:17.512+00:00,2026-08-31T18:48:13.808+00:00,2026-08-31T18:48:13.862+00:00,2026-08-31T18:48:13.862+00:00,2026-08-31T18:48:14.164+00:00,2026-08-31T18:48:14.164+00:00,0.137582,0.3018441550002535,sqs-worker-5986dcd897-gm4bq,ip-192-168-20-201.ec2.internal,66ff9bd5982284d3487200fc5529864621af0c5a265f902aae816844de36606f,1,54.0,356.0
1,hpa-mmpp-101-ffb11a1d,000215,119.223557,2026-08-31T18:48:17.508+00:00,2026-08-31T18:48:13.808+00:00,2026-08-31T18:48:13.862+00:00,2026-08-31T18:48:13.862+00:00,2026-08-31T18:48:14.172+00:00,2026-08-31T18:48:14.172+00:00,0.159823,0.3099323039996307,sqs-worker-5986dcd897-hmbgr,ip-192-168-20-201.ec2.internal,1d2b256bb161b686c6e8ed11e82988c04b00447cf30083ea28999aba3bb186de,1,54.0,364.0
1,hpa-mmpp-101-ffb11a1d,000214,118.894449,2026-08-31T18:48:17.178+00:00,2026-08-31T18:48:13.478+00:00,2026-08-31T18:48:13.481+00:00,2026-08-31T18:48:13.482+00:00,2026-08-31T18:48:14.094+00:00,2026-08-31T18:48:14.094+00:00,0.247982,0.6125185659993804,sqs-worker-5986dcd897-x8rdl,ip-192-168-20-201.ec2.internal,4fe4d5bc70fadc7acec1ec74199d196ba2fa1cfc7af96acb022a1cdde2216162,1,3.0,616.0
1,hpa-mmpp-101-ffb11a1d,000217,120.226569,2026-08-31T18:48:18.511+00:00,2026-08-31T18:48:14.803+00:00,2026-08-31T18:48:14.807+00:00,2026-08-31T18:48:14.807+00:00,2026-08-31T18:48:15.200+00:00,2026-08-31T18:48:15.200+00:00,0.176937,0.392334025999844,sqs-worker-5986dcd897-x8rdl,ip-192-168-20-201.ec2.internal,808c7ecbe7381bacb81e72d744fd39dcd06b2c5188fab6cbe1bcef156f49cd44,1,4.0,397.0
1,hpa-mmpp-101-ffb11a1d,000221,120.809799,2026-08-31T18:48:19.094+00:00,2026-08-31T18:48:15.392+00:00,2026-08-31T18:48:15.395+00:00,2026-08-31T18:48:15.396+00:00,2026-08-31T18:48:15.424+00:00,2026-08-31T18:48:15.424+00:00,0.02871,0.028758125000422297,sqs-worker-5986dcd897-gm4bq,ip-192-168-20-201.ec2.internal,98e81de9c37f5fae60d62610a24ceb74b3fab281e0bd151dee99227873407537,1,3.0,32.0
1,hpa-mmpp-101-ffb11a1d,000220,120.763309,2026-08-31T18:48:19.048+00:00,2026-08-31T18:48:15.342+00:00,2026-08-31T18:48:15.346+00:00,2026-08-31T18:48:15.346+00:00,2026-08-31T18:48:15.596+00:00,2026-08-31T18:48:15.596+00:00,0.132316,0.250401575000069,sqs-worker-5986dcd897-x8rdl,ip-192-168-20-201.ec2.internal,530203668d9214d6b8a5753ad2186b901a793579fb223fa6b8199632cb11a99a,1,4.0,254.0
1,hpa-mmpp-101-ffb11a1d,000222,120.939918,2026-08-31T18:48:19.224+00:00,2026-08-31T18:48:15.519+00:00,2026-08-31T18:48:15.524+00:00,2026-08-31T18:48:15.524+00:00,2026-08-31T18:48:15.747+00:00,2026-08-31T18:48:15.747+00:00,0.10078,0.22287186500034295,sqs-worker-5986dcd897-hmbgr,ip-192-168-20-201.ec2.internal,7a908374c742b47f737fc4c89460bc83d4cf59b8864e21d6d19efc926a2fdff9,1,5.0,228.0
1,hpa-mmpp-101-ffb11a1d,000219,120.241601,2026-08-31T18:48:18.525+00:00,2026-08-31T18:48:14.823+00:00,2026-08-31T18:48:14.837+00:00,2026-08-31T18:48:14.837+00:00,2026-08-31T18:48:15.329+00:00,2026-08-31T18:48:15.329+00:00,0.200789,0.4928319120008382,sqs-worker-5986dcd897-gm4bq,ip-192-168-20-201.ec2.internal,0a3e0f67415a6feee2c274c850b40d11677d1a03c5e66be9bfd48566bc279e56,1,14.0,506.0
1,hpa-mmpp-101-ffb11a1d,000225,122.092292,2026-08-31T18:48:20.376+00:00,2026-08-31T18:48:16.676+00:00,2026-08-31T18:48:16.684+00:00,2026-08-31T18:48:16.684+00:00,2026-08-31T18:48:16.696+00:00,2026-08-31T18:48:16.696+00:00,0.011474,0.011535229999935837,sqs-worker-5986dcd897-gm4bq,ip-192-168-20-201.ec2.internal,67af7e9a5e2a0eccd3634beed4e89f2b37303c29ab876b928e931feb1c0f8b9d,1,8.0,20.0
1,hpa-mmpp-101-ffb11a1d,000223,121.60462,2026-08-31T18:48:19.889+00:00,2026-08-31T18:48:16.184+00:00,2026-08-31T18:48:16.190+00:00,2026-08-31T18:48:16.190+00:00,2026-08-31T18:48:16.519+00:00,2026-08-31T18:48:16.519+00:00,0.15478,0.3292083290007213,sqs-worker-5986dcd897-hmbgr,ip-192-168-20-201.ec2.internal,cd7ccfa5de8a13bb8b6c7bea67ffcc106306a89d78c4cb492f04b8cac2534c44,1,6.0,335.0
1,hpa-mmpp-101-ffb11a1d,000224,121.840903,2026-08-31T18:48:20.125+00:00,2026-08-31T18:48:16.417+00:00,2026-08-31T18:48:16.421+00:00,2026-08-31T18:48:16.421+00:00,2026-08-31T18:48:17.608+00:00,2026-08-31T18:48:17.608+00:00,0.50836,1.1865755609996995,sqs-worker-5986dcd897-x8rdl,ip-192-168-20-201.ec2.internal,854f9292e4420a0a7334fdaeafeafd75b7ecb1d72f51dabacdf147f90476f2f6,1,4.0,1191.0
1,hpa-mmpp-101-ffb11a1d,000218,120.235267,2026-08-31T18:48:18.519+00:00,2026-08-31T18:48:14.818+00:00,2026-08-31T18:48:14.823+00:00,2026-08-31T18:48:14.823+00:00,2026-08-31T18:48:16.631+00:00,2026-08-31T18:48:16.631+00:00,0.731314,1.80810331199973,sqs-worker-5986dcd897-6kkl7,ip-192-168-20-201.ec2.internal,94fd136c1811162d760c38ccf10f61febb04f67842c35a7e0dc0fd8cb3658630,1,5.0,1813.0
1,hpa-mmpp-101-ffb11a1d,000226,122.490701,2026-08-31T18:48:20.775+00:00,2026-08-31T18:48:17.067+00:00,2026-08-31T18:48:17.072+00:00,2026-08-31T18:48:17.072+00:00,2026-08-31T18:48:17.077+00:00,2026-08-31T18:48:17.077+00:00,0.005,0.0050659869993978646,sqs-worker-5986dcd897-gm4bq,ip-192-168-20-201.ec2.internal,ab4398dcbf53c4a2c644bf99f322cccc44dd7a7f8d41bf7a3f11cf3dd0757b39,1,5.0,10.0
1,hpa-mmpp-101-ffb11a1d,000227,122.537278,2026-08-31T18:48:20.821+00:00,2026-08-31T18:48:17.116+00:00,2026-08-31T18:48:17.120+00:00,2026-08-31T18:48:17.120+00:00,2026-08-31T18:48:18.336+00:00,2026-08-31T18:48:18.336+00:00,0.267244,1.2165647579995493,sqs-worker-5986dcd897-gm4bq,ip-192-168-20-201.ec2.internal,84534e0929e3a37c9601fdee5afa44ed2a2e4a8a9566876d50de4b864ff4a4f3,1,4.0,1220.0
1,hpa-mmpp-101-ffb11a1d,000228,122.777796,2026-08-31T18:48:21.062+00:00,2026-08-31T18:48:17.359+00:00,2026-08-31T18:48:17.363+00:00,2026-08-31T18:48:17.363+00:00,2026-08-31T18:48:17.465+00:00,2026-08-31T18:48:17.465+00:00,0.061311,0.10214281200023834,sqs-worker-5986dcd897-6kkl7,ip-192-168-20-201.ec2.internal,c38e4defc0a7aba55a82687262cbee4ca4740f7717becf8166092769524eac53,1,4.0,106.0
1,hpa-mmpp-101-ffb11a1d,000229,123.710089,2026-08-31T18:48:21.995+00:00,2026-08-31T18:48:18.288+00:00,2026-08-31T18:48:18.292+00:00,2026-08-31T18:48:18.292+00:00,2026-08-31T18:48:18.970+00:00,2026-08-31T18:48:18.970+00:00,0.306531,0.6777364639992811,sqs-worker-5986dcd897-6kkl7,ip-192-168-20-201.ec2.internal,60b88309f1659b9bc90168cad39c3520e1fa08d3bdec6ddf2be401ef7cd8d103,1,4.0,682.0
1,hpa-mmpp-101-ffb11a1d,000234,124.432726,2026-08-31T18:48:22.717+00:00,2026-08-31T18:48:19.012+00:00,2026-08-31T18:48:19.016+00:00,2026-08-31T18:48:19.016+00:00,2026-08-31T18:48:19.297+00:00,2026-08-31T18:48:19.297+00:00,0.129413,0.28157750299942563,sqs-worker-5986dcd897-x8rdl,ip-192-168-20-201.ec2.internal,97555561bfe2508acebfe1205c43b1b2c3c415a77fc86938756494b91514ac1e,1,4.0,285.0
1,hpa-mmpp-101-ffb11a1d,000231,124.10062,2026-08-31T18:48:22.385+00:00,2026-08-31T18:48:18.681+00:00,2026-08-31T18:48:18.685+00:00,2026-08-31T18:48:18.686+00:00,2026-08-31T18:48:18.985+00:00,2026-08-31T18:48:18.985+00:00,0.120876,0.29982478200054175,sqs-worker-5986dcd897-x8rdl,ip-192-168-20-201.ec2.internal,d76c2a08805c08cdb995bcc0ab073bc6b344b262ebd03056d3b601a818c5a99a,1,4.0,304.0
1,hpa-mmpp-101-ffb11a1d,000232,124.25795,2026-08-31T18:48:22.542+00:00,2026-08-31T18:48:18.837+00:00,2026-08-31T18:48:18.847+00:00,2026-08-31T18:48:18.847+00:00,2026-08-31T18:48:19.365+00:00,2026-08-31T18:48:19.365+00:00,0.125553,0.518235695999465,sqs-worker-5986dcd897-gm4bq,ip-192-168-20-201.ec2.internal,660b5468d3088eecd4001a77f89cb2776c6ef10bfc3f261e2c8e643db5ce1403,1,10.0,528.0
1,hpa-mmpp-101-ffb11a1d,000233,124.271289,2026-08-31T18:48:22.555+00:00,2026-08-31T18:48:18.850+00:00,2026-08-31T18:48:19.007+00:00,2026-08-31T18:48:19.007+00:00,2026-08-31T18:48:19.544+00:00,2026-08-31T18:48:19.545+00:00,0.213481,0.5374311639998268,sqs-worker-5986dcd897-6kkl7,ip-192-168-20-201.ec2.internal,0528406e2fc51c49f643a0e86efff98a6a994a292511ae086f6849d9bfb26823,1,157.0,694.0
1,hpa-mmpp-101-ffb11a1d,000230,123.737428,2026-08-31T18:48:22.021+00:00,2026-08-31T18:48:18.313+00:00,2026-08-31T18:48:18.317+00:00,2026-08-31T18:48:18.317+00:00,2026-08-31T18:48:19.157+00:00,2026-08-31T18:48:19.157+00:00,0.244409,0.8402969819999271,sqs-worker-5986dcd897-hmbgr,ip-192-168-20-201.ec2.internal,194b23a31a52c0cd0ae4377a0f95abf998f9c07a1ea7cb475c9b2e80cbc00bcb,1,4.0,844.0
1,hpa-mmpp-101-ffb11a1d,000235,124.826426,2026-08-31T18:48:23.111+00:00,2026-08-31T18:48:19.408+00:00,2026-08-31T18:48:19.411+00:00,2026-08-31T18:48:19.411+00:00,2026-08-31T18:48:20.039+00:00,2026-08-31T18:48:20.039+00:00,0.264557,0.6280560819996026,sqs-worker-5986dcd897-hmbgr,ip-192-168-20-201.ec2.internal,e37db78153727f82b9c2a3f8e3965d8d844f9265f452efdb1f976e3c86785307,1,3.0,631.0
1,hpa-mmpp-101-ffb11a1d,000241,125.774668,2026-08-31T18:48:24.059+00:00,2026-08-31T18:48:20.357+00:00,2026-08-31T18:48:20.696+00:00,2026-08-31T18:48:20.696+00:00,2026-08-31T18:48:20.938+00:00,2026-08-31T18:48:20.938+00:00,0.097821,0.24190504600028362,sqs-worker-5986dcd897-hmbgr,ip-192-168-20-201.ec2.internal,2f5672f7b7749094ed30c37ff0c6fb365fe1a93cda1b4ec0e41a9d5c854779a0,1,339.0,581.0
1,hpa-mmpp-101-ffb11a1d,000243,125.907311,2026-08-31T18:48:24.191+00:00,2026-08-31T18:48:20.485+00:00,2026-08-31T18:48:21.000+00:00,2026-08-31T18:48:21.000+00:00,2026-08-31T18:48:21.131+00:00,2026-08-31T18:48:21.131+00:00,0.070175,0.13103140500061272,sqs-worker-5986dcd897-hmbgr,ip-192-168-20-201.ec2.internal,7c03167313962560be1a32c210823dba7c2fc51907a5b239fde5cb0e8f787ba0,1,515.0,646.0
1,hpa-mmpp-101-ffb11a1d,000240,125.034809,2026-08-31T18:48:23.319+00:00,2026-08-31T18:48:19.618+00:00,2026-08-31T18:48:20.074+00:00,2026-08-31T18:48:20.074+00:00,2026-08-31T18:48:20.654+00:00,2026-08-31T18:48:20.654+00:00,0.25083,0.5792735730001368,sqs-worker-5986dcd897-hmbgr,ip-192-168-20-201.ec2.internal,b67c8ab2135c920bfe02bdca4d08faf2836b3fd45a26ebb67ba08fc710479349,1,456.0,1036.0
1,hpa-mmpp-101-ffb11a1d,000238,124.946833,2026-08-31T18:48:23.231+00:00,2026-08-31T18:48:19.532+00:00,2026-08-31T18:48:19.571+00:00,2026-08-31T18:48:19.571+00:00,2026-08-31T18:48:20.651+00:00,2026-08-31T18:48:20.651+00:00,0.437948,1.0802270960002716,sqs-worker-5986dcd897-6kkl7,ip-192-168-20-201.ec2.internal,630d3897197e2f39d11096e30ec1759f1fefa55141b6c072c1df54b6d917bb9a,1,39.0,1119.0
1,hpa-mmpp-101-ffb11a1d,000242,125.78029,2026-08-31T18:48:24.064+00:00,2026-08-31T18:48:20.365+00:00,2026-08-31T18:48:20.880+00:00,2026-08-31T18:48:20.880+00:00,2026-08-31T18:48:21.235+00:00,2026-08-31T18:48:21.235+00:00,0.132508,0.3550915300002089,sqs-worker-5986dcd897-6kkl7,ip-192-168-20-201.ec2.internal,881adc254f1bc381a0ebe0ec97181fa5606b941c72af5af045a9779d06e66b12,1,515.0,870.0
1,hpa-mmpp-101-ffb11a1d,000237,124.8823,2026-08-31T18:48:23.166+00:00,2026-08-31T18:48:19.462+00:00,2026-08-31T18:48:19.476+00:00,2026-08-31T18:48:19.476+00:00,2026-08-31T18:48:21.535+00:00,2026-08-31T18:48:21.535+00:00,0.676709,2.059212827999545,sqs-worker-5986dcd897-gm4bq,ip-192-168-20-201.ec2.internal,4a18acd30f20c56a3b048972589f7c15605a356d4a3345856999847bcb2cb236,1,14.0,2073.0
1,hpa-mmpp-101-ffb11a1d,000244,126.995593,2026-08-31T18:48:25.278+00:00,2026-08-31T18:48:21.576+00:00,2026-08-31T18:48:21.581+00:00,2026-08-31T18:48:21.582+00:00,2026-08-31T18:48:21.641+00:00,2026-08-31T18:48:21.641+00:00,0.037994,0.05909428599989042,sqs-worker-5986dcd897-gm4bq,ip-192-168-20-201.ec2.internal,3891e7d3263a3944697ea73e35065ac785c87441579ef97272278314662e1156,1,5.0,65.0
1,hpa-mmpp-101-ffb11a1d,000239,124.983267,2026-08-31T18:48:23.267+00:00,2026-08-31T18:48:19.564+00:00,2026-08-31T18:48:20.678+00:00,2026-08-31T18:48:20.678+00:00,2026-08-31T18:48:20.864+00:00,2026-08-31T18:48:20.864+00:00,0.08838,0.18590491100076179,sqs-worker-5986dcd897-6kkl7,ip-192-168-20-201.ec2.internal,4ec016812a4fc56bfa1ef0ffad714e4825ac1ee4ee4b66c7327635cc1f6cd251,1,1114.0,1300.0
1,hpa-mmpp-101-ffb11a1d,000236,124.828887,2026-08-31T18:48:23.113+00:00,2026-08-31T18:48:19.408+00:00,2026-08-31T18:48:19.412+00:00,2026-08-31T18:48:19.412+00:00,2026-08-31T18:48:21.474+00:00,2026-08-31T18:48:21.474+00:00,0.446596,2.0624259930000335,sqs-worker-5986dcd897-x8rdl,ip-192-168-20-201.ec2.internal,f2e62595a6672e53125a5303d685285de835e21aec63829df3442e5402ba2471,1,4.0,2066.0
1,hpa-mmpp-101-ffb11a1d,000247,128.72805,2026-08-31T18:48:27.011+00:00,2026-08-31T18:48:23.303+00:00,2026-08-31T18:48:23.308+00:00,2026-08-31T18:48:23.308+00:00,2026-08-31T18:48:23.333+00:00,2026-08-31T18:48:23.333+00:00,0.025487,0.02553714499936177,sqs-worker-5986dcd897-hmbgr,ip-192-168-20-201.ec2.internal,4a93224402582aa62bdb2fb2ae3a1d8b6740a2a4111c2768a73611f02163c217,1,5.0,30.0
1,hpa-mmpp-101-ffb11a1d,000245,127.500891,2026-08-31T18:48:25.784+00:00,2026-08-31T18:48:22.579+00:00,2026-08-31T18:48:22.582+00:00,2026-08-31T18:48:22.582+00:00,2026-08-31T18:48:23.044+00:00,2026-08-31T18:48:23.044+00:00,0.207883,0.46154467399992427,sqs-worker-5986dcd897-hmbgr,ip-192-168-20-201.ec2.internal,c08a9cb29bc4e0d8f6684f647762cb313fbe7a171c5036ddb1b63879cb94d20a,1,3.0,465.0
1,hpa-mmpp-101-ffb11a1d,000248,128.762634,2026-08-31T18:48:27.046+00:00,2026-08-31T18:48:23.340+00:00,2026-08-31T18:48:23.347+00:00,2026-08-31T18:48:23.347+00:00,2026-08-31T18:48:23.362+00:00,2026-08-31T18:48:23.362+00:00,0.013372,0.01565135900000314,sqs-worker-5986dcd897-gm4bq,ip-192-168-20-201.ec2.internal,a3ce5a23ae8831d79f40feeb46cc429be52f9870fdbdd226cd2938c17dba0d92,1,7.0,22.0
1,hpa-mmpp-101-ffb11a1d,000246,128.381791,2026-08-31T18:48:26.665+00:00,2026-08-31T18:48:22.963+00:00,2026-08-31T18:48:22.973+00:00,2026-08-31T18:48:22.973+00:00,2026-08-31T18:48:24.550+00:00,2026-08-31T18:48:24.550+00:00,0.424369,1.5762020880001728,sqs-worker-5986dcd897-6kkl7,ip-192-168-20-201.ec2.internal,3baf5f95ec386c19183b4cb4535b5525078707c7f3ef9069e3d86061b4202262,1,10.0,1587.0
1,hpa-mmpp-101-ffb11a1d,000249,129.227952,2026-08-31T18:48:27.511+00:00,2026-08-31T18:48:23.803+00:00,2026-08-31T18:48:23.808+00:00,2026-08-31T18:48:23.808+00:00,2026-08-31T18:48:24.598+00:00,2026-08-31T18:48:24.598+00:00,0.334959,0.7905815760004771,sqs-worker-5986dcd897-x8rdl,ip-192-168-20-201.ec2.internal,940f6bcd15797bc5f429cc54a75a9dac75d67a3994bbaae0955b07d1ccbe0c68,1,5.0,795.0
1,hpa-mmpp-101-ffb11a1d,000250,130.423221,2026-08-31T18:48:28.706+00:00,2026-08-31T18:48:25.002+00:00,2026-08-31T18:48:25.006+00:00,2026-08-31T18:48:25.006+00:00,2026-08-31T18:48:25.507+00:00,2026-08-31T18:48:25.507+00:00,0.223927,0.5004691130006904,sqs-worker-5986dcd897-x8rdl,ip-192-168-20-201.ec2.internal,5843376e60dac2631b1154f40dd23ac31921be6e770d342ece71ea71809e2a30,1,4.0,505.0
1,hpa-mmpp-101-ffb11a1d,000251,130.788455,2026-08-31T18:48:29.071+00:00,2026-08-31T18:48:25.372+00:00,2026-08-31T18:48:25.376+00:00,2026-08-31T18:48:25.376+00:00,2026-08-31T18:48:25.572+00:00,2026-08-31T18:48:25.572+00:00,0.105131,0.19615696599976218,sqs-worker-5986dcd897-gm4bq,ip-192-168-20-201.ec2.internal,851fadf49ee69e31358ee1623f7de865a6c343add3c8dabfe8f6dc5f4e1dce46,1,4.0,200.0
1,hpa-mmpp-101-ffb11a1d,000253,131.86584,2026-08-31T18:48:30.149+00:00,2026-08-31T18:48:26.441+00:00,2026-08-31T18:48:26.445+00:00,2026-08-31T18:48:26.445+00:00,2026-08-31T18:48:26.566+00:00,2026-08-31T18:48:26.566+00:00,0.076641,0.12143267400006152,sqs-worker-5986dcd897-6kkl7,ip-192-168-20-201.ec2.internal,976a4e148f5930530ad36433bc32256922dfc99d9dd61ebbf1855ac73b9e18b6,1,4.0,125.0
1,hpa-mmpp-101-ffb11a1d,000254,132.134232,2026-08-31T18:48:30.417+00:00,2026-08-31T18:48:26.709+00:00,2026-08-31T18:48:26.713+00:00,2026-08-31T18:48:26.713+00:00,2026-08-31T18:48:26.864+00:00,2026-08-31T18:48:26.864+00:00,0.093891,0.15179355300006137,sqs-worker-5986dcd897-6kkl7,ip-192-168-20-201.ec2.internal,a23129f44716ecd5ee1bfb148c3481236b15f32b79eddd20d7505492deafda86,1,4.0,155.0
1,hpa-mmpp-101-ffb11a1d,000255,132.480112,2026-08-31T18:48:30.763+00:00,2026-08-31T18:48:27.054+00:00,2026-08-31T18:48:27.058+00:00,2026-08-31T18:48:27.058+00:00,2026-08-31T18:48:27.177+00:00,2026-08-31T18:48:27.177+00:00,0.066623,0.11889517100007652,sqs-worker-5986dcd897-gm4bq,ip-192-168-20-201.ec2.internal,3b21ba90f77e3a16aabac26c77fe8f4d57211e7c550edb00c3e0030a824cff51,1,4.0,123.0
1,hpa-mmpp-101-ffb11a1d,000252,131.706261,2026-08-31T18:48:29.990+00:00,2026-08-31T18:48:26.288+00:00,2026-08-31T18:48:26.292+00:00,2026-08-31T18:48:26.292+00:00,2026-08-31T18:48:27.543+00:00,2026-08-31T18:48:27.543+00:00,0.470637,1.2505510769997272,sqs-worker-5986dcd897-hmbgr,ip-192-168-20-201.ec2.internal,e5f38cf26da21887d8c61d8e7983ed1ea7a1c8033a79be773d036d44f7bdfdb7,1,4.0,1255.0
1,hpa-mmpp-101-ffb11a1d,000256,133.174359,2026-08-31T18:48:31.458+00:00,2026-08-31T18:48:27.752+00:00,2026-08-31T18:48:27.772+00:00,2026-08-31T18:48:27.772+00:00,2026-08-31T18:48:27.873+00:00,2026-08-31T18:48:27.873+00:00,0.067615,0.10064620600041962,sqs-worker-5986dcd897-6kkl7,ip-192-168-20-201.ec2.internal,67483c0fb902416a678b40965396a2d6e6abadfc3351df5ead125633e7aaf936,1,20.0,121.0
1,hpa-mmpp-101-ffb11a1d,000258,134.005006,2026-08-31T18:48:32.288+00:00,2026-08-31T18:48:28.584+00:00,2026-08-31T18:48:28.588+00:00,2026-08-31T18:48:28.588+00:00,2026-08-31T18:48:28.759+00:00,2026-08-31T18:48:28.759+00:00,0.10033,0.17141075700055808,sqs-worker-5986dcd897-6kkl7,ip-192-168-20-201.ec2.internal,34065ccb81b2cfd027a0b34e88424985bfc3ec0b1e8e467de1b877a5d043218a,1,4.0,175.0
1,hpa-mmpp-101-ffb11a1d,000260,134.312105,2026-08-31T18:48:32.595+00:00,2026-08-31T18:48:28.889+00:00,2026-08-31T18:48:28.893+00:00,2026-08-31T18:48:28.893+00:00,2026-08-31T18:48:28.903+00:00,2026-08-31T18:48:28.903+00:00,0.010775,0.01083573600044474,sqs-worker-5986dcd897-6kkl7,ip-192-168-20-201.ec2.internal,aed335177776010f90c4b67629d471f7126bcb524b74c5c0ff8c8867f8d8337b,1,4.0,14.0
1,hpa-mmpp-101-ffb11a1d,000259,134.260198,2026-08-31T18:48:32.543+00:00,2026-08-31T18:48:28.834+00:00,2026-08-31T18:48:28.852+00:00,2026-08-31T18:48:28.852+00:00,2026-08-31T18:48:29.218+00:00,2026-08-31T18:48:29.218+00:00,0.175875,0.36576798599980975,sqs-worker-5986dcd897-x8rdl,ip-192-168-20-201.ec2.internal,fc15bf3b67336b8f7b09b0c3c7dbf6faa5866b1322fa09c81e18b40aa6b12834,1,18.0,384.0
1,hpa-mmpp-101-ffb11a1d,000257,133.75633,2026-08-31T18:48:32.040+00:00,2026-08-31T18:48:28.332+00:00,2026-08-31T18:48:28.337+00:00,2026-08-31T18:48:28.337+00:00,2026-08-31T18:48:29.468+00:00,2026-08-31T18:48:29.468+00:00,0.257237,1.1311702840002908,sqs-worker-5986dcd897-hmbgr,ip-192-168-20-201.ec2.internal,f44ceb450ca60e474b4583c64ccd13cd29091bb741c78b9d6f3d8bdc57470708,1,5.0,1136.0
1,hpa-mmpp-101-ffb11a1d,000263,134.557334,2026-08-31T18:48:32.840+00:00,2026-08-31T18:48:29.134+00:00,2026-08-31T18:48:29.526+00:00,2026-08-31T18:48:29.526+00:00,2026-08-31T18:48:30.438+00:00,2026-08-31T18:48:30.438+00:00,0.375018,0.9116845230000763,sqs-worker-5986dcd897-hmbgr,ip-192-168-20-201.ec2.internal,b92ef91c63f8b0bf8d96f092cc165efa7166caaa25d8e01a93b78a71b325b076,1,392.0,1304.0
1,hpa-mmpp-101-ffb11a1d,000261,134.471463,2026-08-31T18:48:32.754+00:00,2026-08-31T18:48:29.053+00:00,2026-08-31T18:48:29.057+00:00,2026-08-31T18:48:29.057+00:00,2026-08-31T18:48:30.415+00:00,2026-08-31T18:48:30.415+00:00,0.55782,1.3583110370000213,sqs-worker-5986dcd897-gm4bq,ip-192-168-20-201.ec2.internal,1e04b572caf62aa2038bd9245093b6542a067bd7a8d07aaf078de0fdd26e1acb,1,4.0,1362.0
1,hpa-mmpp-101-ffb11a1d,000264,134.60245,2026-08-31T18:48:32.885+00:00,2026-08-31T18:48:29.184+00:00,2026-08-31T18:48:29.253+00:00,2026-08-31T18:48:29.253+00:00,2026-08-31T18:48:30.800+00:00,2026-08-31T18:48:30.800+00:00,0.416213,1.546345895999366,sqs-worker-5986dcd897-x8rdl,ip-192-168-20-201.ec2.internal,9590b6657c7097a04f0ca34a6497f6ce6166b77f591d6d41bdb1e769b0a9cad7,1,69.0,1616.0
1,hpa-mmpp-101-ffb11a1d,000265,134.625838,2026-08-31T18:48:32.908+00:00,2026-08-31T18:48:29.207+00:00,2026-08-31T18:48:30.456+00:00,2026-08-31T18:48:30.456+00:00,2026-08-31T18:48:30.685+00:00,2026-08-31T18:48:30.685+00:00,0.104333,0.22915031200045632,sqs-worker-5986dcd897-hmbgr,ip-192-168-20-201.ec2.internal,1f2a0d94618dba7c31c25dca28b36fdbfda7aed461748233e9c2912f7c6b79fe,1,1249.0,1478.0
1,hpa-mmpp-101-ffb11a1d,000262,134.516366,2026-08-31T18:48:32.799+00:00,2026-08-31T18:48:29.090+00:00,2026-08-31T18:48:29.097+00:00,2026-08-31T18:48:29.097+00:00,2026-08-31T18:48:30.868+00:00,2026-08-31T18:48:30.868+00:00,0.73621,1.7716557900002954,sqs-worker-5986dcd897-6kkl7,ip-192-168-20-201.ec2.internal,67a82a92189492e483b9c4110b856a431230674539d5bb851b319b168bd8fa26,1,7.0,1778.0
1,hpa-mmpp-101-ffb11a1d,000270,135.59329,2026-08-31T18:48:33.876+00:00,2026-08-31T18:48:30.175+00:00,2026-08-31T18:48:30.636+00:00,2026-08-31T18:48:30.636+00:00,2026-08-31T18:48:31.458+00:00,2026-08-31T18:48:31.458+00:00,0.326499,0.8216568289999486,sqs-worker-5986dcd897-gm4bq,ip-192-168-20-201.ec2.internal,19bb67606750467ea55c781175a43e37a68f6b4dd0df33a8ae1e5f31e7a3b2b5,1,461.0,1283.0
1,hpa-mmpp-101-ffb11a1d,000275,136.538841,2026-08-31T18:48:34.822+00:00,2026-08-31T18:48:31.118+00:00,2026-08-31T18:48:31.482+00:00,2026-08-31T18:48:31.482+00:00,2026-08-31T18:48:31.593+00:00,2026-08-31T18:48:31.593+00:00,0.034673,0.11059759499948996,sqs-worker-5986dcd897-hmbgr,ip-192-168-20-201.ec2.internal,3ed16c87204ba95e8a28f62deafdc9d2ba6dc84ba1f42d5d2f827634b07602cd,1,364.0,475.0
1,hpa-mmpp-101-ffb11a1d,000272,135.793976,2026-08-31T18:48:34.077+00:00,2026-08-31T18:48:30.372+00:00,2026-08-31T18:48:31.410+00:00,2026-08-31T18:48:31.410+00:00,2026-08-31T18:48:32.309+00:00,2026-08-31T18:48:32.309+00:00,0.172633,0.8984819639999841,sqs-worker-5986dcd897-x8rdl,ip-192-168-20-201.ec2.internal,93cd3ad6f8718a06e1aa193482099823bf125dcda0af73beef865247da6f81c5,1,1038.0,1937.0
1,hpa-mmpp-101-ffb11a1d,000268,135.094936,2026-08-31T18:48:33.378+00:00,2026-08-31T18:48:29.674+00:00,2026-08-31T18:48:30.504+00:00,2026-08-31T18:48:30.504+00:00,2026-08-31T18:48:30.614+00:00,2026-08-31T18:48:30.614+00:00,0.059487,0.11004179700012173,sqs-worker-5986dcd897-gm4bq,ip-192-168-20-201.ec2.internal,7bedc656e617068ef1ed60f532ff9572bf357151392ab2d263d1cc5c41143c3e,1,830.0,940.0
1,hpa-mmpp-101-ffb11a1d,000267,134.943074,2026-08-31T18:48:33.226+00:00,2026-08-31T18:48:29.520+00:00,2026-08-31T18:48:30.917+00:00,2026-08-31T18:48:30.917+00:00,2026-08-31T18:48:31.205+00:00,2026-08-31T18:48:31.205+00:00,0.055506,0.28864701200018317,sqs-worker-5986dcd897-x8rdl,ip-192-168-20-201.ec2.internal,4cbb4cc28cb2339dd5f3c1e6f8b37b368c7fcf7ef74a50d15d73ad6609a8596d,1,1397.0,1685.0
1,hpa-mmpp-101-ffb11a1d,000269,135.373149,2026-08-31T18:48:33.656+00:00,2026-08-31T18:48:29.951+00:00,2026-08-31T18:48:31.289+00:00,2026-08-31T18:48:31.289+00:00,2026-08-31T18:48:31.305+00:00,2026-08-31T18:48:31.305+00:00,0.013206,0.016798426000605104,sqs-worker-5986dcd897-x8rdl,ip-192-168-20-201.ec2.internal,d2139f39d215752a7c574be09335f7196fa70a3341de1e6638e378fb04138896,1,1338.0,1354.0
1,hpa-mmpp-101-ffb11a1d,000266,134.937114,2026-08-31T18:48:33.220+00:00,2026-08-31T18:48:29.519+00:00,2026-08-31T18:48:30.903+00:00,2026-08-31T18:48:30.903+00:00,2026-08-31T18:48:31.040+00:00,2026-08-31T18:48:31.041+00:00,0.064698,0.1373376259998622,sqs-worker-5986dcd897-6kkl7,ip-192-168-20-201.ec2.internal,b54e8253ab99330e7b7fe5282f0995962211a0358dcbde46a427efe54ee8cf40,1,1384.0,1521.0
1,hpa-mmpp-101-ffb11a1d,000271,135.706359,2026-08-31T18:48:33.989+00:00,2026-08-31T18:48:30.281+00:00,2026-08-31T18:48:30.746+00:00,2026-08-31T18:48:30.746+00:00,2026-08-31T18:48:31.467+00:00,2026-08-31T18:48:31.467+00:00,0.300469,0.7213583829998242,sqs-worker-5986dcd897-hmbgr,ip-192-168-20-201.ec2.internal,e482d30af39d294ca66d8ed3105463dc94a89f789452bf4f65ef9c63a4d0516d,1,465.0,1186.0
1,hpa-mmpp-101-ffb11a1d,000274,136.474039,2026-08-31T18:48:34.757+00:00,2026-08-31T18:48:31.049+00:00,2026-08-31T18:48:31.061+00:00,2026-08-31T18:48:31.061+00:00,2026-08-31T18:48:31.740+00:00,2026-08-31T18:48:31.740+00:00,0.27413,0.6793971000006422,sqs-worker-5986dcd897-6kkl7,ip-192-168-20-201.ec2.internal,ff1bf4760d860f8cf4495c95771d0c3666c69951b85552dbf5aa64e524593341,1,12.0,691.0
1,hpa-mmpp-101-ffb11a1d,000278,138.220961,2026-08-31T18:48:36.505+00:00,2026-08-31T18:48:32.802+00:00,2026-08-31T18:48:32.805+00:00,2026-08-31T18:48:32.805+00:00,2026-08-31T18:48:33.006+00:00,2026-08-31T18:48:33.006+00:00,0.101597,0.2002455319998262,sqs-worker-5986dcd897-x8rdl,ip-192-168-20-201.ec2.internal,b9fa13eed75ee7645b37e34d073a6562ea216d0951cb8c1494f3cc6099383675,1,3.0,204.0
1,hpa-mmpp-101-ffb11a1d,000277,137.229602,2026-08-31T18:48:35.512+00:00,2026-08-31T18:48:31.806+00:00,2026-08-31T18:48:31.816+00:00,2026-08-31T18:48:31.816+00:00,2026-08-31T18:48:32.136+00:00,2026-08-31T18:48:32.136+00:00,0.13339,0.32092121500045323,sqs-worker-5986dcd897-6kkl7,ip-192-168-20-201.ec2.internal,fa585c9b79fed0c1f5c3cca0f4043b25eafb5c020c7c294e1d154be4f91e3899,1,10.0,330.0
1,hpa-mmpp-101-ffb11a1d,000276,137.183154,2026-08-31T18:48:35.466+00:00,2026-08-31T18:48:31.760+00:00,2026-08-31T18:48:31.765+00:00,2026-08-31T18:48:31.765+00:00,2026-08-31T18:48:32.262+00:00,2026-08-31T18:48:32.262+00:00,0.230069,0.4975441750002574,sqs-worker-5986dcd897-hmbgr,ip-192-168-20-201.ec2.internal,4c2c536a34c27b24974d0012954fda3d7a860f8b2f8df7fa4d4350dae3f5367e,1,5.0,502.0
1,hpa-mmpp-101-ffb11a1d,000273,135.99025,2026-08-31T18:48:34.273+00:00,2026-08-31T18:48:30.571+00:00,2026-08-31T18:48:31.485+00:00,2026-08-31T18:48:31.485+00:00,2026-08-31T18:48:33.073+00:00,2026-08-31T18:48:33.073+00:00,0.662542,1.5882220909998068,sqs-worker-5986dcd897-gm4bq,ip-192-168-20-201.ec2.internal,959955e3949ebef3bf03f0f23119d527a2cc7574f4da81ad73d30b3cc84b8772,1,914.0,2502.0
1,hpa-mmpp-101-ffb11a1d,000279,144.344437,2026-08-31T18:48:42.633+00:00,2026-08-31T18:48:38.926+00:00,2026-08-31T18:48:38.930+00:00,2026-08-31T18:48:38.930+00:00,2026-08-31T18:48:38.963+00:00,2026-08-31T18:48:38.963+00:00,0.032635,0.03268913100055215,sqs-worker-5986dcd897-6kkl7,ip-192-168-20-201.ec2.internal,5ed0bb80aa3e8180fada3f2a7aafa9a173e3f5982af44de20e703dfbd2d27c4f,1,4.0,37.0
1,hpa-mmpp-101-ffb11a1d,000280,146.132733,2026-08-31T18:48:44.417+00:00,2026-08-31T18:48:40.710+00:00,2026-08-31T18:48:40.714+00:00,2026-08-31T18:48:40.714+00:00,2026-08-31T18:48:41.245+00:00,2026-08-31T18:48:41.245+00:00,0.23071,0.5310415710000598,sqs-worker-5986dcd897-gm4bq,ip-192-168-20-201.ec2.internal,44efc20cfe28e9802359b8d023580f78e9c79b66710ce543de445e51a1f83913,1,4.0,535.0
1,hpa-mmpp-101-ffb11a1d,000281,146.896561,2026-08-31T18:48:45.180+00:00,2026-08-31T18:48:41.472+00:00,2026-08-31T18:48:41.475+00:00,2026-08-31T18:48:41.475+00:00,2026-08-31T18:48:41.486+00:00,2026-08-31T18:48:41.486+00:00,0.011122,0.011179658999935782,sqs-worker-5986dcd897-gm4bq,ip-192-168-20-201.ec2.internal,9a666d7084315cd904694fc5754543a5809cec92ee255dace29787252b656327,1,3.0,14.0
1,hpa-mmpp-101-ffb11a1d,000282,148.269194,2026-08-31T18:48:46.553+00:00,2026-08-31T18:48:42.851+00:00,2026-08-31T18:48:42.855+00:00,2026-08-31T18:48:42.855+00:00,2026-08-31T18:48:43.155+00:00,2026-08-31T18:48:43.155+00:00,0.129864,0.3001834679998865,sqs-worker-5986dcd897-gm4bq,ip-192-168-20-201.ec2.internal,f68f79b5e7ab600419bd5cfbf5827033a301271956923beff3a12e6c2ce7dbaf,1,4.0,304.0
1,hpa-mmpp-101-ffb11a1d,000283,148.824585,2026-08-31T18:48:47.108+00:00,2026-08-31T18:48:43.402+00:00,2026-08-31T18:48:43.406+00:00,2026-08-31T18:48:43.406+00:00,2026-08-31T18:48:43.644+00:00,2026-08-31T18:48:43.644+00:00,0.122025,0.23764658700019936,sqs-worker-5986dcd897-hmbgr,ip-192-168-20-201.ec2.internal,be0d8f5b92a9d15d9826eba67662bd4202e941c4bc5bef8a260dccf02c2d9d5b,1,4.0,242.0
1,hpa-mmpp-101-ffb11a1d,000284,150.429996,2026-08-31T18:48:48.714+00:00,2026-08-31T18:48:45.008+00:00,2026-08-31T18:48:45.029+00:00,2026-08-31T18:48:45.029+00:00,2026-08-31T18:48:46.467+00:00,2026-08-31T18:48:46.468+00:00,0.600038,1.4382383389993265,sqs-worker-5986dcd897-hmbgr,ip-192-168-20-201.ec2.internal,b156e369a57d6e99d8b894f90c5ea8345e8b6d76f2641fd3498f9beef47045d4,1,21.0,1459.0
1,hpa-mmpp-101-ffb11a1d,000285,152.31569,2026-08-31T18:48:50.600+00:00,2026-08-31T18:48:46.892+00:00,2026-08-31T18:48:46.897+00:00,2026-08-31T18:48:46.897+00:00,2026-08-31T18:48:47.136+00:00,2026-08-31T18:48:47.136+00:00,0.123373,0.2386218910005482,sqs-worker-5986dcd897-hmbgr,ip-192-168-20-201.ec2.internal,9b2b01d5b1be9818530cec36c3d16c78ac29da74eddc407c2ec66488f236e664,1,5.0,244.0
1,hpa-mmpp-101-ffb11a1d,000286,155.416892,2026-08-31T18:48:53.702+00:00,2026-08-31T18:48:49.994+00:00,2026-08-31T18:48:50.001+00:00,2026-08-31T18:48:50.001+00:00,2026-08-31T18:48:50.161+00:00,2026-08-31T18:48:50.161+00:00,0.102075,0.16045146600026783,sqs-worker-5986dcd897-gm4bq,ip-192-168-20-201.ec2.internal,c6de2234cc035692c7e5e7cb178c42dbe801e0dddb053854b7a5a5c4caf94d47,1,7.0,167.0
1,hpa-mmpp-101-ffb11a1d,000287,160.24563,2026-08-31T18:48:58.529+00:00,2026-08-31T18:48:54.822+00:00,2026-08-31T18:48:54.826+00:00,2026-08-31T18:48:54.826+00:00,2026-08-31T18:48:54.955+00:00,2026-08-31T18:48:54.955+00:00,0.071362,0.128772805999688,sqs-worker-5986dcd897-gm4bq,ip-192-168-20-201.ec2.internal,4005f861b56637d40017e4a8aaa5c81da14445d735c4e83755d2c01172a7a978,1,4.0,133.0
1,hpa-mmpp-101-ffb11a1d,000288,160.803793,2026-08-31T18:48:59.085+00:00,2026-08-31T18:48:55.378+00:00,2026-08-31T18:48:55.382+00:00,2026-08-31T18:48:55.382+00:00,2026-08-31T18:48:55.967+00:00,2026-08-31T18:48:55.967+00:00,0.274352,0.5849522910002634,sqs-worker-5986dcd897-hmbgr,ip-192-168-20-201.ec2.internal,5f9490a2c175296373a060e1d2fd17d2f8dd27684964b38a9db3939739d73176,1,4.0,589.0
1,hpa-mmpp-101-ffb11a1d,000289,165.012872,2026-08-31T18:49:03.298+00:00,2026-08-31T18:48:59.592+00:00,2026-08-31T18:48:59.596+00:00,2026-08-31T18:48:59.596+00:00,2026-08-31T18:48:59.734+00:00,2026-08-31T18:48:59.734+00:00,0.080313,0.13796080199972494,sqs-worker-5986dcd897-6kkl7,ip-192-168-20-201.ec2.internal,94d76585439a0e2e6009d4192ce80d19964cbb280c25d5cbc643c6fb63f1d8e5,1,4.0,142.0
1,hpa-mmpp-101-ffb11a1d,000290,165.734356,2026-08-31T18:49:04.016+00:00,2026-08-31T18:49:00.308+00:00,2026-08-31T18:49:00.311+00:00,2026-08-31T18:49:00.311+00:00,2026-08-31T18:49:00.430+00:00,2026-08-31T18:49:00.430+00:00,0.06083,0.11895554900002026,sqs-worker-5986dcd897-6kkl7,ip-192-168-20-201.ec2.internal,887709a7ac23a98be86bb2aaf9c3d7b27ffb552c35388e79c3b0f21bca071e96,1,3.0,122.0
1,hpa-mmpp-101-ffb11a1d,000291,166.092425,2026-08-31T18:49:04.374+00:00,2026-08-31T18:49:00.666+00:00,2026-08-31T18:49:00.670+00:00,2026-08-31T18:49:00.670+00:00,2026-08-31T18:49:01.162+00:00,2026-08-31T18:49:01.162+00:00,0.229395,0.4913741719992686,sqs-worker-5986dcd897-hmbgr,ip-192-168-20-201.ec2.internal,b193364b4f4ffffb69a6ad47d9d152f879ce1488cc3febfabe9f1e95be1eef09,1,4.0,496.0
1,hpa-mmpp-101-ffb11a1d,000292,167.281783,2026-08-31T18:49:05.564+00:00,2026-08-31T18:49:01.856+00:00,2026-08-31T18:49:01.860+00:00,2026-08-31T18:49:01.860+00:00,2026-08-31T18:49:02.444+00:00,2026-08-31T18:49:02.444+00:00,0.204711,0.5834258590002719,sqs-worker-5986dcd897-6kkl7,ip-192-168-20-201.ec2.internal,bce55de940987d555605c265503a4c94f497cb822bd1cf2aa204321f738dc0eb,1,4.0,588.0
1,hpa-mmpp-101-ffb11a1d,000293,168.933526,2026-08-31T18:49:07.216+00:00,2026-08-31T18:49:03.510+00:00,2026-08-31T18:49:03.514+00:00,2026-08-31T18:49:03.514+00:00,2026-08-31T18:49:03.536+00:00,2026-08-31T18:49:03.536+00:00,0.021474,0.021513393999157415,sqs-worker-5986dcd897-x8rdl,ip-192-168-20-201.ec2.internal,20b0f35a26801ae62432ba250865bd757d8c8f0d6ce4685793be4b11c6d95f00,1,4.0,26.0
1,hpa-mmpp-101-ffb11a1d,000294,177.774765,2026-08-31T18:49:16.062+00:00,2026-08-31T18:49:12.356+00:00,2026-08-31T18:49:12.362+00:00,2026-08-31T18:49:12.362+00:00,2026-08-31T18:49:13.253+00:00,2026-08-31T18:49:13.253+00:00,0.379357,0.8902530250006748,sqs-worker-5986dcd897-hmbgr,ip-192-168-20-201.ec2.internal,c662605133fd204d5d371380f37c5aea4c44f076e3149c4611c03d4393b01ce6,1,6.0,897.0
