schema_version,experiment_id,job_id,trace_offset_s,producer_sent_at,sqs_sent_at,worker_received_at,processing_started_at,processing_finished_at,result_sent_at,service_cpu_seconds,processing_wall_seconds,pod_name,node_name,digest,receive_count,queue_wait_ms,end_to_end_ms
1,hpa-mmpp-909-5b393099,000000,0.421823,2026-08-31T23:14:43.044+00:00,2026-08-31T23:14:42.947+00:00,2026-08-31T23:14:42.965+00:00,2026-08-31T23:14:42.965+00:00,2026-08-31T23:14:43.678+00:00,2026-08-31T23:14:43.678+00:00,0.294492,0.7136244189969148,sqs-worker-5986dcd897-x8rdl,ip-192-168-20-201.ec2.internal,780d107a9a4151688679d8de42f3f1108b68b3b44494ab083889cc623516ce21,1,18.0,731.0
1,hpa-mmpp-909-5b393099,000002,0.849238,2026-08-31T23:14:43.470+00:00,2026-08-31T23:14:43.370+00:00,2026-08-31T23:14:43.704+00:00,2026-08-31T23:14:43.704+00:00,2026-08-31T23:14:44.508+00:00,2026-08-31T23:14:44.508+00:00,0.346718,0.803997751998395,sqs-worker-5986dcd897-x8rdl,ip-192-168-20-201.ec2.internal,927790898cd6a6fb6e7757784b8472fbeba2a6225d7ad894787e830bcdd464b2,1,334.0,1138.0
1,hpa-mmpp-909-5b393099,000001,0.489349,2026-08-31T23:14:43.110+00:00,2026-08-31T23:14:43.568+00:00,2026-08-31T23:14:44.541+00:00,2026-08-31T23:14:44.541+00:00,2026-08-31T23:14:45.208+00:00,2026-08-31T23:14:45.208+00:00,0.274526,0.6663917389996641,sqs-worker-5986dcd897-x8rdl,ip-192-168-20-201.ec2.internal,a5723a97b242a79668e70104ae3b71550e87738ac25ac55499d19c4e5dcd8996,1,973.0,1640.0
1,hpa-mmpp-909-5b393099,000005,2.277291,2026-08-31T23:14:44.899+00:00,2026-08-31T23:14:44.798+00:00,2026-08-31T23:14:45.222+00:00,2026-08-31T23:14:45.222+00:00,2026-08-31T23:14:45.278+00:00,2026-08-31T23:14:45.278+00:00,0.006562,0.05612435500006541,sqs-worker-5986dcd897-x8rdl,ip-192-168-20-201.ec2.internal,7a37b769a818591d168f2cde65c6c610c6b8dc764342edc323288c763a71364c,1,424.0,480.0
1,hpa-mmpp-909-5b393099,000007,2.525389,2026-08-31T23:14:45.146+00:00,2026-08-31T23:14:45.054+00:00,2026-08-31T23:14:45.298+00:00,2026-08-31T23:14:45.298+00:00,2026-08-31T23:14:45.380+00:00,2026-08-31T23:14:45.380+00:00,0.03766,0.0820672560003004,sqs-worker-5986dcd897-x8rdl,ip-192-168-20-201.ec2.internal,776e95afb1e2cdc5857bd5f89681e601000402e4fabb208a7c48ce9562815396,1,244.0,326.0
1,hpa-mmpp-909-5b393099,000008,2.767274,2026-08-31T23:14:45.388+00:00,2026-08-31T23:14:45.284+00:00,2026-08-31T23:14:45.695+00:00,2026-08-31T23:14:45.695+00:00,2026-08-31T23:14:45.704+00:00,2026-08-31T23:14:45.704+00:00,0.008601,0.008633754001493799,sqs-worker-5986dcd897-x8rdl,ip-192-168-20-201.ec2.internal,a05c217122f7a30149e5329e1da3359b92fd6d971d1e592ca83215bd1b067549,1,411.0,420.0
1,hpa-mmpp-909-5b393099,000004,1.052143,2026-08-31T23:14:43.672+00:00,2026-08-31T23:14:43.566+00:00,2026-08-31T23:14:45.404+00:00,2026-08-31T23:14:45.404+00:00,2026-08-31T23:14:45.681+00:00,2026-08-31T23:14:45.681+00:00,0.116446,0.2768754019998596,sqs-worker-5986dcd897-x8rdl,ip-192-168-20-201.ec2.internal,85c1f6b06da0537ea207fac0d1d21e919e1f9026a15d6751e29700eca3109a40,1,1838.0,2115.0
1,hpa-mmpp-909-5b393099,000003,0.934584,2026-08-31T23:14:43.555+00:00,2026-08-31T23:14:43.967+00:00,2026-08-31T23:14:45.723+00:00,2026-08-31T23:14:45.723+00:00,2026-08-31T23:14:46.579+00:00,2026-08-31T23:14:46.579+00:00,0.342358,0.8568085430015344,sqs-worker-5986dcd897-x8rdl,ip-192-168-20-201.ec2.internal,9fb41f33570d86f6bbc6a140f7b8b5af332532e30ee975a7664a47bf6caf40d0,1,1756.0,2612.0
1,hpa-mmpp-909-5b393099,000009,3.171075,2026-08-31T23:14:45.792+00:00,2026-08-31T23:14:45.692+00:00,2026-08-31T23:14:46.593+00:00,2026-08-31T23:14:46.593+00:00,2026-08-31T23:14:47.996+00:00,2026-08-31T23:14:47.996+00:00,0.572764,1.402808962000563,sqs-worker-5986dcd897-x8rdl,ip-192-168-20-201.ec2.internal,4d90969ba5f39c612bff8baa6ca8dd2cff21634e026ef80bd0dd9b46fd77b043,1,901.0,2304.0
1,hpa-mmpp-909-5b393099,000012,4.136726,2026-08-31T23:14:46.757+00:00,2026-08-31T23:14:46.652+00:00,2026-08-31T23:14:48.009+00:00,2026-08-31T23:14:48.009+00:00,2026-08-31T23:14:48.303+00:00,2026-08-31T23:14:48.303+00:00,0.123159,0.2939213989993732,sqs-worker-5986dcd897-x8rdl,ip-192-168-20-201.ec2.internal,0485374e0d33e8990f8521991eb5d74c162a6402d0c86119d5ba03312d3b0b14,1,1357.0,1651.0
1,hpa-mmpp-909-5b393099,000006,2.457759,2026-08-31T23:14:45.078+00:00,2026-08-31T23:14:44.972+00:00,2026-08-31T23:14:48.316+00:00,2026-08-31T23:14:48.316+00:00,2026-08-31T23:14:49.580+00:00,2026-08-31T23:14:49.580+00:00,0.492747,1.264130818999547,sqs-worker-5986dcd897-x8rdl,ip-192-168-20-201.ec2.internal,4d1838faa21b4164b2014f23bf132b3653f550e23b2a441564e4fbb758b5c4bf,1,3344.0,4608.0
1,hpa-mmpp-909-5b393099,000017,4.9091,2026-08-31T23:14:47.529+00:00,2026-08-31T23:14:47.432+00:00,2026-08-31T23:14:49.593+00:00,2026-08-31T23:14:49.593+00:00,2026-08-31T23:14:49.883+00:00,2026-08-31T23:14:49.883+00:00,0.089104,0.2902747049993195,sqs-worker-5986dcd897-x8rdl,ip-192-168-20-201.ec2.internal,91694bc17a9d9b33951aa754e3f56ce8ebf6276f7d2315b85403af7c89b80173,1,2161.0,2451.0
1,hpa-mmpp-909-5b393099,000018,6.206569,2026-08-31T23:14:48.828+00:00,2026-08-31T23:14:48.724+00:00,2026-08-31T23:14:49.899+00:00,2026-08-31T23:14:49.899+00:00,2026-08-31T23:14:51.894+00:00,2026-08-31T23:14:51.895+00:00,0.41544,1.9959358679989236,sqs-worker-5986dcd897-x8rdl,ip-192-168-20-201.ec2.internal,02e1fb9804306ab725ad176fb12e07207625dfb119b00abf4878fd1aecfd6761,1,1175.0,3170.0
1,hpa-mmpp-909-5b393099,000015,4.710155,2026-08-31T23:14:47.331+00:00,2026-08-31T23:14:47.224+00:00,2026-08-31T23:14:51.979+00:00,2026-08-31T23:14:51.979+00:00,2026-08-31T23:14:52.289+00:00,2026-08-31T23:14:52.289+00:00,0.085099,0.3098703920004482,sqs-worker-5986dcd897-x8rdl,ip-192-168-20-201.ec2.internal,1cdd783b4ca571ee6853cd4ff9342e3ae1dd49456a9352bac12e18fce598f60d,1,4755.0,5065.0
1,hpa-mmpp-909-5b393099,000010,3.88451,2026-08-31T23:14:46.505+00:00,2026-08-31T23:14:46.402+00:00,2026-08-31T23:14:52.375+00:00,2026-08-31T23:14:52.375+00:00,2026-08-31T23:14:53.100+00:00,2026-08-31T23:14:53.100+00:00,0.169217,0.7251552489979076,sqs-worker-5986dcd897-x8rdl,ip-192-168-20-201.ec2.internal,8d051b1f4e00a9d5e7196bed57321eb365fecaf24d175990beef9d7a55e19003,1,5973.0,6698.0
1,hpa-mmpp-909-5b393099,000013,4.26002,2026-08-31T23:14:46.880+00:00,2026-08-31T23:14:46.780+00:00,2026-08-31T23:14:53.120+00:00,2026-08-31T23:14:53.120+00:00,2026-08-31T23:14:53.483+00:00,2026-08-31T23:14:53.483+00:00,0.135753,0.3627139059972251,sqs-worker-5986dcd897-x8rdl,ip-192-168-20-201.ec2.internal,80bcd0ffc77ba84b093dee42f004ab079c9a200f16f427f2119eed05c10141b5,1,6340.0,6703.0
1,hpa-mmpp-909-5b393099,000011,3.901097,2026-08-31T23:14:46.521+00:00,2026-08-31T23:14:46.418+00:00,2026-08-31T23:14:53.497+00:00,2026-08-31T23:14:53.497+00:00,2026-08-31T23:14:55.001+00:00,2026-08-31T23:14:55.001+00:00,0.614495,1.5041092969986494,sqs-worker-5986dcd897-x8rdl,ip-192-168-20-201.ec2.internal,28f3077c9ddad69d600087ce430c947479dfb46fd1c32102f56739a59d8ed450,1,7079.0,8583.0
1,hpa-mmpp-909-5b393099,000016,4.897537,2026-08-31T23:14:47.518+00:00,2026-08-31T23:14:47.412+00:00,2026-08-31T23:14:55.015+00:00,2026-08-31T23:14:55.015+00:00,2026-08-31T23:14:55.508+00:00,2026-08-31T23:14:55.508+00:00,0.202904,0.49343710300308885,sqs-worker-5986dcd897-x8rdl,ip-192-168-20-201.ec2.internal,1adb8ab400a29dc0a49006f3d1594ad10423a9a535e7f993d53c81739a7a0974,1,7603.0,8096.0
1,hpa-mmpp-909-5b393099,000014,4.32678,2026-08-31T23:14:46.947+00:00,2026-08-31T23:14:46.845+00:00,2026-08-31T23:14:55.534+00:00,2026-08-31T23:14:55.534+00:00,2026-08-31T23:14:56.085+00:00,2026-08-31T23:14:56.085+00:00,0.212573,0.5512080030021025,sqs-worker-5986dcd897-x8rdl,ip-192-168-20-201.ec2.internal,b13741e44b154bdffb0a1d1eaa20df613eef5c6434e231f6663e78bde036227c,1,8689.0,9240.0
1,hpa-mmpp-909-5b393099,000021,13.248613,2026-08-31T23:14:55.867+00:00,2026-08-31T23:14:55.771+00:00,2026-08-31T23:14:56.100+00:00,2026-08-31T23:14:56.100+00:00,2026-08-31T23:14:58.105+00:00,2026-08-31T23:14:58.105+00:00,0.816112,2.005652928000927,sqs-worker-5986dcd897-x8rdl,ip-192-168-20-201.ec2.internal,f5d35da88683533730ec278f6fa8106062195d026384d59a20c547bf8f7a7698,1,329.0,2334.0
1,hpa-mmpp-909-5b393099,000019,6.559405,2026-08-31T23:14:49.180+00:00,2026-08-31T23:14:49.074+00:00,2026-08-31T23:14:58.135+00:00,2026-08-31T23:14:58.135+00:00,2026-08-31T23:14:58.307+00:00,2026-08-31T23:14:58.307+00:00,0.071367,0.17252754699802608,sqs-worker-5986dcd897-x8rdl,ip-192-168-20-201.ec2.internal,3b742c8f16951cdb9f6a9765a14a306496591c02bc95fc486b109fcb3390fb51,1,9061.0,9233.0
1,hpa-mmpp-909-5b393099,000020,12.472044,2026-08-31T23:14:55.096+00:00,2026-08-31T23:14:54.994+00:00,2026-08-31T23:14:58.359+00:00,2026-08-31T23:14:58.359+00:00,2026-08-31T23:14:59.586+00:00,2026-08-31T23:14:59.586+00:00,0.486771,1.2266566440011957,sqs-worker-5986dcd897-x8rdl,ip-192-168-20-201.ec2.internal,2bcc603a94241e2f6293e7dd9c10a06d4dde5ac24eb4b7bdf28fc2c27a16c67a,1,3365.0,4592.0
1,hpa-mmpp-909-5b393099,000024,16.973848,2026-08-31T23:14:59.592+00:00,2026-08-31T23:14:59.500+00:00,2026-08-31T23:14:59.599+00:00,2026-08-31T23:14:59.599+00:00,2026-08-31T23:15:01.186+00:00,2026-08-31T23:15:01.186+00:00,0.319119,1.5860877549966972,sqs-worker-5986dcd897-x8rdl,ip-192-168-20-201.ec2.internal,d85fe182075120e4d79ba4892e4d0d6f9c96b05d8ad2af66716f295a018eedf2,1,99.0,1686.0
1,hpa-mmpp-909-5b393099,000022,13.780619,2026-08-31T23:14:56.399+00:00,2026-08-31T23:14:56.296+00:00,2026-08-31T23:15:01.201+00:00,2026-08-31T23:15:01.201+00:00,2026-08-31T23:15:01.281+00:00,2026-08-31T23:15:01.281+00:00,0.012743,0.08056133200079785,sqs-worker-5986dcd897-x8rdl,ip-192-168-20-201.ec2.internal,1eee9ee7d7bf3365986f3b88a8a22be8814e192d2baf642ebccaffdfd88800d7,1,4905.0,4985.0
1,hpa-mmpp-909-5b393099,000025,17.835614,2026-08-31T23:15:00.455+00:00,2026-08-31T23:15:00.356+00:00,2026-08-31T23:15:01.387+00:00,2026-08-31T23:15:01.387+00:00,2026-08-31T23:15:02.297+00:00,2026-08-31T23:15:02.297+00:00,0.173634,0.9101285729993833,sqs-worker-5986dcd897-x8rdl,ip-192-168-20-201.ec2.internal,af35a16901dee2bc56d360727d2f06a65dcf8c102a35190b9756be1e6b674fb1,1,1031.0,1941.0
1,hpa-mmpp-909-5b393099,000023,16.606721,2026-08-31T23:14:59.225+00:00,2026-08-31T23:14:59.121+00:00,2026-08-31T23:15:02.403+00:00,2026-08-31T23:15:02.403+00:00,2026-08-31T23:15:02.884+00:00,2026-08-31T23:15:02.884+00:00,0.188765,0.4809297190004145,sqs-worker-5986dcd897-x8rdl,ip-192-168-20-201.ec2.internal,3341f30682a7c5629d93006b2e909ff5e76f981ad6cca3139ef47bf12f4efc41,1,3282.0,3763.0
1,hpa-mmpp-909-5b393099,000026,21.72853,2026-08-31T23:15:04.349+00:00,2026-08-31T23:15:04.247+00:00,2026-08-31T23:15:04.251+00:00,2026-08-31T23:15:04.251+00:00,2026-08-31T23:15:04.377+00:00,2026-08-31T23:15:04.377+00:00,0.067978,0.1260561939998297,sqs-worker-5986dcd897-x8rdl,ip-192-168-20-201.ec2.internal,fafd0a0672cb417c85b7ed46f88ff106a45f5c614da8876aae887a78432bc116,1,4.0,130.0
1,hpa-mmpp-909-5b393099,000027,22.90222,2026-08-31T23:15:05.521+00:00,2026-08-31T23:15:05.416+00:00,2026-08-31T23:15:05.420+00:00,2026-08-31T23:15:05.420+00:00,2026-08-31T23:15:06.401+00:00,2026-08-31T23:15:06.401+00:00,0.418536,0.9806427989969961,sqs-worker-5986dcd897-x8rdl,ip-192-168-20-201.ec2.internal,9dc460bec57e4d98bb3645c9d400bab40179ca48eadaab30825dbb75f99eea07,1,4.0,985.0
1,hpa-mmpp-909-5b393099,000028,25.300039,2026-08-31T23:15:07.921+00:00,2026-08-31T23:15:07.816+00:00,2026-08-31T23:15:07.820+00:00,2026-08-31T23:15:07.820+00:00,2026-08-31T23:15:08.321+00:00,2026-08-31T23:15:08.321+00:00,0.238771,0.5012274790024094,sqs-worker-5986dcd897-x8rdl,ip-192-168-20-201.ec2.internal,bfd19641928d707cbc6a5518ce2de0ca6595662ca7051d4e2979c1e06f6b68fa,1,4.0,505.0
1,hpa-mmpp-909-5b393099,000030,25.670898,2026-08-31T23:15:08.289+00:00,2026-08-31T23:15:08.192+00:00,2026-08-31T23:15:08.394+00:00,2026-08-31T23:15:08.394+00:00,2026-08-31T23:15:08.504+00:00,2026-08-31T23:15:08.504+00:00,0.05813,0.1102188369986834,sqs-worker-5986dcd897-x8rdl,ip-192-168-20-201.ec2.internal,dc12b155053667bb43b237188c7e7e586412f32e53cd1b1a71873e02d4182b0d,1,202.0,312.0
1,hpa-mmpp-909-5b393099,000029,25.645241,2026-08-31T23:15:08.264+00:00,2026-08-31T23:15:08.160+00:00,2026-08-31T23:15:08.526+00:00,2026-08-31T23:15:08.526+00:00,2026-08-31T23:15:09.391+00:00,2026-08-31T23:15:09.391+00:00,0.342924,0.8653723610004818,sqs-worker-5986dcd897-x8rdl,ip-192-168-20-201.ec2.internal,b7fa2b4d46e1dac0d5d3a745207e2eaa64794e6c6a75ae70264e081c7e5eadce,1,366.0,1231.0
1,hpa-mmpp-909-5b393099,000031,26.718058,2026-08-31T23:15:09.337+00:00,2026-08-31T23:15:09.232+00:00,2026-08-31T23:15:09.405+00:00,2026-08-31T23:15:09.405+00:00,2026-08-31T23:15:10.475+00:00,2026-08-31T23:15:10.483+00:00,0.263508,1.0778621649988054,sqs-worker-5986dcd897-x8rdl,ip-192-168-20-201.ec2.internal,9a874c8f1ee017bb86094a5661939460344231eba3361db7f71d8951ebba2588,1,173.0,1243.0
1,hpa-mmpp-909-5b393099,000032,27.277742,2026-08-31T23:15:09.896+00:00,2026-08-31T23:15:09.793+00:00,2026-08-31T23:15:10.498+00:00,2026-08-31T23:15:10.498+00:00,2026-08-31T23:15:10.896+00:00,2026-08-31T23:15:10.896+00:00,0.099803,0.39816956899812794,sqs-worker-5986dcd897-x8rdl,ip-192-168-20-201.ec2.internal,9f262df3e1aa1f89d712320e495cd13a80f032ce7f2f12100b3ac8c3b3c76cbd,1,705.0,1103.0
1,hpa-mmpp-909-5b393099,000033,28.003705,2026-08-31T23:15:10.622+00:00,2026-08-31T23:15:10.525+00:00,2026-08-31T23:15:10.987+00:00,2026-08-31T23:15:10.987+00:00,2026-08-31T23:15:11.990+00:00,2026-08-31T23:15:11.990+00:00,0.210101,1.0032309299967892,sqs-worker-5986dcd897-x8rdl,ip-192-168-20-201.ec2.internal,f4aa669e283d1f95cc07967cd51d9716fc53c85543307dcdd2c28d73f40bbf0c,1,462.0,1465.0
1,hpa-mmpp-909-5b393099,000034,31.856834,2026-08-31T23:15:14.477+00:00,2026-08-31T23:15:14.376+00:00,2026-08-31T23:15:14.381+00:00,2026-08-31T23:15:14.381+00:00,2026-08-31T23:15:14.400+00:00,2026-08-31T23:15:14.400+00:00,0.018484,0.018546428000263404,sqs-worker-5986dcd897-zjgcr,ip-192-168-20-201.ec2.internal,a6c5236407fa4cbc478dce335620edd7c167e23529f1ddbee4fab4f58b8067ef,1,5.0,24.0
1,hpa-mmpp-909-5b393099,000035,31.903363,2026-08-31T23:15:14.521+00:00,2026-08-31T23:15:14.417+00:00,2026-08-31T23:15:14.420+00:00,2026-08-31T23:15:14.420+00:00,2026-08-31T23:15:14.917+00:00,2026-08-31T23:15:14.917+00:00,0.234234,0.4974484529993788,sqs-worker-5986dcd897-x8rdl,ip-192-168-20-201.ec2.internal,1f46f6dbf4453000b10166b95a86e93440051e5ed50b2fe4ff3009b495f0082f,1,3.0,500.0
1,hpa-mmpp-909-5b393099,000036,34.034829,2026-08-31T23:15:16.655+00:00,2026-08-31T23:15:16.550+00:00,2026-08-31T23:15:16.554+00:00,2026-08-31T23:15:16.554+00:00,2026-08-31T23:15:16.996+00:00,2026-08-31T23:15:16.996+00:00,0.201461,0.44163744800243876,sqs-worker-5986dcd897-zjgcr,ip-192-168-20-201.ec2.internal,bd08a2a85063854f0a3fc847edf89b6afd638da405ad4742470b0b53c6106f96,1,4.0,446.0
1,hpa-mmpp-909-5b393099,000037,35.290312,2026-08-31T23:15:17.909+00:00,2026-08-31T23:15:17.804+00:00,2026-08-31T23:15:17.807+00:00,2026-08-31T23:15:17.808+00:00,2026-08-31T23:15:18.508+00:00,2026-08-31T23:15:18.509+00:00,0.30575,0.7010434789990541,sqs-worker-5986dcd897-x8rdl,ip-192-168-20-201.ec2.internal,a8d859ce6918ad6914e05f2ce152e84ed8dc15b160d7dc186984208f8ac5035c,1,3.0,704.0
1,hpa-mmpp-909-5b393099,000038,36.108009,2026-08-31T23:15:18.727+00:00,2026-08-31T23:15:18.626+00:00,2026-08-31T23:15:18.631+00:00,2026-08-31T23:15:18.631+00:00,2026-08-31T23:15:18.636+00:00,2026-08-31T23:15:18.636+00:00,0.005,0.00504634599928977,sqs-worker-5986dcd897-zjgcr,ip-192-168-20-201.ec2.internal,8534416195337a2a1c839778f2e40ed7fedbe763ce4ad4b05c675b259e92dc37,1,5.0,10.0
1,hpa-mmpp-909-5b393099,000039,36.899205,2026-08-31T23:15:19.518+00:00,2026-08-31T23:15:19.417+00:00,2026-08-31T23:15:19.421+00:00,2026-08-31T23:15:19.421+00:00,2026-08-31T23:15:19.528+00:00,2026-08-31T23:15:19.528+00:00,0.04727,0.10683043799872394,sqs-worker-5986dcd897-zjgcr,ip-192-168-20-201.ec2.internal,2137e1743c869cb0624fd83f3ba220d39a5bb114f9110882f7435101ca74ffac,1,4.0,111.0
1,hpa-mmpp-909-5b393099,000040,39.51691,2026-08-31T23:15:22.136+00:00,2026-08-31T23:15:22.032+00:00,2026-08-31T23:15:22.037+00:00,2026-08-31T23:15:22.037+00:00,2026-08-31T23:15:22.695+00:00,2026-08-31T23:15:22.695+00:00,0.292374,0.6582482210033049,sqs-worker-5986dcd897-x8rdl,ip-192-168-20-201.ec2.internal,66b2179b0e5572d3026be5dd9c52103e40262ef000f333932f482e5309085e4f,1,5.0,663.0
1,hpa-mmpp-909-5b393099,000041,41.276992,2026-08-31T23:15:23.895+00:00,2026-08-31T23:15:23.792+00:00,2026-08-31T23:15:23.796+00:00,2026-08-31T23:15:23.796+00:00,2026-08-31T23:15:23.996+00:00,2026-08-31T23:15:23.996+00:00,0.071177,0.20022137300111353,sqs-worker-5986dcd897-zjgcr,ip-192-168-20-201.ec2.internal,498049302e39949083efa3617b619f7fab462ebf367a54cf4c10bb1fb3ccb8d0,1,4.0,204.0
1,hpa-mmpp-909-5b393099,000042,41.336497,2026-08-31T23:15:23.953+00:00,2026-08-31T23:15:23.854+00:00,2026-08-31T23:15:23.859+00:00,2026-08-31T23:15:23.859+00:00,2026-08-31T23:15:24.285+00:00,2026-08-31T23:15:24.285+00:00,0.189356,0.42526683299729484,sqs-worker-5986dcd897-x8rdl,ip-192-168-20-201.ec2.internal,3ba311d7eae3b9777f424e3a606a28437c206ca8cbca8feb55c4f3d9d0448d25,1,5.0,431.0
1,hpa-mmpp-909-5b393099,000043,43.013327,2026-08-31T23:15:25.631+00:00,2026-08-31T23:15:25.557+00:00,2026-08-31T23:15:25.561+00:00,2026-08-31T23:15:25.561+00:00,2026-08-31T23:15:26.094+00:00,2026-08-31T23:15:26.094+00:00,0.235067,0.5328596799990919,sqs-worker-5986dcd897-x8rdl,ip-192-168-20-201.ec2.internal,cc70ed8ca71416665469a6044fc1a2cf2bc6795541249bc1fd4c1efb37003e8f,1,4.0,537.0
1,hpa-mmpp-909-5b393099,000045,44.334494,2026-08-31T23:15:26.951+00:00,2026-08-31T23:15:26.848+00:00,2026-08-31T23:15:26.853+00:00,2026-08-31T23:15:26.853+00:00,2026-08-31T23:15:26.881+00:00,2026-08-31T23:15:26.881+00:00,0.027981,0.028028544002154376,sqs-worker-5986dcd897-zjgcr,ip-192-168-20-201.ec2.internal,1aa3914db9de169fe1ea93780cc28cf946f5dc588d0bbdf3763bfb5177e828eb,1,5.0,33.0
1,hpa-mmpp-909-5b393099,000044,44.292476,2026-08-31T23:15:26.910+00:00,2026-08-31T23:15:26.807+00:00,2026-08-31T23:15:26.812+00:00,2026-08-31T23:15:26.812+00:00,2026-08-31T23:15:26.923+00:00,2026-08-31T23:15:26.923+00:00,0.079847,0.11071867600185215,sqs-worker-5986dcd897-x8rdl,ip-192-168-20-201.ec2.internal,efe54e4cb6409d77db2478fc328bdd7ca57c85a8adc8586b11da881de0ebbde3,1,5.0,116.0
1,hpa-mmpp-909-5b393099,000046,44.788402,2026-08-31T23:15:27.405+00:00,2026-08-31T23:15:27.302+00:00,2026-08-31T23:15:27.306+00:00,2026-08-31T23:15:27.306+00:00,2026-08-31T23:15:27.592+00:00,2026-08-31T23:15:27.592+00:00,0.128985,0.2857770509981492,sqs-worker-5986dcd897-x8rdl,ip-192-168-20-201.ec2.internal,d3c33658797ccf351d45b1c9a8aec61fa11ed10a619c5102ca313d37b2fbbd45,1,4.0,290.0
1,hpa-mmpp-909-5b393099,000047,44.989565,2026-08-31T23:15:27.606+00:00,2026-08-31T23:15:27.502+00:00,2026-08-31T23:15:27.506+00:00,2026-08-31T23:15:27.506+00:00,2026-08-31T23:15:27.683+00:00,2026-08-31T23:15:27.683+00:00,0.083277,0.17630802300118376,sqs-worker-5986dcd897-zjgcr,ip-192-168-20-201.ec2.internal,0bae6a2e44cb2f1970bd8e99c7f9ee4d2cc422eaed7c56ed0cef17774cd52767,1,4.0,181.0
1,hpa-mmpp-909-5b393099,000049,45.03035,2026-08-31T23:15:27.647+00:00,2026-08-31T23:15:27.545+00:00,2026-08-31T23:15:27.700+00:00,2026-08-31T23:15:27.700+00:00,2026-08-31T23:15:28.221+00:00,2026-08-31T23:15:28.221+00:00,0.207936,0.5211036190012237,sqs-worker-5986dcd897-zjgcr,ip-192-168-20-201.ec2.internal,c25234b99834768becd8930e463beeab217ea2c7dae33c528df1bb4a8567582a,1,155.0,676.0
1,hpa-mmpp-909-5b393099,000048,45.014657,2026-08-31T23:15:27.631+00:00,2026-08-31T23:15:27.527+00:00,2026-08-31T23:15:27.613+00:00,2026-08-31T23:15:27.613+00:00,2026-08-31T23:15:27.695+00:00,2026-08-31T23:15:27.696+00:00,0.039469,0.08221890699860523,sqs-worker-5986dcd897-x8rdl,ip-192-168-20-201.ec2.internal,91b3085ee25c6573be85d5941707aed4193de2625110e91994cb52efc9e7bec9,1,86.0,168.0
1,hpa-mmpp-909-5b393099,000050,46.061621,2026-08-31T23:15:28.679+00:00,2026-08-31T23:15:28.574+00:00,2026-08-31T23:15:28.579+00:00,2026-08-31T23:15:28.579+00:00,2026-08-31T23:15:28.611+00:00,2026-08-31T23:15:28.611+00:00,0.031834,0.03187368100043386,sqs-worker-5986dcd897-zjgcr,ip-192-168-20-201.ec2.internal,bba482e99dddfbb7032e092f0cd52ee201a23eaa903b76cc0a704982fab21bd6,1,5.0,37.0
1,hpa-mmpp-909-5b393099,000052,46.291617,2026-08-31T23:15:28.908+00:00,2026-08-31T23:15:28.809+00:00,2026-08-31T23:15:28.813+00:00,2026-08-31T23:15:28.813+00:00,2026-08-31T23:15:29.087+00:00,2026-08-31T23:15:29.087+00:00,0.127103,0.27452424399962183,sqs-worker-5986dcd897-zjgcr,ip-192-168-20-201.ec2.internal,808697c2ef69c1d9bd3ee0c49ce06d2e14868964e3a148ebf4a3cfd4b7eb5fd0,1,4.0,278.0
1,hpa-mmpp-909-5b393099,000053,46.681072,2026-08-31T23:15:29.298+00:00,2026-08-31T23:15:29.192+00:00,2026-08-31T23:15:29.197+00:00,2026-08-31T23:15:29.197+00:00,2026-08-31T23:15:29.490+00:00,2026-08-31T23:15:29.490+00:00,0.130442,0.29287877599927015,sqs-worker-5986dcd897-zjgcr,ip-192-168-20-201.ec2.internal,913a43f79924b45f579d8cf26fe4c3bd856cf8e369d5526ddfc5632ba6904ded,1,5.0,298.0
1,hpa-mmpp-909-5b393099,000051,46.192203,2026-08-31T23:15:28.809+00:00,2026-08-31T23:15:28.703+00:00,2026-08-31T23:15:28.706+00:00,2026-08-31T23:15:28.706+00:00,2026-08-31T23:15:29.405+00:00,2026-08-31T23:15:29.405+00:00,0.302268,0.6994147789991985,sqs-worker-5986dcd897-x8rdl,ip-192-168-20-201.ec2.internal,b7372a4262587d88cb241bee9cbabb935608fa1ede39c95bc2fda8b88f48bead,1,3.0,702.0
1,hpa-mmpp-909-5b393099,000054,46.777716,2026-08-31T23:15:29.394+00:00,2026-08-31T23:15:29.291+00:00,2026-08-31T23:15:29.446+00:00,2026-08-31T23:15:29.446+00:00,2026-08-31T23:15:30.092+00:00,2026-08-31T23:15:30.092+00:00,0.180976,0.64549905199965,sqs-worker-5986dcd897-x8rdl,ip-192-168-20-201.ec2.internal,fc37e1f20d26f8e777edc5ced198858bca693e8cb917c0d56bb3418d6384993f,1,155.0,801.0
1,hpa-mmpp-909-5b393099,000055,47.544742,2026-08-31T23:15:30.162+00:00,2026-08-31T23:15:30.107+00:00,2026-08-31T23:15:30.110+00:00,2026-08-31T23:15:30.111+00:00,2026-08-31T23:15:30.143+00:00,2026-08-31T23:15:30.143+00:00,0.032804,0.032864328000869136,sqs-worker-5986dcd897-zjgcr,ip-192-168-20-201.ec2.internal,ef6a74623cbdb75e6bae3db3009c2ebaf99494b523f3e9a5485acebf8fcc17ee,1,3.0,36.0
1,hpa-mmpp-909-5b393099,000057,47.802214,2026-08-31T23:15:30.419+00:00,2026-08-31T23:15:30.318+00:00,2026-08-31T23:15:30.333+00:00,2026-08-31T23:15:30.333+00:00,2026-08-31T23:15:30.551+00:00,2026-08-31T23:15:30.551+00:00,0.110826,0.21806181500141975,sqs-worker-5986dcd897-zjgcr,ip-192-168-20-201.ec2.internal,ad12212f757423f20b91e74cc51cb5be43c32b580a43021392c98139bdbd9700,1,15.0,233.0
1,hpa-mmpp-909-5b393099,000058,47.810579,2026-08-31T23:15:30.427+00:00,2026-08-31T23:15:30.326+00:00,2026-08-31T23:15:30.583+00:00,2026-08-31T23:15:30.583+00:00,2026-08-31T23:15:30.634+00:00,2026-08-31T23:15:30.634+00:00,0.026181,0.051120437998179113,sqs-worker-5986dcd897-zjgcr,ip-192-168-20-201.ec2.internal,b8572cd604ee9082bbaa84641cad61a9592cfbeead4f111e50c011f6b5b3b3ac,1,257.0,308.0
1,hpa-mmpp-909-5b393099,000060,48.131955,2026-08-31T23:15:30.748+00:00,2026-08-31T23:15:30.647+00:00,2026-08-31T23:15:30.668+00:00,2026-08-31T23:15:30.668+00:00,2026-08-31T23:15:30.951+00:00,2026-08-31T23:15:30.951+00:00,0.12512,0.2824787509998714,sqs-worker-5986dcd897-zjgcr,ip-192-168-20-201.ec2.internal,9f9f3cb43324a28fceee02d68034c567a8e4a873b0cccbcea6d84dfe821e877b,1,21.0,304.0
1,hpa-mmpp-909-5b393099,000061,48.212785,2026-08-31T23:15:30.829+00:00,2026-08-31T23:15:30.724+00:00,2026-08-31T23:15:30.986+00:00,2026-08-31T23:15:30.987+00:00,2026-08-31T23:15:31.238+00:00,2026-08-31T23:15:31.238+00:00,0.103216,0.2516351320009562,sqs-worker-5986dcd897-zjgcr,ip-192-168-20-201.ec2.internal,271d86291124cf06f384d13b76e4e74bf8a1d8817dee408b9ff8cb132d91d761,1,262.0,514.0
1,hpa-mmpp-909-5b393099,000056,47.709555,2026-08-31T23:15:30.326+00:00,2026-08-31T23:15:30.222+00:00,2026-08-31T23:15:30.225+00:00,2026-08-31T23:15:30.225+00:00,2026-08-31T23:15:31.191+00:00,2026-08-31T23:15:31.191+00:00,0.196781,0.9659977890005393,sqs-worker-5986dcd897-x8rdl,ip-192-168-20-201.ec2.internal,e61776dcb59ddc14adf887c929c1f5b369e6a7e62c2822fe63f0c5681ce6cba3,1,3.0,969.0
1,hpa-mmpp-909-5b393099,000059,48.097068,2026-08-31T23:15:30.714+00:00,2026-08-31T23:15:30.617+00:00,2026-08-31T23:15:31.247+00:00,2026-08-31T23:15:31.248+00:00,2026-08-31T23:15:32.087+00:00,2026-08-31T23:15:32.087+00:00,0.139048,0.8395898599992506,sqs-worker-5986dcd897-x8rdl,ip-192-168-20-201.ec2.internal,9141a03bf0fe70582d8f26d7ca4e056987a0e359de586589984523fac8630e29,1,630.0,1470.0
1,hpa-mmpp-909-5b393099,000062,55.912076,2026-08-31T23:15:38.536+00:00,2026-08-31T23:15:38.431+00:00,2026-08-31T23:15:38.434+00:00,2026-08-31T23:15:38.434+00:00,2026-08-31T23:15:38.471+00:00,2026-08-31T23:15:38.471+00:00,0.036843,0.036887067999487044,sqs-worker-5986dcd897-zjgcr,ip-192-168-20-201.ec2.internal,eff05e6eced0e49bf088cdd838e761325713fda257b2f5655185d61627644574,1,3.0,40.0
1,hpa-mmpp-909-5b393099,000063,56.799343,2026-08-31T23:15:39.416+00:00,2026-08-31T23:15:39.310+00:00,2026-08-31T23:15:39.314+00:00,2026-08-31T23:15:39.314+00:00,2026-08-31T23:15:39.341+00:00,2026-08-31T23:15:39.341+00:00,0.027083,0.027121653001813684,sqs-worker-5986dcd897-zjgcr,ip-192-168-20-201.ec2.internal,bcc0e827b21eace4c44bcd3baa457b00e8809a285410001a26fa1c9646448b77,1,4.0,31.0
1,hpa-mmpp-909-5b393099,000065,57.61587,2026-08-31T23:15:40.233+00:00,2026-08-31T23:15:40.127+00:00,2026-08-31T23:15:40.132+00:00,2026-08-31T23:15:40.132+00:00,2026-08-31T23:15:40.449+00:00,2026-08-31T23:15:40.449+00:00,0.148269,0.31700419600019814,sqs-worker-5986dcd897-zjgcr,ip-192-168-20-201.ec2.internal,6b3087e62daff418e06968307196d7276a228d01d9305ff852b063c04f7ee304,1,5.0,322.0
1,hpa-mmpp-909-5b393099,000064,57.275874,2026-08-31T23:15:39.893+00:00,2026-08-31T23:15:39.788+00:00,2026-08-31T23:15:39.791+00:00,2026-08-31T23:15:39.791+00:00,2026-08-31T23:15:40.783+00:00,2026-08-31T23:15:40.783+00:00,0.182604,0.9918883380014449,sqs-worker-5986dcd897-x8rdl,ip-192-168-20-201.ec2.internal,7b412b3cbde5a1072c99d2b16f398bbbce670bf7c535d58d11bc06a364786929,1,3.0,995.0
1,hpa-mmpp-909-5b393099,000067,57.849482,2026-08-31T23:15:40.466+00:00,2026-08-31T23:15:40.361+00:00,2026-08-31T23:15:40.469+00:00,2026-08-31T23:15:40.469+00:00,2026-08-31T23:15:41.327+00:00,2026-08-31T23:15:41.327+00:00,0.337581,0.8584525730002497,sqs-worker-5986dcd897-zjgcr,ip-192-168-20-201.ec2.internal,97f2391cecb541cb7ca16d015ef154816e58ca6aad784ef698010deafa8d9978,1,108.0,966.0
1,hpa-mmpp-909-5b393099,000066,57.641566,2026-08-31T23:15:40.258+00:00,2026-08-31T23:15:40.153+00:00,2026-08-31T23:15:41.346+00:00,2026-08-31T23:15:41.346+00:00,2026-08-31T23:15:41.354+00:00,2026-08-31T23:15:41.354+00:00,0.007496,0.00753011100096046,sqs-worker-5986dcd897-zjgcr,ip-192-168-20-201.ec2.internal,15b92e453b468bd652dad188bbdaa59607ba002cf524218a3dc3ae48c0e16089,1,1193.0,1201.0
1,hpa-mmpp-909-5b393099,000069,57.874745,2026-08-31T23:15:40.491+00:00,2026-08-31T23:15:40.387+00:00,2026-08-31T23:15:41.372+00:00,2026-08-31T23:15:41.373+00:00,2026-08-31T23:15:41.624+00:00,2026-08-31T23:15:41.624+00:00,0.107529,0.2516551789994992,sqs-worker-5986dcd897-zjgcr,ip-192-168-20-201.ec2.internal,ba7fbc727ab3f98e2ee185e3dc49f991a45980faa7a3b5a8b318944423aaa368,1,985.0,1237.0
1,hpa-mmpp-909-5b393099,000072,58.803298,2026-08-31T23:15:41.420+00:00,2026-08-31T23:15:41.320+00:00,2026-08-31T23:15:41.656+00:00,2026-08-31T23:15:41.656+00:00,2026-08-31T23:15:41.840+00:00,2026-08-31T23:15:41.840+00:00,0.088534,0.1834138449994498,sqs-worker-5986dcd897-zjgcr,ip-192-168-20-201.ec2.internal,7942ecba7aee7bb64d0745cda9519f2b74c7c3974c53572c5022429ee3ee1a03,1,336.0,520.0
1,hpa-mmpp-909-5b393099,000068,57.868591,2026-08-31T23:15:40.485+00:00,2026-08-31T23:15:40.379+00:00,2026-08-31T23:15:41.855+00:00,2026-08-31T23:15:41.856+00:00,2026-08-31T23:15:41.938+00:00,2026-08-31T23:15:41.938+00:00,0.030472,0.08258674999888171,sqs-worker-5986dcd897-zjgcr,ip-192-168-20-201.ec2.internal,4758c4061d7f27a2f1124a72f6eb8f5b7482b3f985498b2164690c37d2c8d8f2,1,1476.0,1559.0
1,hpa-mmpp-909-5b393099,000073,59.136623,2026-08-31T23:15:41.753+00:00,2026-08-31T23:15:41.649+00:00,2026-08-31T23:15:42.115+00:00,2026-08-31T23:15:42.115+00:00,2026-08-31T23:15:42.594+00:00,2026-08-31T23:15:42.594+00:00,0.20526,0.47884845299995504,sqs-worker-5986dcd897-zjgcr,ip-192-168-20-201.ec2.internal,20796898f51e6ffcb8bbcfafaf019aefcf2a343c411ffd9744898828c6b18f7c,1,466.0,945.0
1,hpa-mmpp-909-5b393099,000074,59.223308,2026-08-31T23:15:41.840+00:00,2026-08-31T23:15:41.733+00:00,2026-08-31T23:15:42.712+00:00,2026-08-31T23:15:42.712+00:00,2026-08-31T23:15:43.078+00:00,2026-08-31T23:15:43.078+00:00,0.157873,0.3661729250015924,sqs-worker-5986dcd897-x8rdl,ip-192-168-20-201.ec2.internal,31c423d170a20dddbff66f30fd56e3a1b020c7b02499c6c104204f29e5abbef4,1,979.0,1345.0
1,hpa-mmpp-909-5b393099,000076,59.711099,2026-08-31T23:15:42.328+00:00,2026-08-31T23:15:42.224+00:00,2026-08-31T23:15:42.636+00:00,2026-08-31T23:15:42.636+00:00,2026-08-31T23:15:43.125+00:00,2026-08-31T23:15:43.125+00:00,0.140931,0.48884625299979234,sqs-worker-5986dcd897-zjgcr,ip-192-168-20-201.ec2.internal,839034ebdc74896a01322011ddde86b741c90c9ff283133483a55aa5a91e5af3,1,412.0,901.0
1,hpa-mmpp-909-5b393099,000071,58.638332,2026-08-31T23:15:41.255+00:00,2026-08-31T23:15:41.153+00:00,2026-08-31T23:15:41.970+00:00,2026-08-31T23:15:41.970+00:00,2026-08-31T23:15:42.085+00:00,2026-08-31T23:15:42.085+00:00,0.051252,0.1149331529995834,sqs-worker-5986dcd897-zjgcr,ip-192-168-20-201.ec2.internal,ad7c313100334832dd8e7f11395dae298509e1f6535db30a139b4588598c22d1,1,817.0,932.0
1,hpa-mmpp-909-5b393099,000070,58.193921,2026-08-31T23:15:40.811+00:00,2026-08-31T23:15:40.706+00:00,2026-08-31T23:15:40.918+00:00,2026-08-31T23:15:40.918+00:00,2026-08-31T23:15:42.675+00:00,2026-08-31T23:15:42.675+00:00,0.411725,1.7574861829998554,sqs-worker-5986dcd897-x8rdl,ip-192-168-20-201.ec2.internal,a43a793c2d91a05d09b97e3708152852b403fdf7d39fdf4d0e2ff39af5b7e908,1,212.0,1969.0
1,hpa-mmpp-909-5b393099,000079,60.502755,2026-08-31T23:15:43.124+00:00,2026-08-31T23:15:43.020+00:00,2026-08-31T23:15:43.095+00:00,2026-08-31T23:15:43.095+00:00,2026-08-31T23:15:43.179+00:00,2026-08-31T23:15:43.179+00:00,0.036335,0.08420230600313516,sqs-worker-5986dcd897-x8rdl,ip-192-168-20-201.ec2.internal,a3be880d809230781a21d87d9d890e39866596751898c36d2a4fc86aaf402bf0,1,75.0,159.0
1,hpa-mmpp-909-5b393099,000077,59.931784,2026-08-31T23:15:42.548+00:00,2026-08-31T23:15:42.444+00:00,2026-08-31T23:15:43.296+00:00,2026-08-31T23:15:43.296+00:00,2026-08-31T23:15:43.627+00:00,2026-08-31T23:15:43.627+00:00,0.06661,0.33015539700136287,sqs-worker-5986dcd897-zjgcr,ip-192-168-20-201.ec2.internal,113e50f1005e1e77f83a63bb92ed8b9dc89cbd4f8181c029854523561cd14615,1,852.0,1183.0
1,hpa-mmpp-909-5b393099,000080,60.780559,2026-08-31T23:15:43.397+00:00,2026-08-31T23:15:43.292+00:00,2026-08-31T23:15:43.721+00:00,2026-08-31T23:15:43.721+00:00,2026-08-31T23:15:44.185+00:00,2026-08-31T23:15:44.185+00:00,0.098278,0.4639912460006599,sqs-worker-5986dcd897-zjgcr,ip-192-168-20-201.ec2.internal,b7352e8f235065b1f5cf4243fbe7d46aa0a225f21e137a92954a206b7e47dfca,1,429.0,893.0
1,hpa-mmpp-909-5b393099,000075,59.354563,2026-08-31T23:15:41.971+00:00,2026-08-31T23:15:41.866+00:00,2026-08-31T23:15:43.220+00:00,2026-08-31T23:15:43.220+00:00,2026-08-31T23:15:44.422+00:00,2026-08-31T23:15:44.422+00:00,0.509232,1.2025575059997209,sqs-worker-5986dcd897-x8rdl,ip-192-168-20-201.ec2.internal,a6f6b24b42e762c731fb2f428a5d365c05a2d17bd0d2d8c6dc38298f59fc7152,1,1354.0,2556.0
1,hpa-mmpp-909-5b393099,000081,60.810997,2026-08-31T23:15:43.427+00:00,2026-08-31T23:15:43.320+00:00,2026-08-31T23:15:44.237+00:00,2026-08-31T23:15:44.237+00:00,2026-08-31T23:15:44.782+00:00,2026-08-31T23:15:44.782+00:00,0.099419,0.5450088899997354,sqs-worker-5986dcd897-zjgcr,ip-192-168-20-201.ec2.internal,0ec5e4cbc2908bc13177e27a8de4d081c1c8f2d0380e6c2c045cce0600305998,1,917.0,1462.0
1,hpa-mmpp-909-5b393099,000096,62.298615,2026-08-31T23:15:44.915+00:00,2026-08-31T23:15:44.816+00:00,2026-08-31T23:15:44.819+00:00,2026-08-31T23:15:44.819+00:00,2026-08-31T23:15:45.112+00:00,2026-08-31T23:15:45.112+00:00,0.116721,0.29316155400010757,sqs-worker-5986dcd897-x8rdl,ip-192-168-20-201.ec2.internal,0f680fb5e49fd0c42638e4211e19f85aec36777e56fe37008e8efbb06b49f8d2,1,3.0,296.0
1,hpa-mmpp-909-5b393099,000078,60.245601,2026-08-31T23:15:42.862+00:00,2026-08-31T23:15:42.759+00:00,2026-08-31T23:15:44.844+00:00,2026-08-31T23:15:44.844+00:00,2026-08-31T23:15:45.787+00:00,2026-08-31T23:15:45.787+00:00,0.1957,0.9427059119989281,sqs-worker-5986dcd897-zjgcr,ip-192-168-20-201.ec2.internal,0bd541cb0ec88104548616c9c7eba49cd85514d5ddb1e5124f11533ed641dc1a,1,2085.0,3028.0
1,hpa-mmpp-909-5b393099,000087,61.327211,2026-08-31T23:15:43.944+00:00,2026-08-31T23:15:43.843+00:00,2026-08-31T23:15:44.483+00:00,2026-08-31T23:15:44.483+00:00,2026-08-31T23:15:44.803+00:00,2026-08-31T23:15:44.803+00:00,0.143583,0.3195742399984738,sqs-worker-5986dcd897-x8rdl,ip-192-168-20-201.ec2.internal,86930eb90f303680411eadc41f83f76e0e7c1537050b7eff1ed31fe0445a7f18,1,640.0,960.0
1,hpa-mmpp-909-5b393099,000090,61.602776,2026-08-31T23:15:44.220+00:00,2026-08-31T23:15:44.122+00:00,2026-08-31T23:15:46.414+00:00,2026-08-31T23:15:46.414+00:00,2026-08-31T23:15:46.502+00:00,2026-08-31T23:15:46.502+00:00,0.038411,0.0877603109984193,sqs-worker-5986dcd897-x8rdl,ip-192-168-20-201.ec2.internal,71564202da78db4249d21e0ece725fe2debc8149d6308caddfcd513cabc2da9b,1,2292.0,2380.0
1,hpa-mmpp-909-5b393099,000097,62.639009,2026-08-31T23:15:45.256+00:00,2026-08-31T23:15:45.156+00:00,2026-08-31T23:15:46.518+00:00,2026-08-31T23:15:46.518+00:00,2026-08-31T23:15:46.587+00:00,2026-08-31T23:15:46.587+00:00,0.020932,0.06864401200073189,sqs-worker-5986dcd897-x8rdl,ip-192-168-20-201.ec2.internal,ba17df6cfa3c9d78f59cc40092fe282f85cb1a2cca59d7cf42dc52e997bb0e40,1,1362.0,1431.0
1,hpa-mmpp-909-5b393099,000083,61.059467,2026-08-31T23:15:43.676+00:00,2026-08-31T23:15:43.572+00:00,2026-08-31T23:15:45.953+00:00,2026-08-31T23:15:45.953+00:00,2026-08-31T23:15:46.399+00:00,2026-08-31T23:15:46.399+00:00,0.178324,0.4459066460003669,sqs-worker-5986dcd897-x8rdl,ip-192-168-20-201.ec2.internal,758261fd8c6574c730af81c79fefaca5b1b857caa1a399f953fa069265483529,1,2381.0,2827.0
1,hpa-mmpp-909-5b393099,000092,61.8078,2026-08-31T23:15:44.424+00:00,2026-08-31T23:15:44.322+00:00,2026-08-31T23:15:46.603+00:00,2026-08-31T23:15:46.603+00:00,2026-08-31T23:15:46.815+00:00,2026-08-31T23:15:46.815+00:00,0.103305,0.21169737800300936,sqs-worker-5986dcd897-x8rdl,ip-192-168-20-201.ec2.internal,95a1cb5de1bd4c7b46a602e349e27cc1199d6c3ccb34139953dd68685939ef0f,1,2281.0,2493.0
1,hpa-mmpp-909-5b393099,000100,62.915763,2026-08-31T23:15:45.532+00:00,2026-08-31T23:15:45.434+00:00,2026-08-31T23:15:47.431+00:00,2026-08-31T23:15:47.431+00:00,2026-08-31T23:15:47.635+00:00,2026-08-31T23:15:47.635+00:00,0.094733,0.20439748100034194,sqs-worker-5986dcd897-zjgcr,ip-192-168-20-201.ec2.internal,a6a51d0708fdc44d832d5aee765b1a52166790090f1feea14ff70baff5623bc4,1,1997.0,2201.0
1,hpa-mmpp-909-5b393099,000082,60.982573,2026-08-31T23:15:43.599+00:00,2026-08-31T23:15:43.506+00:00,2026-08-31T23:15:45.131+00:00,2026-08-31T23:15:45.131+00:00,2026-08-31T23:15:45.492+00:00,2026-08-31T23:15:45.492+00:00,0.135544,0.3616351569980907,sqs-worker-5986dcd897-x8rdl,ip-192-168-20-201.ec2.internal,a49b47859cfddcd46085b5cac7766862cc0d45a8df7ad5a1f390880ed6bcca4a,1,1625.0,1986.0
1,hpa-mmpp-909-5b393099,000084,61.140696,2026-08-31T23:15:43.757+00:00,2026-08-31T23:15:43.654+00:00,2026-08-31T23:15:45.928+00:00,2026-08-31T23:15:45.928+00:00,2026-08-31T23:15:45.933+00:00,2026-08-31T23:15:45.933+00:00,0.005,0.005042046999733429,sqs-worker-5986dcd897-x8rdl,ip-192-168-20-201.ec2.internal,31d811512ede00476d15f56bbdbfe5ca765a2e01be8fab89417f2d71e96957fa,1,2274.0,2279.0
1,hpa-mmpp-909-5b393099,000085,61.220112,2026-08-31T23:15:43.837+00:00,2026-08-31T23:15:43.739+00:00,2026-08-31T23:15:46.873+00:00,2026-08-31T23:15:46.874+00:00,2026-08-31T23:15:47.297+00:00,2026-08-31T23:15:47.297+00:00,0.176748,0.4231032759998925,sqs-worker-5986dcd897-x8rdl,ip-192-168-20-201.ec2.internal,272842908e93782d00acc9b889e080d2d25e7e29105c9d48a415f347ffeac2a1,1,3134.0,3558.0
1,hpa-mmpp-909-5b393099,000094,62.037163,2026-08-31T23:15:44.654+00:00,2026-08-31T23:15:44.552+00:00,2026-08-31T23:15:47.652+00:00,2026-08-31T23:15:47.652+00:00,2026-08-31T23:15:47.722+00:00,2026-08-31T23:15:47.722+00:00,0.023673,0.07009234100041795,sqs-worker-5986dcd897-zjgcr,ip-192-168-20-201.ec2.internal,4e8070351ded2f25a357d5e89af072912899a3e7afbb0cb9c3d832feb6432eee,1,3100.0,3170.0
1,hpa-mmpp-909-5b393099,000108,64.505415,2026-08-31T23:15:47.122+00:00,2026-08-31T23:15:47.015+00:00,2026-08-31T23:15:47.628+00:00,2026-08-31T23:15:47.628+00:00,2026-08-31T23:15:48.606+00:00,2026-08-31T23:15:48.606+00:00,0.393225,0.9786791980004637,sqs-worker-5986dcd897-x8rdl,ip-192-168-20-201.ec2.internal,36f5a9148dd3ad0b9b634c6aa693c045112f934780dfede128cf3b5f8b371acf,1,613.0,1591.0
1,hpa-mmpp-909-5b393099,000106,63.88345,2026-08-31T23:15:46.500+00:00,2026-08-31T23:15:46.397+00:00,2026-08-31T23:15:47.746+00:00,2026-08-31T23:15:47.746+00:00,2026-08-31T23:15:48.944+00:00,2026-08-31T23:15:48.944+00:00,0.495938,1.1975843110012647,sqs-worker-5986dcd897-zjgcr,ip-192-168-20-201.ec2.internal,631ebdb84ba2891249af2a7ed227baf383dd1d1424739212208bd4c824c62c57,1,1349.0,2547.0
1,hpa-mmpp-909-5b393099,000102,63.439275,2026-08-31T23:15:46.056+00:00,2026-08-31T23:15:45.950+00:00,2026-08-31T23:15:48.643+00:00,2026-08-31T23:15:48.643+00:00,2026-08-31T23:15:48.975+00:00,2026-08-31T23:15:48.975+00:00,0.121573,0.3319219860022713,sqs-worker-5986dcd897-x8rdl,ip-192-168-20-201.ec2.internal,0796ecca979d2fda8f43e1d50b38af6b05ff992de6ab6a41d6511d3b3f5af42c,1,2693.0,3025.0
1,hpa-mmpp-909-5b393099,000104,63.734788,2026-08-31T23:15:46.351+00:00,2026-08-31T23:15:46.245+00:00,2026-08-31T23:15:48.986+00:00,2026-08-31T23:15:48.987+00:00,2026-08-31T23:15:49.041+00:00,2026-08-31T23:15:49.041+00:00,0.029878,0.05480888199963374,sqs-worker-5986dcd897-zjgcr,ip-192-168-20-201.ec2.internal,0f77e7094cb53624f7933c267b3c1a269ea678336b5eac0e8890c7733d989e2c,1,2741.0,2796.0
1,hpa-mmpp-909-5b393099,000107,64.083364,2026-08-31T23:15:46.700+00:00,2026-08-31T23:15:46.599+00:00,2026-08-31T23:15:49.056+00:00,2026-08-31T23:15:49.056+00:00,2026-08-31T23:15:49.343+00:00,2026-08-31T23:15:49.343+00:00,0.119114,0.28735422200043104,sqs-worker-5986dcd897-zjgcr,ip-192-168-20-201.ec2.internal,e30ede591229929fb2dcf862b1dd8d0e769d2765ae2531bedae4cc7c745ce4a0,1,2457.0,2744.0
1,hpa-mmpp-909-5b393099,000086,61.304988,2026-08-31T23:15:43.922+00:00,2026-08-31T23:15:43.824+00:00,2026-08-31T23:15:45.509+00:00,2026-08-31T23:15:45.509+00:00,2026-08-31T23:15:45.911+00:00,2026-08-31T23:15:45.911+00:00,0.174269,0.4016942599992035,sqs-worker-5986dcd897-x8rdl,ip-192-168-20-201.ec2.internal,f61f41ca27c3e299d3d6dd3add13a93a684ec3463421e2536793d0c876fc9fe0,1,1685.0,2087.0
1,hpa-mmpp-909-5b393099,000098,62.678023,2026-08-31T23:15:45.295+00:00,2026-08-31T23:15:45.195+00:00,2026-08-31T23:15:45.821+00:00,2026-08-31T23:15:45.821+00:00,2026-08-31T23:15:46.190+00:00,2026-08-31T23:15:46.190+00:00,0.157752,0.36871145899931435,sqs-worker-5986dcd897-zjgcr,ip-192-168-20-201.ec2.internal,1e8016dece3b725f6238419d4ca169801d6c4d89d9aace5ce301488470516fbb,1,626.0,995.0
1,hpa-mmpp-909-5b393099,000088,61.386173,2026-08-31T23:15:44.003+00:00,2026-08-31T23:15:43.899+00:00,2026-08-31T23:15:46.231+00:00,2026-08-31T23:15:46.232+00:00,2026-08-31T23:15:47.391+00:00,2026-08-31T23:15:47.391+00:00,0.476191,1.1592734469995776,sqs-worker-5986dcd897-zjgcr,ip-192-168-20-201.ec2.internal,36016dcc519d7e49b8eb3f281ac07ffceb2c296a8d613b73f2f4c4dfe27197f0,1,2332.0,3492.0
1,hpa-mmpp-909-5b393099,000089,61.465671,2026-08-31T23:15:44.082+00:00,2026-08-31T23:15:43.978+00:00,2026-08-31T23:15:47.313+00:00,2026-08-31T23:15:47.313+00:00,2026-08-31T23:15:47.612+00:00,2026-08-31T23:15:47.612+00:00,0.129538,0.2990334950009128,sqs-worker-5986dcd897-x8rdl,ip-192-168-20-201.ec2.internal,6b97a73b0e78f783f48806eaf6436fbc7161bfdb2f4943f49170f625972c591d,1,3335.0,3634.0
1,hpa-mmpp-909-5b393099,000109,64.727862,2026-08-31T23:15:47.345+00:00,2026-08-31T23:15:47.244+00:00,2026-08-31T23:15:48.621+00:00,2026-08-31T23:15:48.621+00:00,2026-08-31T23:15:48.626+00:00,2026-08-31T23:15:48.626+00:00,0.005,0.005063974000222515,sqs-worker-5986dcd897-x8rdl,ip-192-168-20-201.ec2.internal,7155de262ed03e752c246cc65b70d3bb2a53db3a008bbd93eeb3c08492e9cc55,1,1377.0,1382.0
1,hpa-mmpp-909-5b393099,000116,66.0478,2026-08-31T23:15:48.664+00:00,2026-08-31T23:15:48.558+00:00,2026-08-31T23:15:50.545+00:00,2026-08-31T23:15:50.545+00:00,2026-08-31T23:15:50.551+00:00,2026-08-31T23:15:50.551+00:00,0.006409,0.006440318000386469,sqs-worker-5986dcd897-zjgcr,ip-192-168-20-201.ec2.internal,429788e98c2f9331494151ce4a2ab7f321e68d0b849b315c00d64738e48ca9a1,1,1987.0,1993.0
1,hpa-mmpp-909-5b393099,000118,66.414824,2026-08-31T23:15:49.031+00:00,2026-08-31T23:15:48.927+00:00,2026-08-31T23:15:50.742+00:00,2026-08-31T23:15:50.742+00:00,2026-08-31T23:15:51.135+00:00,2026-08-31T23:15:51.135+00:00,0.157464,0.39316340100049274,sqs-worker-5986dcd897-zjgcr,ip-192-168-20-201.ec2.internal,b07f395fcb64e0c194a338b49ca8dbda96394835b0ea8be3021867b8274ac806,1,1815.0,2208.0
1,hpa-mmpp-909-5b393099,000105,63.813745,2026-08-31T23:15:46.430+00:00,2026-08-31T23:15:46.329+00:00,2026-08-31T23:15:48.992+00:00,2026-08-31T23:15:48.992+00:00,2026-08-31T23:15:51.576+00:00,2026-08-31T23:15:51.586+00:00,0.635594,2.5940817129994684,sqs-worker-5986dcd897-x8rdl,ip-192-168-20-201.ec2.internal,146e2c65acd5f9602b040544df78bf0364ee796c6dd82c9e2439308a9a629f24,1,2663.0,5247.0
1,hpa-mmpp-909-5b393099,000112,65.079289,2026-08-31T23:15:47.696+00:00,2026-08-31T23:15:47.595+00:00,2026-08-31T23:15:49.365+00:00,2026-08-31T23:15:49.365+00:00,2026-08-31T23:15:50.528+00:00,2026-08-31T23:15:50.528+00:00,0.45858,1.1629713279980933,sqs-worker-5986dcd897-zjgcr,ip-192-168-20-201.ec2.internal,6509cc3194301e8a48d9d7a25f6fcb714e7b17b7225601d2dc764aeffb390845,1,1770.0,2933.0
1,hpa-mmpp-909-5b393099,000111,65.072093,2026-08-31T23:15:47.689+00:00,2026-08-31T23:15:47.590+00:00,2026-08-31T23:15:51.154+00:00,2026-08-31T23:15:51.154+00:00,2026-08-31T23:15:51.648+00:00,2026-08-31T23:15:51.648+00:00,0.208068,0.49407208699994953,sqs-worker-5986dcd897-zjgcr,ip-192-168-20-201.ec2.internal,a925e220ae4b031cfa25b1d207dc5af6f2fcc5b3f18e002241544d1ea025fdfd,1,3564.0,4058.0
1,hpa-mmpp-909-5b393099,000110,64.734557,2026-08-31T23:15:47.351+00:00,2026-08-31T23:15:47.246+00:00,2026-08-31T23:15:50.566+00:00,2026-08-31T23:15:50.566+00:00,2026-08-31T23:15:50.725+00:00,2026-08-31T23:15:50.725+00:00,0.072242,0.1592105090021505,sqs-worker-5986dcd897-zjgcr,ip-192-168-20-201.ec2.internal,edc07a58fba770b9c1dfeb1266fedc8214253b908e5a37ebfe9606ae8968f0f9,1,3320.0,3479.0
1,hpa-mmpp-909-5b393099,000123,68.082276,2026-08-31T23:15:50.699+00:00,2026-08-31T23:15:50.593+00:00,2026-08-31T23:15:51.691+00:00,2026-08-31T23:15:51.691+00:00,2026-08-31T23:15:52.336+00:00,2026-08-31T23:15:52.336+00:00,0.265689,0.6454345520032803,sqs-worker-5986dcd897-zjgcr,ip-192-168-20-201.ec2.internal,91ea3cbc0174201f8994ff15863555fe5133872d7a61bb310df24cdeb61ab82e,1,1098.0,1743.0
1,hpa-mmpp-909-5b393099,000091,61.704851,2026-08-31T23:15:44.321+00:00,2026-08-31T23:15:44.214+00:00,2026-08-31T23:15:51.606+00:00,2026-08-31T23:15:51.606+00:00,2026-08-31T23:15:52.785+00:00,2026-08-31T23:15:52.785+00:00,0.237998,1.1787894949993643,sqs-worker-5986dcd897-x8rdl,ip-192-168-20-201.ec2.internal,47754a8728d69d67f5e4fde50b33fada3e23fca0e5785c02bb00bfd120d4ae8e,1,7392.0,8571.0
1,hpa-mmpp-909-5b393099,000103,63.578669,2026-08-31T23:15:46.195+00:00,2026-08-31T23:15:46.094+00:00,2026-08-31T23:15:52.353+00:00,2026-08-31T23:15:52.353+00:00,2026-08-31T23:15:53.623+00:00,2026-08-31T23:15:53.623+00:00,0.339224,1.269917624998925,sqs-worker-5986dcd897-zjgcr,ip-192-168-20-201.ec2.internal,4a4080a523fc002476ce18246e51d6fceed511f4498348042177a16a410220d9,1,6259.0,7529.0
1,hpa-mmpp-909-5b393099,000115,65.987957,2026-08-31T23:15:48.605+00:00,2026-08-31T23:15:48.499+00:00,2026-08-31T23:15:52.802+00:00,2026-08-31T23:15:52.802+00:00,2026-08-31T23:15:53.807+00:00,2026-08-31T23:15:53.807+00:00,0.416015,1.0049367999999959,sqs-worker-5986dcd897-x8rdl,ip-192-168-20-201.ec2.internal,ed33a7f9efe462bf7e9c6e91b54c7b28d5202bca3ee9670a251a9196d9428b36,1,4303.0,5308.0
1,hpa-mmpp-909-5b393099,000117,66.195485,2026-08-31T23:15:48.812+00:00,2026-08-31T23:15:48.704+00:00,2026-08-31T23:15:53.721+00:00,2026-08-31T23:15:53.721+00:00,2026-08-31T23:15:54.133+00:00,2026-08-31T23:15:54.133+00:00,0.099281,0.4118013660008728,sqs-worker-5986dcd897-zjgcr,ip-192-168-20-201.ec2.internal,1fcb9543d90a95eb264182af3d9f4082b3f740022adae2ef424833608d68d40e,1,5017.0,5429.0
1,hpa-mmpp-909-5b393099,000131,69.697268,2026-08-31T23:15:52.312+00:00,2026-08-31T23:15:52.207+00:00,2026-08-31T23:15:53.826+00:00,2026-08-31T23:15:53.826+00:00,2026-08-31T23:15:54.291+00:00,2026-08-31T23:15:54.291+00:00,0.180822,0.46577022899873555,sqs-worker-5986dcd897-x8rdl,ip-192-168-20-201.ec2.internal,05fef085c9f037eeae5d2e0aad85586b9b73a6151b59787ae4f233ed238bca5a,1,1619.0,2084.0
1,hpa-mmpp-909-5b393099,000113,65.113622,2026-08-31T23:15:47.730+00:00,2026-08-31T23:15:47.623+00:00,2026-08-31T23:15:54.306+00:00,2026-08-31T23:15:54.306+00:00,2026-08-31T23:15:54.419+00:00,2026-08-31T23:15:54.419+00:00,0.060207,0.11225198900137912,sqs-worker-5986dcd897-x8rdl,ip-192-168-20-201.ec2.internal,8a6a85b03f00945512ae7f4a45554df257ca91d40f720b8dab058a259af1436b,1,6683.0,6796.0
1,hpa-mmpp-909-5b393099,000114,65.842778,2026-08-31T23:15:48.460+00:00,2026-08-31T23:15:48.353+00:00,2026-08-31T23:15:54.436+00:00,2026-08-31T23:15:54.436+00:00,2026-08-31T23:15:54.918+00:00,2026-08-31T23:15:54.918+00:00,0.194951,0.48222374000033597,sqs-worker-5986dcd897-x8rdl,ip-192-168-20-201.ec2.internal,67f98571edfc990b8f31f9a9eac48dee41a3beb936163d1c76bcf052e1d96b3a,1,6083.0,6565.0
1,hpa-mmpp-909-5b393099,000128,69.336896,2026-08-31T23:15:51.952+00:00,2026-08-31T23:15:51.848+00:00,2026-08-31T23:15:54.939+00:00,2026-08-31T23:15:54.939+00:00,2026-08-31T23:15:55.511+00:00,2026-08-31T23:15:55.511+00:00,0.217337,0.5713137279999501,sqs-worker-5986dcd897-x8rdl,ip-192-168-20-201.ec2.internal,cfc1670a931e0efff6eb86178d3226c31a0ba6797d83587a95936dc1708afd13,1,3091.0,3663.0
1,hpa-mmpp-909-5b393099,000121,67.511286,2026-08-31T23:15:50.129+00:00,2026-08-31T23:15:50.021+00:00,2026-08-31T23:15:54.221+00:00,2026-08-31T23:15:54.221+00:00,2026-08-31T23:15:55.728+00:00,2026-08-31T23:15:55.728+00:00,0.303598,1.506328768999083,sqs-worker-5986dcd897-zjgcr,ip-192-168-20-201.ec2.internal,c0a611a16138dae13109dd6f24f51b3134e929a3523a38533a8d9d9309665d44,1,4200.0,5707.0
1,hpa-mmpp-909-5b393099,000138,71.297922,2026-08-31T23:15:53.913+00:00,2026-08-31T23:15:53.814+00:00,2026-08-31T23:15:55.529+00:00,2026-08-31T23:15:55.529+00:00,2026-08-31T23:15:55.547+00:00,2026-08-31T23:15:55.547+00:00,0.014201,0.0179633260013361,sqs-worker-5986dcd897-x8rdl,ip-192-168-20-201.ec2.internal,4674cb877576cf4f2225a90679708705af1a8a67b5a997bd945187350497e24f,1,1715.0,1733.0
1,hpa-mmpp-909-5b393099,000120,66.64518,2026-08-31T23:15:49.262+00:00,2026-08-31T23:15:49.159+00:00,2026-08-31T23:15:55.562+00:00,2026-08-31T23:15:55.562+00:00,2026-08-31T23:15:55.711+00:00,2026-08-31T23:15:55.711+00:00,0.064094,0.14870000399969285,sqs-worker-5986dcd897-x8rdl,ip-192-168-20-201.ec2.internal,7446d1e99c94cea727b32db8daa1ffdb5fa255e31ba8b004a3427b153309e179,1,6403.0,6552.0
1,hpa-mmpp-909-5b393099,000141,72.171295,2026-08-31T23:15:54.787+00:00,2026-08-31T23:15:54.688+00:00,2026-08-31T23:15:55.760+00:00,2026-08-31T23:15:55.760+00:00,2026-08-31T23:15:56.887+00:00,2026-08-31T23:15:56.887+00:00,0.441817,1.1274344519988517,sqs-worker-5986dcd897-x8rdl,ip-192-168-20-201.ec2.internal,8b3ea2ddb0134d37224efc79522823c5e1b2cb7257d11f967bf41e8d6477d3d7,1,1072.0,2199.0
1,hpa-mmpp-909-5b393099,000093,61.978406,2026-08-31T23:15:44.595+00:00,2026-08-31T23:15:44.494+00:00,2026-08-31T23:15:56.904+00:00,2026-08-31T23:15:56.904+00:00,2026-08-31T23:15:57.002+00:00,2026-08-31T23:15:57.002+00:00,0.05262,0.09866759600117803,sqs-worker-5986dcd897-x8rdl,ip-192-168-20-201.ec2.internal,b5a78f4c25a9625f466db01c36ac32e102216019ae9b6d8f7b26de5ce1538aa1,1,12410.0,12508.0
1,hpa-mmpp-909-5b393099,000124,68.155668,2026-08-31T23:15:50.772+00:00,2026-08-31T23:15:50.673+00:00,2026-08-31T23:15:57.016+00:00,2026-08-31T23:15:57.016+00:00,2026-08-31T23:15:57.107+00:00,2026-08-31T23:15:57.107+00:00,0.038257,0.09099703399988357,sqs-worker-5986dcd897-x8rdl,ip-192-168-20-201.ec2.internal,e9b34bf3dbd4ce0a560efdbc63153f7b8d16215d16a4697a2f8b167526ad575c,1,6343.0,6434.0
1,hpa-mmpp-909-5b393099,000129,69.440181,2026-08-31T23:15:52.055+00:00,2026-08-31T23:15:51.956+00:00,2026-08-31T23:15:57.362+00:00,2026-08-31T23:15:57.362+00:00,2026-08-31T23:15:57.474+00:00,2026-08-31T23:15:57.474+00:00,0.05332,0.11220391999813728,sqs-worker-5986dcd897-kxzns,ip-192-168-20-201.ec2.internal,9f10e01c5bbe44fa4ea7f5430fe67691b5b3ffbc4414f8d98b7368b284c8498f,1,5406.0,5518.0
1,hpa-mmpp-909-5b393099,000119,66.594704,2026-08-31T23:15:49.211+00:00,2026-08-31T23:15:49.104+00:00,2026-08-31T23:15:57.122+00:00,2026-08-31T23:15:57.122+00:00,2026-08-31T23:15:57.291+00:00,2026-08-31T23:15:57.291+00:00,0.058338,0.16878419600107009,sqs-worker-5986dcd897-x8rdl,ip-192-168-20-201.ec2.internal,417fa3923363ea3a7a6fbd390849a139e7db7b50d90886d71261bf53c1e9b3fb,1,8018.000000000001,8186.999999999999
1,hpa-mmpp-909-5b393099,000126,68.904708,2026-08-31T23:15:51.520+00:00,2026-08-31T23:15:51.415+00:00,2026-08-31T23:15:57.932+00:00,2026-08-31T23:15:57.932+00:00,2026-08-31T23:15:58.022+00:00,2026-08-31T23:15:58.022+00:00,0.038291,0.09061375000237604,sqs-worker-5986dcd897-x8rdl,ip-192-168-20-201.ec2.internal,dcde4b8c4d70fe86af95212f3547bbe0d1c232a42428708b1e4a42266169982e,1,6517.0,6607.0
1,hpa-mmpp-909-5b393099,000130,69.513148,2026-08-31T23:15:52.128+00:00,2026-08-31T23:15:52.024+00:00,2026-08-31T23:15:58.088+00:00,2026-08-31T23:15:58.088+00:00,2026-08-31T23:15:58.317+00:00,2026-08-31T23:15:58.317+00:00,0.110407,0.2293052559980424,sqs-worker-5986dcd897-x8rdl,ip-192-168-20-201.ec2.internal,2aaf50528ec187385daa25ad7352689004c73d8fb92475c147557cd70c2f33fb,1,6064.0,6293.0
1,hpa-mmpp-909-5b393099,000095,62.27367,2026-08-31T23:15:44.890+00:00,2026-08-31T23:15:44.791+00:00,2026-08-31T23:15:57.503+00:00,2026-08-31T23:15:57.503+00:00,2026-08-31T23:15:57.770+00:00,2026-08-31T23:15:57.770+00:00,0.110006,0.26793411600010586,sqs-worker-5986dcd897-kxzns,ip-192-168-20-201.ec2.internal,98f972740c84bcee94cce610b395c7411b997147e0441d849deb3796c38a1e2c,1,12712.0,12979.0
1,hpa-mmpp-909-5b393099,000127,69.18402,2026-08-31T23:15:51.799+00:00,2026-08-31T23:15:51.694+00:00,2026-08-31T23:15:57.784+00:00,2026-08-31T23:15:57.784+00:00,2026-08-31T23:15:58.102+00:00,2026-08-31T23:15:58.102+00:00,0.135517,0.3180793800020183,sqs-worker-5986dcd897-kxzns,ip-192-168-20-201.ec2.internal,13f9ca2866b37ec08f499326ca65280297f9bd464ecf9c353fd95c07890bfc1d,1,6090.0,6408.0
1,hpa-mmpp-909-5b393099,000140,71.625021,2026-08-31T23:15:54.240+00:00,2026-08-31T23:15:54.135+00:00,2026-08-31T23:15:58.118+00:00,2026-08-31T23:15:58.118+00:00,2026-08-31T23:15:58.471+00:00,2026-08-31T23:15:58.471+00:00,0.134995,0.3535154119999788,sqs-worker-5986dcd897-kxzns,ip-192-168-20-201.ec2.internal,ccb93a12d3f44e366840e8a80bed4789ec1bf8983b734a6f7ffb908e35e4c84f,1,3983.0,4336.0
1,hpa-mmpp-909-5b393099,000135,70.719978,2026-08-31T23:15:53.335+00:00,2026-08-31T23:15:53.231+00:00,2026-08-31T23:15:58.486+00:00,2026-08-31T23:15:58.486+00:00,2026-08-31T23:15:58.503+00:00,2026-08-31T23:15:58.503+00:00,0.013195,0.016457535999506945,sqs-worker-5986dcd897-kxzns,ip-192-168-20-201.ec2.internal,8d7cdcd1434b6f76d7b65b66a05538cb1563153f09311198324f6834938951ad,1,5255.0,5272.0
1,hpa-mmpp-909-5b393099,000142,72.314749,2026-08-31T23:15:54.930+00:00,2026-08-31T23:15:54.829+00:00,2026-08-31T23:15:57.304+00:00,2026-08-31T23:15:57.304+00:00,2026-08-31T23:15:57.916+00:00,2026-08-31T23:15:57.916+00:00,0.26209,0.6113049949999549,sqs-worker-5986dcd897-x8rdl,ip-192-168-20-201.ec2.internal,a51fd5f1a7351ed5632c38eb7dd6984c91c3ee174276038748e7ba8f95cf87e2,1,2475.0,3087.0
1,hpa-mmpp-909-5b393099,000099,62.876593,2026-08-31T23:15:45.493+00:00,2026-08-31T23:15:45.393+00:00,2026-08-31T23:15:58.548+00:00,2026-08-31T23:15:58.548+00:00,2026-08-31T23:15:59.010+00:00,2026-08-31T23:15:59.010+00:00,0.20794,0.46225065299950074,sqs-worker-5986dcd897-kxzns,ip-192-168-20-201.ec2.internal,cdec6bdbf64ae183986b43b14c46cc182414de26325d9252e7d2d7a5fd06c78b,1,13155.0,13617.0
1,hpa-mmpp-909-5b393099,000143,72.711239,2026-08-31T23:15:55.326+00:00,2026-08-31T23:15:55.221+00:00,2026-08-31T23:15:59.306+00:00,2026-08-31T23:15:59.306+00:00,2026-08-31T23:15:59.976+00:00,2026-08-31T23:15:59.976+00:00,0.270558,0.6706977460016788,sqs-worker-5986dcd897-kxzns,ip-192-168-20-201.ec2.internal,01b9e6b4f0b51c46840edaef5801da11cde66459dc6a286aa123a8964362225f,1,4085.0,4755.0
1,hpa-mmpp-909-5b393099,000136,70.924569,2026-08-31T23:15:53.540+00:00,2026-08-31T23:15:53.435+00:00,2026-08-31T23:15:59.074+00:00,2026-08-31T23:15:59.074+00:00,2026-08-31T23:15:59.280+00:00,2026-08-31T23:15:59.281+00:00,0.096154,0.20625463699980173,sqs-worker-5986dcd897-kxzns,ip-192-168-20-201.ec2.internal,c25056cc2889f77c85bdc9b8dd32a5cef0c48998a832f7c7c0ef3f4bc1b4f8cd,1,5639.0,5845.0
1,hpa-mmpp-909-5b393099,000132,70.218098,2026-08-31T23:15:52.833+00:00,2026-08-31T23:15:52.729+00:00,2026-08-31T23:15:58.354+00:00,2026-08-31T23:15:58.354+00:00,2026-08-31T23:15:59.709+00:00,2026-08-31T23:15:59.709+00:00,0.536719,1.3552590840008634,sqs-worker-5986dcd897-x8rdl,ip-192-168-20-201.ec2.internal,f79db94896a92b064272d6026d13ff44c331eeaeadc23496e507a3d59d7ffe3c,1,5625.0,6980.0
1,hpa-mmpp-909-5b393099,000122,67.825404,2026-08-31T23:15:50.442+00:00,2026-08-31T23:15:50.338+00:00,2026-08-31T23:16:00.001+00:00,2026-08-31T23:16:00.001+00:00,2026-08-31T23:16:01.009+00:00,2026-08-31T23:16:01.009+00:00,0.408988,1.0079345810008817,sqs-worker-5986dcd897-kxzns,ip-192-168-20-201.ec2.internal,d513cdaab1e1e2f47214a2f8e971d865aca3a62ccae392a46b7f5dd41d414029,1,9663.0,10671.0
1,hpa-mmpp-909-5b393099,000101,63.184018,2026-08-31T23:15:45.801+00:00,2026-08-31T23:15:45.697+00:00,2026-08-31T23:15:58.922+00:00,2026-08-31T23:15:58.922+00:00,2026-08-31T23:16:00.357+00:00,2026-08-31T23:16:00.357+00:00,0.591017,1.4356246380011726,sqs-worker-5986dcd897-zjgcr,ip-192-168-20-201.ec2.internal,02e9cd4466e45245a392088eb68934e238b8dda0b4cccbc2ac0833fa19621330,1,13225.0,14660.0
1,hpa-mmpp-909-5b393099,000134,70.327436,2026-08-31T23:15:52.942+00:00,2026-08-31T23:15:52.840+00:00,2026-08-31T23:15:58.631+00:00,2026-08-31T23:15:58.631+00:00,2026-08-31T23:15:58.788+00:00,2026-08-31T23:15:58.788+00:00,0.068969,0.15686497999922722,sqs-worker-5986dcd897-zjgcr,ip-192-168-20-201.ec2.internal,9a9c5ea9405743601ebc7c721e37793aace554467df5e199ceb18ca14cbee2db,1,5791.0,5948.0
1,hpa-mmpp-909-5b393099,000133,70.31674,2026-08-31T23:15:52.932+00:00,2026-08-31T23:15:52.830+00:00,2026-08-31T23:16:00.389+00:00,2026-08-31T23:16:00.389+00:00,2026-08-31T23:16:01.122+00:00,2026-08-31T23:16:01.122+00:00,0.291375,0.7326374110016332,sqs-worker-5986dcd897-zjgcr,ip-192-168-20-201.ec2.internal,3de2e18902dd069181c9bc72f6aec57479a83daa42024c912da69be8b8e116e2,1,7559.0,8292.0
1,hpa-mmpp-909-5b393099,000147,75.800392,2026-08-31T23:15:58.418+00:00,2026-08-31T23:15:58.313+00:00,2026-08-31T23:16:01.168+00:00,2026-08-31T23:16:01.168+00:00,2026-08-31T23:16:01.247+00:00,2026-08-31T23:16:01.248+00:00,0.050269,0.07940999899801682,sqs-worker-5986dcd897-zjgcr,ip-192-168-20-201.ec2.internal,3f3aeaa11c14a2b34f412db18f2aec1274f2d52db7cbb54467400a670e331771,1,2855.0,2934.0
1,hpa-mmpp-909-5b393099,000137,71.22565,2026-08-31T23:15:53.841+00:00,2026-08-31T23:15:53.740+00:00,2026-08-31T23:16:01.044+00:00,2026-08-31T23:16:01.044+00:00,2026-08-31T23:16:01.875+00:00,2026-08-31T23:16:01.875+00:00,0.341117,0.8311908180003229,sqs-worker-5986dcd897-kxzns,ip-192-168-20-201.ec2.internal,b168ba78ad8e90f6179c121e3d062597d2c6a8aa61bd7dda92f7acf4654ab589,1,7304.0,8135.0
1,hpa-mmpp-909-5b393099,000149,79.557664,2026-08-31T23:16:02.172+00:00,2026-08-31T23:16:02.074+00:00,2026-08-31T23:16:02.078+00:00,2026-08-31T23:16:02.078+00:00,2026-08-31T23:16:02.102+00:00,2026-08-31T23:16:02.102+00:00,0.02387,0.02391856600297615,sqs-worker-5986dcd897-kxzns,ip-192-168-20-201.ec2.internal,9f7582a1dbad4b21429af701a5e6475ee0a8a0c84045ad167f9bc40f94130540,1,4.0,28.0
1,hpa-mmpp-909-5b393099,000148,79.523389,2026-08-31T23:16:02.142+00:00,2026-08-31T23:16:02.036+00:00,2026-08-31T23:16:02.039+00:00,2026-08-31T23:16:02.039+00:00,2026-08-31T23:16:02.045+00:00,2026-08-31T23:16:02.045+00:00,0.006253,0.006290647001151228,sqs-worker-5986dcd897-zjgcr,ip-192-168-20-201.ec2.internal,d2276c5a3315f3405d8f3b4cd2abe9961ad63e916b50892ae9a90ce6ba5fb693,1,3.0,9.0
1,hpa-mmpp-909-5b393099,000125,68.540256,2026-08-31T23:15:51.157+00:00,2026-08-31T23:15:51.051+00:00,2026-08-31T23:15:55.784+00:00,2026-08-31T23:15:55.784+00:00,2026-08-31T23:15:58.137+00:00,2026-08-31T23:15:58.137+00:00,0.876817,2.3528122450006776,sqs-worker-5986dcd897-zjgcr,ip-192-168-20-201.ec2.internal,5cb5b2e0765ddc242f905e437fab6b42fec202c9f0980c788133e40e52f8fe3c,1,4733.0,7086.0
1,hpa-mmpp-909-5b393099,000144,72.755151,2026-08-31T23:15:55.370+00:00,2026-08-31T23:15:55.266+00:00,2026-08-31T23:15:58.153+00:00,2026-08-31T23:15:58.153+00:00,2026-08-31T23:15:58.481+00:00,2026-08-31T23:15:58.481+00:00,0.132938,0.32823831899804645,sqs-worker-5986dcd897-zjgcr,ip-192-168-20-201.ec2.internal,7a7eb24b713111a214e1293aba18382be2e4b14b52944bea360119d602b790b3,1,2887.0,3215.0
1,hpa-mmpp-909-5b393099,000146,73.039628,2026-08-31T23:15:55.654+00:00,2026-08-31T23:15:55.554+00:00,2026-08-31T23:15:58.504+00:00,2026-08-31T23:15:58.504+00:00,2026-08-31T23:15:58.601+00:00,2026-08-31T23:15:58.601+00:00,0.047915,0.09710212199934176,sqs-worker-5986dcd897-zjgcr,ip-192-168-20-201.ec2.internal,b9cfbbda9c32daf8a82191ea15d7f926fba7eee308cb77092a9f3907a4c3f566,1,2950.0,3047.0
1,hpa-mmpp-909-5b393099,000150,80.017989,2026-08-31T23:16:02.633+00:00,2026-08-31T23:16:02.534+00:00,2026-08-31T23:16:02.537+00:00,2026-08-31T23:16:02.537+00:00,2026-08-31T23:16:03.012+00:00,2026-08-31T23:16:03.012+00:00,0.22543,0.47462679100135574,sqs-worker-5986dcd897-x8rdl,ip-192-168-20-201.ec2.internal,e288696a6aeed083e609f4833b3dc440144d32219e42196ab8b50b7797f243cc,1,3.0,478.0
1,hpa-mmpp-909-5b393099,000139,71.554069,2026-08-31T23:15:54.169+00:00,2026-08-31T23:15:54.064+00:00,2026-08-31T23:15:58.841+00:00,2026-08-31T23:15:58.841+00:00,2026-08-31T23:15:58.862+00:00,2026-08-31T23:15:58.862+00:00,0.019943,0.020844308000960154,sqs-worker-5986dcd897-zjgcr,ip-192-168-20-201.ec2.internal,2acb8ea319fc50abd302e3a076dfc98e23eb358442d265941be3ca910ab75b7b,1,4777.0,4798.0
1,hpa-mmpp-909-5b393099,000145,72.976982,2026-08-31T23:15:55.592+00:00,2026-08-31T23:15:55.488+00:00,2026-08-31T23:15:59.805+00:00,2026-08-31T23:15:59.805+00:00,2026-08-31T23:16:01.388+00:00,2026-08-31T23:16:01.388+00:00,0.322722,1.5824696759991639,sqs-worker-5986dcd897-x8rdl,ip-192-168-20-201.ec2.internal,4d84269d04a794c83f7f6a030c8ad5e6bb2ea709743078153b8ec3a713322cad,1,4317.0,5900.0
1,hpa-mmpp-909-5b393099,000151,80.489493,2026-08-31T23:16:03.105+00:00,2026-08-31T23:16:03.001+00:00,2026-08-31T23:16:03.005+00:00,2026-08-31T23:16:03.005+00:00,2026-08-31T23:16:03.609+00:00,2026-08-31T23:16:03.609+00:00,0.25855,0.6042512829990301,sqs-worker-5986dcd897-kxzns,ip-192-168-20-201.ec2.internal,90c6de8ee62546bdaae23343a9995d7e5f5cac2d4e8e3cf84c7d1655500bcf97,1,4.0,608.0
1,hpa-mmpp-909-5b393099,000152,81.559422,2026-08-31T23:16:04.175+00:00,2026-08-31T23:16:04.075+00:00,2026-08-31T23:16:04.078+00:00,2026-08-31T23:16:04.078+00:00,2026-08-31T23:16:04.300+00:00,2026-08-31T23:16:04.300+00:00,0.104331,0.2218802550014516,sqs-worker-5986dcd897-x8rdl,ip-192-168-20-201.ec2.internal,38613a2830c08f346157de458e0b2b914765cb6fe9bb6dc233d68b246e033ba6,1,3.0,225.0
1,hpa-mmpp-909-5b393099,000153,82.56545,2026-08-31T23:16:05.181+00:00,2026-08-31T23:16:05.078+00:00,2026-08-31T23:16:05.081+00:00,2026-08-31T23:16:05.081+00:00,2026-08-31T23:16:05.168+00:00,2026-08-31T23:16:05.168+00:00,0.047934,0.08693998299713712,sqs-worker-5986dcd897-kxzns,ip-192-168-20-201.ec2.internal,7bc42aa4c84dd4dc2432e9107a14ac48f2678b779dbadf94c72df263def6ce18,1,3.0,90.0
1,hpa-mmpp-909-5b393099,000155,86.541944,2026-08-31T23:16:09.157+00:00,2026-08-31T23:16:09.056+00:00,2026-08-31T23:16:09.060+00:00,2026-08-31T23:16:09.060+00:00,2026-08-31T23:16:09.103+00:00,2026-08-31T23:16:09.103+00:00,0.042685,0.042735884999274276,sqs-worker-5986dcd897-zjgcr,ip-192-168-20-201.ec2.internal,d2ce101c84677dfc91a62c7be7473be1f37091b3b02e6ef11a623392345b6331,1,4.0,47.0
1,hpa-mmpp-909-5b393099,000156,86.962172,2026-08-31T23:16:09.577+00:00,2026-08-31T23:16:09.473+00:00,2026-08-31T23:16:09.477+00:00,2026-08-31T23:16:09.477+00:00,2026-08-31T23:16:09.974+00:00,2026-08-31T23:16:09.974+00:00,0.213496,0.4972447749969433,sqs-worker-5986dcd897-kxzns,ip-192-168-20-201.ec2.internal,1bb97a33ed698449f29f75c70e907e8b2cfde2a3aff071646304ff3ba7c14f2d,1,4.0,501.0
1,hpa-mmpp-909-5b393099,000154,86.330803,2026-08-31T23:16:08.949+00:00,2026-08-31T23:16:08.843+00:00,2026-08-31T23:16:08.847+00:00,2026-08-31T23:16:08.847+00:00,2026-08-31T23:16:10.578+00:00,2026-08-31T23:16:10.578+00:00,0.529176,1.7312490289987181,sqs-worker-5986dcd897-x8rdl,ip-192-168-20-201.ec2.internal,2547a472de54c93a2effc0045f2caaaed12337a35bfdcab1e8d4285c7d9d1cd0,1,4.0,1735.0
1,hpa-mmpp-909-5b393099,000157,89.792755,2026-08-31T23:16:12.410+00:00,2026-08-31T23:16:12.304+00:00,2026-08-31T23:16:12.308+00:00,2026-08-31T23:16:12.308+00:00,2026-08-31T23:16:12.540+00:00,2026-08-31T23:16:12.540+00:00,0.114983,0.23159266199945705,sqs-worker-5986dcd897-zjgcr,ip-192-168-20-201.ec2.internal,183afe2761a2ae7fea41a437a9447c0532c09631bec07e24ab1923fd2f82e00d,1,4.0,236.0
1,hpa-mmpp-909-5b393099,000158,90.749904,2026-08-31T23:16:13.366+00:00,2026-08-31T23:16:13.261+00:00,2026-08-31T23:16:13.264+00:00,2026-08-31T23:16:13.264+00:00,2026-08-31T23:16:13.269+00:00,2026-08-31T23:16:13.269+00:00,0.005,0.005052210999565432,sqs-worker-5986dcd897-kxzns,ip-192-168-20-201.ec2.internal,52beb4bf1dd303e0847a215a273b97838156e22c1fa6be3ebb181eabe056f705,1,3.0,8.0
1,hpa-mmpp-909-5b393099,000159,93.050275,2026-08-31T23:16:15.666+00:00,2026-08-31T23:16:15.561+00:00,2026-08-31T23:16:15.564+00:00,2026-08-31T23:16:15.564+00:00,2026-08-31T23:16:15.987+00:00,2026-08-31T23:16:15.987+00:00,0.18725,0.42323820099773,sqs-worker-5986dcd897-zjgcr,ip-192-168-20-201.ec2.internal,ca76bed7cbd5af14cb1260ad069fbb3bc6b7cabcb5899511773befb963518775,1,3.0,426.0
1,hpa-mmpp-909-5b393099,000161,94.481929,2026-08-31T23:16:17.097+00:00,2026-08-31T23:16:16.993+00:00,2026-08-31T23:16:17.000+00:00,2026-08-31T23:16:17.000+00:00,2026-08-31T23:16:17.037+00:00,2026-08-31T23:16:17.037+00:00,0.036633,0.03671400600069319,sqs-worker-5986dcd897-x8rdl,ip-192-168-20-201.ec2.internal,1da92489ca0701059ae9d8d96e282d3d0c5bc2f38a098acf003ef01480dca679,1,7.0,44.0
1,hpa-mmpp-909-5b393099,000160,94.443906,2026-08-31T23:16:17.060+00:00,2026-08-31T23:16:16.955+00:00,2026-08-31T23:16:16.958+00:00,2026-08-31T23:16:16.958+00:00,2026-08-31T23:16:17.100+00:00,2026-08-31T23:16:17.100+00:00,0.031011,0.14209216999734053,sqs-worker-5986dcd897-kxzns,ip-192-168-20-201.ec2.internal,a109209e7300d55113df163142f645ee29cb9b2815e7093c97e9873294f23eeb,1,3.0,145.0
1,hpa-mmpp-909-5b393099,000162,99.810917,2026-08-31T23:16:22.429+00:00,2026-08-31T23:16:22.329+00:00,2026-08-31T23:16:22.333+00:00,2026-08-31T23:16:22.333+00:00,2026-08-31T23:16:24.631+00:00,2026-08-31T23:16:24.631+00:00,0.601453,2.298566343000857,sqs-worker-5986dcd897-zjgcr,ip-192-168-20-201.ec2.internal,8188935e36f217f4f8f275e6a8c1691c79256e698749db5d9ead3e8111a0c035,1,4.0,2302.0
1,hpa-mmpp-909-5b393099,000163,100.88228,2026-08-31T23:16:23.496+00:00,2026-08-31T23:16:23.406+00:00,2026-08-31T23:16:23.409+00:00,2026-08-31T23:16:23.410+00:00,2026-08-31T23:16:24.686+00:00,2026-08-31T23:16:24.686+00:00,0.52336,1.276041480999993,sqs-worker-5986dcd897-x8rdl,ip-192-168-20-201.ec2.internal,8627ea566716ef417a5a8d9f38ad5d2795c10bdd8589bf6e97c5e307a52f4270,1,3.0,1280.0
1,hpa-mmpp-909-5b393099,000164,105.52095,2026-08-31T23:16:28.139+00:00,2026-08-31T23:16:28.035+00:00,2026-08-31T23:16:28.040+00:00,2026-08-31T23:16:28.040+00:00,2026-08-31T23:16:28.129+00:00,2026-08-31T23:16:28.129+00:00,0.054544,0.0895981319990824,sqs-worker-5986dcd897-zjgcr,ip-192-168-20-201.ec2.internal,1b8d8e1190cce04f4d9cf764ee2e4e53cee8d14c0a66d383cdf0cce9416738aa,1,5.0,94.0
1,hpa-mmpp-909-5b393099,000165,105.842291,2026-08-31T23:16:28.456+00:00,2026-08-31T23:16:28.355+00:00,2026-08-31T23:16:28.366+00:00,2026-08-31T23:16:28.366+00:00,2026-08-31T23:16:29.516+00:00,2026-08-31T23:16:29.516+00:00,0.489393,1.149225886001659,sqs-worker-5986dcd897-zjgcr,ip-192-168-20-201.ec2.internal,664ccf2b679fa5ffcfb9bb01c8957e5b39c75729d6f8d9395602baee854bfed3,1,11.0,1161.0
1,hpa-mmpp-909-5b393099,000166,106.445065,2026-08-31T23:16:29.059+00:00,2026-08-31T23:16:28.951+00:00,2026-08-31T23:16:28.955+00:00,2026-08-31T23:16:28.955+00:00,2026-08-31T23:16:29.856+00:00,2026-08-31T23:16:29.856+00:00,0.369702,0.9015004970024165,sqs-worker-5986dcd897-kxzns,ip-192-168-20-201.ec2.internal,78b85508c98fd4224139961f2aab3ba8c8aebbf40aed34f029da68cdf60cda6a,1,4.0,905.0
1,hpa-mmpp-909-5b393099,000167,106.7692,2026-08-31T23:16:29.383+00:00,2026-08-31T23:16:29.775+00:00,2026-08-31T23:16:29.875+00:00,2026-08-31T23:16:29.875+00:00,2026-08-31T23:16:30.163+00:00,2026-08-31T23:16:30.163+00:00,0.118041,0.2876523909981188,sqs-worker-5986dcd897-kxzns,ip-192-168-20-201.ec2.internal,1da64acd5bd85afdefbdc30a0fd84fb76e906c78002e795fa4b1128e1a76d3df,1,100.0,388.0
1,hpa-mmpp-909-5b393099,000170,107.257889,2026-08-31T23:16:29.871+00:00,2026-08-31T23:16:29.766+00:00,2026-08-31T23:16:29.775+00:00,2026-08-31T23:16:29.775+00:00,2026-08-31T23:16:30.289+00:00,2026-08-31T23:16:30.289+00:00,0.211865,0.5145686649993877,sqs-worker-5986dcd897-zjgcr,ip-192-168-20-201.ec2.internal,238961e00f648066186fac9fd1c3edfcef3618f96018df8c15d4b0ac43e11af8,1,9.0,523.0
1,hpa-mmpp-909-5b393099,000174,107.609827,2026-08-31T23:16:30.223+00:00,2026-08-31T23:16:30.117+00:00,2026-08-31T23:16:30.319+00:00,2026-08-31T23:16:30.319+00:00,2026-08-31T23:16:30.458+00:00,2026-08-31T23:16:30.458+00:00,0.06324,0.13825422700028867,sqs-worker-5986dcd897-zjgcr,ip-192-168-20-201.ec2.internal,9fcc0d99798e13816d2ab31285fe715e25949e9c3cfe851c270c19814196dd11,1,202.0,341.0
1,hpa-mmpp-909-5b393099,000173,107.490838,2026-08-31T23:16:30.104+00:00,2026-08-31T23:16:30.009+00:00,2026-08-31T23:16:30.177+00:00,2026-08-31T23:16:30.177+00:00,2026-08-31T23:16:30.351+00:00,2026-08-31T23:16:30.351+00:00,0.06873,0.17467292100263876,sqs-worker-5986dcd897-kxzns,ip-192-168-20-201.ec2.internal,4bf132b98f2f068859161bda8fca60f6ed1cee850aa7d21602f28ae881a532bd,1,168.0,342.0
1,hpa-mmpp-909-5b393099,000175,108.158183,2026-08-31T23:16:30.772+00:00,2026-08-31T23:16:30.711+00:00,2026-08-31T23:16:30.715+00:00,2026-08-31T23:16:30.715+00:00,2026-08-31T23:16:30.817+00:00,2026-08-31T23:16:30.817+00:00,0.062067,0.1023223379997944,sqs-worker-5986dcd897-kxzns,ip-192-168-20-201.ec2.internal,b43f1338e1d731edf84dedb4ab3c023c03b200e0fff9de0f1b899ca037e87c0f,1,4.0,106.0
1,hpa-mmpp-909-5b393099,000171,107.314134,2026-08-31T23:16:29.928+00:00,2026-08-31T23:16:30.379+00:00,2026-08-31T23:16:30.396+00:00,2026-08-31T23:16:30.396+00:00,2026-08-31T23:16:30.526+00:00,2026-08-31T23:16:30.526+00:00,0.064187,0.12957056099912734,sqs-worker-5986dcd897-kxzns,ip-192-168-20-201.ec2.internal,c91c8c5872ab1c25e9c28a96b818ee49c7891f39053376e181dd92b9f322fa1f,1,17.0,147.0
1,hpa-mmpp-909-5b393099,000168,106.841364,2026-08-31T23:16:29.455+00:00,2026-08-31T23:16:29.349+00:00,2026-08-31T23:16:29.352+00:00,2026-08-31T23:16:29.352+00:00,2026-08-31T23:16:30.791+00:00,2026-08-31T23:16:30.791+00:00,0.344885,1.4398603740010003,sqs-worker-5986dcd897-x8rdl,ip-192-168-20-201.ec2.internal,2359749fe9f99a93ca88c5456a1c3b7ca26d8bdebd3d85925492970d0ff326f7,1,3.0,1442.0
1,hpa-mmpp-909-5b393099,000169,107.225968,2026-08-31T23:16:29.840+00:00,2026-08-31T23:16:29.739+00:00,2026-08-31T23:16:29.743+00:00,2026-08-31T23:16:29.743+00:00,2026-08-31T23:16:30.813+00:00,2026-08-31T23:16:30.813+00:00,0.447633,1.0698268470005132,sqs-worker-5986dcd897-7t6xf,ip-192-168-20-201.ec2.internal,01a0185fa4aca0453b1adb7a7e6075f8d4d6df7a5987550d6f5dcd5c7584703b,1,4.0,1074.0
1,hpa-mmpp-909-5b393099,000172,107.358686,2026-08-31T23:16:29.972+00:00,2026-08-31T23:16:30.397+00:00,2026-08-31T23:16:30.476+00:00,2026-08-31T23:16:30.476+00:00,2026-08-31T23:16:30.682+00:00,2026-08-31T23:16:30.682+00:00,0.082082,0.20572958199772984,sqs-worker-5986dcd897-zjgcr,ip-192-168-20-201.ec2.internal,79389cccc891fac398af09b3694bf6b159d45c5840a1931ae6a2a46c9dfb99d1,1,79.0,285.0
1,hpa-mmpp-909-5b393099,000178,108.787749,2026-08-31T23:16:31.401+00:00,2026-08-31T23:16:31.299+00:00,2026-08-31T23:16:31.302+00:00,2026-08-31T23:16:31.302+00:00,2026-08-31T23:16:31.439+00:00,2026-08-31T23:16:31.439+00:00,0.062286,0.1369522210006835,sqs-worker-5986dcd897-kxzns,ip-192-168-20-201.ec2.internal,64c4ef0d41e94da28435fce4049b029bebc772aa30fd081a1f59da9020b7935c,1,3.0,140.0
1,hpa-mmpp-909-5b393099,000176,108.628753,2026-08-31T23:16:31.242+00:00,2026-08-31T23:16:31.137+00:00,2026-08-31T23:16:31.141+00:00,2026-08-31T23:16:31.142+00:00,2026-08-31T23:16:31.220+00:00,2026-08-31T23:16:31.220+00:00,0.055793,0.07891460300015751,sqs-worker-5986dcd897-7t6xf,ip-192-168-20-201.ec2.internal,927b9e22074a1cb7b822be6caf6749bb8fa13403f24f1ec76d4efd4405437105,1,4.0,83.0
1,hpa-mmpp-909-5b393099,000183,110.527813,2026-08-31T23:16:33.141+00:00,2026-08-31T23:16:33.038+00:00,2026-08-31T23:16:33.087+00:00,2026-08-31T23:16:33.087+00:00,2026-08-31T23:16:33.137+00:00,2026-08-31T23:16:33.137+00:00,0.012636,0.05049631200017757,sqs-worker-5986dcd897-zjgcr,ip-192-168-20-201.ec2.internal,30b7034050abf68a15103d605854390edc1127219ee7d5c23bffd0bf63d1cf5e,1,49.0,99.0
1,hpa-mmpp-909-5b393099,000186,111.113763,2026-08-31T23:16:33.727+00:00,2026-08-31T23:16:33.621+00:00,2026-08-31T23:16:33.624+00:00,2026-08-31T23:16:33.624+00:00,2026-08-31T23:16:33.695+00:00,2026-08-31T23:16:33.695+00:00,0.006959,0.07108445599806146,sqs-worker-5986dcd897-zjgcr,ip-192-168-20-201.ec2.internal,d0b2b389bc2e0222a18d462e7c071e7b2f3eb87555dd1ec1a6603cab074b7130,1,3.0,74.0
1,hpa-mmpp-909-5b393099,000182,110.463044,2026-08-31T23:16:33.077+00:00,2026-08-31T23:16:32.972+00:00,2026-08-31T23:16:32.976+00:00,2026-08-31T23:16:32.976+00:00,2026-08-31T23:16:33.324+00:00,2026-08-31T23:16:33.324+00:00,0.07034,0.3483457689981151,sqs-worker-5986dcd897-7t6xf,ip-192-168-20-201.ec2.internal,184bfb00b086cde1ce4e072c95ed2c9f4fad210c297becd38aa6fd82e8cf4e2d,1,4.0,352.0
1,hpa-mmpp-909-5b393099,000185,110.886289,2026-08-31T23:16:33.500+00:00,2026-08-31T23:16:33.397+00:00,2026-08-31T23:16:33.407+00:00,2026-08-31T23:16:33.407+00:00,2026-08-31T23:16:33.445+00:00,2026-08-31T23:16:33.445+00:00,0.02209,0.038754930999857606,sqs-worker-5986dcd897-7t6xf,ip-192-168-20-201.ec2.internal,c7c5ce19a0082e606b4c2fc5baaf4f1c34c715ab9875ecdca45d2da12d41526b,1,10.0,48.0
1,hpa-mmpp-909-5b393099,000189,111.849723,2026-08-31T23:16:34.463+00:00,2026-08-31T23:16:34.361+00:00,2026-08-31T23:16:34.364+00:00,2026-08-31T23:16:34.364+00:00,2026-08-31T23:16:34.584+00:00,2026-08-31T23:16:34.584+00:00,0.100059,0.21978563700031373,sqs-worker-5986dcd897-x8rdl,ip-192-168-20-201.ec2.internal,f9a972e3c0cdda4a781879bbc7cd48cbc276831688623712838eb9efbeaa58f7,1,3.0,223.0
1,hpa-mmpp-909-5b393099,000177,108.663307,2026-08-31T23:16:31.277+00:00,2026-08-31T23:16:31.183+00:00,2026-08-31T23:16:31.186+00:00,2026-08-31T23:16:31.186+00:00,2026-08-31T23:16:32.037+00:00,2026-08-31T23:16:32.037+00:00,0.349946,0.8511135720000311,sqs-worker-5986dcd897-zjgcr,ip-192-168-20-201.ec2.internal,af93b4ce4e6238d73b983eb272cd3d893df5bd9bcfdb27337a3a403fa0c31cbc,1,3.0,854.0
1,hpa-mmpp-909-5b393099,000179,109.501871,2026-08-31T23:16:32.116+00:00,2026-08-31T23:16:32.012+00:00,2026-08-31T23:16:32.016+00:00,2026-08-31T23:16:32.016+00:00,2026-08-31T23:16:32.103+00:00,2026-08-31T23:16:32.103+00:00,0.047618,0.08707921599852853,sqs-worker-5986dcd897-kxzns,ip-192-168-20-201.ec2.internal,63cd6f6c2814d1b7ed16c99d0cc31b0414431faa1a6b12f889d904adb57f33de,1,4.0,91.0
1,hpa-mmpp-909-5b393099,000180,109.669048,2026-08-31T23:16:32.282+00:00,2026-08-31T23:16:32.177+00:00,2026-08-31T23:16:32.180+00:00,2026-08-31T23:16:32.180+00:00,2026-08-31T23:16:32.185+00:00,2026-08-31T23:16:32.185+00:00,0.005,0.005036768998252228,sqs-worker-5986dcd897-zjgcr,ip-192-168-20-201.ec2.internal,ae48dbaf3e7391dc025c04f021a32caba7a52548da7a79050ec19cb4e73998d5,1,3.0,8.0
1,hpa-mmpp-909-5b393099,000181,109.825758,2026-08-31T23:16:32.439+00:00,2026-08-31T23:16:32.335+00:00,2026-08-31T23:16:32.339+00:00,2026-08-31T23:16:32.339+00:00,2026-08-31T23:16:34.000+00:00,2026-08-31T23:16:34.000+00:00,0.689771,1.6612469749998127,sqs-worker-5986dcd897-kxzns,ip-192-168-20-201.ec2.internal,1310bd7d8dff6d1e33b0e52a7b054caede179e16a282ff2e597459a01300b2ac,1,4.0,1665.0
1,hpa-mmpp-909-5b393099,000187,111.172601,2026-08-31T23:16:33.786+00:00,2026-08-31T23:16:33.680+00:00,2026-08-31T23:16:33.684+00:00,2026-08-31T23:16:33.684+00:00,2026-08-31T23:16:34.013+00:00,2026-08-31T23:16:34.013+00:00,0.139439,0.3287223709994578,sqs-worker-5986dcd897-7t6xf,ip-192-168-20-201.ec2.internal,94ece74c9ee725a1af3a6656ee585651285be544f1fa686d3bd23401eed50bd0,1,4.0,333.0
1,hpa-mmpp-909-5b393099,000190,112.600086,2026-08-31T23:16:35.214+00:00,2026-08-31T23:16:35.109+00:00,2026-08-31T23:16:35.113+00:00,2026-08-31T23:16:35.113+00:00,2026-08-31T23:16:35.287+00:00,2026-08-31T23:16:35.287+00:00,0.084328,0.17399462300090818,sqs-worker-5986dcd897-x8rdl,ip-192-168-20-201.ec2.internal,e2f3d3a2d31dbc7cdcb6466d6b4e7faa108210c3247040869e792358c3bc7620,1,4.0,178.0
1,hpa-mmpp-909-5b393099,000192,112.874978,2026-08-31T23:16:35.488+00:00,2026-08-31T23:16:35.382+00:00,2026-08-31T23:16:35.385+00:00,2026-08-31T23:16:35.385+00:00,2026-08-31T23:16:35.812+00:00,2026-08-31T23:16:35.812+00:00,0.188524,0.4270410739991348,sqs-worker-5986dcd897-x8rdl,ip-192-168-20-201.ec2.internal,c5c4905314125877370bd5216f2fb994b68fae2fdd8e9d62129bf26e6cc386a9,1,3.0,430.0
1,hpa-mmpp-909-5b393099,000194,113.118543,2026-08-31T23:16:35.732+00:00,2026-08-31T23:16:35.626+00:00,2026-08-31T23:16:35.630+00:00,2026-08-31T23:16:35.630+00:00,2026-08-31T23:16:35.738+00:00,2026-08-31T23:16:35.738+00:00,0.054476,0.10740494899800979,sqs-worker-5986dcd897-zjgcr,ip-192-168-20-201.ec2.internal,70685b6ddf3a6064f897405ed8c252e92872d079a51eb59351c29e84c88b8f75,1,4.0,112.0
1,hpa-mmpp-909-5b393099,000195,113.623824,2026-08-31T23:16:36.237+00:00,2026-08-31T23:16:36.133+00:00,2026-08-31T23:16:36.136+00:00,2026-08-31T23:16:36.136+00:00,2026-08-31T23:16:36.331+00:00,2026-08-31T23:16:36.331+00:00,0.090142,0.19548547099839197,sqs-worker-5986dcd897-zjgcr,ip-192-168-20-201.ec2.internal,07940b65e3f888ee0985a779429177ac9f51f9265586ccfafc4152c0853ec012,1,3.0,198.0
1,hpa-mmpp-909-5b393099,000188,111.334138,2026-08-31T23:16:33.948+00:00,2026-08-31T23:16:33.845+00:00,2026-08-31T23:16:33.880+00:00,2026-08-31T23:16:33.880+00:00,2026-08-31T23:16:35.504+00:00,2026-08-31T23:16:35.504+00:00,0.41854,1.6241991579991009,sqs-worker-5986dcd897-zjgcr,ip-192-168-20-201.ec2.internal,82d95c4a40eb5c862c2180dd984059629a00dcdc664de2eeee089d301ecbcab6,1,35.0,1659.0
1,hpa-mmpp-909-5b393099,000191,112.671869,2026-08-31T23:16:35.285+00:00,2026-08-31T23:16:35.179+00:00,2026-08-31T23:16:35.186+00:00,2026-08-31T23:16:35.186+00:00,2026-08-31T23:16:35.323+00:00,2026-08-31T23:16:35.323+00:00,0.074056,0.13723345499965944,sqs-worker-5986dcd897-7t6xf,ip-192-168-20-201.ec2.internal,c0fb12f4221b9fbb7438abecd789c244ec98044c167009220188fa44c073c329,1,7.0,144.0
1,hpa-mmpp-909-5b393099,000193,112.907787,2026-08-31T23:16:35.521+00:00,2026-08-31T23:16:35.415+00:00,2026-08-31T23:16:35.419+00:00,2026-08-31T23:16:35.419+00:00,2026-08-31T23:16:36.835+00:00,2026-08-31T23:16:36.835+00:00,0.59991,1.4168495679987245,sqs-worker-5986dcd897-kxzns,ip-192-168-20-201.ec2.internal,800f18b54346d38d69a16d2403418f66a52cd9710bfe5268bd5969586680fc61,1,4.0,1420.0
1,hpa-mmpp-909-5b393099,000196,114.513595,2026-08-31T23:16:37.128+00:00,2026-08-31T23:16:37.023+00:00,2026-08-31T23:16:37.026+00:00,2026-08-31T23:16:37.026+00:00,2026-08-31T23:16:37.155+00:00,2026-08-31T23:16:37.155+00:00,0.073839,0.12880041300013545,sqs-worker-5986dcd897-zjgcr,ip-192-168-20-201.ec2.internal,db5b347b66bce52a48e497456859b32e3b6b7a827e84c57be97393e49b0a35f0,1,3.0,132.0
1,hpa-mmpp-909-5b393099,000184,110.607886,2026-08-31T23:16:33.221+00:00,2026-08-31T23:16:33.121+00:00,2026-08-31T23:16:33.127+00:00,2026-08-31T23:16:33.127+00:00,2026-08-31T23:16:33.747+00:00,2026-08-31T23:16:33.747+00:00,0.278083,0.6207546820005518,sqs-worker-5986dcd897-x8rdl,ip-192-168-20-201.ec2.internal,47cb392f28280151392dbbc84b2b0f2dcb987ec0317d516d500649914653acce,1,6.0,626.0
1,hpa-mmpp-909-5b393099,000198,115.775728,2026-08-31T23:16:38.389+00:00,2026-08-31T23:16:38.282+00:00,2026-08-31T23:16:38.287+00:00,2026-08-31T23:16:38.287+00:00,2026-08-31T23:16:38.292+00:00,2026-08-31T23:16:38.292+00:00,0.005,0.005046604997914983,sqs-worker-5986dcd897-x8rdl,ip-192-168-20-201.ec2.internal,9b7480402f52f632ec224ad36fb4f57170d4ceb573733828fce45d8cfbd53146,1,5.0,10.0
1,hpa-mmpp-909-5b393099,000197,115.744567,2026-08-31T23:16:38.359+00:00,2026-08-31T23:16:38.261+00:00,2026-08-31T23:16:38.265+00:00,2026-08-31T23:16:38.265+00:00,2026-08-31T23:16:38.591+00:00,2026-08-31T23:16:38.591+00:00,0.149933,0.32524662500145496,sqs-worker-5986dcd897-kxzns,ip-192-168-20-201.ec2.internal,1f609ddc90148b9460fda731ebf064892132533b51a8ea4e6c661e985b428cb6,1,4.0,330.0
1,hpa-mmpp-909-5b393099,000200,116.309962,2026-08-31T23:16:38.923+00:00,2026-08-31T23:16:38.822+00:00,2026-08-31T23:16:38.827+00:00,2026-08-31T23:16:38.827+00:00,2026-08-31T23:16:38.910+00:00,2026-08-31T23:16:38.910+00:00,0.044322,0.08247225200102548,sqs-worker-5986dcd897-7t6xf,ip-192-168-20-201.ec2.internal,147fd779c849d99e29c270cd1e43f4615c7b5a5d0221e95d44d75ce300eeadf9,1,5.0,88.0
1,hpa-mmpp-909-5b393099,000199,116.304922,2026-08-31T23:16:38.919+00:00,2026-08-31T23:16:38.814+00:00,2026-08-31T23:16:38.818+00:00,2026-08-31T23:16:38.818+00:00,2026-08-31T23:16:38.899+00:00,2026-08-31T23:16:38.899+00:00,0.043179,0.08080935200268868,sqs-worker-5986dcd897-kxzns,ip-192-168-20-201.ec2.internal,f097fb3e6c247c52b2ce1695bb7252bd8111781c7b9248a7fc5e96d357228228,1,4.0,85.0
1,hpa-mmpp-909-5b393099,000203,116.443074,2026-08-31T23:16:39.056+00:00,2026-08-31T23:16:38.949+00:00,2026-08-31T23:16:38.977+00:00,2026-08-31T23:16:38.977+00:00,2026-08-31T23:16:39.307+00:00,2026-08-31T23:16:39.307+00:00,0.148232,0.3301861119980458,sqs-worker-5986dcd897-7t6xf,ip-192-168-20-201.ec2.internal,7c98ff79a3ac97fbfe2259341297fa2162f27f5fc07dee14cc91f23e6849d29d,1,28.0,358.0
1,hpa-mmpp-909-5b393099,000202,116.378486,2026-08-31T23:16:38.992+00:00,2026-08-31T23:16:38.885+00:00,2026-08-31T23:16:38.888+00:00,2026-08-31T23:16:38.888+00:00,2026-08-31T23:16:38.906+00:00,2026-08-31T23:16:38.906+00:00,0.01762,0.017681192999589257,sqs-worker-5986dcd897-x8rdl,ip-192-168-20-201.ec2.internal,91df00698d32b5b9093c94a06658c85e2fe7e55bcc1f87670e345df7062bff7c,1,3.0,21.0
1,hpa-mmpp-909-5b393099,000201,116.360375,2026-08-31T23:16:38.974+00:00,2026-08-31T23:16:38.867+00:00,2026-08-31T23:16:38.870+00:00,2026-08-31T23:16:38.870+00:00,2026-08-31T23:16:39.505+00:00,2026-08-31T23:16:39.505+00:00,0.275528,0.6347398979996797,sqs-worker-5986dcd897-zjgcr,ip-192-168-20-201.ec2.internal,a3f36848e895bf20b5c8b3b2aad28dfb7ee14307dcf3f5474a0f3040575f77fd,1,3.0,638.0
1,hpa-mmpp-909-5b393099,000207,117.796125,2026-08-31T23:16:40.410+00:00,2026-08-31T23:16:40.301+00:00,2026-08-31T23:16:40.306+00:00,2026-08-31T23:16:40.306+00:00,2026-08-31T23:16:40.411+00:00,2026-08-31T23:16:40.411+00:00,0.044406,0.10530322100021294,sqs-worker-5986dcd897-7t6xf,ip-192-168-20-201.ec2.internal,d0a1f79f4cb43ba1e0bde4357287272e15d4ba9d2c75302ac6502d62c593cb0a,1,5.0,110.0
1,hpa-mmpp-909-5b393099,000204,116.883882,2026-08-31T23:16:39.498+00:00,2026-08-31T23:16:39.388+00:00,2026-08-31T23:16:39.392+00:00,2026-08-31T23:16:39.392+00:00,2026-08-31T23:16:39.421+00:00,2026-08-31T23:16:39.421+00:00,0.029143,0.02920255599747179,sqs-worker-5986dcd897-kxzns,ip-192-168-20-201.ec2.internal,e103d1e5aa255a78dc6ce8f70c6670177e99dc5a75636c1f308e3d616f45b6d3,1,4.0,33.0
1,hpa-mmpp-909-5b393099,000213,118.24262,2026-08-31T23:16:40.856+00:00,2026-08-31T23:16:40.755+00:00,2026-08-31T23:16:40.801+00:00,2026-08-31T23:16:40.801+00:00,2026-08-31T23:16:40.849+00:00,2026-08-31T23:16:40.849+00:00,0.036403,0.04762139299782575,sqs-worker-5986dcd897-7t6xf,ip-192-168-20-201.ec2.internal,a4aba3f7263850f174d808d56f77901dea8a1a48d812cfe59f6ea8929db243d3,1,46.0,94.0
1,hpa-mmpp-909-5b393099,000211,118.108519,2026-08-31T23:16:40.722+00:00,2026-08-31T23:16:40.615+00:00,2026-08-31T23:16:40.726+00:00,2026-08-31T23:16:40.726+00:00,2026-08-31T23:16:41.132+00:00,2026-08-31T23:16:41.132+00:00,0.181492,0.40660709900112124,sqs-worker-5986dcd897-zjgcr,ip-192-168-20-201.ec2.internal,dc76d4eda9626168e680f5daa2576e24ddc7265f6fd948a7c11a63b3e2aa05c7,1,111.0,517.0
1,hpa-mmpp-909-5b393099,000214,118.300567,2026-08-31T23:16:40.914+00:00,2026-08-31T23:16:40.807+00:00,2026-08-31T23:16:40.915+00:00,2026-08-31T23:16:40.915+00:00,2026-08-31T23:16:41.325+00:00,2026-08-31T23:16:41.325+00:00,0.184925,0.41060079299859353,sqs-worker-5986dcd897-7t6xf,ip-192-168-20-201.ec2.internal,8381e08532f4e961e72c82931ee80df1314fcfea3d031b6abd93ab002c02f35d,1,108.0,518.0
1,hpa-mmpp-909-5b393099,000205,117.743252,2026-08-31T23:16:40.357+00:00,2026-08-31T23:16:40.248+00:00,2026-08-31T23:16:40.252+00:00,2026-08-31T23:16:40.252+00:00,2026-08-31T23:16:40.355+00:00,2026-08-31T23:16:40.355+00:00,0.056878,0.10340808700129855,sqs-worker-5986dcd897-zjgcr,ip-192-168-20-201.ec2.internal,bbc3594ef17221fbe3fb7169eb685b82308a98d79c6c125cb6b80212125cb83a,1,4.0,107.0
1,hpa-mmpp-909-5b393099,000210,118.073411,2026-08-31T23:16:40.687+00:00,2026-08-31T23:16:40.585+00:00,2026-08-31T23:16:40.597+00:00,2026-08-31T23:16:40.597+00:00,2026-08-31T23:16:40.651+00:00,2026-08-31T23:16:40.651+00:00,0.038172,0.054869010997208534,sqs-worker-5986dcd897-zjgcr,ip-192-168-20-201.ec2.internal,1661d1d841e5493f62e45eb741edbf4d9dd377de019b688f45c9f3b31ae79112,1,12.0,66.0
1,hpa-mmpp-909-5b393099,000215,118.32577,2026-08-31T23:16:40.939+00:00,2026-08-31T23:16:40.833+00:00,2026-08-31T23:16:40.901+00:00,2026-08-31T23:16:40.901+00:00,2026-08-31T23:16:40.914+00:00,2026-08-31T23:16:40.914+00:00,0.007157,0.0130563489983615,sqs-worker-5986dcd897-x8rdl,ip-192-168-20-201.ec2.internal,7b773440bf10365638f47ee02271b66b8a489085ceafc52c451a92ead08c6892,1,68.0,81.0
1,hpa-mmpp-909-5b393099,000206,117.759828,2026-08-31T23:16:40.373+00:00,2026-08-31T23:16:40.266+00:00,2026-08-31T23:16:40.269+00:00,2026-08-31T23:16:40.269+00:00,2026-08-31T23:16:41.074+00:00,2026-08-31T23:16:41.074+00:00,0.33322,0.8043980330003251,sqs-worker-5986dcd897-kxzns,ip-192-168-20-201.ec2.internal,0d16a7d5a4e19bbe3ff26c09c6c8742e38bf0ec2cb6c4a8842a4c9a54aaf51af,1,3.0,808.0
1,hpa-mmpp-909-5b393099,000220,119.314782,2026-08-31T23:16:41.928+00:00,2026-08-31T23:16:41.829+00:00,2026-08-31T23:16:41.887+00:00,2026-08-31T23:16:41.887+00:00,2026-08-31T23:16:41.892+00:00,2026-08-31T23:16:41.892+00:00,0.005,0.005032755001593614,sqs-worker-5986dcd897-zjgcr,ip-192-168-20-201.ec2.internal,f8bb65b73d43642835e84b69066d8eccf6c3736a8773f1c8378b14d101b369fc,1,58.0,63.0
1,hpa-mmpp-909-5b393099,000217,119.099433,2026-08-31T23:16:41.713+00:00,2026-08-31T23:16:41.605+00:00,2026-08-31T23:16:41.609+00:00,2026-08-31T23:16:41.609+00:00,2026-08-31T23:16:42.505+00:00,2026-08-31T23:16:42.505+00:00,0.372303,0.8961398439969344,sqs-worker-5986dcd897-kxzns,ip-192-168-20-201.ec2.internal,f3416bd715d71f30b9204543d72bc8c1fb7d627d3af1463fd152c9805c05f7b1,1,4.0,900.0
1,hpa-mmpp-909-5b393099,000218,119.151671,2026-08-31T23:16:41.765+00:00,2026-08-31T23:16:41.657+00:00,2026-08-31T23:16:41.661+00:00,2026-08-31T23:16:41.661+00:00,2026-08-31T23:16:41.839+00:00,2026-08-31T23:16:41.839+00:00,0.100672,0.17869700400115107,sqs-worker-5986dcd897-zjgcr,ip-192-168-20-201.ec2.internal,e0857f8ade988235c5b9723720a8b2d30229a7f9bfa6364b075e650a1de18d1f,1,4.0,182.0
1,hpa-mmpp-909-5b393099,000224,120.559471,2026-08-31T23:16:43.173+00:00,2026-08-31T23:16:43.071+00:00,2026-08-31T23:16:43.075+00:00,2026-08-31T23:16:43.075+00:00,2026-08-31T23:16:43.109+00:00,2026-08-31T23:16:43.109+00:00,0.019554,0.03399963500123704,sqs-worker-5986dcd897-kxzns,ip-192-168-20-201.ec2.internal,639d2ebad57b26bf7dcd928f246d235fbb47463b2f59506c3662b145cefe0eb0,1,4.0,38.0
1,hpa-mmpp-909-5b393099,000212,118.156495,2026-08-31T23:16:40.770+00:00,2026-08-31T23:16:40.662+00:00,2026-08-31T23:16:40.666+00:00,2026-08-31T23:16:40.666+00:00,2026-08-31T23:16:40.733+00:00,2026-08-31T23:16:40.733+00:00,0.040743,0.06707862400071463,sqs-worker-5986dcd897-7t6xf,ip-192-168-20-201.ec2.internal,e46f6b2841962c52965e7758a55249acca4c360acfd9ce79879391b084ce597a,1,4.0,71.0
1,hpa-mmpp-909-5b393099,000219,119.290236,2026-08-31T23:16:41.904+00:00,2026-08-31T23:16:41.795+00:00,2026-08-31T23:16:41.806+00:00,2026-08-31T23:16:41.806+00:00,2026-08-31T23:16:42.216+00:00,2026-08-31T23:16:42.240+00:00,0.108907,0.4345155770024576,sqs-worker-5986dcd897-7t6xf,ip-192-168-20-201.ec2.internal,3cfa86827615dd9d11cd109a3384d931efbb26ed4990a36699a67b2dbc3784a3,1,11.0,421.0
1,hpa-mmpp-909-5b393099,000223,120.022987,2026-08-31T23:16:42.637+00:00,2026-08-31T23:16:42.530+00:00,2026-08-31T23:16:42.533+00:00,2026-08-31T23:16:42.533+00:00,2026-08-31T23:16:43.199+00:00,2026-08-31T23:16:43.199+00:00,0.292121,0.6658723879991157,sqs-worker-5986dcd897-x8rdl,ip-192-168-20-201.ec2.internal,0c5810a4e42cc01e5cb4812c45cd1031a15a164975d26d1ec22c28b604bf6be1,1,3.0,669.0
1,hpa-mmpp-909-5b393099,000226,120.661321,2026-08-31T23:16:43.275+00:00,2026-08-31T23:16:43.171+00:00,2026-08-31T23:16:43.221+00:00,2026-08-31T23:16:43.221+00:00,2026-08-31T23:16:43.271+00:00,2026-08-31T23:16:43.271+00:00,0.035318,0.05047288300193031,sqs-worker-5986dcd897-kxzns,ip-192-168-20-201.ec2.internal,2235c07d5a7e62c8d0f32784e593bdd6836b0f75247e0bf35581959556a0e755,1,50.0,100.0
1,hpa-mmpp-909-5b393099,000222,119.675236,2026-08-31T23:16:42.289+00:00,2026-08-31T23:16:42.181+00:00,2026-08-31T23:16:42.266+00:00,2026-08-31T23:16:42.266+00:00,2026-08-31T23:16:43.412+00:00,2026-08-31T23:16:43.412+00:00,0.217029,1.1461584270000458,sqs-worker-5986dcd897-7t6xf,ip-192-168-20-201.ec2.internal,da9cffc2dc556ca6bc28cacdff29a9e2e6928751208dfe1211cc9c57e469d1ff,1,85.0,1231.0
1,hpa-mmpp-909-5b393099,000229,121.189276,2026-08-31T23:16:43.803+00:00,2026-08-31T23:16:44.228+00:00,2026-08-31T23:16:44.232+00:00,2026-08-31T23:16:44.232+00:00,2026-08-31T23:16:44.385+00:00,2026-08-31T23:16:44.385+00:00,0.025261,0.1531425829998625,sqs-worker-5986dcd897-zjgcr,ip-192-168-20-201.ec2.internal,7d1d8d66cf94a3e2bb7288c24a25566fb1c8ca0f25e9a57f5e3cdcc7bc46f935,1,4.0,157.0
1,hpa-mmpp-909-5b393099,000225,120.59416,2026-08-31T23:16:43.207+00:00,2026-08-31T23:16:43.099+00:00,2026-08-31T23:16:43.134+00:00,2026-08-31T23:16:43.134+00:00,2026-08-31T23:16:43.172+00:00,2026-08-31T23:16:43.172+00:00,0.026475,0.03825210400100332,sqs-worker-5986dcd897-kxzns,ip-192-168-20-201.ec2.internal,48fbad1b2e1bf2c0af3a92804924755819f81a53569bdb5d81226de276840fb0,1,35.0,73.0
1,hpa-mmpp-909-5b393099,000209,118.061569,2026-08-31T23:16:40.675+00:00,2026-08-31T23:16:40.569+00:00,2026-08-31T23:16:40.575+00:00,2026-08-31T23:16:40.575+00:00,2026-08-31T23:16:40.639+00:00,2026-08-31T23:16:40.639+00:00,0.036621,0.06393871999898693,sqs-worker-5986dcd897-7t6xf,ip-192-168-20-201.ec2.internal,1e42c6ec32891cb8e881dcf876aede886c82f7677f198489ae20ce21bd93fc6b,1,6.0,70.0
1,hpa-mmpp-909-5b393099,000208,117.862541,2026-08-31T23:16:40.476+00:00,2026-08-31T23:16:40.372+00:00,2026-08-31T23:16:40.387+00:00,2026-08-31T23:16:40.387+00:00,2026-08-31T23:16:40.885+00:00,2026-08-31T23:16:40.885+00:00,0.108874,0.49852371500310255,sqs-worker-5986dcd897-x8rdl,ip-192-168-20-201.ec2.internal,b66aa135337a87f73c3d794093bc2c772bced9b374de002f7463344ea74f5000,1,15.0,513.0
1,hpa-mmpp-909-5b393099,000216,118.56316,2026-08-31T23:16:41.177+00:00,2026-08-31T23:16:41.069+00:00,2026-08-31T23:16:41.098+00:00,2026-08-31T23:16:41.098+00:00,2026-08-31T23:16:42.403+00:00,2026-08-31T23:16:42.403+00:00,0.424288,1.3051949649998278,sqs-worker-5986dcd897-x8rdl,ip-192-168-20-201.ec2.internal,a087428158295073aa4e8645b48f4a216429bfc7f5819b2b5fb575ca54a8e0b2,1,29.0,1334.0
1,hpa-mmpp-909-5b393099,000227,120.790486,2026-08-31T23:16:43.404+00:00,2026-08-31T23:16:43.297+00:00,2026-08-31T23:16:43.300+00:00,2026-08-31T23:16:43.300+00:00,2026-08-31T23:16:43.493+00:00,2026-08-31T23:16:43.493+00:00,0.089188,0.19288455000059912,sqs-worker-5986dcd897-x8rdl,ip-192-168-20-201.ec2.internal,02756320cbd01c6ab6bd71b77de78d560d9d417814a1d0adeb8df6772fd8741b,1,3.0,196.0
1,hpa-mmpp-909-5b393099,000221,119.417008,2026-08-31T23:16:42.030+00:00,2026-08-31T23:16:41.923+00:00,2026-08-31T23:16:41.928+00:00,2026-08-31T23:16:41.928+00:00,2026-08-31T23:16:43.981+00:00,2026-08-31T23:16:43.981+00:00,0.572183,2.0533187889996043,sqs-worker-5986dcd897-zjgcr,ip-192-168-20-201.ec2.internal,22c6bcbaa5300bfd1007b13d63c0f172cefa675b141784f5a3a70c325c285b99,1,5.0,2058.0
1,hpa-mmpp-909-5b393099,000232,121.377025,2026-08-31T23:16:43.990+00:00,2026-08-31T23:16:43.882+00:00,2026-08-31T23:16:43.925+00:00,2026-08-31T23:16:43.925+00:00,2026-08-31T23:16:44.038+00:00,2026-08-31T23:16:44.038+00:00,0.062337,0.11328171299828682,sqs-worker-5986dcd897-kxzns,ip-192-168-20-201.ec2.internal,cdfa10f3fa1cd6d83f6088746064a48ba2290b91105fc5ea5fd74b7a349a4504,1,43.0,156.0
1,hpa-mmpp-909-5b393099,000231,121.268873,2026-08-31T23:16:43.882+00:00,2026-08-31T23:16:43.779+00:00,2026-08-31T23:16:43.783+00:00,2026-08-31T23:16:43.783+00:00,2026-08-31T23:16:44.305+00:00,2026-08-31T23:16:44.305+00:00,0.093536,0.5220319680011016,sqs-worker-5986dcd897-7t6xf,ip-192-168-20-201.ec2.internal,72d7c919b013b62715888501386f948b76b23a6c2554a5a662ac191f102f0140,1,4.0,526.0
1,hpa-mmpp-909-5b393099,000233,121.592249,2026-08-31T23:16:44.206+00:00,2026-08-31T23:16:44.096+00:00,2026-08-31T23:16:44.106+00:00,2026-08-31T23:16:44.107+00:00,2026-08-31T23:16:44.626+00:00,2026-08-31T23:16:44.626+00:00,0.23004,0.5198175069999706,sqs-worker-5986dcd897-kxzns,ip-192-168-20-201.ec2.internal,239d2b8cfac1a9afeaf98ca22213fb97fdd63e2983d010956b70d8df34a2856d,1,10.0,530.0
1,hpa-mmpp-909-5b393099,000228,120.983377,2026-08-31T23:16:43.597+00:00,2026-08-31T23:16:43.489+00:00,2026-08-31T23:16:43.494+00:00,2026-08-31T23:16:43.494+00:00,2026-08-31T23:16:43.875+00:00,2026-08-31T23:16:43.875+00:00,0.160908,0.3818001749968971,sqs-worker-5986dcd897-kxzns,ip-192-168-20-201.ec2.internal,2136f437a4bcfc6bad1277e6e8ab487348c6ce9b0412e8ca4361d1372e5c0a39,1,5.0,386.0
1,hpa-mmpp-909-5b393099,000230,121.189956,2026-08-31T23:16:43.804+00:00,2026-08-31T23:16:43.696+00:00,2026-08-31T23:16:43.699+00:00,2026-08-31T23:16:43.699+00:00,2026-08-31T23:16:44.094+00:00,2026-08-31T23:16:44.094+00:00,0.171299,0.39455355500103906,sqs-worker-5986dcd897-x8rdl,ip-192-168-20-201.ec2.internal,98ef1d652addbd754e924cac08eba60a462f68cee76918a4f35f3bae238025ec,1,3.0,398.0
1,hpa-mmpp-909-5b393099,000234,121.707247,2026-08-31T23:16:44.320+00:00,2026-08-31T23:16:44.219+00:00,2026-08-31T23:16:44.223+00:00,2026-08-31T23:16:44.223+00:00,2026-08-31T23:16:44.817+00:00,2026-08-31T23:16:44.817+00:00,0.26111,0.594256842003233,sqs-worker-5986dcd897-x8rdl,ip-192-168-20-201.ec2.internal,1167d40196731845e52176efde379a69d7bf139879cdd79e6a81a44d4cad85e7,1,4.0,598.0
1,hpa-mmpp-909-5b393099,000236,121.919308,2026-08-31T23:16:44.533+00:00,2026-08-31T23:16:44.436+00:00,2026-08-31T23:16:44.441+00:00,2026-08-31T23:16:44.441+00:00,2026-08-31T23:16:45.005+00:00,2026-08-31T23:16:45.005+00:00,0.13896,0.5636468960001366,sqs-worker-5986dcd897-7t6xf,ip-192-168-20-201.ec2.internal,eba5ba8f6e90def1b771fc31a4eff53daf94ed563d1a6c998a233f9967550ed7,1,5.0,569.0
1,hpa-mmpp-909-5b393099,000239,122.950224,2026-08-31T23:16:45.564+00:00,2026-08-31T23:16:45.455+00:00,2026-08-31T23:16:45.459+00:00,2026-08-31T23:16:45.459+00:00,2026-08-31T23:16:45.605+00:00,2026-08-31T23:16:45.606+00:00,0.083648,0.14639812899986282,sqs-worker-5986dcd897-x8rdl,ip-192-168-20-201.ec2.internal,8e9244fbe4e7adc66b88e9aa8b7fcde975b603e7e3e691559905bbb949cf8bc9,1,4.0,150.0
1,hpa-mmpp-909-5b393099,000238,122.800718,2026-08-31T23:16:45.414+00:00,2026-08-31T23:16:45.306+00:00,2026-08-31T23:16:45.311+00:00,2026-08-31T23:16:45.311+00:00,2026-08-31T23:16:45.929+00:00,2026-08-31T23:16:45.929+00:00,0.271304,0.6187764930000412,sqs-worker-5986dcd897-7t6xf,ip-192-168-20-201.ec2.internal,a6bf455f1c88eeeae6ccc910af057a935106b151c9b912263955532edf038d91,1,5.0,623.0
1,hpa-mmpp-909-5b393099,000235,121.776901,2026-08-31T23:16:44.390+00:00,2026-08-31T23:16:44.283+00:00,2026-08-31T23:16:44.328+00:00,2026-08-31T23:16:44.328+00:00,2026-08-31T23:16:44.395+00:00,2026-08-31T23:16:44.395+00:00,0.015589,0.06724959100029082,sqs-worker-5986dcd897-7t6xf,ip-192-168-20-201.ec2.internal,6a7f8ec0106ab641f64c6cb795eb2fe5e3d3ba911cdce45c9781ed79892a1f5e,1,45.0,112.0
1,hpa-mmpp-909-5b393099,000237,122.276161,2026-08-31T23:16:44.890+00:00,2026-08-31T23:16:44.780+00:00,2026-08-31T23:16:44.787+00:00,2026-08-31T23:16:44.787+00:00,2026-08-31T23:16:47.282+00:00,2026-08-31T23:16:47.282+00:00,0.880663,2.4950619360024575,sqs-worker-5986dcd897-zjgcr,ip-192-168-20-201.ec2.internal,055039a10fbdee60c66acb5a2a29541a76d2f8fe31980dde4dc2e9383407c8b0,1,7.0,2502.0
1,hpa-mmpp-909-5b393099,000240,126.667394,2026-08-31T23:16:49.284+00:00,2026-08-31T23:16:49.176+00:00,2026-08-31T23:16:49.179+00:00,2026-08-31T23:16:49.180+00:00,2026-08-31T23:16:49.207+00:00,2026-08-31T23:16:49.207+00:00,0.027732,0.02779348199692322,sqs-worker-5986dcd897-x8rdl,ip-192-168-20-201.ec2.internal,3cc082f81c5cb7bcb47e095da5c9c157608adfc241a328a8d943ab548a39b831,1,3.0,31.0
1,hpa-mmpp-909-5b393099,000242,128.644315,2026-08-31T23:16:51.256+00:00,2026-08-31T23:16:51.148+00:00,2026-08-31T23:16:51.152+00:00,2026-08-31T23:16:51.152+00:00,2026-08-31T23:16:51.193+00:00,2026-08-31T23:16:51.193+00:00,0.04125,0.04147773399745347,sqs-worker-5986dcd897-x8rdl,ip-192-168-20-201.ec2.internal,c5c76439034191efe657ccd1127785a739b109b57803e906f524f3504d8888dc,1,4.0,45.0
1,hpa-mmpp-909-5b393099,000241,128.504637,2026-08-31T23:16:51.120+00:00,2026-08-31T23:16:51.025+00:00,2026-08-31T23:16:51.029+00:00,2026-08-31T23:16:51.029+00:00,2026-08-31T23:16:51.365+00:00,2026-08-31T23:16:51.365+00:00,0.159292,0.3353483079990838,sqs-worker-5986dcd897-kxzns,ip-192-168-20-201.ec2.internal,1f419a6e77e1af0cbeb48f3ac89de456a68e60a62c135dd8a78e5ead1509b36c,1,4.0,340.0
1,hpa-mmpp-909-5b393099,000243,128.982623,2026-08-31T23:16:51.594+00:00,2026-08-31T23:16:51.487+00:00,2026-08-31T23:16:51.490+00:00,2026-08-31T23:16:51.490+00:00,2026-08-31T23:16:51.687+00:00,2026-08-31T23:16:51.687+00:00,0.086438,0.1965358790002938,sqs-worker-5986dcd897-zjgcr,ip-192-168-20-201.ec2.internal,0e10588da9d660a27b32a6229570f574ca1454741837e7ae2248a585faa80318,1,3.0,200.0
1,hpa-mmpp-909-5b393099,000244,129.222095,2026-08-31T23:16:51.834+00:00,2026-08-31T23:16:51.726+00:00,2026-08-31T23:16:51.729+00:00,2026-08-31T23:16:51.729+00:00,2026-08-31T23:16:52.034+00:00,2026-08-31T23:16:52.034+00:00,0.129403,0.30482893099906505,sqs-worker-5986dcd897-zjgcr,ip-192-168-20-201.ec2.internal,80b7aad2a7199c3f49e9057f0df6f8016cb744787a69a133eebc891d36aa3cf9,1,3.0,308.0
1,hpa-mmpp-909-5b393099,000245,134.191012,2026-08-31T23:16:56.807+00:00,2026-08-31T23:16:56.702+00:00,2026-08-31T23:16:56.706+00:00,2026-08-31T23:16:56.706+00:00,2026-08-31T23:16:56.723+00:00,2026-08-31T23:16:56.723+00:00,0.017097,0.01714929499939899,sqs-worker-5986dcd897-kxzns,ip-192-168-20-201.ec2.internal,3c72e89284dbd6ce944b2a044b4f846006e900098e27ad8f24686a1d740bc017,1,4.0,21.0
1,hpa-mmpp-909-5b393099,000246,134.475435,2026-08-31T23:16:57.087+00:00,2026-08-31T23:16:56.979+00:00,2026-08-31T23:16:56.982+00:00,2026-08-31T23:16:56.982+00:00,2026-08-31T23:16:57.198+00:00,2026-08-31T23:16:57.198+00:00,0.098631,0.21624656800122466,sqs-worker-5986dcd897-zjgcr,ip-192-168-20-201.ec2.internal,b7b03230902d3e2b41eda930033a3af22428e64f5cdef5c1f42da54e49706cac,1,3.0,219.0
1,hpa-mmpp-909-5b393099,000247,135.257512,2026-08-31T23:16:57.870+00:00,2026-08-31T23:16:57.763+00:00,2026-08-31T23:16:57.766+00:00,2026-08-31T23:16:57.766+00:00,2026-08-31T23:16:58.674+00:00,2026-08-31T23:16:58.674+00:00,0.242561,0.9078781639982481,sqs-worker-5986dcd897-kxzns,ip-192-168-20-201.ec2.internal,40ba57c85c1a1ff47063677ff3248385ec2f299e660a4d42b0aa4fa6d12d03e6,1,3.0,911.0
1,hpa-mmpp-909-5b393099,000248,137.663705,2026-08-31T23:17:00.277+00:00,2026-08-31T23:17:00.174+00:00,2026-08-31T23:17:00.177+00:00,2026-08-31T23:17:00.177+00:00,2026-08-31T23:17:00.206+00:00,2026-08-31T23:17:00.206+00:00,0.028878,0.02896920100101852,sqs-worker-5986dcd897-kxzns,ip-192-168-20-201.ec2.internal,1bff36e42fff79663426d114f34df22a8f32e1aeada888478d1732f36fe6b743,1,3.0,32.0
1,hpa-mmpp-909-5b393099,000249,137.735689,2026-08-31T23:17:00.347+00:00,2026-08-31T23:17:00.243+00:00,2026-08-31T23:17:00.248+00:00,2026-08-31T23:17:00.248+00:00,2026-08-31T23:17:01.178+00:00,2026-08-31T23:17:01.178+00:00,0.384505,0.9308135370010859,sqs-worker-5986dcd897-kxzns,ip-192-168-20-201.ec2.internal,c406da04dad0255bd40534c5d3c4e95c8c9ccf05f0f9678a7595a81cbe7c0e02,1,5.0,935.0
1,hpa-mmpp-909-5b393099,000250,142.534206,2026-08-31T23:17:05.150+00:00,2026-08-31T23:17:05.061+00:00,2026-08-31T23:17:05.067+00:00,2026-08-31T23:17:05.067+00:00,2026-08-31T23:17:05.190+00:00,2026-08-31T23:17:05.190+00:00,0.067107,0.122854991001077,sqs-worker-5986dcd897-7t6xf,ip-192-168-20-201.ec2.internal,7c8539066a5c9b1d7e5f4b72876e39473311509077d2f76b5ffc35dbf2cda4c6,1,6.0,129.0
1,hpa-mmpp-909-5b393099,000251,144.933682,2026-08-31T23:17:07.547+00:00,2026-08-31T23:17:07.445+00:00,2026-08-31T23:17:07.448+00:00,2026-08-31T23:17:07.448+00:00,2026-08-31T23:17:07.634+00:00,2026-08-31T23:17:07.634+00:00,0.115587,0.18605805399784003,sqs-worker-5986dcd897-7t6xf,ip-192-168-20-201.ec2.internal,f06b3d27626fc54e9558426d7e26b9667a84df6c33824f9cc60534416d5b3d4a,1,3.0,189.0
1,hpa-mmpp-909-5b393099,000252,149.468326,2026-08-31T23:17:12.084+00:00,2026-08-31T23:17:11.980+00:00,2026-08-31T23:17:11.983+00:00,2026-08-31T23:17:11.983+00:00,2026-08-31T23:17:12.023+00:00,2026-08-31T23:17:12.023+00:00,0.037801,0.03981778700108407,sqs-worker-5986dcd897-kxzns,ip-192-168-20-201.ec2.internal,e41cad150bd77cd3ae432170e792284ef5626b43a9eae7cece78c7099423a1a1,1,3.0,43.0
1,hpa-mmpp-909-5b393099,000254,152.010594,2026-08-31T23:17:14.623+00:00,2026-08-31T23:17:14.515+00:00,2026-08-31T23:17:14.519+00:00,2026-08-31T23:17:14.519+00:00,2026-08-31T23:17:14.607+00:00,2026-08-31T23:17:14.607+00:00,0.050711,0.08833774400045513,sqs-worker-5986dcd897-kxzns,ip-192-168-20-201.ec2.internal,535ae2559324039c4a5cdd4a1cc2b43f5e627bbb76151362e8abe4df2d11528d,1,4.0,92.0
1,hpa-mmpp-909-5b393099,000253,150.762217,2026-08-31T23:17:13.375+00:00,2026-08-31T23:17:13.267+00:00,2026-08-31T23:17:13.283+00:00,2026-08-31T23:17:13.283+00:00,2026-08-31T23:17:15.194+00:00,2026-08-31T23:17:15.194+00:00,0.40185,1.9111764560002484,sqs-worker-5986dcd897-zjgcr,ip-192-168-20-201.ec2.internal,b7bb3b86b9060f1464a7fa2dd8136d440feb6bcc8ae35e2f4444bc1c4a3214a0,1,16.0,1927.0
1,hpa-mmpp-909-5b393099,000255,153.234357,2026-08-31T23:17:15.846+00:00,2026-08-31T23:17:15.742+00:00,2026-08-31T23:17:15.746+00:00,2026-08-31T23:17:15.746+00:00,2026-08-31T23:17:16.325+00:00,2026-08-31T23:17:16.325+00:00,0.24689,0.5789876870003354,sqs-worker-5986dcd897-zjgcr,ip-192-168-20-201.ec2.internal,39da95d75d67ca25a5ec5bcee939cf61096bf432caf1f66b2ca9e26ea1baf5da,1,4.0,583.0
1,hpa-mmpp-909-5b393099,000256,154.85759,2026-08-31T23:17:17.470+00:00,2026-08-31T23:17:17.361+00:00,2026-08-31T23:17:17.365+00:00,2026-08-31T23:17:17.365+00:00,2026-08-31T23:17:17.697+00:00,2026-08-31T23:17:17.697+00:00,0.153202,0.3324933179974323,sqs-worker-5986dcd897-x8rdl,ip-192-168-20-201.ec2.internal,8e9930e25b7a83a57bbf29dfe4cba09f53e582e20e632343a51aaebaec912f7b,1,4.0,336.0
1,hpa-mmpp-909-5b393099,000258,156.554824,2026-08-31T23:17:19.166+00:00,2026-08-31T23:17:19.060+00:00,2026-08-31T23:17:19.064+00:00,2026-08-31T23:17:19.064+00:00,2026-08-31T23:17:19.294+00:00,2026-08-31T23:17:19.294+00:00,0.109133,0.23026319700147724,sqs-worker-5986dcd897-x8rdl,ip-192-168-20-201.ec2.internal,df32b013e6d949d5af62151b1b7cdaefa513560045d0183536237621628ca38e,1,4.0,234.0
1,hpa-mmpp-909-5b393099,000260,157.071101,2026-08-31T23:17:19.682+00:00,2026-08-31T23:17:19.583+00:00,2026-08-31T23:17:19.596+00:00,2026-08-31T23:17:19.596+00:00,2026-08-31T23:17:19.612+00:00,2026-08-31T23:17:19.612+00:00,0.015368,0.015413439999974798,sqs-worker-5986dcd897-x8rdl,ip-192-168-20-201.ec2.internal,4d7841286a2a54ed85b18c769e15af7430d0ddb3ce91a5916146b4818a859da3,1,13.0,29.0
1,hpa-mmpp-909-5b393099,000261,157.375838,2026-08-31T23:17:19.987+00:00,2026-08-31T23:17:19.879+00:00,2026-08-31T23:17:19.885+00:00,2026-08-31T23:17:19.885+00:00,2026-08-31T23:17:20.081+00:00,2026-08-31T23:17:20.081+00:00,0.040609,0.19605128600233002,sqs-worker-5986dcd897-x8rdl,ip-192-168-20-201.ec2.internal,536760dc48aab9629e9e0f4c77819626fa103d0b5d80f3003a6c96004ec9d7d2,1,6.0,202.0
1,hpa-mmpp-909-5b393099,000259,157.0644,2026-08-31T23:17:19.676+00:00,2026-08-31T23:17:19.567+00:00,2026-08-31T23:17:19.572+00:00,2026-08-31T23:17:19.572+00:00,2026-08-31T23:17:20.400+00:00,2026-08-31T23:17:20.400+00:00,0.345393,0.8286745709992829,sqs-worker-5986dcd897-kxzns,ip-192-168-20-201.ec2.internal,dd5c0937c8ac6bcf7ef6cd04e21df312d64844c16942ca72b12f9ab6f5149416,1,5.0,833.0
1,hpa-mmpp-909-5b393099,000257,156.497613,2026-08-31T23:17:19.111+00:00,2026-08-31T23:17:19.001+00:00,2026-08-31T23:17:19.005+00:00,2026-08-31T23:17:19.005+00:00,2026-08-31T23:17:20.301+00:00,2026-08-31T23:17:20.301+00:00,0.538519,1.2956653520013788,sqs-worker-5986dcd897-zjgcr,ip-192-168-20-201.ec2.internal,ca0ada7c6e9db99f19d94ff00e4a205a1086ef17fe66250f4ccc7bbef090409a,1,4.0,1300.0
1,hpa-mmpp-909-5b393099,000265,158.105149,2026-08-31T23:17:20.716+00:00,2026-08-31T23:17:20.607+00:00,2026-08-31T23:17:20.610+00:00,2026-08-31T23:17:20.610+00:00,2026-08-31T23:17:20.720+00:00,2026-08-31T23:17:20.720+00:00,0.064741,0.1097764019978058,sqs-worker-5986dcd897-kxzns,ip-192-168-20-201.ec2.internal,f33855a24880ecd0574a396f4bdd87a6146ec32f4998634ff13d286570e52c78,1,3.0,113.0
1,hpa-mmpp-909-5b393099,000266,158.223143,2026-08-31T23:17:20.835+00:00,2026-08-31T23:17:20.725+00:00,2026-08-31T23:17:20.729+00:00,2026-08-31T23:17:20.729+00:00,2026-08-31T23:17:20.941+00:00,2026-08-31T23:17:20.941+00:00,0.095224,0.21174503799920785,sqs-worker-5986dcd897-zjgcr,ip-192-168-20-201.ec2.internal,5867117fa15bb06ff9f0baeccbe3434e2af5d25ef31c6fef897c01265465efd6,1,4.0,216.0
1,hpa-mmpp-909-5b393099,000262,157.577479,2026-08-31T23:17:20.189+00:00,2026-08-31T23:17:20.082+00:00,2026-08-31T23:17:20.091+00:00,2026-08-31T23:17:20.091+00:00,2026-08-31T23:17:20.139+00:00,2026-08-31T23:17:20.139+00:00,0.033066,0.04801151599895093,sqs-worker-5986dcd897-7t6xf,ip-192-168-20-201.ec2.internal,5990363c64654c0c4060bea5c3dc0dff98a7cf2ba764fd675f0608a9e3717ad5,1,9.0,57.0
1,hpa-mmpp-909-5b393099,000264,158.053754,2026-08-31T23:17:20.665+00:00,2026-08-31T23:17:20.561+00:00,2026-08-31T23:17:20.575+00:00,2026-08-31T23:17:20.575+00:00,2026-08-31T23:17:20.678+00:00,2026-08-31T23:17:20.678+00:00,0.028381,0.10347321500012185,sqs-worker-5986dcd897-x8rdl,ip-192-168-20-201.ec2.internal,37b48e7ea38fe8dd7551804ac65a1f2c7383c73064b8b752fd0fed8690f0e1e5,1,14.0,117.0
1,hpa-mmpp-909-5b393099,000267,158.530104,2026-08-31T23:17:21.142+00:00,2026-08-31T23:17:21.037+00:00,2026-08-31T23:17:21.041+00:00,2026-08-31T23:17:21.041+00:00,2026-08-31T23:17:21.653+00:00,2026-08-31T23:17:21.654+00:00,0.272131,0.6127816829975927,sqs-worker-5986dcd897-zjgcr,ip-192-168-20-201.ec2.internal,cf2ba8222c5d5cc6bce4ace813aade45a5cfbfe7d46a87a59caefec86af53ed3,1,4.0,616.0
1,hpa-mmpp-909-5b393099,000263,157.902627,2026-08-31T23:17:20.514+00:00,2026-08-31T23:17:20.415+00:00,2026-08-31T23:17:20.419+00:00,2026-08-31T23:17:20.419+00:00,2026-08-31T23:17:20.917+00:00,2026-08-31T23:17:20.917+00:00,0.217954,0.49811141499958467,sqs-worker-5986dcd897-7t6xf,ip-192-168-20-201.ec2.internal,bf33b8d0d96c07917648af58ff7d741d08a7c8b3370b16e2a7b64c8002ea9e0e,1,4.0,502.0
1,hpa-mmpp-909-5b393099,000269,159.036507,2026-08-31T23:17:21.647+00:00,2026-08-31T23:17:21.541+00:00,2026-08-31T23:17:21.544+00:00,2026-08-31T23:17:21.545+00:00,2026-08-31T23:17:22.286+00:00,2026-08-31T23:17:22.286+00:00,0.312213,0.7411485340016952,sqs-worker-5986dcd897-x8rdl,ip-192-168-20-201.ec2.internal,a9bff98586f52395f59db35b915de2cc8ce670bb5d5a1810aa36e019148c2a71,1,3.0,745.0
1,hpa-mmpp-909-5b393099,000268,159.00552,2026-08-31T23:17:21.616+00:00,2026-08-31T23:17:21.522+00:00,2026-08-31T23:17:21.526+00:00,2026-08-31T23:17:21.526+00:00,2026-08-31T23:17:22.921+00:00,2026-08-31T23:17:22.921+00:00,0.587073,1.3957628380012466,sqs-worker-5986dcd897-kxzns,ip-192-168-20-201.ec2.internal,d1b3cc496d706849c18231249001a372d37fe113b283986707e940fbe142b40c,1,4.0,1399.0
1,hpa-mmpp-909-5b393099,000278,160.523025,2026-08-31T23:17:23.133+00:00,2026-08-31T23:17:23.025+00:00,2026-08-31T23:17:23.031+00:00,2026-08-31T23:17:23.031+00:00,2026-08-31T23:17:23.349+00:00,2026-08-31T23:17:23.349+00:00,0.138116,0.3184720159988501,sqs-worker-5986dcd897-x8rdl,ip-192-168-20-201.ec2.internal,d406016f6d2ddf3f8e0ba706f6869c0b606c3d66aa06f1d8dfd9b40da0da20b4,1,6.0,324.0
1,hpa-mmpp-909-5b393099,000271,159.420154,2026-08-31T23:17:22.030+00:00,2026-08-31T23:17:21.923+00:00,2026-08-31T23:17:21.937+00:00,2026-08-31T23:17:21.937+00:00,2026-08-31T23:17:22.830+00:00,2026-08-31T23:17:22.830+00:00,0.168111,0.8933865630024229,sqs-worker-5986dcd897-7t6xf,ip-192-168-20-201.ec2.internal,60c46c6db5733f94b611345205080832ad729104c0a1b47c3f236d85ccf31d29,1,14.0,907.0
1,hpa-mmpp-909-5b393099,000272,159.683273,2026-08-31T23:17:22.294+00:00,2026-08-31T23:17:22.188+00:00,2026-08-31T23:17:22.306+00:00,2026-08-31T23:17:22.306+00:00,2026-08-31T23:17:22.999+00:00,2026-08-31T23:17:22.999+00:00,0.277123,0.6933864359998552,sqs-worker-5986dcd897-x8rdl,ip-192-168-20-201.ec2.internal,e86949918902bc087b455f70783519104b89af91f20b30aa8413ae3edeeb8cb2,1,118.0,811.0
1,hpa-mmpp-909-5b393099,000273,159.824764,2026-08-31T23:17:22.435+00:00,2026-08-31T23:17:22.328+00:00,2026-08-31T23:17:22.794+00:00,2026-08-31T23:17:22.794+00:00,2026-08-31T23:17:23.149+00:00,2026-08-31T23:17:23.149+00:00,0.079486,0.3543161899979168,sqs-worker-5986dcd897-zjgcr,ip-192-168-20-201.ec2.internal,256d5bb1314a1dedc22878b6bc9594e24008e18e210ecb3147c41619bb0aa1f6,1,466.0,821.0
1,hpa-mmpp-909-5b393099,000275,160.195622,2026-08-31T23:17:22.806+00:00,2026-08-31T23:17:22.698+00:00,2026-08-31T23:17:23.954+00:00,2026-08-31T23:17:23.954+00:00,2026-08-31T23:17:24.152+00:00,2026-08-31T23:17:24.152+00:00,0.027783,0.19773153600181104,sqs-worker-5986dcd897-7t6xf,ip-192-168-20-201.ec2.internal,300ffa2379d12890a22051e75205fa13028d8547f41c00326fae09413e3f3b71,1,1256.0,1454.0
1,hpa-mmpp-909-5b393099,000274,160.115932,2026-08-31T23:17:22.726+00:00,2026-08-31T23:17:22.619+00:00,2026-08-31T23:17:22.972+00:00,2026-08-31T23:17:22.972+00:00,2026-08-31T23:17:24.221+00:00,2026-08-31T23:17:24.221+00:00,0.515622,1.2491902299989306,sqs-worker-5986dcd897-kxzns,ip-192-168-20-201.ec2.internal,12491e153743d323526c5f523abded36163857692bb2fdc877005641b6daf6fb,1,353.0,1602.0
1,hpa-mmpp-909-5b393099,000270,159.224992,2026-08-31T23:17:21.835+00:00,2026-08-31T23:17:21.733+00:00,2026-08-31T23:17:21.736+00:00,2026-08-31T23:17:21.736+00:00,2026-08-31T23:17:22.765+00:00,2026-08-31T23:17:22.766+00:00,0.419482,1.0291104309981165,sqs-worker-5986dcd897-zjgcr,ip-192-168-20-201.ec2.internal,f14cd6de49370569988233bb3e24f691c0862491a81fed290fb6a4559ae93f2d,1,3.0,1032.0
1,hpa-mmpp-909-5b393099,000276,160.267301,2026-08-31T23:17:22.877+00:00,2026-08-31T23:17:22.770+00:00,2026-08-31T23:17:22.923+00:00,2026-08-31T23:17:22.923+00:00,2026-08-31T23:17:23.889+00:00,2026-08-31T23:17:23.889+00:00,0.174975,0.9660405089998676,sqs-worker-5986dcd897-7t6xf,ip-192-168-20-201.ec2.internal,d2720928d238bdbb8df5653d338c3084680405e90c76f13a3becd405aa6de2f5,1,153.0,1119.0
1,hpa-mmpp-909-5b393099,000277,160.50356,2026-08-31T23:17:23.114+00:00,2026-08-31T23:17:23.013+00:00,2026-08-31T23:17:23.387+00:00,2026-08-31T23:17:23.387+00:00,2026-08-31T23:17:24.504+00:00,2026-08-31T23:17:24.504+00:00,0.454162,1.1169833050007583,sqs-worker-5986dcd897-x8rdl,ip-192-168-20-201.ec2.internal,84c8621c48fdb51c19be99dd194a49e539ea54095ec0e1407c1c3239334eefd5,1,374.0,1491.0
1,hpa-mmpp-909-5b393099,000279,160.592418,2026-08-31T23:17:23.203+00:00,2026-08-31T23:17:23.096+00:00,2026-08-31T23:17:23.189+00:00,2026-08-31T23:17:23.189+00:00,2026-08-31T23:17:26.283+00:00,2026-08-31T23:17:26.283+00:00,0.668489,3.0942340350011364,sqs-worker-5986dcd897-zjgcr,ip-192-168-20-201.ec2.internal,868a54e5476d0704b063909411ff784936b1e9390d776c8521fa2ef0ec984a6b,1,93.0,3187.0
1,hpa-mmpp-909-5b393099,000280,165.500648,2026-08-31T23:17:28.113+00:00,2026-08-31T23:17:28.005+00:00,2026-08-31T23:17:28.008+00:00,2026-08-31T23:17:28.008+00:00,2026-08-31T23:17:28.027+00:00,2026-08-31T23:17:28.027+00:00,0.019316,0.019357315999513958,sqs-worker-5986dcd897-zjgcr,ip-192-168-20-201.ec2.internal,8bcdf758edc02774c78d8ab951743f6d2d98d643f374223b67f65b232746813c,1,3.0,22.0
1,hpa-mmpp-909-5b393099,000281,167.62167,2026-08-31T23:17:30.233+00:00,2026-08-31T23:17:30.127+00:00,2026-08-31T23:17:30.130+00:00,2026-08-31T23:17:30.130+00:00,2026-08-31T23:17:30.774+00:00,2026-08-31T23:17:30.774+00:00,0.115782,0.6439576509983453,sqs-worker-5986dcd897-x8rdl,ip-192-168-20-201.ec2.internal,4d083925c6fa8390da7d256987c479435f7e4882badefca2f7c2431f93ed448c,1,3.0,647.0
1,hpa-mmpp-909-5b393099,000285,172.038307,2026-08-31T23:17:34.649+00:00,2026-08-31T23:17:34.546+00:00,2026-08-31T23:17:34.550+00:00,2026-08-31T23:17:34.550+00:00,2026-08-31T23:17:34.586+00:00,2026-08-31T23:17:34.586+00:00,0.036418,0.03648743499798002,sqs-worker-5986dcd897-x8rdl,ip-192-168-20-201.ec2.internal,0eefc5fee05e597e84c09d60b7de1520715d036cd61cb83e005f175f580948c1,1,4.0,40.0
1,hpa-mmpp-909-5b393099,000283,171.802977,2026-08-31T23:17:34.413+00:00,2026-08-31T23:17:34.314+00:00,2026-08-31T23:17:34.318+00:00,2026-08-31T23:17:34.318+00:00,2026-08-31T23:17:34.826+00:00,2026-08-31T23:17:34.826+00:00,0.234934,0.508393125001021,sqs-worker-5986dcd897-kxzns,ip-192-168-20-201.ec2.internal,97d30f2b717d18c5c804e8d57a1b4fe2a36e460bb3b6ac5e6182b3db5e6f139f,1,4.0,512.0
1,hpa-mmpp-909-5b393099,000286,172.444004,2026-08-31T23:17:35.054+00:00,2026-08-31T23:17:34.969+00:00,2026-08-31T23:17:34.973+00:00,2026-08-31T23:17:34.973+00:00,2026-08-31T23:17:35.491+00:00,2026-08-31T23:17:35.491+00:00,0.216579,0.5183482000029471,sqs-worker-5986dcd897-x8rdl,ip-192-168-20-201.ec2.internal,dd3f8906165179f206ca9880196c33af2a42e78f9658591d6d9fbe267e48e6c6,1,4.0,522.0
1,hpa-mmpp-909-5b393099,000282,171.395195,2026-08-31T23:17:34.009+00:00,2026-08-31T23:17:33.903+00:00,2026-08-31T23:17:33.908+00:00,2026-08-31T23:17:33.908+00:00,2026-08-31T23:17:35.623+00:00,2026-08-31T23:17:35.623+00:00,0.697893,1.7151594820024911,sqs-worker-5986dcd897-7t6xf,ip-192-168-20-201.ec2.internal,e60935336a1d33676d6ab67a5af0b8b84ead10b97b4602c76eaf1ab07052e69b,1,5.0,1720.0
1,hpa-mmpp-909-5b393099,000289,173.199122,2026-08-31T23:17:35.809+00:00,2026-08-31T23:17:35.709+00:00,2026-08-31T23:17:35.712+00:00,2026-08-31T23:17:35.712+00:00,2026-08-31T23:17:36.015+00:00,2026-08-31T23:17:36.015+00:00,0.137632,0.3027117990022816,sqs-worker-5986dcd897-7t6xf,ip-192-168-20-201.ec2.internal,75cd774c4c35e00ffb772a00aa1dd5f583724a3d8dcb147f591857a79d98a95f,1,3.0,306.0
1,hpa-mmpp-909-5b393099,000288,173.033101,2026-08-31T23:17:35.643+00:00,2026-08-31T23:17:35.538+00:00,2026-08-31T23:17:35.542+00:00,2026-08-31T23:17:35.542+00:00,2026-08-31T23:17:35.574+00:00,2026-08-31T23:17:35.575+00:00,0.024861,0.032995991001371294,sqs-worker-5986dcd897-x8rdl,ip-192-168-20-201.ec2.internal,f58d2b14cb9ae30aaf6ba60314045f21e812e50f1aa3a42d49c04f89b90be2e2,1,4.0,36.0
1,hpa-mmpp-909-5b393099,000287,172.870166,2026-08-31T23:17:35.481+00:00,2026-08-31T23:17:35.375+00:00,2026-08-31T23:17:35.387+00:00,2026-08-31T23:17:35.387+00:00,2026-08-31T23:17:35.720+00:00,2026-08-31T23:17:35.720+00:00,0.144073,0.33333650400163606,sqs-worker-5986dcd897-kxzns,ip-192-168-20-201.ec2.internal,d62e8bf7da8da77767113b18e8792bd7d8642927c9a9a46301d02c8c72f97ef1,1,12.0,345.0
1,hpa-mmpp-909-5b393099,000284,171.898351,2026-08-31T23:17:34.509+00:00,2026-08-31T23:17:34.417+00:00,2026-08-31T23:17:34.420+00:00,2026-08-31T23:17:34.420+00:00,2026-08-31T23:17:35.763+00:00,2026-08-31T23:17:35.763+00:00,0.544412,1.3429440979998617,sqs-worker-5986dcd897-zjgcr,ip-192-168-20-201.ec2.internal,6f1ecb6ed629d22ca07620842e3a9a09a63b5321dc2f8e5af10048c107dccbf7,1,3.0,1346.0
1,hpa-mmpp-909-5b393099,000291,173.833293,2026-08-31T23:17:36.444+00:00,2026-08-31T23:17:36.337+00:00,2026-08-31T23:17:36.343+00:00,2026-08-31T23:17:36.343+00:00,2026-08-31T23:17:37.431+00:00,2026-08-31T23:17:37.431+00:00,0.463738,1.0877390899986494,sqs-worker-5986dcd897-7t6xf,ip-192-168-20-201.ec2.internal,503dec83cd8c29654535ef1101bb24c905950d47153a77ee88fdbbc31629db3d,1,6.0,1094.0
1,hpa-mmpp-909-5b393099,000290,173.203783,2026-08-31T23:17:35.814+00:00,2026-08-31T23:17:35.716+00:00,2026-08-31T23:17:35.722+00:00,2026-08-31T23:17:35.722+00:00,2026-08-31T23:17:37.419+00:00,2026-08-31T23:17:37.419+00:00,0.717242,1.6966674639988923,sqs-worker-5986dcd897-x8rdl,ip-192-168-20-201.ec2.internal,558fa975b1828f3a595127557e048cb0638b1326e758ca1219b16d61b6ca54cb,1,6.0,1703.0
1,hpa-mmpp-909-5b393099,000293,174.152816,2026-08-31T23:17:36.763+00:00,2026-08-31T23:17:36.697+00:00,2026-08-31T23:17:36.707+00:00,2026-08-31T23:17:36.707+00:00,2026-08-31T23:17:37.444+00:00,2026-08-31T23:17:37.444+00:00,0.303962,0.7371461950024241,sqs-worker-5986dcd897-zjgcr,ip-192-168-20-201.ec2.internal,f06fc2a36f472c94a7834af75d1f74cee755d2b63c85e800ed90756d7e5f6277,1,10.0,747.0
1,hpa-mmpp-909-5b393099,000294,174.264509,2026-08-31T23:17:36.875+00:00,2026-08-31T23:17:36.774+00:00,2026-08-31T23:17:37.458+00:00,2026-08-31T23:17:37.458+00:00,2026-08-31T23:17:37.881+00:00,2026-08-31T23:17:37.881+00:00,0.172012,0.42337049299749197,sqs-worker-5986dcd897-zjgcr,ip-192-168-20-201.ec2.internal,6f804bac73296d3175ce8d37b138ea4934c25bd1c09a0f8a8c3993408d961f4f,1,684.0,1107.0
1,hpa-mmpp-909-5b393099,000296,175.358125,2026-08-31T23:17:37.969+00:00,2026-08-31T23:17:37.867+00:00,2026-08-31T23:17:37.871+00:00,2026-08-31T23:17:37.871+00:00,2026-08-31T23:17:38.191+00:00,2026-08-31T23:17:38.191+00:00,0.142262,0.3201449459993455,sqs-worker-5986dcd897-x8rdl,ip-192-168-20-201.ec2.internal,9638744aacca57bd4da99773f2e91f4a9be4ba1613123dfc16fe0cef278c2bcd,1,4.0,324.0
1,hpa-mmpp-909-5b393099,000297,175.438825,2026-08-31T23:17:38.049+00:00,2026-08-31T23:17:37.949+00:00,2026-08-31T23:17:37.953+00:00,2026-08-31T23:17:37.953+00:00,2026-08-31T23:17:38.292+00:00,2026-08-31T23:17:38.292+00:00,0.159803,0.3389385449991096,sqs-worker-5986dcd897-zjgcr,ip-192-168-20-201.ec2.internal,43f87a1e4764e4d623d9bf00d7e89d598d21cc4e9a9b71c9609ddc58f078414d,1,4.0,343.0
1,hpa-mmpp-909-5b393099,000301,175.931581,2026-08-31T23:17:38.542+00:00,2026-08-31T23:17:38.442+00:00,2026-08-31T23:17:38.451+00:00,2026-08-31T23:17:38.451+00:00,2026-08-31T23:17:38.539+00:00,2026-08-31T23:17:38.540+00:00,0.046747,0.08844774499812047,sqs-worker-5986dcd897-7t6xf,ip-192-168-20-201.ec2.internal,f6c4cb53d5affd9403b09de18a5de6460c05472b2f7f2cf0d4e0e81b099b1263,1,9.0,97.0
1,hpa-mmpp-909-5b393099,000295,175.030988,2026-08-31T23:17:37.642+00:00,2026-08-31T23:17:37.548+00:00,2026-08-31T23:17:37.551+00:00,2026-08-31T23:17:37.551+00:00,2026-08-31T23:17:37.609+00:00,2026-08-31T23:17:37.609+00:00,0.043699,0.05817146499975934,sqs-worker-5986dcd897-7t6xf,ip-192-168-20-201.ec2.internal,8b47c71a468b28c930954f7f80395b6df7183a6c9346bf139525276290b368d4,1,3.0,61.0
1,hpa-mmpp-909-5b393099,000298,175.527855,2026-08-31T23:17:38.138+00:00,2026-08-31T23:17:38.038+00:00,2026-08-31T23:17:38.042+00:00,2026-08-31T23:17:38.042+00:00,2026-08-31T23:17:38.409+00:00,2026-08-31T23:17:38.409+00:00,0.163742,0.3674149779981235,sqs-worker-5986dcd897-7t6xf,ip-192-168-20-201.ec2.internal,a8732a84d7b6185a6d2abca261052ce3134ebd237de28189085eb577c9aee6e6,1,4.0,371.0
1,hpa-mmpp-909-5b393099,000292,173.891384,2026-08-31T23:17:36.502+00:00,2026-08-31T23:17:36.414+00:00,2026-08-31T23:17:36.418+00:00,2026-08-31T23:17:36.418+00:00,2026-08-31T23:17:38.699+00:00,2026-08-31T23:17:38.699+00:00,0.54265,2.281306749999203,sqs-worker-5986dcd897-kxzns,ip-192-168-20-201.ec2.internal,a8c7ea4ad7379dcff508a484168e12dbaf7e31f199f70f859f66825b8272b593,1,4.0,2285.0
1,hpa-mmpp-909-5b393099,000299,175.557362,2026-08-31T23:17:38.168+00:00,2026-08-31T23:17:38.067+00:00,2026-08-31T23:17:38.345+00:00,2026-08-31T23:17:38.345+00:00,2026-08-31T23:17:38.988+00:00,2026-08-31T23:17:38.988+00:00,0.266205,0.6433830780006247,sqs-worker-5986dcd897-zjgcr,ip-192-168-20-201.ec2.internal,0826572c91526291eb083a7b092be9a371213196bf77d541fa1dd4ab40e884fe,1,278.0,921.0
1,hpa-mmpp-909-5b393099,000300,175.676656,2026-08-31T23:17:38.287+00:00,2026-08-31T23:17:38.186+00:00,2026-08-31T23:17:38.226+00:00,2026-08-31T23:17:38.226+00:00,2026-08-31T23:17:38.658+00:00,2026-08-31T23:17:38.658+00:00,0.177349,0.4311411720009346,sqs-worker-5986dcd897-x8rdl,ip-192-168-20-201.ec2.internal,2ef0c59f1aafe33ea014b6eef73e742d75086ba67f738696ef108c1fb5492332,1,40.0,472.0
1,hpa-mmpp-909-5b393099,000302,175.956004,2026-08-31T23:17:38.567+00:00,2026-08-31T23:17:38.464+00:00,2026-08-31T23:17:38.557+00:00,2026-08-31T23:17:38.557+00:00,2026-08-31T23:17:38.952+00:00,2026-08-31T23:17:38.952+00:00,0.169995,0.39456073199835373,sqs-worker-5986dcd897-7t6xf,ip-192-168-20-201.ec2.internal,04d1a2901d4f913a03ece16975a01e22d24d7fee398cb1f886b9d87c66da63fe,1,93.0,488.0
1,hpa-mmpp-909-5b393099,000304,176.962015,2026-08-31T23:17:39.573+00:00,2026-08-31T23:17:39.467+00:00,2026-08-31T23:17:39.493+00:00,2026-08-31T23:17:39.493+00:00,2026-08-31T23:17:39.607+00:00,2026-08-31T23:17:39.607+00:00,0.067856,0.11413670899855788,sqs-worker-5986dcd897-zjgcr,ip-192-168-20-201.ec2.internal,6d9d06a33b7391f82e9f44c30763c9ddd324723634f62450fa3ef0b8d4a9d8da,1,26.0,140.0
1,hpa-mmpp-909-5b393099,000306,178.283647,2026-08-31T23:17:40.894+00:00,2026-08-31T23:17:40.791+00:00,2026-08-31T23:17:40.796+00:00,2026-08-31T23:17:40.796+00:00,2026-08-31T23:17:40.903+00:00,2026-08-31T23:17:40.903+00:00,0.049124,0.10759107599733397,sqs-worker-5986dcd897-7t6xf,ip-192-168-20-201.ec2.internal,94e6285208051217cef9f2f4bfee245c9a63b0b0b5598c7eef8d0d5f76cb7a1f,1,5.0,112.0
1,hpa-mmpp-909-5b393099,000303,176.199442,2026-08-31T23:17:38.810+00:00,2026-08-31T23:17:38.704+00:00,2026-08-31T23:17:38.709+00:00,2026-08-31T23:17:38.709+00:00,2026-08-31T23:17:40.085+00:00,2026-08-31T23:17:40.085+00:00,0.479937,1.3758907190022,sqs-worker-5986dcd897-x8rdl,ip-192-168-20-201.ec2.internal,42b14937d6c387e9a2c8000910a329b74e1bdab3ed4a99537ad4e33b7cd3f5b8,1,5.0,1381.0
1,hpa-mmpp-909-5b393099,000305,177.734726,2026-08-31T23:17:40.346+00:00,2026-08-31T23:17:40.261+00:00,2026-08-31T23:17:40.265+00:00,2026-08-31T23:17:40.265+00:00,2026-08-31T23:17:40.386+00:00,2026-08-31T23:17:40.386+00:00,0.023047,0.1212845659974846,sqs-worker-5986dcd897-x8rdl,ip-192-168-20-201.ec2.internal,7519a5c1a253d680ccdd2fb89877158cd01ab05418b0ca481ef442d5f4089b0e,1,4.0,125.0
1,hpa-mmpp-909-5b393099,000307,178.345771,2026-08-31T23:17:40.956+00:00,2026-08-31T23:17:40.851+00:00,2026-08-31T23:17:40.855+00:00,2026-08-31T23:17:40.855+00:00,2026-08-31T23:17:41.494+00:00,2026-08-31T23:17:41.494+00:00,0.128002,0.6387362559980829,sqs-worker-5986dcd897-x8rdl,ip-192-168-20-201.ec2.internal,341147d7dbd2abf962273f857a3c98ad4c10c0327ca1b2b166846c7b2141556a,1,4.0,643.0
1,hpa-mmpp-909-5b393099,000308,179.189463,2026-08-31T23:17:41.800+00:00,2026-08-31T23:17:41.691+00:00,2026-08-31T23:17:41.695+00:00,2026-08-31T23:17:41.695+00:00,2026-08-31T23:17:42.300+00:00,2026-08-31T23:17:42.300+00:00,0.244524,0.604541581000376,sqs-worker-5986dcd897-kxzns,ip-192-168-20-201.ec2.internal,9d6eda1bf484d01da5fc0db2b574fe415b07a93c6bafa255f28e7b7979e8daee,1,4.0,609.0
1,hpa-mmpp-909-5b393099,000309,179.718611,2026-08-31T23:17:42.331+00:00,2026-08-31T23:17:42.221+00:00,2026-08-31T23:17:42.225+00:00,2026-08-31T23:17:42.225+00:00,2026-08-31T23:17:43.101+00:00,2026-08-31T23:17:43.101+00:00,0.164983,0.8758442329999525,sqs-worker-5986dcd897-7t6xf,ip-192-168-20-201.ec2.internal,4affddf6a1aa3f3a8f6f888bc77d2110911225b935b7996a7f78c5d5449b5309,1,4.0,880.0
