schema_version,experiment_id,job_id,trace_offset_s,producer_sent_at,sqs_sent_at,worker_received_at,processing_started_at,processing_finished_at,result_sent_at,service_cpu_seconds,processing_wall_seconds,pod_name,node_name,digest,receive_count,queue_wait_ms,end_to_end_ms
1,keda-poisson-303-9253ff26,000000,0.020106,2026-08-31T19:22:31.746+00:00,2026-08-31T19:22:28.000+00:00,2026-08-31T19:22:28.006+00:00,2026-08-31T19:22:28.006+00:00,2026-08-31T19:22:28.297+00:00,2026-08-31T19:22:28.297+00:00,0.133957,0.2902351259999705,sqs-worker-5986dcd897-x8rdl,ip-192-168-20-201.ec2.internal,1c13533fb8efc8c378c1d2f8c7070c572511fe75724cf9fcb1eda5cb2fbc71c1,1,6.0,297.0
1,keda-poisson-303-9253ff26,000001,2.187267,2026-08-31T19:22:33.914+00:00,2026-08-31T19:22:30.163+00:00,2026-08-31T19:22:30.173+00:00,2026-08-31T19:22:30.174+00:00,2026-08-31T19:22:30.401+00:00,2026-08-31T19:22:30.401+00:00,0.045732,0.22768266899947776,sqs-worker-5986dcd897-x8rdl,ip-192-168-20-201.ec2.internal,1f7bb9e9a9dd5f874fe7ff330c31ac31a78046ac0a83be530c7e570737814697,1,10.0,238.0
1,keda-poisson-303-9253ff26,000002,2.322764,2026-08-31T19:22:34.048+00:00,2026-08-31T19:22:30.806+00:00,2026-08-31T19:22:30.814+00:00,2026-08-31T19:22:30.814+00:00,2026-08-31T19:22:31.496+00:00,2026-08-31T19:22:31.496+00:00,0.206611,0.6816801160002797,sqs-worker-5986dcd897-x8rdl,ip-192-168-20-201.ec2.internal,b200382c4bc05dedf20b373b8f58bcb0bf7cc630a5bb996311fc290942d09054,1,8.0,690.0
1,keda-poisson-303-9253ff26,000003,5.563939,2026-08-31T19:22:37.292+00:00,2026-08-31T19:22:33.555+00:00,2026-08-31T19:22:33.560+00:00,2026-08-31T19:22:33.560+00:00,2026-08-31T19:22:33.789+00:00,2026-08-31T19:22:33.789+00:00,0.110306,0.22870914899976924,sqs-worker-5986dcd897-x8rdl,ip-192-168-20-201.ec2.internal,0046f85dacb9ae34d0612a37ef12512757b7eaf189981df1658231eb7fb82bd0,1,5.0,234.0
1,keda-poisson-303-9253ff26,000004,7.396837,2026-08-31T19:22:39.123+00:00,2026-08-31T19:22:35.371+00:00,2026-08-31T19:22:35.375+00:00,2026-08-31T19:22:35.375+00:00,2026-08-31T19:22:35.385+00:00,2026-08-31T19:22:35.385+00:00,0.009661,0.009722019000037108,sqs-worker-5986dcd897-x8rdl,ip-192-168-20-201.ec2.internal,4d8e441b5e4bad611f4490d0831b31811e99aba10087d0212a16130c38857b04,1,4.0,14.0
1,keda-poisson-303-9253ff26,000005,7.58391,2026-08-31T19:22:39.309+00:00,2026-08-31T19:22:35.558+00:00,2026-08-31T19:22:35.564+00:00,2026-08-31T19:22:35.564+00:00,2026-08-31T19:22:36.382+00:00,2026-08-31T19:22:36.382+00:00,0.342965,0.818612644001405,sqs-worker-5986dcd897-x8rdl,ip-192-168-20-201.ec2.internal,b260e631b667f05257d51f2bb619b9e73bec0c6ace6404ff5bf396fa23f65185,1,6.0,824.0
1,keda-poisson-303-9253ff26,000007,8.355275,2026-08-31T19:22:40.080+00:00,2026-08-31T19:22:36.330+00:00,2026-08-31T19:22:36.442+00:00,2026-08-31T19:22:36.442+00:00,2026-08-31T19:22:36.447+00:00,2026-08-31T19:22:36.447+00:00,0.005,0.005037909999373369,sqs-worker-5986dcd897-x8rdl,ip-192-168-20-201.ec2.internal,f0995d7816a4630604bbd016027b60a2eb792fc89d5a1d9a77c7b91c0b97d762,1,112.0,117.0
1,keda-poisson-303-9253ff26,000006,8.037798,2026-08-31T19:22:39.763+00:00,2026-08-31T19:22:36.018+00:00,2026-08-31T19:22:36.459+00:00,2026-08-31T19:22:36.459+00:00,2026-08-31T19:22:37.607+00:00,2026-08-31T19:22:37.607+00:00,0.488728,1.147867944000609,sqs-worker-5986dcd897-x8rdl,ip-192-168-20-201.ec2.internal,07b4e0bcfcfc99642d75d1d5619b24a4ca919f9e88264ae76a61b3a82c0185aa,1,441.0,1589.0
1,keda-poisson-303-9253ff26,000009,9.659209,2026-08-31T19:22:41.385+00:00,2026-08-31T19:22:37.634+00:00,2026-08-31T19:22:37.638+00:00,2026-08-31T19:22:37.638+00:00,2026-08-31T19:22:38.698+00:00,2026-08-31T19:22:38.698+00:00,0.426668,1.0602049809986056,sqs-worker-5986dcd897-x8rdl,ip-192-168-20-201.ec2.internal,3ce8f04695db7f70f20111aba278ea16853b9f16e8e3cea0d2248544c0267ea9,1,4.0,1064.0
1,keda-poisson-303-9253ff26,000008,8.684737,2026-08-31T19:22:40.410+00:00,2026-08-31T19:22:36.660+00:00,2026-08-31T19:22:38.725+00:00,2026-08-31T19:22:38.725+00:00,2026-08-31T19:22:39.686+00:00,2026-08-31T19:22:39.686+00:00,0.382662,0.9611348230009753,sqs-worker-5986dcd897-x8rdl,ip-192-168-20-201.ec2.internal,a0bd8c8c79ce13de1daad45ddcb81ab77b44c36e6b15e72a8b7acafee4292e91,1,2065.0,3026.0
1,keda-poisson-303-9253ff26,000010,10.758392,2026-08-31T19:22:42.484+00:00,2026-08-31T19:22:38.734+00:00,2026-08-31T19:22:39.721+00:00,2026-08-31T19:22:39.721+00:00,2026-08-31T19:22:40.084+00:00,2026-08-31T19:22:40.084+00:00,0.068353,0.3632115500004147,sqs-worker-5986dcd897-x8rdl,ip-192-168-20-201.ec2.internal,417b99cbd28fc6c94d27f9319143d7b7bf79028394aed7fc6418c2c7846c40d7,1,987.0,1350.0
1,keda-poisson-303-9253ff26,000012,11.434336,2026-08-31T19:22:43.160+00:00,2026-08-31T19:22:39.412+00:00,2026-08-31T19:22:40.101+00:00,2026-08-31T19:22:40.101+00:00,2026-08-31T19:22:42.478+00:00,2026-08-31T19:22:42.478+00:00,0.430705,2.376984079999602,sqs-worker-5986dcd897-x8rdl,ip-192-168-20-201.ec2.internal,2891b9226dd289c97fff26c9dc9c3321700c315a682978497635323a52ec4d80,1,689.0,3066.0
1,keda-poisson-303-9253ff26,000014,12.721501,2026-08-31T19:22:44.447+00:00,2026-08-31T19:22:40.694+00:00,2026-08-31T19:22:42.492+00:00,2026-08-31T19:22:42.492+00:00,2026-08-31T19:22:42.678+00:00,2026-08-31T19:22:42.678+00:00,0.075604,0.18544210199979716,sqs-worker-5986dcd897-x8rdl,ip-192-168-20-201.ec2.internal,0ff18c91d74eefc5324c377a18cc0a06711185243be529d2dfafea76cf865bce,1,1798.0,1984.0
1,keda-poisson-303-9253ff26,000011,10.943667,2026-08-31T19:22:42.669+00:00,2026-08-31T19:22:38.918+00:00,2026-08-31T19:22:42.706+00:00,2026-08-31T19:22:42.706+00:00,2026-08-31T19:22:42.905+00:00,2026-08-31T19:22:42.905+00:00,0.102862,0.19841939199977787,sqs-worker-5986dcd897-x8rdl,ip-192-168-20-201.ec2.internal,6e5ca8dc7f772f8842eef288261021442626d848741d9479c02349ae7fafd482,1,3788.0,3987.0
1,keda-poisson-303-9253ff26,000016,13.112512,2026-08-31T19:22:44.838+00:00,2026-08-31T19:22:41.086+00:00,2026-08-31T19:22:42.931+00:00,2026-08-31T19:22:42.931+00:00,2026-08-31T19:22:43.308+00:00,2026-08-31T19:22:43.308+00:00,0.159565,0.37705892299891275,sqs-worker-5986dcd897-x8rdl,ip-192-168-20-201.ec2.internal,d4f5fbbcc53aa5ddfcdbd254f81cb22bdab0e4d68b0c95f354d3fdd650974119,1,1845.0,2222.0
1,keda-poisson-303-9253ff26,000018,15.148383,2026-08-31T19:22:46.876+00:00,2026-08-31T19:22:43.130+00:00,2026-08-31T19:22:43.327+00:00,2026-08-31T19:22:43.327+00:00,2026-08-31T19:22:44.991+00:00,2026-08-31T19:22:44.991+00:00,0.659005,1.6635328810007195,sqs-worker-5986dcd897-x8rdl,ip-192-168-20-201.ec2.internal,e5e3314989058bcc058fbaa4118f2a7f185dbc1fdd24f3ce9fccda075239b782,1,197.0,1861.0
1,keda-poisson-303-9253ff26,000013,12.158331,2026-08-31T19:22:43.884+00:00,2026-08-31T19:22:40.131+00:00,2026-08-31T19:22:45.006+00:00,2026-08-31T19:22:45.006+00:00,2026-08-31T19:22:45.099+00:00,2026-08-31T19:22:45.099+00:00,0.043939,0.09338846599894168,sqs-worker-5986dcd897-x8rdl,ip-192-168-20-201.ec2.internal,fe5abafea0ab89a447ac8456245e07af991441b329c4ee272f672ea3481c7950,1,4875.0,4968.0
1,keda-poisson-303-9253ff26,000021,17.136214,2026-08-31T19:22:48.861+00:00,2026-08-31T19:22:45.114+00:00,2026-08-31T19:22:45.119+00:00,2026-08-31T19:22:45.119+00:00,2026-08-31T19:22:45.403+00:00,2026-08-31T19:22:45.403+00:00,0.119751,0.28430959100114706,sqs-worker-5986dcd897-x8rdl,ip-192-168-20-201.ec2.internal,a2df2e101a9e2134cd4c517ddc1216faa321d8757a4ed63eaa4612ae2610791a,1,5.0,289.0
1,keda-poisson-303-9253ff26,000019,16.22862,2026-08-31T19:22:47.954+00:00,2026-08-31T19:22:44.205+00:00,2026-08-31T19:22:45.418+00:00,2026-08-31T19:22:45.418+00:00,2026-08-31T19:22:45.694+00:00,2026-08-31T19:22:45.694+00:00,0.10625,0.2755261309994239,sqs-worker-5986dcd897-x8rdl,ip-192-168-20-201.ec2.internal,6388c1083eecb503fc595dca3e4e5817d6836d1ce72528ec2cc1c6d392f0da47,1,1213.0,1489.0
1,keda-poisson-303-9253ff26,000020,16.930737,2026-08-31T19:22:48.656+00:00,2026-08-31T19:22:44.902+00:00,2026-08-31T19:22:45.717+00:00,2026-08-31T19:22:45.717+00:00,2026-08-31T19:22:46.098+00:00,2026-08-31T19:22:46.098+00:00,0.160542,0.3813669859991933,sqs-worker-5986dcd897-x8rdl,ip-192-168-20-201.ec2.internal,676acea37282ea7198b98918eff2a64c2a0e5a4b88890bf2933d62451a487965,1,815.0,1196.0
1,keda-poisson-303-9253ff26,000015,12.802434,2026-08-31T19:22:44.527+00:00,2026-08-31T19:22:40.784+00:00,2026-08-31T19:22:46.142+00:00,2026-08-31T19:22:46.142+00:00,2026-08-31T19:22:46.298+00:00,2026-08-31T19:22:46.298+00:00,0.075329,0.1565053350004746,sqs-worker-5986dcd897-x8rdl,ip-192-168-20-201.ec2.internal,921ab1bb17b47fad54ad314810d69f4b38bb367179ee5b426a17c698e6d570ef,1,5358.0,5514.0
1,keda-poisson-303-9253ff26,000017,13.536898,2026-08-31T19:22:45.262+00:00,2026-08-31T19:22:41.514+00:00,2026-08-31T19:22:46.319+00:00,2026-08-31T19:22:46.319+00:00,2026-08-31T19:22:47.175+00:00,2026-08-31T19:22:47.175+00:00,0.332094,0.8561876610001491,sqs-worker-5986dcd897-x8rdl,ip-192-168-20-201.ec2.internal,e736e523f38f2ae004db12e63397f3ecc2df2e1f9e80d63b17dbda67230dc82f,1,4805.0,5661.0
1,keda-poisson-303-9253ff26,000023,19.044299,2026-08-31T19:22:50.769+00:00,2026-08-31T19:22:47.019+00:00,2026-08-31T19:22:47.189+00:00,2026-08-31T19:22:47.189+00:00,2026-08-31T19:22:47.402+00:00,2026-08-31T19:22:47.402+00:00,0.103573,0.21322539199900348,sqs-worker-5986dcd897-x8rdl,ip-192-168-20-201.ec2.internal,4163c968d9875bed7c7dac55fbeacba0eed1223312a205cd020cb4997d65335e,1,170.0,383.0
1,keda-poisson-303-9253ff26,000022,18.881581,2026-08-31T19:22:50.608+00:00,2026-08-31T19:22:46.854+00:00,2026-08-31T19:22:47.415+00:00,2026-08-31T19:22:47.415+00:00,2026-08-31T19:22:48.277+00:00,2026-08-31T19:22:48.278+00:00,0.331049,0.8625144249999721,sqs-worker-5986dcd897-x8rdl,ip-192-168-20-201.ec2.internal,2bafa38ba54178be9b0805173d6182735c36a300982133f4c21427acb8e78535,1,561.0,1423.0
1,keda-poisson-303-9253ff26,000025,19.408659,2026-08-31T19:22:51.134+00:00,2026-08-31T19:22:47.380+00:00,2026-08-31T19:22:48.298+00:00,2026-08-31T19:22:48.298+00:00,2026-08-31T19:22:48.889+00:00,2026-08-31T19:22:48.889+00:00,0.246166,0.5907870659993932,sqs-worker-5986dcd897-x8rdl,ip-192-168-20-201.ec2.internal,5caa08ac3a09c83d6064efefddd43c031939e548ef372c8ec623c58427671fef,1,918.0,1509.0
1,keda-poisson-303-9253ff26,000024,19.301942,2026-08-31T19:22:51.027+00:00,2026-08-31T19:22:47.276+00:00,2026-08-31T19:22:48.915+00:00,2026-08-31T19:22:48.915+00:00,2026-08-31T19:22:49.095+00:00,2026-08-31T19:22:49.095+00:00,0.082358,0.17944653000085964,sqs-worker-5986dcd897-x8rdl,ip-192-168-20-201.ec2.internal,3ff7da1d3be09106dd4eb390ee4602382f457556d540c5bb7b233d4609ddc2c9,1,1639.0,1819.0
1,keda-poisson-303-9253ff26,000026,19.964399,2026-08-31T19:22:51.690+00:00,2026-08-31T19:22:47.936+00:00,2026-08-31T19:22:49.157+00:00,2026-08-31T19:22:49.157+00:00,2026-08-31T19:22:49.214+00:00,2026-08-31T19:22:49.214+00:00,0.048384,0.05651358799877926,sqs-worker-5986dcd897-x8rdl,ip-192-168-20-201.ec2.internal,ddb53301893b88fcbf4c6ceef59f190301637c3b0380d3c81a54ead0213698c0,1,1221.0,1278.0
1,keda-poisson-303-9253ff26,000027,20.956808,2026-08-31T19:22:52.683+00:00,2026-08-31T19:22:48.928+00:00,2026-08-31T19:22:49.289+00:00,2026-08-31T19:22:49.289+00:00,2026-08-31T19:22:51.494+00:00,2026-08-31T19:22:51.494+00:00,0.490861,2.2054372889997467,sqs-worker-5986dcd897-x8rdl,ip-192-168-20-201.ec2.internal,9845ecb183bf300004d884571862ea3bfd656f6fcf5ddc945df9746ae02a3917,1,361.0,2566.0
1,keda-poisson-303-9253ff26,000029,22.810359,2026-08-31T19:22:54.535+00:00,2026-08-31T19:22:50.782+00:00,2026-08-31T19:22:51.583+00:00,2026-08-31T19:22:51.583+00:00,2026-08-31T19:22:52.506+00:00,2026-08-31T19:22:52.506+00:00,0.194541,0.9228164359992661,sqs-worker-5986dcd897-x8rdl,ip-192-168-20-201.ec2.internal,a77a5349e269d60a66c84b80b6f68b381a5f96e81460dd23b6a2b24ed0495d14,1,801.0,1724.0
1,keda-poisson-303-9253ff26,000032,24.410757,2026-08-31T19:22:56.135+00:00,2026-08-31T19:22:52.382+00:00,2026-08-31T19:22:52.524+00:00,2026-08-31T19:22:52.524+00:00,2026-08-31T19:22:52.990+00:00,2026-08-31T19:22:52.990+00:00,0.179747,0.46604056599971955,sqs-worker-5986dcd897-x8rdl,ip-192-168-20-201.ec2.internal,f34e96b0cc555139c09b2ac4c3d367028b540d7fe12a44e26a73250072babbf7,1,142.0,608.0
1,keda-poisson-303-9253ff26,000028,21.713081,2026-08-31T19:22:53.438+00:00,2026-08-31T19:22:49.684+00:00,2026-08-31T19:22:53.011+00:00,2026-08-31T19:22:53.011+00:00,2026-08-31T19:22:53.492+00:00,2026-08-31T19:22:53.492+00:00,0.198178,0.48147272800088103,sqs-worker-5986dcd897-x8rdl,ip-192-168-20-201.ec2.internal,82a7cba099f40ee353cd9660c230e2f6509da96c3b8400d9e8dcfb9eda711900,1,3327.0,3808.0
1,keda-poisson-303-9253ff26,000031,24.229717,2026-08-31T19:22:55.954+00:00,2026-08-31T19:22:52.202+00:00,2026-08-31T19:22:53.709+00:00,2026-08-31T19:22:53.709+00:00,2026-08-31T19:22:53.780+00:00,2026-08-31T19:22:53.780+00:00,0.026621,0.07110841299981985,sqs-worker-5986dcd897-x8rdl,ip-192-168-20-201.ec2.internal,564f24a04a31dbbe77960a68c8b0bdcee7d2d60ad9752c776ebcfbc3e2638288,1,1507.0,1578.0
1,keda-poisson-303-9253ff26,000030,23.567934,2026-08-31T19:22:55.293+00:00,2026-08-31T19:22:51.542+00:00,2026-08-31T19:22:53.523+00:00,2026-08-31T19:22:53.523+00:00,2026-08-31T19:22:53.689+00:00,2026-08-31T19:22:53.689+00:00,0.072425,0.16609656199943856,sqs-worker-5986dcd897-x8rdl,ip-192-168-20-201.ec2.internal,78a3d582f0a988eb4e4dc6d02aee11eb51068ecf4f2d8cca09880585b587967f,1,1981.0,2147.0
1,keda-poisson-303-9253ff26,000033,26.39983,2026-08-31T19:22:58.126+00:00,2026-08-31T19:22:54.374+00:00,2026-08-31T19:22:54.402+00:00,2026-08-31T19:22:54.402+00:00,2026-08-31T19:22:54.896+00:00,2026-08-31T19:22:54.896+00:00,0.212708,0.494211474999247,sqs-worker-5986dcd897-x8rdl,ip-192-168-20-201.ec2.internal,00342d4b2f20572309b54fa984691c79403672cb860ed50089b785028072fd5c,1,28.0,522.0
1,keda-poisson-303-9253ff26,000034,29.309102,2026-08-31T19:23:01.036+00:00,2026-08-31T19:22:57.282+00:00,2026-08-31T19:22:57.286+00:00,2026-08-31T19:22:57.286+00:00,2026-08-31T19:22:57.992+00:00,2026-08-31T19:22:57.992+00:00,0.289285,0.7063052009998501,sqs-worker-5986dcd897-x8rdl,ip-192-168-20-201.ec2.internal,bc020d7979b6e4b168605ed09357d8fbca345af26a10b32c69ee7d492b92421a,1,4.0,710.0
1,keda-poisson-303-9253ff26,000035,30.13357,2026-08-31T19:23:01.858+00:00,2026-08-31T19:22:58.106+00:00,2026-08-31T19:22:58.110+00:00,2026-08-31T19:22:58.110+00:00,2026-08-31T19:22:58.414+00:00,2026-08-31T19:22:58.414+00:00,0.150949,0.3039419810011168,sqs-worker-5986dcd897-x8rdl,ip-192-168-20-201.ec2.internal,da853a1dcc8074768f2fbcaf4bd9486bac0dd20e317d0f5c0c5b283989690110,1,4.0,308.0
1,keda-poisson-303-9253ff26,000036,33.76309,2026-08-31T19:23:05.492+00:00,2026-08-31T19:23:01.747+00:00,2026-08-31T19:23:01.750+00:00,2026-08-31T19:23:01.750+00:00,2026-08-31T19:23:02.401+00:00,2026-08-31T19:23:02.401+00:00,0.292516,0.6512077999996109,sqs-worker-5986dcd897-x8rdl,ip-192-168-20-201.ec2.internal,ce01ddb3d8b07cc25f0c2299d85e22ab4fc79d7824690727ee2efdb66750f1dd,1,3.0,654.0
1,keda-poisson-303-9253ff26,000037,35.107025,2026-08-31T19:23:06.832+00:00,2026-08-31T19:23:03.080+00:00,2026-08-31T19:23:03.084+00:00,2026-08-31T19:23:03.084+00:00,2026-08-31T19:23:03.111+00:00,2026-08-31T19:23:03.111+00:00,0.027235,0.02727570600109175,sqs-worker-5986dcd897-x8rdl,ip-192-168-20-201.ec2.internal,ad9a177406eaa7cc78795b458fbbd1b4ba8e141f74b99273a82b7cd0d456009f,1,4.0,31.0
1,keda-poisson-303-9253ff26,000038,36.418117,2026-08-31T19:23:08.143+00:00,2026-08-31T19:23:04.389+00:00,2026-08-31T19:23:04.393+00:00,2026-08-31T19:23:04.393+00:00,2026-08-31T19:23:04.594+00:00,2026-08-31T19:23:04.594+00:00,0.091315,0.201162473000295,sqs-worker-5986dcd897-x8rdl,ip-192-168-20-201.ec2.internal,7caf3a8ecc4abe56a58c84c824ca4832fd516eeb2a6d00489771fb98340219de,1,4.0,205.0
1,keda-poisson-303-9253ff26,000039,37.301835,2026-08-31T19:23:09.026+00:00,2026-08-31T19:23:05.297+00:00,2026-08-31T19:23:05.300+00:00,2026-08-31T19:23:05.300+00:00,2026-08-31T19:23:05.413+00:00,2026-08-31T19:23:05.413+00:00,0.06988,0.11223014499955752,sqs-worker-5986dcd897-x8rdl,ip-192-168-20-201.ec2.internal,74e4a7524e88620c87fa3103cc7677a5f1a4eef6c963b46a48f122159350d0ca,1,3.0,116.0
1,keda-poisson-303-9253ff26,000040,38.345766,2026-08-31T19:23:10.071+00:00,2026-08-31T19:23:06.318+00:00,2026-08-31T19:23:06.322+00:00,2026-08-31T19:23:06.322+00:00,2026-08-31T19:23:06.906+00:00,2026-08-31T19:23:06.906+00:00,0.262818,0.5838404099995387,sqs-worker-5986dcd897-x8rdl,ip-192-168-20-201.ec2.internal,3f5b727b357e13ebcd0b22cfe9e2c7abd1e0ce1aec24fcfbc95c559654d5e536,1,4.0,588.0
1,keda-poisson-303-9253ff26,000041,39.079816,2026-08-31T19:23:10.805+00:00,2026-08-31T19:23:07.052+00:00,2026-08-31T19:23:07.056+00:00,2026-08-31T19:23:07.056+00:00,2026-08-31T19:23:08.101+00:00,2026-08-31T19:23:08.101+00:00,0.44633,1.044890717999806,sqs-worker-5986dcd897-x8rdl,ip-192-168-20-201.ec2.internal,cf5b57dd27ef5b5a0feb0137c0ead52dcba742930b9082ce1e8fe3c47d8be788,1,4.0,1049.0
1,keda-poisson-303-9253ff26,000042,39.165159,2026-08-31T19:23:10.889+00:00,2026-08-31T19:23:07.151+00:00,2026-08-31T19:23:08.135+00:00,2026-08-31T19:23:08.135+00:00,2026-08-31T19:23:09.493+00:00,2026-08-31T19:23:09.493+00:00,0.548998,1.3579197230010323,sqs-worker-5986dcd897-x8rdl,ip-192-168-20-201.ec2.internal,9306fc2900b882dd2486cd0f31222cdb5b3cf5023dc39d6872183faa9c66a215,1,984.0,2342.0
1,keda-poisson-303-9253ff26,000043,40.30009,2026-08-31T19:23:12.025+00:00,2026-08-31T19:23:08.279+00:00,2026-08-31T19:23:09.531+00:00,2026-08-31T19:23:09.531+00:00,2026-08-31T19:23:09.681+00:00,2026-08-31T19:23:09.681+00:00,0.062736,0.1496386069993605,sqs-worker-5986dcd897-x8rdl,ip-192-168-20-201.ec2.internal,e8415db0a3810309591e48fc33ec681306b775c0f3603a89f2242635a7a2a6ac,1,1252.0,1402.0
1,keda-poisson-303-9253ff26,000044,40.571663,2026-08-31T19:23:12.296+00:00,2026-08-31T19:23:08.542+00:00,2026-08-31T19:23:09.695+00:00,2026-08-31T19:23:09.695+00:00,2026-08-31T19:23:10.395+00:00,2026-08-31T19:23:10.396+00:00,0.170796,0.7004229120011587,sqs-worker-5986dcd897-x8rdl,ip-192-168-20-201.ec2.internal,13978522f2332b3973b3c390899a76d0e4f2f90f7fae6ea18b34822b4f66fa50,1,1153.0,1853.0
1,keda-poisson-303-9253ff26,000045,41.216606,2026-08-31T19:23:12.941+00:00,2026-08-31T19:23:09.187+00:00,2026-08-31T19:23:10.488+00:00,2026-08-31T19:23:10.488+00:00,2026-08-31T19:23:11.395+00:00,2026-08-31T19:23:11.395+00:00,0.16507,0.9067614680006955,sqs-worker-5986dcd897-x8rdl,ip-192-168-20-201.ec2.internal,0db6e42a75f6bbc3e976dfe8fcdf499479cab609f2bd8d10f8e4b7c5d50d25eb,1,1301.0,2208.0
1,keda-poisson-303-9253ff26,000046,42.651488,2026-08-31T19:23:14.377+00:00,2026-08-31T19:23:10.630+00:00,2026-08-31T19:23:11.475+00:00,2026-08-31T19:23:11.475+00:00,2026-08-31T19:23:13.603+00:00,2026-08-31T19:23:13.603+00:00,0.611442,2.1284553090008558,sqs-worker-5986dcd897-x8rdl,ip-192-168-20-201.ec2.internal,07ef802b7db9daf65c90da1a2635989dce492755f77dc2c14ac345382f3cbe27,1,845.0,2973.0
1,keda-poisson-303-9253ff26,000048,43.273435,2026-08-31T19:23:14.998+00:00,2026-08-31T19:23:11.251+00:00,2026-08-31T19:23:13.620+00:00,2026-08-31T19:23:13.620+00:00,2026-08-31T19:23:13.704+00:00,2026-08-31T19:23:13.704+00:00,0.036961,0.0840024409990292,sqs-worker-5986dcd897-x8rdl,ip-192-168-20-201.ec2.internal,1fc8a89a4ef5686d256cac8a6907b5af147c64219e41eb7f425d2705359fadf9,1,2369.0,2453.0
1,keda-poisson-303-9253ff26,000050,45.080452,2026-08-31T19:23:16.806+00:00,2026-08-31T19:23:13.057+00:00,2026-08-31T19:23:13.719+00:00,2026-08-31T19:23:13.719+00:00,2026-08-31T19:23:14.002+00:00,2026-08-31T19:23:14.002+00:00,0.114104,0.28343033700002707,sqs-worker-5986dcd897-x8rdl,ip-192-168-20-201.ec2.internal,5680ac588fd68fd2152a29f8ed29d537f1e6f8e4342289f1f33b27f929136092,1,662.0,945.0
1,keda-poisson-303-9253ff26,000049,43.777131,2026-08-31T19:23:15.502+00:00,2026-08-31T19:23:11.748+00:00,2026-08-31T19:23:14.019+00:00,2026-08-31T19:23:14.019+00:00,2026-08-31T19:23:14.685+00:00,2026-08-31T19:23:14.685+00:00,0.258787,0.6660994509984448,sqs-worker-5986dcd897-x8rdl,ip-192-168-20-201.ec2.internal,ef84836a01c74155829385c230a68306df638d6e16c514939f1370053eb2f883,1,2271.0,2937.0
1,keda-poisson-303-9253ff26,000051,46.229125,2026-08-31T19:23:17.954+00:00,2026-08-31T19:23:14.202+00:00,2026-08-31T19:23:14.732+00:00,2026-08-31T19:23:14.732+00:00,2026-08-31T19:23:14.737+00:00,2026-08-31T19:23:14.737+00:00,0.005,0.0050406539994583,sqs-worker-5986dcd897-x8rdl,ip-192-168-20-201.ec2.internal,1fa812213d685f593809f6481792120432b781616256049b1b95eacc9e92be74,1,530.0,535.0
1,keda-poisson-303-9253ff26,000047,43.076384,2026-08-31T19:23:14.801+00:00,2026-08-31T19:23:11.052+00:00,2026-08-31T19:23:14.767+00:00,2026-08-31T19:23:14.767+00:00,2026-08-31T19:23:16.098+00:00,2026-08-31T19:23:16.098+00:00,0.553972,1.33072348099995,sqs-worker-5986dcd897-x8rdl,ip-192-168-20-201.ec2.internal,6b72f8759c891e2f7e5068ef719cfc618dd4f8bd194a915efdd3296daffd256e,1,3715.0,5046.0
1,keda-poisson-303-9253ff26,000052,49.411468,2026-08-31T19:23:21.139+00:00,2026-08-31T19:23:17.384+00:00,2026-08-31T19:23:17.388+00:00,2026-08-31T19:23:17.388+00:00,2026-08-31T19:23:17.503+00:00,2026-08-31T19:23:17.503+00:00,0.060372,0.11555084899919166,sqs-worker-5986dcd897-x8rdl,ip-192-168-20-201.ec2.internal,a9733013c2058a68e166ccc514801a0573f6c5806ad91b88abb12a3b387a7169,1,4.0,119.0
1,keda-poisson-303-9253ff26,000053,50.901479,2026-08-31T19:23:22.627+00:00,2026-08-31T19:23:18.873+00:00,2026-08-31T19:23:18.877+00:00,2026-08-31T19:23:18.877+00:00,2026-08-31T19:23:19.616+00:00,2026-08-31T19:23:19.616+00:00,0.312588,0.7388797929997963,sqs-worker-5986dcd897-x8rdl,ip-192-168-20-201.ec2.internal,c169f983810b13a8484f76821e995825d37df00767825b0a6168c74f003000d0,1,4.0,743.0
1,keda-poisson-303-9253ff26,000054,51.922762,2026-08-31T19:23:23.648+00:00,2026-08-31T19:23:19.892+00:00,2026-08-31T19:23:19.896+00:00,2026-08-31T19:23:19.896+00:00,2026-08-31T19:23:21.196+00:00,2026-08-31T19:23:21.196+00:00,0.241412,1.300456815999496,sqs-worker-5986dcd897-x8rdl,ip-192-168-20-201.ec2.internal,b55f3c058cf941e5b0c900e6d02c069a3d5e47a40109b4fa013a1d83ed0a82d0,1,4.0,1304.0
1,keda-poisson-303-9253ff26,000055,52.337324,2026-08-31T19:23:24.062+00:00,2026-08-31T19:23:20.308+00:00,2026-08-31T19:23:21.292+00:00,2026-08-31T19:23:21.292+00:00,2026-08-31T19:23:21.598+00:00,2026-08-31T19:23:21.598+00:00,0.065462,0.3058872599995084,sqs-worker-5986dcd897-x8rdl,ip-192-168-20-201.ec2.internal,08729325c2ce0afd40378e8ef70b9f43f1aaf3721ac36a0e047eb8fcdfb027a4,1,984.0,1290.0
1,keda-poisson-303-9253ff26,000056,52.463407,2026-08-31T19:23:24.187+00:00,2026-08-31T19:23:20.437+00:00,2026-08-31T19:23:21.690+00:00,2026-08-31T19:23:21.690+00:00,2026-08-31T19:23:22.701+00:00,2026-08-31T19:23:22.701+00:00,0.321596,1.0110840460001782,sqs-worker-5986dcd897-x8rdl,ip-192-168-20-201.ec2.internal,f2ac879b1f240120f4dc393115669da2d4507b1132fac06c3a5e3c2d85f2f684,1,1253.0,2264.0
1,keda-poisson-303-9253ff26,000058,54.175342,2026-08-31T19:23:25.898+00:00,2026-08-31T19:23:22.144+00:00,2026-08-31T19:23:22.774+00:00,2026-08-31T19:23:22.774+00:00,2026-08-31T19:23:23.194+00:00,2026-08-31T19:23:23.194+00:00,0.180636,0.42029845000070054,sqs-worker-5986dcd897-x8rdl,ip-192-168-20-201.ec2.internal,27cdc528eebd92929866c3b057a467185a9d683f78c86282bb803435eac41c2b,1,630.0,1050.0
1,keda-poisson-303-9253ff26,000057,54.150831,2026-08-31T19:23:25.875+00:00,2026-08-31T19:23:22.128+00:00,2026-08-31T19:23:23.214+00:00,2026-08-31T19:23:23.214+00:00,2026-08-31T19:23:24.704+00:00,2026-08-31T19:23:24.704+00:00,0.605986,1.4907518709987926,sqs-worker-5986dcd897-x8rdl,ip-192-168-20-201.ec2.internal,00b0403fdc4bbd87db972729d26e452d344780b9957dff9b5cb1f595eb7b0eb9,1,1086.0,2576.0
1,keda-poisson-303-9253ff26,000060,56.649113,2026-08-31T19:23:28.372+00:00,2026-08-31T19:23:24.621+00:00,2026-08-31T19:23:24.721+00:00,2026-08-31T19:23:24.721+00:00,2026-08-31T19:23:25.585+00:00,2026-08-31T19:23:25.585+00:00,0.337552,0.864260315998763,sqs-worker-5986dcd897-x8rdl,ip-192-168-20-201.ec2.internal,f08d6e684a21f32766e95bb009d65f95c04f145ecd992a33fde919fbfe458e2b,1,100.0,964.0
1,keda-poisson-303-9253ff26,000061,56.817385,2026-08-31T19:23:28.540+00:00,2026-08-31T19:23:24.826+00:00,2026-08-31T19:23:25.612+00:00,2026-08-31T19:23:25.612+00:00,2026-08-31T19:23:26.206+00:00,2026-08-31T19:23:26.206+00:00,0.256216,0.5937581670004874,sqs-worker-5986dcd897-x8rdl,ip-192-168-20-201.ec2.internal,f39db536d212847e3a0c44b6c45978bbec392562e50785264be79ad250e55b1b,1,786.0,1380.0
1,keda-poisson-303-9253ff26,000062,56.930844,2026-08-31T19:23:28.653+00:00,2026-08-31T19:23:24.900+00:00,2026-08-31T19:23:26.225+00:00,2026-08-31T19:23:26.225+00:00,2026-08-31T19:23:26.610+00:00,2026-08-31T19:23:26.610+00:00,0.159636,0.38477062299898535,sqs-worker-5986dcd897-x8rdl,ip-192-168-20-201.ec2.internal,3a274a9dfc808f790ae39c644cdee74459c2d921452ab2ebcc8f32d7965cd202,1,1325.0,1710.0
1,keda-poisson-303-9253ff26,000063,57.719657,2026-08-31T19:23:29.443+00:00,2026-08-31T19:23:25.689+00:00,2026-08-31T19:23:26.626+00:00,2026-08-31T19:23:26.626+00:00,2026-08-31T19:23:26.812+00:00,2026-08-31T19:23:26.812+00:00,0.077895,0.18573806099993817,sqs-worker-5986dcd897-x8rdl,ip-192-168-20-201.ec2.internal,8b77c576edefe30d8269b227adc241371566ffce70f8e03b5910b5e3413b76f3,1,937.0,1123.0
1,keda-poisson-303-9253ff26,000065,58.119027,2026-08-31T19:23:29.841+00:00,2026-08-31T19:23:26.092+00:00,2026-08-31T19:23:26.890+00:00,2026-08-31T19:23:26.890+00:00,2026-08-31T19:23:26.914+00:00,2026-08-31T19:23:26.914+00:00,0.023976,0.024029886999414884,sqs-worker-5986dcd897-x8rdl,ip-192-168-20-201.ec2.internal,53a16ca3def96f19485a5e6b7dd7c919e17d266c595eaff46b20c18c1f36688d,1,798.0,822.0
1,keda-poisson-303-9253ff26,000064,57.766555,2026-08-31T19:23:29.489+00:00,2026-08-31T19:23:25.736+00:00,2026-08-31T19:23:26.929+00:00,2026-08-31T19:23:26.929+00:00,2026-08-31T19:23:28.392+00:00,2026-08-31T19:23:28.392+00:00,0.587327,1.46270702000038,sqs-worker-5986dcd897-x8rdl,ip-192-168-20-201.ec2.internal,f7e5f2e041f98f0ac50e558245e983ee8d8b0f725c9b8bb5d1801d8d181fd45f,1,1193.0,2656.0
1,keda-poisson-303-9253ff26,000059,56.011862,2026-08-31T19:23:27.736+00:00,2026-08-31T19:23:23.982+00:00,2026-08-31T19:23:28.412+00:00,2026-08-31T19:23:28.412+00:00,2026-08-31T19:23:28.693+00:00,2026-08-31T19:23:28.693+00:00,0.116622,0.2806965420004417,sqs-worker-5986dcd897-x8rdl,ip-192-168-20-201.ec2.internal,bff52c27aa13468209d700cec3ac47dcafa5635848a14ae9e7bad8ea2d7c3a13,1,4430.0,4711.0
1,keda-poisson-303-9253ff26,000070,59.139083,2026-08-31T19:23:30.861+00:00,2026-08-31T19:23:27.108+00:00,2026-08-31T19:23:28.711+00:00,2026-08-31T19:23:28.711+00:00,2026-08-31T19:23:28.778+00:00,2026-08-31T19:23:28.778+00:00,0.02156,0.06724621600005776,sqs-worker-5986dcd897-x8rdl,ip-192-168-20-201.ec2.internal,a785ac01274cdb482edb08902521a6dcb8a76f09e18794ce09f8e7f106f6397c,1,1603.0,1670.0
1,keda-poisson-303-9253ff26,000071,60.340146,2026-08-31T19:23:32.064+00:00,2026-08-31T19:23:28.311+00:00,2026-08-31T19:23:29.103+00:00,2026-08-31T19:23:29.103+00:00,2026-08-31T19:23:29.287+00:00,2026-08-31T19:23:29.287+00:00,0.076859,0.183612255999833,sqs-worker-5986dcd897-x8rdl,ip-192-168-20-201.ec2.internal,02a37946caa9143fd499dc99c6407445f213d1f13a6b3b3e4cef33dcccf71ef6,1,792.0,976.0
1,keda-poisson-303-9253ff26,000069,59.12202,2026-08-31T19:23:30.845+00:00,2026-08-31T19:23:27.092+00:00,2026-08-31T19:23:28.794+00:00,2026-08-31T19:23:28.794+00:00,2026-08-31T19:23:29.085+00:00,2026-08-31T19:23:29.085+00:00,0.123104,0.29143548700085375,sqs-worker-5986dcd897-x8rdl,ip-192-168-20-201.ec2.internal,ed6505ba878bcaf9558d1951b58cc97d45dec89a084b70d61d12884e9fd2a54e,1,1702.0,1993.0
1,keda-poisson-303-9253ff26,000066,58.189536,2026-08-31T19:23:29.912+00:00,2026-08-31T19:23:26.158+00:00,2026-08-31T19:23:29.303+00:00,2026-08-31T19:23:29.303+00:00,2026-08-31T19:23:29.682+00:00,2026-08-31T19:23:29.682+00:00,0.151544,0.37954496199927235,sqs-worker-5986dcd897-x8rdl,ip-192-168-20-201.ec2.internal,ed43b7c15643e125f489bf87291d9a29e7d6ca57f8a2d403fce2ea3a383c7d64,1,3145.0,3524.0
1,keda-poisson-303-9253ff26,000073,61.148708,2026-08-31T19:23:32.871+00:00,2026-08-31T19:23:29.118+00:00,2026-08-31T19:23:29.712+00:00,2026-08-31T19:23:29.712+00:00,2026-08-31T19:23:30.274+00:00,2026-08-31T19:23:30.274+00:00,0.089557,0.5619432560015412,sqs-worker-5986dcd897-x8rdl,ip-192-168-20-201.ec2.internal,a11e6af1e9a123dc2ec9b2037b749492e66d00a0cd9c35fcb668be2d6cf47019,1,594.0,1156.0
1,keda-poisson-303-9253ff26,000067,58.280081,2026-08-31T19:23:30.002+00:00,2026-08-31T19:23:26.250+00:00,2026-08-31T19:23:30.299+00:00,2026-08-31T19:23:30.299+00:00,2026-08-31T19:23:31.997+00:00,2026-08-31T19:23:31.997+00:00,0.319428,1.6980447139994794,sqs-worker-5986dcd897-x8rdl,ip-192-168-20-201.ec2.internal,30d44896be53020fb3a339427667b441cc82b7317afd2b192ef99caff1d06e13,1,4049.0000000000005,5747.0
1,keda-poisson-303-9253ff26,000068,58.461077,2026-08-31T19:23:30.183+00:00,2026-08-31T19:23:26.432+00:00,2026-08-31T19:23:32.088+00:00,2026-08-31T19:23:32.088+00:00,2026-08-31T19:23:33.902+00:00,2026-08-31T19:23:33.902+00:00,0.655515,1.8138748349992966,sqs-worker-5986dcd897-x8rdl,ip-192-168-20-201.ec2.internal,96862a5f3b77e96c411a7acb6dde8704f78a19f785b04652f2d9fca29f9b8e3d,1,5656.0,7470.0
1,keda-poisson-303-9253ff26,000075,61.97282,2026-08-31T19:23:33.695+00:00,2026-08-31T19:23:29.943+00:00,2026-08-31T19:23:33.924+00:00,2026-08-31T19:23:33.924+00:00,2026-08-31T19:23:33.989+00:00,2026-08-31T19:23:33.989+00:00,0.022612,0.06535803899896564,sqs-worker-5986dcd897-x8rdl,ip-192-168-20-201.ec2.internal,49e4eaa2761c25edb259522f7d062bd81ead083d9f8aabe7565d9f6ad91298cb,1,3981.0,4046.0000000000005
1,keda-poisson-303-9253ff26,000074,61.932117,2026-08-31T19:23:33.655+00:00,2026-08-31T19:23:29.902+00:00,2026-08-31T19:23:34.010+00:00,2026-08-31T19:23:34.010+00:00,2026-08-31T19:23:35.791+00:00,2026-08-31T19:23:35.791+00:00,0.717871,1.7810300859982817,sqs-worker-5986dcd897-x8rdl,ip-192-168-20-201.ec2.internal,f60be6bebd79cd26d65ad8b404993886fbdb9a92ccb6492cbb45414ea7208e1c,1,4108.0,5889.0
1,keda-poisson-303-9253ff26,000072,60.961919,2026-08-31T19:23:32.685+00:00,2026-08-31T19:23:28.930+00:00,2026-08-31T19:23:35.806+00:00,2026-08-31T19:23:35.806+00:00,2026-08-31T19:23:36.384+00:00,2026-08-31T19:23:36.384+00:00,0.229263,0.5782684559999325,sqs-worker-5986dcd897-x8rdl,ip-192-168-20-201.ec2.internal,6f39b11402b8db09bc8c3472b382195ade0d939fe2b69ed974ce9e80c8796f01,1,6876.0,7454.0
1,keda-poisson-303-9253ff26,000088,68.189544,2026-08-31T19:23:39.912+00:00,2026-08-31T19:23:36.161+00:00,2026-08-31T19:23:36.400+00:00,2026-08-31T19:23:36.400+00:00,2026-08-31T19:23:36.487+00:00,2026-08-31T19:23:36.487+00:00,0.038458,0.08727485700001125,sqs-worker-5986dcd897-x8rdl,ip-192-168-20-201.ec2.internal,c593f3f6818d545fa39ae8f24cf8ac414a265267142c4288e68c3e4bc0c38c1b,1,239.0,326.0
1,keda-poisson-303-9253ff26,000078,63.797152,2026-08-31T19:23:35.521+00:00,2026-08-31T19:23:31.768+00:00,2026-08-31T19:23:36.507+00:00,2026-08-31T19:23:36.507+00:00,2026-08-31T19:23:36.524+00:00,2026-08-31T19:23:36.524+00:00,0.016357,0.01638982400072564,sqs-worker-5986dcd897-x8rdl,ip-192-168-20-201.ec2.internal,b3ce535293e41a818b691e3b73754eeb62086708301472ae0cc5121e5a763ee9,1,4739.0,4756.0
1,keda-poisson-303-9253ff26,000077,62.593568,2026-08-31T19:23:34.316+00:00,2026-08-31T19:23:30.564+00:00,2026-08-31T19:23:36.544+00:00,2026-08-31T19:23:36.544+00:00,2026-08-31T19:23:37.882+00:00,2026-08-31T19:23:37.882+00:00,0.53124,1.3378968390006776,sqs-worker-5986dcd897-x8rdl,ip-192-168-20-201.ec2.internal,1bba85385118e0487d51f6febb570f7d0b82773c0598b555190f0640d0a9dab7,1,5980.0,7318.0
1,keda-poisson-303-9253ff26,000076,62.155449,2026-08-31T19:23:33.878+00:00,2026-08-31T19:23:30.126+00:00,2026-08-31T19:23:37.900+00:00,2026-08-31T19:23:37.900+00:00,2026-08-31T19:23:38.078+00:00,2026-08-31T19:23:38.078+00:00,0.071814,0.1786103260001255,sqs-worker-5986dcd897-x8rdl,ip-192-168-20-201.ec2.internal,12a696e0529eaf6fa046241ad76339961324ceec7c7cf51abb4ec42e1255ebf7,1,7774.0,7952.0
1,keda-poisson-303-9253ff26,000090,68.799609,2026-08-31T19:23:40.522+00:00,2026-08-31T19:23:36.775+00:00,2026-08-31T19:23:38.128+00:00,2026-08-31T19:23:38.128+00:00,2026-08-31T19:23:38.808+00:00,2026-08-31T19:23:38.808+00:00,0.298521,0.6798291980012436,sqs-worker-5986dcd897-x8rdl,ip-192-168-20-201.ec2.internal,69513c8f8b722e4a755c7ecb0b29e34697603f109c437c0c9a99cbaab2d9f3d3,1,1353.0,2033.0
1,keda-poisson-303-9253ff26,000080,64.52539,2026-08-31T19:23:36.248+00:00,2026-08-31T19:23:32.494+00:00,2026-08-31T19:23:38.825+00:00,2026-08-31T19:23:38.825+00:00,2026-08-31T19:23:39.794+00:00,2026-08-31T19:23:39.794+00:00,0.357298,0.9694901980001305,sqs-worker-5986dcd897-x8rdl,ip-192-168-20-201.ec2.internal,6d03467b4ea3d1c78c8bc8aeb8d23ce748ab4b1d2b93b94968fb9564a6e0d3d1,1,6331.0,7300.0
1,keda-poisson-303-9253ff26,000079,64.500036,2026-08-31T19:23:36.223+00:00,2026-08-31T19:23:32.470+00:00,2026-08-31T19:23:39.884+00:00,2026-08-31T19:23:39.884+00:00,2026-08-31T19:23:39.997+00:00,2026-08-31T19:23:39.997+00:00,0.032924,0.11325368200050434,sqs-worker-5986dcd897-x8rdl,ip-192-168-20-201.ec2.internal,5271729558c6f3845499cb0cf1f5709ab60934bc459091dc4473e3939fa3a8e8,1,7414.0,7527.0
1,keda-poisson-303-9253ff26,000086,67.666668,2026-08-31T19:23:39.389+00:00,2026-08-31T19:23:35.641+00:00,2026-08-31T19:23:40.090+00:00,2026-08-31T19:23:40.090+00:00,2026-08-31T19:23:40.104+00:00,2026-08-31T19:23:40.104+00:00,0.014036,0.014106356000411324,sqs-worker-5986dcd897-x8rdl,ip-192-168-20-201.ec2.internal,ffa7c464ce260a4b496f1c7eb0acd7e798a618c4abba3e25de47a8f7d8437be1,1,4449.0,4463.0
1,keda-poisson-303-9253ff26,000082,66.623787,2026-08-31T19:23:38.346+00:00,2026-08-31T19:23:34.594+00:00,2026-08-31T19:23:40.192+00:00,2026-08-31T19:23:40.192+00:00,2026-08-31T19:23:40.797+00:00,2026-08-31T19:23:40.797+00:00,0.122445,0.6056416440005705,sqs-worker-5986dcd897-x8rdl,ip-192-168-20-201.ec2.internal,910430f46c37c7c096e873c60bde3c2105821cb07161301ef1d826679ddbdc24,1,5598.0,6203.0
1,keda-poisson-303-9253ff26,000096,71.16809,2026-08-31T19:23:42.890+00:00,2026-08-31T19:23:39.141+00:00,2026-08-31T19:23:40.892+00:00,2026-08-31T19:23:40.892+00:00,2026-08-31T19:23:41.491+00:00,2026-08-31T19:23:41.491+00:00,0.125529,0.5989560600010009,sqs-worker-5986dcd897-x8rdl,ip-192-168-20-201.ec2.internal,c56f35c07bc19a386fc9733e9ef92438c96c626a729b6e85f0ae467081f5c5bf,1,1751.0,2350.0
1,keda-poisson-303-9253ff26,000081,66.519269,2026-08-31T19:23:38.243+00:00,2026-08-31T19:23:34.494+00:00,2026-08-31T19:23:41.575+00:00,2026-08-31T19:23:41.575+00:00,2026-08-31T19:23:41.587+00:00,2026-08-31T19:23:41.587+00:00,0.005,0.012225716000102693,sqs-worker-5986dcd897-x8rdl,ip-192-168-20-201.ec2.internal,1761a88cdc241cefebea37c3aef0843c320d854de0c7515774c7f4b46aedf1ce,1,7081.0,7093.0
1,keda-poisson-303-9253ff26,000087,67.815219,2026-08-31T19:23:39.537+00:00,2026-08-31T19:23:35.782+00:00,2026-08-31T19:23:41.607+00:00,2026-08-31T19:23:41.607+00:00,2026-08-31T19:23:42.290+00:00,2026-08-31T19:23:42.290+00:00,0.115419,0.6834858160000294,sqs-worker-5986dcd897-x8rdl,ip-192-168-20-201.ec2.internal,dc64b1dfbba17a53f003affd4a0b248b5d9c0cbf004723836db76ae9255f8b7a,1,5825.0,6508.0
1,keda-poisson-303-9253ff26,000089,68.458186,2026-08-31T19:23:40.181+00:00,2026-08-31T19:23:36.426+00:00,2026-08-31T19:23:42.375+00:00,2026-08-31T19:23:42.375+00:00,2026-08-31T19:23:43.191+00:00,2026-08-31T19:23:43.191+00:00,0.294252,0.8163042919986765,sqs-worker-5986dcd897-x8rdl,ip-192-168-20-201.ec2.internal,31ce36b165c88af58b48111cee84f216d9112affb28b3544cd370077a3664888,1,5949.0,6765.0
1,keda-poisson-303-9253ff26,000093,70.137021,2026-08-31T19:23:41.860+00:00,2026-08-31T19:23:38.110+00:00,2026-08-31T19:23:43.323+00:00,2026-08-31T19:23:43.323+00:00,2026-08-31T19:23:43.384+00:00,2026-08-31T19:23:43.384+00:00,0.011814,0.06030436399851169,sqs-worker-5986dcd897-x8rdl,ip-192-168-20-201.ec2.internal,a52fcd353938f58cd8d35cd3c6f880492d7629db9a7d89a135e70fbcb08ee05a,1,5213.0,5274.0
1,keda-poisson-303-9253ff26,000098,71.535255,2026-08-31T19:23:43.257+00:00,2026-08-31T19:23:40.014+00:00,2026-08-31T19:23:43.207+00:00,2026-08-31T19:23:43.207+00:00,2026-08-31T19:23:43.308+00:00,2026-08-31T19:23:43.308+00:00,0.051727,0.10136112100008177,sqs-worker-5986dcd897-x8rdl,ip-192-168-20-201.ec2.internal,17780e94b71e4ff3cc8c31e9ee26ac277873839ced645c17155b2ca33cb6573a,1,3193.0,3294.0
1,keda-poisson-303-9253ff26,000097,71.48461,2026-08-31T19:23:43.207+00:00,2026-08-31T19:23:39.454+00:00,2026-08-31T19:23:43.398+00:00,2026-08-31T19:23:43.398+00:00,2026-08-31T19:23:43.586+00:00,2026-08-31T19:23:43.586+00:00,0.078968,0.18752492899875506,sqs-worker-5986dcd897-x8rdl,ip-192-168-20-201.ec2.internal,8d3a02d04a0a39b4aa06a3023d9414561628a49a51124982ec205a2b0d2f20f2,1,3944.0,4132.0
1,keda-poisson-303-9253ff26,000084,67.290263,2026-08-31T19:23:39.013+00:00,2026-08-31T19:23:35.258+00:00,2026-08-31T19:23:43.928+00:00,2026-08-31T19:23:43.928+00:00,2026-08-31T19:23:44.415+00:00,2026-08-31T19:23:44.415+00:00,0.195261,0.48668898200048716,sqs-worker-5986dcd897-x8rdl,ip-192-168-20-201.ec2.internal,19e9bbd73e7692642ccb9a5b713217ea10345fa808e91284cc515ed9894e7bea,1,8670.0,9157.0
1,keda-poisson-303-9253ff26,000102,72.703639,2026-08-31T19:23:44.426+00:00,2026-08-31T19:23:40.672+00:00,2026-08-31T19:23:43.607+00:00,2026-08-31T19:23:43.608+00:00,2026-08-31T19:23:43.913+00:00,2026-08-31T19:23:43.913+00:00,0.14556,0.3053814089998923,sqs-worker-5986dcd897-x8rdl,ip-192-168-20-201.ec2.internal,5638faafe0f25372b7758255b45b6421dde32082bf31de30657681b07c11b0bc,1,2935.0,3241.0
1,keda-poisson-303-9253ff26,000091,69.059302,2026-08-31T19:23:40.782+00:00,2026-08-31T19:23:37.026+00:00,2026-08-31T19:23:44.434+00:00,2026-08-31T19:23:44.434+00:00,2026-08-31T19:23:44.875+00:00,2026-08-31T19:23:44.875+00:00,0.163034,0.4413581509998039,sqs-worker-5986dcd897-x8rdl,ip-192-168-20-201.ec2.internal,dd2bb3580f046fb874e043938f0c93eda4b92146887eb70a1e072a46430366d5,1,7408.0,7849.0
1,keda-poisson-303-9253ff26,000085,67.335886,2026-08-31T19:23:39.058+00:00,2026-08-31T19:23:35.307+00:00,2026-08-31T19:23:45.009+00:00,2026-08-31T19:23:45.009+00:00,2026-08-31T19:23:45.077+00:00,2026-08-31T19:23:45.077+00:00,0.025683,0.06783189700036019,sqs-worker-5986dcd897-x8rdl,ip-192-168-20-201.ec2.internal,961ecfe713ddc028397374b1ff86f1da28771dc56132d44ba39a3acb7d17b289,1,9702.0,9770.0
1,keda-poisson-303-9253ff26,000101,72.465022,2026-08-31T19:23:44.187+00:00,2026-08-31T19:23:40.436+00:00,2026-08-31T19:23:45.094+00:00,2026-08-31T19:23:45.094+00:00,2026-08-31T19:23:45.500+00:00,2026-08-31T19:23:45.500+00:00,0.169925,0.40616904700073064,sqs-worker-5986dcd897-x8rdl,ip-192-168-20-201.ec2.internal,2d1e1125dd963c297f30f65988321e25c435750924badea28bbdb78b3c80a049,1,4658.0,5064.0
1,keda-poisson-303-9253ff26,000095,70.948148,2026-08-31T19:23:42.670+00:00,2026-08-31T19:23:38.916+00:00,2026-08-31T19:23:44.902+00:00,2026-08-31T19:23:44.902+00:00,2026-08-31T19:23:44.993+00:00,2026-08-31T19:23:44.993+00:00,0.044977,0.09081042500110925,sqs-worker-5986dcd897-x8rdl,ip-192-168-20-201.ec2.internal,9f2d8ac0a16a0dc33a2606e565bc5b7a080c3ab1778c9e105ced5df60f58df48,1,5986.0,6077.0
1,keda-poisson-303-9253ff26,000083,66.751285,2026-08-31T19:23:38.474+00:00,2026-08-31T19:23:34.720+00:00,2026-08-31T19:23:44.367+00:00,2026-08-31T19:23:44.367+00:00,2026-08-31T19:23:45.088+00:00,2026-08-31T19:23:45.088+00:00,0.302405,0.7210686369999166,sqs-worker-5986dcd897-fw7sq,ip-192-168-20-201.ec2.internal,0a4bce13ddcdfb1d9f4e4423b5d275fae71525e7f4a1c96dbf7467e34b2d6c7b,1,9647.0,10368.0
1,keda-poisson-303-9253ff26,000103,73.21162,2026-08-31T19:23:44.934+00:00,2026-08-31T19:23:41.178+00:00,2026-08-31T19:23:45.113+00:00,2026-08-31T19:23:45.113+00:00,2026-08-31T19:23:45.797+00:00,2026-08-31T19:23:45.797+00:00,0.282033,0.6834854749995429,sqs-worker-5986dcd897-fw7sq,ip-192-168-20-201.ec2.internal,7581dde959872343de1c96ea37f94cf9351281632ce1aa30607db40542ac8689,1,3935.0,4619.0
1,keda-poisson-303-9253ff26,000110,77.441184,2026-08-31T19:23:49.164+00:00,2026-08-31T19:23:45.410+00:00,2026-08-31T19:23:46.711+00:00,2026-08-31T19:23:46.711+00:00,2026-08-31T19:23:46.716+00:00,2026-08-31T19:23:46.716+00:00,0.005,0.0050298240003030514,sqs-worker-5986dcd897-x8rdl,ip-192-168-20-201.ec2.internal,7cf1553613498920ce6601c32e8f7693f7408c86ad285048edcb3cceaad25557,1,1301.0,1306.0
1,keda-poisson-303-9253ff26,000107,75.506857,2026-08-31T19:23:47.230+00:00,2026-08-31T19:23:43.482+00:00,2026-08-31T19:23:46.022+00:00,2026-08-31T19:23:46.022+00:00,2026-08-31T19:23:46.689+00:00,2026-08-31T19:23:46.689+00:00,0.279277,0.6668993289986247,sqs-worker-5986dcd897-x8rdl,ip-192-168-20-201.ec2.internal,464b3f01d192c30be87b7d30bdc77dab86bf991c0f894bd483cdbd20c47a22bb,1,2540.0,3207.0
1,keda-poisson-303-9253ff26,000099,71.917977,2026-08-31T19:23:43.640+00:00,2026-08-31T19:23:39.886+00:00,2026-08-31T19:23:45.516+00:00,2026-08-31T19:23:45.516+00:00,2026-08-31T19:23:45.988+00:00,2026-08-31T19:23:45.988+00:00,0.186552,0.47265057699951285,sqs-worker-5986dcd897-x8rdl,ip-192-168-20-201.ec2.internal,479fbf3156f5bf4db07bdde860b08bacc64a98b4808865fa08397c93b0d86278,1,5630.0,6102.0
1,keda-poisson-303-9253ff26,000111,77.637703,2026-08-31T19:23:49.360+00:00,2026-08-31T19:23:45.610+00:00,2026-08-31T19:23:46.730+00:00,2026-08-31T19:23:46.730+00:00,2026-08-31T19:23:47.620+00:00,2026-08-31T19:23:47.620+00:00,0.367594,0.8894663969986141,sqs-worker-5986dcd897-x8rdl,ip-192-168-20-201.ec2.internal,1da3db7792d0433d339dd8974f9e76c4abcfe1a4cb67c6a022dee552203b43cc,1,1120.0,2009.9999999999998
1,keda-poisson-303-9253ff26,000100,72.356439,2026-08-31T19:23:44.079+00:00,2026-08-31T19:23:40.332+00:00,2026-08-31T19:23:47.635+00:00,2026-08-31T19:23:47.635+00:00,2026-08-31T19:23:47.898+00:00,2026-08-31T19:23:47.898+00:00,0.095981,0.26316887700158986,sqs-worker-5986dcd897-x8rdl,ip-192-168-20-201.ec2.internal,437593abf7160cb5ff6e454959c4d366db1d93f1be2cac08287ede0bdd96f140,1,7303.0,7566.0
1,keda-poisson-303-9253ff26,000094,70.4778,2026-08-31T19:23:42.200+00:00,2026-08-31T19:23:38.444+00:00,2026-08-31T19:23:47.917+00:00,2026-08-31T19:23:47.917+00:00,2026-08-31T19:23:48.112+00:00,2026-08-31T19:23:48.112+00:00,0.088576,0.19513949199972558,sqs-worker-5986dcd897-x8rdl,ip-192-168-20-201.ec2.internal,eab8d318837ce613870bad350bd9e29101f6bbdcf266b99c354bd29f933176d6,1,9473.0,9668.0
1,keda-poisson-303-9253ff26,000106,74.435534,2026-08-31T19:23:46.158+00:00,2026-08-31T19:23:42.404+00:00,2026-08-31T19:23:48.134+00:00,2026-08-31T19:23:48.134+00:00,2026-08-31T19:23:48.389+00:00,2026-08-31T19:23:48.389+00:00,0.092384,0.2547295770000346,sqs-worker-5986dcd897-x8rdl,ip-192-168-20-201.ec2.internal,9ed5034067662a61b10991c4587841957426841de6585ab87dcc514d66e2654d,1,5730.0,5985.0
1,keda-poisson-303-9253ff26,000092,69.467821,2026-08-31T19:23:41.190+00:00,2026-08-31T19:23:37.440+00:00,2026-08-31T19:23:45.845+00:00,2026-08-31T19:23:45.845+00:00,2026-08-31T19:23:48.675+00:00,2026-08-31T19:23:48.676+00:00,0.522429,2.8310041570002795,sqs-worker-5986dcd897-fw7sq,ip-192-168-20-201.ec2.internal,34fb399f7f4eca41902c59c90a02d138456dfe9894903c87bc302a71137dbdd4,1,8405.0,11235.0
1,keda-poisson-303-9253ff26,000112,77.893537,2026-08-31T19:23:49.616+00:00,2026-08-31T19:23:45.860+00:00,2026-08-31T19:23:48.406+00:00,2026-08-31T19:23:48.406+00:00,2026-08-31T19:23:49.203+00:00,2026-08-31T19:23:49.203+00:00,0.331099,0.796920188000513,sqs-worker-5986dcd897-x8rdl,ip-192-168-20-201.ec2.internal,2339dc300a29508b4036fb9b2319307614e3b1e7ee7b832e4b1434dd67e8cd7c,1,2546.0,3343.0
1,keda-poisson-303-9253ff26,000113,79.726426,2026-08-31T19:23:51.449+00:00,2026-08-31T19:23:47.692+00:00,2026-08-31T19:23:48.772+00:00,2026-08-31T19:23:48.772+00:00,2026-08-31T19:23:49.601+00:00,2026-08-31T19:23:49.602+00:00,0.341944,0.8299877400004334,sqs-worker-5986dcd897-fw7sq,ip-192-168-20-201.ec2.internal,31d25c89ec8c85fae83b62996a2c0f2bc42fceaa337dc9326b5e7e41a7581d71,1,1080.0,1909.0
1,keda-poisson-303-9253ff26,000114,80.466194,2026-08-31T19:23:52.189+00:00,2026-08-31T19:23:48.435+00:00,2026-08-31T19:23:49.250+00:00,2026-08-31T19:23:49.250+00:00,2026-08-31T19:23:50.187+00:00,2026-08-31T19:23:50.187+00:00,0.269142,0.9376698739997664,sqs-worker-5986dcd897-x8rdl,ip-192-168-20-201.ec2.internal,3b61d5e9e1d5072ebeeb4efb4048d20181a256dccbe04fce0ab2a1077415283a,1,815.0,1752.0
1,keda-poisson-303-9253ff26,000104,73.627579,2026-08-31T19:23:45.350+00:00,2026-08-31T19:23:41.643+00:00,2026-08-31T19:23:49.648+00:00,2026-08-31T19:23:49.648+00:00,2026-08-31T19:23:51.002+00:00,2026-08-31T19:23:51.002+00:00,0.548485,1.354770110001482,sqs-worker-5986dcd897-fw7sq,ip-192-168-20-201.ec2.internal,ba2060778c1acacade0218fc72f7dbdb26430a8f96aff801f5e97be9fde72bbe,1,8005.000000000001,9359.0
1,keda-poisson-303-9253ff26,000108,75.607601,2026-08-31T19:23:47.330+00:00,2026-08-31T19:23:43.574+00:00,2026-08-31T19:23:51.031+00:00,2026-08-31T19:23:51.031+00:00,2026-08-31T19:23:51.210+00:00,2026-08-31T19:23:51.210+00:00,0.07566,0.17884328499894764,sqs-worker-5986dcd897-fw7sq,ip-192-168-20-201.ec2.internal,753b68779cbb63551e7b3f233a56901abb9f12ec19c69c8649ec5397ed74b71d,1,7457.0,7636.0
1,keda-poisson-303-9253ff26,000109,77.181268,2026-08-31T19:23:48.905+00:00,2026-08-31T19:23:45.152+00:00,2026-08-31T19:23:51.236+00:00,2026-08-31T19:23:51.236+00:00,2026-08-31T19:23:51.798+00:00,2026-08-31T19:23:51.798+00:00,0.22879,0.5622174780000933,sqs-worker-5986dcd897-fw7sq,ip-192-168-20-201.ec2.internal,7396ddc1add951fb3736093067a96f0efd9bafaf7bb0d5de58f136427cf8356c,1,6084.0,6646.0
1,keda-poisson-303-9253ff26,000115,82.263396,2026-08-31T19:23:53.987+00:00,2026-08-31T19:23:50.233+00:00,2026-08-31T19:23:51.827+00:00,2026-08-31T19:23:51.827+00:00,2026-08-31T19:23:52.298+00:00,2026-08-31T19:23:52.298+00:00,0.19419,0.4711567770009424,sqs-worker-5986dcd897-fw7sq,ip-192-168-20-201.ec2.internal,70a5d307518b62cbaee3d5e32a50c11ce8dbd5eab545f79ba42f50518d3f2b23,1,1594.0,2065.0
1,keda-poisson-303-9253ff26,000105,74.250808,2026-08-31T19:23:45.974+00:00,2026-08-31T19:23:42.715+00:00,2026-08-31T19:23:50.213+00:00,2026-08-31T19:23:50.213+00:00,2026-08-31T19:23:52.984+00:00,2026-08-31T19:23:52.984+00:00,0.574707,2.7713899289992696,sqs-worker-5986dcd897-x8rdl,ip-192-168-20-201.ec2.internal,a472c9bf87e653be934ed15614e022c93643898e7b9aa36eab81e9e8fad9d4e3,1,7498.0,10269.0
1,keda-poisson-303-9253ff26,000117,85.598995,2026-08-31T19:23:57.320+00:00,2026-08-31T19:23:53.572+00:00,2026-08-31T19:23:53.580+00:00,2026-08-31T19:23:53.580+00:00,2026-08-31T19:23:53.606+00:00,2026-08-31T19:23:53.606+00:00,0.025328,0.025849309999102843,sqs-worker-5986dcd897-fw7sq,ip-192-168-20-201.ec2.internal,aa0ec5743d0fbd8b21a293f75cce7caec4151281da608d0c01980e7afc54673e,1,8.0,34.0
1,keda-poisson-303-9253ff26,000116,85.208973,2026-08-31T19:23:56.932+00:00,2026-08-31T19:23:53.181+00:00,2026-08-31T19:23:53.186+00:00,2026-08-31T19:23:53.186+00:00,2026-08-31T19:23:54.186+00:00,2026-08-31T19:23:54.186+00:00,0.40313,0.9997832000008202,sqs-worker-5986dcd897-x8rdl,ip-192-168-20-201.ec2.internal,8a164fc79e5ac2e4edeb5328db6a1cf8d722f927465e2dcd6a4e6f5e4692d3b9,1,5.0,1004.9999999999999
1,keda-poisson-303-9253ff26,000119,86.642301,2026-08-31T19:23:58.363+00:00,2026-08-31T19:23:54.609+00:00,2026-08-31T19:23:54.613+00:00,2026-08-31T19:23:54.613+00:00,2026-08-31T19:23:54.871+00:00,2026-08-31T19:23:54.871+00:00,0.120706,0.25843984599850955,sqs-worker-5986dcd897-fw7sq,ip-192-168-20-201.ec2.internal,bef9da4f25530721c3a8ba4f3d5f0c6a824df52ab7535a97a9341a24c4fc9094,1,4.0,262.0
1,keda-poisson-303-9253ff26,000118,86.61423,2026-08-31T19:23:58.335+00:00,2026-08-31T19:23:54.581+00:00,2026-08-31T19:23:54.587+00:00,2026-08-31T19:23:54.587+00:00,2026-08-31T19:23:55.194+00:00,2026-08-31T19:23:55.194+00:00,0.251581,0.6076201559990295,sqs-worker-5986dcd897-x8rdl,ip-192-168-20-201.ec2.internal,a0c2e66f5bc91dac0a9be629ba24798ca3c93379e014246b98f9586df4c16e03,1,6.0,613.0
1,keda-poisson-303-9253ff26,000120,87.689431,2026-08-31T19:23:59.411+00:00,2026-08-31T19:23:55.656+00:00,2026-08-31T19:23:55.660+00:00,2026-08-31T19:23:55.660+00:00,2026-08-31T19:23:56.295+00:00,2026-08-31T19:23:56.295+00:00,0.268768,0.635413140998935,sqs-worker-5986dcd897-x8rdl,ip-192-168-20-201.ec2.internal,8d94413d1b5ac11a1469e2d50e77ba3473a39f8fb92180a3cd9170a24c6aa2b0,1,4.0,639.0
1,keda-poisson-303-9253ff26,000121,87.874262,2026-08-31T19:23:59.595+00:00,2026-08-31T19:23:55.839+00:00,2026-08-31T19:23:55.846+00:00,2026-08-31T19:23:55.846+00:00,2026-08-31T19:23:56.435+00:00,2026-08-31T19:23:56.435+00:00,0.15678,0.5896287260002282,sqs-worker-5986dcd897-fw7sq,ip-192-168-20-201.ec2.internal,20a3eef5d406fe39d1b265e7514c2401d2548ddc439635fb9c0238a64d29bb45,1,7.0,596.0
1,keda-poisson-303-9253ff26,000123,88.822404,2026-08-31T19:24:00.545+00:00,2026-08-31T19:23:56.791+00:00,2026-08-31T19:23:56.793+00:00,2026-08-31T19:23:56.793+00:00,2026-08-31T19:23:57.233+00:00,2026-08-31T19:23:57.233+00:00,0.087293,0.4397531029990205,sqs-worker-5986dcd897-fw7sq,ip-192-168-20-201.ec2.internal,444877ba07e5f7c47d7a55137cc0a32e3766abbfbf51fba8bd43242998c73bbd,1,2.0,442.0
1,keda-poisson-303-9253ff26,000122,88.128466,2026-08-31T19:23:59.849+00:00,2026-08-31T19:23:56.093+00:00,2026-08-31T19:23:56.318+00:00,2026-08-31T19:23:56.318+00:00,2026-08-31T19:23:57.398+00:00,2026-08-31T19:23:57.398+00:00,0.436717,1.0806387870015897,sqs-worker-5986dcd897-x8rdl,ip-192-168-20-201.ec2.internal,a98e52a7060b8fc21730d87829a7e92b60cf4e02fbe47c5c3b76a66d140e8ade,1,225.0,1305.0
1,keda-poisson-303-9253ff26,000124,89.266624,2026-08-31T19:24:00.988+00:00,2026-08-31T19:23:57.232+00:00,2026-08-31T19:23:57.283+00:00,2026-08-31T19:23:57.283+00:00,2026-08-31T19:23:57.332+00:00,2026-08-31T19:23:57.332+00:00,0.007232,0.0485884959998657,sqs-worker-5986dcd897-fw7sq,ip-192-168-20-201.ec2.internal,e3ba5f37fd452d6ea8c1455772c4dcf8dcfe1d737829be0431aa9a5d1e991520,1,51.0,100.0
1,keda-poisson-303-9253ff26,000125,89.768134,2026-08-31T19:24:01.489+00:00,2026-08-31T19:23:57.734+00:00,2026-08-31T19:23:57.739+00:00,2026-08-31T19:23:57.739+00:00,2026-08-31T19:23:57.752+00:00,2026-08-31T19:23:57.752+00:00,0.012522,0.013409074999799486,sqs-worker-5986dcd897-x8rdl,ip-192-168-20-201.ec2.internal,f047696537779a4b403e6db34953f7bc3d0ffc455cd10d6896f40963a91ac2ba,1,5.0,18.0
1,keda-poisson-303-9253ff26,000127,90.321457,2026-08-31T19:24:02.042+00:00,2026-08-31T19:23:58.288+00:00,2026-08-31T19:23:58.292+00:00,2026-08-31T19:23:58.292+00:00,2026-08-31T19:23:58.405+00:00,2026-08-31T19:23:58.405+00:00,0.062387,0.11340189699876646,sqs-worker-5986dcd897-x8rdl,ip-192-168-20-201.ec2.internal,81b49de5dcdd0b402c41a92bb1fe60f8048783101eb082e8f2194cd5784dc97e,1,4.0,117.0
1,keda-poisson-303-9253ff26,000126,90.009472,2026-08-31T19:24:01.730+00:00,2026-08-31T19:23:57.976+00:00,2026-08-31T19:23:57.980+00:00,2026-08-31T19:23:57.980+00:00,2026-08-31T19:23:58.808+00:00,2026-08-31T19:23:58.809+00:00,0.358018,0.8288700290013367,sqs-worker-5986dcd897-fw7sq,ip-192-168-20-201.ec2.internal,9ed4a827dfa66952dc7a7ac0105b90440a454d0ed31744c29d2b393c65187d4e,1,4.0,832.0
1,keda-poisson-303-9253ff26,000129,91.915166,2026-08-31T19:24:03.636+00:00,2026-08-31T19:23:59.880+00:00,2026-08-31T19:23:59.884+00:00,2026-08-31T19:23:59.884+00:00,2026-08-31T19:23:59.921+00:00,2026-08-31T19:23:59.921+00:00,0.037295,0.03739271899939922,sqs-worker-5986dcd897-fw7sq,ip-192-168-20-201.ec2.internal,6309c4fb16e41acb1f3356ab2785a84b79a069176058a17d9c68d3792cbca99a,1,4.0,41.0
1,keda-poisson-303-9253ff26,000128,91.898478,2026-08-31T19:24:03.621+00:00,2026-08-31T19:23:59.866+00:00,2026-08-31T19:23:59.889+00:00,2026-08-31T19:23:59.889+00:00,2026-08-31T19:24:00.391+00:00,2026-08-31T19:24:00.391+00:00,0.098577,0.5017559890002303,sqs-worker-5986dcd897-x8rdl,ip-192-168-20-201.ec2.internal,befe88a80d4ca3b2f94b6073c7f7dfa8743bdba55883c2a8203d67e6662defbd,1,23.0,525.0
1,keda-poisson-303-9253ff26,000131,92.572915,2026-08-31T19:24:04.294+00:00,2026-08-31T19:24:00.544+00:00,2026-08-31T19:24:00.584+00:00,2026-08-31T19:24:00.584+00:00,2026-08-31T19:24:00.990+00:00,2026-08-31T19:24:00.990+00:00,0.110458,0.40649147699878085,sqs-worker-5986dcd897-x8rdl,ip-192-168-20-201.ec2.internal,4bc20a6843ab241fd7c3451d172989a37be695989e87f0ecdb9330ec73991b29,1,40.0,446.0
1,keda-poisson-303-9253ff26,000130,91.928195,2026-08-31T19:24:03.649+00:00,2026-08-31T19:23:59.899+00:00,2026-08-31T19:23:59.971+00:00,2026-08-31T19:23:59.971+00:00,2026-08-31T19:24:01.200+00:00,2026-08-31T19:24:01.200+00:00,0.499276,1.2286839019998297,sqs-worker-5986dcd897-fw7sq,ip-192-168-20-201.ec2.internal,71df36b49311247af063f8c5e1931c1ac779586b50daf6b9b3e5d1ffd4b4e775,1,72.0,1301.0
1,keda-poisson-303-9253ff26,000134,93.010055,2026-08-31T19:24:04.731+00:00,2026-08-31T19:24:00.979+00:00,2026-08-31T19:24:01.091+00:00,2026-08-31T19:24:01.091+00:00,2026-08-31T19:24:01.690+00:00,2026-08-31T19:24:01.690+00:00,0.128404,0.5982057649998751,sqs-worker-5986dcd897-x8rdl,ip-192-168-20-201.ec2.internal,760fbd91b144ab140f9111632ac5830ac1fe09c4cb7b145d557a21c033640240,1,112.0,711.0
1,keda-poisson-303-9253ff26,000136,93.335588,2026-08-31T19:24:05.056+00:00,2026-08-31T19:24:01.314+00:00,2026-08-31T19:24:01.785+00:00,2026-08-31T19:24:01.785+00:00,2026-08-31T19:24:01.977+00:00,2026-08-31T19:24:01.977+00:00,0.027863,0.19268378899869276,sqs-worker-5986dcd897-x8rdl,ip-192-168-20-201.ec2.internal,f5868307d5306a941ff23bdf8cab30b87d7dfaad4f4e4fc8b77c6b17c26ab6e0,1,471.0,663.0
1,keda-poisson-303-9253ff26,000133,92.811778,2026-08-31T19:24:04.533+00:00,2026-08-31T19:24:00.861+00:00,2026-08-31T19:24:02.016+00:00,2026-08-31T19:24:02.016+00:00,2026-08-31T19:24:02.084+00:00,2026-08-31T19:24:02.084+00:00,0.005,0.06799657400006254,sqs-worker-5986dcd897-x8rdl,ip-192-168-20-201.ec2.internal,c6476fbc763e560fd90a585e18fe54a6e0aee53fae895ab9359c5f5d3a0583f2,1,1155.0,1223.0
1,keda-poisson-303-9253ff26,000132,92.626696,2026-08-31T19:24:04.347+00:00,2026-08-31T19:24:00.595+00:00,2026-08-31T19:24:01.218+00:00,2026-08-31T19:24:01.218+00:00,2026-08-31T19:24:02.102+00:00,2026-08-31T19:24:02.102+00:00,0.366315,0.8840036729998246,sqs-worker-5986dcd897-fw7sq,ip-192-168-20-201.ec2.internal,11990fe1921d8a5e157c070ec167fcd5549d484424933cfb389fb6019d203dbf,1,623.0,1507.0
1,keda-poisson-303-9253ff26,000135,93.026633,2026-08-31T19:24:04.748+00:00,2026-08-31T19:24:00.992+00:00,2026-08-31T19:24:02.183+00:00,2026-08-31T19:24:02.184+00:00,2026-08-31T19:24:02.191+00:00,2026-08-31T19:24:02.191+00:00,0.006451,0.007640243000423652,sqs-worker-5986dcd897-x8rdl,ip-192-168-20-201.ec2.internal,17201ee99837afdd31e3d1fbc907465e476ebdd7458e3330f7518e90c29fbc55,1,1191.0,1199.0
1,keda-poisson-303-9253ff26,000137,95.603936,2026-08-31T19:24:07.327+00:00,2026-08-31T19:24:03.572+00:00,2026-08-31T19:24:03.579+00:00,2026-08-31T19:24:03.579+00:00,2026-08-31T19:24:03.820+00:00,2026-08-31T19:24:03.820+00:00,0.116929,0.24054066899952886,sqs-worker-5986dcd897-x8rdl,ip-192-168-20-201.ec2.internal,f38a8dab41cbc78cee30013906e76af36f5169d9e3f19840ce42b5fa81e516cb,1,7.0,248.0
1,keda-poisson-303-9253ff26,000138,96.834013,2026-08-31T19:24:08.556+00:00,2026-08-31T19:24:04.803+00:00,2026-08-31T19:24:04.807+00:00,2026-08-31T19:24:04.807+00:00,2026-08-31T19:24:04.888+00:00,2026-08-31T19:24:04.888+00:00,0.04441,0.08070629000030749,sqs-worker-5986dcd897-x8rdl,ip-192-168-20-201.ec2.internal,c05b2620569b81005aa8130613c5258117efbfcf362bce044574bd267f78b1b0,1,4.0,85.0
1,keda-poisson-303-9253ff26,000139,96.860781,2026-08-31T19:24:08.581+00:00,2026-08-31T19:24:04.828+00:00,2026-08-31T19:24:04.834+00:00,2026-08-31T19:24:04.834+00:00,2026-08-31T19:24:05.253+00:00,2026-08-31T19:24:05.253+00:00,0.187366,0.41929709699979867,sqs-worker-5986dcd897-fw7sq,ip-192-168-20-201.ec2.internal,ace92303a2ab74dd6f7199336f0c85634406fe9be59982b0323a64ef5a73b8ce,1,6.0,425.0
1,keda-poisson-303-9253ff26,000140,99.679799,2026-08-31T19:24:11.403+00:00,2026-08-31T19:24:07.650+00:00,2026-08-31T19:24:07.655+00:00,2026-08-31T19:24:07.655+00:00,2026-08-31T19:24:07.785+00:00,2026-08-31T19:24:07.785+00:00,0.074032,0.12995561799834832,sqs-worker-5986dcd897-fw7sq,ip-192-168-20-201.ec2.internal,ed38ec54a72cfa03fa3428dfa4f31649ce369397c12980b99b9c0e84404141b9,1,5.0,135.0
1,keda-poisson-303-9253ff26,000142,102.357694,2026-08-31T19:24:14.079+00:00,2026-08-31T19:24:10.326+00:00,2026-08-31T19:24:10.330+00:00,2026-08-31T19:24:10.330+00:00,2026-08-31T19:24:10.432+00:00,2026-08-31T19:24:10.432+00:00,0.049004,0.10194686999966507,sqs-worker-5986dcd897-fw7sq,ip-192-168-20-201.ec2.internal,123cead26a369b3369bd390b31fce813abdd73b8723c2ceb2105f7d1a21dadfa,1,4.0,106.0
1,keda-poisson-303-9253ff26,000143,102.479814,2026-08-31T19:24:14.200+00:00,2026-08-31T19:24:10.447+00:00,2026-08-31T19:24:10.462+00:00,2026-08-31T19:24:10.462+00:00,2026-08-31T19:24:10.903+00:00,2026-08-31T19:24:10.903+00:00,0.193624,0.44075829699977476,sqs-worker-5986dcd897-fw7sq,ip-192-168-20-201.ec2.internal,f0aa5acf91be7ffd62243bdf2c177cfe33e7fc566e583fa2ea63fc7f52d00387,1,15.0,456.0
1,keda-poisson-303-9253ff26,000141,101.134349,2026-08-31T19:24:12.855+00:00,2026-08-31T19:24:09.102+00:00,2026-08-31T19:24:09.107+00:00,2026-08-31T19:24:09.107+00:00,2026-08-31T19:24:10.992+00:00,2026-08-31T19:24:10.992+00:00,0.510743,1.8850779709991912,sqs-worker-5986dcd897-x8rdl,ip-192-168-20-201.ec2.internal,7ae2fbbcfa20476441c7dcfbaac659c3bc2d530c11123c8e5a320e23c7ab0c3f,1,5.0,1890.0
1,keda-poisson-303-9253ff26,000144,102.718588,2026-08-31T19:24:14.439+00:00,2026-08-31T19:24:10.684+00:00,2026-08-31T19:24:10.950+00:00,2026-08-31T19:24:10.950+00:00,2026-08-31T19:24:11.543+00:00,2026-08-31T19:24:11.543+00:00,0.247841,0.5933074060012586,sqs-worker-5986dcd897-fw7sq,ip-192-168-20-201.ec2.internal,dc25c02a0947f70ae23175a1c0de57c5801d646e3a9fdd8bd085521eadfbf72f,1,266.0,859.0
1,keda-poisson-303-9253ff26,000145,102.827895,2026-08-31T19:24:14.549+00:00,2026-08-31T19:24:10.794+00:00,2026-08-31T19:24:11.087+00:00,2026-08-31T19:24:11.087+00:00,2026-08-31T19:24:11.499+00:00,2026-08-31T19:24:11.499+00:00,0.084542,0.4126475400007621,sqs-worker-5986dcd897-x8rdl,ip-192-168-20-201.ec2.internal,b5ef9d284c98c2ae53417fc67e772978f5f4f05ec89f759316599bdd3d08e264,1,293.0,705.0
1,keda-poisson-303-9253ff26,000146,103.664303,2026-08-31T19:24:15.385+00:00,2026-08-31T19:24:11.630+00:00,2026-08-31T19:24:11.633+00:00,2026-08-31T19:24:11.633+00:00,2026-08-31T19:24:12.433+00:00,2026-08-31T19:24:12.433+00:00,0.33216,0.7992706469995028,sqs-worker-5986dcd897-fw7sq,ip-192-168-20-201.ec2.internal,e7816737d8325353b7542d9aabc03d0f93bc38a9469da182cedfe8387aec8533,1,3.0,803.0
1,keda-poisson-303-9253ff26,000147,104.455425,2026-08-31T19:24:16.177+00:00,2026-08-31T19:24:12.424+00:00,2026-08-31T19:24:12.428+00:00,2026-08-31T19:24:12.428+00:00,2026-08-31T19:24:12.794+00:00,2026-08-31T19:24:12.794+00:00,0.171557,0.3661944230007066,sqs-worker-5986dcd897-x8rdl,ip-192-168-20-201.ec2.internal,9873bd40ab267d628bea045efe1c9698445c9b5f04535058688e51210a5ae3fe,1,4.0,370.0
1,keda-poisson-303-9253ff26,000148,104.657702,2026-08-31T19:24:16.379+00:00,2026-08-31T19:24:12.628+00:00,2026-08-31T19:24:12.632+00:00,2026-08-31T19:24:12.632+00:00,2026-08-31T19:24:13.646+00:00,2026-08-31T19:24:13.646+00:00,0.424169,1.0140575189998344,sqs-worker-5986dcd897-fw7sq,ip-192-168-20-201.ec2.internal,9d984d46a5e9c4495cde4ffe9305de3f4606b6a7409874bd0f642bdcc9028c56,1,4.0,1018.0
1,keda-poisson-303-9253ff26,000149,106.663193,2026-08-31T19:24:18.386+00:00,2026-08-31T19:24:14.632+00:00,2026-08-31T19:24:14.635+00:00,2026-08-31T19:24:14.635+00:00,2026-08-31T19:24:15.510+00:00,2026-08-31T19:24:15.510+00:00,0.387673,0.8752990109987877,sqs-worker-5986dcd897-x8rdl,ip-192-168-20-201.ec2.internal,1aa290abf4232d1c490d9efdfb2f3d005bae11e6e0946d8f23540c17c1ffcbbe,1,3.0,878.0
1,keda-poisson-303-9253ff26,000150,107.475424,2026-08-31T19:24:19.197+00:00,2026-08-31T19:24:15.443+00:00,2026-08-31T19:24:15.447+00:00,2026-08-31T19:24:15.448+00:00,2026-08-31T19:24:15.829+00:00,2026-08-31T19:24:15.829+00:00,0.163745,0.3816920549998031,sqs-worker-5986dcd897-fw7sq,ip-192-168-20-201.ec2.internal,111d8ac6038454747d253e35cde6b5ff693d57b9a2be9cf5dfbbb0f8f9735d26,1,4.0,386.0
1,keda-poisson-303-9253ff26,000151,108.258096,2026-08-31T19:24:19.979+00:00,2026-08-31T19:24:16.237+00:00,2026-08-31T19:24:16.277+00:00,2026-08-31T19:24:16.277+00:00,2026-08-31T19:24:16.483+00:00,2026-08-31T19:24:16.483+00:00,0.043172,0.20692454500021995,sqs-worker-5986dcd897-fw7sq,ip-192-168-20-201.ec2.internal,d8bc4dc781e4c5ddfed8f7eeee0bb68779d70aade0573625856ad4b6a11ce8f7,1,40.0,246.0
1,keda-poisson-303-9253ff26,000152,108.602478,2026-08-31T19:24:20.323+00:00,2026-08-31T19:24:16.570+00:00,2026-08-31T19:24:16.576+00:00,2026-08-31T19:24:16.576+00:00,2026-08-31T19:24:17.004+00:00,2026-08-31T19:24:17.004+00:00,0.188702,0.4280953649995354,sqs-worker-5986dcd897-x8rdl,ip-192-168-20-201.ec2.internal,f4ce02e8a98f3548bf83a06a577b075e43cae1ca26fb37d60a32246e53382198,1,6.0,434.0
1,keda-poisson-303-9253ff26,000154,110.315477,2026-08-31T19:24:22.037+00:00,2026-08-31T19:24:18.282+00:00,2026-08-31T19:24:18.287+00:00,2026-08-31T19:24:18.287+00:00,2026-08-31T19:24:18.396+00:00,2026-08-31T19:24:18.397+00:00,0.06592,0.10914917699847138,sqs-worker-5986dcd897-fw7sq,ip-192-168-20-201.ec2.internal,0a4ec90046c59a6d460afb3b359df492edda07021673185c0d5b4066ca6f7413,1,5.0,114.0
1,keda-poisson-303-9253ff26,000153,109.81738,2026-08-31T19:24:21.539+00:00,2026-08-31T19:24:17.784+00:00,2026-08-31T19:24:17.796+00:00,2026-08-31T19:24:17.796+00:00,2026-08-31T19:24:18.390+00:00,2026-08-31T19:24:18.390+00:00,0.247054,0.5933594180005457,sqs-worker-5986dcd897-x8rdl,ip-192-168-20-201.ec2.internal,3c34557198686390fadcd24a1b9be5fdf3bf4eb6b7bc57025f8031cd1d5b5d6d,1,12.0,606.0
1,keda-poisson-303-9253ff26,000155,111.259143,2026-08-31T19:24:22.980+00:00,2026-08-31T19:24:19.230+00:00,2026-08-31T19:24:19.233+00:00,2026-08-31T19:24:19.233+00:00,2026-08-31T19:24:19.939+00:00,2026-08-31T19:24:19.939+00:00,0.298146,0.7060694879983203,sqs-worker-5986dcd897-fw7sq,ip-192-168-20-201.ec2.internal,7cb2b5a11ef65ea5e44e1dd71a34ecb5c9fe5dd80804046fa3425c951e716137,1,3.0,709.0
1,keda-poisson-303-9253ff26,000156,112.793699,2026-08-31T19:24:24.515+00:00,2026-08-31T19:24:20.762+00:00,2026-08-31T19:24:20.766+00:00,2026-08-31T19:24:20.766+00:00,2026-08-31T19:24:21.276+00:00,2026-08-31T19:24:21.276+00:00,0.202897,0.5095239439997385,sqs-worker-5986dcd897-x8rdl,ip-192-168-20-201.ec2.internal,61b6df4e0d4076e5ecdd527ba9744bbbc18630ac4452bdd018a1fa300c0626ba,1,4.0,514.0
1,keda-poisson-303-9253ff26,000158,112.870088,2026-08-31T19:24:24.591+00:00,2026-08-31T19:24:20.843+00:00,2026-08-31T19:24:21.328+00:00,2026-08-31T19:24:21.328+00:00,2026-08-31T19:24:21.516+00:00,2026-08-31T19:24:21.516+00:00,0.10404,0.18768968699987454,sqs-worker-5986dcd897-x8rdl,ip-192-168-20-201.ec2.internal,b359399b805808ad27b8d1f96c4efc0f28db4f4649f8e5dcbf724c882ad4f335,1,485.0,673.0
1,keda-poisson-303-9253ff26,000159,113.038417,2026-08-31T19:24:24.759+00:00,2026-08-31T19:24:21.007+00:00,2026-08-31T19:24:21.552+00:00,2026-08-31T19:24:21.553+00:00,2026-08-31T19:24:22.112+00:00,2026-08-31T19:24:22.112+00:00,0.234853,0.5595884080012183,sqs-worker-5986dcd897-x8rdl,ip-192-168-20-201.ec2.internal,14fd59f6ee89751dd3bb4babd53793762e5213bce3bb5f6df0f1f5b37178f4b3,1,545.0,1105.0
1,keda-poisson-303-9253ff26,000160,114.635139,2026-08-31T19:24:26.356+00:00,2026-08-31T19:24:22.600+00:00,2026-08-31T19:24:22.604+00:00,2026-08-31T19:24:22.604+00:00,2026-08-31T19:24:22.712+00:00,2026-08-31T19:24:22.712+00:00,0.068246,0.10851089700008743,sqs-worker-5986dcd897-x8rdl,ip-192-168-20-201.ec2.internal,c1c65fb3b46aedcf665ea007642395176f00eb4a347a434d08c9920364de9378,1,4.0,112.0
1,keda-poisson-303-9253ff26,000157,112.839618,2026-08-31T19:24:24.560+00:00,2026-08-31T19:24:20.811+00:00,2026-08-31T19:24:20.814+00:00,2026-08-31T19:24:20.814+00:00,2026-08-31T19:24:23.049+00:00,2026-08-31T19:24:23.049+00:00,0.911712,2.2351129930011666,sqs-worker-5986dcd897-fw7sq,ip-192-168-20-201.ec2.internal,0ac5090b8a2460c1dcf56aaa37a4f09c802bbd1fbaea83160b61a6f28f9e90c5,1,3.0,2238.0
1,keda-poisson-303-9253ff26,000163,115.68759,2026-08-31T19:24:27.407+00:00,2026-08-31T19:24:23.654+00:00,2026-08-31T19:24:23.658+00:00,2026-08-31T19:24:23.658+00:00,2026-08-31T19:24:23.699+00:00,2026-08-31T19:24:23.699+00:00,0.040963,0.04116518100090616,sqs-worker-5986dcd897-x8rdl,ip-192-168-20-201.ec2.internal,16b5aee2dbb6b57d31f1f6e5aa58de486959de4fd66cb83167369607a82a27d9,1,4.0,45.0
1,keda-poisson-303-9253ff26,000162,115.180465,2026-08-31T19:24:26.900+00:00,2026-08-31T19:24:23.149+00:00,2026-08-31T19:24:23.161+00:00,2026-08-31T19:24:23.161+00:00,2026-08-31T19:24:23.802+00:00,2026-08-31T19:24:23.802+00:00,0.281041,0.6408170949998748,sqs-worker-5986dcd897-fw7sq,ip-192-168-20-201.ec2.internal,fcfc461996d995037822a810258c04f2f306ba0af2cabd462b7bc85a6ba80b9d,1,12.0,653.0
1,keda-poisson-303-9253ff26,000161,114.884425,2026-08-31T19:24:26.604+00:00,2026-08-31T19:24:22.856+00:00,2026-08-31T19:24:22.861+00:00,2026-08-31T19:24:22.861+00:00,2026-08-31T19:24:23.407+00:00,2026-08-31T19:24:23.407+00:00,0.240849,0.5457260189996305,sqs-worker-5986dcd897-x8rdl,ip-192-168-20-201.ec2.internal,e48a2f212eae1f38287c7aafac5a0af61be6c1340d6c5d3f0713267d78f213bf,1,5.0,551.0
1,keda-poisson-303-9253ff26,000164,116.18415,2026-08-31T19:24:27.904+00:00,2026-08-31T19:24:24.150+00:00,2026-08-31T19:24:24.153+00:00,2026-08-31T19:24:24.153+00:00,2026-08-31T19:24:24.975+00:00,2026-08-31T19:24:24.975+00:00,0.344015,0.8218777900001442,sqs-worker-5986dcd897-fw7sq,ip-192-168-20-201.ec2.internal,ee67271432640044fa171ee8876c4a394cae0a89a6fa17ca2d940f4c9f73d268,1,3.0,825.0
1,keda-poisson-303-9253ff26,000165,116.557177,2026-08-31T19:24:28.277+00:00,2026-08-31T19:24:24.524+00:00,2026-08-31T19:24:24.527+00:00,2026-08-31T19:24:24.527+00:00,2026-08-31T19:24:25.084+00:00,2026-08-31T19:24:25.084+00:00,0.241457,0.5566669079998974,sqs-worker-5986dcd897-x8rdl,ip-192-168-20-201.ec2.internal,5a2e94907978912b7b9efba822d372277542e28457780c9a61afde00f8961d60,1,3.0,560.0
1,keda-poisson-303-9253ff26,000166,117.624314,2026-08-31T19:24:29.345+00:00,2026-08-31T19:24:25.593+00:00,2026-08-31T19:24:25.597+00:00,2026-08-31T19:24:25.597+00:00,2026-08-31T19:24:25.877+00:00,2026-08-31T19:24:25.877+00:00,0.126041,0.27956871099922864,sqs-worker-5986dcd897-fw7sq,ip-192-168-20-201.ec2.internal,978a9675d60a33f1e8db122e8db36eb3b68a0b5b855dd425dc56eaaa9f847a76,1,4.0,284.0
1,keda-poisson-303-9253ff26,000167,118.013687,2026-08-31T19:24:29.734+00:00,2026-08-31T19:24:25.979+00:00,2026-08-31T19:24:25.985+00:00,2026-08-31T19:24:25.985+00:00,2026-08-31T19:24:27.231+00:00,2026-08-31T19:24:27.231+00:00,0.249228,1.245578967000256,sqs-worker-5986dcd897-fw7sq,ip-192-168-20-201.ec2.internal,8b1b054e819028880c1d507cabcecc4cfeb65d83128878147b328860e7aca107,1,6.0,1252.0
1,keda-poisson-303-9253ff26,000168,118.919909,2026-08-31T19:24:30.640+00:00,2026-08-31T19:24:26.883+00:00,2026-08-31T19:24:26.887+00:00,2026-08-31T19:24:26.887+00:00,2026-08-31T19:24:27.496+00:00,2026-08-31T19:24:27.496+00:00,0.253373,0.6089884600005462,sqs-worker-5986dcd897-x8rdl,ip-192-168-20-201.ec2.internal,f41a87d467f031f871eca1529c54a1b971a331e8b16d5c513f09aa44fd4f90ff,1,4.0,613.0
1,keda-poisson-303-9253ff26,000169,119.011184,2026-08-31T19:24:30.731+00:00,2026-08-31T19:24:27.506+00:00,2026-08-31T19:24:27.527+00:00,2026-08-31T19:24:27.527+00:00,2026-08-31T19:24:27.778+00:00,2026-08-31T19:24:27.778+00:00,0.052291,0.25158070500037866,sqs-worker-5986dcd897-fw7sq,ip-192-168-20-201.ec2.internal,acf1aec481fbd1d468a99b6ab5009fe8fb0e1906418a5907a682c33becaa620a,1,21.0,272.0
1,keda-poisson-303-9253ff26,000170,119.877204,2026-08-31T19:24:31.597+00:00,2026-08-31T19:24:27.847+00:00,2026-08-31T19:24:27.850+00:00,2026-08-31T19:24:27.850+00:00,2026-08-31T19:24:27.985+00:00,2026-08-31T19:24:27.985+00:00,0.068883,0.13450477700098418,sqs-worker-5986dcd897-x8rdl,ip-192-168-20-201.ec2.internal,b0a2bc4ab96c63840e84d34afce06024f60df8a30420acbfd3fda4fdaa1f4489,1,3.0,138.0
1,keda-poisson-303-9253ff26,000171,120.268421,2026-08-31T19:24:31.988+00:00,2026-08-31T19:24:28.232+00:00,2026-08-31T19:24:28.237+00:00,2026-08-31T19:24:28.237+00:00,2026-08-31T19:24:28.436+00:00,2026-08-31T19:24:28.436+00:00,0.090667,0.19960148800055322,sqs-worker-5986dcd897-fw7sq,ip-192-168-20-201.ec2.internal,e997dc870ed91b97c3b07a2925b260ccc3e5272f49c5cec4e4acea736758ea5c,1,5.0,204.0
1,keda-poisson-303-9253ff26,000172,120.711463,2026-08-31T19:24:32.431+00:00,2026-08-31T19:24:28.676+00:00,2026-08-31T19:24:28.679+00:00,2026-08-31T19:24:28.679+00:00,2026-08-31T19:24:28.774+00:00,2026-08-31T19:24:28.774+00:00,0.043419,0.09487800900024013,sqs-worker-5986dcd897-fw7sq,ip-192-168-20-201.ec2.internal,048c91b2509782ae383ca24373419a12870d489c70a2cb31894fa91433074925,1,3.0,98.0
1,keda-poisson-303-9253ff26,000173,120.802027,2026-08-31T19:24:32.522+00:00,2026-08-31T19:24:28.766+00:00,2026-08-31T19:24:28.772+00:00,2026-08-31T19:24:28.772+00:00,2026-08-31T19:24:28.803+00:00,2026-08-31T19:24:28.803+00:00,0.030679,0.0311357800001133,sqs-worker-5986dcd897-x8rdl,ip-192-168-20-201.ec2.internal,f0b9f70cece9fdfb388a31aa857e480d555222802dccc8006ecbd0344592033f,1,6.0,37.0
1,keda-poisson-303-9253ff26,000174,122.076962,2026-08-31T19:24:33.798+00:00,2026-08-31T19:24:30.040+00:00,2026-08-31T19:24:30.062+00:00,2026-08-31T19:24:30.062+00:00,2026-08-31T19:24:30.089+00:00,2026-08-31T19:24:30.089+00:00,0.026172,0.026277162000042154,sqs-worker-5986dcd897-fw7sq,ip-192-168-20-201.ec2.internal,2201ac3ad0a862ac88b7cd6de874e99a9ab0797f49a367f2990b401991a45b37,1,22.0,49.0
1,keda-poisson-303-9253ff26,000175,122.173219,2026-08-31T19:24:33.893+00:00,2026-08-31T19:24:30.137+00:00,2026-08-31T19:24:30.139+00:00,2026-08-31T19:24:30.139+00:00,2026-08-31T19:24:31.477+00:00,2026-08-31T19:24:31.477+00:00,0.544189,1.337797567999587,sqs-worker-5986dcd897-fw7sq,ip-192-168-20-201.ec2.internal,2ce75e7df875cd9b950d0f939b87f2ad54d89cfe517dcc72cf337188d8028af7,1,2.0,1340.0
1,keda-poisson-303-9253ff26,000176,123.075187,2026-08-31T19:24:34.795+00:00,2026-08-31T19:24:31.042+00:00,2026-08-31T19:24:31.048+00:00,2026-08-31T19:24:31.048+00:00,2026-08-31T19:24:31.703+00:00,2026-08-31T19:24:31.703+00:00,0.295813,0.6547417010006029,sqs-worker-5986dcd897-x8rdl,ip-192-168-20-201.ec2.internal,9c3d0ef2082b3df3de1d262a3b81941584765129f79913e347692e5ef16a0876,1,6.0,661.0
1,keda-poisson-303-9253ff26,000178,123.543029,2026-08-31T19:24:35.262+00:00,2026-08-31T19:24:31.510+00:00,2026-08-31T19:24:31.600+00:00,2026-08-31T19:24:31.600+00:00,2026-08-31T19:24:31.974+00:00,2026-08-31T19:24:31.974+00:00,0.143906,0.37421954599994933,sqs-worker-5986dcd897-fw7sq,ip-192-168-20-201.ec2.internal,cc57451a2d074518d81bdedda4bf1db78e9f9ceed7fad52c31f6c9111d6f6428,1,90.0,464.0
1,keda-poisson-303-9253ff26,000177,123.536018,2026-08-31T19:24:35.256+00:00,2026-08-31T19:24:31.499+00:00,2026-08-31T19:24:31.505+00:00,2026-08-31T19:24:31.505+00:00,2026-08-31T19:24:31.585+00:00,2026-08-31T19:24:31.585+00:00,0.042343,0.08052932400096324,sqs-worker-5986dcd897-fw7sq,ip-192-168-20-201.ec2.internal,33b8d97d33945f958abe2a9324e3c7b9d5e22772535706ba61646eaba1d8f828,1,6.0,86.0
1,keda-poisson-303-9253ff26,000179,125.506544,2026-08-31T19:24:37.226+00:00,2026-08-31T19:24:33.470+00:00,2026-08-31T19:24:33.475+00:00,2026-08-31T19:24:33.475+00:00,2026-08-31T19:24:33.781+00:00,2026-08-31T19:24:33.781+00:00,0.13029,0.3058937010009686,sqs-worker-5986dcd897-fw7sq,ip-192-168-20-201.ec2.internal,696d67d54791f3c969c70b7e81ce4bbf7173e8b8259b3a54799f602b5472b2d4,1,5.0,311.0
1,keda-poisson-303-9253ff26,000180,126.369427,2026-08-31T19:24:38.090+00:00,2026-08-31T19:24:34.333+00:00,2026-08-31T19:24:34.337+00:00,2026-08-31T19:24:34.337+00:00,2026-08-31T19:24:34.675+00:00,2026-08-31T19:24:34.675+00:00,0.15917,0.3382564299990918,sqs-worker-5986dcd897-fw7sq,ip-192-168-20-201.ec2.internal,2784a974754bb01cbb1a35133d3d00b0fb8f53cce213261a1769b19d34fffed5,1,4.0,342.0
1,keda-poisson-303-9253ff26,000182,126.558902,2026-08-31T19:24:38.278+00:00,2026-08-31T19:24:34.522+00:00,2026-08-31T19:24:34.760+00:00,2026-08-31T19:24:34.760+00:00,2026-08-31T19:24:34.990+00:00,2026-08-31T19:24:34.990+00:00,0.114354,0.22950022400073067,sqs-worker-5986dcd897-fw7sq,ip-192-168-20-201.ec2.internal,3e514fe4d402c609aecf92e7b3a41af313328fa48095e212bfdc301044be124a,1,238.0,468.0
1,keda-poisson-303-9253ff26,000181,126.436101,2026-08-31T19:24:38.156+00:00,2026-08-31T19:24:34.401+00:00,2026-08-31T19:24:34.405+00:00,2026-08-31T19:24:34.405+00:00,2026-08-31T19:24:34.803+00:00,2026-08-31T19:24:34.803+00:00,0.18062,0.3983114390011906,sqs-worker-5986dcd897-x8rdl,ip-192-168-20-201.ec2.internal,6a6e5f83db586a14915a9609d9e389115985b55b3925583adcdbc697a707b695,1,4.0,402.0
1,keda-poisson-303-9253ff26,000183,128.277315,2026-08-31T19:24:39.998+00:00,2026-08-31T19:24:36.246+00:00,2026-08-31T19:24:36.277+00:00,2026-08-31T19:24:36.277+00:00,2026-08-31T19:24:36.631+00:00,2026-08-31T19:24:36.631+00:00,0.082922,0.3540255159987282,sqs-worker-5986dcd897-fw7sq,ip-192-168-20-201.ec2.internal,3e8a418e86b88b52ee72ee108bf3ec88334bcc6ef9c783d95e80fbf7f16e4259,1,31.0,385.0
1,keda-poisson-303-9253ff26,000185,129.181543,2026-08-31T19:24:40.901+00:00,2026-08-31T19:24:37.144+00:00,2026-08-31T19:24:37.147+00:00,2026-08-31T19:24:37.147+00:00,2026-08-31T19:24:37.891+00:00,2026-08-31T19:24:37.891+00:00,0.232972,0.7438399519996892,sqs-worker-5986dcd897-fw7sq,ip-192-168-20-201.ec2.internal,fc2d3ecdef5bb409e3648ecb636d3446035e83ba46d2a8260fb6310f6194afc1,1,3.0,747.0
1,keda-poisson-303-9253ff26,000184,128.655356,2026-08-31T19:24:40.375+00:00,2026-08-31T19:24:36.619+00:00,2026-08-31T19:24:36.623+00:00,2026-08-31T19:24:36.623+00:00,2026-08-31T19:24:38.017+00:00,2026-08-31T19:24:38.017+00:00,0.590464,1.3940459229997941,sqs-worker-5986dcd897-x8rdl,ip-192-168-20-201.ec2.internal,ff8d3d3fa38ebf7c92cd00b84f7fa35d687fc513476b0be4b0872a30f28e749d,1,4.0,1398.0
1,keda-poisson-303-9253ff26,000186,129.521149,2026-08-31T19:24:41.241+00:00,2026-08-31T19:24:37.485+00:00,2026-08-31T19:24:38.032+00:00,2026-08-31T19:24:38.032+00:00,2026-08-31T19:24:38.098+00:00,2026-08-31T19:24:38.098+00:00,0.019197,0.06599250299950654,sqs-worker-5986dcd897-x8rdl,ip-192-168-20-201.ec2.internal,caf1bcf514364611773a3092e662f8e9a2e32d225e19c2fdb74e646255ebb028,1,547.0,613.0
1,keda-poisson-303-9253ff26,000190,129.854475,2026-08-31T19:24:41.574+00:00,2026-08-31T19:24:37.818+00:00,2026-08-31T19:24:38.111+00:00,2026-08-31T19:24:38.111+00:00,2026-08-31T19:24:38.420+00:00,2026-08-31T19:24:38.420+00:00,0.138336,0.30831415800093964,sqs-worker-5986dcd897-x8rdl,ip-192-168-20-201.ec2.internal,0123c67d53a045c9624b8162a0d9d9aeec37b0882c7ca6bf580983741c6e1fd1,1,293.0,602.0
1,keda-poisson-303-9253ff26,000189,129.769679,2026-08-31T19:24:41.489+00:00,2026-08-31T19:24:37.734+00:00,2026-08-31T19:24:38.393+00:00,2026-08-31T19:24:38.393+00:00,2026-08-31T19:24:38.427+00:00,2026-08-31T19:24:38.427+00:00,0.013962,0.03404460000092513,sqs-worker-5986dcd897-fw7sq,ip-192-168-20-201.ec2.internal,afa4982a8ea11b3580afcaaf976a01d0dd93d5e0d02c2565e0c5e4eee0973208,1,659.0,693.0
1,keda-poisson-303-9253ff26,000191,130.179148,2026-08-31T19:24:41.899+00:00,2026-08-31T19:24:38.191+00:00,2026-08-31T19:24:38.445+00:00,2026-08-31T19:24:38.445+00:00,2026-08-31T19:24:38.691+00:00,2026-08-31T19:24:38.691+00:00,0.109697,0.24545748099990305,sqs-worker-5986dcd897-fw7sq,ip-192-168-20-201.ec2.internal,7fe35149e5e428e466f5fc098d9c0bb3ae4296b8e9997fd4094e254449445440,1,254.0,500.0
1,keda-poisson-303-9253ff26,000187,129.524578,2026-08-31T19:24:41.244+00:00,2026-08-31T19:24:37.486+00:00,2026-08-31T19:24:37.933+00:00,2026-08-31T19:24:37.933+00:00,2026-08-31T19:24:38.379+00:00,2026-08-31T19:24:38.379+00:00,0.184293,0.44673969199902785,sqs-worker-5986dcd897-fw7sq,ip-192-168-20-201.ec2.internal,971a7df9bb4218d7b741ebfdc9635f671af199bfda364f9fe682706cad9c98e2,1,447.0,893.0
1,keda-poisson-303-9253ff26,000193,131.389611,2026-08-31T19:24:43.110+00:00,2026-08-31T19:24:39.353+00:00,2026-08-31T19:24:39.358+00:00,2026-08-31T19:24:39.358+00:00,2026-08-31T19:24:39.514+00:00,2026-08-31T19:24:39.514+00:00,0.097054,0.15685485399990284,sqs-worker-5986dcd897-x8rdl,ip-192-168-20-201.ec2.internal,af21d6f10a3b97dc7269bce34b1a69e2d6b5adaab8a9d61cc2e33c89eeb01aa0,1,5.0,161.0
1,keda-poisson-303-9253ff26,000195,132.095606,2026-08-31T19:24:43.816+00:00,2026-08-31T19:24:40.059+00:00,2026-08-31T19:24:40.087+00:00,2026-08-31T19:24:40.087+00:00,2026-08-31T19:24:40.092+00:00,2026-08-31T19:24:40.092+00:00,0.005,0.005071874000350363,sqs-worker-5986dcd897-x8rdl,ip-192-168-20-201.ec2.internal,58f0d722f0503f08c5bc253d02d970546bbc597b67c72215751de196c6bfbccb,1,28.0,33.0
1,keda-poisson-303-9253ff26,000192,130.489586,2026-08-31T19:24:42.209+00:00,2026-08-31T19:24:38.457+00:00,2026-08-31T19:24:38.488+00:00,2026-08-31T19:24:38.488+00:00,2026-08-31T19:24:38.817+00:00,2026-08-31T19:24:38.817+00:00,0.152591,0.3289989559998503,sqs-worker-5986dcd897-x8rdl,ip-192-168-20-201.ec2.internal,6d69baed892d3b607632ea6345888a3140c15df707fa99dfb52ffb7a10784f69,1,31.0,360.0
1,keda-poisson-303-9253ff26,000194,131.408634,2026-08-31T19:24:43.128+00:00,2026-08-31T19:24:39.371+00:00,2026-08-31T19:24:39.593+00:00,2026-08-31T19:24:39.593+00:00,2026-08-31T19:24:39.796+00:00,2026-08-31T19:24:39.796+00:00,0.056699,0.20378341600007843,sqs-worker-5986dcd897-x8rdl,ip-192-168-20-201.ec2.internal,4709573abecdfa05e5cd10412e41c382fe58f338941865d145bfe382ff38c1a1,1,222.0,425.0
1,keda-poisson-303-9253ff26,000188,129.573495,2026-08-31T19:24:41.293+00:00,2026-08-31T19:24:37.539+00:00,2026-08-31T19:24:38.743+00:00,2026-08-31T19:24:38.743+00:00,2026-08-31T19:24:40.244+00:00,2026-08-31T19:24:40.244+00:00,0.614006,1.500574740999582,sqs-worker-5986dcd897-fw7sq,ip-192-168-20-201.ec2.internal,20320c8095d29c25ccd1a518928efd73094eaa99882c6df032f47a3c60541b26,1,1204.0,2705.0
1,keda-poisson-303-9253ff26,000197,132.890975,2026-08-31T19:24:44.610+00:00,2026-08-31T19:24:40.859+00:00,2026-08-31T19:24:40.862+00:00,2026-08-31T19:24:40.862+00:00,2026-08-31T19:24:41.671+00:00,2026-08-31T19:24:41.671+00:00,0.330435,0.8093391540005541,sqs-worker-5986dcd897-fw7sq,ip-192-168-20-201.ec2.internal,c78009c9a9ec8298c8612e05a655e6b02a3782cdf68b61d9bfd84a5e1025d5ab,1,3.0,812.0
1,keda-poisson-303-9253ff26,000196,132.275389,2026-08-31T19:24:43.995+00:00,2026-08-31T19:24:40.238+00:00,2026-08-31T19:24:40.245+00:00,2026-08-31T19:24:40.245+00:00,2026-08-31T19:24:41.809+00:00,2026-08-31T19:24:41.809+00:00,0.287213,1.5637826500005758,sqs-worker-5986dcd897-x8rdl,ip-192-168-20-201.ec2.internal,c6229940f3fc18e773b20d0969e063ec4fd4a7a08fc211ff17d110ed32bba7cb,1,7.0,1571.0
1,keda-poisson-303-9253ff26,000200,133.997155,2026-08-31T19:24:45.717+00:00,2026-08-31T19:24:41.961+00:00,2026-08-31T19:24:42.202+00:00,2026-08-31T19:24:42.203+00:00,2026-08-31T19:24:42.228+00:00,2026-08-31T19:24:42.228+00:00,0.015188,0.02559671100061678,sqs-worker-5986dcd897-fw7sq,ip-192-168-20-201.ec2.internal,ec4b85c2720e9cde39cf60131598f2968c382a4d3176d4b5be07a5eaed46dd06,1,241.0,267.0
1,keda-poisson-303-9253ff26,000198,133.151812,2026-08-31T19:24:44.871+00:00,2026-08-31T19:24:41.119+00:00,2026-08-31T19:24:41.708+00:00,2026-08-31T19:24:41.708+00:00,2026-08-31T19:24:42.177+00:00,2026-08-31T19:24:42.177+00:00,0.201981,0.46862688299916044,sqs-worker-5986dcd897-fw7sq,ip-192-168-20-201.ec2.internal,458d8d4eaa98a34437246d90f35415d4b941b34c31d48939cfc9695bdc22a13b,1,589.0,1058.0
1,keda-poisson-303-9253ff26,000201,134.04163,2026-08-31T19:24:45.761+00:00,2026-08-31T19:24:42.004+00:00,2026-08-31T19:24:42.255+00:00,2026-08-31T19:24:42.255+00:00,2026-08-31T19:24:42.679+00:00,2026-08-31T19:24:42.679+00:00,0.179193,0.4234061009992729,sqs-worker-5986dcd897-fw7sq,ip-192-168-20-201.ec2.internal,63c5aeef60da8600bb835bc456c6a5d8cc4420dca5b44aef7b3cb5eaeda89b11,1,251.0,675.0
1,keda-poisson-303-9253ff26,000202,135.100874,2026-08-31T19:24:46.821+00:00,2026-08-31T19:24:43.095+00:00,2026-08-31T19:24:43.098+00:00,2026-08-31T19:24:43.098+00:00,2026-08-31T19:24:43.281+00:00,2026-08-31T19:24:43.281+00:00,0.088992,0.18278037900017807,sqs-worker-5986dcd897-fw7sq,ip-192-168-20-201.ec2.internal,c6c07685f6e00ab751b3bbf990e7dd15b9d0f7d1a7a9e5e8dc60a7508c44182c,1,3.0,186.0
1,keda-poisson-303-9253ff26,000199,133.199887,2026-08-31T19:24:44.919+00:00,2026-08-31T19:24:41.162+00:00,2026-08-31T19:24:41.891+00:00,2026-08-31T19:24:41.891+00:00,2026-08-31T19:24:42.496+00:00,2026-08-31T19:24:42.496+00:00,0.210054,0.6049578610000026,sqs-worker-5986dcd897-x8rdl,ip-192-168-20-201.ec2.internal,b12fa7af57093328812a9bed128f24280e254a8b5fea0f4712213b6ec9cddbdd,1,729.0,1334.0
1,keda-poisson-303-9253ff26,000205,135.980038,2026-08-31T19:24:47.700+00:00,2026-08-31T19:24:43.942+00:00,2026-08-31T19:24:44.035+00:00,2026-08-31T19:24:44.035+00:00,2026-08-31T19:24:44.314+00:00,2026-08-31T19:24:44.314+00:00,0.134371,0.27909105099934095,sqs-worker-5986dcd897-x8rdl,ip-192-168-20-201.ec2.internal,cf55b0d589ac87b5edcf042d3bc89c8597599cf7e2d3a6ea5152b2658ea63dd5,1,93.0,372.0
1,keda-poisson-303-9253ff26,000203,135.346018,2026-08-31T19:24:47.066+00:00,2026-08-31T19:24:43.309+00:00,2026-08-31T19:24:43.319+00:00,2026-08-31T19:24:43.319+00:00,2026-08-31T19:24:43.994+00:00,2026-08-31T19:24:43.994+00:00,0.292849,0.6759676609999588,sqs-worker-5986dcd897-x8rdl,ip-192-168-20-201.ec2.internal,fcde06fde715f5dcf559d8f5eb100d89034db529310208311ab5de0127357a91,1,10.0,685.0
1,keda-poisson-303-9253ff26,000206,136.677411,2026-08-31T19:24:48.397+00:00,2026-08-31T19:24:44.645+00:00,2026-08-31T19:24:44.649+00:00,2026-08-31T19:24:44.649+00:00,2026-08-31T19:24:44.660+00:00,2026-08-31T19:24:44.660+00:00,0.011061,0.011112543999843183,sqs-worker-5986dcd897-x8rdl,ip-192-168-20-201.ec2.internal,f88e2e0d1da0fc1b5e6ced714dd5d037c4d6dabe45f55f30d31f3f80b0ce6487,1,4.0,15.0
1,keda-poisson-303-9253ff26,000204,135.421241,2026-08-31T19:24:47.141+00:00,2026-08-31T19:24:43.383+00:00,2026-08-31T19:24:43.387+00:00,2026-08-31T19:24:43.387+00:00,2026-08-31T19:24:44.103+00:00,2026-08-31T19:24:44.103+00:00,0.31208,0.716636119001123,sqs-worker-5986dcd897-fw7sq,ip-192-168-20-201.ec2.internal,a43feda48952a878f8453d9d46e3598cf43dd30e3cc4805846dcf5be5b3e9faf,1,4.0,720.0
1,keda-poisson-303-9253ff26,000207,139.481687,2026-08-31T19:24:51.204+00:00,2026-08-31T19:24:47.446+00:00,2026-08-31T19:24:47.450+00:00,2026-08-31T19:24:47.450+00:00,2026-08-31T19:24:47.500+00:00,2026-08-31T19:24:47.500+00:00,0.050001,0.05007236500023282,sqs-worker-5986dcd897-x8rdl,ip-192-168-20-201.ec2.internal,4d7f9e6e9a5ab15db4f9a16bad189c94a66eb923062d1d49e09adfb75559159d,1,4.0,54.0
1,keda-poisson-303-9253ff26,000209,139.69732,2026-08-31T19:24:51.417+00:00,2026-08-31T19:24:47.661+00:00,2026-08-31T19:24:47.665+00:00,2026-08-31T19:24:47.665+00:00,2026-08-31T19:24:47.789+00:00,2026-08-31T19:24:47.789+00:00,0.064739,0.12406796699906408,sqs-worker-5986dcd897-x8rdl,ip-192-168-20-201.ec2.internal,77c22d3adc934c85a065a7e8c95293a2c5d1e4e60dd2b0a7c6a3750b0652b1b5,1,4.0,128.0
1,keda-poisson-303-9253ff26,000208,139.63325,2026-08-31T19:24:51.353+00:00,2026-08-31T19:24:47.597+00:00,2026-08-31T19:24:47.600+00:00,2026-08-31T19:24:47.600+00:00,2026-08-31T19:24:48.998+00:00,2026-08-31T19:24:48.998+00:00,0.587625,1.397884060999786,sqs-worker-5986dcd897-fw7sq,ip-192-168-20-201.ec2.internal,23a25c913ee63cf8e7b8c1e01ae08cf3b4532f5e885ffea7a718088eaef2c006,1,3.0,1401.0
1,keda-poisson-303-9253ff26,000211,141.51001,2026-08-31T19:24:53.230+00:00,2026-08-31T19:24:49.472+00:00,2026-08-31T19:24:49.487+00:00,2026-08-31T19:24:49.487+00:00,2026-08-31T19:24:49.508+00:00,2026-08-31T19:24:49.508+00:00,0.020619,0.020871724000244285,sqs-worker-5986dcd897-fw7sq,ip-192-168-20-201.ec2.internal,e020d6e5405a7c60d78860b20c9de99499bdec201cadf7f28f920e871d253601,1,15.0,36.0
1,keda-poisson-303-9253ff26,000212,142.122299,2026-08-31T19:24:53.842+00:00,2026-08-31T19:24:50.087+00:00,2026-08-31T19:24:50.090+00:00,2026-08-31T19:24:50.090+00:00,2026-08-31T19:24:50.107+00:00,2026-08-31T19:24:50.107+00:00,0.006487,0.016553575998841552,sqs-worker-5986dcd897-fw7sq,ip-192-168-20-201.ec2.internal,5c3bbe327d17495781395a31dfa4106f6abe1a91331dcd8c8f08a26eb800f8cc,1,3.0,20.0
1,keda-poisson-303-9253ff26,000213,142.643436,2026-08-31T19:24:54.363+00:00,2026-08-31T19:24:50.606+00:00,2026-08-31T19:24:50.636+00:00,2026-08-31T19:24:50.636+00:00,2026-08-31T19:24:50.732+00:00,2026-08-31T19:24:50.732+00:00,0.054967,0.0951188210001419,sqs-worker-5986dcd897-fw7sq,ip-192-168-20-201.ec2.internal,ba68cc7164d9c1fbad8df41f8a05684e84dd13b03552277229e777ab1707393d,1,30.0,126.0
1,keda-poisson-303-9253ff26,000210,141.313276,2026-08-31T19:24:53.034+00:00,2026-08-31T19:24:49.276+00:00,2026-08-31T19:24:49.280+00:00,2026-08-31T19:24:49.280+00:00,2026-08-31T19:24:53.414+00:00,2026-08-31T19:24:53.414+00:00,1.0,4.133536325000023,sqs-worker-5986dcd897-x8rdl,ip-192-168-20-201.ec2.internal,9c2c020bb4143594cf645cfcbe1a4b352890890101ce4eaf1a4b38369442bd85,1,4.0,4138.0
1,keda-poisson-303-9253ff26,000214,145.149802,2026-08-31T19:24:56.868+00:00,2026-08-31T19:24:53.114+00:00,2026-08-31T19:24:53.118+00:00,2026-08-31T19:24:53.118+00:00,2026-08-31T19:24:53.440+00:00,2026-08-31T19:24:53.440+00:00,0.148567,0.3226507939998555,sqs-worker-5986dcd897-fw7sq,ip-192-168-20-201.ec2.internal,077e260f2cc6365363a874d201688872b3683bfff6426ac2ceead295bbeaab9b,1,4.0,326.0
1,keda-poisson-303-9253ff26,000215,145.713213,2026-08-31T19:24:57.431+00:00,2026-08-31T19:24:53.674+00:00,2026-08-31T19:24:53.678+00:00,2026-08-31T19:24:53.678+00:00,2026-08-31T19:24:53.919+00:00,2026-08-31T19:24:53.919+00:00,0.116705,0.24129429400090885,sqs-worker-5986dcd897-x8rdl,ip-192-168-20-201.ec2.internal,2d7dc7b733566dc319837b82b821e88b968305272a47fd0587cd66891b7fff2d,1,4.0,245.0
1,keda-poisson-303-9253ff26,000217,146.884295,2026-08-31T19:24:58.602+00:00,2026-08-31T19:24:54.847+00:00,2026-08-31T19:24:54.850+00:00,2026-08-31T19:24:54.850+00:00,2026-08-31T19:24:55.835+00:00,2026-08-31T19:24:55.835+00:00,0.409708,0.9852526350005064,sqs-worker-5986dcd897-fw7sq,ip-192-168-20-201.ec2.internal,6cdea7302da704b13d09a3af9d58674cafe3f96d72b85114dea9e715b400e7ce,1,3.0,988.0
1,keda-poisson-303-9253ff26,000218,147.875447,2026-08-31T19:24:59.594+00:00,2026-08-31T19:24:55.836+00:00,2026-08-31T19:24:55.906+00:00,2026-08-31T19:24:55.907+00:00,2026-08-31T19:24:56.374+00:00,2026-08-31T19:24:56.374+00:00,0.077991,0.467965584999547,sqs-worker-5986dcd897-fw7sq,ip-192-168-20-201.ec2.internal,6ebef3331617c5785e92330a795c9d287ee67ad4b4e901d111acc50ede6e4e9c,1,70.0,538.0
1,keda-poisson-303-9253ff26,000216,146.755785,2026-08-31T19:24:58.474+00:00,2026-08-31T19:24:54.720+00:00,2026-08-31T19:24:54.723+00:00,2026-08-31T19:24:54.723+00:00,2026-08-31T19:24:56.390+00:00,2026-08-31T19:24:56.390+00:00,0.685345,1.6674006080011168,sqs-worker-5986dcd897-x8rdl,ip-192-168-20-201.ec2.internal,e9ea75af9dfc99eb6321203e052a0015c82c362d853d9c8132ff175c0772e938,1,3.0,1670.0
1,keda-poisson-303-9253ff26,000220,149.18825,2026-08-31T19:25:00.907+00:00,2026-08-31T19:24:57.151+00:00,2026-08-31T19:24:57.155+00:00,2026-08-31T19:24:57.155+00:00,2026-08-31T19:24:57.586+00:00,2026-08-31T19:24:57.586+00:00,0.181565,0.4307924839995394,sqs-worker-5986dcd897-x8rdl,ip-192-168-20-201.ec2.internal,f900f145de9426bc106a0355765ec8b82c33dc144cde4b7c57fe0407c56e5ea6,1,4.0,435.0
1,keda-poisson-303-9253ff26,000219,148.287935,2026-08-31T19:25:00.006+00:00,2026-08-31T19:24:56.248+00:00,2026-08-31T19:24:56.427+00:00,2026-08-31T19:24:56.427+00:00,2026-08-31T19:24:58.375+00:00,2026-08-31T19:24:58.376+00:00,0.328252,1.9492967709993536,sqs-worker-5986dcd897-fw7sq,ip-192-168-20-201.ec2.internal,5254ad4cf7905f675054ace5235e8e54678d7dd4e8bee065b45442149d0184e2,1,179.0,2127.0
1,keda-poisson-303-9253ff26,000221,149.820583,2026-08-31T19:25:01.539+00:00,2026-08-31T19:24:57.782+00:00,2026-08-31T19:24:57.786+00:00,2026-08-31T19:24:57.786+00:00,2026-08-31T19:24:58.604+00:00,2026-08-31T19:24:58.604+00:00,0.342043,0.8181658710000193,sqs-worker-5986dcd897-x8rdl,ip-192-168-20-201.ec2.internal,58d895fd8665c57b5d7892a95764fa03e6ca2fa31cc80f22f32cf2a21250809f,1,4.0,822.0
1,keda-poisson-303-9253ff26,000222,149.913533,2026-08-31T19:25:01.631+00:00,2026-08-31T19:24:57.875+00:00,2026-08-31T19:24:58.408+00:00,2026-08-31T19:24:58.408+00:00,2026-08-31T19:24:58.892+00:00,2026-08-31T19:24:58.893+00:00,0.193439,0.4841213430008793,sqs-worker-5986dcd897-fw7sq,ip-192-168-20-201.ec2.internal,3489663b4a4d2c19568d10ee49a0b430fea7d298e8fab4bbb6a22e59922ad8c5,1,533.0,1016.9999999999999
1,keda-poisson-303-9253ff26,000224,150.829789,2026-08-31T19:25:02.548+00:00,2026-08-31T19:24:58.793+00:00,2026-08-31T19:24:58.915+00:00,2026-08-31T19:24:58.915+00:00,2026-08-31T19:24:59.181+00:00,2026-08-31T19:24:59.181+00:00,0.103158,0.2655360400003701,sqs-worker-5986dcd897-fw7sq,ip-192-168-20-201.ec2.internal,42e163bf804ad80f0f2bceb6678c0fa3820a81bbab011f804ce6b1f28cdf10fd,1,122.0,388.0
1,keda-poisson-303-9253ff26,000225,150.960627,2026-08-31T19:25:02.678+00:00,2026-08-31T19:24:58.922+00:00,2026-08-31T19:24:59.214+00:00,2026-08-31T19:24:59.214+00:00,2026-08-31T19:24:59.372+00:00,2026-08-31T19:24:59.372+00:00,0.065871,0.1583472359998268,sqs-worker-5986dcd897-fw7sq,ip-192-168-20-201.ec2.internal,50aea27e06e1362b5c1c1af59288942f271c1d0eb47275187e46e1b4766950b2,1,292.0,450.0
1,keda-poisson-303-9253ff26,000223,150.235923,2026-08-31T19:25:01.954+00:00,2026-08-31T19:24:58.197+00:00,2026-08-31T19:24:58.623+00:00,2026-08-31T19:24:58.623+00:00,2026-08-31T19:24:59.282+00:00,2026-08-31T19:24:59.282+00:00,0.260545,0.6592075260014099,sqs-worker-5986dcd897-x8rdl,ip-192-168-20-201.ec2.internal,c0d06a6994ed1b052eb1a67b751a269f647fdfd59184c94eb10a38e187ef7065,1,426.0,1085.0
1,keda-poisson-303-9253ff26,000226,151.205292,2026-08-31T19:25:02.923+00:00,2026-08-31T19:24:59.186+00:00,2026-08-31T19:24:59.351+00:00,2026-08-31T19:24:59.351+00:00,2026-08-31T19:25:00.095+00:00,2026-08-31T19:25:00.095+00:00,0.21856,0.7447767590001604,sqs-worker-5986dcd897-x8rdl,ip-192-168-20-201.ec2.internal,72f92ddcde0672b2218218133bbe0c83c4272e7a8ac4cd8bce91ac555ceaadb7,1,165.0,909.0
1,keda-poisson-303-9253ff26,000227,151.420427,2026-08-31T19:25:03.138+00:00,2026-08-31T19:24:59.383+00:00,2026-08-31T19:24:59.402+00:00,2026-08-31T19:24:59.402+00:00,2026-08-31T19:24:59.985+00:00,2026-08-31T19:24:59.985+00:00,0.24858,0.582534121000208,sqs-worker-5986dcd897-fw7sq,ip-192-168-20-201.ec2.internal,321fd53ee32f33b4a4905f48369e5bc25d98bf6557decc2cc2927f222ee85081,1,19.0,602.0
1,keda-poisson-303-9253ff26,000228,151.805214,2026-08-31T19:25:03.523+00:00,2026-08-31T19:24:59.767+00:00,2026-08-31T19:25:00.025+00:00,2026-08-31T19:25:00.025+00:00,2026-08-31T19:25:00.593+00:00,2026-08-31T19:25:00.593+00:00,0.242596,0.5682824600007734,sqs-worker-5986dcd897-fw7sq,ip-192-168-20-201.ec2.internal,bfacb540b2307bc92fee948986c5123f770b5e4e2568d366e4db3c3ad08ea126,1,258.0,826.0
1,keda-poisson-303-9253ff26,000229,153.120722,2026-08-31T19:25:04.840+00:00,2026-08-31T19:25:01.083+00:00,2026-08-31T19:25:01.086+00:00,2026-08-31T19:25:01.086+00:00,2026-08-31T19:25:01.120+00:00,2026-08-31T19:25:01.120+00:00,0.033096,0.03354051299902494,sqs-worker-5986dcd897-fw7sq,ip-192-168-20-201.ec2.internal,8a1db8dd026425d5d5a3ca406b92417080ef56c26565e4cc4ddc5e9b945d0c91,1,3.0,37.0
1,keda-poisson-303-9253ff26,000230,154.89704,2026-08-31T19:25:06.616+00:00,2026-08-31T19:25:02.863+00:00,2026-08-31T19:25:02.869+00:00,2026-08-31T19:25:02.869+00:00,2026-08-31T19:25:02.989+00:00,2026-08-31T19:25:02.989+00:00,0.063571,0.12004425499981153,sqs-worker-5986dcd897-fw7sq,ip-192-168-20-201.ec2.internal,d133aa8dc210d59723f0fa6cf46c212abe13847935bdf2ed9038f103caf7aec9,1,6.0,126.0
1,keda-poisson-303-9253ff26,000231,155.53924,2026-08-31T19:25:07.258+00:00,2026-08-31T19:25:03.501+00:00,2026-08-31T19:25:03.505+00:00,2026-08-31T19:25:03.505+00:00,2026-08-31T19:25:03.790+00:00,2026-08-31T19:25:03.790+00:00,0.127234,0.2849288790002902,sqs-worker-5986dcd897-x8rdl,ip-192-168-20-201.ec2.internal,2d60b67f8b6f6116edb6bdf58ff4a4845b28443865ca18487bb1351dcb8baa4b,1,4.0,289.0
1,keda-poisson-303-9253ff26,000232,156.240928,2026-08-31T19:25:07.959+00:00,2026-08-31T19:25:04.202+00:00,2026-08-31T19:25:04.209+00:00,2026-08-31T19:25:04.209+00:00,2026-08-31T19:25:04.418+00:00,2026-08-31T19:25:04.418+00:00,0.115241,0.20895249000022886,sqs-worker-5986dcd897-x8rdl,ip-192-168-20-201.ec2.internal,251f6f29c8203acb2da76fba05161490ca35751f22468a6cf41c020c12b73ece,1,7.0,216.0
1,keda-poisson-303-9253ff26,000233,157.964976,2026-08-31T19:25:09.684+00:00,2026-08-31T19:25:05.926+00:00,2026-08-31T19:25:05.977+00:00,2026-08-31T19:25:05.977+00:00,2026-08-31T19:25:06.677+00:00,2026-08-31T19:25:06.677+00:00,0.132365,0.7001848179988883,sqs-worker-5986dcd897-fw7sq,ip-192-168-20-201.ec2.internal,6c76a2ae365b6deb9461292a7e2479ba26941b580be8a4d41b3c18ffacfa0671,1,51.0,751.0
1,keda-poisson-303-9253ff26,000234,159.201757,2026-08-31T19:25:10.921+00:00,2026-08-31T19:25:07.163+00:00,2026-08-31T19:25:07.172+00:00,2026-08-31T19:25:07.172+00:00,2026-08-31T19:25:07.385+00:00,2026-08-31T19:25:07.385+00:00,0.096024,0.2132922589989903,sqs-worker-5986dcd897-x8rdl,ip-192-168-20-201.ec2.internal,df100d730f8753f11cbb6f621e828ccf1f82963630db096eebce61dcac756eb5,1,9.0,222.0
1,keda-poisson-303-9253ff26,000235,159.736929,2026-08-31T19:25:11.455+00:00,2026-08-31T19:25:07.699+00:00,2026-08-31T19:25:07.702+00:00,2026-08-31T19:25:07.702+00:00,2026-08-31T19:25:07.707+00:00,2026-08-31T19:25:07.707+00:00,0.005,0.0050432049993105466,sqs-worker-5986dcd897-x8rdl,ip-192-168-20-201.ec2.internal,b6d40ba7897593ed844ab3d1c3e0711a4480ff951f2b2ec65ba03f57f4feb3db,1,3.0,8.0
1,keda-poisson-303-9253ff26,000236,159.760129,2026-08-31T19:25:11.478+00:00,2026-08-31T19:25:07.721+00:00,2026-08-31T19:25:07.724+00:00,2026-08-31T19:25:07.725+00:00,2026-08-31T19:25:07.746+00:00,2026-08-31T19:25:07.746+00:00,0.021182,0.02122517000134394,sqs-worker-5986dcd897-fw7sq,ip-192-168-20-201.ec2.internal,d68e9f7608562103a02a6d3da2917f8068ebf6407e94cc3aa0561b73fa2c7f4f,1,3.0,25.0
1,keda-poisson-303-9253ff26,000237,160.025642,2026-08-31T19:25:11.743+00:00,2026-08-31T19:25:07.987+00:00,2026-08-31T19:25:07.991+00:00,2026-08-31T19:25:07.991+00:00,2026-08-31T19:25:08.027+00:00,2026-08-31T19:25:08.027+00:00,0.035438,0.035504856999978074,sqs-worker-5986dcd897-fw7sq,ip-192-168-20-201.ec2.internal,028905d95b8890b4b5b14976b1966bb761ac4c74bfe230c4f5ef02fb6db29fca,1,4.0,40.0
1,keda-poisson-303-9253ff26,000238,160.221818,2026-08-31T19:25:11.940+00:00,2026-08-31T19:25:08.182+00:00,2026-08-31T19:25:08.186+00:00,2026-08-31T19:25:08.186+00:00,2026-08-31T19:25:08.773+00:00,2026-08-31T19:25:08.773+00:00,0.242538,0.5866483129993867,sqs-worker-5986dcd897-fw7sq,ip-192-168-20-201.ec2.internal,be6ce8b071271c686a871c5125d7c1b2b1b2bbd0506733aab57bd6e23ed7441f,1,4.0,591.0
1,keda-poisson-303-9253ff26,000239,160.813061,2026-08-31T19:25:12.531+00:00,2026-08-31T19:25:08.809+00:00,2026-08-31T19:25:08.812+00:00,2026-08-31T19:25:08.813+00:00,2026-08-31T19:25:08.838+00:00,2026-08-31T19:25:08.838+00:00,0.025236,0.02527426199958427,sqs-worker-5986dcd897-x8rdl,ip-192-168-20-201.ec2.internal,8188abfedb8a2582d98657a00768154a367256f476c6aa96920ea59fddc1d51a,1,3.0,29.0
1,keda-poisson-303-9253ff26,000240,161.130331,2026-08-31T19:25:12.850+00:00,2026-08-31T19:25:09.096+00:00,2026-08-31T19:25:09.102+00:00,2026-08-31T19:25:09.102+00:00,2026-08-31T19:25:09.287+00:00,2026-08-31T19:25:09.288+00:00,0.085093,0.1853511150002305,sqs-worker-5986dcd897-x8rdl,ip-192-168-20-201.ec2.internal,10b877f09d37f5926f2bec71666f52a4498a7b5d46f559c86d835affb48f123b,1,6.0,191.0
1,keda-poisson-303-9253ff26,000241,161.216175,2026-08-31T19:25:12.934+00:00,2026-08-31T19:25:09.176+00:00,2026-08-31T19:25:09.180+00:00,2026-08-31T19:25:09.180+00:00,2026-08-31T19:25:09.683+00:00,2026-08-31T19:25:09.683+00:00,0.2124,0.5029217499995866,sqs-worker-5986dcd897-fw7sq,ip-192-168-20-201.ec2.internal,690191a55fab12bf1a7c58b8af805b8db0717ba725b1ed7ae217d38388af9f28,1,4.0,507.0
1,keda-poisson-303-9253ff26,000242,161.881434,2026-08-31T19:25:13.599+00:00,2026-08-31T19:25:09.853+00:00,2026-08-31T19:25:09.908+00:00,2026-08-31T19:25:09.908+00:00,2026-08-31T19:25:10.290+00:00,2026-08-31T19:25:10.291+00:00,0.071465,0.38273902800028736,sqs-worker-5986dcd897-x8rdl,ip-192-168-20-201.ec2.internal,f5eb2b5c6040f6c52e55aa401b7a8170fa66ed61a8097ca949f3690dae795e55,1,55.0,437.0
1,keda-poisson-303-9253ff26,000243,162.223251,2026-08-31T19:25:13.941+00:00,2026-08-31T19:25:10.183+00:00,2026-08-31T19:25:10.192+00:00,2026-08-31T19:25:10.192+00:00,2026-08-31T19:25:10.393+00:00,2026-08-31T19:25:10.394+00:00,0.10069,0.2014625909996539,sqs-worker-5986dcd897-fw7sq,ip-192-168-20-201.ec2.internal,a66d8221453ebcf67c7294d41b62b64f2fd1f578af3166c6a4f03871a97d3cc3,1,9.0,210.0
1,keda-poisson-303-9253ff26,000244,162.627396,2026-08-31T19:25:14.345+00:00,2026-08-31T19:25:10.589+00:00,2026-08-31T19:25:10.593+00:00,2026-08-31T19:25:10.593+00:00,2026-08-31T19:25:10.903+00:00,2026-08-31T19:25:10.903+00:00,0.151772,0.31000906599911104,sqs-worker-5986dcd897-fw7sq,ip-192-168-20-201.ec2.internal,12f40caa7470bff3b3b2a61988034891044aadf8ea02c3c6634edd2aed033d9b,1,4.0,314.0
1,keda-poisson-303-9253ff26,000245,163.962346,2026-08-31T19:25:15.681+00:00,2026-08-31T19:25:11.924+00:00,2026-08-31T19:25:11.927+00:00,2026-08-31T19:25:11.927+00:00,2026-08-31T19:25:12.291+00:00,2026-08-31T19:25:12.291+00:00,0.167461,0.36430784999902244,sqs-worker-5986dcd897-x8rdl,ip-192-168-20-201.ec2.internal,81939b6ebc02de4f7e41eae2b61f20571ee1ddfc910d058bc6f1ce7b5d6fb331,1,3.0,367.0
1,keda-poisson-303-9253ff26,000246,165.014517,2026-08-31T19:25:16.732+00:00,2026-08-31T19:25:12.979+00:00,2026-08-31T19:25:12.986+00:00,2026-08-31T19:25:12.986+00:00,2026-08-31T19:25:13.202+00:00,2026-08-31T19:25:13.202+00:00,0.110757,0.2158353739996528,sqs-worker-5986dcd897-fw7sq,ip-192-168-20-201.ec2.internal,128a691655a536f480d5d35e326c0a8b059e3751667a731d513a3f4599899b15,1,7.0,223.0
1,keda-poisson-303-9253ff26,000247,165.103152,2026-08-31T19:25:16.821+00:00,2026-08-31T19:25:13.068+00:00,2026-08-31T19:25:13.072+00:00,2026-08-31T19:25:13.072+00:00,2026-08-31T19:25:14.498+00:00,2026-08-31T19:25:14.498+00:00,0.589195,1.4260299079996912,sqs-worker-5986dcd897-x8rdl,ip-192-168-20-201.ec2.internal,14b9a2f2443f20edd54045fcbf2aee796fe51c238c0ba17fcaa95f0d6098a0d8,1,4.0,1430.0
1,keda-poisson-303-9253ff26,000248,165.546605,2026-08-31T19:25:17.265+00:00,2026-08-31T19:25:13.507+00:00,2026-08-31T19:25:14.512+00:00,2026-08-31T19:25:14.512+00:00,2026-08-31T19:25:14.804+00:00,2026-08-31T19:25:14.804+00:00,0.121935,0.29222517000016524,sqs-worker-5986dcd897-x8rdl,ip-192-168-20-201.ec2.internal,eb5e076d8dd6fe735a69785c2527981967686a0f1d19ddc687233c21e1e8adf1,1,1004.9999999999999,1297.0
1,keda-poisson-303-9253ff26,000249,166.270226,2026-08-31T19:25:17.988+00:00,2026-08-31T19:25:14.257+00:00,2026-08-31T19:25:14.818+00:00,2026-08-31T19:25:14.818+00:00,2026-08-31T19:25:15.084+00:00,2026-08-31T19:25:15.084+00:00,0.09559,0.2660461249997752,sqs-worker-5986dcd897-x8rdl,ip-192-168-20-201.ec2.internal,6a746749c7c1dd123a5351fb0edf7edff919d2b3e36294134148b575283a31c6,1,561.0,827.0
1,keda-poisson-303-9253ff26,000250,166.415192,2026-08-31T19:25:18.133+00:00,2026-08-31T19:25:14.381+00:00,2026-08-31T19:25:15.123+00:00,2026-08-31T19:25:15.123+00:00,2026-08-31T19:25:15.913+00:00,2026-08-31T19:25:15.913+00:00,0.345181,0.7905251159991167,sqs-worker-5986dcd897-x8rdl,ip-192-168-20-201.ec2.internal,57e84ad16c318465dfb14d968826b5d177274b5f58611c426e9d99d03b39a0f2,1,742.0,1532.0
1,keda-poisson-303-9253ff26,000252,167.649378,2026-08-31T19:25:19.368+00:00,2026-08-31T19:25:15.611+00:00,2026-08-31T19:25:16.001+00:00,2026-08-31T19:25:16.001+00:00,2026-08-31T19:25:17.006+00:00,2026-08-31T19:25:17.006+00:00,0.428922,1.005750218000685,sqs-worker-5986dcd897-x8rdl,ip-192-168-20-201.ec2.internal,c2a9fdb3e2dbdf0556e497ca19519523a9d94150b25b07b9677d8c84e7a48065,1,390.0,1395.0
1,keda-poisson-303-9253ff26,000251,166.666726,2026-08-31T19:25:18.385+00:00,2026-08-31T19:25:14.628+00:00,2026-08-31T19:25:17.046+00:00,2026-08-31T19:25:17.046+00:00,2026-08-31T19:25:17.380+00:00,2026-08-31T19:25:17.380+00:00,0.128428,0.33404496799994376,sqs-worker-5986dcd897-x8rdl,ip-192-168-20-201.ec2.internal,23781cefcc02da65a5b616693c1676a0956d62878a7fc8c19c0618f91fb313b8,1,2418.0,2752.0
1,keda-poisson-303-9253ff26,000253,169.558872,2026-08-31T19:25:21.278+00:00,2026-08-31T19:25:17.521+00:00,2026-08-31T19:25:17.527+00:00,2026-08-31T19:25:17.527+00:00,2026-08-31T19:25:17.723+00:00,2026-08-31T19:25:17.723+00:00,0.119927,0.19538150300104462,sqs-worker-5986dcd897-x8rdl,ip-192-168-20-201.ec2.internal,4bdadd70a63f9d2c4ff545183b6339688d9b4d2ce68fb198f2753339e336b231,1,6.0,202.0
1,keda-poisson-303-9253ff26,000254,170.325386,2026-08-31T19:25:22.044+00:00,2026-08-31T19:25:18.292+00:00,2026-08-31T19:25:18.296+00:00,2026-08-31T19:25:18.296+00:00,2026-08-31T19:25:18.899+00:00,2026-08-31T19:25:18.899+00:00,0.256779,0.603854921000675,sqs-worker-5986dcd897-x8rdl,ip-192-168-20-201.ec2.internal,19da9aeee613c3d795ffbc07f9bbd377d33bf76b6929f9e962aaae93f5f0ea1d,1,4.0,607.0
1,keda-poisson-303-9253ff26,000255,170.669247,2026-08-31T19:25:22.387+00:00,2026-08-31T19:25:18.630+00:00,2026-08-31T19:25:18.937+00:00,2026-08-31T19:25:18.937+00:00,2026-08-31T19:25:19.389+00:00,2026-08-31T19:25:19.389+00:00,0.185447,0.452401545999237,sqs-worker-5986dcd897-x8rdl,ip-192-168-20-201.ec2.internal,c4acebc5a385390c31dd4f6c4785a181689609a8f38f13c81360027dbca82d4e,1,307.0,759.0
1,keda-poisson-303-9253ff26,000256,171.367614,2026-08-31T19:25:23.086+00:00,2026-08-31T19:25:19.329+00:00,2026-08-31T19:25:19.449+00:00,2026-08-31T19:25:19.449+00:00,2026-08-31T19:25:19.700+00:00,2026-08-31T19:25:19.700+00:00,0.130926,0.2503820799993264,sqs-worker-5986dcd897-x8rdl,ip-192-168-20-201.ec2.internal,fee7b38df6ced32bb2350764a759ad3d2ae69706d80202a83e38de8a5c236128,1,120.0,371.0
1,keda-poisson-303-9253ff26,000257,172.791602,2026-08-31T19:25:24.511+00:00,2026-08-31T19:25:20.753+00:00,2026-08-31T19:25:20.784+00:00,2026-08-31T19:25:20.784+00:00,2026-08-31T19:25:20.792+00:00,2026-08-31T19:25:20.792+00:00,0.007519,0.008831365999867558,sqs-worker-5986dcd897-x8rdl,ip-192-168-20-201.ec2.internal,68cbf804051962cdc8368c6fc72ce9045b2a811a65b2567c7624b93cef55f685,1,31.0,39.0
1,keda-poisson-303-9253ff26,000258,172.850691,2026-08-31T19:25:24.568+00:00,2026-08-31T19:25:20.811+00:00,2026-08-31T19:25:20.814+00:00,2026-08-31T19:25:20.814+00:00,2026-08-31T19:25:21.100+00:00,2026-08-31T19:25:21.100+00:00,0.091169,0.2861493399996107,sqs-worker-5986dcd897-x8rdl,ip-192-168-20-201.ec2.internal,b55afe59d4d22a94b3eb2e2235aa7312e49f8373301a43625c19ef49c8204f16,1,3.0,289.0
1,keda-poisson-303-9253ff26,000259,172.895275,2026-08-31T19:25:24.613+00:00,2026-08-31T19:25:21.355+00:00,2026-08-31T19:25:21.360+00:00,2026-08-31T19:25:21.360+00:00,2026-08-31T19:25:21.372+00:00,2026-08-31T19:25:21.372+00:00,0.012536,0.012574944001244148,sqs-worker-5986dcd897-x8rdl,ip-192-168-20-201.ec2.internal,660f199315923bb467d3ec67b6c735916ec6866678718b350f7fc92fdf7b6ec6,1,5.0,17.0
1,keda-poisson-303-9253ff26,000260,173.477903,2026-08-31T19:25:25.194+00:00,2026-08-31T19:25:21.440+00:00,2026-08-31T19:25:21.444+00:00,2026-08-31T19:25:21.444+00:00,2026-08-31T19:25:21.477+00:00,2026-08-31T19:25:21.477+00:00,0.032803,0.03313484400132438,sqs-worker-5986dcd897-x8rdl,ip-192-168-20-201.ec2.internal,aa25f1fd345a7a62a7a9459ac9896b381679f956468ba0cab8608e11cb7dd397,1,4.0,37.0
1,keda-poisson-303-9253ff26,000261,175.246193,2026-08-31T19:25:26.964+00:00,2026-08-31T19:25:23.210+00:00,2026-08-31T19:25:23.215+00:00,2026-08-31T19:25:23.215+00:00,2026-08-31T19:25:23.397+00:00,2026-08-31T19:25:23.397+00:00,0.094082,0.1812891400004446,sqs-worker-5986dcd897-x8rdl,ip-192-168-20-201.ec2.internal,93761a40cc162954e35503af1cd123c3e1460f293492c1d5005adf5185fcf2ab,1,5.0,187.0
1,keda-poisson-303-9253ff26,000262,176.85145,2026-08-31T19:25:28.569+00:00,2026-08-31T19:25:24.812+00:00,2026-08-31T19:25:24.816+00:00,2026-08-31T19:25:24.816+00:00,2026-08-31T19:25:26.811+00:00,2026-08-31T19:25:26.811+00:00,0.828459,1.9949460490006459,sqs-worker-5986dcd897-x8rdl,ip-192-168-20-201.ec2.internal,52b20d0d6c99f625fb341641b5a2a2ef628ad46f8385a58e9a4e6d2d2de5c8d8,1,4.0,1999.0
1,keda-poisson-303-9253ff26,000263,177.011147,2026-08-31T19:25:28.727+00:00,2026-08-31T19:25:24.970+00:00,2026-08-31T19:25:26.826+00:00,2026-08-31T19:25:26.826+00:00,2026-08-31T19:25:28.208+00:00,2026-08-31T19:25:28.208+00:00,0.553092,1.3819647210002586,sqs-worker-5986dcd897-x8rdl,ip-192-168-20-201.ec2.internal,a236977c470ce4d1802ea50696cc235d311fbc68137352c6c6f8c7fe504c961e,1,1856.0,3238.0
1,keda-poisson-303-9253ff26,000264,177.28171,2026-08-31T19:25:28.998+00:00,2026-08-31T19:25:25.240+00:00,2026-08-31T19:25:28.249+00:00,2026-08-31T19:25:28.249+00:00,2026-08-31T19:25:28.407+00:00,2026-08-31T19:25:28.407+00:00,0.066959,0.15799131699895952,sqs-worker-5986dcd897-x8rdl,ip-192-168-20-201.ec2.internal,64744246e94d851961939af3824b169081c97c45b83b3a414e243ce61dde4715,1,3009.0,3167.0
1,keda-poisson-303-9253ff26,000266,178.48277,2026-08-31T19:25:30.199+00:00,2026-08-31T19:25:26.938+00:00,2026-08-31T19:25:28.425+00:00,2026-08-31T19:25:28.425+00:00,2026-08-31T19:25:29.294+00:00,2026-08-31T19:25:29.294+00:00,0.342962,0.8682162540007994,sqs-worker-5986dcd897-x8rdl,ip-192-168-20-201.ec2.internal,5eebf8eceed3afd947d22c975d8db7e26a74cb4e6f5a5204f230d21cfaed2709,1,1487.0,2356.0
1,keda-poisson-303-9253ff26,000269,179.572992,2026-08-31T19:25:31.289+00:00,2026-08-31T19:25:27.533+00:00,2026-08-31T19:25:29.322+00:00,2026-08-31T19:25:29.322+00:00,2026-08-31T19:25:29.795+00:00,2026-08-31T19:25:29.795+00:00,0.180317,0.47330329900069046,sqs-worker-5986dcd897-x8rdl,ip-192-168-20-201.ec2.internal,83e27ac7cbdaf8d1b8603905a5f037e980623ef25530c1db24da52fa86466959,1,1789.0,2262.0
1,keda-poisson-303-9253ff26,000265,178.157095,2026-08-31T19:25:29.874+00:00,2026-08-31T19:25:26.120+00:00,2026-08-31T19:25:29.884+00:00,2026-08-31T19:25:29.884+00:00,2026-08-31T19:25:30.885+00:00,2026-08-31T19:25:30.885+00:00,0.180563,1.0010087440005009,sqs-worker-5986dcd897-x8rdl,ip-192-168-20-201.ec2.internal,c9a42b6ca909517fac732fd1b9d455f200d46f15c69d71eecb83231c1e181554,1,3764.0,4765.0
1,keda-poisson-303-9253ff26,000267,178.599232,2026-08-31T19:25:30.315+00:00,2026-08-31T19:25:26.571+00:00,2026-08-31T19:25:30.903+00:00,2026-08-31T19:25:30.903+00:00,2026-08-31T19:25:32.585+00:00,2026-08-31T19:25:32.585+00:00,0.306288,1.68217770100091,sqs-worker-5986dcd897-x8rdl,ip-192-168-20-201.ec2.internal,29db5905830e338be49f4aae7f161385138df1d13bf1037a5843d3a812123475,1,4332.0,6014.0
1,keda-poisson-303-9253ff26,000270,179.783773,2026-08-31T19:25:31.501+00:00,2026-08-31T19:25:27.745+00:00,2026-08-31T19:25:32.608+00:00,2026-08-31T19:25:32.608+00:00,2026-08-31T19:25:32.699+00:00,2026-08-31T19:25:32.700+00:00,0.049419,0.09164334900015092,sqs-worker-5986dcd897-x8rdl,ip-192-168-20-201.ec2.internal,61a180021842e2094208178877dda70f1ff282cb41c287f846bc88866ba763ff,1,4863.0,4954.0
1,keda-poisson-303-9253ff26,000268,179.008836,2026-08-31T19:25:30.725+00:00,2026-08-31T19:25:26.975+00:00,2026-08-31T19:25:32.719+00:00,2026-08-31T19:25:32.719+00:00,2026-08-31T19:25:33.219+00:00,2026-08-31T19:25:33.219+00:00,0.216932,0.49988404999930935,sqs-worker-5986dcd897-x8rdl,ip-192-168-20-201.ec2.internal,1b3dffca50569d78f35e31cfcbb7468f3b0f538bad8682514ca0b666a1f36f89,1,5744.0,6244.0
