schema_version,experiment_id,job_id,trace_offset_s,producer_sent_at,sqs_sent_at,worker_received_at,processing_started_at,processing_finished_at,result_sent_at,service_cpu_seconds,processing_wall_seconds,pod_name,node_name,digest,receive_count,queue_wait_ms,end_to_end_ms
1,hpa-mmpp-505-63cea98b,000000,0.0823,2026-08-31T20:19:10.519+00:00,2026-08-31T20:19:06.697+00:00,2026-08-31T20:19:06.704+00:00,2026-08-31T20:19:06.704+00:00,2026-08-31T20:19:07.014+00:00,2026-08-31T20:19:07.014+00:00,0.15161,0.3105219640001451,sqs-worker-5986dcd897-x8rdl,ip-192-168-20-201.ec2.internal,ce047beb6044e477bc204ad03451068ef78ee927b5655cfc087dc5977d4714a8,1,7.0,317.0
1,hpa-mmpp-505-63cea98b,000001,0.384674,2026-08-31T20:19:10.820+00:00,2026-08-31T20:19:06.992+00:00,2026-08-31T20:19:07.050+00:00,2026-08-31T20:19:07.050+00:00,2026-08-31T20:19:08.503+00:00,2026-08-31T20:19:08.503+00:00,0.584449,1.4530452710005193,sqs-worker-5986dcd897-x8rdl,ip-192-168-20-201.ec2.internal,32c6719c9f71bea38b0e56df96c6d797ca4f021d4be40de48a92c854bf2ea218,1,58.0,1511.0
1,hpa-mmpp-505-63cea98b,000002,0.471669,2026-08-31T20:19:10.907+00:00,2026-08-31T20:19:07.621+00:00,2026-08-31T20:19:08.526+00:00,2026-08-31T20:19:08.526+00:00,2026-08-31T20:19:08.715+00:00,2026-08-31T20:19:08.716+00:00,0.08884,0.18993285299984564,sqs-worker-5986dcd897-x8rdl,ip-192-168-20-201.ec2.internal,373ba529f6c02d2d55b1511f263238b313dc604ead19d06203ec5631a5673a82,1,905.0,1094.0
1,hpa-mmpp-505-63cea98b,000005,1.142072,2026-08-31T20:19:11.577+00:00,2026-08-31T20:19:08.254+00:00,2026-08-31T20:19:08.803+00:00,2026-08-31T20:19:08.803+00:00,2026-08-31T20:19:09.111+00:00,2026-08-31T20:19:09.111+00:00,0.143811,0.3078034460013441,sqs-worker-5986dcd897-x8rdl,ip-192-168-20-201.ec2.internal,3ae0c7e768d7ef7e2761b35e3751285aa90d28dcc908b376bd36a74d908cb065,1,549.0,857.0
1,hpa-mmpp-505-63cea98b,000003,0.867871,2026-08-31T20:19:11.303+00:00,2026-08-31T20:19:07.505+00:00,2026-08-31T20:19:09.138+00:00,2026-08-31T20:19:09.138+00:00,2026-08-31T20:19:09.195+00:00,2026-08-31T20:19:09.195+00:00,0.019649,0.056648547999429866,sqs-worker-5986dcd897-x8rdl,ip-192-168-20-201.ec2.internal,65c14e5fe2e845ff613b7d082eafa2fb26c4b60dd473475e7f69cd4dd1015816,1,1633.0,1690.0
1,hpa-mmpp-505-63cea98b,000008,2.533844,2026-08-31T20:19:12.969+00:00,2026-08-31T20:19:09.147+00:00,2026-08-31T20:19:09.228+00:00,2026-08-31T20:19:09.228+00:00,2026-08-31T20:19:09.246+00:00,2026-08-31T20:19:09.246+00:00,0.017611,0.01766326899996784,sqs-worker-5986dcd897-x8rdl,ip-192-168-20-201.ec2.internal,e5c145525dff614ff629de78a97d55c9db1468e142315e006c6d7ee699d152c8,1,81.0,99.0
1,hpa-mmpp-505-63cea98b,000004,1.126472,2026-08-31T20:19:11.562+00:00,2026-08-31T20:19:07.737+00:00,2026-08-31T20:19:09.275+00:00,2026-08-31T20:19:09.275+00:00,2026-08-31T20:19:09.481+00:00,2026-08-31T20:19:09.481+00:00,0.087483,0.2060989999990852,sqs-worker-5986dcd897-x8rdl,ip-192-168-20-201.ec2.internal,fbf30ca5de5d0f8e8d857b3ad1fa412d293e3ddfbb0976243a8e062f8c33e5e3,1,1538.0,1744.0
1,hpa-mmpp-505-63cea98b,000009,2.725604,2026-08-31T20:19:13.161+00:00,2026-08-31T20:19:09.331+00:00,2026-08-31T20:19:09.502+00:00,2026-08-31T20:19:09.503+00:00,2026-08-31T20:19:10.686+00:00,2026-08-31T20:19:10.686+00:00,0.258739,1.1836400360007246,sqs-worker-5986dcd897-x8rdl,ip-192-168-20-201.ec2.internal,34691feb634523407b9cef7c6299e975c7eab2aa0d5cd9d7e6e4da76c152109d,1,171.0,1355.0
1,hpa-mmpp-505-63cea98b,000011,3.388513,2026-08-31T20:19:13.824+00:00,2026-08-31T20:19:10.004+00:00,2026-08-31T20:19:10.714+00:00,2026-08-31T20:19:10.714+00:00,2026-08-31T20:19:11.490+00:00,2026-08-31T20:19:11.490+00:00,0.129986,0.7764638130011008,sqs-worker-5986dcd897-x8rdl,ip-192-168-20-201.ec2.internal,55c69977ffbf80f727373f5dfa0f4defee1e06af391d53c6aee0ba6c9b8b6a1a,1,710.0,1486.0
1,hpa-mmpp-505-63cea98b,000013,4.709963,2026-08-31T20:19:15.146+00:00,2026-08-31T20:19:11.316+00:00,2026-08-31T20:19:11.575+00:00,2026-08-31T20:19:11.575+00:00,2026-08-31T20:19:13.801+00:00,2026-08-31T20:19:13.801+00:00,0.738689,2.22587436700087,sqs-worker-5986dcd897-x8rdl,ip-192-168-20-201.ec2.internal,424e30f3af1c97ff358b8f9c970bf4b0a94d105ecd453c01ffd90318c0f545d1,1,259.0,2485.0
1,hpa-mmpp-505-63cea98b,000007,2.404289,2026-08-31T20:19:12.840+00:00,2026-08-31T20:19:09.036+00:00,2026-08-31T20:19:13.814+00:00,2026-08-31T20:19:13.814+00:00,2026-08-31T20:19:13.991+00:00,2026-08-31T20:19:13.991+00:00,0.066437,0.17627691500092624,sqs-worker-5986dcd897-x8rdl,ip-192-168-20-201.ec2.internal,c3e975e7029d5f96003eaa32ffe3e537f74da651e01faa73080e68e23bb9d29f,1,4778.0,4955.0
1,hpa-mmpp-505-63cea98b,000021,7.275496,2026-08-31T20:19:17.711+00:00,2026-08-31T20:19:13.885+00:00,2026-08-31T20:19:14.003+00:00,2026-08-31T20:19:14.003+00:00,2026-08-31T20:19:14.509+00:00,2026-08-31T20:19:14.509+00:00,0.213961,0.5051933560007456,sqs-worker-5986dcd897-x8rdl,ip-192-168-20-201.ec2.internal,75fca25656d9761f158172079dbfd113cb4095ada78744ee12d7e876ddca57c7,1,118.0,624.0
1,hpa-mmpp-505-63cea98b,000012,3.849123,2026-08-31T20:19:14.285+00:00,2026-08-31T20:19:10.453+00:00,2026-08-31T20:19:14.526+00:00,2026-08-31T20:19:14.526+00:00,2026-08-31T20:19:14.591+00:00,2026-08-31T20:19:14.591+00:00,0.017911,0.06513246500071546,sqs-worker-5986dcd897-x8rdl,ip-192-168-20-201.ec2.internal,885a2e9cef02ce7eb99cc81ba7206f3ffb42c0e637761d919f4b4ef0f45a3de8,1,4073.0000000000005,4138.0
1,hpa-mmpp-505-63cea98b,000006,1.941491,2026-08-31T20:19:12.377+00:00,2026-08-31T20:19:08.549+00:00,2026-08-31T20:19:14.609+00:00,2026-08-31T20:19:14.609+00:00,2026-08-31T20:19:14.909+00:00,2026-08-31T20:19:14.909+00:00,0.133466,0.29985752799984766,sqs-worker-5986dcd897-x8rdl,ip-192-168-20-201.ec2.internal,46b5a587157aa0a398a37dabde583686d47fcdfeca3910f9a31834f533901ae1,1,6060.0,6360.0
1,hpa-mmpp-505-63cea98b,000023,8.136938,2026-08-31T20:19:18.572+00:00,2026-08-31T20:19:14.742+00:00,2026-08-31T20:19:14.923+00:00,2026-08-31T20:19:14.923+00:00,2026-08-31T20:19:15.086+00:00,2026-08-31T20:19:15.086+00:00,0.050959,0.16265944900078466,sqs-worker-5986dcd897-x8rdl,ip-192-168-20-201.ec2.internal,f69b83ade60e29afdf5c47bd53ffad6b0608ec69230475a4ab9a706cff63ce68,1,181.0,344.0
1,hpa-mmpp-505-63cea98b,000015,5.45643,2026-08-31T20:19:15.892+00:00,2026-08-31T20:19:12.062+00:00,2026-08-31T20:19:15.115+00:00,2026-08-31T20:19:15.115+00:00,2026-08-31T20:19:15.788+00:00,2026-08-31T20:19:15.788+00:00,0.279955,0.67303075000018,sqs-worker-5986dcd897-x8rdl,ip-192-168-20-201.ec2.internal,3ae48f28d629ed60db5e20b67135ee98d87c6d04f2bd18c357a35a1f0937135d,1,3053.0,3726.0
1,hpa-mmpp-505-63cea98b,000016,5.461459,2026-08-31T20:19:15.896+00:00,2026-08-31T20:19:12.072+00:00,2026-08-31T20:19:15.814+00:00,2026-08-31T20:19:15.814+00:00,2026-08-31T20:19:15.896+00:00,2026-08-31T20:19:15.896+00:00,0.043995,0.08239835400127049,sqs-worker-5986dcd897-x8rdl,ip-192-168-20-201.ec2.internal,cab4a40a7d9ed166abcfa4251a3f5117e349eb9a311175ea5ae3d7b5c79cae0f,1,3742.0,3824.0
1,hpa-mmpp-505-63cea98b,000025,9.661288,2026-08-31T20:19:20.097+00:00,2026-08-31T20:19:16.268+00:00,2026-08-31T20:19:16.390+00:00,2026-08-31T20:19:16.390+00:00,2026-08-31T20:19:16.408+00:00,2026-08-31T20:19:16.408+00:00,0.017966,0.017996883998421254,sqs-worker-5986dcd897-x8rdl,ip-192-168-20-201.ec2.internal,6b0911fdc669997424b05c9c507b846980cab55e6a6e9f36aee7fe2849b73ef0,1,122.0,140.0
1,hpa-mmpp-505-63cea98b,000017,5.543727,2026-08-31T20:19:15.979+00:00,2026-08-31T20:19:12.147+00:00,2026-08-31T20:19:15.911+00:00,2026-08-31T20:19:15.911+00:00,2026-08-31T20:19:16.376+00:00,2026-08-31T20:19:16.376+00:00,0.175607,0.46456615299939585,sqs-worker-5986dcd897-x8rdl,ip-192-168-20-201.ec2.internal,1f2c80ce268fd0f2fbc8477d5521cd9b78c63fb76366d62aef85930fbdf593f3,1,3764.0,4229.0
1,hpa-mmpp-505-63cea98b,000020,6.332364,2026-08-31T20:19:16.768+00:00,2026-08-31T20:19:12.937+00:00,2026-08-31T20:19:16.427+00:00,2026-08-31T20:19:16.427+00:00,2026-08-31T20:19:16.586+00:00,2026-08-31T20:19:16.586+00:00,0.065049,0.15932699899894942,sqs-worker-5986dcd897-x8rdl,ip-192-168-20-201.ec2.internal,c7932cae3d598274528c53b4a462a5eeab031cd658a652bae5e37c3975f4e474,1,3490.0,3649.0
1,hpa-mmpp-505-63cea98b,000010,3.045508,2026-08-31T20:19:13.481+00:00,2026-08-31T20:19:09.650+00:00,2026-08-31T20:19:16.622+00:00,2026-08-31T20:19:16.622+00:00,2026-08-31T20:19:17.675+00:00,2026-08-31T20:19:17.675+00:00,0.424159,1.053096204999747,sqs-worker-5986dcd897-x8rdl,ip-192-168-20-201.ec2.internal,f960fe6cb09a223d2713d051ae74a6b9ff51fa98ddcafff870f2e9fbb80655ab,1,6972.0,8025.0
1,hpa-mmpp-505-63cea98b,000022,7.761781,2026-08-31T20:19:18.197+00:00,2026-08-31T20:19:14.368+00:00,2026-08-31T20:19:17.689+00:00,2026-08-31T20:19:17.689+00:00,2026-08-31T20:19:18.284+00:00,2026-08-31T20:19:18.284+00:00,0.244717,0.5945246629999019,sqs-worker-5986dcd897-x8rdl,ip-192-168-20-201.ec2.internal,aebfd166a549453a4040b355b1173398df32625a0a60a8078ce1e93b000af54d,1,3321.0,3916.0
1,hpa-mmpp-505-63cea98b,000014,5.384758,2026-08-31T20:19:15.820+00:00,2026-08-31T20:19:11.990+00:00,2026-08-31T20:19:18.297+00:00,2026-08-31T20:19:18.297+00:00,2026-08-31T20:19:18.577+00:00,2026-08-31T20:19:18.577+00:00,0.109476,0.28043681900089723,sqs-worker-5986dcd897-x8rdl,ip-192-168-20-201.ec2.internal,bc263c06d774e1c19b6c2d7cc8d9f5dd330ec5ae54d4e45394f34de658d91fdc,1,6307.0,6587.0
1,hpa-mmpp-505-63cea98b,000018,5.603617,2026-08-31T20:19:16.039+00:00,2026-08-31T20:19:12.208+00:00,2026-08-31T20:19:18.590+00:00,2026-08-31T20:19:18.591+00:00,2026-08-31T20:19:18.612+00:00,2026-08-31T20:19:18.612+00:00,0.021405,0.021438009000121383,sqs-worker-5986dcd897-x8rdl,ip-192-168-20-201.ec2.internal,23fc74b83f3671bf6a0d3f29fcc6a745bb96446fe3e93cb42708497a1243b317,1,6382.0,6404.0
1,hpa-mmpp-505-63cea98b,000029,10.704472,2026-08-31T20:19:21.140+00:00,2026-08-31T20:19:17.308+00:00,2026-08-31T20:19:18.625+00:00,2026-08-31T20:19:18.625+00:00,2026-08-31T20:19:18.684+00:00,2026-08-31T20:19:18.684+00:00,0.017744,0.05919256299966946,sqs-worker-5986dcd897-x8rdl,ip-192-168-20-201.ec2.internal,6f4a239a34daec7e8b1579d674004ad773354af8f2a941181b0475dc75aa8317,1,1317.0,1376.0
1,hpa-mmpp-505-63cea98b,000027,10.179094,2026-08-31T20:19:20.614+00:00,2026-08-31T20:19:16.790+00:00,2026-08-31T20:19:18.715+00:00,2026-08-31T20:19:18.715+00:00,2026-08-31T20:19:19.396+00:00,2026-08-31T20:19:19.396+00:00,0.287896,0.6804777979996288,sqs-worker-5986dcd897-x8rdl,ip-192-168-20-201.ec2.internal,30590dc594d5b117fa16a56379776acb00398ef30a15afcb0621d83a172c86a7,1,1925.0,2606.0
1,hpa-mmpp-505-63cea98b,000024,9.322634,2026-08-31T20:19:19.758+00:00,2026-08-31T20:19:15.930+00:00,2026-08-31T20:19:19.410+00:00,2026-08-31T20:19:19.410+00:00,2026-08-31T20:19:20.992+00:00,2026-08-31T20:19:20.992+00:00,0.338003,1.5818957459996454,sqs-worker-5986dcd897-x8rdl,ip-192-168-20-201.ec2.internal,b19d182b60b178d5eca92f5504dbd01f18a1c29eecc57573a15d88f57f8fd7aa,1,3480.0,5062.0
1,hpa-mmpp-505-63cea98b,000026,9.781625,2026-08-31T20:19:20.217+00:00,2026-08-31T20:19:16.387+00:00,2026-08-31T20:19:21.078+00:00,2026-08-31T20:19:21.078+00:00,2026-08-31T20:19:21.892+00:00,2026-08-31T20:19:21.892+00:00,0.154873,0.814923939999062,sqs-worker-5986dcd897-x8rdl,ip-192-168-20-201.ec2.internal,297d6de58ae116eaaf6fcf837dcc940052b4d16bcd2b51415be8453f8e2ac147,1,4691.0,5505.0
1,hpa-mmpp-505-63cea98b,000019,5.963682,2026-08-31T20:19:16.399+00:00,2026-08-31T20:19:12.577+00:00,2026-08-31T20:19:21.984+00:00,2026-08-31T20:19:21.984+00:00,2026-08-31T20:19:23.705+00:00,2026-08-31T20:19:23.705+00:00,0.617168,1.7218087760011258,sqs-worker-5986dcd897-x8rdl,ip-192-168-20-201.ec2.internal,43c259784735cd9f2ecd910244e649cf832f5f8660b7ce610e5be2516ab80079,1,9407.0,11128.0
1,hpa-mmpp-505-63cea98b,000030,10.775266,2026-08-31T20:19:21.210+00:00,2026-08-31T20:19:17.381+00:00,2026-08-31T20:19:23.720+00:00,2026-08-31T20:19:23.720+00:00,2026-08-31T20:19:24.887+00:00,2026-08-31T20:19:24.887+00:00,0.457281,1.1673402430005808,sqs-worker-5986dcd897-x8rdl,ip-192-168-20-201.ec2.internal,9cd7b8d4ce04999bfcf1b3e4c6c06e37dd62ecdee49af5a2a7d28c8f78343b60,1,6339.0,7506.0
1,hpa-mmpp-505-63cea98b,000028,10.611015,2026-08-31T20:19:21.046+00:00,2026-08-31T20:19:17.227+00:00,2026-08-31T20:19:24.933+00:00,2026-08-31T20:19:24.933+00:00,2026-08-31T20:19:25.185+00:00,2026-08-31T20:19:25.185+00:00,0.107255,0.2518315679990337,sqs-worker-5986dcd897-x8rdl,ip-192-168-20-201.ec2.internal,bf33c1e2ed4be8986a2ac2219cd6f12672a13b66a1166f1f8e29d678156cd599,1,7706.0,7958.0
1,hpa-mmpp-505-63cea98b,000033,11.173042,2026-08-31T20:19:21.608+00:00,2026-08-31T20:19:17.790+00:00,2026-08-31T20:19:25.203+00:00,2026-08-31T20:19:25.203+00:00,2026-08-31T20:19:26.713+00:00,2026-08-31T20:19:26.713+00:00,0.623997,1.510139126001377,sqs-worker-5986dcd897-x8rdl,ip-192-168-20-201.ec2.internal,ef703bdda7eed65f994a7d909eb6c4e89c485bb9d2e4d12298c33c373feedfe4,1,7413.0,8923.0
1,hpa-mmpp-505-63cea98b,000039,14.117356,2026-08-31T20:19:24.552+00:00,2026-08-31T20:19:20.722+00:00,2026-08-31T20:19:26.784+00:00,2026-08-31T20:19:26.784+00:00,2026-08-31T20:19:28.688+00:00,2026-08-31T20:19:28.688+00:00,0.771024,1.9043390330007242,sqs-worker-5986dcd897-x8rdl,ip-192-168-20-201.ec2.internal,ef319abc5fd791ff5ccd801b3f7009bf53d3d9147864865a9431d6fddd458d71,1,6062.0,7966.0
1,hpa-mmpp-505-63cea98b,000040,14.119327,2026-08-31T20:19:24.554+00:00,2026-08-31T20:19:20.730+00:00,2026-08-31T20:19:28.703+00:00,2026-08-31T20:19:28.703+00:00,2026-08-31T20:19:28.789+00:00,2026-08-31T20:19:28.789+00:00,0.035935,0.08580180399985693,sqs-worker-5986dcd897-x8rdl,ip-192-168-20-201.ec2.internal,aad7f8d8cc658c2f7232b8e6e01d0e81ecd967d0c530e56a118ee167b5b21a58,1,7973.0,8058.999999999999
1,hpa-mmpp-505-63cea98b,000036,13.273135,2026-08-31T20:19:23.708+00:00,2026-08-31T20:19:19.881+00:00,2026-08-31T20:19:28.806+00:00,2026-08-31T20:19:28.806+00:00,2026-08-31T20:19:29.280+00:00,2026-08-31T20:19:29.280+00:00,0.185396,0.47355988200069987,sqs-worker-5986dcd897-x8rdl,ip-192-168-20-201.ec2.internal,09250ebedf94b36dcbddbc8e47aa8d10bedf579c06f6265373bdb83ba586e9e7,1,8925.0,9399.0
1,hpa-mmpp-505-63cea98b,000046,15.960528,2026-08-31T20:19:26.394+00:00,2026-08-31T20:19:22.570+00:00,2026-08-31T20:19:29.295+00:00,2026-08-31T20:19:29.295+00:00,2026-08-31T20:19:29.487+00:00,2026-08-31T20:19:29.487+00:00,0.084414,0.19219206900015706,sqs-worker-5986dcd897-x8rdl,ip-192-168-20-201.ec2.internal,791a54a7a6a886b92fb58595097738e95938d87f4adc563e930da54243d0d6e4,1,6725.0,6917.0
1,hpa-mmpp-505-63cea98b,000042,14.449092,2026-08-31T20:19:24.883+00:00,2026-08-31T20:19:21.057+00:00,2026-08-31T20:19:29.506+00:00,2026-08-31T20:19:29.506+00:00,2026-08-31T20:19:30.188+00:00,2026-08-31T20:19:30.188+00:00,0.165585,0.6816102920001867,sqs-worker-5986dcd897-x8rdl,ip-192-168-20-201.ec2.internal,c0685a696bbdff7b4880470dc635515b90202736ec94b5cc8e668a3e6dd06f18,1,8449.0,9131.0
1,hpa-mmpp-505-63cea98b,000031,10.826472,2026-08-31T20:19:21.261+00:00,2026-08-31T20:19:17.439+00:00,2026-08-31T20:19:30.203+00:00,2026-08-31T20:19:30.203+00:00,2026-08-31T20:19:30.285+00:00,2026-08-31T20:19:30.285+00:00,0.005,0.0821285270012595,sqs-worker-5986dcd897-x8rdl,ip-192-168-20-201.ec2.internal,50692ee8ea9b87aace74f0628b10b91558041d2f34a6c29816a83729cd0079c2,1,12764.0,12846.0
1,hpa-mmpp-505-63cea98b,000044,15.448774,2026-08-31T20:19:25.883+00:00,2026-08-31T20:19:22.061+00:00,2026-08-31T20:19:30.301+00:00,2026-08-31T20:19:30.302+00:00,2026-08-31T20:19:31.898+00:00,2026-08-31T20:19:31.898+00:00,0.297295,1.5968655279993982,sqs-worker-5986dcd897-x8rdl,ip-192-168-20-201.ec2.internal,61a3262770e7fa79a1907180f8d4ae32765609e2d66d9eb002e095220ecdba4b,1,8240.0,9837.0
1,hpa-mmpp-505-63cea98b,000037,13.871962,2026-08-31T20:19:24.308+00:00,2026-08-31T20:19:20.476+00:00,2026-08-31T20:19:32.000+00:00,2026-08-31T20:19:32.000+00:00,2026-08-31T20:19:32.288+00:00,2026-08-31T20:19:32.288+00:00,0.049714,0.28813687799993204,sqs-worker-5986dcd897-x8rdl,ip-192-168-20-201.ec2.internal,6ce7b4eef53ce18daf922cba8ce13170439e3ad2231433f49ee17726dd8eed55,1,11524.0,11812.0
1,hpa-mmpp-505-63cea98b,000032,10.845201,2026-08-31T20:19:21.280+00:00,2026-08-31T20:19:17.462+00:00,2026-08-31T20:19:32.383+00:00,2026-08-31T20:19:32.383+00:00,2026-08-31T20:19:32.809+00:00,2026-08-31T20:19:32.809+00:00,0.191477,0.42566604999956326,sqs-worker-5986dcd897-x8rdl,ip-192-168-20-201.ec2.internal,f82c812d249ed9402bfd5e3e847ff08065938423f44d538f31e9b0d7328a1fa9,1,14921.0,15347.0
1,hpa-mmpp-505-63cea98b,000035,13.05568,2026-08-31T20:19:23.491+00:00,2026-08-31T20:19:19.663+00:00,2026-08-31T20:19:32.830+00:00,2026-08-31T20:19:32.830+00:00,2026-08-31T20:19:34.000+00:00,2026-08-31T20:19:34.000+00:00,0.466902,1.1704994129995612,sqs-worker-5986dcd897-x8rdl,ip-192-168-20-201.ec2.internal,ceb0368188eb98595ee0a45ff31e0a6273abee35a152bdfdde4a338d77dd4817,1,13167.0,14337.0
1,hpa-mmpp-505-63cea98b,000038,14.000717,2026-08-31T20:19:24.436+00:00,2026-08-31T20:19:20.606+00:00,2026-08-31T20:19:34.018+00:00,2026-08-31T20:19:34.018+00:00,2026-08-31T20:19:35.197+00:00,2026-08-31T20:19:35.197+00:00,0.473034,1.179039119000663,sqs-worker-5986dcd897-x8rdl,ip-192-168-20-201.ec2.internal,0acbac57271b20bd5b1e99a15800803e19be6a3c13072dd566cd43f4f1eee4b5,1,13412.0,14591.0
1,hpa-mmpp-505-63cea98b,000052,17.263818,2026-08-31T20:19:27.697+00:00,2026-08-31T20:19:23.868+00:00,2026-08-31T20:19:35.214+00:00,2026-08-31T20:19:35.214+00:00,2026-08-31T20:19:36.997+00:00,2026-08-31T20:19:36.998+00:00,0.712246,1.783927976999621,sqs-worker-5986dcd897-x8rdl,ip-192-168-20-201.ec2.internal,ceffdbb588a7538537c2779f3eecc74effe7776ebb47333e5851679575a6f50f,1,11346.0,13129.0
1,hpa-mmpp-505-63cea98b,000050,17.121214,2026-08-31T20:19:27.555+00:00,2026-08-31T20:19:23.730+00:00,2026-08-31T20:19:37.013+00:00,2026-08-31T20:19:37.013+00:00,2026-08-31T20:19:37.094+00:00,2026-08-31T20:19:37.094+00:00,0.033795,0.08077639800103498,sqs-worker-5986dcd897-x8rdl,ip-192-168-20-201.ec2.internal,973008a82230ebbe484c111c7f31924d327ab70d13886c6aa6e1d29d24922acb,1,13283.0,13364.0
1,hpa-mmpp-505-63cea98b,000055,18.284,2026-08-31T20:19:28.717+00:00,2026-08-31T20:19:24.891+00:00,2026-08-31T20:19:37.109+00:00,2026-08-31T20:19:37.109+00:00,2026-08-31T20:19:37.405+00:00,2026-08-31T20:19:37.405+00:00,0.121469,0.2954212059994461,sqs-worker-5986dcd897-x8rdl,ip-192-168-20-201.ec2.internal,51a795ca82808f5b6aed91184b81cef2a43fd60f9ed4bbea0ae4bf8f67c7b7ad,1,12218.0,12514.0
1,hpa-mmpp-505-63cea98b,000041,14.166118,2026-08-31T20:19:24.601+00:00,2026-08-31T20:19:20.780+00:00,2026-08-31T20:19:37.420+00:00,2026-08-31T20:19:37.420+00:00,2026-08-31T20:19:37.598+00:00,2026-08-31T20:19:37.598+00:00,0.071688,0.1774333019984624,sqs-worker-5986dcd897-x8rdl,ip-192-168-20-201.ec2.internal,75dc475457515d80148dc8c2f01e7426e63e523219ac0bc4b84d623ee4e4260b,1,16640.0,16818.0
1,hpa-mmpp-505-63cea98b,000051,17.139035,2026-08-31T20:19:27.573+00:00,2026-08-31T20:19:23.745+00:00,2026-08-31T20:19:37.460+00:00,2026-08-31T20:19:37.460+00:00,2026-08-31T20:19:37.694+00:00,2026-08-31T20:19:37.694+00:00,0.117705,0.233649981999406,sqs-worker-5986dcd897-xf66d,ip-192-168-20-201.ec2.internal,3ba13d1710523f6a73bf5592e1c68238d222b7bb8f745dff35430ae29fc3653b,1,13715.0,13949.0
1,hpa-mmpp-505-63cea98b,000034,12.647981,2026-08-31T20:19:23.084+00:00,2026-08-31T20:19:19.253+00:00,2026-08-31T20:19:37.617+00:00,2026-08-31T20:19:37.617+00:00,2026-08-31T20:19:38.284+00:00,2026-08-31T20:19:38.284+00:00,0.258306,0.6669961549996515,sqs-worker-5986dcd897-x8rdl,ip-192-168-20-201.ec2.internal,105c585155593a264bac70fa6ce305212b7cf548c747abba3b874b2878daf614,1,18364.0,19031.0
1,hpa-mmpp-505-63cea98b,000045,15.451364,2026-08-31T20:19:25.885+00:00,2026-08-31T20:19:22.060+00:00,2026-08-31T20:19:38.302+00:00,2026-08-31T20:19:38.302+00:00,2026-08-31T20:19:38.623+00:00,2026-08-31T20:19:38.623+00:00,0.154528,0.32036671199966804,sqs-worker-5986dcd897-x8rdl,ip-192-168-20-201.ec2.internal,3539f585ce77da396dc4e6550025cf8e8c44d1545492fb6aa7c1e9ebaa6b7e19,1,16242.0,16563.0
1,hpa-mmpp-505-63cea98b,000053,18.078058,2026-08-31T20:19:28.512+00:00,2026-08-31T20:19:24.682+00:00,2026-08-31T20:19:38.694+00:00,2026-08-31T20:19:38.694+00:00,2026-08-31T20:19:39.299+00:00,2026-08-31T20:19:39.299+00:00,0.252194,0.6053986919996532,sqs-worker-5986dcd897-x8rdl,ip-192-168-20-201.ec2.internal,19bb13c1f500e7b8a2e47f59075334ff189c4befd01b793e920afdff37f8eb5b,1,14012.0,14617.0
1,hpa-mmpp-505-63cea98b,000043,14.584793,2026-08-31T20:19:25.018+00:00,2026-08-31T20:19:21.195+00:00,2026-08-31T20:19:39.315+00:00,2026-08-31T20:19:39.315+00:00,2026-08-31T20:19:39.420+00:00,2026-08-31T20:19:39.420+00:00,0.056574,0.10521680199963157,sqs-worker-5986dcd897-x8rdl,ip-192-168-20-201.ec2.internal,adcfdc74e5f9165c3f5df589d77924dce3766930e48c43c26c102ab9c3082d77,1,18120.0,18225.0
1,hpa-mmpp-505-63cea98b,000047,16.379562,2026-08-31T20:19:26.813+00:00,2026-08-31T20:19:22.985+00:00,2026-08-31T20:19:39.749+00:00,2026-08-31T20:19:39.750+00:00,2026-08-31T20:19:39.766+00:00,2026-08-31T20:19:39.766+00:00,0.005,0.016285476998746162,sqs-worker-5986dcd897-xf66d,ip-192-168-20-201.ec2.internal,a434c86657d5c5b4a338c68f571d488b82dcd61cd46a84242a43422f83811dee,1,16764.0,16781.0
1,hpa-mmpp-505-63cea98b,000056,18.432407,2026-08-31T20:19:28.866+00:00,2026-08-31T20:19:25.040+00:00,2026-08-31T20:19:39.844+00:00,2026-08-31T20:19:39.844+00:00,2026-08-31T20:19:39.985+00:00,2026-08-31T20:19:39.985+00:00,0.039198,0.14138963500045065,sqs-worker-5986dcd897-xf66d,ip-192-168-20-201.ec2.internal,11aea01084fbf2f15edeb04a06f8812694eafd604545b594ad11f24b49467741,1,14804.0,14945.0
1,hpa-mmpp-505-63cea98b,000054,18.254201,2026-08-31T20:19:28.688+00:00,2026-08-31T20:19:24.864+00:00,2026-08-31T20:19:37.743+00:00,2026-08-31T20:19:37.743+00:00,2026-08-31T20:19:39.672+00:00,2026-08-31T20:19:39.672+00:00,0.372616,1.929001625001547,sqs-worker-5986dcd897-xf66d,ip-192-168-20-201.ec2.internal,26b6364f56f682d60f4548b4e735bec66061df557a213b3a1fd279c1b9cb1349,1,12879.0,14808.0
1,hpa-mmpp-505-63cea98b,000062,27.70532,2026-08-31T20:19:38.139+00:00,2026-08-31T20:19:34.311+00:00,2026-08-31T20:19:39.490+00:00,2026-08-31T20:19:39.490+00:00,2026-08-31T20:19:40.785+00:00,2026-08-31T20:19:40.785+00:00,0.294762,1.2949255170005927,sqs-worker-5986dcd897-x8rdl,ip-192-168-20-201.ec2.internal,1e1b7202c0705c3b4eb7307a63b448c384d4218ac7a880aaa6e5703a435e5fe9,1,5179.0,6474.0
1,hpa-mmpp-505-63cea98b,000065,28.312215,2026-08-31T20:19:38.746+00:00,2026-08-31T20:19:34.917+00:00,2026-08-31T20:19:40.876+00:00,2026-08-31T20:19:40.876+00:00,2026-08-31T20:19:41.777+00:00,2026-08-31T20:19:41.777+00:00,0.169901,0.9004904920002446,sqs-worker-5986dcd897-x8rdl,ip-192-168-20-201.ec2.internal,0f987ca5979786fb64b38c735303d578dcb04c135626cdccb1d7a1b7d8fea8fc,1,5959.0,6860.0
1,hpa-mmpp-505-63cea98b,000048,16.624301,2026-08-31T20:19:27.058+00:00,2026-08-31T20:19:23.239+00:00,2026-08-31T20:19:41.794+00:00,2026-08-31T20:19:41.794+00:00,2026-08-31T20:19:42.486+00:00,2026-08-31T20:19:42.486+00:00,0.13262,0.6926186780001444,sqs-worker-5986dcd897-x8rdl,ip-192-168-20-201.ec2.internal,8572778c1bc509e91bbb177376715ca046b848fd7bec0b03097e0f07100d16a4,1,18555.0,19247.0
1,hpa-mmpp-505-63cea98b,000049,16.866054,2026-08-31T20:19:27.300+00:00,2026-08-31T20:19:23.472+00:00,2026-08-31T20:19:42.501+00:00,2026-08-31T20:19:42.501+00:00,2026-08-31T20:19:43.016+00:00,2026-08-31T20:19:43.016+00:00,0.190584,0.5149899000007281,sqs-worker-5986dcd897-x8rdl,ip-192-168-20-201.ec2.internal,f92af014c490fec6de5be9ab363ad6ee1faaca6455aa311f309936a0f4e69a2f,1,19029.0,19544.0
1,hpa-mmpp-505-63cea98b,000076,29.795962,2026-08-31T20:19:40.229+00:00,2026-08-31T20:19:36.404+00:00,2026-08-31T20:19:40.079+00:00,2026-08-31T20:19:40.079+00:00,2026-08-31T20:19:43.092+00:00,2026-08-31T20:19:43.092+00:00,0.520875,3.0131611790002353,sqs-worker-5986dcd897-xf66d,ip-192-168-20-201.ec2.internal,ed9381f3f2a900535b9ad481a7cf1be8fe34432115f0e82dfa5b1529522a32f4,1,3675.0,6688.0
1,hpa-mmpp-505-63cea98b,000069,28.982726,2026-08-31T20:19:39.416+00:00,2026-08-31T20:19:35.589+00:00,2026-08-31T20:19:43.073+00:00,2026-08-31T20:19:43.073+00:00,2026-08-31T20:19:44.303+00:00,2026-08-31T20:19:44.303+00:00,0.502839,1.2298205490005785,sqs-worker-5986dcd897-x8rdl,ip-192-168-20-201.ec2.internal,7da84dd32d7a2451d9e7921954d409882b5d02a37c2cb278f7b810d2d821d173,1,7484.0,8714.0
1,hpa-mmpp-505-63cea98b,000060,27.295995,2026-08-31T20:19:37.729+00:00,2026-08-31T20:19:33.901+00:00,2026-08-31T20:19:44.352+00:00,2026-08-31T20:19:44.352+00:00,2026-08-31T20:19:44.357+00:00,2026-08-31T20:19:44.357+00:00,0.005,0.005067040998255834,sqs-worker-5986dcd897-x8rdl,ip-192-168-20-201.ec2.internal,7cf22bfb6366a38615f7c5891bd5712299c53a72d62904779c4bbe0a1bd12d62,1,10451.0,10456.0
1,hpa-mmpp-505-63cea98b,000086,31.87529,2026-08-31T20:19:42.309+00:00,2026-08-31T20:19:38.481+00:00,2026-08-31T20:19:44.383+00:00,2026-08-31T20:19:44.383+00:00,2026-08-31T20:19:45.010+00:00,2026-08-31T20:19:45.010+00:00,0.26597,0.6264460289985436,sqs-worker-5986dcd897-x8rdl,ip-192-168-20-201.ec2.internal,7c7f57eba678f5c00e57442e776aa0183388cdfd020513f35eb3afae6e58c871,1,5902.0,6529.0
1,hpa-mmpp-505-63cea98b,000070,29.303808,2026-08-31T20:19:39.737+00:00,2026-08-31T20:19:35.925+00:00,2026-08-31T20:19:43.151+00:00,2026-08-31T20:19:43.151+00:00,2026-08-31T20:19:45.647+00:00,2026-08-31T20:19:45.647+00:00,1.0,2.4962234670001635,sqs-worker-5986dcd897-xf66d,ip-192-168-20-201.ec2.internal,10a09853b9ef8ddd9110bce5c9ca59a827f4de828c61d86a771c836c82861815,1,7226.0,9722.0
1,hpa-mmpp-505-63cea98b,000063,27.781163,2026-08-31T20:19:38.214+00:00,2026-08-31T20:19:34.389+00:00,2026-08-31T20:19:45.028+00:00,2026-08-31T20:19:45.028+00:00,2026-08-31T20:19:45.894+00:00,2026-08-31T20:19:45.894+00:00,0.341877,0.8654370849999395,sqs-worker-5986dcd897-x8rdl,ip-192-168-20-201.ec2.internal,1233379237a89b31bd5216abdd5c55d973cb2c6b71429540ca701ae619f86afc,1,10639.0,11505.0
1,hpa-mmpp-505-63cea98b,000077,30.41029,2026-08-31T20:19:40.844+00:00,2026-08-31T20:19:37.020+00:00,2026-08-31T20:19:46.320+00:00,2026-08-31T20:19:46.321+00:00,2026-08-31T20:19:46.326+00:00,2026-08-31T20:19:46.326+00:00,0.005,0.005077612000604859,sqs-worker-5986dcd897-x8rdl,ip-192-168-20-201.ec2.internal,25033c2e0524550bc16921b8947d313c766fc88b7efc6866fe0fd943eee3bb49,1,9300.0,9306.0
1,hpa-mmpp-505-63cea98b,000061,27.673705,2026-08-31T20:19:38.107+00:00,2026-08-31T20:19:34.278+00:00,2026-08-31T20:19:45.911+00:00,2026-08-31T20:19:45.911+00:00,2026-08-31T20:19:46.303+00:00,2026-08-31T20:19:46.303+00:00,0.163811,0.3926773350012809,sqs-worker-5986dcd897-x8rdl,ip-192-168-20-201.ec2.internal,fec51f7e1b79e2a40614e1a77f7f9bc60b25650cc68b2259b79161442ecc6ccb,1,11633.0,12025.0
1,hpa-mmpp-505-63cea98b,000059,27.123407,2026-08-31T20:19:37.557+00:00,2026-08-31T20:19:33.742+00:00,2026-08-31T20:19:45.671+00:00,2026-08-31T20:19:45.671+00:00,2026-08-31T20:19:46.386+00:00,2026-08-31T20:19:46.386+00:00,0.301036,0.7149466499995469,sqs-worker-5986dcd897-xf66d,ip-192-168-20-201.ec2.internal,cad2b2bb68ac43e9434f31f1085ba57d21fcf1e1d37a341c2deda6ee45cf1853,1,11929.0,12644.0
1,hpa-mmpp-505-63cea98b,000064,27.9017,2026-08-31T20:19:38.335+00:00,2026-08-31T20:19:34.507+00:00,2026-08-31T20:19:46.405+00:00,2026-08-31T20:19:46.406+00:00,2026-08-31T20:19:46.689+00:00,2026-08-31T20:19:46.689+00:00,0.117753,0.2836505820014281,sqs-worker-5986dcd897-xf66d,ip-192-168-20-201.ec2.internal,cd46b3ae0c1a50c79b9475bf95655afac34bc3f47281d0264dab73f18cd2c1c8,1,11898.0,12182.0
1,hpa-mmpp-505-63cea98b,000095,34.840337,2026-08-31T20:19:45.274+00:00,2026-08-31T20:19:41.444+00:00,2026-08-31T20:19:46.341+00:00,2026-08-31T20:19:46.341+00:00,2026-08-31T20:19:46.787+00:00,2026-08-31T20:19:46.787+00:00,0.170502,0.44649787199887214,sqs-worker-5986dcd897-x8rdl,ip-192-168-20-201.ec2.internal,88abf87912a33c6c163b3a363d8df59db0aee5887791a701b7b1afba93b9d4e3,1,4897.0,5343.0
1,hpa-mmpp-505-63cea98b,000067,28.444344,2026-08-31T20:19:38.878+00:00,2026-08-31T20:19:35.052+00:00,2026-08-31T20:19:47.109+00:00,2026-08-31T20:19:47.109+00:00,2026-08-31T20:19:47.402+00:00,2026-08-31T20:19:47.402+00:00,0.123051,0.2929409489988757,sqs-worker-5986dcd897-x8rdl,ip-192-168-20-201.ec2.internal,20828662f3f5648acd620e1d95604ddecd86eb9e0f167f365dfa27e373cf0f61,1,12057.0,12350.0
1,hpa-mmpp-505-63cea98b,000058,27.085555,2026-08-31T20:19:37.528+00:00,2026-08-31T20:19:33.699+00:00,2026-08-31T20:19:47.006+00:00,2026-08-31T20:19:47.006+00:00,2026-08-31T20:19:47.094+00:00,2026-08-31T20:19:47.094+00:00,0.038539,0.08897783299835282,sqs-worker-5986dcd897-x8rdl,ip-192-168-20-201.ec2.internal,eb8dcfbe2a510caf1768838f439793bc271b87de6e0e01456bf1779b00ffaad2,1,13307.0,13395.0
1,hpa-mmpp-505-63cea98b,000071,29.322335,2026-08-31T20:19:39.756+00:00,2026-08-31T20:19:35.928+00:00,2026-08-31T20:19:46.747+00:00,2026-08-31T20:19:46.747+00:00,2026-08-31T20:19:46.782+00:00,2026-08-31T20:19:46.782+00:00,0.02879,0.03557402000114962,sqs-worker-5986dcd897-xf66d,ip-192-168-20-201.ec2.internal,5441087e2d216ea286ac67ee92e0a1ed720d8b118d11cdf56db9d1c579f8992c,1,10819.0,10854.0
1,hpa-mmpp-505-63cea98b,000072,29.48872,2026-08-31T20:19:39.922+00:00,2026-08-31T20:19:36.091+00:00,2026-08-31T20:19:46.796+00:00,2026-08-31T20:19:46.796+00:00,2026-08-31T20:19:46.969+00:00,2026-08-31T20:19:46.969+00:00,0.062188,0.17260615400118695,sqs-worker-5986dcd897-xf66d,ip-192-168-20-201.ec2.internal,809910a679b55bbb11dd508ddec08bb67aee11daed20e1a0ea2a0f7128749761,1,10705.0,10878.0
1,hpa-mmpp-505-63cea98b,000106,36.421635,2026-08-31T20:19:46.855+00:00,2026-08-31T20:19:43.024+00:00,2026-08-31T20:19:46.803+00:00,2026-08-31T20:19:46.803+00:00,2026-08-31T20:19:46.990+00:00,2026-08-31T20:19:46.990+00:00,0.078177,0.18651639299969247,sqs-worker-5986dcd897-x8rdl,ip-192-168-20-201.ec2.internal,d31399fbb191884421acb359d22bc12bdef928a50405457cfa739e9597bd9383,1,3779.0,3966.0
1,hpa-mmpp-505-63cea98b,000091,33.533304,2026-08-31T20:19:43.967+00:00,2026-08-31T20:19:40.136+00:00,2026-08-31T20:19:47.747+00:00,2026-08-31T20:19:47.747+00:00,2026-08-31T20:19:48.120+00:00,2026-08-31T20:19:48.120+00:00,0.159314,0.372687095999936,sqs-worker-5986dcd897-x8rdl,ip-192-168-20-201.ec2.internal,f6164987d58024d66f574070ba89d34d0b9f767b6ba212a0e8a69782b98223fa,1,7611.0,7984.0
1,hpa-mmpp-505-63cea98b,000083,31.520727,2026-08-31T20:19:41.954+00:00,2026-08-31T20:19:38.128+00:00,2026-08-31T20:19:47.558+00:00,2026-08-31T20:19:47.558+00:00,2026-08-31T20:19:48.180+00:00,2026-08-31T20:19:48.180+00:00,0.259838,0.6225912410009187,sqs-worker-5986dcd897-xf66d,ip-192-168-20-201.ec2.internal,c2a5f613d6b9ef38270e5e9b6441f1123f702572ca0db591e774021a75baf69b,1,9430.0,10052.0
1,hpa-mmpp-505-63cea98b,000075,29.766283,2026-08-31T20:19:40.200+00:00,2026-08-31T20:19:36.370+00:00,2026-08-31T20:19:48.183+00:00,2026-08-31T20:19:48.184+00:00,2026-08-31T20:19:48.708+00:00,2026-08-31T20:19:48.708+00:00,0.225167,0.5248161449999316,sqs-worker-5986dcd897-x8rdl,ip-192-168-20-201.ec2.internal,cbdf50b87b651357a8eadcd2b0f0ecf5dd759e2bc13db9bef886f33a90b87dc0,1,11813.0,12338.0
1,hpa-mmpp-505-63cea98b,000089,33.159372,2026-08-31T20:19:43.593+00:00,2026-08-31T20:19:39.777+00:00,2026-08-31T20:19:48.202+00:00,2026-08-31T20:19:48.202+00:00,2026-08-31T20:19:49.148+00:00,2026-08-31T20:19:49.148+00:00,0.376437,0.9460458670000662,sqs-worker-5986dcd897-xf66d,ip-192-168-20-201.ec2.internal,411b978dd21f2a4f45ee700037756651d528aebfda079341de3b26ed5b4b6226,1,8425.0,9371.0
1,hpa-mmpp-505-63cea98b,000078,30.731809,2026-08-31T20:19:41.165+00:00,2026-08-31T20:19:37.337+00:00,2026-08-31T20:19:49.169+00:00,2026-08-31T20:19:49.169+00:00,2026-08-31T20:19:49.447+00:00,2026-08-31T20:19:49.447+00:00,0.114171,0.2778197920015373,sqs-worker-5986dcd897-xf66d,ip-192-168-20-201.ec2.internal,9e682c53761dbe8830b93c972e530ece36f4b2706a5d33ffd0b449a3741f8a23,1,11832.0,12110.0
1,hpa-mmpp-505-63cea98b,000123,41.19969,2026-08-31T20:19:51.633+00:00,2026-08-31T20:19:47.804+00:00,2026-08-31T20:19:49.469+00:00,2026-08-31T20:19:49.469+00:00,2026-08-31T20:19:49.593+00:00,2026-08-31T20:19:49.593+00:00,0.069599,0.12481930600006308,sqs-worker-5986dcd897-xf66d,ip-192-168-20-201.ec2.internal,a2fd4305e243b27bd1ec8966d0c65bac6db30ac233869be704a1cd5ec870fee6,1,1665.0,1789.0
1,hpa-mmpp-505-63cea98b,000068,28.901828,2026-08-31T20:19:39.336+00:00,2026-08-31T20:19:35.507+00:00,2026-08-31T20:19:49.025+00:00,2026-08-31T20:19:49.025+00:00,2026-08-31T20:19:49.493+00:00,2026-08-31T20:19:49.493+00:00,0.183707,0.46845254300023953,sqs-worker-5986dcd897-x8rdl,ip-192-168-20-201.ec2.internal,b48d2e57f4f6c3511485ea53bd998579dbd18552461a02c1e144a5d12b549c23,1,13518.0,13986.0
1,hpa-mmpp-505-63cea98b,000113,37.140493,2026-08-31T20:19:47.574+00:00,2026-08-31T20:19:43.744+00:00,2026-08-31T20:19:48.725+00:00,2026-08-31T20:19:48.725+00:00,2026-08-31T20:19:49.009+00:00,2026-08-31T20:19:49.009+00:00,0.112219,0.2839676790008525,sqs-worker-5986dcd897-x8rdl,ip-192-168-20-201.ec2.internal,d7985e60aa31dcbaef222fbf0fb1a5ebc1521348da43833436d264676b51cd7a,1,4981.0,5265.0
1,hpa-mmpp-505-63cea98b,000073,29.521127,2026-08-31T20:19:39.954+00:00,2026-08-31T20:19:36.127+00:00,2026-08-31T20:19:50.043+00:00,2026-08-31T20:19:50.043+00:00,2026-08-31T20:19:50.072+00:00,2026-08-31T20:19:50.072+00:00,0.019464,0.028378958000757848,sqs-worker-5986dcd897-xf66d,ip-192-168-20-201.ec2.internal,53d72795f20d530c327ae338b44b80166a2ea103e2548024b0519ba26b7475a1,1,13916.0,13945.0
1,hpa-mmpp-505-63cea98b,000090,33.41565,2026-08-31T20:19:43.849+00:00,2026-08-31T20:19:40.022+00:00,2026-08-31T20:19:49.651+00:00,2026-08-31T20:19:49.651+00:00,2026-08-31T20:19:49.762+00:00,2026-08-31T20:19:49.762+00:00,0.044338,0.11169478999909188,sqs-worker-5986dcd897-xf66d,ip-192-168-20-201.ec2.internal,d7a4800c72a7beee2576b75496e49d31d40f0059c81264ec6e984b01ed800975,1,9629.0,9740.0
1,hpa-mmpp-505-63cea98b,000057,18.453853,2026-08-31T20:19:28.887+00:00,2026-08-31T20:19:25.059+00:00,2026-08-31T20:19:46.985+00:00,2026-08-31T20:19:46.985+00:00,2026-08-31T20:19:47.496+00:00,2026-08-31T20:19:47.496+00:00,0.223054,0.5109592419994442,sqs-worker-5986dcd897-xf66d,ip-192-168-20-201.ec2.internal,24a96f62d9493961f2581c62edb4361e2e22ec31a8dd41fd869d5237c37beef5,1,21926.0,22437.0
1,hpa-mmpp-505-63cea98b,000087,32.339781,2026-08-31T20:19:42.774+00:00,2026-08-31T20:19:38.947+00:00,2026-08-31T20:19:47.419+00:00,2026-08-31T20:19:47.419+00:00,2026-08-31T20:19:47.720+00:00,2026-08-31T20:19:47.720+00:00,0.133143,0.3005941190003796,sqs-worker-5986dcd897-x8rdl,ip-192-168-20-201.ec2.internal,4e86f6a73af3a01c3368a756dec3f8baf374072c1ece78e44ff641295834428f,1,8472.0,8773.0
1,hpa-mmpp-505-63cea98b,000074,29.718317,2026-08-31T20:19:40.152+00:00,2026-08-31T20:19:36.329+00:00,2026-08-31T20:19:50.096+00:00,2026-08-31T20:19:50.096+00:00,2026-08-31T20:19:50.474+00:00,2026-08-31T20:19:50.474+00:00,0.158213,0.3776057189988933,sqs-worker-5986dcd897-xf66d,ip-192-168-20-201.ec2.internal,d05c9bc609afccafedff0b9eed2b3e32e707a25bcccdf3bd00e4b18ab3b1eeb0,1,13767.0,14145.0
1,hpa-mmpp-505-63cea98b,000125,41.354531,2026-08-31T20:19:51.788+00:00,2026-08-31T20:19:47.956+00:00,2026-08-31T20:19:49.510+00:00,2026-08-31T20:19:49.510+00:00,2026-08-31T20:19:51.086+00:00,2026-08-31T20:19:51.086+00:00,0.336312,1.576114442999824,sqs-worker-5986dcd897-x8rdl,ip-192-168-20-201.ec2.internal,ada7d8d91a5092b72e1710126cd6c6d3d9e69158bdaee5b2791df279a07e8028,1,1554.0,3130.0
1,hpa-mmpp-505-63cea98b,000079,30.9138,2026-08-31T20:19:41.347+00:00,2026-08-31T20:19:37.523+00:00,2026-08-31T20:19:51.718+00:00,2026-08-31T20:19:51.718+00:00,2026-08-31T20:19:51.723+00:00,2026-08-31T20:19:51.723+00:00,0.005,0.005055489998994744,sqs-worker-5986dcd897-x8rdl,ip-192-168-20-201.ec2.internal,70a12bc05a709e44ff19eeba735610674bccb5c168ef1ec591f4211ba4ad4a20,1,14195.0,14200.0
1,hpa-mmpp-505-63cea98b,000066,28.362039,2026-08-31T20:19:38.795+00:00,2026-08-31T20:19:34.969+00:00,2026-08-31T20:19:49.778+00:00,2026-08-31T20:19:49.778+00:00,2026-08-31T20:19:49.990+00:00,2026-08-31T20:19:49.990+00:00,0.101143,0.21248027500041644,sqs-worker-5986dcd897-xf66d,ip-192-168-20-201.ec2.internal,f47807f7626c78ffd7993f6d4cc8d9330701d1409736aac4b653917cc07c9196,1,14809.0,15021.0
1,hpa-mmpp-505-63cea98b,000092,33.864666,2026-08-31T20:19:44.298+00:00,2026-08-31T20:19:40.468+00:00,2026-08-31T20:19:50.496+00:00,2026-08-31T20:19:50.496+00:00,2026-08-31T20:19:51.671+00:00,2026-08-31T20:19:51.671+00:00,0.239697,1.17466374399919,sqs-worker-5986dcd897-xf66d,ip-192-168-20-201.ec2.internal,4e0c696af50b49dede036174e0c13624cc60633cbf38a0630dc35154f758b474,1,10028.0,11203.0
1,hpa-mmpp-505-63cea98b,000094,34.593265,2026-08-31T20:19:45.027+00:00,2026-08-31T20:19:41.198+00:00,2026-08-31T20:19:51.195+00:00,2026-08-31T20:19:51.195+00:00,2026-08-31T20:19:51.699+00:00,2026-08-31T20:19:51.699+00:00,0.111372,0.5035300979998283,sqs-worker-5986dcd897-x8rdl,ip-192-168-20-201.ec2.internal,04e5afb76de1dc5073db3b2ff38d140da1926ed07c27003c7ff8ec5a8c238a51,1,9997.0,10501.0
1,hpa-mmpp-505-63cea98b,000096,34.875483,2026-08-31T20:19:45.309+00:00,2026-08-31T20:19:41.487+00:00,2026-08-31T20:19:52.922+00:00,2026-08-31T20:19:52.922+00:00,2026-08-31T20:19:53.042+00:00,2026-08-31T20:19:53.042+00:00,0.060382,0.11991337499966903,sqs-worker-5986dcd897-7bbcc,ip-192-168-20-201.ec2.internal,8003f3c36b6c548e178c52a19a2587d30e3a30ed4a113f928c5868c62e297f64,1,11435.0,11555.0
1,hpa-mmpp-505-63cea98b,000122,41.109262,2026-08-31T20:19:51.543+00:00,2026-08-31T20:19:47.722+00:00,2026-08-31T20:19:53.298+00:00,2026-08-31T20:19:53.298+00:00,2026-08-31T20:19:53.356+00:00,2026-08-31T20:19:53.356+00:00,0.023959,0.05837022500054445,sqs-worker-5986dcd897-74pxz,ip-192-168-20-201.ec2.internal,8abdabca73cc12cdddf469af38a1d6bd39f49e334c8a002d62fde6b87196bf72,1,5576.0,5634.0
1,hpa-mmpp-505-63cea98b,000080,30.928265,2026-08-31T20:19:41.362+00:00,2026-08-31T20:19:37.539+00:00,2026-08-31T20:19:51.897+00:00,2026-08-31T20:19:51.897+00:00,2026-08-31T20:19:53.218+00:00,2026-08-31T20:19:53.218+00:00,0.365181,1.32119781000074,sqs-worker-5986dcd897-x8rdl,ip-192-168-20-201.ec2.internal,0c6c581afc9317edde262ada4408d07f999860e364e4300144987f3013472fb0,1,14358.0,15679.0
1,hpa-mmpp-505-63cea98b,000099,35.535757,2026-08-31T20:19:45.969+00:00,2026-08-31T20:19:42.147+00:00,2026-08-31T20:19:53.046+00:00,2026-08-31T20:19:53.046+00:00,2026-08-31T20:19:53.266+00:00,2026-08-31T20:19:53.266+00:00,0.096087,0.21967038799994043,sqs-worker-5986dcd897-74pxz,ip-192-168-20-201.ec2.internal,3202d9217c8010436f5a1667c81062a8379ed2f8cdf551df538dcff223530558,1,10899.0,11119.0
1,hpa-mmpp-505-63cea98b,000081,31.092656,2026-08-31T20:19:41.526+00:00,2026-08-31T20:19:37.703+00:00,2026-08-31T20:19:53.374+00:00,2026-08-31T20:19:53.374+00:00,2026-08-31T20:19:53.861+00:00,2026-08-31T20:19:53.861+00:00,0.202265,0.48727898000106507,sqs-worker-5986dcd897-74pxz,ip-192-168-20-201.ec2.internal,e825c6f335b0642fdf72d8b138c4d6db9b54aa26940a76449c9cae34edbb148a,1,15671.0,16158.000000000002
1,hpa-mmpp-505-63cea98b,000112,37.011388,2026-08-31T20:19:47.445+00:00,2026-08-31T20:19:43.616+00:00,2026-08-31T20:19:53.060+00:00,2026-08-31T20:19:53.060+00:00,2026-08-31T20:19:54.181+00:00,2026-08-31T20:19:54.181+00:00,0.447122,1.1211652220008546,sqs-worker-5986dcd897-7bbcc,ip-192-168-20-201.ec2.internal,5626385a7348e697b8d8a6569cd376d716dd3b626811292b4d446956d7653c64,1,9444.0,10565.0
1,hpa-mmpp-505-63cea98b,000082,31.092779,2026-08-31T20:19:41.527+00:00,2026-08-31T20:19:37.705+00:00,2026-08-31T20:19:53.285+00:00,2026-08-31T20:19:53.285+00:00,2026-08-31T20:19:53.505+00:00,2026-08-31T20:19:53.505+00:00,0.099454,0.22067113599950972,sqs-worker-5986dcd897-x8rdl,ip-192-168-20-201.ec2.internal,24ba3f69a0092f2e0761262007c08740a0e22c663537006411d6a8cd3afd653e,1,15580.0,15800.0
1,hpa-mmpp-505-63cea98b,000101,36.028862,2026-08-31T20:19:46.462+00:00,2026-08-31T20:19:42.636+00:00,2026-08-31T20:19:53.526+00:00,2026-08-31T20:19:53.526+00:00,2026-08-31T20:19:53.893+00:00,2026-08-31T20:19:53.893+00:00,0.140592,0.36687368099956075,sqs-worker-5986dcd897-x8rdl,ip-192-168-20-201.ec2.internal,2c1169c42cf35da39e65093081cb5e1c34deaacaec670af4d19290170ff9d7a4,1,10890.0,11257.0
1,hpa-mmpp-505-63cea98b,000100,35.761607,2026-08-31T20:19:46.195+00:00,2026-08-31T20:19:42.367+00:00,2026-08-31T20:19:54.216+00:00,2026-08-31T20:19:54.216+00:00,2026-08-31T20:19:54.226+00:00,2026-08-31T20:19:54.226+00:00,0.005,0.009994680000090739,sqs-worker-5986dcd897-7bbcc,ip-192-168-20-201.ec2.internal,05b5704db4a0cb33f61c53da4f263613ec1ffb03e77e6b7ba744402b49d7b6dd,1,11849.0,11859.0
1,hpa-mmpp-505-63cea98b,000098,35.495959,2026-08-31T20:19:45.930+00:00,2026-08-31T20:19:42.102+00:00,2026-08-31T20:19:55.221+00:00,2026-08-31T20:19:55.221+00:00,2026-08-31T20:19:55.578+00:00,2026-08-31T20:19:55.578+00:00,0.143446,0.35689809100040293,sqs-worker-5986dcd897-7bbcc,ip-192-168-20-201.ec2.internal,644caee554c9870af4485f9b02f72390ce253786011312fc9c33c7b9b70f48c4,1,13119.0,13476.0
1,hpa-mmpp-505-63cea98b,000110,36.834783,2026-08-31T20:19:47.268+00:00,2026-08-31T20:19:43.438+00:00,2026-08-31T20:19:55.604+00:00,2026-08-31T20:19:55.604+00:00,2026-08-31T20:19:55.684+00:00,2026-08-31T20:19:55.684+00:00,0.042108,0.08024152600046364,sqs-worker-5986dcd897-7bbcc,ip-192-168-20-201.ec2.internal,3722dd5325ff23328f09092892304be775f77920e8346f2ab44431e431f53201,1,12166.0,12246.0
1,hpa-mmpp-505-63cea98b,000118,39.826319,2026-08-31T20:19:50.260+00:00,2026-08-31T20:19:46.432+00:00,2026-08-31T20:19:55.711+00:00,2026-08-31T20:19:55.711+00:00,2026-08-31T20:19:55.780+00:00,2026-08-31T20:19:55.780+00:00,0.028783,0.06893068999852403,sqs-worker-5986dcd897-7bbcc,ip-192-168-20-201.ec2.internal,854f85ede06a52f7201a7eb29266b3af2d91bef696447235c7dbb7bd78c821f6,1,9279.0,9348.0
1,hpa-mmpp-505-63cea98b,000105,36.265783,2026-08-31T20:19:46.699+00:00,2026-08-31T20:19:42.873+00:00,2026-08-31T20:19:55.800+00:00,2026-08-31T20:19:55.800+00:00,2026-08-31T20:19:55.805+00:00,2026-08-31T20:19:55.805+00:00,0.005,0.005038654000600218,sqs-worker-5986dcd897-7bbcc,ip-192-168-20-201.ec2.internal,558623d2a6519bb74a1f856f345d4441c842d0e671e7899f03384f557f0a37e7,1,12927.0,12932.0
1,hpa-mmpp-505-63cea98b,000084,31.693507,2026-08-31T20:19:42.127+00:00,2026-08-31T20:19:38.300+00:00,2026-08-31T20:19:53.911+00:00,2026-08-31T20:19:53.911+00:00,2026-08-31T20:19:54.088+00:00,2026-08-31T20:19:54.088+00:00,0.071884,0.17717793500014523,sqs-worker-5986dcd897-x8rdl,ip-192-168-20-201.ec2.internal,cfeaec2d7958c586f2d34e4ba40c6b7347d5c63fe954b6ab7a02bd136d2071bb,1,15611.0,15788.0
1,hpa-mmpp-505-63cea98b,000097,34.997977,2026-08-31T20:19:45.431+00:00,2026-08-31T20:19:41.602+00:00,2026-08-31T20:19:51.763+00:00,2026-08-31T20:19:51.764+00:00,2026-08-31T20:19:54.564+00:00,2026-08-31T20:19:54.564+00:00,0.695036,2.800475613999879,sqs-worker-5986dcd897-xf66d,ip-192-168-20-201.ec2.internal,95fa7b485a01f38765a33fb6f24feeb76f1c56e23ee6aae931df42e543f015d1,1,10161.0,12962.0
1,hpa-mmpp-505-63cea98b,000148,47.69333,2026-08-31T20:19:58.126+00:00,2026-08-31T20:19:54.300+00:00,2026-08-31T20:19:54.585+00:00,2026-08-31T20:19:54.585+00:00,2026-08-31T20:19:54.674+00:00,2026-08-31T20:19:54.674+00:00,0.044229,0.08957925200047612,sqs-worker-5986dcd897-xf66d,ip-192-168-20-201.ec2.internal,66c9809d5ae620e0046c35f80a2be8c9f5fc846bc6d45ec9ccb7635aabedf68d,1,285.0,374.0
1,hpa-mmpp-505-63cea98b,000108,36.468535,2026-08-31T20:19:46.902+00:00,2026-08-31T20:19:43.074+00:00,2026-08-31T20:19:54.476+00:00,2026-08-31T20:19:54.476+00:00,2026-08-31T20:19:54.728+00:00,2026-08-31T20:19:54.728+00:00,0.104715,0.25133425400053966,sqs-worker-5986dcd897-7bbcc,ip-192-168-20-201.ec2.internal,5a84efdd306e223d80459b440f8c51cdc3361f55b30e921631afbb997a394a2d,1,11402.0,11654.0
1,hpa-mmpp-505-63cea98b,000145,47.323154,2026-08-31T20:19:57.756+00:00,2026-08-31T20:19:53.928+00:00,2026-08-31T20:19:54.104+00:00,2026-08-31T20:19:54.104+00:00,2026-08-31T20:19:55.130+00:00,2026-08-31T20:19:55.130+00:00,0.429626,1.0257856850003009,sqs-worker-5986dcd897-x8rdl,ip-192-168-20-201.ec2.internal,16f3ca8e6318f20093453b64bc4b048570a65af1055edae74dc176cdd372738b,1,176.0,1202.0
1,hpa-mmpp-505-63cea98b,000109,36.649294,2026-08-31T20:19:47.083+00:00,2026-08-31T20:19:43.253+00:00,2026-08-31T20:19:56.430+00:00,2026-08-31T20:19:56.430+00:00,2026-08-31T20:19:56.715+00:00,2026-08-31T20:19:56.715+00:00,0.104869,0.28495016700071574,sqs-worker-5986dcd897-x8rdl,ip-192-168-20-201.ec2.internal,6620716eea5dc8af489bb15d22d228c21a07cb50d2190e095857202879cac25a,1,13177.0,13462.0
1,hpa-mmpp-505-63cea98b,000157,49.48383,2026-08-31T20:19:59.917+00:00,2026-08-31T20:19:56.088+00:00,2026-08-31T20:19:56.669+00:00,2026-08-31T20:19:56.669+00:00,2026-08-31T20:19:56.755+00:00,2026-08-31T20:19:56.755+00:00,0.038006,0.08641986599832308,sqs-worker-5986dcd897-74pxz,ip-192-168-20-201.ec2.internal,c14525c4e4a8769ffa5775a8d2a3f11ca6963d2ce6bdb08de4443e3e8aaa9e81,1,581.0,667.0
1,hpa-mmpp-505-63cea98b,000130,43.124747,2026-08-31T20:19:53.558+00:00,2026-08-31T20:19:49.729+00:00,2026-08-31T20:19:57.642+00:00,2026-08-31T20:19:57.642+00:00,2026-08-31T20:19:57.658+00:00,2026-08-31T20:19:57.658+00:00,0.015566,0.015711653000835213,sqs-worker-5986dcd897-xf66d,ip-192-168-20-201.ec2.internal,f392f7597febb717fcfd5a2ad596e196e2e0dd308a1bdf9c94dc27d2cabf82d5,1,7913.0,7929.0
1,hpa-mmpp-505-63cea98b,000139,45.51302,2026-08-31T20:19:55.946+00:00,2026-08-31T20:19:52.115+00:00,2026-08-31T20:19:57.700+00:00,2026-08-31T20:19:57.700+00:00,2026-08-31T20:19:57.794+00:00,2026-08-31T20:19:57.794+00:00,0.048827,0.09418560999984038,sqs-worker-5986dcd897-xf66d,ip-192-168-20-201.ec2.internal,68bc135ba9e0528bf9a6524454577c63f6650556e0ac254ca259edbd10045794,1,5585.0,5679.0
1,hpa-mmpp-505-63cea98b,000093,34.009752,2026-08-31T20:19:44.443+00:00,2026-08-31T20:19:40.614+00:00,2026-08-31T20:19:53.881+00:00,2026-08-31T20:19:53.881+00:00,2026-08-31T20:19:54.579+00:00,2026-08-31T20:19:54.579+00:00,0.294414,0.6982980979992135,sqs-worker-5986dcd897-74pxz,ip-192-168-20-201.ec2.internal,f147df38177861ce440a9f6a941b83f48ca8f40607f735249b1e0c3f762a95af,1,13267.0,13965.0
1,hpa-mmpp-505-63cea98b,000088,32.983948,2026-08-31T20:19:43.418+00:00,2026-08-31T20:19:39.593+00:00,2026-08-31T20:19:55.205+00:00,2026-08-31T20:19:55.205+00:00,2026-08-31T20:19:55.346+00:00,2026-08-31T20:19:55.346+00:00,0.067907,0.14131905599970196,sqs-worker-5986dcd897-xf66d,ip-192-168-20-201.ec2.internal,b0b80a654d12de76a3e3a64dca05e7d55fe93ed090bd44127a2832ba8efabbb9,1,15612.0,15753.0
1,hpa-mmpp-505-63cea98b,000124,41.226568,2026-08-31T20:19:51.660+00:00,2026-08-31T20:19:47.837+00:00,2026-08-31T20:19:55.825+00:00,2026-08-31T20:19:55.825+00:00,2026-08-31T20:19:56.508+00:00,2026-08-31T20:19:56.508+00:00,0.275899,0.6829857550001179,sqs-worker-5986dcd897-7bbcc,ip-192-168-20-201.ec2.internal,8b82143044958e8d550dd558dee94bd6195efac309c4c36c71a96d0a0f3ac3d1,1,7988.0,8671.0
1,hpa-mmpp-505-63cea98b,000132,43.370368,2026-08-31T20:19:53.804+00:00,2026-08-31T20:19:49.973+00:00,2026-08-31T20:19:57.281+00:00,2026-08-31T20:19:57.281+00:00,2026-08-31T20:19:57.548+00:00,2026-08-31T20:19:57.548+00:00,0.095302,0.2672930680000718,sqs-worker-5986dcd897-74pxz,ip-192-168-20-201.ec2.internal,c68a5c845213ca031b00229d47367b50dceede943ec647aaae317b3a1ee9425c,1,7308.0,7575.0
1,hpa-mmpp-505-63cea98b,000119,40.307973,2026-08-31T20:19:50.742+00:00,2026-08-31T20:19:46.913+00:00,2026-08-31T20:19:56.737+00:00,2026-08-31T20:19:56.737+00:00,2026-08-31T20:19:57.807+00:00,2026-08-31T20:19:57.807+00:00,0.398785,1.0706073109995486,sqs-worker-5986dcd897-x8rdl,ip-192-168-20-201.ec2.internal,9715748e40e24635733025ddd8f562927997615f79bd72240d38fab1e4a1e62a,1,9824.0,10894.0
1,hpa-mmpp-505-63cea98b,000129,43.101069,2026-08-31T20:19:53.534+00:00,2026-08-31T20:19:49.708+00:00,2026-08-31T20:19:54.244+00:00,2026-08-31T20:19:54.244+00:00,2026-08-31T20:19:54.438+00:00,2026-08-31T20:19:54.438+00:00,0.087469,0.19447128499996325,sqs-worker-5986dcd897-7bbcc,ip-192-168-20-201.ec2.internal,e270c509222115afbaf421e10a19d778280da213bb7da1cbba4017ad54c205c1,1,4536.0,4730.0
1,hpa-mmpp-505-63cea98b,000114,37.789373,2026-08-31T20:19:48.223+00:00,2026-08-31T20:19:44.395+00:00,2026-08-31T20:19:54.741+00:00,2026-08-31T20:19:54.741+00:00,2026-08-31T20:19:55.135+00:00,2026-08-31T20:19:55.135+00:00,0.164821,0.39324503199895844,sqs-worker-5986dcd897-7bbcc,ip-192-168-20-201.ec2.internal,2e2a2367b053d0f0540dacc4abbf14f63f458a007c0bd8ea09ce1a1773a8ec64,1,10346.0,10740.0
1,hpa-mmpp-505-63cea98b,000107,36.424323,2026-08-31T20:19:46.858+00:00,2026-08-31T20:19:43.079+00:00,2026-08-31T20:19:54.724+00:00,2026-08-31T20:19:54.724+00:00,2026-08-31T20:19:55.166+00:00,2026-08-31T20:19:55.166+00:00,0.182467,0.4422785290007596,sqs-worker-5986dcd897-xf66d,ip-192-168-20-201.ec2.internal,0292b75adb5d5289774e74f6cbd311280ec1961c6181912ad3884b9aeb3fddb8,1,11645.0,12087.0
1,hpa-mmpp-505-63cea98b,000117,39.19299,2026-08-31T20:19:49.626+00:00,2026-08-31T20:19:45.798+00:00,2026-08-31T20:19:55.686+00:00,2026-08-31T20:19:55.686+00:00,2026-08-31T20:19:56.414+00:00,2026-08-31T20:19:56.414+00:00,0.308079,0.7279425130000163,sqs-worker-5986dcd897-x8rdl,ip-192-168-20-201.ec2.internal,881273600a84b1a28644a59cc561acbc72b2a646dc013d16738bb6ec15e96bf9,1,9888.0,10616.0
1,hpa-mmpp-505-63cea98b,000085,31.729086,2026-08-31T20:19:42.162+00:00,2026-08-31T20:19:38.365+00:00,2026-08-31T20:19:54.602+00:00,2026-08-31T20:19:54.602+00:00,2026-08-31T20:19:56.651+00:00,2026-08-31T20:19:56.651+00:00,0.807233,2.048370063999755,sqs-worker-5986dcd897-74pxz,ip-192-168-20-201.ec2.internal,e24f81ce6ab5af817437877492e3eee3d5b5c0eed087c1f589d4a98f83405ead,1,16236.999999999998,18286.0
1,hpa-mmpp-505-63cea98b,000111,36.927957,2026-08-31T20:19:47.361+00:00,2026-08-31T20:19:43.540+00:00,2026-08-31T20:19:57.567+00:00,2026-08-31T20:19:57.567+00:00,2026-08-31T20:19:57.986+00:00,2026-08-31T20:19:57.986+00:00,0.1874,0.4194454600001336,sqs-worker-5986dcd897-74pxz,ip-192-168-20-201.ec2.internal,0cdc76714d7c44ffc15952a92a86a45749a08c0db83e1d72ba844c4fac078d90,1,14027.0,14446.0
1,hpa-mmpp-505-63cea98b,000143,46.59642,2026-08-31T20:19:57.029+00:00,2026-08-31T20:19:53.202+00:00,2026-08-31T20:19:57.854+00:00,2026-08-31T20:19:57.855+00:00,2026-08-31T20:19:57.994+00:00,2026-08-31T20:19:57.994+00:00,0.068477,0.13963549599975522,sqs-worker-5986dcd897-xf66d,ip-192-168-20-201.ec2.internal,ee2bbabde014611eeb7fd5facaaf9de791b958d346637e6d0ce43059ac0fd901,1,4652.0,4792.0
1,hpa-mmpp-505-63cea98b,000127,43.024152,2026-08-31T20:19:53.458+00:00,2026-08-31T20:19:49.626+00:00,2026-08-31T20:19:59.486+00:00,2026-08-31T20:19:59.486+00:00,2026-08-31T20:19:59.908+00:00,2026-08-31T20:19:59.908+00:00,0.139573,0.42156754300049215,sqs-worker-5986dcd897-x8rdl,ip-192-168-20-201.ec2.internal,ff10980bcdb0b0ff730a8674d1548f5424ff79f7dc5fd2bbbce661e5b11f9c92,1,9860.0,10282.0
1,hpa-mmpp-505-63cea98b,000115,38.864263,2026-08-31T20:19:49.299+00:00,2026-08-31T20:19:45.469+00:00,2026-08-31T20:19:59.605+00:00,2026-08-31T20:19:59.605+00:00,2026-08-31T20:19:59.965+00:00,2026-08-31T20:19:59.965+00:00,0.140138,0.35923078000087116,sqs-worker-5986dcd897-xf66d,ip-192-168-20-201.ec2.internal,dd43180d2a5d03cc6ad489fc4d708d2f2c5b39863eea7d0c028cce2ead85d380,1,14136.0,14496.0
1,hpa-mmpp-505-63cea98b,000103,36.205229,2026-08-31T20:19:46.639+00:00,2026-08-31T20:19:42.812+00:00,2026-08-31T20:19:55.362+00:00,2026-08-31T20:19:55.362+00:00,2026-08-31T20:19:57.123+00:00,2026-08-31T20:19:57.123+00:00,0.663581,1.7613609149993863,sqs-worker-5986dcd897-xf66d,ip-192-168-20-201.ec2.internal,1942735f233652377d0dca1ec8bf0de562af7e3c3dd576a7f674380d99f95027,1,12550.0,14311.0
1,hpa-mmpp-505-63cea98b,000121,41.008781,2026-08-31T20:19:51.442+00:00,2026-08-31T20:19:47.612+00:00,2026-08-31T20:19:59.141+00:00,2026-08-31T20:19:59.141+00:00,2026-08-31T20:19:59.152+00:00,2026-08-31T20:19:59.152+00:00,0.010918,0.011540362000232562,sqs-worker-5986dcd897-7bbcc,ip-192-168-20-201.ec2.internal,5c0a903e86224824d863b73192d0db6fef8ef01d9ddd8f78f146cbe2fb266ba7,1,11529.0,11540.0
1,hpa-mmpp-505-63cea98b,000162,51.211551,2026-08-31T20:20:01.645+00:00,2026-08-31T20:19:57.817+00:00,2026-08-31T20:19:59.231+00:00,2026-08-31T20:19:59.231+00:00,2026-08-31T20:19:59.958+00:00,2026-08-31T20:19:59.959+00:00,0.31392,0.7271739709995018,sqs-worker-5986dcd897-7bbcc,ip-192-168-20-201.ec2.internal,10f29416b4b5a961304ba154d83ecffb1c0804209556ee62b7a06ba7b9e94ad9,1,1414.0,2141.0
1,hpa-mmpp-505-63cea98b,000142,46.522441,2026-08-31T20:19:56.955+00:00,2026-08-31T20:19:53.130+00:00,2026-08-31T20:19:58.570+00:00,2026-08-31T20:19:58.570+00:00,2026-08-31T20:20:00.308+00:00,2026-08-31T20:20:00.308+00:00,0.713737,1.7372430180002993,sqs-worker-5986dcd897-74pxz,ip-192-168-20-201.ec2.internal,a82ecd0f336c7d5f603e9a6de9f0b7b7a0803f5ca0a10049fb65a57c526ebfe6,1,5440.0,7178.0
1,hpa-mmpp-505-63cea98b,000138,45.483323,2026-08-31T20:19:55.916+00:00,2026-08-31T20:19:52.089+00:00,2026-08-31T20:19:58.050+00:00,2026-08-31T20:19:58.050+00:00,2026-08-31T20:19:58.554+00:00,2026-08-31T20:19:58.554+00:00,0.200994,0.5038420500004577,sqs-worker-5986dcd897-74pxz,ip-192-168-20-201.ec2.internal,0a2ea2313d3805dca1c943d1c04c53be4f33a316f882c40bd93a85449b884076,1,5961.0,6465.0
1,hpa-mmpp-505-63cea98b,000160,50.050653,2026-08-31T20:20:00.483+00:00,2026-08-31T20:19:56.657+00:00,2026-08-31T20:19:58.607+00:00,2026-08-31T20:19:58.607+00:00,2026-08-31T20:19:58.634+00:00,2026-08-31T20:19:58.634+00:00,0.023778,0.026832163999642944,sqs-worker-5986dcd897-x8rdl,ip-192-168-20-201.ec2.internal,92bac35a9ca1153f5d935fb6b15138d9827f0b4b9c48689c1440d2f601a63373,1,1950.0,1977.0
1,hpa-mmpp-505-63cea98b,000152,48.533842,2026-08-31T20:19:58.967+00:00,2026-08-31T20:19:55.136+00:00,2026-08-31T20:19:59.023+00:00,2026-08-31T20:19:59.023+00:00,2026-08-31T20:19:59.226+00:00,2026-08-31T20:19:59.226+00:00,0.098207,0.20229076400028134,sqs-worker-5986dcd897-x8rdl,ip-192-168-20-201.ec2.internal,a4c6210c1fd6e5f19d25f20ab3fe8ea8d79227937059f380bb9046b38449e33c,1,3887.0,4090.0
1,hpa-mmpp-505-63cea98b,000163,51.634604,2026-08-31T20:20:02.067+00:00,2026-08-31T20:19:58.243+00:00,2026-08-31T20:19:59.291+00:00,2026-08-31T20:19:59.291+00:00,2026-08-31T20:19:59.422+00:00,2026-08-31T20:19:59.422+00:00,0.071964,0.13103016199966078,sqs-worker-5986dcd897-x8rdl,ip-192-168-20-201.ec2.internal,0f9db8b6dfa228aee79ecc9b02fecd432a8111b67d2cfe2269d8a049e24e9f90,1,1048.0,1179.0
1,hpa-mmpp-505-63cea98b,000136,44.631241,2026-08-31T20:19:55.064+00:00,2026-08-31T20:19:51.242+00:00,2026-08-31T20:19:58.009+00:00,2026-08-31T20:19:58.009+00:00,2026-08-31T20:19:59.449+00:00,2026-08-31T20:19:59.449+00:00,0.559864,1.4403201679997437,sqs-worker-5986dcd897-xf66d,ip-192-168-20-201.ec2.internal,ec300df20839898c7815dd3f36abbb5a67a7725f3f9a322186331393b5db1d35,1,6767.0,8207.0
1,hpa-mmpp-505-63cea98b,000133,43.435625,2026-08-31T20:19:53.869+00:00,2026-08-31T20:19:50.041+00:00,2026-08-31T20:20:00.783+00:00,2026-08-31T20:20:00.783+00:00,2026-08-31T20:20:01.054+00:00,2026-08-31T20:20:01.054+00:00,0.115863,0.27058866000152193,sqs-worker-5986dcd897-74pxz,ip-192-168-20-201.ec2.internal,109d35757220032885df12c5c98b5fed897716cebd3093e83235ad65893d739c,1,10742.0,11013.0
1,hpa-mmpp-505-63cea98b,000149,47.891759,2026-08-31T20:19:58.324+00:00,2026-08-31T20:19:54.497+00:00,2026-08-31T20:19:58.686+00:00,2026-08-31T20:19:58.686+00:00,2026-08-31T20:19:58.714+00:00,2026-08-31T20:19:58.714+00:00,0.01492,0.02808605899917893,sqs-worker-5986dcd897-x8rdl,ip-192-168-20-201.ec2.internal,27a4b80dcddb99f8da2b633334fbc2f1b7dd87d908611e58aedb590334b3452b,1,4189.0,4217.0
1,hpa-mmpp-505-63cea98b,000150,48.059977,2026-08-31T20:19:58.493+00:00,2026-08-31T20:19:54.671+00:00,2026-08-31T20:19:59.463+00:00,2026-08-31T20:19:59.463+00:00,2026-08-31T20:19:59.585+00:00,2026-08-31T20:19:59.585+00:00,0.058379,0.12222130200098036,sqs-worker-5986dcd897-xf66d,ip-192-168-20-201.ec2.internal,1daa5573ae0b9552e56527d691fd048ebfb1d665ac4b909e5af64377ce53de68,1,4792.0,4914.0
1,hpa-mmpp-505-63cea98b,000146,47.341086,2026-08-31T20:19:57.774+00:00,2026-08-31T20:19:53.948+00:00,2026-08-31T20:19:59.979+00:00,2026-08-31T20:19:59.979+00:00,2026-08-31T20:20:00.552+00:00,2026-08-31T20:20:00.552+00:00,0.22494,0.5729516120009066,sqs-worker-5986dcd897-xf66d,ip-192-168-20-201.ec2.internal,fab82a817118ca134465721cf9c497ad67ac73ad3854a592c355266c3ba46483,1,6031.0,6604.0
1,hpa-mmpp-505-63cea98b,000151,48.099139,2026-08-31T20:19:58.532+00:00,2026-08-31T20:19:54.702+00:00,2026-08-31T20:20:00.364+00:00,2026-08-31T20:20:00.364+00:00,2026-08-31T20:20:00.762+00:00,2026-08-31T20:20:00.762+00:00,0.156908,0.3979073430000426,sqs-worker-5986dcd897-74pxz,ip-192-168-20-201.ec2.internal,eb45172d957ca240c76ed843423c980517f513ada3e8ace88df6e83cb7e9b620,1,5662.0,6060.0
1,hpa-mmpp-505-63cea98b,000116,38.890954,2026-08-31T20:19:49.324+00:00,2026-08-31T20:19:45.495+00:00,2026-08-31T20:19:55.149+00:00,2026-08-31T20:19:55.149+00:00,2026-08-31T20:19:55.198+00:00,2026-08-31T20:19:55.198+00:00,0.020006,0.04890614099895174,sqs-worker-5986dcd897-7bbcc,ip-192-168-20-201.ec2.internal,be935ce81e7061bd66a14765b13db3405d0704645b9f9e29bf4782c7f87be191,1,9654.0,9703.0
1,hpa-mmpp-505-63cea98b,000104,36.254807,2026-08-31T20:19:46.688+00:00,2026-08-31T20:19:42.870+00:00,2026-08-31T20:19:55.190+00:00,2026-08-31T20:19:55.190+00:00,2026-08-31T20:19:55.625+00:00,2026-08-31T20:19:55.625+00:00,0.192449,0.4351001860013639,sqs-worker-5986dcd897-x8rdl,ip-192-168-20-201.ec2.internal,07722daab2e3eabead18ba1b18604bf6ffe8f7b4a1f3f91eb01deb98bff515c1,1,12320.0,12755.0
1,hpa-mmpp-505-63cea98b,000102,36.078564,2026-08-31T20:19:46.512+00:00,2026-08-31T20:19:42.683+00:00,2026-08-31T20:19:56.787+00:00,2026-08-31T20:19:56.787+00:00,2026-08-31T20:19:57.263+00:00,2026-08-31T20:19:57.263+00:00,0.15749,0.47537102199930814,sqs-worker-5986dcd897-74pxz,ip-192-168-20-201.ec2.internal,db821975cd5ce93e74efdd88facb6c61d7ebeb69bd8fffd7d96dea3b75ea5175,1,14104.0,14580.0
1,hpa-mmpp-505-63cea98b,000161,50.148926,2026-08-31T20:20:00.581+00:00,2026-08-31T20:19:56.781+00:00,2026-08-31T20:19:57.137+00:00,2026-08-31T20:19:57.137+00:00,2026-08-31T20:19:57.574+00:00,2026-08-31T20:19:57.574+00:00,0.18871,0.437326605000635,sqs-worker-5986dcd897-xf66d,ip-192-168-20-201.ec2.internal,a5c900c46576a22163f24cdad52473ba40b63d662576cc2f39d5300f51f73b54,1,356.0,793.0
1,hpa-mmpp-505-63cea98b,000131,43.318054,2026-08-31T20:19:53.751+00:00,2026-08-31T20:19:49.921+00:00,2026-08-31T20:19:57.823+00:00,2026-08-31T20:19:57.824+00:00,2026-08-31T20:19:57.921+00:00,2026-08-31T20:19:57.921+00:00,0.0508,0.09775225699922885,sqs-worker-5986dcd897-x8rdl,ip-192-168-20-201.ec2.internal,bf14c658c027aef63dd178111257cdf155eb216bd16575a350f6168e3e946675,1,7902.0,8000.0
1,hpa-mmpp-505-63cea98b,000120,40.642923,2026-08-31T20:19:51.077+00:00,2026-08-31T20:19:47.247+00:00,2026-08-31T20:19:59.992+00:00,2026-08-31T20:19:59.992+00:00,2026-08-31T20:20:00.453+00:00,2026-08-31T20:20:00.453+00:00,0.188135,0.4610871539989603,sqs-worker-5986dcd897-7bbcc,ip-192-168-20-201.ec2.internal,a27c5ed67c35770e687d3ca1f5673f32c0949115a926be8a82d9f9d38b8ef906,1,12745.0,13206.0
1,hpa-mmpp-505-63cea98b,000153,48.707319,2026-08-31T20:19:59.140+00:00,2026-08-31T20:19:55.312+00:00,2026-08-31T20:19:59.991+00:00,2026-08-31T20:19:59.991+00:00,2026-08-31T20:20:00.606+00:00,2026-08-31T20:20:00.606+00:00,0.127908,0.614999634999549,sqs-worker-5986dcd897-x8rdl,ip-192-168-20-201.ec2.internal,1902ce75e91265831991609826f62ef9781dd46b593dbc936dd4e028973de7dd,1,4679.0,5294.0
1,hpa-mmpp-505-63cea98b,000135,44.534336,2026-08-31T20:19:54.967+00:00,2026-08-31T20:19:51.139+00:00,2026-08-31T20:20:01.071+00:00,2026-08-31T20:20:01.071+00:00,2026-08-31T20:20:01.252+00:00,2026-08-31T20:20:01.252+00:00,0.074172,0.18091815000116185,sqs-worker-5986dcd897-74pxz,ip-192-168-20-201.ec2.internal,468c39a617e594fe923fc91be7a56451cc794b277152ddaeff7ab58c798994c2,1,9932.0,10113.0
1,hpa-mmpp-505-63cea98b,000156,49.19385,2026-08-31T20:19:59.626+00:00,2026-08-31T20:19:55.796+00:00,2026-08-31T20:20:01.276+00:00,2026-08-31T20:20:01.276+00:00,2026-08-31T20:20:01.508+00:00,2026-08-31T20:20:01.508+00:00,0.099379,0.2318880220009305,sqs-worker-5986dcd897-74pxz,ip-192-168-20-201.ec2.internal,976f036fa26807a0c0951bb0ea39a7d408a705e3be443f244b38f58c88aea715,1,5480.0,5712.0
1,hpa-mmpp-505-63cea98b,000134,44.463816,2026-08-31T20:19:54.897+00:00,2026-08-31T20:19:51.077+00:00,2026-08-31T20:20:01.042+00:00,2026-08-31T20:20:01.042+00:00,2026-08-31T20:20:02.344+00:00,2026-08-31T20:20:02.344+00:00,0.53264,1.3019709690015588,sqs-worker-5986dcd897-7bbcc,ip-192-168-20-201.ec2.internal,9c932380e55373829f12eea1ea2e0cecf0989aa03b41108d24ca7f3b490dbde3,1,9965.0,11267.0
1,hpa-mmpp-505-63cea98b,000126,42.491919,2026-08-31T20:19:52.926+00:00,2026-08-31T20:19:49.097+00:00,2026-08-31T20:20:00.726+00:00,2026-08-31T20:20:00.726+00:00,2026-08-31T20:20:03.410+00:00,2026-08-31T20:20:03.410+00:00,0.630204,2.684607959999994,sqs-worker-5986dcd897-x8rdl,ip-192-168-20-201.ec2.internal,d49acea292954687cc2b5e7f4d77f0263e0542c69e767c8f28b329cba3f76624,1,11629.0,14313.0
1,hpa-mmpp-505-63cea98b,000165,52.282139,2026-08-31T20:20:02.715+00:00,2026-08-31T20:19:58.889+00:00,2026-08-31T20:20:02.693+00:00,2026-08-31T20:20:02.693+00:00,2026-08-31T20:20:03.366+00:00,2026-08-31T20:20:03.366+00:00,0.171197,0.6725650900007167,sqs-worker-5986dcd897-74pxz,ip-192-168-20-201.ec2.internal,1bef74267db8d9453af9e81edd8ca9fbd8b09e7482e7751848701c0898e12666,1,3804.0,4477.0
1,hpa-mmpp-505-63cea98b,000169,52.943475,2026-08-31T20:20:03.376+00:00,2026-08-31T20:19:59.544+00:00,2026-08-31T20:20:03.461+00:00,2026-08-31T20:20:03.461+00:00,2026-08-31T20:20:05.152+00:00,2026-08-31T20:20:05.152+00:00,0.629337,1.6913530399997398,sqs-worker-5986dcd897-xf66d,ip-192-168-20-201.ec2.internal,3f58e83013f6851c38dfde3a60cb99044ae82e2163e08ea688929de2cd636ce0,1,3917.0,5608.0
1,hpa-mmpp-505-63cea98b,000154,49.02462,2026-08-31T20:19:59.457+00:00,2026-08-31T20:19:55.627+00:00,2026-08-31T20:20:00.483+00:00,2026-08-31T20:20:00.483+00:00,2026-08-31T20:20:01.027+00:00,2026-08-31T20:20:01.027+00:00,0.209159,0.5439809320014319,sqs-worker-5986dcd897-7bbcc,ip-192-168-20-201.ec2.internal,4f11e355c6a8982572c08c3c81da12053e370f0f7347a2717ca5f635185d9ec6,1,4856.0,5400.0
1,hpa-mmpp-505-63cea98b,000166,52.425102,2026-08-31T20:20:02.858+00:00,2026-08-31T20:19:59.026+00:00,2026-08-31T20:20:00.582+00:00,2026-08-31T20:20:00.582+00:00,2026-08-31T20:20:03.387+00:00,2026-08-31T20:20:03.387+00:00,0.504082,2.804514349998499,sqs-worker-5986dcd897-xf66d,ip-192-168-20-201.ec2.internal,3694f73b4babe5dc2b6eb571ca860c7e84dc67cce06d79d9a3fe22e9756c448a,1,1556.0,4361.0
1,hpa-mmpp-505-63cea98b,000167,52.777356,2026-08-31T20:20:03.210+00:00,2026-08-31T20:19:59.395+00:00,2026-08-31T20:20:03.249+00:00,2026-08-31T20:20:03.249+00:00,2026-08-31T20:20:03.531+00:00,2026-08-31T20:20:03.531+00:00,0.0597,0.28250210099940887,sqs-worker-5986dcd897-7bbcc,ip-192-168-20-201.ec2.internal,061bc1cd7afb66eb41e486f6537b0781fbe99fd13a7bbb0805ad0470b8631d22,1,3854.0,4136.0
1,hpa-mmpp-505-63cea98b,000158,49.499798,2026-08-31T20:19:59.932+00:00,2026-08-31T20:19:56.105+00:00,2026-08-31T20:20:04.824+00:00,2026-08-31T20:20:04.825+00:00,2026-08-31T20:20:05.418+00:00,2026-08-31T20:20:05.418+00:00,0.247797,0.5932748059985897,sqs-worker-5986dcd897-x8rdl,ip-192-168-20-201.ec2.internal,dba3bba55c4a7478401b5b327dce93d821c0b672be1296397ceaea3a5615f1af,1,8719.0,9313.0
1,hpa-mmpp-505-63cea98b,000170,59.926399,2026-08-31T20:20:10.365+00:00,2026-08-31T20:20:06.534+00:00,2026-08-31T20:20:06.538+00:00,2026-08-31T20:20:06.538+00:00,2026-08-31T20:20:06.801+00:00,2026-08-31T20:20:06.801+00:00,0.138239,0.2625572960005229,sqs-worker-5986dcd897-x8rdl,ip-192-168-20-201.ec2.internal,006441e2b1644e8ba9ba4268efd3363926dee6b9d9aa1b03c9ef5750f0e877d4,1,4.0,267.0
1,hpa-mmpp-505-63cea98b,000141,46.342496,2026-08-31T20:19:56.776+00:00,2026-08-31T20:19:52.949+00:00,2026-08-31T20:20:02.492+00:00,2026-08-31T20:20:02.492+00:00,2026-08-31T20:20:02.678+00:00,2026-08-31T20:20:02.678+00:00,0.072623,0.18622343099923455,sqs-worker-5986dcd897-74pxz,ip-192-168-20-201.ec2.internal,d93c6f18a69914ce7e8d2e5646738dd34807a653b0cf653b8c38c50fcee8d4bf,1,9543.0,9729.0
1,hpa-mmpp-505-63cea98b,000168,52.851886,2026-08-31T20:20:03.284+00:00,2026-08-31T20:19:59.461+00:00,2026-08-31T20:20:03.430+00:00,2026-08-31T20:20:03.430+00:00,2026-08-31T20:20:04.804+00:00,2026-08-31T20:20:04.804+00:00,0.552028,1.374300598001355,sqs-worker-5986dcd897-x8rdl,ip-192-168-20-201.ec2.internal,ace8cce6fda7c5c275fb1f911c703014caae6c2c3d659239dfcd822099ef3c97,1,3969.0,5343.0
1,hpa-mmpp-505-63cea98b,000147,47.343856,2026-08-31T20:19:57.776+00:00,2026-08-31T20:19:53.945+00:00,2026-08-31T20:20:03.626+00:00,2026-08-31T20:20:03.626+00:00,2026-08-31T20:20:05.130+00:00,2026-08-31T20:20:05.130+00:00,0.246863,1.5041507910009386,sqs-worker-5986dcd897-7bbcc,ip-192-168-20-201.ec2.internal,6093dc18e9f24088776d74bf67427f75f1dc0f793a78b6606edfbe83c4339dfe,1,9681.0,11185.0
1,hpa-mmpp-505-63cea98b,000137,45.18374,2026-08-31T20:19:55.617+00:00,2026-08-31T20:19:51.789+00:00,2026-08-31T20:20:02.374+00:00,2026-08-31T20:20:02.374+00:00,2026-08-31T20:20:03.172+00:00,2026-08-31T20:20:03.172+00:00,0.285228,0.7983749230006651,sqs-worker-5986dcd897-7bbcc,ip-192-168-20-201.ec2.internal,d45fbb59f38ef344b43b3ba368873b404c2cbc3ffacd8804bb7f4f3381387e16,1,10585.0,11383.0
1,hpa-mmpp-505-63cea98b,000155,49.121447,2026-08-31T20:19:59.554+00:00,2026-08-31T20:19:55.737+00:00,2026-08-31T20:20:04.051+00:00,2026-08-31T20:20:04.051+00:00,2026-08-31T20:20:05.644+00:00,2026-08-31T20:20:05.645+00:00,0.286015,1.593600434000109,sqs-worker-5986dcd897-74pxz,ip-192-168-20-201.ec2.internal,36f1e341c552cab0606bf09371394f0a816f9c688a67f6c6b241e5fab55d1a73,1,8314.0,9907.0
1,hpa-mmpp-505-63cea98b,000159,49.975549,2026-08-31T20:20:00.409+00:00,2026-08-31T20:19:56.583+00:00,2026-08-31T20:19:58.013+00:00,2026-08-31T20:19:58.014+00:00,2026-08-31T20:19:58.584+00:00,2026-08-31T20:19:58.584+00:00,0.239251,0.5702368519996526,sqs-worker-5986dcd897-x8rdl,ip-192-168-20-201.ec2.internal,c2f751f05072c55b3cb925996954495c45aa434fdf022a828c25daba37592021,1,1430.0,2001.0
1,hpa-mmpp-505-63cea98b,000140,45.724229,2026-08-31T20:19:56.157+00:00,2026-08-31T20:19:52.330+00:00,2026-08-31T20:19:58.729+00:00,2026-08-31T20:19:58.729+00:00,2026-08-31T20:19:59.009+00:00,2026-08-31T20:19:59.009+00:00,0.115491,0.27947514600055,sqs-worker-5986dcd897-x8rdl,ip-192-168-20-201.ec2.internal,87c0dfbd0bbfa02412cb0d9268ccbf1cbb1b133a528392cb89682e41f17f4395,1,6399.0,6679.0
1,hpa-mmpp-505-63cea98b,000128,43.031995,2026-08-31T20:19:53.465+00:00,2026-08-31T20:19:49.637+00:00,2026-08-31T20:19:56.525+00:00,2026-08-31T20:19:56.525+00:00,2026-08-31T20:19:59.129+00:00,2026-08-31T20:19:59.129+00:00,1.0,2.603230602999247,sqs-worker-5986dcd897-7bbcc,ip-192-168-20-201.ec2.internal,eeb2e962d2f9943d7b30b17abd9bbe290f60a332e86b7e69e60078430365bb67,1,6888.0,9492.0
1,hpa-mmpp-505-63cea98b,000164,52.110936,2026-08-31T20:20:02.544+00:00,2026-08-31T20:19:58.715+00:00,2026-08-31T20:20:01.527+00:00,2026-08-31T20:20:01.527+00:00,2026-08-31T20:20:02.469+00:00,2026-08-31T20:20:02.469+00:00,0.38413,0.942042720000245,sqs-worker-5986dcd897-74pxz,ip-192-168-20-201.ec2.internal,3b14342f1a3926dcdb6cf1f10a5fa3b336eb33937157ee427934e9c1b6109892,1,2812.0,3754.0
1,hpa-mmpp-505-63cea98b,000144,46.825676,2026-08-31T20:19:57.258+00:00,2026-08-31T20:19:53.429+00:00,2026-08-31T20:20:03.483+00:00,2026-08-31T20:20:03.483+00:00,2026-08-31T20:20:03.953+00:00,2026-08-31T20:20:03.953+00:00,0.086399,0.46970861599947966,sqs-worker-5986dcd897-74pxz,ip-192-168-20-201.ec2.internal,178a6c1b97411c0970b06e12df23e1e005291009877918b447c0869e9f9d1ba7,1,10054.0,10524.0
1,hpa-mmpp-505-63cea98b,000171,62.741721,2026-08-31T20:20:13.177+00:00,2026-08-31T20:20:09.346+00:00,2026-08-31T20:20:09.353+00:00,2026-08-31T20:20:09.353+00:00,2026-08-31T20:20:09.594+00:00,2026-08-31T20:20:09.594+00:00,0.122997,0.24133713800074474,sqs-worker-5986dcd897-xf66d,ip-192-168-20-201.ec2.internal,12d1507bf6f10f717210f8a7325dd8e86b84e95a04c8a1d382da9d11573715f2,1,7.0,248.0
1,hpa-mmpp-505-63cea98b,000172,67.104816,2026-08-31T20:20:17.541+00:00,2026-08-31T20:20:13.711+00:00,2026-08-31T20:20:13.715+00:00,2026-08-31T20:20:13.715+00:00,2026-08-31T20:20:13.866+00:00,2026-08-31T20:20:13.866+00:00,0.079449,0.15097269899888488,sqs-worker-5986dcd897-xf66d,ip-192-168-20-201.ec2.internal,55587e5c4148b39b56d0329638ad5d5e242804c4a673fbd691cb61e7444ddfe8,1,4.0,155.0
1,hpa-mmpp-505-63cea98b,000173,71.627577,2026-08-31T20:20:22.065+00:00,2026-08-31T20:20:18.233+00:00,2026-08-31T20:20:18.236+00:00,2026-08-31T20:20:18.236+00:00,2026-08-31T20:20:18.694+00:00,2026-08-31T20:20:18.694+00:00,0.210808,0.4581621790002828,sqs-worker-5986dcd897-x8rdl,ip-192-168-20-201.ec2.internal,f15a09bd9c1861608b8ff966224b3df55c08054fa3d09173fb0abd07bccb3ca2,1,3.0,461.0
1,hpa-mmpp-505-63cea98b,000174,72.783593,2026-08-31T20:20:23.217+00:00,2026-08-31T20:20:19.384+00:00,2026-08-31T20:20:19.388+00:00,2026-08-31T20:20:19.388+00:00,2026-08-31T20:20:20.502+00:00,2026-08-31T20:20:20.502+00:00,0.467893,1.1140991850006685,sqs-worker-5986dcd897-7bbcc,ip-192-168-20-201.ec2.internal,f387670551fa2712bc163276b1b5b68dee65597916aef5c8ff15daf1ab3c4606,1,4.0,1118.0
1,hpa-mmpp-505-63cea98b,000176,76.521492,2026-08-31T20:20:26.954+00:00,2026-08-31T20:20:23.123+00:00,2026-08-31T20:20:23.127+00:00,2026-08-31T20:20:23.127+00:00,2026-08-31T20:20:23.626+00:00,2026-08-31T20:20:23.626+00:00,0.233966,0.4994823270008055,sqs-worker-5986dcd897-x8rdl,ip-192-168-20-201.ec2.internal,fb0497656c0b0d774e4446d511d795e47908c81f853a3bf5478d9ed8e44494a3,1,4.0,503.0
1,hpa-mmpp-505-63cea98b,000175,75.858509,2026-08-31T20:20:26.293+00:00,2026-08-31T20:20:22.466+00:00,2026-08-31T20:20:22.470+00:00,2026-08-31T20:20:22.470+00:00,2026-08-31T20:20:23.600+00:00,2026-08-31T20:20:23.600+00:00,0.297625,1.1300398229996063,sqs-worker-5986dcd897-7bbcc,ip-192-168-20-201.ec2.internal,d53485d5c0219366d822f59f3a2646680fda5473e4da562fb87eef63e52526e4,1,4.0,1134.0
1,hpa-mmpp-505-63cea98b,000177,78.907059,2026-08-31T20:20:29.341+00:00,2026-08-31T20:20:25.509+00:00,2026-08-31T20:20:25.512+00:00,2026-08-31T20:20:25.512+00:00,2026-08-31T20:20:26.107+00:00,2026-08-31T20:20:26.107+00:00,0.264928,0.5949914729990269,sqs-worker-5986dcd897-x8rdl,ip-192-168-20-201.ec2.internal,bd0f789fe101fc1a6ea80db5503e2e3811d435ebb0a6cbea866ca5d7a096f677,1,3.0,598.0
1,hpa-mmpp-505-63cea98b,000178,80.633206,2026-08-31T20:20:31.067+00:00,2026-08-31T20:20:27.236+00:00,2026-08-31T20:20:27.242+00:00,2026-08-31T20:20:27.242+00:00,2026-08-31T20:20:27.440+00:00,2026-08-31T20:20:27.440+00:00,0.09512,0.1983008269999118,sqs-worker-5986dcd897-7bbcc,ip-192-168-20-201.ec2.internal,351a77c9c8170f105e8f921f17f84ae14058a24d92de577e2f8a2e3808789641,1,6.0,204.0
1,hpa-mmpp-505-63cea98b,000179,81.031703,2026-08-31T20:20:31.464+00:00,2026-08-31T20:20:27.632+00:00,2026-08-31T20:20:27.636+00:00,2026-08-31T20:20:27.636+00:00,2026-08-31T20:20:28.245+00:00,2026-08-31T20:20:28.245+00:00,0.26016,0.608589742998447,sqs-worker-5986dcd897-7bbcc,ip-192-168-20-201.ec2.internal,db64eca43ad4691f36d63d8acf36c664b8044fab93dc38903a5f23e79823c485,1,4.0,613.0
1,hpa-mmpp-505-63cea98b,000180,84.22667,2026-08-31T20:20:34.661+00:00,2026-08-31T20:20:30.831+00:00,2026-08-31T20:20:30.836+00:00,2026-08-31T20:20:30.836+00:00,2026-08-31T20:20:30.947+00:00,2026-08-31T20:20:30.947+00:00,0.062191,0.11072115900060453,sqs-worker-5986dcd897-7bbcc,ip-192-168-20-201.ec2.internal,1b111a451e92f9425ada1860d25276fe4b8de2e8ea4f69e87598c9e5f83e4455,1,5.0,116.0
1,hpa-mmpp-505-63cea98b,000182,88.872421,2026-08-31T20:20:39.304+00:00,2026-08-31T20:20:35.477+00:00,2026-08-31T20:20:35.483+00:00,2026-08-31T20:20:35.483+00:00,2026-08-31T20:20:35.520+00:00,2026-08-31T20:20:35.520+00:00,0.037099,0.0371771459995216,sqs-worker-5986dcd897-74pxz,ip-192-168-20-201.ec2.internal,81d631777ddee87aaa30e9bb182beff7b5a0764121d533aae4e5052e053a8f55,1,6.0,43.0
1,hpa-mmpp-505-63cea98b,000181,88.397498,2026-08-31T20:20:38.832+00:00,2026-08-31T20:20:35.004+00:00,2026-08-31T20:20:35.009+00:00,2026-08-31T20:20:35.009+00:00,2026-08-31T20:20:35.591+00:00,2026-08-31T20:20:35.591+00:00,0.259828,0.5823409460008406,sqs-worker-5986dcd897-7bbcc,ip-192-168-20-201.ec2.internal,5a174ae8ce8e4e7e59ebc9b1ce403988df5609393712b95cf13c6962cb9d40be,1,5.0,587.0
1,hpa-mmpp-505-63cea98b,000183,89.773095,2026-08-31T20:20:40.205+00:00,2026-08-31T20:20:36.383+00:00,2026-08-31T20:20:36.386+00:00,2026-08-31T20:20:36.387+00:00,2026-08-31T20:20:38.192+00:00,2026-08-31T20:20:38.192+00:00,0.728026,1.8052592290005123,sqs-worker-5986dcd897-x8rdl,ip-192-168-20-201.ec2.internal,81830c3f1bc18598efc3235490641000cc019d6d728f87a6f48da57d36c1c848,1,3.0,1809.0
1,hpa-mmpp-505-63cea98b,000184,92.299883,2026-08-31T20:20:42.732+00:00,2026-08-31T20:20:38.903+00:00,2026-08-31T20:20:38.907+00:00,2026-08-31T20:20:38.907+00:00,2026-08-31T20:20:39.080+00:00,2026-08-31T20:20:39.080+00:00,0.089391,0.17229568399852724,sqs-worker-5986dcd897-7bbcc,ip-192-168-20-201.ec2.internal,5d4a868afd35790af2bb4b73bf4ca500af576fe701567685cf3ecb9f981f8da8,1,4.0,177.0
1,hpa-mmpp-505-63cea98b,000185,92.972319,2026-08-31T20:20:43.404+00:00,2026-08-31T20:20:39.573+00:00,2026-08-31T20:20:39.577+00:00,2026-08-31T20:20:39.577+00:00,2026-08-31T20:20:39.772+00:00,2026-08-31T20:20:39.772+00:00,0.100535,0.19481796100080828,sqs-worker-5986dcd897-74pxz,ip-192-168-20-201.ec2.internal,e0417cd023a1bb9fe9bb18661ea9fcdd9dff7f590f5555eaec137fc064fbf1be,1,4.0,199.0
1,hpa-mmpp-505-63cea98b,000186,98.178538,2026-08-31T20:20:48.612+00:00,2026-08-31T20:20:44.781+00:00,2026-08-31T20:20:44.787+00:00,2026-08-31T20:20:44.787+00:00,2026-08-31T20:20:45.286+00:00,2026-08-31T20:20:45.286+00:00,0.203228,0.4986600129996077,sqs-worker-5986dcd897-x8rdl,ip-192-168-20-201.ec2.internal,786c1fc0edd319ae7262639deb39be9245f203ae1721374e20a6e1637935a95b,1,6.0,505.0
1,hpa-mmpp-505-63cea98b,000187,99.832206,2026-08-31T20:20:50.264+00:00,2026-08-31T20:20:46.436+00:00,2026-08-31T20:20:46.440+00:00,2026-08-31T20:20:46.440+00:00,2026-08-31T20:20:46.841+00:00,2026-08-31T20:20:46.841+00:00,0.176733,0.40185408599973016,sqs-worker-5986dcd897-7bbcc,ip-192-168-20-201.ec2.internal,e2d4a355647a9ce4ec281b3f3f9f531ad23d916c8ea08e45b103da2e252bd33b,1,4.0,405.0
1,hpa-mmpp-505-63cea98b,000188,103.323955,2026-08-31T20:20:53.759+00:00,2026-08-31T20:20:49.930+00:00,2026-08-31T20:20:49.987+00:00,2026-08-31T20:20:49.987+00:00,2026-08-31T20:20:51.295+00:00,2026-08-31T20:20:51.295+00:00,0.264413,1.3087372640002286,sqs-worker-5986dcd897-x8rdl,ip-192-168-20-201.ec2.internal,136646e56cacee147a93a7663aa71d7e7a41cc05edaf94a34948d0721bc741a5,1,57.0,1365.0
1,hpa-mmpp-505-63cea98b,000190,107.432226,2026-08-31T20:20:57.864+00:00,2026-08-31T20:20:54.035+00:00,2026-08-31T20:20:54.048+00:00,2026-08-31T20:20:54.048+00:00,2026-08-31T20:20:54.151+00:00,2026-08-31T20:20:54.151+00:00,0.052422,0.10275945099965611,sqs-worker-5986dcd897-xf66d,ip-192-168-20-201.ec2.internal,df314cdaf0db1fef7179879bb75584c44ea19d8826e0339625ab5ed62f749358,1,13.0,116.0
1,hpa-mmpp-505-63cea98b,000189,105.818281,2026-08-31T20:20:56.251+00:00,2026-08-31T20:20:52.944+00:00,2026-08-31T20:20:52.950+00:00,2026-08-31T20:20:52.950+00:00,2026-08-31T20:20:54.227+00:00,2026-08-31T20:20:54.227+00:00,0.254078,1.2775174420003168,sqs-worker-5986dcd897-7bbcc,ip-192-168-20-201.ec2.internal,b9064f8fc436641eaba0e344cb0d39b42d51aadfdbc1cf3c068622b5e1f732d1,1,6.0,1283.0
1,hpa-mmpp-505-63cea98b,000191,108.419787,2026-08-31T20:20:58.851+00:00,2026-08-31T20:20:55.023+00:00,2026-08-31T20:20:55.028+00:00,2026-08-31T20:20:55.028+00:00,2026-08-31T20:20:56.182+00:00,2026-08-31T20:20:56.182+00:00,0.497538,1.1536747879999893,sqs-worker-5986dcd897-xf66d,ip-192-168-20-201.ec2.internal,3464307c2fa4bd629fd39964f765fa17d847749b540a00620f8158270d6820be,1,5.0,1159.0
1,hpa-mmpp-505-63cea98b,000192,109.563763,2026-08-31T20:20:59.995+00:00,2026-08-31T20:20:56.167+00:00,2026-08-31T20:20:56.171+00:00,2026-08-31T20:20:56.171+00:00,2026-08-31T20:20:56.176+00:00,2026-08-31T20:20:56.176+00:00,0.005,0.00505995399907988,sqs-worker-5986dcd897-x8rdl,ip-192-168-20-201.ec2.internal,92afd32f15f669f567cb82603e4240cb5954ba63f94fd9911b7095d9463e41fb,1,4.0,9.0
1,hpa-mmpp-505-63cea98b,000193,115.39305,2026-08-31T20:21:05.829+00:00,2026-08-31T20:21:02.001+00:00,2026-08-31T20:21:02.004+00:00,2026-08-31T20:21:02.004+00:00,2026-08-31T20:21:02.092+00:00,2026-08-31T20:21:02.092+00:00,0.04929,0.08750703499936208,sqs-worker-5986dcd897-x8rdl,ip-192-168-20-201.ec2.internal,4c134d96f64a936881d64f433ef102acdc5ee81f6143df2eec40a811c32dd256,1,3.0,91.0
1,hpa-mmpp-505-63cea98b,000195,117.578254,2026-08-31T20:21:08.009+00:00,2026-08-31T20:21:04.178+00:00,2026-08-31T20:21:04.182+00:00,2026-08-31T20:21:04.182+00:00,2026-08-31T20:21:04.194+00:00,2026-08-31T20:21:04.194+00:00,0.01195,0.012057093999828794,sqs-worker-5986dcd897-x8rdl,ip-192-168-20-201.ec2.internal,e9fcd4398a31eba0d4b6e2791b4e3d22a2e5e81bf09225a842b7349f81901f52,1,4.0,16.0
1,hpa-mmpp-505-63cea98b,000194,117.555538,2026-08-31T20:21:07.988+00:00,2026-08-31T20:21:04.159+00:00,2026-08-31T20:21:04.226+00:00,2026-08-31T20:21:04.226+00:00,2026-08-31T20:21:04.456+00:00,2026-08-31T20:21:04.456+00:00,0.079011,0.23082573900137504,sqs-worker-5986dcd897-7bbcc,ip-192-168-20-201.ec2.internal,d6ad9046045280f8e4b39b13aa77cab1370a80de69bd5756bf66b4f4d43ee4cf,1,67.0,297.0
1,hpa-mmpp-505-63cea98b,000197,117.962655,2026-08-31T20:21:08.393+00:00,2026-08-31T20:21:04.564+00:00,2026-08-31T20:21:04.568+00:00,2026-08-31T20:21:04.568+00:00,2026-08-31T20:21:04.706+00:00,2026-08-31T20:21:04.706+00:00,0.07513,0.1385580790010863,sqs-worker-5986dcd897-7bbcc,ip-192-168-20-201.ec2.internal,853dd8fb8ad46cfe5e23a5eb5ada5d06e7f600c547c0dff9378f7e46d600b4de,1,4.0,142.0
1,hpa-mmpp-505-63cea98b,000196,117.732911,2026-08-31T20:21:08.164+00:00,2026-08-31T20:21:04.332+00:00,2026-08-31T20:21:04.335+00:00,2026-08-31T20:21:04.335+00:00,2026-08-31T20:21:04.482+00:00,2026-08-31T20:21:04.482+00:00,0.080867,0.14632398999856377,sqs-worker-5986dcd897-74pxz,ip-192-168-20-201.ec2.internal,63376e0284c412b201540d50170c126f72a2fae984c84c9bfa5e07234e3992ee,1,3.0,150.0
1,hpa-mmpp-505-63cea98b,000198,118.155807,2026-08-31T20:21:08.586+00:00,2026-08-31T20:21:04.757+00:00,2026-08-31T20:21:04.761+00:00,2026-08-31T20:21:04.761+00:00,2026-08-31T20:21:04.904+00:00,2026-08-31T20:21:04.904+00:00,0.080493,0.14251520700054243,sqs-worker-5986dcd897-x8rdl,ip-192-168-20-201.ec2.internal,1ace6eeae923e082ae91504c8e0cf722d97a5c9a68b77e4213973bc432355a87,1,4.0,147.0
1,hpa-mmpp-505-63cea98b,000199,118.21206,2026-08-31T20:21:08.643+00:00,2026-08-31T20:21:04.813+00:00,2026-08-31T20:21:04.818+00:00,2026-08-31T20:21:04.818+00:00,2026-08-31T20:21:05.065+00:00,2026-08-31T20:21:05.065+00:00,0.123897,0.24728593200052273,sqs-worker-5986dcd897-xf66d,ip-192-168-20-201.ec2.internal,d1cb343758f66beb137a3ef21f661de4175171074b195bfc5b8318ebe06d18a0,1,5.0,252.0
1,hpa-mmpp-505-63cea98b,000200,118.329222,2026-08-31T20:21:08.760+00:00,2026-08-31T20:21:04.928+00:00,2026-08-31T20:21:04.932+00:00,2026-08-31T20:21:04.932+00:00,2026-08-31T20:21:05.155+00:00,2026-08-31T20:21:05.155+00:00,0.103467,0.22253566700055671,sqs-worker-5986dcd897-74pxz,ip-192-168-20-201.ec2.internal,4258f1eb71dc310c0b45f113763b9db50188bb1ba799a39619286f1ded8e71e5,1,4.0,227.0
1,hpa-mmpp-505-63cea98b,000201,123.546922,2026-08-31T20:21:13.979+00:00,2026-08-31T20:21:10.145+00:00,2026-08-31T20:21:10.150+00:00,2026-08-31T20:21:10.150+00:00,2026-08-31T20:21:10.155+00:00,2026-08-31T20:21:10.155+00:00,0.005,0.005038786001023254,sqs-worker-5986dcd897-74pxz,ip-192-168-20-201.ec2.internal,1db9d8a18904f07f6ea3f8a777bebef6862471d76a1caf7e4d7ea67bb82b1fad,1,5.0,10.0
1,hpa-mmpp-505-63cea98b,000202,124.950476,2026-08-31T20:21:15.382+00:00,2026-08-31T20:21:11.550+00:00,2026-08-31T20:21:11.555+00:00,2026-08-31T20:21:11.555+00:00,2026-08-31T20:21:11.980+00:00,2026-08-31T20:21:11.980+00:00,0.189843,0.4256481240008725,sqs-worker-5986dcd897-7bbcc,ip-192-168-20-201.ec2.internal,545622c829db9e1bfd5494fa2748800437871918d23559e5595b26b81eeb0f35,1,5.0,430.0
1,hpa-mmpp-505-63cea98b,000205,126.509812,2026-08-31T20:21:16.940+00:00,2026-08-31T20:21:13.117+00:00,2026-08-31T20:21:13.120+00:00,2026-08-31T20:21:13.120+00:00,2026-08-31T20:21:13.191+00:00,2026-08-31T20:21:13.191+00:00,0.050664,0.07072332300049311,sqs-worker-5986dcd897-xf66d,ip-192-168-20-201.ec2.internal,006ec399ef1db68ea9cf50726d6309e0b17ac5eefdd0b0872e0ba505228e6d81,1,3.0,74.0
1,hpa-mmpp-505-63cea98b,000207,127.065097,2026-08-31T20:21:17.496+00:00,2026-08-31T20:21:13.667+00:00,2026-08-31T20:21:13.673+00:00,2026-08-31T20:21:13.673+00:00,2026-08-31T20:21:13.678+00:00,2026-08-31T20:21:13.678+00:00,0.005,0.005080332999568782,sqs-worker-5986dcd897-xf66d,ip-192-168-20-201.ec2.internal,bfd6aa4f94a34e11b018612c1dc352cef60916c6dcf50ae14479b0c8fc330a06,1,6.0,11.0
1,hpa-mmpp-505-63cea98b,000204,126.393392,2026-08-31T20:21:16.824+00:00,2026-08-31T20:21:13.534+00:00,2026-08-31T20:21:13.537+00:00,2026-08-31T20:21:13.538+00:00,2026-08-31T20:21:14.090+00:00,2026-08-31T20:21:14.090+00:00,0.233412,0.5528810819996579,sqs-worker-5986dcd897-x8rdl,ip-192-168-20-201.ec2.internal,cd150076399136f4d07d6b57ef2c916be988625c8b71b58749b2714574b51466,1,3.0,556.0
1,hpa-mmpp-505-63cea98b,000208,127.124378,2026-08-31T20:21:17.555+00:00,2026-08-31T20:21:13.731+00:00,2026-08-31T20:21:13.738+00:00,2026-08-31T20:21:13.738+00:00,2026-08-31T20:21:14.571+00:00,2026-08-31T20:21:14.571+00:00,0.345098,0.8325989879995177,sqs-worker-5986dcd897-xf66d,ip-192-168-20-201.ec2.internal,8f8c74b9b98d9db56afc95b9071dc6a5e8c40789d33b97f0fbfb72c39afeb408,1,7.0,840.0
1,hpa-mmpp-505-63cea98b,000210,127.272293,2026-08-31T20:21:17.703+00:00,2026-08-31T20:21:13.874+00:00,2026-08-31T20:21:14.614+00:00,2026-08-31T20:21:14.614+00:00,2026-08-31T20:21:14.619+00:00,2026-08-31T20:21:14.619+00:00,0.005,0.0050450939997972455,sqs-worker-5986dcd897-xf66d,ip-192-168-20-201.ec2.internal,964770e5b0040c0ca4040230cd152e27517659fa6079e772b98db5da17d3b4dc,1,740.0,745.0
1,hpa-mmpp-505-63cea98b,000209,127.156357,2026-08-31T20:21:17.587+00:00,2026-08-31T20:21:13.753+00:00,2026-08-31T20:21:14.136+00:00,2026-08-31T20:21:14.136+00:00,2026-08-31T20:21:14.905+00:00,2026-08-31T20:21:14.905+00:00,0.328002,0.7687430790010694,sqs-worker-5986dcd897-x8rdl,ip-192-168-20-201.ec2.internal,09b092f236f8c4dae58ea2a56d83336eff402bbe2d02b766a9cd64c04262e145,1,383.0,1152.0
1,hpa-mmpp-505-63cea98b,000215,128.71204,2026-08-31T20:21:19.143+00:00,2026-08-31T20:21:15.313+00:00,2026-08-31T20:21:15.378+00:00,2026-08-31T20:21:15.379+00:00,2026-08-31T20:21:15.434+00:00,2026-08-31T20:21:15.434+00:00,0.037775,0.05559748700034106,sqs-worker-5986dcd897-74pxz,ip-192-168-20-201.ec2.internal,368fd77f548dc7ed7427228e2622345b606b465b86e5412bd535d844471c5e19,1,65.0,121.0
1,hpa-mmpp-505-63cea98b,000212,128.076404,2026-08-31T20:21:18.507+00:00,2026-08-31T20:21:14.677+00:00,2026-08-31T20:21:14.826+00:00,2026-08-31T20:21:14.826+00:00,2026-08-31T20:21:15.437+00:00,2026-08-31T20:21:15.437+00:00,0.117835,0.6110710850007308,sqs-worker-5986dcd897-7bbcc,ip-192-168-20-201.ec2.internal,3bdf326bbf84d4c7d5f4170a11e245a39d1fa70334168a0968ef1cfa54270d07,1,149.0,760.0
1,hpa-mmpp-505-63cea98b,000213,128.231842,2026-08-31T20:21:18.662+00:00,2026-08-31T20:21:14.830+00:00,2026-08-31T20:21:14.833+00:00,2026-08-31T20:21:14.833+00:00,2026-08-31T20:21:15.648+00:00,2026-08-31T20:21:15.648+00:00,0.331028,0.8145181809995847,sqs-worker-5986dcd897-xf66d,ip-192-168-20-201.ec2.internal,c42e70e83e300160ad5411cc62a3876966244d2f156db5ff2773f0893f4d21c9,1,3.0,818.0
1,hpa-mmpp-505-63cea98b,000203,126.350818,2026-08-31T20:21:16.783+00:00,2026-08-31T20:21:12.953+00:00,2026-08-31T20:21:12.961+00:00,2026-08-31T20:21:12.961+00:00,2026-08-31T20:21:14.736+00:00,2026-08-31T20:21:14.736+00:00,0.341657,1.7752851050008758,sqs-worker-5986dcd897-7bbcc,ip-192-168-20-201.ec2.internal,dbba4f8cfc7d1747a0784f2c9ed1c9d4d3f72ab3d58f7dbd5610b005b982a75c,1,8.0,1783.0
1,hpa-mmpp-505-63cea98b,000206,126.782248,2026-08-31T20:21:17.213+00:00,2026-08-31T20:21:13.382+00:00,2026-08-31T20:21:13.386+00:00,2026-08-31T20:21:13.386+00:00,2026-08-31T20:21:15.270+00:00,2026-08-31T20:21:15.270+00:00,0.34983,1.8840809180001088,sqs-worker-5986dcd897-74pxz,ip-192-168-20-201.ec2.internal,5db92462587c11c526864a2db7bb9672dd99578ec5973b4317e9a7949a380276,1,4.0,1888.0
1,hpa-mmpp-505-63cea98b,000217,129.049732,2026-08-31T20:21:19.480+00:00,2026-08-31T20:21:15.651+00:00,2026-08-31T20:21:15.654+00:00,2026-08-31T20:21:15.654+00:00,2026-08-31T20:21:15.880+00:00,2026-08-31T20:21:15.880+00:00,0.109331,0.2258639250012493,sqs-worker-5986dcd897-74pxz,ip-192-168-20-201.ec2.internal,333290d83e783e0fb87d3c2f319eea3cefbf5877e197b0110525d9a5adc186d9,1,3.0,229.0
1,hpa-mmpp-505-63cea98b,000214,128.554972,2026-08-31T20:21:18.986+00:00,2026-08-31T20:21:15.151+00:00,2026-08-31T20:21:15.160+00:00,2026-08-31T20:21:15.160+00:00,2026-08-31T20:21:15.419+00:00,2026-08-31T20:21:15.419+00:00,0.118116,0.25893792799979565,sqs-worker-5986dcd897-x8rdl,ip-192-168-20-201.ec2.internal,06f0514ad6a1badac2274e69233a0fd314bb22b8667783a8bddad58470ea1745,1,9.0,268.0
1,hpa-mmpp-505-63cea98b,000220,129.860773,2026-08-31T20:21:20.291+00:00,2026-08-31T20:21:16.461+00:00,2026-08-31T20:21:16.465+00:00,2026-08-31T20:21:16.465+00:00,2026-08-31T20:21:16.667+00:00,2026-08-31T20:21:16.667+00:00,0.085334,0.20223384900054953,sqs-worker-5986dcd897-xf66d,ip-192-168-20-201.ec2.internal,0cc64a810b4287879e4e5a46838b56f879cbbe2a6f04abff0d81ab10649eeeaa,1,4.0,206.0
1,hpa-mmpp-505-63cea98b,000219,129.600807,2026-08-31T20:21:20.032+00:00,2026-08-31T20:21:16.201+00:00,2026-08-31T20:21:16.204+00:00,2026-08-31T20:21:16.205+00:00,2026-08-31T20:21:16.683+00:00,2026-08-31T20:21:16.683+00:00,0.21748,0.47828955599834444,sqs-worker-5986dcd897-7bbcc,ip-192-168-20-201.ec2.internal,b2d1f4c226d1f3d9d610a7040eefcbd29b54e3405e9cf6a6563d4bef136c7471,1,3.0,482.0
1,hpa-mmpp-505-63cea98b,000222,130.477944,2026-08-31T20:21:20.909+00:00,2026-08-31T20:21:17.078+00:00,2026-08-31T20:21:17.083+00:00,2026-08-31T20:21:17.083+00:00,2026-08-31T20:21:17.108+00:00,2026-08-31T20:21:17.108+00:00,0.023895,0.025528393000058713,sqs-worker-5986dcd897-xf66d,ip-192-168-20-201.ec2.internal,9f51ea0a5fecd26da8e8ba370d988bf95e25f5833e1523551861a617b837025d,1,5.0,30.0
1,hpa-mmpp-505-63cea98b,000223,130.931081,2026-08-31T20:21:21.362+00:00,2026-08-31T20:21:17.535+00:00,2026-08-31T20:21:17.539+00:00,2026-08-31T20:21:17.539+00:00,2026-08-31T20:21:17.573+00:00,2026-08-31T20:21:17.573+00:00,0.034069,0.034109029000319424,sqs-worker-5986dcd897-74pxz,ip-192-168-20-201.ec2.internal,4b6ceeec0b8af1b789ea8ec7f9c2e2811ee2fc7150029f049a4d9935df9c0c61,1,4.0,38.0
1,hpa-mmpp-505-63cea98b,000218,129.251898,2026-08-31T20:21:19.682+00:00,2026-08-31T20:21:15.851+00:00,2026-08-31T20:21:15.856+00:00,2026-08-31T20:21:15.856+00:00,2026-08-31T20:21:15.861+00:00,2026-08-31T20:21:15.861+00:00,0.005,0.005050074001701432,sqs-worker-5986dcd897-xf66d,ip-192-168-20-201.ec2.internal,c1516dde33425731e4579eede5a2271ed670743b2b4c93929590be1baf63eb07,1,5.0,10.0
1,hpa-mmpp-505-63cea98b,000224,131.004387,2026-08-31T20:21:21.435+00:00,2026-08-31T20:21:17.601+00:00,2026-08-31T20:21:17.605+00:00,2026-08-31T20:21:17.605+00:00,2026-08-31T20:21:17.630+00:00,2026-08-31T20:21:17.630+00:00,0.024605,0.024661735998961376,sqs-worker-5986dcd897-7bbcc,ip-192-168-20-201.ec2.internal,673eb9a7ba0697a283c0e60ae880056fd7ca550e4e3d79154f5cee105bdcd48c,1,4.0,29.0
1,hpa-mmpp-505-63cea98b,000216,128.79822,2026-08-31T20:21:19.229+00:00,2026-08-31T20:21:15.400+00:00,2026-08-31T20:21:15.469+00:00,2026-08-31T20:21:15.469+00:00,2026-08-31T20:21:16.102+00:00,2026-08-31T20:21:16.102+00:00,0.266825,0.6336264450001181,sqs-worker-5986dcd897-x8rdl,ip-192-168-20-201.ec2.internal,60a97c2afeaf8fb94252240d1dbea035ea37c2e346182eb24a12b8b3293a7a91,1,69.0,702.0
1,hpa-mmpp-505-63cea98b,000221,130.137043,2026-08-31T20:21:20.568+00:00,2026-08-31T20:21:16.737+00:00,2026-08-31T20:21:16.741+00:00,2026-08-31T20:21:16.741+00:00,2026-08-31T20:21:17.181+00:00,2026-08-31T20:21:17.182+00:00,0.202764,0.4409292490017833,sqs-worker-5986dcd897-x8rdl,ip-192-168-20-201.ec2.internal,4f3cf99c9504439a762ed57e54beb71f1989c27fb798a4c18e080eb03e2f7139,1,4.0,444.0
1,hpa-mmpp-505-63cea98b,000226,131.265557,2026-08-31T20:21:21.696+00:00,2026-08-31T20:21:17.870+00:00,2026-08-31T20:21:17.874+00:00,2026-08-31T20:21:17.874+00:00,2026-08-31T20:21:17.972+00:00,2026-08-31T20:21:17.972+00:00,0.061515,0.09820346199921914,sqs-worker-5986dcd897-74pxz,ip-192-168-20-201.ec2.internal,a158f6e27c236ba5270718baea550722109bf12359e9aed0b720f24818e50d31,1,4.0,102.0
1,hpa-mmpp-505-63cea98b,000225,131.111248,2026-08-31T20:21:21.542+00:00,2026-08-31T20:21:17.711+00:00,2026-08-31T20:21:17.715+00:00,2026-08-31T20:21:17.715+00:00,2026-08-31T20:21:18.338+00:00,2026-08-31T20:21:18.338+00:00,0.263648,0.623624183001084,sqs-worker-5986dcd897-7bbcc,ip-192-168-20-201.ec2.internal,9617bddca593a06438d66a44c8c13f5ea328c1d31dd200e65e78e9d519332ced,1,4.0,627.0
1,hpa-mmpp-505-63cea98b,000229,131.722346,2026-08-31T20:21:22.153+00:00,2026-08-31T20:21:18.323+00:00,2026-08-31T20:21:18.340+00:00,2026-08-31T20:21:18.340+00:00,2026-08-31T20:21:18.381+00:00,2026-08-31T20:21:18.381+00:00,0.019869,0.04151070300031279,sqs-worker-5986dcd897-x8rdl,ip-192-168-20-201.ec2.internal,c957261f456607cf5acfa0bd3fd8d7db2aa3473afa3c6df58032c910990960ed,1,17.0,58.0
1,hpa-mmpp-505-63cea98b,000211,128.060513,2026-08-31T20:21:18.491+00:00,2026-08-31T20:21:14.660+00:00,2026-08-31T20:21:14.664+00:00,2026-08-31T20:21:14.664+00:00,2026-08-31T20:21:14.790+00:00,2026-08-31T20:21:14.790+00:00,0.061917,0.12531029700039653,sqs-worker-5986dcd897-xf66d,ip-192-168-20-201.ec2.internal,cfd6fa5fcaf4e7d007e10b58b4a46e084f0cf3fe533bc607f5269862d6ec49b8,1,4.0,130.0
1,hpa-mmpp-505-63cea98b,000230,132.137427,2026-08-31T20:21:22.568+00:00,2026-08-31T20:21:18.742+00:00,2026-08-31T20:21:18.752+00:00,2026-08-31T20:21:18.752+00:00,2026-08-31T20:21:19.442+00:00,2026-08-31T20:21:19.442+00:00,0.296722,0.6898979289999261,sqs-worker-5986dcd897-7bbcc,ip-192-168-20-201.ec2.internal,66932dbf76ad1697241f4df42d64e0cdcdf3052d55b554000a933f7c32977316,1,10.0,700.0
1,hpa-mmpp-505-63cea98b,000228,131.688006,2026-08-31T20:21:22.119+00:00,2026-08-31T20:21:18.290+00:00,2026-08-31T20:21:18.325+00:00,2026-08-31T20:21:18.325+00:00,2026-08-31T20:21:18.476+00:00,2026-08-31T20:21:18.476+00:00,0.091015,0.1516356079991965,sqs-worker-5986dcd897-74pxz,ip-192-168-20-201.ec2.internal,d12a0c8f0c5f9c2fd5a1af0704ab7d003212a44452919877ab87b3bf34d01543,1,35.0,186.0
1,hpa-mmpp-505-63cea98b,000227,131.416553,2026-08-31T20:21:21.847+00:00,2026-08-31T20:21:18.018+00:00,2026-08-31T20:21:18.022+00:00,2026-08-31T20:21:18.022+00:00,2026-08-31T20:21:18.882+00:00,2026-08-31T20:21:18.883+00:00,0.380448,0.8606570310003008,sqs-worker-5986dcd897-xf66d,ip-192-168-20-201.ec2.internal,a407bb8f9e98c1b66ef2e8934976fae632508c620508bf8b18b891fee48d87c5,1,4.0,864.0
1,hpa-mmpp-505-63cea98b,000231,134.256853,2026-08-31T20:21:24.689+00:00,2026-08-31T20:21:20.860+00:00,2026-08-31T20:21:20.863+00:00,2026-08-31T20:21:20.863+00:00,2026-08-31T20:21:21.026+00:00,2026-08-31T20:21:21.026+00:00,0.081127,0.1630492169988429,sqs-worker-5986dcd897-7bbcc,ip-192-168-20-201.ec2.internal,97f30ca35fa326d1416725a37bc5a9ee43e5b17e528348742994fa408f020e1f,1,3.0,166.0
1,hpa-mmpp-505-63cea98b,000233,135.238003,2026-08-31T20:21:25.667+00:00,2026-08-31T20:21:21.836+00:00,2026-08-31T20:21:21.842+00:00,2026-08-31T20:21:21.842+00:00,2026-08-31T20:21:21.970+00:00,2026-08-31T20:21:21.970+00:00,0.069397,0.12818216900086554,sqs-worker-5986dcd897-xf66d,ip-192-168-20-201.ec2.internal,80c19226922732ff1c547de6e3ae11951a9dfc4d0534bcea4f4a703bfb92465b,1,6.0,134.0
1,hpa-mmpp-505-63cea98b,000234,135.496807,2026-08-31T20:21:25.926+00:00,2026-08-31T20:21:22.096+00:00,2026-08-31T20:21:22.101+00:00,2026-08-31T20:21:22.101+00:00,2026-08-31T20:21:22.109+00:00,2026-08-31T20:21:22.109+00:00,0.00827,0.008337092000147095,sqs-worker-5986dcd897-x8rdl,ip-192-168-20-201.ec2.internal,333232d463b99b3974e0e5a1aaf9d708e1739332dc87505b49a8f76127938a46,1,5.0,13.0
1,hpa-mmpp-505-63cea98b,000232,135.210373,2026-08-31T20:21:25.640+00:00,2026-08-31T20:21:21.813+00:00,2026-08-31T20:21:21.817+00:00,2026-08-31T20:21:21.817+00:00,2026-08-31T20:21:22.066+00:00,2026-08-31T20:21:22.066+00:00,0.123878,0.24891497400130902,sqs-worker-5986dcd897-74pxz,ip-192-168-20-201.ec2.internal,d4cc3c567db146c7c598548df0964b8724392a82a21c795425c657edf74a5caf,1,4.0,253.0
1,hpa-mmpp-505-63cea98b,000236,135.730902,2026-08-31T20:21:26.160+00:00,2026-08-31T20:21:22.330+00:00,2026-08-31T20:21:22.334+00:00,2026-08-31T20:21:22.334+00:00,2026-08-31T20:21:22.588+00:00,2026-08-31T20:21:22.588+00:00,0.125583,0.2539540110010421,sqs-worker-5986dcd897-x8rdl,ip-192-168-20-201.ec2.internal,c79ea61dbb602ffe330bb4728ea89f8e12d389100c5e967ebe9a2ef5cbb71a2c,1,4.0,258.0
1,hpa-mmpp-505-63cea98b,000235,135.597584,2026-08-31T20:21:26.027+00:00,2026-08-31T20:21:22.199+00:00,2026-08-31T20:21:22.204+00:00,2026-08-31T20:21:22.204+00:00,2026-08-31T20:21:22.238+00:00,2026-08-31T20:21:22.238+00:00,0.034414,0.034455906999937724,sqs-worker-5986dcd897-xf66d,ip-192-168-20-201.ec2.internal,c4989965b0748b46b41856c4ff689bfc790981ba3b303e7f4521e52139e706c0,1,5.0,39.0
1,hpa-mmpp-505-63cea98b,000238,136.280069,2026-08-31T20:21:26.709+00:00,2026-08-31T20:21:22.880+00:00,2026-08-31T20:21:22.888+00:00,2026-08-31T20:21:22.888+00:00,2026-08-31T20:21:23.309+00:00,2026-08-31T20:21:23.309+00:00,0.200019,0.4215328430000227,sqs-worker-5986dcd897-xf66d,ip-192-168-20-201.ec2.internal,53ab1fcbdec9f471e61c30b4ca66f690b674f869d7270a7ae2fa3f5a3d738529,1,8.0,429.0
1,hpa-mmpp-505-63cea98b,000241,136.76742,2026-08-31T20:21:27.196+00:00,2026-08-31T20:21:23.366+00:00,2026-08-31T20:21:23.382+00:00,2026-08-31T20:21:23.382+00:00,2026-08-31T20:21:23.766+00:00,2026-08-31T20:21:23.766+00:00,0.15446,0.38433350999912363,sqs-worker-5986dcd897-xf66d,ip-192-168-20-201.ec2.internal,e60a8af6c95c5d168f341beac3b66fc94f1233d2dd7840ea3bd64af6875e3fda,1,16.0,400.0
1,hpa-mmpp-505-63cea98b,000240,136.673039,2026-08-31T20:21:27.102+00:00,2026-08-31T20:21:23.275+00:00,2026-08-31T20:21:23.336+00:00,2026-08-31T20:21:23.336+00:00,2026-08-31T20:21:23.519+00:00,2026-08-31T20:21:23.519+00:00,0.076809,0.18308694299958006,sqs-worker-5986dcd897-x8rdl,ip-192-168-20-201.ec2.internal,0bf182a516b7f4f9bd903ba5c83f10cdcc45c555ec81c926666a9f01482aa5c6,1,61.0,244.0
1,hpa-mmpp-505-63cea98b,000239,136.560382,2026-08-31T20:21:26.990+00:00,2026-08-31T20:21:23.160+00:00,2026-08-31T20:21:23.167+00:00,2026-08-31T20:21:23.167+00:00,2026-08-31T20:21:23.310+00:00,2026-08-31T20:21:23.310+00:00,0.083483,0.14321393099999113,sqs-worker-5986dcd897-x8rdl,ip-192-168-20-201.ec2.internal,ed917f6e990472a8486ef25ae34d329b546856c023adf5840b0e18922383a7ef,1,7.0,150.0
1,hpa-mmpp-505-63cea98b,000243,136.980454,2026-08-31T20:21:27.410+00:00,2026-08-31T20:21:23.577+00:00,2026-08-31T20:21:23.800+00:00,2026-08-31T20:21:23.800+00:00,2026-08-31T20:21:24.084+00:00,2026-08-31T20:21:24.084+00:00,0.136331,0.2845912880002288,sqs-worker-5986dcd897-xf66d,ip-192-168-20-201.ec2.internal,f6b4456577c74fa8d1146f82838093fb3e332bec4e98b2d17ed1932d337141de,1,223.0,507.0
1,hpa-mmpp-505-63cea98b,000244,137.04362,2026-08-31T20:21:27.473+00:00,2026-08-31T20:21:23.643+00:00,2026-08-31T20:21:24.114+00:00,2026-08-31T20:21:24.114+00:00,2026-08-31T20:21:24.184+00:00,2026-08-31T20:21:24.184+00:00,0.036574,0.07002139699943655,sqs-worker-5986dcd897-xf66d,ip-192-168-20-201.ec2.internal,7d0cfbc7b0b0b11a61097b0407675daa967d4d2ce9b91ecbb61ee98469978f2b,1,471.0,541.0
1,hpa-mmpp-505-63cea98b,000246,137.920192,2026-08-31T20:21:28.350+00:00,2026-08-31T20:21:24.526+00:00,2026-08-31T20:21:24.530+00:00,2026-08-31T20:21:24.530+00:00,2026-08-31T20:21:25.473+00:00,2026-08-31T20:21:25.473+00:00,0.219598,0.9429370510006265,sqs-worker-5986dcd897-74pxz,ip-192-168-20-201.ec2.internal,c605446c2cef3db22ff4c3e39c6bef21485a6e8e44ca3fd903b31751fa0ec404,1,4.0,947.0
1,hpa-mmpp-505-63cea98b,000237,135.955179,2026-08-31T20:21:26.384+00:00,2026-08-31T20:21:22.556+00:00,2026-08-31T20:21:22.560+00:00,2026-08-31T20:21:22.560+00:00,2026-08-31T20:21:24.061+00:00,2026-08-31T20:21:24.061+00:00,0.360456,1.5008326670013048,sqs-worker-5986dcd897-74pxz,ip-192-168-20-201.ec2.internal,b334726a3b07df91313864fad03a7ebb11981e6e9e73094519570936c8158a4d,1,4.0,1505.0
1,hpa-mmpp-505-63cea98b,000247,138.025592,2026-08-31T20:21:28.455+00:00,2026-08-31T20:21:24.626+00:00,2026-08-31T20:21:24.632+00:00,2026-08-31T20:21:24.632+00:00,2026-08-31T20:21:25.075+00:00,2026-08-31T20:21:25.075+00:00,0.187663,0.4428801560006832,sqs-worker-5986dcd897-xf66d,ip-192-168-20-201.ec2.internal,d940689bd1cc879ecd3343cb2d4a04c0e14def2770330d49ad373f848482f0c3,1,6.0,449.0
1,hpa-mmpp-505-63cea98b,000242,136.775704,2026-08-31T20:21:27.205+00:00,2026-08-31T20:21:23.372+00:00,2026-08-31T20:21:23.544+00:00,2026-08-31T20:21:23.544+00:00,2026-08-31T20:21:23.916+00:00,2026-08-31T20:21:23.916+00:00,0.155176,0.37244689500039385,sqs-worker-5986dcd897-x8rdl,ip-192-168-20-201.ec2.internal,41e69d3826381e136650326b61304dba64e08fef190e4302b7a29ba5eef63b60,1,172.0,544.0
1,hpa-mmpp-505-63cea98b,000249,138.324048,2026-08-31T20:21:28.753+00:00,2026-08-31T20:21:24.927+00:00,2026-08-31T20:21:25.090+00:00,2026-08-31T20:21:25.090+00:00,2026-08-31T20:21:25.685+00:00,2026-08-31T20:21:25.685+00:00,0.249352,0.594879956001023,sqs-worker-5986dcd897-xf66d,ip-192-168-20-201.ec2.internal,785f19566ecba5f068c52116bc78a2787472294294e7455d01159ea1663821ca,1,163.0,758.0
1,hpa-mmpp-505-63cea98b,000248,138.030815,2026-08-31T20:21:28.460+00:00,2026-08-31T20:21:25.163+00:00,2026-08-31T20:21:25.502+00:00,2026-08-31T20:21:25.502+00:00,2026-08-31T20:21:25.586+00:00,2026-08-31T20:21:25.586+00:00,0.048569,0.08435641699907137,sqs-worker-5986dcd897-74pxz,ip-192-168-20-201.ec2.internal,0c443f0bcc72eee6b41e725defc0006136a9e264a3f0086b804dc41ee00b2757,1,339.0,423.0
1,hpa-mmpp-505-63cea98b,000250,138.647478,2026-08-31T20:21:29.077+00:00,2026-08-31T20:21:25.249+00:00,2026-08-31T20:21:25.728+00:00,2026-08-31T20:21:25.728+00:00,2026-08-31T20:21:26.577+00:00,2026-08-31T20:21:26.577+00:00,0.347198,0.848843174000649,sqs-worker-5986dcd897-xf66d,ip-192-168-20-201.ec2.internal,52140f90ec116473ce0d2700bff4ae282ac6a67434c2bf58eef686288f44fc56,1,479.0,1328.0
1,hpa-mmpp-505-63cea98b,000254,140.404497,2026-08-31T20:21:30.834+00:00,2026-08-31T20:21:27.011+00:00,2026-08-31T20:21:27.018+00:00,2026-08-31T20:21:27.018+00:00,2026-08-31T20:21:27.046+00:00,2026-08-31T20:21:27.046+00:00,0.027412,0.02747264200115751,sqs-worker-5986dcd897-xf66d,ip-192-168-20-201.ec2.internal,a2fbe52bb4b721fe22479f1494511725032db5960f7a41cf8a5d5177c702af0d,1,7.0,35.0
1,hpa-mmpp-505-63cea98b,000245,137.211107,2026-08-31T20:21:27.640+00:00,2026-08-31T20:21:23.811+00:00,2026-08-31T20:21:23.937+00:00,2026-08-31T20:21:23.937+00:00,2026-08-31T20:21:26.179+00:00,2026-08-31T20:21:26.179+00:00,0.884864,2.2423781540001073,sqs-worker-5986dcd897-x8rdl,ip-192-168-20-201.ec2.internal,65ce40b19ceb80ddb99c98b827dd65b75b8fca02303603190f3f955afcd883cc,1,126.0,2368.0
1,hpa-mmpp-505-63cea98b,000251,139.054501,2026-08-31T20:21:29.484+00:00,2026-08-31T20:21:25.654+00:00,2026-08-31T20:21:25.669+00:00,2026-08-31T20:21:25.669+00:00,2026-08-31T20:21:26.488+00:00,2026-08-31T20:21:26.488+00:00,0.342324,0.8192304580006748,sqs-worker-5986dcd897-74pxz,ip-192-168-20-201.ec2.internal,d21d7c339889210dc0e7feba2af21d943bc45b2b2cef774815275b65f1e2fa82,1,15.0,834.0
1,hpa-mmpp-505-63cea98b,000255,140.423528,2026-08-31T20:21:30.853+00:00,2026-08-31T20:21:27.029+00:00,2026-08-31T20:21:27.068+00:00,2026-08-31T20:21:27.068+00:00,2026-08-31T20:21:27.395+00:00,2026-08-31T20:21:27.396+00:00,0.14058,0.327490374998888,sqs-worker-5986dcd897-xf66d,ip-192-168-20-201.ec2.internal,c8ec2b3202dc30a71bf4646dc7f2d17e191fccbeb246366acb357300d2bbd2b6,1,39.0,366.0
1,hpa-mmpp-505-63cea98b,000256,140.504766,2026-08-31T20:21:30.934+00:00,2026-08-31T20:21:27.103+00:00,2026-08-31T20:21:27.423+00:00,2026-08-31T20:21:27.423+00:00,2026-08-31T20:21:27.436+00:00,2026-08-31T20:21:27.436+00:00,0.013225,0.013272066000354243,sqs-worker-5986dcd897-xf66d,ip-192-168-20-201.ec2.internal,676c43eaef13fef204fff7fa7f3e2de778cabdb50d994d5f82d184fef058159a,1,320.0,333.0
1,hpa-mmpp-505-63cea98b,000253,140.364983,2026-08-31T20:21:30.794+00:00,2026-08-31T20:21:26.964+00:00,2026-08-31T20:21:26.971+00:00,2026-08-31T20:21:26.971+00:00,2026-08-31T20:21:27.764+00:00,2026-08-31T20:21:27.764+00:00,0.333433,0.7935591879995627,sqs-worker-5986dcd897-74pxz,ip-192-168-20-201.ec2.internal,3531c6d9b02fb4f9538f4aed444b674ba18d8b8b0285add585ae31c854a64c41,1,7.0,800.0
1,hpa-mmpp-505-63cea98b,000252,139.837773,2026-08-31T20:21:30.268+00:00,2026-08-31T20:21:26.439+00:00,2026-08-31T20:21:26.447+00:00,2026-08-31T20:21:26.447+00:00,2026-08-31T20:21:28.014+00:00,2026-08-31T20:21:28.014+00:00,0.659523,1.5677904700005456,sqs-worker-5986dcd897-x8rdl,ip-192-168-20-201.ec2.internal,dca7f642c2f540f547710885b6fbd0ac42843fdd1c53c785642a1e376d4eaa42,1,8.0,1575.0
1,hpa-mmpp-505-63cea98b,000257,140.590236,2026-08-31T20:21:31.019+00:00,2026-08-31T20:21:27.190+00:00,2026-08-31T20:21:27.486+00:00,2026-08-31T20:21:27.486+00:00,2026-08-31T20:21:28.044+00:00,2026-08-31T20:21:28.044+00:00,0.235185,0.5577069310002116,sqs-worker-5986dcd897-xf66d,ip-192-168-20-201.ec2.internal,294e406ac43212bcc80aab7c3f0ad23fff537d41f4f7d87b1b2735298be50e36,1,296.0,854.0
1,hpa-mmpp-505-63cea98b,000258,141.020774,2026-08-31T20:21:31.450+00:00,2026-08-31T20:21:27.620+00:00,2026-08-31T20:21:27.804+00:00,2026-08-31T20:21:27.804+00:00,2026-08-31T20:21:28.272+00:00,2026-08-31T20:21:28.272+00:00,0.201988,0.46818585800065193,sqs-worker-5986dcd897-74pxz,ip-192-168-20-201.ec2.internal,1ba0b10a9e14fb7657a890fdb61dd2f67d89c0175fe3822ca3885b6cacfcfaae,1,184.0,652.0
1,hpa-mmpp-505-63cea98b,000259,141.259199,2026-08-31T20:21:31.689+00:00,2026-08-31T20:21:27.865+00:00,2026-08-31T20:21:28.050+00:00,2026-08-31T20:21:28.050+00:00,2026-08-31T20:21:28.807+00:00,2026-08-31T20:21:28.807+00:00,0.31232,0.7576183279998077,sqs-worker-5986dcd897-x8rdl,ip-192-168-20-201.ec2.internal,ca75e0f1a87ff662fbdac3704afa9a49ce381a9ddfe3490088726be639931ed5,1,185.0,942.0
1,hpa-mmpp-505-63cea98b,000260,148.966673,2026-08-31T20:21:39.402+00:00,2026-08-31T20:21:36.105+00:00,2026-08-31T20:21:36.109+00:00,2026-08-31T20:21:36.109+00:00,2026-08-31T20:21:36.399+00:00,2026-08-31T20:21:36.399+00:00,0.135817,0.29008616600003734,sqs-worker-5986dcd897-x8rdl,ip-192-168-20-201.ec2.internal,155e84397a20e9aed325713677f4754ca7318f16ab8e134e605aa88d1a485e5c,1,4.0,294.0
1,hpa-mmpp-505-63cea98b,000261,151.651726,2026-08-31T20:21:42.082+00:00,2026-08-31T20:21:38.248+00:00,2026-08-31T20:21:38.252+00:00,2026-08-31T20:21:38.252+00:00,2026-08-31T20:21:38.670+00:00,2026-08-31T20:21:38.670+00:00,0.179771,0.4185196750004252,sqs-worker-5986dcd897-74pxz,ip-192-168-20-201.ec2.internal,1bfc7b15cec04db6b97cbbd622577836cfc912b3e0427736d6ae401963771d15,1,4.0,422.0
1,hpa-mmpp-505-63cea98b,000263,153.875374,2026-08-31T20:21:44.305+00:00,2026-08-31T20:21:40.472+00:00,2026-08-31T20:21:40.479+00:00,2026-08-31T20:21:40.479+00:00,2026-08-31T20:21:40.964+00:00,2026-08-31T20:21:40.965+00:00,0.20988,0.4853280490006,sqs-worker-5986dcd897-lrjc2,ip-192-168-20-201.ec2.internal,17fc03f6816522a12e782553ec549f7ac33094b4728cb02a258ea17871164b56,1,7.0,492.0
1,hpa-mmpp-505-63cea98b,000262,153.357951,2026-08-31T20:21:43.789+00:00,2026-08-31T20:21:39.956+00:00,2026-08-31T20:21:39.960+00:00,2026-08-31T20:21:39.960+00:00,2026-08-31T20:21:41.665+00:00,2026-08-31T20:21:41.665+00:00,0.441302,1.7043762039993453,sqs-worker-5986dcd897-xf66d,ip-192-168-20-201.ec2.internal,e666293e8ae5258f48a284bcf83ceb60985eba79bf5b2c7e78cc0deb0c4505b7,1,4.0,1709.0
1,hpa-mmpp-505-63cea98b,000264,156.11422,2026-08-31T20:21:46.545+00:00,2026-08-31T20:21:42.714+00:00,2026-08-31T20:21:42.718+00:00,2026-08-31T20:21:42.718+00:00,2026-08-31T20:21:42.728+00:00,2026-08-31T20:21:42.728+00:00,0.009689,0.009728881999762962,sqs-worker-5986dcd897-x8rdl,ip-192-168-20-201.ec2.internal,6085c4a493e147310b4951faa408bf5cd74a3ba4cf3b0ab232acd7a445560d8b,1,4.0,14.0
1,hpa-mmpp-505-63cea98b,000265,158.716829,2026-08-31T20:21:49.148+00:00,2026-08-31T20:21:45.316+00:00,2026-08-31T20:21:45.320+00:00,2026-08-31T20:21:45.320+00:00,2026-08-31T20:21:45.453+00:00,2026-08-31T20:21:45.453+00:00,0.072627,0.13268977200095833,sqs-worker-5986dcd897-74pxz,ip-192-168-20-201.ec2.internal,525bab8ba4ac025132101d1be41fba6c9815763d40758ffd95a252e20efac87e,1,4.0,137.0
1,hpa-mmpp-505-63cea98b,000266,161.454109,2026-08-31T20:21:51.886+00:00,2026-08-31T20:21:48.053+00:00,2026-08-31T20:21:48.056+00:00,2026-08-31T20:21:48.056+00:00,2026-08-31T20:21:48.085+00:00,2026-08-31T20:21:48.085+00:00,0.028864,0.028912124998896616,sqs-worker-5986dcd897-lrjc2,ip-192-168-20-201.ec2.internal,142101a16a7ed9615ba13b8f7b3c1f7b7a2de92a1bb88a8273333ffcc5ee0271,1,3.0,32.0
1,hpa-mmpp-505-63cea98b,000267,164.612881,2026-08-31T20:21:55.044+00:00,2026-08-31T20:21:51.219+00:00,2026-08-31T20:21:51.244+00:00,2026-08-31T20:21:51.244+00:00,2026-08-31T20:21:52.172+00:00,2026-08-31T20:21:52.172+00:00,0.189246,0.9275057529994228,sqs-worker-5986dcd897-xf66d,ip-192-168-20-201.ec2.internal,6ff2ca39511da876714498e140c5ba278bc4751f849774a6eaeaf150b4bb6451,1,25.0,953.0
1,hpa-mmpp-505-63cea98b,000268,165.347817,2026-08-31T20:21:55.776+00:00,2026-08-31T20:21:51.946+00:00,2026-08-31T20:21:51.956+00:00,2026-08-31T20:21:51.956+00:00,2026-08-31T20:21:52.471+00:00,2026-08-31T20:21:52.471+00:00,0.221,0.5147850359990116,sqs-worker-5986dcd897-74pxz,ip-192-168-20-201.ec2.internal,45042e87a7af57a64d5f46e2ca2764df3e83cb087a95b7e401949830cdaa9268,1,10.0,525.0
1,hpa-mmpp-505-63cea98b,000269,167.481082,2026-08-31T20:21:57.911+00:00,2026-08-31T20:21:54.078+00:00,2026-08-31T20:21:54.082+00:00,2026-08-31T20:21:54.082+00:00,2026-08-31T20:21:54.400+00:00,2026-08-31T20:21:54.400+00:00,0.13717,0.317895040001531,sqs-worker-5986dcd897-x8rdl,ip-192-168-20-201.ec2.internal,19713f639118a0cb2e11740363de67c47d50d73b7d539a7573270107d1cba617,1,4.0,322.0
1,hpa-mmpp-505-63cea98b,000270,173.372895,2026-08-31T20:22:03.804+00:00,2026-08-31T20:21:59.972+00:00,2026-08-31T20:21:59.977+00:00,2026-08-31T20:21:59.977+00:00,2026-08-31T20:22:00.260+00:00,2026-08-31T20:22:00.260+00:00,0.129469,0.28291854099916236,sqs-worker-5986dcd897-74pxz,ip-192-168-20-201.ec2.internal,01f442e02ba079bd8f42484cc17ee08e8454b3725609a3d2b51e17175d310d51,1,5.0,288.0
1,hpa-mmpp-505-63cea98b,000272,174.948251,2026-08-31T20:22:05.376+00:00,2026-08-31T20:22:01.546+00:00,2026-08-31T20:22:01.550+00:00,2026-08-31T20:22:01.550+00:00,2026-08-31T20:22:01.592+00:00,2026-08-31T20:22:01.592+00:00,0.035616,0.041948023999793804,sqs-worker-5986dcd897-74pxz,ip-192-168-20-201.ec2.internal,05e26f82fc7fe365587990adf49ed17365db320f18d02ba724405868d7f3811d,1,4.0,46.0
1,hpa-mmpp-505-63cea98b,000271,173.419026,2026-08-31T20:22:03.847+00:00,2026-08-31T20:22:00.016+00:00,2026-08-31T20:22:00.021+00:00,2026-08-31T20:22:00.021+00:00,2026-08-31T20:22:02.569+00:00,2026-08-31T20:22:02.569+00:00,0.642299,2.5482019030005176,sqs-worker-5986dcd897-xf66d,ip-192-168-20-201.ec2.internal,5c37b8afe6d1a5f6b9d96e81363aa845b33b42a74054098b447195697381659b,1,5.0,2553.0
1,hpa-mmpp-505-63cea98b,000274,175.999558,2026-08-31T20:22:06.428+00:00,2026-08-31T20:22:02.594+00:00,2026-08-31T20:22:02.598+00:00,2026-08-31T20:22:02.598+00:00,2026-08-31T20:22:02.912+00:00,2026-08-31T20:22:02.912+00:00,0.142363,0.3143096730000252,sqs-worker-5986dcd897-x8rdl,ip-192-168-20-201.ec2.internal,fc051df7f2a93ef13d56296245cd7ba3b21ff611c417af3c3b683949491bd303,1,4.0,318.0
1,hpa-mmpp-505-63cea98b,000273,175.955801,2026-08-31T20:22:06.384+00:00,2026-08-31T20:22:02.554+00:00,2026-08-31T20:22:02.558+00:00,2026-08-31T20:22:02.558+00:00,2026-08-31T20:22:03.170+00:00,2026-08-31T20:22:03.170+00:00,0.252836,0.6116841519997251,sqs-worker-5986dcd897-lrjc2,ip-192-168-20-201.ec2.internal,a99c69a392f5d6342fff7ae56178719e4edd915172609a0ba369c9385e8ecca0,1,4.0,616.0
