schema_version,experiment_id,job_id,trace_offset_s,producer_sent_at,sqs_sent_at,worker_received_at,processing_started_at,processing_finished_at,result_sent_at,service_cpu_seconds,processing_wall_seconds,pod_name,node_name,digest,receive_count,queue_wait_ms,end_to_end_ms
1,keda-mmpp-505-9b2fabf8,000000,0.0823,2026-08-31T20:14:37.548+00:00,2026-08-31T20:14:33.729+00:00,2026-08-31T20:14:33.736+00:00,2026-08-31T20:14:33.736+00:00,2026-08-31T20:14:34.014+00:00,2026-08-31T20:14:34.014+00:00,0.15161,0.2777878550004971,sqs-worker-5986dcd897-x8rdl,ip-192-168-20-201.ec2.internal,c1e9d62cd089a8128265fe5dd7fb50762d90df044c88a89725d5c70a93609dd2,1,7.0,285.0
1,keda-mmpp-505-9b2fabf8,000001,0.384674,2026-08-31T20:14:37.850+00:00,2026-08-31T20:14:34.028+00:00,2026-08-31T20:14:34.057+00:00,2026-08-31T20:14:34.058+00:00,2026-08-31T20:14:35.503+00:00,2026-08-31T20:14:35.503+00:00,0.584449,1.4458671169995796,sqs-worker-5986dcd897-x8rdl,ip-192-168-20-201.ec2.internal,7058e58c87ed2a8628644129bc23efc5fe8fde5c76857d7b0674871fee1857b1,1,29.0,1475.0
1,keda-mmpp-505-9b2fabf8,000002,0.471669,2026-08-31T20:14:37.937+00:00,2026-08-31T20:14:34.618+00:00,2026-08-31T20:14:35.529+00:00,2026-08-31T20:14:35.529+00:00,2026-08-31T20:14:35.716+00:00,2026-08-31T20:14:35.716+00:00,0.08884,0.18684593899888569,sqs-worker-5986dcd897-x8rdl,ip-192-168-20-201.ec2.internal,84316c8fa7fa6fc0b2f9778fcad49f97e70b813a2a77511a8159822236c90b59,1,911.0,1098.0
1,keda-mmpp-505-9b2fabf8,000003,0.867871,2026-08-31T20:14:38.333+00:00,2026-08-31T20:14:34.515+00:00,2026-08-31T20:14:35.738+00:00,2026-08-31T20:14:35.738+00:00,2026-08-31T20:14:35.800+00:00,2026-08-31T20:14:35.800+00:00,0.019649,0.061879319000581745,sqs-worker-5986dcd897-x8rdl,ip-192-168-20-201.ec2.internal,d6180396433d72ff8f83eaaf97081cf61de2ea23097403842fe8e8fa20e99822,1,1223.0,1285.0
1,keda-mmpp-505-9b2fabf8,000006,1.941491,2026-08-31T20:14:39.407+00:00,2026-08-31T20:14:35.585+00:00,2026-08-31T20:14:36.034+00:00,2026-08-31T20:14:36.034+00:00,2026-08-31T20:14:36.389+00:00,2026-08-31T20:14:36.389+00:00,0.133466,0.3548780879991682,sqs-worker-5986dcd897-x8rdl,ip-192-168-20-201.ec2.internal,1916d8a5ebb6192df16a9356cbf99f80e5d873e329ffc7fe8ecddf8da3e45176,1,449.0,804.0
1,keda-mmpp-505-9b2fabf8,000004,1.126472,2026-08-31T20:14:38.591+00:00,2026-08-31T20:14:34.775+00:00,2026-08-31T20:14:35.814+00:00,2026-08-31T20:14:35.814+00:00,2026-08-31T20:14:36.011+00:00,2026-08-31T20:14:36.011+00:00,0.087483,0.19761869499961904,sqs-worker-5986dcd897-x8rdl,ip-192-168-20-201.ec2.internal,1e8cc8f5fc55b7e95caa04f85e9efd09610764e1a76f992d2b4789333c2fe002,1,1039.0,1236.0
1,keda-mmpp-505-9b2fabf8,000005,1.142072,2026-08-31T20:14:38.607+00:00,2026-08-31T20:14:34.786+00:00,2026-08-31T20:14:36.406+00:00,2026-08-31T20:14:36.406+00:00,2026-08-31T20:14:36.717+00:00,2026-08-31T20:14:36.717+00:00,0.143811,0.310814799999207,sqs-worker-5986dcd897-x8rdl,ip-192-168-20-201.ec2.internal,863b9fedab271c399ab30ed5cf2892c6aad0c27627923eecebcdfcf97747049e,1,1620.0,1931.0
1,keda-mmpp-505-9b2fabf8,000009,2.725604,2026-08-31T20:14:40.191+00:00,2026-08-31T20:14:36.368+00:00,2026-08-31T20:14:36.780+00:00,2026-08-31T20:14:36.780+00:00,2026-08-31T20:14:37.401+00:00,2026-08-31T20:14:37.401+00:00,0.258739,0.6215723009991052,sqs-worker-5986dcd897-x8rdl,ip-192-168-20-201.ec2.internal,4bff2ffdf3705543c5c3fe2f8ceb0e5fb08f84db3df3a66f4b768690cfd353f1,1,412.0,1033.0
1,keda-mmpp-505-9b2fabf8,000007,2.404289,2026-08-31T20:14:39.870+00:00,2026-08-31T20:14:36.048+00:00,2026-08-31T20:14:37.415+00:00,2026-08-31T20:14:37.415+00:00,2026-08-31T20:14:37.592+00:00,2026-08-31T20:14:37.592+00:00,0.066437,0.1766997499998979,sqs-worker-5986dcd897-x8rdl,ip-192-168-20-201.ec2.internal,9120ae3f076b26de59ca433bd920bd88ebf2174797decedec08b75b98f9f1068,1,1367.0,1544.0
1,keda-mmpp-505-9b2fabf8,000010,3.045508,2026-08-31T20:14:40.511+00:00,2026-08-31T20:14:36.688+00:00,2026-08-31T20:14:37.621+00:00,2026-08-31T20:14:37.621+00:00,2026-08-31T20:14:38.620+00:00,2026-08-31T20:14:38.620+00:00,0.424159,0.9991992870000104,sqs-worker-5986dcd897-x8rdl,ip-192-168-20-201.ec2.internal,9c7e5950f3a6b0a46fc1542d11eebe01348f177093a17b105443afe97840d13a,1,933.0,1932.0
1,keda-mmpp-505-9b2fabf8,000008,2.533844,2026-08-31T20:14:39.999+00:00,2026-08-31T20:14:36.176+00:00,2026-08-31T20:14:38.687+00:00,2026-08-31T20:14:38.687+00:00,2026-08-31T20:14:38.705+00:00,2026-08-31T20:14:38.705+00:00,0.017611,0.017645363999690744,sqs-worker-5986dcd897-x8rdl,ip-192-168-20-201.ec2.internal,10d80520954e4e4e0ea82b78020776ebd90814ca7d852dcb9e1dc0abfe4eaa44,1,2511.0,2529.0
1,keda-mmpp-505-9b2fabf8,000011,3.388513,2026-08-31T20:14:40.854+00:00,2026-08-31T20:14:37.030+00:00,2026-08-31T20:14:38.720+00:00,2026-08-31T20:14:38.720+00:00,2026-08-31T20:14:39.016+00:00,2026-08-31T20:14:39.016+00:00,0.129986,0.29591489500126045,sqs-worker-5986dcd897-x8rdl,ip-192-168-20-201.ec2.internal,cc16c2bcbbeefc58ad54af629aac2b249f650079ead1d0b365b1958b8e559dcf,1,1690.0,1986.0
1,keda-mmpp-505-9b2fabf8,000013,4.709963,2026-08-31T20:14:42.176+00:00,2026-08-31T20:14:38.352+00:00,2026-08-31T20:14:39.034+00:00,2026-08-31T20:14:39.034+00:00,2026-08-31T20:14:42.391+00:00,2026-08-31T20:14:42.391+00:00,0.738689,3.3573460480001813,sqs-worker-5986dcd897-x8rdl,ip-192-168-20-201.ec2.internal,3de6096234523d8d63ff0c47ad7eaeddd45b15ce9aa936b7967fbc3ecc6af774,1,682.0,4038.9999999999995
1,keda-mmpp-505-9b2fabf8,000020,6.332364,2026-08-31T20:14:43.797+00:00,2026-08-31T20:14:39.986+00:00,2026-08-31T20:14:42.505+00:00,2026-08-31T20:14:42.505+00:00,2026-08-31T20:14:42.619+00:00,2026-08-31T20:14:42.619+00:00,0.065049,0.11336324600051739,sqs-worker-5986dcd897-x8rdl,ip-192-168-20-201.ec2.internal,9135a417b1222d2ee66b23b8367d17671d3072b55ef969495b9db339a2915d5c,1,2519.0,2633.0
1,keda-mmpp-505-9b2fabf8,000012,3.849123,2026-08-31T20:14:41.314+00:00,2026-08-31T20:14:37.498+00:00,2026-08-31T20:14:42.409+00:00,2026-08-31T20:14:42.409+00:00,2026-08-31T20:14:42.490+00:00,2026-08-31T20:14:42.490+00:00,0.017911,0.08109979300024861,sqs-worker-5986dcd897-x8rdl,ip-192-168-20-201.ec2.internal,797396c0d69efac7f172f1ea730f19a887c6adad852168c49166b78bd353e400,1,4911.0,4992.0
1,keda-mmpp-505-9b2fabf8,000015,5.45643,2026-08-31T20:14:42.921+00:00,2026-08-31T20:14:39.100+00:00,2026-08-31T20:14:42.683+00:00,2026-08-31T20:14:42.683+00:00,2026-08-31T20:14:43.376+00:00,2026-08-31T20:14:43.376+00:00,0.279955,0.6922015469990583,sqs-worker-5986dcd897-x8rdl,ip-192-168-20-201.ec2.internal,e174e7adbb7e97af5450f8befe56f364250e16d886dfe15af277d2e97651fce1,1,3583.0,4276.0
1,keda-mmpp-505-9b2fabf8,000021,7.275496,2026-08-31T20:14:44.741+00:00,2026-08-31T20:14:40.921+00:00,2026-08-31T20:14:43.398+00:00,2026-08-31T20:14:43.398+00:00,2026-08-31T20:14:43.901+00:00,2026-08-31T20:14:43.901+00:00,0.213961,0.5026630100001057,sqs-worker-5986dcd897-x8rdl,ip-192-168-20-201.ec2.internal,7e13c48ffb062a175da0a31f51b4277bff9f84907d7843df83f1691ff6519a8e,1,2477.0,2980.0
1,keda-mmpp-505-9b2fabf8,000023,8.136938,2026-08-31T20:14:45.602+00:00,2026-08-31T20:14:41.786+00:00,2026-08-31T20:14:43.919+00:00,2026-08-31T20:14:43.919+00:00,2026-08-31T20:14:44.015+00:00,2026-08-31T20:14:44.015+00:00,0.050959,0.09669830600068963,sqs-worker-5986dcd897-x8rdl,ip-192-168-20-201.ec2.internal,abe6bcc48cf833f7c945714d1b8373cee0c024e316c643544fbf1643d383c169,1,2133.0,2229.0
1,keda-mmpp-505-9b2fabf8,000017,5.543727,2026-08-31T20:14:43.009+00:00,2026-08-31T20:14:39.184+00:00,2026-08-31T20:14:44.031+00:00,2026-08-31T20:14:44.031+00:00,2026-08-31T20:14:44.495+00:00,2026-08-31T20:14:44.495+00:00,0.175607,0.46407708799961256,sqs-worker-5986dcd897-x8rdl,ip-192-168-20-201.ec2.internal,5bbe99800a140c03804326552a1b9d1dcb69e8c3054c27ac1aeb70efa33369e0,1,4847.0,5311.0
1,keda-mmpp-505-9b2fabf8,000016,5.461459,2026-08-31T20:14:42.926+00:00,2026-08-31T20:14:39.619+00:00,2026-08-31T20:14:44.511+00:00,2026-08-31T20:14:44.511+00:00,2026-08-31T20:14:44.603+00:00,2026-08-31T20:14:44.603+00:00,0.043995,0.09241911400022218,sqs-worker-5986dcd897-x8rdl,ip-192-168-20-201.ec2.internal,1e77e00c76bbce640de4c473ebcba397d04dd21a79612e1cd75e329876e3e850,1,4892.0,4984.0
1,keda-mmpp-505-9b2fabf8,000026,9.781625,2026-08-31T20:14:47.246+00:00,2026-08-31T20:14:43.425+00:00,2026-08-31T20:14:44.646+00:00,2026-08-31T20:14:44.646+00:00,2026-08-31T20:14:45.010+00:00,2026-08-31T20:14:45.010+00:00,0.154873,0.36463787599859643,sqs-worker-5986dcd897-x8rdl,ip-192-168-20-201.ec2.internal,1564e696b0df148887d6360c73fa6b9ff47ab720ba285e391cb0d347084d4169,1,1221.0,1585.0
1,keda-mmpp-505-9b2fabf8,000014,5.384758,2026-08-31T20:14:42.850+00:00,2026-08-31T20:14:39.027+00:00,2026-08-31T20:14:45.077+00:00,2026-08-31T20:14:45.077+00:00,2026-08-31T20:14:45.313+00:00,2026-08-31T20:14:45.313+00:00,0.109476,0.2360879299994849,sqs-worker-5986dcd897-x8rdl,ip-192-168-20-201.ec2.internal,bf1deb5ee4a01011c8ff1701c85166bed9d4cfd6eedb228a485f3f5cadcaee54,1,6050.0,6286.0
1,keda-mmpp-505-9b2fabf8,000024,9.322634,2026-08-31T20:14:46.789+00:00,2026-08-31T20:14:42.967+00:00,2026-08-31T20:14:45.330+00:00,2026-08-31T20:14:45.330+00:00,2026-08-31T20:14:46.195+00:00,2026-08-31T20:14:46.195+00:00,0.338003,0.8648983380007849,sqs-worker-5986dcd897-x8rdl,ip-192-168-20-201.ec2.internal,576fef3f5f120ac9016b6bfb0248f34233af10ea644ced0e2661e90c6af8a50e,1,2363.0,3228.0
1,keda-mmpp-505-9b2fabf8,000029,10.704472,2026-08-31T20:14:48.169+00:00,2026-08-31T20:14:44.348+00:00,2026-08-31T20:14:46.215+00:00,2026-08-31T20:14:46.215+00:00,2026-08-31T20:14:46.232+00:00,2026-08-31T20:14:46.232+00:00,0.017744,0.017777809998733574,sqs-worker-5986dcd897-x8rdl,ip-192-168-20-201.ec2.internal,123fcb82196de69db936ce77679076b7204c7db19ea6694f98481dc5613eeb30,1,1867.0,1884.0
1,keda-mmpp-505-9b2fabf8,000022,7.761781,2026-08-31T20:14:45.227+00:00,2026-08-31T20:14:41.407+00:00,2026-08-31T20:14:46.248+00:00,2026-08-31T20:14:46.248+00:00,2026-08-31T20:14:46.885+00:00,2026-08-31T20:14:46.885+00:00,0.244717,0.637080941000022,sqs-worker-5986dcd897-x8rdl,ip-192-168-20-201.ec2.internal,f17729750a80a01c2d28ffa0d3f7a0776587ac5a775002e6a8187980b56ccff7,1,4841.0,5478.0
1,keda-mmpp-505-9b2fabf8,000030,10.775266,2026-08-31T20:14:48.240+00:00,2026-08-31T20:14:44.418+00:00,2026-08-31T20:14:46.901+00:00,2026-08-31T20:14:46.901+00:00,2026-08-31T20:14:48.007+00:00,2026-08-31T20:14:48.007+00:00,0.457281,1.1053183800013358,sqs-worker-5986dcd897-x8rdl,ip-192-168-20-201.ec2.internal,efd508af96c0a7f477b2491ca6fce4afd56d21b2e8c05f9c20e267f3a8bc6e1c,1,2483.0,3589.0
1,keda-mmpp-505-9b2fabf8,000038,14.000717,2026-08-31T20:14:51.466+00:00,2026-08-31T20:14:47.642+00:00,2026-08-31T20:14:48.025+00:00,2026-08-31T20:14:48.025+00:00,2026-08-31T20:14:49.204+00:00,2026-08-31T20:14:49.204+00:00,0.473034,1.1787970360001054,sqs-worker-5986dcd897-x8rdl,ip-192-168-20-201.ec2.internal,6fd4b4c687c0a0a60b37616e6d51d04eae3945dd4eed4ba5e046bd7146ace258,1,383.0,1562.0
1,keda-mmpp-505-9b2fabf8,000036,13.273135,2026-08-31T20:14:50.738+00:00,2026-08-31T20:14:46.914+00:00,2026-08-31T20:14:49.220+00:00,2026-08-31T20:14:49.220+00:00,2026-08-31T20:14:49.693+00:00,2026-08-31T20:14:49.693+00:00,0.185396,0.47326809900005173,sqs-worker-5986dcd897-x8rdl,ip-192-168-20-201.ec2.internal,e65c6d20f5f0a36f35a95d8a6c000a7c1ce89af9170b4859879e4371e08cc81c,1,2306.0,2779.0
1,keda-mmpp-505-9b2fabf8,000046,15.960528,2026-08-31T20:14:53.426+00:00,2026-08-31T20:14:49.602+00:00,2026-08-31T20:14:49.711+00:00,2026-08-31T20:14:49.711+00:00,2026-08-31T20:14:50.186+00:00,2026-08-31T20:14:50.186+00:00,0.084414,0.4746662699999433,sqs-worker-5986dcd897-x8rdl,ip-192-168-20-201.ec2.internal,2bc15844a9a481048c065f0f7ab6631cbfdd2093c0239be5c6bbf5d50ae1f5ca,1,109.0,584.0
1,keda-mmpp-505-9b2fabf8,000018,5.603617,2026-08-31T20:14:43.068+00:00,2026-08-31T20:14:39.252+00:00,2026-08-31T20:14:50.203+00:00,2026-08-31T20:14:50.203+00:00,2026-08-31T20:14:50.300+00:00,2026-08-31T20:14:50.300+00:00,0.021405,0.09629573799975333,sqs-worker-5986dcd897-x8rdl,ip-192-168-20-201.ec2.internal,9b1c912afcd20eea0e5118940eaacaac4adc54b9c66e2332ee7a1015d04458b0,1,10951.0,11048.0
1,keda-mmpp-505-9b2fabf8,000025,9.661288,2026-08-31T20:14:47.126+00:00,2026-08-31T20:14:43.304+00:00,2026-08-31T20:14:50.389+00:00,2026-08-31T20:14:50.389+00:00,2026-08-31T20:14:50.485+00:00,2026-08-31T20:14:50.486+00:00,0.017966,0.09684839299916348,sqs-worker-5986dcd897-x8rdl,ip-192-168-20-201.ec2.internal,7d186c9aedfbd462b69725bc0e12be71b879284fb99deb8f9907693255b2011a,1,7085.0,7181.0
1,keda-mmpp-505-9b2fabf8,000027,10.179094,2026-08-31T20:14:47.644+00:00,2026-08-31T20:14:43.823+00:00,2026-08-31T20:14:50.502+00:00,2026-08-31T20:14:50.502+00:00,2026-08-31T20:14:52.096+00:00,2026-08-31T20:14:52.096+00:00,0.287896,1.5943428529990342,sqs-worker-5986dcd897-x8rdl,ip-192-168-20-201.ec2.internal,64f817da8b50c8009237476fdfd7a8d2931da8f100a1eb78173e22d96c8d11e4,1,6679.0,8273.0
1,keda-mmpp-505-9b2fabf8,000037,13.871962,2026-08-31T20:14:51.337+00:00,2026-08-31T20:14:47.513+00:00,2026-08-31T20:14:52.189+00:00,2026-08-31T20:14:52.189+00:00,2026-08-31T20:14:52.395+00:00,2026-08-31T20:14:52.395+00:00,0.049714,0.20644963099948654,sqs-worker-5986dcd897-x8rdl,ip-192-168-20-201.ec2.internal,c786cd7c6f83090b98922edcdf1ed91df62d80f62daa50f2159d064ba8419630,1,4676.0,4882.0
1,keda-mmpp-505-9b2fabf8,000019,5.963682,2026-08-31T20:14:43.429+00:00,2026-08-31T20:14:39.608+00:00,2026-08-31T20:14:52.492+00:00,2026-08-31T20:14:52.492+00:00,2026-08-31T20:14:54.009+00:00,2026-08-31T20:14:54.009+00:00,0.617168,1.516893767999136,sqs-worker-5986dcd897-x8rdl,ip-192-168-20-201.ec2.internal,e8a6ce02174bf1543a43b77e7147a1b32db80edf4b05f016f039bfe2f7397ca9,1,12884.0,14401.0
1,keda-mmpp-505-9b2fabf8,000034,12.647981,2026-08-31T20:14:50.114+00:00,2026-08-31T20:14:46.290+00:00,2026-08-31T20:14:54.026+00:00,2026-08-31T20:14:54.026+00:00,2026-08-31T20:14:54.691+00:00,2026-08-31T20:14:54.691+00:00,0.258306,0.6647674139985611,sqs-worker-5986dcd897-x8rdl,ip-192-168-20-201.ec2.internal,a7771b8434db1725cd3eb60177e708c21c90e8250cc13050d2e58ed46d532214,1,7736.0,8401.0
1,keda-mmpp-505-9b2fabf8,000044,15.448774,2026-08-31T20:14:52.914+00:00,2026-08-31T20:14:49.093+00:00,2026-08-31T20:14:54.709+00:00,2026-08-31T20:14:54.709+00:00,2026-08-31T20:14:55.412+00:00,2026-08-31T20:14:55.412+00:00,0.297295,0.7035477459994581,sqs-worker-5986dcd897-x8rdl,ip-192-168-20-201.ec2.internal,7909482b4779ec71259cc7f2eb6a8972f88fcbfafc37b7c9fd29e3bedd8d2ded,1,5616.0,6319.0
1,keda-mmpp-505-9b2fabf8,000042,14.449092,2026-08-31T20:14:51.914+00:00,2026-08-31T20:14:48.091+00:00,2026-08-31T20:14:55.427+00:00,2026-08-31T20:14:55.427+00:00,2026-08-31T20:14:55.822+00:00,2026-08-31T20:14:55.822+00:00,0.165585,0.3950401050005894,sqs-worker-5986dcd897-x8rdl,ip-192-168-20-201.ec2.internal,ecbb5d87087d222dbec235fdf4822d0febb94f2b657683dc471489d442fcd96d,1,7336.0,7731.0
1,keda-mmpp-505-9b2fabf8,000055,18.284,2026-08-31T20:14:55.748+00:00,2026-08-31T20:14:51.926+00:00,2026-08-31T20:14:55.893+00:00,2026-08-31T20:14:55.893+00:00,2026-08-31T20:14:56.188+00:00,2026-08-31T20:14:56.188+00:00,0.121469,0.2956241379997664,sqs-worker-5986dcd897-x8rdl,ip-192-168-20-201.ec2.internal,31d5dbbacfac139b5b2d122597ca4489f6c12c79e5b71f883924b8f7b67968ea,1,3967.0,4262.0
1,keda-mmpp-505-9b2fabf8,000028,10.611015,2026-08-31T20:14:48.076+00:00,2026-08-31T20:14:44.260+00:00,2026-08-31T20:14:56.203+00:00,2026-08-31T20:14:56.203+00:00,2026-08-31T20:14:56.419+00:00,2026-08-31T20:14:56.419+00:00,0.107255,0.21652664500106766,sqs-worker-5986dcd897-x8rdl,ip-192-168-20-201.ec2.internal,56fe27a32ab57528d6d3daf72b479dba47367950927d3ee4cd6c01dfff9ef074,1,11943.0,12159.0
1,keda-mmpp-505-9b2fabf8,000033,11.173042,2026-08-31T20:14:48.638+00:00,2026-08-31T20:14:44.819+00:00,2026-08-31T20:14:56.484+00:00,2026-08-31T20:14:56.484+00:00,2026-08-31T20:14:58.008+00:00,2026-08-31T20:14:58.008+00:00,0.623997,1.5242861269998684,sqs-worker-5986dcd897-x8rdl,ip-192-168-20-201.ec2.internal,ea20c79f0e539e30c4d1e584bad28dfd931ebc12d99e7534a041b30871e432ae,1,11665.0,13189.0
1,keda-mmpp-505-9b2fabf8,000032,10.845201,2026-08-31T20:14:48.310+00:00,2026-08-31T20:14:44.987+00:00,2026-08-31T20:14:58.026+00:00,2026-08-31T20:14:58.026+00:00,2026-08-31T20:14:58.503+00:00,2026-08-31T20:14:58.503+00:00,0.191477,0.47684531199956837,sqs-worker-5986dcd897-x8rdl,ip-192-168-20-201.ec2.internal,cff1ce60ca462a4f740755b2bbfe187d2fca1ea05ce8fda44cb152e76c3ada32,1,13039.0,13516.0
1,keda-mmpp-505-9b2fabf8,000031,10.826472,2026-08-31T20:14:48.291+00:00,2026-08-31T20:14:44.468+00:00,2026-08-31T20:14:58.520+00:00,2026-08-31T20:14:58.520+00:00,2026-08-31T20:14:58.525+00:00,2026-08-31T20:14:58.525+00:00,0.005,0.005031507000239799,sqs-worker-5986dcd897-x8rdl,ip-192-168-20-201.ec2.internal,21c35b4544363d2acad8ab31e61b8d4ce3a5204e4af008b5abeef5dd6d330583,1,14052.0,14057.0
1,keda-mmpp-505-9b2fabf8,000035,13.05568,2026-08-31T20:14:50.521+00:00,2026-08-31T20:14:46.695+00:00,2026-08-31T20:14:58.541+00:00,2026-08-31T20:14:58.541+00:00,2026-08-31T20:14:59.703+00:00,2026-08-31T20:14:59.703+00:00,0.466902,1.1621616810007254,sqs-worker-5986dcd897-x8rdl,ip-192-168-20-201.ec2.internal,46628040894475073cd71b14e12f3aad0259636870bed0c38c1671c5af3508c6,1,11846.0,13008.0
1,keda-mmpp-505-9b2fabf8,000047,16.379562,2026-08-31T20:14:53.845+00:00,2026-08-31T20:14:50.020+00:00,2026-08-31T20:14:59.790+00:00,2026-08-31T20:14:59.790+00:00,2026-08-31T20:14:59.795+00:00,2026-08-31T20:14:59.795+00:00,0.005,0.0050629209999897284,sqs-worker-5986dcd897-x8rdl,ip-192-168-20-201.ec2.internal,5b574babee49ba37a182a4035e75fe9f0fa72d9424af9af12a22e5fac1bb6501,1,9770.0,9775.0
1,keda-mmpp-505-9b2fabf8,000050,17.121214,2026-08-31T20:14:54.586+00:00,2026-08-31T20:14:50.766+00:00,2026-08-31T20:14:59.884+00:00,2026-08-31T20:14:59.884+00:00,2026-08-31T20:14:59.999+00:00,2026-08-31T20:14:59.999+00:00,0.033795,0.11500493200037454,sqs-worker-5986dcd897-x8rdl,ip-192-168-20-201.ec2.internal,f6433ba4145b74b543b1912f5609f938de4dd17c951f442875b436f3ad00c44a,1,9118.0,9233.0
1,keda-mmpp-505-9b2fabf8,000051,17.139035,2026-08-31T20:14:54.604+00:00,2026-08-31T20:14:50.783+00:00,2026-08-31T20:15:00.084+00:00,2026-08-31T20:15:00.084+00:00,2026-08-31T20:15:00.694+00:00,2026-08-31T20:15:00.694+00:00,0.117705,0.610562616999232,sqs-worker-5986dcd897-x8rdl,ip-192-168-20-201.ec2.internal,8fa78c9a499d826a2ef1706fc0a47240a7c6a7ad94ae696ab2cc5d5872808ab4,1,9301.0,9911.0
1,keda-mmpp-505-9b2fabf8,000045,15.451364,2026-08-31T20:14:52.916+00:00,2026-08-31T20:14:49.096+00:00,2026-08-31T20:15:00.784+00:00,2026-08-31T20:15:00.784+00:00,2026-08-31T20:15:01.590+00:00,2026-08-31T20:15:01.590+00:00,0.154528,0.8059331519998523,sqs-worker-5986dcd897-x8rdl,ip-192-168-20-201.ec2.internal,0ae0a7be18b9a467c57186e33fc0b0f4bcdd3b2edbeb70937b974ee3e51164fe,1,11688.0,12494.0
1,keda-mmpp-505-9b2fabf8,000049,16.866054,2026-08-31T20:14:54.331+00:00,2026-08-31T20:14:50.506+00:00,2026-08-31T20:15:01.705+00:00,2026-08-31T20:15:01.705+00:00,2026-08-31T20:15:02.605+00:00,2026-08-31T20:15:02.605+00:00,0.190584,0.899971621000077,sqs-worker-5986dcd897-x8rdl,ip-192-168-20-201.ec2.internal,ed917eda6d296c1f98522d4fc3def733be7f26e5c4b5a8011eb1b93f9443ba19,1,11199.0,12099.0
1,keda-mmpp-505-9b2fabf8,000058,27.085555,2026-08-31T20:15:04.558+00:00,2026-08-31T20:15:00.735+00:00,2026-08-31T20:15:02.623+00:00,2026-08-31T20:15:02.623+00:00,2026-08-31T20:15:02.708+00:00,2026-08-31T20:15:02.708+00:00,0.038539,0.08554899800037674,sqs-worker-5986dcd897-x8rdl,ip-192-168-20-201.ec2.internal,04889e26f6a01baf8642a482249dcdc71a3ad15a5666991fbf01e9dc79f1af49,1,1888.0,1973.0
1,keda-mmpp-505-9b2fabf8,000039,14.117356,2026-08-31T20:14:51.582+00:00,2026-08-31T20:14:47.758+00:00,2026-08-31T20:15:02.724+00:00,2026-08-31T20:15:02.724+00:00,2026-08-31T20:15:04.685+00:00,2026-08-31T20:15:04.685+00:00,0.771024,1.961327576000258,sqs-worker-5986dcd897-x8rdl,ip-192-168-20-201.ec2.internal,0368854dccc15246992891cf6acbbfa77732eb988d4af94f004ffcb7e0a90c31,1,14966.0,16927.0
1,keda-mmpp-505-9b2fabf8,000073,29.521127,2026-08-31T20:15:06.985+00:00,2026-08-31T20:15:03.160+00:00,2026-08-31T20:15:04.700+00:00,2026-08-31T20:15:04.700+00:00,2026-08-31T20:15:04.720+00:00,2026-08-31T20:15:04.720+00:00,0.019464,0.019499064999763505,sqs-worker-5986dcd897-x8rdl,ip-192-168-20-201.ec2.internal,ae7dd45275b09f3fe3c1e4eba8a5b4f5d7eff52e69f46c23fdb2f4dd98f5cf3f,1,1540.0,1560.0
1,keda-mmpp-505-9b2fabf8,000040,14.119327,2026-08-31T20:14:51.584+00:00,2026-08-31T20:14:47.766+00:00,2026-08-31T20:15:04.736+00:00,2026-08-31T20:15:04.736+00:00,2026-08-31T20:15:04.807+00:00,2026-08-31T20:15:04.807+00:00,0.035935,0.07125557800100069,sqs-worker-5986dcd897-x8rdl,ip-192-168-20-201.ec2.internal,27ae7b96585626556af60b7462bc4cd09f8bed827daaa14d0cafcd4ce48bd54a,1,16970.0,17041.0
1,keda-mmpp-505-9b2fabf8,000052,17.263818,2026-08-31T20:14:54.729+00:00,2026-08-31T20:14:50.903+00:00,2026-08-31T20:15:03.521+00:00,2026-08-31T20:15:03.521+00:00,2026-08-31T20:15:05.255+00:00,2026-08-31T20:15:05.255+00:00,0.712246,1.734443026000008,sqs-worker-5986dcd897-gvj67,ip-192-168-20-201.ec2.internal,dba1ef48d1d9fd3c2a07daa9e55282ea83188a4e8b9af17b1e501fa270bf6ced,1,12618.0,14352.0
1,keda-mmpp-505-9b2fabf8,000054,18.254201,2026-08-31T20:14:55.718+00:00,2026-08-31T20:14:51.897+00:00,2026-08-31T20:15:04.825+00:00,2026-08-31T20:15:04.825+00:00,2026-08-31T20:15:05.786+00:00,2026-08-31T20:15:05.786+00:00,0.372616,0.960950093000065,sqs-worker-5986dcd897-x8rdl,ip-192-168-20-201.ec2.internal,294ac7c432fc0a90b665d0acc2cd37d445e8620b6ff0b231b23479485f433c8e,1,12928.0,13889.0
1,keda-mmpp-505-9b2fabf8,000053,18.078058,2026-08-31T20:14:55.542+00:00,2026-08-31T20:14:51.719+00:00,2026-08-31T20:15:05.271+00:00,2026-08-31T20:15:05.271+00:00,2026-08-31T20:15:05.921+00:00,2026-08-31T20:15:05.921+00:00,0.252194,0.64950632900036,sqs-worker-5986dcd897-gvj67,ip-192-168-20-201.ec2.internal,4d7d92728789801aa244dbd1a98ba51ffeb48fe659b1d97909ada802b11b424b,1,13552.0,14202.0
1,keda-mmpp-505-9b2fabf8,000066,28.362039,2026-08-31T20:15:05.826+00:00,2026-08-31T20:15:02.003+00:00,2026-08-31T20:15:05.801+00:00,2026-08-31T20:15:05.801+00:00,2026-08-31T20:15:06.012+00:00,2026-08-31T20:15:06.012+00:00,0.101143,0.2110496229997807,sqs-worker-5986dcd897-x8rdl,ip-192-168-20-201.ec2.internal,ddd1889c2e353cf6648d2c12184ec2379b3a78cc00f712478e1370f7c907f4e3,1,3798.0,4009.0000000000005
1,keda-mmpp-505-9b2fabf8,000072,29.48872,2026-08-31T20:15:06.952+00:00,2026-08-31T20:15:03.131+00:00,2026-08-31T20:15:05.939+00:00,2026-08-31T20:15:05.939+00:00,2026-08-31T20:15:06.056+00:00,2026-08-31T20:15:06.056+00:00,0.062188,0.11665691900088859,sqs-worker-5986dcd897-gvj67,ip-192-168-20-201.ec2.internal,cb749254f87efbce14d05c75f22b19bc91c9f76d0cb18a3ac460cd4800fca01a,1,2808.0,2925.0
1,keda-mmpp-505-9b2fabf8,000077,30.41029,2026-08-31T20:15:07.874+00:00,2026-08-31T20:15:04.050+00:00,2026-08-31T20:15:06.874+00:00,2026-08-31T20:15:06.874+00:00,2026-08-31T20:15:06.917+00:00,2026-08-31T20:15:06.917+00:00,0.005,0.0431691209996643,sqs-worker-5986dcd897-gvj67,ip-192-168-20-201.ec2.internal,4e3792a56bee17de6a894fbbe4e4102c796a6e2ecd42321e7655afa2c9e3150a,1,2824.0,2867.0
1,keda-mmpp-505-9b2fabf8,000087,32.339781,2026-08-31T20:15:09.804+00:00,2026-08-31T20:15:05.980+00:00,2026-08-31T20:15:06.349+00:00,2026-08-31T20:15:06.349+00:00,2026-08-31T20:15:06.664+00:00,2026-08-31T20:15:06.664+00:00,0.133143,0.315197582998735,sqs-worker-5986dcd897-gvj67,ip-192-168-20-201.ec2.internal,67d510194a6d81809109986b61c8605ce050ccf190bb928c641ed64cdbcc6734,1,369.0,684.0
1,keda-mmpp-505-9b2fabf8,000082,31.092779,2026-08-31T20:15:08.558+00:00,2026-08-31T20:15:04.739+00:00,2026-08-31T20:15:06.071+00:00,2026-08-31T20:15:06.071+00:00,2026-08-31T20:15:06.331+00:00,2026-08-31T20:15:06.331+00:00,0.099454,0.2595959390000644,sqs-worker-5986dcd897-gvj67,ip-192-168-20-201.ec2.internal,b485ac5e7542844236df94a5659d85e9ce60ad1f29a41908743e2dcd6075171a,1,1332.0,1592.0
1,keda-mmpp-505-9b2fabf8,000041,14.166118,2026-08-31T20:14:51.631+00:00,2026-08-31T20:14:47.808+00:00,2026-08-31T20:15:06.683+00:00,2026-08-31T20:15:06.684+00:00,2026-08-31T20:15:06.860+00:00,2026-08-31T20:15:06.860+00:00,0.071688,0.17634181999892462,sqs-worker-5986dcd897-gvj67,ip-192-168-20-201.ec2.internal,66f70fc32a86b3add7e4d2bfade2731706f4cfe8e4ed8d2b6523797990e91770,1,18875.0,19052.0
1,keda-mmpp-505-9b2fabf8,000084,31.693507,2026-08-31T20:15:09.157+00:00,2026-08-31T20:15:05.335+00:00,2026-08-31T20:15:07.710+00:00,2026-08-31T20:15:07.710+00:00,2026-08-31T20:15:07.891+00:00,2026-08-31T20:15:07.891+00:00,0.071884,0.1810849520006741,sqs-worker-5986dcd897-x8rdl,ip-192-168-20-201.ec2.internal,713e7d845802e296be9bf4970a086830cfde91826c59821a0937c402d6a09c67,1,2375.0,2556.0
1,keda-mmpp-505-9b2fabf8,000076,29.795962,2026-08-31T20:15:07.259+00:00,2026-08-31T20:15:03.435+00:00,2026-08-31T20:15:06.027+00:00,2026-08-31T20:15:06.027+00:00,2026-08-31T20:15:07.317+00:00,2026-08-31T20:15:07.317+00:00,0.520875,1.2907608820005407,sqs-worker-5986dcd897-x8rdl,ip-192-168-20-201.ec2.internal,ee148ea402d16b63aaf4680c396ac05980c3114fdea39e598bf9a7e02002f9c7,1,2592.0,3882.0
1,keda-mmpp-505-9b2fabf8,000048,16.624301,2026-08-31T20:14:54.089+00:00,2026-08-31T20:14:50.268+00:00,2026-08-31T20:15:07.341+00:00,2026-08-31T20:15:07.341+00:00,2026-08-31T20:15:07.695+00:00,2026-08-31T20:15:07.695+00:00,0.13262,0.35441037100099493,sqs-worker-5986dcd897-x8rdl,ip-192-168-20-201.ec2.internal,e651c16a47ea6b8167b93397c8d4077e78655891fb0336431f3437d4d367535a,1,17073.0,17427.0
1,keda-mmpp-505-9b2fabf8,000063,27.781163,2026-08-31T20:15:05.245+00:00,2026-08-31T20:15:01.421+00:00,2026-08-31T20:15:06.932+00:00,2026-08-31T20:15:06.932+00:00,2026-08-31T20:15:07.756+00:00,2026-08-31T20:15:07.756+00:00,0.341877,0.8241997499990248,sqs-worker-5986dcd897-gvj67,ip-192-168-20-201.ec2.internal,68810527474afdf1c412c524340ae5116e13d4c58ee899aa357143f5a559612c,1,5511.0,6335.0
1,keda-mmpp-505-9b2fabf8,000060,27.295995,2026-08-31T20:15:04.760+00:00,2026-08-31T20:15:00.939+00:00,2026-08-31T20:15:09.134+00:00,2026-08-31T20:15:09.134+00:00,2026-08-31T20:15:09.139+00:00,2026-08-31T20:15:09.139+00:00,0.005,0.00503149799988023,sqs-worker-5986dcd897-gvj67,ip-192-168-20-201.ec2.internal,bdb564fa146efede0b596ef8e1735bd6c712a5dabb684b074f59b74c67784056,1,8195.0,8200.0
1,keda-mmpp-505-9b2fabf8,000068,28.901828,2026-08-31T20:15:06.366+00:00,2026-08-31T20:15:02.547+00:00,2026-08-31T20:15:08.640+00:00,2026-08-31T20:15:08.640+00:00,2026-08-31T20:15:09.120+00:00,2026-08-31T20:15:09.120+00:00,0.183707,0.4798186160005571,sqs-worker-5986dcd897-gvj67,ip-192-168-20-201.ec2.internal,d5a082a52a5cafe61a6577c75ce611b46b146e915e06e91fc7a4c453cb639ac3,1,6093.0,6573.0
1,keda-mmpp-505-9b2fabf8,000043,14.584793,2026-08-31T20:14:52.050+00:00,2026-08-31T20:14:48.230+00:00,2026-08-31T20:15:09.557+00:00,2026-08-31T20:15:09.557+00:00,2026-08-31T20:15:09.669+00:00,2026-08-31T20:15:09.669+00:00,0.056574,0.11222149099921808,sqs-worker-5986dcd897-gvj67,ip-192-168-20-201.ec2.internal,087a7661b55a1bb5c9a6d9dda1930d041a69e2cc86b6dc411b34c6eba61bbca6,1,21327.0,21439.0
1,keda-mmpp-505-9b2fabf8,000095,34.840337,2026-08-31T20:15:12.304+00:00,2026-08-31T20:15:08.480+00:00,2026-08-31T20:15:09.837+00:00,2026-08-31T20:15:09.837+00:00,2026-08-31T20:15:10.230+00:00,2026-08-31T20:15:10.230+00:00,0.170502,0.3928409140007716,sqs-worker-5986dcd897-gvj67,ip-192-168-20-201.ec2.internal,919d2276e3f3c8f5a0d51e6fd4090930831013219dd0d076dc48d9dbcba07f87,1,1357.0,1750.0
1,keda-mmpp-505-9b2fabf8,000056,18.432407,2026-08-31T20:14:55.896+00:00,2026-08-31T20:14:52.077+00:00,2026-08-31T20:15:07.772+00:00,2026-08-31T20:15:07.772+00:00,2026-08-31T20:15:07.859+00:00,2026-08-31T20:15:07.859+00:00,0.039198,0.08720087199981208,sqs-worker-5986dcd897-gvj67,ip-192-168-20-201.ec2.internal,5a64c3b27c6f46573b37ec9c44ed0c444f23ff42d2f20117eb8e475a62199f13,1,15695.0,15782.0
1,keda-mmpp-505-9b2fabf8,000059,27.123407,2026-08-31T20:15:04.587+00:00,2026-08-31T20:15:00.769+00:00,2026-08-31T20:15:07.874+00:00,2026-08-31T20:15:07.874+00:00,2026-08-31T20:15:08.626+00:00,2026-08-31T20:15:08.626+00:00,0.301036,0.7522674170013488,sqs-worker-5986dcd897-gvj67,ip-192-168-20-201.ec2.internal,dc69c02dc82893b9ecffccaa92e23c47bd070183f0271b1373f8c4f0f1853db9,1,7105.0,7857.0
1,keda-mmpp-505-9b2fabf8,000091,33.533304,2026-08-31T20:15:10.997+00:00,2026-08-31T20:15:07.183+00:00,2026-08-31T20:15:09.153+00:00,2026-08-31T20:15:09.153+00:00,2026-08-31T20:15:09.527+00:00,2026-08-31T20:15:09.527+00:00,0.159314,0.3736459700012347,sqs-worker-5986dcd897-gvj67,ip-192-168-20-201.ec2.internal,f5a0f3c0e8bbbbb373b653925543ec6933f384781c184c6989ee3652c96c721a,1,1970.0,2344.0
1,keda-mmpp-505-9b2fabf8,000090,33.41565,2026-08-31T20:15:10.879+00:00,2026-08-31T20:15:07.055+00:00,2026-08-31T20:15:09.711+00:00,2026-08-31T20:15:09.711+00:00,2026-08-31T20:15:09.816+00:00,2026-08-31T20:15:09.816+00:00,0.044338,0.10463386700030242,sqs-worker-5986dcd897-gvj67,ip-192-168-20-201.ec2.internal,a66fc903881dc34fe037247ae4e568aefe878b3b7a7c2fcb71a9cbde90667a0a,1,2656.0,2761.0
1,keda-mmpp-505-9b2fabf8,000085,31.729086,2026-08-31T20:15:09.193+00:00,2026-08-31T20:15:05.370+00:00,2026-08-31T20:15:07.906+00:00,2026-08-31T20:15:07.906+00:00,2026-08-31T20:15:10.184+00:00,2026-08-31T20:15:10.184+00:00,0.807233,2.278317154999968,sqs-worker-5986dcd897-x8rdl,ip-192-168-20-201.ec2.internal,a13014a1fedf259f4522a13d637495187d45c334a6a9b4c61b317f4eb3dac1fe,1,2536.0,4814.0
1,keda-mmpp-505-9b2fabf8,000057,18.453853,2026-08-31T20:14:55.917+00:00,2026-08-31T20:14:52.102+00:00,2026-08-31T20:15:10.200+00:00,2026-08-31T20:15:10.200+00:00,2026-08-31T20:15:11.391+00:00,2026-08-31T20:15:11.391+00:00,0.223054,1.1904754970000795,sqs-worker-5986dcd897-x8rdl,ip-192-168-20-201.ec2.internal,2d28bc63e74a40eb79d8c273e9566f3dd00d9fbb420fdbd2d04b503a92815a78,1,18098.0,19289.0
1,keda-mmpp-505-9b2fabf8,000070,29.303808,2026-08-31T20:15:06.768+00:00,2026-08-31T20:15:02.944+00:00,2026-08-31T20:15:10.260+00:00,2026-08-31T20:15:10.260+00:00,2026-08-31T20:15:12.756+00:00,2026-08-31T20:15:12.756+00:00,1.0,2.4958835639990866,sqs-worker-5986dcd897-gvj67,ip-192-168-20-201.ec2.internal,5bc85bdfc34bfa3e98f60eb4cd173497b2159159d1db7bdc5722b1431d740bab,1,7316.0,9812.0
1,keda-mmpp-505-9b2fabf8,000061,27.673705,2026-08-31T20:15:05.138+00:00,2026-08-31T20:15:01.316+00:00,2026-08-31T20:15:12.776+00:00,2026-08-31T20:15:12.776+00:00,2026-08-31T20:15:13.159+00:00,2026-08-31T20:15:13.159+00:00,0.163811,0.382508984001106,sqs-worker-5986dcd897-gvj67,ip-192-168-20-201.ec2.internal,217daef563d9f27de2f3bffac8c8efc5874d7896682181feb779f96f8ddf105f,1,11460.0,11843.0
1,keda-mmpp-505-9b2fabf8,000078,30.731809,2026-08-31T20:15:08.196+00:00,2026-08-31T20:15:04.373+00:00,2026-08-31T20:15:13.198+00:00,2026-08-31T20:15:13.198+00:00,2026-08-31T20:15:13.653+00:00,2026-08-31T20:15:13.653+00:00,0.114171,0.4551912599999923,sqs-worker-5986dcd897-gvj67,ip-192-168-20-201.ec2.internal,9086784e4cabb0934b5c5db7add2b6ef9b3f71ce6f9a1d7ad635f40c35edfb73,1,8825.0,9280.0
1,keda-mmpp-505-9b2fabf8,000097,34.997977,2026-08-31T20:15:12.462+00:00,2026-08-31T20:15:08.640+00:00,2026-08-31T20:15:11.489+00:00,2026-08-31T20:15:11.489+00:00,2026-08-31T20:15:13.795+00:00,2026-08-31T20:15:13.795+00:00,0.695036,2.306227764000141,sqs-worker-5986dcd897-x8rdl,ip-192-168-20-201.ec2.internal,75cb614802b58c70e6fab73b923c315cbd61264b9bdd5a37e7d704eeb8f83f68,1,2849.0,5155.0
1,keda-mmpp-505-9b2fabf8,000096,34.875483,2026-08-31T20:15:12.339+00:00,2026-08-31T20:15:08.524+00:00,2026-08-31T20:15:14.187+00:00,2026-08-31T20:15:14.187+00:00,2026-08-31T20:15:14.306+00:00,2026-08-31T20:15:14.306+00:00,0.060382,0.11855346000083955,sqs-worker-5986dcd897-x8rdl,ip-192-168-20-201.ec2.internal,b110a273f85fe5bfdfb64945564adbf36685f34ddc21bd949075fcaa7e11a1d8,1,5663.0,5782.0
1,keda-mmpp-505-9b2fabf8,000064,27.9017,2026-08-31T20:15:05.365+00:00,2026-08-31T20:15:01.545+00:00,2026-08-31T20:15:13.713+00:00,2026-08-31T20:15:13.713+00:00,2026-08-31T20:15:14.418+00:00,2026-08-31T20:15:14.418+00:00,0.117753,0.7049041699992813,sqs-worker-5986dcd897-gvj67,ip-192-168-20-201.ec2.internal,a4bc671cf880a49ebecc6d33f5db6771b4bc5a68751db45692693b80716204f2,1,12168.0,12873.0
1,keda-mmpp-505-9b2fabf8,000098,35.495959,2026-08-31T20:15:12.960+00:00,2026-08-31T20:15:09.136+00:00,2026-08-31T20:15:13.810+00:00,2026-08-31T20:15:13.810+00:00,2026-08-31T20:15:14.133+00:00,2026-08-31T20:15:14.133+00:00,0.143446,0.3232206889988447,sqs-worker-5986dcd897-x8rdl,ip-192-168-20-201.ec2.internal,ca633781e559a949744c58902deb448017c4ce361446910e0cd2add9d3197862,1,4674.0,4997.0
1,keda-mmpp-505-9b2fabf8,000065,28.312215,2026-08-31T20:15:05.776+00:00,2026-08-31T20:15:01.954+00:00,2026-08-31T20:15:14.322+00:00,2026-08-31T20:15:14.322+00:00,2026-08-31T20:15:14.724+00:00,2026-08-31T20:15:14.724+00:00,0.169901,0.4012962479991984,sqs-worker-5986dcd897-x8rdl,ip-192-168-20-201.ec2.internal,49d00e3b4e2ae522f5f066865402b08fc450e0482af9332f0f5e76772ec0a8bd,1,12368.0,12770.0
1,keda-mmpp-505-9b2fabf8,000080,30.928265,2026-08-31T20:15:08.392+00:00,2026-08-31T20:15:04.572+00:00,2026-08-31T20:15:14.788+00:00,2026-08-31T20:15:14.788+00:00,2026-08-31T20:15:15.691+00:00,2026-08-31T20:15:15.691+00:00,0.365181,0.9030904949995602,sqs-worker-5986dcd897-x8rdl,ip-192-168-20-201.ec2.internal,5e8b0f2b31e75369dc1c83f356d1fba7adeb8613ec87503f04f5f80efe0cf132,1,10216.0,11119.0
1,keda-mmpp-505-9b2fabf8,000062,27.70532,2026-08-31T20:15:05.169+00:00,2026-08-31T20:15:01.344+00:00,2026-08-31T20:15:14.464+00:00,2026-08-31T20:15:14.464+00:00,2026-08-31T20:15:16.154+00:00,2026-08-31T20:15:16.154+00:00,0.294762,1.689893591001237,sqs-worker-5986dcd897-gvj67,ip-192-168-20-201.ec2.internal,4fe3398800d84d1416caa211293e75a9323fadf48ec953d050c7ea3c2dace57b,1,13120.0,14810.0
1,keda-mmpp-505-9b2fabf8,000117,39.19299,2026-08-31T20:15:16.657+00:00,2026-08-31T20:15:12.837+00:00,2026-08-31T20:15:15.706+00:00,2026-08-31T20:15:15.706+00:00,2026-08-31T20:15:16.483+00:00,2026-08-31T20:15:16.483+00:00,0.308079,0.7769102629990812,sqs-worker-5986dcd897-x8rdl,ip-192-168-20-201.ec2.internal,4047f6443b71b159a4320d0ed3b0437e70f74a74f04360daa6263d0f7c511543,1,2869.0,3646.0
1,keda-mmpp-505-9b2fabf8,000101,36.028862,2026-08-31T20:15:13.493+00:00,2026-08-31T20:15:09.670+00:00,2026-08-31T20:15:16.170+00:00,2026-08-31T20:15:16.170+00:00,2026-08-31T20:15:16.521+00:00,2026-08-31T20:15:16.521+00:00,0.140592,0.3512307389992202,sqs-worker-5986dcd897-gvj67,ip-192-168-20-201.ec2.internal,a599eb8feadd17eb0b906e8e3809d72b7075730cf0a64a53569ddf2c2be62c78,1,6500.0,6851.0
1,keda-mmpp-505-9b2fabf8,000075,29.766283,2026-08-31T20:15:07.230+00:00,2026-08-31T20:15:03.410+00:00,2026-08-31T20:15:16.551+00:00,2026-08-31T20:15:16.551+00:00,2026-08-31T20:15:17.107+00:00,2026-08-31T20:15:17.107+00:00,0.225167,0.5558140850007476,sqs-worker-5986dcd897-x8rdl,ip-192-168-20-201.ec2.internal,ad8d241210582fdfedd0d518e686c96973967f7386536dcafd35802255707f3f,1,13141.0,13697.0
1,keda-mmpp-505-9b2fabf8,000071,29.322335,2026-08-31T20:15:06.786+00:00,2026-08-31T20:15:02.965+00:00,2026-08-31T20:15:16.502+00:00,2026-08-31T20:15:16.502+00:00,2026-08-31T20:15:16.532+00:00,2026-08-31T20:15:16.532+00:00,0.02879,0.03022420999877795,sqs-worker-5986dcd897-x8rdl,ip-192-168-20-201.ec2.internal,5c2d85ad22e48d2fecbe3769bca24b1d368110000a160f358511ebd5f3222d36,1,13537.0,13567.0
1,keda-mmpp-505-9b2fabf8,000067,28.444344,2026-08-31T20:15:05.908+00:00,2026-08-31T20:15:02.086+00:00,2026-08-31T20:15:17.122+00:00,2026-08-31T20:15:17.122+00:00,2026-08-31T20:15:17.418+00:00,2026-08-31T20:15:17.418+00:00,0.123051,0.2960892529990815,sqs-worker-5986dcd897-x8rdl,ip-192-168-20-201.ec2.internal,04b702044aec2f7e3ea1216fcce8a53ec3e21659b0c746070a39428d787dc12b,1,15036.0,15332.0
1,keda-mmpp-505-9b2fabf8,000126,42.491919,2026-08-31T20:15:19.957+00:00,2026-08-31T20:15:16.135+00:00,2026-08-31T20:15:16.544+00:00,2026-08-31T20:15:16.544+00:00,2026-08-31T20:15:18.116+00:00,2026-08-31T20:15:18.116+00:00,0.630204,1.5721547700013616,sqs-worker-5986dcd897-gvj67,ip-192-168-20-201.ec2.internal,3f03e42f50bf5413f19f6f803a9a4913174033f4b7b4fe36846b131af43e0d19,1,409.0,1981.0
1,keda-mmpp-505-9b2fabf8,000127,43.024152,2026-08-31T20:15:20.488+00:00,2026-08-31T20:15:16.670+00:00,2026-08-31T20:15:17.436+00:00,2026-08-31T20:15:17.436+00:00,2026-08-31T20:15:17.800+00:00,2026-08-31T20:15:17.800+00:00,0.139573,0.3644362680006452,sqs-worker-5986dcd897-x8rdl,ip-192-168-20-201.ec2.internal,0081e16fb7c13ba3aac81b2c1bc5987e943539910251adaf1d7447e8a85b8dce,1,766.0,1130.0
1,keda-mmpp-505-9b2fabf8,000092,33.864666,2026-08-31T20:15:11.329+00:00,2026-08-31T20:15:07.509+00:00,2026-08-31T20:15:17.850+00:00,2026-08-31T20:15:17.850+00:00,2026-08-31T20:15:18.406+00:00,2026-08-31T20:15:18.406+00:00,0.239697,0.5561907209994388,sqs-worker-5986dcd897-x8rdl,ip-192-168-20-201.ec2.internal,1ae7ba086460c210e470851fd468edcc10aa0c62da2745063a166b07fc0ef9a5,1,10341.0,10897.0
1,keda-mmpp-505-9b2fabf8,000104,36.254807,2026-08-31T20:15:13.718+00:00,2026-08-31T20:15:09.899+00:00,2026-08-31T20:15:18.132+00:00,2026-08-31T20:15:18.132+00:00,2026-08-31T20:15:18.614+00:00,2026-08-31T20:15:18.614+00:00,0.192449,0.4817042049999145,sqs-worker-5986dcd897-gvj67,ip-192-168-20-201.ec2.internal,e32cb16516267938081a4818be61db0d185b38d8bdb5da53dfcb180e7a398158,1,8233.0,8715.0
1,keda-mmpp-505-9b2fabf8,000099,35.535757,2026-08-31T20:15:12.999+00:00,2026-08-31T20:15:09.177+00:00,2026-08-31T20:15:18.572+00:00,2026-08-31T20:15:18.572+00:00,2026-08-31T20:15:18.770+00:00,2026-08-31T20:15:18.770+00:00,0.096087,0.19810059200062824,sqs-worker-5986dcd897-zz72b,ip-192-168-20-201.ec2.internal,8de24e5805131e86246c6dbd22a62648ed355d3bba537cf87e21d294e47e834f,1,9395.0,9593.0
1,keda-mmpp-505-9b2fabf8,000114,37.789373,2026-08-31T20:15:15.254+00:00,2026-08-31T20:15:11.436+00:00,2026-08-31T20:15:18.628+00:00,2026-08-31T20:15:18.628+00:00,2026-08-31T20:15:19.027+00:00,2026-08-31T20:15:19.027+00:00,0.164821,0.399367275998884,sqs-worker-5986dcd897-gvj67,ip-192-168-20-201.ec2.internal,cc28aab6b4b29b0c2b4474c3bf89d35ac71ec7ac8d0a2e548da54e01648dfdbc,1,7192.0,7591.0
1,keda-mmpp-505-9b2fabf8,000108,36.468535,2026-08-31T20:15:13.932+00:00,2026-08-31T20:15:10.110+00:00,2026-08-31T20:15:19.054+00:00,2026-08-31T20:15:19.054+00:00,2026-08-31T20:15:19.313+00:00,2026-08-31T20:15:19.313+00:00,0.104715,0.2585956340008124,sqs-worker-5986dcd897-gvj67,ip-192-168-20-201.ec2.internal,8fbd3eb25efb39a882929c43858ee597fe9820afb66ba4272e595625dcb117f4,1,8944.0,9203.0
1,keda-mmpp-505-9b2fabf8,000106,36.421635,2026-08-31T20:15:13.885+00:00,2026-08-31T20:15:10.060+00:00,2026-08-31T20:15:18.715+00:00,2026-08-31T20:15:18.715+00:00,2026-08-31T20:15:18.906+00:00,2026-08-31T20:15:18.906+00:00,0.078177,0.19100342599995201,sqs-worker-5986dcd897-x8rdl,ip-192-168-20-201.ec2.internal,135419f1b8fb359c2e158bf219cc9b99ae847f8471c53efca9691b27a750ea98,1,8655.0,8846.0
1,keda-mmpp-505-9b2fabf8,000074,29.718317,2026-08-31T20:15:07.182+00:00,2026-08-31T20:15:03.358+00:00,2026-08-31T20:15:19.327+00:00,2026-08-31T20:15:19.327+00:00,2026-08-31T20:15:19.716+00:00,2026-08-31T20:15:19.716+00:00,0.158213,0.38950593899971864,sqs-worker-5986dcd897-gvj67,ip-192-168-20-201.ec2.internal,e856d65fafca3f7813dfcdee77ea85ccc6095ed4600b930fffd9e2ea9748eee4,1,15969.0,16358.0
1,keda-mmpp-505-9b2fabf8,000135,44.534336,2026-08-31T20:15:21.998+00:00,2026-08-31T20:15:18.181+00:00,2026-08-31T20:15:18.794+00:00,2026-08-31T20:15:18.794+00:00,2026-08-31T20:15:18.971+00:00,2026-08-31T20:15:18.971+00:00,0.074172,0.1768490100002964,sqs-worker-5986dcd897-zz72b,ip-192-168-20-201.ec2.internal,60c3c15a284330dc8c321c1f0740fe6f3bef311fe78277678d9ea26b0413b767,1,613.0,790.0
1,keda-mmpp-505-9b2fabf8,000086,31.87529,2026-08-31T20:15:09.339+00:00,2026-08-31T20:15:05.521+00:00,2026-08-31T20:15:19.489+00:00,2026-08-31T20:15:19.489+00:00,2026-08-31T20:15:20.204+00:00,2026-08-31T20:15:20.204+00:00,0.26597,0.7147971400008828,sqs-worker-5986dcd897-zz72b,ip-192-168-20-201.ec2.internal,a46d836397356ce6052d06c7a8527eaaa1f94cb62cb6769419194d104f5a1607,1,13968.0,14683.0
1,keda-mmpp-505-9b2fabf8,000069,28.982726,2026-08-31T20:15:06.446+00:00,2026-08-31T20:15:02.623+00:00,2026-08-31T20:15:18.945+00:00,2026-08-31T20:15:18.945+00:00,2026-08-31T20:15:20.989+00:00,2026-08-31T20:15:20.989+00:00,0.502839,2.0436868100005086,sqs-worker-5986dcd897-x8rdl,ip-192-168-20-201.ec2.internal,fbfb98b35dd32cea7d235c42bc28f1cab79e08556632ba6223a147cdf364c9fb,1,16322.0,18366.0
1,keda-mmpp-505-9b2fabf8,000113,37.140493,2026-08-31T20:15:14.604+00:00,2026-08-31T20:15:10.782+00:00,2026-08-31T20:15:18.432+00:00,2026-08-31T20:15:18.432+00:00,2026-08-31T20:15:18.702+00:00,2026-08-31T20:15:18.702+00:00,0.112219,0.2708167749988206,sqs-worker-5986dcd897-x8rdl,ip-192-168-20-201.ec2.internal,ad2432460578c95e873742c1676a02d8c8a4ac1f911d04fcf33b4006f018cac4,1,7650.0,7920.0
1,keda-mmpp-505-9b2fabf8,000079,30.9138,2026-08-31T20:15:08.378+00:00,2026-08-31T20:15:04.580+00:00,2026-08-31T20:15:18.926+00:00,2026-08-31T20:15:18.926+00:00,2026-08-31T20:15:18.931+00:00,2026-08-31T20:15:18.931+00:00,0.005,0.005041053000240936,sqs-worker-5986dcd897-x8rdl,ip-192-168-20-201.ec2.internal,967ae2f968ea8043b42ffdfc705c04915687d7abe1a200a5754f6ecd6f433f1f,1,14346.0,14351.0
1,keda-mmpp-505-9b2fabf8,000081,31.092656,2026-08-31T20:15:08.556+00:00,2026-08-31T20:15:04.736+00:00,2026-08-31T20:15:18.994+00:00,2026-08-31T20:15:18.994+00:00,2026-08-31T20:15:19.475+00:00,2026-08-31T20:15:19.475+00:00,0.202265,0.4811222850003105,sqs-worker-5986dcd897-zz72b,ip-192-168-20-201.ec2.internal,14f81752911d3bb1e14b04fa9ddb7ca5f6ee6aec4c4c7c36865fc4a1aeaa5089,1,14258.0,14739.0
1,keda-mmpp-505-9b2fabf8,000136,44.631241,2026-08-31T20:15:22.095+00:00,2026-08-31T20:15:18.273+00:00,2026-08-31T20:15:19.978+00:00,2026-08-31T20:15:19.985+00:00,2026-08-31T20:15:21.412+00:00,2026-08-31T20:15:21.412+00:00,0.559864,1.434603743999105,sqs-worker-5986dcd897-gvj67,ip-192-168-20-201.ec2.internal,c323a50485c02e81c28a599bdd95404d6dbb8e3950f7043822fc689314763360,1,1705.0,3139.0
1,keda-mmpp-505-9b2fabf8,000105,36.265783,2026-08-31T20:15:13.729+00:00,2026-08-31T20:15:09.906+00:00,2026-08-31T20:15:21.876+00:00,2026-08-31T20:15:21.876+00:00,2026-08-31T20:15:21.881+00:00,2026-08-31T20:15:21.881+00:00,0.005,0.005049477998909424,sqs-worker-5986dcd897-zz72b,ip-192-168-20-201.ec2.internal,6d7ba9e5b64ebde1984bb8e3aae81dd69591524827afd6315444a6d36514151c,1,11970.0,11975.0
1,keda-mmpp-505-9b2fabf8,000116,38.890954,2026-08-31T20:15:16.355+00:00,2026-08-31T20:15:12.533+00:00,2026-08-31T20:15:21.893+00:00,2026-08-31T20:15:21.893+00:00,2026-08-31T20:15:21.926+00:00,2026-08-31T20:15:21.926+00:00,0.020006,0.032781473999420996,sqs-worker-5986dcd897-gvj67,ip-192-168-20-201.ec2.internal,19a3729b6785871b53f512fa825422dd371be469a2b25a674ebceb892a470b11,1,9360.0,9393.0
1,keda-mmpp-505-9b2fabf8,000118,39.826319,2026-08-31T20:15:17.290+00:00,2026-08-31T20:15:13.468+00:00,2026-08-31T20:15:21.899+00:00,2026-08-31T20:15:21.899+00:00,2026-08-31T20:15:21.962+00:00,2026-08-31T20:15:21.962+00:00,0.028783,0.062359028999708244,sqs-worker-5986dcd897-zz72b,ip-192-168-20-201.ec2.internal,992c35b3f6c0484ca57037b5246f92559a6c11ce5a5367f6f7ff8de8765543d6,1,8431.0,8494.0
1,keda-mmpp-505-9b2fabf8,000088,32.983948,2026-08-31T20:15:10.448+00:00,2026-08-31T20:15:06.624+00:00,2026-08-31T20:15:19.811+00:00,2026-08-31T20:15:19.811+00:00,2026-08-31T20:15:19.954+00:00,2026-08-31T20:15:19.954+00:00,0.067907,0.1429459639984998,sqs-worker-5986dcd897-gvj67,ip-192-168-20-201.ec2.internal,5c5fced2156f9101a8706256b5bc0f8699d4a9713e24f5800fb476b1cbae03ba,1,13187.0,13330.0
1,keda-mmpp-505-9b2fabf8,000100,35.761607,2026-08-31T20:15:13.225+00:00,2026-08-31T20:15:09.409+00:00,2026-08-31T20:15:20.886+00:00,2026-08-31T20:15:20.886+00:00,2026-08-31T20:15:20.891+00:00,2026-08-31T20:15:20.891+00:00,0.005,0.005055786001321394,sqs-worker-5986dcd897-zz72b,ip-192-168-20-201.ec2.internal,fad91db5c056d909aca5a51989fc94b3b509c5548e0a6c73e67ac65ca675daf8,1,11477.0,11482.0
1,keda-mmpp-505-9b2fabf8,000107,36.424323,2026-08-31T20:15:13.888+00:00,2026-08-31T20:15:10.067+00:00,2026-08-31T20:15:21.432+00:00,2026-08-31T20:15:21.432+00:00,2026-08-31T20:15:21.865+00:00,2026-08-31T20:15:21.865+00:00,0.182467,0.4335608260007575,sqs-worker-5986dcd897-gvj67,ip-192-168-20-201.ec2.internal,b7b358b9d2848633f9fb188d25904c971205562544844bb69001ea8593f9220f,1,11365.0,11798.0
1,keda-mmpp-505-9b2fabf8,000144,46.825676,2026-08-31T20:15:24.289+00:00,2026-08-31T20:15:20.469+00:00,2026-08-31T20:15:21.960+00:00,2026-08-31T20:15:21.960+00:00,2026-08-31T20:15:22.136+00:00,2026-08-31T20:15:22.136+00:00,0.086399,0.17517561800013937,sqs-worker-5986dcd897-gvj67,ip-192-168-20-201.ec2.internal,e1b24caac8972edf06fea84a54d8735a8e38e9a8ff2801517d1450ac31eb9be0,1,1491.0,1667.0
1,keda-mmpp-505-9b2fabf8,000129,43.101069,2026-08-31T20:15:20.565+00:00,2026-08-31T20:15:16.746+00:00,2026-08-31T20:15:21.976+00:00,2026-08-31T20:15:21.976+00:00,2026-08-31T20:15:22.174+00:00,2026-08-31T20:15:22.174+00:00,0.087469,0.19766336199973011,sqs-worker-5986dcd897-zz72b,ip-192-168-20-201.ec2.internal,1bdf0a1688eae0dba643c9e6c2e7b395b0045d19f662a256087c560ceff10fc8,1,5230.0,5428.0
1,keda-mmpp-505-9b2fabf8,000122,41.109262,2026-08-31T20:15:18.573+00:00,2026-08-31T20:15:14.754+00:00,2026-08-31T20:15:22.230+00:00,2026-08-31T20:15:22.230+00:00,2026-08-31T20:15:22.267+00:00,2026-08-31T20:15:22.267+00:00,0.023959,0.036849928999799886,sqs-worker-5986dcd897-zz72b,ip-192-168-20-201.ec2.internal,412273282395247656f562acff51aab39783c99f73056e9e4e015499a6ce8e87,1,7476.0,7513.0
1,keda-mmpp-505-9b2fabf8,000133,43.435625,2026-08-31T20:15:20.899+00:00,2026-08-31T20:15:17.099+00:00,2026-08-31T20:15:23.377+00:00,2026-08-31T20:15:23.377+00:00,2026-08-31T20:15:23.659+00:00,2026-08-31T20:15:23.659+00:00,0.115863,0.2821971929988649,sqs-worker-5986dcd897-zz72b,ip-192-168-20-201.ec2.internal,d79dd1c18fb0fad8e9d387c332b7d0f6b33899de05f0dd1dc305ce5e9e5f5656,1,6278.0,6560.0
1,keda-mmpp-505-9b2fabf8,000102,36.078564,2026-08-31T20:15:13.542+00:00,2026-08-31T20:15:09.717+00:00,2026-08-31T20:15:22.962+00:00,2026-08-31T20:15:22.962+00:00,2026-08-31T20:15:23.363+00:00,2026-08-31T20:15:23.363+00:00,0.15749,0.40130545499960135,sqs-worker-5986dcd897-zz72b,ip-192-168-20-201.ec2.internal,729eed2dd981c45e02582a4f037b1173567d3a8488b8ce799afb838a8b75354a,1,13245.0,13646.0
1,keda-mmpp-505-9b2fabf8,000119,40.307973,2026-08-31T20:15:17.772+00:00,2026-08-31T20:15:13.951+00:00,2026-08-31T20:15:22.464+00:00,2026-08-31T20:15:22.464+00:00,2026-08-31T20:15:23.558+00:00,2026-08-31T20:15:23.558+00:00,0.398785,1.0939825320001546,sqs-worker-5986dcd897-gvj67,ip-192-168-20-201.ec2.internal,01ad07dff86f1eda8e11bc46318136c1ba1ef77ebbc99e83b90ff8975a084aee,1,8513.0,9607.0
1,keda-mmpp-505-9b2fabf8,000111,36.927957,2026-08-31T20:15:14.392+00:00,2026-08-31T20:15:10.569+00:00,2026-08-31T20:15:23.330+00:00,2026-08-31T20:15:23.330+00:00,2026-08-31T20:15:23.800+00:00,2026-08-31T20:15:23.800+00:00,0.1874,0.4698604349996458,sqs-worker-5986dcd897-x8rdl,ip-192-168-20-201.ec2.internal,0b655574e2cb5fcf8e4761235e599688048d43c550f3ee398883b477cbcdb33a,1,12761.0,13231.0
1,keda-mmpp-505-9b2fabf8,000109,36.649294,2026-08-31T20:15:14.113+00:00,2026-08-31T20:15:10.290+00:00,2026-08-31T20:15:22.176+00:00,2026-08-31T20:15:22.176+00:00,2026-08-31T20:15:22.426+00:00,2026-08-31T20:15:22.426+00:00,0.104869,0.24997566000092775,sqs-worker-5986dcd897-gvj67,ip-192-168-20-201.ec2.internal,07733c2f916c6ab5295f6ab8ffd00266fb435df270a2ca86fa730a1a7ae8b276,1,11886.0,12136.0
1,keda-mmpp-505-9b2fabf8,000115,38.864263,2026-08-31T20:15:16.329+00:00,2026-08-31T20:15:12.507+00:00,2026-08-31T20:15:22.286+00:00,2026-08-31T20:15:22.286+00:00,2026-08-31T20:15:22.631+00:00,2026-08-31T20:15:22.631+00:00,0.140138,0.34497561500029406,sqs-worker-5986dcd897-zz72b,ip-192-168-20-201.ec2.internal,11e178fe7eb3c7ed881fca075ae27fa2af6f522949115c9546f7534a8b4704d5,1,9779.0,10124.0
1,keda-mmpp-505-9b2fabf8,000121,41.008781,2026-08-31T20:15:18.473+00:00,2026-08-31T20:15:14.650+00:00,2026-08-31T20:15:22.645+00:00,2026-08-31T20:15:22.645+00:00,2026-08-31T20:15:22.665+00:00,2026-08-31T20:15:22.665+00:00,0.010918,0.01949645700005931,sqs-worker-5986dcd897-zz72b,ip-192-168-20-201.ec2.internal,0d88f9156d541ffd35c53f0575d280d37bbe0a1bdb6845a340cd008c6fbd3681,1,7995.0,8015.000000000001
1,keda-mmpp-505-9b2fabf8,000094,34.593265,2026-08-31T20:15:12.057+00:00,2026-08-31T20:15:08.234+00:00,2026-08-31T20:15:22.679+00:00,2026-08-31T20:15:22.679+00:00,2026-08-31T20:15:22.943+00:00,2026-08-31T20:15:22.943+00:00,0.111372,0.2635162169990508,sqs-worker-5986dcd897-zz72b,ip-192-168-20-201.ec2.internal,1bd60a7fd816004e675c4b0372c5842a6cfd7c74fa7a08befd83f60c5f8f36e9,1,14445.0,14709.0
1,keda-mmpp-505-9b2fabf8,000147,47.343856,2026-08-31T20:15:24.807+00:00,2026-08-31T20:15:20.982+00:00,2026-08-31T20:15:23.821+00:00,2026-08-31T20:15:23.821+00:00,2026-08-31T20:15:24.410+00:00,2026-08-31T20:15:24.410+00:00,0.246863,0.5892104779995861,sqs-worker-5986dcd897-x8rdl,ip-192-168-20-201.ec2.internal,d5e9f54c750a915f1ca717e353faebafe56c0f32fc8d6c22e629cf01ad9dbea3,1,2839.0,3428.0
1,keda-mmpp-505-9b2fabf8,000139,45.51302,2026-08-31T20:15:22.977+00:00,2026-08-31T20:15:19.155+00:00,2026-08-31T20:15:25.326+00:00,2026-08-31T20:15:25.326+00:00,2026-08-31T20:15:25.484+00:00,2026-08-31T20:15:25.484+00:00,0.048827,0.1577224960001331,sqs-worker-5986dcd897-x8rdl,ip-192-168-20-201.ec2.internal,2ef8a15f2d2b0ea12ee39afb5260cac743564ada3faf5287c9014579dec25828,1,6171.0,6329.0
1,keda-mmpp-505-9b2fabf8,000159,49.975549,2026-08-31T20:15:27.438+00:00,2026-08-31T20:15:23.624+00:00,2026-08-31T20:15:25.034+00:00,2026-08-31T20:15:25.034+00:00,2026-08-31T20:15:25.627+00:00,2026-08-31T20:15:25.627+00:00,0.239251,0.5931322960004763,sqs-worker-5986dcd897-zz72b,ip-192-168-20-201.ec2.internal,4d90fc5b07934695f8773ee0b1fe454b8e51c04194393f6a4602baf4333a646f,1,1410.0,2003.0
1,keda-mmpp-505-9b2fabf8,000163,51.634604,2026-08-31T20:15:29.097+00:00,2026-08-31T20:15:25.281+00:00,2026-08-31T20:15:25.497+00:00,2026-08-31T20:15:25.497+00:00,2026-08-31T20:15:25.628+00:00,2026-08-31T20:15:25.628+00:00,0.071964,0.13096134300030826,sqs-worker-5986dcd897-x8rdl,ip-192-168-20-201.ec2.internal,53bcca076f7c5d356accdb0012ca6c174f445d7ace208c4f96dfc5569ab39f41,1,216.0,347.0
1,keda-mmpp-505-9b2fabf8,000083,31.520727,2026-08-31T20:15:08.985+00:00,2026-08-31T20:15:05.162+00:00,2026-08-31T20:15:20.242+00:00,2026-08-31T20:15:20.242+00:00,2026-08-31T20:15:20.866+00:00,2026-08-31T20:15:20.866+00:00,0.259838,0.6242637830000604,sqs-worker-5986dcd897-zz72b,ip-192-168-20-201.ec2.internal,acbeb1d59f48fcfdfceb104f2c3d4b5e9e476de27af9ad8f6cdedf855d739cde,1,15080.0,15704.0
1,keda-mmpp-505-9b2fabf8,000089,33.159372,2026-08-31T20:15:10.623+00:00,2026-08-31T20:15:06.798+00:00,2026-08-31T20:15:20.934+00:00,2026-08-31T20:15:20.934+00:00,2026-08-31T20:15:21.861+00:00,2026-08-31T20:15:21.861+00:00,0.376437,0.9276943400000164,sqs-worker-5986dcd897-zz72b,ip-192-168-20-201.ec2.internal,4a4599b570774895bcd9c747397cf691b9a987c40ab5b0f6e2d3bc814671b978,1,14136.0,15063.0
1,keda-mmpp-505-9b2fabf8,000093,34.009752,2026-08-31T20:15:11.473+00:00,2026-08-31T20:15:07.648+00:00,2026-08-31T20:15:21.176+00:00,2026-08-31T20:15:21.176+00:00,2026-08-31T20:15:22.514+00:00,2026-08-31T20:15:22.514+00:00,0.294414,1.3371056800006045,sqs-worker-5986dcd897-x8rdl,ip-192-168-20-201.ec2.internal,9174ddba0c92d2b37594228f07080c2c73ebcd9a68a0413671ffe84dd202cf6d,1,13528.0,14866.0
1,keda-mmpp-505-9b2fabf8,000154,49.02462,2026-08-31T20:15:26.487+00:00,2026-08-31T20:15:22.664+00:00,2026-08-31T20:15:22.813+00:00,2026-08-31T20:15:22.813+00:00,2026-08-31T20:15:23.312+00:00,2026-08-31T20:15:23.312+00:00,0.209159,0.49961459699989064,sqs-worker-5986dcd897-x8rdl,ip-192-168-20-201.ec2.internal,b05e3d030ce4e9279213b6dd5a2139087467f99509460a71b6af1bd11c9d66e8,1,149.0,648.0
1,keda-mmpp-505-9b2fabf8,000120,40.642923,2026-08-31T20:15:18.107+00:00,2026-08-31T20:15:14.285+00:00,2026-08-31T20:15:24.475+00:00,2026-08-31T20:15:24.475+00:00,2026-08-31T20:15:24.911+00:00,2026-08-31T20:15:24.911+00:00,0.188135,0.43610781300048984,sqs-worker-5986dcd897-x8rdl,ip-192-168-20-201.ec2.internal,852dd641eb0e30d21b0c5388e7d4356fe090a538db582e7d060e6ecaceaf6663,1,10190.0,10626.0
1,keda-mmpp-505-9b2fabf8,000134,44.463816,2026-08-31T20:15:21.928+00:00,2026-08-31T20:15:18.109+00:00,2026-08-31T20:15:23.673+00:00,2026-08-31T20:15:23.673+00:00,2026-08-31T20:15:25.019+00:00,2026-08-31T20:15:25.019+00:00,0.53264,1.3461401699987618,sqs-worker-5986dcd897-zz72b,ip-192-168-20-201.ec2.internal,8504da8895bc1cbff8e95ff41b9ed83f4788bb8d505dd3668d26d0d45b29763e,1,5564.0,6910.0
1,keda-mmpp-505-9b2fabf8,000156,49.19385,2026-08-31T20:15:26.656+00:00,2026-08-31T20:15:22.837+00:00,2026-08-31T20:15:24.930+00:00,2026-08-31T20:15:24.930+00:00,2026-08-31T20:15:25.190+00:00,2026-08-31T20:15:25.190+00:00,0.099379,0.25940404599896283,sqs-worker-5986dcd897-x8rdl,ip-192-168-20-201.ec2.internal,b140b38ee2457693b6a4e072f90daefb365e5fb30839346ca7748dd4f03f8019,1,2093.0,2353.0
1,keda-mmpp-505-9b2fabf8,000131,43.318054,2026-08-31T20:15:20.783+00:00,2026-08-31T20:15:16.962+00:00,2026-08-31T20:15:25.203+00:00,2026-08-31T20:15:25.203+00:00,2026-08-31T20:15:25.311+00:00,2026-08-31T20:15:25.311+00:00,0.0508,0.10781494500042754,sqs-worker-5986dcd897-x8rdl,ip-192-168-20-201.ec2.internal,08c4c1d55aaeddbccbb352333f0ce0bbde9e7ae585c3e30740c61fb617050eb6,1,8241.0,8349.0
1,keda-mmpp-505-9b2fabf8,000132,43.370368,2026-08-31T20:15:20.834+00:00,2026-08-31T20:15:17.019+00:00,2026-08-31T20:15:22.583+00:00,2026-08-31T20:15:22.583+00:00,2026-08-31T20:15:22.799+00:00,2026-08-31T20:15:22.799+00:00,0.095302,0.21582699600003252,sqs-worker-5986dcd897-x8rdl,ip-192-168-20-201.ec2.internal,1a175cfa9f5e307e15d77bed2da5fe69b58a7d5890b3f296cb959aea1ae39a2e,1,5564.0,5780.0
1,keda-mmpp-505-9b2fabf8,000148,47.69333,2026-08-31T20:15:25.156+00:00,2026-08-31T20:15:21.336+00:00,2026-08-31T20:15:26.658+00:00,2026-08-31T20:15:26.658+00:00,2026-08-31T20:15:26.761+00:00,2026-08-31T20:15:26.761+00:00,0.044229,0.10226333200080262,sqs-worker-5986dcd897-gvj67,ip-192-168-20-201.ec2.internal,af4a530058bc3774a021695f3d4a028bc7969331b3f156d6f41ef04a6eb4d2a7,1,5322.0,5425.0
1,keda-mmpp-505-9b2fabf8,000130,43.124747,2026-08-31T20:15:20.588+00:00,2026-08-31T20:15:16.764+00:00,2026-08-31T20:15:26.616+00:00,2026-08-31T20:15:26.616+00:00,2026-08-31T20:15:26.632+00:00,2026-08-31T20:15:26.632+00:00,0.015566,0.01565993999975035,sqs-worker-5986dcd897-gvj67,ip-192-168-20-201.ec2.internal,09374f47e336b2e6e0f14b0639ec9d2bbaaf231f743d978f1fed86ba401aee73,1,9852.0,9868.0
1,keda-mmpp-505-9b2fabf8,000140,45.724229,2026-08-31T20:15:23.188+00:00,2026-08-31T20:15:19.369+00:00,2026-08-31T20:15:26.327+00:00,2026-08-31T20:15:26.327+00:00,2026-08-31T20:15:26.566+00:00,2026-08-31T20:15:26.566+00:00,0.115491,0.23868291200051317,sqs-worker-5986dcd897-gvj67,ip-192-168-20-201.ec2.internal,5c289c3ad1e6114d1e2418baab5629a9f06e5730e7156155524c4d9e07093896,1,6958.0,7197.0
1,keda-mmpp-505-9b2fabf8,000103,36.205229,2026-08-31T20:15:13.669+00:00,2026-08-31T20:15:09.848+00:00,2026-08-31T20:15:25.690+00:00,2026-08-31T20:15:25.691+00:00,2026-08-31T20:15:27.310+00:00,2026-08-31T20:15:27.310+00:00,0.663581,1.6199882649998472,sqs-worker-5986dcd897-x8rdl,ip-192-168-20-201.ec2.internal,1ca895a1a291e9e1ca51ca4f6a0b74eedf5b551af91b8360f659755b2a428068,1,15842.0,17462.0
1,keda-mmpp-505-9b2fabf8,000152,48.533842,2026-08-31T20:15:25.996+00:00,2026-08-31T20:15:22.177+00:00,2026-08-31T20:15:27.404+00:00,2026-08-31T20:15:27.404+00:00,2026-08-31T20:15:27.611+00:00,2026-08-31T20:15:27.611+00:00,0.098207,0.20692570299979707,sqs-worker-5986dcd897-x8rdl,ip-192-168-20-201.ec2.internal,b7ff93581e788c1fcd4780337989b4c6a7a793706e1420a812b08943d80d0efd,1,5227.0,5434.0
1,keda-mmpp-505-9b2fabf8,000125,41.354531,2026-08-31T20:15:18.818+00:00,2026-08-31T20:15:14.995+00:00,2026-08-31T20:15:25.641+00:00,2026-08-31T20:15:25.641+00:00,2026-08-31T20:15:26.456+00:00,2026-08-31T20:15:26.456+00:00,0.336312,0.8155297900011647,sqs-worker-5986dcd897-zz72b,ip-192-168-20-201.ec2.internal,ea5e817fb435d62066f3185b78f9b21131577dd1467d0874f32b94080b15148b,1,10646.0,11461.0
1,keda-mmpp-505-9b2fabf8,000167,52.777356,2026-08-31T20:15:30.240+00:00,2026-08-31T20:15:26.425+00:00,2026-08-31T20:15:26.779+00:00,2026-08-31T20:15:26.779+00:00,2026-08-31T20:15:26.923+00:00,2026-08-31T20:15:26.923+00:00,0.0597,0.14488695999898482,sqs-worker-5986dcd897-gvj67,ip-192-168-20-201.ec2.internal,44ddf51bc0715786e0bd7ba9b87f9acb6f10a050b36e3c6ff404210322b321c1,1,354.0,498.0
1,keda-mmpp-505-9b2fabf8,000143,46.59642,2026-08-31T20:15:24.060+00:00,2026-08-31T20:15:20.239+00:00,2026-08-31T20:15:26.941+00:00,2026-08-31T20:15:26.941+00:00,2026-08-31T20:15:27.122+00:00,2026-08-31T20:15:27.122+00:00,0.068477,0.18096354800036352,sqs-worker-5986dcd897-gvj67,ip-192-168-20-201.ec2.internal,206654b7e04ad582812f722892b5cb58e85e21759413bfc64ebc6e11e8a9c30f,1,6702.0,6883.0
1,keda-mmpp-505-9b2fabf8,000123,41.19969,2026-08-31T20:15:18.663+00:00,2026-08-31T20:15:14.841+00:00,2026-08-31T20:15:29.216+00:00,2026-08-31T20:15:29.216+00:00,2026-08-31T20:15:29.393+00:00,2026-08-31T20:15:29.393+00:00,0.069599,0.17681173200071498,sqs-worker-5986dcd897-x8rdl,ip-192-168-20-201.ec2.internal,959d4b4293fc26d3cb544d8f51ed87737fd2997742b539a6dcba5fefb34b2b27,1,14375.0,14552.0
1,keda-mmpp-505-9b2fabf8,000161,50.148926,2026-08-31T20:15:27.611+00:00,2026-08-31T20:15:23.796+00:00,2026-08-31T20:15:28.717+00:00,2026-08-31T20:15:28.717+00:00,2026-08-31T20:15:29.169+00:00,2026-08-31T20:15:29.169+00:00,0.18871,0.45231646499996714,sqs-worker-5986dcd897-gvj67,ip-192-168-20-201.ec2.internal,12f24c04710a473efea5911014f097bd7755ad887da9ef94b6eff973ef24a4fc,1,4921.0,5373.0
1,keda-mmpp-505-9b2fabf8,000142,46.522441,2026-08-31T20:15:23.986+00:00,2026-08-31T20:15:20.164+00:00,2026-08-31T20:15:26.472+00:00,2026-08-31T20:15:26.472+00:00,2026-08-31T20:15:29.434+00:00,2026-08-31T20:15:29.434+00:00,0.713737,2.9620109959996626,sqs-worker-5986dcd897-zz72b,ip-192-168-20-201.ec2.internal,b1a29bbae2db968b2e962cdce84abba78958d695376cfdd58d09c3cad33fba39,1,6308.0,9270.0
1,keda-mmpp-505-9b2fabf8,000151,48.099139,2026-08-31T20:15:25.561+00:00,2026-08-31T20:15:21.738+00:00,2026-08-31T20:15:29.186+00:00,2026-08-31T20:15:29.186+00:00,2026-08-31T20:15:29.563+00:00,2026-08-31T20:15:29.563+00:00,0.156908,0.3768654550003703,sqs-worker-5986dcd897-gvj67,ip-192-168-20-201.ec2.internal,eebfb94e701c234c89bf5f3c7601e64be180d1c60976f6f34c72e62f31e58969,1,7448.0,7825.0
1,keda-mmpp-505-9b2fabf8,000166,52.425102,2026-08-31T20:15:29.887+00:00,2026-08-31T20:15:26.070+00:00,2026-08-31T20:15:29.580+00:00,2026-08-31T20:15:29.580+00:00,2026-08-31T20:15:30.860+00:00,2026-08-31T20:15:30.860+00:00,0.504082,1.2800156779994722,sqs-worker-5986dcd897-gvj67,ip-192-168-20-201.ec2.internal,bb6dab482a8afe53d4374d1e7d7b736f82ae5766601471391c8e0dae29ca585d,1,3510.0,4790.0
1,keda-mmpp-505-9b2fabf8,000157,49.48383,2026-08-31T20:15:26.946+00:00,2026-08-31T20:15:23.125+00:00,2026-08-31T20:15:27.976+00:00,2026-08-31T20:15:27.976+00:00,2026-08-31T20:15:28.062+00:00,2026-08-31T20:15:28.062+00:00,0.038006,0.08559600599983241,sqs-worker-5986dcd897-gvj67,ip-192-168-20-201.ec2.internal,7bacc0c56a421ec99ed0a2ecd6f82701c02ab84c59f3b518964c0ef1d5870f20,1,4851.0,4937.0
1,keda-mmpp-505-9b2fabf8,000158,49.499798,2026-08-31T20:15:26.962+00:00,2026-08-31T20:15:23.143+00:00,2026-08-31T20:15:28.081+00:00,2026-08-31T20:15:28.081+00:00,2026-08-31T20:15:28.681+00:00,2026-08-31T20:15:28.681+00:00,0.247797,0.5992468740005279,sqs-worker-5986dcd897-gvj67,ip-192-168-20-201.ec2.internal,fc15b76918e284f6742c03dfaf1d5b8eb92ae3ae875c1584ce1a8c30650cab87,1,4938.0,5538.0
1,keda-mmpp-505-9b2fabf8,000153,48.707319,2026-08-31T20:15:26.170+00:00,2026-08-31T20:15:22.352+00:00,2026-08-31T20:15:28.408+00:00,2026-08-31T20:15:28.408+00:00,2026-08-31T20:15:28.694+00:00,2026-08-31T20:15:28.694+00:00,0.127908,0.2862139280005067,sqs-worker-5986dcd897-x8rdl,ip-192-168-20-201.ec2.internal,666b868ba6b0666ce1cc71f80e9222a16e9617b1486abce615164912a267a793,1,6056.0,6342.0
1,keda-mmpp-505-9b2fabf8,000124,41.226568,2026-08-31T20:15:18.690+00:00,2026-08-31T20:15:14.866+00:00,2026-08-31T20:15:29.460+00:00,2026-08-31T20:15:29.460+00:00,2026-08-31T20:15:30.959+00:00,2026-08-31T20:15:30.959+00:00,0.275899,1.4985203779997391,sqs-worker-5986dcd897-zz72b,ip-192-168-20-201.ec2.internal,7a3ff968fae75b116325779467d5d792442d5eb5e588ac10ee594455a244eed8,1,14594.0,16093.0
1,keda-mmpp-505-9b2fabf8,000141,46.342496,2026-08-31T20:15:23.807+00:00,2026-08-31T20:15:19.986+00:00,2026-08-31T20:15:31.056+00:00,2026-08-31T20:15:31.057+00:00,2026-08-31T20:15:31.366+00:00,2026-08-31T20:15:31.366+00:00,0.072623,0.30998323099993286,sqs-worker-5986dcd897-zz72b,ip-192-168-20-201.ec2.internal,d9ff1cc9ea03b12185577ac906d181ff08305d037b65f67cc5123226ad0f209c,1,11070.0,11380.0
1,keda-mmpp-505-9b2fabf8,000162,51.211551,2026-08-31T20:15:28.675+00:00,2026-08-31T20:15:24.859+00:00,2026-08-31T20:15:29.412+00:00,2026-08-31T20:15:29.412+00:00,2026-08-31T20:15:30.689+00:00,2026-08-31T20:15:30.690+00:00,0.31392,1.277756428999055,sqs-worker-5986dcd897-x8rdl,ip-192-168-20-201.ec2.internal,1ba6e42fd3dc0a12a3a7d2e650cf6628df13876c04d70805401fa3e514f0a55f,1,4553.0,5830.0
1,keda-mmpp-505-9b2fabf8,000112,37.011388,2026-08-31T20:15:14.475+00:00,2026-08-31T20:15:10.653+00:00,2026-08-31T20:15:23.633+00:00,2026-08-31T20:15:23.633+00:00,2026-08-31T20:15:26.269+00:00,2026-08-31T20:15:26.269+00:00,0.447122,2.6359241909995035,sqs-worker-5986dcd897-gvj67,ip-192-168-20-201.ec2.internal,a28907715629df18034c9fab92af49602bb0ffeee8042af9e30162942f416124,1,12980.0,15616.0
1,keda-mmpp-505-9b2fabf8,000110,36.834783,2026-08-31T20:15:14.298+00:00,2026-08-31T20:15:10.476+00:00,2026-08-31T20:15:27.140+00:00,2026-08-31T20:15:27.140+00:00,2026-08-31T20:15:27.229+00:00,2026-08-31T20:15:27.229+00:00,0.042108,0.08832228499886696,sqs-worker-5986dcd897-gvj67,ip-192-168-20-201.ec2.internal,27e6cb6bf676ce16d6a69939daa8dcf9a11ce82302a155f5fd31d56a13d66aa6,1,16664.0,16753.0
1,keda-mmpp-505-9b2fabf8,000149,47.891759,2026-08-31T20:15:25.354+00:00,2026-08-31T20:15:21.539+00:00,2026-08-31T20:15:27.354+00:00,2026-08-31T20:15:27.354+00:00,2026-08-31T20:15:27.390+00:00,2026-08-31T20:15:27.390+00:00,0.01492,0.0361138159987604,sqs-worker-5986dcd897-x8rdl,ip-192-168-20-201.ec2.internal,5494d142ecad480f822d9fe7ce6217d9cb894fe5e1e4f422e7705bc062a5ca01,1,5815.0,5851.0
1,keda-mmpp-505-9b2fabf8,000137,45.18374,2026-08-31T20:15:22.648+00:00,2026-08-31T20:15:18.825+00:00,2026-08-31T20:15:27.258+00:00,2026-08-31T20:15:27.258+00:00,2026-08-31T20:15:27.957+00:00,2026-08-31T20:15:27.957+00:00,0.285228,0.6985255830004462,sqs-worker-5986dcd897-gvj67,ip-192-168-20-201.ec2.internal,e55c9c84df8776e62c5a2a7b797570001a456a5eeab98955f24630d074264845,1,8433.0,9132.0
1,keda-mmpp-505-9b2fabf8,000155,49.121447,2026-08-31T20:15:26.584+00:00,2026-08-31T20:15:22.765+00:00,2026-08-31T20:15:27.629+00:00,2026-08-31T20:15:27.629+00:00,2026-08-31T20:15:28.383+00:00,2026-08-31T20:15:28.383+00:00,0.286015,0.7543528199985303,sqs-worker-5986dcd897-x8rdl,ip-192-168-20-201.ec2.internal,6bd47ad2ef1deb83ffd37b619eac4d4d64f69b1a728d72c6b4130b3ea72d63d7,1,4864.0,5618.0
1,keda-mmpp-505-9b2fabf8,000138,45.483323,2026-08-31T20:15:22.947+00:00,2026-08-31T20:15:19.127+00:00,2026-08-31T20:15:28.713+00:00,2026-08-31T20:15:28.713+00:00,2026-08-31T20:15:29.199+00:00,2026-08-31T20:15:29.199+00:00,0.200994,0.48514382599933015,sqs-worker-5986dcd897-x8rdl,ip-192-168-20-201.ec2.internal,52093f8f0b4be2b07b2236afc709240f3b0a3703580d7b7aef3ea265038e9dfc,1,9586.0,10072.0
1,keda-mmpp-505-9b2fabf8,000169,52.943475,2026-08-31T20:15:30.406+00:00,2026-08-31T20:15:26.591+00:00,2026-08-31T20:15:30.784+00:00,2026-08-31T20:15:30.784+00:00,2026-08-31T20:15:33.387+00:00,2026-08-31T20:15:33.387+00:00,0.629337,2.6032994239994878,sqs-worker-5986dcd897-x8rdl,ip-192-168-20-201.ec2.internal,da4f178e5fe3aa18c00b581e2204985afa362dbda2031702608148c381229833,1,4193.0,6796.0
1,keda-mmpp-505-9b2fabf8,000128,43.031995,2026-08-31T20:15:20.496+00:00,2026-08-31T20:15:16.669+00:00,2026-08-31T20:15:30.889+00:00,2026-08-31T20:15:30.889+00:00,2026-08-31T20:15:33.413+00:00,2026-08-31T20:15:33.413+00:00,1.0,2.5240972619994864,sqs-worker-5986dcd897-gvj67,ip-192-168-20-201.ec2.internal,942377ac8bf9cbc3cc2fea8fbdffbda48282d413c6a7645fbcf6967c44e4bc70,1,14220.0,16744.0
1,keda-mmpp-505-9b2fabf8,000145,47.323154,2026-08-31T20:15:24.787+00:00,2026-08-31T20:15:20.966+00:00,2026-08-31T20:15:31.482+00:00,2026-08-31T20:15:31.482+00:00,2026-08-31T20:15:33.659+00:00,2026-08-31T20:15:33.659+00:00,0.429626,2.1767032069983543,sqs-worker-5986dcd897-zz72b,ip-192-168-20-201.ec2.internal,821420c4968cd5222230fbc73e4c27b84fec67c8ed0f8b1e5e07d1ea12ba8f5e,1,10516.0,12693.0
1,keda-mmpp-505-9b2fabf8,000150,48.059977,2026-08-31T20:15:25.522+00:00,2026-08-31T20:15:21.703+00:00,2026-08-31T20:15:33.466+00:00,2026-08-31T20:15:33.466+00:00,2026-08-31T20:15:33.819+00:00,2026-08-31T20:15:33.819+00:00,0.058379,0.35293973499938147,sqs-worker-5986dcd897-gvj67,ip-192-168-20-201.ec2.internal,5fb0d69663f85920da6f4a6cc48e5d54e81b84f822593cdc050d4317a632ad95,1,11763.0,12116.0
1,keda-mmpp-505-9b2fabf8,000160,50.050653,2026-08-31T20:15:27.513+00:00,2026-08-31T20:15:23.689+00:00,2026-08-31T20:15:33.693+00:00,2026-08-31T20:15:33.693+00:00,2026-08-31T20:15:33.742+00:00,2026-08-31T20:15:33.742+00:00,0.023778,0.04875016200094251,sqs-worker-5986dcd897-zz72b,ip-192-168-20-201.ec2.internal,f773e02fa113c1661b2798f2a8cd6b4de4e933e79a45a98b2c96e6c3f1846c8a,1,10004.0,10053.0
1,keda-mmpp-505-9b2fabf8,000146,47.341086,2026-08-31T20:15:24.805+00:00,2026-08-31T20:15:20.988+00:00,2026-08-31T20:15:33.417+00:00,2026-08-31T20:15:33.417+00:00,2026-08-31T20:15:33.916+00:00,2026-08-31T20:15:33.916+00:00,0.22494,0.4984455269986938,sqs-worker-5986dcd897-x8rdl,ip-192-168-20-201.ec2.internal,0afa0ab62d166f4086e44e7ebc1d095d9cd2eca8731ae191f3bc38f950ec8d62,1,12429.0,12928.0
1,keda-mmpp-505-9b2fabf8,000164,52.110936,2026-08-31T20:15:29.574+00:00,2026-08-31T20:15:25.751+00:00,2026-08-31T20:15:33.764+00:00,2026-08-31T20:15:33.764+00:00,2026-08-31T20:15:34.730+00:00,2026-08-31T20:15:34.730+00:00,0.38413,0.9660378909993597,sqs-worker-5986dcd897-zz72b,ip-192-168-20-201.ec2.internal,a2e2f67bd15aefbee2eacc95f5955948e51268e850a0c3a3007605d90714ad1f,1,8013.0,8979.0
1,keda-mmpp-505-9b2fabf8,000165,52.282139,2026-08-31T20:15:29.745+00:00,2026-08-31T20:15:25.921+00:00,2026-08-31T20:15:33.911+00:00,2026-08-31T20:15:33.911+00:00,2026-08-31T20:15:34.818+00:00,2026-08-31T20:15:34.818+00:00,0.171197,0.9061721709986159,sqs-worker-5986dcd897-gvj67,ip-192-168-20-201.ec2.internal,71c0ea473bb31c1af862679e5f7875d93d2534547784b29291df321e90cdc2dc,1,7990.0,8897.0
1,keda-mmpp-505-9b2fabf8,000170,59.926399,2026-08-31T20:15:37.392+00:00,2026-08-31T20:15:33.576+00:00,2026-08-31T20:15:34.742+00:00,2026-08-31T20:15:34.742+00:00,2026-08-31T20:15:35.060+00:00,2026-08-31T20:15:35.060+00:00,0.138239,0.3171730909998587,sqs-worker-5986dcd897-zz72b,ip-192-168-20-201.ec2.internal,dba580cc8840cb6967c73770630875b4f950d3e5823ff824be01f038067679c0,1,1166.0,1484.0
1,keda-mmpp-505-9b2fabf8,000168,52.851886,2026-08-31T20:15:30.314+00:00,2026-08-31T20:15:26.491+00:00,2026-08-31T20:15:33.933+00:00,2026-08-31T20:15:33.933+00:00,2026-08-31T20:15:35.313+00:00,2026-08-31T20:15:35.313+00:00,0.552028,1.379986543999621,sqs-worker-5986dcd897-x8rdl,ip-192-168-20-201.ec2.internal,537e7b428dc8485769d3e3cfa6093ca34591f0ae88d4d7988bcb672f08df0c46,1,7442.0,8822.0
1,keda-mmpp-505-9b2fabf8,000171,62.741721,2026-08-31T20:15:40.204+00:00,2026-08-31T20:15:36.380+00:00,2026-08-31T20:15:36.386+00:00,2026-08-31T20:15:36.386+00:00,2026-08-31T20:15:36.686+00:00,2026-08-31T20:15:36.686+00:00,0.122997,0.3007071480005834,sqs-worker-5986dcd897-x8rdl,ip-192-168-20-201.ec2.internal,f5b0e4d84a7c1e82027769cb72e1aff4e0e15928313e3191b5e4230f75b1b1a6,1,6.0,306.0
1,keda-mmpp-505-9b2fabf8,000172,67.104816,2026-08-31T20:15:44.568+00:00,2026-08-31T20:15:40.746+00:00,2026-08-31T20:15:40.751+00:00,2026-08-31T20:15:40.751+00:00,2026-08-31T20:15:40.991+00:00,2026-08-31T20:15:40.991+00:00,0.079449,0.23986816100114083,sqs-worker-5986dcd897-x8rdl,ip-192-168-20-201.ec2.internal,d9d2410e66aa95cf7b3420f7cf9d431c4b220f96ef4d7dc58c1975bb1b97a259,1,5.0,245.0
1,keda-mmpp-505-9b2fabf8,000173,71.627577,2026-08-31T20:15:49.092+00:00,2026-08-31T20:15:45.271+00:00,2026-08-31T20:15:45.276+00:00,2026-08-31T20:15:45.276+00:00,2026-08-31T20:15:45.765+00:00,2026-08-31T20:15:45.765+00:00,0.210808,0.4891503819999343,sqs-worker-5986dcd897-zz72b,ip-192-168-20-201.ec2.internal,a2005a5cc02a3d94aff16dea0578c07f5168a278a2055b57f66f373ad69e4303,1,5.0,494.0
1,keda-mmpp-505-9b2fabf8,000174,72.783593,2026-08-31T20:15:50.247+00:00,2026-08-31T20:15:46.422+00:00,2026-08-31T20:15:46.427+00:00,2026-08-31T20:15:46.427+00:00,2026-08-31T20:15:47.555+00:00,2026-08-31T20:15:47.555+00:00,0.467893,1.1276371229996585,sqs-worker-5986dcd897-zz72b,ip-192-168-20-201.ec2.internal,d9871e3056d4e7113c4dd3825eb858bf909666f3e965ef5a7b3f3346387ade1b,1,5.0,1133.0
1,keda-mmpp-505-9b2fabf8,000175,75.858509,2026-08-31T20:15:53.324+00:00,2026-08-31T20:15:49.499+00:00,2026-08-31T20:15:49.503+00:00,2026-08-31T20:15:49.503+00:00,2026-08-31T20:15:50.695+00:00,2026-08-31T20:15:50.695+00:00,0.297625,1.1922711600000184,sqs-worker-5986dcd897-x8rdl,ip-192-168-20-201.ec2.internal,d561732ba8223f09cdf09145a3b683e86ffbde2a2e478e89dc84a1d58e907db1,1,4.0,1196.0
1,keda-mmpp-505-9b2fabf8,000176,76.521492,2026-08-31T20:15:53.984+00:00,2026-08-31T20:15:50.159+00:00,2026-08-31T20:15:50.166+00:00,2026-08-31T20:15:50.166+00:00,2026-08-31T20:15:50.965+00:00,2026-08-31T20:15:50.965+00:00,0.233966,0.7990283090002777,sqs-worker-5986dcd897-zz72b,ip-192-168-20-201.ec2.internal,24365bf5dd879333a26d84a033126cfa4bedbc64954509a88761de0badf3b1e7,1,7.0,806.0
1,keda-mmpp-505-9b2fabf8,000177,78.907059,2026-08-31T20:15:56.370+00:00,2026-08-31T20:15:53.075+00:00,2026-08-31T20:15:53.080+00:00,2026-08-31T20:15:53.080+00:00,2026-08-31T20:15:53.678+00:00,2026-08-31T20:15:53.678+00:00,0.264928,0.5975707409997995,sqs-worker-5986dcd897-zz72b,ip-192-168-20-201.ec2.internal,9cdcadd15a9290463006a3723884a163cf21f0335d0b0bd34e3a0b9fc85fe61a,1,5.0,603.0
1,keda-mmpp-505-9b2fabf8,000178,80.633206,2026-08-31T20:15:58.095+00:00,2026-08-31T20:15:54.286+00:00,2026-08-31T20:15:54.297+00:00,2026-08-31T20:15:54.297+00:00,2026-08-31T20:15:54.467+00:00,2026-08-31T20:15:54.467+00:00,0.09512,0.1697922909988847,sqs-worker-5986dcd897-zz72b,ip-192-168-20-201.ec2.internal,7e3e0334dab89e3a53f0b1e95fc6a045a948baa2b109794537b4cef9786640c2,1,11.0,181.0
1,keda-mmpp-505-9b2fabf8,000179,81.031703,2026-08-31T20:15:58.493+00:00,2026-08-31T20:15:54.671+00:00,2026-08-31T20:15:54.676+00:00,2026-08-31T20:15:54.676+00:00,2026-08-31T20:15:55.303+00:00,2026-08-31T20:15:55.303+00:00,0.26016,0.6272093739989941,sqs-worker-5986dcd897-x8rdl,ip-192-168-20-201.ec2.internal,7e248469e2e89482706e5ab5497309087b74f576392466b14bec57ecf5681cdb,1,5.0,632.0
1,keda-mmpp-505-9b2fabf8,000180,84.22667,2026-08-31T20:16:01.691+00:00,2026-08-31T20:15:57.867+00:00,2026-08-31T20:15:57.871+00:00,2026-08-31T20:15:57.871+00:00,2026-08-31T20:15:57.991+00:00,2026-08-31T20:15:57.991+00:00,0.062191,0.11987391299953742,sqs-worker-5986dcd897-x8rdl,ip-192-168-20-201.ec2.internal,734540287785f665adc32c601c028f9c3081caa25fbb320a98e4099a1b13c21a,1,4.0,124.0
1,keda-mmpp-505-9b2fabf8,000182,88.872421,2026-08-31T20:16:06.334+00:00,2026-08-31T20:16:02.509+00:00,2026-08-31T20:16:02.514+00:00,2026-08-31T20:16:02.514+00:00,2026-08-31T20:16:02.551+00:00,2026-08-31T20:16:02.551+00:00,0.037099,0.03715394000028027,sqs-worker-5986dcd897-zz72b,ip-192-168-20-201.ec2.internal,eaacaa2bde34f5fc322de24f6b9085f37fa28d5e5eb499382166a10026ea44fb,1,5.0,42.0
1,keda-mmpp-505-9b2fabf8,000181,88.397498,2026-08-31T20:16:05.863+00:00,2026-08-31T20:16:02.043+00:00,2026-08-31T20:16:02.048+00:00,2026-08-31T20:16:02.048+00:00,2026-08-31T20:16:02.671+00:00,2026-08-31T20:16:02.671+00:00,0.259828,0.6233325339999283,sqs-worker-5986dcd897-gvj67,ip-192-168-20-201.ec2.internal,25b7998680ef55c2014a1cf28c7b0135c87dd7a60149e3d9123da591827695dd,1,5.0,628.0
1,keda-mmpp-505-9b2fabf8,000184,92.299883,2026-08-31T20:16:09.763+00:00,2026-08-31T20:16:05.938+00:00,2026-08-31T20:16:05.942+00:00,2026-08-31T20:16:05.942+00:00,2026-08-31T20:16:06.128+00:00,2026-08-31T20:16:06.128+00:00,0.089391,0.1856572500000766,sqs-worker-5986dcd897-zz72b,ip-192-168-20-201.ec2.internal,eb2aefd4211056909a3246d5ec2ca720a1da747bc9e4919360bb6e66a062d469,1,4.0,190.0
1,keda-mmpp-505-9b2fabf8,000183,89.773095,2026-08-31T20:16:07.234+00:00,2026-08-31T20:16:03.408+00:00,2026-08-31T20:16:03.413+00:00,2026-08-31T20:16:03.413+00:00,2026-08-31T20:16:06.458+00:00,2026-08-31T20:16:06.458+00:00,0.728026,3.044650380001258,sqs-worker-5986dcd897-gvj67,ip-192-168-20-201.ec2.internal,66e1f4e551a3cb182dd8b305fa908713612043a65f4318df0c5ad79a98faaf43,1,5.0,3050.0
1,keda-mmpp-505-9b2fabf8,000185,92.972319,2026-08-31T20:16:10.434+00:00,2026-08-31T20:16:06.609+00:00,2026-08-31T20:16:06.612+00:00,2026-08-31T20:16:06.612+00:00,2026-08-31T20:16:06.829+00:00,2026-08-31T20:16:06.829+00:00,0.100535,0.2167197729995678,sqs-worker-5986dcd897-zz72b,ip-192-168-20-201.ec2.internal,4d541d0a7da661ca35aa9987165123d932644f854fa90067ad0ccc61216fe6b4,1,3.0,220.0
1,keda-mmpp-505-9b2fabf8,000186,98.178538,2026-08-31T20:16:15.645+00:00,2026-08-31T20:16:11.821+00:00,2026-08-31T20:16:11.825+00:00,2026-08-31T20:16:11.825+00:00,2026-08-31T20:16:12.287+00:00,2026-08-31T20:16:12.287+00:00,0.203228,0.4614536370008864,sqs-worker-5986dcd897-x8rdl,ip-192-168-20-201.ec2.internal,c6a165ebc2fb294d8efda6af5b6c92fce3d39c965fd803fd2322bc679e26b10a,1,4.0,466.0
1,keda-mmpp-505-9b2fabf8,000187,99.832206,2026-08-31T20:16:17.293+00:00,2026-08-31T20:16:13.466+00:00,2026-08-31T20:16:13.471+00:00,2026-08-31T20:16:13.471+00:00,2026-08-31T20:16:13.873+00:00,2026-08-31T20:16:13.873+00:00,0.176733,0.4019985529994301,sqs-worker-5986dcd897-zz72b,ip-192-168-20-201.ec2.internal,51a73c5f3c1aa42a5ffc75db2e5927c882efc6b4250ceeb72b9961bf24c6d2b3,1,5.0,407.0
1,keda-mmpp-505-9b2fabf8,000188,103.323955,2026-08-31T20:16:20.787+00:00,2026-08-31T20:16:16.963+00:00,2026-08-31T20:16:16.967+00:00,2026-08-31T20:16:16.967+00:00,2026-08-31T20:16:17.588+00:00,2026-08-31T20:16:17.588+00:00,0.264413,0.6211841739986994,sqs-worker-5986dcd897-x8rdl,ip-192-168-20-201.ec2.internal,0d0acbbbb3e8e0fa1380d56fcfbc3780416b4e552f2ed23c1f30d0bb9f44445e,1,4.0,625.0
1,keda-mmpp-505-9b2fabf8,000189,105.818281,2026-08-31T20:16:23.282+00:00,2026-08-31T20:16:19.457+00:00,2026-08-31T20:16:19.464+00:00,2026-08-31T20:16:19.464+00:00,2026-08-31T20:16:20.067+00:00,2026-08-31T20:16:20.067+00:00,0.254078,0.602607357001034,sqs-worker-5986dcd897-gvj67,ip-192-168-20-201.ec2.internal,c078ca8193cd6444541042858629f318e47e6dbb1da472b5fe1e7ca421bde1f9,1,7.0,610.0
1,keda-mmpp-505-9b2fabf8,000190,107.432226,2026-08-31T20:16:24.894+00:00,2026-08-31T20:16:21.069+00:00,2026-08-31T20:16:21.073+00:00,2026-08-31T20:16:21.073+00:00,2026-08-31T20:16:21.275+00:00,2026-08-31T20:16:21.275+00:00,0.052422,0.20173278400034178,sqs-worker-5986dcd897-zz72b,ip-192-168-20-201.ec2.internal,1a44ef3a0b5d5a5e042e36712f4dff0ba542491b05560e75f11d5079a3504ae1,1,4.0,206.0
1,keda-mmpp-505-9b2fabf8,000192,109.563763,2026-08-31T20:16:27.025+00:00,2026-08-31T20:16:23.201+00:00,2026-08-31T20:16:23.213+00:00,2026-08-31T20:16:23.213+00:00,2026-08-31T20:16:23.218+00:00,2026-08-31T20:16:23.218+00:00,0.005,0.005039806999775465,sqs-worker-5986dcd897-gvj67,ip-192-168-20-201.ec2.internal,6e2d368fb3cf6bbd2eef8af89798dc80eb4b4672a07a2b293e53395b5d311ff4,1,12.0,17.0
1,keda-mmpp-505-9b2fabf8,000191,108.419787,2026-08-31T20:16:25.880+00:00,2026-08-31T20:16:22.061+00:00,2026-08-31T20:16:22.065+00:00,2026-08-31T20:16:22.065+00:00,2026-08-31T20:16:23.272+00:00,2026-08-31T20:16:23.272+00:00,0.497538,1.2072395060004055,sqs-worker-5986dcd897-zz72b,ip-192-168-20-201.ec2.internal,1c49c353adc4f5a41b4760fca854b5ae2daa2b17c5f97b58f05da8acb7d31512,1,4.0,1211.0
1,keda-mmpp-505-9b2fabf8,000193,115.39305,2026-08-31T20:16:32.858+00:00,2026-08-31T20:16:29.037+00:00,2026-08-31T20:16:29.040+00:00,2026-08-31T20:16:29.040+00:00,2026-08-31T20:16:29.120+00:00,2026-08-31T20:16:29.120+00:00,0.04929,0.08005354700071621,sqs-worker-5986dcd897-gvj67,ip-192-168-20-201.ec2.internal,9275d62c6b1444045b73203ef573d6c9086024b90b52c623a7a13d118a284dc4,1,3.0,83.0
1,keda-mmpp-505-9b2fabf8,000195,117.578254,2026-08-31T20:16:35.038+00:00,2026-08-31T20:16:31.216+00:00,2026-08-31T20:16:31.227+00:00,2026-08-31T20:16:31.227+00:00,2026-08-31T20:16:31.265+00:00,2026-08-31T20:16:31.265+00:00,0.01195,0.03813962700041884,sqs-worker-5986dcd897-zz72b,ip-192-168-20-201.ec2.internal,4bb2ed0f2c9fa0451f105a8eaf5845a57bf7a32065cc2dad782582752da2aa84,1,11.0,49.0
1,keda-mmpp-505-9b2fabf8,000194,117.555538,2026-08-31T20:16:35.017+00:00,2026-08-31T20:16:31.197+00:00,2026-08-31T20:16:31.212+00:00,2026-08-31T20:16:31.212+00:00,2026-08-31T20:16:31.322+00:00,2026-08-31T20:16:31.322+00:00,0.079011,0.11010926900053164,sqs-worker-5986dcd897-x8rdl,ip-192-168-20-201.ec2.internal,27a471fca2bbdc257668d23221cfcfa8802f7d2227912415bfcb617a029b9a99,1,15.0,125.0
1,keda-mmpp-505-9b2fabf8,000197,117.962655,2026-08-31T20:16:35.422+00:00,2026-08-31T20:16:31.597+00:00,2026-08-31T20:16:31.601+00:00,2026-08-31T20:16:31.601+00:00,2026-08-31T20:16:31.736+00:00,2026-08-31T20:16:31.736+00:00,0.07513,0.1354356709998683,sqs-worker-5986dcd897-gvj67,ip-192-168-20-201.ec2.internal,c3eb7287bfe6fb751c8397dc802d2654c2d6f7f726647b1b87dbfc70b0a088c9,1,4.0,139.0
1,keda-mmpp-505-9b2fabf8,000198,118.155807,2026-08-31T20:16:35.616+00:00,2026-08-31T20:16:31.800+00:00,2026-08-31T20:16:31.804+00:00,2026-08-31T20:16:31.804+00:00,2026-08-31T20:16:31.941+00:00,2026-08-31T20:16:31.941+00:00,0.080493,0.13690864199998032,sqs-worker-5986dcd897-gvj67,ip-192-168-20-201.ec2.internal,362023041fa5573c9b188cc6b18bb6f30c5050b1662a23599b54c24c6a93ff54,1,4.0,141.0
1,keda-mmpp-505-9b2fabf8,000200,118.329222,2026-08-31T20:16:35.789+00:00,2026-08-31T20:16:31.964+00:00,2026-08-31T20:16:32.005+00:00,2026-08-31T20:16:32.005+00:00,2026-08-31T20:16:32.229+00:00,2026-08-31T20:16:32.229+00:00,0.103467,0.22493868300080067,sqs-worker-5986dcd897-gvj67,ip-192-168-20-201.ec2.internal,29a26619eb7320a432c1f4e49e6ad2ab62060419835e43d6f3b9e3326702fedc,1,41.0,265.0
1,keda-mmpp-505-9b2fabf8,000196,117.732911,2026-08-31T20:16:35.193+00:00,2026-08-31T20:16:31.368+00:00,2026-08-31T20:16:31.371+00:00,2026-08-31T20:16:31.371+00:00,2026-08-31T20:16:31.819+00:00,2026-08-31T20:16:31.819+00:00,0.080867,0.4474679119994107,sqs-worker-5986dcd897-zz72b,ip-192-168-20-201.ec2.internal,a699fd017dd9855709e2e7441e27e57184d7d937269c46eea4f78c9464dfed04,1,3.0,451.0
1,keda-mmpp-505-9b2fabf8,000199,118.21206,2026-08-31T20:16:35.672+00:00,2026-08-31T20:16:31.847+00:00,2026-08-31T20:16:31.851+00:00,2026-08-31T20:16:31.851+00:00,2026-08-31T20:16:32.101+00:00,2026-08-31T20:16:32.101+00:00,0.123897,0.2496842429991375,sqs-worker-5986dcd897-x8rdl,ip-192-168-20-201.ec2.internal,99e7170d64c5c2d4f58614e75c1aab3afae56a2d69618db8f203d86cf43815f4,1,4.0,254.0
1,keda-mmpp-505-9b2fabf8,000201,123.546922,2026-08-31T20:16:41.012+00:00,2026-08-31T20:16:37.185+00:00,2026-08-31T20:16:37.191+00:00,2026-08-31T20:16:37.191+00:00,2026-08-31T20:16:37.196+00:00,2026-08-31T20:16:37.196+00:00,0.005,0.005038511000748258,sqs-worker-5986dcd897-x8rdl,ip-192-168-20-201.ec2.internal,6fd94e5a01d41599bef3016104a27df568b6007233a478ebacf6ed9691bb1fa3,1,6.0,11.0
1,keda-mmpp-505-9b2fabf8,000202,124.950476,2026-08-31T20:16:42.412+00:00,2026-08-31T20:16:38.590+00:00,2026-08-31T20:16:38.596+00:00,2026-08-31T20:16:38.596+00:00,2026-08-31T20:16:39.025+00:00,2026-08-31T20:16:39.026+00:00,0.189843,0.429707593000785,sqs-worker-5986dcd897-gvj67,ip-192-168-20-201.ec2.internal,1a6e478a9f67d760e7d07da793f4f0f7fdd03b0c5adc4e9b76eb9554c576b4ad,1,6.0,435.0
1,keda-mmpp-505-9b2fabf8,000203,126.350818,2026-08-31T20:16:43.812+00:00,2026-08-31T20:16:39.989+00:00,2026-08-31T20:16:39.993+00:00,2026-08-31T20:16:39.993+00:00,2026-08-31T20:16:40.812+00:00,2026-08-31T20:16:40.812+00:00,0.341657,0.8195471400013048,sqs-worker-5986dcd897-gvj67,ip-192-168-20-201.ec2.internal,0f3cd35cda34907ea353550168611b52bfdbcc10764e5707a0c70ad892f62a1e,1,4.0,823.0
1,keda-mmpp-505-9b2fabf8,000207,127.065097,2026-08-31T20:16:44.525+00:00,2026-08-31T20:16:40.699+00:00,2026-08-31T20:16:40.828+00:00,2026-08-31T20:16:40.828+00:00,2026-08-31T20:16:40.833+00:00,2026-08-31T20:16:40.833+00:00,0.005,0.005032028000641731,sqs-worker-5986dcd897-gvj67,ip-192-168-20-201.ec2.internal,4a12467295c3c6ccf6ee12fe699515a2308c3cd9cad638bae3d4a9ab9c3c8564,1,129.0,134.0
1,keda-mmpp-505-9b2fabf8,000204,126.393392,2026-08-31T20:16:43.853+00:00,2026-08-31T20:16:40.027+00:00,2026-08-31T20:16:40.085+00:00,2026-08-31T20:16:40.085+00:00,2026-08-31T20:16:41.292+00:00,2026-08-31T20:16:41.292+00:00,0.233412,1.2071415030004573,sqs-worker-5986dcd897-x8rdl,ip-192-168-20-201.ec2.internal,54dd048d03b3704a3708805c2a9c8440e99e53d5c2a031f1e876e8f7b8ad9835,1,58.0,1265.0
1,keda-mmpp-505-9b2fabf8,000205,126.509812,2026-08-31T20:16:43.970+00:00,2026-08-31T20:16:40.150+00:00,2026-08-31T20:16:40.856+00:00,2026-08-31T20:16:40.856+00:00,2026-08-31T20:16:40.962+00:00,2026-08-31T20:16:40.962+00:00,0.050664,0.10630344599849195,sqs-worker-5986dcd897-gvj67,ip-192-168-20-201.ec2.internal,59483203808f396d34f9d11b5efcc4105624b223eb7e4dc5e4469d5d4f33e182,1,706.0,812.0
1,keda-mmpp-505-9b2fabf8,000206,126.782248,2026-08-31T20:16:44.242+00:00,2026-08-31T20:16:40.419+00:00,2026-08-31T20:16:40.986+00:00,2026-08-31T20:16:40.986+00:00,2026-08-31T20:16:41.830+00:00,2026-08-31T20:16:41.830+00:00,0.34983,0.843883988000016,sqs-worker-5986dcd897-gvj67,ip-192-168-20-201.ec2.internal,24c144edc72574c997be10b4b58dc6a24bd7ed79809fa96bb1b20088b990dbe1,1,567.0,1411.0
1,keda-mmpp-505-9b2fabf8,000209,127.156357,2026-08-31T20:16:44.616+00:00,2026-08-31T20:16:41.300+00:00,2026-08-31T20:16:41.384+00:00,2026-08-31T20:16:41.384+00:00,2026-08-31T20:16:42.445+00:00,2026-08-31T20:16:42.445+00:00,0.328002,1.0609651550003036,sqs-worker-5986dcd897-x8rdl,ip-192-168-20-201.ec2.internal,381fd5df73e288d4cec5ec7405dfe0797596bf0c51f3b9544e639fea5aefc7c7,1,84.0,1145.0
1,keda-mmpp-505-9b2fabf8,000210,127.272293,2026-08-31T20:16:44.732+00:00,2026-08-31T20:16:40.907+00:00,2026-08-31T20:16:42.730+00:00,2026-08-31T20:16:42.730+00:00,2026-08-31T20:16:42.735+00:00,2026-08-31T20:16:42.735+00:00,0.005,0.005039260000557988,sqs-worker-5986dcd897-gvj67,ip-192-168-20-201.ec2.internal,fc9b3e1b19f929824c61861d670d9db96c76ebf17cec76b5845ca0da87a8a7cd,1,1823.0,1828.0
1,keda-mmpp-505-9b2fabf8,000214,128.554972,2026-08-31T20:16:46.015+00:00,2026-08-31T20:16:42.197+00:00,2026-08-31T20:16:42.463+00:00,2026-08-31T20:16:42.463+00:00,2026-08-31T20:16:42.697+00:00,2026-08-31T20:16:42.697+00:00,0.118116,0.23414267400039535,sqs-worker-5986dcd897-x8rdl,ip-192-168-20-201.ec2.internal,2e11b461650c7295a1634b381c5b8adb89b3fb094b695a7d613d4de1d395f708,1,266.0,500.0
1,keda-mmpp-505-9b2fabf8,000208,127.124378,2026-08-31T20:16:44.584+00:00,2026-08-31T20:16:40.757+00:00,2026-08-31T20:16:41.872+00:00,2026-08-31T20:16:41.872+00:00,2026-08-31T20:16:42.716+00:00,2026-08-31T20:16:42.716+00:00,0.345098,0.8444518689993856,sqs-worker-5986dcd897-gvj67,ip-192-168-20-201.ec2.internal,ce92ddfbca91e11b8c7d71d4db5115a0b03e74b74d4d6a2218604f55c51dc320,1,1115.0,1959.0
1,keda-mmpp-505-9b2fabf8,000215,128.71204,2026-08-31T20:16:46.172+00:00,2026-08-31T20:16:42.346+00:00,2026-08-31T20:16:42.718+00:00,2026-08-31T20:16:42.718+00:00,2026-08-31T20:16:42.799+00:00,2026-08-31T20:16:42.799+00:00,0.037775,0.08077209600014612,sqs-worker-5986dcd897-x8rdl,ip-192-168-20-201.ec2.internal,4af195101759ccdf66db82e36c50f75699e389a7ccf74468b920623d73645d43,1,372.0,453.0
1,keda-mmpp-505-9b2fabf8,000216,128.79822,2026-08-31T20:16:46.258+00:00,2026-08-31T20:16:42.437+00:00,2026-08-31T20:16:42.752+00:00,2026-08-31T20:16:42.752+00:00,2026-08-31T20:16:43.523+00:00,2026-08-31T20:16:43.523+00:00,0.266825,0.771034884999608,sqs-worker-5986dcd897-gvj67,ip-192-168-20-201.ec2.internal,d88bdee716fd8167e94e9a8e5c778a32a77cdb05dac9bd97a31c57c865e06b20,1,315.0,1086.0
1,keda-mmpp-505-9b2fabf8,000218,129.251898,2026-08-31T20:16:46.712+00:00,2026-08-31T20:16:42.892+00:00,2026-08-31T20:16:43.942+00:00,2026-08-31T20:16:43.942+00:00,2026-08-31T20:16:43.985+00:00,2026-08-31T20:16:43.985+00:00,0.005,0.04258422500060988,sqs-worker-5986dcd897-x8rdl,ip-192-168-20-201.ec2.internal,fe90e55498e39192d8c043d9657194770e697b55080e56b327ae9de88312350f,1,1050.0,1093.0
1,keda-mmpp-505-9b2fabf8,000213,128.231842,2026-08-31T20:16:45.692+00:00,2026-08-31T20:16:41.866+00:00,2026-08-31T20:16:42.815+00:00,2026-08-31T20:16:42.816+00:00,2026-08-31T20:16:43.614+00:00,2026-08-31T20:16:43.614+00:00,0.331028,0.7985067989993695,sqs-worker-5986dcd897-x8rdl,ip-192-168-20-201.ec2.internal,827e6720cd76907e577c1792274c5eecb6ba171cc74b1415f0b082dbb7729b11,1,949.0,1748.0
1,keda-mmpp-505-9b2fabf8,000212,128.076404,2026-08-31T20:16:45.536+00:00,2026-08-31T20:16:41.710+00:00,2026-08-31T20:16:43.561+00:00,2026-08-31T20:16:43.561+00:00,2026-08-31T20:16:44.214+00:00,2026-08-31T20:16:44.214+00:00,0.117835,0.6533961309996812,sqs-worker-5986dcd897-gvj67,ip-192-168-20-201.ec2.internal,870427585870ff31926d201e745b42b35c751091a7211af0d37245ba1cc26552,1,1851.0,2504.0
1,keda-mmpp-505-9b2fabf8,000222,130.477944,2026-08-31T20:16:47.938+00:00,2026-08-31T20:16:44.114+00:00,2026-08-31T20:16:44.526+00:00,2026-08-31T20:16:44.526+00:00,2026-08-31T20:16:44.589+00:00,2026-08-31T20:16:44.589+00:00,0.023895,0.062430137000774266,sqs-worker-5986dcd897-x8rdl,ip-192-168-20-201.ec2.internal,e8cd8596c260a689076b55099a19a3f5a7a0d6efc5f1929a3fbc1bc7be81e6bf,1,412.0,475.0
1,keda-mmpp-505-9b2fabf8,000221,130.137043,2026-08-31T20:16:47.597+00:00,2026-08-31T20:16:43.785+00:00,2026-08-31T20:16:44.616+00:00,2026-08-31T20:16:44.616+00:00,2026-08-31T20:16:45.096+00:00,2026-08-31T20:16:45.096+00:00,0.202764,0.4793716280000808,sqs-worker-5986dcd897-x8rdl,ip-192-168-20-201.ec2.internal,18da96e4b31672035cfbdb2a4812da791d3d73e07334e4c80c8039b8084b3ef4,1,831.0,1311.0
1,keda-mmpp-505-9b2fabf8,000224,131.004387,2026-08-31T20:16:48.464+00:00,2026-08-31T20:16:44.641+00:00,2026-08-31T20:16:45.131+00:00,2026-08-31T20:16:45.131+00:00,2026-08-31T20:16:45.184+00:00,2026-08-31T20:16:45.184+00:00,0.024605,0.053116771998247714,sqs-worker-5986dcd897-x8rdl,ip-192-168-20-201.ec2.internal,c0cfeadc34c5f6d9656c00f995c1adf92e1381115eca43f20fee31d5d26f3c0a,1,490.0,543.0
1,keda-mmpp-505-9b2fabf8,000225,131.111248,2026-08-31T20:16:48.571+00:00,2026-08-31T20:16:44.750+00:00,2026-08-31T20:16:45.201+00:00,2026-08-31T20:16:45.201+00:00,2026-08-31T20:16:45.812+00:00,2026-08-31T20:16:45.812+00:00,0.263648,0.6116561409999122,sqs-worker-5986dcd897-x8rdl,ip-192-168-20-201.ec2.internal,ed9cadf6fdee604b08ecc3ce73a8ee3aed2f101b7ad2035f7a7d69b0753aebc3,1,451.0,1062.0
1,keda-mmpp-505-9b2fabf8,000211,128.060513,2026-08-31T20:16:45.521+00:00,2026-08-31T20:16:41.700+00:00,2026-08-31T20:16:44.971+00:00,2026-08-31T20:16:44.971+00:00,2026-08-31T20:16:45.256+00:00,2026-08-31T20:16:45.256+00:00,0.061917,0.2853215769991948,sqs-worker-5986dcd897-gvj67,ip-192-168-20-201.ec2.internal,4e3d5845b4c2b01aaac3e63e10ae5707ea77c4aa826ac1a62c62c8ca44affd56,1,3271.0,3556.0
1,keda-mmpp-505-9b2fabf8,000217,129.049732,2026-08-31T20:16:46.510+00:00,2026-08-31T20:16:42.686+00:00,2026-08-31T20:16:43.693+00:00,2026-08-31T20:16:43.693+00:00,2026-08-31T20:16:43.915+00:00,2026-08-31T20:16:43.915+00:00,0.109331,0.22178339899983257,sqs-worker-5986dcd897-x8rdl,ip-192-168-20-201.ec2.internal,a762c9e7ec8462db56c89686431f98d4eba56f183349122a7f6575a5a4cb5e82,1,1006.9999999999999,1229.0
1,keda-mmpp-505-9b2fabf8,000219,129.600807,2026-08-31T20:16:47.061+00:00,2026-08-31T20:16:43.243+00:00,2026-08-31T20:16:44.010+00:00,2026-08-31T20:16:44.010+00:00,2026-08-31T20:16:44.506+00:00,2026-08-31T20:16:44.506+00:00,0.21748,0.49595439699987764,sqs-worker-5986dcd897-x8rdl,ip-192-168-20-201.ec2.internal,68e9a063c384b3716c97709e7e8bf11118c92ba20fa0cdb8e514528d9bec09df,1,767.0,1263.0
1,keda-mmpp-505-9b2fabf8,000220,129.860773,2026-08-31T20:16:47.321+00:00,2026-08-31T20:16:43.498+00:00,2026-08-31T20:16:44.253+00:00,2026-08-31T20:16:44.253+00:00,2026-08-31T20:16:44.714+00:00,2026-08-31T20:16:44.714+00:00,0.085334,0.4609820249988843,sqs-worker-5986dcd897-gvj67,ip-192-168-20-201.ec2.internal,b84b4a90c12e07b39b6825f643db3e452532aed582a7406c6ba78594569198da,1,755.0,1216.0
1,keda-mmpp-505-9b2fabf8,000223,130.931081,2026-08-31T20:16:48.391+00:00,2026-08-31T20:16:44.623+00:00,2026-08-31T20:16:44.762+00:00,2026-08-31T20:16:44.762+00:00,2026-08-31T20:16:44.914+00:00,2026-08-31T20:16:44.914+00:00,0.034069,0.15220874099941284,sqs-worker-5986dcd897-gvj67,ip-192-168-20-201.ec2.internal,e97a91e2aba329f59f43ce52ffac9d718a73b2a1cc43311e6279904a2fd058b3,1,139.0,291.0
1,keda-mmpp-505-9b2fabf8,000229,131.722346,2026-08-31T20:16:49.182+00:00,2026-08-31T20:16:45.364+00:00,2026-08-31T20:16:45.883+00:00,2026-08-31T20:16:45.883+00:00,2026-08-31T20:16:45.903+00:00,2026-08-31T20:16:45.903+00:00,0.019869,0.019962624999607215,sqs-worker-5986dcd897-x8rdl,ip-192-168-20-201.ec2.internal,d31fc04f380d1f026a4ac9c2337114f82f8d5ab42313305fd917298e3223525f,1,519.0,539.0
1,keda-mmpp-505-9b2fabf8,000227,131.416553,2026-08-31T20:16:48.876+00:00,2026-08-31T20:16:45.054+00:00,2026-08-31T20:16:45.657+00:00,2026-08-31T20:16:45.657+00:00,2026-08-31T20:16:46.836+00:00,2026-08-31T20:16:46.853+00:00,0.380448,1.1955562429993734,sqs-worker-5986dcd897-gvj67,ip-192-168-20-201.ec2.internal,5eed8ef2cbab1099d97e036f30693e4283ae60bc77fe09fb0e4f5cef041b43e4,1,603.0,1782.0
1,keda-mmpp-505-9b2fabf8,000230,132.137427,2026-08-31T20:16:49.597+00:00,2026-08-31T20:16:45.773+00:00,2026-08-31T20:16:46.196+00:00,2026-08-31T20:16:46.196+00:00,2026-08-31T20:16:46.894+00:00,2026-08-31T20:16:46.894+00:00,0.296722,0.6979069469998649,sqs-worker-5986dcd897-x8rdl,ip-192-168-20-201.ec2.internal,67a8f95a5ec6633117ec1399ff297d291cb6630dde4588f6cc721f905f9cb981,1,423.0,1121.0
1,keda-mmpp-505-9b2fabf8,000231,134.256853,2026-08-31T20:16:51.718+00:00,2026-08-31T20:16:47.895+00:00,2026-08-31T20:16:47.900+00:00,2026-08-31T20:16:47.900+00:00,2026-08-31T20:16:48.084+00:00,2026-08-31T20:16:48.084+00:00,0.081127,0.18406508199950622,sqs-worker-5986dcd897-x8rdl,ip-192-168-20-201.ec2.internal,02dc91942750166f496e4a3b36185a0ab20c72891b0d51ec3de988c493c75046,1,5.0,189.0
1,keda-mmpp-505-9b2fabf8,000226,131.265557,2026-08-31T20:16:48.725+00:00,2026-08-31T20:16:44.898+00:00,2026-08-31T20:16:45.311+00:00,2026-08-31T20:16:45.312+00:00,2026-08-31T20:16:45.561+00:00,2026-08-31T20:16:45.561+00:00,0.061515,0.249390148999737,sqs-worker-5986dcd897-gvj67,ip-192-168-20-201.ec2.internal,2fe6ab298ab1bc581d21861000e4f8ad8d990a3f04123a99d1f780a44366678c,1,413.0,663.0
1,keda-mmpp-505-9b2fabf8,000228,131.688006,2026-08-31T20:16:49.148+00:00,2026-08-31T20:16:45.327+00:00,2026-08-31T20:16:45.920+00:00,2026-08-31T20:16:45.920+00:00,2026-08-31T20:16:46.112+00:00,2026-08-31T20:16:46.112+00:00,0.091015,0.19216792800034455,sqs-worker-5986dcd897-x8rdl,ip-192-168-20-201.ec2.internal,7422e948e46316809c805a1227af9952efbe8ab3d52325e8450003d24bef8f9b,1,593.0,785.0
1,keda-mmpp-505-9b2fabf8,000234,135.496807,2026-08-31T20:16:52.957+00:00,2026-08-31T20:16:49.128+00:00,2026-08-31T20:16:49.133+00:00,2026-08-31T20:16:49.133+00:00,2026-08-31T20:16:49.141+00:00,2026-08-31T20:16:49.141+00:00,0.00827,0.008318094000060228,sqs-worker-5986dcd897-x8rdl,ip-192-168-20-201.ec2.internal,9123ddae0b2af6123e49d06278b4717f314a417c4b77a4f2f75dd6a5fe10a6ad,1,5.0,13.0
1,keda-mmpp-505-9b2fabf8,000235,135.597584,2026-08-31T20:16:53.057+00:00,2026-08-31T20:16:49.235+00:00,2026-08-31T20:16:49.240+00:00,2026-08-31T20:16:49.240+00:00,2026-08-31T20:16:49.275+00:00,2026-08-31T20:16:49.275+00:00,0.034414,0.03445248000025458,sqs-worker-5986dcd897-gvj67,ip-192-168-20-201.ec2.internal,40a41fb06333572e96ccff4e9ceb2a9fbc8d865ddfe8f5cf20489e03eb2d8829,1,5.0,40.0
1,keda-mmpp-505-9b2fabf8,000236,135.730902,2026-08-31T20:16:53.191+00:00,2026-08-31T20:16:49.375+00:00,2026-08-31T20:16:49.378+00:00,2026-08-31T20:16:49.378+00:00,2026-08-31T20:16:49.622+00:00,2026-08-31T20:16:49.622+00:00,0.125583,0.2744557629994233,sqs-worker-5986dcd897-gvj67,ip-192-168-20-201.ec2.internal,e5d71e6f78ef54df10dc91bf6d72ea4e31843705208d4102b4dded58f718e7bd,1,3.0,247.0
1,keda-mmpp-505-9b2fabf8,000232,135.210373,2026-08-31T20:16:52.671+00:00,2026-08-31T20:16:48.848+00:00,2026-08-31T20:16:48.851+00:00,2026-08-31T20:16:48.851+00:00,2026-08-31T20:16:49.156+00:00,2026-08-31T20:16:49.156+00:00,0.123878,0.30472965800072416,sqs-worker-5986dcd897-gvj67,ip-192-168-20-201.ec2.internal,2c81d9c49765885a6907a7378f97fc1e48eed9667eb28d9b9a18ee34d988f2b3,1,3.0,308.0
1,keda-mmpp-505-9b2fabf8,000240,136.673039,2026-08-31T20:16:54.133+00:00,2026-08-31T20:16:50.308+00:00,2026-08-31T20:16:50.442+00:00,2026-08-31T20:16:50.442+00:00,2026-08-31T20:16:50.612+00:00,2026-08-31T20:16:50.612+00:00,0.076809,0.16994688299928384,sqs-worker-5986dcd897-gvj67,ip-192-168-20-201.ec2.internal,ce9de3e3f4f017c1b0583f7746bbccc7ac167163f86c1a1f57479d32593d94c8,1,134.0,304.0
1,keda-mmpp-505-9b2fabf8,000239,136.560382,2026-08-31T20:16:54.020+00:00,2026-08-31T20:16:50.193+00:00,2026-08-31T20:16:50.624+00:00,2026-08-31T20:16:50.625+00:00,2026-08-31T20:16:50.820+00:00,2026-08-31T20:16:50.820+00:00,0.083483,0.1958593439994729,sqs-worker-5986dcd897-gvj67,ip-192-168-20-201.ec2.internal,230706c5609cd73afbd1a5ca7ea324b941287c3a0f972a70adc9e6f15a819e34,1,431.0,627.0
1,keda-mmpp-505-9b2fabf8,000244,137.04362,2026-08-31T20:16:54.503+00:00,2026-08-31T20:16:50.678+00:00,2026-08-31T20:16:50.840+00:00,2026-08-31T20:16:50.840+00:00,2026-08-31T20:16:50.921+00:00,2026-08-31T20:16:50.921+00:00,0.036574,0.08060259400008363,sqs-worker-5986dcd897-gvj67,ip-192-168-20-201.ec2.internal,77873d321579f53b6cacdf11d2e65e14650e7f08986cb41e72d9a44383475b6e,1,162.0,243.0
1,keda-mmpp-505-9b2fabf8,000237,135.955179,2026-08-31T20:16:53.415+00:00,2026-08-31T20:16:49.593+00:00,2026-08-31T20:16:49.597+00:00,2026-08-31T20:16:49.597+00:00,2026-08-31T20:16:51.197+00:00,2026-08-31T20:16:51.197+00:00,0.360456,1.6002013599991187,sqs-worker-5986dcd897-x8rdl,ip-192-168-20-201.ec2.internal,ee5af02255040cb44dfed8a3a5e276e8b1f3a47f99a554950239614ed6436929,1,4.0,1604.0
1,keda-mmpp-505-9b2fabf8,000233,135.238003,2026-08-31T20:16:52.698+00:00,2026-08-31T20:16:48.870+00:00,2026-08-31T20:16:48.875+00:00,2026-08-31T20:16:48.875+00:00,2026-08-31T20:16:49.003+00:00,2026-08-31T20:16:49.003+00:00,0.069397,0.12852322999970056,sqs-worker-5986dcd897-x8rdl,ip-192-168-20-201.ec2.internal,879b76cc975026e0497d60a831df3943ccdeace068b97a0ce887c785f289fbf2,1,5.0,133.0
1,keda-mmpp-505-9b2fabf8,000238,136.280069,2026-08-31T20:16:53.740+00:00,2026-08-31T20:16:49.913+00:00,2026-08-31T20:16:49.916+00:00,2026-08-31T20:16:49.916+00:00,2026-08-31T20:16:50.358+00:00,2026-08-31T20:16:50.358+00:00,0.200019,0.4421561989984184,sqs-worker-5986dcd897-gvj67,ip-192-168-20-201.ec2.internal,bbf339434f72dcdc428be2e3c45795b81aab585ca63c11f7d60dfe3d4219e360,1,3.0,445.0
1,keda-mmpp-505-9b2fabf8,000241,136.76742,2026-08-31T20:16:54.227+00:00,2026-08-31T20:16:50.400+00:00,2026-08-31T20:16:50.983+00:00,2026-08-31T20:16:50.983+00:00,2026-08-31T20:16:51.353+00:00,2026-08-31T20:16:51.353+00:00,0.15446,0.37007414599975164,sqs-worker-5986dcd897-gvj67,ip-192-168-20-201.ec2.internal,9f1f946acd4d1f5d80de92a0b97559d7fd9434a53a5d62b8ac6070fecf39d154,1,583.0,953.0
1,keda-mmpp-505-9b2fabf8,000246,137.920192,2026-08-31T20:16:55.379+00:00,2026-08-31T20:16:51.554+00:00,2026-08-31T20:16:51.733+00:00,2026-08-31T20:16:51.733+00:00,2026-08-31T20:16:52.235+00:00,2026-08-31T20:16:52.235+00:00,0.219598,0.5027988080000796,sqs-worker-5986dcd897-gvj67,ip-192-168-20-201.ec2.internal,8aee2d65389eb92271dffd96c363114f8a0ba2158606b8c14b7366779793c65f,1,179.0,681.0
1,keda-mmpp-505-9b2fabf8,000247,138.025592,2026-08-31T20:16:55.484+00:00,2026-08-31T20:16:51.663+00:00,2026-08-31T20:16:52.279+00:00,2026-08-31T20:16:52.279+00:00,2026-08-31T20:16:52.728+00:00,2026-08-31T20:16:52.728+00:00,0.187663,0.449311979000413,sqs-worker-5986dcd897-gvj67,ip-192-168-20-201.ec2.internal,c5ac2be371b82ee509ef9ed8c7f87a708e58a3829a35c16107e140773a0689f1,1,616.0,1065.0
1,keda-mmpp-505-9b2fabf8,000249,138.324048,2026-08-31T20:16:55.783+00:00,2026-08-31T20:16:51.961+00:00,2026-08-31T20:16:52.089+00:00,2026-08-31T20:16:52.089+00:00,2026-08-31T20:16:53.085+00:00,2026-08-31T20:16:53.085+00:00,0.249352,0.9964351349990466,sqs-worker-5986dcd897-x8rdl,ip-192-168-20-201.ec2.internal,019783606df2f0370c49b412e5aa7ecc52dc9c63eeff356dd05eba5c6c0a8846,1,128.0,1124.0
1,keda-mmpp-505-9b2fabf8,000243,136.980454,2026-08-31T20:16:54.440+00:00,2026-08-31T20:16:50.613+00:00,2026-08-31T20:16:51.386+00:00,2026-08-31T20:16:51.386+00:00,2026-08-31T20:16:51.712+00:00,2026-08-31T20:16:51.712+00:00,0.136331,0.325571134000711,sqs-worker-5986dcd897-gvj67,ip-192-168-20-201.ec2.internal,d9b1226ee0263da86c1362f05e78078f6d24514bafcb12f11207dc618fa8c8fd,1,773.0,1099.0
1,keda-mmpp-505-9b2fabf8,000242,136.775704,2026-08-31T20:16:54.235+00:00,2026-08-31T20:16:50.409+00:00,2026-08-31T20:16:51.294+00:00,2026-08-31T20:16:51.294+00:00,2026-08-31T20:16:51.995+00:00,2026-08-31T20:16:51.995+00:00,0.155176,0.7015438299986272,sqs-worker-5986dcd897-x8rdl,ip-192-168-20-201.ec2.internal,db9369bab9af235e71d0e85880684123e00beea13552e8e3aa082cf94c9627c9,1,885.0,1586.0
1,keda-mmpp-505-9b2fabf8,000250,138.647478,2026-08-31T20:16:56.106+00:00,2026-08-31T20:16:52.283+00:00,2026-08-31T20:16:52.773+00:00,2026-08-31T20:16:52.773+00:00,2026-08-31T20:16:53.964+00:00,2026-08-31T20:16:53.964+00:00,0.347198,1.1916164810008922,sqs-worker-5986dcd897-gvj67,ip-192-168-20-201.ec2.internal,b4ac0a25c39b8e88b1222ec6c9fe3ab76c62a0bbc68a72b9ba3d51457598fdea,1,490.0,1681.0
1,keda-mmpp-505-9b2fabf8,000245,137.211107,2026-08-31T20:16:54.671+00:00,2026-08-31T20:16:50.843+00:00,2026-08-31T20:16:53.139+00:00,2026-08-31T20:16:53.139+00:00,2026-08-31T20:16:55.301+00:00,2026-08-31T20:16:55.301+00:00,0.884864,2.16128353699969,sqs-worker-5986dcd897-x8rdl,ip-192-168-20-201.ec2.internal,7de4991c03eb55e9e44494e5b8e2a9a27fb6806e81f599e5543760515a4b1e77,1,2296.0,4458.0
1,keda-mmpp-505-9b2fabf8,000248,138.030815,2026-08-31T20:16:55.489+00:00,2026-08-31T20:16:51.672+00:00,2026-08-31T20:16:55.315+00:00,2026-08-31T20:16:55.315+00:00,2026-08-31T20:16:55.414+00:00,2026-08-31T20:16:55.414+00:00,0.048569,0.09910165799919923,sqs-worker-5986dcd897-x8rdl,ip-192-168-20-201.ec2.internal,79f1b94dd33f13bd0ac8cfe8a124aad50bba7afa817f6aa6394467a14cc08827,1,3643.0,3742.0
1,keda-mmpp-505-9b2fabf8,000253,140.364983,2026-08-31T20:16:57.824+00:00,2026-08-31T20:16:54.016+00:00,2026-08-31T20:16:54.022+00:00,2026-08-31T20:16:54.022+00:00,2026-08-31T20:16:55.759+00:00,2026-08-31T20:16:55.759+00:00,0.333433,1.7375546760013094,sqs-worker-5986dcd897-gvj67,ip-192-168-20-201.ec2.internal,fa04f25bc3dbab177b0ef4042b9b03af60ab0a6dcb657920a35fd62cbcffeddf,1,6.0,1743.0
1,keda-mmpp-505-9b2fabf8,000255,140.423528,2026-08-31T20:16:57.882+00:00,2026-08-31T20:16:54.071+00:00,2026-08-31T20:16:55.433+00:00,2026-08-31T20:16:55.433+00:00,2026-08-31T20:16:55.797+00:00,2026-08-31T20:16:55.797+00:00,0.14058,0.36394271300014225,sqs-worker-5986dcd897-x8rdl,ip-192-168-20-201.ec2.internal,c567274c1d0df970d413ad1e14b159c295af32436e9abf996063c17e85857f85,1,1362.0,1726.0
1,keda-mmpp-505-9b2fabf8,000251,139.054501,2026-08-31T20:16:56.513+00:00,2026-08-31T20:16:52.691+00:00,2026-08-31T20:16:55.830+00:00,2026-08-31T20:16:55.831+00:00,2026-08-31T20:16:56.684+00:00,2026-08-31T20:16:56.684+00:00,0.342324,0.8535029970007599,sqs-worker-5986dcd897-x8rdl,ip-192-168-20-201.ec2.internal,cbccb5787566071ad077d57d8788d8b973cc2d80c80add0157fc97c776c26fc8,1,3139.0,3993.0
1,keda-mmpp-505-9b2fabf8,000254,140.404497,2026-08-31T20:16:57.863+00:00,2026-08-31T20:16:54.037+00:00,2026-08-31T20:16:56.700+00:00,2026-08-31T20:16:56.700+00:00,2026-08-31T20:16:56.728+00:00,2026-08-31T20:16:56.728+00:00,0.027412,0.027483212999868556,sqs-worker-5986dcd897-x8rdl,ip-192-168-20-201.ec2.internal,7d7a9d365c9bcf5f4356fc6194852ac7c333d2f7299d52029ad82479294c0db8,1,2663.0,2691.0
1,keda-mmpp-505-9b2fabf8,000257,140.590236,2026-08-31T20:16:58.049+00:00,2026-08-31T20:16:54.229+00:00,2026-08-31T20:16:56.782+00:00,2026-08-31T20:16:56.782+00:00,2026-08-31T20:16:57.316+00:00,2026-08-31T20:16:57.316+00:00,0.235185,0.5336755970001832,sqs-worker-5986dcd897-x8rdl,ip-192-168-20-201.ec2.internal,c279bf09a73097c759e5eb87e4b9c82c40fee00661aa52abded384175188d988,1,2553.0,3087.0
1,keda-mmpp-505-9b2fabf8,000252,139.837773,2026-08-31T20:16:57.296+00:00,2026-08-31T20:16:53.473+00:00,2026-08-31T20:16:55.811+00:00,2026-08-31T20:16:55.811+00:00,2026-08-31T20:16:57.711+00:00,2026-08-31T20:16:57.711+00:00,0.659523,1.899616896000225,sqs-worker-5986dcd897-gvj67,ip-192-168-20-201.ec2.internal,3de3f1314ae303c000cdc6be5550066c231490b010a31c9d19a4c06c1739b099,1,2338.0,4238.0
1,keda-mmpp-505-9b2fabf8,000259,141.259199,2026-08-31T20:16:58.718+00:00,2026-08-31T20:16:54.895+00:00,2026-08-31T20:16:57.330+00:00,2026-08-31T20:16:57.330+00:00,2026-08-31T20:16:58.114+00:00,2026-08-31T20:16:58.114+00:00,0.31232,0.7836627979995683,sqs-worker-5986dcd897-x8rdl,ip-192-168-20-201.ec2.internal,dbb1cc02a8c7a053917a26a14a742d6a74222c4d5a724155c216d67a5d32eed4,1,2435.0,3219.0
1,keda-mmpp-505-9b2fabf8,000256,140.504766,2026-08-31T20:16:57.963+00:00,2026-08-31T20:16:54.642+00:00,2026-08-31T20:16:57.744+00:00,2026-08-31T20:16:57.744+00:00,2026-08-31T20:16:57.757+00:00,2026-08-31T20:16:57.757+00:00,0.013225,0.013289156999235274,sqs-worker-5986dcd897-gvj67,ip-192-168-20-201.ec2.internal,4870807b655ea3987947ce5d3bc1b85a2dce0e9dc25f7fe7dd6f1b14d91788ad,1,3102.0,3115.0
1,keda-mmpp-505-9b2fabf8,000258,141.020774,2026-08-31T20:16:58.480+00:00,2026-08-31T20:16:55.155+00:00,2026-08-31T20:16:57.774+00:00,2026-08-31T20:16:57.774+00:00,2026-08-31T20:16:58.262+00:00,2026-08-31T20:16:58.262+00:00,0.201988,0.4884073699995497,sqs-worker-5986dcd897-gvj67,ip-192-168-20-201.ec2.internal,0bf078bd272b3beef69078fe1cbfe68c7601f9dffef72b60b1400e64c5b62289,1,2619.0,3107.0
1,keda-mmpp-505-9b2fabf8,000260,148.966673,2026-08-31T20:17:06.433+00:00,2026-08-31T20:17:02.610+00:00,2026-08-31T20:17:02.613+00:00,2026-08-31T20:17:02.613+00:00,2026-08-31T20:17:02.899+00:00,2026-08-31T20:17:02.899+00:00,0.135817,0.28615202800028783,sqs-worker-5986dcd897-x8rdl,ip-192-168-20-201.ec2.internal,34f35c479da01ebd8dda0524792c5bb926f2de2015903806c6dcbc41a747f6f1,1,3.0,289.0
1,keda-mmpp-505-9b2fabf8,000261,151.651726,2026-08-31T20:17:09.112+00:00,2026-08-31T20:17:05.293+00:00,2026-08-31T20:17:05.297+00:00,2026-08-31T20:17:05.297+00:00,2026-08-31T20:17:05.715+00:00,2026-08-31T20:17:05.715+00:00,0.179771,0.4182371469996724,sqs-worker-5986dcd897-gvj67,ip-192-168-20-201.ec2.internal,367497b67f3ed1e6f50a2e2c459dbe629d44a5869d16f469b40dba3334a972fa,1,4.0,422.0
1,keda-mmpp-505-9b2fabf8,000262,153.357951,2026-08-31T20:17:10.818+00:00,2026-08-31T20:17:07.000+00:00,2026-08-31T20:17:07.005+00:00,2026-08-31T20:17:07.005+00:00,2026-08-31T20:17:08.084+00:00,2026-08-31T20:17:08.084+00:00,0.441302,1.0791870379998727,sqs-worker-5986dcd897-x8rdl,ip-192-168-20-201.ec2.internal,5541149cf3be7d5a0975e8b1f53844aa53881743afa1ffda99dde0db2ad8878b,1,5.0,1084.0
1,keda-mmpp-505-9b2fabf8,000263,153.875374,2026-08-31T20:17:11.334+00:00,2026-08-31T20:17:07.511+00:00,2026-08-31T20:17:08.101+00:00,2026-08-31T20:17:08.101+00:00,2026-08-31T20:17:08.598+00:00,2026-08-31T20:17:08.598+00:00,0.20988,0.4970270360008726,sqs-worker-5986dcd897-x8rdl,ip-192-168-20-201.ec2.internal,a4328f0fa6244a8d4b9f1ac635d39398bdb47188a99e25acc80aabdd1338597f,1,590.0,1087.0
1,keda-mmpp-505-9b2fabf8,000264,156.11422,2026-08-31T20:17:13.575+00:00,2026-08-31T20:17:09.755+00:00,2026-08-31T20:17:09.784+00:00,2026-08-31T20:17:09.784+00:00,2026-08-31T20:17:09.794+00:00,2026-08-31T20:17:09.794+00:00,0.009689,0.009935509000570164,sqs-worker-5986dcd897-x8rdl,ip-192-168-20-201.ec2.internal,608b1aa45d503e5efa9af78e35b03c5b615f69a3201feab14d25e8ce325cb3e6,1,29.0,39.0
1,keda-mmpp-505-9b2fabf8,000265,158.716829,2026-08-31T20:17:16.178+00:00,2026-08-31T20:17:12.352+00:00,2026-08-31T20:17:12.356+00:00,2026-08-31T20:17:12.356+00:00,2026-08-31T20:17:12.486+00:00,2026-08-31T20:17:12.487+00:00,0.072627,0.1307782240000961,sqs-worker-5986dcd897-x8rdl,ip-192-168-20-201.ec2.internal,d0f1c6cccd08339e1fc2dba68fa3d15bcabe228baf429eff4a8f8ef780cb062f,1,4.0,134.0
1,keda-mmpp-505-9b2fabf8,000266,161.454109,2026-08-31T20:17:18.915+00:00,2026-08-31T20:17:15.089+00:00,2026-08-31T20:17:15.093+00:00,2026-08-31T20:17:15.093+00:00,2026-08-31T20:17:15.122+00:00,2026-08-31T20:17:15.122+00:00,0.028864,0.028906882000228507,sqs-worker-5986dcd897-x8rdl,ip-192-168-20-201.ec2.internal,f04916c6982212224c861d4902133b09ef82df4866fc861ea12dde64c1ddf3da,1,4.0,33.0
1,keda-mmpp-505-9b2fabf8,000267,164.612881,2026-08-31T20:17:22.072+00:00,2026-08-31T20:17:18.251+00:00,2026-08-31T20:17:18.255+00:00,2026-08-31T20:17:18.255+00:00,2026-08-31T20:17:18.683+00:00,2026-08-31T20:17:18.683+00:00,0.189246,0.4286172620013531,sqs-worker-5986dcd897-x8rdl,ip-192-168-20-201.ec2.internal,d37a9ae169ce221b46dc05afb94edd13235d1c4fc9bdfabe74e3edbc3d7fdaec,1,4.0,432.0
1,keda-mmpp-505-9b2fabf8,000268,165.347817,2026-08-31T20:17:22.807+00:00,2026-08-31T20:17:18.979+00:00,2026-08-31T20:17:18.983+00:00,2026-08-31T20:17:18.983+00:00,2026-08-31T20:17:19.504+00:00,2026-08-31T20:17:19.504+00:00,0.221,0.5209953729990957,sqs-worker-5986dcd897-x8rdl,ip-192-168-20-201.ec2.internal,0bf31803a62480eb9c1a010e851fe08786f24d09bb6a55f2ffab0e8fe2ecf75c,1,4.0,525.0
1,keda-mmpp-505-9b2fabf8,000269,167.481082,2026-08-31T20:17:24.939+00:00,2026-08-31T20:17:21.112+00:00,2026-08-31T20:17:21.116+00:00,2026-08-31T20:17:21.117+00:00,2026-08-31T20:17:21.400+00:00,2026-08-31T20:17:21.400+00:00,0.13717,0.28349072999844793,sqs-worker-5986dcd897-x8rdl,ip-192-168-20-201.ec2.internal,d9ea6b84944aa7bc5424ab74d493b7b9fc3cf7e1530d7cb075c0d0e63dee390c,1,4.0,288.0
1,keda-mmpp-505-9b2fabf8,000270,173.372895,2026-08-31T20:17:30.835+00:00,2026-08-31T20:17:27.015+00:00,2026-08-31T20:17:27.018+00:00,2026-08-31T20:17:27.018+00:00,2026-08-31T20:17:27.292+00:00,2026-08-31T20:17:27.292+00:00,0.129469,0.27422877000026347,sqs-worker-5986dcd897-x8rdl,ip-192-168-20-201.ec2.internal,00fa52c29071c26a25c93de71c605b1f60c5057f7b0d92bf3346fe65ab6e35fb,1,3.0,277.0
1,keda-mmpp-505-9b2fabf8,000271,173.419026,2026-08-31T20:17:30.876+00:00,2026-08-31T20:17:27.057+00:00,2026-08-31T20:17:27.343+00:00,2026-08-31T20:17:27.343+00:00,2026-08-31T20:17:28.900+00:00,2026-08-31T20:17:28.900+00:00,0.642299,1.5570576549998805,sqs-worker-5986dcd897-x8rdl,ip-192-168-20-201.ec2.internal,7d9e00c68a7569041c6f65ef0592c30d34417eb077ad63eabcbd57165b96c950,1,286.0,1843.0
1,keda-mmpp-505-9b2fabf8,000272,174.948251,2026-08-31T20:17:32.407+00:00,2026-08-31T20:17:28.580+00:00,2026-08-31T20:17:28.943+00:00,2026-08-31T20:17:28.943+00:00,2026-08-31T20:17:29.000+00:00,2026-08-31T20:17:29.000+00:00,0.035616,0.056294564999916474,sqs-worker-5986dcd897-x8rdl,ip-192-168-20-201.ec2.internal,eb6fbeba6189734426852f976952ce763ac138572da69416533c710dd063c6fd,1,363.0,420.0
1,keda-mmpp-505-9b2fabf8,000273,175.955801,2026-08-31T20:17:33.414+00:00,2026-08-31T20:17:29.594+00:00,2026-08-31T20:17:29.598+00:00,2026-08-31T20:17:29.598+00:00,2026-08-31T20:17:30.700+00:00,2026-08-31T20:17:30.701+00:00,0.252836,1.1020797940000193,sqs-worker-5986dcd897-x8rdl,ip-192-168-20-201.ec2.internal,1b39837de7c96ba206e291e4c5373f6d85da5b07ba32660ce476916b117a288f,1,4.0,1106.0
1,keda-mmpp-505-9b2fabf8,000274,175.999558,2026-08-31T20:17:33.458+00:00,2026-08-31T20:17:29.635+00:00,2026-08-31T20:17:30.816+00:00,2026-08-31T20:17:30.816+00:00,2026-08-31T20:17:31.591+00:00,2026-08-31T20:17:31.591+00:00,0.142363,0.7747766810007306,sqs-worker-5986dcd897-x8rdl,ip-192-168-20-201.ec2.internal,26d5ccbcc9b9c8647deedb3eb7b0ab01cfdbc6a75e1dc0aafb63d32a4a3ccda0,1,1181.0,1956.0
