schema_version,experiment_id,job_id,trace_offset_s,producer_sent_at,sqs_sent_at,worker_received_at,processing_started_at,processing_finished_at,result_sent_at,service_cpu_seconds,processing_wall_seconds,pod_name,node_name,digest,receive_count,queue_wait_ms,end_to_end_ms
1,hpa-poisson-404-415cae17,000000,0.057193,2026-08-31T19:39:18.612+00:00,2026-08-31T19:39:14.837+00:00,2026-08-31T19:39:14.845+00:00,2026-08-31T19:39:14.845+00:00,2026-08-31T19:39:15.078+00:00,2026-08-31T19:39:15.078+00:00,0.114196,0.23309000300105254,sqs-worker-5986dcd897-x8rdl,ip-192-168-20-201.ec2.internal,2dcb5be2808acc0a280420da27da55de5d3eb51e0268d698b97e7ea125553eef,1,8.0,241.0
1,hpa-poisson-404-415cae17,000001,0.382572,2026-08-31T19:39:18.936+00:00,2026-08-31T19:39:15.160+00:00,2026-08-31T19:39:15.168+00:00,2026-08-31T19:39:15.169+00:00,2026-08-31T19:39:15.796+00:00,2026-08-31T19:39:15.796+00:00,0.272301,0.6276461249999556,sqs-worker-5986dcd897-x8rdl,ip-192-168-20-201.ec2.internal,54b055dacd164e4637105ff9d98635f2a936b5c0c753485ef2e8204eba587f1c,1,8.0,636.0
1,hpa-poisson-404-415cae17,000002,0.384607,2026-08-31T19:39:18.938+00:00,2026-08-31T19:39:15.683+00:00,2026-08-31T19:39:15.821+00:00,2026-08-31T19:39:15.821+00:00,2026-08-31T19:39:15.979+00:00,2026-08-31T19:39:15.979+00:00,0.059021,0.15843152399975224,sqs-worker-5986dcd897-x8rdl,ip-192-168-20-201.ec2.internal,84cf1b9f9230ca56c8ec0d89314ea234875f23a50611734bd66e9a225c3f24f3,1,138.0,296.0
1,hpa-poisson-404-415cae17,000003,0.445931,2026-08-31T19:39:19.000+00:00,2026-08-31T19:39:15.779+00:00,2026-08-31T19:39:16.002+00:00,2026-08-31T19:39:16.002+00:00,2026-08-31T19:39:16.193+00:00,2026-08-31T19:39:16.193+00:00,0.089188,0.19059799299975566,sqs-worker-5986dcd897-x8rdl,ip-192-168-20-201.ec2.internal,21458222e0a9fcea214d2d98d2f2cd99222e8d4bfeb4a1f3fe0265e0acebc38c,1,223.0,414.0
1,hpa-poisson-404-415cae17,000004,1.013557,2026-08-31T19:39:19.568+00:00,2026-08-31T19:39:15.795+00:00,2026-08-31T19:39:16.207+00:00,2026-08-31T19:39:16.207+00:00,2026-08-31T19:39:16.216+00:00,2026-08-31T19:39:16.216+00:00,0.008987,0.009020024999699672,sqs-worker-5986dcd897-x8rdl,ip-192-168-20-201.ec2.internal,a32b2beecdd1a1b561a6f85091ac779a32f8e0e469abacd78e158acbc9f7af96,1,412.0,421.0
1,hpa-poisson-404-415cae17,000005,1.266414,2026-08-31T19:39:19.820+00:00,2026-08-31T19:39:16.047+00:00,2026-08-31T19:39:16.230+00:00,2026-08-31T19:39:16.230+00:00,2026-08-31T19:39:16.775+00:00,2026-08-31T19:39:16.775+00:00,0.206237,0.5453416670006845,sqs-worker-5986dcd897-x8rdl,ip-192-168-20-201.ec2.internal,9c8294a02bb3408bad5dda86569e1e29677a454b4e4d72226cbfd7d08e1684bd,1,183.0,728.0
1,hpa-poisson-404-415cae17,000006,1.581554,2026-08-31T19:39:20.135+00:00,2026-08-31T19:39:16.362+00:00,2026-08-31T19:39:16.815+00:00,2026-08-31T19:39:16.815+00:00,2026-08-31T19:39:17.084+00:00,2026-08-31T19:39:17.084+00:00,0.121603,0.2687958130009065,sqs-worker-5986dcd897-x8rdl,ip-192-168-20-201.ec2.internal,edbb1a0a2a02d95b91e1be75ac866f21b389070a01947048f2bf857658977cc8,1,453.0,722.0
1,hpa-poisson-404-415cae17,000007,1.64746,2026-08-31T19:39:20.201+00:00,2026-08-31T19:39:16.433+00:00,2026-08-31T19:39:17.108+00:00,2026-08-31T19:39:17.108+00:00,2026-08-31T19:39:17.407+00:00,2026-08-31T19:39:17.408+00:00,0.142371,0.29930236600011995,sqs-worker-5986dcd897-x8rdl,ip-192-168-20-201.ec2.internal,92975a63c8667409de923d6993323234f2bac1b9aef3835819805979bba9bec2,1,675.0,974.0
1,hpa-poisson-404-415cae17,000008,2.985732,2026-08-31T19:39:21.540+00:00,2026-08-31T19:39:17.771+00:00,2026-08-31T19:39:17.775+00:00,2026-08-31T19:39:17.775+00:00,2026-08-31T19:39:17.990+00:00,2026-08-31T19:39:17.990+00:00,0.096323,0.21524541999860958,sqs-worker-5986dcd897-x8rdl,ip-192-168-20-201.ec2.internal,ed60462d4a0d8016d308f9d66c49a34b933cc96d23dad29ecdfea951aca079b2,1,4.0,219.0
1,hpa-poisson-404-415cae17,000009,3.674423,2026-08-31T19:39:22.229+00:00,2026-08-31T19:39:18.454+00:00,2026-08-31T19:39:18.458+00:00,2026-08-31T19:39:18.458+00:00,2026-08-31T19:39:18.982+00:00,2026-08-31T19:39:18.982+00:00,0.228485,0.524127729000611,sqs-worker-5986dcd897-x8rdl,ip-192-168-20-201.ec2.internal,6b31da32e5986ab168ed58332d9ead6a1136762f1119030ca5d87707d33a9591,1,4.0,528.0
1,hpa-poisson-404-415cae17,000010,4.083111,2026-08-31T19:39:22.637+00:00,2026-08-31T19:39:18.868+00:00,2026-08-31T19:39:19.022+00:00,2026-08-31T19:39:19.022+00:00,2026-08-31T19:39:19.395+00:00,2026-08-31T19:39:19.395+00:00,0.169118,0.37299172799976077,sqs-worker-5986dcd897-x8rdl,ip-192-168-20-201.ec2.internal,62df5d6c407927c7ae794b44c04cef0f08f27100563cfefaa8ab35841738afba,1,154.0,527.0
1,hpa-poisson-404-415cae17,000011,4.55772,2026-08-31T19:39:23.112+00:00,2026-08-31T19:39:19.339+00:00,2026-08-31T19:39:19.415+00:00,2026-08-31T19:39:19.415+00:00,2026-08-31T19:39:21.488+00:00,2026-08-31T19:39:21.488+00:00,0.430589,2.0722726120002335,sqs-worker-5986dcd897-x8rdl,ip-192-168-20-201.ec2.internal,d1a91b19e392d18f85adda635adcc7d8753ac1dd1d49d017faf0cff09519cae9,1,76.0,2149.0
1,hpa-poisson-404-415cae17,000012,4.681054,2026-08-31T19:39:23.235+00:00,2026-08-31T19:39:19.461+00:00,2026-08-31T19:39:21.505+00:00,2026-08-31T19:39:21.505+00:00,2026-08-31T19:39:21.999+00:00,2026-08-31T19:39:21.999+00:00,0.099858,0.49462669999957143,sqs-worker-5986dcd897-x8rdl,ip-192-168-20-201.ec2.internal,ee1e926f94cddffac8ccf089ceb59ae6f721d08899f59e64774bb7e7c2c4e22d,1,2044.0,2538.0
1,hpa-poisson-404-415cae17,000015,6.224426,2026-08-31T19:39:24.778+00:00,2026-08-31T19:39:21.003+00:00,2026-08-31T19:39:22.091+00:00,2026-08-31T19:39:22.092+00:00,2026-08-31T19:39:22.097+00:00,2026-08-31T19:39:22.097+00:00,0.005,0.005065489000116941,sqs-worker-5986dcd897-x8rdl,ip-192-168-20-201.ec2.internal,e75c8c06f8de9ffb6a2d25d57d9d4f369ba1ebc55e4376d487f797f0d6a3764b,1,1088.0,1094.0
1,hpa-poisson-404-415cae17,000019,7.177361,2026-08-31T19:39:25.729+00:00,2026-08-31T19:39:21.956+00:00,2026-08-31T19:39:22.183+00:00,2026-08-31T19:39:22.183+00:00,2026-08-31T19:39:22.809+00:00,2026-08-31T19:39:22.809+00:00,0.188894,0.6256828330006101,sqs-worker-5986dcd897-x8rdl,ip-192-168-20-201.ec2.internal,787c208ca1c25ee0cc16aa10f3a43eded7e43432c22936c84565c815b4454ae4,1,227.0,853.0
1,hpa-poisson-404-415cae17,000014,6.097559,2026-08-31T19:39:24.652+00:00,2026-08-31T19:39:20.883+00:00,2026-08-31T19:39:23.312+00:00,2026-08-31T19:39:23.312+00:00,2026-08-31T19:39:23.318+00:00,2026-08-31T19:39:23.318+00:00,0.006123,0.006155409000712098,sqs-worker-5986dcd897-x8rdl,ip-192-168-20-201.ec2.internal,1418106b2f6571c252d6e9c3d3c81c9154fd936b6726be3b2a79ea8718907556,1,2429.0,2435.0
1,hpa-poisson-404-415cae17,000013,5.231655,2026-08-31T19:39:23.786+00:00,2026-08-31T19:39:20.012+00:00,2026-08-31T19:39:22.823+00:00,2026-08-31T19:39:22.823+00:00,2026-08-31T19:39:23.297+00:00,2026-08-31T19:39:23.297+00:00,0.184238,0.4735577989995363,sqs-worker-5986dcd897-x8rdl,ip-192-168-20-201.ec2.internal,cf8e9ac0f84d745969e32bbca24ed1c70f1ef54e1884646430bdf9fd475c75fb,1,2811.0,3285.0
1,hpa-poisson-404-415cae17,000022,7.660276,2026-08-31T19:39:26.212+00:00,2026-08-31T19:39:22.439+00:00,2026-08-31T19:39:23.420+00:00,2026-08-31T19:39:23.420+00:00,2026-08-31T19:39:23.513+00:00,2026-08-31T19:39:23.513+00:00,0.04771,0.09307997699943371,sqs-worker-5986dcd897-x8rdl,ip-192-168-20-201.ec2.internal,4449f29781c0456017d52b7050fced948089859e7cf7c15da95b645f9227c5ec,1,981.0,1074.0
1,hpa-poisson-404-415cae17,000021,7.400895,2026-08-31T19:39:25.953+00:00,2026-08-31T19:39:22.181+00:00,2026-08-31T19:39:23.331+00:00,2026-08-31T19:39:23.331+00:00,2026-08-31T19:39:23.401+00:00,2026-08-31T19:39:23.401+00:00,0.030325,0.06924193700069736,sqs-worker-5986dcd897-x8rdl,ip-192-168-20-201.ec2.internal,4b2875f5f4c6c5c5104627b5b9892c1d12b2534e422223074ac25a3875aff2de,1,1150.0,1220.0
1,hpa-poisson-404-415cae17,000018,6.849287,2026-08-31T19:39:25.401+00:00,2026-08-31T19:39:21.626+00:00,2026-08-31T19:39:23.688+00:00,2026-08-31T19:39:23.688+00:00,2026-08-31T19:39:23.776+00:00,2026-08-31T19:39:23.777+00:00,0.038279,0.08809269499943184,sqs-worker-5986dcd897-x8rdl,ip-192-168-20-201.ec2.internal,46ea0cdff13ca928f12ba3b52b7daa0393f00b3aacc5ac3e7102a6836f0654b7,1,2062.0,2150.0
1,hpa-poisson-404-415cae17,000023,8.719177,2026-08-31T19:39:27.272+00:00,2026-08-31T19:39:23.501+00:00,2026-08-31T19:39:23.584+00:00,2026-08-31T19:39:23.584+00:00,2026-08-31T19:39:23.621+00:00,2026-08-31T19:39:23.621+00:00,0.036811,0.036851431999821216,sqs-worker-5986dcd897-x8rdl,ip-192-168-20-201.ec2.internal,edf9813cf9564a85136c250043ee91ac097e96204283004d6d669abeeabad395,1,83.0,120.0
1,hpa-poisson-404-415cae17,000024,9.212687,2026-08-31T19:39:27.765+00:00,2026-08-31T19:39:23.993+00:00,2026-08-31T19:39:24.835+00:00,2026-08-31T19:39:24.835+00:00,2026-08-31T19:39:24.895+00:00,2026-08-31T19:39:24.895+00:00,0.03297,0.059671454000636004,sqs-worker-5986dcd897-x8rdl,ip-192-168-20-201.ec2.internal,0b1972c041de085c7cb6b71bdb5a7796dfb7d2fbdc5423d364a00e0b0d9b5f5e,1,842.0,902.0
1,hpa-poisson-404-415cae17,000026,9.392156,2026-08-31T19:39:27.944+00:00,2026-08-31T19:39:24.171+00:00,2026-08-31T19:39:24.910+00:00,2026-08-31T19:39:24.910+00:00,2026-08-31T19:39:24.988+00:00,2026-08-31T19:39:24.988+00:00,0.029189,0.0784777450007823,sqs-worker-5986dcd897-x8rdl,ip-192-168-20-201.ec2.internal,4733c1527cf316f8d47096f2f6fba16fd6cb60490e2879b43448f319512a9928,1,739.0,817.0
1,hpa-poisson-404-415cae17,000025,9.358538,2026-08-31T19:39:27.910+00:00,2026-08-31T19:39:24.143+00:00,2026-08-31T19:39:24.521+00:00,2026-08-31T19:39:24.521+00:00,2026-08-31T19:39:24.798+00:00,2026-08-31T19:39:24.798+00:00,0.111838,0.27703161600038584,sqs-worker-5986dcd897-x8rdl,ip-192-168-20-201.ec2.internal,c8fea63f5ba53850ef12d00dbcef94d2db908ba572db492cade35ac44b251dcf,1,378.0,655.0
1,hpa-poisson-404-415cae17,000016,6.319623,2026-08-31T19:39:24.872+00:00,2026-08-31T19:39:21.099+00:00,2026-08-31T19:39:23.796+00:00,2026-08-31T19:39:23.796+00:00,2026-08-31T19:39:24.502+00:00,2026-08-31T19:39:24.502+00:00,0.301239,0.7061836899993068,sqs-worker-5986dcd897-x8rdl,ip-192-168-20-201.ec2.internal,82fb26247984265bd247e5edde9159855bba35c0e6dc7475f39d7d6b3e3087f6,1,2697.0,3403.0
1,hpa-poisson-404-415cae17,000017,6.760494,2026-08-31T19:39:25.313+00:00,2026-08-31T19:39:21.542+00:00,2026-08-31T19:39:25.046+00:00,2026-08-31T19:39:25.046+00:00,2026-08-31T19:39:26.113+00:00,2026-08-31T19:39:26.113+00:00,0.453765,1.0665001140005188,sqs-worker-5986dcd897-x8rdl,ip-192-168-20-201.ec2.internal,6eace797209d5b59a346b3e2b49b20a65ea158b8e943bca201837f7f0c3fc8d3,1,3504.0,4571.0
1,hpa-poisson-404-415cae17,000020,7.371546,2026-08-31T19:39:25.924+00:00,2026-08-31T19:39:22.147+00:00,2026-08-31T19:39:26.190+00:00,2026-08-31T19:39:26.190+00:00,2026-08-31T19:39:26.701+00:00,2026-08-31T19:39:26.701+00:00,0.223967,0.5116773400004604,sqs-worker-5986dcd897-x8rdl,ip-192-168-20-201.ec2.internal,6d67203146e773a4d5a907f73d7ff38211b182775e70ada9541c839a0f78c1e6,1,4043.0,4554.0
1,hpa-poisson-404-415cae17,000027,9.453965,2026-08-31T19:39:28.006+00:00,2026-08-31T19:39:24.234+00:00,2026-08-31T19:39:26.788+00:00,2026-08-31T19:39:26.788+00:00,2026-08-31T19:39:27.222+00:00,2026-08-31T19:39:27.222+00:00,0.199162,0.4338609499991435,sqs-worker-5986dcd897-x8rdl,ip-192-168-20-201.ec2.internal,5a114c51b45d29dab3c767ce510d8cb3db4d0abe441d6cf622e415f8ece59d6d,1,2554.0,2988.0
1,hpa-poisson-404-415cae17,000028,12.345553,2026-08-31T19:39:30.900+00:00,2026-08-31T19:39:27.127+00:00,2026-08-31T19:39:27.297+00:00,2026-08-31T19:39:27.298+00:00,2026-08-31T19:39:27.707+00:00,2026-08-31T19:39:27.707+00:00,0.180924,0.4097668350004824,sqs-worker-5986dcd897-x8rdl,ip-192-168-20-201.ec2.internal,3cf77ab38e7a08d6a39e8fddf8c49b180dd357b694ca7bb65fbcb4b9f17f9573,1,170.0,580.0
1,hpa-poisson-404-415cae17,000029,13.242778,2026-08-31T19:39:31.796+00:00,2026-08-31T19:39:28.029+00:00,2026-08-31T19:39:28.035+00:00,2026-08-31T19:39:28.035+00:00,2026-08-31T19:39:28.044+00:00,2026-08-31T19:39:28.044+00:00,0.008871,0.008927077999032917,sqs-worker-5986dcd897-x8rdl,ip-192-168-20-201.ec2.internal,c4425e5868637a2a89e6ed5f58af54c864985d81aee766259a1eecc3baa57ef2,1,6.0,15.0
1,hpa-poisson-404-415cae17,000030,13.81896,2026-08-31T19:39:32.371+00:00,2026-08-31T19:39:28.600+00:00,2026-08-31T19:39:28.623+00:00,2026-08-31T19:39:28.623+00:00,2026-08-31T19:39:29.085+00:00,2026-08-31T19:39:29.085+00:00,0.201589,0.4620941889988899,sqs-worker-5986dcd897-x8rdl,ip-192-168-20-201.ec2.internal,b1c8af913b91c8e7d4c10215f1a4ce93e4706072730093eda83d9a9763f40c4b,1,23.0,485.0
1,hpa-poisson-404-415cae17,000031,14.314088,2026-08-31T19:39:32.866+00:00,2026-08-31T19:39:29.094+00:00,2026-08-31T19:39:29.101+00:00,2026-08-31T19:39:29.101+00:00,2026-08-31T19:39:29.132+00:00,2026-08-31T19:39:29.132+00:00,0.030947,0.030978205000792514,sqs-worker-5986dcd897-x8rdl,ip-192-168-20-201.ec2.internal,4181a098c465120dbd87489e32f51835642fdf3afedf9e9258a2301f89596493,1,7.0,38.0
1,hpa-poisson-404-415cae17,000032,15.505217,2026-08-31T19:39:34.058+00:00,2026-08-31T19:39:30.285+00:00,2026-08-31T19:39:30.288+00:00,2026-08-31T19:39:30.289+00:00,2026-08-31T19:39:32.196+00:00,2026-08-31T19:39:32.196+00:00,0.481081,1.9071518410000863,sqs-worker-5986dcd897-x8rdl,ip-192-168-20-201.ec2.internal,4b2abd398ca4ab79321030a751dccd2221bd98099fda4ede9013b70c8f3dc161,1,3.0,1911.0
1,hpa-poisson-404-415cae17,000033,15.578291,2026-08-31T19:39:34.130+00:00,2026-08-31T19:39:30.358+00:00,2026-08-31T19:39:32.211+00:00,2026-08-31T19:39:32.211+00:00,2026-08-31T19:39:32.387+00:00,2026-08-31T19:39:32.387+00:00,0.067296,0.17587964199992712,sqs-worker-5986dcd897-x8rdl,ip-192-168-20-201.ec2.internal,854bf87b04eccc23896b54d588661752d6a396fd5bb5d4b554c1dd8d6236147c,1,1853.0,2029.0
1,hpa-poisson-404-415cae17,000034,16.52288,2026-08-31T19:39:35.076+00:00,2026-08-31T19:39:31.299+00:00,2026-08-31T19:39:32.403+00:00,2026-08-31T19:39:32.403+00:00,2026-08-31T19:39:34.385+00:00,2026-08-31T19:39:34.385+00:00,0.793848,1.9821434739988035,sqs-worker-5986dcd897-x8rdl,ip-192-168-20-201.ec2.internal,89bda505c9041e12f9b3fcc86b195f5b2deb27af9f39fc16e16d27e82d3295af,1,1104.0,3086.0
1,hpa-poisson-404-415cae17,000036,17.848833,2026-08-31T19:39:36.401+00:00,2026-08-31T19:39:32.624+00:00,2026-08-31T19:39:34.404+00:00,2026-08-31T19:39:34.404+00:00,2026-08-31T19:39:35.320+00:00,2026-08-31T19:39:35.320+00:00,0.392594,0.9163597780006967,sqs-worker-5986dcd897-x8rdl,ip-192-168-20-201.ec2.internal,f88ae180a1bd464cca13f0d08aa14d0c06c27efdec67f3f7e63ce65d9beecc7e,1,1780.0,2696.0
1,hpa-poisson-404-415cae17,000040,19.77102,2026-08-31T19:39:38.323+00:00,2026-08-31T19:39:34.553+00:00,2026-08-31T19:39:35.399+00:00,2026-08-31T19:39:35.399+00:00,2026-08-31T19:39:35.404+00:00,2026-08-31T19:39:35.404+00:00,0.005,0.005031104999943636,sqs-worker-5986dcd897-x8rdl,ip-192-168-20-201.ec2.internal,dbeb6450dd8b06c01a9d46091a9d72753f41c28b5276813bbadebd8e73177563,1,846.0,851.0
1,hpa-poisson-404-415cae17,000037,18.668492,2026-08-31T19:39:37.221+00:00,2026-08-31T19:39:33.448+00:00,2026-08-31T19:39:35.435+00:00,2026-08-31T19:39:35.435+00:00,2026-08-31T19:39:35.461+00:00,2026-08-31T19:39:35.461+00:00,0.026651,0.026682666999477078,sqs-worker-5986dcd897-x8rdl,ip-192-168-20-201.ec2.internal,7a52498fd2f361be03af4d3ed7480b82abf02bfe2c9d93878979c0cecd74f4c1,1,1987.0,2013.0
1,hpa-poisson-404-415cae17,000041,19.908107,2026-08-31T19:39:38.460+00:00,2026-08-31T19:39:34.692+00:00,2026-08-31T19:39:35.497+00:00,2026-08-31T19:39:35.497+00:00,2026-08-31T19:39:35.814+00:00,2026-08-31T19:39:35.814+00:00,0.151026,0.3167459560008865,sqs-worker-5986dcd897-x8rdl,ip-192-168-20-201.ec2.internal,5aeaac3eae9744a8761fd1aa36ca6da50d3cc2bc1015db06f495c345ae3f9ea3,1,805.0,1122.0
1,hpa-poisson-404-415cae17,000038,18.909898,2026-08-31T19:39:37.476+00:00,2026-08-31T19:39:33.716+00:00,2026-08-31T19:39:35.836+00:00,2026-08-31T19:39:35.836+00:00,2026-08-31T19:39:36.414+00:00,2026-08-31T19:39:36.414+00:00,0.23645,0.5784015170011116,sqs-worker-5986dcd897-x8rdl,ip-192-168-20-201.ec2.internal,7ae35cd6b0a392e9baeaeb190f755fec49b2f2d831cb3431b9bbbfdefa6aba30,1,2120.0,2698.0
1,hpa-poisson-404-415cae17,000035,17.629498,2026-08-31T19:39:36.182+00:00,2026-08-31T19:39:32.407+00:00,2026-08-31T19:39:36.464+00:00,2026-08-31T19:39:36.464+00:00,2026-08-31T19:39:38.106+00:00,2026-08-31T19:39:38.106+00:00,0.66542,1.6424033280000003,sqs-worker-5986dcd897-x8rdl,ip-192-168-20-201.ec2.internal,6db113b01c05a145a5cb565940cab50b3342edba965edb9b4d76c162c176f4d9,1,4057.0000000000005,5699.0
1,hpa-poisson-404-415cae17,000043,22.670492,2026-08-31T19:39:41.223+00:00,2026-08-31T19:39:37.456+00:00,2026-08-31T19:39:38.122+00:00,2026-08-31T19:39:38.122+00:00,2026-08-31T19:39:38.134+00:00,2026-08-31T19:39:38.134+00:00,0.012067,0.012098967999918386,sqs-worker-5986dcd897-x8rdl,ip-192-168-20-201.ec2.internal,35377dd0701735c03bdcccdf52586c9075136cf94862fe1a9de4534dc91bb3fb,1,666.0,678.0
1,hpa-poisson-404-415cae17,000039,19.589773,2026-08-31T19:39:38.142+00:00,2026-08-31T19:39:34.369+00:00,2026-08-31T19:39:38.191+00:00,2026-08-31T19:39:38.191+00:00,2026-08-31T19:39:38.203+00:00,2026-08-31T19:39:38.204+00:00,0.012142,0.01217446099872177,sqs-worker-5986dcd897-x8rdl,ip-192-168-20-201.ec2.internal,2c698e00b05594290c8cbeed6ef3e0994a9048a0c203565f8a77b2230880211e,1,3822.0,3834.0
1,hpa-poisson-404-415cae17,000044,22.841719,2026-08-31T19:39:41.394+00:00,2026-08-31T19:39:37.619+00:00,2026-08-31T19:39:38.854+00:00,2026-08-31T19:39:38.855+00:00,2026-08-31T19:39:38.872+00:00,2026-08-31T19:39:38.872+00:00,0.017938,0.0179781639999419,sqs-worker-5986dcd897-x8rdl,ip-192-168-20-201.ec2.internal,1e37e7a78c2049a874fb554e085c123cd5940413668c247f8e4d30bebd23b8c0,1,1235.0,1253.0
1,hpa-poisson-404-415cae17,000045,23.02849,2026-08-31T19:39:41.581+00:00,2026-08-31T19:39:37.808+00:00,2026-08-31T19:39:38.218+00:00,2026-08-31T19:39:38.218+00:00,2026-08-31T19:39:38.794+00:00,2026-08-31T19:39:38.794+00:00,0.232374,0.5755082380001113,sqs-worker-5986dcd897-x8rdl,ip-192-168-20-201.ec2.internal,8ca718d265153478784405e4ec5b376ad67734d51b34a24708503047646e8e20,1,410.0,986.0
1,hpa-poisson-404-415cae17,000049,23.907449,2026-08-31T19:39:42.460+00:00,2026-08-31T19:39:38.688+00:00,2026-08-31T19:39:39.003+00:00,2026-08-31T19:39:39.003+00:00,2026-08-31T19:39:39.319+00:00,2026-08-31T19:39:39.319+00:00,0.151357,0.3161703360001411,sqs-worker-5986dcd897-x8rdl,ip-192-168-20-201.ec2.internal,521391fc0440e97c99d9d5ddb792541c8ff3ca11221ceef847e2d23ebc6e700a,1,315.0,631.0
1,hpa-poisson-404-415cae17,000042,22.521743,2026-08-31T19:39:41.076+00:00,2026-08-31T19:39:37.308+00:00,2026-08-31T19:39:38.888+00:00,2026-08-31T19:39:38.888+00:00,2026-08-31T19:39:38.984+00:00,2026-08-31T19:39:38.984+00:00,0.041147,0.0958118859998649,sqs-worker-5986dcd897-x8rdl,ip-192-168-20-201.ec2.internal,41e98fcebbb2ab5cb871827c0a9bad18239e2883c9a4a9472b3e5eb1d833f454,1,1580.0,1676.0
1,hpa-poisson-404-415cae17,000051,24.296437,2026-08-31T19:39:42.848+00:00,2026-08-31T19:39:39.075+00:00,2026-08-31T19:39:39.389+00:00,2026-08-31T19:39:39.389+00:00,2026-08-31T19:39:39.696+00:00,2026-08-31T19:39:39.696+00:00,0.132535,0.306611955000335,sqs-worker-5986dcd897-x8rdl,ip-192-168-20-201.ec2.internal,ac05d382b0d4b0330c71011488dc73bc3fe5af5a1c53e48d2a63950eea8f4f96,1,314.0,621.0
1,hpa-poisson-404-415cae17,000046,23.469535,2026-08-31T19:39:42.022+00:00,2026-08-31T19:39:38.250+00:00,2026-08-31T19:39:39.792+00:00,2026-08-31T19:39:39.792+00:00,2026-08-31T19:39:42.001+00:00,2026-08-31T19:39:42.001+00:00,0.437594,2.208548245000202,sqs-worker-5986dcd897-x8rdl,ip-192-168-20-201.ec2.internal,b26e4f25a348b75df728c1de176d6e01c231dd5dc6b67787501a85cc9ec2b96f,1,1542.0,3751.0
1,hpa-poisson-404-415cae17,000048,23.63405,2026-08-31T19:39:42.186+00:00,2026-08-31T19:39:38.414+00:00,2026-08-31T19:39:42.095+00:00,2026-08-31T19:39:42.095+00:00,2026-08-31T19:39:43.088+00:00,2026-08-31T19:39:43.088+00:00,0.277232,0.9927725569996255,sqs-worker-5986dcd897-x8rdl,ip-192-168-20-201.ec2.internal,ccd551f3500aea2d4e3cc1242d69affa7bbf523bb449cf33802ece75f73771b6,1,3681.0,4674.0
1,hpa-poisson-404-415cae17,000050,24.289397,2026-08-31T19:39:42.842+00:00,2026-08-31T19:39:39.064+00:00,2026-08-31T19:39:43.112+00:00,2026-08-31T19:39:43.112+00:00,2026-08-31T19:39:44.118+00:00,2026-08-31T19:39:44.118+00:00,0.42584,1.0054962889989838,sqs-worker-5986dcd897-x8rdl,ip-192-168-20-201.ec2.internal,f36c2f2f2b4465598f6d9f6356299efa5293545dad9e10029f48028e035bb9ef,1,4048.0,5054.0
1,hpa-poisson-404-415cae17,000053,27.034807,2026-08-31T19:39:45.587+00:00,2026-08-31T19:39:41.814+00:00,2026-08-31T19:39:44.217+00:00,2026-08-31T19:39:44.217+00:00,2026-08-31T19:39:44.597+00:00,2026-08-31T19:39:44.597+00:00,0.167993,0.3794215289999556,sqs-worker-5986dcd897-x8rdl,ip-192-168-20-201.ec2.internal,37bc2820b8974ea995d1af4bf070d74ad539ba99fc48151d3c1c61c6df5d4cb7,1,2403.0,2783.0
1,hpa-poisson-404-415cae17,000055,29.601592,2026-08-31T19:39:48.156+00:00,2026-08-31T19:39:44.378+00:00,2026-08-31T19:39:44.614+00:00,2026-08-31T19:39:44.614+00:00,2026-08-31T19:39:44.875+00:00,2026-08-31T19:39:44.875+00:00,0.101023,0.26125202599905606,sqs-worker-5986dcd897-x8rdl,ip-192-168-20-201.ec2.internal,2e0000554f84492303ba9c171f3756320d889185480c0c55e285f21148bc1175,1,236.0,497.0
1,hpa-poisson-404-415cae17,000047,23.606689,2026-08-31T19:39:42.159+00:00,2026-08-31T19:39:38.392+00:00,2026-08-31T19:39:44.916+00:00,2026-08-31T19:39:44.916+00:00,2026-08-31T19:39:45.389+00:00,2026-08-31T19:39:45.389+00:00,0.203814,0.4736584749989561,sqs-worker-5986dcd897-x8rdl,ip-192-168-20-201.ec2.internal,4d4dfab3e0ffa81fc068766c15d305bf480b5015d293be5d7d010bc5d9bfbaba,1,6524.0,6997.0
1,hpa-poisson-404-415cae17,000056,30.584136,2026-08-31T19:39:49.137+00:00,2026-08-31T19:39:45.364+00:00,2026-08-31T19:39:45.414+00:00,2026-08-31T19:39:45.414+00:00,2026-08-31T19:39:45.711+00:00,2026-08-31T19:39:45.711+00:00,0.13646,0.2973111549999885,sqs-worker-5986dcd897-x8rdl,ip-192-168-20-201.ec2.internal,ccbd3da73d51995ec10114de2a614919a2b922d5a345350c6f86f24644836baf,1,50.0,347.0
1,hpa-poisson-404-415cae17,000052,26.959384,2026-08-31T19:39:45.513+00:00,2026-08-31T19:39:41.742+00:00,2026-08-31T19:39:45.751+00:00,2026-08-31T19:39:45.751+00:00,2026-08-31T19:39:45.992+00:00,2026-08-31T19:39:45.992+00:00,0.096231,0.24099034200116876,sqs-worker-5986dcd897-x8rdl,ip-192-168-20-201.ec2.internal,8e3e66c6297ef211b1de2be2a3b8e40968d8ed38e7cf0ce1a9bc7aa93636e294,1,4009.0000000000005,4250.0
1,hpa-poisson-404-415cae17,000054,27.485638,2026-08-31T19:39:46.038+00:00,2026-08-31T19:39:42.265+00:00,2026-08-31T19:39:46.026+00:00,2026-08-31T19:39:46.026+00:00,2026-08-31T19:39:46.099+00:00,2026-08-31T19:39:46.099+00:00,0.043316,0.07274858599885192,sqs-worker-5986dcd897-x8rdl,ip-192-168-20-201.ec2.internal,bb7a75de133904d8a113f3aac60d3eb09a721cf1b0809b575ca1bc4fb13c29f7,1,3761.0,3834.0
1,hpa-poisson-404-415cae17,000057,31.955593,2026-08-31T19:39:50.509+00:00,2026-08-31T19:39:46.732+00:00,2026-08-31T19:39:46.737+00:00,2026-08-31T19:39:46.737+00:00,2026-08-31T19:39:47.023+00:00,2026-08-31T19:39:47.023+00:00,0.160184,0.2855936730011308,sqs-worker-5986dcd897-x8rdl,ip-192-168-20-201.ec2.internal,55a873c3f50a4b901ea66567dfcb3cccd229ec2fe83df088daa6ab6b5aa44ba5,1,5.0,291.0
1,hpa-poisson-404-415cae17,000058,33.784428,2026-08-31T19:39:52.338+00:00,2026-08-31T19:39:48.571+00:00,2026-08-31T19:39:48.575+00:00,2026-08-31T19:39:48.575+00:00,2026-08-31T19:39:48.690+00:00,2026-08-31T19:39:48.690+00:00,0.056642,0.11570949599990854,sqs-worker-5986dcd897-x8rdl,ip-192-168-20-201.ec2.internal,bf4c922acd001f54d988319a59b7862b1d84e03b3d8919d7cd33dcd68d790d27,1,4.0,119.0
1,hpa-poisson-404-415cae17,000059,34.48762,2026-08-31T19:39:53.040+00:00,2026-08-31T19:39:49.267+00:00,2026-08-31T19:39:49.270+00:00,2026-08-31T19:39:49.270+00:00,2026-08-31T19:39:50.892+00:00,2026-08-31T19:39:50.892+00:00,0.402475,1.6222539620011958,sqs-worker-5986dcd897-x8rdl,ip-192-168-20-201.ec2.internal,e98b18f25efb6fc2603801f77c48aafce49bf16887319c5fe12a9bfa31be2849,1,3.0,1625.0
1,hpa-poisson-404-415cae17,000060,34.988683,2026-08-31T19:39:53.541+00:00,2026-08-31T19:39:49.768+00:00,2026-08-31T19:39:50.984+00:00,2026-08-31T19:39:50.984+00:00,2026-08-31T19:39:51.397+00:00,2026-08-31T19:39:51.397+00:00,0.078766,0.4131438780004828,sqs-worker-5986dcd897-x8rdl,ip-192-168-20-201.ec2.internal,133ef9fbf0f4fdefe54dbb9ad75eee4f59160034c2685a1ae60ca3969c18b085,1,1216.0,1629.0
1,hpa-poisson-404-415cae17,000061,35.514306,2026-08-31T19:39:54.067+00:00,2026-08-31T19:39:50.303+00:00,2026-08-31T19:39:51.490+00:00,2026-08-31T19:39:51.490+00:00,2026-08-31T19:39:51.891+00:00,2026-08-31T19:39:51.891+00:00,0.076784,0.4010179329998209,sqs-worker-5986dcd897-x8rdl,ip-192-168-20-201.ec2.internal,9f793248337bb57c198b1a449ecf9616acc78209793473c081533854bbe8d76b,1,1187.0,1588.0
1,hpa-poisson-404-415cae17,000062,35.721922,2026-08-31T19:39:54.274+00:00,2026-08-31T19:39:50.497+00:00,2026-08-31T19:39:51.984+00:00,2026-08-31T19:39:51.984+00:00,2026-08-31T19:39:52.289+00:00,2026-08-31T19:39:52.289+00:00,0.053581,0.30592114600040077,sqs-worker-5986dcd897-x8rdl,ip-192-168-20-201.ec2.internal,2891721255338045c05d3b0e4dc9b36ae84b33aceec88c8be10f6228104450ec,1,1487.0,1792.0
1,hpa-poisson-404-415cae17,000063,37.468595,2026-08-31T19:39:56.019+00:00,2026-08-31T19:39:52.244+00:00,2026-08-31T19:39:52.320+00:00,2026-08-31T19:39:52.320+00:00,2026-08-31T19:39:52.506+00:00,2026-08-31T19:39:52.506+00:00,0.082477,0.18613743700007035,sqs-worker-5986dcd897-x8rdl,ip-192-168-20-201.ec2.internal,487d781605a495f10e634d0659e3cf77ca1fe673ad70a30e201cddfbe2222b8d,1,76.0,262.0
1,hpa-poisson-404-415cae17,000064,37.863287,2026-08-31T19:39:56.414+00:00,2026-08-31T19:39:52.675+00:00,2026-08-31T19:39:52.679+00:00,2026-08-31T19:39:52.680+00:00,2026-08-31T19:39:53.195+00:00,2026-08-31T19:39:53.195+00:00,0.212556,0.5157037980006862,sqs-worker-5986dcd897-x8rdl,ip-192-168-20-201.ec2.internal,3826728990646c190ea736669ca8f023b2322539c24856f35b5dc5b0fd7a7abb,1,4.0,520.0
1,hpa-poisson-404-415cae17,000065,38.639724,2026-08-31T19:39:57.191+00:00,2026-08-31T19:39:53.415+00:00,2026-08-31T19:39:53.421+00:00,2026-08-31T19:39:53.421+00:00,2026-08-31T19:39:53.485+00:00,2026-08-31T19:39:53.485+00:00,0.042019,0.06364994300020044,sqs-worker-5986dcd897-x8rdl,ip-192-168-20-201.ec2.internal,92aec9df073879f55f07f3e3fe7ca9c3d3efa22021e651cef6d2bc7bf6a89dd7,1,6.0,70.0
1,hpa-poisson-404-415cae17,000066,38.768769,2026-08-31T19:39:57.319+00:00,2026-08-31T19:39:53.551+00:00,2026-08-31T19:39:53.573+00:00,2026-08-31T19:39:53.573+00:00,2026-08-31T19:39:53.783+00:00,2026-08-31T19:39:53.783+00:00,0.09467,0.21025952700074413,sqs-worker-5986dcd897-x8rdl,ip-192-168-20-201.ec2.internal,f01cb1ffd763473379e908b6e232cf8c5c0b0c6a154eda3e6caa6df5c2c6e062,1,22.0,232.0
1,hpa-poisson-404-415cae17,000067,38.824762,2026-08-31T19:39:57.375+00:00,2026-08-31T19:39:53.603+00:00,2026-08-31T19:39:53.807+00:00,2026-08-31T19:39:53.807+00:00,2026-08-31T19:39:54.207+00:00,2026-08-31T19:39:54.207+00:00,0.173848,0.3999486539996724,sqs-worker-5986dcd897-x8rdl,ip-192-168-20-201.ec2.internal,33a125162ba0e622bb5944a492f1d2cb0791bb5e3e2a538074570c61a9f4e678,1,204.0,604.0
1,hpa-poisson-404-415cae17,000068,39.325993,2026-08-31T19:39:57.877+00:00,2026-08-31T19:39:54.100+00:00,2026-08-31T19:39:54.230+00:00,2026-08-31T19:39:54.230+00:00,2026-08-31T19:39:54.378+00:00,2026-08-31T19:39:54.378+00:00,0.0526,0.14861743100118474,sqs-worker-5986dcd897-x8rdl,ip-192-168-20-201.ec2.internal,2d6429f4e288cda74f3a1ce86574bde8a03d5d098f7345194622d589ee37487e,1,130.0,278.0
1,hpa-poisson-404-415cae17,000069,41.800137,2026-08-31T19:40:00.353+00:00,2026-08-31T19:39:56.579+00:00,2026-08-31T19:39:56.583+00:00,2026-08-31T19:39:56.583+00:00,2026-08-31T19:39:56.690+00:00,2026-08-31T19:39:56.690+00:00,0.046973,0.10646767999969597,sqs-worker-5986dcd897-x8rdl,ip-192-168-20-201.ec2.internal,ebcc8e00f04b2cdd3b49f8b45d0bf5811832241d210bace38a9b9cd59d5cb62a,1,4.0,111.0
1,hpa-poisson-404-415cae17,000070,42.150345,2026-08-31T19:40:00.701+00:00,2026-08-31T19:39:56.927+00:00,2026-08-31T19:39:56.934+00:00,2026-08-31T19:39:56.934+00:00,2026-08-31T19:39:57.214+00:00,2026-08-31T19:39:57.214+00:00,0.151293,0.2802731320007297,sqs-worker-5986dcd897-x8rdl,ip-192-168-20-201.ec2.internal,bfa957576ca29525a5bc0f0a86923e7f33218cc9b530fed1dfc2a79c5405f6a6,1,7.0,287.0
1,hpa-poisson-404-415cae17,000071,42.332842,2026-08-31T19:40:00.883+00:00,2026-08-31T19:39:57.114+00:00,2026-08-31T19:39:57.243+00:00,2026-08-31T19:39:57.243+00:00,2026-08-31T19:39:57.821+00:00,2026-08-31T19:39:57.821+00:00,0.24253,0.5778210839998792,sqs-worker-5986dcd897-x8rdl,ip-192-168-20-201.ec2.internal,9044e499db16b3f433dab07dec00e025aabb2380ecaff807d27fed8036eab32d,1,129.0,707.0
1,hpa-poisson-404-415cae17,000072,42.660908,2026-08-31T19:40:01.211+00:00,2026-08-31T19:39:57.441+00:00,2026-08-31T19:39:57.898+00:00,2026-08-31T19:39:57.898+00:00,2026-08-31T19:39:58.614+00:00,2026-08-31T19:39:58.614+00:00,0.310488,0.7163434110007074,sqs-worker-5986dcd897-x8rdl,ip-192-168-20-201.ec2.internal,8e7b0c1a150432ca2772dd6b1197c262d90b6fd802163f4acc1c26752f82d7a1,1,457.0,1173.0
1,hpa-poisson-404-415cae17,000073,45.127687,2026-08-31T19:40:03.680+00:00,2026-08-31T19:39:59.907+00:00,2026-08-31T19:39:59.911+00:00,2026-08-31T19:39:59.911+00:00,2026-08-31T19:40:00.487+00:00,2026-08-31T19:40:00.487+00:00,0.129478,0.5756518159996631,sqs-worker-5986dcd897-x8rdl,ip-192-168-20-201.ec2.internal,85f9ebf5eca1dd407cc349b284543fd8564dc1d30a5505d699908154db722f74,1,4.0,580.0
1,hpa-poisson-404-415cae17,000074,45.288401,2026-08-31T19:40:03.839+00:00,2026-08-31T19:40:00.065+00:00,2026-08-31T19:40:00.605+00:00,2026-08-31T19:40:00.605+00:00,2026-08-31T19:40:00.694+00:00,2026-08-31T19:40:00.694+00:00,0.017476,0.08915642699867021,sqs-worker-5986dcd897-x8rdl,ip-192-168-20-201.ec2.internal,e7cead0e7dc9184b23e3215f349584e9ec3dfb0f08744834446e51313376621c,1,540.0,629.0
1,hpa-poisson-404-415cae17,000076,46.358484,2026-08-31T19:40:04.910+00:00,2026-08-31T19:40:01.136+00:00,2026-08-31T19:40:01.142+00:00,2026-08-31T19:40:01.142+00:00,2026-08-31T19:40:01.351+00:00,2026-08-31T19:40:01.351+00:00,0.095004,0.20883605100061686,sqs-worker-5986dcd897-d59l8,ip-192-168-20-201.ec2.internal,122a822db18b3c9ee697cf5f6514068b1e5e88e77f6c9bbdea301e544a99e200,1,6.0,215.0
1,hpa-poisson-404-415cae17,000075,45.618454,2026-08-31T19:40:04.169+00:00,2026-08-31T19:40:00.395+00:00,2026-08-31T19:40:00.783+00:00,2026-08-31T19:40:00.783+00:00,2026-08-31T19:40:01.394+00:00,2026-08-31T19:40:01.394+00:00,0.114071,0.6104927440010215,sqs-worker-5986dcd897-x8rdl,ip-192-168-20-201.ec2.internal,8bb028b7882c441df1cf7573de7b2b71d27684c0c5d165b28ecae95de1b23221,1,388.0,999.0
1,hpa-poisson-404-415cae17,000077,46.539467,2026-08-31T19:40:05.090+00:00,2026-08-31T19:40:01.315+00:00,2026-08-31T19:40:01.397+00:00,2026-08-31T19:40:01.397+00:00,2026-08-31T19:40:02.252+00:00,2026-08-31T19:40:02.252+00:00,0.356021,0.8549001669998688,sqs-worker-5986dcd897-d59l8,ip-192-168-20-201.ec2.internal,193a7872a4f37ebe16025bbfe259c6cf9c021fa0f918c4fbc230e4ec0e2dbe2a,1,82.0,937.0
1,hpa-poisson-404-415cae17,000078,46.937614,2026-08-31T19:40:05.488+00:00,2026-08-31T19:40:01.712+00:00,2026-08-31T19:40:01.715+00:00,2026-08-31T19:40:01.715+00:00,2026-08-31T19:40:02.390+00:00,2026-08-31T19:40:02.390+00:00,0.268763,0.6742005320011231,sqs-worker-5986dcd897-x8rdl,ip-192-168-20-201.ec2.internal,c9169d7cb89199f5276907a1152d0068e9e8f58c195720af541d619bfa74a676,1,3.0,678.0
1,hpa-poisson-404-415cae17,000080,48.142558,2026-08-31T19:40:06.694+00:00,2026-08-31T19:40:02.916+00:00,2026-08-31T19:40:02.933+00:00,2026-08-31T19:40:02.933+00:00,2026-08-31T19:40:02.961+00:00,2026-08-31T19:40:02.961+00:00,0.027768,0.028132844001447666,sqs-worker-5986dcd897-x8rdl,ip-192-168-20-201.ec2.internal,b8ae3a50ec0edd64773f2d3d520747b3ee0047b86dc00bb49af2580bf4b6ed06,1,17.0,45.0
1,hpa-poisson-404-415cae17,000079,47.084457,2026-08-31T19:40:05.635+00:00,2026-08-31T19:40:01.861+00:00,2026-08-31T19:40:02.283+00:00,2026-08-31T19:40:02.283+00:00,2026-08-31T19:40:03.004+00:00,2026-08-31T19:40:03.004+00:00,0.294266,0.7204750849996344,sqs-worker-5986dcd897-d59l8,ip-192-168-20-201.ec2.internal,72baa90c40c3ff6fe516bd62494139e5313fe1eb840936cdf9f2c359062950c0,1,422.0,1143.0
1,hpa-poisson-404-415cae17,000081,48.205545,2026-08-31T19:40:06.756+00:00,2026-08-31T19:40:02.987+00:00,2026-08-31T19:40:03.018+00:00,2026-08-31T19:40:03.018+00:00,2026-08-31T19:40:03.498+00:00,2026-08-31T19:40:03.498+00:00,0.216637,0.47981870399962645,sqs-worker-5986dcd897-x8rdl,ip-192-168-20-201.ec2.internal,0ae050d7165441086a509acb26cbad33c658a1d45f1527ae1edbf08651dc6d86,1,31.0,511.0
1,hpa-poisson-404-415cae17,000082,48.296567,2026-08-31T19:40:06.847+00:00,2026-08-31T19:40:03.075+00:00,2026-08-31T19:40:03.078+00:00,2026-08-31T19:40:03.078+00:00,2026-08-31T19:40:04.201+00:00,2026-08-31T19:40:04.201+00:00,0.46305,1.1228680929998518,sqs-worker-5986dcd897-d59l8,ip-192-168-20-201.ec2.internal,a4616c9b06398b88ea175db5e40603fcfd4ea9d646a1ff30d6709a1d1d3bb49f,1,3.0,1126.0
1,hpa-poisson-404-415cae17,000083,48.624339,2026-08-31T19:40:07.175+00:00,2026-08-31T19:40:03.400+00:00,2026-08-31T19:40:03.584+00:00,2026-08-31T19:40:03.584+00:00,2026-08-31T19:40:04.485+00:00,2026-08-31T19:40:04.485+00:00,0.361855,0.9005915069992625,sqs-worker-5986dcd897-x8rdl,ip-192-168-20-201.ec2.internal,105be89cd92548f315b888a47393a1b85109cbf32fdb201925f4ca212458dd75,1,184.0,1085.0
1,hpa-poisson-404-415cae17,000084,49.516576,2026-08-31T19:40:08.068+00:00,2026-08-31T19:40:04.293+00:00,2026-08-31T19:40:04.301+00:00,2026-08-31T19:40:04.301+00:00,2026-08-31T19:40:04.644+00:00,2026-08-31T19:40:04.644+00:00,0.165233,0.3435166420003952,sqs-worker-5986dcd897-d59l8,ip-192-168-20-201.ec2.internal,2f1d05105adb528fdaf08e53a570cfffcbca6e40394e192ed2c9427bb6b71867,1,8.0,351.0
1,hpa-poisson-404-415cae17,000085,50.50025,2026-08-31T19:40:09.052+00:00,2026-08-31T19:40:05.276+00:00,2026-08-31T19:40:05.283+00:00,2026-08-31T19:40:05.283+00:00,2026-08-31T19:40:05.703+00:00,2026-08-31T19:40:05.703+00:00,0.185792,0.4195169260001421,sqs-worker-5986dcd897-d59l8,ip-192-168-20-201.ec2.internal,7ce7524c5ce387cdefa80ca8be069606838cb4fa474c9a0a87de449d0569afb2,1,7.0,427.0
1,hpa-poisson-404-415cae17,000086,52.160665,2026-08-31T19:40:10.713+00:00,2026-08-31T19:40:06.943+00:00,2026-08-31T19:40:06.947+00:00,2026-08-31T19:40:06.947+00:00,2026-08-31T19:40:07.089+00:00,2026-08-31T19:40:07.089+00:00,0.084879,0.14154727999994066,sqs-worker-5986dcd897-x8rdl,ip-192-168-20-201.ec2.internal,5f50b3bc73863cb9eaae4d2a80bcd51e6fd0aa90784e933980a8a3e6bd36dd6d,1,4.0,146.0
1,hpa-poisson-404-415cae17,000087,52.512874,2026-08-31T19:40:11.063+00:00,2026-08-31T19:40:07.293+00:00,2026-08-31T19:40:07.297+00:00,2026-08-31T19:40:07.297+00:00,2026-08-31T19:40:07.423+00:00,2026-08-31T19:40:07.423+00:00,0.08027,0.12638108499959344,sqs-worker-5986dcd897-x8rdl,ip-192-168-20-201.ec2.internal,f18fe42240a007410214f6cd0e03f8dfdff4480b5ce30bf0103f523cf13079e4,1,4.0,130.0
1,hpa-poisson-404-415cae17,000088,52.585434,2026-08-31T19:40:11.136+00:00,2026-08-31T19:40:07.383+00:00,2026-08-31T19:40:07.391+00:00,2026-08-31T19:40:07.391+00:00,2026-08-31T19:40:08.103+00:00,2026-08-31T19:40:08.103+00:00,0.294868,0.7117491650005832,sqs-worker-5986dcd897-d59l8,ip-192-168-20-201.ec2.internal,e7e81a8d404e6b00259561c6242138eab31274bee5fbcf3404e969562789a57b,1,8.0,720.0
1,hpa-poisson-404-415cae17,000089,53.03714,2026-08-31T19:40:11.588+00:00,2026-08-31T19:40:07.820+00:00,2026-08-31T19:40:07.824+00:00,2026-08-31T19:40:07.825+00:00,2026-08-31T19:40:08.202+00:00,2026-08-31T19:40:08.202+00:00,0.179263,0.377582983001048,sqs-worker-5986dcd897-x8rdl,ip-192-168-20-201.ec2.internal,2ba77121638a5b833efb46171de133b25f39983a92c01d18a7ba028fc3b6051e,1,4.0,382.0
1,hpa-poisson-404-415cae17,000090,53.899254,2026-08-31T19:40:12.450+00:00,2026-08-31T19:40:08.679+00:00,2026-08-31T19:40:08.688+00:00,2026-08-31T19:40:08.688+00:00,2026-08-31T19:40:08.749+00:00,2026-08-31T19:40:08.749+00:00,0.05457,0.060387344001355814,sqs-worker-5986dcd897-d59l8,ip-192-168-20-201.ec2.internal,bd447c62adabd928c528ade8d35f4ffee5748e2e39e8c04220a22e7ecc43e234,1,9.0,70.0
1,hpa-poisson-404-415cae17,000091,54.291656,2026-08-31T19:40:12.842+00:00,2026-08-31T19:40:09.072+00:00,2026-08-31T19:40:09.077+00:00,2026-08-31T19:40:09.077+00:00,2026-08-31T19:40:09.247+00:00,2026-08-31T19:40:09.247+00:00,0.092653,0.16934698600016418,sqs-worker-5986dcd897-d59l8,ip-192-168-20-201.ec2.internal,2fa69f43bf105ac4f06deaeab41df51131e003ad10e0c3a310de07a2cb6ff7c2,1,5.0,175.0
1,hpa-poisson-404-415cae17,000092,55.001852,2026-08-31T19:40:13.553+00:00,2026-08-31T19:40:09.778+00:00,2026-08-31T19:40:09.781+00:00,2026-08-31T19:40:09.781+00:00,2026-08-31T19:40:10.344+00:00,2026-08-31T19:40:10.344+00:00,0.250092,0.5633093689993984,sqs-worker-5986dcd897-d59l8,ip-192-168-20-201.ec2.internal,37875a3c13a34b9767f9973881e1ded43f86a9a0977b2a9784284f8ba5935cf9,1,3.0,566.0
1,hpa-poisson-404-415cae17,000093,55.398563,2026-08-31T19:40:13.949+00:00,2026-08-31T19:40:10.175+00:00,2026-08-31T19:40:10.187+00:00,2026-08-31T19:40:10.187+00:00,2026-08-31T19:40:11.298+00:00,2026-08-31T19:40:11.298+00:00,0.229317,1.1114042450008128,sqs-worker-5986dcd897-x8rdl,ip-192-168-20-201.ec2.internal,5d0e1cdc807b704d8edd7695e3fdd91935a7c796b8040787c710c852329de7a8,1,12.0,1123.0
1,hpa-poisson-404-415cae17,000095,57.392231,2026-08-31T19:40:15.944+00:00,2026-08-31T19:40:12.172+00:00,2026-08-31T19:40:12.176+00:00,2026-08-31T19:40:12.176+00:00,2026-08-31T19:40:12.794+00:00,2026-08-31T19:40:12.794+00:00,0.251411,0.6175915320000058,sqs-worker-5986dcd897-x8rdl,ip-192-168-20-201.ec2.internal,037dc78f82356cf8b7409fcb9dfe56eb7a22989dd894a8a1f58edcbeb6f3cd5a,1,4.0,622.0
1,hpa-poisson-404-415cae17,000096,57.700212,2026-08-31T19:40:16.251+00:00,2026-08-31T19:40:12.482+00:00,2026-08-31T19:40:12.822+00:00,2026-08-31T19:40:12.822+00:00,2026-08-31T19:40:13.083+00:00,2026-08-31T19:40:13.083+00:00,0.105018,0.2612794520009629,sqs-worker-5986dcd897-x8rdl,ip-192-168-20-201.ec2.internal,dc5c1a3fc89834e06ec1ca125754826d5abb32096e8233bedfc4a46b70e3f0cb,1,340.0,601.0
1,hpa-poisson-404-415cae17,000094,55.863638,2026-08-31T19:40:14.414+00:00,2026-08-31T19:40:10.647+00:00,2026-08-31T19:40:10.651+00:00,2026-08-31T19:40:10.651+00:00,2026-08-31T19:40:13.339+00:00,2026-08-31T19:40:13.339+00:00,0.601681,2.688469475000602,sqs-worker-5986dcd897-d59l8,ip-192-168-20-201.ec2.internal,a1de07ee7392af61f3a3aa8d2cee126582416624842a8cc218743d39b9de79b1,1,4.0,2692.0
1,hpa-poisson-404-415cae17,000097,58.165906,2026-08-31T19:40:16.717+00:00,2026-08-31T19:40:12.948+00:00,2026-08-31T19:40:13.166+00:00,2026-08-31T19:40:13.166+00:00,2026-08-31T19:40:13.509+00:00,2026-08-31T19:40:13.509+00:00,0.165448,0.343531010001243,sqs-worker-5986dcd897-x8rdl,ip-192-168-20-201.ec2.internal,19c621a3fdb7c5c466912f945ed0c7bfa3ff7a27a99858514464db0da12331f7,1,218.0,561.0
1,hpa-poisson-404-415cae17,000098,58.577915,2026-08-31T19:40:17.129+00:00,2026-08-31T19:40:13.355+00:00,2026-08-31T19:40:13.436+00:00,2026-08-31T19:40:13.436+00:00,2026-08-31T19:40:13.648+00:00,2026-08-31T19:40:13.648+00:00,0.052438,0.21123179499954858,sqs-worker-5986dcd897-d59l8,ip-192-168-20-201.ec2.internal,955afc2283fa880da670a9aab1a0cd902e97ce1e64c7941b8930d34b821720e1,1,81.0,293.0
1,hpa-poisson-404-415cae17,000099,60.891159,2026-08-31T19:40:19.444+00:00,2026-08-31T19:40:15.669+00:00,2026-08-31T19:40:15.673+00:00,2026-08-31T19:40:15.673+00:00,2026-08-31T19:40:15.887+00:00,2026-08-31T19:40:15.887+00:00,0.098404,0.21463395999853674,sqs-worker-5986dcd897-x8rdl,ip-192-168-20-201.ec2.internal,9d7d167aadb3d5ffd0921b95ae23024c9eb3a59eb1ab2388cf59014740c74ea1,1,4.0,218.0
1,hpa-poisson-404-415cae17,000100,62.426645,2026-08-31T19:40:20.979+00:00,2026-08-31T19:40:17.205+00:00,2026-08-31T19:40:17.219+00:00,2026-08-31T19:40:17.219+00:00,2026-08-31T19:40:17.441+00:00,2026-08-31T19:40:17.441+00:00,0.101379,0.22146971300026053,sqs-worker-5986dcd897-d59l8,ip-192-168-20-201.ec2.internal,b6e604c297df8c68fbfc37877b09e70c09c86b1fae1e91c36b54a7dc3f18a1d3,1,14.0,236.0
1,hpa-poisson-404-415cae17,000101,62.709685,2026-08-31T19:40:21.260+00:00,2026-08-31T19:40:17.485+00:00,2026-08-31T19:40:17.489+00:00,2026-08-31T19:40:17.489+00:00,2026-08-31T19:40:17.494+00:00,2026-08-31T19:40:17.494+00:00,0.005,0.005039795998527552,sqs-worker-5986dcd897-d59l8,ip-192-168-20-201.ec2.internal,a04c2f9f900f38b9fb6718c9e9e4cd1ce6e8382cb34b7b7c6653869def0f7f6f,1,4.0,9.0
1,hpa-poisson-404-415cae17,000102,63.079338,2026-08-31T19:40:21.630+00:00,2026-08-31T19:40:17.859+00:00,2026-08-31T19:40:17.863+00:00,2026-08-31T19:40:17.863+00:00,2026-08-31T19:40:18.497+00:00,2026-08-31T19:40:18.497+00:00,0.267726,0.6335153620002529,sqs-worker-5986dcd897-x8rdl,ip-192-168-20-201.ec2.internal,4a58c0d988b46016d3242ad30a0c7b4575bb15115e75812feea84b8b38a103aa,1,4.0,638.0
1,hpa-poisson-404-415cae17,000104,63.437924,2026-08-31T19:40:21.988+00:00,2026-08-31T19:40:18.214+00:00,2026-08-31T19:40:18.218+00:00,2026-08-31T19:40:18.218+00:00,2026-08-31T19:40:18.909+00:00,2026-08-31T19:40:18.909+00:00,0.284521,0.691449048999857,sqs-worker-5986dcd897-d59l8,ip-192-168-20-201.ec2.internal,03a003b66f49b41b11ac8e010df22a33e7644927cba12c4faa6d216833df05ca,1,4.0,695.0
1,hpa-poisson-404-415cae17,000105,63.781203,2026-08-31T19:40:22.332+00:00,2026-08-31T19:40:18.575+00:00,2026-08-31T19:40:18.579+00:00,2026-08-31T19:40:18.579+00:00,2026-08-31T19:40:18.995+00:00,2026-08-31T19:40:18.995+00:00,0.180734,0.4150749540003744,sqs-worker-5986dcd897-x8rdl,ip-192-168-20-201.ec2.internal,e2ceb2c1cba48fa0f204e9976e4b68bbb41b77c17d7f59f56d3b095d5b5955b5,1,4.0,420.0
1,hpa-poisson-404-415cae17,000103,63.366064,2026-08-31T19:40:21.917+00:00,2026-08-31T19:40:18.141+00:00,2026-08-31T19:40:18.145+00:00,2026-08-31T19:40:18.145+00:00,2026-08-31T19:40:19.425+00:00,2026-08-31T19:40:19.425+00:00,0.545001,1.2803260609998688,sqs-worker-5986dcd897-fmkjh,ip-192-168-20-201.ec2.internal,c6ee0a6fe927824acb15a172eafe2649d68b7473c46ecd60b73c81a858a34c81,1,4.0,1284.0
1,hpa-poisson-404-415cae17,000106,64.342232,2026-08-31T19:40:22.893+00:00,2026-08-31T19:40:19.117+00:00,2026-08-31T19:40:19.121+00:00,2026-08-31T19:40:19.121+00:00,2026-08-31T19:40:19.793+00:00,2026-08-31T19:40:19.793+00:00,0.270947,0.6727308159988752,sqs-worker-5986dcd897-x8rdl,ip-192-168-20-201.ec2.internal,d6c9f68a00a125f8e824ca86967417c54c19ffec0c8fb435d8faf99c040a9a13,1,4.0,676.0
1,hpa-poisson-404-415cae17,000108,65.072887,2026-08-31T19:40:23.624+00:00,2026-08-31T19:40:19.848+00:00,2026-08-31T19:40:19.852+00:00,2026-08-31T19:40:19.852+00:00,2026-08-31T19:40:20.028+00:00,2026-08-31T19:40:20.028+00:00,0.100101,0.17585655499897257,sqs-worker-5986dcd897-fmkjh,ip-192-168-20-201.ec2.internal,9c34f6641aaf7181b4bc6d06d654529c2004426e218e4e8590faa19d997b77d6,1,4.0,180.0
1,hpa-poisson-404-415cae17,000107,64.623784,2026-08-31T19:40:23.174+00:00,2026-08-31T19:40:19.400+00:00,2026-08-31T19:40:19.404+00:00,2026-08-31T19:40:19.404+00:00,2026-08-31T19:40:20.455+00:00,2026-08-31T19:40:20.455+00:00,0.442198,1.0516281870004605,sqs-worker-5986dcd897-d59l8,ip-192-168-20-201.ec2.internal,156321c6b396bbb176c5cc5ba1e18a0dc641ec27cf2d55df01a4649293089603,1,4.0,1055.0
1,hpa-poisson-404-415cae17,000109,65.174518,2026-08-31T19:40:23.725+00:00,2026-08-31T19:40:19.949+00:00,2026-08-31T19:40:19.987+00:00,2026-08-31T19:40:19.987+00:00,2026-08-31T19:40:21.899+00:00,2026-08-31T19:40:21.899+00:00,0.376498,1.9119329740005924,sqs-worker-5986dcd897-x8rdl,ip-192-168-20-201.ec2.internal,7506ae2a78c96deae5c5330138ac48c0a906289248a79385b6a005c737875536,1,38.0,1950.0
1,hpa-poisson-404-415cae17,000111,67.390328,2026-08-31T19:40:25.939+00:00,2026-08-31T19:40:22.171+00:00,2026-08-31T19:40:22.175+00:00,2026-08-31T19:40:22.175+00:00,2026-08-31T19:40:22.340+00:00,2026-08-31T19:40:22.340+00:00,0.025894,0.16450957200140692,sqs-worker-5986dcd897-d59l8,ip-192-168-20-201.ec2.internal,1a7265ff2632c8dda00212dfd70a5a04f2d919b802d45341901d123fe1151f3a,1,4.0,169.0
1,hpa-poisson-404-415cae17,000110,66.638873,2026-08-31T19:40:25.187+00:00,2026-08-31T19:40:21.415+00:00,2026-08-31T19:40:21.419+00:00,2026-08-31T19:40:21.419+00:00,2026-08-31T19:40:22.595+00:00,2026-08-31T19:40:22.595+00:00,0.477127,1.1766379580003559,sqs-worker-5986dcd897-fmkjh,ip-192-168-20-201.ec2.internal,4cc428b19fc2da30bf11b9c21696e6aab17cdf6bf668c8714c8816ef6685ab9d,1,4.0,1180.0
1,hpa-poisson-404-415cae17,000113,67.62719,2026-08-31T19:40:26.175+00:00,2026-08-31T19:40:22.408+00:00,2026-08-31T19:40:22.413+00:00,2026-08-31T19:40:22.413+00:00,2026-08-31T19:40:22.957+00:00,2026-08-31T19:40:22.957+00:00,0.236378,0.5441090029999032,sqs-worker-5986dcd897-d59l8,ip-192-168-20-201.ec2.internal,cf2d1fbbc89b4d59b665c68746c2fc5197348edf6a5662448f71cfab4b7d4e60,1,5.0,549.0
1,hpa-poisson-404-415cae17,000112,67.399465,2026-08-31T19:40:25.948+00:00,2026-08-31T19:40:22.179+00:00,2026-08-31T19:40:22.275+00:00,2026-08-31T19:40:22.275+00:00,2026-08-31T19:40:24.105+00:00,2026-08-31T19:40:24.105+00:00,0.728668,1.8305046650002623,sqs-worker-5986dcd897-x8rdl,ip-192-168-20-201.ec2.internal,bf9cea712921d66f7b00fa01627fc5dc47bd9dbf7f99b80b53ec4c36e5300241,1,96.0,1926.0
1,hpa-poisson-404-415cae17,000114,68.397025,2026-08-31T19:40:26.946+00:00,2026-08-31T19:40:23.172+00:00,2026-08-31T19:40:23.175+00:00,2026-08-31T19:40:23.175+00:00,2026-08-31T19:40:24.245+00:00,2026-08-31T19:40:24.245+00:00,0.450432,1.0694720310002594,sqs-worker-5986dcd897-d59l8,ip-192-168-20-201.ec2.internal,2e3472e7954148719db673f0d44fe384cdeb5978d745b9670bd1b1e81c4e5b2c,1,3.0,1073.0
1,hpa-poisson-404-415cae17,000115,69.75611,2026-08-31T19:40:28.305+00:00,2026-08-31T19:40:24.534+00:00,2026-08-31T19:40:24.539+00:00,2026-08-31T19:40:24.539+00:00,2026-08-31T19:40:24.576+00:00,2026-08-31T19:40:24.576+00:00,0.037085,0.037151489001189475,sqs-worker-5986dcd897-fmkjh,ip-192-168-20-201.ec2.internal,0700646319848c82dfdf1fb91fbf5836d805ad6a76a2a952ef8700bcfe3816f6,1,5.0,42.0
1,hpa-poisson-404-415cae17,000117,70.356925,2026-08-31T19:40:28.905+00:00,2026-08-31T19:40:25.161+00:00,2026-08-31T19:40:25.170+00:00,2026-08-31T19:40:25.170+00:00,2026-08-31T19:40:25.405+00:00,2026-08-31T19:40:25.405+00:00,0.11785,0.23495831100080977,sqs-worker-5986dcd897-d59l8,ip-192-168-20-201.ec2.internal,5c882b053b000c78eae50e9907d471cc2bb1badf940790eb6baec2d1aca1c1cb,1,9.0,244.0
1,hpa-poisson-404-415cae17,000118,70.82544,2026-08-31T19:40:29.374+00:00,2026-08-31T19:40:25.599+00:00,2026-08-31T19:40:25.603+00:00,2026-08-31T19:40:25.603+00:00,2026-08-31T19:40:25.638+00:00,2026-08-31T19:40:25.638+00:00,0.034585,0.03522037199945771,sqs-worker-5986dcd897-x8rdl,ip-192-168-20-201.ec2.internal,4fad0fc132a07e658a485858e8a730052197c604141ac94f876ad5b10f64de2b,1,4.0,39.0
1,hpa-poisson-404-415cae17,000119,70.847369,2026-08-31T19:40:29.395+00:00,2026-08-31T19:40:25.621+00:00,2026-08-31T19:40:25.625+00:00,2026-08-31T19:40:25.625+00:00,2026-08-31T19:40:25.741+00:00,2026-08-31T19:40:25.741+00:00,0.055191,0.11559854299957806,sqs-worker-5986dcd897-d59l8,ip-192-168-20-201.ec2.internal,cf8b693f8d5a3aa430ffd2b7573b3bec0cab99725ed37351d6dbd17c80831974,1,4.0,120.0
1,hpa-poisson-404-415cae17,000120,70.942972,2026-08-31T19:40:29.491+00:00,2026-08-31T19:40:25.716+00:00,2026-08-31T19:40:25.720+00:00,2026-08-31T19:40:25.720+00:00,2026-08-31T19:40:25.938+00:00,2026-08-31T19:40:25.938+00:00,0.11777,0.21797221999986505,sqs-worker-5986dcd897-x8rdl,ip-192-168-20-201.ec2.internal,e242b6777123359c1449006d0cf450caf8dd68f2529320b4143ffed150d3f867,1,4.0,222.0
1,hpa-poisson-404-415cae17,000121,71.122492,2026-08-31T19:40:29.671+00:00,2026-08-31T19:40:25.894+00:00,2026-08-31T19:40:25.898+00:00,2026-08-31T19:40:25.899+00:00,2026-08-31T19:40:26.227+00:00,2026-08-31T19:40:26.227+00:00,0.148252,0.32819688800009317,sqs-worker-5986dcd897-d59l8,ip-192-168-20-201.ec2.internal,949659ddc3de53337842f6601a9bf8c46ff5a3068b9cccf4ebfd8411fc5c8c22,1,4.0,333.0
1,hpa-poisson-404-415cae17,000116,70.306569,2026-08-31T19:40:28.855+00:00,2026-08-31T19:40:25.082+00:00,2026-08-31T19:40:25.085+00:00,2026-08-31T19:40:25.085+00:00,2026-08-31T19:40:26.086+00:00,2026-08-31T19:40:26.086+00:00,0.386772,1.0007047540002532,sqs-worker-5986dcd897-fmkjh,ip-192-168-20-201.ec2.internal,8034b397802b6b26636032dfea77173bd7e6cc2fd684162a1cd3b5f6cc18ccdf,1,3.0,1004.0
1,hpa-poisson-404-415cae17,000122,71.742575,2026-08-31T19:40:30.291+00:00,2026-08-31T19:40:26.518+00:00,2026-08-31T19:40:26.522+00:00,2026-08-31T19:40:26.522+00:00,2026-08-31T19:40:26.584+00:00,2026-08-31T19:40:26.584+00:00,0.005,0.06167011500110675,sqs-worker-5986dcd897-fmkjh,ip-192-168-20-201.ec2.internal,fde55421a0bc5744323c64d2817edcd77369131f0592f33e151a818f7d7d5cf0,1,4.0,66.0
1,hpa-poisson-404-415cae17,000123,71.997502,2026-08-31T19:40:30.546+00:00,2026-08-31T19:40:26.773+00:00,2026-08-31T19:40:26.776+00:00,2026-08-31T19:40:26.776+00:00,2026-08-31T19:40:26.806+00:00,2026-08-31T19:40:26.807+00:00,0.014574,0.030528338000294752,sqs-worker-5986dcd897-fmkjh,ip-192-168-20-201.ec2.internal,78e6959805ad613799a1b66b71253468bbd09a60d628f7b7709f09e02e806b9a,1,3.0,33.0
1,hpa-poisson-404-415cae17,000124,72.07969,2026-08-31T19:40:30.628+00:00,2026-08-31T19:40:26.857+00:00,2026-08-31T19:40:26.860+00:00,2026-08-31T19:40:26.860+00:00,2026-08-31T19:40:27.475+00:00,2026-08-31T19:40:27.475+00:00,0.255325,0.6158054620009352,sqs-worker-5986dcd897-x8rdl,ip-192-168-20-201.ec2.internal,98f86f0a20ff98362dd788b71e11e7235267741d8dcfd63a9d97045fcbd04d72,1,3.0,618.0
1,hpa-poisson-404-415cae17,000125,72.499785,2026-08-31T19:40:31.048+00:00,2026-08-31T19:40:27.275+00:00,2026-08-31T19:40:27.283+00:00,2026-08-31T19:40:27.283+00:00,2026-08-31T19:40:27.894+00:00,2026-08-31T19:40:27.895+00:00,0.166695,0.6111943159994553,sqs-worker-5986dcd897-fmkjh,ip-192-168-20-201.ec2.internal,ae9aa2c7ec956d1d45e7bd812d22a7dc11db4a916dc0d9cde29ec2df016345c0,1,8.0,619.0
1,hpa-poisson-404-415cae17,000126,73.31399,2026-08-31T19:40:31.863+00:00,2026-08-31T19:40:28.093+00:00,2026-08-31T19:40:28.097+00:00,2026-08-31T19:40:28.097+00:00,2026-08-31T19:40:28.339+00:00,2026-08-31T19:40:28.339+00:00,0.120213,0.24216438500116055,sqs-worker-5986dcd897-d59l8,ip-192-168-20-201.ec2.internal,caa29e72fcbc10f13b6b52fa65345bc0f60e815f3cb0ea74f3d43d9b03dd77f4,1,4.0,246.0
1,hpa-poisson-404-415cae17,000127,73.490329,2026-08-31T19:40:32.038+00:00,2026-08-31T19:40:28.269+00:00,2026-08-31T19:40:28.273+00:00,2026-08-31T19:40:28.273+00:00,2026-08-31T19:40:29.012+00:00,2026-08-31T19:40:29.012+00:00,0.314936,0.7386854239994136,sqs-worker-5986dcd897-fmkjh,ip-192-168-20-201.ec2.internal,64fba21dc36afaf40d646ef8a01ce86becd7d62bb391fc1b1b6e76374abfbac3,1,4.0,743.0
1,hpa-poisson-404-415cae17,000128,74.470409,2026-08-31T19:40:33.019+00:00,2026-08-31T19:40:29.245+00:00,2026-08-31T19:40:29.250+00:00,2026-08-31T19:40:29.250+00:00,2026-08-31T19:40:29.365+00:00,2026-08-31T19:40:29.365+00:00,0.069564,0.1150474550013314,sqs-worker-5986dcd897-d59l8,ip-192-168-20-201.ec2.internal,89ee40996043a6ace989a36b7565f223ecf90608ff3aaa71f50772f58365ef18,1,5.0,120.0
1,hpa-poisson-404-415cae17,000129,74.473254,2026-08-31T19:40:33.021+00:00,2026-08-31T19:40:29.248+00:00,2026-08-31T19:40:29.252+00:00,2026-08-31T19:40:29.252+00:00,2026-08-31T19:40:29.712+00:00,2026-08-31T19:40:29.712+00:00,0.206529,0.4605773129987938,sqs-worker-5986dcd897-fmkjh,ip-192-168-20-201.ec2.internal,a38c8485d2dccc86b95a8a4ff99a86ac46797ae76ccd40f981ae93335e7ea7b3,1,4.0,464.0
1,hpa-poisson-404-415cae17,000130,74.903653,2026-08-31T19:40:33.452+00:00,2026-08-31T19:40:29.676+00:00,2026-08-31T19:40:29.681+00:00,2026-08-31T19:40:29.681+00:00,2026-08-31T19:40:30.050+00:00,2026-08-31T19:40:30.050+00:00,0.176868,0.36937510299867427,sqs-worker-5986dcd897-d59l8,ip-192-168-20-201.ec2.internal,11562c24c7bd1a3e0590f4d8301cdb4e84bc008884cde20d5ea9d341e97d277b,1,5.0,374.0
1,hpa-poisson-404-415cae17,000132,75.688291,2026-08-31T19:40:34.237+00:00,2026-08-31T19:40:30.463+00:00,2026-08-31T19:40:30.470+00:00,2026-08-31T19:40:30.470+00:00,2026-08-31T19:40:30.647+00:00,2026-08-31T19:40:30.647+00:00,0.092087,0.17715190000126313,sqs-worker-5986dcd897-d59l8,ip-192-168-20-201.ec2.internal,081ad6d83d1ac5ca5e9688e7cdd80dbf9ef09dfcf270aabb2e71f71366539915,1,7.0,184.0
1,hpa-poisson-404-415cae17,000131,74.91272,2026-08-31T19:40:33.461+00:00,2026-08-31T19:40:29.687+00:00,2026-08-31T19:40:29.707+00:00,2026-08-31T19:40:29.707+00:00,2026-08-31T19:40:30.791+00:00,2026-08-31T19:40:30.791+00:00,0.211911,1.0841968839995388,sqs-worker-5986dcd897-x8rdl,ip-192-168-20-201.ec2.internal,eb54a11de4fc57fcc213671326643f979421d1931d6f40a0c38e675ed359be4a,1,20.0,1104.0
1,hpa-poisson-404-415cae17,000133,75.848261,2026-08-31T19:40:34.396+00:00,2026-08-31T19:40:30.623+00:00,2026-08-31T19:40:30.626+00:00,2026-08-31T19:40:30.626+00:00,2026-08-31T19:40:31.646+00:00,2026-08-31T19:40:31.646+00:00,0.439853,1.0196467109999503,sqs-worker-5986dcd897-fmkjh,ip-192-168-20-201.ec2.internal,8b1b56ae340d62586fa0eb8a6cb58888f983108d7380b4413b72ffb65178567a,1,3.0,1022.9999999999999
1,hpa-poisson-404-415cae17,000134,77.332737,2026-08-31T19:40:35.882+00:00,2026-08-31T19:40:32.109+00:00,2026-08-31T19:40:32.114+00:00,2026-08-31T19:40:32.114+00:00,2026-08-31T19:40:32.409+00:00,2026-08-31T19:40:32.409+00:00,0.145725,0.2943486460007989,sqs-worker-5986dcd897-x8rdl,ip-192-168-20-201.ec2.internal,49d96ace9470077c2a1331bf7243eb6b7771e583bde02b5105571d2b2f201b5e,1,5.0,300.0
1,hpa-poisson-404-415cae17,000135,78.375913,2026-08-31T19:40:36.925+00:00,2026-08-31T19:40:33.155+00:00,2026-08-31T19:40:33.158+00:00,2026-08-31T19:40:33.158+00:00,2026-08-31T19:40:33.505+00:00,2026-08-31T19:40:33.505+00:00,0.170709,0.34655075699993176,sqs-worker-5986dcd897-x8rdl,ip-192-168-20-201.ec2.internal,c53fcdbf0a5c1742b2392a567645229c230b421b62438d592291188d704ee70c,1,3.0,350.0
1,hpa-poisson-404-415cae17,000137,78.700165,2026-08-31T19:40:37.248+00:00,2026-08-31T19:40:33.472+00:00,2026-08-31T19:40:33.486+00:00,2026-08-31T19:40:33.486+00:00,2026-08-31T19:40:33.637+00:00,2026-08-31T19:40:33.637+00:00,0.082093,0.15058491899981163,sqs-worker-5986dcd897-d59l8,ip-192-168-20-201.ec2.internal,3d71e70ddc3ace1d347eecd9b5792fab2af3875afd9e2ec103efb2defc00faf8,1,14.0,165.0
1,hpa-poisson-404-415cae17,000136,78.689425,2026-08-31T19:40:37.238+00:00,2026-08-31T19:40:33.467+00:00,2026-08-31T19:40:33.470+00:00,2026-08-31T19:40:33.470+00:00,2026-08-31T19:40:33.610+00:00,2026-08-31T19:40:33.610+00:00,0.069835,0.14038519300083863,sqs-worker-5986dcd897-fmkjh,ip-192-168-20-201.ec2.internal,6adb90aef87be82ba52453917fc94e55486346677e19fa58d5b8c521505c36d1,1,3.0,143.0
1,hpa-poisson-404-415cae17,000138,78.795371,2026-08-31T19:40:37.343+00:00,2026-08-31T19:40:33.569+00:00,2026-08-31T19:40:33.573+00:00,2026-08-31T19:40:33.573+00:00,2026-08-31T19:40:33.881+00:00,2026-08-31T19:40:33.881+00:00,0.131503,0.30834858600064763,sqs-worker-5986dcd897-x8rdl,ip-192-168-20-201.ec2.internal,f6d6587cf9452883bf9c3cb2a46e6db70ff8d5a6b3c97ebf7f8d4bbe76878260,1,4.0,312.0
1,hpa-poisson-404-415cae17,000139,80.782043,2026-08-31T19:40:39.332+00:00,2026-08-31T19:40:35.559+00:00,2026-08-31T19:40:35.563+00:00,2026-08-31T19:40:35.563+00:00,2026-08-31T19:40:36.058+00:00,2026-08-31T19:40:36.058+00:00,0.22266,0.49451864099864906,sqs-worker-5986dcd897-d59l8,ip-192-168-20-201.ec2.internal,81bc5495db10a6e42ca7c0035ab58909fbcc89afd8b4060008af3e70448f44dd,1,4.0,499.0
1,hpa-poisson-404-415cae17,000140,81.195342,2026-08-31T19:40:39.744+00:00,2026-08-31T19:40:35.969+00:00,2026-08-31T19:40:35.973+00:00,2026-08-31T19:40:35.974+00:00,2026-08-31T19:40:36.410+00:00,2026-08-31T19:40:36.410+00:00,0.192572,0.43689471099969523,sqs-worker-5986dcd897-x8rdl,ip-192-168-20-201.ec2.internal,23d9815d04935decab4b7a55c5f2a6cedd0cec6a1ad3ea76b9e86d968ea54265,1,4.0,441.0
1,hpa-poisson-404-415cae17,000141,82.390826,2026-08-31T19:40:40.940+00:00,2026-08-31T19:40:37.172+00:00,2026-08-31T19:40:37.183+00:00,2026-08-31T19:40:37.183+00:00,2026-08-31T19:40:37.421+00:00,2026-08-31T19:40:37.421+00:00,0.12052,0.2383661359999678,sqs-worker-5986dcd897-fmkjh,ip-192-168-20-201.ec2.internal,e7fa3c296755e1cc8d617759994529e33eee666e366482301e39e7d7bae35d44,1,11.0,249.0
1,hpa-poisson-404-415cae17,000142,83.888938,2026-08-31T19:40:42.438+00:00,2026-08-31T19:40:38.664+00:00,2026-08-31T19:40:38.673+00:00,2026-08-31T19:40:38.673+00:00,2026-08-31T19:40:38.708+00:00,2026-08-31T19:40:38.708+00:00,0.034897,0.034943739001391805,sqs-worker-5986dcd897-x8rdl,ip-192-168-20-201.ec2.internal,8d6ef0b7c3abacdb877fa38384029fc8d29abe061cb21f8c346ea0ba87a7b786,1,9.0,44.0
1,hpa-poisson-404-415cae17,000143,84.078916,2026-08-31T19:40:42.627+00:00,2026-08-31T19:40:38.854+00:00,2026-08-31T19:40:38.857+00:00,2026-08-31T19:40:38.857+00:00,2026-08-31T19:40:38.917+00:00,2026-08-31T19:40:38.917+00:00,0.058145,0.06016332500075805,sqs-worker-5986dcd897-fmkjh,ip-192-168-20-201.ec2.internal,2a29565aec4cd90e57e3a9654fa421aa629004097681fc9f16dc33cd8faf4205,1,3.0,63.0
1,hpa-poisson-404-415cae17,000144,84.792697,2026-08-31T19:40:43.341+00:00,2026-08-31T19:40:39.568+00:00,2026-08-31T19:40:39.590+00:00,2026-08-31T19:40:39.590+00:00,2026-08-31T19:40:39.645+00:00,2026-08-31T19:40:39.645+00:00,0.051215,0.05567890899874328,sqs-worker-5986dcd897-d59l8,ip-192-168-20-201.ec2.internal,f94939042766d31e8caa58dfe09f612573598e2b28e0748a41664862208d43fa,1,22.0,77.0
1,hpa-poisson-404-415cae17,000146,85.806795,2026-08-31T19:40:44.355+00:00,2026-08-31T19:40:40.581+00:00,2026-08-31T19:40:40.587+00:00,2026-08-31T19:40:40.587+00:00,2026-08-31T19:40:40.808+00:00,2026-08-31T19:40:40.808+00:00,0.097984,0.2213509030007117,sqs-worker-5986dcd897-fmkjh,ip-192-168-20-201.ec2.internal,ca099db5cd6e93610395456124021c800eefbb892923e0acaee36c1393475f8b,1,6.0,227.0
1,hpa-poisson-404-415cae17,000147,86.077087,2026-08-31T19:40:44.625+00:00,2026-08-31T19:40:40.852+00:00,2026-08-31T19:40:40.855+00:00,2026-08-31T19:40:40.855+00:00,2026-08-31T19:40:40.921+00:00,2026-08-31T19:40:40.921+00:00,0.041839,0.06549464000090666,sqs-worker-5986dcd897-fmkjh,ip-192-168-20-201.ec2.internal,cca986ddf05c174b766ff6b8066f20aa54685c67e5e01fae9d2b6b3993e474e5,1,3.0,69.0
1,hpa-poisson-404-415cae17,000145,85.271729,2026-08-31T19:40:43.820+00:00,2026-08-31T19:40:40.045+00:00,2026-08-31T19:40:40.049+00:00,2026-08-31T19:40:40.049+00:00,2026-08-31T19:40:40.986+00:00,2026-08-31T19:40:40.986+00:00,0.171493,0.9373974249992898,sqs-worker-5986dcd897-x8rdl,ip-192-168-20-201.ec2.internal,67af1c68608db49731825bafb7a5b6db3713673638df7c43df23a171a27a8af8,1,4.0,941.0
1,hpa-poisson-404-415cae17,000148,86.422826,2026-08-31T19:40:44.971+00:00,2026-08-31T19:40:41.198+00:00,2026-08-31T19:40:41.201+00:00,2026-08-31T19:40:41.201+00:00,2026-08-31T19:40:41.320+00:00,2026-08-31T19:40:41.320+00:00,0.060359,0.11859800099955464,sqs-worker-5986dcd897-fmkjh,ip-192-168-20-201.ec2.internal,2f98e2e46b102ebf02754692d3cbc191c63d42256a4074cde754fa2417178795,1,3.0,122.0
1,hpa-poisson-404-415cae17,000149,88.854318,2026-08-31T19:40:47.405+00:00,2026-08-31T19:40:43.632+00:00,2026-08-31T19:40:43.635+00:00,2026-08-31T19:40:43.635+00:00,2026-08-31T19:40:44.207+00:00,2026-08-31T19:40:44.207+00:00,0.248038,0.5722250050002913,sqs-worker-5986dcd897-fmkjh,ip-192-168-20-201.ec2.internal,9e70a78d51c734aa713199cb13761cfc762dd0f3c9dd935f3fa57b2eb8ec8f86,1,3.0,575.0
1,hpa-poisson-404-415cae17,000151,90.083618,2026-08-31T19:40:48.632+00:00,2026-08-31T19:40:44.858+00:00,2026-08-31T19:40:44.862+00:00,2026-08-31T19:40:44.862+00:00,2026-08-31T19:40:44.868+00:00,2026-08-31T19:40:44.868+00:00,0.00595,0.006002424999678624,sqs-worker-5986dcd897-fmkjh,ip-192-168-20-201.ec2.internal,5493287c72f2fd265e84c73fa41d26873054dc6d42167363c9affd92d13d0528,1,4.0,10.0
1,hpa-poisson-404-415cae17,000150,89.640086,2026-08-31T19:40:48.189+00:00,2026-08-31T19:40:44.413+00:00,2026-08-31T19:40:44.417+00:00,2026-08-31T19:40:44.417+00:00,2026-08-31T19:40:44.913+00:00,2026-08-31T19:40:44.913+00:00,0.226973,0.4952929529990797,sqs-worker-5986dcd897-x8rdl,ip-192-168-20-201.ec2.internal,098b9ab93fd3b24c0ef76b269ff699d42dd140b00113965f756edd980a3379d5,1,4.0,500.0
1,hpa-poisson-404-415cae17,000152,90.410267,2026-08-31T19:40:48.959+00:00,2026-08-31T19:40:45.189+00:00,2026-08-31T19:40:45.192+00:00,2026-08-31T19:40:45.192+00:00,2026-08-31T19:40:46.814+00:00,2026-08-31T19:40:46.814+00:00,0.492249,1.6216433869994944,sqs-worker-5986dcd897-fmkjh,ip-192-168-20-201.ec2.internal,66f50cea4cb5c6863e21f4a73c28810c76018353842b5f82c5ec11863c0dd1bd,1,3.0,1625.0
1,hpa-poisson-404-415cae17,000155,91.812524,2026-08-31T19:40:50.361+00:00,2026-08-31T19:40:46.582+00:00,2026-08-31T19:40:46.587+00:00,2026-08-31T19:40:46.587+00:00,2026-08-31T19:40:46.806+00:00,2026-08-31T19:40:46.806+00:00,0.102803,0.21906417799982592,sqs-worker-5986dcd897-jkrrj,ip-192-168-20-201.ec2.internal,99a8d9b6f92f7d99a7b95df3f2c4871691622ee4b1ae435e637262d265762e91,1,5.0,224.0
1,hpa-poisson-404-415cae17,000153,90.739751,2026-08-31T19:40:49.288+00:00,2026-08-31T19:40:46.050+00:00,2026-08-31T19:40:46.053+00:00,2026-08-31T19:40:46.053+00:00,2026-08-31T19:40:47.278+00:00,2026-08-31T19:40:47.278+00:00,0.50686,1.2240759569995134,sqs-worker-5986dcd897-x8rdl,ip-192-168-20-201.ec2.internal,abddb33bc12ceb49cb57f93478fb316376e40df33515985bcd665b2900819b75,1,3.0,1228.0
1,hpa-poisson-404-415cae17,000156,92.419314,2026-08-31T19:40:50.968+00:00,2026-08-31T19:40:47.191+00:00,2026-08-31T19:40:47.194+00:00,2026-08-31T19:40:47.194+00:00,2026-08-31T19:40:47.381+00:00,2026-08-31T19:40:47.381+00:00,0.089857,0.18704837800032692,sqs-worker-5986dcd897-jkrrj,ip-192-168-20-201.ec2.internal,fbc1256b26e8d63b047a7e94a36fd9c70407d0d6312c53a7a5479b3dcccb766b,1,3.0,190.0
1,hpa-poisson-404-415cae17,000154,91.108739,2026-08-31T19:40:49.657+00:00,2026-08-31T19:40:45.878+00:00,2026-08-31T19:40:45.883+00:00,2026-08-31T19:40:45.883+00:00,2026-08-31T19:40:47.948+00:00,2026-08-31T19:40:47.948+00:00,0.843693,2.064508844001466,sqs-worker-5986dcd897-d59l8,ip-192-168-20-201.ec2.internal,8e1f60f435ee8894891f1a3c1c9a279be675610a8faa3126eae7ff7d95e5b322,1,5.0,2070.0
1,hpa-poisson-404-415cae17,000157,93.299531,2026-08-31T19:40:51.848+00:00,2026-08-31T19:40:48.070+00:00,2026-08-31T19:40:48.074+00:00,2026-08-31T19:40:48.075+00:00,2026-08-31T19:40:48.818+00:00,2026-08-31T19:40:48.818+00:00,0.323489,0.7438095339985011,sqs-worker-5986dcd897-fmkjh,ip-192-168-20-201.ec2.internal,4f5579d42eef4a709b7a3b806ea39e55dd0c057dccf21a3d9ae52056678d1c11,1,4.0,748.0
1,hpa-poisson-404-415cae17,000159,94.432973,2026-08-31T19:40:52.981+00:00,2026-08-31T19:40:49.204+00:00,2026-08-31T19:40:49.208+00:00,2026-08-31T19:40:49.208+00:00,2026-08-31T19:40:49.437+00:00,2026-08-31T19:40:49.437+00:00,0.117407,0.22969273700073245,sqs-worker-5986dcd897-fmkjh,ip-192-168-20-201.ec2.internal,79820e273cd5b7ec50d35fb643e15fccde7f46391bd87504c500d1c9124f858f,1,4.0,233.0
1,hpa-poisson-404-415cae17,000158,94.324324,2026-08-31T19:40:52.873+00:00,2026-08-31T19:40:49.093+00:00,2026-08-31T19:40:49.097+00:00,2026-08-31T19:40:49.097+00:00,2026-08-31T19:40:49.703+00:00,2026-08-31T19:40:49.703+00:00,0.243065,0.6063258800004405,sqs-worker-5986dcd897-d59l8,ip-192-168-20-201.ec2.internal,d8e5f5adfdb108552b04a065acfa6d7f47666b0d0b3afcefaf9e1182f4efef96,1,4.0,610.0
1,hpa-poisson-404-415cae17,000160,95.298721,2026-08-31T19:40:53.847+00:00,2026-08-31T19:40:50.075+00:00,2026-08-31T19:40:50.079+00:00,2026-08-31T19:40:50.079+00:00,2026-08-31T19:40:50.249+00:00,2026-08-31T19:40:50.249+00:00,0.093629,0.17004121500031033,sqs-worker-5986dcd897-d59l8,ip-192-168-20-201.ec2.internal,ebaf437f591552e942bcec1e0bb269fcb30ae3ec6752145880999075ec0ae504,1,4.0,174.0
1,hpa-poisson-404-415cae17,000161,95.858917,2026-08-31T19:40:54.407+00:00,2026-08-31T19:40:50.630+00:00,2026-08-31T19:40:50.634+00:00,2026-08-31T19:40:50.634+00:00,2026-08-31T19:40:50.796+00:00,2026-08-31T19:40:50.796+00:00,0.03923,0.1615959129994735,sqs-worker-5986dcd897-x8rdl,ip-192-168-20-201.ec2.internal,629dbac4a61c0ba6dc7ea38864a0908af41b198df535ce6d0df711aeee5f721d,1,4.0,166.0
1,hpa-poisson-404-415cae17,000162,96.250668,2026-08-31T19:40:54.799+00:00,2026-08-31T19:40:51.022+00:00,2026-08-31T19:40:51.026+00:00,2026-08-31T19:40:51.026+00:00,2026-08-31T19:40:51.043+00:00,2026-08-31T19:40:51.043+00:00,0.016619,0.016679530999681447,sqs-worker-5986dcd897-x8rdl,ip-192-168-20-201.ec2.internal,91c22c9b84d775cb9819c1e161ab04a8286b2b3f9bf98277226de00eb55365b5,1,4.0,21.0
1,hpa-poisson-404-415cae17,000163,97.199409,2026-08-31T19:40:55.747+00:00,2026-08-31T19:40:51.976+00:00,2026-08-31T19:40:51.981+00:00,2026-08-31T19:40:51.981+00:00,2026-08-31T19:40:53.506+00:00,2026-08-31T19:40:53.506+00:00,0.623269,1.5255515199987713,sqs-worker-5986dcd897-x8rdl,ip-192-168-20-201.ec2.internal,349b08eba11e233e0eae0ee6e81f2a3d9e38fe21ebc77ddfc6a5e4aa3fb74b7b,1,5.0,1530.0
1,hpa-poisson-404-415cae17,000164,99.803618,2026-08-31T19:40:58.352+00:00,2026-08-31T19:40:54.579+00:00,2026-08-31T19:40:54.582+00:00,2026-08-31T19:40:54.582+00:00,2026-08-31T19:40:55.015+00:00,2026-08-31T19:40:55.015+00:00,0.192729,0.4337800489993242,sqs-worker-5986dcd897-x8rdl,ip-192-168-20-201.ec2.internal,2f338d990d1ef1d5803dce2202263437c08198d6a4b5f7387742b7bce9a885f3,1,3.0,436.0
1,hpa-poisson-404-415cae17,000165,100.358649,2026-08-31T19:40:58.906+00:00,2026-08-31T19:40:55.131+00:00,2026-08-31T19:40:55.136+00:00,2026-08-31T19:40:55.136+00:00,2026-08-31T19:40:55.368+00:00,2026-08-31T19:40:55.368+00:00,0.110637,0.23160041099981754,sqs-worker-5986dcd897-d59l8,ip-192-168-20-201.ec2.internal,d46e3a64357710db378a31da0dc394477c0e9c574d62787ee83f3e9cddf004c3,1,5.0,237.0
1,hpa-poisson-404-415cae17,000166,100.560962,2026-08-31T19:40:59.108+00:00,2026-08-31T19:40:55.332+00:00,2026-08-31T19:40:55.337+00:00,2026-08-31T19:40:55.337+00:00,2026-08-31T19:40:55.383+00:00,2026-08-31T19:40:55.383+00:00,0.028748,0.04535974999998871,sqs-worker-5986dcd897-fmkjh,ip-192-168-20-201.ec2.internal,2c3e381fe7d7ef0c07f0c349fb6debf3e91a1504c839de635a2572eff7837388,1,5.0,51.0
1,hpa-poisson-404-415cae17,000167,100.619475,2026-08-31T19:40:59.167+00:00,2026-08-31T19:40:55.391+00:00,2026-08-31T19:40:55.394+00:00,2026-08-31T19:40:55.394+00:00,2026-08-31T19:40:55.921+00:00,2026-08-31T19:40:55.921+00:00,0.23556,0.5264187190005032,sqs-worker-5986dcd897-jkrrj,ip-192-168-20-201.ec2.internal,a45041fc40b3984f62fb63920defb1427f2b31fbe03b0291dd4133f173f680a9,1,3.0,530.0
1,hpa-poisson-404-415cae17,000169,101.338511,2026-08-31T19:40:59.886+00:00,2026-08-31T19:40:56.108+00:00,2026-08-31T19:40:56.117+00:00,2026-08-31T19:40:56.117+00:00,2026-08-31T19:40:56.288+00:00,2026-08-31T19:40:56.288+00:00,0.085086,0.1712945379986195,sqs-worker-5986dcd897-x8rdl,ip-192-168-20-201.ec2.internal,7fe031c8abdc1f661487765ec8289058fa258b01d7e4e37ed35e4e7e7f8b080e,1,9.0,180.0
1,hpa-poisson-404-415cae17,000170,101.841293,2026-08-31T19:41:00.389+00:00,2026-08-31T19:40:56.612+00:00,2026-08-31T19:40:56.619+00:00,2026-08-31T19:40:56.619+00:00,2026-08-31T19:40:58.198+00:00,2026-08-31T19:40:58.198+00:00,0.372351,1.5786377969998284,sqs-worker-5986dcd897-jkrrj,ip-192-168-20-201.ec2.internal,cfa8491d663ea3f34ba805bb4dfe75cb8e1161abc8cf349cc7989996ebfc6f86,1,7.0,1586.0
1,hpa-poisson-404-415cae17,000168,101.183322,2026-08-31T19:40:59.731+00:00,2026-08-31T19:40:55.952+00:00,2026-08-31T19:40:56.000+00:00,2026-08-31T19:40:56.000+00:00,2026-08-31T19:40:58.708+00:00,2026-08-31T19:40:58.708+00:00,0.536678,2.7073249719996966,sqs-worker-5986dcd897-fmkjh,ip-192-168-20-201.ec2.internal,80bfa6e4860cfc6bb74e7304f509c0a17028a83ee53a67e52f6b25e60b21dd3a,1,48.0,2756.0
1,hpa-poisson-404-415cae17,000171,104.269541,2026-08-31T19:41:02.819+00:00,2026-08-31T19:40:59.040+00:00,2026-08-31T19:40:59.044+00:00,2026-08-31T19:40:59.044+00:00,2026-08-31T19:40:59.102+00:00,2026-08-31T19:40:59.102+00:00,0.058648,0.058691369000371196,sqs-worker-5986dcd897-x8rdl,ip-192-168-20-201.ec2.internal,33d7f849f34b5f7653ea877c5e4e03e21acf5fc01d78961e9115a440af228b90,1,4.0,62.0
1,hpa-poisson-404-415cae17,000173,105.651754,2026-08-31T19:41:04.199+00:00,2026-08-31T19:41:00.424+00:00,2026-08-31T19:41:00.428+00:00,2026-08-31T19:41:00.428+00:00,2026-08-31T19:41:01.412+00:00,2026-08-31T19:41:01.412+00:00,0.409812,0.984246919000725,sqs-worker-5986dcd897-fmkjh,ip-192-168-20-201.ec2.internal,b3defcb71376f7f9869f43c9faa927e8091cc9033c70061431bd5b2898de7d73,1,4.0,988.0
1,hpa-poisson-404-415cae17,000172,105.547216,2026-08-31T19:41:04.096+00:00,2026-08-31T19:41:00.316+00:00,2026-08-31T19:41:00.320+00:00,2026-08-31T19:41:00.320+00:00,2026-08-31T19:41:01.386+00:00,2026-08-31T19:41:01.386+00:00,0.167162,1.0665241690003313,sqs-worker-5986dcd897-x8rdl,ip-192-168-20-201.ec2.internal,c95bca06439be0c2384419717076444f03725741ce6375166d21240e7077ee42,1,4.0,1070.0
1,hpa-poisson-404-415cae17,000178,106.75748,2026-08-31T19:41:05.305+00:00,2026-08-31T19:41:01.530+00:00,2026-08-31T19:41:01.554+00:00,2026-08-31T19:41:01.554+00:00,2026-08-31T19:41:01.831+00:00,2026-08-31T19:41:01.831+00:00,0.127191,0.27774749899981543,sqs-worker-5986dcd897-jkrrj,ip-192-168-20-201.ec2.internal,33e5974152f76495315ad9869b1ae893ed2acefdf78e37fc404779d6876e2017,1,24.0,301.0
1,hpa-poisson-404-415cae17,000177,106.585309,2026-08-31T19:41:05.133+00:00,2026-08-31T19:41:01.358+00:00,2026-08-31T19:41:01.450+00:00,2026-08-31T19:41:01.450+00:00,2026-08-31T19:41:01.929+00:00,2026-08-31T19:41:01.929+00:00,0.211957,0.4787937189994409,sqs-worker-5986dcd897-fmkjh,ip-192-168-20-201.ec2.internal,b4e8e162acf1a841d8e3071dfe54cdbb317bad541b5dcc9b43a0d5026cd17579,1,92.0,571.0
1,hpa-poisson-404-415cae17,000176,106.479843,2026-08-31T19:41:05.027+00:00,2026-08-31T19:41:01.250+00:00,2026-08-31T19:41:01.403+00:00,2026-08-31T19:41:01.403+00:00,2026-08-31T19:41:01.922+00:00,2026-08-31T19:41:01.922+00:00,0.22867,0.5189870190006332,sqs-worker-5986dcd897-x8rdl,ip-192-168-20-201.ec2.internal,c0931cd9950934e84b8a21037d0392a811168d34bd80aaf46d30255ea1c467d1,1,153.0,672.0
1,hpa-poisson-404-415cae17,000174,105.788067,2026-08-31T19:41:04.335+00:00,2026-08-31T19:41:00.556+00:00,2026-08-31T19:41:00.566+00:00,2026-08-31T19:41:00.566+00:00,2026-08-31T19:41:02.335+00:00,2026-08-31T19:41:02.335+00:00,0.387456,1.769317537000461,sqs-worker-5986dcd897-d59l8,ip-192-168-20-201.ec2.internal,c3a6889c715313c9ba8f50427754650bb63eb7db2aa2d1d01211c55973790b2b,1,10.0,1779.0
1,hpa-poisson-404-415cae17,000181,107.790101,2026-08-31T19:41:06.337+00:00,2026-08-31T19:41:02.560+00:00,2026-08-31T19:41:02.566+00:00,2026-08-31T19:41:02.567+00:00,2026-08-31T19:41:02.919+00:00,2026-08-31T19:41:02.919+00:00,0.159296,0.352874308000537,sqs-worker-5986dcd897-jkrrj,ip-192-168-20-201.ec2.internal,a289b0963e389f4eb4158d34ef25c99a838b17470108019a62d29f4766a76202,1,6.0,359.0
1,hpa-poisson-404-415cae17,000175,106.375229,2026-08-31T19:41:04.923+00:00,2026-08-31T19:41:01.144+00:00,2026-08-31T19:41:01.151+00:00,2026-08-31T19:41:01.151+00:00,2026-08-31T19:41:01.490+00:00,2026-08-31T19:41:01.490+00:00,0.155936,0.33890514000086114,sqs-worker-5986dcd897-jkrrj,ip-192-168-20-201.ec2.internal,6ae61d6551245fa8af3a4eb63648c74005f6d07bf853b52fe3af7755416ed275,1,7.0,346.0
1,hpa-poisson-404-415cae17,000179,107.172822,2026-08-31T19:41:05.720+00:00,2026-08-31T19:41:01.944+00:00,2026-08-31T19:41:01.950+00:00,2026-08-31T19:41:01.950+00:00,2026-08-31T19:41:01.965+00:00,2026-08-31T19:41:01.965+00:00,0.014871,0.015451197999936994,sqs-worker-5986dcd897-jkrrj,ip-192-168-20-201.ec2.internal,6cffb76800d3663c4fcea73e087ba23574f00120944b7a6a2f844fddb49fdb5f,1,6.0,21.0
1,hpa-poisson-404-415cae17,000180,107.614613,2026-08-31T19:41:06.162+00:00,2026-08-31T19:41:02.392+00:00,2026-08-31T19:41:02.397+00:00,2026-08-31T19:41:02.397+00:00,2026-08-31T19:41:03.044+00:00,2026-08-31T19:41:03.045+00:00,0.280648,0.6478837289996591,sqs-worker-5986dcd897-fmkjh,ip-192-168-20-201.ec2.internal,27c117ae3be2e717d1333c48ac1225218b97646d82f8afb78de83f225af1e6ef,1,5.0,652.0
1,hpa-poisson-404-415cae17,000182,107.858392,2026-08-31T19:41:06.406+00:00,2026-08-31T19:41:02.633+00:00,2026-08-31T19:41:02.637+00:00,2026-08-31T19:41:02.637+00:00,2026-08-31T19:41:03.186+00:00,2026-08-31T19:41:03.186+00:00,0.243044,0.5492253159991378,sqs-worker-5986dcd897-x8rdl,ip-192-168-20-201.ec2.internal,625b8971da9b9aac96efa3c8fbe0ae4cbacb3d9d607555d7b6a06a69cb39d4a0,1,4.0,553.0
1,hpa-poisson-404-415cae17,000184,108.485168,2026-08-31T19:41:07.032+00:00,2026-08-31T19:41:03.262+00:00,2026-08-31T19:41:03.267+00:00,2026-08-31T19:41:03.267+00:00,2026-08-31T19:41:04.142+00:00,2026-08-31T19:41:04.143+00:00,0.368433,0.8753264089991717,sqs-worker-5986dcd897-d59l8,ip-192-168-20-201.ec2.internal,2a4f9cff38453f37faf9921a497f6df3924483ca5e27c7c77695bc9106742f38,1,5.0,880.0
1,hpa-poisson-404-415cae17,000185,108.679205,2026-08-31T19:41:07.226+00:00,2026-08-31T19:41:03.450+00:00,2026-08-31T19:41:03.454+00:00,2026-08-31T19:41:03.454+00:00,2026-08-31T19:41:03.806+00:00,2026-08-31T19:41:03.806+00:00,0.17272,0.35171342799912964,sqs-worker-5986dcd897-x8rdl,ip-192-168-20-201.ec2.internal,85f91464b81d5e0a192bd02e8039c01cd3f2b558038f624f968b32825629499b,1,4.0,356.0
1,hpa-poisson-404-415cae17,000183,108.367111,2026-08-31T19:41:06.915+00:00,2026-08-31T19:41:03.670+00:00,2026-08-31T19:41:03.674+00:00,2026-08-31T19:41:03.674+00:00,2026-08-31T19:41:04.596+00:00,2026-08-31T19:41:04.596+00:00,0.384312,0.9215325220011437,sqs-worker-5986dcd897-jkrrj,ip-192-168-20-201.ec2.internal,964cc4045b4ba04c76a3750f58988beedca587553c09f2179a64c3047c8c27d0,1,4.0,926.0
1,hpa-poisson-404-415cae17,000186,110.340435,2026-08-31T19:41:08.888+00:00,2026-08-31T19:41:05.122+00:00,2026-08-31T19:41:05.126+00:00,2026-08-31T19:41:05.126+00:00,2026-08-31T19:41:05.919+00:00,2026-08-31T19:41:05.919+00:00,0.356567,0.7931961890008097,sqs-worker-5986dcd897-x8rdl,ip-192-168-20-201.ec2.internal,a531902c7d8e3b5e2b7a06edbace410600b9f0dc41783a4ff804327d9836294a,1,4.0,797.0
1,hpa-poisson-404-415cae17,000188,114.837674,2026-08-31T19:41:13.385+00:00,2026-08-31T19:41:09.608+00:00,2026-08-31T19:41:09.614+00:00,2026-08-31T19:41:09.614+00:00,2026-08-31T19:41:09.837+00:00,2026-08-31T19:41:09.837+00:00,0.098367,0.2238982290000422,sqs-worker-5986dcd897-d59l8,ip-192-168-20-201.ec2.internal,350f30e488e6c2099ba4a720c5d2c75dc935de494fabba6a34085a4a94f98334,1,6.0,229.0
1,hpa-poisson-404-415cae17,000187,114.828946,2026-08-31T19:41:13.380+00:00,2026-08-31T19:41:09.603+00:00,2026-08-31T19:41:09.609+00:00,2026-08-31T19:41:09.609+00:00,2026-08-31T19:41:09.997+00:00,2026-08-31T19:41:09.997+00:00,0.120283,0.38771101199927216,sqs-worker-5986dcd897-x8rdl,ip-192-168-20-201.ec2.internal,69d3b70643335eebd787e47842020a89eb52db60bc72eb0d8f8411b721ba80f0,1,6.0,394.0
1,hpa-poisson-404-415cae17,000189,115.980679,2026-08-31T19:41:14.529+00:00,2026-08-31T19:41:10.752+00:00,2026-08-31T19:41:10.756+00:00,2026-08-31T19:41:10.756+00:00,2026-08-31T19:41:11.108+00:00,2026-08-31T19:41:11.108+00:00,0.168524,0.35155332000067574,sqs-worker-5986dcd897-fmkjh,ip-192-168-20-201.ec2.internal,197c282447c19c987da3272623bee2eb424510ca78ed68276d78ef6df2dbba09,1,4.0,356.0
1,hpa-poisson-404-415cae17,000190,116.688383,2026-08-31T19:41:15.236+00:00,2026-08-31T19:41:11.465+00:00,2026-08-31T19:41:11.469+00:00,2026-08-31T19:41:11.469+00:00,2026-08-31T19:41:11.544+00:00,2026-08-31T19:41:11.545+00:00,0.022565,0.07592830600151501,sqs-worker-5986dcd897-d59l8,ip-192-168-20-201.ec2.internal,0e37dbf368abc9c2a9789e915a9deb790946ce5a6791a72f09c6f692736fed87,1,4.0,79.0
1,hpa-poisson-404-415cae17,000191,119.004735,2026-08-31T19:41:17.554+00:00,2026-08-31T19:41:13.776+00:00,2026-08-31T19:41:13.781+00:00,2026-08-31T19:41:13.781+00:00,2026-08-31T19:41:13.903+00:00,2026-08-31T19:41:13.903+00:00,0.063882,0.12237769000057597,sqs-worker-5986dcd897-fmkjh,ip-192-168-20-201.ec2.internal,d4ce35acb8cc0400f58c5f02c8a59f4ece9919a595f6596f1ab118382d07b6e0,1,5.0,127.0
1,hpa-poisson-404-415cae17,000192,119.74488,2026-08-31T19:41:18.293+00:00,2026-08-31T19:41:14.514+00:00,2026-08-31T19:41:14.518+00:00,2026-08-31T19:41:14.518+00:00,2026-08-31T19:41:14.525+00:00,2026-08-31T19:41:14.525+00:00,0.007431,0.007469387999663013,sqs-worker-5986dcd897-d59l8,ip-192-168-20-201.ec2.internal,985dafcff3c9ab4380bb8870957038343ac3d01a43b903cbcbb4e6616865e2a4,1,4.0,11.0
1,hpa-poisson-404-415cae17,000194,120.456311,2026-08-31T19:41:19.004+00:00,2026-08-31T19:41:15.230+00:00,2026-08-31T19:41:15.234+00:00,2026-08-31T19:41:15.234+00:00,2026-08-31T19:41:15.652+00:00,2026-08-31T19:41:15.652+00:00,0.19276,0.4177429920000577,sqs-worker-5986dcd897-jkrrj,ip-192-168-20-201.ec2.internal,402b148329412d5d86b67644bfaf13a7fbbca888438df7fc1be82ca19fc93703,1,4.0,422.0
1,hpa-poisson-404-415cae17,000193,119.978717,2026-08-31T19:41:18.526+00:00,2026-08-31T19:41:14.751+00:00,2026-08-31T19:41:14.755+00:00,2026-08-31T19:41:14.755+00:00,2026-08-31T19:41:16.639+00:00,2026-08-31T19:41:16.639+00:00,0.647341,1.8831451589994685,sqs-worker-5986dcd897-fmkjh,ip-192-168-20-201.ec2.internal,888058f700222c902e5e7843320737d0f71bb04450a14a7e7ee503d84a9bc338,1,4.0,1888.0
1,hpa-poisson-404-415cae17,000195,120.938364,2026-08-31T19:41:19.486+00:00,2026-08-31T19:41:15.709+00:00,2026-08-31T19:41:15.714+00:00,2026-08-31T19:41:15.714+00:00,2026-08-31T19:41:16.810+00:00,2026-08-31T19:41:16.810+00:00,0.466959,1.0957090370011429,sqs-worker-5986dcd897-x8rdl,ip-192-168-20-201.ec2.internal,f8f10420dd4f40df2c8cba2946431050f772d25c6fb3ef1f3b717a71b4d304cc,1,5.0,1101.0
1,hpa-poisson-404-415cae17,000197,122.136239,2026-08-31T19:41:20.684+00:00,2026-08-31T19:41:16.907+00:00,2026-08-31T19:41:16.909+00:00,2026-08-31T19:41:16.909+00:00,2026-08-31T19:41:17.492+00:00,2026-08-31T19:41:17.492+00:00,0.247755,0.5829800960000284,sqs-worker-5986dcd897-x8rdl,ip-192-168-20-201.ec2.internal,949a5695c1edbf173279486ce1f924daa200c390477b9f24a48505fa0503d9c6,1,2.0,585.0
1,hpa-poisson-404-415cae17,000196,121.719995,2026-08-31T19:41:20.268+00:00,2026-08-31T19:41:16.492+00:00,2026-08-31T19:41:16.527+00:00,2026-08-31T19:41:16.527+00:00,2026-08-31T19:41:18.420+00:00,2026-08-31T19:41:18.420+00:00,0.417681,1.8933896300004562,sqs-worker-5986dcd897-jkrrj,ip-192-168-20-201.ec2.internal,cbd5bb3341bd8e441fa70fc062e4c72edbb5d531f80f3ebafb055752835a6a07,1,35.0,1928.0
1,hpa-poisson-404-415cae17,000198,122.649033,2026-08-31T19:41:21.197+00:00,2026-08-31T19:41:17.422+00:00,2026-08-31T19:41:17.487+00:00,2026-08-31T19:41:17.487+00:00,2026-08-31T19:41:18.593+00:00,2026-08-31T19:41:18.593+00:00,0.259634,1.1066740000005666,sqs-worker-5986dcd897-fmkjh,ip-192-168-20-201.ec2.internal,2ac110bf81e55c3dd7cd06ed315d73da8fa5e9f1b6a63d26690ca4b637ccf247,1,65.0,1171.0
1,hpa-poisson-404-415cae17,000199,123.737343,2026-08-31T19:41:22.286+00:00,2026-08-31T19:41:18.508+00:00,2026-08-31T19:41:18.512+00:00,2026-08-31T19:41:18.512+00:00,2026-08-31T19:41:18.792+00:00,2026-08-31T19:41:18.792+00:00,0.130199,0.2806322690012166,sqs-worker-5986dcd897-x8rdl,ip-192-168-20-201.ec2.internal,25dbad903577389ff6742753a03ca4625f525566a92ba4bf1ce4a9e0f1f33674,1,4.0,284.0
1,hpa-poisson-404-415cae17,000200,124.392965,2026-08-31T19:41:22.941+00:00,2026-08-31T19:41:19.164+00:00,2026-08-31T19:41:19.173+00:00,2026-08-31T19:41:19.173+00:00,2026-08-31T19:41:19.300+00:00,2026-08-31T19:41:19.300+00:00,0.070806,0.12745398500010197,sqs-worker-5986dcd897-fmkjh,ip-192-168-20-201.ec2.internal,a9bccd7cf412568583d3537e1624cb03d615518da2122ce39e5f363268d03f44,1,9.0,136.0
1,hpa-poisson-404-415cae17,000201,124.928084,2026-08-31T19:41:23.476+00:00,2026-08-31T19:41:19.698+00:00,2026-08-31T19:41:19.708+00:00,2026-08-31T19:41:19.708+00:00,2026-08-31T19:41:19.875+00:00,2026-08-31T19:41:19.875+00:00,0.025781,0.16715180099890858,sqs-worker-5986dcd897-x8rdl,ip-192-168-20-201.ec2.internal,2cd2140194a8b394fac37894bc77c2352f04d04294e9ebec025b04343cf6de0c,1,10.0,177.0
1,hpa-poisson-404-415cae17,000203,126.540212,2026-08-31T19:41:25.085+00:00,2026-08-31T19:41:21.313+00:00,2026-08-31T19:41:21.317+00:00,2026-08-31T19:41:21.317+00:00,2026-08-31T19:41:21.625+00:00,2026-08-31T19:41:21.625+00:00,0.128709,0.30773042399960104,sqs-worker-5986dcd897-jkrrj,ip-192-168-20-201.ec2.internal,f293a805a22780ead30b3bdbe7494c62941d2baa494f211ca72a30bc17cf63c0,1,4.0,312.0
1,hpa-poisson-404-415cae17,000202,126.200601,2026-08-31T19:41:24.749+00:00,2026-08-31T19:41:20.971+00:00,2026-08-31T19:41:20.978+00:00,2026-08-31T19:41:20.978+00:00,2026-08-31T19:41:21.757+00:00,2026-08-31T19:41:21.757+00:00,0.149894,0.7784481790004065,sqs-worker-5986dcd897-d59l8,ip-192-168-20-201.ec2.internal,38310f9eb631884254ded4a724bb3823fd21df0234e9155a35a407a6fa7633f6,1,7.0,786.0
1,hpa-poisson-404-415cae17,000204,126.733835,2026-08-31T19:41:25.279+00:00,2026-08-31T19:41:21.509+00:00,2026-08-31T19:41:21.532+00:00,2026-08-31T19:41:21.532+00:00,2026-08-31T19:41:22.087+00:00,2026-08-31T19:41:22.087+00:00,0.237658,0.5547719109999889,sqs-worker-5986dcd897-x8rdl,ip-192-168-20-201.ec2.internal,ba61dcf2a214bf115c9b182b939b017319929f870780f6436a4373e45a680126,1,23.0,578.0
1,hpa-poisson-404-415cae17,000206,127.33067,2026-08-31T19:41:25.876+00:00,2026-08-31T19:41:22.102+00:00,2026-08-31T19:41:22.108+00:00,2026-08-31T19:41:22.108+00:00,2026-08-31T19:41:22.441+00:00,2026-08-31T19:41:22.441+00:00,0.155705,0.33343121299913037,sqs-worker-5986dcd897-jkrrj,ip-192-168-20-201.ec2.internal,e8b857cb4b6c5bf24581d25e57aab0fa7afa9e9c669f1027696a0112721c0fa9,1,6.0,339.0
1,hpa-poisson-404-415cae17,000205,126.829227,2026-08-31T19:41:25.374+00:00,2026-08-31T19:41:21.606+00:00,2026-08-31T19:41:21.611+00:00,2026-08-31T19:41:21.611+00:00,2026-08-31T19:41:22.517+00:00,2026-08-31T19:41:22.517+00:00,0.378401,0.9058452689987462,sqs-worker-5986dcd897-fmkjh,ip-192-168-20-201.ec2.internal,6ebea792a53d792c68abd017e7b678cbc3791c323f0c3ca761fa9e69ad89596b,1,5.0,911.0
1,hpa-poisson-404-415cae17,000207,127.562175,2026-08-31T19:41:26.107+00:00,2026-08-31T19:41:22.334+00:00,2026-08-31T19:41:22.345+00:00,2026-08-31T19:41:22.345+00:00,2026-08-31T19:41:22.814+00:00,2026-08-31T19:41:22.814+00:00,0.225008,0.4690455039999506,sqs-worker-5986dcd897-x8rdl,ip-192-168-20-201.ec2.internal,8829f37f11a2182b29f92066983e892c98097a700d73506808cb238667eb8791,1,11.0,480.0
1,hpa-poisson-404-415cae17,000208,128.554827,2026-08-31T19:41:27.101+00:00,2026-08-31T19:41:23.333+00:00,2026-08-31T19:41:23.337+00:00,2026-08-31T19:41:23.337+00:00,2026-08-31T19:41:23.639+00:00,2026-08-31T19:41:23.639+00:00,0.124596,0.3015681209999457,sqs-worker-5986dcd897-d59l8,ip-192-168-20-201.ec2.internal,40412a6b7b853de009c2b2845134f880a5103a7c36004c447ee1ed40a5be09d3,1,4.0,306.0
1,hpa-poisson-404-415cae17,000210,129.037781,2026-08-31T19:41:27.583+00:00,2026-08-31T19:41:23.808+00:00,2026-08-31T19:41:23.813+00:00,2026-08-31T19:41:23.813+00:00,2026-08-31T19:41:23.917+00:00,2026-08-31T19:41:23.917+00:00,0.074598,0.10401950100094837,sqs-worker-5986dcd897-x8rdl,ip-192-168-20-201.ec2.internal,09a74e012108d8b9e5ad2a36a7ab238a082d2fcc44f91c089de7b5745a7a8e13,1,5.0,109.0
1,hpa-poisson-404-415cae17,000209,128.954687,2026-08-31T19:41:27.500+00:00,2026-08-31T19:41:23.729+00:00,2026-08-31T19:41:23.733+00:00,2026-08-31T19:41:23.733+00:00,2026-08-31T19:41:24.037+00:00,2026-08-31T19:41:24.037+00:00,0.142326,0.3042037840004923,sqs-worker-5986dcd897-jkrrj,ip-192-168-20-201.ec2.internal,2d8143ffb6daf45d88bc0ab029b5570ea19f6868b638598d0381d7efad46db11,1,4.0,308.0
1,hpa-poisson-404-415cae17,000211,129.344111,2026-08-31T19:41:27.889+00:00,2026-08-31T19:41:24.116+00:00,2026-08-31T19:41:24.122+00:00,2026-08-31T19:41:24.122+00:00,2026-08-31T19:41:24.608+00:00,2026-08-31T19:41:24.608+00:00,0.225247,0.4858926809993136,sqs-worker-5986dcd897-x8rdl,ip-192-168-20-201.ec2.internal,f5711bc9959cf176a6eebf97bdea11a5bf4f1014d1b253347aadfbb3800e059a,1,6.0,492.0
1,hpa-poisson-404-415cae17,000212,129.994748,2026-08-31T19:41:28.540+00:00,2026-08-31T19:41:24.764+00:00,2026-08-31T19:41:24.778+00:00,2026-08-31T19:41:24.778+00:00,2026-08-31T19:41:25.603+00:00,2026-08-31T19:41:25.603+00:00,0.355064,0.8243906229999993,sqs-worker-5986dcd897-d59l8,ip-192-168-20-201.ec2.internal,1d39379499f08227e7d57620b6d8e97d0972f3ddb5a540187808c7a328e4a8ed,1,14.0,839.0
1,hpa-poisson-404-415cae17,000213,131.07544,2026-08-31T19:41:29.621+00:00,2026-08-31T19:41:25.848+00:00,2026-08-31T19:41:25.851+00:00,2026-08-31T19:41:25.851+00:00,2026-08-31T19:41:25.978+00:00,2026-08-31T19:41:25.978+00:00,0.067129,0.12716078700032085,sqs-worker-5986dcd897-jkrrj,ip-192-168-20-201.ec2.internal,d367153799586b164440c15321aebf8fe9fbe0628bc76b124639e14a7a2c3162,1,3.0,130.0
1,hpa-poisson-404-415cae17,000215,131.861661,2026-08-31T19:41:30.406+00:00,2026-08-31T19:41:26.632+00:00,2026-08-31T19:41:26.635+00:00,2026-08-31T19:41:26.635+00:00,2026-08-31T19:41:26.737+00:00,2026-08-31T19:41:26.737+00:00,0.0622,0.10224531600033515,sqs-worker-5986dcd897-x8rdl,ip-192-168-20-201.ec2.internal,91d39d7077cf448d91a8df724127755f5f59d103f9df7442c7fbc9ca0083baf7,1,3.0,105.0
1,hpa-poisson-404-415cae17,000214,131.799767,2026-08-31T19:41:30.345+00:00,2026-08-31T19:41:26.576+00:00,2026-08-31T19:41:26.583+00:00,2026-08-31T19:41:26.583+00:00,2026-08-31T19:41:27.009+00:00,2026-08-31T19:41:27.009+00:00,0.183432,0.42619955400004983,sqs-worker-5986dcd897-d59l8,ip-192-168-20-201.ec2.internal,4e291e2d38d041032cbe3176119f509ed694f3251952ba277b18f20bc48b0a84,1,7.0,433.0
1,hpa-poisson-404-415cae17,000216,132.717068,2026-08-31T19:41:31.263+00:00,2026-08-31T19:41:27.487+00:00,2026-08-31T19:41:27.490+00:00,2026-08-31T19:41:27.490+00:00,2026-08-31T19:41:27.791+00:00,2026-08-31T19:41:27.791+00:00,0.140571,0.3011873849991389,sqs-worker-5986dcd897-jkrrj,ip-192-168-20-201.ec2.internal,f14535dd42418c822d7a43b0c36393678dad52fbe4f172e4a23f470ff54fd870,1,3.0,304.0
1,hpa-poisson-404-415cae17,000217,133.323844,2026-08-31T19:41:31.869+00:00,2026-08-31T19:41:28.095+00:00,2026-08-31T19:41:28.101+00:00,2026-08-31T19:41:28.101+00:00,2026-08-31T19:41:28.111+00:00,2026-08-31T19:41:28.111+00:00,0.010391,0.010429381998619647,sqs-worker-5986dcd897-jkrrj,ip-192-168-20-201.ec2.internal,0c299e674ce0d7e7c1f539efd969098e54dc6e95ce0abc616b4330297c1cf8a1,1,6.0,16.0
1,hpa-poisson-404-415cae17,000218,134.224572,2026-08-31T19:41:32.770+00:00,2026-08-31T19:41:28.995+00:00,2026-08-31T19:41:29.000+00:00,2026-08-31T19:41:29.000+00:00,2026-08-31T19:41:29.544+00:00,2026-08-31T19:41:29.544+00:00,0.243916,0.5440493999994942,sqs-worker-5986dcd897-d59l8,ip-192-168-20-201.ec2.internal,7bbbf2db9fed3f62b4d4147ca7f59a3c80e6c4f40af875347eaed614b8c78f64,1,5.0,549.0
1,hpa-poisson-404-415cae17,000219,134.669968,2026-08-31T19:41:33.215+00:00,2026-08-31T19:41:29.440+00:00,2026-08-31T19:41:29.447+00:00,2026-08-31T19:41:29.447+00:00,2026-08-31T19:41:29.801+00:00,2026-08-31T19:41:29.801+00:00,0.160583,0.35377525100011553,sqs-worker-5986dcd897-fmkjh,ip-192-168-20-201.ec2.internal,2f953573302527ec0e043684a4e55c58b022bea511400633f715e121730dfdf3,1,7.0,361.0
1,hpa-poisson-404-415cae17,000220,136.64437,2026-08-31T19:41:35.190+00:00,2026-08-31T19:41:31.416+00:00,2026-08-31T19:41:31.421+00:00,2026-08-31T19:41:31.421+00:00,2026-08-31T19:41:31.437+00:00,2026-08-31T19:41:31.437+00:00,0.01501,0.015817471999980626,sqs-worker-5986dcd897-fmkjh,ip-192-168-20-201.ec2.internal,b89c4a060112a0b889d053648c8e2fc561e253ed7febefc65b69414365e050e3,1,5.0,21.0
1,hpa-poisson-404-415cae17,000221,137.146205,2026-08-31T19:41:35.691+00:00,2026-08-31T19:41:31.917+00:00,2026-08-31T19:41:31.921+00:00,2026-08-31T19:41:31.921+00:00,2026-08-31T19:41:32.338+00:00,2026-08-31T19:41:32.339+00:00,0.197734,0.41776544399908744,sqs-worker-5986dcd897-fmkjh,ip-192-168-20-201.ec2.internal,66a0a4da2bf5de199800609f330433024d6e6c67ecd8ec68ed54ad1158137b9f,1,4.0,421.0
1,hpa-poisson-404-415cae17,000222,137.593411,2026-08-31T19:41:36.139+00:00,2026-08-31T19:41:32.377+00:00,2026-08-31T19:41:32.381+00:00,2026-08-31T19:41:32.381+00:00,2026-08-31T19:41:33.113+00:00,2026-08-31T19:41:33.113+00:00,0.310821,0.73223728999983,sqs-worker-5986dcd897-x8rdl,ip-192-168-20-201.ec2.internal,16fdf73a9561d15b10ad13b96f10325a0a6351b8be47ab99afd9c680d28efedb,1,4.0,736.0
1,hpa-poisson-404-415cae17,000223,139.595638,2026-08-31T19:41:38.142+00:00,2026-08-31T19:41:34.366+00:00,2026-08-31T19:41:34.372+00:00,2026-08-31T19:41:34.372+00:00,2026-08-31T19:41:34.488+00:00,2026-08-31T19:41:34.488+00:00,0.058778,0.11600496899882273,sqs-worker-5986dcd897-x8rdl,ip-192-168-20-201.ec2.internal,0e59aba978b270b01933b6be0a1e049082ae6783214eabeead430711ac43a627,1,6.0,122.0
1,hpa-poisson-404-415cae17,000224,140.124104,2026-08-31T19:41:38.669+00:00,2026-08-31T19:41:34.895+00:00,2026-08-31T19:41:34.909+00:00,2026-08-31T19:41:34.909+00:00,2026-08-31T19:41:34.939+00:00,2026-08-31T19:41:34.939+00:00,0.029596,0.02963980699860258,sqs-worker-5986dcd897-d59l8,ip-192-168-20-201.ec2.internal,d2f0fe70ebec7ec1338a7f8ec6a706bf5c2fc3b4b5a5ff76109eab51d3102e15,1,14.0,44.0
1,hpa-poisson-404-415cae17,000225,140.925872,2026-08-31T19:41:39.471+00:00,2026-08-31T19:41:35.697+00:00,2026-08-31T19:41:35.700+00:00,2026-08-31T19:41:35.700+00:00,2026-08-31T19:41:35.715+00:00,2026-08-31T19:41:35.715+00:00,0.014973,0.015021866998722544,sqs-worker-5986dcd897-x8rdl,ip-192-168-20-201.ec2.internal,184aab0d9cee0478506635487bf7a8859c8b702d0d324dc59f298e3ec3471985,1,3.0,18.0
1,hpa-poisson-404-415cae17,000226,141.719913,2026-08-31T19:41:40.265+00:00,2026-08-31T19:41:36.489+00:00,2026-08-31T19:41:36.494+00:00,2026-08-31T19:41:36.494+00:00,2026-08-31T19:41:36.636+00:00,2026-08-31T19:41:36.636+00:00,0.078155,0.14279978299964569,sqs-worker-5986dcd897-d59l8,ip-192-168-20-201.ec2.internal,43ccece91541cef4d2dd68915e11761cd07e68b36d79a2add0cd51c51b52519b,1,5.0,147.0
1,hpa-poisson-404-415cae17,000227,143.08048,2026-08-31T19:41:41.627+00:00,2026-08-31T19:41:37.852+00:00,2026-08-31T19:41:37.857+00:00,2026-08-31T19:41:37.857+00:00,2026-08-31T19:41:38.088+00:00,2026-08-31T19:41:38.088+00:00,0.114385,0.2309258499990392,sqs-worker-5986dcd897-x8rdl,ip-192-168-20-201.ec2.internal,ecf47c5df8d29073d56c1d966c0202a4c83ad15678fd929cc55a93f6cfa8a82d,1,5.0,236.0
1,hpa-poisson-404-415cae17,000228,143.913668,2026-08-31T19:41:42.459+00:00,2026-08-31T19:41:38.689+00:00,2026-08-31T19:41:38.695+00:00,2026-08-31T19:41:38.695+00:00,2026-08-31T19:41:39.014+00:00,2026-08-31T19:41:39.014+00:00,0.139532,0.3189324039994972,sqs-worker-5986dcd897-fmkjh,ip-192-168-20-201.ec2.internal,944a4e01d83d9fb42e34e7a69082df20aa5e6ec061daf210cf4da1ab7008c731,1,6.0,325.0
1,hpa-poisson-404-415cae17,000230,144.311588,2026-08-31T19:41:42.856+00:00,2026-08-31T19:41:39.084+00:00,2026-08-31T19:41:39.124+00:00,2026-08-31T19:41:39.124+00:00,2026-08-31T19:41:39.131+00:00,2026-08-31T19:41:39.131+00:00,0.007331,0.007369172999460716,sqs-worker-5986dcd897-d59l8,ip-192-168-20-201.ec2.internal,b5376e2321e2cc5dc6e0995846bdde4756ec6e5d64ed9736ccd6bf916ae7d791,1,40.0,47.0
1,hpa-poisson-404-415cae17,000231,144.465194,2026-08-31T19:41:43.010+00:00,2026-08-31T19:41:39.239+00:00,2026-08-31T19:41:39.280+00:00,2026-08-31T19:41:39.280+00:00,2026-08-31T19:41:39.291+00:00,2026-08-31T19:41:39.291+00:00,0.010641,0.010866999000427313,sqs-worker-5986dcd897-x8rdl,ip-192-168-20-201.ec2.internal,a761c76995c9cd6d9f1e1212278a456bc10c63bdf664e5821103164042ad93c4,1,41.0,52.0
1,hpa-poisson-404-415cae17,000229,144.101744,2026-08-31T19:41:42.647+00:00,2026-08-31T19:41:38.873+00:00,2026-08-31T19:41:38.877+00:00,2026-08-31T19:41:38.877+00:00,2026-08-31T19:41:40.080+00:00,2026-08-31T19:41:40.080+00:00,0.489367,1.2029362720004428,sqs-worker-5986dcd897-jkrrj,ip-192-168-20-201.ec2.internal,a0644e4091296757dbe900485548d73eac3dff608c2ff7abaca8db711195bd19,1,4.0,1207.0
1,hpa-poisson-404-415cae17,000232,145.109954,2026-08-31T19:41:43.655+00:00,2026-08-31T19:41:39.886+00:00,2026-08-31T19:41:39.891+00:00,2026-08-31T19:41:39.891+00:00,2026-08-31T19:41:40.822+00:00,2026-08-31T19:41:40.822+00:00,0.39179,0.9315465979998407,sqs-worker-5986dcd897-d59l8,ip-192-168-20-201.ec2.internal,bb736071b56c3cf824a208ab29a73d59b0cf2eb6729265274ae59c8773aff87a,1,5.0,936.0
1,hpa-poisson-404-415cae17,000233,146.035281,2026-08-31T19:41:44.581+00:00,2026-08-31T19:41:40.803+00:00,2026-08-31T19:41:40.807+00:00,2026-08-31T19:41:40.807+00:00,2026-08-31T19:41:42.006+00:00,2026-08-31T19:41:42.006+00:00,0.378329,1.1998663109989138,sqs-worker-5986dcd897-x8rdl,ip-192-168-20-201.ec2.internal,831fdcbffa964560b912c0cfc3d99b3933b7f9eacf7145e7338dd1e32abab640,1,4.0,1203.0
1,hpa-poisson-404-415cae17,000234,147.570615,2026-08-31T19:41:46.117+00:00,2026-08-31T19:41:42.343+00:00,2026-08-31T19:41:42.347+00:00,2026-08-31T19:41:42.347+00:00,2026-08-31T19:41:42.666+00:00,2026-08-31T19:41:42.666+00:00,0.152182,0.31903717900058837,sqs-worker-5986dcd897-d59l8,ip-192-168-20-201.ec2.internal,ddbdf2bb83e5f07e6f2747d2a01e11eec364bcee55dc97ad657f675035ee77c2,1,4.0,323.0
1,hpa-poisson-404-415cae17,000235,147.866523,2026-08-31T19:41:46.411+00:00,2026-08-31T19:41:42.639+00:00,2026-08-31T19:41:42.643+00:00,2026-08-31T19:41:42.643+00:00,2026-08-31T19:41:42.667+00:00,2026-08-31T19:41:42.667+00:00,0.023981,0.024221866000516457,sqs-worker-5986dcd897-fmkjh,ip-192-168-20-201.ec2.internal,f934bd5759f7a1d7de723f5b98319d0330631308b37ebcae049c54dca3807adb,1,4.0,28.0
1,hpa-poisson-404-415cae17,000236,148.962025,2026-08-31T19:41:47.508+00:00,2026-08-31T19:41:43.732+00:00,2026-08-31T19:41:43.735+00:00,2026-08-31T19:41:43.735+00:00,2026-08-31T19:41:43.914+00:00,2026-08-31T19:41:43.914+00:00,0.094979,0.17905185299969162,sqs-worker-5986dcd897-fmkjh,ip-192-168-20-201.ec2.internal,811eec5c9f5e1d7dd0eae87ad74431554e579c156c6ef015389bf53026bbe21a,1,3.0,182.0
1,hpa-poisson-404-415cae17,000237,149.603522,2026-08-31T19:41:48.149+00:00,2026-08-31T19:41:44.373+00:00,2026-08-31T19:41:44.377+00:00,2026-08-31T19:41:44.377+00:00,2026-08-31T19:41:44.505+00:00,2026-08-31T19:41:44.505+00:00,0.059219,0.1281123889984883,sqs-worker-5986dcd897-x8rdl,ip-192-168-20-201.ec2.internal,f7d647e4eaa2e09251ec6caf6c81923ee7ddb80782fc905f97c0d9af05362ebd,1,4.0,132.0
1,hpa-poisson-404-415cae17,000238,149.677541,2026-08-31T19:41:48.222+00:00,2026-08-31T19:41:44.447+00:00,2026-08-31T19:41:44.452+00:00,2026-08-31T19:41:44.452+00:00,2026-08-31T19:41:44.602+00:00,2026-08-31T19:41:44.602+00:00,0.082236,0.1495844169985503,sqs-worker-5986dcd897-fmkjh,ip-192-168-20-201.ec2.internal,a7fabc3d7cab8e55ccb31a2bd48b03dfa74c5858b5e80d5a6cd60d9cd986fb9f,1,5.0,155.0
1,hpa-poisson-404-415cae17,000239,150.41212,2026-08-31T19:41:48.958+00:00,2026-08-31T19:41:45.181+00:00,2026-08-31T19:41:45.185+00:00,2026-08-31T19:41:45.185+00:00,2026-08-31T19:41:45.606+00:00,2026-08-31T19:41:45.606+00:00,0.188512,0.42030123400036246,sqs-worker-5986dcd897-d59l8,ip-192-168-20-201.ec2.internal,ee1f5d0cc4a0c0391a29da29cf9af1b14e0692fb94679dc965836a3d6a838dc8,1,4.0,425.0
1,hpa-poisson-404-415cae17,000240,153.404546,2026-08-31T19:41:51.950+00:00,2026-08-31T19:41:48.176+00:00,2026-08-31T19:41:48.182+00:00,2026-08-31T19:41:48.182+00:00,2026-08-31T19:41:48.300+00:00,2026-08-31T19:41:48.300+00:00,0.062358,0.11822707999999693,sqs-worker-5986dcd897-d59l8,ip-192-168-20-201.ec2.internal,a529d6bc218388eb9616bf7e41646704376ae50e19e62b80152815698ad54812,1,6.0,124.0
1,hpa-poisson-404-415cae17,000241,153.43103,2026-08-31T19:41:51.976+00:00,2026-08-31T19:41:48.199+00:00,2026-08-31T19:41:48.207+00:00,2026-08-31T19:41:48.207+00:00,2026-08-31T19:41:48.891+00:00,2026-08-31T19:41:48.891+00:00,0.288212,0.6842262490008579,sqs-worker-5986dcd897-x8rdl,ip-192-168-20-201.ec2.internal,78094af38a7142b0a955f169be30f4c6757a8c4bd0bbceaecfebf9e1740543e9,1,8.0,692.0
1,hpa-poisson-404-415cae17,000242,154.394096,2026-08-31T19:41:52.940+00:00,2026-08-31T19:41:49.164+00:00,2026-08-31T19:41:49.168+00:00,2026-08-31T19:41:49.168+00:00,2026-08-31T19:41:49.408+00:00,2026-08-31T19:41:49.408+00:00,0.11856,0.23957905099996424,sqs-worker-5986dcd897-fmkjh,ip-192-168-20-201.ec2.internal,a7472ab8352a46efce9d00143f360948b0e9c8dad97ea309f02f57f1e60d5e0c,1,4.0,244.0
1,hpa-poisson-404-415cae17,000245,155.370776,2026-08-31T19:41:53.916+00:00,2026-08-31T19:41:50.139+00:00,2026-08-31T19:41:50.142+00:00,2026-08-31T19:41:50.142+00:00,2026-08-31T19:41:50.274+00:00,2026-08-31T19:41:50.274+00:00,0.079137,0.1312063820005278,sqs-worker-5986dcd897-d59l8,ip-192-168-20-201.ec2.internal,c78a6d26819a9470528ac693812080b46142f4ac28cc72b7a4966a99f5a004a8,1,3.0,135.0
1,hpa-poisson-404-415cae17,000244,155.321034,2026-08-31T19:41:53.866+00:00,2026-08-31T19:41:50.089+00:00,2026-08-31T19:41:50.097+00:00,2026-08-31T19:41:50.097+00:00,2026-08-31T19:41:50.482+00:00,2026-08-31T19:41:50.482+00:00,0.067829,0.3850961850002932,sqs-worker-5986dcd897-x8rdl,ip-192-168-20-201.ec2.internal,b95d1f3e781117d1377afcb161669d04c0bdca43aa8d4f8e233b1510ec84aeb6,1,8.0,393.0
1,hpa-poisson-404-415cae17,000243,154.699324,2026-08-31T19:41:53.244+00:00,2026-08-31T19:41:49.467+00:00,2026-08-31T19:41:49.471+00:00,2026-08-31T19:41:49.471+00:00,2026-08-31T19:41:50.405+00:00,2026-08-31T19:41:50.405+00:00,0.383189,0.9342860999986442,sqs-worker-5986dcd897-jkrrj,ip-192-168-20-201.ec2.internal,cd2f587ed1932196e2484846059296c5867fa45c6a2c0ebc39b7c6ecb14399d1,1,4.0,938.0
1,hpa-poisson-404-415cae17,000246,156.348045,2026-08-31T19:41:54.893+00:00,2026-08-31T19:41:51.119+00:00,2026-08-31T19:41:51.123+00:00,2026-08-31T19:41:51.123+00:00,2026-08-31T19:41:51.808+00:00,2026-08-31T19:41:51.808+00:00,0.11428,0.6849571359998663,sqs-worker-5986dcd897-d59l8,ip-192-168-20-201.ec2.internal,fc47882db5fa5ef4a2c25ffde56ace5f3340db9bac64d04abe0f418892dd7a15,1,4.0,689.0
1,hpa-poisson-404-415cae17,000249,157.517921,2026-08-31T19:41:56.062+00:00,2026-08-31T19:41:52.288+00:00,2026-08-31T19:41:52.292+00:00,2026-08-31T19:41:52.292+00:00,2026-08-31T19:41:52.531+00:00,2026-08-31T19:41:52.531+00:00,0.120922,0.23909547599942016,sqs-worker-5986dcd897-fmkjh,ip-192-168-20-201.ec2.internal,ac8e33cd3b9929adf6c54231be5b7a66628a0e570d02f1430e3f0a73fa58a649,1,4.0,243.0
1,hpa-poisson-404-415cae17,000248,157.146053,2026-08-31T19:41:55.690+00:00,2026-08-31T19:41:51.915+00:00,2026-08-31T19:41:51.919+00:00,2026-08-31T19:41:51.919+00:00,2026-08-31T19:41:52.105+00:00,2026-08-31T19:41:52.105+00:00,0.036558,0.18616033800026344,sqs-worker-5986dcd897-d59l8,ip-192-168-20-201.ec2.internal,d5785a9ec34dbedd9c90a0d5a54c8674db0a1ef570f7cfea7c4459aca402a9cc,1,4.0,190.0
1,hpa-poisson-404-415cae17,000247,157.020753,2026-08-31T19:41:55.565+00:00,2026-08-31T19:41:51.790+00:00,2026-08-31T19:41:51.795+00:00,2026-08-31T19:41:51.795+00:00,2026-08-31T19:41:52.441+00:00,2026-08-31T19:41:52.441+00:00,0.279953,0.6460243919991626,sqs-worker-5986dcd897-jkrrj,ip-192-168-20-201.ec2.internal,09f2ab004bc4ae3964a34af357fed78e2988480cea18a57fedc26e908aff25c0,1,5.0,651.0
1,hpa-poisson-404-415cae17,000250,158.783041,2026-08-31T19:41:57.327+00:00,2026-08-31T19:41:53.551+00:00,2026-08-31T19:41:53.556+00:00,2026-08-31T19:41:53.556+00:00,2026-08-31T19:41:53.988+00:00,2026-08-31T19:41:53.988+00:00,0.194273,0.4319803819998924,sqs-worker-5986dcd897-x8rdl,ip-192-168-20-201.ec2.internal,b02992eb8c4337a26ac3d2d7e13987019301ee8aaa4a0aa0484e0ca293e1c1a1,1,5.0,437.0
1,hpa-poisson-404-415cae17,000251,159.337523,2026-08-31T19:41:57.882+00:00,2026-08-31T19:41:54.105+00:00,2026-08-31T19:41:54.109+00:00,2026-08-31T19:41:54.110+00:00,2026-08-31T19:41:54.638+00:00,2026-08-31T19:41:54.638+00:00,0.232914,0.5285829369986459,sqs-worker-5986dcd897-fmkjh,ip-192-168-20-201.ec2.internal,7ca5d6c50d7367fce5b16a5f0d43c6596a7cd6660598a066a594c734c38092da,1,4.0,533.0
1,hpa-poisson-404-415cae17,000253,159.768838,2026-08-31T19:41:58.313+00:00,2026-08-31T19:41:54.537+00:00,2026-08-31T19:41:54.541+00:00,2026-08-31T19:41:54.541+00:00,2026-08-31T19:41:55.225+00:00,2026-08-31T19:41:55.225+00:00,0.291933,0.6837196090000361,sqs-worker-5986dcd897-jkrrj,ip-192-168-20-201.ec2.internal,f5934ac6d4558ac846a862b49bebbbbee59900dea3c78e030e12f86b67a79d75,1,4.0,688.0
1,hpa-poisson-404-415cae17,000252,159.620281,2026-08-31T19:41:58.164+00:00,2026-08-31T19:41:54.389+00:00,2026-08-31T19:41:54.392+00:00,2026-08-31T19:41:54.393+00:00,2026-08-31T19:41:55.237+00:00,2026-08-31T19:41:55.237+00:00,0.361879,0.8447615330005647,sqs-worker-5986dcd897-d59l8,ip-192-168-20-201.ec2.internal,12a1febc005a57086c7f0a567f6270e179264d15f7e2d40cd5363a63291e14a2,1,3.0,848.0
1,hpa-poisson-404-415cae17,000254,161.894678,2026-08-31T19:42:00.440+00:00,2026-08-31T19:41:56.664+00:00,2026-08-31T19:41:56.668+00:00,2026-08-31T19:41:56.668+00:00,2026-08-31T19:41:57.376+00:00,2026-08-31T19:41:57.376+00:00,0.291344,0.708130490998883,sqs-worker-5986dcd897-x8rdl,ip-192-168-20-201.ec2.internal,bcac0b771540bbefeb5359a992ebb14119f18b5fe077982e278f59336709a83c,1,4.0,712.0
1,hpa-poisson-404-415cae17,000255,161.903561,2026-08-31T19:42:00.447+00:00,2026-08-31T19:41:56.673+00:00,2026-08-31T19:41:56.686+00:00,2026-08-31T19:41:56.686+00:00,2026-08-31T19:41:58.076+00:00,2026-08-31T19:41:58.076+00:00,0.278978,1.3901177490006376,sqs-worker-5986dcd897-jkrrj,ip-192-168-20-201.ec2.internal,184761c6fe9148923c33126bf7b6c8a5475476392d12294160f8c2b642e2b60e,1,13.0,1403.0
1,hpa-poisson-404-415cae17,000256,164.331985,2026-08-31T19:42:02.878+00:00,2026-08-31T19:41:59.101+00:00,2026-08-31T19:41:59.105+00:00,2026-08-31T19:41:59.105+00:00,2026-08-31T19:41:59.245+00:00,2026-08-31T19:41:59.245+00:00,0.080556,0.13968653200026893,sqs-worker-5986dcd897-d59l8,ip-192-168-20-201.ec2.internal,7637c3be34d746553ed76fb734112273fab7ad0bd7807a78911394b28ee9d925,1,4.0,144.0
1,hpa-poisson-404-415cae17,000257,164.992812,2026-08-31T19:42:03.537+00:00,2026-08-31T19:41:59.761+00:00,2026-08-31T19:41:59.765+00:00,2026-08-31T19:41:59.765+00:00,2026-08-31T19:41:59.770+00:00,2026-08-31T19:41:59.770+00:00,0.005,0.005037743001594208,sqs-worker-5986dcd897-jkrrj,ip-192-168-20-201.ec2.internal,3daceb3c65f4b9cfe420337ee8434b45e75155e37a88e9d9f8f3ab4ce2024a64,1,4.0,9.0
1,hpa-poisson-404-415cae17,000258,165.233792,2026-08-31T19:42:03.778+00:00,2026-08-31T19:42:00.001+00:00,2026-08-31T19:42:00.007+00:00,2026-08-31T19:42:00.007+00:00,2026-08-31T19:42:00.025+00:00,2026-08-31T19:42:00.025+00:00,0.017686,0.017852169999969192,sqs-worker-5986dcd897-jkrrj,ip-192-168-20-201.ec2.internal,08c75c3ea5c8592145159226367fae5b419c085fa5c84c2e6251b5c5411bbbfc,1,6.0,24.0
1,hpa-poisson-404-415cae17,000259,165.413268,2026-08-31T19:42:03.957+00:00,2026-08-31T19:42:00.179+00:00,2026-08-31T19:42:00.183+00:00,2026-08-31T19:42:00.183+00:00,2026-08-31T19:42:00.473+00:00,2026-08-31T19:42:00.473+00:00,0.122965,0.2902410039987444,sqs-worker-5986dcd897-jkrrj,ip-192-168-20-201.ec2.internal,16b1f609aa51cd474864da54c1c603f1281b14d4bc3809bdbcca3ec638d6522e,1,4.0,294.0
1,hpa-poisson-404-415cae17,000260,165.83244,2026-08-31T19:42:04.377+00:00,2026-08-31T19:42:00.606+00:00,2026-08-31T19:42:00.610+00:00,2026-08-31T19:42:00.610+00:00,2026-08-31T19:42:02.391+00:00,2026-08-31T19:42:02.391+00:00,0.568185,1.7806434100002662,sqs-worker-5986dcd897-x8rdl,ip-192-168-20-201.ec2.internal,e4c1fc12be4750e2c6babf086da6ac3f0aa67ee3042c80ddf1689c87fcd19b86,1,4.0,1785.0
1,hpa-poisson-404-415cae17,000261,166.727309,2026-08-31T19:42:05.272+00:00,2026-08-31T19:42:01.497+00:00,2026-08-31T19:42:01.501+00:00,2026-08-31T19:42:01.501+00:00,2026-08-31T19:42:03.345+00:00,2026-08-31T19:42:03.345+00:00,0.429455,1.8439808090006409,sqs-worker-5986dcd897-d59l8,ip-192-168-20-201.ec2.internal,ea7af61991c4f81f57c7514a0a6d13e9041db5a7a303a3a1ca4dc7abb4ae0a51,1,4.0,1848.0
1,hpa-poisson-404-415cae17,000263,167.018103,2026-08-31T19:42:05.562+00:00,2026-08-31T19:42:01.790+00:00,2026-08-31T19:42:01.817+00:00,2026-08-31T19:42:01.817+00:00,2026-08-31T19:42:03.617+00:00,2026-08-31T19:42:03.617+00:00,0.737984,1.799904012999832,sqs-worker-5986dcd897-fmkjh,ip-192-168-20-201.ec2.internal,eb49dd104a592ed5e8c9ed9017648939743ec7b105c231cbdc1a75734ac25a3a,1,27.0,1827.0
1,hpa-poisson-404-415cae17,000262,166.90181,2026-08-31T19:42:05.446+00:00,2026-08-31T19:42:01.677+00:00,2026-08-31T19:42:01.681+00:00,2026-08-31T19:42:01.681+00:00,2026-08-31T19:42:04.088+00:00,2026-08-31T19:42:04.088+00:00,0.976332,2.4072548699987237,sqs-worker-5986dcd897-jkrrj,ip-192-168-20-201.ec2.internal,4ec1605b902e9799b65ff0dc94d937ac8b4e909c97b935fb9076af01a0342ddf,1,4.0,2411.0
1,hpa-poisson-404-415cae17,000264,168.865309,2026-08-31T19:42:07.411+00:00,2026-08-31T19:42:03.634+00:00,2026-08-31T19:42:03.637+00:00,2026-08-31T19:42:03.637+00:00,2026-08-31T19:42:04.444+00:00,2026-08-31T19:42:04.444+00:00,0.335087,0.8066359479998937,sqs-worker-5986dcd897-fmkjh,ip-192-168-20-201.ec2.internal,248eedc6934f25d04fd5c26cc97d6bd9fd406f6971a4af525e652ce524a57ca0,1,3.0,810.0
1,hpa-poisson-404-415cae17,000265,168.887472,2026-08-31T19:42:07.431+00:00,2026-08-31T19:42:03.654+00:00,2026-08-31T19:42:03.658+00:00,2026-08-31T19:42:03.658+00:00,2026-08-31T19:42:04.457+00:00,2026-08-31T19:42:04.457+00:00,0.342695,0.7990058249997674,sqs-worker-5986dcd897-d59l8,ip-192-168-20-201.ec2.internal,3feb3eb1ac08195332b2a4d0d1b1280d0887ab4ffc4f365e4e8f187f0e9ae4d4,1,4.0,803.0
1,hpa-poisson-404-415cae17,000266,169.393538,2026-08-31T19:42:07.938+00:00,2026-08-31T19:42:04.161+00:00,2026-08-31T19:42:04.165+00:00,2026-08-31T19:42:04.165+00:00,2026-08-31T19:42:05.074+00:00,2026-08-31T19:42:05.074+00:00,0.369649,0.9094811779996235,sqs-worker-5986dcd897-x8rdl,ip-192-168-20-201.ec2.internal,418b99c6f6bc8e5a1378f69babd2843b410e7337f3a126d5316be1ee2917a61c,1,4.0,913.0
1,hpa-poisson-404-415cae17,000268,170.844969,2026-08-31T19:42:09.389+00:00,2026-08-31T19:42:05.614+00:00,2026-08-31T19:42:05.618+00:00,2026-08-31T19:42:05.618+00:00,2026-08-31T19:42:05.705+00:00,2026-08-31T19:42:05.705+00:00,0.059664,0.0872004550001293,sqs-worker-5986dcd897-x8rdl,ip-192-168-20-201.ec2.internal,62c1a1d6598d1f34fa34882bfb4a64ad7764be5879b2152e8ebdcf5780120c7c,1,4.0,91.0
1,hpa-poisson-404-415cae17,000269,171.443565,2026-08-31T19:42:09.988+00:00,2026-08-31T19:42:06.211+00:00,2026-08-31T19:42:06.216+00:00,2026-08-31T19:42:06.216+00:00,2026-08-31T19:42:06.223+00:00,2026-08-31T19:42:06.223+00:00,0.006631,0.006667130999630899,sqs-worker-5986dcd897-d59l8,ip-192-168-20-201.ec2.internal,19fb621849c968452411c99cbda9038ebb73b1f68916cf8a5705483e097725a1,1,5.0,12.0
1,hpa-poisson-404-415cae17,000271,171.569646,2026-08-31T19:42:10.113+00:00,2026-08-31T19:42:06.335+00:00,2026-08-31T19:42:06.342+00:00,2026-08-31T19:42:06.342+00:00,2026-08-31T19:42:06.808+00:00,2026-08-31T19:42:06.808+00:00,0.219003,0.46660851900014677,sqs-worker-5986dcd897-x8rdl,ip-192-168-20-201.ec2.internal,4004e3db032b93fbc0532164dd3efaa5969723b5ede5dc836355bd4a17d9111e,1,7.0,473.0
1,hpa-poisson-404-415cae17,000267,170.583844,2026-08-31T19:42:09.129+00:00,2026-08-31T19:42:05.352+00:00,2026-08-31T19:42:05.355+00:00,2026-08-31T19:42:05.355+00:00,2026-08-31T19:42:07.512+00:00,2026-08-31T19:42:07.512+00:00,0.515399,2.1561975330005225,sqs-worker-5986dcd897-fmkjh,ip-192-168-20-201.ec2.internal,febb62d39f204c305bef42723d97bc2def1ec4d0587bb52ee9805b390e914977,1,3.0,2160.0
1,hpa-poisson-404-415cae17,000272,172.752005,2026-08-31T19:42:11.297+00:00,2026-08-31T19:42:07.519+00:00,2026-08-31T19:42:07.523+00:00,2026-08-31T19:42:07.523+00:00,2026-08-31T19:42:07.557+00:00,2026-08-31T19:42:07.557+00:00,0.034042,0.03415308500007086,sqs-worker-5986dcd897-jkrrj,ip-192-168-20-201.ec2.internal,3371749a1ec269e4954ffac28c1d36b5ec3285f84959362eb97e17a702afc8c7,1,4.0,38.0
1,hpa-poisson-404-415cae17,000270,171.503235,2026-08-31T19:42:10.047+00:00,2026-08-31T19:42:06.270+00:00,2026-08-31T19:42:06.275+00:00,2026-08-31T19:42:06.275+00:00,2026-08-31T19:42:08.646+00:00,2026-08-31T19:42:08.646+00:00,0.968883,2.3712145009994856,sqs-worker-5986dcd897-d59l8,ip-192-168-20-201.ec2.internal,5d354befef0e150cafda02c6cd6efd34f2029f82edbd88e5f72a05573da3da56,1,5.0,2376.0
1,hpa-poisson-404-415cae17,000274,173.74094,2026-08-31T19:42:12.285+00:00,2026-08-31T19:42:08.507+00:00,2026-08-31T19:42:08.511+00:00,2026-08-31T19:42:08.511+00:00,2026-08-31T19:42:08.892+00:00,2026-08-31T19:42:08.892+00:00,0.172071,0.3806110540008376,sqs-worker-5986dcd897-x8rdl,ip-192-168-20-201.ec2.internal,58a046d5b1e5d476213e905b54321cd8bc0904ec8c8baa877cb5aed584075154,1,4.0,385.0
1,hpa-poisson-404-415cae17,000273,173.337652,2026-08-31T19:42:11.882+00:00,2026-08-31T19:42:08.108+00:00,2026-08-31T19:42:08.112+00:00,2026-08-31T19:42:08.113+00:00,2026-08-31T19:42:09.049+00:00,2026-08-31T19:42:09.049+00:00,0.399046,0.9365508769988082,sqs-worker-5986dcd897-jkrrj,ip-192-168-20-201.ec2.internal,ad9b63dc7a2ba0aabf00ff939db14755aa966f60a449a9d8a1c26793df59e74f,1,4.0,941.0
1,hpa-poisson-404-415cae17,000275,173.974294,2026-08-31T19:42:12.518+00:00,2026-08-31T19:42:08.745+00:00,2026-08-31T19:42:08.748+00:00,2026-08-31T19:42:08.748+00:00,2026-08-31T19:42:09.110+00:00,2026-08-31T19:42:09.110+00:00,0.170041,0.361250990001281,sqs-worker-5986dcd897-fmkjh,ip-192-168-20-201.ec2.internal,7d9f1475118fbab5f1509adde60fbd6170fb072914a65c420059d2007b8fb79b,1,3.0,365.0
1,hpa-poisson-404-415cae17,000276,175.027619,2026-08-31T19:42:13.572+00:00,2026-08-31T19:42:09.796+00:00,2026-08-31T19:42:09.799+00:00,2026-08-31T19:42:09.799+00:00,2026-08-31T19:42:10.694+00:00,2026-08-31T19:42:10.694+00:00,0.171492,0.8951572009991651,sqs-worker-5986dcd897-x8rdl,ip-192-168-20-201.ec2.internal,0a25fd7bf564007883129beb090753d690f8b01f2943181079a0c5ef05b2ef6e,1,3.0,898.0
1,hpa-poisson-404-415cae17,000278,175.829992,2026-08-31T19:42:14.374+00:00,2026-08-31T19:42:10.597+00:00,2026-08-31T19:42:10.601+00:00,2026-08-31T19:42:10.601+00:00,2026-08-31T19:42:11.004+00:00,2026-08-31T19:42:11.004+00:00,0.15178,0.40301134299988917,sqs-worker-5986dcd897-d59l8,ip-192-168-20-201.ec2.internal,6cf8e0311707d2db6c949a5f3459971c23c761dfbe3392337e3021812cae3fbe,1,4.0,407.0
1,hpa-poisson-404-415cae17,000277,175.464035,2026-08-31T19:42:14.008+00:00,2026-08-31T19:42:10.231+00:00,2026-08-31T19:42:10.236+00:00,2026-08-31T19:42:10.236+00:00,2026-08-31T19:42:10.821+00:00,2026-08-31T19:42:10.821+00:00,0.256216,0.5855620259990246,sqs-worker-5986dcd897-fmkjh,ip-192-168-20-201.ec2.internal,c862d5dd79978468ac6b68b8bc4924f37ab4c5681abd410ffd8e970651b69b78,1,5.0,590.0
1,hpa-poisson-404-415cae17,000279,176.718247,2026-08-31T19:42:15.263+00:00,2026-08-31T19:42:11.489+00:00,2026-08-31T19:42:11.492+00:00,2026-08-31T19:42:11.492+00:00,2026-08-31T19:42:11.497+00:00,2026-08-31T19:42:11.497+00:00,0.005,0.0051044699994236,sqs-worker-5986dcd897-fmkjh,ip-192-168-20-201.ec2.internal,cf49afc27e4a2d18f943b54e5072c905a4b27be9a52ae3af9446096469514b99,1,3.0,8.0
1,hpa-poisson-404-415cae17,000280,176.897282,2026-08-31T19:42:15.441+00:00,2026-08-31T19:42:11.670+00:00,2026-08-31T19:42:11.673+00:00,2026-08-31T19:42:11.673+00:00,2026-08-31T19:42:11.891+00:00,2026-08-31T19:42:11.891+00:00,0.099511,0.2176858840011846,sqs-worker-5986dcd897-x8rdl,ip-192-168-20-201.ec2.internal,5db5aa15b9604af91920ef02192e7321045311893947f4dabae35de60a72f2a8,1,3.0,221.0
1,hpa-poisson-404-415cae17,000282,177.700527,2026-08-31T19:42:16.244+00:00,2026-08-31T19:42:12.466+00:00,2026-08-31T19:42:12.469+00:00,2026-08-31T19:42:12.469+00:00,2026-08-31T19:42:12.716+00:00,2026-08-31T19:42:12.716+00:00,0.12642,0.24640335100048105,sqs-worker-5986dcd897-fmkjh,ip-192-168-20-201.ec2.internal,c515086ef7edc0a5f0e6b702c1a3069a63949f7a5a777126ef90c5bf8330b404,1,3.0,250.0
1,hpa-poisson-404-415cae17,000281,177.515438,2026-08-31T19:42:16.060+00:00,2026-08-31T19:42:12.285+00:00,2026-08-31T19:42:12.290+00:00,2026-08-31T19:42:12.290+00:00,2026-08-31T19:42:13.071+00:00,2026-08-31T19:42:13.071+00:00,0.320812,0.7819354579987703,sqs-worker-5986dcd897-jkrrj,ip-192-168-20-201.ec2.internal,2c86ae71700baf366f5709570048ba9d788f56325f8c88ebe9b9b8fc1f16ee6a,1,5.0,786.0
1,hpa-poisson-404-415cae17,000283,179.173838,2026-08-31T19:42:17.720+00:00,2026-08-31T19:42:13.943+00:00,2026-08-31T19:42:13.946+00:00,2026-08-31T19:42:13.946+00:00,2026-08-31T19:42:13.956+00:00,2026-08-31T19:42:13.956+00:00,0.009902,0.009940763000486186,sqs-worker-5986dcd897-jkrrj,ip-192-168-20-201.ec2.internal,4bc6cbedba4f0b31d297b1cd782b2652ba6ccb137836091652e1ef6752e52b58,1,3.0,13.0
