schema_version,experiment_id,job_id,trace_offset_s,producer_sent_at,sqs_sent_at,worker_received_at,processing_started_at,processing_finished_at,result_sent_at,service_cpu_seconds,processing_wall_seconds,pod_name,node_name,digest,receive_count,queue_wait_ms,end_to_end_ms
1,keda-mmpp-202-609b96b1,000000,0.902891,2026-08-31T19:04:21.339+00:00,2026-08-31T19:04:17.613+00:00,2026-08-31T19:04:17.622+00:00,2026-08-31T19:04:17.622+00:00,2026-08-31T19:04:17.890+00:00,2026-08-31T19:04:17.890+00:00,0.126748,0.267169387998365,sqs-worker-5986dcd897-x8rdl,ip-192-168-20-201.ec2.internal,a700f7b39a82a2f185c740d980330d9023ae48df483fa2bc470e4ffd04c78401,1,9.0,277.0
1,keda-mmpp-202-609b96b1,000001,6.365177,2026-08-31T19:04:26.803+00:00,2026-08-31T19:04:23.083+00:00,2026-08-31T19:04:23.089+00:00,2026-08-31T19:04:23.089+00:00,2026-08-31T19:04:23.211+00:00,2026-08-31T19:04:23.211+00:00,0.068745,0.12217162799970538,sqs-worker-5986dcd897-x8rdl,ip-192-168-20-201.ec2.internal,deeb44abc9a986bfca08eb55bd202a113da93947f6bd9dd203628e3b5244c32c,1,6.0,128.0
1,keda-mmpp-202-609b96b1,000002,7.356491,2026-08-31T19:04:27.790+00:00,2026-08-31T19:04:24.066+00:00,2026-08-31T19:04:24.070+00:00,2026-08-31T19:04:24.070+00:00,2026-08-31T19:04:24.108+00:00,2026-08-31T19:04:24.108+00:00,0.037763,0.03782135400069819,sqs-worker-5986dcd897-x8rdl,ip-192-168-20-201.ec2.internal,3f022929aa777888f52d8b2f714c48b1f3489e98c33be1993505a9db73a4e6bc,1,4.0,42.0
1,keda-mmpp-202-609b96b1,000003,8.739425,2026-08-31T19:04:29.173+00:00,2026-08-31T19:04:25.450+00:00,2026-08-31T19:04:25.459+00:00,2026-08-31T19:04:25.459+00:00,2026-08-31T19:04:26.676+00:00,2026-08-31T19:04:26.676+00:00,0.501484,1.2174063849997765,sqs-worker-5986dcd897-x8rdl,ip-192-168-20-201.ec2.internal,5b8b874e47192e74687ddf240ec63cec3bac1678d86fd37ea28a4bec33a12ef3,1,9.0,1226.0
1,keda-mmpp-202-609b96b1,000006,9.378123,2026-08-31T19:04:29.811+00:00,2026-08-31T19:04:26.086+00:00,2026-08-31T19:04:26.697+00:00,2026-08-31T19:04:26.697+00:00,2026-08-31T19:04:27.908+00:00,2026-08-31T19:04:27.908+00:00,0.507517,1.2105810049997672,sqs-worker-5986dcd897-x8rdl,ip-192-168-20-201.ec2.internal,7612241cadae2a645da91e930fc5bcc51e9db5693d0bfea71701d2234eb96d7f,1,611.0,1822.0
1,keda-mmpp-202-609b96b1,000004,8.776645,2026-08-31T19:04:29.209+00:00,2026-08-31T19:04:25.485+00:00,2026-08-31T19:04:27.936+00:00,2026-08-31T19:04:27.936+00:00,2026-08-31T19:04:27.980+00:00,2026-08-31T19:04:27.980+00:00,0.008201,0.04431761100022413,sqs-worker-5986dcd897-x8rdl,ip-192-168-20-201.ec2.internal,196595a4e6cde23ca13ceeb2f1baf38484818d660e5d24530192111770e0ecee,1,2451.0,2495.0
1,keda-mmpp-202-609b96b1,000005,9.289639,2026-08-31T19:04:29.723+00:00,2026-08-31T19:04:25.997+00:00,2026-08-31T19:04:28.008+00:00,2026-08-31T19:04:28.008+00:00,2026-08-31T19:04:28.610+00:00,2026-08-31T19:04:28.610+00:00,0.265766,0.60125625100045,sqs-worker-5986dcd897-x8rdl,ip-192-168-20-201.ec2.internal,5b70a3f1e53f496bab91de524b4832f01413f2708d73ee6b5c10153d0c21c229,1,2011.0000000000002,2613.0
1,keda-mmpp-202-609b96b1,000007,9.498008,2026-08-31T19:04:29.931+00:00,2026-08-31T19:04:26.209+00:00,2026-08-31T19:04:28.647+00:00,2026-08-31T19:04:28.647+00:00,2026-08-31T19:04:28.695+00:00,2026-08-31T19:04:28.695+00:00,0.021367,0.04817116199956217,sqs-worker-5986dcd897-x8rdl,ip-192-168-20-201.ec2.internal,67c563920b5414e663286342631e4a3635e8a3ede7e1e2de6459122f956baef8,1,2438.0,2486.0
1,keda-mmpp-202-609b96b1,000008,13.872185,2026-08-31T19:04:34.308+00:00,2026-08-31T19:04:30.582+00:00,2026-08-31T19:04:30.585+00:00,2026-08-31T19:04:30.585+00:00,2026-08-31T19:04:30.890+00:00,2026-08-31T19:04:30.890+00:00,0.063519,0.30506388300091203,sqs-worker-5986dcd897-x8rdl,ip-192-168-20-201.ec2.internal,e7b5a8b21bfa64f9f96cefd375437bf013850b4b7dd4d77a1b1260ff880c0fb9,1,3.0,308.0
1,keda-mmpp-202-609b96b1,000011,14.088036,2026-08-31T19:04:34.521+00:00,2026-08-31T19:04:30.790+00:00,2026-08-31T19:04:30.908+00:00,2026-08-31T19:04:30.908+00:00,2026-08-31T19:04:31.102+00:00,2026-08-31T19:04:31.102+00:00,0.039952,0.19385613699887472,sqs-worker-5986dcd897-x8rdl,ip-192-168-20-201.ec2.internal,71e69454793d5dc88a08311fbbdeaddbbe64627c38925b4a496a19b89b9d1a58,1,118.0,312.0
1,keda-mmpp-202-609b96b1,000009,13.883114,2026-08-31T19:04:34.316+00:00,2026-08-31T19:04:30.592+00:00,2026-08-31T19:04:31.126+00:00,2026-08-31T19:04:31.126+00:00,2026-08-31T19:04:31.888+00:00,2026-08-31T19:04:31.888+00:00,0.300173,0.7624470240007213,sqs-worker-5986dcd897-x8rdl,ip-192-168-20-201.ec2.internal,56b83d2cd433606532ed77f7851183032d8306e3cf7f282bfda9fad25f8d1c8f,1,534.0,1296.0
1,keda-mmpp-202-609b96b1,000010,14.000711,2026-08-31T19:04:34.434+00:00,2026-08-31T19:04:31.213+00:00,2026-08-31T19:04:31.905+00:00,2026-08-31T19:04:31.905+00:00,2026-08-31T19:04:32.688+00:00,2026-08-31T19:04:32.688+00:00,0.315033,0.7830658180009777,sqs-worker-5986dcd897-x8rdl,ip-192-168-20-201.ec2.internal,142a4ccb9a365decfe297cd5d4ab12a42c68933affdafc9922be9edfafd77432,1,692.0,1475.0
1,keda-mmpp-202-609b96b1,000014,15.194731,2026-08-31T19:04:35.627+00:00,2026-08-31T19:04:31.903+00:00,2026-08-31T19:04:32.704+00:00,2026-08-31T19:04:32.704+00:00,2026-08-31T19:04:33.291+00:00,2026-08-31T19:04:33.291+00:00,0.238948,0.5863283259986929,sqs-worker-5986dcd897-x8rdl,ip-192-168-20-201.ec2.internal,48d19686891971020f50ca67cfc6b34c77924f02935be421a2e0457a8e1b43c0,1,801.0,1388.0
1,keda-mmpp-202-609b96b1,000019,16.47984,2026-08-31T19:04:36.912+00:00,2026-08-31T19:04:33.185+00:00,2026-08-31T19:04:33.410+00:00,2026-08-31T19:04:33.410+00:00,2026-08-31T19:04:33.592+00:00,2026-08-31T19:04:33.592+00:00,0.07786,0.18215499600046314,sqs-worker-5986dcd897-x8rdl,ip-192-168-20-201.ec2.internal,2b73a60ad0dd35a06bb5e4f5e2f5047c3b48c3bca05bc1cb149cda1fec733c0f,1,225.0,407.0
1,keda-mmpp-202-609b96b1,000015,15.831569,2026-08-31T19:04:36.265+00:00,2026-08-31T19:04:32.538+00:00,2026-08-31T19:04:33.306+00:00,2026-08-31T19:04:33.306+00:00,2026-08-31T19:04:33.326+00:00,2026-08-31T19:04:33.326+00:00,0.020217,0.02025032699930307,sqs-worker-5986dcd897-x8rdl,ip-192-168-20-201.ec2.internal,695b2d855d7ecd3e7f7e760034c767f07f4f4c55661501521eec4baaa4192ce7,1,768.0,788.0
1,keda-mmpp-202-609b96b1,000013,14.548478,2026-08-31T19:04:34.981+00:00,2026-08-31T19:04:31.256+00:00,2026-08-31T19:04:33.343+00:00,2026-08-31T19:04:33.343+00:00,2026-08-31T19:04:33.390+00:00,2026-08-31T19:04:33.390+00:00,0.011668,0.04734659899986582,sqs-worker-5986dcd897-x8rdl,ip-192-168-20-201.ec2.internal,18e213a601aead1b3171ba2dbb879fad44df3811e59165add60c15075eca162f,1,2087.0,2134.0
1,keda-mmpp-202-609b96b1,000018,16.342231,2026-08-31T19:04:36.775+00:00,2026-08-31T19:04:33.047+00:00,2026-08-31T19:04:33.608+00:00,2026-08-31T19:04:33.608+00:00,2026-08-31T19:04:33.627+00:00,2026-08-31T19:04:33.627+00:00,0.01862,0.018662122000023373,sqs-worker-5986dcd897-x8rdl,ip-192-168-20-201.ec2.internal,627e8aee4cb482082ec49a7dc0990adbf163b6db644ca00108a5d04e54d447cb,1,561.0,580.0
1,keda-mmpp-202-609b96b1,000012,14.093887,2026-08-31T19:04:34.526+00:00,2026-08-31T19:04:30.800+00:00,2026-08-31T19:04:33.653+00:00,2026-08-31T19:04:33.653+00:00,2026-08-31T19:04:34.610+00:00,2026-08-31T19:04:34.610+00:00,0.390978,0.9564171330002864,sqs-worker-5986dcd897-x8rdl,ip-192-168-20-201.ec2.internal,a49c4907ece9ce59fa3e97014053e01479b46a5792b0c66d3f8e3c5a974c957d,1,2853.0,3810.0
1,keda-mmpp-202-609b96b1,000016,16.186172,2026-08-31T19:04:36.619+00:00,2026-08-31T19:04:32.891+00:00,2026-08-31T19:04:34.624+00:00,2026-08-31T19:04:34.624+00:00,2026-08-31T19:04:35.089+00:00,2026-08-31T19:04:35.089+00:00,0.175715,0.46515504700073507,sqs-worker-5986dcd897-x8rdl,ip-192-168-20-201.ec2.internal,00b3487824dc261cb558a1ab839c762ef1557cab79efc7b4dc3a41d405cdec7b,1,1733.0,2198.0
1,keda-mmpp-202-609b96b1,000017,16.271397,2026-08-31T19:04:36.704+00:00,2026-08-31T19:04:32.986+00:00,2026-08-31T19:04:35.105+00:00,2026-08-31T19:04:35.105+00:00,2026-08-31T19:04:36.305+00:00,2026-08-31T19:04:36.305+00:00,0.491967,1.200280961998942,sqs-worker-5986dcd897-x8rdl,ip-192-168-20-201.ec2.internal,9aa7646dfa84c359e8a850bd0db1591882a0c6d5e5adbcf76b21e3d64acf81ac,1,2119.0,3319.0
1,keda-mmpp-202-609b96b1,000022,16.892732,2026-08-31T19:04:37.325+00:00,2026-08-31T19:04:33.600+00:00,2026-08-31T19:04:36.428+00:00,2026-08-31T19:04:36.428+00:00,2026-08-31T19:04:36.506+00:00,2026-08-31T19:04:36.506+00:00,0.028817,0.07737956199889595,sqs-worker-5986dcd897-x8rdl,ip-192-168-20-201.ec2.internal,452a8d989600b158da3890df01306fdf92afecdad528ac5d1121c53db29e2b4b,1,2828.0,2906.0
1,keda-mmpp-202-609b96b1,000028,19.610984,2026-08-31T19:04:40.044+00:00,2026-08-31T19:04:36.315+00:00,2026-08-31T19:04:36.533+00:00,2026-08-31T19:04:36.533+00:00,2026-08-31T19:04:36.611+00:00,2026-08-31T19:04:36.611+00:00,0.041548,0.07863434200044139,sqs-worker-5986dcd897-x8rdl,ip-192-168-20-201.ec2.internal,6ec3f1d6a7d3d47daeb1cfeaebf94e697f7334a90efdf0c8c9d735a8255dbc68,1,218.0,296.0
1,keda-mmpp-202-609b96b1,000023,17.245588,2026-08-31T19:04:37.678+00:00,2026-08-31T19:04:33.954+00:00,2026-08-31T19:04:36.344+00:00,2026-08-31T19:04:36.344+00:00,2026-08-31T19:04:36.413+00:00,2026-08-31T19:04:36.413+00:00,0.043562,0.0696066319997044,sqs-worker-5986dcd897-x8rdl,ip-192-168-20-201.ec2.internal,1dc40c704292d4dc46871a80b0f3d17d2739d1529bff60a6609a1c15c3be116e,1,2390.0,2459.0
1,keda-mmpp-202-609b96b1,000025,17.967241,2026-08-31T19:04:38.400+00:00,2026-08-31T19:04:34.672+00:00,2026-08-31T19:04:36.628+00:00,2026-08-31T19:04:36.628+00:00,2026-08-31T19:04:37.385+00:00,2026-08-31T19:04:37.385+00:00,0.28948,0.7574392610003997,sqs-worker-5986dcd897-x8rdl,ip-192-168-20-201.ec2.internal,d8295bdc5bc6d569e15f00cd3b3e7d6cfe0a36029761789d202f414c467ce828,1,1956.0,2713.0
1,keda-mmpp-202-609b96b1,000020,16.823514,2026-08-31T19:04:37.256+00:00,2026-08-31T19:04:33.529+00:00,2026-08-31T19:04:37.406+00:00,2026-08-31T19:04:37.406+00:00,2026-08-31T19:04:39.408+00:00,2026-08-31T19:04:39.408+00:00,0.818496,2.0017330899991066,sqs-worker-5986dcd897-x8rdl,ip-192-168-20-201.ec2.internal,3529d8633bace861d067cbbc2a25729e5f8423c481b3e32c320bac084de6b31e,1,3877.0,5879.0
1,keda-mmpp-202-609b96b1,000029,19.763892,2026-08-31T19:04:40.196+00:00,2026-08-31T19:04:36.467+00:00,2026-08-31T19:04:39.424+00:00,2026-08-31T19:04:39.424+00:00,2026-08-31T19:04:40.087+00:00,2026-08-31T19:04:40.087+00:00,0.165193,0.6630835209998622,sqs-worker-5986dcd897-x8rdl,ip-192-168-20-201.ec2.internal,12bfde0131e030c063400f875c1b1a0119c3bd08f67e5b3c70a7400b7f4d082c,1,2957.0,3620.0
1,keda-mmpp-202-609b96b1,000032,21.234875,2026-08-31T19:04:41.669+00:00,2026-08-31T19:04:37.940+00:00,2026-08-31T19:04:40.103+00:00,2026-08-31T19:04:40.104+00:00,2026-08-31T19:04:41.492+00:00,2026-08-31T19:04:41.492+00:00,0.256179,1.3886466869989817,sqs-worker-5986dcd897-x8rdl,ip-192-168-20-201.ec2.internal,b50e5bf94c0720780cfdd32e1c54d59565d1f93bbedea70f959d5451f52606ed,1,2163.0,3552.0
1,keda-mmpp-202-609b96b1,000021,16.870187,2026-08-31T19:04:37.303+00:00,2026-08-31T19:04:33.572+00:00,2026-08-31T19:04:41.620+00:00,2026-08-31T19:04:41.620+00:00,2026-08-31T19:04:44.099+00:00,2026-08-31T19:04:44.100+00:00,0.813426,2.4792320360011217,sqs-worker-5986dcd897-x8rdl,ip-192-168-20-201.ec2.internal,85fb231697797dd604acce696b83701630b50df815d36e351718f270f8aa16d3,1,8048.0,10527.0
1,keda-mmpp-202-609b96b1,000031,19.963624,2026-08-31T19:04:40.396+00:00,2026-08-31T19:04:36.671+00:00,2026-08-31T19:04:44.119+00:00,2026-08-31T19:04:44.119+00:00,2026-08-31T19:04:45.505+00:00,2026-08-31T19:04:45.505+00:00,0.561116,1.3851575379994756,sqs-worker-5986dcd897-x8rdl,ip-192-168-20-201.ec2.internal,b237549a76c8f810a9516004149bb2687578c3f803bc404d32c5912516545c63,1,7448.0,8834.0
1,keda-mmpp-202-609b96b1,000038,23.420311,2026-08-31T19:04:43.853+00:00,2026-08-31T19:04:40.123+00:00,2026-08-31T19:04:45.521+00:00,2026-08-31T19:04:45.521+00:00,2026-08-31T19:04:46.095+00:00,2026-08-31T19:04:46.095+00:00,0.224237,0.5737970339996536,sqs-worker-5986dcd897-x8rdl,ip-192-168-20-201.ec2.internal,26a5293ec81cc76b45f8b1f6233b5566c39df2a040660c4e5822deb1ae392060,1,5398.0,5972.0
1,keda-mmpp-202-609b96b1,000053,26.279074,2026-08-31T19:04:46.712+00:00,2026-08-31T19:04:42.990+00:00,2026-08-31T19:04:46.111+00:00,2026-08-31T19:04:46.111+00:00,2026-08-31T19:04:46.401+00:00,2026-08-31T19:04:46.401+00:00,0.122006,0.29022850200090033,sqs-worker-5986dcd897-x8rdl,ip-192-168-20-201.ec2.internal,10997520764b4077b9ab695c666f6b063005affb0ee0b68b3879f1216e7a4ea6,1,3121.0,3411.0
1,keda-mmpp-202-609b96b1,000033,21.396868,2026-08-31T19:04:41.829+00:00,2026-08-31T19:04:38.099+00:00,2026-08-31T19:04:46.417+00:00,2026-08-31T19:04:46.417+00:00,2026-08-31T19:04:48.397+00:00,2026-08-31T19:04:48.397+00:00,0.791677,1.9793569579996984,sqs-worker-5986dcd897-x8rdl,ip-192-168-20-201.ec2.internal,525ed5598f48701a74085f0416664fe032f36902f8593d8ca3b5c10170d92b49,1,8318.0,10298.0
1,keda-mmpp-202-609b96b1,000024,17.817865,2026-08-31T19:04:38.251+00:00,2026-08-31T19:04:34.520+00:00,2026-08-31T19:04:48.426+00:00,2026-08-31T19:04:48.426+00:00,2026-08-31T19:04:48.445+00:00,2026-08-31T19:04:48.445+00:00,0.019542,0.019592577998992056,sqs-worker-5986dcd897-x8rdl,ip-192-168-20-201.ec2.internal,1e5d4ad89fe9556477ac5421967e5e4f6ba330971d6aecea35a0a5a4900c7128,1,13906.0,13925.0
1,keda-mmpp-202-609b96b1,000026,18.265096,2026-08-31T19:04:38.698+00:00,2026-08-31T19:04:34.967+00:00,2026-08-31T19:04:48.490+00:00,2026-08-31T19:04:48.490+00:00,2026-08-31T19:04:49.109+00:00,2026-08-31T19:04:49.109+00:00,0.263837,0.6190258770002401,sqs-worker-5986dcd897-x8rdl,ip-192-168-20-201.ec2.internal,4f755466926f7f7bddb620028efc2293c9c2248ccade22aa0e4d13839ea1e60a,1,13523.0,14142.0
1,keda-mmpp-202-609b96b1,000030,19.952663,2026-08-31T19:04:40.385+00:00,2026-08-31T19:04:36.656+00:00,2026-08-31T19:04:48.864+00:00,2026-08-31T19:04:48.864+00:00,2026-08-31T19:04:49.113+00:00,2026-08-31T19:04:49.113+00:00,0.123315,0.24918652700034727,sqs-worker-5986dcd897-sjcvg,ip-192-168-20-201.ec2.internal,5ef9f76a04c77a430c647a63234b6825ee89544839e2a8762ed61b52aa5e4d8e,1,12208.0,12457.0
1,keda-mmpp-202-609b96b1,000027,19.479856,2026-08-31T19:04:39.914+00:00,2026-08-31T19:04:36.183+00:00,2026-08-31T19:04:49.174+00:00,2026-08-31T19:04:49.174+00:00,2026-08-31T19:04:49.408+00:00,2026-08-31T19:04:49.408+00:00,0.109065,0.23384758700012753,sqs-worker-5986dcd897-sjcvg,ip-192-168-20-201.ec2.internal,84c26101ca354e302b2fef4d052d37a63bc4c6e2ab942c14a7aa366abb098b60,1,12991.0,13225.0
1,keda-mmpp-202-609b96b1,000041,24.117553,2026-08-31T19:04:44.550+00:00,2026-08-31T19:04:40.826+00:00,2026-08-31T19:04:49.468+00:00,2026-08-31T19:04:49.468+00:00,2026-08-31T19:04:50.812+00:00,2026-08-31T19:04:50.812+00:00,0.55428,1.3443619469999248,sqs-worker-5986dcd897-sjcvg,ip-192-168-20-201.ec2.internal,f86ebaf506ea238cac9cb3413286a0ac3e733dbcec191dff67bd63dfd5e5b66b,1,8642.0,9986.0
1,keda-mmpp-202-609b96b1,000055,26.611247,2026-08-31T19:04:47.044+00:00,2026-08-31T19:04:43.315+00:00,2026-08-31T19:04:50.871+00:00,2026-08-31T19:04:50.871+00:00,2026-08-31T19:04:51.102+00:00,2026-08-31T19:04:51.102+00:00,0.100929,0.23164691099918855,sqs-worker-5986dcd897-sjcvg,ip-192-168-20-201.ec2.internal,2cf389f32765f99428d47f78e3336f362659627f6b8da20c5bbf6a8f63aa8e3d,1,7556.0,7787.0
1,keda-mmpp-202-609b96b1,000040,23.758926,2026-08-31T19:04:44.192+00:00,2026-08-31T19:04:40.465+00:00,2026-08-31T19:04:51.125+00:00,2026-08-31T19:04:51.125+00:00,2026-08-31T19:04:52.024+00:00,2026-08-31T19:04:52.024+00:00,0.375442,0.899241143000836,sqs-worker-5986dcd897-sjcvg,ip-192-168-20-201.ec2.internal,193cf88d559e69b121a1ba281ef0ec25fa1a05e5e028773047ab9b507a3d50f8,1,10660.0,11559.0
1,keda-mmpp-202-609b96b1,000057,26.859554,2026-08-31T19:04:47.292+00:00,2026-08-31T19:04:43.565+00:00,2026-08-31T19:04:52.074+00:00,2026-08-31T19:04:52.074+00:00,2026-08-31T19:04:52.312+00:00,2026-08-31T19:04:52.312+00:00,0.105714,0.2379511220005952,sqs-worker-5986dcd897-sjcvg,ip-192-168-20-201.ec2.internal,36be4b309b9722bd2d1e7026fcb13c1bc049b934f0e2b636d51ee14146ca48f0,1,8509.0,8747.0
1,keda-mmpp-202-609b96b1,000035,22.149348,2026-08-31T19:04:42.582+00:00,2026-08-31T19:04:38.859+00:00,2026-08-31T19:04:49.126+00:00,2026-08-31T19:04:49.126+00:00,2026-08-31T19:04:53.113+00:00,2026-08-31T19:04:53.113+00:00,0.899421,3.9862824809988524,sqs-worker-5986dcd897-x8rdl,ip-192-168-20-201.ec2.internal,340d609b8b6931a08578907e3fadca444c11fbc20d806874774808e8a98670f4,1,10267.0,14254.0
1,keda-mmpp-202-609b96b1,000062,28.0865,2026-08-31T19:04:48.519+00:00,2026-08-31T19:04:44.790+00:00,2026-08-31T19:04:53.321+00:00,2026-08-31T19:04:53.321+00:00,2026-08-31T19:04:53.475+00:00,2026-08-31T19:04:53.476+00:00,0.061901,0.15480076899984851,sqs-worker-5986dcd897-sjcvg,ip-192-168-20-201.ec2.internal,b648775024b944a7a1cb7162eefc8d4716f3d160b04d72ab2d175d0be627342b,1,8531.0,8685.0
1,keda-mmpp-202-609b96b1,000061,28.068328,2026-08-31T19:04:48.501+00:00,2026-08-31T19:04:44.774+00:00,2026-08-31T19:04:53.131+00:00,2026-08-31T19:04:53.131+00:00,2026-08-31T19:04:53.194+00:00,2026-08-31T19:04:53.194+00:00,0.015667,0.06290289299977303,sqs-worker-5986dcd897-x8rdl,ip-192-168-20-201.ec2.internal,a6ca8cb650e379d2afeab7d42d1947e84bd74a4b8b0ff5da8362fb947c86d942,1,8357.0,8420.0
1,keda-mmpp-202-609b96b1,000046,25.099954,2026-08-31T19:04:45.532+00:00,2026-08-31T19:04:41.802+00:00,2026-08-31T19:04:52.336+00:00,2026-08-31T19:04:52.336+00:00,2026-08-31T19:04:53.304+00:00,2026-08-31T19:04:53.304+00:00,0.389252,0.9686017659987556,sqs-worker-5986dcd897-sjcvg,ip-192-168-20-201.ec2.internal,252a0de3d9049495b0ec29652d4e8b0a911851c3866ac0fda712273a5a5c02e8,1,10534.0,11502.0
1,keda-mmpp-202-609b96b1,000044,24.781559,2026-08-31T19:04:45.214+00:00,2026-08-31T19:04:41.485+00:00,2026-08-31T19:04:53.492+00:00,2026-08-31T19:04:53.492+00:00,2026-08-31T19:04:53.821+00:00,2026-08-31T19:04:53.821+00:00,0.140816,0.3290687929984415,sqs-worker-5986dcd897-sjcvg,ip-192-168-20-201.ec2.internal,08b430e7090ec4ca02d06f4764fb4eece867edecef6be3966d3b17156224e2d6,1,12007.0,12336.0
1,keda-mmpp-202-609b96b1,000071,35.740532,2026-08-31T19:04:56.173+00:00,2026-08-31T19:04:52.443+00:00,2026-08-31T19:04:53.875+00:00,2026-08-31T19:04:53.875+00:00,2026-08-31T19:04:54.267+00:00,2026-08-31T19:04:54.267+00:00,0.163658,0.3927555800000846,sqs-worker-5986dcd897-sjcvg,ip-192-168-20-201.ec2.internal,fa474d640baea8771dd1d7d6ad12d2f30a3fd4780928af1d9940cead1f266e13,1,1432.0,1824.0
1,keda-mmpp-202-609b96b1,000070,31.430093,2026-08-31T19:04:51.863+00:00,2026-08-31T19:04:48.137+00:00,2026-08-31T19:04:54.284+00:00,2026-08-31T19:04:54.284+00:00,2026-08-31T19:04:54.779+00:00,2026-08-31T19:04:54.779+00:00,0.208555,0.49459052300153417,sqs-worker-5986dcd897-sjcvg,ip-192-168-20-201.ec2.internal,238cdeb2ad3db752f5da5eebc54a1a780a7a7a46f0a471e8a7ee5674201baafe,1,6147.0,6642.0
1,keda-mmpp-202-609b96b1,000036,22.404936,2026-08-31T19:04:42.838+00:00,2026-08-31T19:04:39.109+00:00,2026-08-31T19:04:54.827+00:00,2026-08-31T19:04:54.827+00:00,2026-08-31T19:04:55.008+00:00,2026-08-31T19:04:55.008+00:00,0.073061,0.18082320199937385,sqs-worker-5986dcd897-x8rdl,ip-192-168-20-201.ec2.internal,2608bd7b1ee15e97d8cc1f7a220e07809382fd97093fb03dbe7339bfecb987cd,1,15718.0,15899.0
1,keda-mmpp-202-609b96b1,000045,25.080545,2026-08-31T19:04:45.513+00:00,2026-08-31T19:04:41.787+00:00,2026-08-31T19:04:54.843+00:00,2026-08-31T19:04:54.843+00:00,2026-08-31T19:04:55.563+00:00,2026-08-31T19:04:55.563+00:00,0.295977,0.7201877249990503,sqs-worker-5986dcd897-sjcvg,ip-192-168-20-201.ec2.internal,b51914d588248b55aeca50a7b6a8d0279ab0c2aff715e7ec0c660db776273e8a,1,13056.0,13776.0
1,keda-mmpp-202-609b96b1,000064,28.432796,2026-08-31T19:04:48.865+00:00,2026-08-31T19:04:45.141+00:00,2026-08-31T19:04:54.820+00:00,2026-08-31T19:04:54.820+00:00,2026-08-31T19:04:54.826+00:00,2026-08-31T19:04:54.826+00:00,0.005,0.005244750000201748,sqs-worker-5986dcd897-sjcvg,ip-192-168-20-201.ec2.internal,b6a8a9f411093d314663109c999136c81dc128486e39b5f712e7173ee2d45d3e,1,9679.0,9685.0
1,keda-mmpp-202-609b96b1,000065,28.566364,2026-08-31T19:04:48.999+00:00,2026-08-31T19:04:45.279+00:00,2026-08-31T19:04:55.723+00:00,2026-08-31T19:04:55.723+00:00,2026-08-31T19:04:56.111+00:00,2026-08-31T19:04:56.111+00:00,0.154201,0.38789407900003425,sqs-worker-5986dcd897-sjcvg,ip-192-168-20-201.ec2.internal,f9ff492c7dd6137938cf0368ae7e6a43566487ba449548420938484df5e48d05,1,10444.0,10832.0
1,keda-mmpp-202-609b96b1,000034,21.753749,2026-08-31T19:04:42.187+00:00,2026-08-31T19:04:38.457+00:00,2026-08-31T19:04:53.211+00:00,2026-08-31T19:04:53.211+00:00,2026-08-31T19:04:54.810+00:00,2026-08-31T19:04:54.810+00:00,0.651574,1.5987748669995199,sqs-worker-5986dcd897-x8rdl,ip-192-168-20-201.ec2.internal,d82b798b5ddaac16977214a9cf9913d973f5aba75cc200aaa8bc4b47b2d87f8e,1,14754.0,16353.000000000002
1,keda-mmpp-202-609b96b1,000058,26.87603,2026-08-31T19:04:47.309+00:00,2026-08-31T19:04:43.583+00:00,2026-08-31T19:04:56.138+00:00,2026-08-31T19:04:56.138+00:00,2026-08-31T19:04:56.573+00:00,2026-08-31T19:04:56.573+00:00,0.185468,0.43433584599915775,sqs-worker-5986dcd897-sjcvg,ip-192-168-20-201.ec2.internal,8ebf6ca2da0756191dd43b405e1709c8ccbdf6eed562d57dd56dc29224ce01a2,1,12555.0,12990.0
1,keda-mmpp-202-609b96b1,000039,23.513291,2026-08-31T19:04:43.946+00:00,2026-08-31T19:04:40.214+00:00,2026-08-31T19:04:56.591+00:00,2026-08-31T19:04:56.591+00:00,2026-08-31T19:04:56.612+00:00,2026-08-31T19:04:56.612+00:00,0.011185,0.02055450700026995,sqs-worker-5986dcd897-sjcvg,ip-192-168-20-201.ec2.internal,79472d41947eae8afe0f5e7e3a9f8e1b9aab23fa4fd7796187e08e1049573ddf,1,16376.999999999998,16398.0
1,keda-mmpp-202-609b96b1,000037,23.201397,2026-08-31T19:04:43.635+00:00,2026-08-31T19:04:39.904+00:00,2026-08-31T19:04:55.580+00:00,2026-08-31T19:04:55.580+00:00,2026-08-31T19:04:55.706+00:00,2026-08-31T19:04:55.706+00:00,0.054967,0.12552067899923713,sqs-worker-5986dcd897-sjcvg,ip-192-168-20-201.ec2.internal,e8594554a820f243e9c9f6f4dc758c3e7764a91a057a640f1dfb0561f46b0e1c,1,15676.0,15802.0
1,keda-mmpp-202-609b96b1,000047,25.22735,2026-08-31T19:04:45.660+00:00,2026-08-31T19:04:41.936+00:00,2026-08-31T19:04:55.027+00:00,2026-08-31T19:04:55.027+00:00,2026-08-31T19:04:55.713+00:00,2026-08-31T19:04:55.713+00:00,0.27859,0.685180364000189,sqs-worker-5986dcd897-x8rdl,ip-192-168-20-201.ec2.internal,71f5efd2c65c424fd7b202ae67889fbdb33eff0ad57568fd1cad1943d1477444,1,13091.0,13777.0
1,keda-mmpp-202-609b96b1,000059,27.400663,2026-08-31T19:04:47.834+00:00,2026-08-31T19:04:44.105+00:00,2026-08-31T19:04:56.939+00:00,2026-08-31T19:04:56.939+00:00,2026-08-31T19:04:57.206+00:00,2026-08-31T19:04:57.206+00:00,0.130316,0.2672656430004281,sqs-worker-5986dcd897-x8rdl,ip-192-168-20-201.ec2.internal,31ae481baace6298e315cfd01738b3fb4e0ae62fc9e8a0767bb368369e9f6128,1,12834.0,13101.0
1,keda-mmpp-202-609b96b1,000060,27.830121,2026-08-31T19:04:48.263+00:00,2026-08-31T19:04:44.537+00:00,2026-08-31T19:04:57.228+00:00,2026-08-31T19:04:57.228+00:00,2026-08-31T19:04:57.317+00:00,2026-08-31T19:04:57.317+00:00,0.045617,0.08869003200015868,sqs-worker-5986dcd897-x8rdl,ip-192-168-20-201.ec2.internal,48309bbcc5d1f152de0f305838a11b388ff8ea8cd6a29bbde6f9a4650c5daf59,1,12691.0,12780.0
1,keda-mmpp-202-609b96b1,000048,25.263501,2026-08-31T19:04:45.696+00:00,2026-08-31T19:04:41.967+00:00,2026-08-31T19:04:55.736+00:00,2026-08-31T19:04:55.736+00:00,2026-08-31T19:04:56.892+00:00,2026-08-31T19:04:56.892+00:00,0.454331,1.156725495999126,sqs-worker-5986dcd897-x8rdl,ip-192-168-20-201.ec2.internal,c7f65737abacabfe85410e9f84f04d1990c51f0a34d950374ae9eae54eb48349,1,13769.0,14925.0
1,keda-mmpp-202-609b96b1,000042,24.482309,2026-08-31T19:04:44.915+00:00,2026-08-31T19:04:41.189+00:00,2026-08-31T19:04:56.671+00:00,2026-08-31T19:04:56.671+00:00,2026-08-31T19:04:57.203+00:00,2026-08-31T19:04:57.203+00:00,0.22718,0.5321649060006166,sqs-worker-5986dcd897-sjcvg,ip-192-168-20-201.ec2.internal,c91470c40ecbf24c159d7e4a5c300bf70ba818bb27216fcd16c44f2a76152be8,1,15482.0,16014.0
1,keda-mmpp-202-609b96b1,000049,25.5991,2026-08-31T19:04:46.032+00:00,2026-08-31T19:04:42.308+00:00,2026-08-31T19:04:57.221+00:00,2026-08-31T19:04:57.221+00:00,2026-08-31T19:04:58.067+00:00,2026-08-31T19:04:58.067+00:00,0.333992,0.8459696270001587,sqs-worker-5986dcd897-sjcvg,ip-192-168-20-201.ec2.internal,b70a82e102f17acb8b412f108b8fa1e96e1fbbe0855d8cb2ebdcf5455ab0d242,1,14913.0,15759.0
1,keda-mmpp-202-609b96b1,000050,25.791074,2026-08-31T19:04:46.224+00:00,2026-08-31T19:04:42.493+00:00,2026-08-31T19:04:58.178+00:00,2026-08-31T19:04:58.178+00:00,2026-08-31T19:04:58.205+00:00,2026-08-31T19:04:58.205+00:00,0.005266,0.02674771999954828,sqs-worker-5986dcd897-sjcvg,ip-192-168-20-201.ec2.internal,a4a5431b102505c22f615a86730bff0bf5a1b50a556485fbc716d9a4fce529db,1,15685.0,15712.0
1,keda-mmpp-202-609b96b1,000052,26.255656,2026-08-31T19:04:46.688+00:00,2026-08-31T19:04:42.964+00:00,2026-08-31T19:04:58.208+00:00,2026-08-31T19:04:58.208+00:00,2026-08-31T19:04:58.496+00:00,2026-08-31T19:04:58.496+00:00,0.126256,0.2872764180010563,sqs-worker-5986dcd897-x8rdl,ip-192-168-20-201.ec2.internal,c49f7373dd3cf7ea3058c168be25116b24ab83556c4278582499e29e2e17e738,1,15244.0,15532.0
1,keda-mmpp-202-609b96b1,000054,26.294474,2026-08-31T19:04:46.727+00:00,2026-08-31T19:04:43.540+00:00,2026-08-31T19:04:58.522+00:00,2026-08-31T19:04:58.522+00:00,2026-08-31T19:04:59.393+00:00,2026-08-31T19:04:59.393+00:00,0.352566,0.8717132099991431,sqs-worker-5986dcd897-x8rdl,ip-192-168-20-201.ec2.internal,da6b40916e523e19ac70f295c4ec3a811974a686eb3674ef36bdc54797d110ed,1,14982.0,15853.0
1,keda-mmpp-202-609b96b1,000067,28.78704,2026-08-31T19:04:49.220+00:00,2026-08-31T19:04:45.496+00:00,2026-08-31T19:04:58.927+00:00,2026-08-31T19:04:58.927+00:00,2026-08-31T19:04:59.564+00:00,2026-08-31T19:04:59.564+00:00,0.114102,0.6373934099992766,sqs-worker-5986dcd897-sjcvg,ip-192-168-20-201.ec2.internal,6b20e06ef233d3bd8f2d27eb3598568e08963dd41acaa34c3b7fa1a85caf90e8,1,13431.0,14068.0
1,keda-mmpp-202-609b96b1,000051,26.209984,2026-08-31T19:04:46.642+00:00,2026-08-31T19:04:42.910+00:00,2026-08-31T19:04:58.107+00:00,2026-08-31T19:04:58.107+00:00,2026-08-31T19:04:58.143+00:00,2026-08-31T19:04:58.143+00:00,0.035435,0.03548423800020828,sqs-worker-5986dcd897-sjcvg,ip-192-168-20-201.ec2.internal,cbe6a153a522541bee875e68885c77e5b592d1ac404b837006b326257135c495,1,15197.0,15233.0
1,keda-mmpp-202-609b96b1,000056,26.688323,2026-08-31T19:04:47.121+00:00,2026-08-31T19:04:43.391+00:00,2026-08-31T19:04:58.224+00:00,2026-08-31T19:04:58.224+00:00,2026-08-31T19:04:58.816+00:00,2026-08-31T19:04:58.816+00:00,0.188487,0.592549416998736,sqs-worker-5986dcd897-sjcvg,ip-192-168-20-201.ec2.internal,ddfeb13210eac3fd10cceeb3c8279e2fba8927c587f984eeb9379315e7247c5d,1,14833.0,15425.0
1,keda-mmpp-202-609b96b1,000066,28.672549,2026-08-31T19:04:49.105+00:00,2026-08-31T19:04:45.377+00:00,2026-08-31T19:04:59.665+00:00,2026-08-31T19:04:59.665+00:00,2026-08-31T19:05:00.494+00:00,2026-08-31T19:05:00.494+00:00,0.167071,0.8281688369988842,sqs-worker-5986dcd897-x8rdl,ip-192-168-20-201.ec2.internal,ae6d3ef1197d4691e593dee563ab0a935732c6aca1b85e8a4511c8b91bbf7b45,1,14288.0,15117.0
1,keda-mmpp-202-609b96b1,000073,38.547529,2026-08-31T19:04:58.979+00:00,2026-08-31T19:04:55.254+00:00,2026-08-31T19:04:57.346+00:00,2026-08-31T19:04:57.346+00:00,2026-08-31T19:04:57.626+00:00,2026-08-31T19:04:57.626+00:00,0.121511,0.2800044819996401,sqs-worker-5986dcd897-x8rdl,ip-192-168-20-201.ec2.internal,fc73732d9edbad26ea623ded1007b078f05c54cc07bf44b30cb7d9be271463e3,1,2092.0,2372.0
1,keda-mmpp-202-609b96b1,000043,24.727628,2026-08-31T19:04:45.160+00:00,2026-08-31T19:04:41.437+00:00,2026-08-31T19:04:57.716+00:00,2026-08-31T19:04:57.716+00:00,2026-08-31T19:04:58.185+00:00,2026-08-31T19:04:58.185+00:00,0.197628,0.46952741499990225,sqs-worker-5986dcd897-x8rdl,ip-192-168-20-201.ec2.internal,d2511aa1d12644dd0684405d170fe0e36681a7d78f600e2999a5510e96ea7a17,1,16279.0,16748.0
1,keda-mmpp-202-609b96b1,000069,31.277647,2026-08-31T19:04:51.711+00:00,2026-08-31T19:04:47.984+00:00,2026-08-31T19:04:59.433+00:00,2026-08-31T19:04:59.433+00:00,2026-08-31T19:04:59.629+00:00,2026-08-31T19:04:59.629+00:00,0.097592,0.1953694749990973,sqs-worker-5986dcd897-x8rdl,ip-192-168-20-201.ec2.internal,e90b4939b252dd40a1177673fc9d70f54653f23a6c82daf7799a69ecdcbe0502,1,11449.0,11645.0
1,keda-mmpp-202-609b96b1,000068,29.5081,2026-08-31T19:04:49.941+00:00,2026-08-31T19:04:46.216+00:00,2026-08-31T19:05:00.623+00:00,2026-08-31T19:05:00.623+00:00,2026-08-31T19:05:01.584+00:00,2026-08-31T19:05:01.584+00:00,0.173739,0.9603202139987843,sqs-worker-5986dcd897-x8rdl,ip-192-168-20-201.ec2.internal,1017787c8cd15ee37663f6054344748e26812b6aa5d03b1515bd086c7898f384,1,14407.0,15368.0
1,keda-mmpp-202-609b96b1,000072,37.332817,2026-08-31T19:04:57.765+00:00,2026-08-31T19:04:54.034+00:00,2026-08-31T19:05:01.612+00:00,2026-08-31T19:05:01.612+00:00,2026-08-31T19:05:02.303+00:00,2026-08-31T19:05:02.303+00:00,0.141081,0.6909325630003877,sqs-worker-5986dcd897-x8rdl,ip-192-168-20-201.ec2.internal,2e3042a240daea270062357eeb4514ecbe5cf0cd5b3613346befa8cf1e9f377b,1,7578.0,8269.0
1,keda-mmpp-202-609b96b1,000063,28.411711,2026-08-31T19:04:48.844+00:00,2026-08-31T19:04:45.116+00:00,2026-08-31T19:04:59.606+00:00,2026-08-31T19:04:59.606+00:00,2026-08-31T19:05:02.418+00:00,2026-08-31T19:05:02.418+00:00,0.776732,2.811790800000381,sqs-worker-5986dcd897-sjcvg,ip-192-168-20-201.ec2.internal,0a56bf4f0b15c8ccd2b0d49eb4b432d6bccbbdccd6974f6a1b861292967278c9,1,14490.0,17302.0
1,keda-mmpp-202-609b96b1,000075,46.559703,2026-08-31T19:05:06.992+00:00,2026-08-31T19:05:03.279+00:00,2026-08-31T19:05:03.282+00:00,2026-08-31T19:05:03.282+00:00,2026-08-31T19:05:03.509+00:00,2026-08-31T19:05:03.510+00:00,0.108614,0.22713581999960297,sqs-worker-5986dcd897-sjcvg,ip-192-168-20-201.ec2.internal,82c2490c1005a1bcb8d902932a05bb94a3ed922db495fc629dee030caeb97fef,1,3.0,230.0
1,keda-mmpp-202-609b96b1,000074,44.533248,2026-08-31T19:05:04.970+00:00,2026-08-31T19:05:01.241+00:00,2026-08-31T19:05:02.402+00:00,2026-08-31T19:05:02.402+00:00,2026-08-31T19:05:03.892+00:00,2026-08-31T19:05:03.892+00:00,0.520214,1.4904190100005508,sqs-worker-5986dcd897-x8rdl,ip-192-168-20-201.ec2.internal,7af2f1660d8875ab20d12d6285816a80a69910ef13f109ca1beb77806b648178,1,1161.0,2651.0
1,keda-mmpp-202-609b96b1,000076,47.429195,2026-08-31T19:05:07.861+00:00,2026-08-31T19:05:04.134+00:00,2026-08-31T19:05:04.143+00:00,2026-08-31T19:05:04.143+00:00,2026-08-31T19:05:04.818+00:00,2026-08-31T19:05:04.818+00:00,0.313256,0.6751370190013404,sqs-worker-5986dcd897-x8rdl,ip-192-168-20-201.ec2.internal,a16c3fe26045149e04420b4a2f38b370cd4fe0e35cee5b507120931ebbe5b9bb,1,9.0,684.0
1,keda-mmpp-202-609b96b1,000077,50.942838,2026-08-31T19:05:11.377+00:00,2026-08-31T19:05:07.650+00:00,2026-08-31T19:05:07.654+00:00,2026-08-31T19:05:07.654+00:00,2026-08-31T19:05:07.767+00:00,2026-08-31T19:05:07.767+00:00,0.050396,0.11281433800104423,sqs-worker-5986dcd897-bfwst,ip-192-168-20-201.ec2.internal,faa15b38f181645af66267b82034121064494ad948c3870dcbd0b4b02716bf8f,1,4.0,117.0
1,keda-mmpp-202-609b96b1,000078,55.341769,2026-08-31T19:05:15.777+00:00,2026-08-31T19:05:12.052+00:00,2026-08-31T19:05:12.056+00:00,2026-08-31T19:05:12.056+00:00,2026-08-31T19:05:12.061+00:00,2026-08-31T19:05:12.061+00:00,0.005,0.005037438000726979,sqs-worker-5986dcd897-sjcvg,ip-192-168-20-201.ec2.internal,66ba89ebc1c864603ea483a03ef9bec69789956a19333515bb8d99d01ed62be6,1,4.0,9.0
1,keda-mmpp-202-609b96b1,000079,57.263667,2026-08-31T19:05:17.696+00:00,2026-08-31T19:05:13.971+00:00,2026-08-31T19:05:13.977+00:00,2026-08-31T19:05:13.977+00:00,2026-08-31T19:05:13.987+00:00,2026-08-31T19:05:13.987+00:00,0.009911,0.00997166900015145,sqs-worker-5986dcd897-28qt5,ip-192-168-20-201.ec2.internal,d70d535af8a08ca0dfee65be50fcc3d867ec35d8f8986d71f380947e3e6c18df,1,6.0,16.0
1,keda-mmpp-202-609b96b1,000080,59.903584,2026-08-31T19:05:20.337+00:00,2026-08-31T19:05:16.609+00:00,2026-08-31T19:05:16.616+00:00,2026-08-31T19:05:16.616+00:00,2026-08-31T19:05:17.329+00:00,2026-08-31T19:05:17.329+00:00,0.307621,0.7133421350008575,sqs-worker-5986dcd897-sjcvg,ip-192-168-20-201.ec2.internal,1b161a24299fb946fa7fa427b291534943b35eb73abcdcba02ee67309b42c34b,1,7.0,720.0
1,keda-mmpp-202-609b96b1,000082,61.926645,2026-08-31T19:05:22.358+00:00,2026-08-31T19:05:18.630+00:00,2026-08-31T19:05:18.635+00:00,2026-08-31T19:05:18.635+00:00,2026-08-31T19:05:18.694+00:00,2026-08-31T19:05:18.694+00:00,0.057036,0.059875922999708564,sqs-worker-5986dcd897-x8rdl,ip-192-168-20-201.ec2.internal,676f1b09e75cc53807849f4711338be1b2789b8809bec1991d553269b22528c0,1,5.0,64.0
1,keda-mmpp-202-609b96b1,000081,61.631418,2026-08-31T19:05:22.064+00:00,2026-08-31T19:05:18.337+00:00,2026-08-31T19:05:18.340+00:00,2026-08-31T19:05:18.340+00:00,2026-08-31T19:05:18.810+00:00,2026-08-31T19:05:18.810+00:00,0.139218,0.46995756900105334,sqs-worker-5986dcd897-sjcvg,ip-192-168-20-201.ec2.internal,a70f42db706cc95142cdd19d4c4c1577bcdbc3f7405ef23f9512f8e6ede337ce,1,3.0,473.0
1,keda-mmpp-202-609b96b1,000083,66.674987,2026-08-31T19:05:27.109+00:00,2026-08-31T19:05:23.382+00:00,2026-08-31T19:05:23.387+00:00,2026-08-31T19:05:23.387+00:00,2026-08-31T19:05:23.418+00:00,2026-08-31T19:05:23.418+00:00,0.031441,0.031531114000245,sqs-worker-5986dcd897-28qt5,ip-192-168-20-201.ec2.internal,96a473d7f3159368ffba849fd72d8ed3613d93e175c5194707770b01bf41d2bd,1,5.0,36.0
1,keda-mmpp-202-609b96b1,000084,67.100941,2026-08-31T19:05:27.531+00:00,2026-08-31T19:05:23.807+00:00,2026-08-31T19:05:23.811+00:00,2026-08-31T19:05:23.811+00:00,2026-08-31T19:05:23.816+00:00,2026-08-31T19:05:23.816+00:00,0.005,0.005038319999584928,sqs-worker-5986dcd897-sjcvg,ip-192-168-20-201.ec2.internal,3b0a9a286de5584cc2341035bb13b3f55fb5efe4d0d2b21f5d549051b8272db2,1,4.0,9.0
1,keda-mmpp-202-609b96b1,000085,67.233195,2026-08-31T19:05:27.662+00:00,2026-08-31T19:05:23.931+00:00,2026-08-31T19:05:23.935+00:00,2026-08-31T19:05:23.935+00:00,2026-08-31T19:05:24.215+00:00,2026-08-31T19:05:24.215+00:00,0.134497,0.2796555180011637,sqs-worker-5986dcd897-sjcvg,ip-192-168-20-201.ec2.internal,9a8031fd9ef8c3da77f149555b790b2b264f3b658e98d603807a483f7fb23461,1,4.0,284.0
1,keda-mmpp-202-609b96b1,000086,67.339312,2026-08-31T19:05:27.769+00:00,2026-08-31T19:05:24.045+00:00,2026-08-31T19:05:24.049+00:00,2026-08-31T19:05:24.049+00:00,2026-08-31T19:05:25.265+00:00,2026-08-31T19:05:25.265+00:00,0.346202,1.2165873710000596,sqs-worker-5986dcd897-bfwst,ip-192-168-20-201.ec2.internal,e9a3b87fbc3b55de626056fa82c450ff563fdd1f205acf3fce2edcf5266ffca9,1,4.0,1220.0
1,keda-mmpp-202-609b96b1,000089,68.685814,2026-08-31T19:05:29.115+00:00,2026-08-31T19:05:25.385+00:00,2026-08-31T19:05:25.388+00:00,2026-08-31T19:05:25.388+00:00,2026-08-31T19:05:25.410+00:00,2026-08-31T19:05:25.410+00:00,0.019851,0.02244643499943777,sqs-worker-5986dcd897-sjcvg,ip-192-168-20-201.ec2.internal,0285ee74bc90b3d3fe7f25ffa622edbb6569e075ee5fbb57cd8d045c6ca060ca,1,3.0,25.0
1,keda-mmpp-202-609b96b1,000091,69.189717,2026-08-31T19:05:29.619+00:00,2026-08-31T19:05:25.904+00:00,2026-08-31T19:05:25.908+00:00,2026-08-31T19:05:25.908+00:00,2026-08-31T19:05:26.015+00:00,2026-08-31T19:05:26.015+00:00,0.075655,0.10764567400110536,sqs-worker-5986dcd897-x8rdl,ip-192-168-20-201.ec2.internal,33a17943ad168224015f4e76d92ed85ab814187a00eb2e11e2b9306b4f215b7a,1,4.0,111.0
1,keda-mmpp-202-609b96b1,000088,68.674564,2026-08-31T19:05:29.104+00:00,2026-08-31T19:05:25.378+00:00,2026-08-31T19:05:25.382+00:00,2026-08-31T19:05:25.382+00:00,2026-08-31T19:05:25.589+00:00,2026-08-31T19:05:25.589+00:00,0.086529,0.20728357699954358,sqs-worker-5986dcd897-x8rdl,ip-192-168-20-201.ec2.internal,dde44b54029ca5184e31d89fe34c091b108c49fada94b944af8b42b03a3de773,1,4.0,211.0
1,keda-mmpp-202-609b96b1,000087,68.062918,2026-08-31T19:05:28.493+00:00,2026-08-31T19:05:24.766+00:00,2026-08-31T19:05:24.818+00:00,2026-08-31T19:05:24.819+00:00,2026-08-31T19:05:26.127+00:00,2026-08-31T19:05:26.127+00:00,0.253454,1.3088862549993792,sqs-worker-5986dcd897-28qt5,ip-192-168-20-201.ec2.internal,ced46812f07ef9ff2251d99d68c6731b4f73add4a25a8191f2588637906540ab,1,52.0,1361.0
1,keda-mmpp-202-609b96b1,000093,70.00451,2026-08-31T19:05:30.434+00:00,2026-08-31T19:05:26.710+00:00,2026-08-31T19:05:26.715+00:00,2026-08-31T19:05:26.715+00:00,2026-08-31T19:05:26.728+00:00,2026-08-31T19:05:26.728+00:00,0.013371,0.013425429999188054,sqs-worker-5986dcd897-28qt5,ip-192-168-20-201.ec2.internal,74fd8b7717682f2aa2e2a268e2fdf89eb04cd485c19ac079506aa80700d24926,1,5.0,18.0
1,keda-mmpp-202-609b96b1,000092,69.936427,2026-08-31T19:05:30.366+00:00,2026-08-31T19:05:26.637+00:00,2026-08-31T19:05:26.641+00:00,2026-08-31T19:05:26.641+00:00,2026-08-31T19:05:27.103+00:00,2026-08-31T19:05:27.103+00:00,0.207783,0.46197050500086334,sqs-worker-5986dcd897-x8rdl,ip-192-168-20-201.ec2.internal,c21524dcc37ad2fc086dc368184c3c89760371bdb4a5f220ff2940472bee4cf7,1,4.0,466.0
1,keda-mmpp-202-609b96b1,000095,70.424674,2026-08-31T19:05:30.854+00:00,2026-08-31T19:05:27.135+00:00,2026-08-31T19:05:27.144+00:00,2026-08-31T19:05:27.144+00:00,2026-08-31T19:05:27.186+00:00,2026-08-31T19:05:27.186+00:00,0.036698,0.042350472998805344,sqs-worker-5986dcd897-sjcvg,ip-192-168-20-201.ec2.internal,dcc04b4dc23ba3ca4c38723ff5bea1dba266b83c84090b155e98ff380994b664,1,9.0,51.0
1,keda-mmpp-202-609b96b1,000090,69.089016,2026-08-31T19:05:29.519+00:00,2026-08-31T19:05:25.796+00:00,2026-08-31T19:05:25.837+00:00,2026-08-31T19:05:25.837+00:00,2026-08-31T19:05:27.560+00:00,2026-08-31T19:05:27.560+00:00,0.506023,1.7236530840000341,sqs-worker-5986dcd897-bfwst,ip-192-168-20-201.ec2.internal,b0d10b91b1f6a418ac8ca58db0b7198885e98d60276ca02372d1391f383d17b4,1,41.0,1764.0
1,keda-mmpp-202-609b96b1,000094,70.237931,2026-08-31T19:05:30.667+00:00,2026-08-31T19:05:26.940+00:00,2026-08-31T19:05:26.945+00:00,2026-08-31T19:05:26.945+00:00,2026-08-31T19:05:27.835+00:00,2026-08-31T19:05:27.835+00:00,0.377371,0.8897514969994518,sqs-worker-5986dcd897-28qt5,ip-192-168-20-201.ec2.internal,c68ab17908266778bb4622eb4ba7f3024bb5e44332e04deefa3e5bdb561d3408,1,5.0,895.0
1,keda-mmpp-202-609b96b1,000099,71.070457,2026-08-31T19:05:31.500+00:00,2026-08-31T19:05:27.774+00:00,2026-08-31T19:05:27.856+00:00,2026-08-31T19:05:27.856+00:00,2026-08-31T19:05:27.982+00:00,2026-08-31T19:05:27.982+00:00,0.065521,0.1260983619995386,sqs-worker-5986dcd897-bfwst,ip-192-168-20-201.ec2.internal,5f9d62db35df0dcc72894d99a8429f54501ac0ed4cec774d9787ade78445e581,1,82.0,208.0
1,keda-mmpp-202-609b96b1,000096,70.900313,2026-08-31T19:05:31.330+00:00,2026-08-31T19:05:27.603+00:00,2026-08-31T19:05:27.606+00:00,2026-08-31T19:05:27.606+00:00,2026-08-31T19:05:28.245+00:00,2026-08-31T19:05:28.245+00:00,0.27557,0.6388736049993895,sqs-worker-5986dcd897-sjcvg,ip-192-168-20-201.ec2.internal,85aade3165a6b77ed2476a929791fd9a61d7c2eee48b9545eb66daa7a2bab08d,1,3.0,642.0
1,keda-mmpp-202-609b96b1,000101,71.268142,2026-08-31T19:05:31.697+00:00,2026-08-31T19:05:27.977+00:00,2026-08-31T19:05:28.008+00:00,2026-08-31T19:05:28.008+00:00,2026-08-31T19:05:28.677+00:00,2026-08-31T19:05:28.677+00:00,0.259995,0.6689367649996711,sqs-worker-5986dcd897-bfwst,ip-192-168-20-201.ec2.internal,abce9cc364440b915c24057da2026b8fe6d9b417431a94b58ffc112937bc553e,1,31.0,700.0
1,keda-mmpp-202-609b96b1,000105,72.059878,2026-08-31T19:05:32.489+00:00,2026-08-31T19:05:28.759+00:00,2026-08-31T19:05:28.767+00:00,2026-08-31T19:05:28.767+00:00,2026-08-31T19:05:28.798+00:00,2026-08-31T19:05:28.798+00:00,0.025048,0.03181164000125136,sqs-worker-5986dcd897-bfwst,ip-192-168-20-201.ec2.internal,80a6833502e6cfee233527562cf2660d6c60f3d489b2dd8568961aa3f2e5d26f,1,8.0,39.0
1,keda-mmpp-202-609b96b1,000097,70.931058,2026-08-31T19:05:31.360+00:00,2026-08-31T19:05:27.633+00:00,2026-08-31T19:05:27.647+00:00,2026-08-31T19:05:27.647+00:00,2026-08-31T19:05:27.791+00:00,2026-08-31T19:05:27.791+00:00,0.075323,0.1442568950005807,sqs-worker-5986dcd897-bfwst,ip-192-168-20-201.ec2.internal,fef32e1a6819ffe9030a194adee609167815e8551909af41f1cab13316af3643,1,14.0,158.0
1,keda-mmpp-202-609b96b1,000100,71.220841,2026-08-31T19:05:31.650+00:00,2026-08-31T19:05:27.978+00:00,2026-08-31T19:05:27.984+00:00,2026-08-31T19:05:27.984+00:00,2026-08-31T19:05:28.216+00:00,2026-08-31T19:05:28.216+00:00,0.103845,0.23217955799918855,sqs-worker-5986dcd897-28qt5,ip-192-168-20-201.ec2.internal,e3285fd9dd9006b4f255a04a1ebf621bfab9fd9d09293a54763025180da17be9,1,6.0,238.0
1,keda-mmpp-202-609b96b1,000098,70.965708,2026-08-31T19:05:31.395+00:00,2026-08-31T19:05:27.665+00:00,2026-08-31T19:05:27.670+00:00,2026-08-31T19:05:27.670+00:00,2026-08-31T19:05:28.593+00:00,2026-08-31T19:05:28.593+00:00,0.372359,0.9233175110002776,sqs-worker-5986dcd897-x8rdl,ip-192-168-20-201.ec2.internal,e9fed573a97be8bdbcb74b3c325c84234e0d43974d3ac9719c8e1f239031305c,1,5.0,928.0
1,keda-mmpp-202-609b96b1,000104,71.933498,2026-08-31T19:05:32.363+00:00,2026-08-31T19:05:28.633+00:00,2026-08-31T19:05:28.636+00:00,2026-08-31T19:05:28.636+00:00,2026-08-31T19:05:28.790+00:00,2026-08-31T19:05:28.790+00:00,0.073011,0.15358729699983087,sqs-worker-5986dcd897-x8rdl,ip-192-168-20-201.ec2.internal,726e3a6109a1335f0b4ee03fcd171fe4112fa2247d10ba485bd315b2573fa1b9,1,3.0,157.0
1,keda-mmpp-202-609b96b1,000102,71.666768,2026-08-31T19:05:32.096+00:00,2026-08-31T19:05:28.366+00:00,2026-08-31T19:05:28.373+00:00,2026-08-31T19:05:28.373+00:00,2026-08-31T19:05:29.101+00:00,2026-08-31T19:05:29.101+00:00,0.202952,0.7279241699998238,sqs-worker-5986dcd897-sjcvg,ip-192-168-20-201.ec2.internal,b5602857936d7384e820ef7ccd5349b3dd131d7ce1f366d018aae296962340d9,1,7.0,735.0
1,keda-mmpp-202-609b96b1,000106,72.547493,2026-08-31T19:05:32.977+00:00,2026-08-31T19:05:29.245+00:00,2026-08-31T19:05:29.249+00:00,2026-08-31T19:05:29.249+00:00,2026-08-31T19:05:29.265+00:00,2026-08-31T19:05:29.265+00:00,0.016373,0.016433255001174984,sqs-worker-5986dcd897-bfwst,ip-192-168-20-201.ec2.internal,34429265ca6130d90d314b15ba51e10ebc2afcae7b7088988a4347f2b0250121,1,4.0,20.0
1,keda-mmpp-202-609b96b1,000103,71.892089,2026-08-31T19:05:32.321+00:00,2026-08-31T19:05:28.591+00:00,2026-08-31T19:05:28.596+00:00,2026-08-31T19:05:28.596+00:00,2026-08-31T19:05:29.326+00:00,2026-08-31T19:05:29.326+00:00,0.310373,0.7302493120005238,sqs-worker-5986dcd897-28qt5,ip-192-168-20-201.ec2.internal,fd94f272a3a719af4e5a2a25e367005557a5a73fd34554a9769489c7ad5f846b,1,5.0,735.0
1,keda-mmpp-202-609b96b1,000107,74.245714,2026-08-31T19:05:34.677+00:00,2026-08-31T19:05:30.946+00:00,2026-08-31T19:05:30.951+00:00,2026-08-31T19:05:30.951+00:00,2026-08-31T19:05:31.458+00:00,2026-08-31T19:05:31.458+00:00,0.239796,0.5070986959999573,sqs-worker-5986dcd897-28qt5,ip-192-168-20-201.ec2.internal,87ac7b51f120a3dc7c0174e8e4127f83b07431f2ade82ea39a9d79efc42ff2bf,1,5.0,512.0
1,keda-mmpp-202-609b96b1,000108,75.379063,2026-08-31T19:05:35.809+00:00,2026-08-31T19:05:32.078+00:00,2026-08-31T19:05:32.083+00:00,2026-08-31T19:05:32.083+00:00,2026-08-31T19:05:32.394+00:00,2026-08-31T19:05:32.394+00:00,0.160024,0.31141579799987085,sqs-worker-5986dcd897-bfwst,ip-192-168-20-201.ec2.internal,3795ac81d05570dac0cdca426a82555674d1fc36ba55fd4cd0b0a6f6b7d1fbd3,1,5.0,316.0
1,keda-mmpp-202-609b96b1,000109,75.89394,2026-08-31T19:05:36.324+00:00,2026-08-31T19:05:32.593+00:00,2026-08-31T19:05:32.596+00:00,2026-08-31T19:05:32.596+00:00,2026-08-31T19:05:32.831+00:00,2026-08-31T19:05:32.831+00:00,0.114973,0.23503341600007843,sqs-worker-5986dcd897-sjcvg,ip-192-168-20-201.ec2.internal,de7292de9f1a43b4af8fac2cf19841fc92e19a0fb15c9dbc268c5546c6d298fc,1,3.0,238.0
1,keda-mmpp-202-609b96b1,000113,77.197478,2026-08-31T19:05:37.627+00:00,2026-08-31T19:05:33.895+00:00,2026-08-31T19:05:33.902+00:00,2026-08-31T19:05:33.902+00:00,2026-08-31T19:05:33.939+00:00,2026-08-31T19:05:33.939+00:00,0.026581,0.03749786899970786,sqs-worker-5986dcd897-bfwst,ip-192-168-20-201.ec2.internal,3110a95dd3a91d967a6bedd84b4e14b3c78f604785aa6345ce6728d37c7839e7,1,7.0,44.0
1,keda-mmpp-202-609b96b1,000111,76.882729,2026-08-31T19:05:37.312+00:00,2026-08-31T19:05:33.584+00:00,2026-08-31T19:05:33.587+00:00,2026-08-31T19:05:33.587+00:00,2026-08-31T19:05:34.088+00:00,2026-08-31T19:05:34.088+00:00,0.205548,0.5011938079987885,sqs-worker-5986dcd897-x8rdl,ip-192-168-20-201.ec2.internal,31f61b100f84479010a683ed43b80c0a0fc3c978c3609a45c415dac65121df88,1,3.0,504.0
1,keda-mmpp-202-609b96b1,000114,77.423672,2026-08-31T19:05:37.853+00:00,2026-08-31T19:05:34.128+00:00,2026-08-31T19:05:34.131+00:00,2026-08-31T19:05:34.131+00:00,2026-08-31T19:05:34.142+00:00,2026-08-31T19:05:34.142+00:00,0.010213,0.010257263000312378,sqs-worker-5986dcd897-x8rdl,ip-192-168-20-201.ec2.internal,a51b38279dfddf545fe0abe6456e44e72e816bf52be1df1156b2fc32b45cf3a9,1,3.0,14.0
1,keda-mmpp-202-609b96b1,000116,77.576206,2026-08-31T19:05:38.005+00:00,2026-08-31T19:05:34.280+00:00,2026-08-31T19:05:34.283+00:00,2026-08-31T19:05:34.283+00:00,2026-08-31T19:05:34.503+00:00,2026-08-31T19:05:34.503+00:00,0.090346,0.22028193400001328,sqs-worker-5986dcd897-x8rdl,ip-192-168-20-201.ec2.internal,6d2ef754927a799b5e1bd4b76136dd72265bf792d4b005277751f7b52f73c59b,1,3.0,223.0
1,keda-mmpp-202-609b96b1,000112,76.938683,2026-08-31T19:05:37.368+00:00,2026-08-31T19:05:33.644+00:00,2026-08-31T19:05:33.647+00:00,2026-08-31T19:05:33.648+00:00,2026-08-31T19:05:35.001+00:00,2026-08-31T19:05:35.001+00:00,0.55718,1.3534229200013215,sqs-worker-5986dcd897-sjcvg,ip-192-168-20-201.ec2.internal,6d12d53b9440fcafce4f903932049a5a8881b1d6bcb8ca3d68f14f480200ee10,1,3.0,1357.0
1,keda-mmpp-202-609b96b1,000117,77.662602,2026-08-31T19:05:38.092+00:00,2026-08-31T19:05:34.361+00:00,2026-08-31T19:05:34.545+00:00,2026-08-31T19:05:34.545+00:00,2026-08-31T19:05:34.623+00:00,2026-08-31T19:05:34.623+00:00,0.059694,0.07807543699891539,sqs-worker-5986dcd897-x8rdl,ip-192-168-20-201.ec2.internal,179ae153e32b278050eb6b8af24b5093b6c65869b5910ce72886c53347ebf144,1,184.0,262.0
1,keda-mmpp-202-609b96b1,000120,78.326177,2026-08-31T19:05:38.755+00:00,2026-08-31T19:05:35.024+00:00,2026-08-31T19:05:35.036+00:00,2026-08-31T19:05:35.036+00:00,2026-08-31T19:05:35.042+00:00,2026-08-31T19:05:35.042+00:00,0.005692,0.005754086998422281,sqs-worker-5986dcd897-sjcvg,ip-192-168-20-201.ec2.internal,830f86fd295420e599f6ed1ea1debaaca93dd4324d7a10b1a12a9cd59469a618,1,12.0,18.0
1,keda-mmpp-202-609b96b1,000119,78.1286,2026-08-31T19:05:38.558+00:00,2026-08-31T19:05:34.827+00:00,2026-08-31T19:05:35.059+00:00,2026-08-31T19:05:35.059+00:00,2026-08-31T19:05:35.269+00:00,2026-08-31T19:05:35.269+00:00,0.084606,0.20944223500009684,sqs-worker-5986dcd897-sjcvg,ip-192-168-20-201.ec2.internal,29166e65a6acca758e0ced82b3593682844958173f94f540604242bda1fd51f2,1,232.0,442.0
1,keda-mmpp-202-609b96b1,000118,77.843568,2026-08-31T19:05:38.273+00:00,2026-08-31T19:05:34.554+00:00,2026-08-31T19:05:34.692+00:00,2026-08-31T19:05:34.692+00:00,2026-08-31T19:05:35.289+00:00,2026-08-31T19:05:35.289+00:00,0.242902,0.5966263160007657,sqs-worker-5986dcd897-x8rdl,ip-192-168-20-201.ec2.internal,70964c783d51768d18159734683aeeb660b71e67c2d178624bb0e0d85214c6da,1,138.0,735.0
1,keda-mmpp-202-609b96b1,000123,78.617438,2026-08-31T19:05:39.047+00:00,2026-08-31T19:05:35.320+00:00,2026-08-31T19:05:35.327+00:00,2026-08-31T19:05:35.327+00:00,2026-08-31T19:05:35.591+00:00,2026-08-31T19:05:35.591+00:00,0.12298,0.2640388539984997,sqs-worker-5986dcd897-x8rdl,ip-192-168-20-201.ec2.internal,605f220f542323a05ecbdb2d09a7e91fcf0c49b09ed0881c3d638a694956133b,1,7.0,271.0
1,keda-mmpp-202-609b96b1,000124,78.957955,2026-08-31T19:05:39.387+00:00,2026-08-31T19:05:35.661+00:00,2026-08-31T19:05:35.666+00:00,2026-08-31T19:05:35.666+00:00,2026-08-31T19:05:36.242+00:00,2026-08-31T19:05:36.242+00:00,0.249426,0.5759483159999945,sqs-worker-5986dcd897-x8rdl,ip-192-168-20-201.ec2.internal,8807621bbd854295b6064ddbe6ff8f60fa30afceb9923e6beb988fb518bbca1a,1,5.0,581.0
1,keda-mmpp-202-609b96b1,000125,79.102022,2026-08-31T19:05:39.531+00:00,2026-08-31T19:05:35.800+00:00,2026-08-31T19:05:36.290+00:00,2026-08-31T19:05:36.290+00:00,2026-08-31T19:05:36.533+00:00,2026-08-31T19:05:36.533+00:00,0.122101,0.24344296700110135,sqs-worker-5986dcd897-sjcvg,ip-192-168-20-201.ec2.internal,5d6ef4c4ab9a0096c696187875c16c637c6e8e88af0e7ac614622d1f4f183127,1,490.0,733.0
1,keda-mmpp-202-609b96b1,000115,77.523074,2026-08-31T19:05:37.952+00:00,2026-08-31T19:05:34.233+00:00,2026-08-31T19:05:34.239+00:00,2026-08-31T19:05:34.239+00:00,2026-08-31T19:05:36.649+00:00,2026-08-31T19:05:36.649+00:00,0.533565,2.410293606000778,sqs-worker-5986dcd897-bfwst,ip-192-168-20-201.ec2.internal,f8de6ff7d3d9c4d81c52fb891a9186f0249fd89e851549e18d511ff95b10b7e7,1,6.0,2416.0
1,keda-mmpp-202-609b96b1,000129,79.936481,2026-08-31T19:05:40.366+00:00,2026-08-31T19:05:36.674+00:00,2026-08-31T19:05:36.856+00:00,2026-08-31T19:05:36.856+00:00,2026-08-31T19:05:37.056+00:00,2026-08-31T19:05:37.056+00:00,0.044081,0.20028339100099402,sqs-worker-5986dcd897-bfwst,ip-192-168-20-201.ec2.internal,44fc7c0daf3650b3cb29563c143613b1887da17e9e7ff1414402c953104f9f57,1,182.0,382.0
1,keda-mmpp-202-609b96b1,000121,78.56544,2026-08-31T19:05:38.995+00:00,2026-08-31T19:05:35.268+00:00,2026-08-31T19:05:35.287+00:00,2026-08-31T19:05:35.287+00:00,2026-08-31T19:05:36.122+00:00,2026-08-31T19:05:36.122+00:00,0.355395,0.834361646000616,sqs-worker-5986dcd897-sjcvg,ip-192-168-20-201.ec2.internal,945770011a103d6e657e1950c16922b95dfbcfa1b03aa2fa68bb6e292fb5fead,1,19.0,854.0
1,keda-mmpp-202-609b96b1,000127,79.248926,2026-08-31T19:05:39.678+00:00,2026-08-31T19:05:35.947+00:00,2026-08-31T19:05:36.175+00:00,2026-08-31T19:05:36.175+00:00,2026-08-31T19:05:36.214+00:00,2026-08-31T19:05:36.214+00:00,0.026848,0.038812401000541286,sqs-worker-5986dcd897-sjcvg,ip-192-168-20-201.ec2.internal,e022828201e8942103931d207440b0227045811e51952faf50eb4162a645a34a,1,228.0,267.0
1,keda-mmpp-202-609b96b1,000128,79.82268,2026-08-31T19:05:40.252+00:00,2026-08-31T19:05:36.526+00:00,2026-08-31T19:05:36.585+00:00,2026-08-31T19:05:36.585+00:00,2026-08-31T19:05:37.015+00:00,2026-08-31T19:05:37.015+00:00,0.182587,0.4307040829990001,sqs-worker-5986dcd897-sjcvg,ip-192-168-20-201.ec2.internal,5a02b2a5054b5f5d6fc8090ddb180e8370adb5258032e610c530b98548430626,1,59.0,489.0
1,keda-mmpp-202-609b96b1,000122,78.60352,2026-08-31T19:05:39.033+00:00,2026-08-31T19:05:35.301+00:00,2026-08-31T19:05:35.546+00:00,2026-08-31T19:05:35.546+00:00,2026-08-31T19:05:37.129+00:00,2026-08-31T19:05:37.130+00:00,0.257067,1.5831314000006387,sqs-worker-5986dcd897-28qt5,ip-192-168-20-201.ec2.internal,9c54806e530440a394b5b62aad1fd9cd046db46cbf908add4cb3887080b439f8,1,245.0,1828.0
1,keda-mmpp-202-609b96b1,000131,80.265666,2026-08-31T19:05:40.695+00:00,2026-08-31T19:05:36.964+00:00,2026-08-31T19:05:37.059+00:00,2026-08-31T19:05:37.059+00:00,2026-08-31T19:05:37.408+00:00,2026-08-31T19:05:37.408+00:00,0.14671,0.34901034200083814,sqs-worker-5986dcd897-sjcvg,ip-192-168-20-201.ec2.internal,d3de39bc38379899339de678496779fe59b01416d87f55acfcd664bc2f01f363,1,95.0,444.0
1,keda-mmpp-202-609b96b1,000133,80.341263,2026-08-31T19:05:40.770+00:00,2026-08-31T19:05:37.039+00:00,2026-08-31T19:05:37.326+00:00,2026-08-31T19:05:37.326+00:00,2026-08-31T19:05:37.706+00:00,2026-08-31T19:05:37.706+00:00,0.165081,0.3808617939994292,sqs-worker-5986dcd897-x8rdl,ip-192-168-20-201.ec2.internal,be775de8ec440ab111e2bd7dc6c1288ce088e547c4b37ba604288e57163661ba,1,287.0,667.0
1,keda-mmpp-202-609b96b1,000126,79.228725,2026-08-31T19:05:39.658+00:00,2026-08-31T19:05:35.930+00:00,2026-08-31T19:05:36.305+00:00,2026-08-31T19:05:36.305+00:00,2026-08-31T19:05:37.293+00:00,2026-08-31T19:05:37.293+00:00,0.406953,0.9876010680000036,sqs-worker-5986dcd897-x8rdl,ip-192-168-20-201.ec2.internal,7f4d4129d2c4a7436f3f3e664c06c0da1ce789fa7bfb9f7a9ac01e369dcd7963,1,375.0,1363.0
1,keda-mmpp-202-609b96b1,000134,80.807395,2026-08-31T19:05:41.237+00:00,2026-08-31T19:05:37.518+00:00,2026-08-31T19:05:37.522+00:00,2026-08-31T19:05:37.522+00:00,2026-08-31T19:05:37.635+00:00,2026-08-31T19:05:37.635+00:00,0.073112,0.11314379200121039,sqs-worker-5986dcd897-sjcvg,ip-192-168-20-201.ec2.internal,2366e746f74d960b4d8214dc0c6bab857bde203dcf27cf5204160b7901e4d0ad,1,4.0,117.0
1,keda-mmpp-202-609b96b1,000130,80.078495,2026-08-31T19:05:40.508+00:00,2026-08-31T19:05:36.777+00:00,2026-08-31T19:05:37.136+00:00,2026-08-31T19:05:37.136+00:00,2026-08-31T19:05:38.239+00:00,2026-08-31T19:05:38.239+00:00,0.339597,1.1023988720007765,sqs-worker-5986dcd897-bfwst,ip-192-168-20-201.ec2.internal,7e36848a36872f3b4f74fe499e4d12e4591efcfa26f20aa5c7355ded459868e5,1,359.0,1462.0
1,keda-mmpp-202-609b96b1,000132,80.310701,2026-08-31T19:05:40.740+00:00,2026-08-31T19:05:37.012+00:00,2026-08-31T19:05:37.197+00:00,2026-08-31T19:05:37.197+00:00,2026-08-31T19:05:37.943+00:00,2026-08-31T19:05:37.943+00:00,0.275728,0.745356602999891,sqs-worker-5986dcd897-28qt5,ip-192-168-20-201.ec2.internal,369d1bbde0a35a1943686350fda8b3643e18e5ecc4b1814b4ce9ed7710713f50,1,185.0,931.0
1,keda-mmpp-202-609b96b1,000110,76.820265,2026-08-31T19:05:37.250+00:00,2026-08-31T19:05:33.527+00:00,2026-08-31T19:05:33.531+00:00,2026-08-31T19:05:33.531+00:00,2026-08-31T19:05:35.440+00:00,2026-08-31T19:05:35.440+00:00,0.581413,1.9095933589997003,sqs-worker-5986dcd897-28qt5,ip-192-168-20-201.ec2.internal,2c05a4fa7ef79f867e9a3e3606a37dc9bf424ab37654cd151289a07e3e1288c0,1,4.0,1913.0
1,keda-mmpp-202-609b96b1,000137,82.685707,2026-08-31T19:05:43.115+00:00,2026-08-31T19:05:39.387+00:00,2026-08-31T19:05:39.392+00:00,2026-08-31T19:05:39.392+00:00,2026-08-31T19:05:39.531+00:00,2026-08-31T19:05:39.531+00:00,0.079056,0.13896471400039445,sqs-worker-5986dcd897-x8rdl,ip-192-168-20-201.ec2.internal,40fb51c07914c08f488f1c3122ba1814ca1020bdc1265bfb6787bd39d82b3e40,1,5.0,144.0
1,keda-mmpp-202-609b96b1,000140,83.181472,2026-08-31T19:05:43.611+00:00,2026-08-31T19:05:39.882+00:00,2026-08-31T19:05:39.891+00:00,2026-08-31T19:05:39.891+00:00,2026-08-31T19:05:40.741+00:00,2026-08-31T19:05:40.741+00:00,0.358403,0.8503648839996458,sqs-worker-5986dcd897-28qt5,ip-192-168-20-201.ec2.internal,3fdc3fe5d2311b866a0428b6594e77be2d27d72929e53a5e4948d24cea9f34f3,1,9.0,859.0
1,keda-mmpp-202-609b96b1,000145,83.965854,2026-08-31T19:05:44.395+00:00,2026-08-31T19:05:40.669+00:00,2026-08-31T19:05:40.803+00:00,2026-08-31T19:05:40.803+00:00,2026-08-31T19:05:40.903+00:00,2026-08-31T19:05:40.903+00:00,0.044533,0.1005894760000956,sqs-worker-5986dcd897-28qt5,ip-192-168-20-201.ec2.internal,f752aa124aa157963601b2af851717fc59b7e1b5f24f27dea55f89c5ba5465ce,1,134.0,234.0
1,keda-mmpp-202-609b96b1,000138,82.81752,2026-08-31T19:05:43.247+00:00,2026-08-31T19:05:39.517+00:00,2026-08-31T19:05:39.521+00:00,2026-08-31T19:05:39.521+00:00,2026-08-31T19:05:39.634+00:00,2026-08-31T19:05:39.634+00:00,0.055378,0.11302636999971583,sqs-worker-5986dcd897-28qt5,ip-192-168-20-201.ec2.internal,28b12409ca81cc555319c68848158577a34b519a76e1fdbab20853a75b69108c,1,4.0,117.0
1,keda-mmpp-202-609b96b1,000135,80.899724,2026-08-31T19:05:41.329+00:00,2026-08-31T19:05:37.603+00:00,2026-08-31T19:05:37.675+00:00,2026-08-31T19:05:37.675+00:00,2026-08-31T19:05:41.621+00:00,2026-08-31T19:05:41.621+00:00,0.91259,3.946678966000036,sqs-worker-5986dcd897-sjcvg,ip-192-168-20-201.ec2.internal,cc3099f8292ce6fb21d3637e0c603b34744ce8573c789d446cbaf6e313b34d56,1,72.0,4018.0
1,keda-mmpp-202-609b96b1,000141,83.322305,2026-08-31T19:05:43.752+00:00,2026-08-31T19:05:40.019+00:00,2026-08-31T19:05:40.929+00:00,2026-08-31T19:05:40.929+00:00,2026-08-31T19:05:41.237+00:00,2026-08-31T19:05:41.237+00:00,0.129289,0.3077298799998971,sqs-worker-5986dcd897-28qt5,ip-192-168-20-201.ec2.internal,bb20b9fd5fb6ee8e3192807a282ca9d42ce8956d4373fd2d8d02c275eb18145f,1,910.0,1218.0
1,keda-mmpp-202-609b96b1,000139,83.12455,2026-08-31T19:05:43.554+00:00,2026-08-31T19:05:39.824+00:00,2026-08-31T19:05:39.829+00:00,2026-08-31T19:05:39.829+00:00,2026-08-31T19:05:41.282+00:00,2026-08-31T19:05:41.282+00:00,0.266413,1.4534699769992585,sqs-worker-5986dcd897-x8rdl,ip-192-168-20-201.ec2.internal,272da0a7299bdd538e3bae9395ba5fdf4b688284828e33db9a18249b20a62d55,1,5.0,1458.0
1,keda-mmpp-202-609b96b1,000147,84.10903,2026-08-31T19:05:44.538+00:00,2026-08-31T19:05:40.813+00:00,2026-08-31T19:05:41.301+00:00,2026-08-31T19:05:41.301+00:00,2026-08-31T19:05:42.099+00:00,2026-08-31T19:05:42.100+00:00,0.170423,0.7985360720012977,sqs-worker-5986dcd897-x8rdl,ip-192-168-20-201.ec2.internal,9408b83f5ef748a3ff4c188fdcda710477e0aa979f0f177773578d2801513260,1,488.0,1286.0
1,keda-mmpp-202-609b96b1,000152,85.254102,2026-08-31T19:05:45.683+00:00,2026-08-31T19:05:41.959+00:00,2026-08-31T19:05:41.974+00:00,2026-08-31T19:05:41.974+00:00,2026-08-31T19:05:42.118+00:00,2026-08-31T19:05:42.118+00:00,0.064891,0.14475230700008979,sqs-worker-5986dcd897-sjcvg,ip-192-168-20-201.ec2.internal,8e089aae1d15c9b04680a13f080af7f5519617dbf347f81e0a62435222281899,1,15.0,159.0
1,keda-mmpp-202-609b96b1,000148,84.462616,2026-08-31T19:05:44.892+00:00,2026-08-31T19:05:41.204+00:00,2026-08-31T19:05:42.125+00:00,2026-08-31T19:05:42.126+00:00,2026-08-31T19:05:42.244+00:00,2026-08-31T19:05:42.244+00:00,0.063512,0.11862865900002362,sqs-worker-5986dcd897-28qt5,ip-192-168-20-201.ec2.internal,d013d75fb773879944ac3400515444150bd7a6bb2790dc5bd44b53e6221efe74,1,921.0,1040.0
1,keda-mmpp-202-609b96b1,000146,84.023097,2026-08-31T19:05:44.452+00:00,2026-08-31T19:05:40.723+00:00,2026-08-31T19:05:41.293+00:00,2026-08-31T19:05:41.293+00:00,2026-08-31T19:05:42.105+00:00,2026-08-31T19:05:42.105+00:00,0.324648,0.8116243380009109,sqs-worker-5986dcd897-28qt5,ip-192-168-20-201.ec2.internal,a961ce7351ca0e4e1300bc51b130b5a1c212e9e473877f41458762effcf08f2c,1,570.0,1382.0
1,keda-mmpp-202-609b96b1,000144,83.957947,2026-08-31T19:05:44.387+00:00,2026-08-31T19:05:40.660+00:00,2026-08-31T19:05:42.142+00:00,2026-08-31T19:05:42.142+00:00,2026-08-31T19:05:42.372+00:00,2026-08-31T19:05:42.372+00:00,0.100563,0.22988084799908393,sqs-worker-5986dcd897-bfwst,ip-192-168-20-201.ec2.internal,e5985e3d86f2d285137d4e14178c30304437ca612a83db1c37e43e88e23433fe,1,1482.0,1712.0
1,keda-mmpp-202-609b96b1,000149,84.594241,2026-08-31T19:05:45.023+00:00,2026-08-31T19:05:41.295+00:00,2026-08-31T19:05:42.207+00:00,2026-08-31T19:05:42.208+00:00,2026-08-31T19:05:42.782+00:00,2026-08-31T19:05:42.782+00:00,0.136024,0.5745303679996141,sqs-worker-5986dcd897-x8rdl,ip-192-168-20-201.ec2.internal,0a7e80bd290b4cb4f2c757d8b4bf5f06d103115e34188ab3c862fd010b0f2b22,1,912.0,1487.0
1,keda-mmpp-202-609b96b1,000151,85.019362,2026-08-31T19:05:45.449+00:00,2026-08-31T19:05:41.717+00:00,2026-08-31T19:05:42.424+00:00,2026-08-31T19:05:42.424+00:00,2026-08-31T19:05:43.057+00:00,2026-08-31T19:05:43.057+00:00,0.264223,0.6336100789994816,sqs-worker-5986dcd897-bfwst,ip-192-168-20-201.ec2.internal,9438cd26c8803e551c9b47bf6b3854cc8915de1f28abc4a328c4d6cb2fce43a9,1,707.0,1340.0
1,keda-mmpp-202-609b96b1,000154,85.82039,2026-08-31T19:05:46.251+00:00,2026-08-31T19:05:42.524+00:00,2026-08-31T19:05:42.803+00:00,2026-08-31T19:05:42.803+00:00,2026-08-31T19:05:43.508+00:00,2026-08-31T19:05:43.509+00:00,0.288431,0.7054943679995631,sqs-worker-5986dcd897-sjcvg,ip-192-168-20-201.ec2.internal,e7313e55571fdcade337e5a7764ae6885e085bf2428a893ae446a238158c02d5,1,279.0,984.0
1,keda-mmpp-202-609b96b1,000136,82.427306,2026-08-31T19:05:42.858+00:00,2026-08-31T19:05:39.132+00:00,2026-08-31T19:05:39.136+00:00,2026-08-31T19:05:39.136+00:00,2026-08-31T19:05:41.595+00:00,2026-08-31T19:05:41.595+00:00,1.0,2.459449690999463,sqs-worker-5986dcd897-bfwst,ip-192-168-20-201.ec2.internal,59f4cb5be70e8e621269eaec3ff5865cfd551740cb76dcd9d1c07f81a3c350d4,1,4.0,2463.0
1,keda-mmpp-202-609b96b1,000142,83.629292,2026-08-31T19:05:44.059+00:00,2026-08-31T19:05:40.341+00:00,2026-08-31T19:05:41.659+00:00,2026-08-31T19:05:41.659+00:00,2026-08-31T19:05:41.928+00:00,2026-08-31T19:05:41.928+00:00,0.119545,0.2684096250013681,sqs-worker-5986dcd897-sjcvg,ip-192-168-20-201.ec2.internal,6aa7aec1d09bbd23235717102f46ee28bc24574226bf5c3e1ee60cf6f3b24738,1,1318.0,1587.0
1,keda-mmpp-202-609b96b1,000143,83.782787,2026-08-31T19:05:44.212+00:00,2026-08-31T19:05:40.492+00:00,2026-08-31T19:05:41.670+00:00,2026-08-31T19:05:41.670+00:00,2026-08-31T19:05:42.081+00:00,2026-08-31T19:05:42.081+00:00,0.190992,0.41077987699827645,sqs-worker-5986dcd897-bfwst,ip-192-168-20-201.ec2.internal,1a0e5486e5e9528ff83a274bbc26990da10021f00a7aa20ebd41d01a4e115146,1,1178.0,1589.0
1,keda-mmpp-202-609b96b1,000150,84.872755,2026-08-31T19:05:45.302+00:00,2026-08-31T19:05:41.571+00:00,2026-08-31T19:05:42.144+00:00,2026-08-31T19:05:42.144+00:00,2026-08-31T19:05:42.769+00:00,2026-08-31T19:05:42.769+00:00,0.253403,0.6255136059990036,sqs-worker-5986dcd897-sjcvg,ip-192-168-20-201.ec2.internal,f3ecd89578a1eaa4ff3cc6db998a3e1132ad31ee4de7d3333a6768c0fe151b4d,1,573.0,1198.0
1,keda-mmpp-202-609b96b1,000153,85.445318,2026-08-31T19:05:45.875+00:00,2026-08-31T19:05:42.145+00:00,2026-08-31T19:05:42.279+00:00,2026-08-31T19:05:42.279+00:00,2026-08-31T19:05:44.930+00:00,2026-08-31T19:05:44.930+00:00,1.0,2.6513422499992885,sqs-worker-5986dcd897-28qt5,ip-192-168-20-201.ec2.internal,b0564f4212411c4fdb5ed7adc90f8a2b2f4fde1f8e8150cdb8382051dcfde9e2,1,134.0,2785.0
1,keda-mmpp-202-609b96b1,000155,87.762389,2026-08-31T19:05:48.193+00:00,2026-08-31T19:05:44.466+00:00,2026-08-31T19:05:44.469+00:00,2026-08-31T19:05:44.470+00:00,2026-08-31T19:05:44.664+00:00,2026-08-31T19:05:44.664+00:00,0.066932,0.19424277100006293,sqs-worker-5986dcd897-bfwst,ip-192-168-20-201.ec2.internal,6afc0e35883a83ac80107b6ab1656d71a4337ec43c4db882482f272491874b49,1,3.0,198.0
1,keda-mmpp-202-609b96b1,000156,89.588422,2026-08-31T19:05:50.019+00:00,2026-08-31T19:05:46.286+00:00,2026-08-31T19:05:46.291+00:00,2026-08-31T19:05:46.291+00:00,2026-08-31T19:05:46.520+00:00,2026-08-31T19:05:46.520+00:00,0.110127,0.22905704299955687,sqs-worker-5986dcd897-sjcvg,ip-192-168-20-201.ec2.internal,94a4a1cb924ab825f9aaf8505fc2f6c21db5323a24fff04a1217d545e0654397,1,5.0,234.0
1,keda-mmpp-202-609b96b1,000157,90.119187,2026-08-31T19:05:50.549+00:00,2026-08-31T19:05:46.817+00:00,2026-08-31T19:05:46.822+00:00,2026-08-31T19:05:46.823+00:00,2026-08-31T19:05:47.141+00:00,2026-08-31T19:05:47.141+00:00,0.14084,0.3183249199992133,sqs-worker-5986dcd897-bfwst,ip-192-168-20-201.ec2.internal,9bdcab62b3c0f097299cc4880342108a229fd8f86838a5b340e50036baa3f63b,1,5.0,324.0
1,keda-mmpp-202-609b96b1,000158,91.766669,2026-08-31T19:05:52.197+00:00,2026-08-31T19:05:48.472+00:00,2026-08-31T19:05:48.477+00:00,2026-08-31T19:05:48.477+00:00,2026-08-31T19:05:48.514+00:00,2026-08-31T19:05:48.514+00:00,0.036619,0.037439894998897216,sqs-worker-5986dcd897-28qt5,ip-192-168-20-201.ec2.internal,65623406d484a5cfd6c25f52ca20f7e13b6693afa33178c7cb2c35d9459d90b4,1,5.0,42.0
1,keda-mmpp-202-609b96b1,000159,93.428825,2026-08-31T19:05:53.860+00:00,2026-08-31T19:05:50.131+00:00,2026-08-31T19:05:50.177+00:00,2026-08-31T19:05:50.177+00:00,2026-08-31T19:05:50.375+00:00,2026-08-31T19:05:50.375+00:00,0.038661,0.19816494599945145,sqs-worker-5986dcd897-x8rdl,ip-192-168-20-201.ec2.internal,301d34db294a707c6749150fd440bb4c5ec62a855c5c211b83cfeeb76474b88f,1,46.0,244.0
1,keda-mmpp-202-609b96b1,000161,96.72235,2026-08-31T19:05:57.150+00:00,2026-08-31T19:05:53.424+00:00,2026-08-31T19:05:53.429+00:00,2026-08-31T19:05:53.429+00:00,2026-08-31T19:05:53.645+00:00,2026-08-31T19:05:53.645+00:00,0.107213,0.21596881900040898,sqs-worker-5986dcd897-28qt5,ip-192-168-20-201.ec2.internal,7168c48af641b1fd3ead758f854bb8feb78cf5849aa43a82ca51052ff5dc0371,1,5.0,221.0
1,keda-mmpp-202-609b96b1,000160,96.161907,2026-08-31T19:05:56.592+00:00,2026-08-31T19:05:52.863+00:00,2026-08-31T19:05:52.866+00:00,2026-08-31T19:05:52.866+00:00,2026-08-31T19:05:53.963+00:00,2026-08-31T19:05:53.963+00:00,0.441788,1.097112018000189,sqs-worker-5986dcd897-sjcvg,ip-192-168-20-201.ec2.internal,34add3c5f62400f6987bc9dbe604bf13038729fd3ebd5c4a867c441c991e40b4,1,3.0,1100.0
1,keda-mmpp-202-609b96b1,000162,99.055869,2026-08-31T19:05:59.486+00:00,2026-08-31T19:05:56.270+00:00,2026-08-31T19:05:56.274+00:00,2026-08-31T19:05:56.274+00:00,2026-08-31T19:05:56.329+00:00,2026-08-31T19:05:56.329+00:00,0.05154,0.055174402999909944,sqs-worker-5986dcd897-28qt5,ip-192-168-20-201.ec2.internal,8c13577b25dcca15cd90650eac759cc54932dfa58fdcebc4e1151562f72f8f9d,1,4.0,59.0
1,keda-mmpp-202-609b96b1,000163,101.272755,2026-08-31T19:06:01.702+00:00,2026-08-31T19:05:57.982+00:00,2026-08-31T19:05:57.987+00:00,2026-08-31T19:05:57.987+00:00,2026-08-31T19:05:58.097+00:00,2026-08-31T19:05:58.097+00:00,0.054384,0.10990524100088805,sqs-worker-5986dcd897-x8rdl,ip-192-168-20-201.ec2.internal,665f67ec62c2993518905c614757fad4ded8626341f3a8542a5de71a246b1320,1,5.0,115.0
1,keda-mmpp-202-609b96b1,000164,101.456133,2026-08-31T19:06:01.884+00:00,2026-08-31T19:05:58.155+00:00,2026-08-31T19:05:58.158+00:00,2026-08-31T19:05:58.158+00:00,2026-08-31T19:05:58.302+00:00,2026-08-31T19:05:58.302+00:00,0.079441,0.14341356200020527,sqs-worker-5986dcd897-sjcvg,ip-192-168-20-201.ec2.internal,7a0d888d97f72ee2ef9d4d77ca4b7c32d0cedd35fdac2717d7d96011ac3bd500,1,3.0,147.0
1,keda-mmpp-202-609b96b1,000165,102.934762,2026-08-31T19:06:03.364+00:00,2026-08-31T19:05:59.636+00:00,2026-08-31T19:05:59.642+00:00,2026-08-31T19:05:59.642+00:00,2026-08-31T19:06:00.510+00:00,2026-08-31T19:06:00.510+00:00,0.369133,0.8677615629985667,sqs-worker-5986dcd897-sjcvg,ip-192-168-20-201.ec2.internal,16b7523f1bc02b01d289e6f3bdf290a847a5554cddc43b6ead82ae601834a63b,1,6.0,874.0
1,keda-mmpp-202-609b96b1,000166,104.420069,2026-08-31T19:06:04.849+00:00,2026-08-31T19:06:01.119+00:00,2026-08-31T19:06:01.122+00:00,2026-08-31T19:06:01.122+00:00,2026-08-31T19:06:01.138+00:00,2026-08-31T19:06:01.138+00:00,0.015754,0.015835006999623147,sqs-worker-5986dcd897-x8rdl,ip-192-168-20-201.ec2.internal,740de9b8fa8cd54a15418dc0cc69410e45f35f640fb952d27522c4e0d78e7389,1,3.0,19.0
1,keda-mmpp-202-609b96b1,000167,106.476903,2026-08-31T19:06:06.906+00:00,2026-08-31T19:06:03.177+00:00,2026-08-31T19:06:03.181+00:00,2026-08-31T19:06:03.181+00:00,2026-08-31T19:06:03.867+00:00,2026-08-31T19:06:03.867+00:00,0.290781,0.6865436669995688,sqs-worker-5986dcd897-sjcvg,ip-192-168-20-201.ec2.internal,55a21dd713b9998ef28713c67ce7936e692c2b84a6056ef8f74af0e453110b8e,1,4.0,690.0
1,keda-mmpp-202-609b96b1,000169,111.336635,2026-08-31T19:06:11.764+00:00,2026-08-31T19:06:08.035+00:00,2026-08-31T19:06:08.039+00:00,2026-08-31T19:06:08.039+00:00,2026-08-31T19:06:08.342+00:00,2026-08-31T19:06:08.342+00:00,0.126873,0.30275576900021406,sqs-worker-5986dcd897-bfwst,ip-192-168-20-201.ec2.internal,3ca67f2d6b8a9de8cf86274f9efde153623fd18b77baa56f47aac57e5083d573,1,4.0,307.0
1,keda-mmpp-202-609b96b1,000170,111.412387,2026-08-31T19:06:11.840+00:00,2026-08-31T19:06:08.112+00:00,2026-08-31T19:06:08.118+00:00,2026-08-31T19:06:08.118+00:00,2026-08-31T19:06:08.416+00:00,2026-08-31T19:06:08.416+00:00,0.151527,0.2982643190007366,sqs-worker-5986dcd897-x8rdl,ip-192-168-20-201.ec2.internal,567034c7192137a40ad2aa9657426376a26d3bb52ca5af89bf4bfeca91f06001,1,6.0,304.0
1,keda-mmpp-202-609b96b1,000173,111.72244,2026-08-31T19:06:12.150+00:00,2026-08-31T19:06:08.421+00:00,2026-08-31T19:06:08.439+00:00,2026-08-31T19:06:08.439+00:00,2026-08-31T19:06:08.607+00:00,2026-08-31T19:06:08.607+00:00,0.068363,0.16837082500023826,sqs-worker-5986dcd897-x8rdl,ip-192-168-20-201.ec2.internal,9421f58e7ba0931778664e044eed39767e0fc6c6605aa4250e42c9d900ab118e,1,18.0,186.0
1,keda-mmpp-202-609b96b1,000175,112.025003,2026-08-31T19:06:12.453+00:00,2026-08-31T19:06:08.725+00:00,2026-08-31T19:06:09.030+00:00,2026-08-31T19:06:09.030+00:00,2026-08-31T19:06:09.144+00:00,2026-08-31T19:06:09.144+00:00,0.063158,0.11411864300134766,sqs-worker-5986dcd897-28qt5,ip-192-168-20-201.ec2.internal,ed8b4b42f2b7e3315e7c5b08c463a180203bc9f4a450931057fd8ac7f16ceb88,1,305.0,419.0
1,keda-mmpp-202-609b96b1,000172,111.520759,2026-08-31T19:06:11.948+00:00,2026-08-31T19:06:08.221+00:00,2026-08-31T19:06:08.361+00:00,2026-08-31T19:06:08.361+00:00,2026-08-31T19:06:08.437+00:00,2026-08-31T19:06:08.437+00:00,0.030153,0.0757209999992483,sqs-worker-5986dcd897-bfwst,ip-192-168-20-201.ec2.internal,c6ccaf07a65d405ed7b55a1837c3a1837182e82b11ea4883259c832fa74b81dd,1,140.0,216.0
1,keda-mmpp-202-609b96b1,000171,111.487897,2026-08-31T19:06:11.916+00:00,2026-08-31T19:06:08.185+00:00,2026-08-31T19:06:08.645+00:00,2026-08-31T19:06:08.645+00:00,2026-08-31T19:06:09.493+00:00,2026-08-31T19:06:09.493+00:00,0.339239,0.8479425249988708,sqs-worker-5986dcd897-x8rdl,ip-192-168-20-201.ec2.internal,1aeac9c0327476ef4a71610bdae41296938313f3d1d69de8a60b1e96daf16a57,1,460.0,1308.0
1,keda-mmpp-202-609b96b1,000168,111.291055,2026-08-31T19:06:11.723+00:00,2026-08-31T19:06:07.995+00:00,2026-08-31T19:06:08.001+00:00,2026-08-31T19:06:08.001+00:00,2026-08-31T19:06:09.008+00:00,2026-08-31T19:06:09.008+00:00,0.411969,1.0066689840004983,sqs-worker-5986dcd897-28qt5,ip-192-168-20-201.ec2.internal,b0242fda4ddf026c92c76b3fa9ba6df0cdf9917c323398b05fcb55d2720d08ab,1,6.0,1012.9999999999999
1,keda-mmpp-202-609b96b1,000174,111.780231,2026-08-31T19:06:12.208+00:00,2026-08-31T19:06:08.483+00:00,2026-08-31T19:06:08.492+00:00,2026-08-31T19:06:08.493+00:00,2026-08-31T19:06:09.437+00:00,2026-08-31T19:06:09.437+00:00,0.39609,0.9443471790000331,sqs-worker-5986dcd897-bfwst,ip-192-168-20-201.ec2.internal,1078db719f537faf3c0acd6d91a46b98e3316150347a446e162c3ccd6b750f36,1,9.0,954.0
1,keda-mmpp-202-609b96b1,000179,113.023313,2026-08-31T19:06:13.451+00:00,2026-08-31T19:06:09.719+00:00,2026-08-31T19:06:10.125+00:00,2026-08-31T19:06:10.125+00:00,2026-08-31T19:06:10.424+00:00,2026-08-31T19:06:10.424+00:00,0.125883,0.29873384600068675,sqs-worker-5986dcd897-28qt5,ip-192-168-20-201.ec2.internal,5f7185e913f781b653455f96381e2945c0f0bc52fcd1bd8027edc89fa26877f9,1,406.0,705.0
1,keda-mmpp-202-609b96b1,000177,112.692178,2026-08-31T19:06:13.120+00:00,2026-08-31T19:06:09.394+00:00,2026-08-31T19:06:09.467+00:00,2026-08-31T19:06:09.467+00:00,2026-08-31T19:06:09.935+00:00,2026-08-31T19:06:09.935+00:00,0.193105,0.4683713250014989,sqs-worker-5986dcd897-bfwst,ip-192-168-20-201.ec2.internal,74a8572f6bac3e66e7df125465ded6e0c9db3392d1b2f780bfcf41732427a5cc,1,73.0,541.0
1,keda-mmpp-202-609b96b1,000176,112.281395,2026-08-31T19:06:12.709+00:00,2026-08-31T19:06:08.976+00:00,2026-08-31T19:06:09.249+00:00,2026-08-31T19:06:09.249+00:00,2026-08-31T19:06:10.050+00:00,2026-08-31T19:06:10.050+00:00,0.352614,0.8008534359996702,sqs-worker-5986dcd897-28qt5,ip-192-168-20-201.ec2.internal,8957c2edccc3824a3605644a81b421439e38bdeca7360a8dfe09bb86d86dc1ed,1,273.0,1074.0
1,keda-mmpp-202-609b96b1,000180,113.13762,2026-08-31T19:06:13.565+00:00,2026-08-31T19:06:09.834+00:00,2026-08-31T19:06:09.959+00:00,2026-08-31T19:06:09.959+00:00,2026-08-31T19:06:11.381+00:00,2026-08-31T19:06:11.381+00:00,0.586045,1.421345424001629,sqs-worker-5986dcd897-bfwst,ip-192-168-20-201.ec2.internal,f689b06ee427b144e8fefae5f98704c0fac365daf880035c36c06d708f281fbc,1,125.0,1547.0
1,keda-mmpp-202-609b96b1,000181,113.758441,2026-08-31T19:06:14.186+00:00,2026-08-31T19:06:10.963+00:00,2026-08-31T19:06:10.967+00:00,2026-08-31T19:06:10.967+00:00,2026-08-31T19:06:11.315+00:00,2026-08-31T19:06:11.315+00:00,0.159727,0.34870835399851785,sqs-worker-5986dcd897-28qt5,ip-192-168-20-201.ec2.internal,c9fc228d7000caf009a20716da9798393576ae21776a3a31b163ca8101a70ed2,1,4.0,352.0
1,keda-mmpp-202-609b96b1,000183,114.753685,2026-08-31T19:06:15.182+00:00,2026-08-31T19:06:11.458+00:00,2026-08-31T19:06:11.462+00:00,2026-08-31T19:06:11.462+00:00,2026-08-31T19:06:11.926+00:00,2026-08-31T19:06:11.926+00:00,0.200097,0.4636003880004864,sqs-worker-5986dcd897-28qt5,ip-192-168-20-201.ec2.internal,66038a3bac7d0a9d812ad1905721b870e45ede497d276b08ebecbf3a9a4ccb2e,1,4.0,468.0
1,keda-mmpp-202-609b96b1,000184,114.965072,2026-08-31T19:06:15.393+00:00,2026-08-31T19:06:11.663+00:00,2026-08-31T19:06:11.668+00:00,2026-08-31T19:06:11.668+00:00,2026-08-31T19:06:12.168+00:00,2026-08-31T19:06:12.168+00:00,0.213604,0.5005936150009802,sqs-worker-5986dcd897-bfwst,ip-192-168-20-201.ec2.internal,b895dfe4a9e50a5826a1f8be317607a63b093e9657c4e06659347a2971cdcd49,1,5.0,505.0
1,keda-mmpp-202-609b96b1,000190,115.71021,2026-08-31T19:06:16.138+00:00,2026-08-31T19:06:12.408+00:00,2026-08-31T19:06:12.441+00:00,2026-08-31T19:06:12.441+00:00,2026-08-31T19:06:12.470+00:00,2026-08-31T19:06:12.470+00:00,0.028918,0.029027317001236952,sqs-worker-5986dcd897-28qt5,ip-192-168-20-201.ec2.internal,b2bcf94895db1c2a079d4389852a7bd66a86175f2c444017fd887c55a6241d9f,1,33.0,62.0
1,keda-mmpp-202-609b96b1,000178,112.703211,2026-08-31T19:06:13.131+00:00,2026-08-31T19:06:09.429+00:00,2026-08-31T19:06:09.547+00:00,2026-08-31T19:06:09.547+00:00,2026-08-31T19:06:10.101+00:00,2026-08-31T19:06:10.101+00:00,0.154364,0.5544500550004159,sqs-worker-5986dcd897-x8rdl,ip-192-168-20-201.ec2.internal,b96c25124eae6ba1cb8d0c8c990be25e96dfeaaf2d1eaa8240528a407a62c8cb,1,118.0,672.0
1,keda-mmpp-202-609b96b1,000189,115.603241,2026-08-31T19:06:16.031+00:00,2026-08-31T19:06:12.299+00:00,2026-08-31T19:06:12.367+00:00,2026-08-31T19:06:12.367+00:00,2026-08-31T19:06:12.424+00:00,2026-08-31T19:06:12.424+00:00,0.018695,0.056812884999089874,sqs-worker-5986dcd897-28qt5,ip-192-168-20-201.ec2.internal,acdf4abeae4fee889d78c061ff6d67f6cde90a65a4840ba5f9c1a6bc12f8a62e,1,68.0,125.0
1,keda-mmpp-202-609b96b1,000188,115.581473,2026-08-31T19:06:16.009+00:00,2026-08-31T19:06:12.279+00:00,2026-08-31T19:06:12.284+00:00,2026-08-31T19:06:12.285+00:00,2026-08-31T19:06:12.558+00:00,2026-08-31T19:06:12.558+00:00,0.123427,0.2740111479997722,sqs-worker-5986dcd897-bfwst,ip-192-168-20-201.ec2.internal,f6eea312c7062815ce1cb0cdbdc1d341e3ebff062d9ec6b498c8185cc04e4feb,1,5.0,279.0
1,keda-mmpp-202-609b96b1,000187,115.441295,2026-08-31T19:06:15.869+00:00,2026-08-31T19:06:12.138+00:00,2026-08-31T19:06:12.143+00:00,2026-08-31T19:06:12.143+00:00,2026-08-31T19:06:12.343+00:00,2026-08-31T19:06:12.343+00:00,0.102854,0.20021069699942018,sqs-worker-5986dcd897-28qt5,ip-192-168-20-201.ec2.internal,0f3cc80ce22cff947f3d696bc6101736c876a7d212a683c7eca55caf32641cfd,1,5.0,205.0
1,keda-mmpp-202-609b96b1,000191,115.974169,2026-08-31T19:06:16.402+00:00,2026-08-31T19:06:12.676+00:00,2026-08-31T19:06:12.684+00:00,2026-08-31T19:06:12.684+00:00,2026-08-31T19:06:12.739+00:00,2026-08-31T19:06:12.739+00:00,0.05475,0.05487415899915504,sqs-worker-5986dcd897-28qt5,ip-192-168-20-201.ec2.internal,364ca4bab9de652c0254d5d5497cdbd250ebee591388d02d26e0372a940afc91,1,8.0,63.0
1,keda-mmpp-202-609b96b1,000195,117.051267,2026-08-31T19:06:17.479+00:00,2026-08-31T19:06:13.753+00:00,2026-08-31T19:06:13.757+00:00,2026-08-31T19:06:13.757+00:00,2026-08-31T19:06:14.174+00:00,2026-08-31T19:06:14.174+00:00,0.177671,0.41719661800016183,sqs-worker-5986dcd897-bfwst,ip-192-168-20-201.ec2.internal,ac24015ece336701af02b1ff797b052f0db9e761024273c2bb835a3d5f228562,1,4.0,421.0
1,keda-mmpp-202-609b96b1,000186,115.226623,2026-08-31T19:06:15.654+00:00,2026-08-31T19:06:11.930+00:00,2026-08-31T19:06:11.985+00:00,2026-08-31T19:06:11.985+00:00,2026-08-31T19:06:14.423+00:00,2026-08-31T19:06:14.423+00:00,1.0,2.4381166550010676,sqs-worker-5986dcd897-x8rdl,ip-192-168-20-201.ec2.internal,e7db71390aede555572c07ce11c4ba4a08bd179ae4927160b5b0ee31b857577c,1,55.0,2493.0
1,keda-mmpp-202-609b96b1,000182,114.090779,2026-08-31T19:06:14.519+00:00,2026-08-31T19:06:10.794+00:00,2026-08-31T19:06:10.799+00:00,2026-08-31T19:06:10.799+00:00,2026-08-31T19:06:11.483+00:00,2026-08-31T19:06:11.483+00:00,0.12059,0.6844182410004578,sqs-worker-5986dcd897-x8rdl,ip-192-168-20-201.ec2.internal,ea1aa574d2aef9587d3fac041e4d3ad3de79f6f6c2cd8d7758beff7ca1a5c57d,1,5.0,689.0
1,keda-mmpp-202-609b96b1,000185,115.20318,2026-08-31T19:06:15.631+00:00,2026-08-31T19:06:11.915+00:00,2026-08-31T19:06:11.918+00:00,2026-08-31T19:06:11.918+00:00,2026-08-31T19:06:11.938+00:00,2026-08-31T19:06:11.938+00:00,0.019809,0.020051200999660068,sqs-worker-5986dcd897-x8rdl,ip-192-168-20-201.ec2.internal,065833bbe2bc8c016a12ed7b20c3a0080c38b80be34fa8e8acd1bc9af77be0c6,1,3.0,23.0
1,keda-mmpp-202-609b96b1,000192,116.27887,2026-08-31T19:06:16.707+00:00,2026-08-31T19:06:12.977+00:00,2026-08-31T19:06:12.980+00:00,2026-08-31T19:06:12.980+00:00,2026-08-31T19:06:13.441+00:00,2026-08-31T19:06:13.441+00:00,0.221276,0.46072602899948834,sqs-worker-5986dcd897-28qt5,ip-192-168-20-201.ec2.internal,b856d00ef337c870f34ddaa9e5e1f16b6583084a39c73bf628d0f5e2885d013a,1,3.0,464.0
1,keda-mmpp-202-609b96b1,000197,117.42011,2026-08-31T19:06:17.848+00:00,2026-08-31T19:06:14.116+00:00,2026-08-31T19:06:14.295+00:00,2026-08-31T19:06:14.295+00:00,2026-08-31T19:06:14.479+00:00,2026-08-31T19:06:14.479+00:00,0.075635,0.18445235600120213,sqs-worker-5986dcd897-bfwst,ip-192-168-20-201.ec2.internal,3b0382b3162e3cf8e7ca812fd58aba723db2e313f8f32cae975f5bbae4525c71,1,179.0,363.0
1,keda-mmpp-202-609b96b1,000199,117.647009,2026-08-31T19:06:18.075+00:00,2026-08-31T19:06:14.346+00:00,2026-08-31T19:06:14.527+00:00,2026-08-31T19:06:14.527+00:00,2026-08-31T19:06:14.559+00:00,2026-08-31T19:06:14.559+00:00,0.025423,0.03197945499960042,sqs-worker-5986dcd897-x8rdl,ip-192-168-20-201.ec2.internal,f5979d70ea0603053ce90674a005f1639809aee99e88a34360ad4c0ca6d62342,1,181.0,213.0
1,keda-mmpp-202-609b96b1,000200,117.887055,2026-08-31T19:06:18.315+00:00,2026-08-31T19:06:14.588+00:00,2026-08-31T19:06:14.590+00:00,2026-08-31T19:06:14.590+00:00,2026-08-31T19:06:15.513+00:00,2026-08-31T19:06:15.513+00:00,0.391761,0.9230830959986633,sqs-worker-5986dcd897-x8rdl,ip-192-168-20-201.ec2.internal,8e6878ba3147be495c24449b9c1a35e884816e466d09b31b8a29fd91633d4c66,1,2.0,925.0
1,keda-mmpp-202-609b96b1,000193,116.753262,2026-08-31T19:06:17.181+00:00,2026-08-31T19:06:13.450+00:00,2026-08-31T19:06:13.453+00:00,2026-08-31T19:06:13.453+00:00,2026-08-31T19:06:13.468+00:00,2026-08-31T19:06:13.468+00:00,0.015025,0.015061789001265424,sqs-worker-5986dcd897-bfwst,ip-192-168-20-201.ec2.internal,3f099f7e26b96a2c3d68e2b01c3114bc25a1734da38554e4a3b2d7fba9da20d0,1,3.0,18.0
1,keda-mmpp-202-609b96b1,000196,117.138776,2026-08-31T19:06:17.566+00:00,2026-08-31T19:06:13.836+00:00,2026-08-31T19:06:14.199+00:00,2026-08-31T19:06:14.199+00:00,2026-08-31T19:06:14.276+00:00,2026-08-31T19:06:14.276+00:00,0.037123,0.07646833600119862,sqs-worker-5986dcd897-bfwst,ip-192-168-20-201.ec2.internal,761792bc1562c6f89715fe0e5ea14ff5d6325d0e10be32f6cd63b05d5cf4bc21,1,363.0,440.0
1,keda-mmpp-202-609b96b1,000194,116.861251,2026-08-31T19:06:17.289+00:00,2026-08-31T19:06:13.562+00:00,2026-08-31T19:06:13.567+00:00,2026-08-31T19:06:13.567+00:00,2026-08-31T19:06:16.636+00:00,2026-08-31T19:06:16.636+00:00,0.777173,3.0698139010000887,sqs-worker-5986dcd897-28qt5,ip-192-168-20-201.ec2.internal,9c1788a9bb540d6ee466c37140c273a9cd72828d5fdb4ba04153b9b5b476ff4a,1,5.0,3074.0
1,keda-mmpp-202-609b96b1,000202,118.306975,2026-08-31T19:06:18.735+00:00,2026-08-31T19:06:15.006+00:00,2026-08-31T19:06:15.543+00:00,2026-08-31T19:06:15.543+00:00,2026-08-31T19:06:17.098+00:00,2026-08-31T19:06:17.098+00:00,0.621727,1.5556675420011743,sqs-worker-5986dcd897-x8rdl,ip-192-168-20-201.ec2.internal,3e78f6e24366cd0bc94b7ae2fd4e28729a259d6904169401409f197ed063eb4f,1,537.0,2092.0
1,keda-mmpp-202-609b96b1,000206,119.521277,2026-08-31T19:06:19.949+00:00,2026-08-31T19:06:16.217+00:00,2026-08-31T19:06:17.112+00:00,2026-08-31T19:06:17.112+00:00,2026-08-31T19:06:17.520+00:00,2026-08-31T19:06:17.520+00:00,0.175059,0.4082787469997129,sqs-worker-5986dcd897-x8rdl,ip-192-168-20-201.ec2.internal,27d6312102651e6b2629096d43dfecaaac29af4d2b88113d833d0399ec4034e0,1,895.0,1303.0
1,keda-mmpp-202-609b96b1,000198,117.478974,2026-08-31T19:06:17.907+00:00,2026-08-31T19:06:14.176+00:00,2026-08-31T19:06:14.512+00:00,2026-08-31T19:06:14.512+00:00,2026-08-31T19:06:17.639+00:00,2026-08-31T19:06:17.639+00:00,0.631008,3.126619536000362,sqs-worker-5986dcd897-bfwst,ip-192-168-20-201.ec2.internal,733d4daf4482401663f7fc38c0ca8f10d3c77adaaaf9924c881ab55494c1b9bf,1,336.0,3463.0
1,keda-mmpp-202-609b96b1,000204,118.403364,2026-08-31T19:06:18.831+00:00,2026-08-31T19:06:15.100+00:00,2026-08-31T19:06:16.724+00:00,2026-08-31T19:06:16.724+00:00,2026-08-31T19:06:17.933+00:00,2026-08-31T19:06:17.933+00:00,0.308235,1.209448686999167,sqs-worker-5986dcd897-28qt5,ip-192-168-20-201.ec2.internal,6915155229d6e04e62efce964ce1b8d0385f783264d541a59a67ef9f62c988a7,1,1624.0,2833.0
1,keda-mmpp-202-609b96b1,000203,118.309235,2026-08-31T19:06:18.737+00:00,2026-08-31T19:06:15.014+00:00,2026-08-31T19:06:17.842+00:00,2026-08-31T19:06:17.842+00:00,2026-08-31T19:06:18.080+00:00,2026-08-31T19:06:18.080+00:00,0.115057,0.23762305500167713,sqs-worker-5986dcd897-bfwst,ip-192-168-20-201.ec2.internal,f7958f3f75d7ecec74c17837825c7650090b743d6f1fceed41dbcc432b51b1a2,1,2828.0,3066.0
1,keda-mmpp-202-609b96b1,000209,120.603577,2026-08-31T19:06:21.032+00:00,2026-08-31T19:06:17.302+00:00,2026-08-31T19:06:18.062+00:00,2026-08-31T19:06:18.062+00:00,2026-08-31T19:06:18.125+00:00,2026-08-31T19:06:18.125+00:00,0.020926,0.06302666999908979,sqs-worker-5986dcd897-28qt5,ip-192-168-20-201.ec2.internal,6943444f3ef252e075ad17cb4da13a3fa7a8c726168110ba9d4252407a3fe1f7,1,760.0,823.0
1,keda-mmpp-202-609b96b1,000213,121.612716,2026-08-31T19:06:22.041+00:00,2026-08-31T19:06:18.310+00:00,2026-08-31T19:06:18.329+00:00,2026-08-31T19:06:18.329+00:00,2026-08-31T19:06:18.686+00:00,2026-08-31T19:06:18.686+00:00,0.140775,0.35734303500066744,sqs-worker-5986dcd897-x8rdl,ip-192-168-20-201.ec2.internal,53cddb7ec78f5d253771cf023347c30ab29ef5f76b79a5e25e489eb56417db4e,1,19.0,376.0
1,keda-mmpp-202-609b96b1,000211,120.840111,2026-08-31T19:06:21.268+00:00,2026-08-31T19:06:17.536+00:00,2026-08-31T19:06:18.536+00:00,2026-08-31T19:06:18.536+00:00,2026-08-31T19:06:18.729+00:00,2026-08-31T19:06:18.729+00:00,0.082472,0.19281423699976585,sqs-worker-5986dcd897-28qt5,ip-192-168-20-201.ec2.internal,70d03ea06259ff5d26b5d5a6277efbe5fb3b03346490399596d7e2d3a8e3ffbc,1,1000.0,1193.0
1,keda-mmpp-202-609b96b1,000201,118.009058,2026-08-31T19:06:18.437+00:00,2026-08-31T19:06:14.707+00:00,2026-08-31T19:06:17.711+00:00,2026-08-31T19:06:17.711+00:00,2026-08-31T19:06:18.297+00:00,2026-08-31T19:06:18.297+00:00,0.236774,0.585468437999225,sqs-worker-5986dcd897-x8rdl,ip-192-168-20-201.ec2.internal,ccfdd510d765198c9d90bc42ec32614e6549a9d350dde3ee1cddf81509820063,1,3004.0,3590.0
1,keda-mmpp-202-609b96b1,000212,121.282466,2026-08-31T19:06:21.710+00:00,2026-08-31T19:06:17.976+00:00,2026-08-31T19:06:18.105+00:00,2026-08-31T19:06:18.105+00:00,2026-08-31T19:06:19.080+00:00,2026-08-31T19:06:19.080+00:00,0.396428,0.9749334669995733,sqs-worker-5986dcd897-bfwst,ip-192-168-20-201.ec2.internal,c60c941b9c79e2b7aee3079205f3be9b7fff40f45b8306f303061e4ad4a3c35e,1,129.0,1104.0
1,keda-mmpp-202-609b96b1,000205,119.234194,2026-08-31T19:06:19.663+00:00,2026-08-31T19:06:15.933+00:00,2026-08-31T19:06:17.964+00:00,2026-08-31T19:06:17.964+00:00,2026-08-31T19:06:18.040+00:00,2026-08-31T19:06:18.040+00:00,0.042451,0.07581244199900539,sqs-worker-5986dcd897-28qt5,ip-192-168-20-201.ec2.internal,c8136c0bf446062f6366420f89a03624a82796cb67fd9ab146eab82d1b5e8863,1,2031.0000000000002,2107.0
1,keda-mmpp-202-609b96b1,000214,121.879095,2026-08-31T19:06:22.307+00:00,2026-08-31T19:06:18.579+00:00,2026-08-31T19:06:18.701+00:00,2026-08-31T19:06:18.701+00:00,2026-08-31T19:06:18.905+00:00,2026-08-31T19:06:18.905+00:00,0.095618,0.20424527400064107,sqs-worker-5986dcd897-x8rdl,ip-192-168-20-201.ec2.internal,0ea40374e8dceaf450797bea4f523bd5a52cbb9600763d8a25c16a2d0a4a4ae3,1,122.0,326.0
1,keda-mmpp-202-609b96b1,000207,119.529541,2026-08-31T19:06:19.957+00:00,2026-08-31T19:06:16.227+00:00,2026-08-31T19:06:17.593+00:00,2026-08-31T19:06:17.593+00:00,2026-08-31T19:06:17.695+00:00,2026-08-31T19:06:17.695+00:00,0.05099,0.10198900599971239,sqs-worker-5986dcd897-x8rdl,ip-192-168-20-201.ec2.internal,9febe2b2caeb16359a17bdca6e3899d4028f78584a25dfe8d09a4d2996af4935,1,1366.0,1468.0
1,keda-mmpp-202-609b96b1,000215,122.115796,2026-08-31T19:06:22.544+00:00,2026-08-31T19:06:18.821+00:00,2026-08-31T19:06:18.825+00:00,2026-08-31T19:06:18.825+00:00,2026-08-31T19:06:19.028+00:00,2026-08-31T19:06:19.029+00:00,0.090764,0.20374027000070782,sqs-worker-5986dcd897-28qt5,ip-192-168-20-201.ec2.internal,68df779f250b6845400b6babdf8976fbc6bd355f1d67b65e86ef931dfc684092,1,4.0,207.0
1,keda-mmpp-202-609b96b1,000218,122.675622,2026-08-31T19:06:23.103+00:00,2026-08-31T19:06:19.371+00:00,2026-08-31T19:06:19.375+00:00,2026-08-31T19:06:19.375+00:00,2026-08-31T19:06:19.614+00:00,2026-08-31T19:06:19.614+00:00,0.119,0.23860298999898077,sqs-worker-5986dcd897-x8rdl,ip-192-168-20-201.ec2.internal,509055aabd006006e00f33dda0ba2200e057839298188b2c17826ac7d06d178d,1,4.0,243.0
1,keda-mmpp-202-609b96b1,000221,123.147477,2026-08-31T19:06:23.575+00:00,2026-08-31T19:06:19.855+00:00,2026-08-31T19:06:19.876+00:00,2026-08-31T19:06:19.876+00:00,2026-08-31T19:06:19.895+00:00,2026-08-31T19:06:19.896+00:00,0.013318,0.019614179000200238,sqs-worker-5986dcd897-x8rdl,ip-192-168-20-201.ec2.internal,29954e5c850f94e2a187dc035f3770d6cb3bf3cf6bd42e9e78327e255823010f,1,21.0,40.0
1,keda-mmpp-202-609b96b1,000222,124.144262,2026-08-31T19:06:24.573+00:00,2026-08-31T19:06:20.842+00:00,2026-08-31T19:06:20.846+00:00,2026-08-31T19:06:20.846+00:00,2026-08-31T19:06:20.879+00:00,2026-08-31T19:06:20.879+00:00,0.03331,0.03338660000008531,sqs-worker-5986dcd897-28qt5,ip-192-168-20-201.ec2.internal,13e864c534a74affc2af83752ea098d44566dce8c24e149f507c892344b283d6,1,4.0,37.0
1,keda-mmpp-202-609b96b1,000217,122.513585,2026-08-31T19:06:22.941+00:00,2026-08-31T19:06:19.212+00:00,2026-08-31T19:06:19.216+00:00,2026-08-31T19:06:19.216+00:00,2026-08-31T19:06:19.352+00:00,2026-08-31T19:06:19.352+00:00,0.077417,0.13670739799999865,sqs-worker-5986dcd897-bfwst,ip-192-168-20-201.ec2.internal,0e1978f5e169c17bd25fb1ad20e7705e007c8ef1ef461b08abadfb4effb860a5,1,4.0,140.0
1,keda-mmpp-202-609b96b1,000208,120.174378,2026-08-31T19:06:20.603+00:00,2026-08-31T19:06:16.883+00:00,2026-08-31T19:06:17.664+00:00,2026-08-31T19:06:17.664+00:00,2026-08-31T19:06:17.758+00:00,2026-08-31T19:06:17.758+00:00,0.03336,0.09416780199899222,sqs-worker-5986dcd897-bfwst,ip-192-168-20-201.ec2.internal,940634029b684c7abb47601d58e401c828c03431d2e7874e30f41b6d37f28bb4,1,781.0,875.0
1,keda-mmpp-202-609b96b1,000210,120.613657,2026-08-31T19:06:21.041+00:00,2026-08-31T19:06:17.311+00:00,2026-08-31T19:06:18.151+00:00,2026-08-31T19:06:18.151+00:00,2026-08-31T19:06:18.498+00:00,2026-08-31T19:06:18.499+00:00,0.141112,0.3476076719998673,sqs-worker-5986dcd897-28qt5,ip-192-168-20-201.ec2.internal,676c42203b46edd08f8a1d5cdd4fb8c88ec147f4568bea98ce07943a12edbbac,1,840.0,1187.0
1,keda-mmpp-202-609b96b1,000219,122.782071,2026-08-31T19:06:23.210+00:00,2026-08-31T19:06:19.482+00:00,2026-08-31T19:06:19.486+00:00,2026-08-31T19:06:19.486+00:00,2026-08-31T19:06:19.664+00:00,2026-08-31T19:06:19.664+00:00,0.087873,0.17765905899977952,sqs-worker-5986dcd897-bfwst,ip-192-168-20-201.ec2.internal,f116290c8386b955ac2f6d3778a81b5db190b761fa0ca0db0d58465125c289c3,1,4.0,182.0
1,keda-mmpp-202-609b96b1,000216,122.507244,2026-08-31T19:06:22.935+00:00,2026-08-31T19:06:19.207+00:00,2026-08-31T19:06:19.211+00:00,2026-08-31T19:06:19.211+00:00,2026-08-31T19:06:19.623+00:00,2026-08-31T19:06:19.623+00:00,0.175351,0.41228764799961937,sqs-worker-5986dcd897-28qt5,ip-192-168-20-201.ec2.internal,09ff720616eb676ea8d8883e0f8ff880d38c185a1f5006c2f032ab1a30be5dae,1,4.0,416.0
1,keda-mmpp-202-609b96b1,000220,122.932694,2026-08-31T19:06:23.360+00:00,2026-08-31T19:06:19.634+00:00,2026-08-31T19:06:19.641+00:00,2026-08-31T19:06:19.641+00:00,2026-08-31T19:06:20.333+00:00,2026-08-31T19:06:20.333+00:00,0.285269,0.6913458109993371,sqs-worker-5986dcd897-28qt5,ip-192-168-20-201.ec2.internal,72e610b77fd54276cf79763e42b635b1528322c23a2d6a843f203a21490b7e12,1,7.0,699.0
1,keda-mmpp-202-609b96b1,000223,125.092726,2026-08-31T19:06:25.520+00:00,2026-08-31T19:06:21.792+00:00,2026-08-31T19:06:21.795+00:00,2026-08-31T19:06:21.795+00:00,2026-08-31T19:06:22.023+00:00,2026-08-31T19:06:22.023+00:00,0.120079,0.22762727600093058,sqs-worker-5986dcd897-x8rdl,ip-192-168-20-201.ec2.internal,18790b51cee5eebf22c9fec0b8c455033eaf174c056113f1722f101ef3424f5a,1,3.0,231.0
1,keda-mmpp-202-609b96b1,000224,129.616289,2026-08-31T19:06:30.047+00:00,2026-08-31T19:06:26.319+00:00,2026-08-31T19:06:26.323+00:00,2026-08-31T19:06:26.323+00:00,2026-08-31T19:06:26.519+00:00,2026-08-31T19:06:26.519+00:00,0.081021,0.1953447480009345,sqs-worker-5986dcd897-28qt5,ip-192-168-20-201.ec2.internal,014dce011073991a1422ed99c2d9611b293aafcac6c5aa9c42aa4f87c6bd0af9,1,4.0,200.0
1,keda-mmpp-202-609b96b1,000226,130.661246,2026-08-31T19:06:31.088+00:00,2026-08-31T19:06:27.359+00:00,2026-08-31T19:06:27.363+00:00,2026-08-31T19:06:27.363+00:00,2026-08-31T19:06:27.399+00:00,2026-08-31T19:06:27.399+00:00,0.035727,0.03578304900111107,sqs-worker-5986dcd897-28qt5,ip-192-168-20-201.ec2.internal,6b3681dd2830d84da0fa3d94771b59661aad342d827e5f748f0e1c57e06cd21d,1,4.0,40.0
1,keda-mmpp-202-609b96b1,000225,130.595021,2026-08-31T19:06:31.022+00:00,2026-08-31T19:06:27.295+00:00,2026-08-31T19:06:27.299+00:00,2026-08-31T19:06:27.299+00:00,2026-08-31T19:06:27.611+00:00,2026-08-31T19:06:27.611+00:00,0.148682,0.3127750029998424,sqs-worker-5986dcd897-x8rdl,ip-192-168-20-201.ec2.internal,34d6cb9f4803bd3f0b5efe72f2eaefafccdc937eb82f56ef86aff5ac54122940,1,4.0,316.0
1,keda-mmpp-202-609b96b1,000227,131.559706,2026-08-31T19:06:31.987+00:00,2026-08-31T19:06:28.256+00:00,2026-08-31T19:06:28.259+00:00,2026-08-31T19:06:28.260+00:00,2026-08-31T19:06:28.312+00:00,2026-08-31T19:06:28.312+00:00,0.052084,0.052164050001010764,sqs-worker-5986dcd897-x8rdl,ip-192-168-20-201.ec2.internal,8c1466f2430c4e28d43aec2ba31efce354285bc6abd3c55ea26c8fd6c4620ef4,1,3.0,56.0
1,keda-mmpp-202-609b96b1,000228,132.457662,2026-08-31T19:06:32.884+00:00,2026-08-31T19:06:29.158+00:00,2026-08-31T19:06:29.163+00:00,2026-08-31T19:06:29.163+00:00,2026-08-31T19:06:29.215+00:00,2026-08-31T19:06:29.215+00:00,0.052165,0.052230280000003404,sqs-worker-5986dcd897-x8rdl,ip-192-168-20-201.ec2.internal,af906c8018b0ad0e2738cb646d40873e598cdda80754428a1272bb96a48f4061,1,5.0,57.0
1,keda-mmpp-202-609b96b1,000229,133.133255,2026-08-31T19:06:33.560+00:00,2026-08-31T19:06:29.831+00:00,2026-08-31T19:06:29.836+00:00,2026-08-31T19:06:29.836+00:00,2026-08-31T19:06:30.334+00:00,2026-08-31T19:06:30.334+00:00,0.214343,0.498678388999906,sqs-worker-5986dcd897-28qt5,ip-192-168-20-201.ec2.internal,854311ce64f39b3bc2042477552285a3ae19113a24a04a3b7c3f75b2b562a0fd,1,5.0,503.0
1,keda-mmpp-202-609b96b1,000230,133.877456,2026-08-31T19:06:34.304+00:00,2026-08-31T19:06:30.573+00:00,2026-08-31T19:06:30.577+00:00,2026-08-31T19:06:30.577+00:00,2026-08-31T19:06:30.747+00:00,2026-08-31T19:06:30.747+00:00,0.101348,0.17019126500053972,sqs-worker-5986dcd897-28qt5,ip-192-168-20-201.ec2.internal,b7a51bb9c28ad4c9309ea933803897b7829a1c44ed7e0e7d2f337ebe2cfc6468,1,4.0,174.0
1,keda-mmpp-202-609b96b1,000232,134.52191,2026-08-31T19:06:34.948+00:00,2026-08-31T19:06:31.218+00:00,2026-08-31T19:06:31.222+00:00,2026-08-31T19:06:31.222+00:00,2026-08-31T19:06:31.293+00:00,2026-08-31T19:06:31.293+00:00,0.050298,0.07077774599929398,sqs-worker-5986dcd897-x8rdl,ip-192-168-20-201.ec2.internal,ae73d32e1029f872d94a28a85c1878a3979fe1d34416ed0b1a83f7390ed027fe,1,4.0,75.0
1,keda-mmpp-202-609b96b1,000231,134.085162,2026-08-31T19:06:34.512+00:00,2026-08-31T19:06:30.779+00:00,2026-08-31T19:06:30.783+00:00,2026-08-31T19:06:30.783+00:00,2026-08-31T19:06:31.465+00:00,2026-08-31T19:06:31.465+00:00,0.2906,0.6818930899989937,sqs-worker-5986dcd897-bfwst,ip-192-168-20-201.ec2.internal,b9c91b576e89b0be090442384619387b5e90fb0cb865062a6e3eb38225ec7bdd,1,4.0,686.0
1,keda-mmpp-202-609b96b1,000234,138.006932,2026-08-31T19:06:38.433+00:00,2026-08-31T19:06:34.708+00:00,2026-08-31T19:06:34.727+00:00,2026-08-31T19:06:34.727+00:00,2026-08-31T19:06:35.326+00:00,2026-08-31T19:06:35.326+00:00,0.1215,0.599172822001492,sqs-worker-5986dcd897-28qt5,ip-192-168-20-201.ec2.internal,d777082fce7bf9af5355ccd8ff335b02c4ecfe794dadd97e8be8f79f992b094a,1,19.0,618.0
1,keda-mmpp-202-609b96b1,000233,137.850511,2026-08-31T19:06:38.280+00:00,2026-08-31T19:06:34.546+00:00,2026-08-31T19:06:34.550+00:00,2026-08-31T19:06:34.550+00:00,2026-08-31T19:06:35.641+00:00,2026-08-31T19:06:35.641+00:00,0.207082,1.0909519899996667,sqs-worker-5986dcd897-bfwst,ip-192-168-20-201.ec2.internal,550a81c59ea6734b165a39a52ba9c81e4bb17b09f977be7bd2963edcbc7f3c0e,1,4.0,1095.0
1,keda-mmpp-202-609b96b1,000236,139.178954,2026-08-31T19:06:39.605+00:00,2026-08-31T19:06:35.880+00:00,2026-08-31T19:06:35.884+00:00,2026-08-31T19:06:35.884+00:00,2026-08-31T19:06:36.437+00:00,2026-08-31T19:06:36.437+00:00,0.091078,0.5533863729997393,sqs-worker-5986dcd897-bfwst,ip-192-168-20-201.ec2.internal,5f9ec25dbb7693fb43948c8533169db978a37d7033252f4faf83c3064d62f5dd,1,4.0,557.0
1,keda-mmpp-202-609b96b1,000237,139.385964,2026-08-31T19:06:39.812+00:00,2026-08-31T19:06:36.081+00:00,2026-08-31T19:06:36.462+00:00,2026-08-31T19:06:36.462+00:00,2026-08-31T19:06:36.658+00:00,2026-08-31T19:06:36.658+00:00,0.040721,0.1960478820001299,sqs-worker-5986dcd897-bfwst,ip-192-168-20-201.ec2.internal,420a40e2cb9390842d3d08e99a415db53e52ec249339748a2a4aeba88a9387af,1,381.0,577.0
1,keda-mmpp-202-609b96b1,000239,139.791359,2026-08-31T19:06:40.218+00:00,2026-08-31T19:06:36.489+00:00,2026-08-31T19:06:36.768+00:00,2026-08-31T19:06:36.768+00:00,2026-08-31T19:06:36.959+00:00,2026-08-31T19:06:36.959+00:00,0.054783,0.19109361399932823,sqs-worker-5986dcd897-bfwst,ip-192-168-20-201.ec2.internal,cbeb2bbfa43195b590bd6731dd6963036b3b1ee2e8115b9df693a851aad88190,1,279.0,470.0
1,keda-mmpp-202-609b96b1,000235,139.155437,2026-08-31T19:06:39.583+00:00,2026-08-31T19:06:35.852+00:00,2026-08-31T19:06:35.857+00:00,2026-08-31T19:06:35.857+00:00,2026-08-31T19:06:37.120+00:00,2026-08-31T19:06:37.120+00:00,0.538925,1.2632887210002082,sqs-worker-5986dcd897-x8rdl,ip-192-168-20-201.ec2.internal,01b5a1aa0a5df421f0dbc32cb7109bba178c6f62744406af8dc63e44d0058393,1,5.0,1268.0
1,keda-mmpp-202-609b96b1,000240,140.074989,2026-08-31T19:06:40.502+00:00,2026-08-31T19:06:36.772+00:00,2026-08-31T19:06:37.208+00:00,2026-08-31T19:06:37.208+00:00,2026-08-31T19:06:37.293+00:00,2026-08-31T19:06:37.293+00:00,0.053395,0.08445567100170592,sqs-worker-5986dcd897-x8rdl,ip-192-168-20-201.ec2.internal,759814fc820f93c08e362f66555e3e4c4979dafc894af1ebf0159f2f09a09bba,1,436.0,521.0
1,keda-mmpp-202-609b96b1,000238,139.55671,2026-08-31T19:06:39.983+00:00,2026-08-31T19:06:36.254+00:00,2026-08-31T19:06:36.978+00:00,2026-08-31T19:06:36.978+00:00,2026-08-31T19:06:37.975+00:00,2026-08-31T19:06:37.975+00:00,0.411784,0.9962207259995921,sqs-worker-5986dcd897-bfwst,ip-192-168-20-201.ec2.internal,ca4e64085ecee9c256d7df37fee5a64c8809c5b81cee1039f5b1796bc3ec7d00,1,724.0,1721.0
1,keda-mmpp-202-609b96b1,000243,141.084308,2026-08-31T19:06:41.511+00:00,2026-08-31T19:06:37.797+00:00,2026-08-31T19:06:38.049+00:00,2026-08-31T19:06:38.049+00:00,2026-08-31T19:06:38.067+00:00,2026-08-31T19:06:38.067+00:00,0.017696,0.017739041000822908,sqs-worker-5986dcd897-bfwst,ip-192-168-20-201.ec2.internal,42933fb569c43a8af4ee8d47c731e4336a58c9c669c5567a692317de4377ffa6,1,252.0,270.0
1,keda-mmpp-202-609b96b1,000241,140.761948,2026-08-31T19:06:41.189+00:00,2026-08-31T19:06:37.465+00:00,2026-08-31T19:06:37.471+00:00,2026-08-31T19:06:37.471+00:00,2026-08-31T19:06:38.406+00:00,2026-08-31T19:06:38.406+00:00,0.396587,0.9345441709992883,sqs-worker-5986dcd897-x8rdl,ip-192-168-20-201.ec2.internal,567777aa04543c9b8a61f9907bd5d493f1b78f783a25c36b8d845f5e11830cbe,1,6.0,941.0
1,keda-mmpp-202-609b96b1,000250,141.841098,2026-08-31T19:06:42.268+00:00,2026-08-31T19:06:38.562+00:00,2026-08-31T19:06:38.695+00:00,2026-08-31T19:06:38.695+00:00,2026-08-31T19:06:38.884+00:00,2026-08-31T19:06:38.884+00:00,0.076942,0.1889392660013982,sqs-worker-5986dcd897-x8rdl,ip-192-168-20-201.ec2.internal,d5587b46f8e7f0c9c53240d74db86d89524bccf5c4aa1ee5b0670d63823d9515,1,133.0,322.0
1,keda-mmpp-202-609b96b1,000248,141.674609,2026-08-31T19:06:42.101+00:00,2026-08-31T19:06:38.377+00:00,2026-08-31T19:06:38.672+00:00,2026-08-31T19:06:38.672+00:00,2026-08-31T19:06:38.871+00:00,2026-08-31T19:06:38.871+00:00,0.089336,0.1988632630000211,sqs-worker-5986dcd897-bfwst,ip-192-168-20-201.ec2.internal,a68723865951f0811ead371ffa63ec6af93b737e8416977fe4d0db575d87b60b,1,295.0,494.0
1,keda-mmpp-202-609b96b1,000245,141.249354,2026-08-31T19:06:41.677+00:00,2026-08-31T19:06:38.465+00:00,2026-08-31T19:06:38.636+00:00,2026-08-31T19:06:38.636+00:00,2026-08-31T19:06:38.679+00:00,2026-08-31T19:06:38.679+00:00,0.014485,0.04289340499963146,sqs-worker-5986dcd897-x8rdl,ip-192-168-20-201.ec2.internal,dfed0a0ffde2f189ae7a46fff3c0e7b92b7ce8e818fa945a4667795f38e3c86d,1,171.0,214.0
1,keda-mmpp-202-609b96b1,000242,141.050826,2026-08-31T19:06:41.477+00:00,2026-08-31T19:06:37.752+00:00,2026-08-31T19:06:38.885+00:00,2026-08-31T19:06:38.885+00:00,2026-08-31T19:06:38.960+00:00,2026-08-31T19:06:38.960+00:00,0.026101,0.07549237099919992,sqs-worker-5986dcd897-bfwst,ip-192-168-20-201.ec2.internal,c143a0eb19a8b903ff2cf42dbc014db902b4e60f8261afd516b6f8d02cd0848f,1,1133.0,1208.0
1,keda-mmpp-202-609b96b1,000246,141.333823,2026-08-31T19:06:41.760+00:00,2026-08-31T19:06:38.036+00:00,2026-08-31T19:06:38.432+00:00,2026-08-31T19:06:38.432+00:00,2026-08-31T19:06:38.601+00:00,2026-08-31T19:06:38.601+00:00,0.071286,0.16977701099858677,sqs-worker-5986dcd897-x8rdl,ip-192-168-20-201.ec2.internal,5b1dfdbba314f9b3e51a2903eb5231b6fc01d2a76bb09782deddc02690c265f2,1,396.0,565.0
1,keda-mmpp-202-609b96b1,000244,141.108946,2026-08-31T19:06:41.535+00:00,2026-08-31T19:06:37.809+00:00,2026-08-31T19:06:38.097+00:00,2026-08-31T19:06:38.097+00:00,2026-08-31T19:06:38.657+00:00,2026-08-31T19:06:38.657+00:00,0.227072,0.559876470000745,sqs-worker-5986dcd897-bfwst,ip-192-168-20-201.ec2.internal,4129e80e113f91cb9739d56e0ed20496affa7cce78e942b881dcf95f67ea77c3,1,288.0,848.0
1,keda-mmpp-202-609b96b1,000255,142.848496,2026-08-31T19:06:43.275+00:00,2026-08-31T19:06:39.550+00:00,2026-08-31T19:06:39.591+00:00,2026-08-31T19:06:39.591+00:00,2026-08-31T19:06:40.487+00:00,2026-08-31T19:06:40.487+00:00,0.203053,0.8965100280001934,sqs-worker-5986dcd897-x8rdl,ip-192-168-20-201.ec2.internal,a3f1f15aa453c992e4b696012416bd9cde20ba947d8ce1fd497f1a9d8271b230,1,41.0,937.0
1,keda-mmpp-202-609b96b1,000251,141.971487,2026-08-31T19:06:42.398+00:00,2026-08-31T19:06:38.677+00:00,2026-08-31T19:06:38.981+00:00,2026-08-31T19:06:38.981+00:00,2026-08-31T19:06:39.773+00:00,2026-08-31T19:06:39.773+00:00,0.328499,0.7926212530001067,sqs-worker-5986dcd897-bfwst,ip-192-168-20-201.ec2.internal,f906704d452be2bfae0b2ef2fbaa73e170aa760266898c7a8c2a0fc8389ee09e,1,304.0,1096.0
1,keda-mmpp-202-609b96b1,000247,141.5745,2026-08-31T19:06:42.001+00:00,2026-08-31T19:06:38.275+00:00,2026-08-31T19:06:38.904+00:00,2026-08-31T19:06:38.904+00:00,2026-08-31T19:06:39.514+00:00,2026-08-31T19:06:39.514+00:00,0.266928,0.6095843260009133,sqs-worker-5986dcd897-x8rdl,ip-192-168-20-201.ec2.internal,0be7ec17f8a296d30c77848b8a1fdc7df991a1eb9c7c0a11fa772c9d742345bb,1,629.0,1239.0
1,keda-mmpp-202-609b96b1,000254,142.717965,2026-08-31T19:06:43.144+00:00,2026-08-31T19:06:39.415+00:00,2026-08-31T19:06:41.086+00:00,2026-08-31T19:06:41.086+00:00,2026-08-31T19:06:41.266+00:00,2026-08-31T19:06:41.266+00:00,0.069555,0.17975325899897143,sqs-worker-5986dcd897-bfwst,ip-192-168-20-201.ec2.internal,a1bc7a4ebf34924771e4b01901a055bf13555624f40b8b4a0b24c111c7a622ae,1,1671.0,1851.0
1,keda-mmpp-202-609b96b1,000257,143.124666,2026-08-31T19:06:43.551+00:00,2026-08-31T19:06:39.827+00:00,2026-08-31T19:06:40.596+00:00,2026-08-31T19:06:40.596+00:00,2026-08-31T19:06:41.071+00:00,2026-08-31T19:06:41.071+00:00,0.188779,0.4752483479987859,sqs-worker-5986dcd897-bfwst,ip-192-168-20-201.ec2.internal,25c23d90968a5e7199f518338d16e1f65aa37316801b9b120fe705f9d10bd70c,1,769.0,1244.0
1,keda-mmpp-202-609b96b1,000261,143.562204,2026-08-31T19:06:43.989+00:00,2026-08-31T19:06:40.263+00:00,2026-08-31T19:06:41.281+00:00,2026-08-31T19:06:41.281+00:00,2026-08-31T19:06:41.680+00:00,2026-08-31T19:06:41.680+00:00,0.167059,0.3991169649998483,sqs-worker-5986dcd897-bfwst,ip-192-168-20-201.ec2.internal,ac66dc9d0a53f79c4c76465170d8a3b419be7ef20ac1f6eecd55e8461546be01,1,1018.0,1417.0
1,keda-mmpp-202-609b96b1,000260,143.489836,2026-08-31T19:06:43.916+00:00,2026-08-31T19:06:40.190+00:00,2026-08-31T19:06:40.504+00:00,2026-08-31T19:06:40.504+00:00,2026-08-31T19:06:40.588+00:00,2026-08-31T19:06:40.588+00:00,0.005389,0.08421901399924536,sqs-worker-5986dcd897-x8rdl,ip-192-168-20-201.ec2.internal,c802693aabd61adc03c41ae7004742255994a3cfef382c68ef4fe827c7316266,1,314.0,398.0
1,keda-mmpp-202-609b96b1,000256,142.992571,2026-08-31T19:06:43.419+00:00,2026-08-31T19:06:39.694+00:00,2026-08-31T19:06:40.649+00:00,2026-08-31T19:06:40.649+00:00,2026-08-31T19:06:41.776+00:00,2026-08-31T19:06:41.776+00:00,0.24071,1.1276790569991135,sqs-worker-5986dcd897-x8rdl,ip-192-168-20-201.ec2.internal,622507dbfe479f434ce93324d67107404c52cd2693fc9d952a208d0888f67044,1,955.0,2082.0
1,keda-mmpp-202-609b96b1,000253,142.290608,2026-08-31T19:06:42.717+00:00,2026-08-31T19:06:38.987+00:00,2026-08-31T19:06:41.701+00:00,2026-08-31T19:06:41.701+00:00,2026-08-31T19:06:41.862+00:00,2026-08-31T19:06:41.862+00:00,0.062675,0.16070705399943108,sqs-worker-5986dcd897-bfwst,ip-192-168-20-201.ec2.internal,965b36ad4f81523da6d271fa5fef190976836f2de572cce71e7475f207bde90d,1,2714.0,2875.0
1,keda-mmpp-202-609b96b1,000259,143.433434,2026-08-31T19:06:43.860+00:00,2026-08-31T19:06:40.134+00:00,2026-08-31T19:06:42.156+00:00,2026-08-31T19:06:42.156+00:00,2026-08-31T19:06:42.966+00:00,2026-08-31T19:06:42.966+00:00,0.338411,0.8092235019994405,sqs-worker-5986dcd897-bfwst,ip-192-168-20-201.ec2.internal,53793e9cc8547430a03a1d0203dd4396492aeddbe69b59c6d36b6cc59e124fd7,1,2021.9999999999998,2832.0
1,keda-mmpp-202-609b96b1,000249,141.712277,2026-08-31T19:06:42.139+00:00,2026-08-31T19:06:38.922+00:00,2026-08-31T19:06:39.796+00:00,2026-08-31T19:06:39.796+00:00,2026-08-31T19:06:40.578+00:00,2026-08-31T19:06:40.578+00:00,0.320445,0.7822496909993788,sqs-worker-5986dcd897-bfwst,ip-192-168-20-201.ec2.internal,d169bc3cd3909d9a540bdecd24051142ebad36497046c9a5a794c521f78c3a23,1,874.0,1656.0
1,keda-mmpp-202-609b96b1,000258,143.154321,2026-08-31T19:06:43.581+00:00,2026-08-31T19:06:39.850+00:00,2026-08-31T19:06:41.912+00:00,2026-08-31T19:06:41.912+00:00,2026-08-31T19:06:42.082+00:00,2026-08-31T19:06:42.082+00:00,0.085723,0.17035536399998819,sqs-worker-5986dcd897-bfwst,ip-192-168-20-201.ec2.internal,e5efca920982097dc6df5f4589c19b862054997717dc0eda937e6d87bed325ac,1,2062.0,2232.0
1,keda-mmpp-202-609b96b1,000252,142.040467,2026-08-31T19:06:42.467+00:00,2026-08-31T19:06:38.739+00:00,2026-08-31T19:06:41.800+00:00,2026-08-31T19:06:41.801+00:00,2026-08-31T19:06:42.810+00:00,2026-08-31T19:06:42.810+00:00,0.213058,1.00966569800039,sqs-worker-5986dcd897-x8rdl,ip-192-168-20-201.ec2.internal,f961a5b3796d1bae6a3953ec191b2813af6bd6e0f3a2531fe025583724a4b45f,1,3061.0,4070.9999999999995
1,keda-mmpp-202-609b96b1,000264,146.558162,2026-08-31T19:06:46.985+00:00,2026-08-31T19:06:43.259+00:00,2026-08-31T19:06:43.264+00:00,2026-08-31T19:06:43.264+00:00,2026-08-31T19:06:43.287+00:00,2026-08-31T19:06:43.287+00:00,0.022981,0.0231082560003415,sqs-worker-5986dcd897-x8rdl,ip-192-168-20-201.ec2.internal,7d1925c9299524fd945df5bbb7b8a31ff8cda997a20fef72338daf5a34a1b1fb,1,5.0,28.0
1,keda-mmpp-202-609b96b1,000263,145.6611,2026-08-31T19:06:46.087+00:00,2026-08-31T19:06:42.370+00:00,2026-08-31T19:06:43.004+00:00,2026-08-31T19:06:43.004+00:00,2026-08-31T19:06:43.360+00:00,2026-08-31T19:06:43.360+00:00,0.150463,0.35578531200008,sqs-worker-5986dcd897-bfwst,ip-192-168-20-201.ec2.internal,1a17b5af49e34cffd55a2c26349d54fff7c4a2e1a10af915ade6994d19dc24b3,1,634.0,990.0
1,keda-mmpp-202-609b96b1,000262,145.615503,2026-08-31T19:06:46.044+00:00,2026-08-31T19:06:42.316+00:00,2026-08-31T19:06:42.925+00:00,2026-08-31T19:06:42.926+00:00,2026-08-31T19:06:43.087+00:00,2026-08-31T19:06:43.087+00:00,0.073787,0.16170291799971892,sqs-worker-5986dcd897-x8rdl,ip-192-168-20-201.ec2.internal,1e20355bfbcac5e99c4a9c75087b308c582af85d59ec18aea7931d2227209910,1,609.0,771.0
1,keda-mmpp-202-609b96b1,000265,146.965318,2026-08-31T19:06:47.392+00:00,2026-08-31T19:06:43.662+00:00,2026-08-31T19:06:43.666+00:00,2026-08-31T19:06:43.666+00:00,2026-08-31T19:06:43.704+00:00,2026-08-31T19:06:43.704+00:00,0.037744,0.03781531200002064,sqs-worker-5986dcd897-bfwst,ip-192-168-20-201.ec2.internal,c20eeb3010212196ecb333741ba39aaee340dacfebbdac2ae8ec32fa705fa108,1,4.0,42.0
1,keda-mmpp-202-609b96b1,000267,148.694822,2026-08-31T19:06:49.122+00:00,2026-08-31T19:06:45.396+00:00,2026-08-31T19:06:45.400+00:00,2026-08-31T19:06:45.400+00:00,2026-08-31T19:06:45.696+00:00,2026-08-31T19:06:45.696+00:00,0.133384,0.2963972739999008,sqs-worker-5986dcd897-x8rdl,ip-192-168-20-201.ec2.internal,9db3c6232d800364d9e1c37b0320a448e9dd10e03290c57e151d5996c743be7f,1,4.0,300.0
1,keda-mmpp-202-609b96b1,000266,147.555265,2026-08-31T19:06:47.982+00:00,2026-08-31T19:06:44.267+00:00,2026-08-31T19:06:44.272+00:00,2026-08-31T19:06:44.273+00:00,2026-08-31T19:06:46.768+00:00,2026-08-31T19:06:46.768+00:00,0.565801,2.4950714130009146,sqs-worker-5986dcd897-bfwst,ip-192-168-20-201.ec2.internal,75d00d96202760de23a9e9681c40abad5f40593d0bbf99d54cb12b7a265793a8,1,5.0,2501.0
1,keda-mmpp-202-609b96b1,000268,152.067489,2026-08-31T19:06:52.496+00:00,2026-08-31T19:06:48.764+00:00,2026-08-31T19:06:48.768+00:00,2026-08-31T19:06:48.768+00:00,2026-08-31T19:06:48.804+00:00,2026-08-31T19:06:48.804+00:00,0.035843,0.03588920299989695,sqs-worker-5986dcd897-x8rdl,ip-192-168-20-201.ec2.internal,a90910a7d4a7439d80bafbd2a3ca3a96db72491b9fd6c117d4d14686d9845824,1,4.0,40.0
1,keda-mmpp-202-609b96b1,000269,154.463712,2026-08-31T19:06:54.891+00:00,2026-08-31T19:06:51.162+00:00,2026-08-31T19:06:51.166+00:00,2026-08-31T19:06:51.166+00:00,2026-08-31T19:06:52.389+00:00,2026-08-31T19:06:52.389+00:00,0.510562,1.2234286429993517,sqs-worker-5986dcd897-bfwst,ip-192-168-20-201.ec2.internal,b93df9317c884e80b2914c185f4b3c2c6d41f221dab3f1b59af5f684d8a1769f,1,4.0,1227.0
1,keda-mmpp-202-609b96b1,000270,155.647923,2026-08-31T19:06:56.074+00:00,2026-08-31T19:06:52.359+00:00,2026-08-31T19:06:52.364+00:00,2026-08-31T19:06:52.364+00:00,2026-08-31T19:06:52.421+00:00,2026-08-31T19:06:52.421+00:00,0.046916,0.05723237499842071,sqs-worker-5986dcd897-x8rdl,ip-192-168-20-201.ec2.internal,deab294e9e13ea6dd512897ae7c3bc707ca9caf785d6a3e30a7767f2773b0e1f,1,5.0,62.0
1,keda-mmpp-202-609b96b1,000271,158.226436,2026-08-31T19:06:58.653+00:00,2026-08-31T19:06:54.922+00:00,2026-08-31T19:06:54.925+00:00,2026-08-31T19:06:54.925+00:00,2026-08-31T19:06:55.059+00:00,2026-08-31T19:06:55.059+00:00,0.034143,0.1333068269996147,sqs-worker-5986dcd897-bfwst,ip-192-168-20-201.ec2.internal,c89f7c9493f7f8dc021ce5a240437deacbbcd34691d20b76deb35b802c09835e,1,3.0,137.0
1,keda-mmpp-202-609b96b1,000272,159.241186,2026-08-31T19:06:59.667+00:00,2026-08-31T19:06:55.934+00:00,2026-08-31T19:06:55.938+00:00,2026-08-31T19:06:55.938+00:00,2026-08-31T19:06:55.953+00:00,2026-08-31T19:06:55.953+00:00,0.014976,0.01501664499846811,sqs-worker-5986dcd897-bfwst,ip-192-168-20-201.ec2.internal,9185a5ae8f34719d90571e9548ca204496e3f474241d2f155b4ab9e5b3a321a1,1,4.0,19.0
1,keda-mmpp-202-609b96b1,000274,159.445517,2026-08-31T19:06:59.870+00:00,2026-08-31T19:06:56.138+00:00,2026-08-31T19:06:56.142+00:00,2026-08-31T19:06:56.142+00:00,2026-08-31T19:06:56.365+00:00,2026-08-31T19:06:56.365+00:00,0.100532,0.2228847099995619,sqs-worker-5986dcd897-bfwst,ip-192-168-20-201.ec2.internal,8280d1ca33ce0906d9f92d5c5cf2d5b84086e51430c1c27e126e5263ad3fbfca,1,4.0,227.0
1,keda-mmpp-202-609b96b1,000276,159.502096,2026-08-31T19:06:59.926+00:00,2026-08-31T19:06:56.195+00:00,2026-08-31T19:06:56.385+00:00,2026-08-31T19:06:56.385+00:00,2026-08-31T19:06:56.763+00:00,2026-08-31T19:06:56.763+00:00,0.153645,0.37809302099958586,sqs-worker-5986dcd897-bfwst,ip-192-168-20-201.ec2.internal,11356fb596023dc768774d765fedaeb04ff63b07badb7858ab373c2273b8b853,1,190.0,568.0
1,keda-mmpp-202-609b96b1,000273,159.35095,2026-08-31T19:06:59.775+00:00,2026-08-31T19:06:56.047+00:00,2026-08-31T19:06:56.053+00:00,2026-08-31T19:06:56.053+00:00,2026-08-31T19:06:56.617+00:00,2026-08-31T19:06:56.617+00:00,0.258886,0.564267194000422,sqs-worker-5986dcd897-x8rdl,ip-192-168-20-201.ec2.internal,da996ef41be30e9e1d77c0e0e48a123a250933b61a8841d2299ccc0676033af5,1,6.0,570.0
1,keda-mmpp-202-609b96b1,000275,159.489098,2026-08-31T19:06:59.914+00:00,2026-08-31T19:06:56.186+00:00,2026-08-31T19:06:56.786+00:00,2026-08-31T19:06:56.786+00:00,2026-08-31T19:06:57.769+00:00,2026-08-31T19:06:57.769+00:00,0.402844,0.9836151250001421,sqs-worker-5986dcd897-bfwst,ip-192-168-20-201.ec2.internal,1a5eceb8d0d534cf843dfe0885f3128e56b204f258689f4b4d25a5fa60fd588c,1,600.0,1583.0
1,keda-mmpp-202-609b96b1,000281,160.416561,2026-08-31T19:07:00.841+00:00,2026-08-31T19:06:57.115+00:00,2026-08-31T19:06:57.784+00:00,2026-08-31T19:06:57.784+00:00,2026-08-31T19:06:58.157+00:00,2026-08-31T19:06:58.157+00:00,0.143012,0.3728565979999985,sqs-worker-5986dcd897-bfwst,ip-192-168-20-201.ec2.internal,09e5fdd1216b762efa957acc22b9ce6469c590c8164eaf1ee4ecb70718f85cd4,1,669.0,1042.0
1,keda-mmpp-202-609b96b1,000277,159.63066,2026-08-31T19:07:00.055+00:00,2026-08-31T19:06:56.324+00:00,2026-08-31T19:06:56.639+00:00,2026-08-31T19:06:56.639+00:00,2026-08-31T19:06:58.322+00:00,2026-08-31T19:06:58.322+00:00,0.681315,1.683022904999234,sqs-worker-5986dcd897-x8rdl,ip-192-168-20-201.ec2.internal,aa1b19c3a500471db95b7ae376013e8bef0b3cdf0f58638ecc03cc34cac4950e,1,315.0,1998.0
1,keda-mmpp-202-609b96b1,000278,159.644978,2026-08-31T19:07:00.069+00:00,2026-08-31T19:06:56.345+00:00,2026-08-31T19:06:58.251+00:00,2026-08-31T19:06:58.251+00:00,2026-08-31T19:06:58.456+00:00,2026-08-31T19:06:58.456+00:00,0.085702,0.2049208730004466,sqs-worker-5986dcd897-bfwst,ip-192-168-20-201.ec2.internal,fb188036b9a31967e78f149ae294383e16e4a4c7efc1a54c9b43d2e2df1add3f,1,1906.0,2111.0
1,keda-mmpp-202-609b96b1,000285,161.07915,2026-08-31T19:07:01.504+00:00,2026-08-31T19:06:57.790+00:00,2026-08-31T19:06:58.175+00:00,2026-08-31T19:06:58.175+00:00,2026-08-31T19:06:58.238+00:00,2026-08-31T19:06:58.238+00:00,0.026177,0.06213328400008322,sqs-worker-5986dcd897-bfwst,ip-192-168-20-201.ec2.internal,0a4dc036996b177cc320e7cca077e824117f1e4684220e66e180187076925d49,1,385.0,448.0
1,keda-mmpp-202-609b96b1,000283,160.631064,2026-08-31T19:07:01.056+00:00,2026-08-31T19:06:57.328+00:00,2026-08-31T19:06:58.481+00:00,2026-08-31T19:06:58.481+00:00,2026-08-31T19:06:59.068+00:00,2026-08-31T19:06:59.068+00:00,0.24785,0.5876736539994454,sqs-worker-5986dcd897-bfwst,ip-192-168-20-201.ec2.internal,dab464491b0a9a4863569b4ed223787841de5839b2797b9bf69d586ff1543da3,1,1153.0,1740.0
1,keda-mmpp-202-609b96b1,000282,160.431129,2026-08-31T19:07:00.856+00:00,2026-08-31T19:06:57.127+00:00,2026-08-31T19:06:58.404+00:00,2026-08-31T19:06:58.404+00:00,2026-08-31T19:06:58.796+00:00,2026-08-31T19:06:58.796+00:00,0.176474,0.39214661799996975,sqs-worker-5986dcd897-x8rdl,ip-192-168-20-201.ec2.internal,265d865bffe41bca4c7164ae9ef83cf45c0777c436d1749b70b917de4e78c2dd,1,1277.0,1669.0
1,keda-mmpp-202-609b96b1,000284,160.819381,2026-08-31T19:07:01.244+00:00,2026-08-31T19:06:57.515+00:00,2026-08-31T19:06:58.813+00:00,2026-08-31T19:06:58.813+00:00,2026-08-31T19:06:58.908+00:00,2026-08-31T19:06:58.908+00:00,0.03694,0.09488308799882361,sqs-worker-5986dcd897-x8rdl,ip-192-168-20-201.ec2.internal,e29489ce42197a1b2b4ce60c8078f2c6f77f93e380bbe4c78088a3b93fcb3c9b,1,1298.0,1393.0
1,keda-mmpp-202-609b96b1,000286,161.309364,2026-08-31T19:07:01.734+00:00,2026-08-31T19:06:58.009+00:00,2026-08-31T19:06:59.202+00:00,2026-08-31T19:06:59.202+00:00,2026-08-31T19:06:59.459+00:00,2026-08-31T19:06:59.459+00:00,0.096277,0.2575889179988735,sqs-worker-5986dcd897-bfwst,ip-192-168-20-201.ec2.internal,d61e089f2d5a54df10d30afa08bfc4084f6cf761c8179cc12ac77bd8799968ae,1,1193.0,1450.0
1,keda-mmpp-202-609b96b1,000280,159.91195,2026-08-31T19:07:00.336+00:00,2026-08-31T19:06:56.604+00:00,2026-08-31T19:06:59.104+00:00,2026-08-31T19:06:59.104+00:00,2026-08-31T19:06:59.178+00:00,2026-08-31T19:06:59.178+00:00,0.045262,0.0744190819987125,sqs-worker-5986dcd897-bfwst,ip-192-168-20-201.ec2.internal,471e9478605248818b522447bb6c2fed38f540b2efaac4ad2125418bb1b01965,1,2500.0,2574.0
1,keda-mmpp-202-609b96b1,000279,159.901464,2026-08-31T19:07:00.326+00:00,2026-08-31T19:06:56.595+00:00,2026-08-31T19:06:58.954+00:00,2026-08-31T19:06:58.954+00:00,2026-08-31T19:06:59.485+00:00,2026-08-31T19:06:59.485+00:00,0.217743,0.5306893699998909,sqs-worker-5986dcd897-x8rdl,ip-192-168-20-201.ec2.internal,a66de3609661a121772968dbee3e7a828f281496637889ca89514faea4da4bf4,1,2359.0,2890.0
1,keda-mmpp-202-609b96b1,000287,165.44376,2026-08-31T19:07:05.870+00:00,2026-08-31T19:07:02.141+00:00,2026-08-31T19:07:02.145+00:00,2026-08-31T19:07:02.145+00:00,2026-08-31T19:07:02.370+00:00,2026-08-31T19:07:02.370+00:00,0.102553,0.2251684219991148,sqs-worker-5986dcd897-bfwst,ip-192-168-20-201.ec2.internal,a99fe873e162e1e5991c9fa145530f1b239229e84334150926c164fb44124900,1,4.0,229.0
1,keda-mmpp-202-609b96b1,000288,165.824713,2026-08-31T19:07:06.250+00:00,2026-08-31T19:07:02.519+00:00,2026-08-31T19:07:02.525+00:00,2026-08-31T19:07:02.525+00:00,2026-08-31T19:07:03.613+00:00,2026-08-31T19:07:03.613+00:00,0.470512,1.0877570449993073,sqs-worker-5986dcd897-x8rdl,ip-192-168-20-201.ec2.internal,d9c1cabb75295f4739f5834bae90784a30c275b43814f978d76b8374cddec160,1,6.0,1094.0
1,keda-mmpp-202-609b96b1,000289,166.461464,2026-08-31T19:07:06.887+00:00,2026-08-31T19:07:03.156+00:00,2026-08-31T19:07:03.658+00:00,2026-08-31T19:07:03.658+00:00,2026-08-31T19:07:03.991+00:00,2026-08-31T19:07:03.991+00:00,0.133246,0.33306078699934005,sqs-worker-5986dcd897-x8rdl,ip-192-168-20-201.ec2.internal,663aefd3a8571a6794309fdc0d45da70c106aca82a4e9becad456bf0e7fc59de,1,502.0,835.0
1,keda-mmpp-202-609b96b1,000290,166.807754,2026-08-31T19:07:07.232+00:00,2026-08-31T19:07:03.504+00:00,2026-08-31T19:07:04.007+00:00,2026-08-31T19:07:04.007+00:00,2026-08-31T19:07:04.015+00:00,2026-08-31T19:07:04.015+00:00,0.008084,0.008114580999972532,sqs-worker-5986dcd897-x8rdl,ip-192-168-20-201.ec2.internal,64ab282e4d17f48fdaca2e794576ad4f7098fc68d63da94572f31d96cebcab95,1,503.0,511.0
1,keda-mmpp-202-609b96b1,000291,167.250909,2026-08-31T19:07:07.676+00:00,2026-08-31T19:07:03.946+00:00,2026-08-31T19:07:04.034+00:00,2026-08-31T19:07:04.034+00:00,2026-08-31T19:07:04.103+00:00,2026-08-31T19:07:04.103+00:00,0.036661,0.06856566500027839,sqs-worker-5986dcd897-x8rdl,ip-192-168-20-201.ec2.internal,47b5b417a286fbdbc6cc82236a782da0198aabc0aa13b007ac3dfe71555373b6,1,88.0,157.0
1,keda-mmpp-202-609b96b1,000292,177.143722,2026-08-31T19:07:17.579+00:00,2026-08-31T19:07:13.850+00:00,2026-08-31T19:07:13.854+00:00,2026-08-31T19:07:13.854+00:00,2026-08-31T19:07:13.900+00:00,2026-08-31T19:07:13.900+00:00,0.042146,0.04613787200105435,sqs-worker-5986dcd897-x8rdl,ip-192-168-20-201.ec2.internal,c5439b6e51a05f9f9e9d8cb9f50d6df599c8a3252ecff1677ca1dd2ced919dd2,1,4.0,50.0
