schema_version,experiment_id,job_id,trace_offset_s,producer_sent_at,sqs_sent_at,worker_received_at,processing_started_at,processing_finished_at,result_sent_at,service_cpu_seconds,processing_wall_seconds,pod_name,node_name,digest,receive_count,queue_wait_ms,end_to_end_ms
1,hpa-mmpp-202-e2c78c3d,000000,0.902891,2026-08-31T19:08:50.218+00:00,2026-08-31T19:08:46.489+00:00,2026-08-31T19:08:46.494+00:00,2026-08-31T19:08:46.494+00:00,2026-08-31T19:08:46.789+00:00,2026-08-31T19:08:46.789+00:00,0.126748,0.2950500499991904,sqs-worker-5986dcd897-x8rdl,ip-192-168-20-201.ec2.internal,1d85a4c52f5c1d9505028b934caa98d2b459b62c44293204ad662a152d34ddb8,1,5.0,300.0
1,hpa-mmpp-202-e2c78c3d,000001,6.365177,2026-08-31T19:08:55.684+00:00,2026-08-31T19:08:51.951+00:00,2026-08-31T19:08:51.958+00:00,2026-08-31T19:08:51.958+00:00,2026-08-31T19:08:52.083+00:00,2026-08-31T19:08:52.083+00:00,0.068745,0.12425291299950914,sqs-worker-5986dcd897-x8rdl,ip-192-168-20-201.ec2.internal,23ba73cb455b3932351562e958a7e13d7139a99276dad2e57faffb4a76a24bbd,1,7.0,132.0
1,hpa-mmpp-202-e2c78c3d,000002,7.356491,2026-08-31T19:08:56.670+00:00,2026-08-31T19:08:52.938+00:00,2026-08-31T19:08:52.945+00:00,2026-08-31T19:08:52.945+00:00,2026-08-31T19:08:52.982+00:00,2026-08-31T19:08:52.982+00:00,0.037763,0.03780314600044221,sqs-worker-5986dcd897-x8rdl,ip-192-168-20-201.ec2.internal,a72ec669dd76013501830dfd22eebaa8aa738813211a5c31dfe46b786d743ee5,1,7.0,44.0
1,hpa-mmpp-202-e2c78c3d,000003,8.739425,2026-08-31T19:08:58.054+00:00,2026-08-31T19:08:54.319+00:00,2026-08-31T19:08:54.323+00:00,2026-08-31T19:08:54.323+00:00,2026-08-31T19:08:55.505+00:00,2026-08-31T19:08:55.505+00:00,0.501484,1.1811811190000299,sqs-worker-5986dcd897-x8rdl,ip-192-168-20-201.ec2.internal,3d56033dc8913c46b7faf0dafffb5ee6322471af2eb645b2f8f9514256f5c91b,1,4.0,1186.0
1,hpa-mmpp-202-e2c78c3d,000005,9.289639,2026-08-31T19:08:58.603+00:00,2026-08-31T19:08:54.871+00:00,2026-08-31T19:08:55.525+00:00,2026-08-31T19:08:55.525+00:00,2026-08-31T19:08:56.195+00:00,2026-08-31T19:08:56.195+00:00,0.265766,0.670113042999219,sqs-worker-5986dcd897-x8rdl,ip-192-168-20-201.ec2.internal,60bc8f17af85d0e001067dbc4eb4bfbe8c01a32e5ed88b62156d35da07056527,1,654.0,1324.0
1,hpa-mmpp-202-e2c78c3d,000006,9.378123,2026-08-31T19:08:58.691+00:00,2026-08-31T19:08:54.957+00:00,2026-08-31T19:08:56.223+00:00,2026-08-31T19:08:56.223+00:00,2026-08-31T19:08:57.487+00:00,2026-08-31T19:08:57.487+00:00,0.507517,1.2639536930000759,sqs-worker-5986dcd897-x8rdl,ip-192-168-20-201.ec2.internal,58fdce6eda227e24fccf1a586bd585aa0c517c9090b7e446d730010e2923ea30,1,1266.0,2530.0
1,hpa-mmpp-202-e2c78c3d,000007,9.498008,2026-08-31T19:08:58.811+00:00,2026-08-31T19:08:55.079+00:00,2026-08-31T19:08:57.541+00:00,2026-08-31T19:08:57.542+00:00,2026-08-31T19:08:57.584+00:00,2026-08-31T19:08:57.584+00:00,0.021367,0.042423537001013756,sqs-worker-5986dcd897-x8rdl,ip-192-168-20-201.ec2.internal,937bb7bdf28a4eff804b804bbe725417c74eb37e89ec1baea1952f8232760670,1,2462.0,2505.0
1,hpa-mmpp-202-e2c78c3d,000004,8.776645,2026-08-31T19:08:58.090+00:00,2026-08-31T19:08:54.358+00:00,2026-08-31T19:08:57.508+00:00,2026-08-31T19:08:57.508+00:00,2026-08-31T19:08:57.516+00:00,2026-08-31T19:08:57.516+00:00,0.008201,0.008231915000578738,sqs-worker-5986dcd897-x8rdl,ip-192-168-20-201.ec2.internal,6dbfa25b7452af16b440406dc3cdd03d36f3ad47d33d7d60e58c15655b1904bb,1,3150.0,3158.0
1,hpa-mmpp-202-e2c78c3d,000009,13.883114,2026-08-31T19:09:03.196+00:00,2026-08-31T19:08:59.464+00:00,2026-08-31T19:08:59.467+00:00,2026-08-31T19:08:59.467+00:00,2026-08-31T19:09:00.797+00:00,2026-08-31T19:09:00.797+00:00,0.300173,1.329512534000969,sqs-worker-5986dcd897-x8rdl,ip-192-168-20-201.ec2.internal,88f3447d3788a397b41415e22bd4f465e5708925c8b59a8748011b1386217bbb,1,3.0,1333.0
1,hpa-mmpp-202-e2c78c3d,000011,14.088036,2026-08-31T19:09:03.401+00:00,2026-08-31T19:08:59.672+00:00,2026-08-31T19:09:01.001+00:00,2026-08-31T19:09:01.001+00:00,2026-08-31T19:09:01.191+00:00,2026-08-31T19:09:01.191+00:00,0.039952,0.1901930550011457,sqs-worker-5986dcd897-x8rdl,ip-192-168-20-201.ec2.internal,2ed4affb9bac29b74822848110fc9b0317d424a47f10d84b25277b4c7c921603,1,1329.0,1519.0
1,hpa-mmpp-202-e2c78c3d,000013,14.548478,2026-08-31T19:09:03.862+00:00,2026-08-31T19:09:00.130+00:00,2026-08-31T19:09:01.284+00:00,2026-08-31T19:09:01.284+00:00,2026-08-31T19:09:01.295+00:00,2026-08-31T19:09:01.295+00:00,0.011668,0.011799608000728767,sqs-worker-5986dcd897-x8rdl,ip-192-168-20-201.ec2.internal,e7a56612023fd621da809502f6ad93572d1543657d606eb2e901631004ec6cb2,1,1154.0,1165.0
1,hpa-mmpp-202-e2c78c3d,000008,13.872185,2026-08-31T19:09:03.188+00:00,2026-08-31T19:08:59.460+00:00,2026-08-31T19:09:01.396+00:00,2026-08-31T19:09:01.396+00:00,2026-08-31T19:09:01.696+00:00,2026-08-31T19:09:01.696+00:00,0.063519,0.3001030889990943,sqs-worker-5986dcd897-x8rdl,ip-192-168-20-201.ec2.internal,05d6233b810be85445fa4338a2595f241ad1662b04bb64300736138e5d1d9526,1,1936.0,2236.0
1,hpa-mmpp-202-e2c78c3d,000012,14.093887,2026-08-31T19:09:03.407+00:00,2026-08-31T19:08:59.675+00:00,2026-08-31T19:09:01.786+00:00,2026-08-31T19:09:01.786+00:00,2026-08-31T19:09:02.988+00:00,2026-08-31T19:09:02.988+00:00,0.390978,1.2020575659989845,sqs-worker-5986dcd897-x8rdl,ip-192-168-20-201.ec2.internal,b62d88903eda7c69b5a5bb990b99a5db9ae589ae24ef8d45b6181268350c3911,1,2111.0,3313.0
1,hpa-mmpp-202-e2c78c3d,000010,14.000711,2026-08-31T19:09:03.314+00:00,2026-08-31T19:09:00.087+00:00,2026-08-31T19:09:03.006+00:00,2026-08-31T19:09:03.006+00:00,2026-08-31T19:09:03.787+00:00,2026-08-31T19:09:03.787+00:00,0.315033,0.7813321700014058,sqs-worker-5986dcd897-x8rdl,ip-192-168-20-201.ec2.internal,77c2c76bf272d6b75e76179f0bc753b94eb21a3b2ac00d4c7cfbf55f8d729f33,1,2919.0,3700.0
1,hpa-mmpp-202-e2c78c3d,000014,15.194731,2026-08-31T19:09:04.508+00:00,2026-08-31T19:09:00.775+00:00,2026-08-31T19:09:03.807+00:00,2026-08-31T19:09:03.807+00:00,2026-08-31T19:09:04.391+00:00,2026-08-31T19:09:04.391+00:00,0.238948,0.5836400160005724,sqs-worker-5986dcd897-x8rdl,ip-192-168-20-201.ec2.internal,51a2c55817c51777dc90adef98aca39e3104584cc083761601dbd429e17e6373,1,3032.0,3616.0
1,hpa-mmpp-202-e2c78c3d,000017,16.271397,2026-08-31T19:09:05.585+00:00,2026-08-31T19:09:01.867+00:00,2026-08-31T19:09:04.413+00:00,2026-08-31T19:09:04.413+00:00,2026-08-31T19:09:05.607+00:00,2026-08-31T19:09:05.607+00:00,0.491967,1.1936058740011504,sqs-worker-5986dcd897-x8rdl,ip-192-168-20-201.ec2.internal,b400dffb445cde74b0c86fef1adddcc30d1e0190f683a0288492eb9bf47d7032,1,2546.0,3740.0
1,hpa-mmpp-202-e2c78c3d,000024,17.817865,2026-08-31T19:09:07.131+00:00,2026-08-31T19:09:03.395+00:00,2026-08-31T19:09:05.624+00:00,2026-08-31T19:09:05.624+00:00,2026-08-31T19:09:05.690+00:00,2026-08-31T19:09:05.690+00:00,0.019542,0.06637182900158223,sqs-worker-5986dcd897-x8rdl,ip-192-168-20-201.ec2.internal,19f7a987d63e9af4008625a90db0f76e9e0440223582949fae066aa1bb79134f,1,2229.0,2295.0
1,hpa-mmpp-202-e2c78c3d,000018,16.342231,2026-08-31T19:09:05.655+00:00,2026-08-31T19:09:01.925+00:00,2026-08-31T19:09:06.210+00:00,2026-08-31T19:09:06.210+00:00,2026-08-31T19:09:06.276+00:00,2026-08-31T19:09:06.277+00:00,0.01862,0.06605172499985201,sqs-worker-5986dcd897-x8rdl,ip-192-168-20-201.ec2.internal,1e3164d4e46d9a0d6cd1f1cf78670b56404d49cb619df91362944729c164c32b,1,4285.0,4351.0
1,hpa-mmpp-202-e2c78c3d,000019,16.47984,2026-08-31T19:09:05.793+00:00,2026-08-31T19:09:02.064+00:00,2026-08-31T19:09:06.293+00:00,2026-08-31T19:09:06.293+00:00,2026-08-31T19:09:06.478+00:00,2026-08-31T19:09:06.478+00:00,0.07786,0.18513997700028995,sqs-worker-5986dcd897-x8rdl,ip-192-168-20-201.ec2.internal,109fc0ffffb85bd155a946aed3ab1df30e97b5bfe126d3c75831387594d4a692,1,4229.0,4414.0
1,hpa-mmpp-202-e2c78c3d,000016,16.186172,2026-08-31T19:09:05.500+00:00,2026-08-31T19:09:01.767+00:00,2026-08-31T19:09:05.710+00:00,2026-08-31T19:09:05.710+00:00,2026-08-31T19:09:06.110+00:00,2026-08-31T19:09:06.110+00:00,0.175715,0.39975262100051623,sqs-worker-5986dcd897-x8rdl,ip-192-168-20-201.ec2.internal,90b3bfac6505b8d6ae2e57f5b1d724dde9c6e20593fb2864945aed376b65f8d2,1,3943.0,4343.0
1,hpa-mmpp-202-e2c78c3d,000015,15.831569,2026-08-31T19:09:05.146+00:00,2026-08-31T19:09:01.419+00:00,2026-08-31T19:09:06.131+00:00,2026-08-31T19:09:06.131+00:00,2026-08-31T19:09:06.194+00:00,2026-08-31T19:09:06.194+00:00,0.020217,0.06318853999982821,sqs-worker-5986dcd897-x8rdl,ip-192-168-20-201.ec2.internal,1fd93ee2eaee9088c30196ce5d0dd3347211202f89f10d5b504cd81b83e58a5f,1,4712.0,4775.0
1,hpa-mmpp-202-e2c78c3d,000020,16.823514,2026-08-31T19:09:06.137+00:00,2026-08-31T19:09:02.401+00:00,2026-08-31T19:09:06.495+00:00,2026-08-31T19:09:06.495+00:00,2026-08-31T19:09:08.501+00:00,2026-08-31T19:09:08.501+00:00,0.818496,2.005884606998734,sqs-worker-5986dcd897-x8rdl,ip-192-168-20-201.ec2.internal,4905f1df647c6904e7b31916bb3436689c42892cd932fedeb0729b59dbe13844,1,4094.0000000000005,6100.0
1,hpa-mmpp-202-e2c78c3d,000022,16.892732,2026-08-31T19:09:06.206+00:00,2026-08-31T19:09:02.471+00:00,2026-08-31T19:09:08.517+00:00,2026-08-31T19:09:08.517+00:00,2026-08-31T19:09:08.594+00:00,2026-08-31T19:09:08.594+00:00,0.028817,0.07753983800103015,sqs-worker-5986dcd897-x8rdl,ip-192-168-20-201.ec2.internal,c2b0fbdcc8ef9c5d711c0263131e16491a0e0434f8429cc76f80fb2a86a030e4,1,6046.0,6123.0
1,hpa-mmpp-202-e2c78c3d,000026,18.265096,2026-08-31T19:09:07.578+00:00,2026-08-31T19:09:03.843+00:00,2026-08-31T19:09:08.621+00:00,2026-08-31T19:09:08.621+00:00,2026-08-31T19:09:09.282+00:00,2026-08-31T19:09:09.282+00:00,0.263837,0.6612410889993043,sqs-worker-5986dcd897-x8rdl,ip-192-168-20-201.ec2.internal,be4b08fffb8dbfd0e5ce3a2352d5bf837e7f6bd9536f9609a20c5463cf23adff,1,4778.0,5439.0
1,hpa-mmpp-202-e2c78c3d,000027,19.479856,2026-08-31T19:09:08.793+00:00,2026-08-31T19:09:05.059+00:00,2026-08-31T19:09:09.301+00:00,2026-08-31T19:09:09.301+00:00,2026-08-31T19:09:09.575+00:00,2026-08-31T19:09:09.575+00:00,0.109065,0.27435688200057484,sqs-worker-5986dcd897-x8rdl,ip-192-168-20-201.ec2.internal,fd98049455dd2a39b491643aeb98e0bf32fc3cf43761b8ef5faed4f65dab5084,1,4242.0,4516.0
1,hpa-mmpp-202-e2c78c3d,000023,17.245588,2026-08-31T19:09:06.559+00:00,2026-08-31T19:09:02.825+00:00,2026-08-31T19:09:09.592+00:00,2026-08-31T19:09:09.592+00:00,2026-08-31T19:09:09.683+00:00,2026-08-31T19:09:09.683+00:00,0.043562,0.09081994400003168,sqs-worker-5986dcd897-x8rdl,ip-192-168-20-201.ec2.internal,bba6f180eb06738a7f236d61612904f6c88e2c5c0741eb5e9ff3783c89d47a73,1,6767.0,6858.0
1,hpa-mmpp-202-e2c78c3d,000021,16.870187,2026-08-31T19:09:06.183+00:00,2026-08-31T19:09:02.449+00:00,2026-08-31T19:09:09.706+00:00,2026-08-31T19:09:09.706+00:00,2026-08-31T19:09:13.201+00:00,2026-08-31T19:09:13.201+00:00,0.813426,3.494589280000582,sqs-worker-5986dcd897-x8rdl,ip-192-168-20-201.ec2.internal,ee89d492e61749f519988dd633e917f778697d1ab1a0b2eb5853dffadbb6bf4c,1,7257.0,10752.0
1,hpa-mmpp-202-e2c78c3d,000041,24.117553,2026-08-31T19:09:13.431+00:00,2026-08-31T19:09:09.696+00:00,2026-08-31T19:09:13.243+00:00,2026-08-31T19:09:13.243+00:00,2026-08-31T19:09:14.599+00:00,2026-08-31T19:09:14.599+00:00,0.55428,1.3561851810009102,sqs-worker-5986dcd897-x8rdl,ip-192-168-20-201.ec2.internal,6127b77f1b58166a0d4f03e0594baafb248986cce30c19af29244e9c79deb439,1,3547.0,4903.0
1,hpa-mmpp-202-e2c78c3d,000028,19.610984,2026-08-31T19:09:08.924+00:00,2026-08-31T19:09:05.195+00:00,2026-08-31T19:09:14.615+00:00,2026-08-31T19:09:14.615+00:00,2026-08-31T19:09:14.705+00:00,2026-08-31T19:09:14.705+00:00,0.041548,0.08953934000055597,sqs-worker-5986dcd897-x8rdl,ip-192-168-20-201.ec2.internal,eace132be59b660c929dae86cc33198d51732d951abc0aba5be296a3ec376024,1,9420.0,9510.0
1,hpa-mmpp-202-e2c78c3d,000025,17.967241,2026-08-31T19:09:07.280+00:00,2026-08-31T19:09:03.545+00:00,2026-08-31T19:09:14.724+00:00,2026-08-31T19:09:14.724+00:00,2026-08-31T19:09:15.479+00:00,2026-08-31T19:09:15.479+00:00,0.28948,0.7549702280011843,sqs-worker-5986dcd897-x8rdl,ip-192-168-20-201.ec2.internal,b3486cc2f8a305e436b24f5a3735bc5e40c18d7368315f668f1ac2b973989d67,1,11179.0,11934.0
1,hpa-mmpp-202-e2c78c3d,000030,19.952663,2026-08-31T19:09:09.266+00:00,2026-08-31T19:09:05.534+00:00,2026-08-31T19:09:15.495+00:00,2026-08-31T19:09:15.495+00:00,2026-08-31T19:09:15.787+00:00,2026-08-31T19:09:15.787+00:00,0.123315,0.29176992300017446,sqs-worker-5986dcd897-x8rdl,ip-192-168-20-201.ec2.internal,0d6bf2b13663060dce68b5a64160041815408540a1f0fe7d7fc2e6d28ea7bf2e,1,9961.0,10253.0
1,hpa-mmpp-202-e2c78c3d,000029,19.763892,2026-08-31T19:09:09.077+00:00,2026-08-31T19:09:05.343+00:00,2026-08-31T19:09:15.814+00:00,2026-08-31T19:09:15.814+00:00,2026-08-31T19:09:16.204+00:00,2026-08-31T19:09:16.204+00:00,0.165193,0.39044646699949226,sqs-worker-5986dcd897-x8rdl,ip-192-168-20-201.ec2.internal,21daf5c7bc272e343e05c6f5c6f1d27a7f2fa5e8242b8e3a41b9584b1a7bcef2,1,10471.0,10861.0
1,hpa-mmpp-202-e2c78c3d,000036,22.404936,2026-08-31T19:09:11.718+00:00,2026-08-31T19:09:07.985+00:00,2026-08-31T19:09:16.226+00:00,2026-08-31T19:09:16.226+00:00,2026-08-31T19:09:16.403+00:00,2026-08-31T19:09:16.403+00:00,0.073061,0.17705533999833278,sqs-worker-5986dcd897-x8rdl,ip-192-168-20-201.ec2.internal,ac2428df756606902ef9af841c5dfa3fb05d80828787c8ef9dce9f5d16b060c1,1,8241.0,8418.0
1,hpa-mmpp-202-e2c78c3d,000039,23.513291,2026-08-31T19:09:12.826+00:00,2026-08-31T19:09:09.093+00:00,2026-08-31T19:09:16.418+00:00,2026-08-31T19:09:16.418+00:00,2026-08-31T19:09:16.430+00:00,2026-08-31T19:09:16.430+00:00,0.011185,0.011257610000029672,sqs-worker-5986dcd897-x8rdl,ip-192-168-20-201.ec2.internal,5bc5cb26843d1eb55d3e4ceca4752d6fe8a8d023213b00e33ac989b0c82d8082,1,7325.0,7337.0
1,hpa-mmpp-202-e2c78c3d,000046,25.099954,2026-08-31T19:09:14.413+00:00,2026-08-31T19:09:10.677+00:00,2026-08-31T19:09:16.475+00:00,2026-08-31T19:09:16.475+00:00,2026-08-31T19:09:17.411+00:00,2026-08-31T19:09:17.411+00:00,0.389252,0.936171571000159,sqs-worker-5986dcd897-x8rdl,ip-192-168-20-201.ec2.internal,8755a6b0d12b08e1512d73ea67ac590782f8f9873eae05571ecb0455a47df7a0,1,5798.0,6734.0
1,hpa-mmpp-202-e2c78c3d,000047,25.22735,2026-08-31T19:09:14.541+00:00,2026-08-31T19:09:10.805+00:00,2026-08-31T19:09:17.512+00:00,2026-08-31T19:09:17.512+00:00,2026-08-31T19:09:18.159+00:00,2026-08-31T19:09:18.159+00:00,0.27859,0.6473686499994074,sqs-worker-5986dcd897-bf4mh,ip-192-168-20-201.ec2.internal,d07adffec8db1d8e5cc43f1b0641848808556886f0558e81839f79fc7947be2b,1,6707.0,7354.0
1,hpa-mmpp-202-e2c78c3d,000045,25.080545,2026-08-31T19:09:14.394+00:00,2026-08-31T19:09:10.663+00:00,2026-08-31T19:09:17.506+00:00,2026-08-31T19:09:17.506+00:00,2026-08-31T19:09:18.201+00:00,2026-08-31T19:09:18.201+00:00,0.295977,0.6950486549994821,sqs-worker-5986dcd897-x8rdl,ip-192-168-20-201.ec2.internal,4764e03ac74cee72e8219f33c5825bcdcb1aac915fd16804161085e35353372d,1,6843.0,7538.0
1,hpa-mmpp-202-e2c78c3d,000040,23.758926,2026-08-31T19:09:13.072+00:00,2026-08-31T19:09:09.339+00:00,2026-08-31T19:09:18.218+00:00,2026-08-31T19:09:18.218+00:00,2026-08-31T19:09:19.121+00:00,2026-08-31T19:09:19.121+00:00,0.375442,0.903257391999432,sqs-worker-5986dcd897-x8rdl,ip-192-168-20-201.ec2.internal,3aa27fe88e10c42cd33de532ab80369464d4c177b81cbb161781e6213a77b85f,1,8879.0,9782.0
1,hpa-mmpp-202-e2c78c3d,000051,26.209984,2026-08-31T19:09:15.523+00:00,2026-08-31T19:09:11.787+00:00,2026-08-31T19:09:19.187+00:00,2026-08-31T19:09:19.187+00:00,2026-08-31T19:09:19.223+00:00,2026-08-31T19:09:19.223+00:00,0.035435,0.035467970999889076,sqs-worker-5986dcd897-x8rdl,ip-192-168-20-201.ec2.internal,c27b7815d050195d5638f733e2a596cc526352f1b9e5ada7d29f61da2f35619c,1,7400.0,7436.0
1,hpa-mmpp-202-e2c78c3d,000035,22.149348,2026-08-31T19:09:11.463+00:00,2026-08-31T19:09:07.730+00:00,2026-08-31T19:09:18.179+00:00,2026-08-31T19:09:18.179+00:00,2026-08-31T19:09:20.429+00:00,2026-08-31T19:09:20.429+00:00,0.899421,2.249724872001025,sqs-worker-5986dcd897-bf4mh,ip-192-168-20-201.ec2.internal,52907147a0df98afb2003a16b8d4ffacb1941e73f120e8133d62df0142871a43,1,10449.0,12699.0
1,hpa-mmpp-202-e2c78c3d,000053,26.279074,2026-08-31T19:09:15.592+00:00,2026-08-31T19:09:11.859+00:00,2026-08-31T19:09:20.444+00:00,2026-08-31T19:09:20.444+00:00,2026-08-31T19:09:20.735+00:00,2026-08-31T19:09:20.735+00:00,0.122006,0.290897404000134,sqs-worker-5986dcd897-bf4mh,ip-192-168-20-201.ec2.internal,9fc090ffbd3421c6daf2e29c0020ed24803a52dc39cc0b0bc25b82ae3779dd7e,1,8585.0,8876.0
1,hpa-mmpp-202-e2c78c3d,000050,25.791074,2026-08-31T19:09:15.104+00:00,2026-08-31T19:09:11.375+00:00,2026-08-31T19:09:20.593+00:00,2026-08-31T19:09:20.593+00:00,2026-08-31T19:09:20.598+00:00,2026-08-31T19:09:20.598+00:00,0.005266,0.005324962001395761,sqs-worker-5986dcd897-x8rdl,ip-192-168-20-201.ec2.internal,d17bd29b62ddbd0f36bd324094f75c06466462361f449be0e85d241badb712fa,1,9218.0,9223.0
1,hpa-mmpp-202-e2c78c3d,000049,25.5991,2026-08-31T19:09:14.912+00:00,2026-08-31T19:09:11.181+00:00,2026-08-31T19:09:19.289+00:00,2026-08-31T19:09:19.289+00:00,2026-08-31T19:09:20.497+00:00,2026-08-31T19:09:20.497+00:00,0.333992,1.2077696199994534,sqs-worker-5986dcd897-x8rdl,ip-192-168-20-201.ec2.internal,994bf890c233cb1a3af38a5243746a40adcccc2bdb75d8e09eb5e9fc1643050c,1,8108.000000000001,9316.0
1,hpa-mmpp-202-e2c78c3d,000067,28.78704,2026-08-31T19:09:18.100+00:00,2026-08-31T19:09:14.363+00:00,2026-08-31T19:09:20.684+00:00,2026-08-31T19:09:20.684+00:00,2026-08-31T19:09:21.196+00:00,2026-08-31T19:09:21.196+00:00,0.114102,0.5124967160008964,sqs-worker-5986dcd897-x8rdl,ip-192-168-20-201.ec2.internal,df8df5516893de2edb10e9dcc2a85cfd43b8ecc55fdf64dcdbe34832e1b4aed2,1,6321.0,6833.0
1,hpa-mmpp-202-e2c78c3d,000034,21.753749,2026-08-31T19:09:11.067+00:00,2026-08-31T19:09:07.334+00:00,2026-08-31T19:09:20.765+00:00,2026-08-31T19:09:20.765+00:00,2026-08-31T19:09:22.365+00:00,2026-08-31T19:09:22.366+00:00,0.651574,1.6004195349996735,sqs-worker-5986dcd897-bf4mh,ip-192-168-20-201.ec2.internal,00215ecd93ff60504917a2acd0413f8138f58c5a6088ec170e6044cec79ca0c2,1,13431.0,15031.0
1,hpa-mmpp-202-e2c78c3d,000055,26.611247,2026-08-31T19:09:15.925+00:00,2026-08-31T19:09:12.188+00:00,2026-08-31T19:09:22.421+00:00,2026-08-31T19:09:22.421+00:00,2026-08-31T19:09:22.636+00:00,2026-08-31T19:09:22.636+00:00,0.100929,0.21474669000053836,sqs-worker-5986dcd897-bf4mh,ip-192-168-20-201.ec2.internal,255d83bb4b6bf58e210ceb8dc0cd023fb9c77f75ab68931d68ae9179063a3ba5,1,10233.0,10448.0
1,hpa-mmpp-202-e2c78c3d,000060,27.830121,2026-08-31T19:09:17.144+00:00,2026-08-31T19:09:13.411+00:00,2026-08-31T19:09:22.663+00:00,2026-08-31T19:09:22.663+00:00,2026-08-31T19:09:22.760+00:00,2026-08-31T19:09:22.760+00:00,0.045617,0.09758816999965347,sqs-worker-5986dcd897-bf4mh,ip-192-168-20-201.ec2.internal,7b5d3e8ffe67c4de32b8c97db9cef160813e0c03c688e78139555043366525fc,1,9252.0,9349.0
1,hpa-mmpp-202-e2c78c3d,000069,31.277647,2026-08-31T19:09:20.594+00:00,2026-08-31T19:09:16.861+00:00,2026-08-31T19:09:22.496+00:00,2026-08-31T19:09:22.496+00:00,2026-08-31T19:09:22.897+00:00,2026-08-31T19:09:22.897+00:00,0.097592,0.4012067299991031,sqs-worker-5986dcd897-x8rdl,ip-192-168-20-201.ec2.internal,44083fe67a6e081409efe77be7653d539a5067fdcc8365cd39795ad372031a79,1,5635.0,6036.0
1,hpa-mmpp-202-e2c78c3d,000042,24.482309,2026-08-31T19:09:13.796+00:00,2026-08-31T19:09:10.062+00:00,2026-08-31T19:09:21.288+00:00,2026-08-31T19:09:21.288+00:00,2026-08-31T19:09:22.402+00:00,2026-08-31T19:09:22.402+00:00,0.22718,1.1138020739999774,sqs-worker-5986dcd897-x8rdl,ip-192-168-20-201.ec2.internal,a1a7efc957a84a4c284034325c2e8a9eaccf5f7475efe62845a434ae4077eacd,1,11226.0,12340.0
1,hpa-mmpp-202-e2c78c3d,000052,26.255656,2026-08-31T19:09:15.569+00:00,2026-08-31T19:09:11.839+00:00,2026-08-31T19:09:22.776+00:00,2026-08-31T19:09:22.776+00:00,2026-08-31T19:09:23.071+00:00,2026-08-31T19:09:23.071+00:00,0.126256,0.29476301799877547,sqs-worker-5986dcd897-bf4mh,ip-192-168-20-201.ec2.internal,1fd1ad5f19e525eebea458e6aa608fb4d2337f77aab609cc89395cc2dbc57f51,1,10937.0,11232.0
1,hpa-mmpp-202-e2c78c3d,000054,26.294474,2026-08-31T19:09:15.608+00:00,2026-08-31T19:09:12.409+00:00,2026-08-31T19:09:23.132+00:00,2026-08-31T19:09:23.132+00:00,2026-08-31T19:09:23.968+00:00,2026-08-31T19:09:23.968+00:00,0.352566,0.8357439940009499,sqs-worker-5986dcd897-bf4mh,ip-192-168-20-201.ec2.internal,4896a583bca1e457cb3a5fdad107fc6c8b990f5d0e25334780bfa1713673a04b,1,10723.0,11559.0
1,hpa-mmpp-202-e2c78c3d,000031,19.963624,2026-08-31T19:09:09.277+00:00,2026-08-31T19:09:05.543+00:00,2026-08-31T19:09:22.916+00:00,2026-08-31T19:09:22.916+00:00,2026-08-31T19:09:24.303+00:00,2026-08-31T19:09:24.303+00:00,0.561116,1.3867018759992789,sqs-worker-5986dcd897-x8rdl,ip-192-168-20-201.ec2.internal,45e79c4d7e262b10a5f6da5f4f550ff1db64a005d33b026bfe1bc74499774fbb,1,17373.0,18760.0
1,hpa-mmpp-202-e2c78c3d,000032,21.234875,2026-08-31T19:09:10.548+00:00,2026-08-31T19:09:06.813+00:00,2026-08-31T19:09:24.033+00:00,2026-08-31T19:09:24.033+00:00,2026-08-31T19:09:24.635+00:00,2026-08-31T19:09:24.635+00:00,0.256179,0.6016568209997786,sqs-worker-5986dcd897-bf4mh,ip-192-168-20-201.ec2.internal,1a431d7b11b9f4d1e39bbac45dc171f0e7fa6e765b80ce7d67eabea7f973f71b,1,17220.0,17822.0
1,hpa-mmpp-202-e2c78c3d,000059,27.400663,2026-08-31T19:09:16.714+00:00,2026-08-31T19:09:12.987+00:00,2026-08-31T19:09:24.809+00:00,2026-08-31T19:09:24.809+00:00,2026-08-31T19:09:25.109+00:00,2026-08-31T19:09:25.109+00:00,0.130316,0.29974508399936894,sqs-worker-5986dcd897-x8rdl,ip-192-168-20-201.ec2.internal,cdc2b705b4945015be9351265d8ebee8b1008657a65082a03b7e924146c8d2d1,1,11822.0,12122.0
1,hpa-mmpp-202-e2c78c3d,000070,31.430093,2026-08-31T19:09:20.743+00:00,2026-08-31T19:09:17.007+00:00,2026-08-31T19:09:24.734+00:00,2026-08-31T19:09:24.734+00:00,2026-08-31T19:09:25.230+00:00,2026-08-31T19:09:25.230+00:00,0.208555,0.49639674500031106,sqs-worker-5986dcd897-bf4mh,ip-192-168-20-201.ec2.internal,d01f95e862f5984166d81a13cc7037acdb7e0858f5166f46aa478e11d289d789,1,7727.0,8223.0
1,hpa-mmpp-202-e2c78c3d,000061,28.068328,2026-08-31T19:09:17.382+00:00,2026-08-31T19:09:13.655+00:00,2026-08-31T19:09:24.655+00:00,2026-08-31T19:09:24.655+00:00,2026-08-31T19:09:24.671+00:00,2026-08-31T19:09:24.671+00:00,0.015667,0.015699653999035945,sqs-worker-5986dcd897-bf4mh,ip-192-168-20-201.ec2.internal,731489637b59bb708585c6411ee31444ac5b711966fca6ccb72a3f6370c8c4dd,1,11000.0,11016.0
1,hpa-mmpp-202-e2c78c3d,000062,28.0865,2026-08-31T19:09:17.400+00:00,2026-08-31T19:09:13.667+00:00,2026-08-31T19:09:25.414+00:00,2026-08-31T19:09:25.414+00:00,2026-08-31T19:09:25.585+00:00,2026-08-31T19:09:25.586+00:00,0.061901,0.1716152940007305,sqs-worker-5986dcd897-x8rdl,ip-192-168-20-201.ec2.internal,9dc5df7c8589aec7421805df8fa028a5a4800bbd95a647584007c0e464c18c72,1,11747.0,11918.0
1,hpa-mmpp-202-e2c78c3d,000056,26.688323,2026-08-31T19:09:16.001+00:00,2026-08-31T19:09:12.272+00:00,2026-08-31T19:09:24.317+00:00,2026-08-31T19:09:24.317+00:00,2026-08-31T19:09:24.795+00:00,2026-08-31T19:09:24.795+00:00,0.188487,0.4778161459998955,sqs-worker-5986dcd897-x8rdl,ip-192-168-20-201.ec2.internal,a8415ae81391bcc9c70c8005130ea3ad4d89431e281b29a14998de9968a546b0,1,12045.0,12523.0
1,hpa-mmpp-202-e2c78c3d,000037,23.201397,2026-08-31T19:09:12.515+00:00,2026-08-31T19:09:08.782+00:00,2026-08-31T19:09:25.609+00:00,2026-08-31T19:09:25.609+00:00,2026-08-31T19:09:25.704+00:00,2026-08-31T19:09:25.705+00:00,0.054967,0.09508603300128016,sqs-worker-5986dcd897-x8rdl,ip-192-168-20-201.ec2.internal,6e242ee2a1ed9ab2d30f4fd012681917e4f3ad7c7212f2211657bbbadd93c065,1,16827.0,16922.0
1,hpa-mmpp-202-e2c78c3d,000057,26.859554,2026-08-31T19:09:16.173+00:00,2026-08-31T19:09:12.437+00:00,2026-08-31T19:09:25.123+00:00,2026-08-31T19:09:25.123+00:00,2026-08-31T19:09:25.399+00:00,2026-08-31T19:09:25.399+00:00,0.105714,0.2762273970001843,sqs-worker-5986dcd897-x8rdl,ip-192-168-20-201.ec2.internal,badfbc251233edb6323874eacb5e1172e9a9433c0bd4ce9130158a011409a4f8,1,12686.0,12962.0
1,hpa-mmpp-202-e2c78c3d,000058,26.87603,2026-08-31T19:09:16.189+00:00,2026-08-31T19:09:12.457+00:00,2026-08-31T19:09:26.307+00:00,2026-08-31T19:09:26.307+00:00,2026-08-31T19:09:26.722+00:00,2026-08-31T19:09:26.722+00:00,0.185468,0.4153378849987348,sqs-worker-5986dcd897-x8rdl,ip-192-168-20-201.ec2.internal,73505da9efa964bae8a39352d28a38f44256fd6dcc2ced04700290353a0421d3,1,13850.0,14265.0
1,hpa-mmpp-202-e2c78c3d,000038,23.420311,2026-08-31T19:09:12.734+00:00,2026-08-31T19:09:09.000+00:00,2026-08-31T19:09:25.725+00:00,2026-08-31T19:09:25.725+00:00,2026-08-31T19:09:26.293+00:00,2026-08-31T19:09:26.293+00:00,0.224237,0.5676139699990017,sqs-worker-5986dcd897-x8rdl,ip-192-168-20-201.ec2.internal,fda4d096444b641667707b013bbaeeb37708cd1713a0847cfd3030c960254e1f,1,16725.0,17293.0
1,hpa-mmpp-202-e2c78c3d,000064,28.432796,2026-08-31T19:09:17.746+00:00,2026-08-31T19:09:14.011+00:00,2026-08-31T19:09:27.122+00:00,2026-08-31T19:09:27.122+00:00,2026-08-31T19:09:27.127+00:00,2026-08-31T19:09:27.127+00:00,0.005,0.00504341200030467,sqs-worker-5986dcd897-x8rdl,ip-192-168-20-201.ec2.internal,f8ab2f970b3ef57bb23d755d3775b733f0fdf42c2afbe9a85cb1e9f56d65b676,1,13111.0,13116.0
1,hpa-mmpp-202-e2c78c3d,000073,38.547529,2026-08-31T19:09:27.860+00:00,2026-08-31T19:09:24.131+00:00,2026-08-31T19:09:27.141+00:00,2026-08-31T19:09:27.141+00:00,2026-08-31T19:09:27.483+00:00,2026-08-31T19:09:27.483+00:00,0.121511,0.3422118309990765,sqs-worker-5986dcd897-x8rdl,ip-192-168-20-201.ec2.internal,d5075f999f582fa0c03c6ada3836664fc15b0433ae8d80057b1e43ba2cdfc2e8,1,3010.0,3352.0
1,hpa-mmpp-202-e2c78c3d,000072,37.332817,2026-08-31T19:09:26.646+00:00,2026-08-31T19:09:22.912+00:00,2026-08-31T19:09:26.795+00:00,2026-08-31T19:09:26.795+00:00,2026-08-31T19:09:27.108+00:00,2026-08-31T19:09:27.108+00:00,0.141081,0.3132868859993323,sqs-worker-5986dcd897-x8rdl,ip-192-168-20-201.ec2.internal,8c1f290a68158e90e01352742f3dcd9a0a27308cb022e9744b0dc7b73c0fb3b9,1,3883.0,4196.0
1,hpa-mmpp-202-e2c78c3d,000033,21.396868,2026-08-31T19:09:10.710+00:00,2026-08-31T19:09:06.989+00:00,2026-08-31T19:09:25.251+00:00,2026-08-31T19:09:25.251+00:00,2026-08-31T19:09:27.227+00:00,2026-08-31T19:09:27.227+00:00,0.791677,1.975907736001318,sqs-worker-5986dcd897-bf4mh,ip-192-168-20-201.ec2.internal,eb94c7239dfc43615746f5c8af8f1b5457dc1193c9cc9640c9612aee8b5923ed,1,18262.0,20238.0
1,hpa-mmpp-202-e2c78c3d,000065,28.566364,2026-08-31T19:09:17.880+00:00,2026-08-31T19:09:14.143+00:00,2026-08-31T19:09:27.245+00:00,2026-08-31T19:09:27.245+00:00,2026-08-31T19:09:27.625+00:00,2026-08-31T19:09:27.625+00:00,0.154201,0.38043601800018223,sqs-worker-5986dcd897-bf4mh,ip-192-168-20-201.ec2.internal,13f889ab8ae69396947671d8472d3490a4b231747f02a2133c8733a130f32dbe,1,13102.0,13482.0
1,hpa-mmpp-202-e2c78c3d,000068,29.5081,2026-08-31T19:09:18.822+00:00,2026-08-31T19:09:15.086+00:00,2026-08-31T19:09:27.503+00:00,2026-08-31T19:09:27.503+00:00,2026-08-31T19:09:27.903+00:00,2026-08-31T19:09:27.903+00:00,0.173739,0.3992685619996337,sqs-worker-5986dcd897-x8rdl,ip-192-168-20-201.ec2.internal,7296048da9fdd953ea52e7b7588a8cb2065a298d0210fe7cd94d5c377f8367ac,1,12417.0,12817.0
1,hpa-mmpp-202-e2c78c3d,000044,24.781559,2026-08-31T19:09:14.095+00:00,2026-08-31T19:09:10.361+00:00,2026-08-31T19:09:27.918+00:00,2026-08-31T19:09:27.918+00:00,2026-08-31T19:09:28.286+00:00,2026-08-31T19:09:28.286+00:00,0.140816,0.3674319430010655,sqs-worker-5986dcd897-x8rdl,ip-192-168-20-201.ec2.internal,c7085fea88003f6c463b64f5a2d451eb2430bf991b4e61ad8b68d2bad63f5002,1,17557.0,17925.0
1,hpa-mmpp-202-e2c78c3d,000066,28.672549,2026-08-31T19:09:17.986+00:00,2026-08-31T19:09:14.250+00:00,2026-08-31T19:09:28.251+00:00,2026-08-31T19:09:28.251+00:00,2026-08-31T19:09:29.164+00:00,2026-08-31T19:09:29.164+00:00,0.167071,0.9123218290005752,sqs-worker-5986dcd897-bf4mh,ip-192-168-20-201.ec2.internal,e055526f782b838b786a703baa6e15f6112b8460da98ea40d235f8e66b77067b,1,14001.0,14914.0
1,hpa-mmpp-202-e2c78c3d,000043,24.727628,2026-08-31T19:09:14.041+00:00,2026-08-31T19:09:10.305+00:00,2026-08-31T19:09:27.651+00:00,2026-08-31T19:09:27.651+00:00,2026-08-31T19:09:28.225+00:00,2026-08-31T19:09:28.225+00:00,0.197628,0.5745738870009518,sqs-worker-5986dcd897-bf4mh,ip-192-168-20-201.ec2.internal,dc05332b1d2faff32a1bfbaeadc178dd4d89de8d4a5eb0f79a05f9037a058abe,1,17346.0,17920.0
1,hpa-mmpp-202-e2c78c3d,000048,25.263501,2026-08-31T19:09:14.577+00:00,2026-08-31T19:09:10.842+00:00,2026-08-31T19:09:28.311+00:00,2026-08-31T19:09:28.311+00:00,2026-08-31T19:09:29.402+00:00,2026-08-31T19:09:29.402+00:00,0.454331,1.0911953690010705,sqs-worker-5986dcd897-x8rdl,ip-192-168-20-201.ec2.internal,88323a1f823467b60199725a486f4a4af3f44d01316ecde74de14e3eacdedca6,1,17469.0,18560.0
1,hpa-mmpp-202-e2c78c3d,000071,35.740532,2026-08-31T19:09:25.055+00:00,2026-08-31T19:09:21.320+00:00,2026-08-31T19:09:29.231+00:00,2026-08-31T19:09:29.231+00:00,2026-08-31T19:09:30.065+00:00,2026-08-31T19:09:30.065+00:00,0.163658,0.8337476600008813,sqs-worker-5986dcd897-bf4mh,ip-192-168-20-201.ec2.internal,95bfb1d83564f5e78f7b5fcf9398d795dbed0ee00c340f3750e735ef4a02fa70,1,7911.0,8745.0
1,hpa-mmpp-202-e2c78c3d,000074,44.533248,2026-08-31T19:09:33.851+00:00,2026-08-31T19:09:30.115+00:00,2026-08-31T19:09:30.132+00:00,2026-08-31T19:09:30.132+00:00,2026-08-31T19:09:31.860+00:00,2026-08-31T19:09:31.860+00:00,0.520214,1.7279681259988138,sqs-worker-5986dcd897-bf4mh,ip-192-168-20-201.ec2.internal,99d66f4607ac3264dd8fe280ddca3bb0ce591ace8eb5f32c2c9651b49e0dfe6c,1,17.0,1745.0
1,hpa-mmpp-202-e2c78c3d,000075,46.559703,2026-08-31T19:09:35.873+00:00,2026-08-31T19:09:32.144+00:00,2026-08-31T19:09:32.147+00:00,2026-08-31T19:09:32.147+00:00,2026-08-31T19:09:32.378+00:00,2026-08-31T19:09:32.378+00:00,0.108614,0.23098359100004018,sqs-worker-5986dcd897-bf4mh,ip-192-168-20-201.ec2.internal,f7358d877b1458c137124aa1fadd58846ac7fb69e5beeba86ed6398939b2f6fc,1,3.0,234.0
1,hpa-mmpp-202-e2c78c3d,000063,28.411711,2026-08-31T19:09:17.725+00:00,2026-08-31T19:09:13.989+00:00,2026-08-31T19:09:29.450+00:00,2026-08-31T19:09:29.450+00:00,2026-08-31T19:09:33.006+00:00,2026-08-31T19:09:33.006+00:00,0.776732,3.5565891820006073,sqs-worker-5986dcd897-x8rdl,ip-192-168-20-201.ec2.internal,5fd55a62e9d22a3d4a7bfe43769c8642835183821e430675c96bf38f3b4f4311,1,15461.0,19017.0
1,hpa-mmpp-202-e2c78c3d,000076,47.429195,2026-08-31T19:09:36.742+00:00,2026-08-31T19:09:33.012+00:00,2026-08-31T19:09:33.016+00:00,2026-08-31T19:09:33.016+00:00,2026-08-31T19:09:34.326+00:00,2026-08-31T19:09:34.326+00:00,0.313256,1.3101194579994626,sqs-worker-5986dcd897-rwcrv,ip-192-168-20-201.ec2.internal,b33a48b43acbe0f3be2ffc93e2a6e4627bf9145f438f2d74c1c479e34d14af2b,1,4.0,1314.0
1,hpa-mmpp-202-e2c78c3d,000077,50.942838,2026-08-31T19:09:40.258+00:00,2026-08-31T19:09:36.525+00:00,2026-08-31T19:09:36.530+00:00,2026-08-31T19:09:36.530+00:00,2026-08-31T19:09:36.621+00:00,2026-08-31T19:09:36.621+00:00,0.050396,0.09140288900016458,sqs-worker-5986dcd897-rwcrv,ip-192-168-20-201.ec2.internal,9f5287fa93f0548d6a50d6f4cf64959ab5c6a90f9e35d7164fee27cd3aea1eed,1,5.0,96.0
1,hpa-mmpp-202-e2c78c3d,000078,55.341769,2026-08-31T19:09:44.655+00:00,2026-08-31T19:09:40.919+00:00,2026-08-31T19:09:40.924+00:00,2026-08-31T19:09:40.924+00:00,2026-08-31T19:09:40.929+00:00,2026-08-31T19:09:40.929+00:00,0.005,0.0050384789992676815,sqs-worker-5986dcd897-x8rdl,ip-192-168-20-201.ec2.internal,99d3fd7d45e724c62e0e2b870b6d23541e29c51c77d6e76628771f5555d43351,1,5.0,10.0
1,hpa-mmpp-202-e2c78c3d,000079,57.263667,2026-08-31T19:09:46.577+00:00,2026-08-31T19:09:42.844+00:00,2026-08-31T19:09:42.847+00:00,2026-08-31T19:09:42.847+00:00,2026-08-31T19:09:42.857+00:00,2026-08-31T19:09:42.857+00:00,0.009911,0.009951971998816589,sqs-worker-5986dcd897-x8rdl,ip-192-168-20-201.ec2.internal,519090fed35fd8fe222a5b31cc5962fb7591e26ed06cbd489d56985c80124134,1,3.0,13.0
1,hpa-mmpp-202-e2c78c3d,000080,59.903584,2026-08-31T19:09:49.218+00:00,2026-08-31T19:09:45.484+00:00,2026-08-31T19:09:45.488+00:00,2026-08-31T19:09:45.488+00:00,2026-08-31T19:09:46.219+00:00,2026-08-31T19:09:46.219+00:00,0.307621,0.7312570500016591,sqs-worker-5986dcd897-rwcrv,ip-192-168-20-201.ec2.internal,1e4ccf7c3761b411476be48943eebe3d3e6bc45b60737359a91f14c172fb9dbf,1,4.0,735.0
1,hpa-mmpp-202-e2c78c3d,000081,61.631418,2026-08-31T19:09:50.945+00:00,2026-08-31T19:09:47.209+00:00,2026-08-31T19:09:47.213+00:00,2026-08-31T19:09:47.213+00:00,2026-08-31T19:09:47.503+00:00,2026-08-31T19:09:47.503+00:00,0.139218,0.2896363800009567,sqs-worker-5986dcd897-x8rdl,ip-192-168-20-201.ec2.internal,5b5fd335568110c9db752e89ef0ddd02ddd29ad9dedc6d8125d1bbbd69c57083,1,4.0,294.0
1,hpa-mmpp-202-e2c78c3d,000082,61.926645,2026-08-31T19:09:51.239+00:00,2026-08-31T19:09:47.505+00:00,2026-08-31T19:09:47.509+00:00,2026-08-31T19:09:47.509+00:00,2026-08-31T19:09:47.623+00:00,2026-08-31T19:09:47.623+00:00,0.057036,0.11405708200072695,sqs-worker-5986dcd897-bf4mh,ip-192-168-20-201.ec2.internal,a06365b14f9abb9721aae48e9e51b693dca3f09c2b9145140f15753042f919a4,1,4.0,118.0
1,hpa-mmpp-202-e2c78c3d,000083,66.674987,2026-08-31T19:09:55.989+00:00,2026-08-31T19:09:52.256+00:00,2026-08-31T19:09:52.260+00:00,2026-08-31T19:09:52.260+00:00,2026-08-31T19:09:52.291+00:00,2026-08-31T19:09:52.291+00:00,0.031441,0.031483614000535454,sqs-worker-5986dcd897-rwcrv,ip-192-168-20-201.ec2.internal,26f5d03a81c5c3a121750bc404b3ded0156b0f1708f1fc52a233c4e92be5b98c,1,4.0,35.0
1,hpa-mmpp-202-e2c78c3d,000084,67.100941,2026-08-31T19:09:56.411+00:00,2026-08-31T19:09:52.680+00:00,2026-08-31T19:09:52.685+00:00,2026-08-31T19:09:52.685+00:00,2026-08-31T19:09:52.690+00:00,2026-08-31T19:09:52.690+00:00,0.005,0.005039932999352459,sqs-worker-5986dcd897-bf4mh,ip-192-168-20-201.ec2.internal,3b01a216ba779340e3c96d7fafc79c8873386009061cf8ecde5235e0f5ccc329,1,5.0,10.0
1,hpa-mmpp-202-e2c78c3d,000085,67.233195,2026-08-31T19:09:56.542+00:00,2026-08-31T19:09:52.812+00:00,2026-08-31T19:09:52.816+00:00,2026-08-31T19:09:52.816+00:00,2026-08-31T19:09:53.097+00:00,2026-08-31T19:09:53.097+00:00,0.134497,0.28125192300103663,sqs-worker-5986dcd897-x8rdl,ip-192-168-20-201.ec2.internal,c1f2bd213cae5021b31fec78ad922f7ee81797f31ade5e37aee9b2a0b511f826,1,4.0,285.0
1,hpa-mmpp-202-e2c78c3d,000089,68.685814,2026-08-31T19:09:57.995+00:00,2026-08-31T19:09:54.264+00:00,2026-08-31T19:09:54.270+00:00,2026-08-31T19:09:54.270+00:00,2026-08-31T19:09:54.296+00:00,2026-08-31T19:09:54.296+00:00,0.019851,0.0261073209985625,sqs-worker-5986dcd897-x8rdl,ip-192-168-20-201.ec2.internal,809954a45a1dc93f13fc704d7c32cd0a79039546819c3301ca856e26b4dc4390,1,6.0,32.0
1,hpa-mmpp-202-e2c78c3d,000086,67.339312,2026-08-31T19:09:56.649+00:00,2026-08-31T19:09:52.916+00:00,2026-08-31T19:09:52.920+00:00,2026-08-31T19:09:52.920+00:00,2026-08-31T19:09:54.518+00:00,2026-08-31T19:09:54.518+00:00,0.346202,1.5980705279998801,sqs-worker-5986dcd897-rwcrv,ip-192-168-20-201.ec2.internal,cccdb828a1e4cc807f88099a1b95ebc9d845701f7921118c3f1a675d35d78639,1,4.0,1602.0
1,hpa-mmpp-202-e2c78c3d,000087,68.062918,2026-08-31T19:09:57.372+00:00,2026-08-31T19:09:53.641+00:00,2026-08-31T19:09:53.657+00:00,2026-08-31T19:09:53.657+00:00,2026-08-31T19:09:54.865+00:00,2026-08-31T19:09:54.865+00:00,0.253454,1.2087341130009008,sqs-worker-5986dcd897-5c6nb,ip-192-168-20-201.ec2.internal,65286cdf095b764feafa51e10b14ccb3191f2a928b11240e185be3c4dc6d2f3b,1,16.0,1224.0
1,hpa-mmpp-202-e2c78c3d,000091,69.189717,2026-08-31T19:09:58.499+00:00,2026-08-31T19:09:54.764+00:00,2026-08-31T19:09:54.769+00:00,2026-08-31T19:09:54.769+00:00,2026-08-31T19:09:54.895+00:00,2026-08-31T19:09:54.896+00:00,0.075655,0.126131147999331,sqs-worker-5986dcd897-bf4mh,ip-192-168-20-201.ec2.internal,087201524795fa44f054db0fa281099d3578005730c06a5e4f32bfc78dbec837,1,5.0,131.0
1,hpa-mmpp-202-e2c78c3d,000093,70.00451,2026-08-31T19:09:59.314+00:00,2026-08-31T19:09:55.581+00:00,2026-08-31T19:09:55.585+00:00,2026-08-31T19:09:55.585+00:00,2026-08-31T19:09:55.599+00:00,2026-08-31T19:09:55.599+00:00,0.013371,0.013426471999991918,sqs-worker-5986dcd897-bf4mh,ip-192-168-20-201.ec2.internal,93da6c4bada58529629893b5aad5d33617871a73fda776ebdab87b8eef662d38,1,4.0,18.0
1,hpa-mmpp-202-e2c78c3d,000088,68.674564,2026-08-31T19:09:57.985+00:00,2026-08-31T19:09:54.249+00:00,2026-08-31T19:09:54.253+00:00,2026-08-31T19:09:54.253+00:00,2026-08-31T19:09:54.462+00:00,2026-08-31T19:09:54.462+00:00,0.086529,0.20869135599969013,sqs-worker-5986dcd897-bf4mh,ip-192-168-20-201.ec2.internal,b4d16dc7937e3aee1cfef30fce0375c42762433d328236cb2a4be6c6f0e78195,1,4.0,213.0
1,hpa-mmpp-202-e2c78c3d,000092,69.936427,2026-08-31T19:09:59.246+00:00,2026-08-31T19:09:55.517+00:00,2026-08-31T19:09:55.521+00:00,2026-08-31T19:09:55.521+00:00,2026-08-31T19:09:55.990+00:00,2026-08-31T19:09:55.990+00:00,0.207783,0.46964665099949343,sqs-worker-5986dcd897-x8rdl,ip-192-168-20-201.ec2.internal,b07bfe5366b13eacea0fc2c03348178f6b458062707b6b3198b61e26eb2b96b2,1,4.0,473.0
1,hpa-mmpp-202-e2c78c3d,000095,70.424674,2026-08-31T19:09:59.734+00:00,2026-08-31T19:09:56.002+00:00,2026-08-31T19:09:56.012+00:00,2026-08-31T19:09:56.012+00:00,2026-08-31T19:09:56.049+00:00,2026-08-31T19:09:56.049+00:00,0.036698,0.03687876299954951,sqs-worker-5986dcd897-5c6nb,ip-192-168-20-201.ec2.internal,7681aaaee870b6968487c62b90c1d20672c251112f1eec3e87cad1d32968135e,1,10.0,47.0
1,hpa-mmpp-202-e2c78c3d,000090,69.089016,2026-08-31T19:09:58.399+00:00,2026-08-31T19:09:54.666+00:00,2026-08-31T19:09:54.675+00:00,2026-08-31T19:09:54.675+00:00,2026-08-31T19:09:56.542+00:00,2026-08-31T19:09:56.542+00:00,0.506023,1.8665938479989563,sqs-worker-5986dcd897-rwcrv,ip-192-168-20-201.ec2.internal,cf2500c831f995062ddc7856ba1cb01b1707b14c19b0dd9c98ef5a0bd97edafa,1,9.0,1876.0
1,hpa-mmpp-202-e2c78c3d,000099,71.070457,2026-08-31T19:10:00.380+00:00,2026-08-31T19:09:56.645+00:00,2026-08-31T19:09:56.668+00:00,2026-08-31T19:09:56.668+00:00,2026-08-31T19:09:56.785+00:00,2026-08-31T19:09:56.785+00:00,0.065521,0.11663343500003975,sqs-worker-5986dcd897-5c6nb,ip-192-168-20-201.ec2.internal,dcbe82d767322e0164ce31289ad8f4565b102da7cdb69960ecdd421df13e7fdc,1,23.0,140.0
1,hpa-mmpp-202-e2c78c3d,000098,70.965708,2026-08-31T19:10:00.275+00:00,2026-08-31T19:09:56.556+00:00,2026-08-31T19:09:56.582+00:00,2026-08-31T19:09:56.582+00:00,2026-08-31T19:09:57.517+00:00,2026-08-31T19:09:57.517+00:00,0.372359,0.9350195370006986,sqs-worker-5986dcd897-rwcrv,ip-192-168-20-201.ec2.internal,7de1fcc19dea7c81ca4641c65af8979ae73962b8bbccd6236af23be028c5e10c,1,26.0,961.0
1,hpa-mmpp-202-e2c78c3d,000100,71.220841,2026-08-31T19:10:00.530+00:00,2026-08-31T19:09:56.797+00:00,2026-08-31T19:09:56.801+00:00,2026-08-31T19:09:56.801+00:00,2026-08-31T19:09:57.039+00:00,2026-08-31T19:09:57.039+00:00,0.103845,0.23852415699911944,sqs-worker-5986dcd897-bf4mh,ip-192-168-20-201.ec2.internal,36782ae68da5a79ca296479586211e20616e21616715996feeca12b25aa2c9c4,1,4.0,242.0
1,hpa-mmpp-202-e2c78c3d,000096,70.900313,2026-08-31T19:10:00.210+00:00,2026-08-31T19:09:56.476+00:00,2026-08-31T19:09:56.482+00:00,2026-08-31T19:09:56.482+00:00,2026-08-31T19:09:57.122+00:00,2026-08-31T19:09:57.122+00:00,0.27557,0.6404846360001102,sqs-worker-5986dcd897-x8rdl,ip-192-168-20-201.ec2.internal,fb586bfa25a25b59f3366ef5dfc8d702e8e5ebf086fc19939df259497b600022,1,6.0,646.0
1,hpa-mmpp-202-e2c78c3d,000105,72.059878,2026-08-31T19:10:01.369+00:00,2026-08-31T19:09:57.637+00:00,2026-08-31T19:09:57.642+00:00,2026-08-31T19:09:57.642+00:00,2026-08-31T19:09:57.667+00:00,2026-08-31T19:09:57.667+00:00,0.025048,0.025216971000190824,sqs-worker-5986dcd897-rwcrv,ip-192-168-20-201.ec2.internal,9150fccfc5059d9cc6e10592800eec364edf3099cb1efd33e0b722b8be394dd3,1,5.0,30.0
1,hpa-mmpp-202-e2c78c3d,000102,71.666768,2026-08-31T19:10:00.978+00:00,2026-08-31T19:09:57.248+00:00,2026-08-31T19:09:57.251+00:00,2026-08-31T19:09:57.251+00:00,2026-08-31T19:09:57.704+00:00,2026-08-31T19:09:57.704+00:00,0.202952,0.453088962000038,sqs-worker-5986dcd897-x8rdl,ip-192-168-20-201.ec2.internal,a9bad0c078a3cf2062d95cad15e677bf6b499dc6927749035261f3360cd2f9fd,1,3.0,456.0
1,hpa-mmpp-202-e2c78c3d,000106,72.547493,2026-08-31T19:10:01.857+00:00,2026-08-31T19:09:58.127+00:00,2026-08-31T19:09:58.133+00:00,2026-08-31T19:09:58.133+00:00,2026-08-31T19:09:58.150+00:00,2026-08-31T19:09:58.150+00:00,0.016373,0.016414244999396033,sqs-worker-5986dcd897-5c6nb,ip-192-168-20-201.ec2.internal,661194eec39f72ca9ce2b5e7e9cf401aff55455b14acb6109d56fe90b661ce84,1,6.0,23.0
1,hpa-mmpp-202-e2c78c3d,000097,70.931058,2026-08-31T19:10:00.240+00:00,2026-08-31T19:09:56.506+00:00,2026-08-31T19:09:56.510+00:00,2026-08-31T19:09:56.510+00:00,2026-08-31T19:09:56.652+00:00,2026-08-31T19:09:56.652+00:00,0.075323,0.1420305810006539,sqs-worker-5986dcd897-5c6nb,ip-192-168-20-201.ec2.internal,0f0211994fab62096a684963403c199e3a911184c8643c56bf710caf1054c5c3,1,4.0,146.0
1,hpa-mmpp-202-e2c78c3d,000094,70.237931,2026-08-31T19:09:59.547+00:00,2026-08-31T19:09:55.815+00:00,2026-08-31T19:09:55.823+00:00,2026-08-31T19:09:55.823+00:00,2026-08-31T19:09:56.736+00:00,2026-08-31T19:09:56.736+00:00,0.377371,0.9129868559994065,sqs-worker-5986dcd897-bf4mh,ip-192-168-20-201.ec2.internal,68e10091957c28cabee6a3e21f3890860f7d419f44f561cb4fe09a3e007c84f2,1,8.0,921.0
1,hpa-mmpp-202-e2c78c3d,000101,71.268142,2026-08-31T19:10:00.577+00:00,2026-08-31T19:09:56.844+00:00,2026-08-31T19:09:56.848+00:00,2026-08-31T19:09:56.848+00:00,2026-08-31T19:09:57.471+00:00,2026-08-31T19:09:57.471+00:00,0.259995,0.6231452310003078,sqs-worker-5986dcd897-5c6nb,ip-192-168-20-201.ec2.internal,4cf7d65643c2d2c7a846cb57d221396b72ef5e48e17c4a02e01b89b2f7bf8d8c,1,4.0,627.0
1,hpa-mmpp-202-e2c78c3d,000104,71.933498,2026-08-31T19:10:01.243+00:00,2026-08-31T19:09:57.510+00:00,2026-08-31T19:09:57.516+00:00,2026-08-31T19:09:57.518+00:00,2026-08-31T19:09:57.676+00:00,2026-08-31T19:09:57.676+00:00,0.073011,0.16061053500015987,sqs-worker-5986dcd897-5c6nb,ip-192-168-20-201.ec2.internal,f3b1646ae77cf9de674398f7cbd9d45c10274547941de08b301475ea3b44dac1,1,6.0,166.0
1,hpa-mmpp-202-e2c78c3d,000103,71.892089,2026-08-31T19:10:01.201+00:00,2026-08-31T19:09:57.471+00:00,2026-08-31T19:09:57.474+00:00,2026-08-31T19:09:57.474+00:00,2026-08-31T19:09:58.359+00:00,2026-08-31T19:09:58.359+00:00,0.310373,0.8851487779993477,sqs-worker-5986dcd897-bf4mh,ip-192-168-20-201.ec2.internal,b33d9de20ffee76c25e4e75bc0073772341fb0139601dfa155c9d69c562d639d,1,3.0,888.0
1,hpa-mmpp-202-e2c78c3d,000107,74.245714,2026-08-31T19:10:03.557+00:00,2026-08-31T19:09:59.825+00:00,2026-08-31T19:09:59.828+00:00,2026-08-31T19:09:59.828+00:00,2026-08-31T19:10:00.372+00:00,2026-08-31T19:10:00.372+00:00,0.239796,0.5436894560007204,sqs-worker-5986dcd897-5c6nb,ip-192-168-20-201.ec2.internal,ca01659295c2f669451b15967595ae8832d1ad9c58326820194b9f1a031d599a,1,3.0,547.0
1,hpa-mmpp-202-e2c78c3d,000108,75.379063,2026-08-31T19:10:04.688+00:00,2026-08-31T19:10:00.954+00:00,2026-08-31T19:10:00.965+00:00,2026-08-31T19:10:00.965+00:00,2026-08-31T19:10:01.303+00:00,2026-08-31T19:10:01.303+00:00,0.160024,0.33749244499995257,sqs-worker-5986dcd897-x8rdl,ip-192-168-20-201.ec2.internal,4b70785ce8e327d3a58b9b3049e4ee95eb394d9bc13f1e7bb1881085f7738ad2,1,11.0,349.0
1,hpa-mmpp-202-e2c78c3d,000109,75.89394,2026-08-31T19:10:05.204+00:00,2026-08-31T19:10:01.478+00:00,2026-08-31T19:10:01.482+00:00,2026-08-31T19:10:01.482+00:00,2026-08-31T19:10:01.686+00:00,2026-08-31T19:10:01.686+00:00,0.114973,0.2032022399998823,sqs-worker-5986dcd897-bf4mh,ip-192-168-20-201.ec2.internal,155aa4bb724b5320126c3f5f200351c22d083e78172efe24f3cae09be05a4fdf,1,4.0,208.0
1,hpa-mmpp-202-e2c78c3d,000113,77.197478,2026-08-31T19:10:06.507+00:00,2026-08-31T19:10:02.773+00:00,2026-08-31T19:10:02.776+00:00,2026-08-31T19:10:02.776+00:00,2026-08-31T19:10:02.814+00:00,2026-08-31T19:10:02.814+00:00,0.026581,0.03742164799950842,sqs-worker-5986dcd897-x8rdl,ip-192-168-20-201.ec2.internal,a0659acc0a73f252baa5fdd53301876a24352f698cf8a5a28f8b4a99dffa463e,1,3.0,41.0
1,hpa-mmpp-202-e2c78c3d,000111,76.882729,2026-08-31T19:10:06.193+00:00,2026-08-31T19:10:02.476+00:00,2026-08-31T19:10:02.483+00:00,2026-08-31T19:10:02.483+00:00,2026-08-31T19:10:02.956+00:00,2026-08-31T19:10:02.956+00:00,0.205548,0.47302045700052986,sqs-worker-5986dcd897-bf4mh,ip-192-168-20-201.ec2.internal,47b830b09de075b18dea3d59f93a9e6347044c8d0ffc7882061a91aad1f229f7,1,7.0,480.0
1,hpa-mmpp-202-e2c78c3d,000114,77.423672,2026-08-31T19:10:06.733+00:00,2026-08-31T19:10:03.017+00:00,2026-08-31T19:10:03.021+00:00,2026-08-31T19:10:03.021+00:00,2026-08-31T19:10:03.031+00:00,2026-08-31T19:10:03.031+00:00,0.010213,0.01027763699858042,sqs-worker-5986dcd897-bf4mh,ip-192-168-20-201.ec2.internal,b66da33f45721b401e6ff9b3d359224c93e9e204cdfb55f38964fb4a8e40310f,1,4.0,14.0
1,hpa-mmpp-202-e2c78c3d,000116,77.576206,2026-08-31T19:10:06.885+00:00,2026-08-31T19:10:03.152+00:00,2026-08-31T19:10:03.155+00:00,2026-08-31T19:10:03.155+00:00,2026-08-31T19:10:03.376+00:00,2026-08-31T19:10:03.376+00:00,0.090346,0.22135125800014066,sqs-worker-5986dcd897-x8rdl,ip-192-168-20-201.ec2.internal,ddb9d62120b5be980a3898421dcca8bcac3ac0224a73fd86028f30157e355205,1,3.0,224.0
1,hpa-mmpp-202-e2c78c3d,000117,77.662602,2026-08-31T19:10:06.972+00:00,2026-08-31T19:10:03.238+00:00,2026-08-31T19:10:03.401+00:00,2026-08-31T19:10:03.401+00:00,2026-08-31T19:10:03.501+00:00,2026-08-31T19:10:03.501+00:00,0.059694,0.09989882099944225,sqs-worker-5986dcd897-x8rdl,ip-192-168-20-201.ec2.internal,77c7b953f0889f75d5190a110757d0779ebde7ba32013a36828a7fc93522e223,1,163.0,263.0
1,hpa-mmpp-202-e2c78c3d,000118,77.843568,2026-08-31T19:10:07.153+00:00,2026-08-31T19:10:03.418+00:00,2026-08-31T19:10:03.525+00:00,2026-08-31T19:10:03.525+00:00,2026-08-31T19:10:04.129+00:00,2026-08-31T19:10:04.129+00:00,0.242902,0.6036919879989,sqs-worker-5986dcd897-x8rdl,ip-192-168-20-201.ec2.internal,ae6eafa278b975a67e236106f9895781a9cbf390bd8d0333e3e6e9f82ed40764,1,107.0,711.0
1,hpa-mmpp-202-e2c78c3d,000115,77.523074,2026-08-31T19:10:06.832+00:00,2026-08-31T19:10:03.105+00:00,2026-08-31T19:10:03.108+00:00,2026-08-31T19:10:03.108+00:00,2026-08-31T19:10:04.386+00:00,2026-08-31T19:10:04.386+00:00,0.533565,1.2773030529988318,sqs-worker-5986dcd897-bf4mh,ip-192-168-20-201.ec2.internal,cf076b79c8f8bfff6bb902cd8db57b2118fb32ccae9fb9882261f8776adf21d5,1,3.0,1281.0
1,hpa-mmpp-202-e2c78c3d,000119,78.1286,2026-08-31T19:10:07.438+00:00,2026-08-31T19:10:03.701+00:00,2026-08-31T19:10:04.158+00:00,2026-08-31T19:10:04.158+00:00,2026-08-31T19:10:04.378+00:00,2026-08-31T19:10:04.378+00:00,0.084606,0.22063322399844765,sqs-worker-5986dcd897-x8rdl,ip-192-168-20-201.ec2.internal,a0bf1f99f2071578c269343035cafd4773d748b3278521118a7636f7770e3b99,1,457.0,677.0
1,hpa-mmpp-202-e2c78c3d,000120,78.326177,2026-08-31T19:10:07.636+00:00,2026-08-31T19:10:03.899+00:00,2026-08-31T19:10:04.392+00:00,2026-08-31T19:10:04.392+00:00,2026-08-31T19:10:04.398+00:00,2026-08-31T19:10:04.398+00:00,0.005692,0.005725437000364764,sqs-worker-5986dcd897-x8rdl,ip-192-168-20-201.ec2.internal,a5b56bd4fb0ce7455e48273293929178969a6081d64cbc2fd505b10db339bff3,1,493.0,499.0
1,hpa-mmpp-202-e2c78c3d,000110,76.820265,2026-08-31T19:10:06.130+00:00,2026-08-31T19:10:02.406+00:00,2026-08-31T19:10:02.410+00:00,2026-08-31T19:10:02.410+00:00,2026-08-31T19:10:04.422+00:00,2026-08-31T19:10:04.422+00:00,0.581413,2.0122443239997665,sqs-worker-5986dcd897-rwcrv,ip-192-168-20-201.ec2.internal,ad8a409b48bcd8b7d20b87786e43c8f508202539f6fe38c94df99f2dc1a8964b,1,4.0,2016.0
1,hpa-mmpp-202-e2c78c3d,000123,78.617438,2026-08-31T19:10:07.927+00:00,2026-08-31T19:10:04.198+00:00,2026-08-31T19:10:04.445+00:00,2026-08-31T19:10:04.445+00:00,2026-08-31T19:10:05.013+00:00,2026-08-31T19:10:05.013+00:00,0.12298,0.5679743649998272,sqs-worker-5986dcd897-rwcrv,ip-192-168-20-201.ec2.internal,6d80c16707d17b728957f5f0746283fb56b4822565332e6c5e6b1943952b787d,1,247.0,815.0
1,hpa-mmpp-202-e2c78c3d,000129,79.936481,2026-08-31T19:10:09.246+00:00,2026-08-31T19:10:05.515+00:00,2026-08-31T19:10:05.557+00:00,2026-08-31T19:10:05.557+00:00,2026-08-31T19:10:05.671+00:00,2026-08-31T19:10:05.671+00:00,0.044081,0.11391222000020207,sqs-worker-5986dcd897-5c6nb,ip-192-168-20-201.ec2.internal,5e31f1f6d70ca07a53c2f8b2c5184a614bd44fd503c2503510c9ad77a6131b4f,1,42.0,156.0
1,hpa-mmpp-202-e2c78c3d,000127,79.248926,2026-08-31T19:10:08.558+00:00,2026-08-31T19:10:04.830+00:00,2026-08-31T19:10:05.037+00:00,2026-08-31T19:10:05.037+00:00,2026-08-31T19:10:05.208+00:00,2026-08-31T19:10:05.208+00:00,0.026848,0.17139969599884353,sqs-worker-5986dcd897-rwcrv,ip-192-168-20-201.ec2.internal,779ef7790bc12377281b16890be6531ebca5398e493562517f7274aa21680da0,1,207.0,378.0
1,hpa-mmpp-202-e2c78c3d,000125,79.102022,2026-08-31T19:10:08.411+00:00,2026-08-31T19:10:04.677+00:00,2026-08-31T19:10:04.769+00:00,2026-08-31T19:10:04.769+00:00,2026-08-31T19:10:05.267+00:00,2026-08-31T19:10:05.267+00:00,0.122101,0.4986936830009654,sqs-worker-5986dcd897-5c6nb,ip-192-168-20-201.ec2.internal,7acb7e67a847c1b66319a95aaf82f3f5292967fd973411c48a949d287bd1e6e7,1,92.0,590.0
1,hpa-mmpp-202-e2c78c3d,000128,79.82268,2026-08-31T19:10:09.132+00:00,2026-08-31T19:10:05.402+00:00,2026-08-31T19:10:05.406+00:00,2026-08-31T19:10:05.406+00:00,2026-08-31T19:10:05.806+00:00,2026-08-31T19:10:05.806+00:00,0.182587,0.40016205000029004,sqs-worker-5986dcd897-x8rdl,ip-192-168-20-201.ec2.internal,42e11efd6ffeba46644e3941ff91ce3b2277e6abe2859e682455f0e9d961ec9c,1,4.0,404.0
1,hpa-mmpp-202-e2c78c3d,000112,76.938683,2026-08-31T19:10:06.248+00:00,2026-08-31T19:10:02.523+00:00,2026-08-31T19:10:02.527+00:00,2026-08-31T19:10:02.527+00:00,2026-08-31T19:10:04.747+00:00,2026-08-31T19:10:04.747+00:00,0.55718,2.2202323639994574,sqs-worker-5986dcd897-5c6nb,ip-192-168-20-201.ec2.internal,2157e4207991578def481917375b1600e07883599e049e1948863bfbbe88845e,1,4.0,2224.0
1,hpa-mmpp-202-e2c78c3d,000121,78.56544,2026-08-31T19:10:07.875+00:00,2026-08-31T19:10:04.143+00:00,2026-08-31T19:10:04.410+00:00,2026-08-31T19:10:04.410+00:00,2026-08-31T19:10:05.297+00:00,2026-08-31T19:10:05.298+00:00,0.355395,0.887422707000951,sqs-worker-5986dcd897-x8rdl,ip-192-168-20-201.ec2.internal,05e0b3d07378a36953f5987b3aaecfc4ce9e8fb69481b7c18125d8a7fe2650a1,1,267.0,1154.0
1,hpa-mmpp-202-e2c78c3d,000132,80.310701,2026-08-31T19:10:09.620+00:00,2026-08-31T19:10:05.883+00:00,2026-08-31T19:10:05.886+00:00,2026-08-31T19:10:05.886+00:00,2026-08-31T19:10:06.528+00:00,2026-08-31T19:10:06.528+00:00,0.275728,0.6420202350000181,sqs-worker-5986dcd897-x8rdl,ip-192-168-20-201.ec2.internal,13807bf3281ae44ad376a2ee48b8d016550c8ef91be9a662fc53e11589df3a00,1,3.0,645.0
1,hpa-mmpp-202-e2c78c3d,000133,80.341263,2026-08-31T19:10:09.650+00:00,2026-08-31T19:10:05.914+00:00,2026-08-31T19:10:06.135+00:00,2026-08-31T19:10:06.135+00:00,2026-08-31T19:10:06.551+00:00,2026-08-31T19:10:06.551+00:00,0.165081,0.41594971400081704,sqs-worker-5986dcd897-bf4mh,ip-192-168-20-201.ec2.internal,2f3c33cb4d6ee428342f6ae3e763bab44b62b9145dd3e1c42bc0de7a7625b726,1,221.0,637.0
1,hpa-mmpp-202-e2c78c3d,000134,80.807395,2026-08-31T19:10:10.117+00:00,2026-08-31T19:10:06.393+00:00,2026-08-31T19:10:06.477+00:00,2026-08-31T19:10:06.477+00:00,2026-08-31T19:10:06.657+00:00,2026-08-31T19:10:06.657+00:00,0.073112,0.17986392800048634,sqs-worker-5986dcd897-5c6nb,ip-192-168-20-201.ec2.internal,fd78c9db3870a30fdfbdd57211ff3b6d38b86d476b18ce94506e8c61e80d5c62,1,84.0,264.0
1,hpa-mmpp-202-e2c78c3d,000124,78.957955,2026-08-31T19:10:08.267+00:00,2026-08-31T19:10:04.539+00:00,2026-08-31T19:10:05.310+00:00,2026-08-31T19:10:05.310+00:00,2026-08-31T19:10:06.431+00:00,2026-08-31T19:10:06.431+00:00,0.249426,1.1205791979991773,sqs-worker-5986dcd897-rwcrv,ip-192-168-20-201.ec2.internal,403a74c8b8f078063489442b78dac1c1f05cafbf758015cf575cb6e92f5739d9,1,771.0,1892.0
1,hpa-mmpp-202-e2c78c3d,000131,80.265666,2026-08-31T19:10:09.575+00:00,2026-08-31T19:10:05.844+00:00,2026-08-31T19:10:05.849+00:00,2026-08-31T19:10:05.849+00:00,2026-08-31T19:10:06.460+00:00,2026-08-31T19:10:06.460+00:00,0.14671,0.6108277599996654,sqs-worker-5986dcd897-5c6nb,ip-192-168-20-201.ec2.internal,bf2d6c8aee8836a87b0f74a65008ced8a9abf915fa71eb5821fdbb6ccbcc7ec0,1,5.0,616.0
1,hpa-mmpp-202-e2c78c3d,000130,80.078495,2026-08-31T19:10:09.388+00:00,2026-08-31T19:10:06.171+00:00,2026-08-31T19:10:06.526+00:00,2026-08-31T19:10:06.526+00:00,2026-08-31T19:10:07.353+00:00,2026-08-31T19:10:07.353+00:00,0.339597,0.8269063930001721,sqs-worker-5986dcd897-rwcrv,ip-192-168-20-201.ec2.internal,01a41c1f6524a26a43d5296e04c13662336e531e34db2230795ae0920259ab01,1,355.0,1182.0
1,hpa-mmpp-202-e2c78c3d,000122,78.60352,2026-08-31T19:10:07.914+00:00,2026-08-31T19:10:04.182+00:00,2026-08-31T19:10:04.450+00:00,2026-08-31T19:10:04.451+00:00,2026-08-31T19:10:05.067+00:00,2026-08-31T19:10:05.067+00:00,0.257067,0.6169591010002478,sqs-worker-5986dcd897-bf4mh,ip-192-168-20-201.ec2.internal,ec87488a9ba0f3cf385a154807ec4e3a01952311a7fd6f1c026eca38c09d8c47,1,268.0,885.0
1,hpa-mmpp-202-e2c78c3d,000126,79.228725,2026-08-31T19:10:08.538+00:00,2026-08-31T19:10:04.804+00:00,2026-08-31T19:10:05.096+00:00,2026-08-31T19:10:05.096+00:00,2026-08-31T19:10:06.091+00:00,2026-08-31T19:10:06.091+00:00,0.406953,0.9947769020000123,sqs-worker-5986dcd897-bf4mh,ip-192-168-20-201.ec2.internal,e8e919f7b9c1f34f8e8bbc4b1c0c3fe714092591b9129b44e3f5137d5ab00f8c,1,292.0,1287.0
1,hpa-mmpp-202-e2c78c3d,000138,82.81752,2026-08-31T19:10:12.127+00:00,2026-08-31T19:10:08.392+00:00,2026-08-31T19:10:08.400+00:00,2026-08-31T19:10:08.400+00:00,2026-08-31T19:10:08.516+00:00,2026-08-31T19:10:08.516+00:00,0.055378,0.11595822399976896,sqs-worker-5986dcd897-rwcrv,ip-192-168-20-201.ec2.internal,712de6074ec63b2a57fe0d55e6d4c3e36751bdb9c6e295a41aa77db63965d03b,1,8.0,124.0
1,hpa-mmpp-202-e2c78c3d,000139,83.12455,2026-08-31T19:10:12.434+00:00,2026-08-31T19:10:08.704+00:00,2026-08-31T19:10:08.711+00:00,2026-08-31T19:10:08.711+00:00,2026-08-31T19:10:09.342+00:00,2026-08-31T19:10:09.342+00:00,0.266413,0.6306983110007423,sqs-worker-5986dcd897-rwcrv,ip-192-168-20-201.ec2.internal,72a5d20fea29530e0f50e48eb2298256989efc746daa67cc45fa4364f934e73d,1,7.0,638.0
1,hpa-mmpp-202-e2c78c3d,000135,80.899724,2026-08-31T19:10:10.209+00:00,2026-08-31T19:10:06.476+00:00,2026-08-31T19:10:06.586+00:00,2026-08-31T19:10:06.586+00:00,2026-08-31T19:10:08.817+00:00,2026-08-31T19:10:08.817+00:00,0.91259,2.2309235989996523,sqs-worker-5986dcd897-x8rdl,ip-192-168-20-201.ec2.internal,4b1cd5bd3ddaf23d3843d18a6c53aa537c55e310f0f4a39eadb238198474c5c6,1,110.0,2341.0
1,hpa-mmpp-202-e2c78c3d,000141,83.322305,2026-08-31T19:10:12.632+00:00,2026-08-31T19:10:08.901+00:00,2026-08-31T19:10:08.905+00:00,2026-08-31T19:10:08.905+00:00,2026-08-31T19:10:09.194+00:00,2026-08-31T19:10:09.194+00:00,0.129289,0.2891762220006058,sqs-worker-5986dcd897-x8rdl,ip-192-168-20-201.ec2.internal,4a9eb833c51092c7c3424ea6d8dbb48af7b161d418b06aba7b4fbc476db85582,1,4.0,293.0
1,hpa-mmpp-202-e2c78c3d,000137,82.685707,2026-08-31T19:10:11.995+00:00,2026-08-31T19:10:08.261+00:00,2026-08-31T19:10:08.267+00:00,2026-08-31T19:10:08.267+00:00,2026-08-31T19:10:08.760+00:00,2026-08-31T19:10:08.760+00:00,0.079056,0.4930026580004778,sqs-worker-5986dcd897-bf4mh,ip-192-168-20-201.ec2.internal,2080bb1ea0c189f0da32362b37c3803c31a72cfc7a322e88da717889b763e4cc,1,6.0,499.0
1,hpa-mmpp-202-e2c78c3d,000142,83.629292,2026-08-31T19:10:12.939+00:00,2026-08-31T19:10:09.202+00:00,2026-08-31T19:10:09.228+00:00,2026-08-31T19:10:09.229+00:00,2026-08-31T19:10:09.497+00:00,2026-08-31T19:10:09.497+00:00,0.119545,0.2681517000000895,sqs-worker-5986dcd897-x8rdl,ip-192-168-20-201.ec2.internal,1d590884e4383b454b4d746c92982c8f787735439dad0d894c31e90cf30b0030,1,26.0,295.0
1,hpa-mmpp-202-e2c78c3d,000144,83.957947,2026-08-31T19:10:13.267+00:00,2026-08-31T19:10:09.532+00:00,2026-08-31T19:10:09.537+00:00,2026-08-31T19:10:09.537+00:00,2026-08-31T19:10:09.794+00:00,2026-08-31T19:10:09.794+00:00,0.100563,0.25690698600010364,sqs-worker-5986dcd897-x8rdl,ip-192-168-20-201.ec2.internal,255339bd6e9fd9e94e8e0989e5ebe5cfe54191617883b4cb26f332c600c5737f,1,5.0,262.0
1,hpa-mmpp-202-e2c78c3d,000136,82.427306,2026-08-31T19:10:11.738+00:00,2026-08-31T19:10:08.002+00:00,2026-08-31T19:10:08.008+00:00,2026-08-31T19:10:08.008+00:00,2026-08-31T19:10:10.461+00:00,2026-08-31T19:10:10.461+00:00,1.0,2.4529363729998295,sqs-worker-5986dcd897-5c6nb,ip-192-168-20-201.ec2.internal,9a28155a274f0f307080abaf8e7fc40bda79dc38187be6bf780cef84474a8f74,1,6.0,2459.0
1,hpa-mmpp-202-e2c78c3d,000146,84.023097,2026-08-31T19:10:13.332+00:00,2026-08-31T19:10:09.595+00:00,2026-08-31T19:10:10.315+00:00,2026-08-31T19:10:10.315+00:00,2026-08-31T19:10:11.113+00:00,2026-08-31T19:10:11.113+00:00,0.324648,0.7980702340009884,sqs-worker-5986dcd897-rwcrv,ip-192-168-20-201.ec2.internal,8e994b9ea3dfddc66ab59504e0c168f309e33d6960e734284b6b86e46c863fb7,1,720.0,1518.0
1,hpa-mmpp-202-e2c78c3d,000147,84.10903,2026-08-31T19:10:13.418+00:00,2026-08-31T19:10:09.686+00:00,2026-08-31T19:10:09.853+00:00,2026-08-31T19:10:09.853+00:00,2026-08-31T19:10:10.253+00:00,2026-08-31T19:10:10.253+00:00,0.170423,0.3994354200003727,sqs-worker-5986dcd897-rwcrv,ip-192-168-20-201.ec2.internal,febaf99e206594c2aeafa394b7b3e997b422af1ad5bc244b1edf542c30f5c42d,1,167.0,567.0
1,hpa-mmpp-202-e2c78c3d,000140,83.181472,2026-08-31T19:10:12.491+00:00,2026-08-31T19:10:08.754+00:00,2026-08-31T19:10:08.821+00:00,2026-08-31T19:10:08.821+00:00,2026-08-31T19:10:10.772+00:00,2026-08-31T19:10:10.772+00:00,0.358403,1.9507254750005814,sqs-worker-5986dcd897-bf4mh,ip-192-168-20-201.ec2.internal,ff775d36c3ad1dc7adce46c0460e4035eabfc9151167878f3a09f11694ec32c4,1,67.0,2017.9999999999998
1,hpa-mmpp-202-e2c78c3d,000151,85.019362,2026-08-31T19:10:14.329+00:00,2026-08-31T19:10:10.599+00:00,2026-08-31T19:10:10.878+00:00,2026-08-31T19:10:10.878+00:00,2026-08-31T19:10:11.528+00:00,2026-08-31T19:10:11.528+00:00,0.264223,0.6504708730008133,sqs-worker-5986dcd897-bf4mh,ip-192-168-20-201.ec2.internal,aef8cbe10fd4abe36f2f1eeaa4900583c4ba7bfb94a511bdadaeb121c1adbbaf,1,279.0,929.0
1,hpa-mmpp-202-e2c78c3d,000143,83.782787,2026-08-31T19:10:13.092+00:00,2026-08-31T19:10:09.358+00:00,2026-08-31T19:10:09.369+00:00,2026-08-31T19:10:09.369+00:00,2026-08-31T19:10:09.836+00:00,2026-08-31T19:10:09.836+00:00,0.190992,0.46745399099927454,sqs-worker-5986dcd897-rwcrv,ip-192-168-20-201.ec2.internal,18a6239e33bd6ccb9236c30e854db5910c349b0b5c3f7376d549964965c1738d,1,11.0,478.0
1,hpa-mmpp-202-e2c78c3d,000145,83.965854,2026-08-31T19:10:13.275+00:00,2026-08-31T19:10:09.539+00:00,2026-08-31T19:10:09.886+00:00,2026-08-31T19:10:09.886+00:00,2026-08-31T19:10:10.103+00:00,2026-08-31T19:10:10.103+00:00,0.044533,0.2162698520005506,sqs-worker-5986dcd897-x8rdl,ip-192-168-20-201.ec2.internal,574e99c5eeb2b608ffb77a67a22b6d5242243152ddabc7b24ede3b4750e21062,1,347.0,564.0
1,hpa-mmpp-202-e2c78c3d,000148,84.462616,2026-08-31T19:10:13.772+00:00,2026-08-31T19:10:10.036+00:00,2026-08-31T19:10:10.211+00:00,2026-08-31T19:10:10.211+00:00,2026-08-31T19:10:10.484+00:00,2026-08-31T19:10:10.484+00:00,0.063512,0.2732269530006306,sqs-worker-5986dcd897-x8rdl,ip-192-168-20-201.ec2.internal,7e438255105ed9ae4d46fc8dec47d0b3d4142214bd5790a19dc06ab27bcac766,1,175.0,448.0
1,hpa-mmpp-202-e2c78c3d,000150,84.872755,2026-08-31T19:10:14.182+00:00,2026-08-31T19:10:10.446+00:00,2026-08-31T19:10:10.485+00:00,2026-08-31T19:10:10.485+00:00,2026-08-31T19:10:11.078+00:00,2026-08-31T19:10:11.078+00:00,0.253403,0.5930480859988165,sqs-worker-5986dcd897-5c6nb,ip-192-168-20-201.ec2.internal,868f97bdad12dfec25d9482538ff26d31e977fcd54b582345f0c71be8f5a8406,1,39.0,632.0
1,hpa-mmpp-202-e2c78c3d,000149,84.594241,2026-08-31T19:10:13.904+00:00,2026-08-31T19:10:10.167+00:00,2026-08-31T19:10:10.586+00:00,2026-08-31T19:10:10.587+00:00,2026-08-31T19:10:11.189+00:00,2026-08-31T19:10:11.189+00:00,0.136024,0.6022503949989186,sqs-worker-5986dcd897-x8rdl,ip-192-168-20-201.ec2.internal,a5b71538f55116fcac6256f3bb8d7f2173d53f30efa040312e1fe32a0a478c02,1,419.0,1022.0
1,hpa-mmpp-202-e2c78c3d,000152,85.254102,2026-08-31T19:10:14.563+00:00,2026-08-31T19:10:10.833+00:00,2026-08-31T19:10:11.119+00:00,2026-08-31T19:10:11.119+00:00,2026-08-31T19:10:11.263+00:00,2026-08-31T19:10:11.263+00:00,0.064891,0.14417060000050697,sqs-worker-5986dcd897-5c6nb,ip-192-168-20-201.ec2.internal,a170c30efe97d86d7f43d2eee02ff37370329ca8cb89c7e081c0c31cbced3f63,1,286.0,430.0
1,hpa-mmpp-202-e2c78c3d,000154,85.82039,2026-08-31T19:10:15.130+00:00,2026-08-31T19:10:11.393+00:00,2026-08-31T19:10:11.417+00:00,2026-08-31T19:10:11.417+00:00,2026-08-31T19:10:12.803+00:00,2026-08-31T19:10:12.803+00:00,0.288431,1.3863986199994542,sqs-worker-5986dcd897-x8rdl,ip-192-168-20-201.ec2.internal,4cb2f7c8554c738a5c7980e672e6a1dab00496257fc0b7bfa64db8ffe81c590d,1,24.0,1410.0
1,hpa-mmpp-202-e2c78c3d,000155,87.762389,2026-08-31T19:10:17.074+00:00,2026-08-31T19:10:13.336+00:00,2026-08-31T19:10:13.346+00:00,2026-08-31T19:10:13.346+00:00,2026-08-31T19:10:13.472+00:00,2026-08-31T19:10:13.472+00:00,0.066932,0.126405255001373,sqs-worker-5986dcd897-bf4mh,ip-192-168-20-201.ec2.internal,b7022cf53279dcc0a50a76673c4ca4a554308fd10503c309eadeb514b5453f24,1,10.0,136.0
1,hpa-mmpp-202-e2c78c3d,000153,85.445318,2026-08-31T19:10:14.755+00:00,2026-08-31T19:10:11.023+00:00,2026-08-31T19:10:11.137+00:00,2026-08-31T19:10:11.137+00:00,2026-08-31T19:10:14.123+00:00,2026-08-31T19:10:14.123+00:00,1.0,2.986218269999881,sqs-worker-5986dcd897-rwcrv,ip-192-168-20-201.ec2.internal,c0133db94af9ea65691b73bea5d4f62ef8a9e126e28749d3362d2a29dfdf0712,1,114.0,3100.0
1,hpa-mmpp-202-e2c78c3d,000156,89.588422,2026-08-31T19:10:18.899+00:00,2026-08-31T19:10:15.161+00:00,2026-08-31T19:10:15.164+00:00,2026-08-31T19:10:15.165+00:00,2026-08-31T19:10:15.340+00:00,2026-08-31T19:10:15.340+00:00,0.110127,0.17507866400046623,sqs-worker-5986dcd897-rwcrv,ip-192-168-20-201.ec2.internal,43ded3ee0f5614445db0bce59704cf33c0a7702bae02cc000381584b245dfb16,1,3.0,179.0
1,hpa-mmpp-202-e2c78c3d,000157,90.119187,2026-08-31T19:10:19.428+00:00,2026-08-31T19:10:15.696+00:00,2026-08-31T19:10:15.701+00:00,2026-08-31T19:10:15.701+00:00,2026-08-31T19:10:15.976+00:00,2026-08-31T19:10:15.976+00:00,0.14084,0.27502918699974543,sqs-worker-5986dcd897-5c6nb,ip-192-168-20-201.ec2.internal,79597def6a476bf55e0255cd52a1c5cc3d04f6ad013401303e8db746ec383061,1,5.0,280.0
1,hpa-mmpp-202-e2c78c3d,000158,91.766669,2026-08-31T19:10:21.076+00:00,2026-08-31T19:10:17.343+00:00,2026-08-31T19:10:17.348+00:00,2026-08-31T19:10:17.348+00:00,2026-08-31T19:10:17.385+00:00,2026-08-31T19:10:17.385+00:00,0.036619,0.036665771000116365,sqs-worker-5986dcd897-rwcrv,ip-192-168-20-201.ec2.internal,d066415f8aec5e03ae43c9e41d306f17b4366773ba1ca428998a1ab1b909be9e,1,5.0,42.0
1,hpa-mmpp-202-e2c78c3d,000159,93.428825,2026-08-31T19:10:22.740+00:00,2026-08-31T19:10:19.003+00:00,2026-08-31T19:10:19.007+00:00,2026-08-31T19:10:19.007+00:00,2026-08-31T19:10:19.046+00:00,2026-08-31T19:10:19.046+00:00,0.038661,0.038699484000972006,sqs-worker-5986dcd897-5c6nb,ip-192-168-20-201.ec2.internal,25d01da3065c66e7d27d3ee49bd8f2632406c96844ae7c9d5b7b47b87a6e8bd4,1,4.0,43.0
1,hpa-mmpp-202-e2c78c3d,000161,96.72235,2026-08-31T19:10:26.031+00:00,2026-08-31T19:10:22.294+00:00,2026-08-31T19:10:22.298+00:00,2026-08-31T19:10:22.298+00:00,2026-08-31T19:10:22.522+00:00,2026-08-31T19:10:22.522+00:00,0.107213,0.2242651520009531,sqs-worker-5986dcd897-bf4mh,ip-192-168-20-201.ec2.internal,28b7a3a24e6392454c491d197a52b8f876e2fca744dbfed1b3f6083ce339d8af,1,4.0,228.0
1,hpa-mmpp-202-e2c78c3d,000160,96.161907,2026-08-31T19:10:25.471+00:00,2026-08-31T19:10:21.738+00:00,2026-08-31T19:10:21.741+00:00,2026-08-31T19:10:21.742+00:00,2026-08-31T19:10:22.783+00:00,2026-08-31T19:10:22.783+00:00,0.441788,1.0418335829999705,sqs-worker-5986dcd897-5c6nb,ip-192-168-20-201.ec2.internal,5c1f8aac7305f3e8922ff1ef4402e7d59a446a9211c4ec46f1e4f9b939fc1360,1,3.0,1045.0
1,hpa-mmpp-202-e2c78c3d,000162,99.055869,2026-08-31T19:10:28.367+00:00,2026-08-31T19:10:24.630+00:00,2026-08-31T19:10:24.635+00:00,2026-08-31T19:10:24.635+00:00,2026-08-31T19:10:24.687+00:00,2026-08-31T19:10:24.687+00:00,0.05154,0.05161615500037442,sqs-worker-5986dcd897-5c6nb,ip-192-168-20-201.ec2.internal,f2b33c087fb9af8c152828b4359c22209a9d91379101a846fb14482f61b4b6bd,1,5.0,57.0
1,hpa-mmpp-202-e2c78c3d,000163,101.272755,2026-08-31T19:10:30.583+00:00,2026-08-31T19:10:26.846+00:00,2026-08-31T19:10:26.850+00:00,2026-08-31T19:10:26.850+00:00,2026-08-31T19:10:26.924+00:00,2026-08-31T19:10:26.924+00:00,0.054384,0.07353937300104008,sqs-worker-5986dcd897-rwcrv,ip-192-168-20-201.ec2.internal,17af513c9b6dcd9ff1770cc8bd2aff096687cbbb17aa8cacc75cf00b56a05fb3,1,4.0,78.0
1,hpa-mmpp-202-e2c78c3d,000164,101.456133,2026-08-31T19:10:30.765+00:00,2026-08-31T19:10:27.028+00:00,2026-08-31T19:10:27.031+00:00,2026-08-31T19:10:27.031+00:00,2026-08-31T19:10:27.149+00:00,2026-08-31T19:10:27.149+00:00,0.079441,0.1177739280010428,sqs-worker-5986dcd897-rwcrv,ip-192-168-20-201.ec2.internal,167e2e3264452fc0d545c8b11e32c375e349b3b74b26dea75149907a73541781,1,3.0,121.0
1,hpa-mmpp-202-e2c78c3d,000165,102.934762,2026-08-31T19:10:32.245+00:00,2026-08-31T19:10:28.511+00:00,2026-08-31T19:10:28.533+00:00,2026-08-31T19:10:28.533+00:00,2026-08-31T19:10:29.418+00:00,2026-08-31T19:10:29.418+00:00,0.369133,0.8854622290000407,sqs-worker-5986dcd897-rwcrv,ip-192-168-20-201.ec2.internal,4b05d488343262422c0b100004273a7b8cab7c7a0c541d08e7d707435c9e89a9,1,22.0,907.0
1,hpa-mmpp-202-e2c78c3d,000166,104.420069,2026-08-31T19:10:33.730+00:00,2026-08-31T19:10:29.992+00:00,2026-08-31T19:10:29.995+00:00,2026-08-31T19:10:29.995+00:00,2026-08-31T19:10:30.081+00:00,2026-08-31T19:10:30.081+00:00,0.015754,0.0853920149984333,sqs-worker-5986dcd897-x8rdl,ip-192-168-20-201.ec2.internal,abb1cf3d8b2cc1ef51f58fd58b84a3e2d2e35cec9ee4b4dfc5139a4e40c4a396,1,3.0,89.0
1,hpa-mmpp-202-e2c78c3d,000167,106.476903,2026-08-31T19:10:35.787+00:00,2026-08-31T19:10:32.051+00:00,2026-08-31T19:10:32.055+00:00,2026-08-31T19:10:32.055+00:00,2026-08-31T19:10:32.705+00:00,2026-08-31T19:10:32.705+00:00,0.290781,0.650255874999857,sqs-worker-5986dcd897-x8rdl,ip-192-168-20-201.ec2.internal,84e4c24f093d4283c51a74ae55e6c40b5b1a50d36815c41c6d023b976557f387,1,4.0,654.0
1,hpa-mmpp-202-e2c78c3d,000169,111.336635,2026-08-31T19:10:40.645+00:00,2026-08-31T19:10:36.910+00:00,2026-08-31T19:10:36.914+00:00,2026-08-31T19:10:36.915+00:00,2026-08-31T19:10:37.215+00:00,2026-08-31T19:10:37.215+00:00,0.126873,0.30085260899977584,sqs-worker-5986dcd897-rwcrv,ip-192-168-20-201.ec2.internal,7c53c6a3e9248f323e0049c228cc3b347e5a48bd77e98bc1643b220ae492b822,1,4.0,305.0
1,hpa-mmpp-202-e2c78c3d,000172,111.520759,2026-08-31T19:10:40.829+00:00,2026-08-31T19:10:37.092+00:00,2026-08-31T19:10:37.246+00:00,2026-08-31T19:10:37.246+00:00,2026-08-31T19:10:37.317+00:00,2026-08-31T19:10:37.317+00:00,0.030153,0.07054829400112794,sqs-worker-5986dcd897-rwcrv,ip-192-168-20-201.ec2.internal,a689054450349a08f9157794bfeba919fb1414a2311a865f15c7f2cabb29ad29,1,154.0,225.0
1,hpa-mmpp-202-e2c78c3d,000173,111.72244,2026-08-31T19:10:41.031+00:00,2026-08-31T19:10:37.295+00:00,2026-08-31T19:10:37.338+00:00,2026-08-31T19:10:37.338+00:00,2026-08-31T19:10:37.484+00:00,2026-08-31T19:10:37.484+00:00,0.068363,0.14607596099995135,sqs-worker-5986dcd897-5c6nb,ip-192-168-20-201.ec2.internal,fb65d9f64f8f17154298a72c98169e8a2358cf0313175230cfc748e830b85e99,1,43.0,189.0
1,hpa-mmpp-202-e2c78c3d,000175,112.025003,2026-08-31T19:10:41.334+00:00,2026-08-31T19:10:37.600+00:00,2026-08-31T19:10:37.603+00:00,2026-08-31T19:10:37.603+00:00,2026-08-31T19:10:37.699+00:00,2026-08-31T19:10:37.699+00:00,0.063158,0.09539918399968883,sqs-worker-5986dcd897-5c6nb,ip-192-168-20-201.ec2.internal,2f14893a2d039e936b32f69b35bfcbca0176229f7f663fa97c5ebc72d2274a10,1,3.0,99.0
1,hpa-mmpp-202-e2c78c3d,000174,111.780231,2026-08-31T19:10:41.089+00:00,2026-08-31T19:10:37.351+00:00,2026-08-31T19:10:37.354+00:00,2026-08-31T19:10:37.354+00:00,2026-08-31T19:10:38.316+00:00,2026-08-31T19:10:38.316+00:00,0.39609,0.9613186130009126,sqs-worker-5986dcd897-rwcrv,ip-192-168-20-201.ec2.internal,9cf28e02059ee907660901fb978dbaf652bd3e509dee13547a236ce5e5bd59d2,1,3.0,965.0
1,hpa-mmpp-202-e2c78c3d,000170,111.412387,2026-08-31T19:10:40.721+00:00,2026-08-31T19:10:36.988+00:00,2026-08-31T19:10:36.992+00:00,2026-08-31T19:10:36.992+00:00,2026-08-31T19:10:37.301+00:00,2026-08-31T19:10:37.301+00:00,0.151527,0.30922888300119666,sqs-worker-5986dcd897-5c6nb,ip-192-168-20-201.ec2.internal,70420ea5b5b3b7fcb52f7d045faff8a52d8893e55b45256720a15cf472d81837,1,4.0,313.0
1,hpa-mmpp-202-e2c78c3d,000171,111.487897,2026-08-31T19:10:40.796+00:00,2026-08-31T19:10:37.059+00:00,2026-08-31T19:10:37.062+00:00,2026-08-31T19:10:37.062+00:00,2026-08-31T19:10:37.874+00:00,2026-08-31T19:10:37.874+00:00,0.339239,0.8115941390005901,sqs-worker-5986dcd897-bf4mh,ip-192-168-20-201.ec2.internal,c6519e8bb3b81e3e4ca4b8b869205452e8fb6c15b768f8aa0335a85ea081d5da,1,3.0,815.0
1,hpa-mmpp-202-e2c78c3d,000168,111.291055,2026-08-31T19:10:40.604+00:00,2026-08-31T19:10:36.865+00:00,2026-08-31T19:10:36.869+00:00,2026-08-31T19:10:36.869+00:00,2026-08-31T19:10:37.889+00:00,2026-08-31T19:10:37.890+00:00,0.411969,1.020465993000471,sqs-worker-5986dcd897-x8rdl,ip-192-168-20-201.ec2.internal,9366254f732ddf32ab2b64ebdb25d1e57f815c8cf9e1fe321e29b8423c67e6e1,1,4.0,1024.0
1,hpa-mmpp-202-e2c78c3d,000177,112.692178,2026-08-31T19:10:42.001+00:00,2026-08-31T19:10:38.263+00:00,2026-08-31T19:10:38.267+00:00,2026-08-31T19:10:38.267+00:00,2026-08-31T19:10:38.714+00:00,2026-08-31T19:10:38.714+00:00,0.193105,0.44696203300009074,sqs-worker-5986dcd897-x8rdl,ip-192-168-20-201.ec2.internal,42a6f2e13bbb5bcefae063d509b96a79ff92ade0f154ff27f2116741bc446edb,1,4.0,451.0
1,hpa-mmpp-202-e2c78c3d,000176,112.281395,2026-08-31T19:10:41.591+00:00,2026-08-31T19:10:37.858+00:00,2026-08-31T19:10:37.862+00:00,2026-08-31T19:10:37.862+00:00,2026-08-31T19:10:38.709+00:00,2026-08-31T19:10:38.709+00:00,0.352614,0.8470082719995844,sqs-worker-5986dcd897-5c6nb,ip-192-168-20-201.ec2.internal,f76cb5f2c7855b5ec4aa5d012e72cf81e084838a5ffacdd03bb90fbea02ff19b,1,4.0,851.0
1,hpa-mmpp-202-e2c78c3d,000180,113.13762,2026-08-31T19:10:42.446+00:00,2026-08-31T19:10:38.713+00:00,2026-08-31T19:10:38.748+00:00,2026-08-31T19:10:38.748+00:00,2026-08-31T19:10:40.181+00:00,2026-08-31T19:10:40.181+00:00,0.586045,1.4329577770004107,sqs-worker-5986dcd897-5c6nb,ip-192-168-20-201.ec2.internal,207bb0760408ac0affca066d4ed15a9fb355c0e99d51b48980415aef6aa7b9c9,1,35.0,1468.0
1,hpa-mmpp-202-e2c78c3d,000182,114.090779,2026-08-31T19:10:43.399+00:00,2026-08-31T19:10:39.663+00:00,2026-08-31T19:10:39.675+00:00,2026-08-31T19:10:39.675+00:00,2026-08-31T19:10:39.923+00:00,2026-08-31T19:10:39.923+00:00,0.12059,0.24876406800103723,sqs-worker-5986dcd897-rwcrv,ip-192-168-20-201.ec2.internal,b2be2c6173fbcc80d10ff5646fb7719638bff6afe44cbe9f08c4d9607c66a68b,1,12.0,260.0
1,hpa-mmpp-202-e2c78c3d,000178,112.703211,2026-08-31T19:10:42.012+00:00,2026-08-31T19:10:38.278+00:00,2026-08-31T19:10:38.282+00:00,2026-08-31T19:10:38.282+00:00,2026-08-31T19:10:39.174+00:00,2026-08-31T19:10:39.174+00:00,0.154364,0.8922183989998302,sqs-worker-5986dcd897-bf4mh,ip-192-168-20-201.ec2.internal,f2a85ad3126815e7fe9d28d09af037815c2755e22cc69e70fdf48b080f76e6ae,1,4.0,896.0
1,hpa-mmpp-202-e2c78c3d,000181,113.758441,2026-08-31T19:10:43.067+00:00,2026-08-31T19:10:39.330+00:00,2026-08-31T19:10:39.352+00:00,2026-08-31T19:10:39.352+00:00,2026-08-31T19:10:40.073+00:00,2026-08-31T19:10:40.073+00:00,0.159727,0.7215564300004189,sqs-worker-5986dcd897-bf4mh,ip-192-168-20-201.ec2.internal,159ff7290f0be7782dadfcc7596a3ce6cedba1fffd8e72898201a85d294e2b69,1,22.0,743.0
1,hpa-mmpp-202-e2c78c3d,000185,115.20318,2026-08-31T19:10:44.512+00:00,2026-08-31T19:10:40.775+00:00,2026-08-31T19:10:40.779+00:00,2026-08-31T19:10:40.779+00:00,2026-08-31T19:10:40.819+00:00,2026-08-31T19:10:40.819+00:00,0.019809,0.03988529500020377,sqs-worker-5986dcd897-rwcrv,ip-192-168-20-201.ec2.internal,2b168faf38a573d098056531f6db5adb09af2c63e986221379ada62fde4bff97,1,4.0,44.0
1,hpa-mmpp-202-e2c78c3d,000179,113.023313,2026-08-31T19:10:42.332+00:00,2026-08-31T19:10:38.595+00:00,2026-08-31T19:10:38.599+00:00,2026-08-31T19:10:38.599+00:00,2026-08-31T19:10:38.907+00:00,2026-08-31T19:10:38.907+00:00,0.125883,0.3072315549998166,sqs-worker-5986dcd897-rwcrv,ip-192-168-20-201.ec2.internal,6d1e02421ee6a992f144780815303300df340e530d6502a5d73fe48579aa45d2,1,4.0,312.0
1,hpa-mmpp-202-e2c78c3d,000188,115.581473,2026-08-31T19:10:44.890+00:00,2026-08-31T19:10:41.165+00:00,2026-08-31T19:10:41.340+00:00,2026-08-31T19:10:41.340+00:00,2026-08-31T19:10:41.631+00:00,2026-08-31T19:10:41.631+00:00,0.123427,0.2914560529989103,sqs-worker-5986dcd897-rwcrv,ip-192-168-20-201.ec2.internal,f637321cfbad6e732a1199bc3a16d35f8872311b8c654434704f9a9525893620,1,175.0,466.0
1,hpa-mmpp-202-e2c78c3d,000191,115.974169,2026-08-31T19:10:45.283+00:00,2026-08-31T19:10:41.545+00:00,2026-08-31T19:10:41.549+00:00,2026-08-31T19:10:41.549+00:00,2026-08-31T19:10:41.666+00:00,2026-08-31T19:10:41.666+00:00,0.05475,0.11720575299841585,sqs-worker-5986dcd897-5c6nb,ip-192-168-20-201.ec2.internal,2f8302239fdd642496fff4e425e5fd1ae3f63d6976e20e35766aa1d42e6d0752,1,4.0,121.0
1,hpa-mmpp-202-e2c78c3d,000192,116.27887,2026-08-31T19:10:45.587+00:00,2026-08-31T19:10:41.853+00:00,2026-08-31T19:10:41.857+00:00,2026-08-31T19:10:41.857+00:00,2026-08-31T19:10:42.375+00:00,2026-08-31T19:10:42.375+00:00,0.221276,0.5179412859997683,sqs-worker-5986dcd897-x8rdl,ip-192-168-20-201.ec2.internal,b96eeb19203120a6ef012a0fd139fd37214dec024f69118569c981495a447f58,1,4.0,522.0
1,hpa-mmpp-202-e2c78c3d,000193,116.753262,2026-08-31T19:10:46.062+00:00,2026-08-31T19:10:42.327+00:00,2026-08-31T19:10:42.335+00:00,2026-08-31T19:10:42.335+00:00,2026-08-31T19:10:42.350+00:00,2026-08-31T19:10:42.350+00:00,0.015025,0.015221825999105931,sqs-worker-5986dcd897-rwcrv,ip-192-168-20-201.ec2.internal,2e51d9187eeaf7f1aa7a53b30941690e575d5bc93b197e9bce5e2efeeb4e0d4b,1,8.0,23.0
1,hpa-mmpp-202-e2c78c3d,000195,117.051267,2026-08-31T19:10:46.360+00:00,2026-08-31T19:10:42.625+00:00,2026-08-31T19:10:42.629+00:00,2026-08-31T19:10:42.629+00:00,2026-08-31T19:10:43.030+00:00,2026-08-31T19:10:43.030+00:00,0.177671,0.40095329399991897,sqs-worker-5986dcd897-rwcrv,ip-192-168-20-201.ec2.internal,a944bb75e505c10baee8c25c901f25a46305b1a52b6caa426e6d1f1ad6c9efe7,1,4.0,405.0
1,hpa-mmpp-202-e2c78c3d,000189,115.603241,2026-08-31T19:10:44.912+00:00,2026-08-31T19:10:41.175+00:00,2026-08-31T19:10:41.361+00:00,2026-08-31T19:10:41.361+00:00,2026-08-31T19:10:41.380+00:00,2026-08-31T19:10:41.380+00:00,0.018695,0.018853662999390508,sqs-worker-5986dcd897-5c6nb,ip-192-168-20-201.ec2.internal,610aa35534072575c9513c71b082b82ed88a728aac0d92f82d28131e50a0c1f8,1,186.0,205.0
1,hpa-mmpp-202-e2c78c3d,000187,115.441295,2026-08-31T19:10:44.750+00:00,2026-08-31T19:10:41.011+00:00,2026-08-31T19:10:41.015+00:00,2026-08-31T19:10:41.016+00:00,2026-08-31T19:10:41.177+00:00,2026-08-31T19:10:41.177+00:00,0.102854,0.16107283199926314,sqs-worker-5986dcd897-5c6nb,ip-192-168-20-201.ec2.internal,ef92c556271378f3da3ca75a6505e1533a8c4a2c85f2a25a0e7dd506df4ce342,1,4.0,166.0
1,hpa-mmpp-202-e2c78c3d,000190,115.71021,2026-08-31T19:10:45.019+00:00,2026-08-31T19:10:41.286+00:00,2026-08-31T19:10:41.294+00:00,2026-08-31T19:10:41.294+00:00,2026-08-31T19:10:41.326+00:00,2026-08-31T19:10:41.327+00:00,0.028918,0.03232252899942978,sqs-worker-5986dcd897-5c6nb,ip-192-168-20-201.ec2.internal,d57214600704d04f60a1cd085df9c627fc112dff5ad7aab35ec4bbe5ed27c467,1,8.0,40.0
1,hpa-mmpp-202-e2c78c3d,000201,118.009058,2026-08-31T19:10:47.318+00:00,2026-08-31T19:10:43.582+00:00,2026-08-31T19:10:43.586+00:00,2026-08-31T19:10:43.586+00:00,2026-08-31T19:10:44.127+00:00,2026-08-31T19:10:44.127+00:00,0.236774,0.5410675270013598,sqs-worker-5986dcd897-bf4mh,ip-192-168-20-201.ec2.internal,3ce8c1164eabc3326ecdad8b01038cb4d673471a43245959f50f39443591f781,1,4.0,545.0
1,hpa-mmpp-202-e2c78c3d,000200,117.887055,2026-08-31T19:10:47.196+00:00,2026-08-31T19:10:43.461+00:00,2026-08-31T19:10:43.467+00:00,2026-08-31T19:10:43.467+00:00,2026-08-31T19:10:44.410+00:00,2026-08-31T19:10:44.410+00:00,0.391761,0.9429395409988501,sqs-worker-5986dcd897-x8rdl,ip-192-168-20-201.ec2.internal,d56e856f23513c14833ce5b6ce9f4afd71944e61df7c68e0acf2e7c8e7d42261,1,6.0,949.0
1,hpa-mmpp-202-e2c78c3d,000183,114.753685,2026-08-31T19:10:44.062+00:00,2026-08-31T19:10:40.870+00:00,2026-08-31T19:10:40.874+00:00,2026-08-31T19:10:40.874+00:00,2026-08-31T19:10:41.323+00:00,2026-08-31T19:10:41.323+00:00,0.200097,0.4488235999997414,sqs-worker-5986dcd897-rwcrv,ip-192-168-20-201.ec2.internal,1025587dfa6b034a57a49686ca5701114716b9e1b4071a3ff31799ddb8cd8da3,1,4.0,453.0
1,hpa-mmpp-202-e2c78c3d,000184,114.965072,2026-08-31T19:10:44.274+00:00,2026-08-31T19:10:40.536+00:00,2026-08-31T19:10:40.584+00:00,2026-08-31T19:10:40.584+00:00,2026-08-31T19:10:41.497+00:00,2026-08-31T19:10:41.497+00:00,0.213604,0.9134909719996358,sqs-worker-5986dcd897-x8rdl,ip-192-168-20-201.ec2.internal,cabf87ecf50a305a06a923495141c802070d8fefec6f7d440be52517cc5a859d,1,48.0,961.0
1,hpa-mmpp-202-e2c78c3d,000196,117.138776,2026-08-31T19:10:46.447+00:00,2026-08-31T19:10:42.709+00:00,2026-08-31T19:10:42.713+00:00,2026-08-31T19:10:42.713+00:00,2026-08-31T19:10:42.765+00:00,2026-08-31T19:10:42.765+00:00,0.037123,0.05168883700025617,sqs-worker-5986dcd897-x8rdl,ip-192-168-20-201.ec2.internal,a5d84eef273edb06f05de62463cadea501781fc2e08b9214d29f7f118658c96c,1,4.0,56.0
1,hpa-mmpp-202-e2c78c3d,000197,117.42011,2026-08-31T19:10:46.729+00:00,2026-08-31T19:10:42.991+00:00,2026-08-31T19:10:42.994+00:00,2026-08-31T19:10:42.994+00:00,2026-08-31T19:10:43.128+00:00,2026-08-31T19:10:43.128+00:00,0.075635,0.1346694940002635,sqs-worker-5986dcd897-x8rdl,ip-192-168-20-201.ec2.internal,aed1a701823c3b80747a4627af17b1dd02d6ac218d27047ea0f29228033b90ec,1,3.0,137.0
1,hpa-mmpp-202-e2c78c3d,000203,118.309235,2026-08-31T19:10:47.621+00:00,2026-08-31T19:10:43.891+00:00,2026-08-31T19:10:44.426+00:00,2026-08-31T19:10:44.426+00:00,2026-08-31T19:10:44.704+00:00,2026-08-31T19:10:44.704+00:00,0.115057,0.27832723400024406,sqs-worker-5986dcd897-x8rdl,ip-192-168-20-201.ec2.internal,2d6c00baec0553f84fc6ec64e45b54bb814e6dfe58597473f598b54731052841,1,535.0,813.0
1,hpa-mmpp-202-e2c78c3d,000194,116.861251,2026-08-31T19:10:46.170+00:00,2026-08-31T19:10:42.435+00:00,2026-08-31T19:10:42.439+00:00,2026-08-31T19:10:42.439+00:00,2026-08-31T19:10:45.267+00:00,2026-08-31T19:10:45.267+00:00,0.777173,2.8285397139989072,sqs-worker-5986dcd897-5c6nb,ip-192-168-20-201.ec2.internal,c144eef0ef317ad4ee5607960a1918d028c175282a7f3b5cfeb65d31df811dc4,1,4.0,2832.0
1,hpa-mmpp-202-e2c78c3d,000207,119.529541,2026-08-31T19:10:48.838+00:00,2026-08-31T19:10:45.103+00:00,2026-08-31T19:10:45.682+00:00,2026-08-31T19:10:45.682+00:00,2026-08-31T19:10:45.794+00:00,2026-08-31T19:10:45.794+00:00,0.05099,0.11254376500073704,sqs-worker-5986dcd897-x8rdl,ip-192-168-20-201.ec2.internal,59c3d6b468d02bf2949e26e03e85a8cf3f9deb3aa3588cf7660c6f9e952c3bcd,1,579.0,691.0
1,hpa-mmpp-202-e2c78c3d,000205,119.234194,2026-08-31T19:10:48.543+00:00,2026-08-31T19:10:44.805+00:00,2026-08-31T19:10:45.526+00:00,2026-08-31T19:10:45.526+00:00,2026-08-31T19:10:45.606+00:00,2026-08-31T19:10:45.606+00:00,0.042451,0.08027538800160983,sqs-worker-5986dcd897-x8rdl,ip-192-168-20-201.ec2.internal,aec129a8e2aba6007466fdbf66e4de0bccc9eeb3c3786a406354f1bda0fe009e,1,721.0,801.0
1,hpa-mmpp-202-e2c78c3d,000199,117.647009,2026-08-31T19:10:46.955+00:00,2026-08-31T19:10:43.220+00:00,2026-08-31T19:10:43.225+00:00,2026-08-31T19:10:43.225+00:00,2026-08-31T19:10:43.255+00:00,2026-08-31T19:10:43.255+00:00,0.025423,0.030188522001481033,sqs-worker-5986dcd897-x8rdl,ip-192-168-20-201.ec2.internal,4577b953b50c7877b290b5db7c2d3df17cf171f89706e12e31932e956e3f0d44,1,5.0,35.0
1,hpa-mmpp-202-e2c78c3d,000186,115.226623,2026-08-31T19:10:44.535+00:00,2026-08-31T19:10:40.796+00:00,2026-08-31T19:10:40.799+00:00,2026-08-31T19:10:40.799+00:00,2026-08-31T19:10:43.271+00:00,2026-08-31T19:10:43.271+00:00,1.0,2.4720902789995307,sqs-worker-5986dcd897-bf4mh,ip-192-168-20-201.ec2.internal,05372263f7a4d1c568a38ca63db935fd9468ccd191d61644eed219de9cf34ed0,1,3.0,2475.0
1,hpa-mmpp-202-e2c78c3d,000204,118.403364,2026-08-31T19:10:47.713+00:00,2026-08-31T19:10:43.978+00:00,2026-08-31T19:10:44.726+00:00,2026-08-31T19:10:44.726+00:00,2026-08-31T19:10:45.498+00:00,2026-08-31T19:10:45.498+00:00,0.308235,0.7719445259990607,sqs-worker-5986dcd897-x8rdl,ip-192-168-20-201.ec2.internal,2f6c5662f48fbef256a846bb5120ff74e85398d6b55a5a4fa4604c52283ebaa6,1,748.0,1520.0
1,hpa-mmpp-202-e2c78c3d,000208,120.174378,2026-08-31T19:10:49.483+00:00,2026-08-31T19:10:45.747+00:00,2026-08-31T19:10:45.750+00:00,2026-08-31T19:10:45.750+00:00,2026-08-31T19:10:45.797+00:00,2026-08-31T19:10:45.797+00:00,0.03336,0.046915954999349196,sqs-worker-5986dcd897-bf4mh,ip-192-168-20-201.ec2.internal,d173373dca1578a306711817b2642445ba7c2e2120d65ea10212abaff51a3ecc,1,3.0,50.0
1,hpa-mmpp-202-e2c78c3d,000198,117.478974,2026-08-31T19:10:46.787+00:00,2026-08-31T19:10:43.050+00:00,2026-08-31T19:10:43.065+00:00,2026-08-31T19:10:43.065+00:00,2026-08-31T19:10:46.234+00:00,2026-08-31T19:10:46.234+00:00,0.631008,3.169298386999799,sqs-worker-5986dcd897-rwcrv,ip-192-168-20-201.ec2.internal,0ddd196969c4592c3b5231457f0c3ebee0a66f4dfa60b5e9ceeee7fc573d20e7,1,15.0,3184.0
1,hpa-mmpp-202-e2c78c3d,000209,120.603577,2026-08-31T19:10:49.912+00:00,2026-08-31T19:10:46.223+00:00,2026-08-31T19:10:46.230+00:00,2026-08-31T19:10:46.230+00:00,2026-08-31T19:10:46.252+00:00,2026-08-31T19:10:46.252+00:00,0.020926,0.021806687000207603,sqs-worker-5986dcd897-bf4mh,ip-192-168-20-201.ec2.internal,a40af67cb47e4c23fbc9db35177eaa59d4b7439cbeac26a02ac94670e7a6a4b7,1,7.0,29.0
1,hpa-mmpp-202-e2c78c3d,000210,120.613657,2026-08-31T19:10:49.922+00:00,2026-08-31T19:10:46.184+00:00,2026-08-31T19:10:46.187+00:00,2026-08-31T19:10:46.187+00:00,2026-08-31T19:10:46.498+00:00,2026-08-31T19:10:46.498+00:00,0.141112,0.310377857000276,sqs-worker-5986dcd897-x8rdl,ip-192-168-20-201.ec2.internal,d22905e6a714d802d8d8a50833937ed613041588f5366c306e786c638fc206db,1,3.0,314.0
1,hpa-mmpp-202-e2c78c3d,000211,120.840111,2026-08-31T19:10:50.149+00:00,2026-08-31T19:10:46.414+00:00,2026-08-31T19:10:46.457+00:00,2026-08-31T19:10:46.457+00:00,2026-08-31T19:10:46.687+00:00,2026-08-31T19:10:46.687+00:00,0.082472,0.23039160199914477,sqs-worker-5986dcd897-5c6nb,ip-192-168-20-201.ec2.internal,dc1bf4bf8e95410cec21628bd2da59cf74bae9a44bbbfc265b3156b01bd8aa5f,1,43.0,273.0
1,hpa-mmpp-202-e2c78c3d,000214,121.879095,2026-08-31T19:10:51.188+00:00,2026-08-31T19:10:47.453+00:00,2026-08-31T19:10:47.456+00:00,2026-08-31T19:10:47.456+00:00,2026-08-31T19:10:47.622+00:00,2026-08-31T19:10:47.622+00:00,0.095618,0.16618140600076003,sqs-worker-5986dcd897-rwcrv,ip-192-168-20-201.ec2.internal,c2c12433e88f28ebb1963083a0c7f0574643ec8fb0f7d817a9cf37c301a76fc2,1,3.0,169.0
1,hpa-mmpp-202-e2c78c3d,000213,121.612716,2026-08-31T19:10:50.921+00:00,2026-08-31T19:10:47.186+00:00,2026-08-31T19:10:47.190+00:00,2026-08-31T19:10:47.190+00:00,2026-08-31T19:10:47.507+00:00,2026-08-31T19:10:47.508+00:00,0.140775,0.31786034899960214,sqs-worker-5986dcd897-x8rdl,ip-192-168-20-201.ec2.internal,39b46cbdefd6b7f52187f5bfc70764cf60f4ce68dedaa08f8bc11ecb9721dab8,1,4.0,321.0
1,hpa-mmpp-202-e2c78c3d,000219,122.782071,2026-08-31T19:10:52.091+00:00,2026-08-31T19:10:48.356+00:00,2026-08-31T19:10:48.359+00:00,2026-08-31T19:10:48.359+00:00,2026-08-31T19:10:48.565+00:00,2026-08-31T19:10:48.565+00:00,0.087873,0.20653452899932745,sqs-worker-5986dcd897-5c6nb,ip-192-168-20-201.ec2.internal,e85431aa41389e80a6e60f7ee1e150b79005da5b1c9c306e2165145c7474972e,1,3.0,209.0
1,hpa-mmpp-202-e2c78c3d,000221,123.147477,2026-08-31T19:10:52.456+00:00,2026-08-31T19:10:48.721+00:00,2026-08-31T19:10:48.724+00:00,2026-08-31T19:10:48.724+00:00,2026-08-31T19:10:48.738+00:00,2026-08-31T19:10:48.738+00:00,0.013318,0.013368013000217616,sqs-worker-5986dcd897-5c6nb,ip-192-168-20-201.ec2.internal,9c1525fa4e38190b6d0858b6b7bc73a6432fafc80fe892b20656106e09668687,1,3.0,17.0
1,hpa-mmpp-202-e2c78c3d,000216,122.507244,2026-08-31T19:10:51.816+00:00,2026-08-31T19:10:48.079+00:00,2026-08-31T19:10:48.082+00:00,2026-08-31T19:10:48.082+00:00,2026-08-31T19:10:49.057+00:00,2026-08-31T19:10:49.057+00:00,0.175351,0.9742539990002115,sqs-worker-5986dcd897-bf4mh,ip-192-168-20-201.ec2.internal,f8ecefc0530b195ed5c2fc1ece6469968b65e59bfd827e26bf2f91693a818b0c,1,3.0,978.0
1,hpa-mmpp-202-e2c78c3d,000202,118.306975,2026-08-31T19:10:47.619+00:00,2026-08-31T19:10:43.888+00:00,2026-08-31T19:10:44.156+00:00,2026-08-31T19:10:44.156+00:00,2026-08-31T19:10:45.684+00:00,2026-08-31T19:10:45.684+00:00,0.621727,1.5280249400002504,sqs-worker-5986dcd897-bf4mh,ip-192-168-20-201.ec2.internal,b798a269cefd882a6b1b288e903d17c311eaa5840ade200366e12af7db3d0279,1,268.0,1796.0
1,hpa-mmpp-202-e2c78c3d,000206,119.521277,2026-08-31T19:10:48.830+00:00,2026-08-31T19:10:45.093+00:00,2026-08-31T19:10:45.356+00:00,2026-08-31T19:10:45.356+00:00,2026-08-31T19:10:46.268+00:00,2026-08-31T19:10:46.268+00:00,0.175059,0.9122935209998104,sqs-worker-5986dcd897-5c6nb,ip-192-168-20-201.ec2.internal,beb50dd2d3fd7e41e92cb5eaf5431978752fde55507d95a6d77f715e0ea68765,1,263.0,1175.0
1,hpa-mmpp-202-e2c78c3d,000212,121.282466,2026-08-31T19:10:50.591+00:00,2026-08-31T19:10:46.857+00:00,2026-08-31T19:10:46.860+00:00,2026-08-31T19:10:46.860+00:00,2026-08-31T19:10:47.791+00:00,2026-08-31T19:10:47.791+00:00,0.396428,0.930891359999805,sqs-worker-5986dcd897-5c6nb,ip-192-168-20-201.ec2.internal,a09f86295c573af779e347af79964c738c4d26b9c9f07041baf31b6edb8fb625,1,3.0,934.0
1,hpa-mmpp-202-e2c78c3d,000215,122.115796,2026-08-31T19:10:51.424+00:00,2026-08-31T19:10:47.688+00:00,2026-08-31T19:10:47.693+00:00,2026-08-31T19:10:47.693+00:00,2026-08-31T19:10:47.861+00:00,2026-08-31T19:10:47.861+00:00,0.090764,0.16831634200025292,sqs-worker-5986dcd897-bf4mh,ip-192-168-20-201.ec2.internal,0aba78d2444b775cb852c656558acde34bbacec583748546771502e7a9d47f20,1,5.0,173.0
1,hpa-mmpp-202-e2c78c3d,000217,122.513585,2026-08-31T19:10:51.822+00:00,2026-08-31T19:10:48.082+00:00,2026-08-31T19:10:48.086+00:00,2026-08-31T19:10:48.086+00:00,2026-08-31T19:10:48.198+00:00,2026-08-31T19:10:48.198+00:00,0.077417,0.1124608280006214,sqs-worker-5986dcd897-5c6nb,ip-192-168-20-201.ec2.internal,c1b5dc1e068eda0d33dfbad6ec76ecdd1af658aa64628bf8e9b92cf9a6324052,1,4.0,116.0
1,hpa-mmpp-202-e2c78c3d,000222,124.144262,2026-08-31T19:10:53.454+00:00,2026-08-31T19:10:49.718+00:00,2026-08-31T19:10:49.721+00:00,2026-08-31T19:10:49.721+00:00,2026-08-31T19:10:49.755+00:00,2026-08-31T19:10:49.755+00:00,0.03331,0.03347193899935519,sqs-worker-5986dcd897-5c6nb,ip-192-168-20-201.ec2.internal,f7e853a3910d0288b1dbfb89fbd0966e57028914db4ac139abdb75e5a02b9056,1,3.0,37.0
1,hpa-mmpp-202-e2c78c3d,000218,122.675622,2026-08-31T19:10:51.984+00:00,2026-08-31T19:10:48.247+00:00,2026-08-31T19:10:48.250+00:00,2026-08-31T19:10:48.250+00:00,2026-08-31T19:10:48.510+00:00,2026-08-31T19:10:48.510+00:00,0.119,0.26007374099935987,sqs-worker-5986dcd897-x8rdl,ip-192-168-20-201.ec2.internal,8fa0d0ebf20236fc39604cddf4842dc5083c6ede08761984983eb61ace0e6bc3,1,3.0,263.0
1,hpa-mmpp-202-e2c78c3d,000220,122.932694,2026-08-31T19:10:52.241+00:00,2026-08-31T19:10:48.505+00:00,2026-08-31T19:10:48.508+00:00,2026-08-31T19:10:48.509+00:00,2026-08-31T19:10:49.213+00:00,2026-08-31T19:10:49.213+00:00,0.285269,0.704204652000044,sqs-worker-5986dcd897-rwcrv,ip-192-168-20-201.ec2.internal,ddbf143fe15e977aba0c4518d732d3c74380c6ef967493afe157ed2961fe2332,1,3.0,708.0
1,hpa-mmpp-202-e2c78c3d,000223,125.092726,2026-08-31T19:10:54.402+00:00,2026-08-31T19:10:50.666+00:00,2026-08-31T19:10:50.670+00:00,2026-08-31T19:10:50.670+00:00,2026-08-31T19:10:50.908+00:00,2026-08-31T19:10:50.908+00:00,0.120079,0.2376256529987586,sqs-worker-5986dcd897-rwcrv,ip-192-168-20-201.ec2.internal,7c6529d9a11ef4ec4cb81c836b0d28f0540bba8ad46fd523312125fdd49a7fe6,1,4.0,242.0
1,hpa-mmpp-202-e2c78c3d,000224,129.616289,2026-08-31T19:10:58.927+00:00,2026-08-31T19:10:55.198+00:00,2026-08-31T19:10:55.202+00:00,2026-08-31T19:10:55.202+00:00,2026-08-31T19:10:55.351+00:00,2026-08-31T19:10:55.352+00:00,0.081021,0.14913832799902593,sqs-worker-5986dcd897-bf4mh,ip-192-168-20-201.ec2.internal,02b236a4ba2cfafbde27cb67fdbbf6361370cb5d4a67df19a58628bc889c58aa,1,4.0,153.0
1,hpa-mmpp-202-e2c78c3d,000226,130.661246,2026-08-31T19:10:59.968+00:00,2026-08-31T19:10:56.231+00:00,2026-08-31T19:10:56.235+00:00,2026-08-31T19:10:56.235+00:00,2026-08-31T19:10:56.270+00:00,2026-08-31T19:10:56.270+00:00,0.035727,0.035790371999610215,sqs-worker-5986dcd897-x8rdl,ip-192-168-20-201.ec2.internal,7b73e63df863bd89f5a524851f69352ed51762968bcb472889bf449cfc268ad8,1,4.0,39.0
1,hpa-mmpp-202-e2c78c3d,000225,130.595021,2026-08-31T19:10:59.903+00:00,2026-08-31T19:10:56.169+00:00,2026-08-31T19:10:56.173+00:00,2026-08-31T19:10:56.173+00:00,2026-08-31T19:10:56.480+00:00,2026-08-31T19:10:56.480+00:00,0.148682,0.3068411340009334,sqs-worker-5986dcd897-bf4mh,ip-192-168-20-201.ec2.internal,e513ce9e5527c2da87577f5117c35b6fc445148cf4d1c3e969d7391957440074,1,4.0,311.0
1,hpa-mmpp-202-e2c78c3d,000227,131.559706,2026-08-31T19:11:00.867+00:00,2026-08-31T19:10:57.130+00:00,2026-08-31T19:10:57.174+00:00,2026-08-31T19:10:57.174+00:00,2026-08-31T19:10:57.286+00:00,2026-08-31T19:10:57.286+00:00,0.052084,0.11231743999996979,sqs-worker-5986dcd897-x8rdl,ip-192-168-20-201.ec2.internal,e6f55568556816d4e953e85540ae94b0667fea6e089fb1f715c34be0faabfeb7,1,44.0,156.0
1,hpa-mmpp-202-e2c78c3d,000228,132.457662,2026-08-31T19:11:01.765+00:00,2026-08-31T19:10:58.031+00:00,2026-08-31T19:10:58.034+00:00,2026-08-31T19:10:58.034+00:00,2026-08-31T19:10:58.088+00:00,2026-08-31T19:10:58.088+00:00,0.052165,0.053808147999006906,sqs-worker-5986dcd897-x8rdl,ip-192-168-20-201.ec2.internal,27c28a205b5af65e04527e639fe6cda1c0db42e9c778a143c7fa50434d4b1b67,1,3.0,57.0
1,hpa-mmpp-202-e2c78c3d,000229,133.133255,2026-08-31T19:11:02.440+00:00,2026-08-31T19:10:58.705+00:00,2026-08-31T19:10:58.709+00:00,2026-08-31T19:10:58.709+00:00,2026-08-31T19:10:59.168+00:00,2026-08-31T19:10:59.169+00:00,0.214343,0.45966481000141357,sqs-worker-5986dcd897-5c6nb,ip-192-168-20-201.ec2.internal,86324ab9bc5b1d778e2952f1e822497fa537b7668dea9b84b75d5cd0db02fb92,1,4.0,463.0
1,hpa-mmpp-202-e2c78c3d,000230,133.877456,2026-08-31T19:11:03.185+00:00,2026-08-31T19:10:59.449+00:00,2026-08-31T19:10:59.453+00:00,2026-08-31T19:10:59.453+00:00,2026-08-31T19:10:59.610+00:00,2026-08-31T19:10:59.610+00:00,0.101348,0.15717260500059638,sqs-worker-5986dcd897-x8rdl,ip-192-168-20-201.ec2.internal,81a76ba7c43d1bac60b84d5a01166ea80d660c69181c0fced685581c0c6dca29,1,4.0,161.0
1,hpa-mmpp-202-e2c78c3d,000232,134.52191,2026-08-31T19:11:03.829+00:00,2026-08-31T19:11:00.093+00:00,2026-08-31T19:11:00.097+00:00,2026-08-31T19:11:00.097+00:00,2026-08-31T19:11:00.165+00:00,2026-08-31T19:11:00.165+00:00,0.050298,0.06861922699863499,sqs-worker-5986dcd897-5c6nb,ip-192-168-20-201.ec2.internal,abc443af3b6e3d2c194927ca797917e2674bca087ee0b8a2933c658e6f352f14,1,4.0,72.0
1,hpa-mmpp-202-e2c78c3d,000231,134.085162,2026-08-31T19:11:03.392+00:00,2026-08-31T19:10:59.657+00:00,2026-08-31T19:10:59.675+00:00,2026-08-31T19:10:59.675+00:00,2026-08-31T19:11:01.176+00:00,2026-08-31T19:11:01.176+00:00,0.2906,1.5010804590001499,sqs-worker-5986dcd897-x8rdl,ip-192-168-20-201.ec2.internal,fd970cc521809b871545da8529196149e87a2fda9c95d1509bccf66aceb971d2,1,18.0,1519.0
1,hpa-mmpp-202-e2c78c3d,000234,138.006932,2026-08-31T19:11:07.314+00:00,2026-08-31T19:11:03.591+00:00,2026-08-31T19:11:03.595+00:00,2026-08-31T19:11:03.595+00:00,2026-08-31T19:11:03.888+00:00,2026-08-31T19:11:03.888+00:00,0.1215,0.29333663699981116,sqs-worker-5986dcd897-x8rdl,ip-192-168-20-201.ec2.internal,57e3561c52deeb1ee64a4d5b3e222975ba8927088bc88d623305e76b2879f042,1,4.0,297.0
1,hpa-mmpp-202-e2c78c3d,000233,137.850511,2026-08-31T19:11:07.160+00:00,2026-08-31T19:11:03.425+00:00,2026-08-31T19:11:03.429+00:00,2026-08-31T19:11:03.429+00:00,2026-08-31T19:11:04.509+00:00,2026-08-31T19:11:04.509+00:00,0.207082,1.0807356950008398,sqs-worker-5986dcd897-rwcrv,ip-192-168-20-201.ec2.internal,7e6797d5f29c3003956de3e3924f471f18b4de0b4f8fb99ad8054f1cc7781a4e,1,4.0,1084.0
1,hpa-mmpp-202-e2c78c3d,000236,139.178954,2026-08-31T19:11:08.486+00:00,2026-08-31T19:11:04.748+00:00,2026-08-31T19:11:04.751+00:00,2026-08-31T19:11:04.751+00:00,2026-08-31T19:11:04.962+00:00,2026-08-31T19:11:04.962+00:00,0.091078,0.2104364250008075,sqs-worker-5986dcd897-bf4mh,ip-192-168-20-201.ec2.internal,645a9218143756f5c6c45358a35583db5648ab1de799fc06205f8e5ff5483e94,1,3.0,214.0
1,hpa-mmpp-202-e2c78c3d,000237,139.385964,2026-08-31T19:11:08.693+00:00,2026-08-31T19:11:04.953+00:00,2026-08-31T19:11:04.957+00:00,2026-08-31T19:11:04.957+00:00,2026-08-31T19:11:05.027+00:00,2026-08-31T19:11:05.027+00:00,0.040721,0.06979614299962122,sqs-worker-5986dcd897-rwcrv,ip-192-168-20-201.ec2.internal,afd12a2df242bbec1f41aaea2cedb10e2cd965c32f49ccf7bff1793008511b15,1,4.0,74.0
1,hpa-mmpp-202-e2c78c3d,000239,139.791359,2026-08-31T19:11:09.098+00:00,2026-08-31T19:11:05.369+00:00,2026-08-31T19:11:05.373+00:00,2026-08-31T19:11:05.373+00:00,2026-08-31T19:11:05.470+00:00,2026-08-31T19:11:05.470+00:00,0.054783,0.09650183899975673,sqs-worker-5986dcd897-bf4mh,ip-192-168-20-201.ec2.internal,478e62ab0180e52ba991ca922d8fceb6a89a6040e11dd7e2b97ee1c639298a57,1,4.0,101.0
1,hpa-mmpp-202-e2c78c3d,000240,140.074989,2026-08-31T19:11:09.382+00:00,2026-08-31T19:11:05.644+00:00,2026-08-31T19:11:05.648+00:00,2026-08-31T19:11:05.649+00:00,2026-08-31T19:11:05.769+00:00,2026-08-31T19:11:05.769+00:00,0.053395,0.1206023289996665,sqs-worker-5986dcd897-5c6nb,ip-192-168-20-201.ec2.internal,e939431bb85339050a93dfd217e5357aa326f1940d2afb77fc85aa6ab5ee51eb,1,4.0,125.0
1,hpa-mmpp-202-e2c78c3d,000238,139.55671,2026-08-31T19:11:08.863+00:00,2026-08-31T19:11:05.124+00:00,2026-08-31T19:11:05.128+00:00,2026-08-31T19:11:05.128+00:00,2026-08-31T19:11:06.121+00:00,2026-08-31T19:11:06.121+00:00,0.411784,0.9934038049996161,sqs-worker-5986dcd897-rwcrv,ip-192-168-20-201.ec2.internal,7c7530c428f28427a8642987fc074b1c0307f7bde498e9a1623e192e052f639d,1,4.0,997.0
1,hpa-mmpp-202-e2c78c3d,000235,139.155437,2026-08-31T19:11:08.465+00:00,2026-08-31T19:11:04.731+00:00,2026-08-31T19:11:04.735+00:00,2026-08-31T19:11:04.735+00:00,2026-08-31T19:11:06.002+00:00,2026-08-31T19:11:06.002+00:00,0.538925,1.2672175619991322,sqs-worker-5986dcd897-x8rdl,ip-192-168-20-201.ec2.internal,409b8364cce059750e868b14ac2b2a5c61384499f3a5fde5e6ddd4be21a28999,1,4.0,1271.0
1,hpa-mmpp-202-e2c78c3d,000242,141.050826,2026-08-31T19:11:10.358+00:00,2026-08-31T19:11:06.618+00:00,2026-08-31T19:11:06.622+00:00,2026-08-31T19:11:06.622+00:00,2026-08-31T19:11:06.649+00:00,2026-08-31T19:11:06.649+00:00,0.026101,0.02621630700014066,sqs-worker-5986dcd897-bf4mh,ip-192-168-20-201.ec2.internal,fb75b05d5339576e5b2e58c84011001fc7a6f28f8dbdf18d9dac11a65daf28bb,1,4.0,31.0
1,hpa-mmpp-202-e2c78c3d,000243,141.084308,2026-08-31T19:11:10.391+00:00,2026-08-31T19:11:06.655+00:00,2026-08-31T19:11:06.659+00:00,2026-08-31T19:11:06.659+00:00,2026-08-31T19:11:06.689+00:00,2026-08-31T19:11:06.689+00:00,0.017696,0.029232326000055764,sqs-worker-5986dcd897-rwcrv,ip-192-168-20-201.ec2.internal,08331b2f329433927d31953bd4607b11bdc64ebf3acb750c661f3c4664f1c739,1,4.0,34.0
1,hpa-mmpp-202-e2c78c3d,000246,141.333823,2026-08-31T19:11:10.641+00:00,2026-08-31T19:11:06.903+00:00,2026-08-31T19:11:06.906+00:00,2026-08-31T19:11:06.906+00:00,2026-08-31T19:11:07.040+00:00,2026-08-31T19:11:07.041+00:00,0.071286,0.13417921499967633,sqs-worker-5986dcd897-rwcrv,ip-192-168-20-201.ec2.internal,5edb479d357ac4ab1b71573a7016756ee4d2c18bf826a9fd7d74c362e65f5897,1,3.0,137.0
1,hpa-mmpp-202-e2c78c3d,000244,141.108946,2026-08-31T19:11:10.416+00:00,2026-08-31T19:11:06.681+00:00,2026-08-31T19:11:06.685+00:00,2026-08-31T19:11:06.685+00:00,2026-08-31T19:11:07.212+00:00,2026-08-31T19:11:07.212+00:00,0.227072,0.5271539500008657,sqs-worker-5986dcd897-x8rdl,ip-192-168-20-201.ec2.internal,5e98d495de260154cc56af86cc306cdbaf4b732c91d5ae3aa39f02d2f32f7ca8,1,4.0,531.0
1,hpa-mmpp-202-e2c78c3d,000241,140.761948,2026-08-31T19:11:10.069+00:00,2026-08-31T19:11:06.330+00:00,2026-08-31T19:11:06.334+00:00,2026-08-31T19:11:06.334+00:00,2026-08-31T19:11:07.271+00:00,2026-08-31T19:11:07.271+00:00,0.396587,0.9378212239989807,sqs-worker-5986dcd897-5c6nb,ip-192-168-20-201.ec2.internal,7c1637af8a5d0abe866236003e3933f22f96acb66b693c07ea162b010a1cd87a,1,4.0,941.0
1,hpa-mmpp-202-e2c78c3d,000248,141.674609,2026-08-31T19:11:10.981+00:00,2026-08-31T19:11:07.244+00:00,2026-08-31T19:11:07.248+00:00,2026-08-31T19:11:07.248+00:00,2026-08-31T19:11:07.460+00:00,2026-08-31T19:11:07.460+00:00,0.089336,0.21234308699968096,sqs-worker-5986dcd897-bf4mh,ip-192-168-20-201.ec2.internal,043c82b7947b5304497d60380c07c7ae975031525dacc70a7e6fd2d42c90aa46,1,4.0,216.0
1,hpa-mmpp-202-e2c78c3d,000249,141.712277,2026-08-31T19:11:11.019+00:00,2026-08-31T19:11:07.285+00:00,2026-08-31T19:11:07.288+00:00,2026-08-31T19:11:07.288+00:00,2026-08-31T19:11:08.075+00:00,2026-08-31T19:11:08.075+00:00,0.320445,0.786892121001074,sqs-worker-5986dcd897-x8rdl,ip-192-168-20-201.ec2.internal,83f5ddb241a6da8f0c2e042f5b45687f1c1592c6afaf6eb13bfdb45ce72f3070,1,3.0,790.0
1,hpa-mmpp-202-e2c78c3d,000252,142.040467,2026-08-31T19:11:11.347+00:00,2026-08-31T19:11:07.612+00:00,2026-08-31T19:11:07.616+00:00,2026-08-31T19:11:07.616+00:00,2026-08-31T19:11:08.092+00:00,2026-08-31T19:11:08.092+00:00,0.213058,0.47554157599915925,sqs-worker-5986dcd897-5c6nb,ip-192-168-20-201.ec2.internal,cb2cbb4a1302be3fbb6dfd973273006f9e934259c9892c4ad6ea71054d606483,1,4.0,480.0
1,hpa-mmpp-202-e2c78c3d,000255,142.848496,2026-08-31T19:11:12.155+00:00,2026-08-31T19:11:08.419+00:00,2026-08-31T19:11:08.423+00:00,2026-08-31T19:11:08.423+00:00,2026-08-31T19:11:08.906+00:00,2026-08-31T19:11:08.906+00:00,0.203053,0.48218092500064813,sqs-worker-5986dcd897-rwcrv,ip-192-168-20-201.ec2.internal,78b7ef8dded17027c8729b3784b46f9c3d4e395a193d3a88bf59967ced08f033,1,4.0,487.0
1,hpa-mmpp-202-e2c78c3d,000260,143.489836,2026-08-31T19:11:12.797+00:00,2026-08-31T19:11:09.059+00:00,2026-08-31T19:11:09.171+00:00,2026-08-31T19:11:09.171+00:00,2026-08-31T19:11:09.183+00:00,2026-08-31T19:11:09.183+00:00,0.005389,0.012490733999584336,sqs-worker-5986dcd897-x8rdl,ip-192-168-20-201.ec2.internal,cf28719909eea8c05155e06b84073810421de44b3616ba41bb2ed5fd271c64fb,1,112.0,124.0
1,hpa-mmpp-202-e2c78c3d,000256,142.992571,2026-08-31T19:11:12.300+00:00,2026-08-31T19:11:08.569+00:00,2026-08-31T19:11:08.575+00:00,2026-08-31T19:11:08.575+00:00,2026-08-31T19:11:09.167+00:00,2026-08-31T19:11:09.167+00:00,0.24071,0.5921140819991706,sqs-worker-5986dcd897-5c6nb,ip-192-168-20-201.ec2.internal,4359479b1578e5d3679838064ca5f769d43ab88ce11d4dc1a09f31af30eaeb62,1,6.0,598.0
1,hpa-mmpp-202-e2c78c3d,000251,141.971487,2026-08-31T19:11:11.278+00:00,2026-08-31T19:11:07.545+00:00,2026-08-31T19:11:07.549+00:00,2026-08-31T19:11:07.549+00:00,2026-08-31T19:11:08.759+00:00,2026-08-31T19:11:08.759+00:00,0.328499,1.2098609490003582,sqs-worker-5986dcd897-bf4mh,ip-192-168-20-201.ec2.internal,6d4ac56a26c04fa22288ac2c912ec376c473255c6ae4cbfa330ec1c057f09c42,1,4.0,1214.0
1,hpa-mmpp-202-e2c78c3d,000257,143.124666,2026-08-31T19:11:12.431+00:00,2026-08-31T19:11:08.696+00:00,2026-08-31T19:11:08.699+00:00,2026-08-31T19:11:08.699+00:00,2026-08-31T19:11:09.125+00:00,2026-08-31T19:11:09.125+00:00,0.188779,0.42591612999967765,sqs-worker-5986dcd897-x8rdl,ip-192-168-20-201.ec2.internal,ddb846c9e28ef77c9aed6b5755debe989fcfd6cb23023de933b8436b9ee38ef6,1,3.0,429.0
1,hpa-mmpp-202-e2c78c3d,000259,143.433434,2026-08-31T19:11:12.740+00:00,2026-08-31T19:11:09.048+00:00,2026-08-31T19:11:09.054+00:00,2026-08-31T19:11:09.054+00:00,2026-08-31T19:11:09.838+00:00,2026-08-31T19:11:09.838+00:00,0.338411,0.7836265820005792,sqs-worker-5986dcd897-rwcrv,ip-192-168-20-201.ec2.internal,6985d39c42a3878235c4c5e5f565001f159e36ee72990eacd0b8ea68555f3373,1,6.0,790.0
1,hpa-mmpp-202-e2c78c3d,000261,143.562204,2026-08-31T19:11:12.869+00:00,2026-08-31T19:11:09.136+00:00,2026-08-31T19:11:09.197+00:00,2026-08-31T19:11:09.197+00:00,2026-08-31T19:11:09.567+00:00,2026-08-31T19:11:09.567+00:00,0.167059,0.37038838700027554,sqs-worker-5986dcd897-5c6nb,ip-192-168-20-201.ec2.internal,11a3b3cc044726eeb36ba659c7c703ce6939e2c660cf8f25e39f99a9caaa4247,1,61.0,431.0
1,hpa-mmpp-202-e2c78c3d,000245,141.249354,2026-08-31T19:11:10.556+00:00,2026-08-31T19:11:06.822+00:00,2026-08-31T19:11:06.825+00:00,2026-08-31T19:11:06.826+00:00,2026-08-31T19:11:06.840+00:00,2026-08-31T19:11:06.840+00:00,0.014485,0.014598595000279602,sqs-worker-5986dcd897-rwcrv,ip-192-168-20-201.ec2.internal,6e4be3b731e81fdf647348b5f3f6c7eb4178f51fbfe4384933a8acbc5325ce51,1,3.0,18.0
1,hpa-mmpp-202-e2c78c3d,000250,141.841098,2026-08-31T19:11:11.148+00:00,2026-08-31T19:11:07.415+00:00,2026-08-31T19:11:07.426+00:00,2026-08-31T19:11:07.427+00:00,2026-08-31T19:11:07.567+00:00,2026-08-31T19:11:07.567+00:00,0.076942,0.14029812700027833,sqs-worker-5986dcd897-5c6nb,ip-192-168-20-201.ec2.internal,06fa094f716980ba22af4f50b42dbb28de8ded1850a21af8534e7a52f2b242ce,1,11.0,152.0
1,hpa-mmpp-202-e2c78c3d,000247,141.5745,2026-08-31T19:11:10.881+00:00,2026-08-31T19:11:07.144+00:00,2026-08-31T19:11:07.147+00:00,2026-08-31T19:11:07.147+00:00,2026-08-31T19:11:07.736+00:00,2026-08-31T19:11:07.736+00:00,0.266928,0.5890291910000087,sqs-worker-5986dcd897-rwcrv,ip-192-168-20-201.ec2.internal,cbcfe5d537667486af6b93efe9032a09e9f3626a63e023baf22f9c2873b1f585,1,3.0,592.0
1,hpa-mmpp-202-e2c78c3d,000253,142.290608,2026-08-31T19:11:11.597+00:00,2026-08-31T19:11:07.862+00:00,2026-08-31T19:11:07.868+00:00,2026-08-31T19:11:07.868+00:00,2026-08-31T19:11:08.016+00:00,2026-08-31T19:11:08.016+00:00,0.062675,0.14778356300121231,sqs-worker-5986dcd897-rwcrv,ip-192-168-20-201.ec2.internal,95dac268319565265cd26e6f757cbcf0794045d0e435979bf7eab6d6bd6da094,1,6.0,154.0
1,hpa-mmpp-202-e2c78c3d,000254,142.717965,2026-08-31T19:11:12.025+00:00,2026-08-31T19:11:08.286+00:00,2026-08-31T19:11:08.290+00:00,2026-08-31T19:11:08.290+00:00,2026-08-31T19:11:08.412+00:00,2026-08-31T19:11:08.412+00:00,0.069555,0.12251224399915372,sqs-worker-5986dcd897-x8rdl,ip-192-168-20-201.ec2.internal,d4623d48d3187c6c4fee7be6e1ecb9c976a00d78ec90bdc962c05231381c6b9b,1,4.0,126.0
1,hpa-mmpp-202-e2c78c3d,000258,143.154321,2026-08-31T19:11:12.461+00:00,2026-08-31T19:11:08.727+00:00,2026-08-31T19:11:08.876+00:00,2026-08-31T19:11:08.876+00:00,2026-08-31T19:11:09.361+00:00,2026-08-31T19:11:09.361+00:00,0.085723,0.4853904900010093,sqs-worker-5986dcd897-bf4mh,ip-192-168-20-201.ec2.internal,473bdc2c7b05f2f1fa999508b0150a062f054718d98d8a5749d266b7018187ff,1,149.0,634.0
1,hpa-mmpp-202-e2c78c3d,000262,145.615503,2026-08-31T19:11:14.924+00:00,2026-08-31T19:11:11.189+00:00,2026-08-31T19:11:11.192+00:00,2026-08-31T19:11:11.192+00:00,2026-08-31T19:11:11.321+00:00,2026-08-31T19:11:11.321+00:00,0.073787,0.1296196309995139,sqs-worker-5986dcd897-rwcrv,ip-192-168-20-201.ec2.internal,7047e8e64d7bb00f63f88ff6347d807a0a16cf7f23dd2777c6e6550bac36f348,1,3.0,132.0
1,hpa-mmpp-202-e2c78c3d,000263,145.6611,2026-08-31T19:11:14.968+00:00,2026-08-31T19:11:11.230+00:00,2026-08-31T19:11:11.234+00:00,2026-08-31T19:11:11.234+00:00,2026-08-31T19:11:11.561+00:00,2026-08-31T19:11:11.561+00:00,0.150463,0.3270638659996621,sqs-worker-5986dcd897-bf4mh,ip-192-168-20-201.ec2.internal,7403efbc959cf60e8310cfea8c71026677a2809b08ffe5728b7b65543e5f266d,1,4.0,331.0
1,hpa-mmpp-202-e2c78c3d,000264,146.558162,2026-08-31T19:11:15.865+00:00,2026-08-31T19:11:12.126+00:00,2026-08-31T19:11:12.130+00:00,2026-08-31T19:11:12.130+00:00,2026-08-31T19:11:12.153+00:00,2026-08-31T19:11:12.153+00:00,0.022981,0.023053869999785093,sqs-worker-5986dcd897-x8rdl,ip-192-168-20-201.ec2.internal,41988580e55c09c435aae9272a99c8ab8385bbced38f6ec425f3edf7262491e1,1,4.0,27.0
1,hpa-mmpp-202-e2c78c3d,000265,146.965318,2026-08-31T19:11:16.272+00:00,2026-08-31T19:11:12.534+00:00,2026-08-31T19:11:12.537+00:00,2026-08-31T19:11:12.538+00:00,2026-08-31T19:11:12.575+00:00,2026-08-31T19:11:12.575+00:00,0.037744,0.0377927469999122,sqs-worker-5986dcd897-x8rdl,ip-192-168-20-201.ec2.internal,907ae47c719bb2e520c8e8fd37d34d7f10eb35032890a32bf89a0169164a6445,1,3.0,41.0
1,hpa-mmpp-202-e2c78c3d,000267,148.694822,2026-08-31T19:11:18.003+00:00,2026-08-31T19:11:14.270+00:00,2026-08-31T19:11:14.274+00:00,2026-08-31T19:11:14.274+00:00,2026-08-31T19:11:14.568+00:00,2026-08-31T19:11:14.568+00:00,0.133384,0.2946474099990155,sqs-worker-5986dcd897-5c6nb,ip-192-168-20-201.ec2.internal,6713b70a6d6ae5fa75543e4142eb96abef48498a97de74814194829be58a6598,1,4.0,298.0
1,hpa-mmpp-202-e2c78c3d,000266,147.555265,2026-08-31T19:11:16.862+00:00,2026-08-31T19:11:13.124+00:00,2026-08-31T19:11:13.128+00:00,2026-08-31T19:11:13.128+00:00,2026-08-31T19:11:15.814+00:00,2026-08-31T19:11:15.814+00:00,0.565801,2.6856354610008566,sqs-worker-5986dcd897-rwcrv,ip-192-168-20-201.ec2.internal,dc85aecd0ae9e3a13a1b9fda80e89a4e07944e963f186ab14aad8d0d39ab3e28,1,4.0,2690.0
1,hpa-mmpp-202-e2c78c3d,000268,152.067489,2026-08-31T19:11:21.377+00:00,2026-08-31T19:11:17.641+00:00,2026-08-31T19:11:17.674+00:00,2026-08-31T19:11:17.674+00:00,2026-08-31T19:11:17.710+00:00,2026-08-31T19:11:17.710+00:00,0.035843,0.03588426799979061,sqs-worker-5986dcd897-bf4mh,ip-192-168-20-201.ec2.internal,eae079206432e878cc123dfe504da5e55114c0f1f6cff43975e38594d6a0d22d,1,33.0,69.0
1,hpa-mmpp-202-e2c78c3d,000270,155.647923,2026-08-31T19:11:24.954+00:00,2026-08-31T19:11:21.221+00:00,2026-08-31T19:11:21.225+00:00,2026-08-31T19:11:21.225+00:00,2026-08-31T19:11:21.316+00:00,2026-08-31T19:11:21.316+00:00,0.046916,0.09142509400044219,sqs-worker-5986dcd897-rwcrv,ip-192-168-20-201.ec2.internal,8f08192744f8a3f22400f7ea8ba5111934d7e9aa05a02782b865b8042e696bbf,1,4.0,95.0
1,hpa-mmpp-202-e2c78c3d,000269,154.463712,2026-08-31T19:11:23.773+00:00,2026-08-31T19:11:20.034+00:00,2026-08-31T19:11:20.038+00:00,2026-08-31T19:11:20.038+00:00,2026-08-31T19:11:22.300+00:00,2026-08-31T19:11:22.300+00:00,0.510562,2.2616818149999744,sqs-worker-5986dcd897-x8rdl,ip-192-168-20-201.ec2.internal,0efdf7ecb0f6e9dff9973852ae1d6cfc148f45d1cd99be3ece44302f6c3124df,1,4.0,2266.0
1,hpa-mmpp-202-e2c78c3d,000271,158.226436,2026-08-31T19:11:27.534+00:00,2026-08-31T19:11:23.799+00:00,2026-08-31T19:11:23.802+00:00,2026-08-31T19:11:23.802+00:00,2026-08-31T19:11:23.836+00:00,2026-08-31T19:11:23.836+00:00,0.034143,0.03420764000111376,sqs-worker-5986dcd897-x8rdl,ip-192-168-20-201.ec2.internal,93797e9ac78ef4f7a6596d36ecd837546c22e05ffe3407ab768f99d1642560ef,1,3.0,37.0
1,hpa-mmpp-202-e2c78c3d,000272,159.241186,2026-08-31T19:11:28.547+00:00,2026-08-31T19:11:24.810+00:00,2026-08-31T19:11:24.815+00:00,2026-08-31T19:11:24.815+00:00,2026-08-31T19:11:24.830+00:00,2026-08-31T19:11:24.830+00:00,0.014976,0.015017224999610335,sqs-worker-5986dcd897-bf4mh,ip-192-168-20-201.ec2.internal,e9b6f90a69ffac53a057d433c049249301ce4b7e7b1c2fb556e7d9f147ddd107,1,5.0,20.0
1,hpa-mmpp-202-e2c78c3d,000274,159.445517,2026-08-31T19:11:28.751+00:00,2026-08-31T19:11:25.018+00:00,2026-08-31T19:11:25.027+00:00,2026-08-31T19:11:25.027+00:00,2026-08-31T19:11:25.247+00:00,2026-08-31T19:11:25.247+00:00,0.100532,0.21960287699948822,sqs-worker-5986dcd897-5c6nb,ip-192-168-20-201.ec2.internal,5582843eb74cb42952912b2f545a026a2726ff5b174c3fea9f0f1a98d0aba29e,1,9.0,229.0
1,hpa-mmpp-202-e2c78c3d,000276,159.502096,2026-08-31T19:11:28.807+00:00,2026-08-31T19:11:25.071+00:00,2026-08-31T19:11:25.075+00:00,2026-08-31T19:11:25.075+00:00,2026-08-31T19:11:25.436+00:00,2026-08-31T19:11:25.436+00:00,0.153645,0.3610714500009635,sqs-worker-5986dcd897-bf4mh,ip-192-168-20-201.ec2.internal,af1909fa5304b4f8ed4b256fbd073767637196a0911b186955bcee9ec2e4e62d,1,4.0,365.0
1,hpa-mmpp-202-e2c78c3d,000278,159.644978,2026-08-31T19:11:28.950+00:00,2026-08-31T19:11:25.217+00:00,2026-08-31T19:11:25.451+00:00,2026-08-31T19:11:25.451+00:00,2026-08-31T19:11:25.655+00:00,2026-08-31T19:11:25.655+00:00,0.085702,0.2036338979996799,sqs-worker-5986dcd897-bf4mh,ip-192-168-20-201.ec2.internal,8eaaa0c9b07e1c68eeef05cceec539ab2b74f9a00315be35becfb2b9b8115e40,1,234.0,438.0
1,hpa-mmpp-202-e2c78c3d,000280,159.91195,2026-08-31T19:11:29.217+00:00,2026-08-31T19:11:25.480+00:00,2026-08-31T19:11:25.530+00:00,2026-08-31T19:11:25.530+00:00,2026-08-31T19:11:25.615+00:00,2026-08-31T19:11:25.615+00:00,0.045262,0.08422269000038796,sqs-worker-5986dcd897-x8rdl,ip-192-168-20-201.ec2.internal,0f4d6294db0d124cb0798b4bf0767c4aee240e6a8ccebd3a7aede88f0f2101bd,1,50.0,135.0
1,hpa-mmpp-202-e2c78c3d,000279,159.901464,2026-08-31T19:11:29.207+00:00,2026-08-31T19:11:25.471+00:00,2026-08-31T19:11:25.636+00:00,2026-08-31T19:11:25.636+00:00,2026-08-31T19:11:26.188+00:00,2026-08-31T19:11:26.188+00:00,0.217743,0.5525957379995816,sqs-worker-5986dcd897-x8rdl,ip-192-168-20-201.ec2.internal,4a1f677fd7e51d1214a48266b757a6dc2561dea87224c7ab0b3673ce0fefa456,1,165.0,717.0
1,hpa-mmpp-202-e2c78c3d,000273,159.35095,2026-08-31T19:11:28.656+00:00,2026-08-31T19:11:24.920+00:00,2026-08-31T19:11:24.924+00:00,2026-08-31T19:11:24.924+00:00,2026-08-31T19:11:25.505+00:00,2026-08-31T19:11:25.505+00:00,0.258886,0.5801692770000955,sqs-worker-5986dcd897-x8rdl,ip-192-168-20-201.ec2.internal,bae0e09289492aa1e8459a41979eafc3f9e4baeebeca5a14378ed00adea92e1a,1,4.0,585.0
1,hpa-mmpp-202-e2c78c3d,000281,160.416561,2026-08-31T19:11:29.722+00:00,2026-08-31T19:11:25.986+00:00,2026-08-31T19:11:25.991+00:00,2026-08-31T19:11:25.991+00:00,2026-08-31T19:11:26.279+00:00,2026-08-31T19:11:26.279+00:00,0.143012,0.2874977339997713,sqs-worker-5986dcd897-bf4mh,ip-192-168-20-201.ec2.internal,601623479d7a824f30e0f8a754acd318dba840b66a7415c02fee03ea722839d4,1,5.0,293.0
1,hpa-mmpp-202-e2c78c3d,000282,160.431129,2026-08-31T19:11:29.736+00:00,2026-08-31T19:11:26.002+00:00,2026-08-31T19:11:26.054+00:00,2026-08-31T19:11:26.054+00:00,2026-08-31T19:11:26.442+00:00,2026-08-31T19:11:26.443+00:00,0.176474,0.3888414279990684,sqs-worker-5986dcd897-rwcrv,ip-192-168-20-201.ec2.internal,e7267a65bb78035db133a5270d9285910a5cd290bdf21ea0f4a19bf0ce903e5d,1,52.0,440.0
1,hpa-mmpp-202-e2c78c3d,000285,161.07915,2026-08-31T19:11:30.385+00:00,2026-08-31T19:11:26.649+00:00,2026-08-31T19:11:26.654+00:00,2026-08-31T19:11:26.654+00:00,2026-08-31T19:11:26.680+00:00,2026-08-31T19:11:26.680+00:00,0.026177,0.026242476000334136,sqs-worker-5986dcd897-rwcrv,ip-192-168-20-201.ec2.internal,2edc157bdb913ff9ac753bf798b1e35393930ec58f4bbdc01d928ae0bbfbd26d,1,5.0,31.0
1,hpa-mmpp-202-e2c78c3d,000284,160.819381,2026-08-31T19:11:30.125+00:00,2026-08-31T19:11:26.391+00:00,2026-08-31T19:11:26.395+00:00,2026-08-31T19:11:26.395+00:00,2026-08-31T19:11:26.442+00:00,2026-08-31T19:11:26.442+00:00,0.03694,0.04699947199878807,sqs-worker-5986dcd897-bf4mh,ip-192-168-20-201.ec2.internal,f3c04f266edc6f7dd737fac92be4a74f16efb65303e56677c6199928a0244df5,1,4.0,51.0
1,hpa-mmpp-202-e2c78c3d,000283,160.631064,2026-08-31T19:11:29.936+00:00,2026-08-31T19:11:26.230+00:00,2026-08-31T19:11:26.236+00:00,2026-08-31T19:11:26.236+00:00,2026-08-31T19:11:26.804+00:00,2026-08-31T19:11:26.804+00:00,0.24785,0.5671506890012097,sqs-worker-5986dcd897-x8rdl,ip-192-168-20-201.ec2.internal,6992aeac35128931c9a34dcdc3e187bd8b5acb3e19247197cad2655ef6260f80,1,6.0,574.0
1,hpa-mmpp-202-e2c78c3d,000286,161.309364,2026-08-31T19:11:30.615+00:00,2026-08-31T19:11:26.886+00:00,2026-08-31T19:11:26.889+00:00,2026-08-31T19:11:26.889+00:00,2026-08-31T19:11:27.104+00:00,2026-08-31T19:11:27.104+00:00,0.096277,0.21462974399946688,sqs-worker-5986dcd897-rwcrv,ip-192-168-20-201.ec2.internal,7d9261d36d9f6f299aafa4d9789b8281e2b2317188e33979254d1878bdc8939a,1,3.0,218.0
1,hpa-mmpp-202-e2c78c3d,000275,159.489098,2026-08-31T19:11:28.794+00:00,2026-08-31T19:11:25.061+00:00,2026-08-31T19:11:25.064+00:00,2026-08-31T19:11:25.064+00:00,2026-08-31T19:11:26.017+00:00,2026-08-31T19:11:26.017+00:00,0.402844,0.9533997050002654,sqs-worker-5986dcd897-rwcrv,ip-192-168-20-201.ec2.internal,c1901d477c4e203d07047ccf47d92ae9c35386993d6cd9d83578fcaad7e402c2,1,3.0,956.0
1,hpa-mmpp-202-e2c78c3d,000277,159.63066,2026-08-31T19:11:28.936+00:00,2026-08-31T19:11:25.199+00:00,2026-08-31T19:11:25.281+00:00,2026-08-31T19:11:25.281+00:00,2026-08-31T19:11:26.954+00:00,2026-08-31T19:11:26.954+00:00,0.681315,1.6728373339992686,sqs-worker-5986dcd897-5c6nb,ip-192-168-20-201.ec2.internal,05c410a6c6eaee87025bb665c1e265218f98294072c85c50a58db0dcd0242769,1,82.0,1755.0
1,hpa-mmpp-202-e2c78c3d,000287,165.44376,2026-08-31T19:11:34.753+00:00,2026-08-31T19:11:31.023+00:00,2026-08-31T19:11:31.027+00:00,2026-08-31T19:11:31.027+00:00,2026-08-31T19:11:31.232+00:00,2026-08-31T19:11:31.232+00:00,0.102553,0.20471302899932198,sqs-worker-5986dcd897-rwcrv,ip-192-168-20-201.ec2.internal,e1b37c78fb0e1bbfded5da5a4da5adc438683d4e838e354c4223ed6e432786d6,1,4.0,209.0
1,hpa-mmpp-202-e2c78c3d,000289,166.461464,2026-08-31T19:11:35.767+00:00,2026-08-31T19:11:32.031+00:00,2026-08-31T19:11:32.040+00:00,2026-08-31T19:11:32.040+00:00,2026-08-31T19:11:32.334+00:00,2026-08-31T19:11:32.334+00:00,0.133246,0.2933231049992173,sqs-worker-5986dcd897-bf4mh,ip-192-168-20-201.ec2.internal,bf797e515c5608b54dfd17f145e98e2d397e84c0ba7ff845c20630026fa5ea1b,1,9.0,303.0
1,hpa-mmpp-202-e2c78c3d,000288,165.824713,2026-08-31T19:11:35.130+00:00,2026-08-31T19:11:31.395+00:00,2026-08-31T19:11:31.399+00:00,2026-08-31T19:11:31.399+00:00,2026-08-31T19:11:32.513+00:00,2026-08-31T19:11:32.513+00:00,0.470512,1.1146124050010258,sqs-worker-5986dcd897-x8rdl,ip-192-168-20-201.ec2.internal,c72ee84139285e9d4987b1741e2eb176712aad519fcb45593b3f8517b44c483c,1,4.0,1118.0
1,hpa-mmpp-202-e2c78c3d,000291,167.250909,2026-08-31T19:11:36.557+00:00,2026-08-31T19:11:32.827+00:00,2026-08-31T19:11:32.830+00:00,2026-08-31T19:11:32.830+00:00,2026-08-31T19:11:32.867+00:00,2026-08-31T19:11:32.867+00:00,0.036661,0.03675418999955582,sqs-worker-5986dcd897-5c6nb,ip-192-168-20-201.ec2.internal,b6bb9fe7c4d5109af5ff439bb80fff10346b590287487f6e90f04282954251a7,1,3.0,40.0
1,hpa-mmpp-202-e2c78c3d,000290,166.807754,2026-08-31T19:11:36.113+00:00,2026-08-31T19:11:32.381+00:00,2026-08-31T19:11:32.386+00:00,2026-08-31T19:11:32.386+00:00,2026-08-31T19:11:32.394+00:00,2026-08-31T19:11:32.394+00:00,0.008084,0.008159084998624166,sqs-worker-5986dcd897-5c6nb,ip-192-168-20-201.ec2.internal,d72dc568f82ee6e754b970b6249147014e52d5220f1676d9ff2573bb9bfc6bc5,1,5.0,13.0
1,hpa-mmpp-202-e2c78c3d,000292,177.143722,2026-08-31T19:11:46.459+00:00,2026-08-31T19:11:42.723+00:00,2026-08-31T19:11:42.727+00:00,2026-08-31T19:11:42.727+00:00,2026-08-31T19:11:42.770+00:00,2026-08-31T19:11:42.770+00:00,0.042146,0.042920814999888535,sqs-worker-5986dcd897-5c6nb,ip-192-168-20-201.ec2.internal,9a0a5a9b6c3fc66de0c6a52b34f697e80be34826502bf9bbc71c30723c568fc5,1,4.0,47.0
