schema_version,experiment_id,job_id,trace_offset_s,producer_sent_at,sqs_sent_at,worker_received_at,processing_started_at,processing_finished_at,result_sent_at,service_cpu_seconds,processing_wall_seconds,pod_name,node_name,digest,receive_count,queue_wait_ms,end_to_end_ms
1,hpa-poisson-303-0e96cdb3,000000,0.020106,2026-08-31T19:16:01.005+00:00,2026-08-31T19:15:57.262+00:00,2026-08-31T19:15:57.270+00:00,2026-08-31T19:15:57.270+00:00,2026-08-31T19:15:57.583+00:00,2026-08-31T19:15:57.583+00:00,0.133957,0.3130908000002819,sqs-worker-5986dcd897-x8rdl,ip-192-168-20-201.ec2.internal,f9ded6f8958192b36ed4c2a267d85cb5582053321311deecd7d801c060110246,1,8.0,321.0
1,hpa-poisson-303-0e96cdb3,000001,2.187267,2026-08-31T19:16:03.173+00:00,2026-08-31T19:15:59.429+00:00,2026-08-31T19:15:59.434+00:00,2026-08-31T19:15:59.434+00:00,2026-08-31T19:15:59.487+00:00,2026-08-31T19:15:59.487+00:00,0.045732,0.05291060799936531,sqs-worker-5986dcd897-x8rdl,ip-192-168-20-201.ec2.internal,808973118a86366f719f199c13310b61009211c0af8c2d39ad99e37816173420,1,5.0,58.0
1,hpa-poisson-303-0e96cdb3,000002,2.322764,2026-08-31T19:16:03.307+00:00,2026-08-31T19:16:00.070+00:00,2026-08-31T19:16:00.087+00:00,2026-08-31T19:16:00.087+00:00,2026-08-31T19:16:01.192+00:00,2026-08-31T19:16:01.192+00:00,0.206611,1.1056265289989824,sqs-worker-5986dcd897-x8rdl,ip-192-168-20-201.ec2.internal,77235642df5c2aa79d4a83d24073e410caaea1029c0ac6d1a3ef5db6fb6be1b6,1,17.0,1122.0
1,hpa-poisson-303-0e96cdb3,000003,5.563939,2026-08-31T19:16:06.551+00:00,2026-08-31T19:16:02.814+00:00,2026-08-31T19:16:02.822+00:00,2026-08-31T19:16:02.822+00:00,2026-08-31T19:16:03.013+00:00,2026-08-31T19:16:03.013+00:00,0.110306,0.19144229099947552,sqs-worker-5986dcd897-x8rdl,ip-192-168-20-201.ec2.internal,380de219ebc0f59d52176a305e38dcbf74ba29a48ed7b2cd04d8d3b21143a4b2,1,8.0,199.0
1,hpa-poisson-303-0e96cdb3,000004,7.396837,2026-08-31T19:16:08.381+00:00,2026-08-31T19:16:04.637+00:00,2026-08-31T19:16:04.645+00:00,2026-08-31T19:16:04.645+00:00,2026-08-31T19:16:04.654+00:00,2026-08-31T19:16:04.654+00:00,0.009661,0.009701180999400094,sqs-worker-5986dcd897-x8rdl,ip-192-168-20-201.ec2.internal,5f31e251f99ed64ca0804c7f8c484f8f0a0e25f717ffe1a1f253ea6fa29ca424,1,8.0,17.0
1,hpa-poisson-303-0e96cdb3,000005,7.58391,2026-08-31T19:16:08.568+00:00,2026-08-31T19:16:04.828+00:00,2026-08-31T19:16:04.837+00:00,2026-08-31T19:16:04.837+00:00,2026-08-31T19:16:05.606+00:00,2026-08-31T19:16:05.606+00:00,0.342965,0.7693832180011668,sqs-worker-5986dcd897-x8rdl,ip-192-168-20-201.ec2.internal,b8d18ebf098da997097dfd289903a3a98f248b7dc24ba902b2c2f2b452fc8dc9,1,9.0,778.0
1,hpa-poisson-303-0e96cdb3,000006,8.037798,2026-08-31T19:16:09.022+00:00,2026-08-31T19:16:05.279+00:00,2026-08-31T19:16:05.634+00:00,2026-08-31T19:16:05.634+00:00,2026-08-31T19:16:06.819+00:00,2026-08-31T19:16:06.819+00:00,0.488728,1.1851300029993581,sqs-worker-5986dcd897-x8rdl,ip-192-168-20-201.ec2.internal,e768ce645935b2ba80becceb9ab5fc309d74dfee155bc2b76f8374e9dd2d80a4,1,355.0,1540.0
1,hpa-poisson-303-0e96cdb3,000008,8.684737,2026-08-31T19:16:09.669+00:00,2026-08-31T19:16:05.925+00:00,2026-08-31T19:16:06.837+00:00,2026-08-31T19:16:06.837+00:00,2026-08-31T19:16:07.806+00:00,2026-08-31T19:16:07.806+00:00,0.382662,0.9681675310002902,sqs-worker-5986dcd897-x8rdl,ip-192-168-20-201.ec2.internal,d7f78327b7af12f7f70aff51d859679dee4e879f22b444c5ef6f2dec07ef1ffc,1,912.0,1881.0
1,hpa-poisson-303-0e96cdb3,000007,8.355275,2026-08-31T19:16:09.339+00:00,2026-08-31T19:16:05.596+00:00,2026-08-31T19:16:07.851+00:00,2026-08-31T19:16:07.851+00:00,2026-08-31T19:16:07.856+00:00,2026-08-31T19:16:07.856+00:00,0.005,0.005036975999246351,sqs-worker-5986dcd897-x8rdl,ip-192-168-20-201.ec2.internal,c5751b0ba3bab3024727abad11443f6d911eda351903f718656dc68eb2b71e79,1,2255.0,2260.0
1,hpa-poisson-303-0e96cdb3,000009,9.659209,2026-08-31T19:16:10.644+00:00,2026-08-31T19:16:06.902+00:00,2026-08-31T19:16:07.882+00:00,2026-08-31T19:16:07.882+00:00,2026-08-31T19:16:08.909+00:00,2026-08-31T19:16:08.909+00:00,0.426668,1.0272252279992244,sqs-worker-5986dcd897-x8rdl,ip-192-168-20-201.ec2.internal,6fe9b9f7ccd37ff829bd1c4553a0508fdfa745fe0df3bde33ceac4ee79ed6743,1,980.0,2007.0000000000002
1,hpa-poisson-303-0e96cdb3,000011,10.943667,2026-08-31T19:16:11.927+00:00,2026-08-31T19:16:08.183+00:00,2026-08-31T19:16:08.927+00:00,2026-08-31T19:16:08.927+00:00,2026-08-31T19:16:09.196+00:00,2026-08-31T19:16:09.196+00:00,0.102862,0.26862625499961723,sqs-worker-5986dcd897-x8rdl,ip-192-168-20-201.ec2.internal,cbcdfce1e49cde80629cdacae361a1befa3cf5b084845fac113ad83771e435b5,1,744.0,1012.9999999999999
1,hpa-poisson-303-0e96cdb3,000010,10.758392,2026-08-31T19:16:11.743+00:00,2026-08-31T19:16:08.008+00:00,2026-08-31T19:16:09.225+00:00,2026-08-31T19:16:09.225+00:00,2026-08-31T19:16:09.388+00:00,2026-08-31T19:16:09.389+00:00,0.068353,0.16344980600115377,sqs-worker-5986dcd897-x8rdl,ip-192-168-20-201.ec2.internal,59acd4f5bca44dd42bc387ddc0855e9e0f491a2bf82a04b02f44afd5bc339b54,1,1217.0,1380.0
1,hpa-poisson-303-0e96cdb3,000012,11.434336,2026-08-31T19:16:12.418+00:00,2026-08-31T19:16:08.675+00:00,2026-08-31T19:16:09.414+00:00,2026-08-31T19:16:09.414+00:00,2026-08-31T19:16:11.390+00:00,2026-08-31T19:16:11.390+00:00,0.430705,1.976334102999317,sqs-worker-5986dcd897-x8rdl,ip-192-168-20-201.ec2.internal,07553ab9aff4b8c9d668b36cd5c142cf021cc1d94e2298e389cf6a077d987d9b,1,739.0,2715.0
1,hpa-poisson-303-0e96cdb3,000014,12.721501,2026-08-31T19:16:13.706+00:00,2026-08-31T19:16:09.962+00:00,2026-08-31T19:16:11.406+00:00,2026-08-31T19:16:11.406+00:00,2026-08-31T19:16:11.874+00:00,2026-08-31T19:16:11.874+00:00,0.075604,0.4688895939998474,sqs-worker-5986dcd897-x8rdl,ip-192-168-20-201.ec2.internal,68896ada8c2c28ce295c3b4b19579c02b16b0a78a520ee898390ade0af867d12,1,1444.0,1912.0
1,hpa-poisson-303-0e96cdb3,000013,12.158331,2026-08-31T19:16:13.143+00:00,2026-08-31T19:16:09.399+00:00,2026-08-31T19:16:11.892+00:00,2026-08-31T19:16:11.892+00:00,2026-08-31T19:16:12.086+00:00,2026-08-31T19:16:12.086+00:00,0.043939,0.194311175000621,sqs-worker-5986dcd897-x8rdl,ip-192-168-20-201.ec2.internal,c41ad2dbf9b84fa34b65d6e76b19427e637447182240fc5abc012c6abc57d086,1,2493.0,2687.0
1,hpa-poisson-303-0e96cdb3,000017,13.536898,2026-08-31T19:16:14.521+00:00,2026-08-31T19:16:10.776+00:00,2026-08-31T19:16:12.117+00:00,2026-08-31T19:16:12.117+00:00,2026-08-31T19:16:13.202+00:00,2026-08-31T19:16:13.202+00:00,0.332094,1.0851696210011141,sqs-worker-5986dcd897-x8rdl,ip-192-168-20-201.ec2.internal,e35f75627ef9010219f59163fdcf2d07970b6985328b9761b118fea4c507e649,1,1341.0,2426.0
1,hpa-poisson-303-0e96cdb3,000018,15.148383,2026-08-31T19:16:16.133+00:00,2026-08-31T19:16:12.388+00:00,2026-08-31T19:16:13.220+00:00,2026-08-31T19:16:13.220+00:00,2026-08-31T19:16:14.885+00:00,2026-08-31T19:16:14.885+00:00,0.659005,1.6651953069995216,sqs-worker-5986dcd897-x8rdl,ip-192-168-20-201.ec2.internal,8308e13befa9fc3288bc3487152fc5f573f842322738c529f3b6e37f5a2ff159,1,832.0,2497.0
1,hpa-poisson-303-0e96cdb3,000019,16.22862,2026-08-31T19:16:17.213+00:00,2026-08-31T19:16:13.468+00:00,2026-08-31T19:16:14.898+00:00,2026-08-31T19:16:14.898+00:00,2026-08-31T19:16:15.115+00:00,2026-08-31T19:16:15.115+00:00,0.10625,0.21697620099985215,sqs-worker-5986dcd897-x8rdl,ip-192-168-20-201.ec2.internal,82741a33bb216006893836f599b30f11d43382a0af6f682254fbf3e845822e75,1,1430.0,1647.0
1,hpa-poisson-303-0e96cdb3,000015,12.802434,2026-08-31T19:16:13.786+00:00,2026-08-31T19:16:10.045+00:00,2026-08-31T19:16:15.147+00:00,2026-08-31T19:16:15.147+00:00,2026-08-31T19:16:15.314+00:00,2026-08-31T19:16:15.314+00:00,0.075329,0.1669990959999268,sqs-worker-5986dcd897-x8rdl,ip-192-168-20-201.ec2.internal,131cafc2ddfee14149785deb2e3f45d8a0b227dbaa34f49389fca6f884293e45,1,5102.0,5269.0
1,hpa-poisson-303-0e96cdb3,000016,13.112512,2026-08-31T19:16:14.097+00:00,2026-08-31T19:16:10.357+00:00,2026-08-31T19:16:15.327+00:00,2026-08-31T19:16:15.327+00:00,2026-08-31T19:16:15.718+00:00,2026-08-31T19:16:15.718+00:00,0.159565,0.3906977220012777,sqs-worker-5986dcd897-x8rdl,ip-192-168-20-201.ec2.internal,682603d1348f438fdc48869bba121a44930155254d3eec4f7ea3adb3ee60fd46,1,4970.0,5361.0
1,hpa-poisson-303-0e96cdb3,000020,16.930737,2026-08-31T19:16:17.915+00:00,2026-08-31T19:16:14.173+00:00,2026-08-31T19:16:15.751+00:00,2026-08-31T19:16:15.751+00:00,2026-08-31T19:16:16.183+00:00,2026-08-31T19:16:16.183+00:00,0.160542,0.43215309199877083,sqs-worker-5986dcd897-x8rdl,ip-192-168-20-201.ec2.internal,b8d3bad4c2e0a4c696deb18f4bb1b09a2efe09dfa58f0d6e0121829858802ada,1,1578.0,2009.9999999999998
1,hpa-poisson-303-0e96cdb3,000022,18.881581,2026-08-31T19:16:19.867+00:00,2026-08-31T19:16:16.124+00:00,2026-08-31T19:16:16.211+00:00,2026-08-31T19:16:16.211+00:00,2026-08-31T19:16:16.998+00:00,2026-08-31T19:16:16.998+00:00,0.331049,0.7873298909998994,sqs-worker-5986dcd897-x8rdl,ip-192-168-20-201.ec2.internal,9df4dca6e5b158f1fdc83c0b91dcc816e7c9fc1d53a34ece67f32188af3fd628,1,87.0,874.0
1,hpa-poisson-303-0e96cdb3,000023,19.044299,2026-08-31T19:16:20.028+00:00,2026-08-31T19:16:16.283+00:00,2026-08-31T19:16:17.012+00:00,2026-08-31T19:16:17.012+00:00,2026-08-31T19:16:17.286+00:00,2026-08-31T19:16:17.286+00:00,0.103573,0.27448959899993497,sqs-worker-5986dcd897-x8rdl,ip-192-168-20-201.ec2.internal,f4d13d2b6066be8638fce9ff9ebb0aa2ee1d7e6eac8d2c6b2df4cda53859d6e2,1,729.0,1002.9999999999999
1,hpa-poisson-303-0e96cdb3,000026,19.964399,2026-08-31T19:16:20.949+00:00,2026-08-31T19:16:17.206+00:00,2026-08-31T19:16:17.300+00:00,2026-08-31T19:16:17.300+00:00,2026-08-31T19:16:17.400+00:00,2026-08-31T19:16:17.400+00:00,0.048384,0.09998505200019281,sqs-worker-5986dcd897-x8rdl,ip-192-168-20-201.ec2.internal,cdae0698f1ee3a9a4573d1ca728d2d741e265a1f4d3b5154a5a9add313c96347,1,94.0,194.0
1,hpa-poisson-303-0e96cdb3,000025,19.408659,2026-08-31T19:16:20.392+00:00,2026-08-31T19:16:16.649+00:00,2026-08-31T19:16:17.415+00:00,2026-08-31T19:16:17.415+00:00,2026-08-31T19:16:18.009+00:00,2026-08-31T19:16:18.009+00:00,0.246166,0.5935675729997456,sqs-worker-5986dcd897-x8rdl,ip-192-168-20-201.ec2.internal,cf09454c8a59a412b0b0f4a180082545ec61ae23f9df4e1727926a682a63e72e,1,766.0,1360.0
1,hpa-poisson-303-0e96cdb3,000024,19.301942,2026-08-31T19:16:20.286+00:00,2026-08-31T19:16:16.543+00:00,2026-08-31T19:16:18.084+00:00,2026-08-31T19:16:18.084+00:00,2026-08-31T19:16:18.287+00:00,2026-08-31T19:16:18.287+00:00,0.082358,0.20372659399981785,sqs-worker-5986dcd897-x8rdl,ip-192-168-20-201.ec2.internal,f8f88931aee7c1277850cc105fe17f8dca416ce6ef5f1235c14276e22ef5df02,1,1541.0,1744.0
1,hpa-poisson-303-0e96cdb3,000021,17.136214,2026-08-31T19:16:18.120+00:00,2026-08-31T19:16:14.382+00:00,2026-08-31T19:16:18.305+00:00,2026-08-31T19:16:18.305+00:00,2026-08-31T19:16:18.594+00:00,2026-08-31T19:16:18.594+00:00,0.119751,0.28954876300122123,sqs-worker-5986dcd897-x8rdl,ip-192-168-20-201.ec2.internal,1b7c561af9eeabfb59c835b992665cab4a3b4a16975ec0a63ca696fc3be56322,1,3923.0,4212.0
1,hpa-poisson-303-0e96cdb3,000028,21.713081,2026-08-31T19:16:22.698+00:00,2026-08-31T19:16:18.954+00:00,2026-08-31T19:16:18.958+00:00,2026-08-31T19:16:18.958+00:00,2026-08-31T19:16:19.392+00:00,2026-08-31T19:16:19.392+00:00,0.198178,0.4340381889996934,sqs-worker-5986dcd897-x8rdl,ip-192-168-20-201.ec2.internal,ce9352759cf23da9823b04966ff7575bf31703df3f29a4aca867744ab1bcabd9,1,4.0,438.0
1,hpa-poisson-303-0e96cdb3,000027,20.956808,2026-08-31T19:16:21.941+00:00,2026-08-31T19:16:18.197+00:00,2026-08-31T19:16:18.584+00:00,2026-08-31T19:16:18.584+00:00,2026-08-31T19:16:19.792+00:00,2026-08-31T19:16:19.792+00:00,0.490861,1.2082951339998544,sqs-worker-5986dcd897-7z6bq,ip-192-168-20-201.ec2.internal,b4f0161417c5af68998d7c04ba8a7d4e767cabdb06511997c4739fed71b604fb,1,387.0,1595.0
1,hpa-poisson-303-0e96cdb3,000030,23.567934,2026-08-31T19:16:24.553+00:00,2026-08-31T19:16:20.807+00:00,2026-08-31T19:16:20.817+00:00,2026-08-31T19:16:20.817+00:00,2026-08-31T19:16:21.004+00:00,2026-08-31T19:16:21.004+00:00,0.072425,0.18760053000005428,sqs-worker-5986dcd897-x8rdl,ip-192-168-20-201.ec2.internal,9768fa853ba2fb1092a9729c37bbc0298974e08f0ba274d2cb44f08be25d1538,1,10.0,197.0
1,hpa-poisson-303-0e96cdb3,000029,22.810359,2026-08-31T19:16:23.794+00:00,2026-08-31T19:16:20.073+00:00,2026-08-31T19:16:20.117+00:00,2026-08-31T19:16:20.117+00:00,2026-08-31T19:16:21.030+00:00,2026-08-31T19:16:21.030+00:00,0.194541,0.9136360779993993,sqs-worker-5986dcd897-7z6bq,ip-192-168-20-201.ec2.internal,05e683f232938030dd4a3a88042732d198b2946c8bfda66a5c6a04a624c7f0a7,1,44.0,957.0
1,hpa-poisson-303-0e96cdb3,000031,24.229717,2026-08-31T19:16:25.213+00:00,2026-08-31T19:16:21.473+00:00,2026-08-31T19:16:21.495+00:00,2026-08-31T19:16:21.495+00:00,2026-08-31T19:16:21.523+00:00,2026-08-31T19:16:21.523+00:00,0.026621,0.027739453998947283,sqs-worker-5986dcd897-x8rdl,ip-192-168-20-201.ec2.internal,0a555d38f13ebb48a8075e184f35a8fb9f81faaccd3eae0fd3a904e8087f2eb1,1,22.0,50.0
1,hpa-poisson-303-0e96cdb3,000032,24.410757,2026-08-31T19:16:25.394+00:00,2026-08-31T19:16:21.649+00:00,2026-08-31T19:16:21.653+00:00,2026-08-31T19:16:21.653+00:00,2026-08-31T19:16:22.009+00:00,2026-08-31T19:16:22.009+00:00,0.179747,0.35628114600149274,sqs-worker-5986dcd897-x8rdl,ip-192-168-20-201.ec2.internal,9902617df9f3d2ee8615d04f5a492e0db12dabf645d0f3703f9c382b42abe2c5,1,4.0,360.0
1,hpa-poisson-303-0e96cdb3,000033,26.39983,2026-08-31T19:16:27.384+00:00,2026-08-31T19:16:23.643+00:00,2026-08-31T19:16:23.650+00:00,2026-08-31T19:16:23.650+00:00,2026-08-31T19:16:24.100+00:00,2026-08-31T19:16:24.100+00:00,0.212708,0.45050245899983565,sqs-worker-5986dcd897-x8rdl,ip-192-168-20-201.ec2.internal,4e09746da9e11e3ad4f7e9bd6c52a2482e0f82e5bf20c5f53c33b3961597895c,1,7.0,457.0
1,hpa-poisson-303-0e96cdb3,000034,29.309102,2026-08-31T19:16:30.295+00:00,2026-08-31T19:16:26.549+00:00,2026-08-31T19:16:26.553+00:00,2026-08-31T19:16:26.553+00:00,2026-08-31T19:16:27.218+00:00,2026-08-31T19:16:27.218+00:00,0.289285,0.6653185110008053,sqs-worker-5986dcd897-7z6bq,ip-192-168-20-201.ec2.internal,4b7b57c5af88182203b8745dabfd839d00edadec5b3598f7588e80b27f01bded,1,4.0,669.0
1,hpa-poisson-303-0e96cdb3,000035,30.13357,2026-08-31T19:16:31.117+00:00,2026-08-31T19:16:27.374+00:00,2026-08-31T19:16:27.377+00:00,2026-08-31T19:16:27.378+00:00,2026-08-31T19:16:27.714+00:00,2026-08-31T19:16:27.714+00:00,0.150949,0.3361437690000457,sqs-worker-5986dcd897-x8rdl,ip-192-168-20-201.ec2.internal,6000032f73d4e09d949e7a4acddf7c0daf80c2e64fb4a94d458575057bdfca4c,1,3.0,340.0
1,hpa-poisson-303-0e96cdb3,000036,33.76309,2026-08-31T19:16:34.748+00:00,2026-08-31T19:16:31.004+00:00,2026-08-31T19:16:31.015+00:00,2026-08-31T19:16:31.015+00:00,2026-08-31T19:16:31.743+00:00,2026-08-31T19:16:31.743+00:00,0.292516,0.7283846820009785,sqs-worker-5986dcd897-7z6bq,ip-192-168-20-201.ec2.internal,f02d30535e3a8a2d9b7ff4b966caef5732ebfb79e8ea0b6f5427cb02a6be9b4a,1,11.0,739.0
1,hpa-poisson-303-0e96cdb3,000037,35.107025,2026-08-31T19:16:36.091+00:00,2026-08-31T19:16:32.347+00:00,2026-08-31T19:16:32.351+00:00,2026-08-31T19:16:32.351+00:00,2026-08-31T19:16:32.378+00:00,2026-08-31T19:16:32.378+00:00,0.027235,0.027276926999547868,sqs-worker-5986dcd897-x8rdl,ip-192-168-20-201.ec2.internal,92f5e0f25edb020f2fdb7c2844c6e57a1a6232661644c57d2d24a00360026ab7,1,4.0,31.0
1,hpa-poisson-303-0e96cdb3,000038,36.418117,2026-08-31T19:16:37.402+00:00,2026-08-31T19:16:33.658+00:00,2026-08-31T19:16:33.661+00:00,2026-08-31T19:16:33.661+00:00,2026-08-31T19:16:33.820+00:00,2026-08-31T19:16:33.820+00:00,0.091315,0.15939808599978278,sqs-worker-5986dcd897-7z6bq,ip-192-168-20-201.ec2.internal,b23e032aee7d76d862c1731d9556263ac5196a6de8753762036305a19963665b,1,3.0,162.0
1,hpa-poisson-303-0e96cdb3,000039,37.301835,2026-08-31T19:16:38.286+00:00,2026-08-31T19:16:34.542+00:00,2026-08-31T19:16:34.544+00:00,2026-08-31T19:16:34.544+00:00,2026-08-31T19:16:34.639+00:00,2026-08-31T19:16:34.639+00:00,0.06988,0.09440704200096661,sqs-worker-5986dcd897-7z6bq,ip-192-168-20-201.ec2.internal,d061752a0f6f4ff83c4ea8e8a22291db6d913583e21c9127bd223c67e84a65d6,1,2.0,97.0
1,hpa-poisson-303-0e96cdb3,000040,38.345766,2026-08-31T19:16:39.330+00:00,2026-08-31T19:16:35.585+00:00,2026-08-31T19:16:35.588+00:00,2026-08-31T19:16:35.588+00:00,2026-08-31T19:16:36.204+00:00,2026-08-31T19:16:36.204+00:00,0.262818,0.615630248999878,sqs-worker-5986dcd897-7z6bq,ip-192-168-20-201.ec2.internal,84eb039c44910661c66e350dc9fee84ca713152d8228b7df6b2e648144d45f0f,1,3.0,619.0
1,hpa-poisson-303-0e96cdb3,000041,39.079816,2026-08-31T19:16:40.063+00:00,2026-08-31T19:16:36.317+00:00,2026-08-31T19:16:36.321+00:00,2026-08-31T19:16:36.321+00:00,2026-08-31T19:16:37.415+00:00,2026-08-31T19:16:37.415+00:00,0.44633,1.0946524459995999,sqs-worker-5986dcd897-7z6bq,ip-192-168-20-201.ec2.internal,dc41fb387db48b675a56b793aacf8b8df7dcba1ac98b1bb27d1100fb1e7af5b4,1,4.0,1098.0
1,hpa-poisson-303-0e96cdb3,000043,40.30009,2026-08-31T19:16:41.284+00:00,2026-08-31T19:16:37.544+00:00,2026-08-31T19:16:37.548+00:00,2026-08-31T19:16:37.548+00:00,2026-08-31T19:16:37.632+00:00,2026-08-31T19:16:37.632+00:00,0.062736,0.08356267400085926,sqs-worker-5986dcd897-7z6bq,ip-192-168-20-201.ec2.internal,fe2261bb2eb78d1fff665537dc6a9861f2fdd4844242a014fdeda1d13a5a2c1e,1,4.0,88.0
1,hpa-poisson-303-0e96cdb3,000042,39.165159,2026-08-31T19:16:40.148+00:00,2026-08-31T19:16:36.404+00:00,2026-08-31T19:16:36.407+00:00,2026-08-31T19:16:36.407+00:00,2026-08-31T19:16:37.712+00:00,2026-08-31T19:16:37.712+00:00,0.548998,1.3044612539997615,sqs-worker-5986dcd897-x8rdl,ip-192-168-20-201.ec2.internal,62d21e238962fd4062d71dfbd6c5f6aafee6bd132a0e72e29d989e582dfa5fee,1,3.0,1308.0
1,hpa-poisson-303-0e96cdb3,000044,40.571663,2026-08-31T19:16:41.555+00:00,2026-08-31T19:16:37.810+00:00,2026-08-31T19:16:37.813+00:00,2026-08-31T19:16:37.813+00:00,2026-08-31T19:16:38.220+00:00,2026-08-31T19:16:38.220+00:00,0.170796,0.4063439009987633,sqs-worker-5986dcd897-7z6bq,ip-192-168-20-201.ec2.internal,fdb1777f5f21f886fa6c0000732b042fe4a1486d2457226a7c7de918b113d237,1,3.0,410.0
1,hpa-poisson-303-0e96cdb3,000045,41.216606,2026-08-31T19:16:42.200+00:00,2026-08-31T19:16:38.455+00:00,2026-08-31T19:16:38.458+00:00,2026-08-31T19:16:38.458+00:00,2026-08-31T19:16:38.799+00:00,2026-08-31T19:16:38.799+00:00,0.16507,0.34050328000012087,sqs-worker-5986dcd897-x8rdl,ip-192-168-20-201.ec2.internal,1bbf35987314615195910335b19ac1cf44529395abdc1c8d9a53363e680998e5,1,3.0,344.0
1,hpa-poisson-303-0e96cdb3,000046,42.651488,2026-08-31T19:16:43.636+00:00,2026-08-31T19:16:39.891+00:00,2026-08-31T19:16:39.894+00:00,2026-08-31T19:16:39.894+00:00,2026-08-31T19:16:42.691+00:00,2026-08-31T19:16:42.691+00:00,0.611442,2.7974438479996024,sqs-worker-5986dcd897-x8rdl,ip-192-168-20-201.ec2.internal,ac6f4d9f9f13ee23735540ea06d297def4f035e20e618b0e1f3e4d6cad7c82e7,1,3.0,2800.0
1,hpa-poisson-303-0e96cdb3,000047,43.076384,2026-08-31T19:16:44.060+00:00,2026-08-31T19:16:40.314+00:00,2026-08-31T19:16:40.320+00:00,2026-08-31T19:16:40.320+00:00,2026-08-31T19:16:42.712+00:00,2026-08-31T19:16:42.712+00:00,0.553972,2.391509037001015,sqs-worker-5986dcd897-7z6bq,ip-192-168-20-201.ec2.internal,061a6d21a7f02e48b76bf7a15a0744e24a4e1bfd0e1a1b5ffa399b603bdb6d6b,1,6.0,2398.0
1,hpa-poisson-303-0e96cdb3,000048,43.273435,2026-08-31T19:16:44.256+00:00,2026-08-31T19:16:40.511+00:00,2026-08-31T19:16:42.712+00:00,2026-08-31T19:16:42.712+00:00,2026-08-31T19:16:42.792+00:00,2026-08-31T19:16:42.792+00:00,0.036961,0.08038669300003676,sqs-worker-5986dcd897-x8rdl,ip-192-168-20-201.ec2.internal,f4cbb5a9b0e82235fea509f812e002e4cb84d2be41320a3be17f7935b4ac3d53,1,2201.0,2281.0
1,hpa-poisson-303-0e96cdb3,000051,46.229125,2026-08-31T19:16:47.213+00:00,2026-08-31T19:16:43.467+00:00,2026-08-31T19:16:43.470+00:00,2026-08-31T19:16:43.470+00:00,2026-08-31T19:16:43.475+00:00,2026-08-31T19:16:43.475+00:00,0.005,0.00503769100032514,sqs-worker-5986dcd897-x8rdl,ip-192-168-20-201.ec2.internal,c8aeaed747153a625dc6e752f19976bbf55c56fb11fefc5c09850f6938829268,1,3.0,8.0
1,hpa-poisson-303-0e96cdb3,000049,43.777131,2026-08-31T19:16:44.761+00:00,2026-08-31T19:16:41.015+00:00,2026-08-31T19:16:42.741+00:00,2026-08-31T19:16:42.741+00:00,2026-08-31T19:16:43.335+00:00,2026-08-31T19:16:43.335+00:00,0.258787,0.5942526340004406,sqs-worker-5986dcd897-7z6bq,ip-192-168-20-201.ec2.internal,c0ad7621c93de26472ac6a6ec805fbf359e18c94316062c1c1d9297f29ae7e52,1,1726.0,2320.0
1,hpa-poisson-303-0e96cdb3,000050,45.080452,2026-08-31T19:16:46.065+00:00,2026-08-31T19:16:42.330+00:00,2026-08-31T19:16:42.812+00:00,2026-08-31T19:16:42.812+00:00,2026-08-31T19:16:43.090+00:00,2026-08-31T19:16:43.090+00:00,0.114104,0.278312256999925,sqs-worker-5986dcd897-x8rdl,ip-192-168-20-201.ec2.internal,b03dbacfe970baa06ab041bb73256d6c94a737f90628536e67953d3ac779cb0c,1,482.0,760.0
1,hpa-poisson-303-0e96cdb3,000052,49.411468,2026-08-31T19:16:50.397+00:00,2026-08-31T19:16:46.651+00:00,2026-08-31T19:16:46.657+00:00,2026-08-31T19:16:46.657+00:00,2026-08-31T19:16:46.729+00:00,2026-08-31T19:16:46.729+00:00,0.060372,0.07231710000087332,sqs-worker-5986dcd897-7z6bq,ip-192-168-20-201.ec2.internal,254e4ab00da1a3c811f4cdf66a2700ce518988636adf937dfbdfa3b659c94416,1,6.0,78.0
1,hpa-poisson-303-0e96cdb3,000053,50.901479,2026-08-31T19:16:51.886+00:00,2026-08-31T19:16:48.140+00:00,2026-08-31T19:16:48.167+00:00,2026-08-31T19:16:48.167+00:00,2026-08-31T19:16:48.897+00:00,2026-08-31T19:16:48.897+00:00,0.312588,0.7300666259998252,sqs-worker-5986dcd897-x8rdl,ip-192-168-20-201.ec2.internal,4b9f1158aac1e0d3b2a8ff3ba5c243dec096faf4b5e0784cc139cbfd878e1b54,1,27.0,757.0
1,hpa-poisson-303-0e96cdb3,000055,52.337324,2026-08-31T19:16:53.321+00:00,2026-08-31T19:16:49.573+00:00,2026-08-31T19:16:49.577+00:00,2026-08-31T19:16:49.577+00:00,2026-08-31T19:16:49.713+00:00,2026-08-31T19:16:49.713+00:00,0.065462,0.13649458100007905,sqs-worker-5986dcd897-7z6bq,ip-192-168-20-201.ec2.internal,9600a04473a825c20ce9343a6b9ce980037ce0a8c6688abb119f70d94b25e796,1,4.0,140.0
1,hpa-poisson-303-0e96cdb3,000054,51.922762,2026-08-31T19:16:52.907+00:00,2026-08-31T19:16:49.159+00:00,2026-08-31T19:16:49.163+00:00,2026-08-31T19:16:49.163+00:00,2026-08-31T19:16:49.723+00:00,2026-08-31T19:16:49.723+00:00,0.241412,0.5600624060007249,sqs-worker-5986dcd897-846tg,ip-192-168-20-201.ec2.internal,39686c0367d571bb9d4c08bb4496817e6e906fa44596c5f2d0d5239d5ccdc9d5,1,4.0,564.0
1,hpa-poisson-303-0e96cdb3,000056,52.463407,2026-08-31T19:16:53.446+00:00,2026-08-31T19:16:49.700+00:00,2026-08-31T19:16:49.705+00:00,2026-08-31T19:16:49.705+00:00,2026-08-31T19:16:50.455+00:00,2026-08-31T19:16:50.455+00:00,0.321596,0.750345964999724,sqs-worker-5986dcd897-wxrtl,ip-192-168-20-201.ec2.internal,60b30c090ad0fe6d2caa9ecf8d828556e76a4844ef7deaf084b3f428fc15ae1e,1,5.0,755.0
1,hpa-poisson-303-0e96cdb3,000058,54.175342,2026-08-31T19:16:55.157+00:00,2026-08-31T19:16:51.411+00:00,2026-08-31T19:16:51.415+00:00,2026-08-31T19:16:51.415+00:00,2026-08-31T19:16:51.835+00:00,2026-08-31T19:16:51.835+00:00,0.180636,0.42017012999895087,sqs-worker-5986dcd897-846tg,ip-192-168-20-201.ec2.internal,00a39eb6184d4ed3415b9ba9a8b2cc899429b03124575a22ae9e84dc40de6fe4,1,4.0,424.0
1,hpa-poisson-303-0e96cdb3,000057,54.150831,2026-08-31T19:16:55.134+00:00,2026-08-31T19:16:51.389+00:00,2026-08-31T19:16:51.393+00:00,2026-08-31T19:16:51.393+00:00,2026-08-31T19:16:52.812+00:00,2026-08-31T19:16:52.812+00:00,0.605986,1.4195108219992107,sqs-worker-5986dcd897-wxrtl,ip-192-168-20-201.ec2.internal,11ccfc6c588b7d6d92db184551c1c5f0e81363b4e4e9642ca714f128ad49e845,1,4.0,1423.0
1,hpa-poisson-303-0e96cdb3,000059,56.011862,2026-08-31T19:16:56.994+00:00,2026-08-31T19:16:53.249+00:00,2026-08-31T19:16:53.253+00:00,2026-08-31T19:16:53.253+00:00,2026-08-31T19:16:53.488+00:00,2026-08-31T19:16:53.488+00:00,0.116622,0.23490399599904777,sqs-worker-5986dcd897-x8rdl,ip-192-168-20-201.ec2.internal,5f65105409cc8964f4e938e1b6c048808a8424b96a0a43fa8e57a0d399af3a63,1,4.0,239.0
1,hpa-poisson-303-0e96cdb3,000061,56.817385,2026-08-31T19:16:57.799+00:00,2026-08-31T19:16:54.054+00:00,2026-08-31T19:16:54.057+00:00,2026-08-31T19:16:54.057+00:00,2026-08-31T19:16:54.611+00:00,2026-08-31T19:16:54.611+00:00,0.256216,0.553384607001135,sqs-worker-5986dcd897-x8rdl,ip-192-168-20-201.ec2.internal,015a9b1876fe37c6188ce698f54d1cb1bf3efc67d33eb3a04831cb14aa8afba4,1,3.0,557.0
1,hpa-poisson-303-0e96cdb3,000060,56.649113,2026-08-31T19:16:57.630+00:00,2026-08-31T19:16:53.885+00:00,2026-08-31T19:16:53.889+00:00,2026-08-31T19:16:53.889+00:00,2026-08-31T19:16:54.703+00:00,2026-08-31T19:16:54.703+00:00,0.337552,0.8140536119990429,sqs-worker-5986dcd897-7z6bq,ip-192-168-20-201.ec2.internal,2ef6612c263c4a0f324729f2b0c32c839e1b5893e6fad20eea3ee9bb4f092264,1,4.0,818.0
1,hpa-poisson-303-0e96cdb3,000062,56.930844,2026-08-31T19:16:57.912+00:00,2026-08-31T19:16:54.671+00:00,2026-08-31T19:16:54.674+00:00,2026-08-31T19:16:54.674+00:00,2026-08-31T19:16:55.003+00:00,2026-08-31T19:16:55.003+00:00,0.159636,0.3291488319991913,sqs-worker-5986dcd897-wxrtl,ip-192-168-20-201.ec2.internal,17c58ccccee71667a8814ff6c20bd6da7d2dac3df9b7b8d0808db367f2110c24,1,3.0,332.0
1,hpa-poisson-303-0e96cdb3,000063,57.719657,2026-08-31T19:16:58.702+00:00,2026-08-31T19:16:54.961+00:00,2026-08-31T19:16:54.964+00:00,2026-08-31T19:16:54.964+00:00,2026-08-31T19:16:55.101+00:00,2026-08-31T19:16:55.101+00:00,0.077895,0.13716252300037013,sqs-worker-5986dcd897-x8rdl,ip-192-168-20-201.ec2.internal,828255448f8da31868270664c772fb6878aa12e2a2726ff1ffd64c29cd1cca19,1,3.0,140.0
1,hpa-poisson-303-0e96cdb3,000065,58.119027,2026-08-31T19:16:59.101+00:00,2026-08-31T19:16:55.355+00:00,2026-08-31T19:16:55.360+00:00,2026-08-31T19:16:55.360+00:00,2026-08-31T19:16:55.384+00:00,2026-08-31T19:16:55.384+00:00,0.023976,0.024013174999709008,sqs-worker-5986dcd897-wxrtl,ip-192-168-20-201.ec2.internal,94b46e470e4578260cc9bc3c5ce187e2965b77bfa94a3dbd0b3d3a27e2fc4d5c,1,5.0,29.0
1,hpa-poisson-303-0e96cdb3,000066,58.189536,2026-08-31T19:16:59.171+00:00,2026-08-31T19:16:55.429+00:00,2026-08-31T19:16:55.436+00:00,2026-08-31T19:16:55.436+00:00,2026-08-31T19:16:55.778+00:00,2026-08-31T19:16:55.778+00:00,0.151544,0.34211402499931864,sqs-worker-5986dcd897-wxrtl,ip-192-168-20-201.ec2.internal,9c59fe1874fdccaa2648696233f8d92d85991e26cf7523dcc20abb1e44456967,1,7.0,349.0
1,hpa-poisson-303-0e96cdb3,000064,57.766555,2026-08-31T19:16:58.748+00:00,2026-08-31T19:16:55.007+00:00,2026-08-31T19:16:55.012+00:00,2026-08-31T19:16:55.012+00:00,2026-08-31T19:16:56.440+00:00,2026-08-31T19:16:56.440+00:00,0.587327,1.4282884349995584,sqs-worker-5986dcd897-7z6bq,ip-192-168-20-201.ec2.internal,f7199f9e43da725e4de578a9c3acdbbb2cf7e650e2fd86cdb576a7fa71b1f24c,1,5.0,1433.0
1,hpa-poisson-303-0e96cdb3,000067,58.280081,2026-08-31T19:16:59.261+00:00,2026-08-31T19:16:55.517+00:00,2026-08-31T19:16:55.520+00:00,2026-08-31T19:16:55.520+00:00,2026-08-31T19:16:56.284+00:00,2026-08-31T19:16:56.284+00:00,0.319428,0.7638383900011831,sqs-worker-5986dcd897-x8rdl,ip-192-168-20-201.ec2.internal,443900150c7495fba63a5c27e45a7716ee91dedbe1a252c90d65dc6620be850c,1,3.0,767.0
1,hpa-poisson-303-0e96cdb3,000070,59.139083,2026-08-31T19:17:00.120+00:00,2026-08-31T19:16:56.374+00:00,2026-08-31T19:16:56.378+00:00,2026-08-31T19:16:56.378+00:00,2026-08-31T19:16:56.399+00:00,2026-08-31T19:16:56.399+00:00,0.02156,0.021610446001432138,sqs-worker-5986dcd897-wxrtl,ip-192-168-20-201.ec2.internal,545aa66ca4664dff570b7fb50ddd1203a4371e8cc27df0dc05407678b8da8a45,1,4.0,25.0
1,hpa-poisson-303-0e96cdb3,000069,59.12202,2026-08-31T19:17:00.104+00:00,2026-08-31T19:16:56.359+00:00,2026-08-31T19:16:56.361+00:00,2026-08-31T19:16:56.361+00:00,2026-08-31T19:16:56.611+00:00,2026-08-31T19:16:56.611+00:00,0.123104,0.2494484269991517,sqs-worker-5986dcd897-x8rdl,ip-192-168-20-201.ec2.internal,96da60c5905bc513544e245007d2c892597d920ab533c0ffe6af9a7281916b32,1,2.0,252.0
1,hpa-poisson-303-0e96cdb3,000068,58.461077,2026-08-31T19:16:59.442+00:00,2026-08-31T19:16:55.697+00:00,2026-08-31T19:16:55.701+00:00,2026-08-31T19:16:55.701+00:00,2026-08-31T19:16:57.320+00:00,2026-08-31T19:16:57.320+00:00,0.655515,1.619585308000751,sqs-worker-5986dcd897-846tg,ip-192-168-20-201.ec2.internal,cc457436a1fbaaf991b2330eeab92611cbcddf02743d945b11170e0436892644,1,4.0,1623.0
1,hpa-poisson-303-0e96cdb3,000071,60.340146,2026-08-31T19:17:01.322+00:00,2026-08-31T19:16:57.576+00:00,2026-08-31T19:16:57.580+00:00,2026-08-31T19:16:57.580+00:00,2026-08-31T19:16:57.720+00:00,2026-08-31T19:16:57.720+00:00,0.076859,0.1396544150011323,sqs-worker-5986dcd897-x8rdl,ip-192-168-20-201.ec2.internal,49b63941e35a4a69f3afbd69d7dbee91f6764c37a65472e7532776b632552ede,1,4.0,144.0
1,hpa-poisson-303-0e96cdb3,000073,61.148708,2026-08-31T19:17:02.130+00:00,2026-08-31T19:16:58.385+00:00,2026-08-31T19:16:58.388+00:00,2026-08-31T19:16:58.388+00:00,2026-08-31T19:16:58.593+00:00,2026-08-31T19:16:58.593+00:00,0.089557,0.2053155699995841,sqs-worker-5986dcd897-x8rdl,ip-192-168-20-201.ec2.internal,ac6713f8c82b496c183c535f639f938b46480c617d9c386972f443b206d1d721,1,3.0,208.0
1,hpa-poisson-303-0e96cdb3,000072,60.961919,2026-08-31T19:17:01.944+00:00,2026-08-31T19:16:58.198+00:00,2026-08-31T19:16:58.210+00:00,2026-08-31T19:16:58.210+00:00,2026-08-31T19:16:58.738+00:00,2026-08-31T19:16:58.738+00:00,0.229263,0.5280042859994865,sqs-worker-5986dcd897-7z6bq,ip-192-168-20-201.ec2.internal,56daaaaaca36e66a674e58ffdeafb4a3d6ebbf1e2c9d4e4c475aa0d0f59f2833,1,12.0,540.0
1,hpa-poisson-303-0e96cdb3,000075,61.97282,2026-08-31T19:17:02.954+00:00,2026-08-31T19:16:59.207+00:00,2026-08-31T19:16:59.210+00:00,2026-08-31T19:16:59.210+00:00,2026-08-31T19:16:59.256+00:00,2026-08-31T19:16:59.256+00:00,0.022612,0.04579078099959588,sqs-worker-5986dcd897-7z6bq,ip-192-168-20-201.ec2.internal,bc10b6ebedca463822ec7d4b51230f4c4cbc2f21c3478346b4743801d0a809c2,1,3.0,49.0
1,hpa-poisson-303-0e96cdb3,000076,62.155449,2026-08-31T19:17:03.137+00:00,2026-08-31T19:16:59.395+00:00,2026-08-31T19:16:59.399+00:00,2026-08-31T19:16:59.399+00:00,2026-08-31T19:16:59.727+00:00,2026-08-31T19:16:59.727+00:00,0.071814,0.3273139330012782,sqs-worker-5986dcd897-wxrtl,ip-192-168-20-201.ec2.internal,b5087daa2b25b06376d651b39fe093987e5af4b536ec75697c62d9a5848e791a,1,4.0,332.0
1,hpa-poisson-303-0e96cdb3,000078,63.797152,2026-08-31T19:17:04.780+00:00,2026-08-31T19:17:01.032+00:00,2026-08-31T19:17:01.037+00:00,2026-08-31T19:17:01.037+00:00,2026-08-31T19:17:01.053+00:00,2026-08-31T19:17:01.053+00:00,0.016357,0.01644670299901918,sqs-worker-5986dcd897-wxrtl,ip-192-168-20-201.ec2.internal,e13147914a8557eef4d97bc9ec0da3e65f3ff1b94aff405adafc66ad00cac44b,1,5.0,21.0
1,hpa-poisson-303-0e96cdb3,000079,64.500036,2026-08-31T19:17:05.482+00:00,2026-08-31T19:17:01.735+00:00,2026-08-31T19:17:01.739+00:00,2026-08-31T19:17:01.739+00:00,2026-08-31T19:17:01.772+00:00,2026-08-31T19:17:01.772+00:00,0.032924,0.03304654500061588,sqs-worker-5986dcd897-wxrtl,ip-192-168-20-201.ec2.internal,c6d870f5a99fcded2e1b1abc267006e610d188f2b892352ee3c9bc9b2f7d10f2,1,4.0,37.0
1,hpa-poisson-303-0e96cdb3,000074,61.932117,2026-08-31T19:17:02.914+00:00,2026-08-31T19:16:59.167+00:00,2026-08-31T19:16:59.171+00:00,2026-08-31T19:16:59.171+00:00,2026-08-31T19:17:02.300+00:00,2026-08-31T19:17:02.300+00:00,0.717871,3.128383508999832,sqs-worker-5986dcd897-x8rdl,ip-192-168-20-201.ec2.internal,134d7bdc5c148ff52e6b6a335a5a4a974b8ad5597654c0045e2c540176148926,1,4.0,3133.0
1,hpa-poisson-303-0e96cdb3,000080,64.52539,2026-08-31T19:17:05.507+00:00,2026-08-31T19:17:01.762+00:00,2026-08-31T19:17:01.767+00:00,2026-08-31T19:17:01.767+00:00,2026-08-31T19:17:02.632+00:00,2026-08-31T19:17:02.632+00:00,0.357298,0.8645654040010413,sqs-worker-5986dcd897-846tg,ip-192-168-20-201.ec2.internal,1aabf2fa15362c1e7697fabce76f7bac4b3f06bc37e37f50c63c7665171239cb,1,5.0,870.0
1,hpa-poisson-303-0e96cdb3,000077,62.593568,2026-08-31T19:17:03.575+00:00,2026-08-31T19:16:59.837+00:00,2026-08-31T19:16:59.842+00:00,2026-08-31T19:16:59.842+00:00,2026-08-31T19:17:02.511+00:00,2026-08-31T19:17:02.511+00:00,0.53124,2.668787044000055,sqs-worker-5986dcd897-7z6bq,ip-192-168-20-201.ec2.internal,4db328f3d739d11bb0b7788d62b44253e4bc9e56f50e3fc99021727fa22f4040,1,5.0,2674.0
1,hpa-poisson-303-0e96cdb3,000081,66.519269,2026-08-31T19:17:07.503+00:00,2026-08-31T19:17:03.756+00:00,2026-08-31T19:17:03.768+00:00,2026-08-31T19:17:03.768+00:00,2026-08-31T19:17:03.773+00:00,2026-08-31T19:17:03.773+00:00,0.005,0.005038397001044359,sqs-worker-5986dcd897-wxrtl,ip-192-168-20-201.ec2.internal,617c0cf3c1fd963862bc4bb8d69c248b9705e08bc173df15d5a20c3d8bf5a343,1,12.0,17.0
1,hpa-poisson-303-0e96cdb3,000082,66.623787,2026-08-31T19:17:07.605+00:00,2026-08-31T19:17:03.859+00:00,2026-08-31T19:17:03.862+00:00,2026-08-31T19:17:03.862+00:00,2026-08-31T19:17:04.101+00:00,2026-08-31T19:17:04.101+00:00,0.122445,0.2390891080012807,sqs-worker-5986dcd897-x8rdl,ip-192-168-20-201.ec2.internal,858715e49938cf058973383db3bb47d58ce015adfc18e3bef6ad789102775ffc,1,3.0,242.0
1,hpa-poisson-303-0e96cdb3,000085,67.335886,2026-08-31T19:17:08.317+00:00,2026-08-31T19:17:04.570+00:00,2026-08-31T19:17:04.575+00:00,2026-08-31T19:17:04.575+00:00,2026-08-31T19:17:04.601+00:00,2026-08-31T19:17:04.601+00:00,0.025683,0.025982200000726152,sqs-worker-5986dcd897-x8rdl,ip-192-168-20-201.ec2.internal,61882f747c116ba836ee71ec84636eeb5a38277db3dd1ae9edca5f5e992ff8f4,1,5.0,31.0
1,hpa-poisson-303-0e96cdb3,000086,67.666668,2026-08-31T19:17:08.648+00:00,2026-08-31T19:17:04.901+00:00,2026-08-31T19:17:04.906+00:00,2026-08-31T19:17:04.906+00:00,2026-08-31T19:17:04.920+00:00,2026-08-31T19:17:04.920+00:00,0.014036,0.014088418000028469,sqs-worker-5986dcd897-x8rdl,ip-192-168-20-201.ec2.internal,3c252ee8da1f7091eaa1a183dc4470be8c7e3be8731e09915d85e996924f64c2,1,5.0,19.0
1,hpa-poisson-303-0e96cdb3,000083,66.751285,2026-08-31T19:17:07.733+00:00,2026-08-31T19:17:03.985+00:00,2026-08-31T19:17:03.991+00:00,2026-08-31T19:17:03.991+00:00,2026-08-31T19:17:04.711+00:00,2026-08-31T19:17:04.712+00:00,0.302405,0.7207027980002749,sqs-worker-5986dcd897-7z6bq,ip-192-168-20-201.ec2.internal,f2498a4c2cc2c394eadccd08c838171395287118fcbd2dd705277f054effedbd,1,6.0,726.0
1,hpa-poisson-303-0e96cdb3,000084,67.290263,2026-08-31T19:17:08.272+00:00,2026-08-31T19:17:04.526+00:00,2026-08-31T19:17:04.529+00:00,2026-08-31T19:17:04.529+00:00,2026-08-31T19:17:04.966+00:00,2026-08-31T19:17:04.966+00:00,0.195261,0.43667685900072684,sqs-worker-5986dcd897-wxrtl,ip-192-168-20-201.ec2.internal,e108dc7b2f952bc9f1206679b5bfaad851441ec3661e69abacd5fb19d35ed644,1,3.0,440.0
1,hpa-poisson-303-0e96cdb3,000088,68.189544,2026-08-31T19:17:09.171+00:00,2026-08-31T19:17:05.425+00:00,2026-08-31T19:17:05.428+00:00,2026-08-31T19:17:05.428+00:00,2026-08-31T19:17:05.467+00:00,2026-08-31T19:17:05.467+00:00,0.038458,0.0384974600001442,sqs-worker-5986dcd897-wxrtl,ip-192-168-20-201.ec2.internal,e7962083fdefa958707e777530e5c87bbb14672bbcd2f95919e04fa50b7c5f61,1,3.0,42.0
1,hpa-poisson-303-0e96cdb3,000087,67.815219,2026-08-31T19:17:08.797+00:00,2026-08-31T19:17:05.049+00:00,2026-08-31T19:17:05.052+00:00,2026-08-31T19:17:05.052+00:00,2026-08-31T19:17:05.285+00:00,2026-08-31T19:17:05.285+00:00,0.115419,0.23235335599929385,sqs-worker-5986dcd897-x8rdl,ip-192-168-20-201.ec2.internal,9ec1465199231f146c145aa6eb5c640ef07c363ae16c207021b6d041639b9c6b,1,3.0,236.0
1,hpa-poisson-303-0e96cdb3,000089,68.458186,2026-08-31T19:17:09.440+00:00,2026-08-31T19:17:05.692+00:00,2026-08-31T19:17:05.695+00:00,2026-08-31T19:17:05.695+00:00,2026-08-31T19:17:06.399+00:00,2026-08-31T19:17:06.399+00:00,0.294252,0.7033276060010394,sqs-worker-5986dcd897-x8rdl,ip-192-168-20-201.ec2.internal,330d9a0d6db2e8e6d4f210b59f0a9b3eba07a3dbf75ce9a68944c5b561089100,1,3.0,707.0
1,hpa-poisson-303-0e96cdb3,000091,69.059302,2026-08-31T19:17:10.041+00:00,2026-08-31T19:17:06.299+00:00,2026-08-31T19:17:06.302+00:00,2026-08-31T19:17:06.302+00:00,2026-08-31T19:17:06.708+00:00,2026-08-31T19:17:06.708+00:00,0.163034,0.4059039280000434,sqs-worker-5986dcd897-846tg,ip-192-168-20-201.ec2.internal,dc8023f5265139c19624d51c6ba0438ce4fdf6bcc072afa7e3a261dd5226b6c0,1,3.0,409.0
1,hpa-poisson-303-0e96cdb3,000090,68.799609,2026-08-31T19:17:09.781+00:00,2026-08-31T19:17:06.034+00:00,2026-08-31T19:17:06.038+00:00,2026-08-31T19:17:06.038+00:00,2026-08-31T19:17:06.745+00:00,2026-08-31T19:17:06.745+00:00,0.298521,0.7066789029995562,sqs-worker-5986dcd897-wxrtl,ip-192-168-20-201.ec2.internal,4a2085b224d0c3ce8364e757d276dc79f9b543b0a28bb92eba2b9d826089b903,1,4.0,711.0
1,hpa-poisson-303-0e96cdb3,000093,70.137021,2026-08-31T19:17:11.118+00:00,2026-08-31T19:17:07.371+00:00,2026-08-31T19:17:07.375+00:00,2026-08-31T19:17:07.375+00:00,2026-08-31T19:17:07.387+00:00,2026-08-31T19:17:07.387+00:00,0.011814,0.011886816000696854,sqs-worker-5986dcd897-wxrtl,ip-192-168-20-201.ec2.internal,e7c8e765e0c15a7f44fa7b441ad8de37b3a6c60b555b1e79781a36d11d2b1505,1,4.0,16.0
1,hpa-poisson-303-0e96cdb3,000094,70.4778,2026-08-31T19:17:11.460+00:00,2026-08-31T19:17:07.716+00:00,2026-08-31T19:17:07.729+00:00,2026-08-31T19:17:07.729+00:00,2026-08-31T19:17:07.917+00:00,2026-08-31T19:17:07.917+00:00,0.088576,0.18784189600046375,sqs-worker-5986dcd897-7z6bq,ip-192-168-20-201.ec2.internal,59082f9c1e9a2d30f2d0800bb381fbfb2f3566b38d3fde2c6dec9bc179996327,1,13.0,201.0
1,hpa-poisson-303-0e96cdb3,000092,69.467821,2026-08-31T19:17:10.450+00:00,2026-08-31T19:17:06.702+00:00,2026-08-31T19:17:06.706+00:00,2026-08-31T19:17:06.706+00:00,2026-08-31T19:17:07.985+00:00,2026-08-31T19:17:07.985+00:00,0.522429,1.2793094249991555,sqs-worker-5986dcd897-x8rdl,ip-192-168-20-201.ec2.internal,0b661a4357c5325e582caab3e2be3cf792decb8aab09addbd3d41166fab025db,1,4.0,1283.0
1,hpa-poisson-303-0e96cdb3,000095,70.948148,2026-08-31T19:17:11.930+00:00,2026-08-31T19:17:08.182+00:00,2026-08-31T19:17:08.187+00:00,2026-08-31T19:17:08.187+00:00,2026-08-31T19:17:08.232+00:00,2026-08-31T19:17:08.232+00:00,0.044977,0.045027362000837456,sqs-worker-5986dcd897-846tg,ip-192-168-20-201.ec2.internal,07fe88c530f6df636ba70a48445362486ac488745141d3b46389743c3c897409,1,5.0,50.0
1,hpa-poisson-303-0e96cdb3,000096,71.16809,2026-08-31T19:17:12.150+00:00,2026-08-31T19:17:08.408+00:00,2026-08-31T19:17:08.412+00:00,2026-08-31T19:17:08.412+00:00,2026-08-31T19:17:08.655+00:00,2026-08-31T19:17:08.655+00:00,0.125529,0.2429271230012091,sqs-worker-5986dcd897-wxrtl,ip-192-168-20-201.ec2.internal,5344b2bfeb81dec9609f5ede52279f0989c6ccba5e63bf327b640753f4157844,1,4.0,247.0
1,hpa-poisson-303-0e96cdb3,000098,71.535255,2026-08-31T19:17:12.517+00:00,2026-08-31T19:17:08.772+00:00,2026-08-31T19:17:08.775+00:00,2026-08-31T19:17:08.775+00:00,2026-08-31T19:17:08.877+00:00,2026-08-31T19:17:08.877+00:00,0.051727,0.10161847999916063,sqs-worker-5986dcd897-wxrtl,ip-192-168-20-201.ec2.internal,b3105cca76b653aee274655da69eab1366ae6383a016a69117de3adc71e1d810,1,3.0,105.0
1,hpa-poisson-303-0e96cdb3,000097,71.48461,2026-08-31T19:17:12.466+00:00,2026-08-31T19:17:08.723+00:00,2026-08-31T19:17:08.727+00:00,2026-08-31T19:17:08.727+00:00,2026-08-31T19:17:08.857+00:00,2026-08-31T19:17:08.857+00:00,0.078968,0.13031694200071797,sqs-worker-5986dcd897-846tg,ip-192-168-20-201.ec2.internal,ba1b489c9da4498cc59b72ab96b009c614902e8a35b6c072609bfd5fea6e4ffc,1,4.0,134.0
1,hpa-poisson-303-0e96cdb3,000100,72.356439,2026-08-31T19:17:13.338+00:00,2026-08-31T19:17:09.597+00:00,2026-08-31T19:17:09.600+00:00,2026-08-31T19:17:09.600+00:00,2026-08-31T19:17:09.821+00:00,2026-08-31T19:17:09.821+00:00,0.095981,0.22163497600013216,sqs-worker-5986dcd897-7z6bq,ip-192-168-20-201.ec2.internal,0ae08a2b62f8aad84df27ade737d6913e5ef79120bc9195166a55ee7bd1e449d,1,3.0,224.0
1,hpa-poisson-303-0e96cdb3,000099,71.917977,2026-08-31T19:17:12.900+00:00,2026-08-31T19:17:09.153+00:00,2026-08-31T19:17:09.158+00:00,2026-08-31T19:17:09.158+00:00,2026-08-31T19:17:10.440+00:00,2026-08-31T19:17:10.440+00:00,0.186552,1.2823300630006997,sqs-worker-5986dcd897-846tg,ip-192-168-20-201.ec2.internal,6b9a4dfcb54d02e2fc7b4d3b612ffcce7fbede853e1e76b9036c4e1cc73417df,1,5.0,1287.0
1,hpa-poisson-303-0e96cdb3,000101,72.465022,2026-08-31T19:17:13.446+00:00,2026-08-31T19:17:09.701+00:00,2026-08-31T19:17:09.704+00:00,2026-08-31T19:17:09.704+00:00,2026-08-31T19:17:10.492+00:00,2026-08-31T19:17:10.492+00:00,0.169925,0.7875275580008747,sqs-worker-5986dcd897-x8rdl,ip-192-168-20-201.ec2.internal,8be1d866cadec7cb08666d27ac9b14be872a4b3829e4a4ece3365f630313d354,1,3.0,791.0
1,hpa-poisson-303-0e96cdb3,000102,72.703639,2026-08-31T19:17:13.685+00:00,2026-08-31T19:17:09.943+00:00,2026-08-31T19:17:09.947+00:00,2026-08-31T19:17:09.947+00:00,2026-08-31T19:17:10.629+00:00,2026-08-31T19:17:10.629+00:00,0.14556,0.6822375659994577,sqs-worker-5986dcd897-7z6bq,ip-192-168-20-201.ec2.internal,753fa0c275502881fefd0a45d271e8231e55ffb00807c7c88a5983b0129860af,1,4.0,686.0
1,hpa-poisson-303-0e96cdb3,000103,73.21162,2026-08-31T19:17:14.193+00:00,2026-08-31T19:17:10.447+00:00,2026-08-31T19:17:10.451+00:00,2026-08-31T19:17:10.451+00:00,2026-08-31T19:17:11.128+00:00,2026-08-31T19:17:11.128+00:00,0.282033,0.6768372490005277,sqs-worker-5986dcd897-wxrtl,ip-192-168-20-201.ec2.internal,dc60ced2ca3c47715df1902169d6b72bc28c4888775d16b7e782575e7c51fe64,1,4.0,681.0
1,hpa-poisson-303-0e96cdb3,000106,74.435534,2026-08-31T19:17:15.417+00:00,2026-08-31T19:17:11.674+00:00,2026-08-31T19:17:11.678+00:00,2026-08-31T19:17:11.678+00:00,2026-08-31T19:17:11.851+00:00,2026-08-31T19:17:11.851+00:00,0.092384,0.17371124700002838,sqs-worker-5986dcd897-846tg,ip-192-168-20-201.ec2.internal,21b4629c92f9696d35a9e73208cdf98fad27b070110e405dca0489709b57665d,1,4.0,177.0
1,hpa-poisson-303-0e96cdb3,000105,74.250808,2026-08-31T19:17:15.233+00:00,2026-08-31T19:17:11.489+00:00,2026-08-31T19:17:11.500+00:00,2026-08-31T19:17:11.500+00:00,2026-08-31T19:17:12.988+00:00,2026-08-31T19:17:12.988+00:00,0.574707,1.4878931009989174,sqs-worker-5986dcd897-x8rdl,ip-192-168-20-201.ec2.internal,ca41ba365c4e5dfb0f64addbf56f074d228dae4a827863dba3976796cf171bd7,1,11.0,1499.0
1,hpa-poisson-303-0e96cdb3,000108,75.607601,2026-08-31T19:17:16.589+00:00,2026-08-31T19:17:12.841+00:00,2026-08-31T19:17:12.846+00:00,2026-08-31T19:17:12.846+00:00,2026-08-31T19:17:12.988+00:00,2026-08-31T19:17:12.988+00:00,0.07566,0.1412471090006875,sqs-worker-5986dcd897-wxrtl,ip-192-168-20-201.ec2.internal,2a28279687f5e7de36947d5057ce4224094f22851e8b99cfa867b7a2392cd6c1,1,5.0,147.0
1,hpa-poisson-303-0e96cdb3,000104,73.627579,2026-08-31T19:17:14.609+00:00,2026-08-31T19:17:10.863+00:00,2026-08-31T19:17:10.917+00:00,2026-08-31T19:17:10.917+00:00,2026-08-31T19:17:13.329+00:00,2026-08-31T19:17:13.329+00:00,0.548485,2.4120864430005895,sqs-worker-5986dcd897-7z6bq,ip-192-168-20-201.ec2.internal,0704c34c6092591486e815b5d236c00ed5da30b8cc8b4dae370c9fb2141ac71a,1,54.0,2466.0
1,hpa-poisson-303-0e96cdb3,000107,75.506857,2026-08-31T19:17:16.488+00:00,2026-08-31T19:17:12.742+00:00,2026-08-31T19:17:12.749+00:00,2026-08-31T19:17:12.749+00:00,2026-08-31T19:17:13.365+00:00,2026-08-31T19:17:13.365+00:00,0.279277,0.6164771870007826,sqs-worker-5986dcd897-846tg,ip-192-168-20-201.ec2.internal,834a7968885c6a1c6f3c33fe59840585d11831db3a8170964dbcd8ca8f53be27,1,7.0,623.0
1,hpa-poisson-303-0e96cdb3,000110,77.441184,2026-08-31T19:17:18.423+00:00,2026-08-31T19:17:14.681+00:00,2026-08-31T19:17:14.684+00:00,2026-08-31T19:17:14.684+00:00,2026-08-31T19:17:14.689+00:00,2026-08-31T19:17:14.689+00:00,0.005,0.005038101000536699,sqs-worker-5986dcd897-wxrtl,ip-192-168-20-201.ec2.internal,5226b52854ab112dcc065f41110fd9a6265a6a3b26ddcc20dc815af43624b9d4,1,3.0,8.0
1,hpa-poisson-303-0e96cdb3,000109,77.181268,2026-08-31T19:17:18.164+00:00,2026-08-31T19:17:14.421+00:00,2026-08-31T19:17:14.425+00:00,2026-08-31T19:17:14.425+00:00,2026-08-31T19:17:14.938+00:00,2026-08-31T19:17:14.938+00:00,0.22879,0.5127103649992932,sqs-worker-5986dcd897-7z6bq,ip-192-168-20-201.ec2.internal,6436bef77a8fa90f0f442e19f88823b130129bc08ea20d80f38279d9c723c537,1,4.0,517.0
1,hpa-poisson-303-0e96cdb3,000111,77.637703,2026-08-31T19:17:18.619+00:00,2026-08-31T19:17:14.879+00:00,2026-08-31T19:17:14.889+00:00,2026-08-31T19:17:14.889+00:00,2026-08-31T19:17:15.772+00:00,2026-08-31T19:17:15.772+00:00,0.367594,0.8834276940015116,sqs-worker-5986dcd897-wxrtl,ip-192-168-20-201.ec2.internal,5408bf418489a2bd5e046b05a2abce8fe503dd3b9fb6b7b9ab77daa267f44f12,1,10.0,893.0
1,hpa-poisson-303-0e96cdb3,000112,77.893537,2026-08-31T19:17:18.875+00:00,2026-08-31T19:17:15.130+00:00,2026-08-31T19:17:15.134+00:00,2026-08-31T19:17:15.134+00:00,2026-08-31T19:17:15.894+00:00,2026-08-31T19:17:15.894+00:00,0.331099,0.7604015729993989,sqs-worker-5986dcd897-x8rdl,ip-192-168-20-201.ec2.internal,b4213bd7d9b6c82893723df398d2a0954f1691096baa06b76ef56ebf5e798e87,1,4.0,764.0
1,hpa-poisson-303-0e96cdb3,000113,79.726426,2026-08-31T19:17:20.710+00:00,2026-08-31T19:17:16.966+00:00,2026-08-31T19:17:16.969+00:00,2026-08-31T19:17:16.969+00:00,2026-08-31T19:17:17.788+00:00,2026-08-31T19:17:17.788+00:00,0.341944,0.8190750840003602,sqs-worker-5986dcd897-7z6bq,ip-192-168-20-201.ec2.internal,aff8607134c7dcb1081a2459492ce9e21006c4307041837f815c063d83a27b18,1,3.0,822.0
1,hpa-poisson-303-0e96cdb3,000114,80.466194,2026-08-31T19:17:21.448+00:00,2026-08-31T19:17:17.706+00:00,2026-08-31T19:17:17.711+00:00,2026-08-31T19:17:17.711+00:00,2026-08-31T19:17:18.312+00:00,2026-08-31T19:17:18.312+00:00,0.269142,0.6008776859998761,sqs-worker-5986dcd897-x8rdl,ip-192-168-20-201.ec2.internal,9550c046a90acb3d5c994cb214d99a88b8ab98085be031428cb74f7fcd07eb30,1,5.0,606.0
1,hpa-poisson-303-0e96cdb3,000115,82.263396,2026-08-31T19:17:23.246+00:00,2026-08-31T19:17:19.502+00:00,2026-08-31T19:17:19.509+00:00,2026-08-31T19:17:19.509+00:00,2026-08-31T19:17:20.040+00:00,2026-08-31T19:17:20.041+00:00,0.19419,0.5312707169996429,sqs-worker-5986dcd897-7z6bq,ip-192-168-20-201.ec2.internal,1059a19c2d066c668564d234324e5274f7735ca9292ab710a7cb43e5c36b1c9f,1,7.0,538.0
1,hpa-poisson-303-0e96cdb3,000117,85.598995,2026-08-31T19:17:26.579+00:00,2026-08-31T19:17:22.839+00:00,2026-08-31T19:17:22.843+00:00,2026-08-31T19:17:22.843+00:00,2026-08-31T19:17:22.868+00:00,2026-08-31T19:17:22.868+00:00,0.025328,0.025377777999892714,sqs-worker-5986dcd897-7z6bq,ip-192-168-20-201.ec2.internal,829ee381a8777731820218d09573620cd6702699bf06cdbed0936a0e2a128f07,1,4.0,29.0
1,hpa-poisson-303-0e96cdb3,000116,85.208973,2026-08-31T19:17:26.192+00:00,2026-08-31T19:17:22.447+00:00,2026-08-31T19:17:22.451+00:00,2026-08-31T19:17:22.451+00:00,2026-08-31T19:17:23.392+00:00,2026-08-31T19:17:23.392+00:00,0.40313,0.9405274100008683,sqs-worker-5986dcd897-x8rdl,ip-192-168-20-201.ec2.internal,e1ab8912c7d08419e337b93591a96a041496bc4727fb62b5a235808d7912520c,1,4.0,945.0
1,hpa-poisson-303-0e96cdb3,000119,86.642301,2026-08-31T19:17:27.622+00:00,2026-08-31T19:17:23.882+00:00,2026-08-31T19:17:23.885+00:00,2026-08-31T19:17:23.885+00:00,2026-08-31T19:17:24.131+00:00,2026-08-31T19:17:24.131+00:00,0.120706,0.24569388100098877,sqs-worker-5986dcd897-846tg,ip-192-168-20-201.ec2.internal,97e8faffc6384130fb6471bbc04eebd33e6c9f3e67a0b50d7fc4f035d12eb4db,1,3.0,249.0
1,hpa-poisson-303-0e96cdb3,000118,86.61423,2026-08-31T19:17:27.595+00:00,2026-08-31T19:17:23.855+00:00,2026-08-31T19:17:23.859+00:00,2026-08-31T19:17:23.859+00:00,2026-08-31T19:17:24.422+00:00,2026-08-31T19:17:24.422+00:00,0.251581,0.5626189020003949,sqs-worker-5986dcd897-7z6bq,ip-192-168-20-201.ec2.internal,afcb214219ee706815214b9850b01d4e99bdb8167adc7618cefc1329a5277451,1,4.0,567.0
1,hpa-poisson-303-0e96cdb3,000121,87.874262,2026-08-31T19:17:28.858+00:00,2026-08-31T19:17:25.117+00:00,2026-08-31T19:17:25.159+00:00,2026-08-31T19:17:25.159+00:00,2026-08-31T19:17:25.498+00:00,2026-08-31T19:17:25.498+00:00,0.15678,0.33921027300129936,sqs-worker-5986dcd897-x8rdl,ip-192-168-20-201.ec2.internal,ca52d1ad3acf1360b50d737114842058e3b599e3de4b943373d630c17d39bda2,1,42.0,381.0
1,hpa-poisson-303-0e96cdb3,000120,87.689431,2026-08-31T19:17:28.670+00:00,2026-08-31T19:17:24.925+00:00,2026-08-31T19:17:24.930+00:00,2026-08-31T19:17:24.930+00:00,2026-08-31T19:17:25.538+00:00,2026-08-31T19:17:25.538+00:00,0.268768,0.6085174820000248,sqs-worker-5986dcd897-7z6bq,ip-192-168-20-201.ec2.internal,f07ea2828ce40895ed3bf545b917cfd10b913869ca86b8f3b76ee4289afb85fb,1,5.0,613.0
1,hpa-poisson-303-0e96cdb3,000124,89.266624,2026-08-31T19:17:30.247+00:00,2026-08-31T19:17:26.503+00:00,2026-08-31T19:17:26.510+00:00,2026-08-31T19:17:26.510+00:00,2026-08-31T19:17:26.517+00:00,2026-08-31T19:17:26.517+00:00,0.007232,0.007273072998941643,sqs-worker-5986dcd897-846tg,ip-192-168-20-201.ec2.internal,e70efc4038d4b675b7ff5a185a95ad870a4cb278780b9662cde69fe8a0688bd0,1,7.0,14.0
1,hpa-poisson-303-0e96cdb3,000125,89.768134,2026-08-31T19:17:30.748+00:00,2026-08-31T19:17:27.011+00:00,2026-08-31T19:17:27.016+00:00,2026-08-31T19:17:27.016+00:00,2026-08-31T19:17:27.028+00:00,2026-08-31T19:17:27.028+00:00,0.012522,0.012586189001012826,sqs-worker-5986dcd897-wxrtl,ip-192-168-20-201.ec2.internal,6973492e974bace6fb18984784b7f8edda3c0f1604075b7bb6a71b26209dea7b,1,5.0,17.0
1,hpa-poisson-303-0e96cdb3,000123,88.822404,2026-08-31T19:17:29.803+00:00,2026-08-31T19:17:26.062+00:00,2026-08-31T19:17:26.092+00:00,2026-08-31T19:17:26.092+00:00,2026-08-31T19:17:26.236+00:00,2026-08-31T19:17:26.236+00:00,0.087293,0.1442860089991882,sqs-worker-5986dcd897-846tg,ip-192-168-20-201.ec2.internal,483962b51cdced72bd06e7fef98d7c0366a02aec451460ee04379c69f11b3f26,1,30.0,174.0
1,hpa-poisson-303-0e96cdb3,000127,90.321457,2026-08-31T19:17:31.301+00:00,2026-08-31T19:17:27.574+00:00,2026-08-31T19:17:27.613+00:00,2026-08-31T19:17:27.613+00:00,2026-08-31T19:17:27.705+00:00,2026-08-31T19:17:27.705+00:00,0.062387,0.09185050799896999,sqs-worker-5986dcd897-x8rdl,ip-192-168-20-201.ec2.internal,bfe02b4305bcabdfc6c28387df7204f33904938ccd44987bad8dc0c529b24589,1,39.0,131.0
1,hpa-poisson-303-0e96cdb3,000126,90.009472,2026-08-31T19:17:30.989+00:00,2026-08-31T19:17:27.252+00:00,2026-08-31T19:17:27.256+00:00,2026-08-31T19:17:27.256+00:00,2026-08-31T19:17:28.057+00:00,2026-08-31T19:17:28.057+00:00,0.358018,0.8007941689993459,sqs-worker-5986dcd897-846tg,ip-192-168-20-201.ec2.internal,25c7172c4139b17a818ce8859f2adb0ac444167af3d940b93bf5ff6743767b56,1,4.0,805.0
1,hpa-poisson-303-0e96cdb3,000122,88.128466,2026-08-31T19:17:29.108+00:00,2026-08-31T19:17:25.364+00:00,2026-08-31T19:17:25.371+00:00,2026-08-31T19:17:25.371+00:00,2026-08-31T19:17:26.402+00:00,2026-08-31T19:17:26.402+00:00,0.436717,1.0308837729990046,sqs-worker-5986dcd897-wxrtl,ip-192-168-20-201.ec2.internal,2a51d93c2a0f392b73e55e9f6896f3a04121e7deca5633936748d035c499cfb9,1,7.0,1038.0
1,hpa-poisson-303-0e96cdb3,000129,91.915166,2026-08-31T19:17:32.895+00:00,2026-08-31T19:17:29.151+00:00,2026-08-31T19:17:29.155+00:00,2026-08-31T19:17:29.155+00:00,2026-08-31T19:17:29.443+00:00,2026-08-31T19:17:29.443+00:00,0.037295,0.287955340998451,sqs-worker-5986dcd897-846tg,ip-192-168-20-201.ec2.internal,445db35fad866daca258d449301e1d7b70ee124d3dbb018ac48a5dfa94b8558f,1,4.0,292.0
1,hpa-poisson-303-0e96cdb3,000128,91.898478,2026-08-31T19:17:32.880+00:00,2026-08-31T19:17:29.137+00:00,2026-08-31T19:17:29.143+00:00,2026-08-31T19:17:29.143+00:00,2026-08-31T19:17:29.727+00:00,2026-08-31T19:17:29.727+00:00,0.098577,0.584733461999349,sqs-worker-5986dcd897-wxrtl,ip-192-168-20-201.ec2.internal,1fbfaaa5e496fa3abea0ce49c63e86ac23b82c81bb4c639964b21a5d220d8285,1,6.0,590.0
1,hpa-poisson-303-0e96cdb3,000133,92.811778,2026-08-31T19:17:33.797+00:00,2026-08-31T19:17:30.117+00:00,2026-08-31T19:17:30.121+00:00,2026-08-31T19:17:30.121+00:00,2026-08-31T19:17:30.156+00:00,2026-08-31T19:17:30.156+00:00,0.005,0.03517286799979047,sqs-worker-5986dcd897-846tg,ip-192-168-20-201.ec2.internal,165497adb559309b78cd9c4d2e75c474c51e8cb15661988e058cf11c977eb40c,1,4.0,39.0
1,hpa-poisson-303-0e96cdb3,000131,92.572915,2026-08-31T19:17:33.553+00:00,2026-08-31T19:17:29.812+00:00,2026-08-31T19:17:29.827+00:00,2026-08-31T19:17:29.827+00:00,2026-08-31T19:17:30.445+00:00,2026-08-31T19:17:30.445+00:00,0.110458,0.6187586520009063,sqs-worker-5986dcd897-wxrtl,ip-192-168-20-201.ec2.internal,c07bac7c3dc879469371fa4e4287df38070e63e89c9b3dc05d85dbabff8ab4c7,1,15.0,633.0
1,hpa-poisson-303-0e96cdb3,000136,93.335588,2026-08-31T19:17:34.316+00:00,2026-08-31T19:17:30.577+00:00,2026-08-31T19:17:30.700+00:00,2026-08-31T19:17:30.700+00:00,2026-08-31T19:17:30.857+00:00,2026-08-31T19:17:30.857+00:00,0.027863,0.156600566000634,sqs-worker-5986dcd897-wxrtl,ip-192-168-20-201.ec2.internal,839d86a4566c66183ad1fae041abbb223422b146eec3240e4bd1a0481a4c47a7,1,123.0,280.0
1,hpa-poisson-303-0e96cdb3,000135,93.026633,2026-08-31T19:17:34.006+00:00,2026-08-31T19:17:30.262+00:00,2026-08-31T19:17:30.574+00:00,2026-08-31T19:17:30.574+00:00,2026-08-31T19:17:30.625+00:00,2026-08-31T19:17:30.625+00:00,0.006451,0.05145929799982696,sqs-worker-5986dcd897-wxrtl,ip-192-168-20-201.ec2.internal,04d1240746677ee0281469629a4704b7a0528084256d347c9707a4e05af04be9,1,312.0,363.0
1,hpa-poisson-303-0e96cdb3,000130,91.928195,2026-08-31T19:17:32.908+00:00,2026-08-31T19:17:29.171+00:00,2026-08-31T19:17:29.176+00:00,2026-08-31T19:17:29.176+00:00,2026-08-31T19:17:31.184+00:00,2026-08-31T19:17:31.184+00:00,0.499276,2.007843679999496,sqs-worker-5986dcd897-x8rdl,ip-192-168-20-201.ec2.internal,45d49e6aad57ea4c0b27941a7a398dc1fe697d1147d1851a589702f083fbbe40,1,5.0,2013.0
1,hpa-poisson-303-0e96cdb3,000134,93.010055,2026-08-31T19:17:33.990+00:00,2026-08-31T19:17:30.248+00:00,2026-08-31T19:17:30.306+00:00,2026-08-31T19:17:30.306+00:00,2026-08-31T19:17:31.008+00:00,2026-08-31T19:17:31.008+00:00,0.128404,0.7022800839986303,sqs-worker-5986dcd897-846tg,ip-192-168-20-201.ec2.internal,b594bfb7d30f3951b4c09ad56698a0ce4ae149af22f936d17e47d5a41673cbaf,1,58.0,760.0
1,hpa-poisson-303-0e96cdb3,000132,92.626696,2026-08-31T19:17:33.606+00:00,2026-08-31T19:17:29.868+00:00,2026-08-31T19:17:29.886+00:00,2026-08-31T19:17:29.887+00:00,2026-08-31T19:17:31.922+00:00,2026-08-31T19:17:31.922+00:00,0.366315,2.0360118049993616,sqs-worker-5986dcd897-7z6bq,ip-192-168-20-201.ec2.internal,15a8b7f18d0a333fbc2f83158834ae83056cc0813acbfba78b7e936f7736d276,1,18.0,2054.0
1,hpa-poisson-303-0e96cdb3,000137,95.603936,2026-08-31T19:17:36.586+00:00,2026-08-31T19:17:32.841+00:00,2026-08-31T19:17:32.844+00:00,2026-08-31T19:17:32.844+00:00,2026-08-31T19:17:33.081+00:00,2026-08-31T19:17:33.081+00:00,0.116929,0.2362909250005032,sqs-worker-5986dcd897-x8rdl,ip-192-168-20-201.ec2.internal,13898d54a58071967388f62e623846c64d09ccea2e881900c258af4dfe172632,1,3.0,240.0
1,hpa-poisson-303-0e96cdb3,000138,96.834013,2026-08-31T19:17:37.817+00:00,2026-08-31T19:17:34.076+00:00,2026-08-31T19:17:34.080+00:00,2026-08-31T19:17:34.080+00:00,2026-08-31T19:17:34.124+00:00,2026-08-31T19:17:34.124+00:00,0.04441,0.044467674000770785,sqs-worker-5986dcd897-wxrtl,ip-192-168-20-201.ec2.internal,9d21a756d01ad89e5056447641443cbc594eb47c9b16c6ea3e6e44bea8c1872b,1,4.0,48.0
1,hpa-poisson-303-0e96cdb3,000139,96.860781,2026-08-31T19:17:37.841+00:00,2026-08-31T19:17:34.095+00:00,2026-08-31T19:17:34.099+00:00,2026-08-31T19:17:34.099+00:00,2026-08-31T19:17:34.521+00:00,2026-08-31T19:17:34.521+00:00,0.187366,0.4223490860003949,sqs-worker-5986dcd897-7z6bq,ip-192-168-20-201.ec2.internal,0ecf25f6b437f06ca7312b207e4b78a05858db4b574a17422ed145ee7c0c5a22,1,4.0,426.0
1,hpa-poisson-303-0e96cdb3,000140,99.679799,2026-08-31T19:17:40.662+00:00,2026-08-31T19:17:36.943+00:00,2026-08-31T19:17:36.960+00:00,2026-08-31T19:17:36.960+00:00,2026-08-31T19:17:37.093+00:00,2026-08-31T19:17:37.093+00:00,0.074032,0.13316427599966119,sqs-worker-5986dcd897-x8rdl,ip-192-168-20-201.ec2.internal,2012053189a5c596ebd42475ddc38bdf75bef8197baa29f7edc444a4b8d3af62,1,17.0,150.0
1,hpa-poisson-303-0e96cdb3,000142,102.357694,2026-08-31T19:17:43.339+00:00,2026-08-31T19:17:39.591+00:00,2026-08-31T19:17:39.607+00:00,2026-08-31T19:17:39.607+00:00,2026-08-31T19:17:39.833+00:00,2026-08-31T19:17:39.833+00:00,0.049004,0.2262055209994287,sqs-worker-5986dcd897-846tg,ip-192-168-20-201.ec2.internal,afc8ef414a5b58eef4c80fe8a13e45fb729cf766ce814f32bacd50b07e50609a,1,16.0,242.0
1,hpa-poisson-303-0e96cdb3,000141,101.134349,2026-08-31T19:17:42.115+00:00,2026-08-31T19:17:38.371+00:00,2026-08-31T19:17:38.402+00:00,2026-08-31T19:17:38.402+00:00,2026-08-31T19:17:40.271+00:00,2026-08-31T19:17:40.271+00:00,0.510743,1.8694197329987219,sqs-worker-5986dcd897-wxrtl,ip-192-168-20-201.ec2.internal,a39fc77bebe659c357dba0392b34d53e6934c1b0ba2b054cf6c6b0164362ebad,1,31.0,1900.0
1,hpa-poisson-303-0e96cdb3,000145,102.827895,2026-08-31T19:17:43.808+00:00,2026-08-31T19:17:40.063+00:00,2026-08-31T19:17:40.110+00:00,2026-08-31T19:17:40.110+00:00,2026-08-31T19:17:40.536+00:00,2026-08-31T19:17:40.536+00:00,0.084542,0.42637600200032466,sqs-worker-5986dcd897-7z6bq,ip-192-168-20-201.ec2.internal,0654382788c827a6a022b11e799eca201855c8dd96311822a2910f5ba9bf52d9,1,47.0,473.0
1,hpa-poisson-303-0e96cdb3,000143,102.479814,2026-08-31T19:17:43.460+00:00,2026-08-31T19:17:39.712+00:00,2026-08-31T19:17:39.740+00:00,2026-08-31T19:17:39.740+00:00,2026-08-31T19:17:40.784+00:00,2026-08-31T19:17:40.784+00:00,0.193624,1.0441336999992927,sqs-worker-5986dcd897-x8rdl,ip-192-168-20-201.ec2.internal,761418ed93ea6d19a17c3c5819fcd0375f1f42d47b09cade6bd6de8c93c136c2,1,28.0,1072.0
1,hpa-poisson-303-0e96cdb3,000144,102.718588,2026-08-31T19:17:43.698+00:00,2026-08-31T19:17:39.953+00:00,2026-08-31T19:17:40.015+00:00,2026-08-31T19:17:40.015+00:00,2026-08-31T19:17:41.128+00:00,2026-08-31T19:17:41.128+00:00,0.247841,1.1121330410005612,sqs-worker-5986dcd897-846tg,ip-192-168-20-201.ec2.internal,d1de6fb349f0a2444df974df48ae066a19f7db4efbb0e170812d772552e251c1,1,62.0,1175.0
1,hpa-poisson-303-0e96cdb3,000147,104.455425,2026-08-31T19:17:45.436+00:00,2026-08-31T19:17:41.689+00:00,2026-08-31T19:17:41.693+00:00,2026-08-31T19:17:41.693+00:00,2026-08-31T19:17:42.076+00:00,2026-08-31T19:17:42.076+00:00,0.171557,0.3827418229993782,sqs-worker-5986dcd897-wxrtl,ip-192-168-20-201.ec2.internal,357dc21ced135dc9b055ba2c82e8fdb9af3d05d2ec98dc85362a8c42da6f2d7f,1,4.0,387.0
1,hpa-poisson-303-0e96cdb3,000146,103.664303,2026-08-31T19:17:44.646+00:00,2026-08-31T19:17:40.903+00:00,2026-08-31T19:17:40.913+00:00,2026-08-31T19:17:40.913+00:00,2026-08-31T19:17:42.540+00:00,2026-08-31T19:17:42.540+00:00,0.33216,1.6277817989994219,sqs-worker-5986dcd897-7z6bq,ip-192-168-20-201.ec2.internal,c9989a40441f06ce0d4855bf08e3eee3c5da1d012b93235c8403c72fa1483a61,1,10.0,1637.0
1,hpa-poisson-303-0e96cdb3,000148,104.657702,2026-08-31T19:17:45.638+00:00,2026-08-31T19:17:41.889+00:00,2026-08-31T19:17:41.893+00:00,2026-08-31T19:17:41.893+00:00,2026-08-31T19:17:42.907+00:00,2026-08-31T19:17:42.907+00:00,0.424169,1.0143112290006684,sqs-worker-5986dcd897-x8rdl,ip-192-168-20-201.ec2.internal,aeea013464cfa76da0cc42f6ccbc93729af5df775e22ab78cc409065f7505878,1,4.0,1018.0
1,hpa-poisson-303-0e96cdb3,000149,106.663193,2026-08-31T19:17:47.645+00:00,2026-08-31T19:17:43.897+00:00,2026-08-31T19:17:43.900+00:00,2026-08-31T19:17:43.901+00:00,2026-08-31T19:17:44.827+00:00,2026-08-31T19:17:44.827+00:00,0.387673,0.9269707370003744,sqs-worker-5986dcd897-wxrtl,ip-192-168-20-201.ec2.internal,ca396843eb729474ee8d88e4a56217be71f0928fdea2205dd9374463c0dec6fa,1,3.0,930.0
1,hpa-poisson-303-0e96cdb3,000150,107.475424,2026-08-31T19:17:48.456+00:00,2026-08-31T19:17:44.707+00:00,2026-08-31T19:17:44.710+00:00,2026-08-31T19:17:44.710+00:00,2026-08-31T19:17:45.086+00:00,2026-08-31T19:17:45.086+00:00,0.163745,0.3759547469999234,sqs-worker-5986dcd897-x8rdl,ip-192-168-20-201.ec2.internal,0a61e08a1d9d63ca7dfb6e034262b131fd72e7b8776952480af547a02edb8310,1,3.0,379.0
1,hpa-poisson-303-0e96cdb3,000151,108.258096,2026-08-31T19:17:49.238+00:00,2026-08-31T19:17:45.495+00:00,2026-08-31T19:17:45.502+00:00,2026-08-31T19:17:45.502+00:00,2026-08-31T19:17:45.545+00:00,2026-08-31T19:17:45.545+00:00,0.043172,0.04323609099992609,sqs-worker-5986dcd897-846tg,ip-192-168-20-201.ec2.internal,e0753c9dc254b9d1cdeae48195e84d49873c30c661ccf9590cae4e0b2f74bb13,1,7.0,50.0
1,hpa-poisson-303-0e96cdb3,000152,108.602478,2026-08-31T19:17:49.582+00:00,2026-08-31T19:17:45.836+00:00,2026-08-31T19:17:45.840+00:00,2026-08-31T19:17:45.840+00:00,2026-08-31T19:17:46.207+00:00,2026-08-31T19:17:46.207+00:00,0.188702,0.36732215600022755,sqs-worker-5986dcd897-x8rdl,ip-192-168-20-201.ec2.internal,da2c292ebce4710e77bc8dfc970fb52e3aeda5a5783990067a327002702fadee,1,4.0,371.0
1,hpa-poisson-303-0e96cdb3,000154,110.315477,2026-08-31T19:17:51.296+00:00,2026-08-31T19:17:47.547+00:00,2026-08-31T19:17:47.551+00:00,2026-08-31T19:17:47.551+00:00,2026-08-31T19:17:47.635+00:00,2026-08-31T19:17:47.635+00:00,0.06592,0.0844447460003721,sqs-worker-5986dcd897-7z6bq,ip-192-168-20-201.ec2.internal,7a57357d311128610e21e9092be9e279cd2135d5bdd7309cfcd61af3eec58365,1,4.0,88.0
1,hpa-poisson-303-0e96cdb3,000153,109.81738,2026-08-31T19:17:50.798+00:00,2026-08-31T19:17:47.050+00:00,2026-08-31T19:17:47.054+00:00,2026-08-31T19:17:47.054+00:00,2026-08-31T19:17:47.630+00:00,2026-08-31T19:17:47.630+00:00,0.247054,0.5758342080007424,sqs-worker-5986dcd897-wxrtl,ip-192-168-20-201.ec2.internal,8f4b4fb5199df4334d94b938ef18eb3a174ca5a3f04ca1507cf965d694a4b760,1,4.0,580.0
1,hpa-poisson-303-0e96cdb3,000155,111.259143,2026-08-31T19:17:52.240+00:00,2026-08-31T19:17:48.491+00:00,2026-08-31T19:17:48.494+00:00,2026-08-31T19:17:48.494+00:00,2026-08-31T19:17:49.203+00:00,2026-08-31T19:17:49.203+00:00,0.298146,0.7089052800001809,sqs-worker-5986dcd897-x8rdl,ip-192-168-20-201.ec2.internal,a5d8e74bc815e298e71ee9cf87d51f2d0a83b970fda627243c69f9bc1d7236dc,1,3.0,712.0
1,hpa-poisson-303-0e96cdb3,000158,112.870088,2026-08-31T19:17:53.850+00:00,2026-08-31T19:17:50.104+00:00,2026-08-31T19:17:50.110+00:00,2026-08-31T19:17:50.110+00:00,2026-08-31T19:17:50.717+00:00,2026-08-31T19:17:50.717+00:00,0.10404,0.6072830299999623,sqs-worker-5986dcd897-7z6bq,ip-192-168-20-201.ec2.internal,5a3ace903a05fadc265b203829a96cfaf68cbe846ad446ba1b4f8a1946ddb76e,1,6.0,613.0
1,hpa-poisson-303-0e96cdb3,000156,112.793699,2026-08-31T19:17:53.775+00:00,2026-08-31T19:17:50.027+00:00,2026-08-31T19:17:50.031+00:00,2026-08-31T19:17:50.031+00:00,2026-08-31T19:17:50.923+00:00,2026-08-31T19:17:50.923+00:00,0.202897,0.8926550460000726,sqs-worker-5986dcd897-wxrtl,ip-192-168-20-201.ec2.internal,5a01fc67129d75bd73455d7eec9b5370887d2eb6edebefda26a34e64ee056f73,1,4.0,896.0
1,hpa-poisson-303-0e96cdb3,000159,113.038417,2026-08-31T19:17:54.018+00:00,2026-08-31T19:17:50.269+00:00,2026-08-31T19:17:50.276+00:00,2026-08-31T19:17:50.276+00:00,2026-08-31T19:17:50.943+00:00,2026-08-31T19:17:50.943+00:00,0.234853,0.6663748620012484,sqs-worker-5986dcd897-846tg,ip-192-168-20-201.ec2.internal,6f29609d0b1e08ae5708481dabb834dc35da8bebba92e7621e45bba12d7dbaa0,1,7.0,674.0
1,hpa-poisson-303-0e96cdb3,000160,114.635139,2026-08-31T19:17:55.615+00:00,2026-08-31T19:17:51.867+00:00,2026-08-31T19:17:51.872+00:00,2026-08-31T19:17:51.872+00:00,2026-08-31T19:17:52.009+00:00,2026-08-31T19:17:52.009+00:00,0.068246,0.13791766600115807,sqs-worker-5986dcd897-846tg,ip-192-168-20-201.ec2.internal,0b2ed050080ab2bffe9514cfa556ffa942d05813355464f83f37468414e7c846,1,5.0,142.0
1,hpa-poisson-303-0e96cdb3,000161,114.884425,2026-08-31T19:17:55.863+00:00,2026-08-31T19:17:52.116+00:00,2026-08-31T19:17:52.119+00:00,2026-08-31T19:17:52.119+00:00,2026-08-31T19:17:52.660+00:00,2026-08-31T19:17:52.660+00:00,0.240849,0.5411359469999297,sqs-worker-5986dcd897-wxrtl,ip-192-168-20-201.ec2.internal,527abfb75ca17a492c621f869e233cfc79a4b46ffb89f257712583100e4d133f,1,3.0,544.0
1,hpa-poisson-303-0e96cdb3,000163,115.68759,2026-08-31T19:17:56.666+00:00,2026-08-31T19:17:52.925+00:00,2026-08-31T19:17:52.929+00:00,2026-08-31T19:17:52.929+00:00,2026-08-31T19:17:53.023+00:00,2026-08-31T19:17:53.023+00:00,0.040963,0.0936590850014909,sqs-worker-5986dcd897-wxrtl,ip-192-168-20-201.ec2.internal,bc085c6267ebc514bfc60b05a4cae41426c90f7bb1e206c6a64c2b0ec73a5087,1,4.0,98.0
1,hpa-poisson-303-0e96cdb3,000162,115.180465,2026-08-31T19:17:56.159+00:00,2026-08-31T19:17:52.412+00:00,2026-08-31T19:17:52.416+00:00,2026-08-31T19:17:52.416+00:00,2026-08-31T19:17:53.055+00:00,2026-08-31T19:17:53.055+00:00,0.281041,0.6391837840001244,sqs-worker-5986dcd897-846tg,ip-192-168-20-201.ec2.internal,e4f2ab3a0aef3e0ad496fef1ae88bce98a48d73af624fa44bff8369a9d984100,1,4.0,643.0
1,hpa-poisson-303-0e96cdb3,000157,112.839618,2026-08-31T19:17:53.819+00:00,2026-08-31T19:17:50.071+00:00,2026-08-31T19:17:50.087+00:00,2026-08-31T19:17:50.087+00:00,2026-08-31T19:17:53.509+00:00,2026-08-31T19:17:53.509+00:00,0.911712,3.4222974380008964,sqs-worker-5986dcd897-x8rdl,ip-192-168-20-201.ec2.internal,aa249b31236ca8052a16b209847744536ea5affac8a5062e7618abd96590833e,1,16.0,3438.0
1,hpa-poisson-303-0e96cdb3,000164,116.18415,2026-08-31T19:17:57.163+00:00,2026-08-31T19:17:53.416+00:00,2026-08-31T19:17:53.420+00:00,2026-08-31T19:17:53.420+00:00,2026-08-31T19:17:54.239+00:00,2026-08-31T19:17:54.239+00:00,0.344015,0.8197321480001847,sqs-worker-5986dcd897-wxrtl,ip-192-168-20-201.ec2.internal,4c57721c1609473c4b9ef92b41e81085c8d642b37ad09892e446ad4752413278,1,4.0,823.0
1,hpa-poisson-303-0e96cdb3,000165,116.557177,2026-08-31T19:17:57.536+00:00,2026-08-31T19:17:53.796+00:00,2026-08-31T19:17:53.800+00:00,2026-08-31T19:17:53.800+00:00,2026-08-31T19:17:54.341+00:00,2026-08-31T19:17:54.341+00:00,0.241457,0.540848790000382,sqs-worker-5986dcd897-7z6bq,ip-192-168-20-201.ec2.internal,0005673717b265860e0c08e92652fb1ad80a73b19eef395e76c794ba398b9fd3,1,4.0,545.0
1,hpa-poisson-303-0e96cdb3,000166,117.624314,2026-08-31T19:17:58.604+00:00,2026-08-31T19:17:54.858+00:00,2026-08-31T19:17:54.861+00:00,2026-08-31T19:17:54.861+00:00,2026-08-31T19:17:55.106+00:00,2026-08-31T19:17:55.107+00:00,0.126041,0.24505536099968594,sqs-worker-5986dcd897-x8rdl,ip-192-168-20-201.ec2.internal,96eefc463801f7bc2e08b06226efb7d0ee9644843ceaf2adf24c1c1fa4966130,1,3.0,248.0
1,hpa-poisson-303-0e96cdb3,000167,118.013687,2026-08-31T19:17:58.992+00:00,2026-08-31T19:17:55.245+00:00,2026-08-31T19:17:55.249+00:00,2026-08-31T19:17:55.249+00:00,2026-08-31T19:17:55.830+00:00,2026-08-31T19:17:55.830+00:00,0.249228,0.5806629740000062,sqs-worker-5986dcd897-wxrtl,ip-192-168-20-201.ec2.internal,d2dc4738ca639ff47118a005de2ea83daa9b0e168951027fcedb8bad39684a47,1,4.0,585.0
1,hpa-poisson-303-0e96cdb3,000169,119.011184,2026-08-31T19:17:59.989+00:00,2026-08-31T19:17:56.241+00:00,2026-08-31T19:17:56.247+00:00,2026-08-31T19:17:56.247+00:00,2026-08-31T19:17:56.331+00:00,2026-08-31T19:17:56.331+00:00,0.052291,0.08334069599914073,sqs-worker-5986dcd897-846tg,ip-192-168-20-201.ec2.internal,a3d714cd105b5fe987e68c19f38da75873b3e1e4eda268d4f52f8a088a207446,1,6.0,90.0
1,hpa-poisson-303-0e96cdb3,000168,118.919909,2026-08-31T19:17:59.899+00:00,2026-08-31T19:17:56.155+00:00,2026-08-31T19:17:56.158+00:00,2026-08-31T19:17:56.158+00:00,2026-08-31T19:17:56.722+00:00,2026-08-31T19:17:56.722+00:00,0.253373,0.5640662420009903,sqs-worker-5986dcd897-7z6bq,ip-192-168-20-201.ec2.internal,b789c4017dc761737fdaf97256095fc33e7f6b0da7b7a5122512815aeeb308b1,1,3.0,567.0
1,hpa-poisson-303-0e96cdb3,000170,119.877204,2026-08-31T19:18:00.856+00:00,2026-08-31T19:17:57.113+00:00,2026-08-31T19:17:57.117+00:00,2026-08-31T19:17:57.117+00:00,2026-08-31T19:17:57.238+00:00,2026-08-31T19:17:57.238+00:00,0.068883,0.1205823620002775,sqs-worker-5986dcd897-7z6bq,ip-192-168-20-201.ec2.internal,2d76bda1a269c974598f4bfa88e809ee9486151a76c455de27103c32eb0c0870,1,4.0,125.0
1,hpa-poisson-303-0e96cdb3,000171,120.268421,2026-08-31T19:18:01.247+00:00,2026-08-31T19:17:57.502+00:00,2026-08-31T19:17:57.506+00:00,2026-08-31T19:17:57.506+00:00,2026-08-31T19:17:57.693+00:00,2026-08-31T19:17:57.693+00:00,0.090667,0.18696650700076134,sqs-worker-5986dcd897-x8rdl,ip-192-168-20-201.ec2.internal,d2880a4f05f861e6ef7ba880c2c3f46db0874083f5879f7e48634de576273fed,1,4.0,191.0
1,hpa-poisson-303-0e96cdb3,000172,120.711463,2026-08-31T19:18:01.690+00:00,2026-08-31T19:17:57.947+00:00,2026-08-31T19:17:57.951+00:00,2026-08-31T19:17:57.951+00:00,2026-08-31T19:17:58.012+00:00,2026-08-31T19:17:58.012+00:00,0.043419,0.06135476100098458,sqs-worker-5986dcd897-7z6bq,ip-192-168-20-201.ec2.internal,75af994d90aafcbcd38e15b7df8ad20121f8c5e47a4cbd7facf87b811dec48ef,1,4.0,65.0
1,hpa-poisson-303-0e96cdb3,000173,120.802027,2026-08-31T19:18:01.780+00:00,2026-08-31T19:17:58.035+00:00,2026-08-31T19:17:58.037+00:00,2026-08-31T19:17:58.037+00:00,2026-08-31T19:17:58.068+00:00,2026-08-31T19:17:58.068+00:00,0.030679,0.030719366999619524,sqs-worker-5986dcd897-wxrtl,ip-192-168-20-201.ec2.internal,dd477cc1fdab29016ed4961917515f48cc8305ad2bb815f0052120bceea594a2,1,2.0,33.0
1,hpa-poisson-303-0e96cdb3,000174,122.076962,2026-08-31T19:18:03.055+00:00,2026-08-31T19:17:59.309+00:00,2026-08-31T19:17:59.313+00:00,2026-08-31T19:17:59.313+00:00,2026-08-31T19:17:59.422+00:00,2026-08-31T19:17:59.422+00:00,0.026172,0.10953413800052658,sqs-worker-5986dcd897-wxrtl,ip-192-168-20-201.ec2.internal,526daf57b4f7afb50e06a345d0dbffefe3512a3c7e7489c571652098f1b3dc64,1,4.0,113.0
1,hpa-poisson-303-0e96cdb3,000177,123.536018,2026-08-31T19:18:04.515+00:00,2026-08-31T19:18:00.768+00:00,2026-08-31T19:18:00.771+00:00,2026-08-31T19:18:00.771+00:00,2026-08-31T19:18:00.844+00:00,2026-08-31T19:18:00.844+00:00,0.042343,0.07332486200175481,sqs-worker-5986dcd897-846tg,ip-192-168-20-201.ec2.internal,033c5a8df2aed751e53da1e5732e396a1d862b5dd84b618b525ca19e4a643322,1,3.0,76.0
1,hpa-poisson-303-0e96cdb3,000178,123.543029,2026-08-31T19:18:04.521+00:00,2026-08-31T19:18:00.776+00:00,2026-08-31T19:18:00.782+00:00,2026-08-31T19:18:00.782+00:00,2026-08-31T19:18:01.084+00:00,2026-08-31T19:18:01.084+00:00,0.143906,0.30224956500023836,sqs-worker-5986dcd897-wxrtl,ip-192-168-20-201.ec2.internal,620672181d304385aa0d3693b9b47e6ec4a5db604e9f2889faacb22ef78cc799,1,6.0,308.0
1,hpa-poisson-303-0e96cdb3,000175,122.173219,2026-08-31T19:18:03.152+00:00,2026-08-31T19:17:59.406+00:00,2026-08-31T19:17:59.410+00:00,2026-08-31T19:17:59.410+00:00,2026-08-31T19:18:01.704+00:00,2026-08-31T19:18:01.704+00:00,0.544189,2.294602138999835,sqs-worker-5986dcd897-x8rdl,ip-192-168-20-201.ec2.internal,6490006b8c869c7704d857997769c5d61376b72aa6142efabaa2059575fc574b,1,4.0,2298.0
1,hpa-poisson-303-0e96cdb3,000176,123.075187,2026-08-31T19:18:04.054+00:00,2026-08-31T19:18:00.318+00:00,2026-08-31T19:18:00.327+00:00,2026-08-31T19:18:00.327+00:00,2026-08-31T19:18:01.929+00:00,2026-08-31T19:18:01.929+00:00,0.295813,1.6020609639999748,sqs-worker-5986dcd897-7z6bq,ip-192-168-20-201.ec2.internal,1df6b02ff3c082061ba16d39339e3a4a5a11b6e2eac91fab66e5922780efaea6,1,9.0,1611.0
1,hpa-poisson-303-0e96cdb3,000179,125.506544,2026-08-31T19:18:06.487+00:00,2026-08-31T19:18:02.744+00:00,2026-08-31T19:18:02.747+00:00,2026-08-31T19:18:02.747+00:00,2026-08-31T19:18:03.029+00:00,2026-08-31T19:18:03.029+00:00,0.13029,0.281582924999384,sqs-worker-5986dcd897-846tg,ip-192-168-20-201.ec2.internal,cb222553ea0886627d9c0f985f21cd990838d46ca29d7548ed92526317410cd6,1,3.0,285.0
1,hpa-poisson-303-0e96cdb3,000180,126.369427,2026-08-31T19:18:07.349+00:00,2026-08-31T19:18:03.604+00:00,2026-08-31T19:18:03.608+00:00,2026-08-31T19:18:03.608+00:00,2026-08-31T19:18:03.945+00:00,2026-08-31T19:18:03.945+00:00,0.15917,0.3363194699995802,sqs-worker-5986dcd897-7z6bq,ip-192-168-20-201.ec2.internal,3f36172bd7e223f17b0750ccbf917b2a9aefe57b1fa57946132ddb9e0842eecc,1,4.0,341.0
1,hpa-poisson-303-0e96cdb3,000182,126.558902,2026-08-31T19:18:07.537+00:00,2026-08-31T19:18:03.793+00:00,2026-08-31T19:18:03.798+00:00,2026-08-31T19:18:03.798+00:00,2026-08-31T19:18:04.018+00:00,2026-08-31T19:18:04.018+00:00,0.114354,0.22053082500133314,sqs-worker-5986dcd897-x8rdl,ip-192-168-20-201.ec2.internal,a3fdc0de1ae084de1990eb6695e4fbb8b4b9f65e26d27767af04c26d156492df,1,5.0,225.0
1,hpa-poisson-303-0e96cdb3,000181,126.436101,2026-08-31T19:18:07.415+00:00,2026-08-31T19:18:03.667+00:00,2026-08-31T19:18:03.670+00:00,2026-08-31T19:18:03.670+00:00,2026-08-31T19:18:04.081+00:00,2026-08-31T19:18:04.081+00:00,0.18062,0.4106980439992185,sqs-worker-5986dcd897-wxrtl,ip-192-168-20-201.ec2.internal,a9df77d13a0017e67060d5555f6669175c39a5f26680d4be9476e438e5f6cb49,1,3.0,414.0
1,hpa-poisson-303-0e96cdb3,000183,128.277315,2026-08-31T19:18:09.257+00:00,2026-08-31T19:18:05.517+00:00,2026-08-31T19:18:05.521+00:00,2026-08-31T19:18:05.521+00:00,2026-08-31T19:18:05.722+00:00,2026-08-31T19:18:05.722+00:00,0.082922,0.20096561100035615,sqs-worker-5986dcd897-846tg,ip-192-168-20-201.ec2.internal,d23a2dfb0f6f46e88c6062f49b950552a4ef94947847ea024234220b8867bd24,1,4.0,205.0
1,hpa-poisson-303-0e96cdb3,000186,129.521149,2026-08-31T19:18:10.500+00:00,2026-08-31T19:18:06.755+00:00,2026-08-31T19:18:06.759+00:00,2026-08-31T19:18:06.759+00:00,2026-08-31T19:18:06.779+00:00,2026-08-31T19:18:06.779+00:00,0.019197,0.019301118998555467,sqs-worker-5986dcd897-x8rdl,ip-192-168-20-201.ec2.internal,7bc4f06578e89042e9a3cc5a41650ecfcde0a92f0e620d93a64b2a67b95072b9,1,4.0,24.0
1,hpa-poisson-303-0e96cdb3,000189,129.769679,2026-08-31T19:18:10.748+00:00,2026-08-31T19:18:07.003+00:00,2026-08-31T19:18:07.014+00:00,2026-08-31T19:18:07.014+00:00,2026-08-31T19:18:07.028+00:00,2026-08-31T19:18:07.028+00:00,0.013962,0.014075188999413513,sqs-worker-5986dcd897-7z6bq,ip-192-168-20-201.ec2.internal,655f630eca8377a854e3d937e9697f72ab5be7023c224ae589a9e72e7b885fec,1,11.0,25.0
1,hpa-poisson-303-0e96cdb3,000185,129.181543,2026-08-31T19:18:10.160+00:00,2026-08-31T19:18:06.415+00:00,2026-08-31T19:18:06.420+00:00,2026-08-31T19:18:06.420+00:00,2026-08-31T19:18:06.944+00:00,2026-08-31T19:18:06.944+00:00,0.232972,0.524447481999232,sqs-worker-5986dcd897-7z6bq,ip-192-168-20-201.ec2.internal,914ff1b4fda2d15ca83996c9f9a7a3bd060625bf63f841278dcbb5a4c07bda0c,1,5.0,529.0
1,hpa-poisson-303-0e96cdb3,000187,129.524578,2026-08-31T19:18:10.503+00:00,2026-08-31T19:18:06.763+00:00,2026-08-31T19:18:06.767+00:00,2026-08-31T19:18:06.767+00:00,2026-08-31T19:18:07.192+00:00,2026-08-31T19:18:07.192+00:00,0.184293,0.4254274360009731,sqs-worker-5986dcd897-wxrtl,ip-192-168-20-201.ec2.internal,5f34fdd1c5bc1a16a3529d2f963015748aac2531b7be21f84ecc61c110817869,1,4.0,429.0
1,hpa-poisson-303-0e96cdb3,000184,128.655356,2026-08-31T19:18:09.634+00:00,2026-08-31T19:18:05.888+00:00,2026-08-31T19:18:05.893+00:00,2026-08-31T19:18:05.893+00:00,2026-08-31T19:18:07.331+00:00,2026-08-31T19:18:07.331+00:00,0.590464,1.4380431820009107,sqs-worker-5986dcd897-846tg,ip-192-168-20-201.ec2.internal,c5a95ae798671bf4b8993509cc2320daccffce86e141165005d5632a0b325921,1,5.0,1443.0
1,hpa-poisson-303-0e96cdb3,000191,130.179148,2026-08-31T19:18:11.158+00:00,2026-08-31T19:18:07.415+00:00,2026-08-31T19:18:07.418+00:00,2026-08-31T19:18:07.418+00:00,2026-08-31T19:18:07.644+00:00,2026-08-31T19:18:07.644+00:00,0.109697,0.225474105000103,sqs-worker-5986dcd897-846tg,ip-192-168-20-201.ec2.internal,827ae566c088749ae62388cd6388ad3bb8b7339f4fb6215fbbc0838273b58067,1,3.0,229.0
1,hpa-poisson-303-0e96cdb3,000188,129.573495,2026-08-31T19:18:10.552+00:00,2026-08-31T19:18:06.811+00:00,2026-08-31T19:18:06.814+00:00,2026-08-31T19:18:06.814+00:00,2026-08-31T19:18:08.305+00:00,2026-08-31T19:18:08.305+00:00,0.614006,1.4907719579987315,sqs-worker-5986dcd897-x8rdl,ip-192-168-20-201.ec2.internal,58881d7cdb287a8e79a8c2081d6e2c80bb06c8a7669fa047af1750cabdd620c3,1,3.0,1494.0
1,hpa-poisson-303-0e96cdb3,000190,129.854475,2026-08-31T19:18:10.833+00:00,2026-08-31T19:18:07.088+00:00,2026-08-31T19:18:07.091+00:00,2026-08-31T19:18:07.092+00:00,2026-08-31T19:18:07.411+00:00,2026-08-31T19:18:07.411+00:00,0.138336,0.3197275200000149,sqs-worker-5986dcd897-7z6bq,ip-192-168-20-201.ec2.internal,ee203dd5bd7c88fe01b356650b4186ca1eb6c72c0c03470c4a4ef194eb281441,1,3.0,323.0
1,hpa-poisson-303-0e96cdb3,000193,131.389611,2026-08-31T19:18:12.369+00:00,2026-08-31T19:18:08.622+00:00,2026-08-31T19:18:08.639+00:00,2026-08-31T19:18:08.639+00:00,2026-08-31T19:18:08.796+00:00,2026-08-31T19:18:08.796+00:00,0.097054,0.15639128200018604,sqs-worker-5986dcd897-x8rdl,ip-192-168-20-201.ec2.internal,6492d744509caa1227c844237d79cee4bb464f000fbd9ba3e146ad23b3d41770,1,17.0,174.0
1,hpa-poisson-303-0e96cdb3,000195,132.095606,2026-08-31T19:18:13.075+00:00,2026-08-31T19:18:09.330+00:00,2026-08-31T19:18:09.335+00:00,2026-08-31T19:18:09.335+00:00,2026-08-31T19:18:09.340+00:00,2026-08-31T19:18:09.340+00:00,0.005,0.005067997000878677,sqs-worker-5986dcd897-7z6bq,ip-192-168-20-201.ec2.internal,b4070b9e0120bfd6892da22725f1b4c24e852e4fb7ba6ce38d9a25e42c9d2a3b,1,5.0,10.0
1,hpa-poisson-303-0e96cdb3,000194,131.408634,2026-08-31T19:18:12.387+00:00,2026-08-31T19:18:08.639+00:00,2026-08-31T19:18:08.646+00:00,2026-08-31T19:18:08.646+00:00,2026-08-31T19:18:08.726+00:00,2026-08-31T19:18:08.726+00:00,0.056699,0.07984326200130454,sqs-worker-5986dcd897-7z6bq,ip-192-168-20-201.ec2.internal,5ba7bc1a228d1394c51fc235ecbf1b2c116efd7e71a27187766d07f6c6e6b310,1,7.0,87.0
1,hpa-poisson-303-0e96cdb3,000192,130.489586,2026-08-31T19:18:11.468+00:00,2026-08-31T19:18:07.719+00:00,2026-08-31T19:18:07.724+00:00,2026-08-31T19:18:07.724+00:00,2026-08-31T19:18:08.042+00:00,2026-08-31T19:18:08.042+00:00,0.152591,0.31778998199843045,sqs-worker-5986dcd897-7z6bq,ip-192-168-20-201.ec2.internal,dc7809c1598d907910c6bb1e831e1c80f6cb0960be7de3da29c7360f2164a311,1,5.0,323.0
1,hpa-poisson-303-0e96cdb3,000196,132.275389,2026-08-31T19:18:13.254+00:00,2026-08-31T19:18:09.506+00:00,2026-08-31T19:18:09.511+00:00,2026-08-31T19:18:09.511+00:00,2026-08-31T19:18:10.531+00:00,2026-08-31T19:18:10.531+00:00,0.287213,1.0206414719996246,sqs-worker-5986dcd897-7z6bq,ip-192-168-20-201.ec2.internal,a142b49e1ca7d97b7cb2c8e60e2f9b4bc616c210a6c47d6a616ce1efaf9b336b,1,5.0,1025.0
1,hpa-poisson-303-0e96cdb3,000198,133.151812,2026-08-31T19:18:14.130+00:00,2026-08-31T19:18:10.383+00:00,2026-08-31T19:18:10.409+00:00,2026-08-31T19:18:10.409+00:00,2026-08-31T19:18:10.942+00:00,2026-08-31T19:18:10.942+00:00,0.201981,0.5337936939995416,sqs-worker-5986dcd897-846tg,ip-192-168-20-201.ec2.internal,4bc9c975df6e6f793f7c5aec00490c172dc5289d02030af6448d074e6740656d,1,26.0,559.0
1,hpa-poisson-303-0e96cdb3,000199,133.199887,2026-08-31T19:18:14.178+00:00,2026-08-31T19:18:10.430+00:00,2026-08-31T19:18:10.435+00:00,2026-08-31T19:18:10.435+00:00,2026-08-31T19:18:10.930+00:00,2026-08-31T19:18:10.930+00:00,0.210054,0.49515720499948657,sqs-worker-5986dcd897-wxrtl,ip-192-168-20-201.ec2.internal,40572cf516ffb61ce96e44acd15a0f62a3cf14533ef12be5f857c76b243ebf6c,1,5.0,500.0
1,hpa-poisson-303-0e96cdb3,000200,133.997155,2026-08-31T19:18:14.976+00:00,2026-08-31T19:18:11.228+00:00,2026-08-31T19:18:11.233+00:00,2026-08-31T19:18:11.233+00:00,2026-08-31T19:18:11.325+00:00,2026-08-31T19:18:11.325+00:00,0.015188,0.09214544400128943,sqs-worker-5986dcd897-7z6bq,ip-192-168-20-201.ec2.internal,85bcd2010fa509e95bdc073408be54e81fd4bb035147f553635750006aa8c808,1,5.0,97.0
1,hpa-poisson-303-0e96cdb3,000201,134.04163,2026-08-31T19:18:15.020+00:00,2026-08-31T19:18:11.271+00:00,2026-08-31T19:18:11.274+00:00,2026-08-31T19:18:11.274+00:00,2026-08-31T19:18:11.680+00:00,2026-08-31T19:18:11.680+00:00,0.179193,0.40600897900003474,sqs-worker-5986dcd897-wxrtl,ip-192-168-20-201.ec2.internal,78c9c8216d44d006f7c1d67af14021dc26eb96d36803242ad20a6de4bcefa53d,1,3.0,409.0
1,hpa-poisson-303-0e96cdb3,000197,132.890975,2026-08-31T19:18:13.870+00:00,2026-08-31T19:18:10.121+00:00,2026-08-31T19:18:10.134+00:00,2026-08-31T19:18:10.134+00:00,2026-08-31T19:18:11.696+00:00,2026-08-31T19:18:11.696+00:00,0.330435,1.5620627719999902,sqs-worker-5986dcd897-x8rdl,ip-192-168-20-201.ec2.internal,35f97b30d2f3310e41842a59c9734b16824c5fb1ee52b34e6c04805493a52133,1,13.0,1575.0
1,hpa-poisson-303-0e96cdb3,000202,135.100874,2026-08-31T19:18:16.080+00:00,2026-08-31T19:18:12.365+00:00,2026-08-31T19:18:12.371+00:00,2026-08-31T19:18:12.371+00:00,2026-08-31T19:18:12.518+00:00,2026-08-31T19:18:12.518+00:00,0.088992,0.1470242479990702,sqs-worker-5986dcd897-7z6bq,ip-192-168-20-201.ec2.internal,d720dec75e4ba23142b013f0ee49a9ba59f3664ff83f03b563b2771abb01af42,1,6.0,153.0
1,hpa-poisson-303-0e96cdb3,000203,135.346018,2026-08-31T19:18:16.324+00:00,2026-08-31T19:18:12.575+00:00,2026-08-31T19:18:12.579+00:00,2026-08-31T19:18:12.579+00:00,2026-08-31T19:18:13.233+00:00,2026-08-31T19:18:13.233+00:00,0.292849,0.6537098349999724,sqs-worker-5986dcd897-846tg,ip-192-168-20-201.ec2.internal,8cbac6149822ad327b107d7c070172921e9d22d6fe0e0c1acbac5626fe1eeee4,1,4.0,658.0
1,hpa-poisson-303-0e96cdb3,000204,135.421241,2026-08-31T19:18:16.400+00:00,2026-08-31T19:18:12.653+00:00,2026-08-31T19:18:12.657+00:00,2026-08-31T19:18:12.658+00:00,2026-08-31T19:18:13.397+00:00,2026-08-31T19:18:13.397+00:00,0.31208,0.7399587959989731,sqs-worker-5986dcd897-wxrtl,ip-192-168-20-201.ec2.internal,db9628af81e8c0c83e55790e63c8fa3bda291e7760dfff8ef1c3350f6a11eb22,1,4.0,744.0
1,hpa-poisson-303-0e96cdb3,000205,135.980038,2026-08-31T19:18:16.959+00:00,2026-08-31T19:18:13.211+00:00,2026-08-31T19:18:13.217+00:00,2026-08-31T19:18:13.217+00:00,2026-08-31T19:18:13.498+00:00,2026-08-31T19:18:13.498+00:00,0.134371,0.2804064579995611,sqs-worker-5986dcd897-x8rdl,ip-192-168-20-201.ec2.internal,318830827dd7a577e81217efaf4087530b235eddebfefdf9bde1b56bdb003cd3,1,6.0,287.0
1,hpa-poisson-303-0e96cdb3,000206,136.677411,2026-08-31T19:18:17.656+00:00,2026-08-31T19:18:13.908+00:00,2026-08-31T19:18:13.918+00:00,2026-08-31T19:18:13.918+00:00,2026-08-31T19:18:13.929+00:00,2026-08-31T19:18:13.929+00:00,0.011061,0.011100892999820644,sqs-worker-5986dcd897-7z6bq,ip-192-168-20-201.ec2.internal,7f89021b8a6a4b821bcb555c99a1895e5535d61ef93bbdfa50a9244d621333be,1,10.0,21.0
1,hpa-poisson-303-0e96cdb3,000207,139.481687,2026-08-31T19:18:20.463+00:00,2026-08-31T19:18:16.720+00:00,2026-08-31T19:18:16.726+00:00,2026-08-31T19:18:16.727+00:00,2026-08-31T19:18:16.820+00:00,2026-08-31T19:18:16.820+00:00,0.050001,0.09331733500039263,sqs-worker-5986dcd897-7z6bq,ip-192-168-20-201.ec2.internal,938c108100440696337650d676cbeb6ebd7a55dedf5593669976606f23c3cd44,1,6.0,100.0
1,hpa-poisson-303-0e96cdb3,000209,139.69732,2026-08-31T19:18:20.676+00:00,2026-08-31T19:18:16.929+00:00,2026-08-31T19:18:16.934+00:00,2026-08-31T19:18:16.934+00:00,2026-08-31T19:18:17.043+00:00,2026-08-31T19:18:17.043+00:00,0.064739,0.10895034700115502,sqs-worker-5986dcd897-846tg,ip-192-168-20-201.ec2.internal,118af33934940a9b864a8bf786f5861ff0b7680d29054d73a25cc503e193ffc9,1,5.0,114.0
1,hpa-poisson-303-0e96cdb3,000208,139.63325,2026-08-31T19:18:20.612+00:00,2026-08-31T19:18:16.866+00:00,2026-08-31T19:18:16.870+00:00,2026-08-31T19:18:16.870+00:00,2026-08-31T19:18:18.293+00:00,2026-08-31T19:18:18.293+00:00,0.587625,1.4228107069993712,sqs-worker-5986dcd897-wxrtl,ip-192-168-20-201.ec2.internal,28585b28ebf1e3417d7c9c8cb3c0d03a8f2f00c12e57945ad654aecd2e2e49bc,1,4.0,1427.0
1,hpa-poisson-303-0e96cdb3,000211,141.51001,2026-08-31T19:18:22.488+00:00,2026-08-31T19:18:18.740+00:00,2026-08-31T19:18:18.746+00:00,2026-08-31T19:18:18.746+00:00,2026-08-31T19:18:18.767+00:00,2026-08-31T19:18:18.767+00:00,0.020619,0.021219656999164727,sqs-worker-5986dcd897-7z6bq,ip-192-168-20-201.ec2.internal,7c35e0fccfcfed0f5738167323849f9439e3b7558b7abae03988d488c69a46ae,1,6.0,27.0
1,hpa-poisson-303-0e96cdb3,000212,142.122299,2026-08-31T19:18:23.101+00:00,2026-08-31T19:18:19.359+00:00,2026-08-31T19:18:19.367+00:00,2026-08-31T19:18:19.367+00:00,2026-08-31T19:18:19.373+00:00,2026-08-31T19:18:19.373+00:00,0.006487,0.006556820000696462,sqs-worker-5986dcd897-wxrtl,ip-192-168-20-201.ec2.internal,f70110f51609c84e9ba4aafbe5af8b292aebbb86aad47cca2721ee9ecfacb3c8,1,8.0,14.0
1,hpa-poisson-303-0e96cdb3,000213,142.643436,2026-08-31T19:18:23.622+00:00,2026-08-31T19:18:19.873+00:00,2026-08-31T19:18:19.877+00:00,2026-08-31T19:18:19.877+00:00,2026-08-31T19:18:20.018+00:00,2026-08-31T19:18:20.018+00:00,0.054967,0.1411688009993668,sqs-worker-5986dcd897-7z6bq,ip-192-168-20-201.ec2.internal,508febef120bc4b3679bc1014c23fa99ead7507368fb9f5db2e4823ec5d58e87,1,4.0,145.0
1,hpa-poisson-303-0e96cdb3,000210,141.313276,2026-08-31T19:18:22.293+00:00,2026-08-31T19:18:18.545+00:00,2026-08-31T19:18:18.548+00:00,2026-08-31T19:18:18.549+00:00,2026-08-31T19:18:22.401+00:00,2026-08-31T19:18:22.401+00:00,1.0,3.8527817290014355,sqs-worker-5986dcd897-x8rdl,ip-192-168-20-201.ec2.internal,25e07b739267d9d921bb90307a8e1e3f0179bcb4e0496af667cf1a61e1c3aed5,1,3.0,3856.0
1,hpa-poisson-303-0e96cdb3,000214,145.149802,2026-08-31T19:18:26.128+00:00,2026-08-31T19:18:22.384+00:00,2026-08-31T19:18:22.387+00:00,2026-08-31T19:18:22.387+00:00,2026-08-31T19:18:22.719+00:00,2026-08-31T19:18:22.719+00:00,0.148567,0.3311332599987509,sqs-worker-5986dcd897-7z6bq,ip-192-168-20-201.ec2.internal,2a4edcd7292af7653e974cf5e39184a3e2000d504279ded25484c7fc67fabcde,1,3.0,335.0
1,hpa-poisson-303-0e96cdb3,000215,145.713213,2026-08-31T19:18:26.689+00:00,2026-08-31T19:18:22.945+00:00,2026-08-31T19:18:22.949+00:00,2026-08-31T19:18:22.949+00:00,2026-08-31T19:18:23.146+00:00,2026-08-31T19:18:23.146+00:00,0.116705,0.19701812799939944,sqs-worker-5986dcd897-7z6bq,ip-192-168-20-201.ec2.internal,630a15a9d85ac3eb5e6476ae383dfbfa4509b445884a182d501192a57bbf1817,1,4.0,201.0
1,hpa-poisson-303-0e96cdb3,000217,146.884295,2026-08-31T19:18:27.860+00:00,2026-08-31T19:18:24.115+00:00,2026-08-31T19:18:24.119+00:00,2026-08-31T19:18:24.119+00:00,2026-08-31T19:18:25.128+00:00,2026-08-31T19:18:25.128+00:00,0.409708,1.0088120939999499,sqs-worker-5986dcd897-846tg,ip-192-168-20-201.ec2.internal,16b99cc68810596a253f5591ee72c2f1a8877da40608c83233d3591574360765,1,4.0,1012.9999999999999
1,hpa-poisson-303-0e96cdb3,000218,147.875447,2026-08-31T19:18:28.852+00:00,2026-08-31T19:18:25.105+00:00,2026-08-31T19:18:25.112+00:00,2026-08-31T19:18:25.112+00:00,2026-08-31T19:18:25.223+00:00,2026-08-31T19:18:25.223+00:00,0.077991,0.11068159200112859,sqs-worker-5986dcd897-x8rdl,ip-192-168-20-201.ec2.internal,ae651c52859a95829d95eddcb926f2c1795b2c68468e4731dc643b833fbe9ba5,1,7.0,118.0
1,hpa-poisson-303-0e96cdb3,000216,146.755785,2026-08-31T19:18:27.732+00:00,2026-08-31T19:18:23.985+00:00,2026-08-31T19:18:23.989+00:00,2026-08-31T19:18:23.989+00:00,2026-08-31T19:18:25.670+00:00,2026-08-31T19:18:25.670+00:00,0.685345,1.6807452210014162,sqs-worker-5986dcd897-wxrtl,ip-192-168-20-201.ec2.internal,56e6974a5a5c39cb144b4b187c3ddfa482624a66c5558b2e80dbd60b63ed171f,1,4.0,1685.0
1,hpa-poisson-303-0e96cdb3,000219,148.287935,2026-08-31T19:18:29.264+00:00,2026-08-31T19:18:25.517+00:00,2026-08-31T19:18:25.544+00:00,2026-08-31T19:18:25.544+00:00,2026-08-31T19:18:26.318+00:00,2026-08-31T19:18:26.318+00:00,0.328252,0.7741746259998763,sqs-worker-5986dcd897-7z6bq,ip-192-168-20-201.ec2.internal,9f9ab5c5212ba877d14118d2112f6c9ee76b08ac6a01c80e6e6d281ef496882f,1,27.0,801.0
1,hpa-poisson-303-0e96cdb3,000220,149.18825,2026-08-31T19:18:30.165+00:00,2026-08-31T19:18:26.418+00:00,2026-08-31T19:18:26.422+00:00,2026-08-31T19:18:26.422+00:00,2026-08-31T19:18:26.840+00:00,2026-08-31T19:18:26.840+00:00,0.181565,0.41774459299995215,sqs-worker-5986dcd897-846tg,ip-192-168-20-201.ec2.internal,ff89586b82ef9809fa0d11adae93fd7303ac2228a2d0b58d600b7a7997db3a40,1,4.0,422.0
1,hpa-poisson-303-0e96cdb3,000222,149.913533,2026-08-31T19:18:30.889+00:00,2026-08-31T19:18:27.143+00:00,2026-08-31T19:18:27.147+00:00,2026-08-31T19:18:27.147+00:00,2026-08-31T19:18:27.584+00:00,2026-08-31T19:18:27.584+00:00,0.193439,0.43710744899908605,sqs-worker-5986dcd897-wxrtl,ip-192-168-20-201.ec2.internal,ac52e5bd1cadda65bd06ff6c874f054aac95873bff0afcff3502c77e2c1fe6e9,1,4.0,441.0
1,hpa-poisson-303-0e96cdb3,000221,149.820583,2026-08-31T19:18:30.797+00:00,2026-08-31T19:18:27.052+00:00,2026-08-31T19:18:27.057+00:00,2026-08-31T19:18:27.057+00:00,2026-08-31T19:18:27.884+00:00,2026-08-31T19:18:27.884+00:00,0.342043,0.8265316730012273,sqs-worker-5986dcd897-x8rdl,ip-192-168-20-201.ec2.internal,c309e6b3be5a27762c8baeb3b64a52ec8456f7eab867f7fce67ae6e15cb394bf,1,5.0,832.0
1,hpa-poisson-303-0e96cdb3,000223,150.235923,2026-08-31T19:18:31.212+00:00,2026-08-31T19:18:27.471+00:00,2026-08-31T19:18:27.475+00:00,2026-08-31T19:18:27.475+00:00,2026-08-31T19:18:28.091+00:00,2026-08-31T19:18:28.091+00:00,0.260545,0.6161915600005159,sqs-worker-5986dcd897-7z6bq,ip-192-168-20-201.ec2.internal,c14d7fdb95673f01fc5eee8e9abbf4c4ce934171df44a268e4601f29a704f851,1,4.0,620.0
1,hpa-poisson-303-0e96cdb3,000224,150.829789,2026-08-31T19:18:31.806+00:00,2026-08-31T19:18:28.063+00:00,2026-08-31T19:18:28.066+00:00,2026-08-31T19:18:28.066+00:00,2026-08-31T19:18:28.289+00:00,2026-08-31T19:18:28.289+00:00,0.103158,0.22291852100170217,sqs-worker-5986dcd897-x8rdl,ip-192-168-20-201.ec2.internal,2adf048325eed68938aa3b4cca2d964c1cf50c7c69be87ce8fc5e8cef40e8da8,1,3.0,226.0
1,hpa-poisson-303-0e96cdb3,000225,150.960627,2026-08-31T19:18:31.936+00:00,2026-08-31T19:18:28.189+00:00,2026-08-31T19:18:28.195+00:00,2026-08-31T19:18:28.195+00:00,2026-08-31T19:18:28.320+00:00,2026-08-31T19:18:28.320+00:00,0.065871,0.12482649999947171,sqs-worker-5986dcd897-7z6bq,ip-192-168-20-201.ec2.internal,baa0be55105b2435238d9b920f7229e6eaf2782ddc97617e5b40dac682522369,1,6.0,131.0
1,hpa-poisson-303-0e96cdb3,000226,151.205292,2026-08-31T19:18:32.181+00:00,2026-08-31T19:18:28.433+00:00,2026-08-31T19:18:28.437+00:00,2026-08-31T19:18:28.437+00:00,2026-08-31T19:18:28.937+00:00,2026-08-31T19:18:28.937+00:00,0.21856,0.4998468130015681,sqs-worker-5986dcd897-846tg,ip-192-168-20-201.ec2.internal,12303502337405561d28b36e2fb6945bba9eee9dcb8ff501f120aa615cc63bc7,1,4.0,504.0
1,hpa-poisson-303-0e96cdb3,000227,151.420427,2026-08-31T19:18:32.396+00:00,2026-08-31T19:18:28.649+00:00,2026-08-31T19:18:28.653+00:00,2026-08-31T19:18:28.653+00:00,2026-08-31T19:18:29.429+00:00,2026-08-31T19:18:29.429+00:00,0.24858,0.7769186699988495,sqs-worker-5986dcd897-wxrtl,ip-192-168-20-201.ec2.internal,610404a654e55ece82801ab21f29231037b1bb0007c73956107592c17d3bc8aa,1,4.0,780.0
1,hpa-poisson-303-0e96cdb3,000228,151.805214,2026-08-31T19:18:32.781+00:00,2026-08-31T19:18:29.039+00:00,2026-08-31T19:18:29.043+00:00,2026-08-31T19:18:29.043+00:00,2026-08-31T19:18:29.604+00:00,2026-08-31T19:18:29.604+00:00,0.242596,0.5603248119987256,sqs-worker-5986dcd897-x8rdl,ip-192-168-20-201.ec2.internal,abdaa2b6de1e571d9555eaa40c4781663690f4576e1bc518d0608222240f98ba,1,4.0,565.0
1,hpa-poisson-303-0e96cdb3,000229,153.120722,2026-08-31T19:18:34.098+00:00,2026-08-31T19:18:30.350+00:00,2026-08-31T19:18:30.354+00:00,2026-08-31T19:18:30.354+00:00,2026-08-31T19:18:30.457+00:00,2026-08-31T19:18:30.457+00:00,0.033096,0.10291534799944202,sqs-worker-5986dcd897-846tg,ip-192-168-20-201.ec2.internal,bbb934015a6bc353c5c74d1eb972ceb9727ff10c18a893830a596fb04e09382f,1,4.0,107.0
1,hpa-poisson-303-0e96cdb3,000230,154.89704,2026-08-31T19:18:35.874+00:00,2026-08-31T19:18:32.129+00:00,2026-08-31T19:18:32.136+00:00,2026-08-31T19:18:32.136+00:00,2026-08-31T19:18:32.242+00:00,2026-08-31T19:18:32.242+00:00,0.063571,0.1063141300001007,sqs-worker-5986dcd897-846tg,ip-192-168-20-201.ec2.internal,2619df7c36650899ebd70f76b2a183957e0c9acaf4f2d5bb5eb7614d8add9937,1,7.0,113.0
1,hpa-poisson-303-0e96cdb3,000231,155.53924,2026-08-31T19:18:36.515+00:00,2026-08-31T19:18:32.771+00:00,2026-08-31T19:18:32.775+00:00,2026-08-31T19:18:32.775+00:00,2026-08-31T19:18:33.026+00:00,2026-08-31T19:18:33.026+00:00,0.127234,0.2504846850006288,sqs-worker-5986dcd897-846tg,ip-192-168-20-201.ec2.internal,8860fd3f27c5d999bf392b1cc65ade802326303cbd7b688df791eb91f9693f33,1,4.0,255.0
1,hpa-poisson-303-0e96cdb3,000232,156.240928,2026-08-31T19:18:37.217+00:00,2026-08-31T19:18:33.469+00:00,2026-08-31T19:18:33.472+00:00,2026-08-31T19:18:33.472+00:00,2026-08-31T19:18:33.705+00:00,2026-08-31T19:18:33.705+00:00,0.115241,0.2324323020002339,sqs-worker-5986dcd897-7z6bq,ip-192-168-20-201.ec2.internal,e21708afdca241a7e4ad4a1a10c0c85e9cd413a68bde2695e2dcceabc145d734,1,3.0,236.0
1,hpa-poisson-303-0e96cdb3,000233,157.964976,2026-08-31T19:18:38.942+00:00,2026-08-31T19:18:35.197+00:00,2026-08-31T19:18:35.200+00:00,2026-08-31T19:18:35.200+00:00,2026-08-31T19:18:35.511+00:00,2026-08-31T19:18:35.511+00:00,0.132365,0.3110234030009451,sqs-worker-5986dcd897-7z6bq,ip-192-168-20-201.ec2.internal,d70797333790af8d95e0c643d52a75d3ab491fe34af744b703d49d4e4f994b52,1,3.0,314.0
1,hpa-poisson-303-0e96cdb3,000234,159.201757,2026-08-31T19:18:40.179+00:00,2026-08-31T19:18:36.431+00:00,2026-08-31T19:18:36.435+00:00,2026-08-31T19:18:36.435+00:00,2026-08-31T19:18:36.625+00:00,2026-08-31T19:18:36.625+00:00,0.096024,0.19002948699926492,sqs-worker-5986dcd897-7z6bq,ip-192-168-20-201.ec2.internal,4a2c758b5c3ebd2d016ec251a39d3a06e0ccab5a7605c28802c35ec0f50e62e9,1,4.0,194.0
1,hpa-poisson-303-0e96cdb3,000235,159.736929,2026-08-31T19:18:40.713+00:00,2026-08-31T19:18:36.966+00:00,2026-08-31T19:18:36.970+00:00,2026-08-31T19:18:36.970+00:00,2026-08-31T19:18:36.975+00:00,2026-08-31T19:18:36.975+00:00,0.005,0.005042149001383223,sqs-worker-5986dcd897-x8rdl,ip-192-168-20-201.ec2.internal,3916ecf3da158d5efc876dc30345d8a62e7d428dd4398da4cc2eb9d5e2372c1b,1,4.0,9.0
1,hpa-poisson-303-0e96cdb3,000237,160.025642,2026-08-31T19:18:41.001+00:00,2026-08-31T19:18:37.253+00:00,2026-08-31T19:18:37.260+00:00,2026-08-31T19:18:37.260+00:00,2026-08-31T19:18:37.295+00:00,2026-08-31T19:18:37.295+00:00,0.035438,0.03550289099985093,sqs-worker-5986dcd897-7z6bq,ip-192-168-20-201.ec2.internal,a876310b91e6969999eaed12c44f8316ec9120f37b550c180b8e8e056fd15552,1,7.0,42.0
1,hpa-poisson-303-0e96cdb3,000236,159.760129,2026-08-31T19:18:40.736+00:00,2026-08-31T19:18:36.988+00:00,2026-08-31T19:18:36.997+00:00,2026-08-31T19:18:36.997+00:00,2026-08-31T19:18:37.018+00:00,2026-08-31T19:18:37.018+00:00,0.021182,0.021223559000645764,sqs-worker-5986dcd897-wxrtl,ip-192-168-20-201.ec2.internal,1fd4a637e7fbde0dbf7c2919c2c30dd2636456c0b8bf60bb2b5bd0ba4da10acb,1,9.0,30.0
1,hpa-poisson-303-0e96cdb3,000238,160.221818,2026-08-31T19:18:41.198+00:00,2026-08-31T19:18:37.451+00:00,2026-08-31T19:18:37.453+00:00,2026-08-31T19:18:37.453+00:00,2026-08-31T19:18:38.012+00:00,2026-08-31T19:18:38.012+00:00,0.242538,0.5581020200006606,sqs-worker-5986dcd897-7z6bq,ip-192-168-20-201.ec2.internal,78b3be4cfb8723ef4925b88b003036376f7fb320ebb99b0d8339a4c56ccdcd3f,1,2.0,561.0
1,hpa-poisson-303-0e96cdb3,000239,160.813061,2026-08-31T19:18:41.789+00:00,2026-08-31T19:18:38.042+00:00,2026-08-31T19:18:38.046+00:00,2026-08-31T19:18:38.046+00:00,2026-08-31T19:18:38.071+00:00,2026-08-31T19:18:38.071+00:00,0.025236,0.025277220000134548,sqs-worker-5986dcd897-846tg,ip-192-168-20-201.ec2.internal,3d5c83942fde713233229c24bd1c7b814dde8e1d59929857008be334432e4089,1,4.0,29.0
1,hpa-poisson-303-0e96cdb3,000240,161.130331,2026-08-31T19:18:42.106+00:00,2026-08-31T19:18:38.357+00:00,2026-08-31T19:18:38.361+00:00,2026-08-31T19:18:38.361+00:00,2026-08-31T19:18:38.570+00:00,2026-08-31T19:18:38.570+00:00,0.085093,0.20921328499935044,sqs-worker-5986dcd897-wxrtl,ip-192-168-20-201.ec2.internal,91e27cefc75bb6e48e890ed49aab1799d0e4bfb65f0a00296b6119c9514c17ed,1,4.0,213.0
1,hpa-poisson-303-0e96cdb3,000241,161.216175,2026-08-31T19:18:42.192+00:00,2026-08-31T19:18:38.444+00:00,2026-08-31T19:18:38.450+00:00,2026-08-31T19:18:38.451+00:00,2026-08-31T19:18:38.901+00:00,2026-08-31T19:18:38.901+00:00,0.2124,0.4504236270004185,sqs-worker-5986dcd897-x8rdl,ip-192-168-20-201.ec2.internal,6e8a8b0ba8d5546a982fb43da0f2123c09644fd3a738f860a58be12ad169a579,1,6.0,457.0
1,hpa-poisson-303-0e96cdb3,000242,161.881434,2026-08-31T19:18:42.858+00:00,2026-08-31T19:18:39.110+00:00,2026-08-31T19:18:39.113+00:00,2026-08-31T19:18:39.113+00:00,2026-08-31T19:18:39.215+00:00,2026-08-31T19:18:39.215+00:00,0.071465,0.1020952019989636,sqs-worker-5986dcd897-x8rdl,ip-192-168-20-201.ec2.internal,9f5ac4b49ddeaeed096f16ea7f0b6834b21f596a6cf3ee0fc6cfa84fccb04e40,1,3.0,105.0
1,hpa-poisson-303-0e96cdb3,000243,162.223251,2026-08-31T19:18:43.199+00:00,2026-08-31T19:18:39.451+00:00,2026-08-31T19:18:39.456+00:00,2026-08-31T19:18:39.456+00:00,2026-08-31T19:18:39.640+00:00,2026-08-31T19:18:39.640+00:00,0.10069,0.18388326599961147,sqs-worker-5986dcd897-7z6bq,ip-192-168-20-201.ec2.internal,54354e8ed2c86a58f4a8cb5b2ac6ee6a5ac8b502e272c8c962ea61ad851baef6,1,5.0,189.0
1,hpa-poisson-303-0e96cdb3,000244,162.627396,2026-08-31T19:18:43.603+00:00,2026-08-31T19:18:39.855+00:00,2026-08-31T19:18:39.863+00:00,2026-08-31T19:18:39.864+00:00,2026-08-31T19:18:40.691+00:00,2026-08-31T19:18:40.691+00:00,0.151772,0.8274524839998776,sqs-worker-5986dcd897-x8rdl,ip-192-168-20-201.ec2.internal,1af859c36150c1cc0c1c9b73b38a8d8c2478648225fa5f1f1dc2c100b2656795,1,8.0,836.0
1,hpa-poisson-303-0e96cdb3,000245,163.962346,2026-08-31T19:18:44.939+00:00,2026-08-31T19:18:41.191+00:00,2026-08-31T19:18:41.197+00:00,2026-08-31T19:18:41.197+00:00,2026-08-31T19:18:41.571+00:00,2026-08-31T19:18:41.572+00:00,0.167461,0.37436081799933163,sqs-worker-5986dcd897-wxrtl,ip-192-168-20-201.ec2.internal,f56285058bf990585e78c5d760bd48951971b516b8aa7cceead487d64c8b571c,1,6.0,380.0
1,hpa-poisson-303-0e96cdb3,000246,165.014517,2026-08-31T19:18:45.991+00:00,2026-08-31T19:18:42.244+00:00,2026-08-31T19:18:42.248+00:00,2026-08-31T19:18:42.248+00:00,2026-08-31T19:18:42.440+00:00,2026-08-31T19:18:42.440+00:00,0.110757,0.19173800000135088,sqs-worker-5986dcd897-7z6bq,ip-192-168-20-201.ec2.internal,833ae7658dbd9db5cfe8f7958e155b207e4ca35447cfc4d7a739a9d8103179af,1,4.0,196.0
1,hpa-poisson-303-0e96cdb3,000248,165.546605,2026-08-31T19:18:46.523+00:00,2026-08-31T19:18:42.776+00:00,2026-08-31T19:18:42.780+00:00,2026-08-31T19:18:42.780+00:00,2026-08-31T19:18:43.086+00:00,2026-08-31T19:18:43.086+00:00,0.121935,0.30580818800081033,sqs-worker-5986dcd897-x8rdl,ip-192-168-20-201.ec2.internal,547f322f15065ca4486bdc98e250276a726e3f1c0af5966e8fe72d22469cbc9d,1,4.0,310.0
1,hpa-poisson-303-0e96cdb3,000249,166.270226,2026-08-31T19:18:47.246+00:00,2026-08-31T19:18:43.516+00:00,2026-08-31T19:18:43.520+00:00,2026-08-31T19:18:43.520+00:00,2026-08-31T19:18:43.731+00:00,2026-08-31T19:18:43.731+00:00,0.09559,0.2111679740010004,sqs-worker-5986dcd897-7z6bq,ip-192-168-20-201.ec2.internal,81a12fc9c3a867e8d3bfa96ef30ae35690c5a0b14ef8d55ddc65aa449095329c,1,4.0,215.0
1,hpa-poisson-303-0e96cdb3,000247,165.103152,2026-08-31T19:18:46.079+00:00,2026-08-31T19:18:42.331+00:00,2026-08-31T19:18:42.335+00:00,2026-08-31T19:18:42.335+00:00,2026-08-31T19:18:43.776+00:00,2026-08-31T19:18:43.776+00:00,0.589195,1.440924566000831,sqs-worker-5986dcd897-wxrtl,ip-192-168-20-201.ec2.internal,48faf5c616761943dd85d8a7e7ad924fc97f05c60e94e789f96e66cf987f0523,1,4.0,1445.0
1,hpa-poisson-303-0e96cdb3,000250,166.415192,2026-08-31T19:18:47.391+00:00,2026-08-31T19:18:43.642+00:00,2026-08-31T19:18:43.646+00:00,2026-08-31T19:18:43.646+00:00,2026-08-31T19:18:44.409+00:00,2026-08-31T19:18:44.409+00:00,0.345181,0.7635517960006837,sqs-worker-5986dcd897-x8rdl,ip-192-168-20-201.ec2.internal,5b5b5588d5486d8e4dff2393cd2e74f2b8bde744a115f297d8b802fcb3139b55,1,4.0,767.0
1,hpa-poisson-303-0e96cdb3,000251,166.666726,2026-08-31T19:18:47.643+00:00,2026-08-31T19:18:43.898+00:00,2026-08-31T19:18:43.901+00:00,2026-08-31T19:18:43.901+00:00,2026-08-31T19:18:44.213+00:00,2026-08-31T19:18:44.213+00:00,0.128428,0.3120887360000779,sqs-worker-5986dcd897-846tg,ip-192-168-20-201.ec2.internal,1082ade3ea7c17893c396608d604b109de6deb46b20efa86acee1ad7629a096f,1,3.0,315.0
1,hpa-poisson-303-0e96cdb3,000252,167.649378,2026-08-31T19:18:48.626+00:00,2026-08-31T19:18:44.878+00:00,2026-08-31T19:18:44.882+00:00,2026-08-31T19:18:44.882+00:00,2026-08-31T19:18:45.894+00:00,2026-08-31T19:18:45.894+00:00,0.428922,1.0117218680006772,sqs-worker-5986dcd897-wxrtl,ip-192-168-20-201.ec2.internal,cc88e20dfd7d8d52fcf3fe242072682ad10981c82a20baee6e2e5be33a51edfb,1,4.0,1016.0
1,hpa-poisson-303-0e96cdb3,000253,169.558872,2026-08-31T19:18:50.536+00:00,2026-08-31T19:18:46.789+00:00,2026-08-31T19:18:46.793+00:00,2026-08-31T19:18:46.793+00:00,2026-08-31T19:18:47.023+00:00,2026-08-31T19:18:47.023+00:00,0.119927,0.22914079499969375,sqs-worker-5986dcd897-x8rdl,ip-192-168-20-201.ec2.internal,32b852c232ccdc2c5dbdb76f538f5f5e9ccc61a75e13316bfa9a3687f4d66c3a,1,4.0,234.0
1,hpa-poisson-303-0e96cdb3,000254,170.325386,2026-08-31T19:18:51.302+00:00,2026-08-31T19:18:47.557+00:00,2026-08-31T19:18:47.562+00:00,2026-08-31T19:18:47.562+00:00,2026-08-31T19:18:48.135+00:00,2026-08-31T19:18:48.135+00:00,0.256779,0.5733156130008865,sqs-worker-5986dcd897-846tg,ip-192-168-20-201.ec2.internal,535004331bf34055fc265b4832e0ece631959a216d415bf3d046e5ef4aef6002,1,5.0,578.0
1,hpa-poisson-303-0e96cdb3,000255,170.669247,2026-08-31T19:18:51.645+00:00,2026-08-31T19:18:47.895+00:00,2026-08-31T19:18:47.898+00:00,2026-08-31T19:18:47.898+00:00,2026-08-31T19:18:48.321+00:00,2026-08-31T19:18:48.321+00:00,0.185447,0.42248395800015714,sqs-worker-5986dcd897-wxrtl,ip-192-168-20-201.ec2.internal,55903d7f29a07fe2cbdde19e986ff4d07502b1ac214977e39cfbcedbde80a1d5,1,3.0,426.0
1,hpa-poisson-303-0e96cdb3,000256,171.367614,2026-08-31T19:18:52.344+00:00,2026-08-31T19:18:48.604+00:00,2026-08-31T19:18:48.608+00:00,2026-08-31T19:18:48.608+00:00,2026-08-31T19:18:48.915+00:00,2026-08-31T19:18:48.915+00:00,0.130926,0.3065641900011542,sqs-worker-5986dcd897-846tg,ip-192-168-20-201.ec2.internal,d6ec69f689f2ba0065dc7bd54b562321f3d13de13ff99b29c29d099e3203d522,1,4.0,311.0
1,hpa-poisson-303-0e96cdb3,000257,172.791602,2026-08-31T19:18:53.769+00:00,2026-08-31T19:18:50.019+00:00,2026-08-31T19:18:50.027+00:00,2026-08-31T19:18:50.027+00:00,2026-08-31T19:18:50.053+00:00,2026-08-31T19:18:50.053+00:00,0.007519,0.026217071001156,sqs-worker-5986dcd897-846tg,ip-192-168-20-201.ec2.internal,603663fbe0760ef261bd796df426f16ba621de11af4b92640300df178c9802a8,1,8.0,34.0
1,hpa-poisson-303-0e96cdb3,000259,172.895275,2026-08-31T19:18:53.871+00:00,2026-08-31T19:18:50.131+00:00,2026-08-31T19:18:50.186+00:00,2026-08-31T19:18:50.187+00:00,2026-08-31T19:18:50.216+00:00,2026-08-31T19:18:50.217+00:00,0.012536,0.030015831000127946,sqs-worker-5986dcd897-x8rdl,ip-192-168-20-201.ec2.internal,a5c2f2d65e3310706bf3d9b0e0ac6a506a0d70ad365101dd64948eeffaabda77,1,55.0,85.0
1,hpa-poisson-303-0e96cdb3,000258,172.850691,2026-08-31T19:18:53.826+00:00,2026-08-31T19:18:50.079+00:00,2026-08-31T19:18:50.084+00:00,2026-08-31T19:18:50.084+00:00,2026-08-31T19:18:50.569+00:00,2026-08-31T19:18:50.569+00:00,0.091169,0.4849121780007408,sqs-worker-5986dcd897-wxrtl,ip-192-168-20-201.ec2.internal,d17c8d739e37fd9bafef1a8710bdc1028e57baa2e9cb81fc68a374bdf3421bb0,1,5.0,490.0
1,hpa-poisson-303-0e96cdb3,000260,173.477903,2026-08-31T19:18:54.454+00:00,2026-08-31T19:18:50.710+00:00,2026-08-31T19:18:50.714+00:00,2026-08-31T19:18:50.714+00:00,2026-08-31T19:18:50.757+00:00,2026-08-31T19:18:50.757+00:00,0.032803,0.042854851999436505,sqs-worker-5986dcd897-846tg,ip-192-168-20-201.ec2.internal,694e49f852a70b8b0ed10ab69335c54757445458c79e8f3747c0d46682f2aaa5,1,4.0,47.0
1,hpa-poisson-303-0e96cdb3,000261,175.246193,2026-08-31T19:18:56.223+00:00,2026-08-31T19:18:52.479+00:00,2026-08-31T19:18:52.483+00:00,2026-08-31T19:18:52.483+00:00,2026-08-31T19:18:52.637+00:00,2026-08-31T19:18:52.637+00:00,0.094082,0.15413660100057314,sqs-worker-5986dcd897-846tg,ip-192-168-20-201.ec2.internal,9076e298e5f81602d869f8adadda6c78d92adfbe01d37d9c95c0cb18df876c5e,1,4.0,158.0
1,hpa-poisson-303-0e96cdb3,000264,177.28171,2026-08-31T19:18:58.257+00:00,2026-08-31T19:18:54.508+00:00,2026-08-31T19:18:54.515+00:00,2026-08-31T19:18:54.515+00:00,2026-08-31T19:18:54.638+00:00,2026-08-31T19:18:54.638+00:00,0.066959,0.12293806199886603,sqs-worker-5986dcd897-wxrtl,ip-192-168-20-201.ec2.internal,0495cb96b6eae531e5a44081f7d4a7f7c95cad922523c94be4d3963f79bc2993,1,7.0,130.0
1,hpa-poisson-303-0e96cdb3,000263,177.011147,2026-08-31T19:18:57.986+00:00,2026-08-31T19:18:54.242+00:00,2026-08-31T19:18:54.253+00:00,2026-08-31T19:18:54.253+00:00,2026-08-31T19:18:55.582+00:00,2026-08-31T19:18:55.582+00:00,0.553092,1.3290419380009553,sqs-worker-5986dcd897-x8rdl,ip-192-168-20-201.ec2.internal,cae4a2336e1768612cb99724b4a47436fef7ed89f3e2cef67753b76ba28388d8,1,11.0,1340.0
1,hpa-poisson-303-0e96cdb3,000265,178.157095,2026-08-31T19:18:59.133+00:00,2026-08-31T19:18:55.387+00:00,2026-08-31T19:18:55.391+00:00,2026-08-31T19:18:55.391+00:00,2026-08-31T19:18:55.815+00:00,2026-08-31T19:18:55.815+00:00,0.180563,0.42466913200041745,sqs-worker-5986dcd897-7z6bq,ip-192-168-20-201.ec2.internal,19783c742d01f24fabe8ede1cbd75bff3da70168ca1884b764fd0ee443804f70,1,4.0,428.0
1,hpa-poisson-303-0e96cdb3,000262,176.85145,2026-08-31T19:18:57.826+00:00,2026-08-31T19:18:54.081+00:00,2026-08-31T19:18:54.086+00:00,2026-08-31T19:18:54.086+00:00,2026-08-31T19:18:56.116+00:00,2026-08-31T19:18:56.116+00:00,0.828459,2.029680322999411,sqs-worker-5986dcd897-846tg,ip-192-168-20-201.ec2.internal,eb01ef556d22f69f73620833bf2a476ea80035b1381133075e9612fa59caca0b,1,5.0,2035.0000000000002
1,hpa-poisson-303-0e96cdb3,000267,178.599232,2026-08-31T19:18:59.574+00:00,2026-08-31T19:18:55.826+00:00,2026-08-31T19:18:55.829+00:00,2026-08-31T19:18:55.829+00:00,2026-08-31T19:18:56.547+00:00,2026-08-31T19:18:56.547+00:00,0.306288,0.7179576720009209,sqs-worker-5986dcd897-wxrtl,ip-192-168-20-201.ec2.internal,e0f9c45abe880e91eb069608cafa8eb48f5357ec463053a41fc6aa1dab3cf953,1,3.0,721.0
1,hpa-poisson-303-0e96cdb3,000268,179.008836,2026-08-31T19:18:59.984+00:00,2026-08-31T19:18:56.236+00:00,2026-08-31T19:18:56.240+00:00,2026-08-31T19:18:56.240+00:00,2026-08-31T19:18:56.734+00:00,2026-08-31T19:18:56.734+00:00,0.216932,0.4947647959997994,sqs-worker-5986dcd897-846tg,ip-192-168-20-201.ec2.internal,35299ffd713e5a923a13d2c96c0e7e541d2c72a9926d27b1a44feb1110239679,1,4.0,498.0
1,hpa-poisson-303-0e96cdb3,000266,178.48277,2026-08-31T19:18:59.458+00:00,2026-08-31T19:18:55.715+00:00,2026-08-31T19:18:55.720+00:00,2026-08-31T19:18:55.720+00:00,2026-08-31T19:18:56.504+00:00,2026-08-31T19:18:56.504+00:00,0.342962,0.7839706129998376,sqs-worker-5986dcd897-x8rdl,ip-192-168-20-201.ec2.internal,602f321bca47be91133fb622149ce495acacac39d3835cd1534bf47a227be34f,1,5.0,789.0
1,hpa-poisson-303-0e96cdb3,000269,179.572992,2026-08-31T19:19:00.548+00:00,2026-08-31T19:18:56.799+00:00,2026-08-31T19:18:56.803+00:00,2026-08-31T19:18:56.803+00:00,2026-08-31T19:18:57.225+00:00,2026-08-31T19:18:57.225+00:00,0.180317,0.42111294099959196,sqs-worker-5986dcd897-846tg,ip-192-168-20-201.ec2.internal,02b7f7cf4f4ff11687a748478da0b03a0353f7a889933f927470a9d026af3f2c,1,4.0,426.0
1,hpa-poisson-303-0e96cdb3,000270,179.783773,2026-08-31T19:19:00.760+00:00,2026-08-31T19:18:57.010+00:00,2026-08-31T19:18:57.014+00:00,2026-08-31T19:18:57.014+00:00,2026-08-31T19:18:57.074+00:00,2026-08-31T19:18:57.074+00:00,0.049419,0.05957029100136424,sqs-worker-5986dcd897-wxrtl,ip-192-168-20-201.ec2.internal,ae2709a481935dd9f44d906681374c256100a0712d2a1c545c8b7796e8941e46,1,4.0,64.0
