schema_version,experiment_id,job_id,trace_offset_s,producer_sent_at,sqs_sent_at,worker_received_at,processing_started_at,processing_finished_at,result_sent_at,service_cpu_seconds,processing_wall_seconds,pod_name,node_name,digest,receive_count,queue_wait_ms,end_to_end_ms
1,hpa-poisson-101-8f823a31,000000,0.543905,2026-08-31T18:30:40.941+00:00,2026-08-31T18:30:37.259+00:00,2026-08-31T18:30:37.268+00:00,2026-08-31T18:30:37.268+00:00,2026-08-31T18:30:37.514+00:00,2026-08-31T18:30:37.514+00:00,0.129847,0.24647001900029863,sqs-worker-5986dcd897-x8rdl,ip-192-168-20-201.ec2.internal,50674d6899b5a088a1b9476f48a6df3351f87a37cc767ca5bfbc4feb2ebb40ed,1,9.0,255.0
1,hpa-poisson-101-8f823a31,000001,0.679285,2026-08-31T18:30:41.075+00:00,2026-08-31T18:30:37.936+00:00,2026-08-31T18:30:37.942+00:00,2026-08-31T18:30:37.942+00:00,2026-08-31T18:30:39.896+00:00,2026-08-31T18:30:39.896+00:00,0.773882,1.9546201229995859,sqs-worker-5986dcd897-x8rdl,ip-192-168-20-201.ec2.internal,bd33794d6442de2a9d7459637fef8c17d0281df27d5476c7fe925ce92ff7a2c3,1,6.0,1960.0
1,hpa-poisson-101-8f823a31,000002,2.779039,2026-08-31T18:30:43.174+00:00,2026-08-31T18:30:39.492+00:00,2026-08-31T18:30:40.016+00:00,2026-08-31T18:30:40.016+00:00,2026-08-31T18:30:40.094+00:00,2026-08-31T18:30:40.094+00:00,0.013638,0.07837026000015612,sqs-worker-5986dcd897-x8rdl,ip-192-168-20-201.ec2.internal,b8e6e3cf43a45b29c4cc4e368a732b4d3ceb17337585e8c4de01f5b4fdcab5d9,1,524.0,602.0
1,hpa-poisson-101-8f823a31,000003,4.389484,2026-08-31T18:30:44.786+00:00,2026-08-31T18:30:41.103+00:00,2026-08-31T18:30:41.107+00:00,2026-08-31T18:30:41.107+00:00,2026-08-31T18:30:42.217+00:00,2026-08-31T18:30:42.217+00:00,0.474336,1.1106254879996413,sqs-worker-5986dcd897-x8rdl,ip-192-168-20-201.ec2.internal,3ef10404c22d472d5a7008e15add2d30c9480531f7d74abfa8ac189fe10861ed,1,4.0,1114.0
1,hpa-poisson-101-8f823a31,000004,4.782918,2026-08-31T18:30:45.178+00:00,2026-08-31T18:30:41.495+00:00,2026-08-31T18:30:42.317+00:00,2026-08-31T18:30:42.317+00:00,2026-08-31T18:30:42.487+00:00,2026-08-31T18:30:42.487+00:00,0.062039,0.17039407399988704,sqs-worker-5986dcd897-x8rdl,ip-192-168-20-201.ec2.internal,ce88fa2cc2b3638d6d3d647e16351ac4ee3407ae765cc1675a01f371058b7e2f,1,822.0,992.0
1,hpa-poisson-101-8f823a31,000005,5.463587,2026-08-31T18:30:45.859+00:00,2026-08-31T18:30:42.176+00:00,2026-08-31T18:30:42.260+00:00,2026-08-31T18:30:42.260+00:00,2026-08-31T18:30:42.301+00:00,2026-08-31T18:30:42.301+00:00,0.019922,0.041356052000082855,sqs-worker-5986dcd897-x8rdl,ip-192-168-20-201.ec2.internal,a5908798bcde5babb4db5bf1f0c7d2b40bc2040a01108a4493c8dfd8a7f96770,1,84.0,125.0
1,hpa-poisson-101-8f823a31,000006,5.614502,2026-08-31T18:30:46.010+00:00,2026-08-31T18:30:42.328+00:00,2026-08-31T18:30:42.508+00:00,2026-08-31T18:30:42.508+00:00,2026-08-31T18:30:42.533+00:00,2026-08-31T18:30:42.533+00:00,0.024536,0.02458143000058044,sqs-worker-5986dcd897-x8rdl,ip-192-168-20-201.ec2.internal,585e18e8f2360afefbe33526d7f1c8a798a708c7ba1077398ef3fa43dab7ae23,1,180.0,205.0
1,hpa-poisson-101-8f823a31,000007,5.771151,2026-08-31T18:30:46.166+00:00,2026-08-31T18:30:42.483+00:00,2026-08-31T18:30:42.564+00:00,2026-08-31T18:30:42.564+00:00,2026-08-31T18:30:42.886+00:00,2026-08-31T18:30:42.886+00:00,0.127701,0.3222765439995783,sqs-worker-5986dcd897-x8rdl,ip-192-168-20-201.ec2.internal,cc07e746806c0eb4870e5d182c2f03afdd6f12c506c3e7da17a5a54b8333ebad,1,81.0,403.0
1,hpa-poisson-101-8f823a31,000010,6.870011,2026-08-31T18:30:47.265+00:00,2026-08-31T18:30:43.584+00:00,2026-08-31T18:30:43.595+00:00,2026-08-31T18:30:43.595+00:00,2026-08-31T18:30:43.710+00:00,2026-08-31T18:30:43.711+00:00,0.067149,0.11538903200016648,sqs-worker-5986dcd897-x8rdl,ip-192-168-20-201.ec2.internal,486ff8dce0d3ed0eb717c94b0f0cb9a139114ed33004dee528f324ba164bf2b0,1,11.0,126.0
1,hpa-poisson-101-8f823a31,000008,5.983908,2026-08-31T18:30:46.379+00:00,2026-08-31T18:30:42.696+00:00,2026-08-31T18:30:42.924+00:00,2026-08-31T18:30:42.924+00:00,2026-08-31T18:30:43.502+00:00,2026-08-31T18:30:43.502+00:00,0.251471,0.5781167410004855,sqs-worker-5986dcd897-x8rdl,ip-192-168-20-201.ec2.internal,b4509d01e09495b3fc7399aa3328f578487aff2cad78d6ce2cdd3cd46bc444f4,1,228.0,806.0
1,hpa-poisson-101-8f823a31,000009,6.720801,2026-08-31T18:30:47.117+00:00,2026-08-31T18:30:43.437+00:00,2026-08-31T18:30:43.547+00:00,2026-08-31T18:30:43.547+00:00,2026-08-31T18:30:43.561+00:00,2026-08-31T18:30:43.561+00:00,0.013846,0.01388055000006716,sqs-worker-5986dcd897-x8rdl,ip-192-168-20-201.ec2.internal,e595763233f4a24038bcc10852cf2dc4aa487c9d283670b293840061b169b333,1,110.0,124.0
1,hpa-poisson-101-8f823a31,000011,9.085085,2026-08-31T18:30:49.482+00:00,2026-08-31T18:30:45.806+00:00,2026-08-31T18:30:45.810+00:00,2026-08-31T18:30:45.810+00:00,2026-08-31T18:30:46.100+00:00,2026-08-31T18:30:46.100+00:00,0.137286,0.2896755239999038,sqs-worker-5986dcd897-x8rdl,ip-192-168-20-201.ec2.internal,6f21213b7d83cb3dcbeca09581a25cf49c32c5a7558b25db08fbbe918a8043f4,1,4.0,294.0
1,hpa-poisson-101-8f823a31,000013,9.264923,2026-08-31T18:30:49.660+00:00,2026-08-31T18:30:45.998+00:00,2026-08-31T18:30:46.130+00:00,2026-08-31T18:30:46.130+00:00,2026-08-31T18:30:47.307+00:00,2026-08-31T18:30:47.307+00:00,0.482361,1.176617300999169,sqs-worker-5986dcd897-x8rdl,ip-192-168-20-201.ec2.internal,4bbfc32eae085a94972fb748bdf30cbb3c8ebd12616e44c78c71a4f33c0343d9,1,132.0,1309.0
1,hpa-poisson-101-8f823a31,000012,9.130681,2026-08-31T18:30:49.526+00:00,2026-08-31T18:30:45.842+00:00,2026-08-31T18:30:47.325+00:00,2026-08-31T18:30:47.325+00:00,2026-08-31T18:30:48.888+00:00,2026-08-31T18:30:48.888+00:00,0.616851,1.562290990999827,sqs-worker-5986dcd897-x8rdl,ip-192-168-20-201.ec2.internal,05c78d62635dc36cb741c7bdcd8effef4fe352ecae8da1ed8e1ef0b09acf5311,1,1483.0,3046.0
1,hpa-poisson-101-8f823a31,000015,10.241341,2026-08-31T18:30:50.637+00:00,2026-08-31T18:30:46.953+00:00,2026-08-31T18:30:48.905+00:00,2026-08-31T18:30:48.905+00:00,2026-08-31T18:30:49.798+00:00,2026-08-31T18:30:49.798+00:00,0.343752,0.8931699630002186,sqs-worker-5986dcd897-x8rdl,ip-192-168-20-201.ec2.internal,979b9af2769ac4a0af6599d3cf7099da24c816aa7824cde3b41120f3d6882111,1,1952.0,2845.0
1,hpa-poisson-101-8f823a31,000014,9.323087,2026-08-31T18:30:49.718+00:00,2026-08-31T18:30:46.039+00:00,2026-08-31T18:30:49.894+00:00,2026-08-31T18:30:49.894+00:00,2026-08-31T18:30:49.985+00:00,2026-08-31T18:30:49.985+00:00,0.019499,0.09153698800037091,sqs-worker-5986dcd897-x8rdl,ip-192-168-20-201.ec2.internal,fd417d7b2737454b8a874359035294fd7a738d5a9730ee9b2b498351fa44b117,1,3855.0,3946.0
1,hpa-poisson-101-8f823a31,000019,11.806136,2026-08-31T18:30:52.202+00:00,2026-08-31T18:30:48.518+00:00,2026-08-31T18:30:50.008+00:00,2026-08-31T18:30:50.008+00:00,2026-08-31T18:30:50.294+00:00,2026-08-31T18:30:50.294+00:00,0.045573,0.2859512370005177,sqs-worker-5986dcd897-x8rdl,ip-192-168-20-201.ec2.internal,8d76915defa37669679afb4a51e2d61d05770e16b19aaecfd33b59df8e60193c,1,1490.0,1776.0
1,hpa-poisson-101-8f823a31,000021,12.275429,2026-08-31T18:30:52.670+00:00,2026-08-31T18:30:48.989+00:00,2026-08-31T18:30:50.384+00:00,2026-08-31T18:30:50.384+00:00,2026-08-31T18:30:52.903+00:00,2026-08-31T18:30:52.903+00:00,0.543221,2.519417737999902,sqs-worker-5986dcd897-x8rdl,ip-192-168-20-201.ec2.internal,6a1bdc2c9b5d8ce7dba2388925f9f433420d45b4d9ce0c8c231de1b6c16e08a3,1,1395.0,3914.0
1,hpa-poisson-101-8f823a31,000020,12.129472,2026-08-31T18:30:52.525+00:00,2026-08-31T18:30:48.840+00:00,2026-08-31T18:30:52.920+00:00,2026-08-31T18:30:52.920+00:00,2026-08-31T18:30:53.288+00:00,2026-08-31T18:30:53.288+00:00,0.141218,0.36785233299997344,sqs-worker-5986dcd897-x8rdl,ip-192-168-20-201.ec2.internal,2145b0131065f6fa77c3abed5848f5ab40943efd6d19ca2766a095de3bd55679,1,4080.0,4448.0
1,hpa-poisson-101-8f823a31,000027,15.406278,2026-08-31T18:30:55.801+00:00,2026-08-31T18:30:52.123+00:00,2026-08-31T18:30:53.305+00:00,2026-08-31T18:30:53.305+00:00,2026-08-31T18:30:53.316+00:00,2026-08-31T18:30:53.316+00:00,0.011145,0.011180436000358895,sqs-worker-5986dcd897-x8rdl,ip-192-168-20-201.ec2.internal,2cac5d1320f6affcba0560059c0ba902e1b521823bda47bce1b3a90e94a85ec3,1,1182.0,1193.0
1,hpa-poisson-101-8f823a31,000022,12.626923,2026-08-31T18:30:53.022+00:00,2026-08-31T18:30:49.344+00:00,2026-08-31T18:30:53.346+00:00,2026-08-31T18:30:53.346+00:00,2026-08-31T18:30:53.707+00:00,2026-08-31T18:30:53.707+00:00,0.157511,0.36053210200043395,sqs-worker-5986dcd897-x8rdl,ip-192-168-20-201.ec2.internal,dbaf1f9f30e6b147b35ecd844b7a7e41e68d48becbab2ee16617aa870b3d190f,1,4002.0,4363.0
1,hpa-poisson-101-8f823a31,000028,16.744317,2026-08-31T18:30:57.139+00:00,2026-08-31T18:30:53.459+00:00,2026-08-31T18:30:53.739+00:00,2026-08-31T18:30:53.739+00:00,2026-08-31T18:30:54.207+00:00,2026-08-31T18:30:54.207+00:00,0.196177,0.46803252500012604,sqs-worker-5986dcd897-x8rdl,ip-192-168-20-201.ec2.internal,1e6ad95ad6d0b66efd0ff31559fd98c2dbe61ef883c060604194741b7929d7b7,1,280.0,748.0
1,hpa-poisson-101-8f823a31,000016,10.526665,2026-08-31T18:30:50.922+00:00,2026-08-31T18:30:47.238+00:00,2026-08-31T18:30:54.229+00:00,2026-08-31T18:30:54.229+00:00,2026-08-31T18:30:54.596+00:00,2026-08-31T18:30:54.596+00:00,0.144349,0.36656819800009544,sqs-worker-5986dcd897-x8rdl,ip-192-168-20-201.ec2.internal,dda693370c7ea7c6cd41a5d653dce06aeaa13edcc0d86c0f08b527c8841b6175,1,6991.0,7358.0
1,hpa-poisson-101-8f823a31,000018,11.172055,2026-08-31T18:30:51.567+00:00,2026-08-31T18:30:47.881+00:00,2026-08-31T18:30:54.711+00:00,2026-08-31T18:30:54.711+00:00,2026-08-31T18:30:54.787+00:00,2026-08-31T18:30:54.787+00:00,0.035424,0.07629891599935945,sqs-worker-5986dcd897-x8rdl,ip-192-168-20-201.ec2.internal,c0e4e870abff7e589c075d396b2061aefc6ec51024f085a31fff0ef602d81810,1,6830.0,6906.0
1,hpa-poisson-101-8f823a31,000025,14.010719,2026-08-31T18:30:54.407+00:00,2026-08-31T18:30:50.727+00:00,2026-08-31T18:30:54.805+00:00,2026-08-31T18:30:54.805+00:00,2026-08-31T18:30:54.909+00:00,2026-08-31T18:30:54.909+00:00,0.057569,0.10377766199962934,sqs-worker-5986dcd897-x8rdl,ip-192-168-20-201.ec2.internal,09d3748d3fa9386aa295cc334fb5285ea84f72756166810b48a26f7a96421e12,1,4078.0000000000005,4182.0
1,hpa-poisson-101-8f823a31,000023,12.853687,2026-08-31T18:30:53.249+00:00,2026-08-31T18:30:49.580+00:00,2026-08-31T18:30:54.944+00:00,2026-08-31T18:30:54.944+00:00,2026-08-31T18:30:55.216+00:00,2026-08-31T18:30:55.216+00:00,0.122512,0.2715660599997136,sqs-worker-5986dcd897-x8rdl,ip-192-168-20-201.ec2.internal,4b4eae9eec279a9325da6d0d793701aeb168f22ad2de2df11829660ee12347e1,1,5364.0,5636.0
1,hpa-poisson-101-8f823a31,000024,12.927082,2026-08-31T18:30:53.322+00:00,2026-08-31T18:30:49.644+00:00,2026-08-31T18:30:55.321+00:00,2026-08-31T18:30:55.321+00:00,2026-08-31T18:30:55.721+00:00,2026-08-31T18:30:55.721+00:00,0.193027,0.40036935700027243,sqs-worker-5986dcd897-x8rdl,ip-192-168-20-201.ec2.internal,8465e83f308119e9cc31e5a7c4557561b6829f71423a081fe6cfef3e3a4471c2,1,5677.0,6077.0
1,hpa-poisson-101-8f823a31,000017,10.925451,2026-08-31T18:30:51.321+00:00,2026-08-31T18:30:47.637+00:00,2026-08-31T18:30:54.615+00:00,2026-08-31T18:30:54.615+00:00,2026-08-31T18:30:54.687+00:00,2026-08-31T18:30:54.687+00:00,0.027515,0.07254026099963085,sqs-worker-5986dcd897-x8rdl,ip-192-168-20-201.ec2.internal,4e805ce05695af07202eeebcf8106b4c7fbd62a9eea56126dccc2f9fcdc12751,1,6978.0,7050.0
1,hpa-poisson-101-8f823a31,000029,17.058028,2026-08-31T18:30:57.452+00:00,2026-08-31T18:30:53.770+00:00,2026-08-31T18:30:55.795+00:00,2026-08-31T18:30:55.795+00:00,2026-08-31T18:30:56.505+00:00,2026-08-31T18:30:56.505+00:00,0.299026,0.7098333739995724,sqs-worker-5986dcd897-x8rdl,ip-192-168-20-201.ec2.internal,8ed3801f15172ea05e8d4aae88b8633d7d713ff98e2f3b57d8bf1cc524f30d36,1,2025.0,2735.0
1,hpa-poisson-101-8f823a31,000026,14.723153,2026-08-31T18:30:55.117+00:00,2026-08-31T18:30:51.444+00:00,2026-08-31T18:30:56.532+00:00,2026-08-31T18:30:56.532+00:00,2026-08-31T18:30:56.906+00:00,2026-08-31T18:30:56.907+00:00,0.157318,0.37464110299970343,sqs-worker-5986dcd897-x8rdl,ip-192-168-20-201.ec2.internal,7e73bfad488a6714c74edaeb098bdc53e44e5da709896b9a4d630dcdc91ad9e5,1,5088.0,5462.0
1,hpa-poisson-101-8f823a31,000030,17.356073,2026-08-31T18:30:57.750+00:00,2026-08-31T18:30:54.067+00:00,2026-08-31T18:30:56.929+00:00,2026-08-31T18:30:56.929+00:00,2026-08-31T18:30:59.091+00:00,2026-08-31T18:30:59.091+00:00,0.860033,2.161920640000062,sqs-worker-5986dcd897-x8rdl,ip-192-168-20-201.ec2.internal,1522725f71a7487715de9d4b389c5474ab3cfafa1c602047b30e54d0cfa1169d,1,2862.0,5024.0
1,hpa-poisson-101-8f823a31,000034,18.71875,2026-08-31T18:30:59.113+00:00,2026-08-31T18:30:55.437+00:00,2026-08-31T18:30:59.112+00:00,2026-08-31T18:30:59.112+00:00,2026-08-31T18:31:02.505+00:00,2026-08-31T18:31:02.505+00:00,0.752102,3.3932321869997395,sqs-worker-5986dcd897-x8rdl,ip-192-168-20-201.ec2.internal,9737c099155975c99568454e5c8e18de84f61a900daa10dac615a907eff38c32,1,3675.0,7068.0
1,hpa-poisson-101-8f823a31,000039,20.628211,2026-08-31T18:31:01.023+00:00,2026-08-31T18:30:57.339+00:00,2026-08-31T18:31:02.532+00:00,2026-08-31T18:31:02.532+00:00,2026-08-31T18:31:03.002+00:00,2026-08-31T18:31:03.002+00:00,0.184197,0.4701039159999709,sqs-worker-5986dcd897-x8rdl,ip-192-168-20-201.ec2.internal,e7260417128a712dbc36a063c75080b4b496d0b6ce5843e07470592384113649,1,5193.0,5663.0
1,hpa-poisson-101-8f823a31,000031,17.699733,2026-08-31T18:30:58.094+00:00,2026-08-31T18:30:54.410+00:00,2026-08-31T18:31:03.022+00:00,2026-08-31T18:31:03.022+00:00,2026-08-31T18:31:03.120+00:00,2026-08-31T18:31:03.120+00:00,0.053735,0.09862456200062297,sqs-worker-5986dcd897-x8rdl,ip-192-168-20-201.ec2.internal,59320aa8c5cd9fc8124b0a70610759b073ee65b04a4c9cf6207ec12792b4b762,1,8612.0,8710.0
1,hpa-poisson-101-8f823a31,000047,22.270635,2026-08-31T18:31:02.665+00:00,2026-08-31T18:30:58.997+00:00,2026-08-31T18:31:03.184+00:00,2026-08-31T18:31:03.184+00:00,2026-08-31T18:31:03.411+00:00,2026-08-31T18:31:03.411+00:00,0.106118,0.22711050199995952,sqs-worker-5986dcd897-x8rdl,ip-192-168-20-201.ec2.internal,e5207d49fc9705da996f5a8ddf076a0534fd5217a43188bf20bf4f0ebfe09426,1,4187.0,4414.0
1,hpa-poisson-101-8f823a31,000054,26.398492,2026-08-31T18:31:06.793+00:00,2026-08-31T18:31:03.110+00:00,2026-08-31T18:31:03.432+00:00,2026-08-31T18:31:03.432+00:00,2026-08-31T18:31:04.207+00:00,2026-08-31T18:31:04.207+00:00,0.311575,0.774544421000428,sqs-worker-5986dcd897-x8rdl,ip-192-168-20-201.ec2.internal,099a4b2a6fd2864249584e92b80cdb0d1358bff0a02ab10da92ed882df7f9398,1,322.0,1097.0
1,hpa-poisson-101-8f823a31,000040,20.634142,2026-08-31T18:31:01.028+00:00,2026-08-31T18:30:57.348+00:00,2026-08-31T18:31:04.232+00:00,2026-08-31T18:31:04.232+00:00,2026-08-31T18:31:05.586+00:00,2026-08-31T18:31:05.586+00:00,0.535045,1.3540470099997037,sqs-worker-5986dcd897-x8rdl,ip-192-168-20-201.ec2.internal,34d28dc34c5d097bfbcfda53a471554dc5b6372768f834876ec1ae33af8c0314,1,6884.0,8238.0
1,hpa-poisson-101-8f823a31,000045,21.446776,2026-08-31T18:31:01.841+00:00,2026-08-31T18:30:58.172+00:00,2026-08-31T18:31:05.611+00:00,2026-08-31T18:31:05.611+00:00,2026-08-31T18:31:06.092+00:00,2026-08-31T18:31:06.092+00:00,0.201619,0.48094139200020436,sqs-worker-5986dcd897-x8rdl,ip-192-168-20-201.ec2.internal,4efb32d678a419d2515d8955878d49cac3319bf3a3b96d47989c9ef7c1b24c1a,1,7439.0,7920.0
1,hpa-poisson-101-8f823a31,000052,24.861232,2026-08-31T18:31:05.255+00:00,2026-08-31T18:31:01.571+00:00,2026-08-31T18:31:06.113+00:00,2026-08-31T18:31:06.113+00:00,2026-08-31T18:31:06.118+00:00,2026-08-31T18:31:06.118+00:00,0.005,0.005035719999796129,sqs-worker-5986dcd897-x8rdl,ip-192-168-20-201.ec2.internal,6a1f34ad79994df4785d91b3836fead606c4f35d044f5bdb7ea63b8538054560,1,4542.0,4547.0
1,hpa-poisson-101-8f823a31,000033,18.714662,2026-08-31T18:30:59.109+00:00,2026-08-31T18:30:55.436+00:00,2026-08-31T18:31:05.221+00:00,2026-08-31T18:31:05.221+00:00,2026-08-31T18:31:06.146+00:00,2026-08-31T18:31:06.146+00:00,0.193926,0.924976274999608,sqs-worker-5986dcd897-l866l,ip-192-168-20-201.ec2.internal,c32497fb31f455de493a7455a54954610ed51c85c051e6e36b213e227eb94d21,1,9785.0,10710.0
1,hpa-poisson-101-8f823a31,000053,26.165404,2026-08-31T18:31:06.560+00:00,2026-08-31T18:31:02.892+00:00,2026-08-31T18:31:06.822+00:00,2026-08-31T18:31:06.822+00:00,2026-08-31T18:31:06.848+00:00,2026-08-31T18:31:06.848+00:00,0.015945,0.025994020999860368,sqs-worker-5986dcd897-x8rdl,ip-192-168-20-201.ec2.internal,da731a46f9bad1ac4383f4002357f374f695344b034554c470165d8a095a5b06,1,3930.0,3956.0
1,hpa-poisson-101-8f823a31,000061,29.4708,2026-08-31T18:31:09.865+00:00,2026-08-31T18:31:06.182+00:00,2026-08-31T18:31:06.228+00:00,2026-08-31T18:31:06.229+00:00,2026-08-31T18:31:07.047+00:00,2026-08-31T18:31:07.047+00:00,0.1421,0.818207978000828,sqs-worker-5986dcd897-l866l,ip-192-168-20-201.ec2.internal,e5101ad21f90a10822e70d95bfa93e88635263445d3134be34e07cdb7f252831,1,46.0,865.0
1,hpa-poisson-101-8f823a31,000038,19.866081,2026-08-31T18:31:00.260+00:00,2026-08-31T18:30:56.576+00:00,2026-08-31T18:31:06.897+00:00,2026-08-31T18:31:06.897+00:00,2026-08-31T18:31:07.322+00:00,2026-08-31T18:31:07.322+00:00,0.197662,0.42547876899971016,sqs-worker-5986dcd897-x8rdl,ip-192-168-20-201.ec2.internal,4d3b71382360a57c518ff0c9986da5c3cd0386a5585ed227661eb0aa140a8fe5,1,10321.0,10746.0
1,hpa-poisson-101-8f823a31,000035,19.108636,2026-08-31T18:30:59.503+00:00,2026-08-31T18:30:55.822+00:00,2026-08-31T18:31:07.346+00:00,2026-08-31T18:31:07.346+00:00,2026-08-31T18:31:07.528+00:00,2026-08-31T18:31:07.528+00:00,0.021908,0.1817795169999954,sqs-worker-5986dcd897-l866l,ip-192-168-20-201.ec2.internal,5d01c93ec1810647fc06314e508e64e8313bdc39817293bc2090e929c953ed99,1,11524.0,11706.0
1,hpa-poisson-101-8f823a31,000037,19.852263,2026-08-31T18:31:00.246+00:00,2026-08-31T18:30:56.566+00:00,2026-08-31T18:31:07.616+00:00,2026-08-31T18:31:07.617+00:00,2026-08-31T18:31:07.824+00:00,2026-08-31T18:31:07.824+00:00,0.038378,0.2073721540000406,sqs-worker-5986dcd897-l866l,ip-192-168-20-201.ec2.internal,cae2ec68ccff4cdcbe2ac764dfccd54c3a6230a15987d9dc13ba1a5e9f21a520,1,11050.0,11258.0
1,hpa-poisson-101-8f823a31,000032,18.023761,2026-08-31T18:30:58.418+00:00,2026-08-31T18:30:54.737+00:00,2026-08-31T18:31:07.137+00:00,2026-08-31T18:31:07.137+00:00,2026-08-31T18:31:07.328+00:00,2026-08-31T18:31:07.328+00:00,0.029862,0.19082608300050197,sqs-worker-5986dcd897-l866l,ip-192-168-20-201.ec2.internal,fb7a0d050feecfbdaf3bb09533351c0f9e840e9ed9d99625e5959c503051ed42,1,12400.0,12591.0
1,hpa-poisson-101-8f823a31,000056,28.407756,2026-08-31T18:31:08.802+00:00,2026-08-31T18:31:05.121+00:00,2026-08-31T18:31:07.394+00:00,2026-08-31T18:31:07.394+00:00,2026-08-31T18:31:07.722+00:00,2026-08-31T18:31:07.723+00:00,0.155408,0.3283495550003863,sqs-worker-5986dcd897-x8rdl,ip-192-168-20-201.ec2.internal,441c6fc5891810eae2cdbcc5d8668c7f0e790778d281a53074984abbf7127895,1,2273.0,2601.0
1,hpa-poisson-101-8f823a31,000046,21.548909,2026-08-31T18:31:01.943+00:00,2026-08-31T18:30:58.804+00:00,2026-08-31T18:31:07.798+00:00,2026-08-31T18:31:07.798+00:00,2026-08-31T18:31:08.218+00:00,2026-08-31T18:31:08.218+00:00,0.189332,0.41984693100039294,sqs-worker-5986dcd897-x8rdl,ip-192-168-20-201.ec2.internal,699172416105b6ee4c9907c760a18e26e437e64d677689aca35b56aa72185847,1,8994.0,9414.0
1,hpa-poisson-101-8f823a31,000050,24.027065,2026-08-31T18:31:04.422+00:00,2026-08-31T18:31:00.738+00:00,2026-08-31T18:31:08.236+00:00,2026-08-31T18:31:08.236+00:00,2026-08-31T18:31:08.500+00:00,2026-08-31T18:31:08.500+00:00,0.09814,0.26380026200058637,sqs-worker-5986dcd897-x8rdl,ip-192-168-20-201.ec2.internal,ac9a1edefbb50e63fc697a5864c5a24a4bbf758d01d80a34982e75708bb1c275,1,7498.0,7762.0
1,hpa-poisson-101-8f823a31,000036,19.587322,2026-08-31T18:30:59.982+00:00,2026-08-31T18:30:56.303+00:00,2026-08-31T18:31:08.031+00:00,2026-08-31T18:31:08.031+00:00,2026-08-31T18:31:08.219+00:00,2026-08-31T18:31:08.219+00:00,0.076892,0.18855399200037937,sqs-worker-5986dcd897-l866l,ip-192-168-20-201.ec2.internal,891f653874c1b4527225f4972da585712d606ffd5c13b73c0b465ec1e9f68407,1,11728.0,11916.0
1,hpa-poisson-101-8f823a31,000048,23.084991,2026-08-31T18:31:03.480+00:00,2026-08-31T18:30:59.797+00:00,2026-08-31T18:31:08.524+00:00,2026-08-31T18:31:08.524+00:00,2026-08-31T18:31:08.541+00:00,2026-08-31T18:31:08.541+00:00,0.016731,0.016779002000475884,sqs-worker-5986dcd897-x8rdl,ip-192-168-20-201.ec2.internal,09a7395c21c361ed1d77ba99e00ea1584f3b83c0c33f9030f568cbf1a15f1c7d,1,8727.0,8744.0
1,hpa-poisson-101-8f823a31,000041,21.153551,2026-08-31T18:31:01.548+00:00,2026-08-31T18:30:57.865+00:00,2026-08-31T18:31:07.843+00:00,2026-08-31T18:31:07.843+00:00,2026-08-31T18:31:07.962+00:00,2026-08-31T18:31:07.962+00:00,0.056344,0.1192509610000343,sqs-worker-5986dcd897-l866l,ip-192-168-20-201.ec2.internal,ad7f5ca4a65e4b034cb157c50c939c71dc4bb6f09e5a42043bfcdb33907ca750,1,9978.0,10097.0
1,hpa-poisson-101-8f823a31,000059,29.185297,2026-08-31T18:31:09.579+00:00,2026-08-31T18:31:05.908+00:00,2026-08-31T18:31:06.138+00:00,2026-08-31T18:31:06.138+00:00,2026-08-31T18:31:06.801+00:00,2026-08-31T18:31:06.801+00:00,0.275382,0.6625717169999916,sqs-worker-5986dcd897-x8rdl,ip-192-168-20-201.ec2.internal,27caec5f94aa1415ce8c3552af45ef41e1eb464d8c1ef478e8ce6518e7945c3c,1,230.0,893.0
1,hpa-poisson-101-8f823a31,000049,23.366646,2026-08-31T18:31:03.761+00:00,2026-08-31T18:31:00.077+00:00,2026-08-31T18:31:08.595+00:00,2026-08-31T18:31:08.595+00:00,2026-08-31T18:31:08.690+00:00,2026-08-31T18:31:08.690+00:00,0.044679,0.09570836600050825,sqs-worker-5986dcd897-x8rdl,ip-192-168-20-201.ec2.internal,53351057ca6a5e8994ab84855376dbbef6dd94672305d10562553b7397a574ef,1,8518.0,8613.0
1,hpa-poisson-101-8f823a31,000044,21.404276,2026-08-31T18:31:01.798+00:00,2026-08-31T18:30:58.117+00:00,2026-08-31T18:31:08.234+00:00,2026-08-31T18:31:08.234+00:00,2026-08-31T18:31:08.730+00:00,2026-08-31T18:31:08.730+00:00,0.20925,0.4957516999993459,sqs-worker-5986dcd897-l866l,ip-192-168-20-201.ec2.internal,caa144dc6e05ae03dae9de3a9f1db84081d651ad5d7fc8050626d83f29c8dbd0,1,10117.0,10613.0
1,hpa-poisson-101-8f823a31,000062,31.296172,2026-08-31T18:31:11.692+00:00,2026-08-31T18:31:08.011+00:00,2026-08-31T18:31:08.765+00:00,2026-08-31T18:31:08.765+00:00,2026-08-31T18:31:09.051+00:00,2026-08-31T18:31:09.051+00:00,0.126576,0.285852130999956,sqs-worker-5986dcd897-l866l,ip-192-168-20-201.ec2.internal,21d371bcf2c3ffc17a3496b207ea170b85b0e8d4c2aa40a9eb140a489c754af0,1,754.0,1040.0
1,hpa-poisson-101-8f823a31,000063,32.599369,2026-08-31T18:31:12.994+00:00,2026-08-31T18:31:09.313+00:00,2026-08-31T18:31:09.354+00:00,2026-08-31T18:31:09.354+00:00,2026-08-31T18:31:10.052+00:00,2026-08-31T18:31:10.052+00:00,0.283481,0.6981853870001942,sqs-worker-5986dcd897-l866l,ip-192-168-20-201.ec2.internal,46327147f9b6f311e215863e79a7ca29181df0568bc86da9654b263178691cf2,1,41.0,739.0
1,hpa-poisson-101-8f823a31,000042,21.257606,2026-08-31T18:31:01.651+00:00,2026-08-31T18:30:58.499+00:00,2026-08-31T18:31:09.089+00:00,2026-08-31T18:31:09.089+00:00,2026-08-31T18:31:09.335+00:00,2026-08-31T18:31:09.335+00:00,0.108857,0.24535198000012315,sqs-worker-5986dcd897-l866l,ip-192-168-20-201.ec2.internal,a7a5eacd750f2122730de5d775e7e932250d406c345c3ac00a2d7c5210c8bf38,1,10590.0,10836.0
1,hpa-poisson-101-8f823a31,000043,21.279602,2026-08-31T18:31:01.674+00:00,2026-08-31T18:30:58.506+00:00,2026-08-31T18:31:10.080+00:00,2026-08-31T18:31:10.080+00:00,2026-08-31T18:31:10.219+00:00,2026-08-31T18:31:10.219+00:00,0.052545,0.13881387800029188,sqs-worker-5986dcd897-l866l,ip-192-168-20-201.ec2.internal,5dd524bb3e5a45510aa2c7891c2eca48b4ad7e1ac55e661fbf108bfc02a17b56,1,11574.0,11713.0
1,hpa-poisson-101-8f823a31,000051,24.429948,2026-08-31T18:31:04.824+00:00,2026-08-31T18:31:01.141+00:00,2026-08-31T18:31:10.231+00:00,2026-08-31T18:31:10.231+00:00,2026-08-31T18:31:10.464+00:00,2026-08-31T18:31:10.464+00:00,0.111227,0.23240261400042073,sqs-worker-5986dcd897-l866l,ip-192-168-20-201.ec2.internal,ee70ddb7ec861c7cc0dfb94c71f50b4b74c8ade79c6fe4f79c9e3c803c66a3f4,1,9090.0,9323.0
1,hpa-poisson-101-8f823a31,000060,29.205619,2026-08-31T18:31:09.599+00:00,2026-08-31T18:31:05.916+00:00,2026-08-31T18:31:11.014+00:00,2026-08-31T18:31:11.014+00:00,2026-08-31T18:31:11.117+00:00,2026-08-31T18:31:11.117+00:00,0.045966,0.10309771499942144,sqs-worker-5986dcd897-l866l,ip-192-168-20-201.ec2.internal,b253dff58ac0f7200516e6ce8f3c10968eea8a3ca28b72711ec8c03219ef069f,1,5098.0,5201.0
1,hpa-poisson-101-8f823a31,000066,34.582813,2026-08-31T18:31:14.977+00:00,2026-08-31T18:31:11.296+00:00,2026-08-31T18:31:11.300+00:00,2026-08-31T18:31:11.300+00:00,2026-08-31T18:31:11.315+00:00,2026-08-31T18:31:11.315+00:00,0.013908,0.014961697999751777,sqs-worker-5986dcd897-l866l,ip-192-168-20-201.ec2.internal,e960a7523ddf2b6badef074b4149810f625a9d0cd99903e6c0927da8bafb56e9,1,4.0,19.0
1,hpa-poisson-101-8f823a31,000057,29.12669,2026-08-31T18:31:09.521+00:00,2026-08-31T18:31:05.838+00:00,2026-08-31T18:31:10.542+00:00,2026-08-31T18:31:10.542+00:00,2026-08-31T18:31:10.556+00:00,2026-08-31T18:31:10.556+00:00,0.013804,0.013844107999830157,sqs-worker-5986dcd897-l866l,ip-192-168-20-201.ec2.internal,c40efb45eaff33a6f91b2077dda53ed5aa08f87052028318fcf48822c63c1340,1,4704.0,4718.0
1,hpa-poisson-101-8f823a31,000065,33.818288,2026-08-31T18:31:14.212+00:00,2026-08-31T18:31:10.526+00:00,2026-08-31T18:31:11.181+00:00,2026-08-31T18:31:11.181+00:00,2026-08-31T18:31:11.200+00:00,2026-08-31T18:31:11.200+00:00,0.011951,0.018430430000080378,sqs-worker-5986dcd897-l866l,ip-192-168-20-201.ec2.internal,afa44ecb10dc0cf20137ce6df5fd7e51e304bdb84b6b6802055ac9ee8400cdf3,1,655.0,674.0
1,hpa-poisson-101-8f823a31,000067,35.513651,2026-08-31T18:31:15.908+00:00,2026-08-31T18:31:12.221+00:00,2026-08-31T18:31:12.224+00:00,2026-08-31T18:31:12.224+00:00,2026-08-31T18:31:12.454+00:00,2026-08-31T18:31:12.454+00:00,0.108292,0.22924616999989667,sqs-worker-5986dcd897-l866l,ip-192-168-20-201.ec2.internal,b6857a5acc9db2ad0c946c27fab9bd19e0df6910013359d5187f32af83452242,1,3.0,233.0
1,hpa-poisson-101-8f823a31,000055,27.673584,2026-08-31T18:31:08.069+00:00,2026-08-31T18:31:04.387+00:00,2026-08-31T18:31:08.708+00:00,2026-08-31T18:31:08.708+00:00,2026-08-31T18:31:12.795+00:00,2026-08-31T18:31:12.795+00:00,0.987815,4.087046042999646,sqs-worker-5986dcd897-x8rdl,ip-192-168-20-201.ec2.internal,196517dd792dabf281a6cfbb09fe6ab329a64eb42960b936f7b105cfcb147c70,1,4321.0,8408.0
1,hpa-poisson-101-8f823a31,000058,29.130418,2026-08-31T18:31:09.524+00:00,2026-08-31T18:31:05.840+00:00,2026-08-31T18:31:10.586+00:00,2026-08-31T18:31:10.586+00:00,2026-08-31T18:31:10.950+00:00,2026-08-31T18:31:10.950+00:00,0.154427,0.36332403600044927,sqs-worker-5986dcd897-l866l,ip-192-168-20-201.ec2.internal,961cdaf13e2346d1c9b85de10f02b251ce75716b40d1230591aa931fcbe3b181,1,4746.0,5110.0
1,hpa-poisson-101-8f823a31,000064,33.739193,2026-08-31T18:31:14.134+00:00,2026-08-31T18:31:10.449+00:00,2026-08-31T18:31:11.137+00:00,2026-08-31T18:31:11.137+00:00,2026-08-31T18:31:11.147+00:00,2026-08-31T18:31:11.147+00:00,0.009784,0.009845730999586522,sqs-worker-5986dcd897-l866l,ip-192-168-20-201.ec2.internal,3a5b7952200f41bd5cdf73a79d647024f63d2780358b4c1fcff6bb57953ad6f0,1,688.0,698.0
1,hpa-poisson-101-8f823a31,000068,36.549168,2026-08-31T18:31:16.944+00:00,2026-08-31T18:31:13.256+00:00,2026-08-31T18:31:13.261+00:00,2026-08-31T18:31:13.261+00:00,2026-08-31T18:31:13.787+00:00,2026-08-31T18:31:13.787+00:00,0.22804,0.5253364059999512,sqs-worker-5986dcd897-x8rdl,ip-192-168-20-201.ec2.internal,d616a60a9308c7d0bd61fc78b4504eb094a892f023b1f2da3ea1f1894ad5a0d9,1,5.0,531.0
1,hpa-poisson-101-8f823a31,000069,37.531258,2026-08-31T18:31:17.926+00:00,2026-08-31T18:31:14.246+00:00,2026-08-31T18:31:14.250+00:00,2026-08-31T18:31:14.250+00:00,2026-08-31T18:31:14.275+00:00,2026-08-31T18:31:14.275+00:00,0.025189,0.025250065999898652,sqs-worker-5986dcd897-l866l,ip-192-168-20-201.ec2.internal,c0bc492f2737bebe2aaf8b0299c2ba2a38c66e8439703b9667c2d56ab7e5b230,1,4.0,29.0
1,hpa-poisson-101-8f823a31,000071,37.748894,2026-08-31T18:31:18.143+00:00,2026-08-31T18:31:14.461+00:00,2026-08-31T18:31:14.467+00:00,2026-08-31T18:31:14.467+00:00,2026-08-31T18:31:14.704+00:00,2026-08-31T18:31:14.704+00:00,0.111812,0.2363176190001468,sqs-worker-5986dcd897-x8rdl,ip-192-168-20-201.ec2.internal,e150814166e0d77889820b03ed1c41076a217c63ec36e0d13b50499be37c7a2b,1,6.0,243.0
1,hpa-poisson-101-8f823a31,000070,37.625752,2026-08-31T18:31:18.020+00:00,2026-08-31T18:31:14.337+00:00,2026-08-31T18:31:14.341+00:00,2026-08-31T18:31:14.341+00:00,2026-08-31T18:31:15.060+00:00,2026-08-31T18:31:15.060+00:00,0.303731,0.7190629950000584,sqs-worker-5986dcd897-l866l,ip-192-168-20-201.ec2.internal,ecb275d5682fd481b3729226d2c2c03cb733f82a099f212355a794f5a3e14540,1,4.0,723.0
1,hpa-poisson-101-8f823a31,000072,38.731965,2026-08-31T18:31:19.127+00:00,2026-08-31T18:31:15.440+00:00,2026-08-31T18:31:15.445+00:00,2026-08-31T18:31:15.445+00:00,2026-08-31T18:31:15.501+00:00,2026-08-31T18:31:15.501+00:00,0.055297,0.05536954500075808,sqs-worker-5986dcd897-x8rdl,ip-192-168-20-201.ec2.internal,05032894d32c6a1a09885f1e11875ca69d64e54293735aa957699cd869020ac9,1,5.0,61.0
1,hpa-poisson-101-8f823a31,000073,39.569614,2026-08-31T18:31:19.964+00:00,2026-08-31T18:31:16.278+00:00,2026-08-31T18:31:16.285+00:00,2026-08-31T18:31:16.285+00:00,2026-08-31T18:31:17.216+00:00,2026-08-31T18:31:17.216+00:00,0.393493,0.9314193840000371,sqs-worker-5986dcd897-x8rdl,ip-192-168-20-201.ec2.internal,49ca40c351ee244acacd831718b0bad5737cfc791fff635f0ae35d54dfd3e614,1,7.0,938.0
1,hpa-poisson-101-8f823a31,000074,40.963235,2026-08-31T18:31:21.358+00:00,2026-08-31T18:31:17.676+00:00,2026-08-31T18:31:17.695+00:00,2026-08-31T18:31:17.695+00:00,2026-08-31T18:31:18.078+00:00,2026-08-31T18:31:18.078+00:00,0.16125,0.3828904149995651,sqs-worker-5986dcd897-x8rdl,ip-192-168-20-201.ec2.internal,c7af72989a188b6308e373f987144363c8813378fc92b84e91ecf972c10a6fd9,1,19.0,402.0
1,hpa-poisson-101-8f823a31,000075,41.332892,2026-08-31T18:31:21.727+00:00,2026-08-31T18:31:18.050+00:00,2026-08-31T18:31:18.054+00:00,2026-08-31T18:31:18.054+00:00,2026-08-31T18:31:18.250+00:00,2026-08-31T18:31:18.250+00:00,0.093723,0.1960262540005715,sqs-worker-5986dcd897-l866l,ip-192-168-20-201.ec2.internal,0119282d55ab37d738e118a26d4beecab8a4de391473f5573aaccf67c68035a9,1,4.0,200.0
1,hpa-poisson-101-8f823a31,000076,42.710013,2026-08-31T18:31:23.105+00:00,2026-08-31T18:31:19.422+00:00,2026-08-31T18:31:19.426+00:00,2026-08-31T18:31:19.426+00:00,2026-08-31T18:31:19.765+00:00,2026-08-31T18:31:19.765+00:00,0.158099,0.33824537600048643,sqs-worker-5986dcd897-l866l,ip-192-168-20-201.ec2.internal,ebcdf007bb78cf5dfd6bd0314584fbf053a77a19d596be84894a11998f2d0bb4,1,4.0,343.0
1,hpa-poisson-101-8f823a31,000077,42.803848,2026-08-31T18:31:23.198+00:00,2026-08-31T18:31:19.510+00:00,2026-08-31T18:31:19.522+00:00,2026-08-31T18:31:19.522+00:00,2026-08-31T18:31:19.886+00:00,2026-08-31T18:31:19.886+00:00,0.127537,0.3638969330004329,sqs-worker-5986dcd897-x8rdl,ip-192-168-20-201.ec2.internal,725474386a8c523974e5d7aa68c0f9ce44a3d44c8351112bd9d8d0fbdca6a0d7,1,12.0,376.0
1,hpa-poisson-101-8f823a31,000078,44.772242,2026-08-31T18:31:25.166+00:00,2026-08-31T18:31:21.481+00:00,2026-08-31T18:31:21.487+00:00,2026-08-31T18:31:21.487+00:00,2026-08-31T18:31:22.015+00:00,2026-08-31T18:31:22.015+00:00,0.231509,0.5284923829995023,sqs-worker-5986dcd897-x8rdl,ip-192-168-20-201.ec2.internal,85a28270b73704374ea3a42556286d90a319010287ed39616521968d6f47e71c,1,6.0,534.0
1,hpa-poisson-101-8f823a31,000080,46.378547,2026-08-31T18:31:26.771+00:00,2026-08-31T18:31:23.093+00:00,2026-08-31T18:31:23.096+00:00,2026-08-31T18:31:23.096+00:00,2026-08-31T18:31:23.297+00:00,2026-08-31T18:31:23.297+00:00,0.094303,0.20074158199986414,sqs-worker-5986dcd897-x8rdl,ip-192-168-20-201.ec2.internal,1f68d3fc1c5a60ccfde0ecc00581116b0b3d0524d5869756fc0a488a99aa8825,1,3.0,204.0
1,hpa-poisson-101-8f823a31,000081,46.422261,2026-08-31T18:31:26.814+00:00,2026-08-31T18:31:23.133+00:00,2026-08-31T18:31:23.331+00:00,2026-08-31T18:31:23.331+00:00,2026-08-31T18:31:23.336+00:00,2026-08-31T18:31:23.336+00:00,0.005,0.00503076799941482,sqs-worker-5986dcd897-x8rdl,ip-192-168-20-201.ec2.internal,b33df2c9ee8ad01aaa53aa9700302d4896610e0c91480042f1d397f030dbbfd1,1,198.0,203.0
1,hpa-poisson-101-8f823a31,000079,46.12116,2026-08-31T18:31:26.515+00:00,2026-08-31T18:31:22.839+00:00,2026-08-31T18:31:22.843+00:00,2026-08-31T18:31:22.843+00:00,2026-08-31T18:31:23.472+00:00,2026-08-31T18:31:23.472+00:00,0.275606,0.628652370999589,sqs-worker-5986dcd897-l866l,ip-192-168-20-201.ec2.internal,3a4f45b04c76b8390ce9b608aa6773ea8c89e092cfcadc3bd4a6fbd2768d6640,1,4.0,633.0
1,hpa-poisson-101-8f823a31,000082,46.9193,2026-08-31T18:31:27.312+00:00,2026-08-31T18:31:23.633+00:00,2026-08-31T18:31:23.638+00:00,2026-08-31T18:31:23.638+00:00,2026-08-31T18:31:24.201+00:00,2026-08-31T18:31:24.201+00:00,0.258809,0.5633173480000551,sqs-worker-5986dcd897-x8rdl,ip-192-168-20-201.ec2.internal,8411bbe39727ceb58cb495a8c52f8218f0cefd34e1573a42778be6f5c43dfdb8,1,5.0,568.0
1,hpa-poisson-101-8f823a31,000084,47.919289,2026-08-31T18:31:28.312+00:00,2026-08-31T18:31:24.639+00:00,2026-08-31T18:31:24.644+00:00,2026-08-31T18:31:24.644+00:00,2026-08-31T18:31:24.663+00:00,2026-08-31T18:31:24.663+00:00,0.018592,0.018632500999956392,sqs-worker-5986dcd897-l866l,ip-192-168-20-201.ec2.internal,d70ac56d66a212c64d5a7fbd5838b5f18714d1b14643dbe82ffbd6691c1d4183,1,5.0,24.0
1,hpa-poisson-101-8f823a31,000083,47.649689,2026-08-31T18:31:28.043+00:00,2026-08-31T18:31:24.360+00:00,2026-08-31T18:31:24.365+00:00,2026-08-31T18:31:24.365+00:00,2026-08-31T18:31:24.385+00:00,2026-08-31T18:31:24.385+00:00,0.019856,0.019897543999832124,sqs-worker-5986dcd897-l866l,ip-192-168-20-201.ec2.internal,5f9b3a45324e8cc107dbbfcc09f5328dce8464833393cc75c2cb0eabffc7e8b1,1,5.0,25.0
1,hpa-poisson-101-8f823a31,000085,47.956297,2026-08-31T18:31:28.349+00:00,2026-08-31T18:31:24.669+00:00,2026-08-31T18:31:24.682+00:00,2026-08-31T18:31:24.682+00:00,2026-08-31T18:31:24.701+00:00,2026-08-31T18:31:24.701+00:00,0.018951,0.019067649000135134,sqs-worker-5986dcd897-x8rdl,ip-192-168-20-201.ec2.internal,24b15255a1e0faf4e70a805c77014328844dceab78d30d3b006a632ae70128da,1,13.0,32.0
1,hpa-poisson-101-8f823a31,000087,49.248037,2026-08-31T18:31:29.640+00:00,2026-08-31T18:31:25.965+00:00,2026-08-31T18:31:25.968+00:00,2026-08-31T18:31:25.968+00:00,2026-08-31T18:31:26.158+00:00,2026-08-31T18:31:26.158+00:00,0.05177,0.1900008809998326,sqs-worker-5986dcd897-l866l,ip-192-168-20-201.ec2.internal,77cb951f3bb68d60c9dcfdfc4e9c8c598259014fd1e3b67205f0b9a955ea642e,1,3.0,193.0
1,hpa-poisson-101-8f823a31,000086,48.160459,2026-08-31T18:31:28.553+00:00,2026-08-31T18:31:24.877+00:00,2026-08-31T18:31:24.881+00:00,2026-08-31T18:31:24.881+00:00,2026-08-31T18:31:26.523+00:00,2026-08-31T18:31:26.523+00:00,0.679753,1.6420078350001859,sqs-worker-5986dcd897-x8rdl,ip-192-168-20-201.ec2.internal,e00317f2cbe8d0dff3b0695f2135766f6da4835c6e1069c26d8de24ad72dd030,1,4.0,1646.0
1,hpa-poisson-101-8f823a31,000088,49.307413,2026-08-31T18:31:29.700+00:00,2026-08-31T18:31:26.020+00:00,2026-08-31T18:31:26.221+00:00,2026-08-31T18:31:26.221+00:00,2026-08-31T18:31:27.749+00:00,2026-08-31T18:31:27.749+00:00,0.428471,1.527873806999196,sqs-worker-5986dcd897-l866l,ip-192-168-20-201.ec2.internal,cc051dbade824015d06bc4b3589ba3bba90244eb2f39e4e1934f0d3a7cf325b8,1,201.0,1729.0
1,hpa-poisson-101-8f823a31,000090,51.217697,2026-08-31T18:31:31.610+00:00,2026-08-31T18:31:27.929+00:00,2026-08-31T18:31:27.933+00:00,2026-08-31T18:31:27.933+00:00,2026-08-31T18:31:27.938+00:00,2026-08-31T18:31:27.938+00:00,0.005,0.005039683999711997,sqs-worker-5986dcd897-l866l,ip-192-168-20-201.ec2.internal,5ec92279e978ebdf142bb571a34f8ef2de22821ac95344fe89e2c88b1f7c4eae,1,4.0,9.0
1,hpa-poisson-101-8f823a31,000091,51.360639,2026-08-31T18:31:31.753+00:00,2026-08-31T18:31:28.100+00:00,2026-08-31T18:31:28.104+00:00,2026-08-31T18:31:28.104+00:00,2026-08-31T18:31:28.245+00:00,2026-08-31T18:31:28.245+00:00,0.084615,0.14151622900044458,sqs-worker-5986dcd897-l866l,ip-192-168-20-201.ec2.internal,7134489f363757b852d125b400f1413249248662f66f4c0338099989dc3f1e2c,1,4.0,145.0
1,hpa-poisson-101-8f823a31,000092,51.435014,2026-08-31T18:31:31.827+00:00,2026-08-31T18:31:28.143+00:00,2026-08-31T18:31:28.282+00:00,2026-08-31T18:31:28.282+00:00,2026-08-31T18:31:28.424+00:00,2026-08-31T18:31:28.424+00:00,0.05318,0.14233653700011928,sqs-worker-5986dcd897-l866l,ip-192-168-20-201.ec2.internal,d3ecc528b67bddf45e13fcd2bab045881b6531966304011feb0cc09f321f7f53,1,139.0,281.0
1,hpa-poisson-101-8f823a31,000089,51.037881,2026-08-31T18:31:31.431+00:00,2026-08-31T18:31:27.752+00:00,2026-08-31T18:31:27.755+00:00,2026-08-31T18:31:27.755+00:00,2026-08-31T18:31:28.286+00:00,2026-08-31T18:31:28.286+00:00,0.231048,0.5304505940002855,sqs-worker-5986dcd897-x8rdl,ip-192-168-20-201.ec2.internal,19f15377c571226afe8cf3cf4e93420f791e0198319e30644b8b9e0794e8f9d1,1,3.0,534.0
1,hpa-poisson-101-8f823a31,000093,53.91312,2026-08-31T18:31:34.307+00:00,2026-08-31T18:31:30.627+00:00,2026-08-31T18:31:30.687+00:00,2026-08-31T18:31:30.687+00:00,2026-08-31T18:31:30.896+00:00,2026-08-31T18:31:30.896+00:00,0.047301,0.20894056799988903,sqs-worker-5986dcd897-x8rdl,ip-192-168-20-201.ec2.internal,f1d1a710ab62478cb95d497648da2d6657813ebc6531569a67abac99d2857664,1,60.0,269.0
1,hpa-poisson-101-8f823a31,000094,55.358835,2026-08-31T18:31:35.752+00:00,2026-08-31T18:31:32.072+00:00,2026-08-31T18:31:32.076+00:00,2026-08-31T18:31:32.076+00:00,2026-08-31T18:31:32.651+00:00,2026-08-31T18:31:32.651+00:00,0.245163,0.5741244740002003,sqs-worker-5986dcd897-l866l,ip-192-168-20-201.ec2.internal,b018d45824f659cdd271f701db101480a638047687927ed3135d1d91bda3069a,1,4.0,579.0
1,hpa-poisson-101-8f823a31,000095,55.599098,2026-08-31T18:31:35.992+00:00,2026-08-31T18:31:32.309+00:00,2026-08-31T18:31:32.312+00:00,2026-08-31T18:31:32.312+00:00,2026-08-31T18:31:33.707+00:00,2026-08-31T18:31:33.707+00:00,0.585214,1.3945059389998278,sqs-worker-5986dcd897-x8rdl,ip-192-168-20-201.ec2.internal,2bec558cf56fad8ccb8465dc4c0391ba21c1164120122a8fe9c733dd6559090c,1,3.0,1398.0
1,hpa-poisson-101-8f823a31,000096,55.661918,2026-08-31T18:31:36.054+00:00,2026-08-31T18:31:32.379+00:00,2026-08-31T18:31:32.671+00:00,2026-08-31T18:31:32.671+00:00,2026-08-31T18:31:34.275+00:00,2026-08-31T18:31:34.275+00:00,0.660305,1.6034815799994249,sqs-worker-5986dcd897-l866l,ip-192-168-20-201.ec2.internal,9a2edf1c520ffed7458d325b141e089bf2aada9b2af06cfe8654f3f3f191eaac,1,292.0,1896.0
1,hpa-poisson-101-8f823a31,000098,57.689911,2026-08-31T18:31:38.084+00:00,2026-08-31T18:31:34.409+00:00,2026-08-31T18:31:34.413+00:00,2026-08-31T18:31:34.413+00:00,2026-08-31T18:31:34.438+00:00,2026-08-31T18:31:34.438+00:00,0.023729,0.024564076000388013,sqs-worker-5986dcd897-l866l,ip-192-168-20-201.ec2.internal,1a07664abe3ba57b730df4b24b1e81d0a8ddc159521bd0e9aa3f24bc33dbe12f,1,4.0,29.0
1,hpa-poisson-101-8f823a31,000099,57.697527,2026-08-31T18:31:38.090+00:00,2026-08-31T18:31:34.407+00:00,2026-08-31T18:31:34.464+00:00,2026-08-31T18:31:34.464+00:00,2026-08-31T18:31:34.742+00:00,2026-08-31T18:31:34.742+00:00,0.123762,0.2775519050001094,sqs-worker-5986dcd897-l866l,ip-192-168-20-201.ec2.internal,b651ce5f898355653159a7fd75caccfbc05f40fd14558ee9f5445ab739b7e51e,1,57.0,335.0
1,hpa-poisson-101-8f823a31,000097,56.323995,2026-08-31T18:31:36.717+00:00,2026-08-31T18:31:33.047+00:00,2026-08-31T18:31:33.731+00:00,2026-08-31T18:31:33.731+00:00,2026-08-31T18:31:34.510+00:00,2026-08-31T18:31:34.510+00:00,0.318152,0.7789477529995565,sqs-worker-5986dcd897-x8rdl,ip-192-168-20-201.ec2.internal,96dcf9caa964d3f280caeed00d0fe41b1e40f904da88a6cc89360dbb1ca89156,1,684.0,1463.0
1,hpa-poisson-101-8f823a31,000100,58.324101,2026-08-31T18:31:38.716+00:00,2026-08-31T18:31:35.058+00:00,2026-08-31T18:31:35.063+00:00,2026-08-31T18:31:35.063+00:00,2026-08-31T18:31:35.099+00:00,2026-08-31T18:31:35.099+00:00,0.036199,0.0362570079996658,sqs-worker-5986dcd897-l866l,ip-192-168-20-201.ec2.internal,ff69915ef74a63953e0373d969f20fb77bdcb111ac712b2911a9a63f9dc37f50,1,5.0,41.0
1,hpa-poisson-101-8f823a31,000102,59.92219,2026-08-31T18:31:40.315+00:00,2026-08-31T18:31:36.630+00:00,2026-08-31T18:31:36.633+00:00,2026-08-31T18:31:36.634+00:00,2026-08-31T18:31:36.639+00:00,2026-08-31T18:31:36.639+00:00,0.005,0.005111815000418574,sqs-worker-5986dcd897-x8rdl,ip-192-168-20-201.ec2.internal,9b573535982481b7501725a0b9f3e90aaf2e88890e86cc1d9b0fe7df1a95063b,1,3.0,9.0
1,hpa-poisson-101-8f823a31,000101,59.538438,2026-08-31T18:31:39.932+00:00,2026-08-31T18:31:36.245+00:00,2026-08-31T18:31:36.254+00:00,2026-08-31T18:31:36.254+00:00,2026-08-31T18:31:36.665+00:00,2026-08-31T18:31:36.665+00:00,0.138918,0.41090435400019487,sqs-worker-5986dcd897-l866l,ip-192-168-20-201.ec2.internal,c4ac6c0aab12b7bf40e35706f2a6925ec4e09a21d7e5623b98df2e2e1a0c220f,1,9.0,420.0
1,hpa-poisson-101-8f823a31,000103,60.448763,2026-08-31T18:31:40.841+00:00,2026-08-31T18:31:37.159+00:00,2026-08-31T18:31:37.163+00:00,2026-08-31T18:31:37.163+00:00,2026-08-31T18:31:37.482+00:00,2026-08-31T18:31:37.482+00:00,0.142645,0.31879604200003087,sqs-worker-5986dcd897-x8rdl,ip-192-168-20-201.ec2.internal,ac8af62e98e7ee5ef3bf982145573e7ee8e4340d6c80ccc4a6afe06eadb5ee8f,1,4.0,323.0
1,hpa-poisson-101-8f823a31,000104,61.468146,2026-08-31T18:31:41.861+00:00,2026-08-31T18:31:38.176+00:00,2026-08-31T18:31:38.180+00:00,2026-08-31T18:31:38.180+00:00,2026-08-31T18:31:38.985+00:00,2026-08-31T18:31:38.985+00:00,0.359985,0.8049849019998874,sqs-worker-5986dcd897-l866l,ip-192-168-20-201.ec2.internal,c432c615a082cbf5b56127100816ece7630ba2df101d7adb8ea53bc6c1785b96,1,4.0,809.0
1,hpa-poisson-101-8f823a31,000106,61.837935,2026-08-31T18:31:42.230+00:00,2026-08-31T18:31:38.553+00:00,2026-08-31T18:31:39.077+00:00,2026-08-31T18:31:39.077+00:00,2026-08-31T18:31:39.358+00:00,2026-08-31T18:31:39.358+00:00,0.138372,0.28198219199930463,sqs-worker-5986dcd897-l866l,ip-192-168-20-201.ec2.internal,889fdc6f977122e817a70ef64d1a676fd0f4a426efaea86fb9290cf433502e28,1,524.0,805.0
1,hpa-poisson-101-8f823a31,000107,62.512942,2026-08-31T18:31:42.906+00:00,2026-08-31T18:31:39.221+00:00,2026-08-31T18:31:39.402+00:00,2026-08-31T18:31:39.402+00:00,2026-08-31T18:31:39.957+00:00,2026-08-31T18:31:39.957+00:00,0.229855,0.5549527700004546,sqs-worker-5986dcd897-l866l,ip-192-168-20-201.ec2.internal,2f4991fa095c59f2d3ab672fe5d92f1ae1a16173ffaae2b41028853080b30866,1,181.0,736.0
1,hpa-poisson-101-8f823a31,000109,63.494304,2026-08-31T18:31:43.887+00:00,2026-08-31T18:31:40.208+00:00,2026-08-31T18:31:40.211+00:00,2026-08-31T18:31:40.211+00:00,2026-08-31T18:31:40.246+00:00,2026-08-31T18:31:40.246+00:00,0.034243,0.034288259999812,sqs-worker-5986dcd897-l866l,ip-192-168-20-201.ec2.internal,cbbd3314b3f708003932032e48b4dc8f7b9e32f9fd859bf21503e2386b5356af,1,3.0,38.0
1,hpa-poisson-101-8f823a31,000108,63.015264,2026-08-31T18:31:43.407+00:00,2026-08-31T18:31:39.723+00:00,2026-08-31T18:31:39.998+00:00,2026-08-31T18:31:39.998+00:00,2026-08-31T18:31:40.023+00:00,2026-08-31T18:31:40.024+00:00,0.02194,0.025108660999649146,sqs-worker-5986dcd897-l866l,ip-192-168-20-201.ec2.internal,4a6c1d92dfb2bf6c8f4cc0567a84753f8f7a8c3071d38393c3ed64fa50b88251,1,275.0,300.0
1,hpa-poisson-101-8f823a31,000110,63.748679,2026-08-31T18:31:44.141+00:00,2026-08-31T18:31:40.456+00:00,2026-08-31T18:31:40.460+00:00,2026-08-31T18:31:40.460+00:00,2026-08-31T18:31:41.573+00:00,2026-08-31T18:31:41.573+00:00,0.467915,1.1131300249999185,sqs-worker-5986dcd897-l866l,ip-192-168-20-201.ec2.internal,fec98e5fb305214b801240c71083ce209a94ba02f0de99a47dac8bd44329da17,1,4.0,1117.0
1,hpa-poisson-101-8f823a31,000105,61.638456,2026-08-31T18:31:42.031+00:00,2026-08-31T18:31:38.345+00:00,2026-08-31T18:31:38.348+00:00,2026-08-31T18:31:38.348+00:00,2026-08-31T18:31:41.898+00:00,2026-08-31T18:31:41.898+00:00,1.0,3.549374834000446,sqs-worker-5986dcd897-x8rdl,ip-192-168-20-201.ec2.internal,f8b7692e65d3f4e43fc006a44dd967bd321b25fa89774bacad60088dc395f8bc,1,3.0,3553.0
1,hpa-poisson-101-8f823a31,000111,65.476311,2026-08-31T18:31:45.870+00:00,2026-08-31T18:31:42.183+00:00,2026-08-31T18:31:42.187+00:00,2026-08-31T18:31:42.187+00:00,2026-08-31T18:31:42.205+00:00,2026-08-31T18:31:42.205+00:00,0.017761,0.018431438999868988,sqs-worker-5986dcd897-x8rdl,ip-192-168-20-201.ec2.internal,ffcd8e17e8a3791f96bff921ab1ab1b2d8781c0747e90c68e987ba08d2c9fa92,1,4.0,22.0
1,hpa-poisson-101-8f823a31,000113,66.398716,2026-08-31T18:31:46.791+00:00,2026-08-31T18:31:43.114+00:00,2026-08-31T18:31:43.118+00:00,2026-08-31T18:31:43.118+00:00,2026-08-31T18:31:43.423+00:00,2026-08-31T18:31:43.423+00:00,0.127007,0.3051967159999549,sqs-worker-5986dcd897-l866l,ip-192-168-20-201.ec2.internal,4ce79792d2281d9ba446fc91c55a63e458097ca5a548a53b0bd5d344dae72c97,1,4.0,309.0
1,hpa-poisson-101-8f823a31,000112,65.688743,2026-08-31T18:31:46.081+00:00,2026-08-31T18:31:42.396+00:00,2026-08-31T18:31:42.400+00:00,2026-08-31T18:31:42.400+00:00,2026-08-31T18:31:43.799+00:00,2026-08-31T18:31:43.799+00:00,0.576532,1.3996010830005616,sqs-worker-5986dcd897-x8rdl,ip-192-168-20-201.ec2.internal,00a94e75db66a204a9d0f8e2130bd768e454778fa396f5693d79fd77c38ec6db,1,4.0,1403.0
1,hpa-poisson-101-8f823a31,000114,67.802358,2026-08-31T18:31:48.195+00:00,2026-08-31T18:31:44.520+00:00,2026-08-31T18:31:44.524+00:00,2026-08-31T18:31:44.524+00:00,2026-08-31T18:31:44.698+00:00,2026-08-31T18:31:44.698+00:00,0.095489,0.1738844559995414,sqs-worker-5986dcd897-x8rdl,ip-192-168-20-201.ec2.internal,41a98458422c9423ce8569f0b0bc57ac81786142957c449145a53e649bfff572,1,4.0,178.0
1,hpa-poisson-101-8f823a31,000115,68.122455,2026-08-31T18:31:48.515+00:00,2026-08-31T18:31:44.832+00:00,2026-08-31T18:31:44.841+00:00,2026-08-31T18:31:44.841+00:00,2026-08-31T18:31:45.183+00:00,2026-08-31T18:31:45.183+00:00,0.164306,0.34215822799978923,sqs-worker-5986dcd897-x8rdl,ip-192-168-20-201.ec2.internal,6d9074549f8338a8c5620db1e6666d294ee9d85a6c90de64182710a2ffb85093,1,9.0,351.0
1,hpa-poisson-101-8f823a31,000116,68.15737,2026-08-31T18:31:48.550+00:00,2026-08-31T18:31:44.871+00:00,2026-08-31T18:31:44.877+00:00,2026-08-31T18:31:44.877+00:00,2026-08-31T18:31:45.348+00:00,2026-08-31T18:31:45.348+00:00,0.20173,0.4713313059992288,sqs-worker-5986dcd897-l866l,ip-192-168-20-201.ec2.internal,e05fd6455a0b1f5f15da5435b91d0a7c9a1b765c2243760320dbc1f8b552ade9,1,6.0,477.0
1,hpa-poisson-101-8f823a31,000118,68.355847,2026-08-31T18:31:48.748+00:00,2026-08-31T18:31:45.065+00:00,2026-08-31T18:31:45.201+00:00,2026-08-31T18:31:45.201+00:00,2026-08-31T18:31:45.700+00:00,2026-08-31T18:31:45.700+00:00,0.212717,0.49887713200041617,sqs-worker-5986dcd897-x8rdl,ip-192-168-20-201.ec2.internal,b8d44cc8b8453625cd14db6a39224d10906c173d3026d4b48057884802e214b7,1,136.0,635.0
1,hpa-poisson-101-8f823a31,000119,68.456045,2026-08-31T18:31:48.848+00:00,2026-08-31T18:31:45.187+00:00,2026-08-31T18:31:45.728+00:00,2026-08-31T18:31:45.729+00:00,2026-08-31T18:31:46.094+00:00,2026-08-31T18:31:46.094+00:00,0.14583,0.3656539319999865,sqs-worker-5986dcd897-x8rdl,ip-192-168-20-201.ec2.internal,f6492a52e2865dfbf2ac2f0b7e9fe37ee67835283e80797651978e162c81cbb9,1,541.0,907.0
1,hpa-poisson-101-8f823a31,000120,68.536257,2026-08-31T18:31:48.929+00:00,2026-08-31T18:31:45.248+00:00,2026-08-31T18:31:45.368+00:00,2026-08-31T18:31:45.368+00:00,2026-08-31T18:31:46.160+00:00,2026-08-31T18:31:46.160+00:00,0.160321,0.7922368090003147,sqs-worker-5986dcd897-l866l,ip-192-168-20-201.ec2.internal,58a4c51f725a12e0c73d86aefd27bf631b781065987d581a70afbefef1cdc582,1,120.0,912.0
1,hpa-poisson-101-8f823a31,000117,68.312977,2026-08-31T18:31:48.705+00:00,2026-08-31T18:31:45.026+00:00,2026-08-31T18:31:46.120+00:00,2026-08-31T18:31:46.120+00:00,2026-08-31T18:31:46.904+00:00,2026-08-31T18:31:46.904+00:00,0.328795,0.7845735359996979,sqs-worker-5986dcd897-x8rdl,ip-192-168-20-201.ec2.internal,e5eb386765e0769bda455681942c4191c9ebbb944b9a2a58209a6e988c574c63,1,1094.0,1878.0
1,hpa-poisson-101-8f823a31,000122,69.08703,2026-08-31T18:31:49.479+00:00,2026-08-31T18:31:45.799+00:00,2026-08-31T18:31:46.267+00:00,2026-08-31T18:31:46.267+00:00,2026-08-31T18:31:46.957+00:00,2026-08-31T18:31:46.957+00:00,0.113789,0.690288168000734,sqs-worker-5986dcd897-l866l,ip-192-168-20-201.ec2.internal,d1a9b341cafd553f95069086c42b82fcdac95c04b833ce07f50aeede525b108c,1,468.0,1158.0
1,hpa-poisson-101-8f823a31,000123,69.457712,2026-08-31T18:31:49.850+00:00,2026-08-31T18:31:46.165+00:00,2026-08-31T18:31:46.984+00:00,2026-08-31T18:31:46.984+00:00,2026-08-31T18:31:47.056+00:00,2026-08-31T18:31:47.056+00:00,0.012833,0.07148175400016044,sqs-worker-5986dcd897-l866l,ip-192-168-20-201.ec2.internal,352314960c3a85b756d85a9a8e572ffc4d8341199159454533273234aa0d6494,1,819.0,891.0
1,hpa-poisson-101-8f823a31,000125,70.847141,2026-08-31T18:31:51.240+00:00,2026-08-31T18:31:47.560+00:00,2026-08-31T18:31:47.563+00:00,2026-08-31T18:31:47.563+00:00,2026-08-31T18:31:47.586+00:00,2026-08-31T18:31:47.586+00:00,0.023196,0.023251814999639464,sqs-worker-5986dcd897-x8rdl,ip-192-168-20-201.ec2.internal,b9714561c46e7c21f292f82f0b4bd86c6c1c9d5b6478011fc9718e6a2c785cd6,1,3.0,26.0
1,hpa-poisson-101-8f823a31,000124,70.141403,2026-08-31T18:31:50.534+00:00,2026-08-31T18:31:46.847+00:00,2026-08-31T18:31:47.023+00:00,2026-08-31T18:31:47.023+00:00,2026-08-31T18:31:47.476+00:00,2026-08-31T18:31:47.476+00:00,0.181076,0.45297071900040464,sqs-worker-5986dcd897-x8rdl,ip-192-168-20-201.ec2.internal,78c4943051d6fa0439cea6ad6abe79e67b7a879b77dcbbec93d023cd3ff47210,1,176.0,629.0
1,hpa-poisson-101-8f823a31,000121,68.798324,2026-08-31T18:31:49.191+00:00,2026-08-31T18:31:45.516+00:00,2026-08-31T18:31:46.917+00:00,2026-08-31T18:31:46.917+00:00,2026-08-31T18:31:46.991+00:00,2026-08-31T18:31:46.991+00:00,0.02342,0.07458673500059376,sqs-worker-5986dcd897-x8rdl,ip-192-168-20-201.ec2.internal,dc14ceba87bd2a99c8b2847618c315c45d269ac7371d11b61580a456dae0502e,1,1401.0,1475.0
1,hpa-poisson-101-8f823a31,000126,71.573596,2026-08-31T18:31:51.966+00:00,2026-08-31T18:31:48.280+00:00,2026-08-31T18:31:48.283+00:00,2026-08-31T18:31:48.283+00:00,2026-08-31T18:31:48.573+00:00,2026-08-31T18:31:48.573+00:00,0.151722,0.2899258080005893,sqs-worker-5986dcd897-l866l,ip-192-168-20-201.ec2.internal,f24d1c9257db1a93fd7f6aca0ba2a90096907ef3f17e9e7729777ac03a07ff87,1,3.0,293.0
1,hpa-poisson-101-8f823a31,000127,71.85679,2026-08-31T18:31:52.249+00:00,2026-08-31T18:31:48.563+00:00,2026-08-31T18:31:48.568+00:00,2026-08-31T18:31:48.568+00:00,2026-08-31T18:31:48.686+00:00,2026-08-31T18:31:48.686+00:00,0.055982,0.11817437400077324,sqs-worker-5986dcd897-x8rdl,ip-192-168-20-201.ec2.internal,2079cd7a4dda9ed90054c9279db0a2364e1a3581c44b2c934ce2bb8f264608f0,1,5.0,123.0
1,hpa-poisson-101-8f823a31,000128,72.536328,2026-08-31T18:31:52.929+00:00,2026-08-31T18:31:49.247+00:00,2026-08-31T18:31:49.251+00:00,2026-08-31T18:31:49.251+00:00,2026-08-31T18:31:49.550+00:00,2026-08-31T18:31:49.550+00:00,0.134321,0.2993402390002302,sqs-worker-5986dcd897-l866l,ip-192-168-20-201.ec2.internal,5073e6af1001ea294a213f00fa0a3dff81127e30e14ba4fc2b5a2d10231bb843,1,4.0,303.0
1,hpa-poisson-101-8f823a31,000129,73.035125,2026-08-31T18:31:53.428+00:00,2026-08-31T18:31:49.743+00:00,2026-08-31T18:31:49.747+00:00,2026-08-31T18:31:49.747+00:00,2026-08-31T18:31:50.180+00:00,2026-08-31T18:31:50.180+00:00,0.191008,0.43372757700035436,sqs-worker-5986dcd897-l866l,ip-192-168-20-201.ec2.internal,aacabb4ffebf20e4808d60ff5fb3eb9f63310040c7caf51a29c410a62e70e8a7,1,4.0,437.0
1,hpa-poisson-101-8f823a31,000131,73.613704,2026-08-31T18:31:54.006+00:00,2026-08-31T18:31:50.333+00:00,2026-08-31T18:31:50.338+00:00,2026-08-31T18:31:50.338+00:00,2026-08-31T18:31:50.761+00:00,2026-08-31T18:31:50.761+00:00,0.195509,0.42362140900058876,sqs-worker-5986dcd897-l866l,ip-192-168-20-201.ec2.internal,5ef3484acc83d9a1efb58d9c1468b0d8d7550ab3252d49cd955cc5e0b8a0de1c,1,5.0,428.0
1,hpa-poisson-101-8f823a31,000132,73.853228,2026-08-31T18:31:54.246+00:00,2026-08-31T18:31:50.578+00:00,2026-08-31T18:31:50.592+00:00,2026-08-31T18:31:50.592+00:00,2026-08-31T18:31:51.154+00:00,2026-08-31T18:31:51.154+00:00,0.261464,0.5614673860000039,sqs-worker-5986dcd897-r4px4,ip-192-168-20-201.ec2.internal,4147174b0a4695aaa429bbb0a239b6a0128bb8b55fe2756f902497a4561a6afb,1,14.0,576.0
1,hpa-poisson-101-8f823a31,000130,73.120386,2026-08-31T18:31:53.513+00:00,2026-08-31T18:31:49.827+00:00,2026-08-31T18:31:49.831+00:00,2026-08-31T18:31:49.831+00:00,2026-08-31T18:31:51.592+00:00,2026-08-31T18:31:51.592+00:00,0.295677,1.761004136000338,sqs-worker-5986dcd897-x8rdl,ip-192-168-20-201.ec2.internal,f41d297e8d15c8b39d948e6aee1f6a7f8b7915e345cd2be22c5a318c67ff9d6e,1,4.0,1765.0
1,hpa-poisson-101-8f823a31,000133,74.557424,2026-08-31T18:31:54.948+00:00,2026-08-31T18:31:51.275+00:00,2026-08-31T18:31:51.279+00:00,2026-08-31T18:31:51.279+00:00,2026-08-31T18:31:51.985+00:00,2026-08-31T18:31:51.985+00:00,0.289737,0.7054329339998731,sqs-worker-5986dcd897-h5v2r,ip-192-168-20-201.ec2.internal,23f350b1de4d2f57b41f6b865660d74764752259e01882a78b1e16734f8ca0ff,1,4.0,710.0
1,hpa-poisson-101-8f823a31,000135,75.559026,2026-08-31T18:31:55.949+00:00,2026-08-31T18:31:52.271+00:00,2026-08-31T18:31:52.275+00:00,2026-08-31T18:31:52.275+00:00,2026-08-31T18:31:52.347+00:00,2026-08-31T18:31:52.347+00:00,0.060868,0.0715244579996579,sqs-worker-5986dcd897-r4px4,ip-192-168-20-201.ec2.internal,b30b8c8495cd0e75a953873e009904c3065cc27c8e768e11bb76520940e5ed10,1,4.0,76.0
1,hpa-poisson-101-8f823a31,000134,75.386908,2026-08-31T18:31:55.777+00:00,2026-08-31T18:31:52.113+00:00,2026-08-31T18:31:52.117+00:00,2026-08-31T18:31:52.117+00:00,2026-08-31T18:31:52.746+00:00,2026-08-31T18:31:52.746+00:00,0.264265,0.6287880939999013,sqs-worker-5986dcd897-l866l,ip-192-168-20-201.ec2.internal,78f7f60c3e494de81591ee14d59c5a7af3aba97824d0b9c280c4a391df237190,1,4.0,633.0
1,hpa-poisson-101-8f823a31,000136,75.915995,2026-08-31T18:31:56.306+00:00,2026-08-31T18:31:52.628+00:00,2026-08-31T18:31:52.632+00:00,2026-08-31T18:31:52.632+00:00,2026-08-31T18:31:52.823+00:00,2026-08-31T18:31:52.823+00:00,0.104977,0.19161383699974976,sqs-worker-5986dcd897-h5v2r,ip-192-168-20-201.ec2.internal,349dff2da6f0740d7446f3ef373200a4fa56c24d731968577df13e039577d5ac,1,4.0,195.0
1,hpa-poisson-101-8f823a31,000138,76.515393,2026-08-31T18:31:56.906+00:00,2026-08-31T18:31:53.223+00:00,2026-08-31T18:31:53.227+00:00,2026-08-31T18:31:53.227+00:00,2026-08-31T18:31:53.420+00:00,2026-08-31T18:31:53.420+00:00,0.114276,0.19392053999945347,sqs-worker-5986dcd897-x8rdl,ip-192-168-20-201.ec2.internal,62d76c9fa6415f15b0c9f8cbb94e8207f592ae72dfbfe8683c1c72fe8f1d190e,1,4.0,197.0
1,hpa-poisson-101-8f823a31,000140,76.573041,2026-08-31T18:31:56.963+00:00,2026-08-31T18:31:53.286+00:00,2026-08-31T18:31:53.292+00:00,2026-08-31T18:31:53.292+00:00,2026-08-31T18:31:53.808+00:00,2026-08-31T18:31:53.808+00:00,0.214519,0.5165266699996209,sqs-worker-5986dcd897-h5v2r,ip-192-168-20-201.ec2.internal,934a68748568b1353d6164606c81a17a8503ed3f1c641df9305550544ec6fbfe,1,6.0,522.0
1,hpa-poisson-101-8f823a31,000139,76.541236,2026-08-31T18:31:56.931+00:00,2026-08-31T18:31:53.248+00:00,2026-08-31T18:31:53.251+00:00,2026-08-31T18:31:53.251+00:00,2026-08-31T18:31:53.585+00:00,2026-08-31T18:31:53.585+00:00,0.15923,0.3333666130001802,sqs-worker-5986dcd897-l866l,ip-192-168-20-201.ec2.internal,14d9392755e831f7ddf25bc44524dee1598c4b1a6bd4c07219dfae6c004c236a,1,3.0,337.0
1,hpa-poisson-101-8f823a31,000137,76.295238,2026-08-31T18:31:56.686+00:00,2026-08-31T18:31:53.006+00:00,2026-08-31T18:31:53.010+00:00,2026-08-31T18:31:53.010+00:00,2026-08-31T18:31:53.857+00:00,2026-08-31T18:31:53.857+00:00,0.366354,0.8464550210001107,sqs-worker-5986dcd897-r4px4,ip-192-168-20-201.ec2.internal,8427301e1dabb0e3f45cf4ca8943de49ab51559d7996a020300756eecefd187f,1,4.0,851.0
1,hpa-poisson-101-8f823a31,000141,79.658238,2026-08-31T18:32:00.049+00:00,2026-08-31T18:31:56.388+00:00,2026-08-31T18:31:56.399+00:00,2026-08-31T18:31:56.399+00:00,2026-08-31T18:31:56.516+00:00,2026-08-31T18:31:56.517+00:00,0.072856,0.11722291099977156,sqs-worker-5986dcd897-x8rdl,ip-192-168-20-201.ec2.internal,c6b46ef068991031511461f5a4f2787144e959e9129cdda8a481829aa4184cf6,1,11.0,128.0
1,hpa-poisson-101-8f823a31,000142,80.499995,2026-08-31T18:32:00.891+00:00,2026-08-31T18:31:57.214+00:00,2026-08-31T18:31:57.218+00:00,2026-08-31T18:31:57.218+00:00,2026-08-31T18:31:57.388+00:00,2026-08-31T18:31:57.388+00:00,0.084774,0.17057649700018374,sqs-worker-5986dcd897-x8rdl,ip-192-168-20-201.ec2.internal,74be9be044f54688f2a5835a5b27073e570cf5495e4467fc67605b9e610ac5d1,1,4.0,174.0
1,hpa-poisson-101-8f823a31,000143,80.861001,2026-08-31T18:32:01.251+00:00,2026-08-31T18:31:57.571+00:00,2026-08-31T18:31:57.575+00:00,2026-08-31T18:31:57.575+00:00,2026-08-31T18:31:57.792+00:00,2026-08-31T18:31:57.792+00:00,0.098043,0.21672330199999124,sqs-worker-5986dcd897-x8rdl,ip-192-168-20-201.ec2.internal,23582783948ef3e0e02b9aecd43584144dba6902835615edc527158bf778be58,1,4.0,221.0
1,hpa-poisson-101-8f823a31,000144,81.54763,2026-08-31T18:32:01.939+00:00,2026-08-31T18:31:58.254+00:00,2026-08-31T18:31:58.258+00:00,2026-08-31T18:31:58.258+00:00,2026-08-31T18:31:58.384+00:00,2026-08-31T18:31:58.384+00:00,0.078474,0.12581067900009657,sqs-worker-5986dcd897-l866l,ip-192-168-20-201.ec2.internal,4ad16bc83eb2865658339ca59ea1160156ae3e53850c102675fc4744faee2b53,1,4.0,130.0
1,hpa-poisson-101-8f823a31,000145,81.743456,2026-08-31T18:32:02.134+00:00,2026-08-31T18:31:58.451+00:00,2026-08-31T18:31:58.455+00:00,2026-08-31T18:31:58.455+00:00,2026-08-31T18:31:58.490+00:00,2026-08-31T18:31:58.490+00:00,0.03492,0.03497501600031683,sqs-worker-5986dcd897-x8rdl,ip-192-168-20-201.ec2.internal,88da151dc6ff57bb37fb880db78070c3a9aac6899c1ba26dd439b7be098b6d0f,1,4.0,39.0
1,hpa-poisson-101-8f823a31,000146,82.51795,2026-08-31T18:32:02.909+00:00,2026-08-31T18:31:59.226+00:00,2026-08-31T18:31:59.230+00:00,2026-08-31T18:31:59.230+00:00,2026-08-31T18:31:59.340+00:00,2026-08-31T18:31:59.340+00:00,0.060239,0.10955065100006323,sqs-worker-5986dcd897-r4px4,ip-192-168-20-201.ec2.internal,fd43157652870276bc70acdfd30daa84443dfdd9cb7f1d242a4c6617ccc3614a,1,4.0,114.0
1,hpa-poisson-101-8f823a31,000147,84.400768,2026-08-31T18:32:04.793+00:00,2026-08-31T18:32:01.109+00:00,2026-08-31T18:32:01.113+00:00,2026-08-31T18:32:01.113+00:00,2026-08-31T18:32:01.298+00:00,2026-08-31T18:32:01.298+00:00,0.095529,0.18536342999959743,sqs-worker-5986dcd897-x8rdl,ip-192-168-20-201.ec2.internal,ad4004f288a0ed25e2013eaaed7cf953899af733bd5e4aa568fdeceaf519afe4,1,4.0,189.0
1,hpa-poisson-101-8f823a31,000148,85.328114,2026-08-31T18:32:05.719+00:00,2026-08-31T18:32:02.079+00:00,2026-08-31T18:32:02.084+00:00,2026-08-31T18:32:02.084+00:00,2026-08-31T18:32:02.705+00:00,2026-08-31T18:32:02.705+00:00,0.265388,0.6215448700004345,sqs-worker-5986dcd897-h5v2r,ip-192-168-20-201.ec2.internal,6c2650de557736b35ae9a2c6a833ef94467de630264f8763b812098a07caebcf,1,5.0,626.0
1,hpa-poisson-101-8f823a31,000149,85.71923,2026-08-31T18:32:06.110+00:00,2026-08-31T18:32:02.425+00:00,2026-08-31T18:32:02.430+00:00,2026-08-31T18:32:02.430+00:00,2026-08-31T18:32:02.985+00:00,2026-08-31T18:32:02.985+00:00,0.243181,0.5550859679997302,sqs-worker-5986dcd897-x8rdl,ip-192-168-20-201.ec2.internal,cc582db975a90c6ae7879b92445e427f7f23548a45204f88d995b0e838835958,1,5.0,560.0
1,hpa-poisson-101-8f823a31,000150,88.28678,2026-08-31T18:32:08.680+00:00,2026-08-31T18:32:04.995+00:00,2026-08-31T18:32:04.999+00:00,2026-08-31T18:32:04.999+00:00,2026-08-31T18:32:05.028+00:00,2026-08-31T18:32:05.029+00:00,0.029092,0.02930242599995836,sqs-worker-5986dcd897-x8rdl,ip-192-168-20-201.ec2.internal,813e650c759b28d5b27e2a9f356047e16cc4c670e0e7c5fd0d77b1158faff524,1,4.0,33.0
1,hpa-poisson-101-8f823a31,000151,89.88196,2026-08-31T18:32:10.273+00:00,2026-08-31T18:32:06.591+00:00,2026-08-31T18:32:06.595+00:00,2026-08-31T18:32:06.595+00:00,2026-08-31T18:32:06.613+00:00,2026-08-31T18:32:06.613+00:00,0.018136,0.01817701400068472,sqs-worker-5986dcd897-x8rdl,ip-192-168-20-201.ec2.internal,d32818fdaa282b9bba62e1b30b61698eeabd25187a4aaf554d4c23abe44c8bc6,1,4.0,22.0
1,hpa-poisson-101-8f823a31,000152,89.919467,2026-08-31T18:32:10.310+00:00,2026-08-31T18:32:06.625+00:00,2026-08-31T18:32:06.631+00:00,2026-08-31T18:32:06.631+00:00,2026-08-31T18:32:07.149+00:00,2026-08-31T18:32:07.149+00:00,0.227997,0.5174959910000325,sqs-worker-5986dcd897-r4px4,ip-192-168-20-201.ec2.internal,59dde4dc468143497f7d345a0c529c10355d5a0130589076f2199a9a901fbc54,1,6.0,524.0
1,hpa-poisson-101-8f823a31,000155,90.827417,2026-08-31T18:32:11.218+00:00,2026-08-31T18:32:07.531+00:00,2026-08-31T18:32:07.535+00:00,2026-08-31T18:32:07.535+00:00,2026-08-31T18:32:07.564+00:00,2026-08-31T18:32:07.564+00:00,0.028521,0.028618201999961457,sqs-worker-5986dcd897-r4px4,ip-192-168-20-201.ec2.internal,ff09d5951f1dc96cfa18fd25d3eb89801cb318b0e55ad4b03ca28d5b448a9962,1,4.0,33.0
1,hpa-poisson-101-8f823a31,000154,90.627174,2026-08-31T18:32:11.017+00:00,2026-08-31T18:32:07.331+00:00,2026-08-31T18:32:07.335+00:00,2026-08-31T18:32:07.335+00:00,2026-08-31T18:32:07.997+00:00,2026-08-31T18:32:07.997+00:00,0.294293,0.6618425699998625,sqs-worker-5986dcd897-x8rdl,ip-192-168-20-201.ec2.internal,53e8695e385a2eaeb9e7fcd44b082a3079a50e5c549d2975a81548bb4e3377bb,1,4.0,666.0
1,hpa-poisson-101-8f823a31,000156,91.426351,2026-08-31T18:32:11.817+00:00,2026-08-31T18:32:08.133+00:00,2026-08-31T18:32:08.137+00:00,2026-08-31T18:32:08.137+00:00,2026-08-31T18:32:08.143+00:00,2026-08-31T18:32:08.143+00:00,0.005696,0.005731469000238576,sqs-worker-5986dcd897-x8rdl,ip-192-168-20-201.ec2.internal,71e9babe65607ff6eb4c892276573adf5435e39acf3100815a43f3debd35bd4c,1,4.0,10.0
1,hpa-poisson-101-8f823a31,000153,90.251166,2026-08-31T18:32:10.641+00:00,2026-08-31T18:32:06.955+00:00,2026-08-31T18:32:06.959+00:00,2026-08-31T18:32:06.959+00:00,2026-08-31T18:32:08.197+00:00,2026-08-31T18:32:08.197+00:00,0.517669,1.2377922040004705,sqs-worker-5986dcd897-h5v2r,ip-192-168-20-201.ec2.internal,e4419f53daa62fae9b1769e5284be5a2844e45c86c2312c8b1cab8e9fbba22ea,1,4.0,1242.0
1,hpa-poisson-101-8f823a31,000157,91.523127,2026-08-31T18:32:11.913+00:00,2026-08-31T18:32:08.228+00:00,2026-08-31T18:32:08.235+00:00,2026-08-31T18:32:08.235+00:00,2026-08-31T18:32:09.348+00:00,2026-08-31T18:32:09.348+00:00,0.458441,1.1132198790000984,sqs-worker-5986dcd897-l866l,ip-192-168-20-201.ec2.internal,4518edca6659ee57d003b3fb687ac32ead0dba0897c637f87a1b6b062457cc7d,1,7.0,1120.0
1,hpa-poisson-101-8f823a31,000159,93.601052,2026-08-31T18:32:13.992+00:00,2026-08-31T18:32:10.306+00:00,2026-08-31T18:32:10.310+00:00,2026-08-31T18:32:10.310+00:00,2026-08-31T18:32:10.322+00:00,2026-08-31T18:32:10.322+00:00,0.011386,0.011476032999780728,sqs-worker-5986dcd897-l866l,ip-192-168-20-201.ec2.internal,da144b436fcc253010a0064a0ba913c1664011134a444aa6adb3d7522ade8918,1,4.0,16.0
1,hpa-poisson-101-8f823a31,000160,93.640777,2026-08-31T18:32:14.031+00:00,2026-08-31T18:32:10.351+00:00,2026-08-31T18:32:10.377+00:00,2026-08-31T18:32:10.377+00:00,2026-08-31T18:32:10.575+00:00,2026-08-31T18:32:10.575+00:00,0.040522,0.19812277700020786,sqs-worker-5986dcd897-x8rdl,ip-192-168-20-201.ec2.internal,96448bf0f9eec07303b32e6bc17da8fba1ba9af6119fc15bc5bf7a2d58f308a0,1,26.0,224.0
1,hpa-poisson-101-8f823a31,000158,92.382463,2026-08-31T18:32:12.773+00:00,2026-08-31T18:32:09.088+00:00,2026-08-31T18:32:09.095+00:00,2026-08-31T18:32:09.095+00:00,2026-08-31T18:32:10.630+00:00,2026-08-31T18:32:10.630+00:00,0.599454,1.5349522449996584,sqs-worker-5986dcd897-r4px4,ip-192-168-20-201.ec2.internal,c0f94f1b7f2b414c511e17804be3b8c9518738e88b0f98b844c32548284bbe95,1,7.0,1542.0
1,hpa-poisson-101-8f823a31,000161,94.377035,2026-08-31T18:32:14.768+00:00,2026-08-31T18:32:11.088+00:00,2026-08-31T18:32:11.093+00:00,2026-08-31T18:32:11.093+00:00,2026-08-31T18:32:11.234+00:00,2026-08-31T18:32:11.234+00:00,0.039942,0.14035837600022205,sqs-worker-5986dcd897-r4px4,ip-192-168-20-201.ec2.internal,b75626486345ad76724bf66780a17ad68f5415bc88be3c3b9a7bdcd8fbc88778,1,5.0,146.0
1,hpa-poisson-101-8f823a31,000162,94.570296,2026-08-31T18:32:14.961+00:00,2026-08-31T18:32:11.277+00:00,2026-08-31T18:32:11.281+00:00,2026-08-31T18:32:11.281+00:00,2026-08-31T18:32:11.604+00:00,2026-08-31T18:32:11.604+00:00,0.150346,0.3230955500002892,sqs-worker-5986dcd897-x8rdl,ip-192-168-20-201.ec2.internal,844ba0ee04a531228cabbb2f4595834e10bd3014c9bace9daed32288d9da7f79,1,4.0,327.0
1,hpa-poisson-101-8f823a31,000164,95.940259,2026-08-31T18:32:16.331+00:00,2026-08-31T18:32:12.645+00:00,2026-08-31T18:32:12.651+00:00,2026-08-31T18:32:12.651+00:00,2026-08-31T18:32:12.820+00:00,2026-08-31T18:32:12.820+00:00,0.081733,0.16934128899993084,sqs-worker-5986dcd897-r4px4,ip-192-168-20-201.ec2.internal,34a9699d11ee2f973cc49dfb1e4b47e3c0ea29dc15d37251a5cb639ddc9608d5,1,6.0,175.0
1,hpa-poisson-101-8f823a31,000163,95.205831,2026-08-31T18:32:15.597+00:00,2026-08-31T18:32:11.912+00:00,2026-08-31T18:32:11.917+00:00,2026-08-31T18:32:11.917+00:00,2026-08-31T18:32:13.427+00:00,2026-08-31T18:32:13.427+00:00,0.611553,1.5101833389999229,sqs-worker-5986dcd897-l866l,ip-192-168-20-201.ec2.internal,c698c5dacff4818e8829422a734fe1dde980e62c4cf16011c3d3330f638c11b1,1,5.0,1515.0
1,hpa-poisson-101-8f823a31,000166,99.28928,2026-08-31T18:32:19.680+00:00,2026-08-31T18:32:15.996+00:00,2026-08-31T18:32:15.999+00:00,2026-08-31T18:32:16.000+00:00,2026-08-31T18:32:16.089+00:00,2026-08-31T18:32:16.089+00:00,0.046172,0.0894935770002121,sqs-worker-5986dcd897-x8rdl,ip-192-168-20-201.ec2.internal,e930e8e2a99a62d6af1f0cfd34fa116e04d05ca2afa574f4c7963d9ad385e357,1,3.0,93.0
1,hpa-poisson-101-8f823a31,000165,98.289385,2026-08-31T18:32:18.682+00:00,2026-08-31T18:32:14.997+00:00,2026-08-31T18:32:15.001+00:00,2026-08-31T18:32:15.001+00:00,2026-08-31T18:32:16.623+00:00,2026-08-31T18:32:16.623+00:00,0.660193,1.621487080999941,sqs-worker-5986dcd897-r4px4,ip-192-168-20-201.ec2.internal,76e39af2958e498f2e99f9708245feb57fb7320bff8becf3bb73a1a119532184,1,4.0,1626.0
1,hpa-poisson-101-8f823a31,000168,100.366406,2026-08-31T18:32:20.757+00:00,2026-08-31T18:32:17.078+00:00,2026-08-31T18:32:17.082+00:00,2026-08-31T18:32:17.082+00:00,2026-08-31T18:32:17.198+00:00,2026-08-31T18:32:17.198+00:00,0.054757,0.11555949700050405,sqs-worker-5986dcd897-x8rdl,ip-192-168-20-201.ec2.internal,c60ca5de0f095d6c88b1c24d1f4be0b7ca3bca4e3a0324d839ab640d12aa9216,1,4.0,120.0
1,hpa-poisson-101-8f823a31,000169,100.465634,2026-08-31T18:32:20.856+00:00,2026-08-31T18:32:17.169+00:00,2026-08-31T18:32:17.172+00:00,2026-08-31T18:32:17.173+00:00,2026-08-31T18:32:17.189+00:00,2026-08-31T18:32:17.189+00:00,0.016703,0.016740518000005977,sqs-worker-5986dcd897-r4px4,ip-192-168-20-201.ec2.internal,53e5724154598fef194baefe3a7c02b6c060e6537d1549963cfd6312baace1a7,1,3.0,20.0
1,hpa-poisson-101-8f823a31,000167,99.547995,2026-08-31T18:32:19.938+00:00,2026-08-31T18:32:16.254+00:00,2026-08-31T18:32:16.260+00:00,2026-08-31T18:32:16.260+00:00,2026-08-31T18:32:18.068+00:00,2026-08-31T18:32:18.068+00:00,0.581352,1.8080665130000853,sqs-worker-5986dcd897-l866l,ip-192-168-20-201.ec2.internal,ddf76b309a02760b052af23611b93001d224c5a5d511472d04b3f1523c4d35b0,1,6.0,1814.0
1,hpa-poisson-101-8f823a31,000172,101.777142,2026-08-31T18:32:22.168+00:00,2026-08-31T18:32:18.479+00:00,2026-08-31T18:32:18.483+00:00,2026-08-31T18:32:18.483+00:00,2026-08-31T18:32:18.699+00:00,2026-08-31T18:32:18.699+00:00,0.092727,0.21615086600013456,sqs-worker-5986dcd897-x8rdl,ip-192-168-20-201.ec2.internal,1201eb910566b0dbfd9609c27cba24c1d59e7f69024bb45a98f468d6c54bcbca,1,4.0,220.0
1,hpa-poisson-101-8f823a31,000170,101.247173,2026-08-31T18:32:21.637+00:00,2026-08-31T18:32:17.950+00:00,2026-08-31T18:32:17.953+00:00,2026-08-31T18:32:17.953+00:00,2026-08-31T18:32:18.392+00:00,2026-08-31T18:32:18.392+00:00,0.203209,0.4389785949997531,sqs-worker-5986dcd897-x8rdl,ip-192-168-20-201.ec2.internal,5f8fa27df303bb3761660c720cf1c041149afa358c8f2a91e6ebe7ec14dbd4a6,1,3.0,442.0
1,hpa-poisson-101-8f823a31,000171,101.584561,2026-08-31T18:32:21.975+00:00,2026-08-31T18:32:18.289+00:00,2026-08-31T18:32:18.292+00:00,2026-08-31T18:32:18.292+00:00,2026-08-31T18:32:18.504+00:00,2026-08-31T18:32:18.504+00:00,0.098831,0.2122185250000257,sqs-worker-5986dcd897-h5v2r,ip-192-168-20-201.ec2.internal,c993559246ee47ce60112adf8cefd356a5ba7d633da12152a4700436eecc2173,1,3.0,215.0
1,hpa-poisson-101-8f823a31,000174,102.100151,2026-08-31T18:32:22.490+00:00,2026-08-31T18:32:18.805+00:00,2026-08-31T18:32:18.824+00:00,2026-08-31T18:32:18.824+00:00,2026-08-31T18:32:19.032+00:00,2026-08-31T18:32:19.032+00:00,0.093067,0.20774225600052887,sqs-worker-5986dcd897-r4px4,ip-192-168-20-201.ec2.internal,b463b6463f123d4cbddf103b667ad9ee80a84e10f229554eaa47cb1fa2f76208,1,19.0,227.0
1,hpa-poisson-101-8f823a31,000173,101.94744,2026-08-31T18:32:22.338+00:00,2026-08-31T18:32:18.656+00:00,2026-08-31T18:32:18.661+00:00,2026-08-31T18:32:18.661+00:00,2026-08-31T18:32:19.668+00:00,2026-08-31T18:32:19.668+00:00,0.422236,1.0070054509997135,sqs-worker-5986dcd897-l866l,ip-192-168-20-201.ec2.internal,25217a45d1728ae7aad4cd451f8f90751fdf9155e73aa8244f9f0ad9ebee2e0d,1,5.0,1012.0
1,hpa-poisson-101-8f823a31,000176,103.157948,2026-08-31T18:32:23.548+00:00,2026-08-31T18:32:19.865+00:00,2026-08-31T18:32:19.869+00:00,2026-08-31T18:32:19.869+00:00,2026-08-31T18:32:20.358+00:00,2026-08-31T18:32:20.358+00:00,0.208546,0.4894534940003723,sqs-worker-5986dcd897-r4px4,ip-192-168-20-201.ec2.internal,16474a3ab03f62df500403963d766d6b71e275c698ba5cae77f4a6b2251678c4,1,4.0,493.0
1,hpa-poisson-101-8f823a31,000175,103.094801,2026-08-31T18:32:23.486+00:00,2026-08-31T18:32:20.343+00:00,2026-08-31T18:32:20.403+00:00,2026-08-31T18:32:20.403+00:00,2026-08-31T18:32:20.481+00:00,2026-08-31T18:32:20.481+00:00,0.015455,0.07784812499994587,sqs-worker-5986dcd897-r4px4,ip-192-168-20-201.ec2.internal,8326d9084fd6dc8001c4502488969c5fe8f1f5021b0266a85ee188ec319e1d4f,1,60.0,138.0
1,hpa-poisson-101-8f823a31,000178,103.456671,2026-08-31T18:32:23.847+00:00,2026-08-31T18:32:20.165+00:00,2026-08-31T18:32:20.169+00:00,2026-08-31T18:32:20.169+00:00,2026-08-31T18:32:20.584+00:00,2026-08-31T18:32:20.584+00:00,0.141521,0.41545033100010187,sqs-worker-5986dcd897-h5v2r,ip-192-168-20-201.ec2.internal,8c043846276f3840458a2e8aaa7055f28613feeb3fc5499da0e6bf10ed415279,1,4.0,419.0
1,hpa-poisson-101-8f823a31,000179,103.564196,2026-08-31T18:32:23.954+00:00,2026-08-31T18:32:20.272+00:00,2026-08-31T18:32:20.276+00:00,2026-08-31T18:32:20.276+00:00,2026-08-31T18:32:21.253+00:00,2026-08-31T18:32:21.253+00:00,0.395406,0.9763807990002533,sqs-worker-5986dcd897-l866l,ip-192-168-20-201.ec2.internal,c6fa322fee759d63f9392ab1c0a48cabc9070f94e4fee30676b2f055c46b1fc8,1,4.0,981.0
1,hpa-poisson-101-8f823a31,000177,103.323202,2026-08-31T18:32:23.713+00:00,2026-08-31T18:32:20.030+00:00,2026-08-31T18:32:20.035+00:00,2026-08-31T18:32:20.035+00:00,2026-08-31T18:32:21.902+00:00,2026-08-31T18:32:21.902+00:00,0.37649,1.8675060710002072,sqs-worker-5986dcd897-x8rdl,ip-192-168-20-201.ec2.internal,aeae238df5899a86948177af42221ab7414ff5feb46a5bbb5a9c8fb7612a67e7,1,5.0,1872.0
1,hpa-poisson-101-8f823a31,000180,104.382526,2026-08-31T18:32:24.772+00:00,2026-08-31T18:32:21.095+00:00,2026-08-31T18:32:21.100+00:00,2026-08-31T18:32:21.100+00:00,2026-08-31T18:32:22.019+00:00,2026-08-31T18:32:22.019+00:00,0.128942,0.9187266380004075,sqs-worker-5986dcd897-r4px4,ip-192-168-20-201.ec2.internal,5cf41c2244948156a916ffd76e93ef1ad88cc8fed51407dd2bb23e37c9a9dc38,1,5.0,924.0
1,hpa-poisson-101-8f823a31,000181,104.935723,2026-08-31T18:32:25.325+00:00,2026-08-31T18:32:21.641+00:00,2026-08-31T18:32:21.645+00:00,2026-08-31T18:32:21.645+00:00,2026-08-31T18:32:22.282+00:00,2026-08-31T18:32:22.282+00:00,0.275716,0.6370620130001043,sqs-worker-5986dcd897-l866l,ip-192-168-20-201.ec2.internal,59a2e3546b4db134f168f24facd7e6bb145e48a8fceb6d1fdbd639f9fedab9ff,1,4.0,641.0
1,hpa-poisson-101-8f823a31,000182,105.618854,2026-08-31T18:32:26.008+00:00,2026-08-31T18:32:22.324+00:00,2026-08-31T18:32:22.327+00:00,2026-08-31T18:32:22.327+00:00,2026-08-31T18:32:22.337+00:00,2026-08-31T18:32:22.337+00:00,0.010096,0.010141976000340946,sqs-worker-5986dcd897-h5v2r,ip-192-168-20-201.ec2.internal,d2766543476701a11599ba5058bd2cbfbacb5b1e550bd22cb8a62fb3fddf2c4e,1,3.0,13.0
1,hpa-poisson-101-8f823a31,000183,107.0595,2026-08-31T18:32:27.450+00:00,2026-08-31T18:32:23.766+00:00,2026-08-31T18:32:23.770+00:00,2026-08-31T18:32:23.770+00:00,2026-08-31T18:32:24.010+00:00,2026-08-31T18:32:24.010+00:00,0.121224,0.240134917999967,sqs-worker-5986dcd897-x8rdl,ip-192-168-20-201.ec2.internal,9c165ba2f7ae42dd22ffb3b82e72980851a042ba74df184a9e6b0937aff0b454,1,4.0,244.0
1,hpa-poisson-101-8f823a31,000184,107.431709,2026-08-31T18:32:27.821+00:00,2026-08-31T18:32:24.140+00:00,2026-08-31T18:32:24.144+00:00,2026-08-31T18:32:24.144+00:00,2026-08-31T18:32:24.170+00:00,2026-08-31T18:32:24.170+00:00,0.026156,0.026197663999482756,sqs-worker-5986dcd897-x8rdl,ip-192-168-20-201.ec2.internal,6b679ff20efad01e93989f5516ec1dae13b630bb24bf7c47af045f9f2a4572eb,1,4.0,30.0
1,hpa-poisson-101-8f823a31,000186,107.586947,2026-08-31T18:32:27.976+00:00,2026-08-31T18:32:24.292+00:00,2026-08-31T18:32:24.296+00:00,2026-08-31T18:32:24.296+00:00,2026-08-31T18:32:24.527+00:00,2026-08-31T18:32:24.527+00:00,0.109208,0.23125995900045382,sqs-worker-5986dcd897-h5v2r,ip-192-168-20-201.ec2.internal,5d1901d3344a2c359421c229d8e50150bb02af46b67342a20d82be7a1a31f654,1,4.0,235.0
1,hpa-poisson-101-8f823a31,000185,107.455802,2026-08-31T18:32:27.844+00:00,2026-08-31T18:32:24.166+00:00,2026-08-31T18:32:24.171+00:00,2026-08-31T18:32:24.171+00:00,2026-08-31T18:32:24.189+00:00,2026-08-31T18:32:24.189+00:00,0.017432,0.017719140999361116,sqs-worker-5986dcd897-r4px4,ip-192-168-20-201.ec2.internal,0c1fb315bf91efeaa25f7166fb98ed278db7a48c5c3a5084abccf35d90f8e380,1,5.0,23.0
1,hpa-poisson-101-8f823a31,000188,108.826417,2026-08-31T18:32:29.216+00:00,2026-08-31T18:32:25.531+00:00,2026-08-31T18:32:25.535+00:00,2026-08-31T18:32:25.535+00:00,2026-08-31T18:32:25.562+00:00,2026-08-31T18:32:25.562+00:00,0.017834,0.02751444299974537,sqs-worker-5986dcd897-r4px4,ip-192-168-20-201.ec2.internal,42f1638bd6e8b014775e314272d242976f65889d0a91c6a267e364fdce6f5f2a,1,4.0,31.0
1,hpa-poisson-101-8f823a31,000187,108.041209,2026-08-31T18:32:28.430+00:00,2026-08-31T18:32:24.745+00:00,2026-08-31T18:32:24.750+00:00,2026-08-31T18:32:24.750+00:00,2026-08-31T18:32:26.053+00:00,2026-08-31T18:32:26.053+00:00,0.379092,1.3033156620003865,sqs-worker-5986dcd897-l866l,ip-192-168-20-201.ec2.internal,4cf5f10a7e6aa9c84e4a4e948d9bcee7e5d8e637fdde55cb99dfe035c0081753,1,5.0,1308.0
1,hpa-poisson-101-8f823a31,000189,110.393629,2026-08-31T18:32:30.784+00:00,2026-08-31T18:32:27.100+00:00,2026-08-31T18:32:27.105+00:00,2026-08-31T18:32:27.105+00:00,2026-08-31T18:32:27.437+00:00,2026-08-31T18:32:27.437+00:00,0.155904,0.33251203700001497,sqs-worker-5986dcd897-r4px4,ip-192-168-20-201.ec2.internal,eec20689dc4099fbaf2e9350016948c2a7cc05eabeea783cbc24fd3af1c80bad,1,5.0,337.0
1,hpa-poisson-101-8f823a31,000191,111.001752,2026-08-31T18:32:31.390+00:00,2026-08-31T18:32:27.715+00:00,2026-08-31T18:32:27.719+00:00,2026-08-31T18:32:27.719+00:00,2026-08-31T18:32:27.809+00:00,2026-08-31T18:32:27.809+00:00,0.06598,0.08950802799972735,sqs-worker-5986dcd897-x8rdl,ip-192-168-20-201.ec2.internal,3aa70ad5f64f3b5aec7e5c55313e5470a124ea96aaa6158200065da5ee52723e,1,4.0,94.0
1,hpa-poisson-101-8f823a31,000190,110.841003,2026-08-31T18:32:31.230+00:00,2026-08-31T18:32:27.545+00:00,2026-08-31T18:32:27.550+00:00,2026-08-31T18:32:27.550+00:00,2026-08-31T18:32:27.896+00:00,2026-08-31T18:32:27.896+00:00,0.166186,0.34591965999970853,sqs-worker-5986dcd897-h5v2r,ip-192-168-20-201.ec2.internal,7d5e197c549f8f9cc0e458dd27536edfe6fd751d6173d03bd315446b8c4ff77e,1,5.0,351.0
1,hpa-poisson-101-8f823a31,000192,111.563082,2026-08-31T18:32:31.952+00:00,2026-08-31T18:32:28.267+00:00,2026-08-31T18:32:28.272+00:00,2026-08-31T18:32:28.272+00:00,2026-08-31T18:32:28.308+00:00,2026-08-31T18:32:28.308+00:00,0.035097,0.035329636999449576,sqs-worker-5986dcd897-x8rdl,ip-192-168-20-201.ec2.internal,0e99d55a65fe978df4246613637ee9805ca898f2b0485f633b61fabbea5f7271,1,5.0,41.0
1,hpa-poisson-101-8f823a31,000193,113.268913,2026-08-31T18:32:33.659+00:00,2026-08-31T18:32:29.979+00:00,2026-08-31T18:32:29.984+00:00,2026-08-31T18:32:29.984+00:00,2026-08-31T18:32:30.190+00:00,2026-08-31T18:32:30.190+00:00,0.043957,0.2062778959998468,sqs-worker-5986dcd897-x8rdl,ip-192-168-20-201.ec2.internal,f515bf39c3faef803e208f2ab6ad054f08ef74254ea5f6990506edc26ba79309,1,5.0,211.0
1,hpa-poisson-101-8f823a31,000195,115.193549,2026-08-31T18:32:35.584+00:00,2026-08-31T18:32:31.946+00:00,2026-08-31T18:32:31.951+00:00,2026-08-31T18:32:31.951+00:00,2026-08-31T18:32:32.447+00:00,2026-08-31T18:32:32.447+00:00,0.20166,0.4955230670002493,sqs-worker-5986dcd897-l866l,ip-192-168-20-201.ec2.internal,3ee4ad4b079218835a5556c61588238b018892ae2784b61477ecc92138aad1c0,1,5.0,501.0
1,hpa-poisson-101-8f823a31,000194,113.521998,2026-08-31T18:32:33.911+00:00,2026-08-31T18:32:30.230+00:00,2026-08-31T18:32:30.284+00:00,2026-08-31T18:32:30.284+00:00,2026-08-31T18:32:32.489+00:00,2026-08-31T18:32:32.489+00:00,0.461357,2.2057022509998205,sqs-worker-5986dcd897-x8rdl,ip-192-168-20-201.ec2.internal,901ef53aead82d44c956b9d824f1d094550777763d8fb76866e2dd4ac2d0fba1,1,54.0,2259.0
1,hpa-poisson-101-8f823a31,000196,116.656943,2026-08-31T18:32:37.047+00:00,2026-08-31T18:32:33.362+00:00,2026-08-31T18:32:33.366+00:00,2026-08-31T18:32:33.366+00:00,2026-08-31T18:32:33.464+00:00,2026-08-31T18:32:33.464+00:00,0.058215,0.09787053399941215,sqs-worker-5986dcd897-l866l,ip-192-168-20-201.ec2.internal,32ec313e1d2ff631d1bd155891ddb3956495b4a635600a9b93e1157d19f0032c,1,4.0,102.0
1,hpa-poisson-101-8f823a31,000197,117.194517,2026-08-31T18:32:37.584+00:00,2026-08-31T18:32:33.899+00:00,2026-08-31T18:32:33.903+00:00,2026-08-31T18:32:33.903+00:00,2026-08-31T18:32:34.114+00:00,2026-08-31T18:32:34.114+00:00,0.09579,0.21110086099997716,sqs-worker-5986dcd897-h5v2r,ip-192-168-20-201.ec2.internal,71e34902065887514468fb3d8d0500dd29da47adbe0aa07b3b9c6168124ba7ab,1,4.0,215.0
1,hpa-poisson-101-8f823a31,000198,117.604444,2026-08-31T18:32:37.993+00:00,2026-08-31T18:32:34.311+00:00,2026-08-31T18:32:34.316+00:00,2026-08-31T18:32:34.316+00:00,2026-08-31T18:32:34.359+00:00,2026-08-31T18:32:34.359+00:00,0.042653,0.04276624799967976,sqs-worker-5986dcd897-r4px4,ip-192-168-20-201.ec2.internal,856eb654bfd155e53c068a1a3e88b8fef4223b9149365af41e166051e09c704b,1,5.0,48.0
1,hpa-poisson-101-8f823a31,000201,117.789986,2026-08-31T18:32:38.179+00:00,2026-08-31T18:32:34.496+00:00,2026-08-31T18:32:34.500+00:00,2026-08-31T18:32:34.500+00:00,2026-08-31T18:32:35.155+00:00,2026-08-31T18:32:35.155+00:00,0.295636,0.6556208029996924,sqs-worker-5986dcd897-r4px4,ip-192-168-20-201.ec2.internal,8d772019aa6804c24c6130772ad2144b8c1d88e3ae585fab328aa21aa2f3b966,1,4.0,659.0
1,hpa-poisson-101-8f823a31,000202,118.380711,2026-08-31T18:32:38.770+00:00,2026-08-31T18:32:35.090+00:00,2026-08-31T18:32:35.095+00:00,2026-08-31T18:32:35.095+00:00,2026-08-31T18:32:35.193+00:00,2026-08-31T18:32:35.193+00:00,0.04883,0.09813401799965504,sqs-worker-5986dcd897-x8rdl,ip-192-168-20-201.ec2.internal,5ed1065b7c1afbed3969d6a95546aa7451ce8751175bac901b659d9e89940339,1,5.0,103.0
1,hpa-poisson-101-8f823a31,000199,117.690693,2026-08-31T18:32:38.079+00:00,2026-08-31T18:32:34.393+00:00,2026-08-31T18:32:34.397+00:00,2026-08-31T18:32:34.397+00:00,2026-08-31T18:32:35.553+00:00,2026-08-31T18:32:35.553+00:00,0.446124,1.1564144379999561,sqs-worker-5986dcd897-l866l,ip-192-168-20-201.ec2.internal,357d77829fdcd7f6be33712061b6f4f8da38fc192784a49000be76aa80f9cf74,1,4.0,1160.0
1,hpa-poisson-101-8f823a31,000203,119.160226,2026-08-31T18:32:39.550+00:00,2026-08-31T18:32:35.866+00:00,2026-08-31T18:32:35.870+00:00,2026-08-31T18:32:35.870+00:00,2026-08-31T18:32:35.950+00:00,2026-08-31T18:32:35.950+00:00,0.014173,0.08020531900001515,sqs-worker-5986dcd897-l866l,ip-192-168-20-201.ec2.internal,d3e9078fc0576e770c5a1e4625fb3cc0a779d4199408a02b6f3a0e4db4d74fd3,1,4.0,84.0
1,hpa-poisson-101-8f823a31,000200,117.763868,2026-08-31T18:32:38.152+00:00,2026-08-31T18:32:34.467+00:00,2026-08-31T18:32:34.471+00:00,2026-08-31T18:32:34.471+00:00,2026-08-31T18:32:35.317+00:00,2026-08-31T18:32:35.317+00:00,0.366891,0.8454208160001144,sqs-worker-5986dcd897-h5v2r,ip-192-168-20-201.ec2.internal,252215be47eb812efcc8077a92602c05a79de690d2eebdcd65bf917fff481aae,1,4.0,850.0
1,hpa-poisson-101-8f823a31,000204,122.295761,2026-08-31T18:32:42.687+00:00,2026-08-31T18:32:39.002+00:00,2026-08-31T18:32:39.021+00:00,2026-08-31T18:32:39.021+00:00,2026-08-31T18:32:39.642+00:00,2026-08-31T18:32:39.642+00:00,0.261604,0.6218739470004948,sqs-worker-5986dcd897-l866l,ip-192-168-20-201.ec2.internal,9332fd2245a770ae2b58c3d06860e675f60b2ae7534ba7b663778f643bd1cb82,1,19.0,640.0
1,hpa-poisson-101-8f823a31,000205,122.872339,2026-08-31T18:32:43.261+00:00,2026-08-31T18:32:39.578+00:00,2026-08-31T18:32:39.581+00:00,2026-08-31T18:32:39.581+00:00,2026-08-31T18:32:40.409+00:00,2026-08-31T18:32:40.409+00:00,0.335034,0.8274739210000917,sqs-worker-5986dcd897-h5v2r,ip-192-168-20-201.ec2.internal,51b5898d078dd0dec9f37030ece1fa649deda4ea7f9c8d44bcd1fbf9999372d0,1,3.0,831.0
1,hpa-poisson-101-8f823a31,000207,126.369871,2026-08-31T18:32:46.759+00:00,2026-08-31T18:32:43.074+00:00,2026-08-31T18:32:43.078+00:00,2026-08-31T18:32:43.078+00:00,2026-08-31T18:32:43.109+00:00,2026-08-31T18:32:43.109+00:00,0.030327,0.030397786000321503,sqs-worker-5986dcd897-l866l,ip-192-168-20-201.ec2.internal,0c3999a670271350f5d9eae0804f37868ea5c08ae4d60c93a6a00277786ca4c4,1,4.0,35.0
1,hpa-poisson-101-8f823a31,000206,126.047561,2026-08-31T18:32:46.439+00:00,2026-08-31T18:32:42.755+00:00,2026-08-31T18:32:42.759+00:00,2026-08-31T18:32:42.759+00:00,2026-08-31T18:32:43.301+00:00,2026-08-31T18:32:43.301+00:00,0.241584,0.5415318160003153,sqs-worker-5986dcd897-x8rdl,ip-192-168-20-201.ec2.internal,b92bb266f47bf32747b37db3e9b089f159530ddd78c95cda96775f13f0991d4e,1,4.0,546.0
1,hpa-poisson-101-8f823a31,000210,126.710627,2026-08-31T18:32:47.099+00:00,2026-08-31T18:32:43.413+00:00,2026-08-31T18:32:43.426+00:00,2026-08-31T18:32:43.426+00:00,2026-08-31T18:32:43.434+00:00,2026-08-31T18:32:43.434+00:00,0.007578,0.007618513999659626,sqs-worker-5986dcd897-l866l,ip-192-168-20-201.ec2.internal,7a6655db28eef3b900f85c47528e15a4bde50509484599cee6b716af49523a09,1,13.0,21.0
1,hpa-poisson-101-8f823a31,000208,126.459726,2026-08-31T18:32:46.848+00:00,2026-08-31T18:32:43.167+00:00,2026-08-31T18:32:43.173+00:00,2026-08-31T18:32:43.174+00:00,2026-08-31T18:32:43.217+00:00,2026-08-31T18:32:43.217+00:00,0.042503,0.04324733700013894,sqs-worker-5986dcd897-h5v2r,ip-192-168-20-201.ec2.internal,8893a7f7904f954f6fe353db5c7ea678054f11cbcececda51e78683053af06e2,1,6.0,50.0
1,hpa-poisson-101-8f823a31,000211,127.183524,2026-08-31T18:32:47.573+00:00,2026-08-31T18:32:43.896+00:00,2026-08-31T18:32:43.900+00:00,2026-08-31T18:32:43.900+00:00,2026-08-31T18:32:44.122+00:00,2026-08-31T18:32:44.122+00:00,0.102381,0.2216277559991795,sqs-worker-5986dcd897-l866l,ip-192-168-20-201.ec2.internal,9571ac3a44ddd1153e87db34a6ce6503c7a371f14affc8108c2cabd60aac7b23,1,4.0,226.0
1,hpa-poisson-101-8f823a31,000209,126.498122,2026-08-31T18:32:46.887+00:00,2026-08-31T18:32:43.724+00:00,2026-08-31T18:32:43.735+00:00,2026-08-31T18:32:43.735+00:00,2026-08-31T18:32:44.620+00:00,2026-08-31T18:32:44.620+00:00,0.361155,0.8849466510000639,sqs-worker-5986dcd897-r4px4,ip-192-168-20-201.ec2.internal,45f8882956008a66fbed64dfa9f4ab6c7dfcae0ceb50c62e3f095d8b1c6cff96,1,11.0,896.0
1,hpa-poisson-101-8f823a31,000212,129.860757,2026-08-31T18:32:50.252+00:00,2026-08-31T18:32:46.567+00:00,2026-08-31T18:32:46.571+00:00,2026-08-31T18:32:46.571+00:00,2026-08-31T18:32:46.780+00:00,2026-08-31T18:32:46.780+00:00,0.114741,0.20919534800032125,sqs-worker-5986dcd897-l866l,ip-192-168-20-201.ec2.internal,450d4da51ff43db0e0bf7275ec3e25f3c7001476440eac60c5c305cbdb872c57,1,4.0,213.0
1,hpa-poisson-101-8f823a31,000213,130.081207,2026-08-31T18:32:50.470+00:00,2026-08-31T18:32:46.786+00:00,2026-08-31T18:32:46.791+00:00,2026-08-31T18:32:46.791+00:00,2026-08-31T18:32:47.154+00:00,2026-08-31T18:32:47.154+00:00,0.183321,0.3625806569998531,sqs-worker-5986dcd897-r4px4,ip-192-168-20-201.ec2.internal,42fcb38ecd5f9581972156eca38080744a7ddea9aab004a3899177cc960d83ba,1,5.0,368.0
1,hpa-poisson-101-8f823a31,000214,130.24879,2026-08-31T18:32:50.640+00:00,2026-08-31T18:32:46.958+00:00,2026-08-31T18:32:46.966+00:00,2026-08-31T18:32:46.966+00:00,2026-08-31T18:32:47.513+00:00,2026-08-31T18:32:47.513+00:00,0.247982,0.5468550149998919,sqs-worker-5986dcd897-h5v2r,ip-192-168-20-201.ec2.internal,ee860b83dd6e60786eb293eadb441ba8453ebbe1e01e0bc0399e75574dcd44d4,1,8.0,555.0
1,hpa-poisson-101-8f823a31,000215,131.051662,2026-08-31T18:32:51.441+00:00,2026-08-31T18:32:47.760+00:00,2026-08-31T18:32:47.764+00:00,2026-08-31T18:32:47.764+00:00,2026-08-31T18:32:48.104+00:00,2026-08-31T18:32:48.104+00:00,0.159823,0.3405475629997454,sqs-worker-5986dcd897-x8rdl,ip-192-168-20-201.ec2.internal,b55f590b8f27396ee523d89be17c0c54304f779124273eb8f5033452ba0a9b87,1,4.0,344.0
1,hpa-poisson-101-8f823a31,000216,131.35898,2026-08-31T18:32:51.748+00:00,2026-08-31T18:32:48.063+00:00,2026-08-31T18:32:48.067+00:00,2026-08-31T18:32:48.067+00:00,2026-08-31T18:32:48.337+00:00,2026-08-31T18:32:48.337+00:00,0.137582,0.26943748200028494,sqs-worker-5986dcd897-r4px4,ip-192-168-20-201.ec2.internal,1dd98ac42363a6da0db376563b30cd23adc50972f788fc7fd09a44973c9f8f87,1,4.0,274.0
1,hpa-poisson-101-8f823a31,000217,131.869806,2026-08-31T18:32:52.259+00:00,2026-08-31T18:32:48.572+00:00,2026-08-31T18:32:48.576+00:00,2026-08-31T18:32:48.576+00:00,2026-08-31T18:32:48.991+00:00,2026-08-31T18:32:48.991+00:00,0.176937,0.4151009039997007,sqs-worker-5986dcd897-h5v2r,ip-192-168-20-201.ec2.internal,baa023f89106134f40943dcecfbcbb01bad1810e1b9ea2320a3c2a1a303dd703,1,4.0,419.0
1,hpa-poisson-101-8f823a31,000218,131.972425,2026-08-31T18:32:52.361+00:00,2026-08-31T18:32:48.679+00:00,2026-08-31T18:32:48.684+00:00,2026-08-31T18:32:48.684+00:00,2026-08-31T18:32:50.467+00:00,2026-08-31T18:32:50.467+00:00,0.731314,1.7834955730004367,sqs-worker-5986dcd897-l866l,ip-192-168-20-201.ec2.internal,ef9ca7886005a8b3973e409ec1c9923f25d61bee22696efc92d98c16eeb4da81,1,5.0,1788.0
1,hpa-poisson-101-8f823a31,000219,133.171869,2026-08-31T18:32:53.562+00:00,2026-08-31T18:32:49.877+00:00,2026-08-31T18:32:49.887+00:00,2026-08-31T18:32:49.887+00:00,2026-08-31T18:32:50.790+00:00,2026-08-31T18:32:50.790+00:00,0.200789,0.9037254830000165,sqs-worker-5986dcd897-x8rdl,ip-192-168-20-201.ec2.internal,6eae734692262ce964b84d4f7964c83bc29df9eaa0ed889bc3d71c015649a27d,1,10.0,913.0
1,hpa-poisson-101-8f823a31,000220,134.745504,2026-08-31T18:32:55.135+00:00,2026-08-31T18:32:51.452+00:00,2026-08-31T18:32:51.455+00:00,2026-08-31T18:32:51.455+00:00,2026-08-31T18:32:52.031+00:00,2026-08-31T18:32:52.031+00:00,0.132316,0.5767621619997954,sqs-worker-5986dcd897-r4px4,ip-192-168-20-201.ec2.internal,ed8a2502e9e925513b41cfd950f44b2d03eda68fbeb06af2fef796893b8c82ec,1,3.0,579.0
1,hpa-poisson-101-8f823a31,000221,135.624852,2026-08-31T18:32:56.014+00:00,2026-08-31T18:32:52.333+00:00,2026-08-31T18:32:52.336+00:00,2026-08-31T18:32:52.336+00:00,2026-08-31T18:32:52.365+00:00,2026-08-31T18:32:52.365+00:00,0.02871,0.02881278199947701,sqs-worker-5986dcd897-l866l,ip-192-168-20-201.ec2.internal,67c180b0e87f83a7d0e088d084f8cd8e6467669fc5facb36024c52872f77dd2d,1,3.0,32.0
1,hpa-poisson-101-8f823a31,000222,137.339955,2026-08-31T18:32:57.730+00:00,2026-08-31T18:32:54.080+00:00,2026-08-31T18:32:54.084+00:00,2026-08-31T18:32:54.084+00:00,2026-08-31T18:32:54.303+00:00,2026-08-31T18:32:54.303+00:00,0.10078,0.21979155500048364,sqs-worker-5986dcd897-x8rdl,ip-192-168-20-201.ec2.internal,8f9ed156fb8a7d1561b60fe52f8709d1e30508424cad4184c0b491761d3f3f0b,1,4.0,223.0
1,hpa-poisson-101-8f823a31,000225,137.840541,2026-08-31T18:32:58.229+00:00,2026-08-31T18:32:54.543+00:00,2026-08-31T18:32:54.553+00:00,2026-08-31T18:32:54.553+00:00,2026-08-31T18:32:54.565+00:00,2026-08-31T18:32:54.565+00:00,0.011474,0.011656308000056015,sqs-worker-5986dcd897-x8rdl,ip-192-168-20-201.ec2.internal,71ddfe31db9ec33f430d15a9cbe7fb92e8e734ec59f10270a95c717a86eafd5f,1,10.0,22.0
1,hpa-poisson-101-8f823a31,000223,137.592624,2026-08-31T18:32:57.981+00:00,2026-08-31T18:32:54.296+00:00,2026-08-31T18:32:54.299+00:00,2026-08-31T18:32:54.299+00:00,2026-08-31T18:32:54.637+00:00,2026-08-31T18:32:54.637+00:00,0.15478,0.33823585599930084,sqs-worker-5986dcd897-r4px4,ip-192-168-20-201.ec2.internal,d87ff2587050460f8f9a3734a4e261f1342cd054bad6774cb57df19204eb9816,1,3.0,341.0
1,hpa-poisson-101-8f823a31,000224,137.613223,2026-08-31T18:32:58.001+00:00,2026-08-31T18:32:54.322+00:00,2026-08-31T18:32:54.326+00:00,2026-08-31T18:32:54.326+00:00,2026-08-31T18:32:55.527+00:00,2026-08-31T18:32:55.528+00:00,0.50836,1.2012102369999411,sqs-worker-5986dcd897-h5v2r,ip-192-168-20-201.ec2.internal,aa2500e718788cb6c0420e79a02a9ee294b9ef57b1fff75f5779d6ab74166f37,1,4.0,1205.0
1,hpa-poisson-101-8f823a31,000226,139.266176,2026-08-31T18:32:59.655+00:00,2026-08-31T18:32:55.975+00:00,2026-08-31T18:32:55.979+00:00,2026-08-31T18:32:55.979+00:00,2026-08-31T18:32:55.984+00:00,2026-08-31T18:32:55.984+00:00,0.005,0.005035958000007668,sqs-worker-5986dcd897-x8rdl,ip-192-168-20-201.ec2.internal,09e78f0e3038f3788c7f492f71f73bc08a2408e4fe82c66bc279ca5059943392,1,4.0,9.0
1,hpa-poisson-101-8f823a31,000228,139.802076,2026-08-31T18:33:00.190+00:00,2026-08-31T18:32:56.503+00:00,2026-08-31T18:32:56.508+00:00,2026-08-31T18:32:56.508+00:00,2026-08-31T18:32:56.604+00:00,2026-08-31T18:32:56.604+00:00,0.061311,0.09620403799999622,sqs-worker-5986dcd897-x8rdl,ip-192-168-20-201.ec2.internal,e2a810ca712749bfa2de2deb46b1526651d316417160adf04b2039cb50a4624a,1,5.0,101.0
1,hpa-poisson-101-8f823a31,000227,139.662308,2026-08-31T18:33:00.051+00:00,2026-08-31T18:32:56.365+00:00,2026-08-31T18:32:56.369+00:00,2026-08-31T18:32:56.369+00:00,2026-08-31T18:32:56.953+00:00,2026-08-31T18:32:56.953+00:00,0.267244,0.5842938439991485,sqs-worker-5986dcd897-r4px4,ip-192-168-20-201.ec2.internal,54760b552ec8fadd8cb8138ea59827374b06a696d961db17fe875b1ecda5a857,1,4.0,588.0
1,hpa-poisson-101-8f823a31,000231,140.377959,2026-08-31T18:33:00.766+00:00,2026-08-31T18:32:57.081+00:00,2026-08-31T18:32:57.085+00:00,2026-08-31T18:32:57.085+00:00,2026-08-31T18:32:57.327+00:00,2026-08-31T18:32:57.327+00:00,0.120876,0.2424278119997325,sqs-worker-5986dcd897-r4px4,ip-192-168-20-201.ec2.internal,56906c4b972dd7f6eb877de4a24ef53e236e3dff77efbdd25b0eab10b212c906,1,4.0,246.0
1,hpa-poisson-101-8f823a31,000230,140.016653,2026-08-31T18:33:00.405+00:00,2026-08-31T18:32:56.720+00:00,2026-08-31T18:32:56.724+00:00,2026-08-31T18:32:56.724+00:00,2026-08-31T18:32:57.319+00:00,2026-08-31T18:32:57.319+00:00,0.244409,0.5952574949997143,sqs-worker-5986dcd897-l866l,ip-192-168-20-201.ec2.internal,62ac2e5206be42e68e50528222bc8203e70d8e8218f98ea3f0f2b82ea9309fec,1,4.0,599.0
1,hpa-poisson-101-8f823a31,000229,139.904517,2026-08-31T18:33:00.292+00:00,2026-08-31T18:32:56.609+00:00,2026-08-31T18:32:56.613+00:00,2026-08-31T18:32:56.613+00:00,2026-08-31T18:32:57.322+00:00,2026-08-31T18:32:57.322+00:00,0.306531,0.7091732569997475,sqs-worker-5986dcd897-h5v2r,ip-192-168-20-201.ec2.internal,e694ed9b6895212f6c7945a379bf11cfc3dfb2fd6b5c57c1c5fc40eac3b270be,1,4.0,713.0
1,hpa-poisson-101-8f823a31,000232,142.00299,2026-08-31T18:33:02.392+00:00,2026-08-31T18:32:58.714+00:00,2026-08-31T18:32:58.718+00:00,2026-08-31T18:32:58.718+00:00,2026-08-31T18:32:59.021+00:00,2026-08-31T18:32:59.021+00:00,0.125553,0.3031099029994948,sqs-worker-5986dcd897-l866l,ip-192-168-20-201.ec2.internal,756736f5f7a2abe3b4305eb382d1ca7d00cd960dc83ff848452b7ace36f3c83a,1,4.0,307.0
1,hpa-poisson-101-8f823a31,000233,143.348786,2026-08-31T18:33:03.738+00:00,2026-08-31T18:33:00.077+00:00,2026-08-31T18:33:00.088+00:00,2026-08-31T18:33:00.088+00:00,2026-08-31T18:33:01.187+00:00,2026-08-31T18:33:01.187+00:00,0.213481,1.0987552329997925,sqs-worker-5986dcd897-x8rdl,ip-192-168-20-201.ec2.internal,0bb52f1fa50528cd676d2539e46de82f7c444a7f33d0d4cecc611e01c318d82e,1,11.0,1110.0
1,hpa-poisson-101-8f823a31,000234,144.234898,2026-08-31T18:33:04.624+00:00,2026-08-31T18:33:00.938+00:00,2026-08-31T18:33:00.943+00:00,2026-08-31T18:33:00.943+00:00,2026-08-31T18:33:01.583+00:00,2026-08-31T18:33:01.583+00:00,0.129413,0.6396917680003753,sqs-worker-5986dcd897-h5v2r,ip-192-168-20-201.ec2.internal,dd6347be074f1e37e00a315e3d224cfc43c73273a73a9aff38ec1faaf5d54a0c,1,5.0,645.0
1,hpa-poisson-101-8f823a31,000235,145.116818,2026-08-31T18:33:05.506+00:00,2026-08-31T18:33:01.820+00:00,2026-08-31T18:33:01.824+00:00,2026-08-31T18:33:01.824+00:00,2026-08-31T18:33:02.791+00:00,2026-08-31T18:33:02.791+00:00,0.264557,0.9676202610007749,sqs-worker-5986dcd897-h5v2r,ip-192-168-20-201.ec2.internal,3fbd55bd53208aa11dd086d1976202fedc4d0b96e079a6c05c803695583f704c,1,4.0,971.0
1,hpa-poisson-101-8f823a31,000236,145.249183,2026-08-31T18:33:05.637+00:00,2026-08-31T18:33:01.952+00:00,2026-08-31T18:33:01.968+00:00,2026-08-31T18:33:01.968+00:00,2026-08-31T18:33:03.023+00:00,2026-08-31T18:33:03.024+00:00,0.446596,1.0555817600006776,sqs-worker-5986dcd897-r4px4,ip-192-168-20-201.ec2.internal,de9553bda16d5136392a39fd0eaa81d59ad0a3e9b8341a636846c3f05848dc9f,1,16.0,1071.0
1,hpa-poisson-101-8f823a31,000239,146.813199,2026-08-31T18:33:07.202+00:00,2026-08-31T18:33:03.516+00:00,2026-08-31T18:33:03.520+00:00,2026-08-31T18:33:03.520+00:00,2026-08-31T18:33:03.709+00:00,2026-08-31T18:33:03.709+00:00,0.08838,0.18935944599979848,sqs-worker-5986dcd897-h5v2r,ip-192-168-20-201.ec2.internal,c5966e13b69613ac0f3daac5b41061aa5b06b3b3dff6f26c7718a4c7478a7b59,1,4.0,193.0
1,hpa-poisson-101-8f823a31,000238,146.347022,2026-08-31T18:33:06.735+00:00,2026-08-31T18:33:03.048+00:00,2026-08-31T18:33:03.053+00:00,2026-08-31T18:33:03.053+00:00,2026-08-31T18:33:04.087+00:00,2026-08-31T18:33:04.087+00:00,0.437948,1.0342316160003975,sqs-worker-5986dcd897-x8rdl,ip-192-168-20-201.ec2.internal,0118c4a7a6d5bdb7ace866230e4d6e4c5bb8341aa75176c3094a134a4d23a92e,1,5.0,1039.0
1,hpa-poisson-101-8f823a31,000240,146.834485,2026-08-31T18:33:07.222+00:00,2026-08-31T18:33:03.547+00:00,2026-08-31T18:33:03.552+00:00,2026-08-31T18:33:03.552+00:00,2026-08-31T18:33:04.127+00:00,2026-08-31T18:33:04.127+00:00,0.25083,0.5756922950004082,sqs-worker-5986dcd897-r4px4,ip-192-168-20-201.ec2.internal,1cae7a9e9801258078660ca63880cc818f6093683add061af708eba7539d0b0c,1,5.0,580.0
1,hpa-poisson-101-8f823a31,000237,146.188506,2026-08-31T18:33:06.577+00:00,2026-08-31T18:33:02.890+00:00,2026-08-31T18:33:02.894+00:00,2026-08-31T18:33:02.894+00:00,2026-08-31T18:33:04.527+00:00,2026-08-31T18:33:04.527+00:00,0.676709,1.6335207979991537,sqs-worker-5986dcd897-l866l,ip-192-168-20-201.ec2.internal,05996645015a066a6df1a0b94bd58cd963a63b19c372cc0ab2ed2ebf51c845bf,1,4.0,1637.0
1,hpa-poisson-101-8f823a31,000242,148.313711,2026-08-31T18:33:08.702+00:00,2026-08-31T18:33:05.016+00:00,2026-08-31T18:33:05.022+00:00,2026-08-31T18:33:05.022+00:00,2026-08-31T18:33:05.312+00:00,2026-08-31T18:33:05.312+00:00,0.132508,0.29047268199974496,sqs-worker-5986dcd897-h5v2r,ip-192-168-20-201.ec2.internal,02b56875230ece9762396818a954fa47d6208b18358e23238808c0d0fce6ce1d,1,6.0,296.0
1,hpa-poisson-101-8f823a31,000241,148.227767,2026-08-31T18:33:08.617+00:00,2026-08-31T18:33:05.468+00:00,2026-08-31T18:33:05.472+00:00,2026-08-31T18:33:05.472+00:00,2026-08-31T18:33:05.640+00:00,2026-08-31T18:33:05.640+00:00,0.097821,0.1679705649994503,sqs-worker-5986dcd897-r4px4,ip-192-168-20-201.ec2.internal,0ad411984638f269e78e270797ab2328978f55a18a39025fce5715c7c642ec5e,1,4.0,172.0
1,hpa-poisson-101-8f823a31,000243,148.875027,2026-08-31T18:33:09.263+00:00,2026-08-31T18:33:05.577+00:00,2026-08-31T18:33:05.581+00:00,2026-08-31T18:33:05.581+00:00,2026-08-31T18:33:05.926+00:00,2026-08-31T18:33:05.926+00:00,0.070175,0.34436023499984003,sqs-worker-5986dcd897-l866l,ip-192-168-20-201.ec2.internal,06874e83078e3031bc00611c5f15c2ccbeb1cd7048dd9ee549617bb13bbaeb3e,1,4.0,349.0
1,hpa-poisson-101-8f823a31,000244,149.553372,2026-08-31T18:33:09.942+00:00,2026-08-31T18:33:06.257+00:00,2026-08-31T18:33:06.262+00:00,2026-08-31T18:33:06.262+00:00,2026-08-31T18:33:06.300+00:00,2026-08-31T18:33:06.300+00:00,0.037994,0.038092241000413196,sqs-worker-5986dcd897-h5v2r,ip-192-168-20-201.ec2.internal,d27ec44e06aaf6b7f22406740e1fc2e618dc5a0aa1dc0b1be611643e29a264ed,1,5.0,43.0
1,hpa-poisson-101-8f823a31,000245,150.198829,2026-08-31T18:33:10.587+00:00,2026-08-31T18:33:06.902+00:00,2026-08-31T18:33:06.909+00:00,2026-08-31T18:33:06.909+00:00,2026-08-31T18:33:07.360+00:00,2026-08-31T18:33:07.360+00:00,0.207883,0.4513153389998479,sqs-worker-5986dcd897-l866l,ip-192-168-20-201.ec2.internal,c1d91565e36d854d9d3040f69125f49e280a2998fa7d4031518e5793c8e91e7a,1,7.0,458.0
1,hpa-poisson-101-8f823a31,000247,151.203596,2026-08-31T18:33:11.592+00:00,2026-08-31T18:33:07.905+00:00,2026-08-31T18:33:07.910+00:00,2026-08-31T18:33:07.910+00:00,2026-08-31T18:33:07.935+00:00,2026-08-31T18:33:07.935+00:00,0.025487,0.02554644100018777,sqs-worker-5986dcd897-l866l,ip-192-168-20-201.ec2.internal,7d067cdc03e6bccbadf7821e95793be959de9c3375f26b2fe73fe86080d547e1,1,5.0,30.0
1,hpa-poisson-101-8f823a31,000246,150.915504,2026-08-31T18:33:11.304+00:00,2026-08-31T18:33:07.618+00:00,2026-08-31T18:33:07.621+00:00,2026-08-31T18:33:07.622+00:00,2026-08-31T18:33:08.607+00:00,2026-08-31T18:33:08.607+00:00,0.424369,0.9855914979998488,sqs-worker-5986dcd897-x8rdl,ip-192-168-20-201.ec2.internal,436c9821ec67c33c1705e3b454261e4c7394c3e780216eab4fba2d72249436d7,1,3.0,989.0
1,hpa-poisson-101-8f823a31,000248,152.18576,2026-08-31T18:33:12.575+00:00,2026-08-31T18:33:08.885+00:00,2026-08-31T18:33:08.891+00:00,2026-08-31T18:33:08.891+00:00,2026-08-31T18:33:08.905+00:00,2026-08-31T18:33:08.905+00:00,0.013372,0.013413358999969205,sqs-worker-5986dcd897-x8rdl,ip-192-168-20-201.ec2.internal,bc6f51d6a94183ec0129dc1e95b6c167abfa6549ef10f93156689665771eb5c4,1,6.0,20.0
1,hpa-poisson-101-8f823a31,000250,154.528293,2026-08-31T18:33:14.917+00:00,2026-08-31T18:33:11.226+00:00,2026-08-31T18:33:11.231+00:00,2026-08-31T18:33:11.231+00:00,2026-08-31T18:33:12.234+00:00,2026-08-31T18:33:12.234+00:00,0.223927,1.0036500830001387,sqs-worker-5986dcd897-r4px4,ip-192-168-20-201.ec2.internal,e0506ff988ed9d21501fc25be31daf8540fa0e3ae01c61c51e6a6eb939aa7fe3,1,5.0,1008.0
1,hpa-poisson-101-8f823a31,000249,153.92832,2026-08-31T18:33:14.318+00:00,2026-08-31T18:33:10.630+00:00,2026-08-31T18:33:10.699+00:00,2026-08-31T18:33:10.699+00:00,2026-08-31T18:33:12.507+00:00,2026-08-31T18:33:12.507+00:00,0.334959,1.807913937000194,sqs-worker-5986dcd897-h5v2r,ip-192-168-20-201.ec2.internal,8b9f51f43d2b50219279ea7637ff51c1cee8a8573849f255caba0526a913f9dc,1,69.0,1877.0
1,hpa-poisson-101-8f823a31,000251,156.962803,2026-08-31T18:33:17.353+00:00,2026-08-31T18:33:13.757+00:00,2026-08-31T18:33:13.761+00:00,2026-08-31T18:33:13.761+00:00,2026-08-31T18:33:13.984+00:00,2026-08-31T18:33:13.984+00:00,0.105131,0.22320235400002275,sqs-worker-5986dcd897-x8rdl,ip-192-168-20-201.ec2.internal,0d4f612d43b64bbe4b9f87bd206176b5e8a67451234e98e35045070272ab666f,1,4.0,227.0
1,hpa-poisson-101-8f823a31,000253,158.183556,2026-08-31T18:33:18.572+00:00,2026-08-31T18:33:14.883+00:00,2026-08-31T18:33:14.888+00:00,2026-08-31T18:33:14.888+00:00,2026-08-31T18:33:15.020+00:00,2026-08-31T18:33:15.020+00:00,0.076641,0.131942094999431,sqs-worker-5986dcd897-x8rdl,ip-192-168-20-201.ec2.internal,e3579faffa23d244c3ed53eb09ff4fc4d66979adbcf0020fc25ad93dd2a8237e,1,5.0,137.0
1,hpa-poisson-101-8f823a31,000254,158.879594,2026-08-31T18:33:19.268+00:00,2026-08-31T18:33:15.586+00:00,2026-08-31T18:33:15.589+00:00,2026-08-31T18:33:15.589+00:00,2026-08-31T18:33:15.793+00:00,2026-08-31T18:33:15.794+00:00,0.093891,0.204341313000441,sqs-worker-5986dcd897-h5v2r,ip-192-168-20-201.ec2.internal,4a879fe570ac51136caf9c8011758c49a73701ff3f0805cd65893c5fe06f326f,1,3.0,207.0
1,hpa-poisson-101-8f823a31,000255,158.939554,2026-08-31T18:33:19.328+00:00,2026-08-31T18:33:15.640+00:00,2026-08-31T18:33:15.645+00:00,2026-08-31T18:33:15.645+00:00,2026-08-31T18:33:15.753+00:00,2026-08-31T18:33:15.753+00:00,0.066623,0.10839902599946072,sqs-worker-5986dcd897-r4px4,ip-192-168-20-201.ec2.internal,4a58a04d88530c4bbf83c9f4d39e240cdba104509b6196a8c8479fc6198a5fbd,1,5.0,113.0
1,hpa-poisson-101-8f823a31,000252,158.147847,2026-08-31T18:33:18.537+00:00,2026-08-31T18:33:14.847+00:00,2026-08-31T18:33:14.851+00:00,2026-08-31T18:33:14.851+00:00,2026-08-31T18:33:16.546+00:00,2026-08-31T18:33:16.546+00:00,0.470637,1.6946599299999434,sqs-worker-5986dcd897-l866l,ip-192-168-20-201.ec2.internal,7af7ec4cdc36d9bc66a1d3c50fc665467e08b7b1441b5d1b8feab3c3b780febe,1,4.0,1699.0
1,hpa-poisson-101-8f823a31,000256,159.61614,2026-08-31T18:33:20.005+00:00,2026-08-31T18:33:16.341+00:00,2026-08-31T18:33:16.356+00:00,2026-08-31T18:33:16.356+00:00,2026-08-31T18:33:16.483+00:00,2026-08-31T18:33:16.483+00:00,0.067615,0.1269052110001212,sqs-worker-5986dcd897-h5v2r,ip-192-168-20-201.ec2.internal,a82bc916a43b15ee762fd56071170a40aa4bb705bfc00269e5d34531ac623e1b,1,15.0,142.0
1,hpa-poisson-101-8f823a31,000257,159.906213,2026-08-31T18:33:20.294+00:00,2026-08-31T18:33:16.606+00:00,2026-08-31T18:33:16.647+00:00,2026-08-31T18:33:16.647+00:00,2026-08-31T18:33:17.920+00:00,2026-08-31T18:33:17.920+00:00,0.257237,1.2736933200003477,sqs-worker-5986dcd897-l866l,ip-192-168-20-201.ec2.internal,502dfb410f69bd8752730921e05a006ac885227e92d088f462c41f2e87402af0,1,41.0,1314.0
1,hpa-poisson-101-8f823a31,000258,161.110816,2026-08-31T18:33:21.499+00:00,2026-08-31T18:33:17.809+00:00,2026-08-31T18:33:17.814+00:00,2026-08-31T18:33:17.814+00:00,2026-08-31T18:33:18.032+00:00,2026-08-31T18:33:18.032+00:00,0.10033,0.21738576799998555,sqs-worker-5986dcd897-r4px4,ip-192-168-20-201.ec2.internal,dfdf89aac2ddac98e9f81de53d8c22b1ff9dafd05f0888c8d8e7c3939b65d66f,1,5.0,223.0
1,hpa-poisson-101-8f823a31,000259,161.139399,2026-08-31T18:33:21.527+00:00,2026-08-31T18:33:17.847+00:00,2026-08-31T18:33:17.870+00:00,2026-08-31T18:33:17.870+00:00,2026-08-31T18:33:18.293+00:00,2026-08-31T18:33:18.293+00:00,0.175875,0.4224402039999404,sqs-worker-5986dcd897-x8rdl,ip-192-168-20-201.ec2.internal,6dfac11f5a723178c189a9f56b799468d6e13b17229e322cb94b7593b1af3c2f,1,23.0,446.0
1,hpa-poisson-101-8f823a31,000260,162.969389,2026-08-31T18:33:23.359+00:00,2026-08-31T18:33:19.675+00:00,2026-08-31T18:33:19.679+00:00,2026-08-31T18:33:19.679+00:00,2026-08-31T18:33:19.691+00:00,2026-08-31T18:33:19.691+00:00,0.010775,0.011683446999995795,sqs-worker-5986dcd897-r4px4,ip-192-168-20-201.ec2.internal,dde58e5274bbde3482b31683a461856562e8dfc7474a6434afe2d990fa7b9b8f,1,4.0,16.0
1,hpa-poisson-101-8f823a31,000263,163.035269,2026-08-31T18:33:23.423+00:00,2026-08-31T18:33:19.763+00:00,2026-08-31T18:33:19.769+00:00,2026-08-31T18:33:19.770+00:00,2026-08-31T18:33:20.665+00:00,2026-08-31T18:33:20.665+00:00,0.375018,0.8950313620007364,sqs-worker-5986dcd897-l866l,ip-192-168-20-201.ec2.internal,8220a27269ab2e853acb5f942cbd05f7a6e5154713b2834bac5cc547a842c17f,1,6.0,902.0
1,hpa-poisson-101-8f823a31,000264,163.11906,2026-08-31T18:33:23.507+00:00,2026-08-31T18:33:19.827+00:00,2026-08-31T18:33:19.832+00:00,2026-08-31T18:33:19.832+00:00,2026-08-31T18:33:21.437+00:00,2026-08-31T18:33:21.437+00:00,0.416213,1.6041602369996326,sqs-worker-5986dcd897-r4px4,ip-192-168-20-201.ec2.internal,76118644bfb4c1680866b1cde5a2de8ba54498cb9f5209e0a6dd37d9316d42af,1,5.0,1610.0
1,hpa-poisson-101-8f823a31,000261,162.997168,2026-08-31T18:33:23.385+00:00,2026-08-31T18:33:19.697+00:00,2026-08-31T18:33:19.701+00:00,2026-08-31T18:33:19.701+00:00,2026-08-31T18:33:22.005+00:00,2026-08-31T18:33:22.005+00:00,0.55782,2.3038287919998766,sqs-worker-5986dcd897-h5v2r,ip-192-168-20-201.ec2.internal,0ed764faa06f79070d9ebd75a0b5dc589c1c8cb8566aa9abe43f8e604ae82960,1,4.0,2308.0
1,hpa-poisson-101-8f823a31,000265,165.793671,2026-08-31T18:33:26.182+00:00,2026-08-31T18:33:22.496+00:00,2026-08-31T18:33:22.501+00:00,2026-08-31T18:33:22.501+00:00,2026-08-31T18:33:22.725+00:00,2026-08-31T18:33:22.725+00:00,0.104333,0.22450551000019914,sqs-worker-5986dcd897-l866l,ip-192-168-20-201.ec2.internal,701915188a3319fbd5efc288066ee1335d46e37300f11d881b32d9440e0cc1b8,1,5.0,229.0
1,hpa-poisson-101-8f823a31,000262,163.033649,2026-08-31T18:33:23.422+00:00,2026-08-31T18:33:19.732+00:00,2026-08-31T18:33:19.737+00:00,2026-08-31T18:33:19.737+00:00,2026-08-31T18:33:23.181+00:00,2026-08-31T18:33:23.181+00:00,0.73621,3.4440982690002784,sqs-worker-5986dcd897-x8rdl,ip-192-168-20-201.ec2.internal,21091fa35e0f4948aa5ec51cc1a52449018681b0c6ed89e1ea178fa041c224c2,1,5.0,3449.0
1,hpa-poisson-101-8f823a31,000266,166.92063,2026-08-31T18:33:27.308+00:00,2026-08-31T18:33:23.650+00:00,2026-08-31T18:33:23.655+00:00,2026-08-31T18:33:23.655+00:00,2026-08-31T18:33:23.779+00:00,2026-08-31T18:33:23.779+00:00,0.064698,0.12363156500032346,sqs-worker-5986dcd897-x8rdl,ip-192-168-20-201.ec2.internal,f7ef9a63cb015cc9f9d6fc853d61511ceabb4b65d1851acaae130f0c78f77d77,1,5.0,129.0
1,hpa-poisson-101-8f823a31,000267,168.474675,2026-08-31T18:33:28.862+00:00,2026-08-31T18:33:25.175+00:00,2026-08-31T18:33:25.179+00:00,2026-08-31T18:33:25.179+00:00,2026-08-31T18:33:25.298+00:00,2026-08-31T18:33:25.298+00:00,0.055506,0.1195052900002338,sqs-worker-5986dcd897-x8rdl,ip-192-168-20-201.ec2.internal,68d458009a78d2695a4e7f10f03e92a2d9f91ee5b95e484dda307b8838cbdd8e,1,4.0,123.0
1,hpa-poisson-101-8f823a31,000268,168.603558,2026-08-31T18:33:28.990+00:00,2026-08-31T18:33:25.305+00:00,2026-08-31T18:33:25.310+00:00,2026-08-31T18:33:25.310+00:00,2026-08-31T18:33:25.428+00:00,2026-08-31T18:33:25.428+00:00,0.059487,0.11735150000004069,sqs-worker-5986dcd897-r4px4,ip-192-168-20-201.ec2.internal,0218ee014ee419c203f3222c0a976ebb4d075dd24475b47e18e52f9e392d4193,1,5.0,123.0
1,hpa-poisson-101-8f823a31,000269,169.33088,2026-08-31T18:33:29.718+00:00,2026-08-31T18:33:26.032+00:00,2026-08-31T18:33:26.036+00:00,2026-08-31T18:33:26.036+00:00,2026-08-31T18:33:26.050+00:00,2026-08-31T18:33:26.050+00:00,0.013206,0.013616589000776003,sqs-worker-5986dcd897-x8rdl,ip-192-168-20-201.ec2.internal,837f477cf86c8b24e6c3114c20683056c6b53f74e4ae0ce803c02f82865acdaa,1,4.0,18.0
1,hpa-poisson-101-8f823a31,000270,170.322006,2026-08-31T18:33:30.709+00:00,2026-08-31T18:33:27.024+00:00,2026-08-31T18:33:27.029+00:00,2026-08-31T18:33:27.029+00:00,2026-08-31T18:33:27.789+00:00,2026-08-31T18:33:27.789+00:00,0.326499,0.7597461010000188,sqs-worker-5986dcd897-x8rdl,ip-192-168-20-201.ec2.internal,e19e876d9bb3cf688010584a89e7df7ece854bf2ae8136281be72e0464c93eac,1,5.0,765.0
1,hpa-poisson-101-8f823a31,000272,171.329665,2026-08-31T18:33:31.716+00:00,2026-08-31T18:33:28.029+00:00,2026-08-31T18:33:28.033+00:00,2026-08-31T18:33:28.033+00:00,2026-08-31T18:33:28.447+00:00,2026-08-31T18:33:28.448+00:00,0.172633,0.4142937710003025,sqs-worker-5986dcd897-l866l,ip-192-168-20-201.ec2.internal,8f273dbd105696949190bb2e73dbb73b6a1efa9b952b1fd9466a29f8f5aec026,1,4.0,418.0
1,hpa-poisson-101-8f823a31,000271,171.133269,2026-08-31T18:33:31.520+00:00,2026-08-31T18:33:27.834+00:00,2026-08-31T18:33:27.841+00:00,2026-08-31T18:33:27.841+00:00,2026-08-31T18:33:28.539+00:00,2026-08-31T18:33:28.539+00:00,0.300469,0.6980170619999626,sqs-worker-5986dcd897-r4px4,ip-192-168-20-201.ec2.internal,37408521638f6b1c78478764552ea2e3651abdb016b296b769d5aa716dc66d30,1,7.0,705.0
1,hpa-poisson-101-8f823a31,000274,174.353899,2026-08-31T18:33:34.741+00:00,2026-08-31T18:33:31.053+00:00,2026-08-31T18:33:31.057+00:00,2026-08-31T18:33:31.057+00:00,2026-08-31T18:33:31.674+00:00,2026-08-31T18:33:31.674+00:00,0.27413,0.6171915069999159,sqs-worker-5986dcd897-l866l,ip-192-168-20-201.ec2.internal,2f06169229ca5833b9cf044f4de0340592cfa15e85ee3293f3e7a765988cc9a7,1,4.0,621.0
1,hpa-poisson-101-8f823a31,000275,175.074564,2026-08-31T18:33:35.462+00:00,2026-08-31T18:33:31.776+00:00,2026-08-31T18:33:31.780+00:00,2026-08-31T18:33:31.780+00:00,2026-08-31T18:33:31.815+00:00,2026-08-31T18:33:31.815+00:00,0.034673,0.0352382340006443,sqs-worker-5986dcd897-l866l,ip-192-168-20-201.ec2.internal,54cc11940443f2998666dbf74f31fc1f7866244a7a3d9486349b51f0e3a5af11,1,4.0,39.0
1,hpa-poisson-101-8f823a31,000276,175.283836,2026-08-31T18:33:35.670+00:00,2026-08-31T18:33:31.985+00:00,2026-08-31T18:33:31.990+00:00,2026-08-31T18:33:31.990+00:00,2026-08-31T18:33:32.516+00:00,2026-08-31T18:33:32.516+00:00,0.230069,0.5262099020001187,sqs-worker-5986dcd897-l866l,ip-192-168-20-201.ec2.internal,e030d453444c202896276b5347ce4cdebb5a58b0995f52de795387a94dc4d148,1,5.0,531.0
1,hpa-poisson-101-8f823a31,000273,173.53948,2026-08-31T18:33:33.928+00:00,2026-08-31T18:33:30.241+00:00,2026-08-31T18:33:30.246+00:00,2026-08-31T18:33:30.246+00:00,2026-08-31T18:33:32.683+00:00,2026-08-31T18:33:32.683+00:00,0.662542,2.4367128469993986,sqs-worker-5986dcd897-x8rdl,ip-192-168-20-201.ec2.internal,20d7f6145f1a1ef4a3e870b9eb8aaeaee2cecca4e728dc8fffa89911f6fcafbf,1,5.0,2442.0
1,hpa-poisson-101-8f823a31,000277,175.600334,2026-08-31T18:33:35.987+00:00,2026-08-31T18:33:32.301+00:00,2026-08-31T18:33:32.305+00:00,2026-08-31T18:33:32.305+00:00,2026-08-31T18:33:32.557+00:00,2026-08-31T18:33:32.557+00:00,0.13339,0.2519377339995117,sqs-worker-5986dcd897-r4px4,ip-192-168-20-201.ec2.internal,dd4ccaa13ca2ffb10fb726a1622d449e2c1f4a1ed876f9475d591a9bbbc4de86,1,4.0,256.0
1,hpa-poisson-101-8f823a31,000278,176.486749,2026-08-31T18:33:36.874+00:00,2026-08-31T18:33:33.190+00:00,2026-08-31T18:33:33.194+00:00,2026-08-31T18:33:33.194+00:00,2026-08-31T18:33:33.404+00:00,2026-08-31T18:33:33.404+00:00,0.101597,0.20976575599979697,sqs-worker-5986dcd897-h5v2r,ip-192-168-20-201.ec2.internal,9e4da2975acfbaf4b962616eeb7cf0e7d790aec2d8c57accbe252bcde4e01843,1,4.0,214.0
1,hpa-poisson-101-8f823a31,000279,176.940725,2026-08-31T18:33:37.328+00:00,2026-08-31T18:33:33.648+00:00,2026-08-31T18:33:33.651+00:00,2026-08-31T18:33:33.651+00:00,2026-08-31T18:33:33.684+00:00,2026-08-31T18:33:33.684+00:00,0.032635,0.0326910339999813,sqs-worker-5986dcd897-l866l,ip-192-168-20-201.ec2.internal,c617d6348d1321f72a628660004e04fcd85f47eb40d8ade201bd22e12baa1b3f,1,3.0,36.0
1,hpa-poisson-101-8f823a31,000280,177.35903,2026-08-31T18:33:37.746+00:00,2026-08-31T18:33:34.059+00:00,2026-08-31T18:33:34.063+00:00,2026-08-31T18:33:34.063+00:00,2026-08-31T18:33:34.550+00:00,2026-08-31T18:33:34.550+00:00,0.23071,0.48728836800000863,sqs-worker-5986dcd897-r4px4,ip-192-168-20-201.ec2.internal,47bf6090219f35a22f60013836991c2b9b47061754f43bc9ac57404cc0219e7b,1,4.0,491.0
1,hpa-poisson-101-8f823a31,000281,178.935369,2026-08-31T18:33:39.323+00:00,2026-08-31T18:33:35.635+00:00,2026-08-31T18:33:35.645+00:00,2026-08-31T18:33:35.645+00:00,2026-08-31T18:33:35.657+00:00,2026-08-31T18:33:35.657+00:00,0.011122,0.011214512999686121,sqs-worker-5986dcd897-x8rdl,ip-192-168-20-201.ec2.internal,d261b1e2a314e6d9ed5acd255ff8f7200bf7d331630735242d26700b02a77e07,1,10.0,22.0
1,hpa-poisson-101-8f823a31,000282,179.276338,2026-08-31T18:33:39.664+00:00,2026-08-31T18:33:35.978+00:00,2026-08-31T18:33:35.983+00:00,2026-08-31T18:33:35.983+00:00,2026-08-31T18:33:36.292+00:00,2026-08-31T18:33:36.292+00:00,0.129864,0.309612864999508,sqs-worker-5986dcd897-x8rdl,ip-192-168-20-201.ec2.internal,49b98234a8a3bba531eb6d99207d9e5e0ef2acf9faa12bdd38f506c170b495fc,1,5.0,314.0
