schema_version,experiment_id,job_id,trace_offset_s,producer_sent_at,sqs_sent_at,worker_received_at,processing_started_at,processing_finished_at,result_sent_at,service_cpu_seconds,processing_wall_seconds,pod_name,node_name,digest,receive_count,queue_wait_ms,end_to_end_ms
1,keda-poisson-505-9df581fd,000000,0.101285,2026-08-31T20:10:06.786+00:00,2026-08-31T20:10:02.970+00:00,2026-08-31T20:10:02.974+00:00,2026-08-31T20:10:02.974+00:00,2026-08-31T20:10:03.301+00:00,2026-08-31T20:10:03.301+00:00,0.15161,0.32697023800028546,sqs-worker-5986dcd897-x8rdl,ip-192-168-20-201.ec2.internal,eb3cd4dc7692b66d33b0a569a001c0bf0b69c83c5ca0c89a0178960252d66899,1,4.0,331.0
1,keda-poisson-505-9df581fd,000001,1.263716,2026-08-31T20:10:07.949+00:00,2026-08-31T20:10:04.133+00:00,2026-08-31T20:10:04.140+00:00,2026-08-31T20:10:04.140+00:00,2026-08-31T20:10:05.503+00:00,2026-08-31T20:10:05.503+00:00,0.584449,1.362798677999308,sqs-worker-5986dcd897-x8rdl,ip-192-168-20-201.ec2.internal,2b3eb125c65f74612102fc3cb004a849c705bb6f4352b93c9f829caed52257d6,1,7.0,1370.0
1,keda-poisson-505-9df581fd,000003,2.2254,2026-08-31T20:10:08.910+00:00,2026-08-31T20:10:05.106+00:00,2026-08-31T20:10:05.525+00:00,2026-08-31T20:10:05.525+00:00,2026-08-31T20:10:05.587+00:00,2026-08-31T20:10:05.587+00:00,0.019649,0.061546220000309404,sqs-worker-5986dcd897-x8rdl,ip-192-168-20-201.ec2.internal,9648954147b642658acc94414553d5140e7ccca869e2452668088f4b50ad043e,1,419.0,481.0
1,keda-poisson-505-9df581fd,000002,1.469466,2026-08-31T20:10:08.153+00:00,2026-08-31T20:10:04.878+00:00,2026-08-31T20:10:05.625+00:00,2026-08-31T20:10:05.625+00:00,2026-08-31T20:10:05.800+00:00,2026-08-31T20:10:05.800+00:00,0.08884,0.17473461699955806,sqs-worker-5986dcd897-x8rdl,ip-192-168-20-201.ec2.internal,91a02915bedf0dbaf658c08c3e13d2096a21e1a1e5125ae80d8412dd7c0578c6,1,747.0,922.0
1,keda-poisson-505-9df581fd,000004,2.442888,2026-08-31T20:10:09.127+00:00,2026-08-31T20:10:05.314+00:00,2026-08-31T20:10:05.865+00:00,2026-08-31T20:10:05.865+00:00,2026-08-31T20:10:06.012+00:00,2026-08-31T20:10:06.012+00:00,0.087483,0.14655270299954282,sqs-worker-5986dcd897-x8rdl,ip-192-168-20-201.ec2.internal,241f50c42e9fb17c328a3db815a49fb7954134d74c97e490c8119c52d414f0c9,1,551.0,698.0
1,keda-poisson-505-9df581fd,000005,3.433393,2026-08-31T20:10:10.118+00:00,2026-08-31T20:10:06.304+00:00,2026-08-31T20:10:06.314+00:00,2026-08-31T20:10:06.314+00:00,2026-08-31T20:10:06.607+00:00,2026-08-31T20:10:06.607+00:00,0.143811,0.2926537509993068,sqs-worker-5986dcd897-x8rdl,ip-192-168-20-201.ec2.internal,bd943eb838fb17894a04632ed34c3fc64fd9b4748b5906d5a4088a913cba6090,1,10.0,303.0
1,keda-poisson-505-9df581fd,000006,4.079895,2026-08-31T20:10:10.764+00:00,2026-08-31T20:10:06.953+00:00,2026-08-31T20:10:06.957+00:00,2026-08-31T20:10:06.957+00:00,2026-08-31T20:10:07.207+00:00,2026-08-31T20:10:07.207+00:00,0.133466,0.25017367500004184,sqs-worker-5986dcd897-x8rdl,ip-192-168-20-201.ec2.internal,c0844af7a819973c208ccc2b4c8e4f30146727315f8d17a93178b0f6dbdeffe6,1,4.0,254.0
1,keda-poisson-505-9df581fd,000007,4.118895,2026-08-31T20:10:10.803+00:00,2026-08-31T20:10:06.985+00:00,2026-08-31T20:10:07.233+00:00,2026-08-31T20:10:07.233+00:00,2026-08-31T20:10:07.398+00:00,2026-08-31T20:10:07.398+00:00,0.066437,0.1645870920001471,sqs-worker-5986dcd897-x8rdl,ip-192-168-20-201.ec2.internal,bab0f12b1b8a059fe175eaa259944e8afec094e71ee22e5f8249f3b512bffa54,1,248.0,413.0
1,keda-poisson-505-9df581fd,000008,6.117443,2026-08-31T20:10:12.803+00:00,2026-08-31T20:10:08.986+00:00,2026-08-31T20:10:08.990+00:00,2026-08-31T20:10:08.990+00:00,2026-08-31T20:10:09.007+00:00,2026-08-31T20:10:09.007+00:00,0.017611,0.017651738000495243,sqs-worker-5986dcd897-x8rdl,ip-192-168-20-201.ec2.internal,b1c5b9330987ab6dd5ac2af1769df59bf8d23bfdf824ec0338fb4e3bcc04ac20,1,4.0,21.0
1,keda-poisson-505-9df581fd,000009,7.274439,2026-08-31T20:10:13.959+00:00,2026-08-31T20:10:10.141+00:00,2026-08-31T20:10:10.145+00:00,2026-08-31T20:10:10.145+00:00,2026-08-31T20:10:11.584+00:00,2026-08-31T20:10:11.584+00:00,0.258739,1.4389713479995407,sqs-worker-5986dcd897-x8rdl,ip-192-168-20-201.ec2.internal,6483d13bb9d2f24bab67f151656637cf66378029a5c64a5f53f34c2f7a6b494e,1,4.0,1443.0
1,keda-poisson-505-9df581fd,000010,7.598325,2026-08-31T20:10:14.283+00:00,2026-08-31T20:10:10.464+00:00,2026-08-31T20:10:11.641+00:00,2026-08-31T20:10:11.641+00:00,2026-08-31T20:10:12.684+00:00,2026-08-31T20:10:12.684+00:00,0.424159,1.0428728259994386,sqs-worker-5986dcd897-x8rdl,ip-192-168-20-201.ec2.internal,0eb32d81e21abdd484038f65306fdb3a7c48f5b88efc99f639a12307e82c9b54,1,1177.0,2220.0
1,keda-poisson-505-9df581fd,000013,9.734997,2026-08-31T20:10:16.420+00:00,2026-08-31T20:10:12.603+00:00,2026-08-31T20:10:12.698+00:00,2026-08-31T20:10:12.698+00:00,2026-08-31T20:10:14.507+00:00,2026-08-31T20:10:14.507+00:00,0.738689,1.808821407999858,sqs-worker-5986dcd897-x8rdl,ip-192-168-20-201.ec2.internal,7f6c4100c8b51266a9b0b16ec27fdd4786a648b81bc62714a77fab0ae2dbcf88,1,95.0,1904.0
1,keda-poisson-505-9df581fd,000011,8.077727,2026-08-31T20:10:14.762+00:00,2026-08-31T20:10:10.947+00:00,2026-08-31T20:10:14.523+00:00,2026-08-31T20:10:14.523+00:00,2026-08-31T20:10:14.881+00:00,2026-08-31T20:10:14.881+00:00,0.129986,0.358268310999847,sqs-worker-5986dcd897-x8rdl,ip-192-168-20-201.ec2.internal,ae9624b1d45ca39812e7e87850f820c7957bbc150fbf418a2ebc473020d4c0d1,1,3576.0,3934.0
1,keda-poisson-505-9df581fd,000012,8.877486,2026-08-31T20:10:15.562+00:00,2026-08-31T20:10:11.745+00:00,2026-08-31T20:10:15.201+00:00,2026-08-31T20:10:15.201+00:00,2026-08-31T20:10:15.219+00:00,2026-08-31T20:10:15.219+00:00,0.017911,0.01794699799938826,sqs-worker-5986dcd897-x8rdl,ip-192-168-20-201.ec2.internal,f0e3668436f74984e9491b4a9f4b5aa2055c17ab84b3a471e1e9ac8a2fefc609,1,3456.0,3474.0
1,keda-poisson-505-9df581fd,000014,10.886524,2026-08-31T20:10:17.571+00:00,2026-08-31T20:10:13.754+00:00,2026-08-31T20:10:14.895+00:00,2026-08-31T20:10:14.895+00:00,2026-08-31T20:10:15.175+00:00,2026-08-31T20:10:15.175+00:00,0.109476,0.27986772099939117,sqs-worker-5986dcd897-x8rdl,ip-192-168-20-201.ec2.internal,e1657870269a4afafcd434f6a91ed216a66a8a07687f03ee67246a10d1c87047,1,1141.0,1421.0
1,keda-poisson-505-9df581fd,000015,13.038624,2026-08-31T20:10:19.724+00:00,2026-08-31T20:10:15.912+00:00,2026-08-31T20:10:15.916+00:00,2026-08-31T20:10:15.916+00:00,2026-08-31T20:10:16.523+00:00,2026-08-31T20:10:16.523+00:00,0.279955,0.6067487670006813,sqs-worker-5986dcd897-x8rdl,ip-192-168-20-201.ec2.internal,f92716ed165f5cee9d0c1fd4cf6fc6a30520ef025f6f23bab6a2891914804d18,1,4.0,611.0
1,keda-poisson-505-9df581fd,000016,14.72561,2026-08-31T20:10:21.410+00:00,2026-08-31T20:10:17.598+00:00,2026-08-31T20:10:17.602+00:00,2026-08-31T20:10:17.602+00:00,2026-08-31T20:10:17.685+00:00,2026-08-31T20:10:17.686+00:00,0.043995,0.08339437700124108,sqs-worker-5986dcd897-x8rdl,ip-192-168-20-201.ec2.internal,f5eef9df6d2ff3b02704556ae76aa5ef84638f5a9d0edef465e0c918e24d1978,1,4.0,87.0
1,keda-poisson-505-9df581fd,000017,14.904791,2026-08-31T20:10:21.589+00:00,2026-08-31T20:10:17.777+00:00,2026-08-31T20:10:17.781+00:00,2026-08-31T20:10:17.781+00:00,2026-08-31T20:10:18.198+00:00,2026-08-31T20:10:18.198+00:00,0.175607,0.41665148999891244,sqs-worker-5986dcd897-x8rdl,ip-192-168-20-201.ec2.internal,47d4877bcbe859f2dc8400d152d22009eea45ca204881b2ebf9493a2c81b41b0,1,4.0,421.0
1,keda-poisson-505-9df581fd,000020,15.272757,2026-08-31T20:10:21.957+00:00,2026-08-31T20:10:18.139+00:00,2026-08-31T20:10:18.216+00:00,2026-08-31T20:10:18.216+00:00,2026-08-31T20:10:18.387+00:00,2026-08-31T20:10:18.387+00:00,0.065049,0.17125259099884715,sqs-worker-5986dcd897-x8rdl,ip-192-168-20-201.ec2.internal,75121997ea696e6125a982b87d4edefa0afc3654a5f447681172fb09850760d3,1,77.0,248.0
1,keda-poisson-505-9df581fd,000018,14.917364,2026-08-31T20:10:21.601+00:00,2026-08-31T20:10:17.790+00:00,2026-08-31T20:10:18.436+00:00,2026-08-31T20:10:18.436+00:00,2026-08-31T20:10:18.458+00:00,2026-08-31T20:10:18.458+00:00,0.021405,0.0214429410007142,sqs-worker-5986dcd897-x8rdl,ip-192-168-20-201.ec2.internal,1f4c9e3f3576202a5d91672a0b04d67e1b26a6f61140c790386bd54b23cfedb6,1,646.0,668.0
1,keda-poisson-505-9df581fd,000019,15.123034,2026-08-31T20:10:21.807+00:00,2026-08-31T20:10:18.003+00:00,2026-08-31T20:10:18.494+00:00,2026-08-31T20:10:18.494+00:00,2026-08-31T20:10:20.294+00:00,2026-08-31T20:10:20.294+00:00,0.617168,1.8000051159997383,sqs-worker-5986dcd897-x8rdl,ip-192-168-20-201.ec2.internal,c34f8c5973054e6e539335847d94bbcffe11123bb9067ace5497257b15ff2989,1,491.0,2291.0
1,keda-poisson-505-9df581fd,000021,16.17292,2026-08-31T20:10:22.857+00:00,2026-08-31T20:10:19.043+00:00,2026-08-31T20:10:20.384+00:00,2026-08-31T20:10:20.384+00:00,2026-08-31T20:10:21.583+00:00,2026-08-31T20:10:21.583+00:00,0.213961,1.1996912819995487,sqs-worker-5986dcd897-x8rdl,ip-192-168-20-201.ec2.internal,5f4bae7ff3717945c47cd6715a81f86de104338eb1b12f2479936b4e89397ff8,1,1341.0,2540.0
1,keda-poisson-505-9df581fd,000022,17.094625,2026-08-31T20:10:23.780+00:00,2026-08-31T20:10:19.966+00:00,2026-08-31T20:10:21.609+00:00,2026-08-31T20:10:21.609+00:00,2026-08-31T20:10:22.789+00:00,2026-08-31T20:10:22.789+00:00,0.244717,1.1794698119992972,sqs-worker-5986dcd897-x8rdl,ip-192-168-20-201.ec2.internal,3e90c32f10314bac5bf8deca9715c7d9f3069659e553ce801289c871141ed884,1,1643.0,2823.0
1,keda-poisson-505-9df581fd,000023,19.452455,2026-08-31T20:10:26.138+00:00,2026-08-31T20:10:22.327+00:00,2026-08-31T20:10:22.823+00:00,2026-08-31T20:10:22.823+00:00,2026-08-31T20:10:22.904+00:00,2026-08-31T20:10:22.904+00:00,0.050959,0.08149485800095135,sqs-worker-5986dcd897-x8rdl,ip-192-168-20-201.ec2.internal,269137a445521f41cc2007fdc2c1d7b0fe7342b9e6ea4d734a171e8725ad824a,1,496.0,577.0
1,keda-poisson-505-9df581fd,000024,20.668168,2026-08-31T20:10:27.351+00:00,2026-08-31T20:10:23.541+00:00,2026-08-31T20:10:23.546+00:00,2026-08-31T20:10:23.546+00:00,2026-08-31T20:10:24.302+00:00,2026-08-31T20:10:24.302+00:00,0.338003,0.7560596219991567,sqs-worker-5986dcd897-x8rdl,ip-192-168-20-201.ec2.internal,8e990a6d4e6cb1a5082543aeb67799db90fc38a71e281c4216f1ea6c33b41a78,1,5.0,761.0
1,keda-poisson-505-9df581fd,000025,21.606062,2026-08-31T20:10:28.290+00:00,2026-08-31T20:10:24.476+00:00,2026-08-31T20:10:24.480+00:00,2026-08-31T20:10:24.480+00:00,2026-08-31T20:10:24.498+00:00,2026-08-31T20:10:24.498+00:00,0.017966,0.01800597199871845,sqs-worker-5986dcd897-x8rdl,ip-192-168-20-201.ec2.internal,a979b7a844a8ded7eb6410eb8c12bde643cc7e76b97e926fde8819abd5c378cb,1,4.0,22.0
1,keda-poisson-505-9df581fd,000026,24.570302,2026-08-31T20:10:31.253+00:00,2026-08-31T20:10:27.440+00:00,2026-08-31T20:10:27.445+00:00,2026-08-31T20:10:27.445+00:00,2026-08-31T20:10:27.779+00:00,2026-08-31T20:10:27.779+00:00,0.154873,0.33473211000091396,sqs-worker-5986dcd897-x8rdl,ip-192-168-20-201.ec2.internal,c69e029bde7c92662f045974c201e9ae065c2964bb5a568ff1408c996a6d341b,1,5.0,339.0
1,keda-poisson-505-9df581fd,000027,25.416935,2026-08-31T20:10:32.100+00:00,2026-08-31T20:10:28.284+00:00,2026-08-31T20:10:28.290+00:00,2026-08-31T20:10:28.290+00:00,2026-08-31T20:10:28.991+00:00,2026-08-31T20:10:28.991+00:00,0.287896,0.7006707809996442,sqs-worker-5986dcd897-x8rdl,ip-192-168-20-201.ec2.internal,a0511254de56877a966635dddbb33fba338a6ee0d28a0717b298aa7910d1cdd2,1,6.0,707.0
1,keda-poisson-505-9df581fd,000028,25.717778,2026-08-31T20:10:32.401+00:00,2026-08-31T20:10:28.586+00:00,2026-08-31T20:10:29.020+00:00,2026-08-31T20:10:29.020+00:00,2026-08-31T20:10:29.222+00:00,2026-08-31T20:10:29.222+00:00,0.107255,0.20242948699888075,sqs-worker-5986dcd897-x8rdl,ip-192-168-20-201.ec2.internal,3f6ce5c25c629e83fbcea043147696bb1ee04bb6425afa3cf2a9ae8c3971dc69,1,434.0,636.0
1,keda-poisson-505-9df581fd,000029,26.711452,2026-08-31T20:10:33.395+00:00,2026-08-31T20:10:29.582+00:00,2026-08-31T20:10:29.586+00:00,2026-08-31T20:10:29.586+00:00,2026-08-31T20:10:29.604+00:00,2026-08-31T20:10:29.604+00:00,0.017744,0.01782450099926791,sqs-worker-5986dcd897-x8rdl,ip-192-168-20-201.ec2.internal,357dd6594d09abaea6f25a472ff192a6a1c497447e9c15e1b1ad890d3a5a47f5,1,4.0,22.0
1,keda-poisson-505-9df581fd,000030,27.791253,2026-08-31T20:10:34.475+00:00,2026-08-31T20:10:30.665+00:00,2026-08-31T20:10:30.687+00:00,2026-08-31T20:10:30.687+00:00,2026-08-31T20:10:31.975+00:00,2026-08-31T20:10:31.975+00:00,0.457281,1.2881380649996572,sqs-worker-5986dcd897-x8rdl,ip-192-168-20-201.ec2.internal,baa6958f02049cf58b6fad6bb14952988ef97e1cce6fcece551a8f9d34888d75,1,22.0,1310.0
1,keda-poisson-505-9df581fd,000031,28.024895,2026-08-31T20:10:34.708+00:00,2026-08-31T20:10:30.893+00:00,2026-08-31T20:10:31.988+00:00,2026-08-31T20:10:31.988+00:00,2026-08-31T20:10:31.993+00:00,2026-08-31T20:10:31.993+00:00,0.005,0.0050322429997322615,sqs-worker-5986dcd897-x8rdl,ip-192-168-20-201.ec2.internal,8276a9d8f9225aea1839db48d5c7936a5c36a1bf20eaee0941b2a09fae3ada45,1,1095.0,1100.0
1,keda-poisson-505-9df581fd,000032,28.20188,2026-08-31T20:10:34.885+00:00,2026-08-31T20:10:31.070+00:00,2026-08-31T20:10:32.013+00:00,2026-08-31T20:10:32.013+00:00,2026-08-31T20:10:32.478+00:00,2026-08-31T20:10:32.479+00:00,0.191477,0.4651260220016411,sqs-worker-5986dcd897-x8rdl,ip-192-168-20-201.ec2.internal,1dc1faf6af8fb6148ff6f396f5c6e768efd5f36dff81358c17b72285af2d622b,1,943.0,1408.0
1,keda-poisson-505-9df581fd,000033,28.329896,2026-08-31T20:10:35.013+00:00,2026-08-31T20:10:31.198+00:00,2026-08-31T20:10:32.544+00:00,2026-08-31T20:10:32.544+00:00,2026-08-31T20:10:34.007+00:00,2026-08-31T20:10:34.007+00:00,0.623997,1.4632524330008891,sqs-worker-5986dcd897-x8rdl,ip-192-168-20-201.ec2.internal,fdf3b5d794b50f7174eb41e71b5137e31ac9a0a8ba6d140e5f819b90b61e1855,1,1346.0,2809.0
1,keda-poisson-505-9df581fd,000034,28.376718,2026-08-31T20:10:35.059+00:00,2026-08-31T20:10:31.244+00:00,2026-08-31T20:10:34.052+00:00,2026-08-31T20:10:34.052+00:00,2026-08-31T20:10:34.689+00:00,2026-08-31T20:10:34.689+00:00,0.258306,0.6374335420005082,sqs-worker-5986dcd897-x8rdl,ip-192-168-20-201.ec2.internal,4732528f73cd1c812ca0df93f09f447dd4be56de7e165638b7199d8b604d5125,1,2808.0,3445.0
1,keda-poisson-505-9df581fd,000035,29.196322,2026-08-31T20:10:35.880+00:00,2026-08-31T20:10:32.065+00:00,2026-08-31T20:10:34.713+00:00,2026-08-31T20:10:34.713+00:00,2026-08-31T20:10:35.881+00:00,2026-08-31T20:10:35.881+00:00,0.466902,1.1681507670000428,sqs-worker-5986dcd897-x8rdl,ip-192-168-20-201.ec2.internal,78f9d56f5e72f49094556431643a0c0ab4d132224d7ff002f2571e85aa41ce80,1,2648.0,3816.0
1,keda-poisson-505-9df581fd,000036,32.883668,2026-08-31T20:10:39.569+00:00,2026-08-31T20:10:35.754+00:00,2026-08-31T20:10:35.904+00:00,2026-08-31T20:10:35.904+00:00,2026-08-31T20:10:36.311+00:00,2026-08-31T20:10:36.311+00:00,0.185396,0.4065804860001663,sqs-worker-5986dcd897-x8rdl,ip-192-168-20-201.ec2.internal,5611c5bf1e98399547d36a760667a605e2412e8b26eacaefb1973f37317a8c99,1,150.0,557.0
1,keda-poisson-505-9df581fd,000037,33.902916,2026-08-31T20:10:40.587+00:00,2026-08-31T20:10:36.774+00:00,2026-08-31T20:10:36.778+00:00,2026-08-31T20:10:36.778+00:00,2026-08-31T20:10:36.892+00:00,2026-08-31T20:10:36.892+00:00,0.049714,0.11383819799993944,sqs-worker-5986dcd897-x8rdl,ip-192-168-20-201.ec2.internal,48ffa0a505efac57a1cd744435336104053a53358786e420c6c09fc2c9d62531,1,4.0,118.0
1,keda-poisson-505-9df581fd,000038,34.446553,2026-08-31T20:10:41.130+00:00,2026-08-31T20:10:37.345+00:00,2026-08-31T20:10:37.348+00:00,2026-08-31T20:10:37.348+00:00,2026-08-31T20:10:38.477+00:00,2026-08-31T20:10:38.477+00:00,0.473034,1.1288794110005256,sqs-worker-5986dcd897-x8rdl,ip-192-168-20-201.ec2.internal,0d187f3ba8f2cc2608f9e076e0c58ebef97d8ed650c932379acb3a84f3b5576c,1,3.0,1132.0
1,keda-poisson-505-9df581fd,000039,35.943621,2026-08-31T20:10:42.628+00:00,2026-08-31T20:10:38.813+00:00,2026-08-31T20:10:38.817+00:00,2026-08-31T20:10:38.817+00:00,2026-08-31T20:10:41.788+00:00,2026-08-31T20:10:41.788+00:00,0.771024,2.971174530999633,sqs-worker-5986dcd897-x8rdl,ip-192-168-20-201.ec2.internal,c4d2ac5a5990e398629cc33dbeceef626e333f2309e309474a90fafa1aa1aac7,1,4.0,2975.0
1,keda-poisson-505-9df581fd,000041,36.557106,2026-08-31T20:10:43.240+00:00,2026-08-31T20:10:39.422+00:00,2026-08-31T20:10:41.805+00:00,2026-08-31T20:10:41.805+00:00,2026-08-31T20:10:42.197+00:00,2026-08-31T20:10:42.197+00:00,0.071688,0.3919189140015078,sqs-worker-5986dcd897-x8rdl,ip-192-168-20-201.ec2.internal,d8c2a4e08faed025b92c516cb8d53081ee278f91240c5a37f7e630c798e48cf1,1,2383.0,2775.0
1,keda-poisson-505-9df581fd,000044,37.386446,2026-08-31T20:10:44.070+00:00,2026-08-31T20:10:40.264+00:00,2026-08-31T20:10:42.288+00:00,2026-08-31T20:10:42.288+00:00,2026-08-31T20:10:43.208+00:00,2026-08-31T20:10:43.208+00:00,0.297295,0.9198243440005172,sqs-worker-5986dcd897-x8rdl,ip-192-168-20-201.ec2.internal,46a3e65a52fc0c20ee8d4d2efd332698ec2e6927575a972cb6165dfca3e3431a,1,2024.0,2944.0
1,keda-poisson-505-9df581fd,000046,39.885652,2026-08-31T20:10:46.569+00:00,2026-08-31T20:10:42.751+00:00,2026-08-31T20:10:43.332+00:00,2026-08-31T20:10:43.332+00:00,2026-08-31T20:10:43.517+00:00,2026-08-31T20:10:43.517+00:00,0.084414,0.18459583100047894,sqs-worker-5986dcd897-x8rdl,ip-192-168-20-201.ec2.internal,bff2924bfa0e0917f7da4385266013c644f33cbf01dbd1367e08b3bb1ad9f086,1,581.0,766.0
1,keda-poisson-505-9df581fd,000040,36.265507,2026-08-31T20:10:42.949+00:00,2026-08-31T20:10:39.137+00:00,2026-08-31T20:10:43.224+00:00,2026-08-31T20:10:43.224+00:00,2026-08-31T20:10:43.308+00:00,2026-08-31T20:10:43.308+00:00,0.035935,0.0843162069995742,sqs-worker-5986dcd897-x8rdl,ip-192-168-20-201.ec2.internal,f05eda33fa24193c5db72ba3e2aef33645fd7735988a4d3ee4c021689f3239e6,1,4086.9999999999995,4171.0
1,keda-poisson-505-9df581fd,000042,36.562032,2026-08-31T20:10:43.245+00:00,2026-08-31T20:10:39.966+00:00,2026-08-31T20:10:43.716+00:00,2026-08-31T20:10:43.716+00:00,2026-08-31T20:10:44.107+00:00,2026-08-31T20:10:44.107+00:00,0.165585,0.391119701000207,sqs-worker-5986dcd897-x8rdl,ip-192-168-20-201.ec2.internal,b199b70430b7c9a1dbb18dc6b39f4fc8df9cd0221a6e5fa29d26642b0d6cd286,1,3750.0,4141.0
1,keda-poisson-505-9df581fd,000043,36.67901,2026-08-31T20:10:43.362+00:00,2026-08-31T20:10:40.045+00:00,2026-08-31T20:10:43.540+00:00,2026-08-31T20:10:43.540+00:00,2026-08-31T20:10:43.697+00:00,2026-08-31T20:10:43.697+00:00,0.056574,0.15758789400024398,sqs-worker-5986dcd897-x8rdl,ip-192-168-20-201.ec2.internal,e8a5d9b09e61ba9cfe3401de1816669f1dca249a9704d5b55fb25505311ea8e2,1,3495.0,3652.0
1,keda-poisson-505-9df581fd,000047,39.892126,2026-08-31T20:10:46.575+00:00,2026-08-31T20:10:42.766+00:00,2026-08-31T20:10:44.520+00:00,2026-08-31T20:10:44.520+00:00,2026-08-31T20:10:44.525+00:00,2026-08-31T20:10:44.525+00:00,0.005,0.005031483000493608,sqs-worker-5986dcd897-x8rdl,ip-192-168-20-201.ec2.internal,e3d84ef1065222cd2093749105aaf2cb83fad8879f9bf4b3c0a09b6c2add24b7,1,1754.0,1759.0
1,keda-poisson-505-9df581fd,000048,41.165035,2026-08-31T20:10:47.849+00:00,2026-08-31T20:10:44.037+00:00,2026-08-31T20:10:44.537+00:00,2026-08-31T20:10:44.537+00:00,2026-08-31T20:10:44.891+00:00,2026-08-31T20:10:44.891+00:00,0.13262,0.353506388999449,sqs-worker-5986dcd897-x8rdl,ip-192-168-20-201.ec2.internal,f1a61ccf625a8da322a9762397506b262313c9bb07dec7ba5a238f830a4e3eb0,1,500.0,854.0
1,keda-poisson-505-9df581fd,000045,37.725698,2026-08-31T20:10:44.409+00:00,2026-08-31T20:10:40.591+00:00,2026-08-31T20:10:44.147+00:00,2026-08-31T20:10:44.147+00:00,2026-08-31T20:10:44.506+00:00,2026-08-31T20:10:44.506+00:00,0.154528,0.35911502199996903,sqs-worker-5986dcd897-x8rdl,ip-192-168-20-201.ec2.internal,60e53fda69e6871e05d3810da96abd74b11453ef5987c271a70f8d539da0cd83,1,3556.0,3915.0
1,keda-poisson-505-9df581fd,000049,42.212622,2026-08-31T20:10:48.896+00:00,2026-08-31T20:10:45.077+00:00,2026-08-31T20:10:45.081+00:00,2026-08-31T20:10:45.081+00:00,2026-08-31T20:10:45.512+00:00,2026-08-31T20:10:45.512+00:00,0.190584,0.43172519899962936,sqs-worker-5986dcd897-x8rdl,ip-192-168-20-201.ec2.internal,5883c84ec11eb6c58ddd3774ccd82799723260c658606504905f668e977eadc2,1,4.0,435.0
1,keda-poisson-505-9df581fd,000050,42.824468,2026-08-31T20:10:49.508+00:00,2026-08-31T20:10:45.693+00:00,2026-08-31T20:10:45.697+00:00,2026-08-31T20:10:45.697+00:00,2026-08-31T20:10:45.731+00:00,2026-08-31T20:10:45.731+00:00,0.033795,0.03383933400073147,sqs-worker-5986dcd897-x8rdl,ip-192-168-20-201.ec2.internal,9d3134d462e461a1a8ac4e7695daabe583d0a00e844bae9e4477e7062db2e0e2,1,4.0,38.0
1,keda-poisson-505-9df581fd,000051,43.428851,2026-08-31T20:10:50.112+00:00,2026-08-31T20:10:46.294+00:00,2026-08-31T20:10:46.298+00:00,2026-08-31T20:10:46.298+00:00,2026-08-31T20:10:46.520+00:00,2026-08-31T20:10:46.520+00:00,0.117705,0.22250120299941045,sqs-worker-5986dcd897-x8rdl,ip-192-168-20-201.ec2.internal,d4d64fcf14094831e30d2266643f014e14269a82faf6c3c8804549526976c62c,1,4.0,226.0
1,keda-poisson-505-9df581fd,000052,44.06675,2026-08-31T20:10:50.750+00:00,2026-08-31T20:10:46.932+00:00,2026-08-31T20:10:46.936+00:00,2026-08-31T20:10:46.936+00:00,2026-08-31T20:10:48.615+00:00,2026-08-31T20:10:48.615+00:00,0.712246,1.6791688550001709,sqs-worker-5986dcd897-x8rdl,ip-192-168-20-201.ec2.internal,3579e25ee6273ab1264938177a53071573d10f4246b7d578d337118d391c2d31,1,4.0,1683.0
1,keda-poisson-505-9df581fd,000054,44.423262,2026-08-31T20:10:51.106+00:00,2026-08-31T20:10:47.292+00:00,2026-08-31T20:10:48.631+00:00,2026-08-31T20:10:48.631+00:00,2026-08-31T20:10:49.592+00:00,2026-08-31T20:10:49.592+00:00,0.372616,0.9606886980000127,sqs-worker-5986dcd897-x8rdl,ip-192-168-20-201.ec2.internal,9b3eeeed0a4a9ab3fe9ed705db48ad1669e8e0d4ce01a91cbfb926d090f85b62,1,1339.0,2300.0
1,keda-poisson-505-9df581fd,000053,44.111303,2026-08-31T20:10:50.794+00:00,2026-08-31T20:10:46.978+00:00,2026-08-31T20:10:49.607+00:00,2026-08-31T20:10:49.607+00:00,2026-08-31T20:10:50.797+00:00,2026-08-31T20:10:50.797+00:00,0.252194,1.1898111860009521,sqs-worker-5986dcd897-x8rdl,ip-192-168-20-201.ec2.internal,1ef1ad808e1638af11dfd6b8f5c7966e4e3b05f4fe5eb8964396606a4946c841,1,2629.0,3819.0
1,keda-poisson-505-9df581fd,000056,46.899219,2026-08-31T20:10:53.582+00:00,2026-08-31T20:10:49.769+00:00,2026-08-31T20:10:50.884+00:00,2026-08-31T20:10:50.884+00:00,2026-08-31T20:10:51.084+00:00,2026-08-31T20:10:51.084+00:00,0.039198,0.20069817999865336,sqs-worker-5986dcd897-x8rdl,ip-192-168-20-201.ec2.internal,79f03c6f715fbdc21f732364e77c2055db868e2526246b4abae842969d03bf2d,1,1115.0,1315.0
1,keda-poisson-505-9df581fd,000059,47.398349,2026-08-31T20:10:54.081+00:00,2026-08-31T20:10:50.264+00:00,2026-08-31T20:10:51.098+00:00,2026-08-31T20:10:51.098+00:00,2026-08-31T20:10:52.586+00:00,2026-08-31T20:10:52.586+00:00,0.301036,1.4882345919995714,sqs-worker-5986dcd897-x8rdl,ip-192-168-20-201.ec2.internal,522bf1b3cfc2ce0a6f2edd93a480e368862c653f90dae53ef2f0f829ad93fc9f,1,834.0,2322.0
1,keda-poisson-505-9df581fd,000057,46.973716,2026-08-31T20:10:53.657+00:00,2026-08-31T20:10:49.844+00:00,2026-08-31T20:10:52.603+00:00,2026-08-31T20:10:52.603+00:00,2026-08-31T20:10:53.313+00:00,2026-08-31T20:10:53.313+00:00,0.223054,0.7099711119990388,sqs-worker-5986dcd897-x8rdl,ip-192-168-20-201.ec2.internal,026829bb4651c728513884e83feb97f70bc36119c1317eff827d9bb55ff23e36,1,2759.0,3469.0
1,keda-poisson-505-9df581fd,000058,47.344732,2026-08-31T20:10:54.028+00:00,2026-08-31T20:10:50.213+00:00,2026-08-31T20:10:53.345+00:00,2026-08-31T20:10:53.345+00:00,2026-08-31T20:10:53.416+00:00,2026-08-31T20:10:53.416+00:00,0.038539,0.0715506490014377,sqs-worker-5986dcd897-x8rdl,ip-192-168-20-201.ec2.internal,585d41485ffb21d46c94e12b0d86a8ce4166890bd582d50a0ed3a2784573a93d,1,3132.0,3203.0
1,keda-poisson-505-9df581fd,000055,46.45886,2026-08-31T20:10:53.144+00:00,2026-08-31T20:10:49.326+00:00,2026-08-31T20:10:53.452+00:00,2026-08-31T20:10:53.452+00:00,2026-08-31T20:10:53.722+00:00,2026-08-31T20:10:53.722+00:00,0.121469,0.27018417799990857,sqs-worker-5986dcd897-x8rdl,ip-192-168-20-201.ec2.internal,1d5f56bfb354568baa46882130755347f2f6e7497440afa59c7b2c55f4b4ec35,1,4126.0,4396.0
1,keda-poisson-505-9df581fd,000060,48.103237,2026-08-31T20:10:54.787+00:00,2026-08-31T20:10:50.973+00:00,2026-08-31T20:10:54.514+00:00,2026-08-31T20:10:54.514+00:00,2026-08-31T20:10:54.519+00:00,2026-08-31T20:10:54.519+00:00,0.005,0.005030898999393685,sqs-worker-5986dcd897-x8rdl,ip-192-168-20-201.ec2.internal,57de437c4e3d7317d1fd738e0a90273cdec11f21ab895b1caf530f545260b803,1,3541.0,3546.0
1,keda-poisson-505-9df581fd,000062,50.82726,2026-08-31T20:10:57.511+00:00,2026-08-31T20:10:53.694+00:00,2026-08-31T20:10:53.807+00:00,2026-08-31T20:10:53.807+00:00,2026-08-31T20:10:54.501+00:00,2026-08-31T20:10:54.501+00:00,0.294762,0.6942858500005968,sqs-worker-5986dcd897-x8rdl,ip-192-168-20-201.ec2.internal,4226492b63269ced5af5dfedf378173140b1c47dc28d55063a4aa7d31a4f0656,1,113.0,807.0
1,keda-poisson-505-9df581fd,000061,48.362121,2026-08-31T20:10:55.044+00:00,2026-08-31T20:10:51.227+00:00,2026-08-31T20:10:54.558+00:00,2026-08-31T20:10:54.558+00:00,2026-08-31T20:10:54.917+00:00,2026-08-31T20:10:54.917+00:00,0.163811,0.35865025900056935,sqs-worker-5986dcd897-x8rdl,ip-192-168-20-201.ec2.internal,2edfcefc1cf56b9d318270d67fdc9806bb1cc9e102f2dd6fc42277a8535863b5,1,3331.0,3690.0
1,keda-poisson-505-9df581fd,000063,52.504854,2026-08-31T20:10:59.188+00:00,2026-08-31T20:10:55.369+00:00,2026-08-31T20:10:55.374+00:00,2026-08-31T20:10:55.374+00:00,2026-08-31T20:10:56.191+00:00,2026-08-31T20:10:56.191+00:00,0.341877,0.8171592429989687,sqs-worker-5986dcd897-x8rdl,ip-192-168-20-201.ec2.internal,009cd8046b6068dc3a85439545c141cf0573f0b9f49c83ebd6767d04009ccaf5,1,5.0,822.0
1,keda-poisson-505-9df581fd,000065,53.105433,2026-08-31T20:10:59.787+00:00,2026-08-31T20:10:55.972+00:00,2026-08-31T20:10:56.220+00:00,2026-08-31T20:10:56.220+00:00,2026-08-31T20:10:56.604+00:00,2026-08-31T20:10:56.604+00:00,0.169901,0.38459246100137534,sqs-worker-5986dcd897-x8rdl,ip-192-168-20-201.ec2.internal,7934a0385d330290a3dc3e1cc878f9f1aaf635b3969114d838d84d59ed826bd3,1,248.0,632.0
1,keda-poisson-505-9df581fd,000064,53.010804,2026-08-31T20:10:59.693+00:00,2026-08-31T20:10:55.874+00:00,2026-08-31T20:10:56.633+00:00,2026-08-31T20:10:56.633+00:00,2026-08-31T20:10:56.906+00:00,2026-08-31T20:10:56.906+00:00,0.117753,0.27365214899873536,sqs-worker-5986dcd897-x8rdl,ip-192-168-20-201.ec2.internal,383c6b266e95e3b7994fccddbd81e2a96a1bfce8f21ac6aa1669f53357e89563,1,759.0,1032.0
1,keda-poisson-505-9df581fd,000066,53.536903,2026-08-31T20:11:00.219+00:00,2026-08-31T20:10:56.402+00:00,2026-08-31T20:10:56.947+00:00,2026-08-31T20:10:56.947+00:00,2026-08-31T20:10:57.192+00:00,2026-08-31T20:10:57.192+00:00,0.101143,0.24531588200079568,sqs-worker-5986dcd897-x8rdl,ip-192-168-20-201.ec2.internal,0bd0d6ee947ea7d859fd4d6c78e15dbbfcab4fccd56c2be81fae0a2ddffda57b,1,545.0,790.0
1,keda-poisson-505-9df581fd,000067,54.481178,2026-08-31T20:11:01.164+00:00,2026-08-31T20:10:57.360+00:00,2026-08-31T20:10:57.364+00:00,2026-08-31T20:10:57.364+00:00,2026-08-31T20:10:57.607+00:00,2026-08-31T20:10:57.607+00:00,0.123051,0.24307700599820237,sqs-worker-5986dcd897-x8rdl,ip-192-168-20-201.ec2.internal,f136d8381d945b9e3ffc09998c1136d93d5cf46e3d66314e522162e54b8954c6,1,4.0,247.0
1,keda-poisson-505-9df581fd,000068,54.560216,2026-08-31T20:11:01.242+00:00,2026-08-31T20:10:57.429+00:00,2026-08-31T20:10:57.632+00:00,2026-08-31T20:10:57.632+00:00,2026-08-31T20:10:58.094+00:00,2026-08-31T20:10:58.094+00:00,0.183707,0.46202202800122905,sqs-worker-5986dcd897-x8rdl,ip-192-168-20-201.ec2.internal,2a32f9837a4263d94d3e0c23aeb9147ff23f9673911cf4ad5f58f0c018f0b857,1,203.0,665.0
1,keda-poisson-505-9df581fd,000069,54.749823,2026-08-31T20:11:01.431+00:00,2026-08-31T20:10:57.614+00:00,2026-08-31T20:10:58.114+00:00,2026-08-31T20:10:58.115+00:00,2026-08-31T20:10:59.382+00:00,2026-08-31T20:10:59.382+00:00,0.502839,1.2675613100000191,sqs-worker-5986dcd897-x8rdl,ip-192-168-20-201.ec2.internal,618274a092640f38cc28e22ac1e4800964ff540066487f0aac321e1f246033ab,1,500.0,1768.0
1,keda-poisson-505-9df581fd,000070,55.051165,2026-08-31T20:11:01.734+00:00,2026-08-31T20:10:57.917+00:00,2026-08-31T20:10:59.407+00:00,2026-08-31T20:10:59.407+00:00,2026-08-31T20:11:03.404+00:00,2026-08-31T20:11:03.404+00:00,1.0,3.997683321000295,sqs-worker-5986dcd897-x8rdl,ip-192-168-20-201.ec2.internal,ad45c80a8af23ac4aa843e8ed7ce35f34729f7a98522f58541f2ca59eb2882d8,1,1490.0,5487.0
1,keda-poisson-505-9df581fd,000075,57.75373,2026-08-31T20:11:04.435+00:00,2026-08-31T20:11:00.618+00:00,2026-08-31T20:11:03.419+00:00,2026-08-31T20:11:03.419+00:00,2026-08-31T20:11:03.994+00:00,2026-08-31T20:11:03.994+00:00,0.225167,0.574245895999411,sqs-worker-5986dcd897-x8rdl,ip-192-168-20-201.ec2.internal,f47ae32aac659e656dfd327979de7deb285df56f7ed0a9551d590d893189b2b5,1,2801.0,3376.0
1,keda-poisson-505-9df581fd,000076,58.556437,2026-08-31T20:11:05.239+00:00,2026-08-31T20:11:01.420+00:00,2026-08-31T20:11:04.006+00:00,2026-08-31T20:11:04.006+00:00,2026-08-31T20:11:05.299+00:00,2026-08-31T20:11:05.299+00:00,0.520875,1.292590029001076,sqs-worker-5986dcd897-x8rdl,ip-192-168-20-201.ec2.internal,36069feece1c466f64f59508e0329082740e052c3ff529718add7ca7b2ee05ea,1,2586.0,3879.0
1,keda-poisson-505-9df581fd,000072,56.202015,2026-08-31T20:11:02.884+00:00,2026-08-31T20:10:59.076+00:00,2026-08-31T20:11:05.312+00:00,2026-08-31T20:11:05.312+00:00,2026-08-31T20:11:05.485+00:00,2026-08-31T20:11:05.485+00:00,0.062188,0.1730652320002264,sqs-worker-5986dcd897-x8rdl,ip-192-168-20-201.ec2.internal,d60d898cc4b2f107c542c8b471f49b61cb157700c7c6f39272f14aebe63855fe,1,6236.0,6409.0
1,keda-poisson-505-9df581fd,000074,57.551486,2026-08-31T20:11:04.234+00:00,2026-08-31T20:11:00.422+00:00,2026-08-31T20:11:05.499+00:00,2026-08-31T20:11:05.499+00:00,2026-08-31T20:11:05.888+00:00,2026-08-31T20:11:05.888+00:00,0.158213,0.3888660520005942,sqs-worker-5986dcd897-x8rdl,ip-192-168-20-201.ec2.internal,2fe99056473f3db69d0bdf4b054ca56f61be07a313d7acd078e9271ea988d0c9,1,5077.0,5466.0
1,keda-poisson-505-9df581fd,000071,56.077453,2026-08-31T20:11:02.760+00:00,2026-08-31T20:10:58.942+00:00,2026-08-31T20:11:06.108+00:00,2026-08-31T20:11:06.108+00:00,2026-08-31T20:11:06.177+00:00,2026-08-31T20:11:06.177+00:00,0.02879,0.06889706699985254,sqs-worker-5986dcd897-x8rdl,ip-192-168-20-201.ec2.internal,93199c62ab463095db5b5ff77aa74f8ceecd1bd37cbceecb712c012a4d74a4ad,1,7166.0,7235.0
1,keda-poisson-505-9df581fd,000079,59.099733,2026-08-31T20:11:05.781+00:00,2026-08-31T20:11:01.968+00:00,2026-08-31T20:11:06.233+00:00,2026-08-31T20:11:06.233+00:00,2026-08-31T20:11:06.238+00:00,2026-08-31T20:11:06.238+00:00,0.005,0.0050330639987805625,sqs-worker-5986dcd897-x8rdl,ip-192-168-20-201.ec2.internal,d30f3bc755ca85232438df7eae3035a051e4e21d769cc77f978153165a26ee6b,1,4265.0,4270.0
1,keda-poisson-505-9df581fd,000084,62.126439,2026-08-31T20:11:08.809+00:00,2026-08-31T20:11:04.989+00:00,2026-08-31T20:11:05.902+00:00,2026-08-31T20:11:05.902+00:00,2026-08-31T20:11:06.084+00:00,2026-08-31T20:11:06.084+00:00,0.071884,0.18227541600026598,sqs-worker-5986dcd897-x8rdl,ip-192-168-20-201.ec2.internal,a41eafcead7ed65ce0aa1ee40b9e4b2131bbaa14330ac04bcda129609eb37eeb,1,913.0,1095.0
1,keda-poisson-505-9df581fd,000073,56.407777,2026-08-31T20:11:03.089+00:00,2026-08-31T20:10:59.274+00:00,2026-08-31T20:11:06.196+00:00,2026-08-31T20:11:06.196+00:00,2026-08-31T20:11:06.215+00:00,2026-08-31T20:11:06.215+00:00,0.019464,0.019522634998793365,sqs-worker-5986dcd897-x8rdl,ip-192-168-20-201.ec2.internal,e0936f953c0e3d84fb3571816e1a55fb4f7d18ce0f9ab48c15288932831f2ced,1,6922.0,6941.0
1,keda-poisson-505-9df581fd,000086,62.617578,2026-08-31T20:11:09.299+00:00,2026-08-31T20:11:05.484+00:00,2026-08-31T20:11:06.305+00:00,2026-08-31T20:11:06.305+00:00,2026-08-31T20:11:06.906+00:00,2026-08-31T20:11:06.906+00:00,0.26597,0.601114229999439,sqs-worker-5986dcd897-x8rdl,ip-192-168-20-201.ec2.internal,0b36a9895a25e675555b545f52ee99f3b51e5cce017aaf82e73aee51c63c59c9,1,821.0,1422.0
1,keda-poisson-505-9df581fd,000082,59.786821,2026-08-31T20:11:06.468+00:00,2026-08-31T20:11:02.655+00:00,2026-08-31T20:11:07.224+00:00,2026-08-31T20:11:07.224+00:00,2026-08-31T20:11:07.487+00:00,2026-08-31T20:11:07.487+00:00,0.099454,0.263561767000283,sqs-worker-5986dcd897-x8rdl,ip-192-168-20-201.ec2.internal,a687cbf5168abd8d80867ac6ad8750b3aa57805b3de46638e95ea6f5695c36b9,1,4569.0,4832.0
1,keda-poisson-505-9df581fd,000078,59.018716,2026-08-31T20:11:05.701+00:00,2026-08-31T20:11:01.884+00:00,2026-08-31T20:11:06.919+00:00,2026-08-31T20:11:06.919+00:00,2026-08-31T20:11:07.204+00:00,2026-08-31T20:11:07.204+00:00,0.114171,0.2851373399989825,sqs-worker-5986dcd897-x8rdl,ip-192-168-20-201.ec2.internal,edfad2c15c5975251b498f2d747b4e71fa00b063b2ec813d318fd42aba92ba3f,1,5035.0,5320.0
1,keda-poisson-505-9df581fd,000080,59.592709,2026-08-31T20:11:06.275+00:00,2026-08-31T20:11:02.456+00:00,2026-08-31T20:11:07.612+00:00,2026-08-31T20:11:07.612+00:00,2026-08-31T20:11:08.505+00:00,2026-08-31T20:11:08.505+00:00,0.365181,0.8929977560001134,sqs-worker-5986dcd897-x8rdl,ip-192-168-20-201.ec2.internal,a2895fb0ae71c3144cf95890f1cdeaaca0ebf7a95db50fd7dc6403f4806c055e,1,5156.0,6049.0
1,keda-poisson-505-9df581fd,000090,64.530684,2026-08-31T20:11:11.212+00:00,2026-08-31T20:11:07.397+00:00,2026-08-31T20:11:07.501+00:00,2026-08-31T20:11:07.501+00:00,2026-08-31T20:11:07.596+00:00,2026-08-31T20:11:07.596+00:00,0.044338,0.09545025599982182,sqs-worker-5986dcd897-x8rdl,ip-192-168-20-201.ec2.internal,9e1ff3dbae4cc5fb0128efafb5ec36da43e153d1e839d9c09689fa6873250083,1,104.0,199.0
1,keda-poisson-505-9df581fd,000089,64.098734,2026-08-31T20:11:10.781+00:00,2026-08-31T20:11:06.971+00:00,2026-08-31T20:11:08.526+00:00,2026-08-31T20:11:08.526+00:00,2026-08-31T20:11:09.485+00:00,2026-08-31T20:11:09.485+00:00,0.376437,0.9596067079983186,sqs-worker-5986dcd897-x8rdl,ip-192-168-20-201.ec2.internal,9afb027ca39e7805c8439ffdbb5a2dff6463d8061d45ad1688f6d148206fcae3,1,1555.0,2514.0
1,keda-poisson-505-9df581fd,000081,59.712622,2026-08-31T20:11:06.394+00:00,2026-08-31T20:11:02.579+00:00,2026-08-31T20:11:09.505+00:00,2026-08-31T20:11:09.505+00:00,2026-08-31T20:11:10.386+00:00,2026-08-31T20:11:10.386+00:00,0.202265,0.8802826190003543,sqs-worker-5986dcd897-x8rdl,ip-192-168-20-201.ec2.internal,7b9ae83ac32f35ec2ddab09e11910d57cf65a216b1dc41bf055ebe34b6431870,1,6926.0,7807.0
1,keda-poisson-505-9df581fd,000077,58.602754,2026-08-31T20:11:05.284+00:00,2026-08-31T20:11:01.468+00:00,2026-08-31T20:11:10.497+00:00,2026-08-31T20:11:10.497+00:00,2026-08-31T20:11:10.502+00:00,2026-08-31T20:11:10.502+00:00,0.005,0.005075868999483646,sqs-worker-5986dcd897-x8rdl,ip-192-168-20-201.ec2.internal,342b2470955842d1861a76b9e8e95698d28bf671e45c8368e3f9268ab29d131b,1,9029.0,9034.0
1,keda-poisson-505-9df581fd,000083,61.322642,2026-08-31T20:11:08.006+00:00,2026-08-31T20:11:04.186+00:00,2026-08-31T20:11:10.588+00:00,2026-08-31T20:11:10.588+00:00,2026-08-31T20:11:11.974+00:00,2026-08-31T20:11:11.974+00:00,0.259838,1.385837600000741,sqs-worker-5986dcd897-x8rdl,ip-192-168-20-201.ec2.internal,52a5b170615325af556ba0e5f96ea894005a9887da09b2877f3eeadc498f6cc4,1,6402.0,7788.0
1,keda-poisson-505-9df581fd,000091,64.619631,2026-08-31T20:11:11.301+00:00,2026-08-31T20:11:07.484+00:00,2026-08-31T20:11:11.992+00:00,2026-08-31T20:11:11.992+00:00,2026-08-31T20:11:12.598+00:00,2026-08-31T20:11:12.598+00:00,0.159314,0.6059476139998878,sqs-worker-5986dcd897-x8rdl,ip-192-168-20-201.ec2.internal,fda41e0f129e3e71f4dd64734b3134a667bcd05051e1a326ca4eebbeb141de5e,1,4508.0,5114.0
1,keda-poisson-505-9df581fd,000092,64.985141,2026-08-31T20:11:11.667+00:00,2026-08-31T20:11:07.847+00:00,2026-08-31T20:11:12.641+00:00,2026-08-31T20:11:12.641+00:00,2026-08-31T20:11:13.202+00:00,2026-08-31T20:11:13.202+00:00,0.239697,0.5609826310010249,sqs-worker-5986dcd897-x8rdl,ip-192-168-20-201.ec2.internal,1a27cc06dc0f6f24e190f14415f32ac2326978e8cece878fde97b1df4508fabd,1,4794.0,5355.0
1,keda-poisson-505-9df581fd,000096,68.836041,2026-08-31T20:11:15.518+00:00,2026-08-31T20:11:11.699+00:00,2026-08-31T20:11:13.214+00:00,2026-08-31T20:11:13.215+00:00,2026-08-31T20:11:13.386+00:00,2026-08-31T20:11:13.386+00:00,0.060382,0.1714750360006292,sqs-worker-5986dcd897-x8rdl,ip-192-168-20-201.ec2.internal,d19768ad7e466e7e10c61754d56b0c3abae0fadb6690fd8ebc1b10e7db937d0a,1,1515.0,1687.0
1,keda-poisson-505-9df581fd,000098,69.958582,2026-08-31T20:11:16.641+00:00,2026-08-31T20:11:12.832+00:00,2026-08-31T20:11:13.399+00:00,2026-08-31T20:11:13.399+00:00,2026-08-31T20:11:13.713+00:00,2026-08-31T20:11:13.713+00:00,0.143446,0.3139850959996693,sqs-worker-5986dcd897-x8rdl,ip-192-168-20-201.ec2.internal,14aeda86ebfc2efd6475650a5d30162f1ebd1a2f9b4536116d34c5ecdc43a154,1,567.0,881.0
1,keda-poisson-505-9df581fd,000088,63.028863,2026-08-31T20:11:09.712+00:00,2026-08-31T20:11:05.898+00:00,2026-08-31T20:11:13.788+00:00,2026-08-31T20:11:13.788+00:00,2026-08-31T20:11:13.906+00:00,2026-08-31T20:11:13.907+00:00,0.067907,0.1183497609999904,sqs-worker-5986dcd897-x8rdl,ip-192-168-20-201.ec2.internal,974962d5104abc51d9e9e579710eb7335270ce532c6a8423279c2360e23c709b,1,7890.0,8007.999999999999
1,keda-poisson-505-9df581fd,000085,62.581415,2026-08-31T20:11:09.263+00:00,2026-08-31T20:11:05.444+00:00,2026-08-31T20:11:13.920+00:00,2026-08-31T20:11:13.920+00:00,2026-08-31T20:11:15.977+00:00,2026-08-31T20:11:15.977+00:00,0.807233,2.0565774440001405,sqs-worker-5986dcd897-x8rdl,ip-192-168-20-201.ec2.internal,2a0eebde8b03689a4c408a42129c8bf3eb8934283f29800ddf4d75ac03a080ac,1,8476.0,10533.0
1,keda-poisson-505-9df581fd,000087,63.028556,2026-08-31T20:11:09.711+00:00,2026-08-31T20:11:05.987+00:00,2026-08-31T20:11:15.995+00:00,2026-08-31T20:11:15.995+00:00,2026-08-31T20:11:16.294+00:00,2026-08-31T20:11:16.294+00:00,0.133143,0.2996487620002881,sqs-worker-5986dcd897-x8rdl,ip-192-168-20-201.ec2.internal,045708e720cc22d3083cecea2b80eb0ca721a9256f876bb03f14a9ac301590f5,1,10008.0,10307.0
1,keda-poisson-505-9df581fd,000093,66.146368,2026-08-31T20:11:12.829+00:00,2026-08-31T20:11:09.010+00:00,2026-08-31T20:11:16.311+00:00,2026-08-31T20:11:16.311+00:00,2026-08-31T20:11:17.013+00:00,2026-08-31T20:11:17.013+00:00,0.294414,0.7017708620005578,sqs-worker-5986dcd897-x8rdl,ip-192-168-20-201.ec2.internal,92d7f7d307df8ba86afa05acd0c2299404c6262d3b144825d617101abb214aba,1,7301.0,8003.0
1,keda-poisson-505-9df581fd,000095,68.195346,2026-08-31T20:11:14.877+00:00,2026-08-31T20:11:11.062+00:00,2026-08-31T20:11:17.086+00:00,2026-08-31T20:11:17.086+00:00,2026-08-31T20:11:17.489+00:00,2026-08-31T20:11:17.489+00:00,0.170502,0.4028172430007544,sqs-worker-5986dcd897-x8rdl,ip-192-168-20-201.ec2.internal,b5bfd60f2a1f86b0437c02000e1a9af817069e165bae2b1c6fecbff4c8519638,1,6024.0,6427.0
1,keda-poisson-505-9df581fd,000099,70.321296,2026-08-31T20:11:17.003+00:00,2026-08-31T20:11:13.195+00:00,2026-08-31T20:11:18.299+00:00,2026-08-31T20:11:18.299+00:00,2026-08-31T20:11:18.499+00:00,2026-08-31T20:11:18.499+00:00,0.096087,0.20014851999985694,sqs-worker-5986dcd897-bvb7w,ip-192-168-20-201.ec2.internal,709f3be948312708903a5d703cad5e600874e873b305ddaf9c4f5ba93016dff0,1,5104.0,5304.0
1,keda-poisson-505-9df581fd,000104,74.036814,2026-08-31T20:11:20.720+00:00,2026-08-31T20:11:16.907+00:00,2026-08-31T20:11:18.527+00:00,2026-08-31T20:11:18.527+00:00,2026-08-31T20:11:18.998+00:00,2026-08-31T20:11:18.998+00:00,0.192449,0.4712634059997072,sqs-worker-5986dcd897-bvb7w,ip-192-168-20-201.ec2.internal,e27ccab9a8781f5c852fd42fc821ef7cd81ceb42b4dca3562ca635b3bf6d93ab,1,1620.0,2091.0
1,keda-poisson-505-9df581fd,000097,69.130175,2026-08-31T20:11:15.812+00:00,2026-08-31T20:11:11.993+00:00,2026-08-31T20:11:17.515+00:00,2026-08-31T20:11:17.515+00:00,2026-08-31T20:11:19.209+00:00,2026-08-31T20:11:19.209+00:00,0.695036,1.6945144729997992,sqs-worker-5986dcd897-x8rdl,ip-192-168-20-201.ec2.internal,34a2b0b7dd670828f4b457e4bac9ac533d7f07e6cbd928008006adf5160d92c4,1,5522.0,7216.0
1,keda-poisson-505-9df581fd,000106,74.700933,2026-08-31T20:11:21.383+00:00,2026-08-31T20:11:17.576+00:00,2026-08-31T20:11:19.301+00:00,2026-08-31T20:11:19.301+00:00,2026-08-31T20:11:19.481+00:00,2026-08-31T20:11:19.481+00:00,0.078177,0.1794899760006956,sqs-worker-5986dcd897-x8rdl,ip-192-168-20-201.ec2.internal,93cb8840b0c3caea0b2cf2cf8973995ae5bc5935966a19998004af23989bd6cf,1,1725.0,1905.0
1,keda-poisson-505-9df581fd,000100,71.780079,2026-08-31T20:11:18.463+00:00,2026-08-31T20:11:14.651+00:00,2026-08-31T20:11:19.229+00:00,2026-08-31T20:11:19.229+00:00,2026-08-31T20:11:19.278+00:00,2026-08-31T20:11:19.278+00:00,0.005,0.04949658799887402,sqs-worker-5986dcd897-x8rdl,ip-192-168-20-201.ec2.internal,01d25824f4fe6408bc506e4d4d2b049060712e31d079420e1aeb8a35bd7cb85d,1,4578.0,4627.0
1,keda-poisson-505-9df581fd,000094,67.756785,2026-08-31T20:11:14.440+00:00,2026-08-31T20:11:10.621+00:00,2026-08-31T20:11:19.141+00:00,2026-08-31T20:11:19.141+00:00,2026-08-31T20:11:19.363+00:00,2026-08-31T20:11:19.363+00:00,0.111372,0.22140604999913194,sqs-worker-5986dcd897-bvb7w,ip-192-168-20-201.ec2.internal,40f1756944e97b9840870c0a806306d93c77a166d5d4934ecd9d7e5b0ed1a9e3,1,8520.0,8742.0
1,keda-poisson-505-9df581fd,000102,72.485624,2026-08-31T20:11:19.167+00:00,2026-08-31T20:11:15.362+00:00,2026-08-31T20:11:19.769+00:00,2026-08-31T20:11:19.769+00:00,2026-08-31T20:11:20.148+00:00,2026-08-31T20:11:20.148+00:00,0.15749,0.3789025740006764,sqs-worker-5986dcd897-bvb7w,ip-192-168-20-201.ec2.internal,0f1d3c612a44552b81f37d88ca6a90ed5af31db5321ddaef14d0bb98de4cd8b2,1,4407.0,4786.0
1,keda-poisson-505-9df581fd,000101,72.397758,2026-08-31T20:11:19.080+00:00,2026-08-31T20:11:15.263+00:00,2026-08-31T20:11:19.394+00:00,2026-08-31T20:11:19.394+00:00,2026-08-31T20:11:19.746+00:00,2026-08-31T20:11:19.747+00:00,0.140592,0.35237427300126,sqs-worker-5986dcd897-bvb7w,ip-192-168-20-201.ec2.internal,8bff32c298d1d26e7782b227b31284a1ac50f6db5623719a69d3adaa6f25f2e2,1,4131.0,4483.0
1,keda-poisson-505-9df581fd,000108,75.493326,2026-08-31T20:11:22.175+00:00,2026-08-31T20:11:18.366+00:00,2026-08-31T20:11:20.176+00:00,2026-08-31T20:11:20.176+00:00,2026-08-31T20:11:20.436+00:00,2026-08-31T20:11:20.436+00:00,0.104715,0.2599866920008935,sqs-worker-5986dcd897-bvb7w,ip-192-168-20-201.ec2.internal,7c369232731960b38b847f7ba87790b211ddaf9e982e7b54b2ebf602daf20bc0,1,1810.0,2070.0
1,keda-poisson-505-9df581fd,000105,74.136309,2026-08-31T20:11:20.818+00:00,2026-08-31T20:11:17.003+00:00,2026-08-31T20:11:19.060+00:00,2026-08-31T20:11:19.060+00:00,2026-08-31T20:11:19.065+00:00,2026-08-31T20:11:19.065+00:00,0.005,0.0050440830000297865,sqs-worker-5986dcd897-bvb7w,ip-192-168-20-201.ec2.internal,56dce04b0b55d7141e9d9cd0d6abcdd07adb1a1a1588be7fa41932e35c332a70,1,2057.0,2062.0
1,keda-poisson-505-9df581fd,000113,76.357723,2026-08-31T20:11:23.039+00:00,2026-08-31T20:11:19.226+00:00,2026-08-31T20:11:19.495+00:00,2026-08-31T20:11:19.495+00:00,2026-08-31T20:11:19.803+00:00,2026-08-31T20:11:19.803+00:00,0.112219,0.30821995999940555,sqs-worker-5986dcd897-x8rdl,ip-192-168-20-201.ec2.internal,fe95f31e11b7a162c7695f6df6daaf9f1c217fb30880a705f8bf378e7792112f,1,269.0,577.0
1,keda-poisson-505-9df581fd,000110,75.933934,2026-08-31T20:11:22.615+00:00,2026-08-31T20:11:18.802+00:00,2026-08-31T20:11:20.876+00:00,2026-08-31T20:11:20.876+00:00,2026-08-31T20:11:20.952+00:00,2026-08-31T20:11:20.952+00:00,0.042108,0.07542222200027027,sqs-worker-5986dcd897-bvb7w,ip-192-168-20-201.ec2.internal,616f99f8f7d2ac9ffef29c93d61bc6ce540b5d1393a46bb230a7276bb1284e6c,1,2074.0,2150.0
1,keda-poisson-505-9df581fd,000107,75.369071,2026-08-31T20:11:22.051+00:00,2026-08-31T20:11:18.245+00:00,2026-08-31T20:11:21.001+00:00,2026-08-31T20:11:21.001+00:00,2026-08-31T20:11:21.439+00:00,2026-08-31T20:11:21.439+00:00,0.182467,0.43761472799997136,sqs-worker-5986dcd897-bvb7w,ip-192-168-20-201.ec2.internal,64b0873acc07f3e7b028dd70f9f90826f3b3b0010f363bbf03720c19411e6ff3,1,2756.0,3194.0
1,keda-poisson-505-9df581fd,000119,78.148149,2026-08-31T20:11:24.830+00:00,2026-08-31T20:11:21.018+00:00,2026-08-31T20:11:21.467+00:00,2026-08-31T20:11:21.467+00:00,2026-08-31T20:11:22.442+00:00,2026-08-31T20:11:22.442+00:00,0.398785,0.9748796120002226,sqs-worker-5986dcd897-bvb7w,ip-192-168-20-201.ec2.internal,e5a9fd08f317fc30f124f9f6f3194a5e41319f467ede611d3822ad99eadfdd2f,1,449.0,1424.0
1,keda-poisson-505-9df581fd,000114,76.468253,2026-08-31T20:11:23.150+00:00,2026-08-31T20:11:19.335+00:00,2026-08-31T20:11:20.464+00:00,2026-08-31T20:11:20.464+00:00,2026-08-31T20:11:20.846+00:00,2026-08-31T20:11:20.846+00:00,0.164821,0.38217633000022033,sqs-worker-5986dcd897-bvb7w,ip-192-168-20-201.ec2.internal,49f02f2f3f01c1a6eef97054dc050b7e88e3854a9a3e70294b814929b4f0a2c1,1,1129.0,1511.0
1,keda-poisson-505-9df581fd,000111,75.961374,2026-08-31T20:11:22.643+00:00,2026-08-31T20:11:18.838+00:00,2026-08-31T20:11:22.458+00:00,2026-08-31T20:11:22.458+00:00,2026-08-31T20:11:22.934+00:00,2026-08-31T20:11:22.934+00:00,0.1874,0.47515457199915545,sqs-worker-5986dcd897-bvb7w,ip-192-168-20-201.ec2.internal,ee685c79ab40fd5b9c1e2e3e64f839959a13ca1f2e2db0f8e287dde5792526d8,1,3620.0,4096.0
1,keda-poisson-505-9df581fd,000103,72.791858,2026-08-31T20:11:19.474+00:00,2026-08-31T20:11:15.664+00:00,2026-08-31T20:11:19.892+00:00,2026-08-31T20:11:19.892+00:00,2026-08-31T20:11:23.088+00:00,2026-08-31T20:11:23.088+00:00,0.663581,3.196333758000037,sqs-worker-5986dcd897-x8rdl,ip-192-168-20-201.ec2.internal,5a1da9c83879b7ff23de579c66c6cd5d0069181d06abe7c3633d65fc3c1d6336,1,4228.0,7424.0
1,keda-poisson-505-9df581fd,000115,76.920151,2026-08-31T20:11:23.602+00:00,2026-08-31T20:11:19.788+00:00,2026-08-31T20:11:22.954+00:00,2026-08-31T20:11:22.954+00:00,2026-08-31T20:11:23.278+00:00,2026-08-31T20:11:23.278+00:00,0.140138,0.32419557999855897,sqs-worker-5986dcd897-bvb7w,ip-192-168-20-201.ec2.internal,46e9ccd34a194e4b63a4d65139064ffc537e8340085cf1b1d076ef89293b21dc,1,3166.0,3490.0
1,keda-poisson-505-9df581fd,000116,77.383873,2026-08-31T20:11:24.066+00:00,2026-08-31T20:11:20.258+00:00,2026-08-31T20:11:23.295+00:00,2026-08-31T20:11:23.295+00:00,2026-08-31T20:11:23.343+00:00,2026-08-31T20:11:23.343+00:00,0.020006,0.048072220999529236,sqs-worker-5986dcd897-bvb7w,ip-192-168-20-201.ec2.internal,aca68ed1dd9fcca71452c17ac53977a7c47fc2e75bec4398e9de60532e65f7eb,1,3037.0,3085.0
1,keda-poisson-505-9df581fd,000109,75.809989,2026-08-31T20:11:22.493+00:00,2026-08-31T20:11:18.688+00:00,2026-08-31T20:11:23.142+00:00,2026-08-31T20:11:23.142+00:00,2026-08-31T20:11:23.374+00:00,2026-08-31T20:11:23.374+00:00,0.104869,0.23240923400044267,sqs-worker-5986dcd897-x8rdl,ip-192-168-20-201.ec2.internal,a3ccd1c602a7b3783d5eb66e2e071f59796d6903cab6f02b1ed8b99bfc0b77d4,1,4454.0,4686.0
1,keda-poisson-505-9df581fd,000117,77.616807,2026-08-31T20:11:24.299+00:00,2026-08-31T20:11:20.513+00:00,2026-08-31T20:11:23.396+00:00,2026-08-31T20:11:23.396+00:00,2026-08-31T20:11:24.107+00:00,2026-08-31T20:11:24.107+00:00,0.308079,0.7109087480002927,sqs-worker-5986dcd897-x8rdl,ip-192-168-20-201.ec2.internal,c7e03f61898e115049a383ed535d19ebc98f0ae03cfe936b5b03414c8c751788,1,2883.0,3594.0
1,keda-poisson-505-9df581fd,000118,77.825386,2026-08-31T20:11:24.507+00:00,2026-08-31T20:11:20.696+00:00,2026-08-31T20:11:24.174+00:00,2026-08-31T20:11:24.174+00:00,2026-08-31T20:11:24.203+00:00,2026-08-31T20:11:24.203+00:00,0.028783,0.028827543999796035,sqs-worker-5986dcd897-x8rdl,ip-192-168-20-201.ec2.internal,c4e637126512bb53ca6fde31285e3c285caf525249c6c88716377fe660fdec76,1,3478.0,3507.0
1,keda-poisson-505-9df581fd,000112,76.351003,2026-08-31T20:11:23.033+00:00,2026-08-31T20:11:19.216+00:00,2026-08-31T20:11:23.364+00:00,2026-08-31T20:11:23.364+00:00,2026-08-31T20:11:24.454+00:00,2026-08-31T20:11:24.454+00:00,0.447122,1.0892178719986987,sqs-worker-5986dcd897-bvb7w,ip-192-168-20-201.ec2.internal,57142d85eb69de9d865ed42924e7999a1d1d26c5f375b4f8ce9853a7639c3073,1,4148.0,5238.0
1,keda-poisson-505-9df581fd,000120,79.770347,2026-08-31T20:11:26.452+00:00,2026-08-31T20:11:22.638+00:00,2026-08-31T20:11:24.245+00:00,2026-08-31T20:11:24.245+00:00,2026-08-31T20:11:24.701+00:00,2026-08-31T20:11:24.701+00:00,0.188135,0.4564444059997186,sqs-worker-5986dcd897-x8rdl,ip-192-168-20-201.ec2.internal,7c2060b77491467df65f99c4e0634c6cc6bcd3de5e14db0dd93c87a6ab2b1a22,1,1607.0,2063.0
1,keda-poisson-505-9df581fd,000121,82.457574,2026-08-31T20:11:29.140+00:00,2026-08-31T20:11:25.326+00:00,2026-08-31T20:11:25.330+00:00,2026-08-31T20:11:25.330+00:00,2026-08-31T20:11:25.341+00:00,2026-08-31T20:11:25.341+00:00,0.010918,0.010958310000205529,sqs-worker-5986dcd897-bvb7w,ip-192-168-20-201.ec2.internal,09762bdf17c24305f20035b29ffb62b09549fcfa99009e1b659b431c13622709,1,4.0,15.0
1,keda-poisson-505-9df581fd,000122,82.5243,2026-08-31T20:11:29.204+00:00,2026-08-31T20:11:25.386+00:00,2026-08-31T20:11:25.390+00:00,2026-08-31T20:11:25.390+00:00,2026-08-31T20:11:25.414+00:00,2026-08-31T20:11:25.414+00:00,0.023959,0.02399776499987638,sqs-worker-5986dcd897-bvb7w,ip-192-168-20-201.ec2.internal,eb5910aca35867ba680b68597ff725fbf9def96ca4f3cad858d9badfac1624c8,1,4.0,28.0
1,keda-poisson-505-9df581fd,000123,83.27939,2026-08-31T20:11:29.960+00:00,2026-08-31T20:11:26.142+00:00,2026-08-31T20:11:26.146+00:00,2026-08-31T20:11:26.146+00:00,2026-08-31T20:11:26.216+00:00,2026-08-31T20:11:26.216+00:00,0.069599,0.06970277300024463,sqs-worker-5986dcd897-x8rdl,ip-192-168-20-201.ec2.internal,ebcfd768ce1e782017e223d9fe1f9304df677e1f57cce855dbcea78c585421d0,1,4.0,74.0
1,keda-poisson-505-9df581fd,000124,84.862714,2026-08-31T20:11:31.544+00:00,2026-08-31T20:11:27.726+00:00,2026-08-31T20:11:27.734+00:00,2026-08-31T20:11:27.734+00:00,2026-08-31T20:11:29.039+00:00,2026-08-31T20:11:29.039+00:00,0.275899,1.3045549200014648,sqs-worker-5986dcd897-bvb7w,ip-192-168-20-201.ec2.internal,7e8a19bd1b1e3d781ba531959188d96568571ab83882b9917bb43af152b99abe,1,8.0,1313.0
1,keda-poisson-505-9df581fd,000125,86.066848,2026-08-31T20:11:32.748+00:00,2026-08-31T20:11:28.930+00:00,2026-08-31T20:11:28.935+00:00,2026-08-31T20:11:28.935+00:00,2026-08-31T20:11:29.797+00:00,2026-08-31T20:11:29.797+00:00,0.336312,0.8621659529999306,sqs-worker-5986dcd897-x8rdl,ip-192-168-20-201.ec2.internal,42760b8259b5515c2e00718406a7575139265ac50131b088eda4ac58dc18eacd,1,5.0,867.0
1,keda-poisson-505-9df581fd,000126,86.904224,2026-08-31T20:11:33.585+00:00,2026-08-31T20:11:29.765+00:00,2026-08-31T20:11:29.770+00:00,2026-08-31T20:11:29.770+00:00,2026-08-31T20:11:31.333+00:00,2026-08-31T20:11:31.333+00:00,0.630204,1.5633093190008367,sqs-worker-5986dcd897-bvb7w,ip-192-168-20-201.ec2.internal,8c36f0aef2504bc4aace7028d6307a70e48ff2f415516ad758d61ce56a3a649a,1,5.0,1568.0
1,keda-poisson-505-9df581fd,000127,87.818868,2026-08-31T20:11:34.500+00:00,2026-08-31T20:11:30.682+00:00,2026-08-31T20:11:30.686+00:00,2026-08-31T20:11:30.686+00:00,2026-08-31T20:11:31.484+00:00,2026-08-31T20:11:31.484+00:00,0.139573,0.7979622769998969,sqs-worker-5986dcd897-x8rdl,ip-192-168-20-201.ec2.internal,a641c3b24525ac291a0c28515b0b470482b43310517496eaaa9002e47e8813e0,1,4.0,802.0
1,keda-poisson-505-9df581fd,000131,88.683244,2026-08-31T20:11:35.363+00:00,2026-08-31T20:11:31.547+00:00,2026-08-31T20:11:31.761+00:00,2026-08-31T20:11:31.761+00:00,2026-08-31T20:11:31.894+00:00,2026-08-31T20:11:31.894+00:00,0.0508,0.13296127500143484,sqs-worker-5986dcd897-x8rdl,ip-192-168-20-201.ec2.internal,44685484aafeaa41a734936529cfa94414c1789bd098e48b9f6b4c7dff724ffe,1,214.0,347.0
1,keda-poisson-505-9df581fd,000130,88.363337,2026-08-31T20:11:35.043+00:00,2026-08-31T20:11:31.227+00:00,2026-08-31T20:11:31.354+00:00,2026-08-31T20:11:31.354+00:00,2026-08-31T20:11:31.385+00:00,2026-08-31T20:11:31.385+00:00,0.015566,0.030786433999310248,sqs-worker-5986dcd897-bvb7w,ip-192-168-20-201.ec2.internal,1b2aad9facef95515778c4a7b9a6c830db0828f02d4150527063e82a89960002,1,127.0,158.0
1,keda-poisson-505-9df581fd,000129,88.296142,2026-08-31T20:11:34.976+00:00,2026-08-31T20:11:31.158+00:00,2026-08-31T20:11:31.515+00:00,2026-08-31T20:11:31.515+00:00,2026-08-31T20:11:31.717+00:00,2026-08-31T20:11:31.717+00:00,0.087469,0.20130823999897984,sqs-worker-5986dcd897-x8rdl,ip-192-168-20-201.ec2.internal,cbb2bfbbf471d334facb75bbdefa4afcf0b5c27f764655aec713b46126c5fac0,1,357.0,559.0
1,keda-poisson-505-9df581fd,000128,88.07007,2026-08-31T20:11:34.750+00:00,2026-08-31T20:11:30.937+00:00,2026-08-31T20:11:31.416+00:00,2026-08-31T20:11:31.416+00:00,2026-08-31T20:11:33.887+00:00,2026-08-31T20:11:33.887+00:00,1.0,2.4709985369991045,sqs-worker-5986dcd897-bvb7w,ip-192-168-20-201.ec2.internal,e99a5cb2a83d0bab2c227e0ee0e17ec384ba3c8cc70b0165f4a9a596083e03db,1,479.0,2950.0
1,keda-poisson-505-9df581fd,000132,91.526714,2026-08-31T20:11:38.209+00:00,2026-08-31T20:11:34.390+00:00,2026-08-31T20:11:34.394+00:00,2026-08-31T20:11:34.394+00:00,2026-08-31T20:11:34.591+00:00,2026-08-31T20:11:34.591+00:00,0.095302,0.19651075200090418,sqs-worker-5986dcd897-bvb7w,ip-192-168-20-201.ec2.internal,13a6eafaf9249df511831f50cda37b85da78f910b47d6839a30cf91e1ce57c42,1,4.0,201.0
1,keda-poisson-505-9df581fd,000133,92.857296,2026-08-31T20:11:39.538+00:00,2026-08-31T20:11:35.720+00:00,2026-08-31T20:11:35.725+00:00,2026-08-31T20:11:35.725+00:00,2026-08-31T20:11:35.918+00:00,2026-08-31T20:11:35.918+00:00,0.115863,0.19308188700051687,sqs-worker-5986dcd897-x8rdl,ip-192-168-20-201.ec2.internal,3635b6edfe6b50870ed27779a1bd4d18f749ce6ec81d43e36e7ccdb0ed8358e5,1,5.0,198.0
1,keda-poisson-505-9df581fd,000135,93.049589,2026-08-31T20:11:39.729+00:00,2026-08-31T20:11:35.912+00:00,2026-08-31T20:11:35.955+00:00,2026-08-31T20:11:35.955+00:00,2026-08-31T20:11:36.119+00:00,2026-08-31T20:11:36.119+00:00,0.074172,0.1643925100015622,sqs-worker-5986dcd897-x8rdl,ip-192-168-20-201.ec2.internal,ee2cbb69c26128d852c8c4cfe680fdeb3effa37f203e711cf29191b51733eedb,1,43.0,207.0
1,keda-poisson-505-9df581fd,000134,92.876903,2026-08-31T20:11:39.557+00:00,2026-08-31T20:11:35.746+00:00,2026-08-31T20:11:35.750+00:00,2026-08-31T20:11:35.751+00:00,2026-08-31T20:11:37.042+00:00,2026-08-31T20:11:37.042+00:00,0.53264,1.2920090280003933,sqs-worker-5986dcd897-bvb7w,ip-192-168-20-201.ec2.internal,bc5b626b6e840cb92949450d99232437ac1f9239db39392a8e5a91f1c54aba77,1,4.0,1296.0
1,keda-poisson-505-9df581fd,000139,93.885977,2026-08-31T20:11:40.566+00:00,2026-08-31T20:11:36.749+00:00,2026-08-31T20:11:37.062+00:00,2026-08-31T20:11:37.062+00:00,2026-08-31T20:11:37.155+00:00,2026-08-31T20:11:37.155+00:00,0.048827,0.09332410800016078,sqs-worker-5986dcd897-bvb7w,ip-192-168-20-201.ec2.internal,1c8a860f0ffd4ea74cc403b8638f5e35c6fb76b3821a3f5cbeb511f0fc2abfde,1,313.0,406.0
1,keda-poisson-505-9df581fd,000136,93.108783,2026-08-31T20:11:39.789+00:00,2026-08-31T20:11:35.975+00:00,2026-08-31T20:11:36.168+00:00,2026-08-31T20:11:36.168+00:00,2026-08-31T20:11:37.522+00:00,2026-08-31T20:11:37.522+00:00,0.559864,1.3532867619996978,sqs-worker-5986dcd897-x8rdl,ip-192-168-20-201.ec2.internal,3f31baab9048f07d746671cad8091f8f27775d98dcefd6a4b11fe4c821f3f1b3,1,193.0,1547.0
1,keda-poisson-505-9df581fd,000137,93.59205,2026-08-31T20:11:40.272+00:00,2026-08-31T20:11:36.454+00:00,2026-08-31T20:11:37.200+00:00,2026-08-31T20:11:37.200+00:00,2026-08-31T20:11:37.945+00:00,2026-08-31T20:11:37.945+00:00,0.285228,0.7453862860002118,sqs-worker-5986dcd897-bvb7w,ip-192-168-20-201.ec2.internal,5b463d3825b4911372354ddb86744a813da33b3b00211ef86545db7a78bd8e9b,1,746.0,1491.0
1,keda-poisson-505-9df581fd,000138,93.722835,2026-08-31T20:11:40.403+00:00,2026-08-31T20:11:36.589+00:00,2026-08-31T20:11:37.609+00:00,2026-08-31T20:11:37.609+00:00,2026-08-31T20:11:38.090+00:00,2026-08-31T20:11:38.090+00:00,0.200994,0.48122535299989977,sqs-worker-5986dcd897-x8rdl,ip-192-168-20-201.ec2.internal,1a9ceb4740133b351fd53e8e93180af7cee28414772b386a9d61f2826f6b4e33,1,1020.0,1501.0
1,keda-poisson-505-9df581fd,000140,96.456455,2026-08-31T20:11:43.139+00:00,2026-08-31T20:11:39.325+00:00,2026-08-31T20:11:39.329+00:00,2026-08-31T20:11:39.330+00:00,2026-08-31T20:11:39.518+00:00,2026-08-31T20:11:39.518+00:00,0.115491,0.1886607760006882,sqs-worker-5986dcd897-x8rdl,ip-192-168-20-201.ec2.internal,634618d68bc96a450ebb6aa27b32312847f40bc23fada12fb7c0ea22574d040d,1,4.0,193.0
1,keda-poisson-505-9df581fd,000141,96.632756,2026-08-31T20:11:43.313+00:00,2026-08-31T20:11:39.497+00:00,2026-08-31T20:11:39.502+00:00,2026-08-31T20:11:39.502+00:00,2026-08-31T20:11:39.632+00:00,2026-08-31T20:11:39.632+00:00,0.072623,0.12952721100009512,sqs-worker-5986dcd897-bvb7w,ip-192-168-20-201.ec2.internal,23a04cea2f59035075dba5e304e7dd00b2ca01d4fa4637f2e654acc8c7546c26,1,5.0,135.0
1,keda-poisson-505-9df581fd,000143,98.256266,2026-08-31T20:11:44.937+00:00,2026-08-31T20:11:41.126+00:00,2026-08-31T20:11:41.138+00:00,2026-08-31T20:11:41.138+00:00,2026-08-31T20:11:41.259+00:00,2026-08-31T20:11:41.259+00:00,0.068477,0.12162977299885824,sqs-worker-5986dcd897-bvb7w,ip-192-168-20-201.ec2.internal,2913c4391c65ed02c44c869c130deab2a7743393e59e99085f4f61c934cc3601,1,12.0,133.0
1,keda-poisson-505-9df581fd,000144,99.005223,2026-08-31T20:11:45.686+00:00,2026-08-31T20:11:41.877+00:00,2026-08-31T20:11:41.884+00:00,2026-08-31T20:11:41.884+00:00,2026-08-31T20:11:42.079+00:00,2026-08-31T20:11:42.079+00:00,0.086399,0.19470263199946203,sqs-worker-5986dcd897-bvb7w,ip-192-168-20-201.ec2.internal,db6a6ea71a4f23ad9a96964774b679e692ddefad431660fcb367d6de099043d2,1,7.0,202.0
1,keda-poisson-505-9df581fd,000142,96.875018,2026-08-31T20:11:43.555+00:00,2026-08-31T20:11:39.735+00:00,2026-08-31T20:11:39.741+00:00,2026-08-31T20:11:39.741+00:00,2026-08-31T20:11:42.909+00:00,2026-08-31T20:11:42.909+00:00,0.713737,3.167666133000239,sqs-worker-5986dcd897-x8rdl,ip-192-168-20-201.ec2.internal,bca4db0f2f4243e7df32fd26bc77e9f431766839a5488e6a4c31dab7ed07fa40,1,6.0,3174.0
1,keda-poisson-505-9df581fd,000145,99.079466,2026-08-31T20:11:45.759+00:00,2026-08-31T20:11:41.954+00:00,2026-08-31T20:11:42.117+00:00,2026-08-31T20:11:42.117+00:00,2026-08-31T20:11:43.144+00:00,2026-08-31T20:11:43.144+00:00,0.429626,1.0273750800006383,sqs-worker-5986dcd897-bvb7w,ip-192-168-20-201.ec2.internal,d0f9d79c142c1f8d189ab2db7c71af3f9aa28045aaae79143faed30108cbe875,1,163.0,1190.0
1,keda-poisson-505-9df581fd,000146,99.607489,2026-08-31T20:11:46.288+00:00,2026-08-31T20:11:42.478+00:00,2026-08-31T20:11:42.949+00:00,2026-08-31T20:11:42.949+00:00,2026-08-31T20:11:43.498+00:00,2026-08-31T20:11:43.498+00:00,0.22494,0.5483557580009801,sqs-worker-5986dcd897-x8rdl,ip-192-168-20-201.ec2.internal,d7f42b367b22fd06730b1521a688cdc4403847ff52450242d1a438586c8c127b,1,471.0,1020.0
1,keda-poisson-505-9df581fd,000148,101.603019,2026-08-31T20:11:48.283+00:00,2026-08-31T20:11:44.490+00:00,2026-08-31T20:11:44.495+00:00,2026-08-31T20:11:44.495+00:00,2026-08-31T20:11:44.579+00:00,2026-08-31T20:11:44.579+00:00,0.044229,0.08444981800130336,sqs-worker-5986dcd897-bvb7w,ip-192-168-20-201.ec2.internal,41f116bb3e21751eb93c2bd731275f9b001bcf1a5ffa091e6356d4135f2e693a,1,5.0,89.0
1,keda-poisson-505-9df581fd,000147,101.153155,2026-08-31T20:11:47.834+00:00,2026-08-31T20:11:44.020+00:00,2026-08-31T20:11:44.025+00:00,2026-08-31T20:11:44.025+00:00,2026-08-31T20:11:44.590+00:00,2026-08-31T20:11:44.590+00:00,0.246863,0.5645146229999227,sqs-worker-5986dcd897-x8rdl,ip-192-168-20-201.ec2.internal,1fdcbff740df181b087b92a5c15e1b50983233303de154e527adddca01e16dc3,1,5.0,570.0
1,keda-poisson-505-9df581fd,000149,101.787966,2026-08-31T20:11:48.468+00:00,2026-08-31T20:11:44.656+00:00,2026-08-31T20:11:44.660+00:00,2026-08-31T20:11:44.661+00:00,2026-08-31T20:11:44.675+00:00,2026-08-31T20:11:44.675+00:00,0.01492,0.014959045000068727,sqs-worker-5986dcd897-bvb7w,ip-192-168-20-201.ec2.internal,7f428ee9e1b5c039956e792f274d355f20c62fd6814dfca0b9ab85600e5afaa6,1,4.0,19.0
1,keda-poisson-505-9df581fd,000150,102.361106,2026-08-31T20:11:49.041+00:00,2026-08-31T20:11:45.234+00:00,2026-08-31T20:11:45.237+00:00,2026-08-31T20:11:45.237+00:00,2026-08-31T20:11:45.348+00:00,2026-08-31T20:11:45.348+00:00,0.058379,0.11095575999934226,sqs-worker-5986dcd897-bvb7w,ip-192-168-20-201.ec2.internal,db147bcc8ca35bfa456c750c61fc5c3953864a39117a33feb1c30b41e58feb60,1,3.0,114.0
1,keda-poisson-505-9df581fd,000152,103.649631,2026-08-31T20:11:50.329+00:00,2026-08-31T20:11:46.517+00:00,2026-08-31T20:11:46.522+00:00,2026-08-31T20:11:46.522+00:00,2026-08-31T20:11:46.738+00:00,2026-08-31T20:11:46.738+00:00,0.098207,0.21613115199943422,sqs-worker-5986dcd897-bvb7w,ip-192-168-20-201.ec2.internal,9d572d9909d52a400c0d82fafb69399e2f68b821e3c7a1535cae0049abbb95fe,1,5.0,221.0
1,keda-poisson-505-9df581fd,000153,103.656556,2026-08-31T20:11:50.336+00:00,2026-08-31T20:11:46.525+00:00,2026-08-31T20:11:46.760+00:00,2026-08-31T20:11:46.760+00:00,2026-08-31T20:11:47.051+00:00,2026-08-31T20:11:47.051+00:00,0.127908,0.2910197649998736,sqs-worker-5986dcd897-bvb7w,ip-192-168-20-201.ec2.internal,10be7c3f44c84b8e5278335afb1d530c1e898169c31e1f8f7f3af37fd8e09517,1,235.0,526.0
1,keda-poisson-505-9df581fd,000151,103.604802,2026-08-31T20:11:50.286+00:00,2026-08-31T20:11:46.472+00:00,2026-08-31T20:11:46.482+00:00,2026-08-31T20:11:46.483+00:00,2026-08-31T20:11:46.822+00:00,2026-08-31T20:11:46.822+00:00,0.156908,0.3394360479996976,sqs-worker-5986dcd897-x8rdl,ip-192-168-20-201.ec2.internal,d8b580dc02d6b7e8c0c47f30faafb86603ef7b280ba59a8780488d0bf09ba189,1,10.0,350.0
1,keda-poisson-505-9df581fd,000154,104.530242,2026-08-31T20:11:51.214+00:00,2026-08-31T20:11:47.400+00:00,2026-08-31T20:11:47.404+00:00,2026-08-31T20:11:47.404+00:00,2026-08-31T20:11:47.890+00:00,2026-08-31T20:11:47.890+00:00,0.209159,0.4856383480000659,sqs-worker-5986dcd897-bvb7w,ip-192-168-20-201.ec2.internal,28908c8f96f72b98f56376d10f44d6bea3584f7c4d26fe85d1b4265a270c4a64,1,4.0,490.0
1,keda-poisson-505-9df581fd,000156,105.446858,2026-08-31T20:11:52.127+00:00,2026-08-31T20:11:48.317+00:00,2026-08-31T20:11:48.322+00:00,2026-08-31T20:11:48.322+00:00,2026-08-31T20:11:48.506+00:00,2026-08-31T20:11:48.506+00:00,0.099379,0.18396934600059467,sqs-worker-5986dcd897-x8rdl,ip-192-168-20-201.ec2.internal,398b8bedae8fa05295073db3ef5947db3b575a44246885fbd161c4695e5da050,1,5.0,189.0
1,keda-poisson-505-9df581fd,000155,105.026314,2026-08-31T20:11:51.706+00:00,2026-08-31T20:11:47.909+00:00,2026-08-31T20:11:47.913+00:00,2026-08-31T20:11:47.913+00:00,2026-08-31T20:11:48.592+00:00,2026-08-31T20:11:48.592+00:00,0.286015,0.6790623769993545,sqs-worker-5986dcd897-q9xtx,ip-192-168-20-201.ec2.internal,a2aa9c4949cb6509dff43017166d281832e4b2922f66767bc76a94d617c22f00,1,4.0,683.0
1,keda-poisson-505-9df581fd,000157,105.544764,2026-08-31T20:11:52.225+00:00,2026-08-31T20:11:48.406+00:00,2026-08-31T20:11:48.437+00:00,2026-08-31T20:11:48.437+00:00,2026-08-31T20:11:48.579+00:00,2026-08-31T20:11:48.579+00:00,0.038006,0.14235818099950848,sqs-worker-5986dcd897-bvb7w,ip-192-168-20-201.ec2.internal,7dbbaaa0d10baf65a6b0a3924d550a372289fccda87b28832364c777047dad94,1,31.0,173.0
1,keda-poisson-505-9df581fd,000159,107.065213,2026-08-31T20:11:53.745+00:00,2026-08-31T20:11:49.937+00:00,2026-08-31T20:11:49.945+00:00,2026-08-31T20:11:49.945+00:00,2026-08-31T20:11:50.496+00:00,2026-08-31T20:11:50.496+00:00,0.239251,0.5506409680001525,sqs-worker-5986dcd897-bvb7w,ip-192-168-20-201.ec2.internal,4143052d5a35251adfcdc340e96202b50868cba22c520d96481904f39f48f4c1,1,8.0,559.0
1,keda-poisson-505-9df581fd,000158,106.631521,2026-08-31T20:11:53.312+00:00,2026-08-31T20:11:49.497+00:00,2026-08-31T20:11:49.501+00:00,2026-08-31T20:11:49.501+00:00,2026-08-31T20:11:50.498+00:00,2026-08-31T20:11:50.498+00:00,0.247797,0.9966354289990704,sqs-worker-5986dcd897-x8rdl,ip-192-168-20-201.ec2.internal,8481782c2280ec70e6c502617f3d21645276f9ac8fef89081039b3095a23a66a,1,4.0,1000.9999999999999
1,keda-poisson-505-9df581fd,000160,107.858467,2026-08-31T20:11:54.539+00:00,2026-08-31T20:11:50.724+00:00,2026-08-31T20:11:50.728+00:00,2026-08-31T20:11:50.728+00:00,2026-08-31T20:11:50.752+00:00,2026-08-31T20:11:50.752+00:00,0.023778,0.02383151299909514,sqs-worker-5986dcd897-q9xtx,ip-192-168-20-201.ec2.internal,68829c5fbc5759e285192f8d22880529a5fe6da648bd936798a7841ba504537e,1,4.0,28.0
1,keda-poisson-505-9df581fd,000161,108.100533,2026-08-31T20:11:54.780+00:00,2026-08-31T20:11:50.967+00:00,2026-08-31T20:11:50.971+00:00,2026-08-31T20:11:50.971+00:00,2026-08-31T20:11:51.413+00:00,2026-08-31T20:11:51.413+00:00,0.18871,0.4418065910012956,sqs-worker-5986dcd897-bvb7w,ip-192-168-20-201.ec2.internal,4a68a5937ddecc696a66687e5be4ddce66b8671dbf129a4b3f38ae9e047c8311,1,4.0,446.0
1,keda-poisson-505-9df581fd,000163,109.006492,2026-08-31T20:11:55.686+00:00,2026-08-31T20:11:51.869+00:00,2026-08-31T20:11:51.872+00:00,2026-08-31T20:11:51.872+00:00,2026-08-31T20:11:52.002+00:00,2026-08-31T20:11:52.002+00:00,0.071964,0.13002080300066154,sqs-worker-5986dcd897-q9xtx,ip-192-168-20-201.ec2.internal,74a4fe52bc9fa6a1f602c9df98bde9d853d459b61b162a601e93b35fb775eba9,1,3.0,133.0
1,keda-poisson-505-9df581fd,000162,108.281542,2026-08-31T20:11:54.961+00:00,2026-08-31T20:11:51.146+00:00,2026-08-31T20:11:51.154+00:00,2026-08-31T20:11:51.154+00:00,2026-08-31T20:11:52.283+00:00,2026-08-31T20:11:52.283+00:00,0.31392,1.1292474290003156,sqs-worker-5986dcd897-x8rdl,ip-192-168-20-201.ec2.internal,5fa91c81798e0c31660ce6861537b4e61de597883a3d16e95408e13bfd6c8276,1,8.0,1137.0
1,keda-poisson-505-9df581fd,000164,109.04641,2026-08-31T20:11:55.725+00:00,2026-08-31T20:11:51.905+00:00,2026-08-31T20:11:51.910+00:00,2026-08-31T20:11:51.910+00:00,2026-08-31T20:11:52.832+00:00,2026-08-31T20:11:52.832+00:00,0.38413,0.9218933049996849,sqs-worker-5986dcd897-bvb7w,ip-192-168-20-201.ec2.internal,60f9ea4e4ce660f9e21d35d0ae4d5990f36345f388f40c1838c6b5362c3d863d,1,5.0,927.0
1,keda-poisson-505-9df581fd,000165,110.235788,2026-08-31T20:11:56.916+00:00,2026-08-31T20:11:53.099+00:00,2026-08-31T20:11:53.103+00:00,2026-08-31T20:11:53.103+00:00,2026-08-31T20:11:53.507+00:00,2026-08-31T20:11:53.508+00:00,0.171197,0.40473697900051775,sqs-worker-5986dcd897-q9xtx,ip-192-168-20-201.ec2.internal,e50aeaab2ca46d6855c14ccb3d8cfb70d3407d9e3501077abacf249454a8fe8a,1,4.0,408.0
1,keda-poisson-505-9df581fd,000167,110.669231,2026-08-31T20:11:57.348+00:00,2026-08-31T20:11:53.529+00:00,2026-08-31T20:11:53.534+00:00,2026-08-31T20:11:53.534+00:00,2026-08-31T20:11:53.636+00:00,2026-08-31T20:11:53.636+00:00,0.0597,0.10152971100069408,sqs-worker-5986dcd897-x8rdl,ip-192-168-20-201.ec2.internal,7b7ee834a5800665ae37599b795515a67550c916eae74c476dc1444d6af79851,1,5.0,107.0
1,keda-poisson-505-9df581fd,000166,110.423549,2026-08-31T20:11:57.103+00:00,2026-08-31T20:11:53.286+00:00,2026-08-31T20:11:53.291+00:00,2026-08-31T20:11:53.291+00:00,2026-08-31T20:11:54.479+00:00,2026-08-31T20:11:54.479+00:00,0.504082,1.187945473999207,sqs-worker-5986dcd897-bvb7w,ip-192-168-20-201.ec2.internal,e1f8b3d802f514831e3d8d8794ab116383475e12ec436f2eb12edef9464ad324,1,5.0,1193.0
1,keda-poisson-505-9df581fd,000168,113.325793,2026-08-31T20:12:00.005+00:00,2026-08-31T20:11:56.186+00:00,2026-08-31T20:11:56.190+00:00,2026-08-31T20:11:56.190+00:00,2026-08-31T20:11:57.519+00:00,2026-08-31T20:11:57.519+00:00,0.552028,1.3288443830006145,sqs-worker-5986dcd897-q9xtx,ip-192-168-20-201.ec2.internal,96f4686081a30bac49ccc135754bbe3eb1279ef2477ce32f4856e757537ad25f,1,4.0,1333.0
1,keda-poisson-505-9df581fd,000169,114.383425,2026-08-31T20:12:01.063+00:00,2026-08-31T20:11:57.250+00:00,2026-08-31T20:11:57.256+00:00,2026-08-31T20:11:57.256+00:00,2026-08-31T20:11:58.791+00:00,2026-08-31T20:11:58.791+00:00,0.629337,1.5347371529987868,sqs-worker-5986dcd897-x8rdl,ip-192-168-20-201.ec2.internal,a3ee1d0ce0646d99d4a3a41e93e5a3f78c9f9a6b4b5da49bdf80cd16148607b6,1,6.0,1541.0
1,keda-poisson-505-9df581fd,000171,116.002264,2026-08-31T20:12:02.682+00:00,2026-08-31T20:11:58.862+00:00,2026-08-31T20:11:58.866+00:00,2026-08-31T20:11:58.866+00:00,2026-08-31T20:11:59.118+00:00,2026-08-31T20:11:59.118+00:00,0.122997,0.2513829119998263,sqs-worker-5986dcd897-x8rdl,ip-192-168-20-201.ec2.internal,5f3babb80e969f5f488479291981ef3447d156319ce4ae4eef54ef655260e21a,1,4.0,256.0
1,keda-poisson-505-9df581fd,000170,115.574257,2026-08-31T20:12:02.254+00:00,2026-08-31T20:11:58.435+00:00,2026-08-31T20:11:58.439+00:00,2026-08-31T20:11:58.439+00:00,2026-08-31T20:11:59.280+00:00,2026-08-31T20:11:59.280+00:00,0.138239,0.8413743490000343,sqs-worker-5986dcd897-bvb7w,ip-192-168-20-201.ec2.internal,b8d6a5acd53863c76e92a996467f1daa27fa6feb6b7311376d7b211fdeb65900,1,4.0,845.0
1,keda-poisson-505-9df581fd,000172,116.359671,2026-08-31T20:12:03.039+00:00,2026-08-31T20:11:59.220+00:00,2026-08-31T20:11:59.224+00:00,2026-08-31T20:11:59.224+00:00,2026-08-31T20:11:59.322+00:00,2026-08-31T20:11:59.322+00:00,0.079449,0.09843244799958484,sqs-worker-5986dcd897-x8rdl,ip-192-168-20-201.ec2.internal,d991948ecb7f6bced7d8eb690b66df3a21f8906d36278a4f121dad991475858d,1,4.0,102.0
1,keda-poisson-505-9df581fd,000173,117.240306,2026-08-31T20:12:03.920+00:00,2026-08-31T20:12:00.101+00:00,2026-08-31T20:12:00.110+00:00,2026-08-31T20:12:00.110+00:00,2026-08-31T20:12:00.608+00:00,2026-08-31T20:12:00.608+00:00,0.210808,0.4986168169998564,sqs-worker-5986dcd897-q9xtx,ip-192-168-20-201.ec2.internal,6066cca9a86a5906d302af58f78198ed9c4b052658f58628d4e5eb3a26ca4602,1,9.0,507.0
1,keda-poisson-505-9df581fd,000174,117.426631,2026-08-31T20:12:04.106+00:00,2026-08-31T20:12:00.286+00:00,2026-08-31T20:12:00.292+00:00,2026-08-31T20:12:00.292+00:00,2026-08-31T20:12:01.439+00:00,2026-08-31T20:12:01.439+00:00,0.467893,1.147171612999955,sqs-worker-5986dcd897-bvb7w,ip-192-168-20-201.ec2.internal,0776067b228f7ca2d339abdaeb4fcc4e54df3f8fda54bb39155a4c3a1d763695,1,6.0,1153.0
1,keda-poisson-505-9df581fd,000175,117.655603,2026-08-31T20:12:04.335+00:00,2026-08-31T20:12:00.515+00:00,2026-08-31T20:12:00.575+00:00,2026-08-31T20:12:00.575+00:00,2026-08-31T20:12:01.776+00:00,2026-08-31T20:12:01.776+00:00,0.297625,1.2009137349996308,sqs-worker-5986dcd897-x8rdl,ip-192-168-20-201.ec2.internal,4f0fdf2a9c86343acc17805e183d2d9938302d29e8d86e2adf1a99eddf9cbf97,1,60.0,1261.0
1,keda-poisson-505-9df581fd,000176,120.45624,2026-08-31T20:12:07.137+00:00,2026-08-31T20:12:03.320+00:00,2026-08-31T20:12:03.326+00:00,2026-08-31T20:12:03.326+00:00,2026-08-31T20:12:03.817+00:00,2026-08-31T20:12:03.817+00:00,0.233966,0.49071223299870326,sqs-worker-5986dcd897-x8rdl,ip-192-168-20-201.ec2.internal,655f0564457847e81e38e595728472b54ba959e5422bd2991ec1e16a50fb6a08,1,6.0,497.0
1,keda-poisson-505-9df581fd,000177,122.443456,2026-08-31T20:12:09.124+00:00,2026-08-31T20:12:05.326+00:00,2026-08-31T20:12:05.330+00:00,2026-08-31T20:12:05.330+00:00,2026-08-31T20:12:05.956+00:00,2026-08-31T20:12:05.956+00:00,0.264928,0.6257211989995994,sqs-worker-5986dcd897-q9xtx,ip-192-168-20-201.ec2.internal,9c2f94c52e4603f1547f18d1d10dca86e06f530bbb11c1ba1d135338d9641fd9,1,4.0,630.0
1,keda-poisson-505-9df581fd,000178,123.993886,2026-08-31T20:12:10.674+00:00,2026-08-31T20:12:06.860+00:00,2026-08-31T20:12:06.865+00:00,2026-08-31T20:12:06.865+00:00,2026-08-31T20:12:07.046+00:00,2026-08-31T20:12:07.046+00:00,0.09512,0.18091080999874976,sqs-worker-5986dcd897-bvb7w,ip-192-168-20-201.ec2.internal,cf81e3209cb3ce133c3b10a56bfd1cd5d72ed5a410c0d275cb4022a76e5ffe55,1,5.0,186.0
1,keda-poisson-505-9df581fd,000179,124.697717,2026-08-31T20:12:11.377+00:00,2026-08-31T20:12:07.563+00:00,2026-08-31T20:12:07.569+00:00,2026-08-31T20:12:07.569+00:00,2026-08-31T20:12:08.196+00:00,2026-08-31T20:12:08.196+00:00,0.26016,0.6269276839993836,sqs-worker-5986dcd897-x8rdl,ip-192-168-20-201.ec2.internal,11091cae9ab66a6bcb0ceabd50fc093ac9ed7e2646adfebe9304586ac023752f,1,6.0,633.0
1,keda-poisson-505-9df581fd,000180,125.788491,2026-08-31T20:12:12.469+00:00,2026-08-31T20:12:08.654+00:00,2026-08-31T20:12:08.687+00:00,2026-08-31T20:12:08.687+00:00,2026-08-31T20:12:08.990+00:00,2026-08-31T20:12:08.990+00:00,0.062191,0.3032272660002491,sqs-worker-5986dcd897-q9xtx,ip-192-168-20-201.ec2.internal,17e71b912c275708f899076963b931f852901748b609a77a524a599790b5dbc0,1,33.0,336.0
1,keda-poisson-505-9df581fd,000182,127.208185,2026-08-31T20:12:13.887+00:00,2026-08-31T20:12:10.074+00:00,2026-08-31T20:12:10.087+00:00,2026-08-31T20:12:10.087+00:00,2026-08-31T20:12:10.288+00:00,2026-08-31T20:12:10.288+00:00,0.037099,0.20102630899964424,sqs-worker-5986dcd897-x8rdl,ip-192-168-20-201.ec2.internal,3180756d1e6fe86cd8a0557a6088ec582f023a03f7ad03278b68d03514cbf5bc,1,13.0,214.0
1,keda-poisson-505-9df581fd,000181,126.919181,2026-08-31T20:12:13.599+00:00,2026-08-31T20:12:09.783+00:00,2026-08-31T20:12:09.788+00:00,2026-08-31T20:12:09.788+00:00,2026-08-31T20:12:10.398+00:00,2026-08-31T20:12:10.398+00:00,0.259828,0.6096402409984876,sqs-worker-5986dcd897-bvb7w,ip-192-168-20-201.ec2.internal,8d2c6af840693f0ec97f5b571e89c7684e3927e8dcd85ef11997bc3bfd9eb769,1,5.0,615.0
1,keda-poisson-505-9df581fd,000184,128.14266,2026-08-31T20:12:14.822+00:00,2026-08-31T20:12:11.000+00:00,2026-08-31T20:12:11.006+00:00,2026-08-31T20:12:11.006+00:00,2026-08-31T20:12:11.183+00:00,2026-08-31T20:12:11.183+00:00,0.089391,0.17701110300004075,sqs-worker-5986dcd897-bvb7w,ip-192-168-20-201.ec2.internal,d988bd7ec878c1343aecd75f34c17e06d99c59140e188e48cde169a4cd487e46,1,6.0,183.0
1,keda-poisson-505-9df581fd,000185,128.739051,2026-08-31T20:12:15.419+00:00,2026-08-31T20:12:11.598+00:00,2026-08-31T20:12:11.602+00:00,2026-08-31T20:12:11.602+00:00,2026-08-31T20:12:11.791+00:00,2026-08-31T20:12:11.791+00:00,0.100535,0.1887533919998532,sqs-worker-5986dcd897-bvb7w,ip-192-168-20-201.ec2.internal,1550481044ef6824a8195b3a22fdd142c84eff1be078bb74acff1faa153456b3,1,4.0,193.0
1,keda-poisson-505-9df581fd,000186,129.170588,2026-08-31T20:12:15.850+00:00,2026-08-31T20:12:12.030+00:00,2026-08-31T20:12:12.035+00:00,2026-08-31T20:12:12.035+00:00,2026-08-31T20:12:12.533+00:00,2026-08-31T20:12:12.533+00:00,0.203228,0.498335443000542,sqs-worker-5986dcd897-bvb7w,ip-192-168-20-201.ec2.internal,166426db72f2fc6c8145291955dfed7aef7e17323dc98a6bc718e6eb63d4b980,1,5.0,503.0
1,keda-poisson-505-9df581fd,000187,129.270212,2026-08-31T20:12:15.949+00:00,2026-08-31T20:12:12.150+00:00,2026-08-31T20:12:12.157+00:00,2026-08-31T20:12:12.157+00:00,2026-08-31T20:12:12.582+00:00,2026-08-31T20:12:12.582+00:00,0.176733,0.4250401230001444,sqs-worker-5986dcd897-x8rdl,ip-192-168-20-201.ec2.internal,09074e5466ed7a696bc7775f3d1405e8c2ad89a64b36e3a5c638aa70e82af3a2,1,7.0,432.0
1,keda-poisson-505-9df581fd,000183,127.976914,2026-08-31T20:12:14.657+00:00,2026-08-31T20:12:10.835+00:00,2026-08-31T20:12:10.839+00:00,2026-08-31T20:12:10.839+00:00,2026-08-31T20:12:12.645+00:00,2026-08-31T20:12:12.645+00:00,0.728026,1.80542971199975,sqs-worker-5986dcd897-q9xtx,ip-192-168-20-201.ec2.internal,372a9ee855b28e9b4e0b9e8e6560591729c8690b7abb1ca9981d3196dce471f1,1,4.0,1810.0
1,keda-poisson-505-9df581fd,000188,130.068954,2026-08-31T20:12:16.749+00:00,2026-08-31T20:12:12.930+00:00,2026-08-31T20:12:12.934+00:00,2026-08-31T20:12:12.934+00:00,2026-08-31T20:12:13.506+00:00,2026-08-31T20:12:13.506+00:00,0.264413,0.5717959829999018,sqs-worker-5986dcd897-x8rdl,ip-192-168-20-201.ec2.internal,1d97a8412e980a383fa41a8b6889155c979e6f1484e0ba0486023f6210a0924c,1,4.0,576.0
1,keda-poisson-505-9df581fd,000190,131.230392,2026-08-31T20:12:17.909+00:00,2026-08-31T20:12:14.088+00:00,2026-08-31T20:12:14.094+00:00,2026-08-31T20:12:14.094+00:00,2026-08-31T20:12:14.195+00:00,2026-08-31T20:12:14.195+00:00,0.052422,0.10121531799995864,sqs-worker-5986dcd897-x8rdl,ip-192-168-20-201.ec2.internal,789b7f56f6728f8d262c03aa4e738b1b9f684b160b9bf98093e94866ed9248ca,1,6.0,107.0
1,keda-poisson-505-9df581fd,000189,131.111661,2026-08-31T20:12:17.792+00:00,2026-08-31T20:12:13.978+00:00,2026-08-31T20:12:13.982+00:00,2026-08-31T20:12:13.982+00:00,2026-08-31T20:12:14.590+00:00,2026-08-31T20:12:14.590+00:00,0.254078,0.6078495429992472,sqs-worker-5986dcd897-bvb7w,ip-192-168-20-201.ec2.internal,f88aa1fd37605909934e8eab035160fb8bb237c43b0ecc933770bde5cef074e0,1,4.0,612.0
1,keda-poisson-505-9df581fd,000192,132.087257,2026-08-31T20:12:18.766+00:00,2026-08-31T20:12:14.953+00:00,2026-08-31T20:12:14.960+00:00,2026-08-31T20:12:14.960+00:00,2026-08-31T20:12:14.965+00:00,2026-08-31T20:12:14.965+00:00,0.005,0.005049985998994089,sqs-worker-5986dcd897-bvb7w,ip-192-168-20-201.ec2.internal,98ec8167a68f5b0718359af36f124839c4b6b7be3a42ba5abe381aef2db70544,1,7.0,12.0
1,keda-poisson-505-9df581fd,000193,132.255366,2026-08-31T20:12:18.935+00:00,2026-08-31T20:12:15.117+00:00,2026-08-31T20:12:15.121+00:00,2026-08-31T20:12:15.121+00:00,2026-08-31T20:12:15.180+00:00,2026-08-31T20:12:15.181+00:00,0.04929,0.059532909999688854,sqs-worker-5986dcd897-bvb7w,ip-192-168-20-201.ec2.internal,3fe17ef2ba5788c062d9c28546b7375096eb00f40937903d9ba5622a080d948c,1,4.0,63.0
1,keda-poisson-505-9df581fd,000191,131.45556,2026-08-31T20:12:18.135+00:00,2026-08-31T20:12:14.319+00:00,2026-08-31T20:12:14.334+00:00,2026-08-31T20:12:14.334+00:00,2026-08-31T20:12:15.550+00:00,2026-08-31T20:12:15.550+00:00,0.497538,1.2155792030007433,sqs-worker-5986dcd897-q9xtx,ip-192-168-20-201.ec2.internal,4bd98dfed0df99c95669b0d3cf1d4f4bf9856a534a48b99c2e1368908cad1e4a,1,15.0,1231.0
1,keda-poisson-505-9df581fd,000194,133.556921,2026-08-31T20:12:20.237+00:00,2026-08-31T20:12:16.419+00:00,2026-08-31T20:12:16.423+00:00,2026-08-31T20:12:16.423+00:00,2026-08-31T20:12:16.522+00:00,2026-08-31T20:12:16.522+00:00,0.079011,0.09885851599938178,sqs-worker-5986dcd897-x8rdl,ip-192-168-20-201.ec2.internal,a2b1fad6319ee22a33b6ed9d47b80fad04335ea9e8e7c614bd65da3a7630128d,1,4.0,103.0
1,keda-poisson-505-9df581fd,000195,133.970338,2026-08-31T20:12:20.649+00:00,2026-08-31T20:12:16.830+00:00,2026-08-31T20:12:16.833+00:00,2026-08-31T20:12:16.833+00:00,2026-08-31T20:12:16.845+00:00,2026-08-31T20:12:16.845+00:00,0.01195,0.011989362999884179,sqs-worker-5986dcd897-q9xtx,ip-192-168-20-201.ec2.internal,d1c29f5d4501ae6b748ba7c9fbafe8e4a10ef9d97626894a0ea258594b7d4f85,1,3.0,15.0
1,keda-poisson-505-9df581fd,000196,134.843275,2026-08-31T20:12:21.523+00:00,2026-08-31T20:12:17.707+00:00,2026-08-31T20:12:17.713+00:00,2026-08-31T20:12:17.713+00:00,2026-08-31T20:12:17.854+00:00,2026-08-31T20:12:17.854+00:00,0.080867,0.14112965899948904,sqs-worker-5986dcd897-q9xtx,ip-192-168-20-201.ec2.internal,403e31826ef6ef7967f0b7b08e7484dabe5ee888e2a72fcf812a0c68534c36f9,1,6.0,147.0
1,keda-poisson-505-9df581fd,000197,135.466857,2026-08-31T20:12:22.146+00:00,2026-08-31T20:12:18.328+00:00,2026-08-31T20:12:18.332+00:00,2026-08-31T20:12:18.332+00:00,2026-08-31T20:12:18.432+00:00,2026-08-31T20:12:18.432+00:00,0.07513,0.0996701350013609,sqs-worker-5986dcd897-x8rdl,ip-192-168-20-201.ec2.internal,23e61775809e6e13352efeb525899b974d5af6dd6fe62f599a1d679be61dea65,1,4.0,104.0
1,keda-poisson-505-9df581fd,000198,135.870343,2026-08-31T20:12:22.550+00:00,2026-08-31T20:12:18.730+00:00,2026-08-31T20:12:18.735+00:00,2026-08-31T20:12:18.735+00:00,2026-08-31T20:12:18.875+00:00,2026-08-31T20:12:18.875+00:00,0.080493,0.1406557320005959,sqs-worker-5986dcd897-x8rdl,ip-192-168-20-201.ec2.internal,92d83d7bd2baceee8d63616fd33c8265b9fc8643ec6956ff4db27a61f433974a,1,5.0,145.0
1,keda-poisson-505-9df581fd,000199,136.117233,2026-08-31T20:12:22.796+00:00,2026-08-31T20:12:18.980+00:00,2026-08-31T20:12:18.984+00:00,2026-08-31T20:12:18.984+00:00,2026-08-31T20:12:19.437+00:00,2026-08-31T20:12:19.437+00:00,0.123897,0.45386067500112404,sqs-worker-5986dcd897-bvb7w,ip-192-168-20-201.ec2.internal,0498deb6272f6d65ada65a31d994984bc2e88527639f2d129b1cfc1338deedea,1,4.0,457.0
1,keda-poisson-505-9df581fd,000200,136.403227,2026-08-31T20:12:23.083+00:00,2026-08-31T20:12:19.264+00:00,2026-08-31T20:12:19.268+00:00,2026-08-31T20:12:19.268+00:00,2026-08-31T20:12:19.487+00:00,2026-08-31T20:12:19.487+00:00,0.103467,0.21889093699974183,sqs-worker-5986dcd897-x8rdl,ip-192-168-20-201.ec2.internal,9615601ac4c5ffa8b364aec720d4a53d0112d89ad8b8ed1c02f1899d83055093,1,4.0,223.0
1,keda-poisson-505-9df581fd,000201,137.860549,2026-08-31T20:12:24.541+00:00,2026-08-31T20:12:20.723+00:00,2026-08-31T20:12:20.727+00:00,2026-08-31T20:12:20.727+00:00,2026-08-31T20:12:20.732+00:00,2026-08-31T20:12:20.732+00:00,0.005,0.005037136999817449,sqs-worker-5986dcd897-q9xtx,ip-192-168-20-201.ec2.internal,e6d8b5e29439498ca674be50d16ba737b77db45f0c0b3d7c95cb8c2d53233b42,1,4.0,9.0
1,keda-poisson-505-9df581fd,000202,138.815788,2026-08-31T20:12:25.494+00:00,2026-08-31T20:12:21.682+00:00,2026-08-31T20:12:21.686+00:00,2026-08-31T20:12:21.686+00:00,2026-08-31T20:12:22.112+00:00,2026-08-31T20:12:22.112+00:00,0.189843,0.42531114499979594,sqs-worker-5986dcd897-x8rdl,ip-192-168-20-201.ec2.internal,2b71f25fb4ea4179b5b054b24002d37f3f0c13b10647a8c7c5b5f61548b20388,1,4.0,430.0
1,keda-poisson-505-9df581fd,000205,139.543835,2026-08-31T20:12:26.222+00:00,2026-08-31T20:12:22.410+00:00,2026-08-31T20:12:22.414+00:00,2026-08-31T20:12:22.414+00:00,2026-08-31T20:12:22.497+00:00,2026-08-31T20:12:22.498+00:00,0.050664,0.08390873400094279,sqs-worker-5986dcd897-q9xtx,ip-192-168-20-201.ec2.internal,2da50b1efc119889b4be84a872773c16a8452a120a00f4039d28fca0b8038af9,1,4.0,87.0
1,keda-poisson-505-9df581fd,000203,138.887169,2026-08-31T20:12:25.565+00:00,2026-08-31T20:12:21.750+00:00,2026-08-31T20:12:21.754+00:00,2026-08-31T20:12:21.754+00:00,2026-08-31T20:12:22.580+00:00,2026-08-31T20:12:22.580+00:00,0.341657,0.8263882510000258,sqs-worker-5986dcd897-bvb7w,ip-192-168-20-201.ec2.internal,9e0f5d350461be47c1a93bea7a6ff47106b5c274c9d25cd72e983c715725cf56,1,4.0,830.0
1,keda-poisson-505-9df581fd,000204,139.487044,2026-08-31T20:12:26.166+00:00,2026-08-31T20:12:22.350+00:00,2026-08-31T20:12:22.354+00:00,2026-08-31T20:12:22.354+00:00,2026-08-31T20:12:22.883+00:00,2026-08-31T20:12:22.883+00:00,0.233412,0.5292361409992736,sqs-worker-5986dcd897-x8rdl,ip-192-168-20-201.ec2.internal,2ea114a601f4e2dfeebc7305473c35bd556179ae1755972996c9abf4a2f65e48,1,4.0,533.0
1,keda-poisson-505-9df581fd,000207,140.504836,2026-08-31T20:12:27.183+00:00,2026-08-31T20:12:23.371+00:00,2026-08-31T20:12:23.375+00:00,2026-08-31T20:12:23.375+00:00,2026-08-31T20:12:23.380+00:00,2026-08-31T20:12:23.380+00:00,0.005,0.005038569999669562,sqs-worker-5986dcd897-x8rdl,ip-192-168-20-201.ec2.internal,84cb91cc2945d86120d3c16c7ae7de3164d019d9e627eb0c49fb588b6b136c8e,1,4.0,9.0
1,keda-poisson-505-9df581fd,000206,139.930477,2026-08-31T20:12:26.608+00:00,2026-08-31T20:12:22.794+00:00,2026-08-31T20:12:22.801+00:00,2026-08-31T20:12:22.801+00:00,2026-08-31T20:12:23.616+00:00,2026-08-31T20:12:23.616+00:00,0.34983,0.814635613000064,sqs-worker-5986dcd897-q9xtx,ip-192-168-20-201.ec2.internal,a2a9ff3cf43ea809eceaf29f273e4754b88473d12c340c6f3bad6f0d0e4ac813,1,7.0,822.0
1,keda-poisson-505-9df581fd,000210,141.421256,2026-08-31T20:12:28.099+00:00,2026-08-31T20:12:24.286+00:00,2026-08-31T20:12:24.292+00:00,2026-08-31T20:12:24.292+00:00,2026-08-31T20:12:24.305+00:00,2026-08-31T20:12:24.305+00:00,0.005,0.013333668000996113,sqs-worker-5986dcd897-bvb7w,ip-192-168-20-201.ec2.internal,3ca504655b1bb865a80ccf74cf96744d7b241e314deb39346f19a77f2fc68779,1,6.0,19.0
1,keda-poisson-505-9df581fd,000211,141.742393,2026-08-31T20:12:28.420+00:00,2026-08-31T20:12:24.605+00:00,2026-08-31T20:12:24.610+00:00,2026-08-31T20:12:24.610+00:00,2026-08-31T20:12:24.731+00:00,2026-08-31T20:12:24.731+00:00,0.061917,0.12118571400060318,sqs-worker-5986dcd897-bvb7w,ip-192-168-20-201.ec2.internal,31be2bcba84136ca5ca023ec6200d69ebff1a3de74bde4c56c5d3ab79f331d58,1,5.0,126.0
1,keda-poisson-505-9df581fd,000209,141.128351,2026-08-31T20:12:27.806+00:00,2026-08-31T20:12:23.988+00:00,2026-08-31T20:12:23.992+00:00,2026-08-31T20:12:23.992+00:00,2026-08-31T20:12:24.793+00:00,2026-08-31T20:12:24.793+00:00,0.328002,0.8011921850011277,sqs-worker-5986dcd897-q9xtx,ip-192-168-20-201.ec2.internal,a9dc7a2ca15a0272814171f52e917e6984623da82d6c8306ccd909396b20d75b,1,4.0,805.0
1,keda-poisson-505-9df581fd,000208,140.987716,2026-08-31T20:12:27.666+00:00,2026-08-31T20:12:23.853+00:00,2026-08-31T20:12:23.859+00:00,2026-08-31T20:12:23.859+00:00,2026-08-31T20:12:24.690+00:00,2026-08-31T20:12:24.690+00:00,0.345098,0.8306012970006122,sqs-worker-5986dcd897-x8rdl,ip-192-168-20-201.ec2.internal,766427abb4ce25b08073373aa9843a5e14b9959435f49f729ced13a9447703c9,1,6.0,837.0
1,keda-poisson-505-9df581fd,000212,141.945265,2026-08-31T20:12:28.623+00:00,2026-08-31T20:12:24.807+00:00,2026-08-31T20:12:24.812+00:00,2026-08-31T20:12:24.813+00:00,2026-08-31T20:12:25.047+00:00,2026-08-31T20:12:25.047+00:00,0.117835,0.23497226100153057,sqs-worker-5986dcd897-bvb7w,ip-192-168-20-201.ec2.internal,20c36c919f523a1970d61dbda641c21d5635494781181911f4534b341e60d147,1,5.0,240.0
1,keda-poisson-505-9df581fd,000213,143.217578,2026-08-31T20:12:29.896+00:00,2026-08-31T20:12:26.076+00:00,2026-08-31T20:12:26.090+00:00,2026-08-31T20:12:26.090+00:00,2026-08-31T20:12:26.896+00:00,2026-08-31T20:12:26.896+00:00,0.331028,0.806379587000265,sqs-worker-5986dcd897-q9xtx,ip-192-168-20-201.ec2.internal,1f3c9a5685e7f10e05211889289d77d2bdc387a5027e5d39612357025f9c6e70,1,14.0,820.0
1,keda-poisson-505-9df581fd,000214,144.115882,2026-08-31T20:12:30.794+00:00,2026-08-31T20:12:26.976+00:00,2026-08-31T20:12:26.979+00:00,2026-08-31T20:12:26.979+00:00,2026-08-31T20:12:27.214+00:00,2026-08-31T20:12:27.214+00:00,0.118116,0.234273045000009,sqs-worker-5986dcd897-bvb7w,ip-192-168-20-201.ec2.internal,b80a574c5f611ef1ab4a95eb15a64cd8934d763dd4b450fb250aaed0ab582ccb,1,3.0,238.0
1,keda-poisson-505-9df581fd,000215,144.605788,2026-08-31T20:12:31.284+00:00,2026-08-31T20:12:27.474+00:00,2026-08-31T20:12:27.480+00:00,2026-08-31T20:12:27.481+00:00,2026-08-31T20:12:27.518+00:00,2026-08-31T20:12:27.518+00:00,0.037775,0.03796145100022841,sqs-worker-5986dcd897-bvb7w,ip-192-168-20-201.ec2.internal,683d09ff3815885864e39bf57eca668c628da196408d9a850f60028494b630b4,1,6.0,44.0
1,keda-poisson-505-9df581fd,000216,144.607986,2026-08-31T20:12:31.286+00:00,2026-08-31T20:12:27.476+00:00,2026-08-31T20:12:27.484+00:00,2026-08-31T20:12:27.484+00:00,2026-08-31T20:12:28.110+00:00,2026-08-31T20:12:28.110+00:00,0.266825,0.6257652539989067,sqs-worker-5986dcd897-x8rdl,ip-192-168-20-201.ec2.internal,2303c4e378e8f9e3acd8a4829623c48e7831f99106e28a8831fb77f7490b5335,1,8.0,634.0
1,keda-poisson-505-9df581fd,000218,148.215276,2026-08-31T20:12:34.893+00:00,2026-08-31T20:12:31.073+00:00,2026-08-31T20:12:31.078+00:00,2026-08-31T20:12:31.078+00:00,2026-08-31T20:12:31.083+00:00,2026-08-31T20:12:31.083+00:00,0.005,0.005040061001636786,sqs-worker-5986dcd897-q9xtx,ip-192-168-20-201.ec2.internal,79f572f4de1a765a1b5c0905a337d5441fadabda55195939f4360f47661b0440,1,5.0,10.0
1,keda-poisson-505-9df581fd,000217,148.108839,2026-08-31T20:12:34.790+00:00,2026-08-31T20:12:31.000+00:00,2026-08-31T20:12:31.004+00:00,2026-08-31T20:12:31.004+00:00,2026-08-31T20:12:31.212+00:00,2026-08-31T20:12:31.212+00:00,0.109331,0.20805578799991054,sqs-worker-5986dcd897-x8rdl,ip-192-168-20-201.ec2.internal,f19f42537d7d6bf69dd52c7f4187d6de4cd7fb40f54cd0f8511a25808ccb686a,1,4.0,212.0
1,keda-poisson-505-9df581fd,000219,148.506325,2026-08-31T20:12:35.184+00:00,2026-08-31T20:12:31.365+00:00,2026-08-31T20:12:31.369+00:00,2026-08-31T20:12:31.369+00:00,2026-08-31T20:12:31.858+00:00,2026-08-31T20:12:31.858+00:00,0.21748,0.48932232200058934,sqs-worker-5986dcd897-q9xtx,ip-192-168-20-201.ec2.internal,fcbb4d334dfb66b9a9eacdde83ca9f39e496728db74110e1e3e46d8daba580da,1,4.0,493.0
1,keda-poisson-505-9df581fd,000220,149.187416,2026-08-31T20:12:35.865+00:00,2026-08-31T20:12:32.049+00:00,2026-08-31T20:12:32.053+00:00,2026-08-31T20:12:32.053+00:00,2026-08-31T20:12:32.196+00:00,2026-08-31T20:12:32.196+00:00,0.085334,0.14282146700134035,sqs-worker-5986dcd897-q9xtx,ip-192-168-20-201.ec2.internal,9b063e69fef4893eca8d858b4393b7412cc6d822bf2a25928df115cf006c0b10,1,4.0,147.0
1,keda-poisson-505-9df581fd,000222,150.04274,2026-08-31T20:12:36.720+00:00,2026-08-31T20:12:32.909+00:00,2026-08-31T20:12:32.913+00:00,2026-08-31T20:12:32.913+00:00,2026-08-31T20:12:32.937+00:00,2026-08-31T20:12:32.937+00:00,0.023895,0.024186740000004647,sqs-worker-5986dcd897-q9xtx,ip-192-168-20-201.ec2.internal,57b855abc47649356f9a34f68455119dbc66b3ff1f1955b41cfeaf8182ab425d,1,4.0,28.0
1,keda-poisson-505-9df581fd,000223,150.122687,2026-08-31T20:12:36.800+00:00,2026-08-31T20:12:33.002+00:00,2026-08-31T20:12:33.008+00:00,2026-08-31T20:12:33.008+00:00,2026-08-31T20:12:33.042+00:00,2026-08-31T20:12:33.042+00:00,0.034069,0.03412940899943351,sqs-worker-5986dcd897-bvb7w,ip-192-168-20-201.ec2.internal,81d1333f7a4e8f6ada09554b84c26c73250152b8b047ef01b13c6429faa000b7,1,6.0,40.0
1,keda-poisson-505-9df581fd,000224,150.412527,2026-08-31T20:12:37.090+00:00,2026-08-31T20:12:33.286+00:00,2026-08-31T20:12:33.306+00:00,2026-08-31T20:12:33.306+00:00,2026-08-31T20:12:33.330+00:00,2026-08-31T20:12:33.330+00:00,0.024605,0.02464763400166703,sqs-worker-5986dcd897-q9xtx,ip-192-168-20-201.ec2.internal,a0108853b230979cbd6bf759e4656ca19f8a7e7b312d87944f94ce08f8243092,1,20.0,44.0
1,keda-poisson-505-9df581fd,000221,149.894537,2026-08-31T20:12:36.573+00:00,2026-08-31T20:12:32.759+00:00,2026-08-31T20:12:32.764+00:00,2026-08-31T20:12:32.764+00:00,2026-08-31T20:12:33.207+00:00,2026-08-31T20:12:33.207+00:00,0.202764,0.4424614939998719,sqs-worker-5986dcd897-x8rdl,ip-192-168-20-201.ec2.internal,aff4dfd07d91020f9fcd7c0280487b4ad44be7cea5fc92a00a3950e3ea63f3bb,1,5.0,448.0
1,keda-poisson-505-9df581fd,000226,152.422806,2026-08-31T20:12:39.100+00:00,2026-08-31T20:12:35.285+00:00,2026-08-31T20:12:35.289+00:00,2026-08-31T20:12:35.289+00:00,2026-08-31T20:12:35.415+00:00,2026-08-31T20:12:35.415+00:00,0.061515,0.12593495400142274,sqs-worker-5986dcd897-x8rdl,ip-192-168-20-201.ec2.internal,ab548632ffb67a6d89825f6cfea15f37afecc23aa2eb830cc185958ee30da51d,1,4.0,130.0
1,keda-poisson-505-9df581fd,000225,152.383077,2026-08-31T20:12:39.064+00:00,2026-08-31T20:12:35.247+00:00,2026-08-31T20:12:35.251+00:00,2026-08-31T20:12:35.251+00:00,2026-08-31T20:12:35.862+00:00,2026-08-31T20:12:35.862+00:00,0.263648,0.6108678259988665,sqs-worker-5986dcd897-q9xtx,ip-192-168-20-201.ec2.internal,34bf06ffa57e9f863928b03b9c2ae590a0c0277738aa0eda19946ad920658910,1,4.0,615.0
1,keda-poisson-505-9df581fd,000227,152.811401,2026-08-31T20:12:39.489+00:00,2026-08-31T20:12:35.673+00:00,2026-08-31T20:12:35.676+00:00,2026-08-31T20:12:35.676+00:00,2026-08-31T20:12:36.597+00:00,2026-08-31T20:12:36.597+00:00,0.380448,0.9206079810010124,sqs-worker-5986dcd897-bvb7w,ip-192-168-20-201.ec2.internal,850c25b099948f5f069f0e0f988f4b48ff1428be9943c5e1f652cbb5a1c189d7,1,3.0,924.0
1,keda-poisson-505-9df581fd,000229,154.011894,2026-08-31T20:12:40.690+00:00,2026-08-31T20:12:36.876+00:00,2026-08-31T20:12:36.880+00:00,2026-08-31T20:12:36.880+00:00,2026-08-31T20:12:36.900+00:00,2026-08-31T20:12:36.900+00:00,0.019869,0.019906620000256225,sqs-worker-5986dcd897-bvb7w,ip-192-168-20-201.ec2.internal,3f52606e50704c1f0bffc4e0b5ef2e30609c29c1c51635d342995fb8d92f9d34,1,4.0,24.0
1,keda-poisson-505-9df581fd,000228,153.619226,2026-08-31T20:12:40.297+00:00,2026-08-31T20:12:36.478+00:00,2026-08-31T20:12:36.484+00:00,2026-08-31T20:12:36.484+00:00,2026-08-31T20:12:36.691+00:00,2026-08-31T20:12:36.691+00:00,0.091015,0.20746984300058102,sqs-worker-5986dcd897-q9xtx,ip-192-168-20-201.ec2.internal,1fc5ed8d71429ca260037f1eb7ed8ba96be97c3f14236b3ad0e0b337f1b2be23,1,6.0,213.0
1,keda-poisson-505-9df581fd,000230,154.227344,2026-08-31T20:12:40.905+00:00,2026-08-31T20:12:37.089+00:00,2026-08-31T20:12:37.093+00:00,2026-08-31T20:12:37.093+00:00,2026-08-31T20:12:37.792+00:00,2026-08-31T20:12:37.792+00:00,0.296722,0.6992828330003249,sqs-worker-5986dcd897-bvb7w,ip-192-168-20-201.ec2.internal,a9753cb407fb9db7d943c63120783d8835fbebe786eee893122aea7b0c4a42b5,1,4.0,703.0
1,keda-poisson-505-9df581fd,000231,154.856124,2026-08-31T20:12:41.534+00:00,2026-08-31T20:12:37.716+00:00,2026-08-31T20:12:37.723+00:00,2026-08-31T20:12:37.723+00:00,2026-08-31T20:12:37.889+00:00,2026-08-31T20:12:37.889+00:00,0.081127,0.16624908499943558,sqs-worker-5986dcd897-q9xtx,ip-192-168-20-201.ec2.internal,eaafe7d111f51dc6cec74bbca337605166441c4d87c7e6b156190f974f904640,1,7.0,173.0
1,keda-poisson-505-9df581fd,000232,155.361539,2026-08-31T20:12:42.040+00:00,2026-08-31T20:12:38.226+00:00,2026-08-31T20:12:38.232+00:00,2026-08-31T20:12:38.232+00:00,2026-08-31T20:12:38.884+00:00,2026-08-31T20:12:38.884+00:00,0.123878,0.6521833360002347,sqs-worker-5986dcd897-bvb7w,ip-192-168-20-201.ec2.internal,6275ce551e678075913e2210dcbb36d62f0d9d38c081de9c883dae061f718b8c,1,6.0,658.0
1,keda-poisson-505-9df581fd,000233,156.233813,2026-08-31T20:12:42.912+00:00,2026-08-31T20:12:39.097+00:00,2026-08-31T20:12:39.101+00:00,2026-08-31T20:12:39.101+00:00,2026-08-31T20:12:39.432+00:00,2026-08-31T20:12:39.432+00:00,0.069397,0.33108476099914697,sqs-worker-5986dcd897-bvb7w,ip-192-168-20-201.ec2.internal,81746fecc1d4600cd6758d6e6e9f4fc51ed5d831c96398ddd7db7686675e7bdc,1,4.0,335.0
1,keda-poisson-505-9df581fd,000234,156.883728,2026-08-31T20:12:43.564+00:00,2026-08-31T20:12:39.751+00:00,2026-08-31T20:12:39.758+00:00,2026-08-31T20:12:39.758+00:00,2026-08-31T20:12:39.766+00:00,2026-08-31T20:12:39.766+00:00,0.00827,0.008307992999107228,sqs-worker-5986dcd897-q9xtx,ip-192-168-20-201.ec2.internal,0d8b92979c9966b12a25ed06a03ecf5516dc756cf2f18924eceb4c1c4f99d8c5,1,7.0,15.0
1,keda-poisson-505-9df581fd,000235,157.574403,2026-08-31T20:12:44.252+00:00,2026-08-31T20:12:40.436+00:00,2026-08-31T20:12:40.440+00:00,2026-08-31T20:12:40.440+00:00,2026-08-31T20:12:40.474+00:00,2026-08-31T20:12:40.474+00:00,0.034414,0.03451988199958578,sqs-worker-5986dcd897-bvb7w,ip-192-168-20-201.ec2.internal,e82ac079a93fd51a27dff1a122b8506b2337272d3282307a9d73759277d4aa33,1,4.0,38.0
1,keda-poisson-505-9df581fd,000236,158.426655,2026-08-31T20:12:45.105+00:00,2026-08-31T20:12:41.291+00:00,2026-08-31T20:12:41.297+00:00,2026-08-31T20:12:41.297+00:00,2026-08-31T20:12:41.588+00:00,2026-08-31T20:12:41.588+00:00,0.125583,0.29121659500015085,sqs-worker-5986dcd897-x8rdl,ip-192-168-20-201.ec2.internal,38af850f66218acef7f9b13896d7192c0ebc197095c56d90bce6eb1bcc18fa18,1,6.0,297.0
1,keda-poisson-505-9df581fd,000238,159.742764,2026-08-31T20:12:46.420+00:00,2026-08-31T20:12:42.603+00:00,2026-08-31T20:12:42.607+00:00,2026-08-31T20:12:42.607+00:00,2026-08-31T20:12:43.044+00:00,2026-08-31T20:12:43.044+00:00,0.200019,0.43753198699960194,sqs-worker-5986dcd897-bvb7w,ip-192-168-20-201.ec2.internal,a693e5b3659d0e6432d31efe73ce8b1545341d4e47c607611f698e79776bd5a5,1,4.0,441.0
1,keda-poisson-505-9df581fd,000239,160.009916,2026-08-31T20:12:46.688+00:00,2026-08-31T20:12:42.869+00:00,2026-08-31T20:12:42.878+00:00,2026-08-31T20:12:42.878+00:00,2026-08-31T20:12:43.047+00:00,2026-08-31T20:12:43.047+00:00,0.083483,0.16950030499901914,sqs-worker-5986dcd897-q9xtx,ip-192-168-20-201.ec2.internal,2505374a01b0973b47c4374c085b2c9d3943471be89142a2470ffde6bab6a2e8,1,9.0,178.0
1,keda-poisson-505-9df581fd,000237,159.559499,2026-08-31T20:12:46.237+00:00,2026-08-31T20:12:42.419+00:00,2026-08-31T20:12:42.423+00:00,2026-08-31T20:12:42.423+00:00,2026-08-31T20:12:43.283+00:00,2026-08-31T20:12:43.283+00:00,0.360456,0.8601713099997141,sqs-worker-5986dcd897-x8rdl,ip-192-168-20-201.ec2.internal,36af135194a45924499a4cfae9dfa271153aa57172b094dd9fc3f5eaf290e47f,1,4.0,864.0
1,keda-poisson-505-9df581fd,000240,160.395688,2026-08-31T20:12:47.073+00:00,2026-08-31T20:12:43.259+00:00,2026-08-31T20:12:43.263+00:00,2026-08-31T20:12:43.263+00:00,2026-08-31T20:12:43.397+00:00,2026-08-31T20:12:43.397+00:00,0.076809,0.13378117899992503,sqs-worker-5986dcd897-q9xtx,ip-192-168-20-201.ec2.internal,a7a5364f02ad42bb31fb4bef5a46cf6b48e92bd726acb9d14df878ded2d8fab3,1,4.0,138.0
1,keda-poisson-505-9df581fd,000241,160.773177,2026-08-31T20:12:47.451+00:00,2026-08-31T20:12:43.634+00:00,2026-08-31T20:12:43.637+00:00,2026-08-31T20:12:43.637+00:00,2026-08-31T20:12:43.965+00:00,2026-08-31T20:12:43.965+00:00,0.15446,0.327795610000976,sqs-worker-5986dcd897-bvb7w,ip-192-168-20-201.ec2.internal,3f85d0d45037e0ab40dd34aa46bb67b46e591d93fda819217cec7abca1a70af1,1,3.0,331.0
1,keda-poisson-505-9df581fd,000242,161.451809,2026-08-31T20:12:48.130+00:00,2026-08-31T20:12:44.313+00:00,2026-08-31T20:12:44.317+00:00,2026-08-31T20:12:44.317+00:00,2026-08-31T20:12:44.648+00:00,2026-08-31T20:12:44.648+00:00,0.155176,0.3310888159994647,sqs-worker-5986dcd897-q9xtx,ip-192-168-20-201.ec2.internal,0b018fc9f681f977f9c4b147a3603cc1ac0f9d681b0842ce934f8dc2473b9ae0,1,4.0,335.0
1,keda-poisson-505-9df581fd,000243,161.537659,2026-08-31T20:12:48.215+00:00,2026-08-31T20:12:44.395+00:00,2026-08-31T20:12:44.399+00:00,2026-08-31T20:12:44.399+00:00,2026-08-31T20:12:44.699+00:00,2026-08-31T20:12:44.699+00:00,0.136331,0.3004564330003632,sqs-worker-5986dcd897-x8rdl,ip-192-168-20-201.ec2.internal,cad46dc3a3c16a4585d232ea3592fe2b48fc50ef3feb25ad1a9a94bdcf0e5b98,1,4.0,304.0
1,keda-poisson-505-9df581fd,000244,162.575364,2026-08-31T20:12:49.254+00:00,2026-08-31T20:12:45.433+00:00,2026-08-31T20:12:45.436+00:00,2026-08-31T20:12:45.436+00:00,2026-08-31T20:12:45.472+00:00,2026-08-31T20:12:45.472+00:00,0.036574,0.03665004100002989,sqs-worker-5986dcd897-x8rdl,ip-192-168-20-201.ec2.internal,d005975011134c137e81f9fdfca386f4eccd692028d29d6b995b83d81a1156ad,1,3.0,39.0
1,keda-poisson-505-9df581fd,000246,164.939299,2026-08-31T20:12:51.617+00:00,2026-08-31T20:12:47.802+00:00,2026-08-31T20:12:47.835+00:00,2026-08-31T20:12:47.835+00:00,2026-08-31T20:12:48.953+00:00,2026-08-31T20:12:48.953+00:00,0.219598,1.1184889060004934,sqs-worker-5986dcd897-q9xtx,ip-192-168-20-201.ec2.internal,f32cbd09cd629befbd52a823a140ba080c6d873f912edef8a5c64f938449e382,1,33.0,1151.0
1,keda-poisson-505-9df581fd,000247,165.306491,2026-08-31T20:12:51.984+00:00,2026-08-31T20:12:48.169+00:00,2026-08-31T20:12:48.174+00:00,2026-08-31T20:12:48.174+00:00,2026-08-31T20:12:49.133+00:00,2026-08-31T20:12:49.134+00:00,0.187663,0.9593579809989023,sqs-worker-5986dcd897-bvb7w,ip-192-168-20-201.ec2.internal,e20b828f43921bfc6b86ccedde7725305b28c93bced7ea2ce71ba95dfa0c64bf,1,5.0,964.0
1,keda-poisson-505-9df581fd,000248,165.916635,2026-08-31T20:12:52.595+00:00,2026-08-31T20:12:48.776+00:00,2026-08-31T20:12:49.159+00:00,2026-08-31T20:12:49.159+00:00,2026-08-31T20:12:49.438+00:00,2026-08-31T20:12:49.438+00:00,0.048569,0.2788797079992946,sqs-worker-5986dcd897-bvb7w,ip-192-168-20-201.ec2.internal,991870127664884831576eb7b14cac3cf4d166995d9ba42efd1ec9636604f44b,1,383.0,662.0
1,keda-poisson-505-9df581fd,000245,164.87847,2026-08-31T20:12:51.558+00:00,2026-08-31T20:12:47.745+00:00,2026-08-31T20:12:47.755+00:00,2026-08-31T20:12:47.755+00:00,2026-08-31T20:12:50.106+00:00,2026-08-31T20:12:50.106+00:00,0.884864,2.351237126998967,sqs-worker-5986dcd897-x8rdl,ip-192-168-20-201.ec2.internal,ff97b03c934a427bd5f2fb11a236630ccd82cd802c7141f2fe441abb4065da1a,1,10.0,2361.0
1,keda-poisson-505-9df581fd,000249,166.324447,2026-08-31T20:12:53.002+00:00,2026-08-31T20:12:49.187+00:00,2026-08-31T20:12:49.489+00:00,2026-08-31T20:12:49.490+00:00,2026-08-31T20:12:50.551+00:00,2026-08-31T20:12:50.551+00:00,0.249352,1.0617296919990622,sqs-worker-5986dcd897-bvb7w,ip-192-168-20-201.ec2.internal,5557d9a219d5816e9a8be93482594854c45dd806ed3ad54893d05b814d874046,1,302.0,1364.0
1,keda-poisson-505-9df581fd,000251,167.582958,2026-08-31T20:12:54.260+00:00,2026-08-31T20:12:50.443+00:00,2026-08-31T20:12:50.592+00:00,2026-08-31T20:12:50.592+00:00,2026-08-31T20:12:51.438+00:00,2026-08-31T20:12:51.438+00:00,0.342324,0.8461676020015148,sqs-worker-5986dcd897-bvb7w,ip-192-168-20-201.ec2.internal,55f1545830432dc227bd5aa4a1fd91dcee41f56e8bdfc1bf9062ab3437444847,1,149.0,995.0
1,keda-poisson-505-9df581fd,000250,167.513883,2026-08-31T20:12:54.192+00:00,2026-08-31T20:12:50.373+00:00,2026-08-31T20:12:50.377+00:00,2026-08-31T20:12:50.378+00:00,2026-08-31T20:12:52.100+00:00,2026-08-31T20:12:52.100+00:00,0.347198,1.7223430590001954,sqs-worker-5986dcd897-x8rdl,ip-192-168-20-201.ec2.internal,037377679ab9fc92149eaeaae07e52f62a1dd70fff817f394480b7721d558069,1,4.0,1727.0
1,keda-poisson-505-9df581fd,000252,168.229968,2026-08-31T20:12:54.906+00:00,2026-08-31T20:12:51.089+00:00,2026-08-31T20:12:51.451+00:00,2026-08-31T20:12:51.451+00:00,2026-08-31T20:12:53.081+00:00,2026-08-31T20:12:53.081+00:00,0.659523,1.6301282730000821,sqs-worker-5986dcd897-bvb7w,ip-192-168-20-201.ec2.internal,0f91a2913b4343dad3a2de8a5a7a6cdbdfbb7cdfc4b2017faa88d84baf231014,1,362.0,1992.0
1,keda-poisson-505-9df581fd,000254,168.815206,2026-08-31T20:12:55.492+00:00,2026-08-31T20:12:51.675+00:00,2026-08-31T20:12:53.097+00:00,2026-08-31T20:12:53.097+00:00,2026-08-31T20:12:53.153+00:00,2026-08-31T20:12:53.153+00:00,0.027412,0.05675600899849087,sqs-worker-5986dcd897-bvb7w,ip-192-168-20-201.ec2.internal,cb746bf8861f0f6c6a5cc3653b24d18c55addd37f07bb85b184526ed12635b05,1,1422.0,1478.0
1,keda-poisson-505-9df581fd,000256,170.188123,2026-08-31T20:12:56.865+00:00,2026-08-31T20:12:53.053+00:00,2026-08-31T20:12:53.220+00:00,2026-08-31T20:12:53.220+00:00,2026-08-31T20:12:53.233+00:00,2026-08-31T20:12:53.233+00:00,0.013225,0.013404920000539278,sqs-worker-5986dcd897-x8rdl,ip-192-168-20-201.ec2.internal,3f59d4026274f930034b87b5ab0cccb0e8e2e40bc3f2a19a673d6a77bde5adae,1,167.0,180.0
1,keda-poisson-505-9df581fd,000253,168.481911,2026-08-31T20:12:55.158+00:00,2026-08-31T20:12:51.341+00:00,2026-08-31T20:12:52.206+00:00,2026-08-31T20:12:52.206+00:00,2026-08-31T20:12:53.202+00:00,2026-08-31T20:12:53.202+00:00,0.333433,0.9957900199988217,sqs-worker-5986dcd897-x8rdl,ip-192-168-20-201.ec2.internal,20843915748ce0553e3cba2cd30aef28f2a0a1f7e8e5d8ea6f5011be934aa05a,1,865.0,1861.0
1,keda-poisson-505-9df581fd,000255,169.375899,2026-08-31T20:12:56.053+00:00,2026-08-31T20:12:52.239+00:00,2026-08-31T20:12:53.188+00:00,2026-08-31T20:12:53.188+00:00,2026-08-31T20:12:53.538+00:00,2026-08-31T20:12:53.538+00:00,0.14058,0.3496732460007479,sqs-worker-5986dcd897-bvb7w,ip-192-168-20-201.ec2.internal,a3bb8350819cfd582c0a661af34cef0e24d0ceb6e3c966492628431e041900b0,1,949.0,1299.0
1,keda-poisson-505-9df581fd,000257,170.888905,2026-08-31T20:12:57.566+00:00,2026-08-31T20:12:53.751+00:00,2026-08-31T20:12:53.755+00:00,2026-08-31T20:12:53.755+00:00,2026-08-31T20:12:54.289+00:00,2026-08-31T20:12:54.289+00:00,0.235185,0.5341284930000256,sqs-worker-5986dcd897-x8rdl,ip-192-168-20-201.ec2.internal,87e7a0614f93c51e7f6bba4493efc6e3839160339fd162685ca78b17c53259fe,1,4.0,538.0
1,keda-poisson-505-9df581fd,000260,171.42721,2026-08-31T20:12:58.103+00:00,2026-08-31T20:12:54.293+00:00,2026-08-31T20:12:54.565+00:00,2026-08-31T20:12:54.565+00:00,2026-08-31T20:12:54.853+00:00,2026-08-31T20:12:54.853+00:00,0.135817,0.28722565999851213,sqs-worker-5986dcd897-bvb7w,ip-192-168-20-201.ec2.internal,a7ad9c9404e9ec7775c7707855683943446176d422e08ddb7a5335c8e65736f2,1,272.0,560.0
1,keda-poisson-505-9df581fd,000261,171.939085,2026-08-31T20:12:58.616+00:00,2026-08-31T20:12:54.796+00:00,2026-08-31T20:12:54.905+00:00,2026-08-31T20:12:54.905+00:00,2026-08-31T20:12:55.337+00:00,2026-08-31T20:12:55.337+00:00,0.179771,0.43249226400075713,sqs-worker-5986dcd897-bvb7w,ip-192-168-20-201.ec2.internal,7f821fdc73108bc26dcd20b07e5a7e3e154a629e888d89ab558e8aa2e3c2ebaf,1,109.0,541.0
1,keda-poisson-505-9df581fd,000259,171.4065,2026-08-31T20:12:58.083+00:00,2026-08-31T20:12:54.266+00:00,2026-08-31T20:12:54.319+00:00,2026-08-31T20:12:54.319+00:00,2026-08-31T20:12:55.085+00:00,2026-08-31T20:12:55.086+00:00,0.31232,0.7667347819988208,sqs-worker-5986dcd897-x8rdl,ip-192-168-20-201.ec2.internal,3383003f1ddbed4b01aeb7865e23ad4f55f778877ac123401eaf45caf7c302d9,1,53.0,819.0
1,keda-poisson-505-9df581fd,000263,172.515719,2026-08-31T20:12:59.192+00:00,2026-08-31T20:12:55.373+00:00,2026-08-31T20:12:55.376+00:00,2026-08-31T20:12:55.376+00:00,2026-08-31T20:12:55.882+00:00,2026-08-31T20:12:55.882+00:00,0.20988,0.5055989140000747,sqs-worker-5986dcd897-bvb7w,ip-192-168-20-201.ec2.internal,23027b615d322a8eb97da259169d84c124fffe398f4a1b6bfb4b459b84fcb511,1,3.0,509.0
1,keda-poisson-505-9df581fd,000258,171.170547,2026-08-31T20:12:57.847+00:00,2026-08-31T20:12:54.029+00:00,2026-08-31T20:12:54.033+00:00,2026-08-31T20:12:54.033+00:00,2026-08-31T20:12:54.533+00:00,2026-08-31T20:12:54.533+00:00,0.201988,0.5000742539996281,sqs-worker-5986dcd897-bvb7w,ip-192-168-20-201.ec2.internal,a1a5265e8a39157edb6a2d77ed20029e7c8172f1a62c6cdc8f40ee38c61c4757,1,4.0,504.0
1,keda-poisson-505-9df581fd,000262,172.096999,2026-08-31T20:12:58.773+00:00,2026-08-31T20:12:54.953+00:00,2026-08-31T20:12:55.105+00:00,2026-08-31T20:12:55.105+00:00,2026-08-31T20:12:56.191+00:00,2026-08-31T20:12:56.191+00:00,0.441302,1.0860179370010883,sqs-worker-5986dcd897-x8rdl,ip-192-168-20-201.ec2.internal,581766bff48d0193a06c70dafba1d72681fe23e1ce427a0d62fb6cb5df6f42ab,1,152.0,1238.0
1,keda-poisson-505-9df581fd,000264,174.28843,2026-08-31T20:13:00.968+00:00,2026-08-31T20:12:57.150+00:00,2026-08-31T20:12:57.169+00:00,2026-08-31T20:12:57.169+00:00,2026-08-31T20:12:57.179+00:00,2026-08-31T20:12:57.179+00:00,0.009689,0.009726780999699258,sqs-worker-5986dcd897-x8rdl,ip-192-168-20-201.ec2.internal,694fc4cf211272a695d9ebcc16c290f470f0365a4338768f2c81a376e8626581,1,19.0,29.0
1,keda-poisson-505-9df581fd,000266,174.564987,2026-08-31T20:13:01.241+00:00,2026-08-31T20:12:57.423+00:00,2026-08-31T20:12:57.427+00:00,2026-08-31T20:12:57.427+00:00,2026-08-31T20:12:57.456+00:00,2026-08-31T20:12:57.456+00:00,0.028864,0.02896868099924177,sqs-worker-5986dcd897-x8rdl,ip-192-168-20-201.ec2.internal,8eeaba5dd041c12dcf48a6769b4fb18c6e99a3426377e31453da1dd9b019a369,1,4.0,33.0
1,keda-poisson-505-9df581fd,000265,174.551929,2026-08-31T20:13:01.228+00:00,2026-08-31T20:12:57.408+00:00,2026-08-31T20:12:57.411+00:00,2026-08-31T20:12:57.411+00:00,2026-08-31T20:12:57.542+00:00,2026-08-31T20:12:57.542+00:00,0.072627,0.1310164549995534,sqs-worker-5986dcd897-bvb7w,ip-192-168-20-201.ec2.internal,406f3431608fb817912ffdf878ff95b24ad14148f41e726c91ff725eeda84352,1,3.0,134.0
1,keda-poisson-505-9df581fd,000267,175.298069,2026-08-31T20:13:01.974+00:00,2026-08-31T20:12:58.162+00:00,2026-08-31T20:12:58.167+00:00,2026-08-31T20:12:58.167+00:00,2026-08-31T20:12:58.593+00:00,2026-08-31T20:12:58.593+00:00,0.189246,0.42601977400045143,sqs-worker-5986dcd897-x8rdl,ip-192-168-20-201.ec2.internal,6124c73a184c92cb6246c5c7b2bac9cf8c4de8407530997e6ddc1e7514eeda06,1,5.0,431.0
1,keda-poisson-505-9df581fd,000268,176.106646,2026-08-31T20:13:02.784+00:00,2026-08-31T20:12:58.977+00:00,2026-08-31T20:12:58.981+00:00,2026-08-31T20:12:58.981+00:00,2026-08-31T20:12:59.504+00:00,2026-08-31T20:12:59.504+00:00,0.221,0.522789594000642,sqs-worker-5986dcd897-x8rdl,ip-192-168-20-201.ec2.internal,76f943117082fdd541b757006079c17d412755eab1b5d46cb9dc46022cb0ad98,1,4.0,527.0
1,keda-poisson-505-9df581fd,000269,177.124202,2026-08-31T20:13:03.801+00:00,2026-08-31T20:13:00.501+00:00,2026-08-31T20:13:00.505+00:00,2026-08-31T20:13:00.505+00:00,2026-08-31T20:13:01.275+00:00,2026-08-31T20:13:01.275+00:00,0.13717,0.7701478079998196,sqs-worker-5986dcd897-x8rdl,ip-192-168-20-201.ec2.internal,d1e2e9631697d7d32a0d9c6da9c179a2edfc55073a5cf7b7f02c5e59390d44c5,1,4.0,774.0
1,keda-poisson-505-9df581fd,000270,179.082384,2026-08-31T20:13:05.760+00:00,2026-08-31T20:13:01.949+00:00,2026-08-31T20:13:01.953+00:00,2026-08-31T20:13:01.953+00:00,2026-08-31T20:13:02.240+00:00,2026-08-31T20:13:02.240+00:00,0.129469,0.2872902029994293,sqs-worker-5986dcd897-bvb7w,ip-192-168-20-201.ec2.internal,cc0f38f28dfd49b4885ffef8c1017faab30b847d117bae6fafbbf182ed4b72e8,1,4.0,291.0
