schema_version,experiment_id,job_id,trace_offset_s,producer_sent_at,sqs_sent_at,worker_received_at,processing_started_at,processing_finished_at,result_sent_at,service_cpu_seconds,processing_wall_seconds,pod_name,node_name,digest,receive_count,queue_wait_ms,end_to_end_ms
1,keda-poisson-606-40630535,000000,0.830395,2026-08-31T20:27:01.698+00:00,2026-08-31T20:26:57.861+00:00,2026-08-31T20:26:57.871+00:00,2026-08-31T20:26:57.871+00:00,2026-08-31T20:26:58.690+00:00,2026-08-31T20:26:58.690+00:00,0.340711,0.8188111750005191,sqs-worker-5986dcd897-x8rdl,ip-192-168-20-201.ec2.internal,2d1eb5d54a1b2cfae6c4c8e16238b0156e9e5151782f79a1390a3f28ef175687,1,10.0,829.0
1,keda-poisson-606-40630535,000001,0.866678,2026-08-31T20:27:01.732+00:00,2026-08-31T20:26:58.441+00:00,2026-08-31T20:26:58.715+00:00,2026-08-31T20:26:58.715+00:00,2026-08-31T20:26:58.913+00:00,2026-08-31T20:26:58.913+00:00,0.099442,0.19779064299837046,sqs-worker-5986dcd897-x8rdl,ip-192-168-20-201.ec2.internal,5e60a8b504a1cb13fcbea7f8c5adf0f51b70061ee14b942ea4725980ef13b71e,1,274.0,472.0
1,keda-poisson-606-40630535,000002,1.552567,2026-08-31T20:27:02.418+00:00,2026-08-31T20:26:58.581+00:00,2026-08-31T20:26:59.002+00:00,2026-08-31T20:26:59.002+00:00,2026-08-31T20:27:01.094+00:00,2026-08-31T20:27:01.094+00:00,0.540619,2.091846502000408,sqs-worker-5986dcd897-x8rdl,ip-192-168-20-201.ec2.internal,1b07212bae67640640ab3ffee6e1220f9e3e8dc9586a96668e95761c5418cce4,1,421.0,2513.0
1,keda-poisson-606-40630535,000004,2.316099,2026-08-31T20:27:03.181+00:00,2026-08-31T20:26:59.347+00:00,2026-08-31T20:27:01.187+00:00,2026-08-31T20:27:01.187+00:00,2026-08-31T20:27:01.775+00:00,2026-08-31T20:27:01.775+00:00,0.123534,0.5879459719999431,sqs-worker-5986dcd897-x8rdl,ip-192-168-20-201.ec2.internal,00e786bd5faec6d35c9c6fe5be0335dbddd015f67390dd410b6648f8d7e7bbc7,1,1840.0,2428.0
1,keda-poisson-606-40630535,000006,2.830074,2026-08-31T20:27:03.695+00:00,2026-08-31T20:26:59.856+00:00,2026-08-31T20:27:01.809+00:00,2026-08-31T20:27:01.809+00:00,2026-08-31T20:27:03.006+00:00,2026-08-31T20:27:03.006+00:00,0.349081,1.196660289000647,sqs-worker-5986dcd897-x8rdl,ip-192-168-20-201.ec2.internal,ce9dfc8300fc15904999e4fae9927a10660b85d883ebaa4b4c1aad5881c6089e,1,1953.0,3150.0
1,keda-poisson-606-40630535,000003,2.226627,2026-08-31T20:27:03.093+00:00,2026-08-31T20:26:59.252+00:00,2026-08-31T20:27:03.022+00:00,2026-08-31T20:27:03.022+00:00,2026-08-31T20:27:03.814+00:00,2026-08-31T20:27:03.814+00:00,0.32351,0.7916207130001567,sqs-worker-5986dcd897-x8rdl,ip-192-168-20-201.ec2.internal,f981c7edd38080f0df1700ae722b78668eb5a54b798784a0341c53e8bb633444,1,3770.0,4562.0
1,keda-poisson-606-40630535,000005,2.718426,2026-08-31T20:27:03.584+00:00,2026-08-31T20:26:59.745+00:00,2026-08-31T20:27:03.886+00:00,2026-08-31T20:27:03.886+00:00,2026-08-31T20:27:05.097+00:00,2026-08-31T20:27:05.097+00:00,0.498993,1.2111805839995213,sqs-worker-5986dcd897-x8rdl,ip-192-168-20-201.ec2.internal,41cd70c6f45cc7881437d75206271f0bbbf162de9873598d71ba076eaa4e48a1,1,4141.0,5352.0
1,keda-poisson-606-40630535,000007,4.238218,2026-08-31T20:27:05.104+00:00,2026-08-31T20:27:01.265+00:00,2026-08-31T20:27:05.114+00:00,2026-08-31T20:27:05.114+00:00,2026-08-31T20:27:05.388+00:00,2026-08-31T20:27:05.388+00:00,0.106829,0.2738365010009147,sqs-worker-5986dcd897-x8rdl,ip-192-168-20-201.ec2.internal,f3daeca3117b37ff00b64447bcbeb317de7713be63a5ce8d854e0ea12907c7fb,1,3849.0,4123.0
1,keda-poisson-606-40630535,000011,6.117012,2026-08-31T20:27:06.983+00:00,2026-08-31T20:27:03.144+00:00,2026-08-31T20:27:05.402+00:00,2026-08-31T20:27:05.402+00:00,2026-08-31T20:27:05.496+00:00,2026-08-31T20:27:05.496+00:00,0.044046,0.09412126499955775,sqs-worker-5986dcd897-x8rdl,ip-192-168-20-201.ec2.internal,2d33d1f2d3fc58f1cad996538465363372745a4e1368b378de697c83e1c0cca4,1,2258.0,2352.0
1,keda-poisson-606-40630535,000012,6.180905,2026-08-31T20:27:07.046+00:00,2026-08-31T20:27:03.759+00:00,2026-08-31T20:27:05.512+00:00,2026-08-31T20:27:05.512+00:00,2026-08-31T20:27:06.180+00:00,2026-08-31T20:27:06.180+00:00,0.259957,0.6685542579998582,sqs-worker-5986dcd897-x8rdl,ip-192-168-20-201.ec2.internal,b45ef1035f3b47537338892c3c1343c92673b431313586b60dc27dd750aff303,1,1753.0,2421.0
1,keda-poisson-606-40630535,000015,8.735468,2026-08-31T20:27:09.603+00:00,2026-08-31T20:27:05.766+00:00,2026-08-31T20:27:06.195+00:00,2026-08-31T20:27:06.195+00:00,2026-08-31T20:27:06.285+00:00,2026-08-31T20:27:06.285+00:00,0.040493,0.08984133999911137,sqs-worker-5986dcd897-x8rdl,ip-192-168-20-201.ec2.internal,65fc8640eb7bae680a92fc01f29797b10e193652c9228de38fb5d30289b48181,1,429.0,519.0
1,keda-poisson-606-40630535,000017,8.931174,2026-08-31T20:27:09.796+00:00,2026-08-31T20:27:05.963+00:00,2026-08-31T20:27:06.298+00:00,2026-08-31T20:27:06.298+00:00,2026-08-31T20:27:06.587+00:00,2026-08-31T20:27:06.587+00:00,0.117382,0.28837182999996,sqs-worker-5986dcd897-x8rdl,ip-192-168-20-201.ec2.internal,41562bd71eef02fea7b643aa996ab2b212a84c4bf8d72cfd41287ed03c356f7a,1,335.0,624.0
1,keda-poisson-606-40630535,000016,8.780386,2026-08-31T20:27:09.646+00:00,2026-08-31T20:27:05.813+00:00,2026-08-31T20:27:06.619+00:00,2026-08-31T20:27:06.619+00:00,2026-08-31T20:27:06.912+00:00,2026-08-31T20:27:06.912+00:00,0.140792,0.292160368999248,sqs-worker-5986dcd897-x8rdl,ip-192-168-20-201.ec2.internal,83cd6cdeda648f7f27ced003e93e4b91fbb25e9303b4238b7b25a1af993ea6c1,1,806.0,1099.0
1,keda-poisson-606-40630535,000008,4.902707,2026-08-31T20:27:05.768+00:00,2026-08-31T20:27:01.927+00:00,2026-08-31T20:27:06.975+00:00,2026-08-31T20:27:06.975+00:00,2026-08-31T20:27:07.910+00:00,2026-08-31T20:27:07.910+00:00,0.393768,0.9350002730006963,sqs-worker-5986dcd897-x8rdl,ip-192-168-20-201.ec2.internal,32c223b205128ad93b58f01fd536e75f24b847eaa3b8da8da5412c1a832bde7d,1,5048.0,5983.0
1,keda-poisson-606-40630535,000021,10.824971,2026-08-31T20:27:11.691+00:00,2026-08-31T20:27:07.852+00:00,2026-08-31T20:27:07.932+00:00,2026-08-31T20:27:07.932+00:00,2026-08-31T20:27:08.511+00:00,2026-08-31T20:27:08.511+00:00,0.237036,0.5790188060000219,sqs-worker-5986dcd897-x8rdl,ip-192-168-20-201.ec2.internal,24c7ae85db97786586c3a7f63ca433b3c13da22505808b70a0b97e3235eed08d,1,80.0,659.0
1,keda-poisson-606-40630535,000009,4.914623,2026-08-31T20:27:05.780+00:00,2026-08-31T20:27:01.943+00:00,2026-08-31T20:27:08.575+00:00,2026-08-31T20:27:08.575+00:00,2026-08-31T20:27:08.580+00:00,2026-08-31T20:27:08.580+00:00,0.005,0.005039014999056235,sqs-worker-5986dcd897-x8rdl,ip-192-168-20-201.ec2.internal,25c5343b21661c173d6b0a7ae82e2040cf67462955c074ce60856017f8dbd0a9,1,6632.0,6637.0
1,keda-poisson-606-40630535,000014,6.8247,2026-08-31T20:27:07.690+00:00,2026-08-31T20:27:03.849+00:00,2026-08-31T20:27:08.607+00:00,2026-08-31T20:27:08.607+00:00,2026-08-31T20:27:08.676+00:00,2026-08-31T20:27:08.676+00:00,0.032098,0.06906811199951335,sqs-worker-5986dcd897-x8rdl,ip-192-168-20-201.ec2.internal,db434ab2317120912f2ddb9dd76d0c23572553309dfd2071748bff115db9bd80,1,4758.0,4827.0
1,keda-poisson-606-40630535,000010,5.783976,2026-08-31T20:27:06.650+00:00,2026-08-31T20:27:02.815+00:00,2026-08-31T20:27:08.710+00:00,2026-08-31T20:27:08.710+00:00,2026-08-31T20:27:08.909+00:00,2026-08-31T20:27:08.910+00:00,0.109147,0.19912112600104592,sqs-worker-5986dcd897-x8rdl,ip-192-168-20-201.ec2.internal,9c307580d79814dd2e75fa26c60597549c087f22dc2fbd5122aca5bd227f359a,1,5895.0,6094.0
1,keda-poisson-606-40630535,000019,10.377003,2026-08-31T20:27:11.243+00:00,2026-08-31T20:27:07.406+00:00,2026-08-31T20:27:08.924+00:00,2026-08-31T20:27:08.924+00:00,2026-08-31T20:27:09.793+00:00,2026-08-31T20:27:09.793+00:00,0.321714,0.8697875170000771,sqs-worker-5986dcd897-x8rdl,ip-192-168-20-201.ec2.internal,8ba14ad5546a19d0b83fa4f641b82fce00b2deeab6e19040f286878ab9303bd5,1,1518.0,2387.0
1,keda-poisson-606-40630535,000013,6.489478,2026-08-31T20:27:07.355+00:00,2026-08-31T20:27:03.513+00:00,2026-08-31T20:27:09.884+00:00,2026-08-31T20:27:09.884+00:00,2026-08-31T20:27:10.095+00:00,2026-08-31T20:27:10.095+00:00,0.047313,0.21133899899905373,sqs-worker-5986dcd897-x8rdl,ip-192-168-20-201.ec2.internal,8e1d8ca97649bf1423daed7c3766d1d418d8cc3c719864d80d304f8da9fba233,1,6371.0,6582.0
1,keda-poisson-606-40630535,000022,11.417101,2026-08-31T20:27:12.283+00:00,2026-08-31T20:27:08.444+00:00,2026-08-31T20:27:10.184+00:00,2026-08-31T20:27:10.184+00:00,2026-08-31T20:27:11.088+00:00,2026-08-31T20:27:11.088+00:00,0.167803,0.904506124999898,sqs-worker-5986dcd897-x8rdl,ip-192-168-20-201.ec2.internal,fd05497f7e00c8f94cd114ba42d07ddda1b53278cc6a1099515be0a739d20b65,1,1740.0,2644.0
1,keda-poisson-606-40630535,000018,9.861736,2026-08-31T20:27:10.728+00:00,2026-08-31T20:27:06.892+00:00,2026-08-31T20:27:11.104+00:00,2026-08-31T20:27:11.104+00:00,2026-08-31T20:27:11.489+00:00,2026-08-31T20:27:11.489+00:00,0.06621,0.3852565349989163,sqs-worker-5986dcd897-x8rdl,ip-192-168-20-201.ec2.internal,5a83d0b6980e9841deddfe4cb2e6bfd5c8f265b34bff38ec3b25c6558d06d335,1,4212.0,4597.0
1,keda-poisson-606-40630535,000025,12.618906,2026-08-31T20:27:13.484+00:00,2026-08-31T20:27:09.650+00:00,2026-08-31T20:27:11.732+00:00,2026-08-31T20:27:11.732+00:00,2026-08-31T20:27:12.743+00:00,2026-08-31T20:27:12.743+00:00,0.409415,1.0103912510003283,sqs-worker-5986dcd897-fbn2h,ip-192-168-20-201.ec2.internal,baa9e71ba8ecbb23ce5499c84ecc7ab1319f6ad16198a9cc12bbd67f2e5f82cb,1,2082.0,3093.0
1,keda-poisson-606-40630535,000024,12.532488,2026-08-31T20:27:13.399+00:00,2026-08-31T20:27:09.558+00:00,2026-08-31T20:27:11.505+00:00,2026-08-31T20:27:11.505+00:00,2026-08-31T20:27:12.789+00:00,2026-08-31T20:27:12.789+00:00,0.277018,1.2834736139993765,sqs-worker-5986dcd897-x8rdl,ip-192-168-20-201.ec2.internal,1fd850f23f80c0048df0ebe82dbbe667892041d6d79084b27969099611206ad9,1,1947.0,3231.0
1,keda-poisson-606-40630535,000029,15.049118,2026-08-31T20:27:15.915+00:00,2026-08-31T20:27:12.079+00:00,2026-08-31T20:27:12.763+00:00,2026-08-31T20:27:12.763+00:00,2026-08-31T20:27:12.804+00:00,2026-08-31T20:27:12.804+00:00,0.022005,0.04195261700078845,sqs-worker-5986dcd897-fbn2h,ip-192-168-20-201.ec2.internal,79278ddf06b4e9e124f078217e1eb7f24febe37cdb6b1995fdc4835ee42f2476,1,684.0,725.0
1,keda-poisson-606-40630535,000026,13.987524,2026-08-31T20:27:14.854+00:00,2026-08-31T20:27:11.017+00:00,2026-08-31T20:27:12.804+00:00,2026-08-31T20:27:12.804+00:00,2026-08-31T20:27:13.096+00:00,2026-08-31T20:27:13.096+00:00,0.117583,0.2921797590006463,sqs-worker-5986dcd897-x8rdl,ip-192-168-20-201.ec2.internal,94a641d2930a1fd167297bd0e7276f18f9278acba916573ab7de886b5f00ffeb,1,1787.0,2079.0
1,keda-poisson-606-40630535,000020,10.473996,2026-08-31T20:27:11.339+00:00,2026-08-31T20:27:07.497+00:00,2026-08-31T20:27:12.837+00:00,2026-08-31T20:27:12.837+00:00,2026-08-31T20:27:13.252+00:00,2026-08-31T20:27:13.252+00:00,0.186992,0.4150322320001578,sqs-worker-5986dcd897-fbn2h,ip-192-168-20-201.ec2.internal,dcabdb3982ef6cd86cdf62532fad546e8ba82fc77c67aab30dae09bcb2278b6c,1,5340.0,5755.0
1,keda-poisson-606-40630535,000028,14.571751,2026-08-31T20:27:15.437+00:00,2026-08-31T20:27:11.597+00:00,2026-08-31T20:27:13.145+00:00,2026-08-31T20:27:13.145+00:00,2026-08-31T20:27:13.395+00:00,2026-08-31T20:27:13.395+00:00,0.105402,0.2502329439994355,sqs-worker-5986dcd897-x8rdl,ip-192-168-20-201.ec2.internal,23f6990c96bf35215ed3aec0a2d64e556b5883b42c720afdff7804986202279f,1,1548.0,1798.0
1,keda-poisson-606-40630535,000027,14.52355,2026-08-31T20:27:15.389+00:00,2026-08-31T20:27:11.551+00:00,2026-08-31T20:27:13.427+00:00,2026-08-31T20:27:13.427+00:00,2026-08-31T20:27:13.436+00:00,2026-08-31T20:27:13.436+00:00,0.008763,0.008794866000243928,sqs-worker-5986dcd897-x8rdl,ip-192-168-20-201.ec2.internal,8a90df9b8fc0a580609c6dbe2b3ac9b3838edd5d98abc808e288c208047ffba4,1,1876.0,1885.0
1,keda-poisson-606-40630535,000023,11.661683,2026-08-31T20:27:12.527+00:00,2026-08-31T20:27:08.688+00:00,2026-08-31T20:27:13.271+00:00,2026-08-31T20:27:13.271+00:00,2026-08-31T20:27:13.946+00:00,2026-08-31T20:27:13.946+00:00,0.269713,0.6748775320011191,sqs-worker-5986dcd897-fbn2h,ip-192-168-20-201.ec2.internal,48aa2021b44b3380c5e24d48a374d1697ee28fb521c17f4e2f7292e37a62df69,1,4583.0,5258.0
1,keda-poisson-606-40630535,000030,17.764086,2026-08-31T20:27:18.632+00:00,2026-08-31T20:27:14.791+00:00,2026-08-31T20:27:14.795+00:00,2026-08-31T20:27:14.795+00:00,2026-08-31T20:27:14.912+00:00,2026-08-31T20:27:14.912+00:00,0.059801,0.11710120499992627,sqs-worker-5986dcd897-fbn2h,ip-192-168-20-201.ec2.internal,1bf7ed9b4cd8ee04fc2be3575fd6b549ccfc230f9138f44bb3f0dd0206b3bce1,1,4.0,121.0
1,keda-poisson-606-40630535,000032,18.097758,2026-08-31T20:27:18.963+00:00,2026-08-31T20:27:15.126+00:00,2026-08-31T20:27:15.130+00:00,2026-08-31T20:27:15.130+00:00,2026-08-31T20:27:15.293+00:00,2026-08-31T20:27:15.293+00:00,0.089444,0.16237748300045496,sqs-worker-5986dcd897-x8rdl,ip-192-168-20-201.ec2.internal,9bd5da7e192053f8b2d54d3051019c3a6afdaa1c35b216391773e60c4ffb9057,1,4.0,167.0
1,keda-poisson-606-40630535,000031,18.046565,2026-08-31T20:27:18.912+00:00,2026-08-31T20:27:15.072+00:00,2026-08-31T20:27:15.078+00:00,2026-08-31T20:27:15.078+00:00,2026-08-31T20:27:15.825+00:00,2026-08-31T20:27:15.825+00:00,0.328807,0.7474009790003038,sqs-worker-5986dcd897-fbn2h,ip-192-168-20-201.ec2.internal,7fce163cbedaa11b9f875cb776a6c76991c072d303ab93f36f737e028fa485ff,1,6.0,753.0
1,keda-poisson-606-40630535,000033,18.375973,2026-08-31T20:27:19.242+00:00,2026-08-31T20:27:15.404+00:00,2026-08-31T20:27:15.407+00:00,2026-08-31T20:27:15.407+00:00,2026-08-31T20:27:15.903+00:00,2026-08-31T20:27:15.903+00:00,0.219437,0.49530443100047705,sqs-worker-5986dcd897-x8rdl,ip-192-168-20-201.ec2.internal,ee09ec7a86672e8d7a503c060dd3665b4f8d5d3a76d114812db44158c3de38a1,1,3.0,499.0
1,keda-poisson-606-40630535,000035,18.455642,2026-08-31T20:27:19.321+00:00,2026-08-31T20:27:15.482+00:00,2026-08-31T20:27:15.948+00:00,2026-08-31T20:27:15.948+00:00,2026-08-31T20:27:15.960+00:00,2026-08-31T20:27:15.960+00:00,0.012056,0.012107317001209594,sqs-worker-5986dcd897-x8rdl,ip-192-168-20-201.ec2.internal,674359b2ee0552541314c0c611ea66c9bddff0e2414e83cdb200889c85cf8979,1,466.0,478.0
1,keda-poisson-606-40630535,000034,18.423974,2026-08-31T20:27:19.289+00:00,2026-08-31T20:27:15.451+00:00,2026-08-31T20:27:15.853+00:00,2026-08-31T20:27:15.853+00:00,2026-08-31T20:27:16.407+00:00,2026-08-31T20:27:16.407+00:00,0.217801,0.5540958530000353,sqs-worker-5986dcd897-fbn2h,ip-192-168-20-201.ec2.internal,5e0d0e41b47318cb7ee2c56ea28c0b436d013a8197fef7fc45afe06149242425,1,402.0,956.0
1,keda-poisson-606-40630535,000036,19.390445,2026-08-31T20:27:20.256+00:00,2026-08-31T20:27:16.414+00:00,2026-08-31T20:27:16.418+00:00,2026-08-31T20:27:16.418+00:00,2026-08-31T20:27:16.423+00:00,2026-08-31T20:27:16.423+00:00,0.005,0.005033738001657184,sqs-worker-5986dcd897-x8rdl,ip-192-168-20-201.ec2.internal,d79a063442a86dbbb8ed8e728e2e99b9de0d2df3366968895c6884181a8fe34a,1,4.0,9.0
1,keda-poisson-606-40630535,000037,21.088737,2026-08-31T20:27:21.956+00:00,2026-08-31T20:27:18.115+00:00,2026-08-31T20:27:18.119+00:00,2026-08-31T20:27:18.119+00:00,2026-08-31T20:27:18.209+00:00,2026-08-31T20:27:18.209+00:00,0.046695,0.0897517510002217,sqs-worker-5986dcd897-fbn2h,ip-192-168-20-201.ec2.internal,6e556743b7a333bdcce762a54ed53bfe89e611ecbfa9ec581355aa60d5e6b872,1,4.0,94.0
1,keda-poisson-606-40630535,000038,21.334212,2026-08-31T20:27:22.200+00:00,2026-08-31T20:27:18.360+00:00,2026-08-31T20:27:18.365+00:00,2026-08-31T20:27:18.365+00:00,2026-08-31T20:27:18.611+00:00,2026-08-31T20:27:18.611+00:00,0.126886,0.24629448700034118,sqs-worker-5986dcd897-x8rdl,ip-192-168-20-201.ec2.internal,05353636f0118416983faa15d02516ec08a782702a110923de26057ea68e4b4f,1,5.0,251.0
1,keda-poisson-606-40630535,000039,23.362966,2026-08-31T20:27:24.230+00:00,2026-08-31T20:27:20.389+00:00,2026-08-31T20:27:20.393+00:00,2026-08-31T20:27:20.393+00:00,2026-08-31T20:27:20.916+00:00,2026-08-31T20:27:20.916+00:00,0.223917,0.5235391049991449,sqs-worker-5986dcd897-fbn2h,ip-192-168-20-201.ec2.internal,fb1157c7b5cacec694a051bd224d57a032f56a3be713a8b613fb983848ea9ea6,1,4.0,527.0
1,keda-poisson-606-40630535,000041,24.032424,2026-08-31T20:27:24.897+00:00,2026-08-31T20:27:21.056+00:00,2026-08-31T20:27:21.061+00:00,2026-08-31T20:27:21.061+00:00,2026-08-31T20:27:21.101+00:00,2026-08-31T20:27:21.101+00:00,0.039983,0.04012049599987222,sqs-worker-5986dcd897-fbn2h,ip-192-168-20-201.ec2.internal,844db77317924ebee82a4182fed0d36138614c2ef01eca0c996d64099670f164,1,5.0,45.0
1,keda-poisson-606-40630535,000040,23.794074,2026-08-31T20:27:24.660+00:00,2026-08-31T20:27:20.821+00:00,2026-08-31T20:27:20.825+00:00,2026-08-31T20:27:20.825+00:00,2026-08-31T20:27:21.196+00:00,2026-08-31T20:27:21.196+00:00,0.145259,0.37165984399871377,sqs-worker-5986dcd897-x8rdl,ip-192-168-20-201.ec2.internal,3ca84fe52d0919abc6e944e0a595fb020746d39331ccda20be9d1e338cc0a812,1,4.0,375.0
1,keda-poisson-606-40630535,000042,24.68872,2026-08-31T20:27:25.553+00:00,2026-08-31T20:27:21.718+00:00,2026-08-31T20:27:21.722+00:00,2026-08-31T20:27:21.722+00:00,2026-08-31T20:27:25.357+00:00,2026-08-31T20:27:25.357+00:00,0.808371,3.63501019099931,sqs-worker-5986dcd897-fbn2h,ip-192-168-20-201.ec2.internal,62415acedd268511dd6a3df4e11bf7184649272e195ae5edb6de28ec8acdc011,1,4.0,3639.0
1,keda-poisson-606-40630535,000043,26.769943,2026-08-31T20:27:27.636+00:00,2026-08-31T20:27:23.796+00:00,2026-08-31T20:27:23.800+00:00,2026-08-31T20:27:23.800+00:00,2026-08-31T20:27:25.694+00:00,2026-08-31T20:27:25.694+00:00,0.770568,1.894209566000427,sqs-worker-5986dcd897-x8rdl,ip-192-168-20-201.ec2.internal,58d83f89b2ada22a6a90a1f73914127dbb68e2d3c37c64963a7897722f0bfe24,1,4.0,1898.0
1,keda-poisson-606-40630535,000044,27.385728,2026-08-31T20:27:28.250+00:00,2026-08-31T20:27:24.410+00:00,2026-08-31T20:27:25.386+00:00,2026-08-31T20:27:25.386+00:00,2026-08-31T20:27:25.406+00:00,2026-08-31T20:27:25.406+00:00,0.005,0.019748356000491185,sqs-worker-5986dcd897-fbn2h,ip-192-168-20-201.ec2.internal,98aab2b0416253218d26eb4d06671b99b9f7958f8c29dc8658fb476f058bd532,1,976.0,996.0
1,keda-poisson-606-40630535,000045,27.966083,2026-08-31T20:27:28.831+00:00,2026-08-31T20:27:24.990+00:00,2026-08-31T20:27:25.718+00:00,2026-08-31T20:27:25.718+00:00,2026-08-31T20:27:25.723+00:00,2026-08-31T20:27:25.723+00:00,0.005,0.005032209999626502,sqs-worker-5986dcd897-x8rdl,ip-192-168-20-201.ec2.internal,6f15e2d53ac071f2a82904a260dc115123b84c20b94bcab42a3b6c950c556f3a,1,728.0,733.0
1,keda-poisson-606-40630535,000046,28.401846,2026-08-31T20:27:29.266+00:00,2026-08-31T20:27:25.427+00:00,2026-08-31T20:27:25.433+00:00,2026-08-31T20:27:25.433+00:00,2026-08-31T20:27:26.003+00:00,2026-08-31T20:27:26.003+00:00,0.233038,0.5704376110006706,sqs-worker-5986dcd897-fbn2h,ip-192-168-20-201.ec2.internal,cce010f09c6b611d3e4a9d8166ff7b08bf9f519450dbad638e838c6c8210d307,1,6.0,576.0
1,keda-poisson-606-40630535,000047,28.415113,2026-08-31T20:27:29.279+00:00,2026-08-31T20:27:25.440+00:00,2026-08-31T20:27:25.751+00:00,2026-08-31T20:27:25.751+00:00,2026-08-31T20:27:26.020+00:00,2026-08-31T20:27:26.020+00:00,0.13312,0.2689648819996364,sqs-worker-5986dcd897-x8rdl,ip-192-168-20-201.ec2.internal,525f0d05f941918cdfa56f93bf9283a8a259684b9cdff700c0038a6c8406ebe2,1,311.0,580.0
1,keda-poisson-606-40630535,000048,29.631,2026-08-31T20:27:30.496+00:00,2026-08-31T20:27:26.662+00:00,2026-08-31T20:27:26.666+00:00,2026-08-31T20:27:26.666+00:00,2026-08-31T20:27:26.694+00:00,2026-08-31T20:27:26.694+00:00,0.028331,0.028373506998832454,sqs-worker-5986dcd897-fbn2h,ip-192-168-20-201.ec2.internal,56f64b5569c6ccc33746a51b15858f722ffeab8e3ec6418be4c152eb32c3332e,1,4.0,32.0
1,keda-poisson-606-40630535,000050,30.828429,2026-08-31T20:27:31.693+00:00,2026-08-31T20:27:27.853+00:00,2026-08-31T20:27:27.858+00:00,2026-08-31T20:27:27.858+00:00,2026-08-31T20:27:28.651+00:00,2026-08-31T20:27:28.651+00:00,0.348075,0.7929762330004451,sqs-worker-5986dcd897-fbn2h,ip-192-168-20-201.ec2.internal,38d3dae713b57c4e9f3e0b96cc2c2e3daee8fece7da87f2dc4956528940859af,1,5.0,798.0
1,keda-poisson-606-40630535,000051,31.392946,2026-08-31T20:27:32.257+00:00,2026-08-31T20:27:28.416+00:00,2026-08-31T20:27:28.671+00:00,2026-08-31T20:27:28.671+00:00,2026-08-31T20:27:28.767+00:00,2026-08-31T20:27:28.767+00:00,0.04526,0.09601354500046,sqs-worker-5986dcd897-fbn2h,ip-192-168-20-201.ec2.internal,b292ae7f4b20212b63cd1e68b93045a3479776afdec56815558271ef190c0886,1,255.0,351.0
1,keda-poisson-606-40630535,000049,30.010473,2026-08-31T20:27:30.875+00:00,2026-08-31T20:27:27.035+00:00,2026-08-31T20:27:27.041+00:00,2026-08-31T20:27:27.041+00:00,2026-08-31T20:27:28.876+00:00,2026-08-31T20:27:28.876+00:00,0.756888,1.8348810780007625,sqs-worker-5986dcd897-x8rdl,ip-192-168-20-201.ec2.internal,0c81f1a81f69be6de6314a68259cdda5028817c790010747b26ad034036a7b22,1,6.0,1841.0
1,keda-poisson-606-40630535,000052,31.852624,2026-08-31T20:27:32.717+00:00,2026-08-31T20:27:28.876+00:00,2026-08-31T20:27:28.879+00:00,2026-08-31T20:27:28.879+00:00,2026-08-31T20:27:29.540+00:00,2026-08-31T20:27:29.540+00:00,0.294286,0.6604540450007335,sqs-worker-5986dcd897-fbn2h,ip-192-168-20-201.ec2.internal,07403e41b949516510be5dd002335491ace2646e5e971df294f60fcd0eca7e7a,1,3.0,664.0
1,keda-poisson-606-40630535,000053,32.108678,2026-08-31T20:27:32.973+00:00,2026-08-31T20:27:29.134+00:00,2026-08-31T20:27:29.139+00:00,2026-08-31T20:27:29.139+00:00,2026-08-31T20:27:29.598+00:00,2026-08-31T20:27:29.598+00:00,0.219174,0.4595689769994351,sqs-worker-5986dcd897-x8rdl,ip-192-168-20-201.ec2.internal,820e1cd27df846273178bb18dd893ed8474988900006cd9ee9a137d8bb0efabe,1,5.0,464.0
1,keda-poisson-606-40630535,000054,32.152811,2026-08-31T20:27:33.017+00:00,2026-08-31T20:27:29.177+00:00,2026-08-31T20:27:29.586+00:00,2026-08-31T20:27:29.586+00:00,2026-08-31T20:27:29.645+00:00,2026-08-31T20:27:29.645+00:00,0.037578,0.058833357999901637,sqs-worker-5986dcd897-fbn2h,ip-192-168-20-201.ec2.internal,c961a57684f6aed5cb11330b66a8d5cd648f47a218bdecd597036a417deb6a89,1,409.0,468.0
1,keda-poisson-606-40630535,000056,32.987812,2026-08-31T20:27:33.852+00:00,2026-08-31T20:27:30.010+00:00,2026-08-31T20:27:30.016+00:00,2026-08-31T20:27:30.016+00:00,2026-08-31T20:27:30.107+00:00,2026-08-31T20:27:30.107+00:00,0.041829,0.09162842100158741,sqs-worker-5986dcd897-fbn2h,ip-192-168-20-201.ec2.internal,efe9b061699b2e1296254703fcd398f0d824a8bd77a36cd55610041331f37147,1,6.0,97.0
1,keda-poisson-606-40630535,000055,32.499785,2026-08-31T20:27:33.364+00:00,2026-08-31T20:27:29.527+00:00,2026-08-31T20:27:29.636+00:00,2026-08-31T20:27:29.636+00:00,2026-08-31T20:27:30.988+00:00,2026-08-31T20:27:30.988+00:00,0.266573,1.3516222219986957,sqs-worker-5986dcd897-x8rdl,ip-192-168-20-201.ec2.internal,805485a276c5705378d007a21635f7d5570184cb9bc293f37fb0c6ca6c10d8b2,1,109.0,1461.0
1,keda-poisson-606-40630535,000057,34.208826,2026-08-31T20:27:35.074+00:00,2026-08-31T20:27:31.232+00:00,2026-08-31T20:27:31.236+00:00,2026-08-31T20:27:31.236+00:00,2026-08-31T20:27:31.443+00:00,2026-08-31T20:27:31.443+00:00,0.091757,0.20741128099871275,sqs-worker-5986dcd897-fbn2h,ip-192-168-20-201.ec2.internal,1b9ddf64d79064182ecf6a7afe2a58ec3498d58b069cc85c09ca7070ac7df8ba,1,4.0,211.0
1,keda-poisson-606-40630535,000058,34.302314,2026-08-31T20:27:35.166+00:00,2026-08-31T20:27:31.324+00:00,2026-08-31T20:27:31.328+00:00,2026-08-31T20:27:31.328+00:00,2026-08-31T20:27:33.080+00:00,2026-08-31T20:27:33.080+00:00,0.522084,1.752295549000337,sqs-worker-5986dcd897-x8rdl,ip-192-168-20-201.ec2.internal,a069c2781fddfbd92609846b611154e2a2a5d44f6cdf534d0f950b62ab7819f4,1,4.0,1756.0
1,keda-poisson-606-40630535,000059,35.209322,2026-08-31T20:27:36.074+00:00,2026-08-31T20:27:32.237+00:00,2026-08-31T20:27:32.241+00:00,2026-08-31T20:27:32.242+00:00,2026-08-31T20:27:33.435+00:00,2026-08-31T20:27:33.435+00:00,0.221873,1.193878969999787,sqs-worker-5986dcd897-fbn2h,ip-192-168-20-201.ec2.internal,30f190627d6832548e84f0ac3c3fa2651929188308f09526b40b689813e3fd1c,1,4.0,1198.0
1,keda-poisson-606-40630535,000060,35.374815,2026-08-31T20:27:36.239+00:00,2026-08-31T20:27:32.398+00:00,2026-08-31T20:27:33.094+00:00,2026-08-31T20:27:33.094+00:00,2026-08-31T20:27:33.899+00:00,2026-08-31T20:27:33.899+00:00,0.335356,0.8051088640004309,sqs-worker-5986dcd897-x8rdl,ip-192-168-20-201.ec2.internal,db541af76a7ef735ab2b98c0790a1280bdf215675d13e5c9875675138cf40f91,1,696.0,1501.0
1,keda-poisson-606-40630535,000062,37.31623,2026-08-31T20:27:38.181+00:00,2026-08-31T20:27:34.340+00:00,2026-08-31T20:27:34.346+00:00,2026-08-31T20:27:34.346+00:00,2026-08-31T20:27:34.392+00:00,2026-08-31T20:27:34.392+00:00,0.035894,0.04558892000022752,sqs-worker-5986dcd897-x8rdl,ip-192-168-20-201.ec2.internal,5d99d7cfe7bdca532607474b854bbfd549093c8d49e22b32d249c73e30b575a5,1,6.0,52.0
1,keda-poisson-606-40630535,000061,36.306305,2026-08-31T20:27:37.171+00:00,2026-08-31T20:27:33.328+00:00,2026-08-31T20:27:33.474+00:00,2026-08-31T20:27:33.474+00:00,2026-08-31T20:27:34.413+00:00,2026-08-31T20:27:34.413+00:00,0.243919,0.9388149530004739,sqs-worker-5986dcd897-fbn2h,ip-192-168-20-201.ec2.internal,c4361108374d25407d36b845ba32c0d3f4868ad8cf0783d96d08946c1eaff4ae,1,146.0,1085.0
1,keda-poisson-606-40630535,000063,37.318769,2026-08-31T20:27:38.183+00:00,2026-08-31T20:27:34.347+00:00,2026-08-31T20:27:34.410+00:00,2026-08-31T20:27:34.411+00:00,2026-08-31T20:27:35.207+00:00,2026-08-31T20:27:35.207+00:00,0.334749,0.7969794450000336,sqs-worker-5986dcd897-x8rdl,ip-192-168-20-201.ec2.internal,bd0562a58cde04505f69a74fa0e053656b14eaa4551b29c720de5d16e7b5f440,1,63.0,860.0
1,keda-poisson-606-40630535,000064,41.19935,2026-08-31T20:27:42.067+00:00,2026-08-31T20:27:38.225+00:00,2026-08-31T20:27:38.229+00:00,2026-08-31T20:27:38.230+00:00,2026-08-31T20:27:38.451+00:00,2026-08-31T20:27:38.451+00:00,0.099195,0.2217958990004263,sqs-worker-5986dcd897-fbn2h,ip-192-168-20-201.ec2.internal,8fc6ad0ca5ebdd0a429ae86561758bf0cd213f63dd566d6741566a61c296f86b,1,4.0,226.0
1,keda-poisson-606-40630535,000065,41.962146,2026-08-31T20:27:42.827+00:00,2026-08-31T20:27:38.985+00:00,2026-08-31T20:27:38.990+00:00,2026-08-31T20:27:38.990+00:00,2026-08-31T20:27:39.118+00:00,2026-08-31T20:27:39.118+00:00,0.071115,0.12800190899906738,sqs-worker-5986dcd897-fbn2h,ip-192-168-20-201.ec2.internal,7cc6e164c9f5b523ef2e4991990be6a6b77262021e662321479e666c3311e13f,1,5.0,133.0
1,keda-poisson-606-40630535,000066,42.356851,2026-08-31T20:27:43.221+00:00,2026-08-31T20:27:39.381+00:00,2026-08-31T20:27:39.385+00:00,2026-08-31T20:27:39.385+00:00,2026-08-31T20:27:39.599+00:00,2026-08-31T20:27:39.599+00:00,0.095551,0.2142679569988104,sqs-worker-5986dcd897-x8rdl,ip-192-168-20-201.ec2.internal,2e938ca5db3f589b753e05661b8c2041c3008a0f153a15a61e858f714c16c764,1,4.0,218.0
1,keda-poisson-606-40630535,000067,42.870207,2026-08-31T20:27:43.735+00:00,2026-08-31T20:27:39.899+00:00,2026-08-31T20:27:39.903+00:00,2026-08-31T20:27:39.903+00:00,2026-08-31T20:27:40.524+00:00,2026-08-31T20:27:40.524+00:00,0.261433,0.6209670490006829,sqs-worker-5986dcd897-fbn2h,ip-192-168-20-201.ec2.internal,53bbf827623edd9e40cb5edda8c895a77bab7bd65ba4adedfb537d56e6c809e8,1,4.0,625.0
1,keda-poisson-606-40630535,000069,43.502425,2026-08-31T20:27:44.367+00:00,2026-08-31T20:27:40.525+00:00,2026-08-31T20:27:40.543+00:00,2026-08-31T20:27:40.543+00:00,2026-08-31T20:27:40.837+00:00,2026-08-31T20:27:40.837+00:00,0.122875,0.2940554359993257,sqs-worker-5986dcd897-fbn2h,ip-192-168-20-201.ec2.internal,3d61da81676ee1dd497bcd5aa670fb05f0addfb91043e94e4928d526ce61f8d2,1,18.0,312.0
1,keda-poisson-606-40630535,000070,43.559354,2026-08-31T20:27:44.423+00:00,2026-08-31T20:27:40.580+00:00,2026-08-31T20:27:40.871+00:00,2026-08-31T20:27:40.871+00:00,2026-08-31T20:27:41.103+00:00,2026-08-31T20:27:41.103+00:00,0.088245,0.23179537800024264,sqs-worker-5986dcd897-fbn2h,ip-192-168-20-201.ec2.internal,2487c89b8e719dedfb572e56d528673837c0ea074c3dda6ee082df21397d4f8c,1,291.0,523.0
1,keda-poisson-606-40630535,000071,44.137677,2026-08-31T20:27:45.002+00:00,2026-08-31T20:27:41.161+00:00,2026-08-31T20:27:41.166+00:00,2026-08-31T20:27:41.166+00:00,2026-08-31T20:27:41.750+00:00,2026-08-31T20:27:41.750+00:00,0.262059,0.5844312839999475,sqs-worker-5986dcd897-fbn2h,ip-192-168-20-201.ec2.internal,c7eaed1566a4e71494519e381cc019b95379507e80a661ea87b6591251136869,1,5.0,589.0
1,keda-poisson-606-40630535,000072,45.13498,2026-08-31T20:27:46.000+00:00,2026-08-31T20:27:42.158+00:00,2026-08-31T20:27:42.207+00:00,2026-08-31T20:27:42.207+00:00,2026-08-31T20:27:42.312+00:00,2026-08-31T20:27:42.313+00:00,0.025645,0.10536379500081239,sqs-worker-5986dcd897-fbn2h,ip-192-168-20-201.ec2.internal,ab6227450c551b18f371c5187714ad145ad49803282017c7889debe765111e47,1,49.0,154.0
1,keda-poisson-606-40630535,000073,45.466642,2026-08-31T20:27:46.331+00:00,2026-08-31T20:27:42.491+00:00,2026-08-31T20:27:42.502+00:00,2026-08-31T20:27:42.502+00:00,2026-08-31T20:27:43.015+00:00,2026-08-31T20:27:43.015+00:00,0.102482,0.5128868279989547,sqs-worker-5986dcd897-fbn2h,ip-192-168-20-201.ec2.internal,d45c79d1e56945a953b051a8108ac3f88e60fcaa1d9b886d7316fe8ef7e88a9b,1,11.0,524.0
1,keda-poisson-606-40630535,000068,43.164511,2026-08-31T20:27:44.029+00:00,2026-08-31T20:27:40.186+00:00,2026-08-31T20:27:40.190+00:00,2026-08-31T20:27:40.190+00:00,2026-08-31T20:27:43.203+00:00,2026-08-31T20:27:43.203+00:00,0.847666,3.0133358359998965,sqs-worker-5986dcd897-x8rdl,ip-192-168-20-201.ec2.internal,8c57d8b27b4f6e9055450ad79e6c6399cd775db64ef4470e9777c5d2db7101e0,1,4.0,3017.0
1,keda-poisson-606-40630535,000075,47.320553,2026-08-31T20:27:48.186+00:00,2026-08-31T20:27:44.350+00:00,2026-08-31T20:27:44.353+00:00,2026-08-31T20:27:44.353+00:00,2026-08-31T20:27:44.381+00:00,2026-08-31T20:27:44.381+00:00,0.028125,0.028182695001305547,sqs-worker-5986dcd897-x8rdl,ip-192-168-20-201.ec2.internal,fd5c417e77026019570014740fbfe2d89ebfcbd87391c5d1189846b72a6c9e42,1,3.0,31.0
1,keda-poisson-606-40630535,000074,45.806459,2026-08-31T20:27:46.671+00:00,2026-08-31T20:27:42.829+00:00,2026-08-31T20:27:43.103+00:00,2026-08-31T20:27:43.103+00:00,2026-08-31T20:27:44.618+00:00,2026-08-31T20:27:44.618+00:00,0.433008,1.514976153999669,sqs-worker-5986dcd897-fbn2h,ip-192-168-20-201.ec2.internal,a8a8f267b1b1ba7e9658789e15010cd6bae410564fdb0e71ecadda26be6c393b,1,274.0,1789.0
1,keda-poisson-606-40630535,000077,47.643822,2026-08-31T20:27:48.508+00:00,2026-08-31T20:27:44.666+00:00,2026-08-31T20:27:44.670+00:00,2026-08-31T20:27:44.670+00:00,2026-08-31T20:27:44.908+00:00,2026-08-31T20:27:44.908+00:00,0.104351,0.23738871499881498,sqs-worker-5986dcd897-fbn2h,ip-192-168-20-201.ec2.internal,6f3c81f4374d5f6556eaed2724291b0318a8ef84aaa99d5681c33fdd48f6dd0b,1,4.0,242.0
1,keda-poisson-606-40630535,000078,47.919893,2026-08-31T20:27:48.784+00:00,2026-08-31T20:27:44.942+00:00,2026-08-31T20:27:44.951+00:00,2026-08-31T20:27:44.951+00:00,2026-08-31T20:27:45.045+00:00,2026-08-31T20:27:45.045+00:00,0.053072,0.09388809300071443,sqs-worker-5986dcd897-fbn2h,ip-192-168-20-201.ec2.internal,72b9a709a999070acde9d9fc78076f1eff257ce942dd316470abaf8021af3743,1,9.0,103.0
1,keda-poisson-606-40630535,000076,47.596617,2026-08-31T20:27:48.461+00:00,2026-08-31T20:27:44.627+00:00,2026-08-31T20:27:44.631+00:00,2026-08-31T20:27:44.631+00:00,2026-08-31T20:27:46.086+00:00,2026-08-31T20:27:46.086+00:00,0.602377,1.4545499220002966,sqs-worker-5986dcd897-x8rdl,ip-192-168-20-201.ec2.internal,91105cdcba736841902e96d047defdaf1225eeb8a5c78eb2f262345faeccb7f2,1,4.0,1459.0
1,keda-poisson-606-40630535,000080,48.882332,2026-08-31T20:27:49.747+00:00,2026-08-31T20:27:45.904+00:00,2026-08-31T20:27:46.112+00:00,2026-08-31T20:27:46.112+00:00,2026-08-31T20:27:46.392+00:00,2026-08-31T20:27:46.392+00:00,0.121395,0.2798722089992225,sqs-worker-5986dcd897-x8rdl,ip-192-168-20-201.ec2.internal,4a1b10d714bb32bd59155954156bf5116d0938198487436e97291305514170af,1,208.0,488.0
1,keda-poisson-606-40630535,000079,48.573369,2026-08-31T20:27:49.438+00:00,2026-08-31T20:27:45.596+00:00,2026-08-31T20:27:45.603+00:00,2026-08-31T20:27:45.603+00:00,2026-08-31T20:27:46.637+00:00,2026-08-31T20:27:46.637+00:00,0.42904,1.0344283479989826,sqs-worker-5986dcd897-fbn2h,ip-192-168-20-201.ec2.internal,56d72cf40f15d33d572f871aed863418ca26b89db539ffcab0a2c0665f3ee8fc,1,7.0,1041.0
1,keda-poisson-606-40630535,000081,49.611638,2026-08-31T20:27:50.476+00:00,2026-08-31T20:27:46.636+00:00,2026-08-31T20:27:46.641+00:00,2026-08-31T20:27:46.641+00:00,2026-08-31T20:27:47.304+00:00,2026-08-31T20:27:47.304+00:00,0.305133,0.6631284369996138,sqs-worker-5986dcd897-x8rdl,ip-192-168-20-201.ec2.internal,3ba86307ec1d722e3282b08619a8b442aa92b3d999d72be65a196ea0340a49d9,1,5.0,668.0
1,keda-poisson-606-40630535,000082,50.713764,2026-08-31T20:27:51.579+00:00,2026-08-31T20:27:47.736+00:00,2026-08-31T20:27:47.744+00:00,2026-08-31T20:27:47.744+00:00,2026-08-31T20:27:48.077+00:00,2026-08-31T20:27:48.077+00:00,0.153462,0.33299840499967104,sqs-worker-5986dcd897-x8rdl,ip-192-168-20-201.ec2.internal,77506bcac725a69a151be9e6d8c0e271f06de8add896249e960b24b25e34332c,1,8.0,341.0
1,keda-poisson-606-40630535,000083,51.390529,2026-08-31T20:27:52.255+00:00,2026-08-31T20:27:48.415+00:00,2026-08-31T20:27:48.418+00:00,2026-08-31T20:27:48.418+00:00,2026-08-31T20:27:48.812+00:00,2026-08-31T20:27:48.812+00:00,0.169866,0.3936069650007994,sqs-worker-5986dcd897-fbn2h,ip-192-168-20-201.ec2.internal,6b93838f0fcf54791d14f25a93f34998af61e4770413a1bd01c75a5b4328a9c3,1,3.0,397.0
1,keda-poisson-606-40630535,000084,52.071863,2026-08-31T20:27:52.936+00:00,2026-08-31T20:27:49.101+00:00,2026-08-31T20:27:49.105+00:00,2026-08-31T20:27:49.105+00:00,2026-08-31T20:27:49.399+00:00,2026-08-31T20:27:49.399+00:00,0.135828,0.2935845979991427,sqs-worker-5986dcd897-x8rdl,ip-192-168-20-201.ec2.internal,45826c8f365124f973f8902919c5d8af5c32fdf07f41a067e6df76cc796f8d41,1,4.0,298.0
1,keda-poisson-606-40630535,000085,52.924067,2026-08-31T20:27:53.789+00:00,2026-08-31T20:27:49.947+00:00,2026-08-31T20:27:49.951+00:00,2026-08-31T20:27:49.951+00:00,2026-08-31T20:27:50.054+00:00,2026-08-31T20:27:50.054+00:00,0.06206,0.10350665300029505,sqs-worker-5986dcd897-fbn2h,ip-192-168-20-201.ec2.internal,7127a97bee0454b3c6607bf7fbcd7086ba2ce8fdf07ecd0637a9a53b7914591c,1,4.0,107.0
1,keda-poisson-606-40630535,000086,54.429464,2026-08-31T20:27:55.293+00:00,2026-08-31T20:27:51.455+00:00,2026-08-31T20:27:51.459+00:00,2026-08-31T20:27:51.459+00:00,2026-08-31T20:27:51.581+00:00,2026-08-31T20:27:51.581+00:00,0.064368,0.1214772740004264,sqs-worker-5986dcd897-x8rdl,ip-192-168-20-201.ec2.internal,659244f818f1025631b823fe4f6720c165531cc5009f7c7c0413d86e2d9c2ae7,1,4.0,126.0
1,keda-poisson-606-40630535,000087,54.436143,2026-08-31T20:27:55.299+00:00,2026-08-31T20:27:51.465+00:00,2026-08-31T20:27:51.471+00:00,2026-08-31T20:27:51.471+00:00,2026-08-31T20:27:51.807+00:00,2026-08-31T20:27:51.807+00:00,0.156333,0.336280972998793,sqs-worker-5986dcd897-fbn2h,ip-192-168-20-201.ec2.internal,51fa4a6c9fcb961b9f0605fb3c1146106b20fc699f606829d8a7535cb5876298,1,6.0,342.0
1,keda-poisson-606-40630535,000088,54.454064,2026-08-31T20:27:55.317+00:00,2026-08-31T20:27:51.485+00:00,2026-08-31T20:27:51.599+00:00,2026-08-31T20:27:51.599+00:00,2026-08-31T20:27:52.492+00:00,2026-08-31T20:27:52.492+00:00,0.360277,0.8929078199998912,sqs-worker-5986dcd897-x8rdl,ip-192-168-20-201.ec2.internal,985b0a307e2a5b5c4cba631f55e9b7c4dd0edfd9bc2b52b0194fca02a7e35f24,1,114.0,1006.9999999999999
1,keda-poisson-606-40630535,000089,55.652839,2026-08-31T20:27:56.517+00:00,2026-08-31T20:27:52.678+00:00,2026-08-31T20:27:52.682+00:00,2026-08-31T20:27:52.682+00:00,2026-08-31T20:27:52.687+00:00,2026-08-31T20:27:52.687+00:00,0.005,0.00503744299930986,sqs-worker-5986dcd897-x8rdl,ip-192-168-20-201.ec2.internal,8bc7f9e4b44265ce857e2ac102616c22c06587c5bb5ef2f7cd50f4147f462026,1,4.0,9.0
1,keda-poisson-606-40630535,000090,57.08165,2026-08-31T20:27:57.946+00:00,2026-08-31T20:27:54.110+00:00,2026-08-31T20:27:54.116+00:00,2026-08-31T20:27:54.116+00:00,2026-08-31T20:27:54.138+00:00,2026-08-31T20:27:54.138+00:00,0.022526,0.022576887999093742,sqs-worker-5986dcd897-fbn2h,ip-192-168-20-201.ec2.internal,86158ef9c8142273a04863093403027166218524cfdf509f15ea1eb57269c35c,1,6.0,28.0
1,keda-poisson-606-40630535,000091,57.123034,2026-08-31T20:27:57.986+00:00,2026-08-31T20:27:54.145+00:00,2026-08-31T20:27:54.149+00:00,2026-08-31T20:27:54.149+00:00,2026-08-31T20:27:54.274+00:00,2026-08-31T20:27:54.274+00:00,0.065572,0.12544024299859302,sqs-worker-5986dcd897-x8rdl,ip-192-168-20-201.ec2.internal,d434b8206bea6ab1a2bd951b561f97c957cc328e5a97f97b78a1527cc67c653c,1,4.0,129.0
1,keda-poisson-606-40630535,000092,57.260497,2026-08-31T20:27:58.123+00:00,2026-08-31T20:27:54.286+00:00,2026-08-31T20:27:54.291+00:00,2026-08-31T20:27:54.291+00:00,2026-08-31T20:27:54.725+00:00,2026-08-31T20:27:54.725+00:00,0.197856,0.4339872939999623,sqs-worker-5986dcd897-fbn2h,ip-192-168-20-201.ec2.internal,5a9e6d8e27a0efc451a1185899091a2335677b06f11d9c7bdc61a328c068430c,1,5.0,439.0
1,keda-poisson-606-40630535,000094,57.721484,2026-08-31T20:27:58.584+00:00,2026-08-31T20:27:54.742+00:00,2026-08-31T20:27:54.746+00:00,2026-08-31T20:27:54.746+00:00,2026-08-31T20:27:55.213+00:00,2026-08-31T20:27:55.213+00:00,0.183185,0.467048321999755,sqs-worker-5986dcd897-fbn2h,ip-192-168-20-201.ec2.internal,daa5c37c9a31525f71a853e1530ec90786ca6d560e3ec217473fb45317bbbb26,1,4.0,471.0
1,keda-poisson-606-40630535,000093,57.686545,2026-08-31T20:27:58.550+00:00,2026-08-31T20:27:54.716+00:00,2026-08-31T20:27:54.721+00:00,2026-08-31T20:27:54.721+00:00,2026-08-31T20:27:55.689+00:00,2026-08-31T20:27:55.689+00:00,0.406034,0.9682349169997906,sqs-worker-5986dcd897-x8rdl,ip-192-168-20-201.ec2.internal,656d4740f4a0d7a5122971c37ddc3366383696c396c5f20011d9ccf44c8163f6,1,5.0,973.0
1,keda-poisson-606-40630535,000096,58.470931,2026-08-31T20:27:59.334+00:00,2026-08-31T20:27:55.504+00:00,2026-08-31T20:27:55.730+00:00,2026-08-31T20:27:55.730+00:00,2026-08-31T20:27:55.985+00:00,2026-08-31T20:27:55.985+00:00,0.113308,0.2550867409991042,sqs-worker-5986dcd897-x8rdl,ip-192-168-20-201.ec2.internal,3252ca00c42f3391bfcfa6edbf8e74959487a89889476a79f438888d90969ecb,1,226.0,481.0
1,keda-poisson-606-40630535,000095,58.336077,2026-08-31T20:27:59.199+00:00,2026-08-31T20:27:55.359+00:00,2026-08-31T20:27:55.363+00:00,2026-08-31T20:27:55.363+00:00,2026-08-31T20:27:56.267+00:00,2026-08-31T20:27:56.267+00:00,0.397137,0.9037922089992207,sqs-worker-5986dcd897-fbn2h,ip-192-168-20-201.ec2.internal,12d1809b08dc4f6ed14d69932cfaec2d60117c07d506060ad2cbebb58ccf4ab1,1,4.0,908.0
1,keda-poisson-606-40630535,000097,59.147201,2026-08-31T20:28:00.010+00:00,2026-08-31T20:27:56.179+00:00,2026-08-31T20:27:56.183+00:00,2026-08-31T20:27:56.183+00:00,2026-08-31T20:27:56.695+00:00,2026-08-31T20:27:56.695+00:00,0.209936,0.5126185419994727,sqs-worker-5986dcd897-x8rdl,ip-192-168-20-201.ec2.internal,24b12a01b42a164c6795bdb7095d6df996a4cc0b845590ff0c92057db06e16f3,1,4.0,516.0
1,keda-poisson-606-40630535,000098,59.192158,2026-08-31T20:28:00.055+00:00,2026-08-31T20:27:56.218+00:00,2026-08-31T20:27:56.363+00:00,2026-08-31T20:27:56.363+00:00,2026-08-31T20:27:56.541+00:00,2026-08-31T20:27:56.541+00:00,0.088452,0.17831070700049167,sqs-worker-5986dcd897-fbn2h,ip-192-168-20-201.ec2.internal,b99a8c651710bde35e39125e770ca85e4aab51226a87b181b38b3bd8306e2d82,1,145.0,323.0
1,keda-poisson-606-40630535,000100,59.984326,2026-08-31T20:28:00.847+00:00,2026-08-31T20:27:57.010+00:00,2026-08-31T20:27:57.015+00:00,2026-08-31T20:27:57.015+00:00,2026-08-31T20:27:57.093+00:00,2026-08-31T20:27:57.093+00:00,0.049422,0.07768540799952461,sqs-worker-5986dcd897-x8rdl,ip-192-168-20-201.ec2.internal,02aa00d78fabab62ce140849ff6f45e9cc79090e6a07732b392c978b29f97eb0,1,5.0,83.0
1,keda-poisson-606-40630535,000101,60.050763,2026-08-31T20:28:00.913+00:00,2026-08-31T20:27:57.077+00:00,2026-08-31T20:27:57.115+00:00,2026-08-31T20:27:57.115+00:00,2026-08-31T20:27:57.994+00:00,2026-08-31T20:27:57.994+00:00,0.357959,0.8790611170006741,sqs-worker-5986dcd897-x8rdl,ip-192-168-20-201.ec2.internal,0850eb16d20baa3ba5e98140ca41ed06bf54a533c46a1f05324898e80edd2f79,1,38.0,917.0
1,keda-poisson-606-40630535,000102,60.53927,2026-08-31T20:28:01.402+00:00,2026-08-31T20:27:57.566+00:00,2026-08-31T20:27:58.022+00:00,2026-08-31T20:27:58.022+00:00,2026-08-31T20:27:58.221+00:00,2026-08-31T20:27:58.221+00:00,0.10185,0.1985285049995582,sqs-worker-5986dcd897-x8rdl,ip-192-168-20-201.ec2.internal,52982fbbdd800fcf4f8ba701c28d9db09accf08c37ff3d08c126e58119fd1353,1,456.0,655.0
1,keda-poisson-606-40630535,000103,60.955721,2026-08-31T20:28:01.819+00:00,2026-08-31T20:27:57.983+00:00,2026-08-31T20:27:58.309+00:00,2026-08-31T20:27:58.309+00:00,2026-08-31T20:27:58.389+00:00,2026-08-31T20:27:58.389+00:00,0.043259,0.08045713399951637,sqs-worker-5986dcd897-x8rdl,ip-192-168-20-201.ec2.internal,82eb9ac5ed5030e2d530a9b153601cf28355dee55735320fa6c9125cb7b3601e,1,326.0,406.0
1,keda-poisson-606-40630535,000099,59.628948,2026-08-31T20:28:00.492+00:00,2026-08-31T20:27:56.656+00:00,2026-08-31T20:27:56.663+00:00,2026-08-31T20:27:56.663+00:00,2026-08-31T20:27:58.442+00:00,2026-08-31T20:27:58.442+00:00,0.729598,1.7783495069998025,sqs-worker-5986dcd897-fbn2h,ip-192-168-20-201.ec2.internal,8ea60f1d3278f6d1915785a2f92a7b1a8e979e3453d1808515af7c3aaf04ee1a,1,7.0,1786.0
1,keda-poisson-606-40630535,000105,62.172927,2026-08-31T20:28:03.036+00:00,2026-08-31T20:27:59.196+00:00,2026-08-31T20:27:59.200+00:00,2026-08-31T20:27:59.200+00:00,2026-08-31T20:27:59.205+00:00,2026-08-31T20:27:59.205+00:00,0.005,0.005051362999438425,sqs-worker-5986dcd897-fbn2h,ip-192-168-20-201.ec2.internal,7ff3c58dfa6f61502478c87933cf21fa3ea594276425a6df922c15aec1f3b778,1,4.0,9.0
1,keda-poisson-606-40630535,000104,61.960709,2026-08-31T20:28:02.824+00:00,2026-08-31T20:27:58.982+00:00,2026-08-31T20:27:58.987+00:00,2026-08-31T20:27:58.987+00:00,2026-08-31T20:27:59.609+00:00,2026-08-31T20:27:59.610+00:00,0.266601,0.6221743490004883,sqs-worker-5986dcd897-x8rdl,ip-192-168-20-201.ec2.internal,9de6a0ab9a30866a78662c807876a4e2e238c48c546acfc9189dd20818272bcf,1,5.0,627.0
1,keda-poisson-606-40630535,000107,63.556858,2026-08-31T20:28:04.420+00:00,2026-08-31T20:28:00.579+00:00,2026-08-31T20:28:00.583+00:00,2026-08-31T20:28:00.583+00:00,2026-08-31T20:28:01.015+00:00,2026-08-31T20:28:01.015+00:00,0.182668,0.43156333200022345,sqs-worker-5986dcd897-fbn2h,ip-192-168-20-201.ec2.internal,48863768686fda7d1ab5b91205867b1ae40503ae81638b2bfa05f75ec83ee482,1,4.0,436.0
1,keda-poisson-606-40630535,000106,62.941828,2026-08-31T20:28:03.805+00:00,2026-08-31T20:27:59.963+00:00,2026-08-31T20:27:59.987+00:00,2026-08-31T20:27:59.987+00:00,2026-08-31T20:28:01.185+00:00,2026-08-31T20:28:01.185+00:00,0.229705,1.198109504999593,sqs-worker-5986dcd897-x8rdl,ip-192-168-20-201.ec2.internal,78d7803a2c2cad8a08aee1fc8f279e0ee60d4942aa54d13bfe0370e1e127567b,1,24.0,1222.0
1,keda-poisson-606-40630535,000108,64.03425,2026-08-31T20:28:04.897+00:00,2026-08-31T20:28:01.057+00:00,2026-08-31T20:28:01.061+00:00,2026-08-31T20:28:01.061+00:00,2026-08-31T20:28:01.538+00:00,2026-08-31T20:28:01.538+00:00,0.210511,0.4775814080003329,sqs-worker-5986dcd897-fbn2h,ip-192-168-20-201.ec2.internal,0764d35d741b4ebf40b2b5e74ad3c75bf2c074535ad6e11687efe4a272a2e29f,1,4.0,481.0
1,keda-poisson-606-40630535,000109,64.884402,2026-08-31T20:28:05.748+00:00,2026-08-31T20:28:01.915+00:00,2026-08-31T20:28:01.937+00:00,2026-08-31T20:28:01.937+00:00,2026-08-31T20:28:02.015+00:00,2026-08-31T20:28:02.016+00:00,0.023818,0.07886396200046875,sqs-worker-5986dcd897-fbn2h,ip-192-168-20-201.ec2.internal,383dcb02dc6b908c3e08bfcaaf3d0c04a7b70eda687f505acfae44e0343d7570,1,22.0,100.0
1,keda-poisson-606-40630535,000110,65.822429,2026-08-31T20:28:06.686+00:00,2026-08-31T20:28:02.853+00:00,2026-08-31T20:28:02.857+00:00,2026-08-31T20:28:02.857+00:00,2026-08-31T20:28:03.010+00:00,2026-08-31T20:28:03.010+00:00,0.020812,0.15293030099928728,sqs-worker-5986dcd897-fbn2h,ip-192-168-20-201.ec2.internal,80d15aa233ad3797951d8c50d3008db7836bf3a0fe72ea6669ea05e4bdca042f,1,4.0,157.0
1,keda-poisson-606-40630535,000111,66.693526,2026-08-31T20:28:07.557+00:00,2026-08-31T20:28:03.722+00:00,2026-08-31T20:28:03.727+00:00,2026-08-31T20:28:03.727+00:00,2026-08-31T20:28:04.595+00:00,2026-08-31T20:28:04.595+00:00,0.371941,0.8677101119992585,sqs-worker-5986dcd897-x8rdl,ip-192-168-20-201.ec2.internal,7d4e662f2d7c84559e6e5014a0f499054de7a869822d353b75b96d4ebca0dc75,1,5.0,873.0
1,keda-poisson-606-40630535,000112,67.586873,2026-08-31T20:28:08.450+00:00,2026-08-31T20:28:04.616+00:00,2026-08-31T20:28:04.620+00:00,2026-08-31T20:28:04.620+00:00,2026-08-31T20:28:04.915+00:00,2026-08-31T20:28:04.915+00:00,0.132915,0.29527237199908996,sqs-worker-5986dcd897-fbn2h,ip-192-168-20-201.ec2.internal,1478b9a7af9d6e54b026ca13047417ac837ecded61f9b15806a7472d6a24021a,1,4.0,299.0
1,keda-poisson-606-40630535,000113,68.232461,2026-08-31T20:28:09.096+00:00,2026-08-31T20:28:05.260+00:00,2026-08-31T20:28:05.264+00:00,2026-08-31T20:28:05.264+00:00,2026-08-31T20:28:05.269+00:00,2026-08-31T20:28:05.269+00:00,0.005,0.005053949998909957,sqs-worker-5986dcd897-fbn2h,ip-192-168-20-201.ec2.internal,49050d8ead45a8c25271ecbba86eac21b1bb7d20150a0d7ea07f5a3dadf0248f,1,4.0,9.0
1,keda-poisson-606-40630535,000114,68.754199,2026-08-31T20:28:09.617+00:00,2026-08-31T20:28:05.776+00:00,2026-08-31T20:28:05.782+00:00,2026-08-31T20:28:05.782+00:00,2026-08-31T20:28:06.213+00:00,2026-08-31T20:28:06.213+00:00,0.19012,0.4313777220013435,sqs-worker-5986dcd897-x8rdl,ip-192-168-20-201.ec2.internal,8e4fe7048e0f02e1aae0c6bba2c762541c39b3c5a3006c2b58f8ef1fb304a8b1,1,6.0,437.0
1,keda-poisson-606-40630535,000115,69.05758,2026-08-31T20:28:09.921+00:00,2026-08-31T20:28:06.081+00:00,2026-08-31T20:28:06.085+00:00,2026-08-31T20:28:06.085+00:00,2026-08-31T20:28:06.412+00:00,2026-08-31T20:28:06.413+00:00,0.150329,0.32713019999937387,sqs-worker-5986dcd897-fbn2h,ip-192-168-20-201.ec2.internal,28e309d8d91bb97d4b399ebaac46b385187ef87045a5b2a93718df5857295a5e,1,4.0,331.0
1,keda-poisson-606-40630535,000116,69.226756,2026-08-31T20:28:10.089+00:00,2026-08-31T20:28:06.249+00:00,2026-08-31T20:28:06.254+00:00,2026-08-31T20:28:06.254+00:00,2026-08-31T20:28:06.409+00:00,2026-08-31T20:28:06.410+00:00,0.071206,0.15541872100038745,sqs-worker-5986dcd897-x8rdl,ip-192-168-20-201.ec2.internal,d580b27c11bcc8de06740907d0fbce7e95f2a288737424886358ac73b947bf46,1,5.0,160.0
1,keda-poisson-606-40630535,000117,69.331751,2026-08-31T20:28:10.195+00:00,2026-08-31T20:28:06.357+00:00,2026-08-31T20:28:06.453+00:00,2026-08-31T20:28:06.453+00:00,2026-08-31T20:28:06.916+00:00,2026-08-31T20:28:06.916+00:00,0.201902,0.4631302419984422,sqs-worker-5986dcd897-x8rdl,ip-192-168-20-201.ec2.internal,3eb1744c5f8df27cbe2d683687e0ff8dd24c8743b44c90456484a156decb07cc,1,96.0,559.0
1,keda-poisson-606-40630535,000118,70.625126,2026-08-31T20:28:11.489+00:00,2026-08-31T20:28:07.650+00:00,2026-08-31T20:28:07.654+00:00,2026-08-31T20:28:07.654+00:00,2026-08-31T20:28:07.936+00:00,2026-08-31T20:28:07.936+00:00,0.123812,0.2819481810001889,sqs-worker-5986dcd897-fbn2h,ip-192-168-20-201.ec2.internal,12e54e5ff5ef5b0d07323eac222f7d2e0442772f2ebf29261bca97cd154809c3,1,4.0,286.0
1,keda-poisson-606-40630535,000119,71.435138,2026-08-31T20:28:12.298+00:00,2026-08-31T20:28:08.461+00:00,2026-08-31T20:28:08.466+00:00,2026-08-31T20:28:08.466+00:00,2026-08-31T20:28:08.804+00:00,2026-08-31T20:28:08.804+00:00,0.160351,0.3385977889993228,sqs-worker-5986dcd897-x8rdl,ip-192-168-20-201.ec2.internal,01a44ad636dfb534f2f866a7c0751f0d82bca2f7a2d5c708666e3f7c09ce26b2,1,5.0,343.0
1,keda-poisson-606-40630535,000120,71.966605,2026-08-31T20:28:12.830+00:00,2026-08-31T20:28:08.991+00:00,2026-08-31T20:28:08.995+00:00,2026-08-31T20:28:08.995+00:00,2026-08-31T20:28:09.114+00:00,2026-08-31T20:28:09.114+00:00,0.061364,0.11841521399946942,sqs-worker-5986dcd897-fbn2h,ip-192-168-20-201.ec2.internal,bc4c1ec4ae2f2f9b4834d54e4eba8f3cffa7d44b8ebd5a2396dce9a6d0424bac,1,4.0,123.0
1,keda-poisson-606-40630535,000121,73.320418,2026-08-31T20:28:14.184+00:00,2026-08-31T20:28:10.347+00:00,2026-08-31T20:28:10.351+00:00,2026-08-31T20:28:10.351+00:00,2026-08-31T20:28:10.533+00:00,2026-08-31T20:28:10.533+00:00,0.080178,0.18159722800010059,sqs-worker-5986dcd897-fbn2h,ip-192-168-20-201.ec2.internal,8db2a363d86bfed075177abdaa487ea27d91d62d57ffe6aa276201c9e7719357,1,4.0,186.0
1,keda-poisson-606-40630535,000122,73.542916,2026-08-31T20:28:14.406+00:00,2026-08-31T20:28:10.571+00:00,2026-08-31T20:28:10.577+00:00,2026-08-31T20:28:10.577+00:00,2026-08-31T20:28:11.394+00:00,2026-08-31T20:28:11.394+00:00,0.217418,0.8166933129996323,sqs-worker-5986dcd897-x8rdl,ip-192-168-20-201.ec2.internal,bbbfacdda14e5b843c737c4930e4614c20da671fa5f04bdea211ed6450bf2fca,1,6.0,823.0
1,keda-poisson-606-40630535,000123,73.573016,2026-08-31T20:28:14.436+00:00,2026-08-31T20:28:10.597+00:00,2026-08-31T20:28:11.412+00:00,2026-08-31T20:28:11.412+00:00,2026-08-31T20:28:11.623+00:00,2026-08-31T20:28:11.623+00:00,0.103267,0.21148216199981107,sqs-worker-5986dcd897-x8rdl,ip-192-168-20-201.ec2.internal,e8ef3b974f5b39eed318aabaa5fcccc15295e5609fa99f5373ffd42d0a526c90,1,815.0,1026.0
1,keda-poisson-606-40630535,000124,73.885726,2026-08-31T20:28:14.749+00:00,2026-08-31T20:28:10.907+00:00,2026-08-31T20:28:11.730+00:00,2026-08-31T20:28:11.730+00:00,2026-08-31T20:28:13.186+00:00,2026-08-31T20:28:13.186+00:00,0.600097,1.4562276599990582,sqs-worker-5986dcd897-x8rdl,ip-192-168-20-201.ec2.internal,22dfd08d1cc0e5a0d45f67fe3798345c68cc1960df362912624fc99399e2a7da,1,823.0,2279.0
1,keda-poisson-606-40630535,000125,76.415676,2026-08-31T20:28:17.281+00:00,2026-08-31T20:28:13.456+00:00,2026-08-31T20:28:13.460+00:00,2026-08-31T20:28:13.460+00:00,2026-08-31T20:28:13.583+00:00,2026-08-31T20:28:13.583+00:00,0.064406,0.12327311800072493,sqs-worker-5986dcd897-x8rdl,ip-192-168-20-201.ec2.internal,b4791205ce3326dea46a5a3c7c74fdbe7e9d2209d5c59c3568f006262050d27c,1,4.0,127.0
1,keda-poisson-606-40630535,000126,76.848458,2026-08-31T20:28:17.711+00:00,2026-08-31T20:28:13.871+00:00,2026-08-31T20:28:13.876+00:00,2026-08-31T20:28:13.876+00:00,2026-08-31T20:28:13.983+00:00,2026-08-31T20:28:13.983+00:00,0.041161,0.10734264299935603,sqs-worker-5986dcd897-x8rdl,ip-192-168-20-201.ec2.internal,e12eca83a0ac751a616711da7c09a7c94c62cd548a609c284966ab6a5cfb0c5d,1,5.0,112.0
1,keda-poisson-606-40630535,000127,77.769836,2026-08-31T20:28:18.633+00:00,2026-08-31T20:28:14.790+00:00,2026-08-31T20:28:14.795+00:00,2026-08-31T20:28:14.795+00:00,2026-08-31T20:28:14.818+00:00,2026-08-31T20:28:14.818+00:00,0.022444,0.022486650001155795,sqs-worker-5986dcd897-x8rdl,ip-192-168-20-201.ec2.internal,4acab5165fb1bc53345d6979c1440e182e437ae9a2a7eaa24d294ab2a87d12c8,1,5.0,28.0
1,keda-poisson-606-40630535,000128,79.521333,2026-08-31T20:28:20.385+00:00,2026-08-31T20:28:16.549+00:00,2026-08-31T20:28:16.553+00:00,2026-08-31T20:28:16.553+00:00,2026-08-31T20:28:16.558+00:00,2026-08-31T20:28:16.558+00:00,0.005,0.005038189998231246,sqs-worker-5986dcd897-x8rdl,ip-192-168-20-201.ec2.internal,4c2815b89756307d88f42121963888a80bbc9187f645414a7c8d204d9f53c846,1,4.0,9.0
1,keda-poisson-606-40630535,000129,80.826664,2026-08-31T20:28:21.689+00:00,2026-08-31T20:28:17.851+00:00,2026-08-31T20:28:17.856+00:00,2026-08-31T20:28:17.856+00:00,2026-08-31T20:28:17.910+00:00,2026-08-31T20:28:17.910+00:00,0.054401,0.05447665200154006,sqs-worker-5986dcd897-x8rdl,ip-192-168-20-201.ec2.internal,e5e9bbfc8933d31382d32baae84888a14986d6edbbc08f958b6ecaf61376de77,1,5.0,59.0
1,keda-poisson-606-40630535,000130,81.386356,2026-08-31T20:28:22.249+00:00,2026-08-31T20:28:18.407+00:00,2026-08-31T20:28:18.413+00:00,2026-08-31T20:28:18.413+00:00,2026-08-31T20:28:18.484+00:00,2026-08-31T20:28:18.484+00:00,0.041309,0.0710430630006158,sqs-worker-5986dcd897-x8rdl,ip-192-168-20-201.ec2.internal,9a1bbacc2ac14d60c08983085195862aa1cfc006b3bb2663ddc24209373dd964,1,6.0,77.0
1,keda-poisson-606-40630535,000131,82.893514,2026-08-31T20:28:23.758+00:00,2026-08-31T20:28:19.923+00:00,2026-08-31T20:28:19.977+00:00,2026-08-31T20:28:19.977+00:00,2026-08-31T20:28:22.609+00:00,2026-08-31T20:28:22.609+00:00,0.641374,2.632146627000111,sqs-worker-5986dcd897-x8rdl,ip-192-168-20-201.ec2.internal,158119c45e280b0552ee98d2140ec22063e338f09fe406b02e82f53f795e5e9d,1,54.0,2686.0
1,keda-poisson-606-40630535,000136,85.396317,2026-08-31T20:28:26.258+00:00,2026-08-31T20:28:22.425+00:00,2026-08-31T20:28:22.626+00:00,2026-08-31T20:28:22.626+00:00,2026-08-31T20:28:22.902+00:00,2026-08-31T20:28:22.902+00:00,0.109125,0.2760467450007127,sqs-worker-5986dcd897-x8rdl,ip-192-168-20-201.ec2.internal,ffda92b7626a6a6ceca7b8e4eb3b415a3f395d1ceb1be2508a3353ba5dc82397,1,201.0,477.0
1,keda-poisson-606-40630535,000137,85.859771,2026-08-31T20:28:26.722+00:00,2026-08-31T20:28:22.885+00:00,2026-08-31T20:28:22.918+00:00,2026-08-31T20:28:22.919+00:00,2026-08-31T20:28:23.582+00:00,2026-08-31T20:28:23.582+00:00,0.256275,0.6638774849998299,sqs-worker-5986dcd897-x8rdl,ip-192-168-20-201.ec2.internal,595ca8686554c1af8f92f695009a53d81435f446180c9237eb06de5b443f3906,1,33.0,697.0
1,keda-poisson-606-40630535,000132,83.225935,2026-08-31T20:28:24.089+00:00,2026-08-31T20:28:20.256+00:00,2026-08-31T20:28:23.599+00:00,2026-08-31T20:28:23.599+00:00,2026-08-31T20:28:23.791+00:00,2026-08-31T20:28:23.791+00:00,0.084492,0.1917254479994881,sqs-worker-5986dcd897-x8rdl,ip-192-168-20-201.ec2.internal,0ca9dfe5036e9084807e54feb86d8d2b4d43a545c09559704d166786afe92a16,1,3343.0,3535.0
1,keda-poisson-606-40630535,000133,84.315605,2026-08-31T20:28:25.178+00:00,2026-08-31T20:28:21.346+00:00,2026-08-31T20:28:23.826+00:00,2026-08-31T20:28:23.826+00:00,2026-08-31T20:28:24.178+00:00,2026-08-31T20:28:24.178+00:00,0.142673,0.35220284599927254,sqs-worker-5986dcd897-x8rdl,ip-192-168-20-201.ec2.internal,336b93636dbc07cb7604ab6a13f2569ccb9c656a3c7e1681e1a1b965b3b976f6,1,2480.0,2832.0
1,keda-poisson-606-40630535,000135,84.878168,2026-08-31T20:28:25.740+00:00,2026-08-31T20:28:21.911+00:00,2026-08-31T20:28:24.193+00:00,2026-08-31T20:28:24.193+00:00,2026-08-31T20:28:24.699+00:00,2026-08-31T20:28:24.699+00:00,0.21655,0.5054530479992536,sqs-worker-5986dcd897-x8rdl,ip-192-168-20-201.ec2.internal,8aa519687100350ed8a30d7185477faa22116481738ab210b1f68793b9216036,1,2282.0,2788.0
1,keda-poisson-606-40630535,000134,84.607161,2026-08-31T20:28:25.469+00:00,2026-08-31T20:28:21.636+00:00,2026-08-31T20:28:24.719+00:00,2026-08-31T20:28:24.719+00:00,2026-08-31T20:28:26.086+00:00,2026-08-31T20:28:26.086+00:00,0.543074,1.3667018329997518,sqs-worker-5986dcd897-x8rdl,ip-192-168-20-201.ec2.internal,10a48baa9dc23577980e6f1f855fbfd9b4bbe3d2824fb7717db26db6ea82621e,1,3083.0,4450.0
1,keda-poisson-606-40630535,000139,87.27832,2026-08-31T20:28:28.141+00:00,2026-08-31T20:28:24.300+00:00,2026-08-31T20:28:26.103+00:00,2026-08-31T20:28:26.103+00:00,2026-08-31T20:28:26.292+00:00,2026-08-31T20:28:26.292+00:00,0.082253,0.1891365470000892,sqs-worker-5986dcd897-x8rdl,ip-192-168-20-201.ec2.internal,36341c3c2445466a2c7b3d6c22891a3fa9a5324e27c393e9dbed064694ded0be,1,1803.0,1992.0
1,keda-poisson-606-40630535,000138,86.48135,2026-08-31T20:28:27.344+00:00,2026-08-31T20:28:23.516+00:00,2026-08-31T20:28:26.309+00:00,2026-08-31T20:28:26.309+00:00,2026-08-31T20:28:28.390+00:00,2026-08-31T20:28:28.390+00:00,0.833574,2.081310827999914,sqs-worker-5986dcd897-x8rdl,ip-192-168-20-201.ec2.internal,6fbe2e23e8bfa3848711f187829d13847fe181dcc8cbf6809cf92ad1431fd5af,1,2793.0,4874.0
1,keda-poisson-606-40630535,000145,90.519138,2026-08-31T20:28:31.381+00:00,2026-08-31T20:28:27.542+00:00,2026-08-31T20:28:28.407+00:00,2026-08-31T20:28:28.407+00:00,2026-08-31T20:28:28.593+00:00,2026-08-31T20:28:28.593+00:00,0.079295,0.18597672000032617,sqs-worker-5986dcd897-x8rdl,ip-192-168-20-201.ec2.internal,156c08713ce182cc78db0b835eb5efed3eda2e861f7a4686b1b052f1830bcca3,1,865.0,1051.0
1,keda-poisson-606-40630535,000141,89.137458,2026-08-31T20:28:30.000+00:00,2026-08-31T20:28:26.165+00:00,2026-08-31T20:28:28.609+00:00,2026-08-31T20:28:28.609+00:00,2026-08-31T20:28:29.409+00:00,2026-08-31T20:28:29.409+00:00,0.331865,0.7999370810011897,sqs-worker-5986dcd897-x8rdl,ip-192-168-20-201.ec2.internal,17fa32e3bd4b9f4b7fd16a52727bae82c1efd6124f9c032a75069d4c68e21c3e,1,2444.0,3244.0
1,keda-poisson-606-40630535,000143,90.062776,2026-08-31T20:28:30.924+00:00,2026-08-31T20:28:27.088+00:00,2026-08-31T20:28:29.434+00:00,2026-08-31T20:28:29.434+00:00,2026-08-31T20:28:32.499+00:00,2026-08-31T20:28:32.499+00:00,0.620308,3.0652334579990566,sqs-worker-5986dcd897-x8rdl,ip-192-168-20-201.ec2.internal,7bb183727ad0f0f9762ed5aa0998867aeb74e68e82262bdd8d5d61c1ee703162,1,2346.0,5411.0
1,keda-poisson-606-40630535,000142,90.026022,2026-08-31T20:28:30.889+00:00,2026-08-31T20:28:27.053+00:00,2026-08-31T20:28:32.522+00:00,2026-08-31T20:28:32.522+00:00,2026-08-31T20:28:32.776+00:00,2026-08-31T20:28:32.776+00:00,0.092036,0.2536066889988433,sqs-worker-5986dcd897-x8rdl,ip-192-168-20-201.ec2.internal,13f264856798456cdb8dbc3a36e4251bf653c4e534723ba610ee8973788a6a3b,1,5469.0,5723.0
1,keda-poisson-606-40630535,000150,92.465483,2026-08-31T20:28:33.328+00:00,2026-08-31T20:28:29.492+00:00,2026-08-31T20:28:32.792+00:00,2026-08-31T20:28:32.792+00:00,2026-08-31T20:28:32.905+00:00,2026-08-31T20:28:32.905+00:00,0.064835,0.1131549889996677,sqs-worker-5986dcd897-x8rdl,ip-192-168-20-201.ec2.internal,464bee0c1179451081b57e9fa5688d989c76e2774d438a949fba64651227afa1,1,3300.0,3413.0
1,keda-poisson-606-40630535,000153,94.449082,2026-08-31T20:28:35.311+00:00,2026-08-31T20:28:31.470+00:00,2026-08-31T20:28:32.922+00:00,2026-08-31T20:28:32.922+00:00,2026-08-31T20:28:34.810+00:00,2026-08-31T20:28:34.810+00:00,0.761296,1.887553709999338,sqs-worker-5986dcd897-x8rdl,ip-192-168-20-201.ec2.internal,fd3c77283c59c01074c0a26c5694a70685f9295c208c16fc1e02389910fc90f4,1,1452.0,3340.0
1,keda-poisson-606-40630535,000144,90.470714,2026-08-31T20:28:31.332+00:00,2026-08-31T20:28:27.493+00:00,2026-08-31T20:28:34.826+00:00,2026-08-31T20:28:34.826+00:00,2026-08-31T20:28:34.991+00:00,2026-08-31T20:28:34.991+00:00,0.057926,0.1645791549999558,sqs-worker-5986dcd897-x8rdl,ip-192-168-20-201.ec2.internal,73a0c922deb0483257e85605d9979da08ce98f632aa56c5effbf39dd8c2d8adc,1,7333.0,7498.0
1,keda-poisson-606-40630535,000140,88.456591,2026-08-31T20:28:29.319+00:00,2026-08-31T20:28:25.494+00:00,2026-08-31T20:28:35.007+00:00,2026-08-31T20:28:35.007+00:00,2026-08-31T20:28:36.180+00:00,2026-08-31T20:28:36.180+00:00,0.464871,1.173112817999936,sqs-worker-5986dcd897-x8rdl,ip-192-168-20-201.ec2.internal,e5847ffab189784bd96b8074c3210cec83342ee32cec7e1930e6367eda8b2cb8,1,9513.0,10686.0
1,keda-poisson-606-40630535,000151,92.789047,2026-08-31T20:28:33.651+00:00,2026-08-31T20:28:29.817+00:00,2026-08-31T20:28:36.195+00:00,2026-08-31T20:28:36.195+00:00,2026-08-31T20:28:36.304+00:00,2026-08-31T20:28:36.304+00:00,0.059747,0.10906124100074521,sqs-worker-5986dcd897-x8rdl,ip-192-168-20-201.ec2.internal,1100f7b87459daad597cd269fee7fa4523bb22ba05daf5c9860eac0b70c5a36e,1,6378.0,6487.0
1,keda-poisson-606-40630535,000152,94.361224,2026-08-31T20:28:35.223+00:00,2026-08-31T20:28:31.385+00:00,2026-08-31T20:28:36.324+00:00,2026-08-31T20:28:36.324+00:00,2026-08-31T20:28:37.286+00:00,2026-08-31T20:28:37.286+00:00,0.3776,0.9629116299984162,sqs-worker-5986dcd897-x8rdl,ip-192-168-20-201.ec2.internal,aef874839dd56e37110dea3b9eb0b5f47f904427722cbce0a7510f530ed99377,1,4939.0,5901.0
1,keda-poisson-606-40630535,000154,94.473684,2026-08-31T20:28:35.335+00:00,2026-08-31T20:28:31.494+00:00,2026-08-31T20:28:37.422+00:00,2026-08-31T20:28:37.422+00:00,2026-08-31T20:28:37.502+00:00,2026-08-31T20:28:37.502+00:00,0.031611,0.07915056700039713,sqs-worker-5986dcd897-x8rdl,ip-192-168-20-201.ec2.internal,85045d74d330a81d2f564a0b52a6aa50de7addbacd8672a4cab7becd3a6ceb06,1,5928.0,6008.0
1,keda-poisson-606-40630535,000146,90.899111,2026-08-31T20:28:31.761+00:00,2026-08-31T20:28:27.922+00:00,2026-08-31T20:28:37.341+00:00,2026-08-31T20:28:37.341+00:00,2026-08-31T20:28:37.406+00:00,2026-08-31T20:28:37.406+00:00,0.038898,0.06564059899938002,sqs-worker-5986dcd897-x8rdl,ip-192-168-20-201.ec2.internal,3f5ba1ffa77320e462efe6965b7cfd3c629ee9e8eb7ba8f4d6ca51d8ffdce03b,1,9419.0,9484.0
1,keda-poisson-606-40630535,000147,91.07025,2026-08-31T20:28:31.932+00:00,2026-08-31T20:28:28.100+00:00,2026-08-31T20:28:37.303+00:00,2026-08-31T20:28:37.303+00:00,2026-08-31T20:28:37.317+00:00,2026-08-31T20:28:37.317+00:00,0.013645,0.013709636999919894,sqs-worker-5986dcd897-x8rdl,ip-192-168-20-201.ec2.internal,8ca04365cc203e1286f6512c7fddc9f1f51b608c1cbb06d4ed883d7a3672238e,1,9203.0,9217.0
1,keda-poisson-606-40630535,000148,91.112011,2026-08-31T20:28:31.974+00:00,2026-08-31T20:28:28.133+00:00,2026-08-31T20:28:37.588+00:00,2026-08-31T20:28:37.588+00:00,2026-08-31T20:28:37.910+00:00,2026-08-31T20:28:37.910+00:00,0.150104,0.32202265600062674,sqs-worker-5986dcd897-x8rdl,ip-192-168-20-201.ec2.internal,fc25eafa31078e116a8aa49e7c622e34d1a5fffd13a12d656711341652dd016a,1,9455.0,9777.0
1,keda-poisson-606-40630535,000158,99.721482,2026-08-31T20:28:40.584+00:00,2026-08-31T20:28:36.753+00:00,2026-08-31T20:28:37.927+00:00,2026-08-31T20:28:37.927+00:00,2026-08-31T20:28:38.177+00:00,2026-08-31T20:28:38.177+00:00,0.082756,0.2497819710006297,sqs-worker-5986dcd897-x8rdl,ip-192-168-20-201.ec2.internal,a5628834c3ca14b5609ebd7c8d27f3aa87cfb049d393fe140a7523a432b8a996,1,1174.0,1424.0
1,keda-poisson-606-40630535,000159,99.852256,2026-08-31T20:28:40.714+00:00,2026-08-31T20:28:36.871+00:00,2026-08-31T20:28:38.805+00:00,2026-08-31T20:28:38.805+00:00,2026-08-31T20:28:38.900+00:00,2026-08-31T20:28:38.900+00:00,0.053436,0.0954676080000354,sqs-worker-5986dcd897-x8rdl,ip-192-168-20-201.ec2.internal,f173c90ef487c6036e07a53178bbb121b7f9cb1a01310ea1060fc7ecf5a3238b,1,1934.0,2029.0
1,keda-poisson-606-40630535,000149,91.495318,2026-08-31T20:28:32.357+00:00,2026-08-31T20:28:28.520+00:00,2026-08-31T20:28:38.194+00:00,2026-08-31T20:28:38.194+00:00,2026-08-31T20:28:38.782+00:00,2026-08-31T20:28:38.782+00:00,0.240931,0.5886625910006842,sqs-worker-5986dcd897-x8rdl,ip-192-168-20-201.ec2.internal,496cae6fb396987f7a9db5868824be199f9ae9237dc4bf882f326fa44a7438a4,1,9674.0,10262.0
1,keda-poisson-606-40630535,000161,100.649687,2026-08-31T20:28:41.512+00:00,2026-08-31T20:28:37.681+00:00,2026-08-31T20:28:39.140+00:00,2026-08-31T20:28:39.140+00:00,2026-08-31T20:28:39.599+00:00,2026-08-31T20:28:39.599+00:00,0.18994,0.458230154001285,sqs-worker-5986dcd897-x8rdl,ip-192-168-20-201.ec2.internal,b3ad109900e078e0144ac968c69a00ba3725bef8d3d04d71690c1534fc9cc7d3,1,1459.0,1918.0
1,keda-poisson-606-40630535,000163,101.887532,2026-08-31T20:28:42.750+00:00,2026-08-31T20:28:38.911+00:00,2026-08-31T20:28:38.916+00:00,2026-08-31T20:28:38.916+00:00,2026-08-31T20:28:39.098+00:00,2026-08-31T20:28:39.098+00:00,0.073543,0.18198541200035834,sqs-worker-5986dcd897-x8rdl,ip-192-168-20-201.ec2.internal,b51d3351275ee5dd9b5e6ece0e7a77029c5ea3a99518b469f54736339efbd85a,1,5.0,187.0
1,keda-poisson-606-40630535,000160,100.506087,2026-08-31T20:28:41.368+00:00,2026-08-31T20:28:37.531+00:00,2026-08-31T20:28:39.612+00:00,2026-08-31T20:28:39.612+00:00,2026-08-31T20:28:40.797+00:00,2026-08-31T20:28:40.797+00:00,0.239066,1.1849474880000344,sqs-worker-5986dcd897-x8rdl,ip-192-168-20-201.ec2.internal,1735e99acab71490b573d01c58c7cc2f3312b5d35ae1ff3d6460dee86d2cb922,1,2081.0,3266.0
1,keda-poisson-606-40630535,000164,102.256321,2026-08-31T20:28:43.118+00:00,2026-08-31T20:28:39.277+00:00,2026-08-31T20:28:40.887+00:00,2026-08-31T20:28:40.887+00:00,2026-08-31T20:28:43.396+00:00,2026-08-31T20:28:43.397+00:00,0.645849,2.5093381740007317,sqs-worker-5986dcd897-x8rdl,ip-192-168-20-201.ec2.internal,cefc4925ffeb8f920be928de1e3c511e0a4118585f78b7618076b86f82e972c0,1,1610.0,4119.0
1,keda-poisson-606-40630535,000165,102.280687,2026-08-31T20:28:43.142+00:00,2026-08-31T20:28:39.306+00:00,2026-08-31T20:28:43.609+00:00,2026-08-31T20:28:43.609+00:00,2026-08-31T20:28:43.614+00:00,2026-08-31T20:28:43.614+00:00,0.005,0.00503145500078972,sqs-worker-5986dcd897-x8rdl,ip-192-168-20-201.ec2.internal,064dfc10dfc4943954bc4b4a75ba85159803abfcb7208a0d9a3fbadb2e9f542e,1,4303.0,4308.0
1,keda-poisson-606-40630535,000155,94.533561,2026-08-31T20:28:35.395+00:00,2026-08-31T20:28:31.557+00:00,2026-08-31T20:28:43.414+00:00,2026-08-31T20:28:43.414+00:00,2026-08-31T20:28:43.593+00:00,2026-08-31T20:28:43.593+00:00,0.072758,0.1789961670001503,sqs-worker-5986dcd897-x8rdl,ip-192-168-20-201.ec2.internal,70a51cb84bf812add9fd401c3c03db7a2bc350dbd3c1e5137724e7bc3bc262a4,1,11857.0,12036.0
1,keda-poisson-606-40630535,000162,100.71133,2026-08-31T20:28:41.573+00:00,2026-08-31T20:28:37.741+00:00,2026-08-31T20:28:43.630+00:00,2026-08-31T20:28:43.630+00:00,2026-08-31T20:28:44.287+00:00,2026-08-31T20:28:44.287+00:00,0.261228,0.6569556350004859,sqs-worker-5986dcd897-x8rdl,ip-192-168-20-201.ec2.internal,32c22c8968f5bd6756602ed0fbbf72c41b0acc5e0fd3230c781ed9bf45f40b17,1,5889.0,6546.0
1,keda-poisson-606-40630535,000167,103.072411,2026-08-31T20:28:43.935+00:00,2026-08-31T20:28:40.096+00:00,2026-08-31T20:28:44.799+00:00,2026-08-31T20:28:44.799+00:00,2026-08-31T20:28:44.804+00:00,2026-08-31T20:28:44.804+00:00,0.005,0.005031680000683991,sqs-worker-5986dcd897-x8rdl,ip-192-168-20-201.ec2.internal,c0a33e6ae36c068af982e2a9f3a2dc47bf14bf52a52103af7d78ab0df9548bda,1,4703.0,4708.0
1,keda-poisson-606-40630535,000166,102.554808,2026-08-31T20:28:43.417+00:00,2026-08-31T20:28:39.582+00:00,2026-08-31T20:28:44.301+00:00,2026-08-31T20:28:44.301+00:00,2026-08-31T20:28:44.781+00:00,2026-08-31T20:28:44.781+00:00,0.19036,0.4801748560003034,sqs-worker-5986dcd897-x8rdl,ip-192-168-20-201.ec2.internal,13c81c89517490a10587420931ed09a01e55a61b3a1b56234496aae43f3a3e08,1,4719.0,5199.0
1,keda-poisson-606-40630535,000156,95.101588,2026-08-31T20:28:35.964+00:00,2026-08-31T20:28:32.126+00:00,2026-08-31T20:28:44.822+00:00,2026-08-31T20:28:44.822+00:00,2026-08-31T20:28:45.683+00:00,2026-08-31T20:28:45.683+00:00,0.349046,0.8608688099993742,sqs-worker-5986dcd897-x8rdl,ip-192-168-20-201.ec2.internal,394c3a7276c96cccacacadf04b917b3257f05032c6b53807ac2331c70c8fb1ef,1,12696.0,13557.0
1,keda-poisson-606-40630535,000171,108.530513,2026-08-31T20:28:49.392+00:00,2026-08-31T20:28:45.552+00:00,2026-08-31T20:28:45.697+00:00,2026-08-31T20:28:45.698+00:00,2026-08-31T20:28:45.714+00:00,2026-08-31T20:28:45.714+00:00,0.016385,0.01641651899990393,sqs-worker-5986dcd897-x8rdl,ip-192-168-20-201.ec2.internal,0757cd52fcac34d243ecabb109febf543b95ee7387295278bb5e33e067c9e811,1,145.0,162.0
1,keda-poisson-606-40630535,000168,104.400698,2026-08-31T20:28:45.264+00:00,2026-08-31T20:28:41.427+00:00,2026-08-31T20:28:46.197+00:00,2026-08-31T20:28:46.197+00:00,2026-08-31T20:28:46.221+00:00,2026-08-31T20:28:46.221+00:00,0.023322,0.02335537199905957,sqs-worker-5986dcd897-x8rdl,ip-192-168-20-201.ec2.internal,774a873fb42568d08c1091ab7c15fb395f81ac974d8a5f365be4fed18da50874,1,4770.0,4794.0
1,keda-poisson-606-40630535,000170,105.883636,2026-08-31T20:28:46.746+00:00,2026-08-31T20:28:42.907+00:00,2026-08-31T20:28:45.735+00:00,2026-08-31T20:28:45.735+00:00,2026-08-31T20:28:45.741+00:00,2026-08-31T20:28:45.741+00:00,0.005595,0.005626014999506879,sqs-worker-5986dcd897-x8rdl,ip-192-168-20-201.ec2.internal,b9321d086fb48bd754d8256080114399e3f1d3b56e089e50fbcda4aae46ba544,1,2828.0,2834.0
1,keda-poisson-606-40630535,000157,98.270813,2026-08-31T20:28:39.136+00:00,2026-08-31T20:28:35.301+00:00,2026-08-31T20:28:45.780+00:00,2026-08-31T20:28:45.780+00:00,2026-08-31T20:28:46.176+00:00,2026-08-31T20:28:46.176+00:00,0.159325,0.39595041000029596,sqs-worker-5986dcd897-x8rdl,ip-192-168-20-201.ec2.internal,4accb4d009e440f6c8c1fa3a197b6fe65fb5e1f3c38f4bde5298e3a56b7871bf,1,10479.0,10875.0
1,keda-poisson-606-40630535,000169,105.415738,2026-08-31T20:28:46.278+00:00,2026-08-31T20:28:42.441+00:00,2026-08-31T20:28:46.731+00:00,2026-08-31T20:28:46.731+00:00,2026-08-31T20:28:47.076+00:00,2026-08-31T20:28:47.076+00:00,0.121213,0.34476407100009965,sqs-worker-5986dcd897-x8rdl,ip-192-168-20-201.ec2.internal,5dc8cadd49f85d3f44f828cc7601c9734929d3562ec79e5647372b914b3283e3,1,4290.0,4635.0
1,keda-poisson-606-40630535,000172,108.795277,2026-08-31T20:28:49.657+00:00,2026-08-31T20:28:45.818+00:00,2026-08-31T20:28:46.245+00:00,2026-08-31T20:28:46.245+00:00,2026-08-31T20:28:46.710+00:00,2026-08-31T20:28:46.710+00:00,0.20354,0.46561795299930964,sqs-worker-5986dcd897-x8rdl,ip-192-168-20-201.ec2.internal,291cea6428ae820d01b4e66e4764539b27575f44345fd20c1b8a73bf95e6daa3,1,427.0,892.0
1,keda-poisson-606-40630535,000173,110.526071,2026-08-31T20:28:51.388+00:00,2026-08-31T20:28:47.550+00:00,2026-08-31T20:28:47.553+00:00,2026-08-31T20:28:47.553+00:00,2026-08-31T20:28:47.899+00:00,2026-08-31T20:28:47.899+00:00,0.169908,0.34533625800031587,sqs-worker-5986dcd897-x8rdl,ip-192-168-20-201.ec2.internal,080912b04f02a26715a44eecabbf04657831a78f20000a7e4aed7d741abe5c7b,1,3.0,349.0
1,keda-poisson-606-40630535,000174,111.619226,2026-08-31T20:28:52.482+00:00,2026-08-31T20:28:48.644+00:00,2026-08-31T20:28:48.650+00:00,2026-08-31T20:28:48.650+00:00,2026-08-31T20:28:49.292+00:00,2026-08-31T20:28:49.292+00:00,0.283281,0.6416242380000767,sqs-worker-5986dcd897-x8rdl,ip-192-168-20-201.ec2.internal,fcac397a1d9e95f570804ac3f5a70a3548000cd3d480727be44e527200b13230,1,6.0,648.0
1,keda-poisson-606-40630535,000175,112.017944,2026-08-31T20:28:52.880+00:00,2026-08-31T20:28:49.043+00:00,2026-08-31T20:28:49.316+00:00,2026-08-31T20:28:49.316+00:00,2026-08-31T20:28:49.375+00:00,2026-08-31T20:28:49.375+00:00,0.018707,0.058969726000213996,sqs-worker-5986dcd897-x8rdl,ip-192-168-20-201.ec2.internal,ff64e59199ac1e34f82c7de9a33e7a88b765fd859b16d7d817fd9f9d68f27ddc,1,273.0,332.0
1,keda-poisson-606-40630535,000176,112.257473,2026-08-31T20:28:53.119+00:00,2026-08-31T20:28:49.281+00:00,2026-08-31T20:28:49.393+00:00,2026-08-31T20:28:49.393+00:00,2026-08-31T20:28:51.094+00:00,2026-08-31T20:28:51.094+00:00,0.379118,1.7010566669996479,sqs-worker-5986dcd897-x8rdl,ip-192-168-20-201.ec2.internal,883bfe594da4953555b868f7d597c0e177f36090bfc18c3c8a8ae82440f75033,1,112.0,1813.0
1,keda-poisson-606-40630535,000177,112.667437,2026-08-31T20:28:53.529+00:00,2026-08-31T20:28:49.696+00:00,2026-08-31T20:28:51.188+00:00,2026-08-31T20:28:51.188+00:00,2026-08-31T20:28:53.883+00:00,2026-08-31T20:28:53.883+00:00,0.81256,2.6951903410008526,sqs-worker-5986dcd897-x8rdl,ip-192-168-20-201.ec2.internal,251ffe4698b1b545f152ad7b2d5a781992209fe950c2a50b52b40b0f1ba94af7,1,1492.0,4187.0
1,keda-poisson-606-40630535,000181,116.306937,2026-08-31T20:28:57.168+00:00,2026-08-31T20:28:53.329+00:00,2026-08-31T20:28:53.899+00:00,2026-08-31T20:28:53.899+00:00,2026-08-31T20:28:54.482+00:00,2026-08-31T20:28:54.482+00:00,0.234734,0.5829073859986238,sqs-worker-5986dcd897-x8rdl,ip-192-168-20-201.ec2.internal,c4d6fe6f7a9d35f5cec0f3dc8fba3e678376553415807eb6b1b327d6e71793a4,1,570.0,1153.0
1,keda-poisson-606-40630535,000178,113.109848,2026-08-31T20:28:53.972+00:00,2026-08-31T20:28:50.137+00:00,2026-08-31T20:28:54.516+00:00,2026-08-31T20:28:54.516+00:00,2026-08-31T20:28:55.406+00:00,2026-08-31T20:28:55.406+00:00,0.380208,0.8901436679989274,sqs-worker-5986dcd897-x8rdl,ip-192-168-20-201.ec2.internal,5b1a1d4ef1fbdc30336fb90d27abcdfd9baad444551c82ce7203412af960ace8,1,4379.0,5269.0
1,keda-poisson-606-40630535,000179,114.771056,2026-08-31T20:28:55.633+00:00,2026-08-31T20:28:51.795+00:00,2026-08-31T20:28:55.420+00:00,2026-08-31T20:28:55.420+00:00,2026-08-31T20:28:55.582+00:00,2026-08-31T20:28:55.582+00:00,0.051498,0.16148362099920632,sqs-worker-5986dcd897-x8rdl,ip-192-168-20-201.ec2.internal,8c0fe24efc468eb3c0bd4ac1c927e28f3c3c1a7fa024166157e9e76c4e64f2c4,1,3625.0,3787.0
1,keda-poisson-606-40630535,000183,117.829489,2026-08-31T20:28:58.690+00:00,2026-08-31T20:28:54.856+00:00,2026-08-31T20:28:55.604+00:00,2026-08-31T20:28:55.604+00:00,2026-08-31T20:28:55.986+00:00,2026-08-31T20:28:55.986+00:00,0.160397,0.3816223909998371,sqs-worker-5986dcd897-x8rdl,ip-192-168-20-201.ec2.internal,e260a1f8e71539ba30d3f051ca49cd146af5889106006c52bca9a00857c5eee8,1,748.0,1130.0
1,keda-poisson-606-40630535,000180,115.278584,2026-08-31T20:28:56.139+00:00,2026-08-31T20:28:52.300+00:00,2026-08-31T20:28:56.015+00:00,2026-08-31T20:28:56.015+00:00,2026-08-31T20:28:56.194+00:00,2026-08-31T20:28:56.194+00:00,0.084006,0.17937968099977297,sqs-worker-5986dcd897-x8rdl,ip-192-168-20-201.ec2.internal,8e519b82aa672d562c38e3bbcbf9ff97090da19b7e15658a574088f618bb5894,1,3715.0,3894.0
1,keda-poisson-606-40630535,000184,119.140325,2026-08-31T20:29:00.002+00:00,2026-08-31T20:28:56.175+00:00,2026-08-31T20:28:56.211+00:00,2026-08-31T20:28:56.211+00:00,2026-08-31T20:28:58.380+00:00,2026-08-31T20:28:58.380+00:00,0.861075,2.168505338999239,sqs-worker-5986dcd897-x8rdl,ip-192-168-20-201.ec2.internal,c9c80bae3b497031e188ef6207a4ba5dcfe91b3702b13b91b3d2e6f547dbaaa8,1,36.0,2205.0
1,keda-poisson-606-40630535,000182,117.330762,2026-08-31T20:28:58.192+00:00,2026-08-31T20:28:54.360+00:00,2026-08-31T20:28:58.454+00:00,2026-08-31T20:28:58.454+00:00,2026-08-31T20:28:59.288+00:00,2026-08-31T20:28:59.288+00:00,0.350091,0.8345619400006399,sqs-worker-5986dcd897-x8rdl,ip-192-168-20-201.ec2.internal,3df8042866ac9cb3d2b4223e561bdb8785d7183d3326abe37f268529613712f8,1,4094.0000000000005,4928.0
1,keda-poisson-606-40630535,000186,120.751598,2026-08-31T20:29:01.612+00:00,2026-08-31T20:28:57.774+00:00,2026-08-31T20:28:59.324+00:00,2026-08-31T20:28:59.324+00:00,2026-08-31T20:28:59.351+00:00,2026-08-31T20:28:59.351+00:00,0.026652,0.026722635000623995,sqs-worker-5986dcd897-x8rdl,ip-192-168-20-201.ec2.internal,8f1d8ce111f15a1d9b3a2e99b43b2ca227f3fd3e5eafb2fa4b51cfc1bcb4a25c,1,1550.0,1577.0
1,keda-poisson-606-40630535,000185,120.625313,2026-08-31T20:29:01.487+00:00,2026-08-31T20:28:57.652+00:00,2026-08-31T20:28:59.404+00:00,2026-08-31T20:28:59.404+00:00,2026-08-31T20:29:00.796+00:00,2026-08-31T20:29:00.796+00:00,0.331441,1.3918136970005435,sqs-worker-5986dcd897-x8rdl,ip-192-168-20-201.ec2.internal,2b61e13ec7dfba9fd686024d31a9c3c6be35951e95385fabb3d5683ecbe78193,1,1752.0,3144.0
1,keda-poisson-606-40630535,000187,123.189059,2026-08-31T20:29:04.051+00:00,2026-08-31T20:29:00.209+00:00,2026-08-31T20:29:00.890+00:00,2026-08-31T20:29:00.890+00:00,2026-08-31T20:29:01.575+00:00,2026-08-31T20:29:01.576+00:00,0.126267,0.6859136650000437,sqs-worker-5986dcd897-x8rdl,ip-192-168-20-201.ec2.internal,2bd75a657bc8ae4cbb20cce6d4e1ecfb19b941f14530ed3417ccf198bbf45ae4,1,681.0,1366.0
1,keda-poisson-606-40630535,000189,124.043074,2026-08-31T20:29:04.904+00:00,2026-08-31T20:29:01.065+00:00,2026-08-31T20:29:01.603+00:00,2026-08-31T20:29:01.604+00:00,2026-08-31T20:29:02.516+00:00,2026-08-31T20:29:02.516+00:00,0.198997,0.912253188998875,sqs-worker-5986dcd897-x8rdl,ip-192-168-20-201.ec2.internal,92316d136bb8e37fd8979b7c7edd53a569c6ab6bd791eedc6f213ce7df73e649,1,538.0,1451.0
1,keda-poisson-606-40630535,000190,124.484921,2026-08-31T20:29:05.346+00:00,2026-08-31T20:29:01.509+00:00,2026-08-31T20:29:02.530+00:00,2026-08-31T20:29:02.530+00:00,2026-08-31T20:29:04.598+00:00,2026-08-31T20:29:04.598+00:00,0.81804,2.0679739200004406,sqs-worker-5986dcd897-x8rdl,ip-192-168-20-201.ec2.internal,62a3504ef037896d14c6ad6e26ec097562511229b714191ce9415d43e8250661,1,1020.9999999999999,3089.0
1,keda-poisson-606-40630535,000191,124.914039,2026-08-31T20:29:05.775+00:00,2026-08-31T20:29:01.934+00:00,2026-08-31T20:29:04.613+00:00,2026-08-31T20:29:04.613+00:00,2026-08-31T20:29:04.719+00:00,2026-08-31T20:29:04.719+00:00,0.057089,0.10625129500112962,sqs-worker-5986dcd897-x8rdl,ip-192-168-20-201.ec2.internal,4a30a9b682af252543475c223d3c75e0d581ca5e00ab243da6f80e03f2b8bc2c,1,2679.0,2785.0
1,keda-poisson-606-40630535,000194,126.69501,2026-08-31T20:29:07.555+00:00,2026-08-31T20:29:03.764+00:00,2026-08-31T20:29:04.783+00:00,2026-08-31T20:29:04.783+00:00,2026-08-31T20:29:05.203+00:00,2026-08-31T20:29:05.203+00:00,0.179786,0.41990833100135205,sqs-worker-5986dcd897-x8rdl,ip-192-168-20-201.ec2.internal,5b17e8af1424c386938a3b3dc2a5e5dabac422d26a43c919fe2e56e8a7e472b6,1,1018.9999999999999,1439.0
1,keda-poisson-606-40630535,000196,127.218602,2026-08-31T20:29:08.079+00:00,2026-08-31T20:29:04.280+00:00,2026-08-31T20:29:05.217+00:00,2026-08-31T20:29:05.217+00:00,2026-08-31T20:29:05.786+00:00,2026-08-31T20:29:05.786+00:00,0.218535,0.5691535799996927,sqs-worker-5986dcd897-x8rdl,ip-192-168-20-201.ec2.internal,ae0327e91f6c419f38d5cee445542901cd5c3291b99e1fa9f17fc00016b7bd50,1,937.0,1506.0
1,keda-poisson-606-40630535,000192,126.377868,2026-08-31T20:29:07.240+00:00,2026-08-31T20:29:03.405+00:00,2026-08-31T20:29:05.800+00:00,2026-08-31T20:29:05.800+00:00,2026-08-31T20:29:05.805+00:00,2026-08-31T20:29:05.805+00:00,0.005,0.005031181999584078,sqs-worker-5986dcd897-x8rdl,ip-192-168-20-201.ec2.internal,b9ca449ace270754e5ef39082563e5580813b12f6f0d5be79849482f0a981d80,1,2395.0,2400.0
1,keda-poisson-606-40630535,000188,123.639949,2026-08-31T20:29:04.501+00:00,2026-08-31T20:29:00.663+00:00,2026-08-31T20:29:05.819+00:00,2026-08-31T20:29:05.819+00:00,2026-08-31T20:29:07.109+00:00,2026-08-31T20:29:07.109+00:00,0.53082,1.2895751619998919,sqs-worker-5986dcd897-x8rdl,ip-192-168-20-201.ec2.internal,45a16c94d889cd9377dfa565a96b37e52e6553f0b29a37dca4cef6c844fd9152,1,5156.0,6446.0
1,keda-poisson-606-40630535,000193,126.555842,2026-08-31T20:29:07.416+00:00,2026-08-31T20:29:03.579+00:00,2026-08-31T20:29:07.122+00:00,2026-08-31T20:29:07.122+00:00,2026-08-31T20:29:07.991+00:00,2026-08-31T20:29:07.991+00:00,0.338554,0.8684544950010604,sqs-worker-5986dcd897-x8rdl,ip-192-168-20-201.ec2.internal,ccb3188e21f2a7ec8c1cea21d2bac5330889be2c2264f724268a8c4ac520eee3,1,3543.0,4412.0
1,keda-poisson-606-40630535,000195,126.911505,2026-08-31T20:29:07.772+00:00,2026-08-31T20:29:03.936+00:00,2026-08-31T20:29:08.034+00:00,2026-08-31T20:29:08.034+00:00,2026-08-31T20:29:08.220+00:00,2026-08-31T20:29:08.220+00:00,0.084599,0.1857636109998566,sqs-worker-5986dcd897-x8rdl,ip-192-168-20-201.ec2.internal,89ebbb8952611e6a8871cd1dc35d889160d9273383b3461aa258e29b03628145,1,4098.0,4284.0
1,keda-poisson-606-40630535,000202,128.673083,2026-08-31T20:29:09.533+00:00,2026-08-31T20:29:05.692+00:00,2026-08-31T20:29:08.297+00:00,2026-08-31T20:29:08.297+00:00,2026-08-31T20:29:08.375+00:00,2026-08-31T20:29:08.375+00:00,0.037403,0.07784157899914135,sqs-worker-5986dcd897-x8rdl,ip-192-168-20-201.ec2.internal,c8f547c4dd1b612fb6928b084810c56e0870da2e34708213525a742412ccd3d1,1,2605.0,2683.0
1,keda-poisson-606-40630535,000197,127.27339,2026-08-31T20:29:08.134+00:00,2026-08-31T20:29:04.299+00:00,2026-08-31T20:29:08.391+00:00,2026-08-31T20:29:08.391+00:00,2026-08-31T20:29:08.396+00:00,2026-08-31T20:29:08.396+00:00,0.005,0.005032040999140008,sqs-worker-5986dcd897-x8rdl,ip-192-168-20-201.ec2.internal,6ca588a8dda0b7b1ebe9b37cb3fccc1886b0afe78f50cb4da2b0b0d0397165bc,1,4091.9999999999995,4097.0
1,keda-poisson-606-40630535,000203,130.583401,2026-08-31T20:29:11.446+00:00,2026-08-31T20:29:07.604+00:00,2026-08-31T20:29:08.409+00:00,2026-08-31T20:29:08.409+00:00,2026-08-31T20:29:09.083+00:00,2026-08-31T20:29:09.083+00:00,0.26911,0.674031272999855,sqs-worker-5986dcd897-x8rdl,ip-192-168-20-201.ec2.internal,b7e64cb87079655ce89a1159422749790b55acf6b38849dfe3c14cc2cb7c0a28,1,805.0,1479.0
1,keda-poisson-606-40630535,000198,127.756455,2026-08-31T20:29:08.617+00:00,2026-08-31T20:29:04.774+00:00,2026-08-31T20:29:08.004+00:00,2026-08-31T20:29:08.004+00:00,2026-08-31T20:29:08.021+00:00,2026-08-31T20:29:08.021+00:00,0.016572,0.016616775001239148,sqs-worker-5986dcd897-x8rdl,ip-192-168-20-201.ec2.internal,83bb9529debc9ce25e831b55406df93b3cee3821b669a6ba99a5ef7af0dd26f4,1,3230.0,3247.0
1,keda-poisson-606-40630535,000199,127.764689,2026-08-31T20:29:08.625+00:00,2026-08-31T20:29:04.788+00:00,2026-08-31T20:29:09.096+00:00,2026-08-31T20:29:09.096+00:00,2026-08-31T20:29:09.697+00:00,2026-08-31T20:29:09.697+00:00,0.248582,0.6008833890009555,sqs-worker-5986dcd897-x8rdl,ip-192-168-20-201.ec2.internal,0461589bcb0797dc9506e3f73325a09525818ec3189232af5509a46105db7fae,1,4308.0,4909.0
1,keda-poisson-606-40630535,000204,131.054158,2026-08-31T20:29:11.915+00:00,2026-08-31T20:29:08.075+00:00,2026-08-31T20:29:09.784+00:00,2026-08-31T20:29:09.784+00:00,2026-08-31T20:29:11.396+00:00,2026-08-31T20:29:11.396+00:00,0.304682,1.6121977069997229,sqs-worker-5986dcd897-x8rdl,ip-192-168-20-201.ec2.internal,416de10b0ea37ef59a5fd1ed44a8c6d67445f50d50b37e4615327ece708b22e5,1,1709.0,3321.0
1,keda-poisson-606-40630535,000200,128.059341,2026-08-31T20:29:08.920+00:00,2026-08-31T20:29:05.080+00:00,2026-08-31T20:29:11.413+00:00,2026-08-31T20:29:11.413+00:00,2026-08-31T20:29:11.496+00:00,2026-08-31T20:29:11.496+00:00,0.015329,0.08362465599930147,sqs-worker-5986dcd897-x8rdl,ip-192-168-20-201.ec2.internal,2aff2536295a8afe6b4ee17fce1ad3a734e570f30c7c9b3ccf0bab24d6466154,1,6333.0,6416.0
1,keda-poisson-606-40630535,000205,132.637432,2026-08-31T20:29:13.499+00:00,2026-08-31T20:29:09.658+00:00,2026-08-31T20:29:11.592+00:00,2026-08-31T20:29:11.592+00:00,2026-08-31T20:29:12.292+00:00,2026-08-31T20:29:12.292+00:00,0.145196,0.7000576720001845,sqs-worker-5986dcd897-x8rdl,ip-192-168-20-201.ec2.internal,33fd9a63d78e78126d78e4b92b27093f0cc746903404c38fe484c206087c524c,1,1934.0,2634.0
1,keda-poisson-606-40630535,000201,128.573648,2026-08-31T20:29:09.434+00:00,2026-08-31T20:29:05.599+00:00,2026-08-31T20:29:12.384+00:00,2026-08-31T20:29:12.384+00:00,2026-08-31T20:29:13.612+00:00,2026-08-31T20:29:13.612+00:00,0.46553,1.2281076940016646,sqs-worker-5986dcd897-x8rdl,ip-192-168-20-201.ec2.internal,a62e25e543a71a8b53bca05b8d72888bd266b7aa77e7b9c1d64eb287da669b4a,1,6785.0,8013.0
1,keda-poisson-606-40630535,000207,134.370797,2026-08-31T20:29:15.232+00:00,2026-08-31T20:29:11.389+00:00,2026-08-31T20:29:13.627+00:00,2026-08-31T20:29:13.627+00:00,2026-08-31T20:29:14.613+00:00,2026-08-31T20:29:14.613+00:00,0.397992,0.9859029510007531,sqs-worker-5986dcd897-x8rdl,ip-192-168-20-201.ec2.internal,497bb54fc2739257219eee51ab84e9ea545cf6aa4ac382fbf45801fa41ab250d,1,2238.0,3224.0
1,keda-poisson-606-40630535,000216,137.343354,2026-08-31T20:29:18.204+00:00,2026-08-31T20:29:14.363+00:00,2026-08-31T20:29:14.627+00:00,2026-08-31T20:29:14.627+00:00,2026-08-31T20:29:14.776+00:00,2026-08-31T20:29:14.776+00:00,0.04458,0.1481863209992298,sqs-worker-5986dcd897-x8rdl,ip-192-168-20-201.ec2.internal,68ca5a1b515583687732b37b2e02ed49bf7fa319bb5c5d1f6c0f6f0b54bde262,1,264.0,413.0
1,keda-poisson-606-40630535,000206,133.253338,2026-08-31T20:29:14.114+00:00,2026-08-31T20:29:10.284+00:00,2026-08-31T20:29:14.796+00:00,2026-08-31T20:29:14.796+00:00,2026-08-31T20:29:15.217+00:00,2026-08-31T20:29:15.217+00:00,0.190463,0.42054051400009484,sqs-worker-5986dcd897-x8rdl,ip-192-168-20-201.ec2.internal,0a96286373efb019044c13ed4d1370c164d79505a73bbe320ea05f490f59fc13,1,4512.0,4933.0
1,keda-poisson-606-40630535,000211,135.449621,2026-08-31T20:29:16.310+00:00,2026-08-31T20:29:12.471+00:00,2026-08-31T20:29:15.230+00:00,2026-08-31T20:29:15.230+00:00,2026-08-31T20:29:15.616+00:00,2026-08-31T20:29:15.616+00:00,0.1548,0.3853509649998159,sqs-worker-5986dcd897-x8rdl,ip-192-168-20-201.ec2.internal,0594178241877b09ce0616becd916701f009cc1065bca67e9b438cc7efc0201c,1,2759.0,3145.0
1,keda-poisson-606-40630535,000212,135.559401,2026-08-31T20:29:16.420+00:00,2026-08-31T20:29:12.578+00:00,2026-08-31T20:29:15.630+00:00,2026-08-31T20:29:15.630+00:00,2026-08-31T20:29:15.883+00:00,2026-08-31T20:29:15.883+00:00,0.083076,0.2533206549996976,sqs-worker-5986dcd897-x8rdl,ip-192-168-20-201.ec2.internal,ae33cfdc76b17524d082f377c39201df2d8899c4796a9ede3e6c4766128d686a,1,3052.0,3305.0
1,keda-poisson-606-40630535,000217,137.624606,2026-08-31T20:29:18.485+00:00,2026-08-31T20:29:14.649+00:00,2026-08-31T20:29:15.925+00:00,2026-08-31T20:29:15.925+00:00,2026-08-31T20:29:16.005+00:00,2026-08-31T20:29:16.005+00:00,0.050067,0.08086080800057971,sqs-worker-5986dcd897-x8rdl,ip-192-168-20-201.ec2.internal,27e377c1ce42942580ee4e6a4fea98c8c1f244b52ff29ff2fe7d14b2d6a64fe4,1,1276.0,1356.0
1,keda-poisson-606-40630535,000210,135.207008,2026-08-31T20:29:16.067+00:00,2026-08-31T20:29:12.230+00:00,2026-08-31T20:29:16.021+00:00,2026-08-31T20:29:16.021+00:00,2026-08-31T20:29:16.414+00:00,2026-08-31T20:29:16.414+00:00,0.164574,0.393176500001573,sqs-worker-5986dcd897-x8rdl,ip-192-168-20-201.ec2.internal,719b99f5d19f64c8dc9950cdc86ea6385cf70c023e9c8c9ca26ab5e7b844a03e,1,3791.0,4184.0
1,keda-poisson-606-40630535,000215,136.793907,2026-08-31T20:29:17.654+00:00,2026-08-31T20:29:13.812+00:00,2026-08-31T20:29:16.429+00:00,2026-08-31T20:29:16.429+00:00,2026-08-31T20:29:17.119+00:00,2026-08-31T20:29:17.119+00:00,0.281173,0.690340240000296,sqs-worker-5986dcd897-x8rdl,ip-192-168-20-201.ec2.internal,136fef22cc87a241ddfd3d646554f5d4efe8db48da6dfdf952c849c2ea45a5ab,1,2617.0,3307.0
1,keda-poisson-606-40630535,000209,135.198868,2026-08-31T20:29:16.059+00:00,2026-08-31T20:29:12.215+00:00,2026-08-31T20:29:17.183+00:00,2026-08-31T20:29:17.183+00:00,2026-08-31T20:29:18.021+00:00,2026-08-31T20:29:18.021+00:00,0.357446,0.8375337769994076,sqs-worker-5986dcd897-x8rdl,ip-192-168-20-201.ec2.internal,7357ba4eadc844a8c8531bdff285b3e5af4337a2b59963dde3fa067c962f25d9,1,4968.0,5806.0
1,keda-poisson-606-40630535,000214,136.460754,2026-08-31T20:29:17.322+00:00,2026-08-31T20:29:13.483+00:00,2026-08-31T20:29:18.092+00:00,2026-08-31T20:29:18.092+00:00,2026-08-31T20:29:18.210+00:00,2026-08-31T20:29:18.210+00:00,0.064298,0.11748955199982447,sqs-worker-5986dcd897-x8rdl,ip-192-168-20-201.ec2.internal,3847435d9ab6622ce31ed2e2e8ae364d45650f8d4faeefc62a14d1347811c67a,1,4609.0,4727.0
1,keda-poisson-606-40630535,000219,140.163754,2026-08-31T20:29:21.024+00:00,2026-08-31T20:29:17.184+00:00,2026-08-31T20:29:18.227+00:00,2026-08-31T20:29:18.227+00:00,2026-08-31T20:29:18.791+00:00,2026-08-31T20:29:18.791+00:00,0.217737,0.5642338790003123,sqs-worker-5986dcd897-x8rdl,ip-192-168-20-201.ec2.internal,6768e19ee979d9b49bf9940c2e48aa7e58cbdb432a55450b59b2de088ad18228,1,1043.0,1607.0
1,keda-poisson-606-40630535,000208,135.10723,2026-08-31T20:29:15.968+00:00,2026-08-31T20:29:12.124+00:00,2026-08-31T20:29:18.812+00:00,2026-08-31T20:29:18.812+00:00,2026-08-31T20:29:18.904+00:00,2026-08-31T20:29:18.904+00:00,0.048803,0.09208278500045708,sqs-worker-5986dcd897-x8rdl,ip-192-168-20-201.ec2.internal,461af9781123a050bd16a662d661f1e29d6010983f5d23cf7e0526fa32d5eb83,1,6688.0,6780.0
1,keda-poisson-606-40630535,000220,141.24489,2026-08-31T20:29:22.106+00:00,2026-08-31T20:29:18.268+00:00,2026-08-31T20:29:18.953+00:00,2026-08-31T20:29:18.953+00:00,2026-08-31T20:29:19.120+00:00,2026-08-31T20:29:19.120+00:00,0.091125,0.1665076899989799,sqs-worker-5986dcd897-x8rdl,ip-192-168-20-201.ec2.internal,12f965edcff000817bb83ae01b17143bf2912f979782ea0b4ace2647a7a6724a,1,685.0,852.0
1,keda-poisson-606-40630535,000213,135.815367,2026-08-31T20:29:16.676+00:00,2026-08-31T20:29:12.833+00:00,2026-08-31T20:29:19.192+00:00,2026-08-31T20:29:19.192+00:00,2026-08-31T20:29:19.506+00:00,2026-08-31T20:29:19.506+00:00,0.141631,0.3145472529995459,sqs-worker-5986dcd897-x8rdl,ip-192-168-20-201.ec2.internal,679d5288a515eecb7bfc0c2bb6989474924ba2bd10b4986d65f92c7cf8afa97d,1,6359.0,6673.0
1,keda-poisson-606-40630535,000222,142.169552,2026-08-31T20:29:23.030+00:00,2026-08-31T20:29:19.190+00:00,2026-08-31T20:29:19.520+00:00,2026-08-31T20:29:19.520+00:00,2026-08-31T20:29:21.095+00:00,2026-08-31T20:29:21.095+00:00,0.325479,1.5746490940000513,sqs-worker-5986dcd897-x8rdl,ip-192-168-20-201.ec2.internal,5f7634b98417a7871159a86427615e7135fe7c45606bac090b07dceae65a620a,1,330.0,1905.0
1,keda-poisson-606-40630535,000218,138.836187,2026-08-31T20:29:19.698+00:00,2026-08-31T20:29:15.853+00:00,2026-08-31T20:29:21.183+00:00,2026-08-31T20:29:21.183+00:00,2026-08-31T20:29:21.193+00:00,2026-08-31T20:29:21.194+00:00,0.009589,0.010128569001608412,sqs-worker-5986dcd897-x8rdl,ip-192-168-20-201.ec2.internal,442ae1c7ca3d5487c511b0cc8254760ddb4ff88e2da7356d76903ccb9de1a042,1,5330.0,5340.0
1,keda-poisson-606-40630535,000221,141.921957,2026-08-31T20:29:22.783+00:00,2026-08-31T20:29:18.945+00:00,2026-08-31T20:29:21.284+00:00,2026-08-31T20:29:21.284+00:00,2026-08-31T20:29:21.492+00:00,2026-08-31T20:29:21.492+00:00,0.046704,0.20801877200028684,sqs-worker-5986dcd897-x8rdl,ip-192-168-20-201.ec2.internal,769b5e2eb1e35c29234d3822d55b1a8787a0906aa799bad06b5c70979a5d1965,1,2339.0,2547.0
1,keda-poisson-606-40630535,000223,144.18863,2026-08-31T20:29:25.050+00:00,2026-08-31T20:29:21.213+00:00,2026-08-31T20:29:21.599+00:00,2026-08-31T20:29:21.599+00:00,2026-08-31T20:29:22.916+00:00,2026-08-31T20:29:22.916+00:00,0.359164,1.3175914680014102,sqs-worker-5986dcd897-x8rdl,ip-192-168-20-201.ec2.internal,a062a4d9932e0226f5e2c31c3f2a0f945e1bf84671e861184cc6ecebe91dd6b4,1,386.0,1703.0
1,keda-poisson-606-40630535,000227,145.557129,2026-08-31T20:29:26.417+00:00,2026-08-31T20:29:22.579+00:00,2026-08-31T20:29:22.930+00:00,2026-08-31T20:29:22.930+00:00,2026-08-31T20:29:23.093+00:00,2026-08-31T20:29:23.093+00:00,0.052491,0.16253629899983935,sqs-worker-5986dcd897-x8rdl,ip-192-168-20-201.ec2.internal,b0bfbfb827f9bb5c6d193eee805c2c8abbb624e9889be373cebdc8cca1dad7db,1,351.0,514.0
1,keda-poisson-606-40630535,000226,144.832038,2026-08-31T20:29:25.691+00:00,2026-08-31T20:29:21.853+00:00,2026-08-31T20:29:23.116+00:00,2026-08-31T20:29:23.116+00:00,2026-08-31T20:29:23.185+00:00,2026-08-31T20:29:23.185+00:00,0.027549,0.06885851900005946,sqs-worker-5986dcd897-x8rdl,ip-192-168-20-201.ec2.internal,da0e5609c08f34e964545282949931868881ed69eea0a1d7812575a6922187a7,1,1263.0,1332.0
1,keda-poisson-606-40630535,000228,145.600254,2026-08-31T20:29:26.459+00:00,2026-08-31T20:29:22.618+00:00,2026-08-31T20:29:23.206+00:00,2026-08-31T20:29:23.206+00:00,2026-08-31T20:29:23.791+00:00,2026-08-31T20:29:23.791+00:00,0.242105,0.5846744010013936,sqs-worker-5986dcd897-x8rdl,ip-192-168-20-201.ec2.internal,e754aefb10a102d8a509cc478dd2a3487918f406853ce04636d0a614c1d8b04a,1,588.0,1173.0
1,keda-poisson-606-40630535,000225,144.649184,2026-08-31T20:29:25.508+00:00,2026-08-31T20:29:21.668+00:00,2026-08-31T20:29:23.810+00:00,2026-08-31T20:29:23.810+00:00,2026-08-31T20:29:24.719+00:00,2026-08-31T20:29:24.720+00:00,0.384768,0.9093219360001967,sqs-worker-5986dcd897-x8rdl,ip-192-168-20-201.ec2.internal,20c93705d480363cecfeb428cf4a7d862deb5868c9d086b38fdeb5e84935b377,1,2142.0,3051.0
1,keda-poisson-606-40630535,000224,144.352998,2026-08-31T20:29:25.212+00:00,2026-08-31T20:29:21.372+00:00,2026-08-31T20:29:24.788+00:00,2026-08-31T20:29:24.788+00:00,2026-08-31T20:29:25.408+00:00,2026-08-31T20:29:25.408+00:00,0.263403,0.6197196199991595,sqs-worker-5986dcd897-x8rdl,ip-192-168-20-201.ec2.internal,71d2d0b4a8b57c11bd6a7bdb97861f5e898c579536123902581833d6d164f9c3,1,3416.0,4035.9999999999995
1,keda-poisson-606-40630535,000230,145.830411,2026-08-31T20:29:26.689+00:00,2026-08-31T20:29:22.850+00:00,2026-08-31T20:29:25.423+00:00,2026-08-31T20:29:25.423+00:00,2026-08-31T20:29:25.888+00:00,2026-08-31T20:29:25.888+00:00,0.176524,0.46528905000013765,sqs-worker-5986dcd897-x8rdl,ip-192-168-20-201.ec2.internal,1afe9040ff9cdf24a28208e2d44678048f7621861ed1aaf20add2cacedb373d6,1,2573.0,3038.0
1,keda-poisson-606-40630535,000231,146.87489,2026-08-31T20:29:27.735+00:00,2026-08-31T20:29:23.893+00:00,2026-08-31T20:29:25.900+00:00,2026-08-31T20:29:25.900+00:00,2026-08-31T20:29:26.293+00:00,2026-08-31T20:29:26.293+00:00,0.160761,0.3933084250002139,sqs-worker-5986dcd897-x8rdl,ip-192-168-20-201.ec2.internal,b00264d81855169d426299adcc6bf680562490033c5228acba3431772fb0b1a5,1,2007.0000000000002,2400.0
1,keda-poisson-606-40630535,000229,145.81872,2026-08-31T20:29:26.678+00:00,2026-08-31T20:29:22.845+00:00,2026-08-31T20:29:26.623+00:00,2026-08-31T20:29:26.623+00:00,2026-08-31T20:29:26.638+00:00,2026-08-31T20:29:26.638+00:00,0.014797,0.014875397999276174,sqs-worker-5986dcd897-x8rdl,ip-192-168-20-201.ec2.internal,fd93d81399bedfa3ade13e51d614440c7471a0872405505d715e2ba8ecdb0c0a,1,3778.0,3793.0
1,keda-poisson-606-40630535,000233,147.944916,2026-08-31T20:29:28.804+00:00,2026-08-31T20:29:24.968+00:00,2026-08-31T20:29:26.336+00:00,2026-08-31T20:29:26.336+00:00,2026-08-31T20:29:26.593+00:00,2026-08-31T20:29:26.594+00:00,0.115747,0.2575485369998205,sqs-worker-5986dcd897-x8rdl,ip-192-168-20-201.ec2.internal,de2107d85e1f1a9928fe9932c109dadcc632b1b48da69e55fab5a93118f1f698,1,1368.0,1625.0
1,keda-poisson-606-40630535,000234,148.497938,2026-08-31T20:29:29.357+00:00,2026-08-31T20:29:25.521+00:00,2026-08-31T20:29:26.655+00:00,2026-08-31T20:29:26.655+00:00,2026-08-31T20:29:27.291+00:00,2026-08-31T20:29:27.291+00:00,0.253264,0.6358963370003039,sqs-worker-5986dcd897-x8rdl,ip-192-168-20-201.ec2.internal,994b578a9d6afaa889887103c240930f79118efc10e96e6312965175fb2aa350,1,1134.0,1770.0
1,keda-poisson-606-40630535,000232,147.288706,2026-08-31T20:29:28.148+00:00,2026-08-31T20:29:24.313+00:00,2026-08-31T20:29:27.329+00:00,2026-08-31T20:29:27.329+00:00,2026-08-31T20:29:27.691+00:00,2026-08-31T20:29:27.691+00:00,0.157882,0.362148538000838,sqs-worker-5986dcd897-x8rdl,ip-192-168-20-201.ec2.internal,ec0597116a66da46188cf31634543a3dd2c280f993f8a217a7b95c6ac15fc385,1,3016.0,3378.0
1,keda-poisson-606-40630535,000235,150.327593,2026-08-31T20:29:31.188+00:00,2026-08-31T20:29:27.348+00:00,2026-08-31T20:29:27.745+00:00,2026-08-31T20:29:27.745+00:00,2026-08-31T20:29:27.750+00:00,2026-08-31T20:29:27.750+00:00,0.005,0.005059875998995267,sqs-worker-5986dcd897-x8rdl,ip-192-168-20-201.ec2.internal,aa2ddadca00acf1efc74b45e30c9df5f2bb46e3b7c558a7ba3468daa895e4c8b,1,397.0,402.0
1,keda-poisson-606-40630535,000236,150.418497,2026-08-31T20:29:31.277+00:00,2026-08-31T20:29:27.438+00:00,2026-08-31T20:29:27.787+00:00,2026-08-31T20:29:27.787+00:00,2026-08-31T20:29:28.089+00:00,2026-08-31T20:29:28.089+00:00,0.125536,0.30187181799919927,sqs-worker-5986dcd897-x8rdl,ip-192-168-20-201.ec2.internal,e54eb14467bc59043af5bb39c429fb7335198e953e54d26615e6a3859e476e06,1,349.0,651.0
1,keda-poisson-606-40630535,000237,151.209585,2026-08-31T20:29:32.069+00:00,2026-08-31T20:29:28.231+00:00,2026-08-31T20:29:28.238+00:00,2026-08-31T20:29:28.239+00:00,2026-08-31T20:29:28.811+00:00,2026-08-31T20:29:28.811+00:00,0.269348,0.5727106909998838,sqs-worker-5986dcd897-x8rdl,ip-192-168-20-201.ec2.internal,a5336952a46cb620a1bd2e298bc943dbf7e60632a50dd0ae0ecc6ff9515f4663,1,7.0,580.0
1,keda-poisson-606-40630535,000238,151.558961,2026-08-31T20:29:32.418+00:00,2026-08-31T20:29:28.576+00:00,2026-08-31T20:29:28.874+00:00,2026-08-31T20:29:28.874+00:00,2026-08-31T20:29:28.904+00:00,2026-08-31T20:29:28.904+00:00,0.022773,0.02990675199907855,sqs-worker-5986dcd897-x8rdl,ip-192-168-20-201.ec2.internal,fd6e9228085a0e33232be010b3a85051197d6abcffe8bdc4bfefc9fc85646c1d,1,298.0,328.0
1,keda-poisson-606-40630535,000239,151.956078,2026-08-31T20:29:32.815+00:00,2026-08-31T20:29:28.977+00:00,2026-08-31T20:29:28.982+00:00,2026-08-31T20:29:28.982+00:00,2026-08-31T20:29:29.604+00:00,2026-08-31T20:29:29.604+00:00,0.25997,0.6220785289988271,sqs-worker-5986dcd897-x8rdl,ip-192-168-20-201.ec2.internal,f5f7da9b7035745276909c6b87138a41f80ec8aabc9726f64bb898f1334dad31,1,5.0,627.0
1,keda-poisson-606-40630535,000240,152.063842,2026-08-31T20:29:32.923+00:00,2026-08-31T20:29:29.083+00:00,2026-08-31T20:29:29.624+00:00,2026-08-31T20:29:29.624+00:00,2026-08-31T20:29:29.693+00:00,2026-08-31T20:29:29.693+00:00,0.025457,0.06937547899906349,sqs-worker-5986dcd897-x8rdl,ip-192-168-20-201.ec2.internal,beeee292586a751c7a7043b8d3073cb6f3354b5dadf707d16e55a8fef0cc3163,1,541.0,610.0
1,keda-poisson-606-40630535,000241,152.296842,2026-08-31T20:29:33.156+00:00,2026-08-31T20:29:29.314+00:00,2026-08-31T20:29:29.708+00:00,2026-08-31T20:29:29.708+00:00,2026-08-31T20:29:30.990+00:00,2026-08-31T20:29:30.990+00:00,0.236168,1.2820229740009381,sqs-worker-5986dcd897-x8rdl,ip-192-168-20-201.ec2.internal,1c861d0b034a864a7b66f0d5129e46210b4a853797cecd1fbc874c1fa489e6c3,1,394.0,1676.0
1,keda-poisson-606-40630535,000242,152.340836,2026-08-31T20:29:33.200+00:00,2026-08-31T20:29:29.358+00:00,2026-08-31T20:29:31.006+00:00,2026-08-31T20:29:31.006+00:00,2026-08-31T20:29:31.375+00:00,2026-08-31T20:29:31.375+00:00,0.058444,0.36884615999952075,sqs-worker-5986dcd897-x8rdl,ip-192-168-20-201.ec2.internal,d5780ab7193ec745f20734c32b25457b43a1c6ec77c2ab7bc20ecafa5e442a7c,1,1648.0,2017.0
1,keda-poisson-606-40630535,000243,152.444377,2026-08-31T20:29:33.303+00:00,2026-08-31T20:29:29.464+00:00,2026-08-31T20:29:31.408+00:00,2026-08-31T20:29:31.408+00:00,2026-08-31T20:29:32.798+00:00,2026-08-31T20:29:32.798+00:00,0.309734,1.390435093000633,sqs-worker-5986dcd897-x8rdl,ip-192-168-20-201.ec2.internal,0c8cefba3973cfd0f48c3de5b86d97abf891aecdf3de81a4be9f08e32840980e,1,1944.0,3334.0
1,keda-poisson-606-40630535,000244,154.077056,2026-08-31T20:29:34.938+00:00,2026-08-31T20:29:31.098+00:00,2026-08-31T20:29:32.813+00:00,2026-08-31T20:29:32.813+00:00,2026-08-31T20:29:32.818+00:00,2026-08-31T20:29:32.818+00:00,0.005,0.005033458000980318,sqs-worker-5986dcd897-x8rdl,ip-192-168-20-201.ec2.internal,74e7ec802f9a0c8f3ff7453b19cecf446b2cb227e12644599e88832fab8d5fe9,1,1715.0,1720.0
1,keda-poisson-606-40630535,000246,155.226025,2026-08-31T20:29:36.085+00:00,2026-08-31T20:29:32.246+00:00,2026-08-31T20:29:32.837+00:00,2026-08-31T20:29:32.837+00:00,2026-08-31T20:29:34.391+00:00,2026-08-31T20:29:34.391+00:00,0.619884,1.5535238360007497,sqs-worker-5986dcd897-x8rdl,ip-192-168-20-201.ec2.internal,3925e0aa9cda74dc019c14a4b8e0ea607401969cf320db33c6ae9d5d7211ce51,1,591.0,2145.0
1,keda-poisson-606-40630535,000251,157.000325,2026-08-31T20:29:37.860+00:00,2026-08-31T20:29:34.021+00:00,2026-08-31T20:29:34.407+00:00,2026-08-31T20:29:34.407+00:00,2026-08-31T20:29:34.788+00:00,2026-08-31T20:29:34.788+00:00,0.153253,0.3817383469995548,sqs-worker-5986dcd897-x8rdl,ip-192-168-20-201.ec2.internal,81e314131581de4dfc6707c7de709b83216ef87b2f87250d391c74e005ea72fb,1,386.0,767.0
1,keda-poisson-606-40630535,000249,156.210797,2026-08-31T20:29:37.070+00:00,2026-08-31T20:29:33.232+00:00,2026-08-31T20:29:34.803+00:00,2026-08-31T20:29:34.803+00:00,2026-08-31T20:29:34.898+00:00,2026-08-31T20:29:34.898+00:00,0.045391,0.09466951600006723,sqs-worker-5986dcd897-x8rdl,ip-192-168-20-201.ec2.internal,bffd39dbfc2a0b23b6961c5ec6c3f5b8e36fab58d598481004f43a90473a88a1,1,1571.0,1666.0
1,keda-poisson-606-40630535,000245,155.000692,2026-08-31T20:29:35.860+00:00,2026-08-31T20:29:32.018+00:00,2026-08-31T20:29:34.916+00:00,2026-08-31T20:29:34.916+00:00,2026-08-31T20:29:35.614+00:00,2026-08-31T20:29:35.614+00:00,0.293174,0.6981749910009967,sqs-worker-5986dcd897-x8rdl,ip-192-168-20-201.ec2.internal,6f26e3c7ca0f34063f12e032bb66273040c8354eabb2ce02bcd490a1fe0cfa21,1,2898.0,3596.0
1,keda-poisson-606-40630535,000255,158.394451,2026-08-31T20:29:39.254+00:00,2026-08-31T20:29:35.414+00:00,2026-08-31T20:29:35.630+00:00,2026-08-31T20:29:35.630+00:00,2026-08-31T20:29:36.418+00:00,2026-08-31T20:29:36.419+00:00,0.319502,0.7880562549999013,sqs-worker-5986dcd897-x8rdl,ip-192-168-20-201.ec2.internal,2cf45759db53febe73e5ce89f432cab9c541b15e74c8b02953db9fa29971ebfa,1,216.0,1004.0
1,keda-poisson-606-40630535,000252,157.029631,2026-08-31T20:29:37.889+00:00,2026-08-31T20:29:34.049+00:00,2026-08-31T20:29:36.431+00:00,2026-08-31T20:29:36.431+00:00,2026-08-31T20:29:36.492+00:00,2026-08-31T20:29:36.492+00:00,0.008913,0.06053454999891983,sqs-worker-5986dcd897-x8rdl,ip-192-168-20-201.ec2.internal,e6233cb439c68893ab8277f740d93165483a06515272f9ca350acef0be7f074b,1,2382.0,2443.0
1,keda-poisson-606-40630535,000247,155.522787,2026-08-31T20:29:36.382+00:00,2026-08-31T20:29:32.543+00:00,2026-08-31T20:29:36.505+00:00,2026-08-31T20:29:36.505+00:00,2026-08-31T20:29:36.993+00:00,2026-08-31T20:29:36.993+00:00,0.197258,0.4877571609995357,sqs-worker-5986dcd897-x8rdl,ip-192-168-20-201.ec2.internal,c422ef77937ef6271db22fe23da1253822b32c9fb4f6959c6a1e5efe2f9c351d,1,3962.0,4450.0
1,keda-poisson-606-40630535,000248,155.531499,2026-08-31T20:29:36.390+00:00,2026-08-31T20:29:32.553+00:00,2026-08-31T20:29:37.008+00:00,2026-08-31T20:29:37.008+00:00,2026-08-31T20:29:37.989+00:00,2026-08-31T20:29:37.989+00:00,0.391304,0.9811464119993616,sqs-worker-5986dcd897-x8rdl,ip-192-168-20-201.ec2.internal,2ee1ce85bbe197ace423f63f5a2b592320516c658cfe2e3b51825cd374713677,1,4455.0,5436.0
1,keda-poisson-606-40630535,000254,157.829391,2026-08-31T20:29:38.689+00:00,2026-08-31T20:29:34.849+00:00,2026-08-31T20:29:38.012+00:00,2026-08-31T20:29:38.012+00:00,2026-08-31T20:29:39.418+00:00,2026-08-31T20:29:39.418+00:00,0.585287,1.4058826990003581,sqs-worker-5986dcd897-x8rdl,ip-192-168-20-201.ec2.internal,fc7ed553d5911ce4acc48aa0efa58c8f0899f2326a1f2d1548595a940370ffe4,1,3163.0,4569.0
1,keda-poisson-606-40630535,000253,157.172679,2026-08-31T20:29:38.032+00:00,2026-08-31T20:29:34.197+00:00,2026-08-31T20:29:39.431+00:00,2026-08-31T20:29:39.431+00:00,2026-08-31T20:29:40.188+00:00,2026-08-31T20:29:40.188+00:00,0.192608,0.7564466719995835,sqs-worker-5986dcd897-x8rdl,ip-192-168-20-201.ec2.internal,affc4dd17d0c44c6ea515775e0e33302184ed533e318c57a4a5a6119f24b2df8,1,5234.0,5991.0
1,keda-poisson-606-40630535,000257,162.738041,2026-08-31T20:29:43.598+00:00,2026-08-31T20:29:39.756+00:00,2026-08-31T20:29:40.284+00:00,2026-08-31T20:29:40.284+00:00,2026-08-31T20:29:40.485+00:00,2026-08-31T20:29:40.485+00:00,0.041484,0.20116952500029583,sqs-worker-5986dcd897-x8rdl,ip-192-168-20-201.ec2.internal,82184283602e1f101037324f6512abc22156f5a9aad5d70549d043f7ded8d3e0,1,528.0,729.0
1,keda-poisson-606-40630535,000250,156.325601,2026-08-31T20:29:37.185+00:00,2026-08-31T20:29:33.343+00:00,2026-08-31T20:29:40.511+00:00,2026-08-31T20:29:40.511+00:00,2026-08-31T20:29:40.893+00:00,2026-08-31T20:29:40.893+00:00,0.067263,0.3821020849991328,sqs-worker-5986dcd897-x8rdl,ip-192-168-20-201.ec2.internal,55be7e51a5bc4a43ee17fcc0f904c1ea3ddabcc4d06427c9c822adf42b3c621f,1,7168.0,7550.0
1,keda-poisson-606-40630535,000256,161.74886,2026-08-31T20:29:42.611+00:00,2026-08-31T20:29:38.791+00:00,2026-08-31T20:29:40.984+00:00,2026-08-31T20:29:40.984+00:00,2026-08-31T20:29:42.894+00:00,2026-08-31T20:29:42.894+00:00,0.4103,1.9099430589994881,sqs-worker-5986dcd897-x8rdl,ip-192-168-20-201.ec2.internal,ad7b1c6ed4a4c7ccd4cd71b75b92e650eb3534cf3a0b014939acdb8291178965,1,2193.0,4103.0
1,keda-poisson-606-40630535,000258,162.94805,2026-08-31T20:29:43.807+00:00,2026-08-31T20:29:39.973+00:00,2026-08-31T20:29:42.912+00:00,2026-08-31T20:29:42.912+00:00,2026-08-31T20:29:43.015+00:00,2026-08-31T20:29:43.015+00:00,0.057159,0.10249349500008975,sqs-worker-5986dcd897-x8rdl,ip-192-168-20-201.ec2.internal,7f8c516b0e87d278ce07a5939705f9b9f49097721013c16643b05913e45279b4,1,2939.0,3042.0
1,keda-poisson-606-40630535,000259,165.111364,2026-08-31T20:29:45.972+00:00,2026-08-31T20:29:42.133+00:00,2026-08-31T20:29:43.048+00:00,2026-08-31T20:29:43.048+00:00,2026-08-31T20:29:44.004+00:00,2026-08-31T20:29:44.004+00:00,0.385539,0.9568909789995814,sqs-worker-5986dcd897-x8rdl,ip-192-168-20-201.ec2.internal,74b9a8b89d6eb2f594745ab2c6678f0b29ea32b0146835c091cb38dca83680dd,1,915.0,1871.0
1,keda-poisson-606-40630535,000260,167.055939,2026-08-31T20:29:47.917+00:00,2026-08-31T20:29:44.086+00:00,2026-08-31T20:29:44.090+00:00,2026-08-31T20:29:44.090+00:00,2026-08-31T20:29:44.699+00:00,2026-08-31T20:29:44.699+00:00,0.258099,0.6090903759995854,sqs-worker-5986dcd897-x8rdl,ip-192-168-20-201.ec2.internal,8c7fbab9e4c5a3d6b879e8ad274fdddd7bfd2b57deb15803033126af0ca2cd48,1,4.0,613.0
1,keda-poisson-606-40630535,000262,167.134279,2026-08-31T20:29:47.993+00:00,2026-08-31T20:29:44.150+00:00,2026-08-31T20:29:44.742+00:00,2026-08-31T20:29:44.742+00:00,2026-08-31T20:29:45.195+00:00,2026-08-31T20:29:45.195+00:00,0.191401,0.4526726289986982,sqs-worker-5986dcd897-x8rdl,ip-192-168-20-201.ec2.internal,9c2641cdcb2a64299a5eb2ac1ca9f1c8b8e84506d4cf2532c510de31ee411de9,1,592.0,1045.0
1,keda-poisson-606-40630535,000264,167.618214,2026-08-31T20:29:48.478+00:00,2026-08-31T20:29:44.636+00:00,2026-08-31T20:29:45.208+00:00,2026-08-31T20:29:45.208+00:00,2026-08-31T20:29:45.309+00:00,2026-08-31T20:29:45.309+00:00,0.0501,0.10096302100100729,sqs-worker-5986dcd897-x8rdl,ip-192-168-20-201.ec2.internal,f3089f12b9cd9b5d41149687f85cc45c3082b4279ac87ee68205c0cfdda2144c,1,572.0,673.0
1,keda-poisson-606-40630535,000261,167.090357,2026-08-31T20:29:47.949+00:00,2026-08-31T20:29:44.115+00:00,2026-08-31T20:29:45.345+00:00,2026-08-31T20:29:45.345+00:00,2026-08-31T20:29:46.798+00:00,2026-08-31T20:29:46.798+00:00,0.584831,1.4536505000014586,sqs-worker-5986dcd897-x8rdl,ip-192-168-20-201.ec2.internal,318e847a61302140d164432c2193aeffb43f4a528d0dcf083c3452651ae2d610,1,1230.0,2683.0
1,keda-poisson-606-40630535,000263,167.172803,2026-08-31T20:29:48.032+00:00,2026-08-31T20:29:44.716+00:00,2026-08-31T20:29:46.844+00:00,2026-08-31T20:29:46.844+00:00,2026-08-31T20:29:47.787+00:00,2026-08-31T20:29:47.787+00:00,0.376758,0.9430337049998343,sqs-worker-5986dcd897-x8rdl,ip-192-168-20-201.ec2.internal,ef90ff3dceddf8a08eaa9f1e8efb6a3f87b05fb9d400a47968be3ef453f03186,1,2128.0,3071.0
1,keda-poisson-606-40630535,000267,169.454251,2026-08-31T20:29:50.314+00:00,2026-08-31T20:29:46.474+00:00,2026-08-31T20:29:47.811+00:00,2026-08-31T20:29:47.811+00:00,2026-08-31T20:29:48.319+00:00,2026-08-31T20:29:48.319+00:00,0.227556,0.5074513019990263,sqs-worker-5986dcd897-x8rdl,ip-192-168-20-201.ec2.internal,4487d6506ccc0111fa1e6309910bba773f00b55d2a2510471ddcf1ca426818b8,1,1337.0,1845.0
1,keda-poisson-606-40630535,000268,169.820151,2026-08-31T20:29:50.679+00:00,2026-08-31T20:29:46.839+00:00,2026-08-31T20:29:48.343+00:00,2026-08-31T20:29:48.343+00:00,2026-08-31T20:29:48.388+00:00,2026-08-31T20:29:48.388+00:00,0.005,0.04490837100092904,sqs-worker-5986dcd897-x8rdl,ip-192-168-20-201.ec2.internal,f8571b3ab6bbc539656e42eda7d63e071edad9ce62dbb89477bf1237367a0faf,1,1504.0,1549.0
1,keda-poisson-606-40630535,000270,169.943356,2026-08-31T20:29:50.802+00:00,2026-08-31T20:29:46.964+00:00,2026-08-31T20:29:48.852+00:00,2026-08-31T20:29:48.852+00:00,2026-08-31T20:29:48.857+00:00,2026-08-31T20:29:48.857+00:00,0.005,0.005036524999013636,sqs-worker-5986dcd897-x8rdl,ip-192-168-20-201.ec2.internal,dc86a445015fca969ff19d129648d2dff66d9f6caa6425e812cfa48b5dd751f7,1,1888.0,1893.0
1,keda-poisson-606-40630535,000265,167.871169,2026-08-31T20:29:48.730+00:00,2026-08-31T20:29:44.895+00:00,2026-08-31T20:29:48.413+00:00,2026-08-31T20:29:48.413+00:00,2026-08-31T20:29:48.786+00:00,2026-08-31T20:29:48.786+00:00,0.155585,0.37367417000132264,sqs-worker-5986dcd897-x8rdl,ip-192-168-20-201.ec2.internal,ff121ca95544c4ed1a21df5932b5d8a380e2092efa7931d3386cb82eccf2a138,1,3518.0,3891.0
1,keda-poisson-606-40630535,000266,168.257098,2026-08-31T20:29:49.116+00:00,2026-08-31T20:29:45.279+00:00,2026-08-31T20:29:49.326+00:00,2026-08-31T20:29:49.326+00:00,2026-08-31T20:29:49.496+00:00,2026-08-31T20:29:49.496+00:00,0.073632,0.1698674849994859,sqs-worker-5986dcd897-x8rdl,ip-192-168-20-201.ec2.internal,161b92aa2c87acee1c5da555ee335db2c2e0f3660da90a6346c0e228acca536f,1,4046.9999999999995,4217.0
1,keda-poisson-606-40630535,000272,171.078979,2026-08-31T20:29:51.939+00:00,2026-08-31T20:29:48.095+00:00,2026-08-31T20:29:48.874+00:00,2026-08-31T20:29:48.874+00:00,2026-08-31T20:29:49.298+00:00,2026-08-31T20:29:49.298+00:00,0.184389,0.4238907749986538,sqs-worker-5986dcd897-x8rdl,ip-192-168-20-201.ec2.internal,4b523afb12cea2169b672b9118a1388aad8d0f1f93aa366df095065ccd6033c4,1,779.0,1203.0
1,keda-poisson-606-40630535,000271,170.244073,2026-08-31T20:29:51.103+00:00,2026-08-31T20:29:47.279+00:00,2026-08-31T20:29:49.513+00:00,2026-08-31T20:29:49.513+00:00,2026-08-31T20:29:50.289+00:00,2026-08-31T20:29:50.289+00:00,0.200394,0.7767741919997206,sqs-worker-5986dcd897-x8rdl,ip-192-168-20-201.ec2.internal,a3636385dae92230e3396509517c03ed901c6f090b5d41487b9efa20b4285011,1,2234.0,3010.0
1,keda-poisson-606-40630535,000275,172.828458,2026-08-31T20:29:53.688+00:00,2026-08-31T20:29:49.867+00:00,2026-08-31T20:29:50.376+00:00,2026-08-31T20:29:50.383+00:00,2026-08-31T20:29:51.488+00:00,2026-08-31T20:29:51.488+00:00,0.21551,1.1121494079998229,sqs-worker-5986dcd897-x8rdl,ip-192-168-20-201.ec2.internal,272baee2b22085835dc98c26dace5693e597e8c0ea1f81b06370a9bf6157996a,1,509.0,1621.0
1,keda-poisson-606-40630535,000278,173.479599,2026-08-31T20:29:54.339+00:00,2026-08-31T20:29:50.497+00:00,2026-08-31T20:29:51.575+00:00,2026-08-31T20:29:51.575+00:00,2026-08-31T20:29:52.174+00:00,2026-08-31T20:29:52.174+00:00,0.104376,0.5996185509993666,sqs-worker-5986dcd897-x8rdl,ip-192-168-20-201.ec2.internal,efeb07d97c8764fce204e154e52aefef93836cbb45b30a8b71ef1f4e06b09e4c,1,1078.0,1677.0
1,keda-poisson-606-40630535,000280,174.563218,2026-08-31T20:29:55.422+00:00,2026-08-31T20:29:51.579+00:00,2026-08-31T20:29:52.190+00:00,2026-08-31T20:29:52.190+00:00,2026-08-31T20:29:53.495+00:00,2026-08-31T20:29:53.495+00:00,0.440583,1.304898055999729,sqs-worker-5986dcd897-x8rdl,ip-192-168-20-201.ec2.internal,27a645dc6d03bdfffde01231fdac9df1af63f82a32d1eb0fe5d4596a020ea26c,1,611.0,1916.0
1,keda-poisson-606-40630535,000281,174.597333,2026-08-31T20:29:55.455+00:00,2026-08-31T20:29:51.610+00:00,2026-08-31T20:29:53.509+00:00,2026-08-31T20:29:53.509+00:00,2026-08-31T20:29:53.686+00:00,2026-08-31T20:29:53.686+00:00,0.06682,0.17731095500130323,sqs-worker-5986dcd897-x8rdl,ip-192-168-20-201.ec2.internal,1c0d4d7ae2bc649ac4b4e9e4306e9e2521a78367526986057af3ce326d5d77ab,1,1899.0,2076.0
1,keda-poisson-606-40630535,000279,173.758951,2026-08-31T20:29:54.618+00:00,2026-08-31T20:29:50.775+00:00,2026-08-31T20:29:53.703+00:00,2026-08-31T20:29:53.703+00:00,2026-08-31T20:29:54.091+00:00,2026-08-31T20:29:54.091+00:00,0.16072,0.3878759550007089,sqs-worker-5986dcd897-x8rdl,ip-192-168-20-201.ec2.internal,ac2df4d3c15b4a17dd3abaa817ac375ae3b605c6fd6a6caaedcddc7eec738278,1,2928.0,3316.0
1,keda-poisson-606-40630535,000282,174.604921,2026-08-31T20:29:55.463+00:00,2026-08-31T20:29:51.619+00:00,2026-08-31T20:29:54.111+00:00,2026-08-31T20:29:54.111+00:00,2026-08-31T20:29:54.383+00:00,2026-08-31T20:29:54.383+00:00,0.108166,0.27233451000029163,sqs-worker-5986dcd897-x8rdl,ip-192-168-20-201.ec2.internal,52061e609ac557d55ce5982077e9c6790dee1cb7aedcaea450fc50fc441ba872,1,2492.0,2764.0
1,keda-poisson-606-40630535,000274,172.433187,2026-08-31T20:29:53.293+00:00,2026-08-31T20:29:49.449+00:00,2026-08-31T20:29:54.399+00:00,2026-08-31T20:29:54.399+00:00,2026-08-31T20:29:54.676+00:00,2026-08-31T20:29:54.676+00:00,0.108795,0.2773790129995177,sqs-worker-5986dcd897-x8rdl,ip-192-168-20-201.ec2.internal,d3beef4301fe076e5bfe6689dfd51a421762e9a42273b42ce37c865cb08178e4,1,4950.0,5227.0
1,keda-poisson-606-40630535,000277,173.26231,2026-08-31T20:29:54.121+00:00,2026-08-31T20:29:50.277+00:00,2026-08-31T20:29:54.689+00:00,2026-08-31T20:29:54.689+00:00,2026-08-31T20:29:54.778+00:00,2026-08-31T20:29:54.778+00:00,0.037708,0.0885238600003504,sqs-worker-5986dcd897-x8rdl,ip-192-168-20-201.ec2.internal,4c748c0ed1a7fe6d5b56d2fbe768cc0a8ad069aac991d26257ccf1b0dd24aafd,1,4412.0,4501.0
1,keda-poisson-606-40630535,000269,169.924639,2026-08-31T20:29:50.784+00:00,2026-08-31T20:29:46.964+00:00,2026-08-31T20:29:54.804+00:00,2026-08-31T20:29:54.804+00:00,2026-08-31T20:29:55.605+00:00,2026-08-31T20:29:55.605+00:00,0.343269,0.8017581399999472,sqs-worker-5986dcd897-x8rdl,ip-192-168-20-201.ec2.internal,d4d129b8c2e93213b57974c81c977eb18b73a40e97f76428b2b50c5baed97b7c,1,7840.0,8641.0
1,keda-poisson-606-40630535,000283,175.615692,2026-08-31T20:29:56.474+00:00,2026-08-31T20:29:52.632+00:00,2026-08-31T20:29:55.620+00:00,2026-08-31T20:29:55.620+00:00,2026-08-31T20:29:56.291+00:00,2026-08-31T20:29:56.291+00:00,0.259355,0.6709064250007941,sqs-worker-5986dcd897-x8rdl,ip-192-168-20-201.ec2.internal,1a4b0da9afbca7314a4783e3e9f1b772f5c3197943c78c32012f028e8298e6f9,1,2988.0,3659.0
1,keda-poisson-606-40630535,000284,175.993436,2026-08-31T20:29:56.851+00:00,2026-08-31T20:29:53.009+00:00,2026-08-31T20:29:56.976+00:00,2026-08-31T20:29:56.976+00:00,2026-08-31T20:29:56.995+00:00,2026-08-31T20:29:56.995+00:00,0.018632,0.018678184000236797,sqs-worker-5986dcd897-mh6sh,ip-192-168-20-201.ec2.internal,6a3d42390bba989f7c71fb339aa1dea9a03ded1b024f592604c58fd24f744394,1,3967.0,3986.0
1,keda-poisson-606-40630535,000276,173.124082,2026-08-31T20:29:53.983+00:00,2026-08-31T20:29:50.142+00:00,2026-08-31T20:29:57.322+00:00,2026-08-31T20:29:57.322+00:00,2026-08-31T20:29:57.418+00:00,2026-08-31T20:29:57.418+00:00,0.071787,0.09622378300082346,sqs-worker-5986dcd897-x8rdl,ip-192-168-20-201.ec2.internal,a5a53854912e05fde789870ff37989b754ee09fbb7148bf848ad0fcc2dea3bd0,1,7180.0,7276.0
1,keda-poisson-606-40630535,000273,171.32467,2026-08-31T20:29:52.184+00:00,2026-08-31T20:29:48.340+00:00,2026-08-31T20:29:57.020+00:00,2026-08-31T20:29:57.020+00:00,2026-08-31T20:29:57.061+00:00,2026-08-31T20:29:57.061+00:00,0.02778,0.041654922999441624,sqs-worker-5986dcd897-mh6sh,ip-192-168-20-201.ec2.internal,6d2cf28f954851d45d59069ea72c9f019561b872e8439755bac438b446a00ecd,1,8680.0,8721.0
1,keda-poisson-606-40630535,000286,177.831655,2026-08-31T20:29:58.691+00:00,2026-08-31T20:29:54.854+00:00,2026-08-31T20:29:56.310+00:00,2026-08-31T20:29:56.310+00:00,2026-08-31T20:29:57.276+00:00,2026-08-31T20:29:57.276+00:00,0.382565,0.9658591769984923,sqs-worker-5986dcd897-x8rdl,ip-192-168-20-201.ec2.internal,602aa31a635ccf447981c8cbf4e83b3edef8887e2a06f87f0ecfe1bd9b0b4136,1,1456.0,2422.0
1,keda-poisson-606-40630535,000285,177.226774,2026-08-31T20:29:58.084+00:00,2026-08-31T20:29:54.247+00:00,2026-08-31T20:29:57.087+00:00,2026-08-31T20:29:57.087+00:00,2026-08-31T20:29:57.355+00:00,2026-08-31T20:29:57.355+00:00,0.077841,0.26798007899924414,sqs-worker-5986dcd897-mh6sh,ip-192-168-20-201.ec2.internal,624d2f919d229b1da1d568cedcdcda1e571d73d92cefbfaff473ad0ff67a38ba,1,2840.0,3108.0
