schema_version,experiment_id,job_id,trace_offset_s,producer_sent_at,sqs_sent_at,worker_received_at,processing_started_at,processing_finished_at,result_sent_at,service_cpu_seconds,processing_wall_seconds,pod_name,node_name,digest,receive_count,queue_wait_ms,end_to_end_ms
1,keda-mmpp-707-62aa420a,000000,0.139724,2026-08-31T21:10:24.212+00:00,2026-08-31T21:10:24.277+00:00,2026-08-31T21:10:24.284+00:00,2026-08-31T21:10:24.284+00:00,2026-08-31T21:10:24.513+00:00,2026-08-31T21:10:24.513+00:00,0.109785,0.22850082399963867,sqs-worker-5986dcd897-x8rdl,ip-192-168-20-201.ec2.internal,d355fa3d4e566caaa47e61191d0b19f8daa8394475108571e758db3f516addf0,1,7.0,236.0
1,keda-mmpp-707-62aa420a,000001,0.143622,2026-08-31T21:10:24.215+00:00,2026-08-31T21:10:24.777+00:00,2026-08-31T21:10:24.783+00:00,2026-08-31T21:10:24.783+00:00,2026-08-31T21:10:25.311+00:00,2026-08-31T21:10:25.311+00:00,0.227913,0.5277195559992833,sqs-worker-5986dcd897-x8rdl,ip-192-168-20-201.ec2.internal,83c37eb70e36d41ff2e3c11aaf7f34f86628dd61ee3cdf5cc5dc78b65c726237,1,6.0,534.0
1,keda-mmpp-707-62aa420a,000005,0.954164,2026-08-31T21:10:25.025+00:00,2026-08-31T21:10:25.085+00:00,2026-08-31T21:10:25.514+00:00,2026-08-31T21:10:25.514+00:00,2026-08-31T21:10:25.588+00:00,2026-08-31T21:10:25.588+00:00,0.029598,0.07376245700106665,sqs-worker-5986dcd897-x8rdl,ip-192-168-20-201.ec2.internal,6867ca973c85467fa4901f40c3fedaefc7bbb5560a4cac4f54538ae23264e932,1,429.0,503.0
1,keda-mmpp-707-62aa420a,000002,0.792445,2026-08-31T21:10:24.864+00:00,2026-08-31T21:10:24.937+00:00,2026-08-31T21:10:25.605+00:00,2026-08-31T21:10:25.605+00:00,2026-08-31T21:10:25.621+00:00,2026-08-31T21:10:25.621+00:00,0.015983,0.016017693998946925,sqs-worker-5986dcd897-x8rdl,ip-192-168-20-201.ec2.internal,7daff1ef36583d4689286ec8a5305267a8d17cf32c44aad8f13b10f894f3b963,1,668.0,684.0
1,keda-mmpp-707-62aa420a,000003,0.813097,2026-08-31T21:10:24.884+00:00,2026-08-31T21:10:24.953+00:00,2026-08-31T21:10:25.333+00:00,2026-08-31T21:10:25.333+00:00,2026-08-31T21:10:25.495+00:00,2026-08-31T21:10:25.495+00:00,0.060272,0.16207757700067305,sqs-worker-5986dcd897-x8rdl,ip-192-168-20-201.ec2.internal,87c29f8f3c0d24d1db5dbedb7721f289cc41aa53e2f23f7a9fd230e87d35d723,1,380.0,542.0
1,keda-mmpp-707-62aa420a,000006,1.274256,2026-08-31T21:10:25.346+00:00,2026-08-31T21:10:25.405+00:00,2026-08-31T21:10:25.650+00:00,2026-08-31T21:10:25.650+00:00,2026-08-31T21:10:26.085+00:00,2026-08-31T21:10:26.085+00:00,0.173309,0.4350554310003645,sqs-worker-5986dcd897-x8rdl,ip-192-168-20-201.ec2.internal,297f3cf31a8ebf8d82917216c8eb24449bf1d390004123b4a5080b4a9b2501c5,1,245.0,680.0
1,keda-mmpp-707-62aa420a,000004,0.883467,2026-08-31T21:10:24.955+00:00,2026-08-31T21:10:25.535+00:00,2026-08-31T21:10:26.115+00:00,2026-08-31T21:10:26.115+00:00,2026-08-31T21:10:26.409+00:00,2026-08-31T21:10:26.409+00:00,0.139134,0.2938565419990482,sqs-worker-5986dcd897-x8rdl,ip-192-168-20-201.ec2.internal,93ed26484b9d7c98d729b099da9f327207beb4c0b7a07e152468163d4e843e1c,1,580.0,874.0
1,keda-mmpp-707-62aa420a,000011,1.910971,2026-08-31T21:10:25.982+00:00,2026-08-31T21:10:26.047+00:00,2026-08-31T21:10:26.424+00:00,2026-08-31T21:10:26.424+00:00,2026-08-31T21:10:26.489+00:00,2026-08-31T21:10:26.489+00:00,0.016167,0.06491704899963224,sqs-worker-5986dcd897-x8rdl,ip-192-168-20-201.ec2.internal,8a84d3caa44c1869f9f9202e2653032b7c23e1be81a6f29196d823bf0ff6664b,1,377.0,442.0
1,keda-mmpp-707-62aa420a,000009,1.706507,2026-08-31T21:10:25.778+00:00,2026-08-31T21:10:25.844+00:00,2026-08-31T21:10:26.508+00:00,2026-08-31T21:10:26.508+00:00,2026-08-31T21:10:26.538+00:00,2026-08-31T21:10:26.538+00:00,0.029304,0.029336626999793225,sqs-worker-5986dcd897-x8rdl,ip-192-168-20-201.ec2.internal,90c58689edf89128a94e738673bbd6ca56afa2c8a2cd46a4bbc53f88d7b12b4e,1,664.0,694.0
1,keda-mmpp-707-62aa420a,000007,1.381058,2026-08-31T21:10:25.452+00:00,2026-08-31T21:10:25.516+00:00,2026-08-31T21:10:26.610+00:00,2026-08-31T21:10:26.610+00:00,2026-08-31T21:10:26.712+00:00,2026-08-31T21:10:26.712+00:00,0.065316,0.10132158499982324,sqs-worker-5986dcd897-x8rdl,ip-192-168-20-201.ec2.internal,4eb6ec10e4efc8b41fef2e316f046693868a7937e5ee489e6ec0069efb2f3ce6,1,1094.0,1196.0
1,keda-mmpp-707-62aa420a,000012,2.497188,2026-08-31T21:10:26.569+00:00,2026-08-31T21:10:26.638+00:00,2026-08-31T21:10:26.725+00:00,2026-08-31T21:10:26.725+00:00,2026-08-31T21:10:28.694+00:00,2026-08-31T21:10:28.694+00:00,0.778708,1.9688325289989734,sqs-worker-5986dcd897-x8rdl,ip-192-168-20-201.ec2.internal,4a523a1c5bc6e80557de20e37a8423691e6d7e0c86d0f7de900584bcaee1be70,1,87.0,2056.0
1,keda-mmpp-707-62aa420a,000008,1.665168,2026-08-31T21:10:25.738+00:00,2026-08-31T21:10:25.813+00:00,2026-08-31T21:10:28.916+00:00,2026-08-31T21:10:28.916+00:00,2026-08-31T21:10:28.992+00:00,2026-08-31T21:10:28.992+00:00,0.028446,0.07579513699965901,sqs-worker-5986dcd897-x8rdl,ip-192-168-20-201.ec2.internal,ea61eac79225fef1e103d4cf52e2ffebaf84a4c17e7b70538db608c02321d0e1,1,3103.0,3179.0
1,keda-mmpp-707-62aa420a,000013,2.54442,2026-08-31T21:10:26.616+00:00,2026-08-31T21:10:26.682+00:00,2026-08-31T21:10:28.762+00:00,2026-08-31T21:10:28.762+00:00,2026-08-31T21:10:28.767+00:00,2026-08-31T21:10:28.767+00:00,0.005,0.005034375999457552,sqs-worker-5986dcd897-x8rdl,ip-192-168-20-201.ec2.internal,43d7e301d360eaecba4c4f97324a54c08568d5d62ef80b7bb00ddcc267c11e14,1,2080.0,2085.0
1,keda-mmpp-707-62aa420a,000014,2.695602,2026-08-31T21:10:26.767+00:00,2026-08-31T21:10:26.830+00:00,2026-08-31T21:10:28.790+00:00,2026-08-31T21:10:28.791+00:00,2026-08-31T21:10:28.900+00:00,2026-08-31T21:10:28.900+00:00,0.063805,0.1090584530011256,sqs-worker-5986dcd897-x8rdl,ip-192-168-20-201.ec2.internal,b2a26182f75e3e30070c7e91d907b51b9bf5a7ca556c13cfdd7bfaa378d6e90a,1,1960.0,2070.0
1,keda-mmpp-707-62aa420a,000010,1.769994,2026-08-31T21:10:25.841+00:00,2026-08-31T21:10:26.416+00:00,2026-08-31T21:10:29.013+00:00,2026-08-31T21:10:29.013+00:00,2026-08-31T21:10:29.198+00:00,2026-08-31T21:10:29.198+00:00,0.077419,0.1856468269998004,sqs-worker-5986dcd897-x8rdl,ip-192-168-20-201.ec2.internal,152c0b37ee3691ed784a36ccc9d2e112e2124528e465ff8d93edeca031ccbe84,1,2597.0,2782.0
1,keda-mmpp-707-62aa420a,000015,2.905576,2026-08-31T21:10:26.977+00:00,2026-08-31T21:10:27.044+00:00,2026-08-31T21:10:29.214+00:00,2026-08-31T21:10:29.214+00:00,2026-08-31T21:10:29.301+00:00,2026-08-31T21:10:29.301+00:00,0.043789,0.08730396700048004,sqs-worker-5986dcd897-x8rdl,ip-192-168-20-201.ec2.internal,57a1975deb79bcc4224647852dd420af967535dde559ad8be55088b73820f8c8,1,2170.0,2257.0
1,keda-mmpp-707-62aa420a,000020,3.910382,2026-08-31T21:10:27.982+00:00,2026-08-31T21:10:28.051+00:00,2026-08-31T21:10:29.327+00:00,2026-08-31T21:10:29.327+00:00,2026-08-31T21:10:30.787+00:00,2026-08-31T21:10:30.787+00:00,0.354665,1.459763611001108,sqs-worker-5986dcd897-x8rdl,ip-192-168-20-201.ec2.internal,919d7c10f662bdc7f18194358a21f39373ed3fd09f5b675bebfe514d499da680,1,1276.0,2736.0
1,keda-mmpp-707-62aa420a,000018,3.207295,2026-08-31T21:10:27.279+00:00,2026-08-31T21:10:27.343+00:00,2026-08-31T21:10:30.812+00:00,2026-08-31T21:10:30.812+00:00,2026-08-31T21:10:32.693+00:00,2026-08-31T21:10:32.693+00:00,0.374845,1.8812146989985195,sqs-worker-5986dcd897-x8rdl,ip-192-168-20-201.ec2.internal,30099c57489a224467edbdccb69c2b7b4161958545feb2e61a64cbbd37e74238,1,3469.0,5350.0
1,keda-mmpp-707-62aa420a,000024,4.923551,2026-08-31T21:10:28.995+00:00,2026-08-31T21:10:29.062+00:00,2026-08-31T21:10:32.711+00:00,2026-08-31T21:10:32.711+00:00,2026-08-31T21:10:32.716+00:00,2026-08-31T21:10:32.716+00:00,0.005,0.005031844000768615,sqs-worker-5986dcd897-x8rdl,ip-192-168-20-201.ec2.internal,2539e9efbd0c135ecf6cb9e7e8bb9260b900a3286ff1430dbfc6c60a475a8523,1,3649.0,3654.0
1,keda-mmpp-707-62aa420a,000016,3.141119,2026-08-31T21:10:27.213+00:00,2026-08-31T21:10:27.280+00:00,2026-08-31T21:10:32.733+00:00,2026-08-31T21:10:32.733+00:00,2026-08-31T21:10:33.078+00:00,2026-08-31T21:10:33.078+00:00,0.132156,0.345437256999503,sqs-worker-5986dcd897-x8rdl,ip-192-168-20-201.ec2.internal,51d81a599dd48e64b4ebd66b823a4b076a67179f358c348c97a068428e381532,1,5453.0,5798.0
1,keda-mmpp-707-62aa420a,000023,4.711133,2026-08-31T21:10:28.783+00:00,2026-08-31T21:10:28.882+00:00,2026-08-31T21:10:33.094+00:00,2026-08-31T21:10:33.095+00:00,2026-08-31T21:10:33.599+00:00,2026-08-31T21:10:33.599+00:00,0.217165,0.5044995110001764,sqs-worker-5986dcd897-x8rdl,ip-192-168-20-201.ec2.internal,960e22d75a4a3448b09ee3c66543a4d7ee936521e0d7de85418b59565e44bf18,1,4212.0,4717.0
1,keda-mmpp-707-62aa420a,000017,3.188877,2026-08-31T21:10:27.260+00:00,2026-08-31T21:10:27.322+00:00,2026-08-31T21:10:33.615+00:00,2026-08-31T21:10:33.615+00:00,2026-08-31T21:10:33.881+00:00,2026-08-31T21:10:33.881+00:00,0.098064,0.26587122800083307,sqs-worker-5986dcd897-x8rdl,ip-192-168-20-201.ec2.internal,e28e7803e5ce6aba6526c6a4fc49ff2e9d5167fcf8901983d21ef2f93e43def6,1,6293.0,6559.0
1,keda-mmpp-707-62aa420a,000026,7.406661,2026-08-31T21:10:31.480+00:00,2026-08-31T21:10:31.549+00:00,2026-08-31T21:10:33.901+00:00,2026-08-31T21:10:33.901+00:00,2026-08-31T21:10:34.394+00:00,2026-08-31T21:10:34.394+00:00,0.207908,0.4923264820008626,sqs-worker-5986dcd897-x8rdl,ip-192-168-20-201.ec2.internal,55b140752785889f96b1623d61d8c9697d91583f4400598357154515fdb14f75,1,2352.0,2845.0
1,keda-mmpp-707-62aa420a,000025,5.026168,2026-08-31T21:10:29.098+00:00,2026-08-31T21:10:29.164+00:00,2026-08-31T21:10:34.409+00:00,2026-08-31T21:10:34.409+00:00,2026-08-31T21:10:35.583+00:00,2026-08-31T21:10:35.583+00:00,0.46554,1.1744064630001958,sqs-worker-5986dcd897-x8rdl,ip-192-168-20-201.ec2.internal,4407dbfc76dd711473da99878de35d781bdd01ac1d75a14871f982620d1640ae,1,5245.0,6419.0
1,keda-mmpp-707-62aa420a,000019,3.640009,2026-08-31T21:10:27.712+00:00,2026-08-31T21:10:27.777+00:00,2026-08-31T21:10:35.620+00:00,2026-08-31T21:10:35.620+00:00,2026-08-31T21:10:35.787+00:00,2026-08-31T21:10:35.787+00:00,0.079937,0.16767477900066297,sqs-worker-5986dcd897-x8rdl,ip-192-168-20-201.ec2.internal,75c1162d8164a3c4b080e248319a24086d20e3d713143294e92db886bb746030,1,7843.0,8010.0
1,keda-mmpp-707-62aa420a,000027,9.296471,2026-08-31T21:10:33.369+00:00,2026-08-31T21:10:33.439+00:00,2026-08-31T21:10:35.824+00:00,2026-08-31T21:10:35.824+00:00,2026-08-31T21:10:36.179+00:00,2026-08-31T21:10:36.179+00:00,0.147138,0.35484343900134263,sqs-worker-5986dcd897-x8rdl,ip-192-168-20-201.ec2.internal,0c0ccf185fe9a26598069268d4641abe227e94b163f2d051f90a36dc5482503e,1,2385.0,2740.0
1,keda-mmpp-707-62aa420a,000028,9.74281,2026-08-31T21:10:33.814+00:00,2026-08-31T21:10:33.881+00:00,2026-08-31T21:10:36.200+00:00,2026-08-31T21:10:36.200+00:00,2026-08-31T21:10:36.806+00:00,2026-08-31T21:10:36.806+00:00,0.262929,0.60599372499928,sqs-worker-5986dcd897-x8rdl,ip-192-168-20-201.ec2.internal,a2409c13a42600f28e32e1774d3722016de1e3f90792faf221a9230d61aa3cba,1,2319.0,2925.0
1,keda-mmpp-707-62aa420a,000021,4.050264,2026-08-31T21:10:28.122+00:00,2026-08-31T21:10:28.194+00:00,2026-08-31T21:10:36.824+00:00,2026-08-31T21:10:36.824+00:00,2026-08-31T21:10:37.394+00:00,2026-08-31T21:10:37.394+00:00,0.223879,0.5701841419995617,sqs-worker-5986dcd897-x8rdl,ip-192-168-20-201.ec2.internal,db8d581b6e5d9d0f92a00240314e592edd06de3352ee19c56604bfcab08cf7ad,1,8630.0,9200.0
1,keda-mmpp-707-62aa420a,000029,12.136375,2026-08-31T21:10:36.210+00:00,2026-08-31T21:10:36.283+00:00,2026-08-31T21:10:37.433+00:00,2026-08-31T21:10:37.433+00:00,2026-08-31T21:10:37.683+00:00,2026-08-31T21:10:37.683+00:00,0.104873,0.2503261109995947,sqs-worker-5986dcd897-x8rdl,ip-192-168-20-201.ec2.internal,daa42203770040daa6037db0b0709bafe9ed3144a3b33d10c268da8d6835b8a3,1,1150.0,1400.0
1,keda-mmpp-707-62aa420a,000022,4.342747,2026-08-31T21:10:28.414+00:00,2026-08-31T21:10:28.476+00:00,2026-08-31T21:10:37.727+00:00,2026-08-31T21:10:37.727+00:00,2026-08-31T21:10:38.595+00:00,2026-08-31T21:10:38.595+00:00,0.367146,0.8680380250007147,sqs-worker-5986dcd897-x8rdl,ip-192-168-20-201.ec2.internal,e326d768150f18155b73c3c4f6d97d42ad18c15c367361522d2fc2c767dcb61d,1,9251.0,10119.0
1,keda-mmpp-707-62aa420a,000030,14.667592,2026-08-31T21:10:38.741+00:00,2026-08-31T21:10:38.805+00:00,2026-08-31T21:10:38.809+00:00,2026-08-31T21:10:38.810+00:00,2026-08-31T21:10:38.904+00:00,2026-08-31T21:10:38.904+00:00,0.060966,0.09413702599886165,sqs-worker-5986dcd897-x8rdl,ip-192-168-20-201.ec2.internal,3c8bf0da70cda6b96bf3f7d94a182da953071bd74759cae30a3928c23c569872,1,4.0,99.0
1,keda-mmpp-707-62aa420a,000031,15.331571,2026-08-31T21:10:39.403+00:00,2026-08-31T21:10:39.474+00:00,2026-08-31T21:10:39.480+00:00,2026-08-31T21:10:39.480+00:00,2026-08-31T21:10:41.876+00:00,2026-08-31T21:10:41.876+00:00,0.505196,2.3959903809991374,sqs-worker-5986dcd897-x8rdl,ip-192-168-20-201.ec2.internal,7c4501ff291398ade14cd746db0d7e2ac00f1e2851d75edf2496469591d47d7d,1,6.0,2402.0
1,keda-mmpp-707-62aa420a,000032,19.887243,2026-08-31T21:10:43.962+00:00,2026-08-31T21:10:44.025+00:00,2026-08-31T21:10:44.029+00:00,2026-08-31T21:10:44.029+00:00,2026-08-31T21:10:44.055+00:00,2026-08-31T21:10:44.055+00:00,0.026267,0.026315246001104242,sqs-worker-5986dcd897-x8rdl,ip-192-168-20-201.ec2.internal,3602927f2c2e4ae715f78a56b5879686a14c810663fb35595b62be9536b93f62,1,4.0,30.0
1,keda-mmpp-707-62aa420a,000033,22.220265,2026-08-31T21:10:46.294+00:00,2026-08-31T21:10:46.357+00:00,2026-08-31T21:10:46.362+00:00,2026-08-31T21:10:46.362+00:00,2026-08-31T21:10:46.395+00:00,2026-08-31T21:10:46.395+00:00,0.03313,0.033176904000356444,sqs-worker-5986dcd897-x8rdl,ip-192-168-20-201.ec2.internal,f2db2b8fdd60633f61962202f4e487e843e5046bd6fa2588d7d1d5ca5bd693c2,1,5.0,38.0
1,keda-mmpp-707-62aa420a,000034,23.300611,2026-08-31T21:10:47.373+00:00,2026-08-31T21:10:47.437+00:00,2026-08-31T21:10:47.442+00:00,2026-08-31T21:10:47.442+00:00,2026-08-31T21:10:47.613+00:00,2026-08-31T21:10:47.613+00:00,0.114239,0.1712652509995678,sqs-worker-5986dcd897-x8rdl,ip-192-168-20-201.ec2.internal,1f2f8295095af77d5941ec80bee8709abde0f0727ab9c7a2bccaccaa18ec41e0,1,5.0,176.0
1,keda-mmpp-707-62aa420a,000035,31.814334,2026-08-31T21:10:55.889+00:00,2026-08-31T21:10:55.951+00:00,2026-08-31T21:10:55.967+00:00,2026-08-31T21:10:55.967+00:00,2026-08-31T21:10:56.106+00:00,2026-08-31T21:10:56.106+00:00,0.082397,0.13954030599961698,sqs-worker-5986dcd897-x8rdl,ip-192-168-20-201.ec2.internal,929e81fa527268cdd094a7ef064b9db21bfe4efabe3dfe4e5ad727406f8079e1,1,16.0,155.0
1,keda-mmpp-707-62aa420a,000036,39.332762,2026-08-31T21:11:03.410+00:00,2026-08-31T21:11:03.477+00:00,2026-08-31T21:11:03.483+00:00,2026-08-31T21:11:03.483+00:00,2026-08-31T21:11:03.796+00:00,2026-08-31T21:11:03.796+00:00,0.132924,0.31221040400123456,sqs-worker-5986dcd897-x8rdl,ip-192-168-20-201.ec2.internal,f11ab7b8b78b45bd4e82d4bcdc0dc9ab71df0ba1be5943eda26e1a670cab07b9,1,6.0,319.0
1,keda-mmpp-707-62aa420a,000037,43.138645,2026-08-31T21:11:07.213+00:00,2026-08-31T21:11:07.279+00:00,2026-08-31T21:11:07.286+00:00,2026-08-31T21:11:07.286+00:00,2026-08-31T21:11:07.316+00:00,2026-08-31T21:11:07.316+00:00,0.030104,0.030169250998369534,sqs-worker-5986dcd897-x8rdl,ip-192-168-20-201.ec2.internal,a47b06bbfadfa20afc658dee858ab1974fc64e5d159004bc98c08bde5fcc27b3,1,7.0,37.0
1,keda-mmpp-707-62aa420a,000038,46.209374,2026-08-31T21:11:10.283+00:00,2026-08-31T21:11:10.407+00:00,2026-08-31T21:11:10.423+00:00,2026-08-31T21:11:10.423+00:00,2026-08-31T21:11:10.686+00:00,2026-08-31T21:11:10.686+00:00,0.042074,0.2629620640000212,sqs-worker-5986dcd897-x8rdl,ip-192-168-20-201.ec2.internal,55878b8c004eb9d5685e2ddd6e4fbae430f793ce80c12ab12ee46a20f5224f6a,1,16.0,279.0
1,keda-mmpp-707-62aa420a,000039,48.239715,2026-08-31T21:11:12.312+00:00,2026-08-31T21:11:12.377+00:00,2026-08-31T21:11:12.380+00:00,2026-08-31T21:11:12.380+00:00,2026-08-31T21:11:13.100+00:00,2026-08-31T21:11:13.100+00:00,0.297158,0.7197160750001785,sqs-worker-5986dcd897-x8rdl,ip-192-168-20-201.ec2.internal,9428c8f62f786e2812ea634ce5ebf6e8690bbde02fc187c3968440e2a956d538,1,3.0,723.0
1,keda-mmpp-707-62aa420a,000040,50.202925,2026-08-31T21:11:14.275+00:00,2026-08-31T21:11:14.337+00:00,2026-08-31T21:11:14.340+00:00,2026-08-31T21:11:14.340+00:00,2026-08-31T21:11:14.978+00:00,2026-08-31T21:11:14.978+00:00,0.279323,0.6380516610006453,sqs-worker-5986dcd897-x8rdl,ip-192-168-20-201.ec2.internal,ee8db3fbb8d56a65bce1b29971bf58a8b1371abf9e1786a8d6c57d8983d4e507,1,3.0,641.0
1,keda-mmpp-707-62aa420a,000041,52.858752,2026-08-31T21:11:16.932+00:00,2026-08-31T21:11:16.997+00:00,2026-08-31T21:11:17.001+00:00,2026-08-31T21:11:17.001+00:00,2026-08-31T21:11:17.411+00:00,2026-08-31T21:11:17.411+00:00,0.188038,0.40967488800015417,sqs-worker-5986dcd897-x8rdl,ip-192-168-20-201.ec2.internal,8c789e01b6846a17052bcf635e3c6ab987ca3219b3b0b86c146c902aa0d975d4,1,4.0,414.0
1,keda-mmpp-707-62aa420a,000042,54.064857,2026-08-31T21:11:18.136+00:00,2026-08-31T21:11:18.202+00:00,2026-08-31T21:11:18.209+00:00,2026-08-31T21:11:18.209+00:00,2026-08-31T21:11:18.298+00:00,2026-08-31T21:11:18.298+00:00,0.054888,0.08887875999971584,sqs-worker-5986dcd897-x8rdl,ip-192-168-20-201.ec2.internal,17451c8df55d5ac8fff41b67d8d2ada63338521406c8b5030648a7af07ea621a,1,7.0,96.0
1,keda-mmpp-707-62aa420a,000043,55.613932,2026-08-31T21:11:19.685+00:00,2026-08-31T21:11:19.748+00:00,2026-08-31T21:11:19.784+00:00,2026-08-31T21:11:19.784+00:00,2026-08-31T21:11:20.487+00:00,2026-08-31T21:11:20.487+00:00,0.1236,0.7036406489987712,sqs-worker-5986dcd897-x8rdl,ip-192-168-20-201.ec2.internal,8806d4a66917e1e2c54d1b872dbd3ba198420d1fc86cf9a3727d847495f2b640,1,36.0,739.0
1,keda-mmpp-707-62aa420a,000044,57.988918,2026-08-31T21:11:22.060+00:00,2026-08-31T21:11:22.123+00:00,2026-08-31T21:11:22.127+00:00,2026-08-31T21:11:22.127+00:00,2026-08-31T21:11:22.147+00:00,2026-08-31T21:11:22.147+00:00,0.020236,0.02027844900112541,sqs-worker-5986dcd897-x8rdl,ip-192-168-20-201.ec2.internal,ea7d645e4344a6bf5304a08739b3539e8c8f7290f746b376ab51ca32868cb6dd,1,4.0,24.0
1,keda-mmpp-707-62aa420a,000045,58.796664,2026-08-31T21:11:22.866+00:00,2026-08-31T21:11:22.931+00:00,2026-08-31T21:11:22.934+00:00,2026-08-31T21:11:22.935+00:00,2026-08-31T21:11:23.309+00:00,2026-08-31T21:11:23.309+00:00,0.186323,0.3745268210004724,sqs-worker-5986dcd897-x8rdl,ip-192-168-20-201.ec2.internal,e2224832bbce39d0366a145a7954df881bdbab6efd5ec5fb127f81276e24c2a0,1,3.0,378.0
1,keda-mmpp-707-62aa420a,000046,59.522971,2026-08-31T21:11:23.592+00:00,2026-08-31T21:11:23.661+00:00,2026-08-31T21:11:23.666+00:00,2026-08-31T21:11:23.666+00:00,2026-08-31T21:11:23.692+00:00,2026-08-31T21:11:23.692+00:00,0.026521,0.026572254000711837,sqs-worker-5986dcd897-x8rdl,ip-192-168-20-201.ec2.internal,3f6bf0a33c4b43151e8f082b8f2a5c5450cd552b0f36b038d1a50690af627a75,1,5.0,31.0
1,keda-mmpp-707-62aa420a,000047,63.339656,2026-08-31T21:11:27.412+00:00,2026-08-31T21:11:27.472+00:00,2026-08-31T21:11:27.476+00:00,2026-08-31T21:11:27.476+00:00,2026-08-31T21:11:29.086+00:00,2026-08-31T21:11:29.086+00:00,0.643219,1.6099674140004936,sqs-worker-5986dcd897-x8rdl,ip-192-168-20-201.ec2.internal,32d5180f8d902369bc46992d5ca88f7437484b5272273fd11d73dfeea727ad37,1,4.0,1614.0
1,keda-mmpp-707-62aa420a,000048,68.182857,2026-08-31T21:11:32.256+00:00,2026-08-31T21:11:32.351+00:00,2026-08-31T21:11:32.357+00:00,2026-08-31T21:11:32.357+00:00,2026-08-31T21:11:33.003+00:00,2026-08-31T21:11:33.003+00:00,0.288657,0.6455521649986622,sqs-worker-5986dcd897-x8rdl,ip-192-168-20-201.ec2.internal,41e17e092889d7834b2b1039de8b477b4153e493f87bed0d8f07484ac8ee3cb7,1,6.0,652.0
1,keda-mmpp-707-62aa420a,000049,68.325505,2026-08-31T21:11:32.394+00:00,2026-08-31T21:11:32.949+00:00,2026-08-31T21:11:33.031+00:00,2026-08-31T21:11:33.031+00:00,2026-08-31T21:11:33.081+00:00,2026-08-31T21:11:33.081+00:00,0.014545,0.04999949699958961,sqs-worker-5986dcd897-x8rdl,ip-192-168-20-201.ec2.internal,ce4386fbfce90ed8b57b11664ef9aa6eebef6657f0ceb2452e29b80233fc69c6,1,82.0,132.0
1,keda-mmpp-707-62aa420a,000050,71.200816,2026-08-31T21:11:35.272+00:00,2026-08-31T21:11:35.342+00:00,2026-08-31T21:11:35.348+00:00,2026-08-31T21:11:35.348+00:00,2026-08-31T21:11:35.406+00:00,2026-08-31T21:11:35.406+00:00,0.057813,0.057879813999534235,sqs-worker-5986dcd897-x8rdl,ip-192-168-20-201.ec2.internal,f288ad488d9399b4d5c274f7e010db35400affb9e61b13ed2886b032a8f2d021,1,6.0,64.0
1,keda-mmpp-707-62aa420a,000051,75.657148,2026-08-31T21:11:39.730+00:00,2026-08-31T21:11:39.798+00:00,2026-08-31T21:11:39.801+00:00,2026-08-31T21:11:39.801+00:00,2026-08-31T21:11:40.475+00:00,2026-08-31T21:11:40.475+00:00,0.123161,0.6737353690004966,sqs-worker-5986dcd897-x8rdl,ip-192-168-20-201.ec2.internal,d9294bd74b42b25aee267f4382a938728275d70cda9fe1b9e9e414828f44bf35,1,3.0,677.0
1,keda-mmpp-707-62aa420a,000052,76.696806,2026-08-31T21:11:40.767+00:00,2026-08-31T21:11:40.827+00:00,2026-08-31T21:11:40.876+00:00,2026-08-31T21:11:40.876+00:00,2026-08-31T21:11:41.908+00:00,2026-08-31T21:11:41.908+00:00,0.247925,1.0325666849985282,sqs-worker-5986dcd897-x8rdl,ip-192-168-20-201.ec2.internal,d48321f4fdd0356758286d461126f24ccaf76bbddc8365999a489a5a2be0f554,1,49.0,1081.0
1,keda-mmpp-707-62aa420a,000053,78.709982,2026-08-31T21:11:42.780+00:00,2026-08-31T21:11:42.841+00:00,2026-08-31T21:11:42.847+00:00,2026-08-31T21:11:42.847+00:00,2026-08-31T21:11:44.207+00:00,2026-08-31T21:11:44.207+00:00,0.582656,1.3593488959995739,sqs-worker-5986dcd897-x8rdl,ip-192-168-20-201.ec2.internal,4791570a29adc03ea03d330c072635208d93554d0fd0b2c7ca4f4f3899b4458e,1,6.0,1366.0
1,keda-mmpp-707-62aa420a,000055,79.842346,2026-08-31T21:11:43.912+00:00,2026-08-31T21:11:43.973+00:00,2026-08-31T21:11:44.226+00:00,2026-08-31T21:11:44.226+00:00,2026-08-31T21:11:45.201+00:00,2026-08-31T21:11:45.201+00:00,0.390526,0.975603475000753,sqs-worker-5986dcd897-x8rdl,ip-192-168-20-201.ec2.internal,aed7b0f8fb594406ba619a3becc75c75f2dba1e3167c0d479862f345fbf3592c,1,253.0,1228.0
1,keda-mmpp-707-62aa420a,000056,80.702898,2026-08-31T21:11:44.772+00:00,2026-08-31T21:11:44.833+00:00,2026-08-31T21:11:45.225+00:00,2026-08-31T21:11:45.225+00:00,2026-08-31T21:11:46.995+00:00,2026-08-31T21:11:46.995+00:00,0.709872,1.7707190479995916,sqs-worker-5986dcd897-x8rdl,ip-192-168-20-201.ec2.internal,83d16006cb60922d1467f55f25d52c859fbf9070280e6d6008870d42e472c038,1,392.0,2162.0
1,keda-mmpp-707-62aa420a,000057,81.247081,2026-08-31T21:11:45.316+00:00,2026-08-31T21:11:45.379+00:00,2026-08-31T21:11:47.008+00:00,2026-08-31T21:11:47.008+00:00,2026-08-31T21:11:47.683+00:00,2026-08-31T21:11:47.683+00:00,0.263733,0.675153276999481,sqs-worker-5986dcd897-x8rdl,ip-192-168-20-201.ec2.internal,d7d14e30e00627c30e7847d542fbc63604e59e5a344817eeb56eaabda38bdf2c,1,1629.0,2304.0
1,keda-mmpp-707-62aa420a,000054,79.095983,2026-08-31T21:11:43.165+00:00,2026-08-31T21:11:43.225+00:00,2026-08-31T21:11:47.718+00:00,2026-08-31T21:11:47.718+00:00,2026-08-31T21:11:47.793+00:00,2026-08-31T21:11:47.793+00:00,0.045798,0.07528336100040178,sqs-worker-5986dcd897-x8rdl,ip-192-168-20-201.ec2.internal,b1236ce18a9e3858e1b233f4d7aab2738d55a42512d3c6db82c687d532f01800,1,4493.0,4568.0
1,keda-mmpp-707-62aa420a,000058,82.925845,2026-08-31T21:11:46.996+00:00,2026-08-31T21:11:47.057+00:00,2026-08-31T21:11:47.834+00:00,2026-08-31T21:11:47.834+00:00,2026-08-31T21:11:48.479+00:00,2026-08-31T21:11:48.480+00:00,0.262419,0.6454216229994927,sqs-worker-5986dcd897-x8rdl,ip-192-168-20-201.ec2.internal,5de8a4278e82569d6d8641accb3bf95b19d6ebb6c48ec5c85d0f19112b1eba74,1,777.0,1422.0
1,keda-mmpp-707-62aa420a,000059,84.040447,2026-08-31T21:11:48.110+00:00,2026-08-31T21:11:48.171+00:00,2026-08-31T21:11:48.505+00:00,2026-08-31T21:11:48.505+00:00,2026-08-31T21:11:48.511+00:00,2026-08-31T21:11:48.511+00:00,0.005,0.005032447999838041,sqs-worker-5986dcd897-x8rdl,ip-192-168-20-201.ec2.internal,488408543fc2b7870c1e12e262ceb6540fe388c5cd145d4fe3167487591464d1,1,334.0,340.0
1,keda-mmpp-707-62aa420a,000060,87.859634,2026-08-31T21:11:51.931+00:00,2026-08-31T21:11:51.997+00:00,2026-08-31T21:11:52.001+00:00,2026-08-31T21:11:52.001+00:00,2026-08-31T21:11:52.584+00:00,2026-08-31T21:11:52.584+00:00,0.242101,0.5831068179995782,sqs-worker-5986dcd897-x8rdl,ip-192-168-20-201.ec2.internal,4bd6f62909576451293b529a6c4cd89c8b2314e930f60c2f042605c63bfc7024,1,4.0,587.0
1,keda-mmpp-707-62aa420a,000062,88.073884,2026-08-31T21:11:52.141+00:00,2026-08-31T21:11:52.200+00:00,2026-08-31T21:11:52.597+00:00,2026-08-31T21:11:52.597+00:00,2026-08-31T21:11:53.700+00:00,2026-08-31T21:11:53.700+00:00,0.451762,1.1025248320001992,sqs-worker-5986dcd897-x8rdl,ip-192-168-20-201.ec2.internal,c302793c1f48df1e9ec493160a66aa495bd877fc86f049ee6cceea2a047df6c8,1,397.0,1500.0
1,keda-mmpp-707-62aa420a,000065,88.486637,2026-08-31T21:11:52.554+00:00,2026-08-31T21:11:52.612+00:00,2026-08-31T21:11:53.714+00:00,2026-08-31T21:11:53.714+00:00,2026-08-31T21:11:53.719+00:00,2026-08-31T21:11:53.719+00:00,0.005,0.005031810000218684,sqs-worker-5986dcd897-x8rdl,ip-192-168-20-201.ec2.internal,86782364642653b763b1988d6ed9ff2035ac050005ce82668b7e42df5a996f68,1,1102.0,1107.0
1,keda-mmpp-707-62aa420a,000069,89.335745,2026-08-31T21:11:53.403+00:00,2026-08-31T21:11:53.462+00:00,2026-08-31T21:11:53.732+00:00,2026-08-31T21:11:53.733+00:00,2026-08-31T21:11:55.895+00:00,2026-08-31T21:11:55.895+00:00,0.862767,2.1626938249992236,sqs-worker-5986dcd897-x8rdl,ip-192-168-20-201.ec2.internal,dc242372d10449954ca2fde2e01c050bf37f1aefb4d13b73bae06ba880102a45,1,270.0,2433.0
1,keda-mmpp-707-62aa420a,000067,88.656862,2026-08-31T21:11:52.724+00:00,2026-08-31T21:11:52.784+00:00,2026-08-31T21:11:56.017+00:00,2026-08-31T21:11:56.017+00:00,2026-08-31T21:11:56.191+00:00,2026-08-31T21:11:56.191+00:00,0.066834,0.17357494899988524,sqs-worker-5986dcd897-x8rdl,ip-192-168-20-201.ec2.internal,20ba47b2f24b3b602a040bc8c10738758ca761ce17be6943682f5a0ef414ef15,1,3233.0,3407.0
1,keda-mmpp-707-62aa420a,000074,90.153509,2026-08-31T21:11:54.221+00:00,2026-08-31T21:11:54.280+00:00,2026-08-31T21:11:56.208+00:00,2026-08-31T21:11:56.208+00:00,2026-08-31T21:11:56.488+00:00,2026-08-31T21:11:56.488+00:00,0.112605,0.2798742810009571,sqs-worker-5986dcd897-x8rdl,ip-192-168-20-201.ec2.internal,5ebe5119995ed63b0e25bee33894baae49891471ab7926e553a8e7f7b780ec7b,1,1928.0,2208.0
1,keda-mmpp-707-62aa420a,000061,87.9242,2026-08-31T21:11:51.992+00:00,2026-08-31T21:11:52.052+00:00,2026-08-31T21:11:55.939+00:00,2026-08-31T21:11:55.939+00:00,2026-08-31T21:11:56.000+00:00,2026-08-31T21:11:56.000+00:00,0.034546,0.06163220500093303,sqs-worker-5986dcd897-x8rdl,ip-192-168-20-201.ec2.internal,8e6efdef4595bfb07f38be0f3bcd0feee7bf45a0b107d461b526e79a22ed5128,1,3887.0,3948.0
1,keda-mmpp-707-62aa420a,000080,91.082247,2026-08-31T21:11:55.150+00:00,2026-08-31T21:11:55.208+00:00,2026-08-31T21:11:56.504+00:00,2026-08-31T21:11:56.504+00:00,2026-08-31T21:11:56.620+00:00,2026-08-31T21:11:56.620+00:00,0.068461,0.11661890600043989,sqs-worker-5986dcd897-x8rdl,ip-192-168-20-201.ec2.internal,d050ad9c11668779befdc866f3130afa3275edc82d6233b850881b24268b76fd,1,1296.0,1412.0
1,keda-mmpp-707-62aa420a,000075,90.215217,2026-08-31T21:11:54.283+00:00,2026-08-31T21:11:54.343+00:00,2026-08-31T21:11:56.688+00:00,2026-08-31T21:11:56.688+00:00,2026-08-31T21:11:57.296+00:00,2026-08-31T21:11:57.296+00:00,0.250912,0.6076956590004556,sqs-worker-5986dcd897-x8rdl,ip-192-168-20-201.ec2.internal,df16a5aa0b3c390eeffc92189595955682e9233fd5d952254c36cca5d791558e,1,2345.0,2953.0
1,keda-mmpp-707-62aa420a,000076,90.438481,2026-08-31T21:11:54.506+00:00,2026-08-31T21:11:54.567+00:00,2026-08-31T21:11:57.602+00:00,2026-08-31T21:11:57.602+00:00,2026-08-31T21:11:57.803+00:00,2026-08-31T21:11:57.803+00:00,0.09282,0.20032687300044927,sqs-worker-5986dcd897-x8rdl,ip-192-168-20-201.ec2.internal,8fc09196cad8de2e25aa0c7ea88fec1776c3e975bf38af807f0661ab58070112,1,3035.0,3236.0
1,keda-mmpp-707-62aa420a,000064,88.473034,2026-08-31T21:11:52.541+00:00,2026-08-31T21:11:52.603+00:00,2026-08-31T21:11:57.818+00:00,2026-08-31T21:11:57.818+00:00,2026-08-31T21:11:57.989+00:00,2026-08-31T21:11:57.989+00:00,0.061782,0.17071232099988265,sqs-worker-5986dcd897-x8rdl,ip-192-168-20-201.ec2.internal,4a026faaa8c8cf5f177e11ab71e52ba56e8aac71110c77af74d913ff3ab27990,1,5215.0,5386.0
1,keda-mmpp-707-62aa420a,000066,88.593711,2026-08-31T21:11:52.661+00:00,2026-08-31T21:11:52.726+00:00,2026-08-31T21:11:58.008+00:00,2026-08-31T21:11:58.008+00:00,2026-08-31T21:11:58.106+00:00,2026-08-31T21:11:58.106+00:00,0.053051,0.09770041100091476,sqs-worker-5986dcd897-x8rdl,ip-192-168-20-201.ec2.internal,0e6ef13b252b697225b9b21a8db7dc4c8d835324cfe369d6a84249bb54aac47e,1,5282.0,5380.0
1,keda-mmpp-707-62aa420a,000083,91.770509,2026-08-31T21:11:55.838+00:00,2026-08-31T21:11:55.896+00:00,2026-08-31T21:11:58.121+00:00,2026-08-31T21:11:58.121+00:00,2026-08-31T21:11:58.589+00:00,2026-08-31T21:11:58.589+00:00,0.178885,0.4672326879990578,sqs-worker-5986dcd897-x8rdl,ip-192-168-20-201.ec2.internal,19996da93c46e3eadb8624511f62450f4c70e736c85b3eb634f7b2a81b3bbf78,1,2225.0,2693.0
1,keda-mmpp-707-62aa420a,000082,91.415936,2026-08-31T21:11:55.484+00:00,2026-08-31T21:11:55.545+00:00,2026-08-31T21:11:57.314+00:00,2026-08-31T21:11:57.314+00:00,2026-08-31T21:11:57.586+00:00,2026-08-31T21:11:57.586+00:00,0.105864,0.2716745750003611,sqs-worker-5986dcd897-x8rdl,ip-192-168-20-201.ec2.internal,0fa763f07397628e8de2b9d9890ffb9b9eb868b34cb472e9886f52609cac59fe,1,1769.0,2041.0
1,keda-mmpp-707-62aa420a,000077,90.516178,2026-08-31T21:11:54.584+00:00,2026-08-31T21:11:54.651+00:00,2026-08-31T21:11:58.909+00:00,2026-08-31T21:11:58.909+00:00,2026-08-31T21:11:59.210+00:00,2026-08-31T21:11:59.210+00:00,0.131923,0.3010268679990986,sqs-worker-5986dcd897-x8rdl,ip-192-168-20-201.ec2.internal,f91560d032518ca74909c199cf9ed4614703bff6f55537553653c6a1c45cdadc,1,4258.0,4559.0
1,keda-mmpp-707-62aa420a,000068,89.284247,2026-08-31T21:11:53.352+00:00,2026-08-31T21:11:53.410+00:00,2026-08-31T21:11:58.605+00:00,2026-08-31T21:11:58.605+00:00,2026-08-31T21:11:58.894+00:00,2026-08-31T21:11:58.894+00:00,0.12128,0.2886491270000988,sqs-worker-5986dcd897-x8rdl,ip-192-168-20-201.ec2.internal,713ca15a08b8b72456a9c9ab54fb5289eb725a3037657d144c8d4c8a31437a0c,1,5195.0,5484.0
1,keda-mmpp-707-62aa420a,000085,93.201151,2026-08-31T21:11:57.270+00:00,2026-08-31T21:11:57.329+00:00,2026-08-31T21:11:59.227+00:00,2026-08-31T21:11:59.227+00:00,2026-08-31T21:11:59.487+00:00,2026-08-31T21:11:59.487+00:00,0.092358,0.25984803100072895,sqs-worker-5986dcd897-x8rdl,ip-192-168-20-201.ec2.internal,2547214bcf5716e423d7d89b4878dc32d3ddf07a2a901bc7fe8f4b3676850d38,1,1898.0,2158.0
1,keda-mmpp-707-62aa420a,000073,90.115995,2026-08-31T21:11:54.184+00:00,2026-08-31T21:11:54.242+00:00,2026-08-31T21:11:59.504+00:00,2026-08-31T21:11:59.504+00:00,2026-08-31T21:12:00.287+00:00,2026-08-31T21:12:00.287+00:00,0.196922,0.7821106340015831,sqs-worker-5986dcd897-x8rdl,ip-192-168-20-201.ec2.internal,7c3b7b52e52642e6d54c0cd2f91133113f6466a2eeb4be23106b1c57a6be4a6a,1,5262.0,6045.0
1,keda-mmpp-707-62aa420a,000079,91.039349,2026-08-31T21:11:55.107+00:00,2026-08-31T21:11:55.167+00:00,2026-08-31T21:12:00.304+00:00,2026-08-31T21:12:00.305+00:00,2026-08-31T21:12:00.400+00:00,2026-08-31T21:12:00.400+00:00,0.02083,0.09526798899969435,sqs-worker-5986dcd897-x8rdl,ip-192-168-20-201.ec2.internal,83c51ad2c44bd9e037266436ca8e3011c6bc4973891049f2a58f4e69ac32577b,1,5137.0,5233.0
1,keda-mmpp-707-62aa420a,000081,91.294195,2026-08-31T21:11:55.362+00:00,2026-08-31T21:11:55.424+00:00,2026-08-31T21:12:00.489+00:00,2026-08-31T21:12:00.489+00:00,2026-08-31T21:12:03.214+00:00,2026-08-31T21:12:03.214+00:00,0.654693,2.7249983600013366,sqs-worker-5986dcd897-x8rdl,ip-192-168-20-201.ec2.internal,d724c5f017f16c6317a3d8ce399a6aa4999f61bcadc46f29b88ef663109c9c84,1,5065.0,7790.0
1,keda-mmpp-707-62aa420a,000089,93.347567,2026-08-31T21:11:57.415+00:00,2026-08-31T21:11:57.476+00:00,2026-08-31T21:12:03.703+00:00,2026-08-31T21:12:03.703+00:00,2026-08-31T21:12:03.724+00:00,2026-08-31T21:12:03.724+00:00,0.021527,0.021571692999714287,sqs-worker-5986dcd897-x8rdl,ip-192-168-20-201.ec2.internal,a9323a21fcc0ff1b1ba8f9e9c5c8d45c315c07d0c191851622f3850e12b25b56,1,6227.0,6248.0
1,keda-mmpp-707-62aa420a,000094,94.844059,2026-08-31T21:11:58.912+00:00,2026-08-31T21:11:58.972+00:00,2026-08-31T21:12:03.229+00:00,2026-08-31T21:12:03.229+00:00,2026-08-31T21:12:03.687+00:00,2026-08-31T21:12:03.687+00:00,0.170032,0.4578584540013253,sqs-worker-5986dcd897-x8rdl,ip-192-168-20-201.ec2.internal,f19883343b163de1c78a0504a562ba87f6ab6466b90bed7592ef75030fa42b5e,1,4257.0,4715.0
1,keda-mmpp-707-62aa420a,000063,88.119953,2026-08-31T21:11:52.187+00:00,2026-08-31T21:11:52.249+00:00,2026-08-31T21:12:03.742+00:00,2026-08-31T21:12:03.742+00:00,2026-08-31T21:12:03.811+00:00,2026-08-31T21:12:03.811+00:00,0.03526,0.06935235200035095,sqs-worker-5986dcd897-x8rdl,ip-192-168-20-201.ec2.internal,7494810f7f949d8ec1a4259579216972679b1a19b126be3089e3ed83e4a440c5,1,11493.0,11562.0
1,keda-mmpp-707-62aa420a,000102,97.184501,2026-08-31T21:12:01.252+00:00,2026-08-31T21:12:01.310+00:00,2026-08-31T21:12:03.829+00:00,2026-08-31T21:12:03.829+00:00,2026-08-31T21:12:05.001+00:00,2026-08-31T21:12:05.001+00:00,0.465868,1.1719430619996274,sqs-worker-5986dcd897-x8rdl,ip-192-168-20-201.ec2.internal,5acc1d1d38ce85955590b87112ab405fbdee923146a050d8d659fc3801e26ac6,1,2519.0,3691.0
1,keda-mmpp-707-62aa420a,000086,93.255057,2026-08-31T21:11:57.323+00:00,2026-08-31T21:11:57.384+00:00,2026-08-31T21:12:05.018+00:00,2026-08-31T21:12:05.018+00:00,2026-08-31T21:12:06.003+00:00,2026-08-31T21:12:06.003+00:00,0.397443,0.9846513640004559,sqs-worker-5986dcd897-x8rdl,ip-192-168-20-201.ec2.internal,841e242c91fe3885b430463bd758f402b8955e5e61b224bee9f4e99d8be98e6b,1,7634.0,8619.0
1,keda-mmpp-707-62aa420a,000070,89.493767,2026-08-31T21:11:53.562+00:00,2026-08-31T21:11:53.620+00:00,2026-08-31T21:12:06.019+00:00,2026-08-31T21:12:06.019+00:00,2026-08-31T21:12:06.586+00:00,2026-08-31T21:12:06.586+00:00,0.218986,0.566619389999687,sqs-worker-5986dcd897-x8rdl,ip-192-168-20-201.ec2.internal,f2aa74902bf4a416f72def7cf5e938a708c93bbf4c21af31bd5cb1be5178bfa6,1,12399.0,12966.0
1,keda-mmpp-707-62aa420a,000088,93.342162,2026-08-31T21:11:57.410+00:00,2026-08-31T21:11:57.996+00:00,2026-08-31T21:12:06.601+00:00,2026-08-31T21:12:06.601+00:00,2026-08-31T21:12:06.707+00:00,2026-08-31T21:12:06.707+00:00,0.057132,0.10574929500035068,sqs-worker-5986dcd897-x8rdl,ip-192-168-20-201.ec2.internal,fad6f0df6e09e6f657a61e5e354cf520661f4aed49630018c9508268ab26b826,1,8605.0,8711.0
1,keda-mmpp-707-62aa420a,000071,89.781952,2026-08-31T21:11:53.850+00:00,2026-08-31T21:11:53.908+00:00,2026-08-31T21:12:06.723+00:00,2026-08-31T21:12:06.723+00:00,2026-08-31T21:12:07.704+00:00,2026-08-31T21:12:07.704+00:00,0.392402,0.9806884299996455,sqs-worker-5986dcd897-x8rdl,ip-192-168-20-201.ec2.internal,39e7a0014d0af9ee6552c04e91c11c593bd3c86fdd97a9af0e424acd842ffef7,1,12815.0,13796.0
1,keda-mmpp-707-62aa420a,000084,92.250155,2026-08-31T21:11:56.318+00:00,2026-08-31T21:11:56.381+00:00,2026-08-31T21:12:07.729+00:00,2026-08-31T21:12:07.729+00:00,2026-08-31T21:12:08.093+00:00,2026-08-31T21:12:08.093+00:00,0.145719,0.3643049009988317,sqs-worker-5986dcd897-x8rdl,ip-192-168-20-201.ec2.internal,73ec65e0fbf49bd9d310af948fea67fe8c2c632925c77d3d682fe14ea5a2e539,1,11348.0,11712.0
1,keda-mmpp-707-62aa420a,000090,93.361098,2026-08-31T21:11:57.429+00:00,2026-08-31T21:11:57.996+00:00,2026-08-31T21:12:08.111+00:00,2026-08-31T21:12:08.111+00:00,2026-08-31T21:12:08.603+00:00,2026-08-31T21:12:08.603+00:00,0.206003,0.49270165800044197,sqs-worker-5986dcd897-x8rdl,ip-192-168-20-201.ec2.internal,38587b0bf3b4050134787e66475cf1bd5c0b5176167dd23bce36ac86041fe746,1,10115.0,10607.0
1,keda-mmpp-707-62aa420a,000115,102.469411,2026-08-31T21:12:06.537+00:00,2026-08-31T21:12:06.598+00:00,2026-08-31T21:12:08.816+00:00,2026-08-31T21:12:08.816+00:00,2026-08-31T21:12:08.821+00:00,2026-08-31T21:12:08.821+00:00,0.005,0.0050359029992250726,sqs-worker-5986dcd897-x8rdl,ip-192-168-20-201.ec2.internal,110e343005f7000ac78226c8ab4a8c569751ef275ac0baf35da67a0fbbf3791c,1,2218.0,2223.0
1,keda-mmpp-707-62aa420a,000118,103.566575,2026-08-31T21:12:07.635+00:00,2026-08-31T21:12:07.697+00:00,2026-08-31T21:12:08.833+00:00,2026-08-31T21:12:08.833+00:00,2026-08-31T21:12:09.099+00:00,2026-08-31T21:12:09.099+00:00,0.117965,0.265368471000329,sqs-worker-5986dcd897-x8rdl,ip-192-168-20-201.ec2.internal,48041c614474ef698c0f17db30e348c9989473ed6863f9b685bae875aafc0e91,1,1136.0,1402.0
1,keda-mmpp-707-62aa420a,000107,100.165389,2026-08-31T21:12:04.233+00:00,2026-08-31T21:12:04.292+00:00,2026-08-31T21:12:08.621+00:00,2026-08-31T21:12:08.621+00:00,2026-08-31T21:12:08.720+00:00,2026-08-31T21:12:08.720+00:00,0.052841,0.09936328300136665,sqs-worker-5986dcd897-x8rdl,ip-192-168-20-201.ec2.internal,702ff9e41f7c7be1f567c44a25fde93d8a3fb529751e975363c983c57472f2c7,1,4329.0,4428.0
1,keda-mmpp-707-62aa420a,000072,89.840393,2026-08-31T21:11:53.908+00:00,2026-08-31T21:11:53.966+00:00,2026-08-31T21:12:09.111+00:00,2026-08-31T21:12:09.111+00:00,2026-08-31T21:12:09.116+00:00,2026-08-31T21:12:09.116+00:00,0.005,0.005031026999859023,sqs-worker-5986dcd897-x8rdl,ip-192-168-20-201.ec2.internal,8f43a65b8d1e00827c28e4a66777fac22008ae3b5852ff270bcc53de8433f42c,1,15145.0,15150.0
1,keda-mmpp-707-62aa420a,000091,94.27145,2026-08-31T21:11:58.340+00:00,2026-08-31T21:11:58.409+00:00,2026-08-31T21:12:09.128+00:00,2026-08-31T21:12:09.128+00:00,2026-08-31T21:12:09.600+00:00,2026-08-31T21:12:09.600+00:00,0.189573,0.47228686199923686,sqs-worker-5986dcd897-x8rdl,ip-192-168-20-201.ec2.internal,353d0bb90103d214d1fedbb0f973ff4726bb039374372cb0e96362bcae11184a,1,10719.0,11191.0
1,keda-mmpp-707-62aa420a,000096,95.745777,2026-08-31T21:11:59.814+00:00,2026-08-31T21:11:59.875+00:00,2026-08-31T21:12:09.613+00:00,2026-08-31T21:12:09.613+00:00,2026-08-31T21:12:09.998+00:00,2026-08-31T21:12:09.998+00:00,0.09631,0.3850957680006104,sqs-worker-5986dcd897-x8rdl,ip-192-168-20-201.ec2.internal,bc481d966c59345fb7ea5dc9ab53cae31d48ab2b186ab1a3ac2255563939183b,1,9738.0,10123.0
1,keda-mmpp-707-62aa420a,000093,94.574345,2026-08-31T21:11:58.642+00:00,2026-08-31T21:11:58.712+00:00,2026-08-31T21:12:10.084+00:00,2026-08-31T21:12:10.084+00:00,2026-08-31T21:12:11.696+00:00,2026-08-31T21:12:11.696+00:00,0.293185,1.6121310560010897,sqs-worker-5986dcd897-x8rdl,ip-192-168-20-201.ec2.internal,927dd5dcfd208465482a4ad3d75fd44f6757387765cc5fb6fe4b44032beafc92,1,11372.0,12984.0
1,keda-mmpp-707-62aa420a,000105,99.439986,2026-08-31T21:12:03.509+00:00,2026-08-31T21:12:03.574+00:00,2026-08-31T21:12:11.783+00:00,2026-08-31T21:12:11.783+00:00,2026-08-31T21:12:11.792+00:00,2026-08-31T21:12:11.792+00:00,0.008346,0.008416401000431506,sqs-worker-5986dcd897-x8rdl,ip-192-168-20-201.ec2.internal,a1b54c62e5fbc69b6a4ac22eb5600e182c39ac0b76d6f2f9ddea6f69f1aeeb13,1,8209.0,8218.0
1,keda-mmpp-707-62aa420a,000108,100.332506,2026-08-31T21:12:04.400+00:00,2026-08-31T21:12:04.464+00:00,2026-08-31T21:12:11.884+00:00,2026-08-31T21:12:11.884+00:00,2026-08-31T21:12:12.911+00:00,2026-08-31T21:12:12.911+00:00,0.302398,1.0269109250002657,sqs-worker-5986dcd897-x8rdl,ip-192-168-20-201.ec2.internal,c6a88abdc0184aacc6f6968d7c2a80a7a1059db319049c86901ddb28b043658f,1,7420.0,8447.0
1,keda-mmpp-707-62aa420a,000078,91.02082,2026-08-31T21:11:55.089+00:00,2026-08-31T21:11:55.147+00:00,2026-08-31T21:12:12.923+00:00,2026-08-31T21:12:12.923+00:00,2026-08-31T21:12:13.100+00:00,2026-08-31T21:12:13.100+00:00,0.065123,0.17726412000047276,sqs-worker-5986dcd897-x8rdl,ip-192-168-20-201.ec2.internal,e78c6e8d6b1805f48d65a470bdffd418b9e844b0ee534225b7d5745c5d427441,1,17776.0,17953.0
1,keda-mmpp-707-62aa420a,000120,103.651134,2026-08-31T21:12:07.719+00:00,2026-08-31T21:12:07.778+00:00,2026-08-31T21:12:13.112+00:00,2026-08-31T21:12:13.112+00:00,2026-08-31T21:12:14.494+00:00,2026-08-31T21:12:14.494+00:00,0.549681,1.3814368969997304,sqs-worker-5986dcd897-x8rdl,ip-192-168-20-201.ec2.internal,9979fbcdad2710f4468e0e85f2f7acfad2f49a0c19f044ef8f85e33aff5197d7,1,5334.0,6716.0
1,keda-mmpp-707-62aa420a,000087,93.312741,2026-08-31T21:11:57.380+00:00,2026-08-31T21:11:57.440+00:00,2026-08-31T21:12:14.506+00:00,2026-08-31T21:12:14.506+00:00,2026-08-31T21:12:15.700+00:00,2026-08-31T21:12:15.700+00:00,0.483041,1.194310566999775,sqs-worker-5986dcd897-x8rdl,ip-192-168-20-201.ec2.internal,b1807a89ffdec6af3626b149dc3e3b885538bfaca6f9938b4a36ddcfae1df7d2,1,17066.0,18260.0
1,keda-mmpp-707-62aa420a,000092,94.433475,2026-08-31T21:11:58.501+00:00,2026-08-31T21:11:58.563+00:00,2026-08-31T21:12:15.714+00:00,2026-08-31T21:12:15.714+00:00,2026-08-31T21:12:15.991+00:00,2026-08-31T21:12:15.991+00:00,0.10663,0.2776868580003793,sqs-worker-5986dcd897-x8rdl,ip-192-168-20-201.ec2.internal,bf5d6fd8117131761173cd9d8b0de47d2c80af5ac1502dea17f41560c9d34900,1,17151.0,17428.0
1,keda-mmpp-707-62aa420a,000099,96.559427,2026-08-31T21:12:00.627+00:00,2026-08-31T21:12:00.687+00:00,2026-08-31T21:12:16.003+00:00,2026-08-31T21:12:16.003+00:00,2026-08-31T21:12:16.583+00:00,2026-08-31T21:12:16.584+00:00,0.228357,0.580205707999994,sqs-worker-5986dcd897-x8rdl,ip-192-168-20-201.ec2.internal,58f87579dc83f7673f49ad923a628c2c3d0cacd7084ecfdd70cb10f3f934f55b,1,15316.0,15896.0
1,keda-mmpp-707-62aa420a,000095,95.227483,2026-08-31T21:11:59.295+00:00,2026-08-31T21:11:59.356+00:00,2026-08-31T21:12:16.596+00:00,2026-08-31T21:12:16.596+00:00,2026-08-31T21:12:17.000+00:00,2026-08-31T21:12:17.000+00:00,0.172641,0.404581970999061,sqs-worker-5986dcd897-x8rdl,ip-192-168-20-201.ec2.internal,69e209af2638fd8ed45fa911c6cfc66ae45cc522992372dc247ec2d3d218a92f,1,17240.0,17644.0
1,keda-mmpp-707-62aa420a,000109,100.394769,2026-08-31T21:12:04.462+00:00,2026-08-31T21:12:04.523+00:00,2026-08-31T21:12:17.018+00:00,2026-08-31T21:12:17.018+00:00,2026-08-31T21:12:17.892+00:00,2026-08-31T21:12:17.892+00:00,0.347861,0.873945992998415,sqs-worker-5986dcd897-x8rdl,ip-192-168-20-201.ec2.internal,6ec259662cfb5d8a960807e1f29ebf2e63210978137ed4fdece7d6dc7f2936c0,1,12495.0,13369.0
1,keda-mmpp-707-62aa420a,000113,101.955979,2026-08-31T21:12:06.025+00:00,2026-08-31T21:12:06.085+00:00,2026-08-31T21:12:17.905+00:00,2026-08-31T21:12:17.905+00:00,2026-08-31T21:12:18.511+00:00,2026-08-31T21:12:18.511+00:00,0.254874,0.6063808460003202,sqs-worker-5986dcd897-x8rdl,ip-192-168-20-201.ec2.internal,8cab2a4cb9790036b46bdf0a91a9a494a6288e297169c8e0271429211d97c948,1,11820.0,12426.0
1,keda-mmpp-707-62aa420a,000100,96.637019,2026-08-31T21:12:00.705+00:00,2026-08-31T21:12:00.792+00:00,2026-08-31T21:12:18.525+00:00,2026-08-31T21:12:18.525+00:00,2026-08-31T21:12:18.599+00:00,2026-08-31T21:12:18.599+00:00,0.023541,0.07365098999980546,sqs-worker-5986dcd897-x8rdl,ip-192-168-20-201.ec2.internal,8540bfb195533dbed50bc6125e504de36dcaa6b80b877a563000e3103c491e59,1,17733.0,17807.0
1,keda-mmpp-707-62aa420a,000117,103.102746,2026-08-31T21:12:07.170+00:00,2026-08-31T21:12:07.232+00:00,2026-08-31T21:12:19.014+00:00,2026-08-31T21:12:19.014+00:00,2026-08-31T21:12:19.216+00:00,2026-08-31T21:12:19.216+00:00,0.090812,0.20242831299947284,sqs-worker-5986dcd897-x8rdl,ip-192-168-20-201.ec2.internal,923fda901b52d07530d40301f0affa2d12b7ee49c1988e4d14c104987d2e1f82,1,11782.0,11984.0
1,keda-mmpp-707-62aa420a,000097,96.010807,2026-08-31T21:12:00.078+00:00,2026-08-31T21:12:00.140+00:00,2026-08-31T21:12:18.613+00:00,2026-08-31T21:12:18.613+00:00,2026-08-31T21:12:19.001+00:00,2026-08-31T21:12:19.001+00:00,0.158069,0.3881461960008892,sqs-worker-5986dcd897-x8rdl,ip-192-168-20-201.ec2.internal,23c0b431eeefc19ce12a518da1de1e1eef95f689fc48cc40e1535be927c67d7c,1,18473.0,18861.0
1,keda-mmpp-707-62aa420a,000101,96.913065,2026-08-31T21:12:00.981+00:00,2026-08-31T21:12:01.038+00:00,2026-08-31T21:12:19.232+00:00,2026-08-31T21:12:19.232+00:00,2026-08-31T21:12:19.622+00:00,2026-08-31T21:12:19.622+00:00,0.161195,0.39017978300034883,sqs-worker-5986dcd897-x8rdl,ip-192-168-20-201.ec2.internal,d77521c42657ea1e9f295f5dc2fc0c09d058ff61d4ea0f8243031ffc1e4c4fd9,1,18194.0,18584.0
1,keda-mmpp-707-62aa420a,000129,105.229854,2026-08-31T21:12:09.298+00:00,2026-08-31T21:12:09.363+00:00,2026-08-31T21:12:19.697+00:00,2026-08-31T21:12:19.697+00:00,2026-08-31T21:12:21.594+00:00,2026-08-31T21:12:21.594+00:00,0.345501,1.8964557879990025,sqs-worker-5986dcd897-x8rdl,ip-192-168-20-201.ec2.internal,c9c62d31a0f709a9e25af17edc51018f0094ba0c6becd3def9bd669503a9d53d,1,10334.0,12231.0
1,keda-mmpp-707-62aa420a,000098,96.315306,2026-08-31T21:12:00.383+00:00,2026-08-31T21:12:00.444+00:00,2026-08-31T21:12:21.683+00:00,2026-08-31T21:12:21.683+00:00,2026-08-31T21:12:22.700+00:00,2026-08-31T21:12:22.700+00:00,0.261182,1.016385031000027,sqs-worker-5986dcd897-x8rdl,ip-192-168-20-201.ec2.internal,9f0919a1124eb76c2e37fc22ac3e084d7677322f0114e682db637e85f1063663,1,21239.0,22256.0
1,keda-mmpp-707-62aa420a,000103,97.21795,2026-08-31T21:12:01.285+00:00,2026-08-31T21:12:01.345+00:00,2026-08-31T21:12:22.713+00:00,2026-08-31T21:12:22.713+00:00,2026-08-31T21:12:23.408+00:00,2026-08-31T21:12:23.408+00:00,0.280997,0.6948061709990725,sqs-worker-5986dcd897-x8rdl,ip-192-168-20-201.ec2.internal,36ec2ce40d889c8c04692dcbfa2338a383ee839e3007a67728112f3d0dbe98d9,1,21368.0,22063.0
1,keda-mmpp-707-62aa420a,000119,103.640588,2026-08-31T21:12:07.708+00:00,2026-08-31T21:12:07.774+00:00,2026-08-31T21:12:23.425+00:00,2026-08-31T21:12:23.425+00:00,2026-08-31T21:12:23.606+00:00,2026-08-31T21:12:23.606+00:00,0.072646,0.18070605700086162,sqs-worker-5986dcd897-x8rdl,ip-192-168-20-201.ec2.internal,ff5025f986ea8f2c108a2c4611ce651851ea0ecc4d085f44af58d60b1c75f4f6,1,15651.0,15832.0
1,keda-mmpp-707-62aa420a,000112,100.889582,2026-08-31T21:12:04.957+00:00,2026-08-31T21:12:05.016+00:00,2026-08-31T21:12:23.627+00:00,2026-08-31T21:12:23.627+00:00,2026-08-31T21:12:23.637+00:00,2026-08-31T21:12:23.637+00:00,0.00991,0.010124291000465746,sqs-worker-5986dcd897-x8rdl,ip-192-168-20-201.ec2.internal,6addb657f75988709156581f4c1a2aed26f0919aa093be46c83f3bfa40510477,1,18611.0,18621.0
1,keda-mmpp-707-62aa420a,000104,98.123986,2026-08-31T21:12:02.192+00:00,2026-08-31T21:12:02.252+00:00,2026-08-31T21:12:23.689+00:00,2026-08-31T21:12:23.689+00:00,2026-08-31T21:12:23.996+00:00,2026-08-31T21:12:23.996+00:00,0.132314,0.3067789440010529,sqs-worker-5986dcd897-x8rdl,ip-192-168-20-201.ec2.internal,96f6814aa3c0d73c545f36c8a66e5c7b0acd5ac06168fdff2bc51fab792a2e89,1,21437.0,21744.0
1,keda-mmpp-707-62aa420a,000131,106.269592,2026-08-31T21:12:10.338+00:00,2026-08-31T21:12:10.424+00:00,2026-08-31T21:12:24.009+00:00,2026-08-31T21:12:24.009+00:00,2026-08-31T21:12:24.886+00:00,2026-08-31T21:12:24.886+00:00,0.344968,0.8765539060004812,sqs-worker-5986dcd897-x8rdl,ip-192-168-20-201.ec2.internal,138509165588ffd430bee042d4dd2066847013b0966dc032db57853d8938be7e,1,13585.0,14462.0
1,keda-mmpp-707-62aa420a,000123,103.964712,2026-08-31T21:12:08.032+00:00,2026-08-31T21:12:08.104+00:00,2026-08-31T21:12:24.893+00:00,2026-08-31T21:12:24.893+00:00,2026-08-31T21:12:25.117+00:00,2026-08-31T21:12:25.117+00:00,0.108671,0.22430305200032308,sqs-worker-5986dcd897-7hbzd,ip-192-168-20-201.ec2.internal,6326eb3a06ddf68c325d523118ebdad2684de663863966ff4036518474cdb0f9,1,16789.0,17013.0
1,keda-mmpp-707-62aa420a,000130,105.492822,2026-08-31T21:12:09.561+00:00,2026-08-31T21:12:09.621+00:00,2026-08-31T21:12:25.134+00:00,2026-08-31T21:12:25.134+00:00,2026-08-31T21:12:26.295+00:00,2026-08-31T21:12:26.295+00:00,0.446422,1.1608889390008699,sqs-worker-5986dcd897-7hbzd,ip-192-168-20-201.ec2.internal,890f9fe6218888c932c0c94a6e665cda262c9a020a722c0c35cd7ad5494acd5a,1,15513.0,16674.0
1,keda-mmpp-707-62aa420a,000116,102.906732,2026-08-31T21:12:06.975+00:00,2026-08-31T21:12:07.034+00:00,2026-08-31T21:12:24.934+00:00,2026-08-31T21:12:24.934+00:00,2026-08-31T21:12:26.510+00:00,2026-08-31T21:12:26.511+00:00,0.647869,1.5765477160002774,sqs-worker-5986dcd897-x8rdl,ip-192-168-20-201.ec2.internal,bf781b73fcc1f315d68c9a92b2ac935bf691bd8bd6e338d0c3d179cb89c23de7,1,17900.0,19476.0
1,keda-mmpp-707-62aa420a,000106,100.0296,2026-08-31T21:12:04.098+00:00,2026-08-31T21:12:04.159+00:00,2026-08-31T21:12:26.530+00:00,2026-08-31T21:12:26.530+00:00,2026-08-31T21:12:26.791+00:00,2026-08-31T21:12:26.791+00:00,0.099923,0.2614474549991428,sqs-worker-5986dcd897-x8rdl,ip-192-168-20-201.ec2.internal,a1f417f0029e9aef08eea31aac48052d7e66e27ddcc36785620cc250a79621ae,1,22371.0,22632.0
1,keda-mmpp-707-62aa420a,000153,111.202445,2026-08-31T21:12:15.270+00:00,2026-08-31T21:12:15.328+00:00,2026-08-31T21:12:27.128+00:00,2026-08-31T21:12:27.128+00:00,2026-08-31T21:12:27.376+00:00,2026-08-31T21:12:27.376+00:00,0.088346,0.24721202200089465,sqs-worker-5986dcd897-7hbzd,ip-192-168-20-201.ec2.internal,2030a2f9364b988decc8c8f14b2d295d2487ee76e57ae7924a5be162f6db8c3f,1,11800.0,12048.0
1,keda-mmpp-707-62aa420a,000138,108.768758,2026-08-31T21:12:12.837+00:00,2026-08-31T21:12:12.898+00:00,2026-08-31T21:12:27.402+00:00,2026-08-31T21:12:27.402+00:00,2026-08-31T21:12:27.596+00:00,2026-08-31T21:12:27.596+00:00,0.081786,0.19382582400066894,sqs-worker-5986dcd897-7hbzd,ip-192-168-20-201.ec2.internal,fdcc4587dcea1ae7b841eb384e632ac797e2eae359e015a721d77e19140f90e5,1,14504.0,14698.0
1,keda-mmpp-707-62aa420a,000139,108.845196,2026-08-31T21:12:12.913+00:00,2026-08-31T21:12:12.978+00:00,2026-08-31T21:12:27.616+00:00,2026-08-31T21:12:27.616+00:00,2026-08-31T21:12:27.922+00:00,2026-08-31T21:12:27.922+00:00,0.141063,0.3059596560015052,sqs-worker-5986dcd897-7hbzd,ip-192-168-20-201.ec2.internal,bad84add9d8f3c5385ad3299c4d70b91323809854734cb3ac2697463e300900d,1,14638.0,14944.0
1,keda-mmpp-707-62aa420a,000137,108.312355,2026-08-31T21:12:12.380+00:00,2026-08-31T21:12:12.438+00:00,2026-08-31T21:12:26.309+00:00,2026-08-31T21:12:26.309+00:00,2026-08-31T21:12:27.115+00:00,2026-08-31T21:12:27.115+00:00,0.34125,0.8057969920009782,sqs-worker-5986dcd897-7hbzd,ip-192-168-20-201.ec2.internal,dd4c1e8bb807a25f2b9338d598bc2cadd6cecc92ed1284d07434bb871724efb0,1,13871.0,14677.0
1,keda-mmpp-707-62aa420a,000147,109.885832,2026-08-31T21:12:13.953+00:00,2026-08-31T21:12:14.013+00:00,2026-08-31T21:12:26.809+00:00,2026-08-31T21:12:26.809+00:00,2026-08-31T21:12:28.116+00:00,2026-08-31T21:12:28.116+00:00,0.538304,1.3060950379986025,sqs-worker-5986dcd897-x8rdl,ip-192-168-20-201.ec2.internal,99a8ea17fe4f06a7abd1a4cb8b1fda06a6deacbea31d73f9f24d85e3d7d7739f,1,12796.0,14103.0
1,keda-mmpp-707-62aa420a,000150,110.79464,2026-08-31T21:12:14.862+00:00,2026-08-31T21:12:14.922+00:00,2026-08-31T21:12:28.131+00:00,2026-08-31T21:12:28.131+00:00,2026-08-31T21:12:28.994+00:00,2026-08-31T21:12:28.994+00:00,0.333078,0.8630556429998251,sqs-worker-5986dcd897-x8rdl,ip-192-168-20-201.ec2.internal,69e2189b2c3fd48d1b4675bfdfb596dec517c7cab69a3c04a677b1b55b5494a0,1,13209.0,14072.0
1,keda-mmpp-707-62aa420a,000142,109.262655,2026-08-31T21:12:13.330+00:00,2026-08-31T21:12:13.392+00:00,2026-08-31T21:12:29.009+00:00,2026-08-31T21:12:29.009+00:00,2026-08-31T21:12:29.595+00:00,2026-08-31T21:12:29.595+00:00,0.234691,0.5856091719997494,sqs-worker-5986dcd897-x8rdl,ip-192-168-20-201.ec2.internal,09042c4b1f9095e1477edce70dac520966d8a025e208016391d3a1f32bbc93ed,1,15617.0,16203.0
1,keda-mmpp-707-62aa420a,000149,110.375034,2026-08-31T21:12:14.443+00:00,2026-08-31T21:12:14.503+00:00,2026-08-31T21:12:27.991+00:00,2026-08-31T21:12:27.991+00:00,2026-08-31T21:12:29.792+00:00,2026-08-31T21:12:29.792+00:00,0.72839,1.801212084999861,sqs-worker-5986dcd897-7hbzd,ip-192-168-20-201.ec2.internal,93c2be849810a8c0a7177d3ae1a0316798085c89896277d9144ee06f5381b304,1,13488.0,15289.0
1,keda-mmpp-707-62aa420a,000110,100.454323,2026-08-31T21:12:04.522+00:00,2026-08-31T21:12:04.589+00:00,2026-08-31T21:12:29.806+00:00,2026-08-31T21:12:29.806+00:00,2026-08-31T21:12:30.318+00:00,2026-08-31T21:12:30.319+00:00,0.219203,0.5120555590001459,sqs-worker-5986dcd897-7hbzd,ip-192-168-20-201.ec2.internal,e17b3afa5816599de0459f0529e37d1f18ed7ff384978aa234a02ed02808a025,1,25217.0,25729.0
1,keda-mmpp-707-62aa420a,000162,114.250693,2026-08-31T21:12:18.318+00:00,2026-08-31T21:12:18.378+00:00,2026-08-31T21:12:30.366+00:00,2026-08-31T21:12:30.366+00:00,2026-08-31T21:12:30.421+00:00,2026-08-31T21:12:30.421+00:00,0.022862,0.05430448000151955,sqs-worker-5986dcd897-7hbzd,ip-192-168-20-201.ec2.internal,5b1e57d57232dfb5b1aca3c8852c3766483b153ba6fbb5d8bdd626b20a010c00,1,11988.0,12043.0
1,keda-mmpp-707-62aa420a,000140,109.057184,2026-08-31T21:12:13.125+00:00,2026-08-31T21:12:13.185+00:00,2026-08-31T21:12:30.436+00:00,2026-08-31T21:12:30.436+00:00,2026-08-31T21:12:30.815+00:00,2026-08-31T21:12:30.815+00:00,0.158706,0.3792911020009342,sqs-worker-5986dcd897-7hbzd,ip-192-168-20-201.ec2.internal,ab42fa96ceef3eda8cdb960638ea46713ce4ddb5a7a9f8fc42420dff0df9ead1,1,17251.0,17630.0
1,keda-mmpp-707-62aa420a,000154,111.539892,2026-08-31T21:12:15.608+00:00,2026-08-31T21:12:15.666+00:00,2026-08-31T21:12:29.610+00:00,2026-08-31T21:12:29.610+00:00,2026-08-31T21:12:30.881+00:00,2026-08-31T21:12:30.881+00:00,0.275072,1.2707622810012253,sqs-worker-5986dcd897-x8rdl,ip-192-168-20-201.ec2.internal,ec60c7a5049876b5d9e3b935d3ebf53310a49789bb030bf1c26ca6bbc088b214,1,13944.0,15215.0
1,keda-mmpp-707-62aa420a,000114,101.996973,2026-08-31T21:12:06.065+00:00,2026-08-31T21:12:06.124+00:00,2026-08-31T21:12:30.829+00:00,2026-08-31T21:12:30.829+00:00,2026-08-31T21:12:31.018+00:00,2026-08-31T21:12:31.018+00:00,0.069977,0.18939286400018318,sqs-worker-5986dcd897-7hbzd,ip-192-168-20-201.ec2.internal,16edf768051abaef7abfe2fa735e66b9393c542bf18619ed765768ca8aaec90d,1,24705.0,24894.0
1,keda-mmpp-707-62aa420a,000151,110.889663,2026-08-31T21:12:14.957+00:00,2026-08-31T21:12:15.017+00:00,2026-08-31T21:12:31.033+00:00,2026-08-31T21:12:31.033+00:00,2026-08-31T21:12:31.410+00:00,2026-08-31T21:12:31.410+00:00,0.152484,0.37674501500077895,sqs-worker-5986dcd897-7hbzd,ip-192-168-20-201.ec2.internal,da9958395958fa45f73f429e71f10f7a2c5ed5793f73d0ef4234cadac07fbc6d,1,16015.999999999998,16393.0
1,keda-mmpp-707-62aa420a,000122,103.954173,2026-08-31T21:12:08.022+00:00,2026-08-31T21:12:08.084+00:00,2026-08-31T21:12:31.425+00:00,2026-08-31T21:12:31.425+00:00,2026-08-31T21:12:32.074+00:00,2026-08-31T21:12:32.074+00:00,0.259679,0.649714250001125,sqs-worker-5986dcd897-7hbzd,ip-192-168-20-201.ec2.internal,799111c5af301b4c79df4bf9a074c7d22fc718aac90b735265b7b06dd9fa15a0,1,23341.0,23990.0
1,keda-mmpp-707-62aa420a,000111,100.668631,2026-08-31T21:12:04.736+00:00,2026-08-31T21:12:04.796+00:00,2026-08-31T21:12:30.921+00:00,2026-08-31T21:12:30.921+00:00,2026-08-31T21:12:32.204+00:00,2026-08-31T21:12:32.204+00:00,0.240442,1.2829573130002245,sqs-worker-5986dcd897-x8rdl,ip-192-168-20-201.ec2.internal,1707273f804b31a254ae04dfef659024b7b0eb23b9031b9ec943bd0dc83e7069,1,26125.0,27408.0
1,keda-mmpp-707-62aa420a,000141,109.05828,2026-08-31T21:12:13.127+00:00,2026-08-31T21:12:13.186+00:00,2026-08-31T21:12:32.132+00:00,2026-08-31T21:12:32.132+00:00,2026-08-31T21:12:32.616+00:00,2026-08-31T21:12:32.616+00:00,0.226813,0.48450377600056527,sqs-worker-5986dcd897-7hbzd,ip-192-168-20-201.ec2.internal,9023113f3824bfb0b92d69efd8909503d42d4467999f5dd51efdace6ebd605ac,1,18946.0,19430.0
1,keda-mmpp-707-62aa420a,000126,104.934838,2026-08-31T21:12:09.003+00:00,2026-08-31T21:12:09.065+00:00,2026-08-31T21:12:33.208+00:00,2026-08-31T21:12:33.208+00:00,2026-08-31T21:12:33.213+00:00,2026-08-31T21:12:33.213+00:00,0.005,0.0052304040000308305,sqs-worker-5986dcd897-7hbzd,ip-192-168-20-201.ec2.internal,2376e68711534c50c5ef2fc3ec1564fdf47d103957eca46b4a512b85e4b096cb,1,24143.0,24148.0
1,keda-mmpp-707-62aa420a,000145,109.687189,2026-08-31T21:12:13.755+00:00,2026-08-31T21:12:13.815+00:00,2026-08-31T21:12:32.631+00:00,2026-08-31T21:12:32.631+00:00,2026-08-31T21:12:33.194+00:00,2026-08-31T21:12:33.194+00:00,0.211551,0.5627224480012956,sqs-worker-5986dcd897-7hbzd,ip-192-168-20-201.ec2.internal,5e3130cf575132b8a5ceb9b73e7cc4d11bd6a7d28cbfc79d21fc2a82fa3d25a9,1,18816.0,19379.0
1,keda-mmpp-707-62aa420a,000125,104.750336,2026-08-31T21:12:08.818+00:00,2026-08-31T21:12:08.881+00:00,2026-08-31T21:12:32.285+00:00,2026-08-31T21:12:32.285+00:00,2026-08-31T21:12:33.398+00:00,2026-08-31T21:12:33.398+00:00,0.304171,1.1129054960001667,sqs-worker-5986dcd897-x8rdl,ip-192-168-20-201.ec2.internal,75bd668cf6a0f6c556e9048a4f4ee58d88fbf3af5aa2be1d0c20140c6e47a3b3,1,23404.0,24517.0
1,keda-mmpp-707-62aa420a,000143,109.308522,2026-08-31T21:12:13.376+00:00,2026-08-31T21:12:13.436+00:00,2026-08-31T21:12:33.227+00:00,2026-08-31T21:12:33.227+00:00,2026-08-31T21:12:33.817+00:00,2026-08-31T21:12:33.817+00:00,0.256162,0.5902554439999221,sqs-worker-5986dcd897-7hbzd,ip-192-168-20-201.ec2.internal,8f7f9b3a7b3cff769377fcc9b247e3755d46dbe5008cfd4f05c09a0e34f69d3b,1,19791.0,20381.0
1,keda-mmpp-707-62aa420a,000128,104.992877,2026-08-31T21:12:09.061+00:00,2026-08-31T21:12:09.122+00:00,2026-08-31T21:12:34.005+00:00,2026-08-31T21:12:34.005+00:00,2026-08-31T21:12:34.091+00:00,2026-08-31T21:12:34.091+00:00,0.044508,0.08607119699991017,sqs-worker-5986dcd897-7hbzd,ip-192-168-20-201.ec2.internal,6157d668a51ed598760320f5f1a33bb2be9a42f18f1d572c6927a3f7104b01c2,1,24883.0,24969.0
1,keda-mmpp-707-62aa420a,000157,112.638895,2026-08-31T21:12:16.706+00:00,2026-08-31T21:12:16.767+00:00,2026-08-31T21:12:33.889+00:00,2026-08-31T21:12:33.889+00:00,2026-08-31T21:12:33.992+00:00,2026-08-31T21:12:33.992+00:00,0.042692,0.10293282699967676,sqs-worker-5986dcd897-7hbzd,ip-192-168-20-201.ec2.internal,ef5ddea39a50ad32c681db3a59291ac5a798d7459e708131822b65fbbbf8b4e9,1,17122.0,17225.0
1,keda-mmpp-707-62aa420a,000146,109.84913,2026-08-31T21:12:13.917+00:00,2026-08-31T21:12:13.977+00:00,2026-08-31T21:12:34.105+00:00,2026-08-31T21:12:34.105+00:00,2026-08-31T21:12:34.122+00:00,2026-08-31T21:12:34.122+00:00,0.01577,0.017157119000330567,sqs-worker-5986dcd897-7hbzd,ip-192-168-20-201.ec2.internal,df33c65238c81b5f9a922aa630687b7ca12aac4f908a7da52ac6acd874a99b09,1,20128.0,20145.0
1,keda-mmpp-707-62aa420a,000159,113.248068,2026-08-31T21:12:17.316+00:00,2026-08-31T21:12:17.375+00:00,2026-08-31T21:12:34.136+00:00,2026-08-31T21:12:34.136+00:00,2026-08-31T21:12:34.600+00:00,2026-08-31T21:12:34.600+00:00,0.156953,0.46420354200017755,sqs-worker-5986dcd897-7hbzd,ip-192-168-20-201.ec2.internal,5bb40aa52e17c05b89e53a6460ed24531eb07fabc8ea0db346147a267407cd86,1,16761.0,17225.0
1,keda-mmpp-707-62aa420a,000127,104.979658,2026-08-31T21:12:09.047+00:00,2026-08-31T21:12:09.106+00:00,2026-08-31T21:12:34.506+00:00,2026-08-31T21:12:34.506+00:00,2026-08-31T21:12:34.827+00:00,2026-08-31T21:12:34.827+00:00,0.143038,0.3205045089998748,sqs-worker-5986dcd897-x8rdl,ip-192-168-20-201.ec2.internal,e770244db39ebfa71ca4d375bfca81d6333b4280853d48979912fac485f3d93f,1,25400.0,25721.0
1,keda-mmpp-707-62aa420a,000121,103.952465,2026-08-31T21:12:08.020+00:00,2026-08-31T21:12:08.081+00:00,2026-08-31T21:12:33.414+00:00,2026-08-31T21:12:33.414+00:00,2026-08-31T21:12:33.799+00:00,2026-08-31T21:12:33.799+00:00,0.155541,0.38527390399940487,sqs-worker-5986dcd897-x8rdl,ip-192-168-20-201.ec2.internal,fdaafd28b2ad9ee052b6005de2e3d5e6b4e638a9c8a093dd357127b1ef7c92c5,1,25333.0,25718.0
1,keda-mmpp-707-62aa420a,000165,115.300153,2026-08-31T21:12:19.368+00:00,2026-08-31T21:12:19.431+00:00,2026-08-31T21:12:34.842+00:00,2026-08-31T21:12:34.842+00:00,2026-08-31T21:12:34.998+00:00,2026-08-31T21:12:34.998+00:00,0.052705,0.15629500900104176,sqs-worker-5986dcd897-x8rdl,ip-192-168-20-201.ec2.internal,57970e462f4dde589c0816eb6684da4df505f0162561653405d7e8a7b3cd3806,1,15411.0,15567.0
1,keda-mmpp-707-62aa420a,000132,106.622756,2026-08-31T21:12:10.691+00:00,2026-08-31T21:12:10.749+00:00,2026-08-31T21:12:35.445+00:00,2026-08-31T21:12:35.445+00:00,2026-08-31T21:12:35.931+00:00,2026-08-31T21:12:35.931+00:00,0.203093,0.4859958720007853,sqs-worker-5986dcd897-x8rdl,ip-192-168-20-201.ec2.internal,03666c1c8087ae7760db73ba632f1aa94f3a5cd1b9910520df1c0d5d0a549a94,1,24696.0,25182.0
1,keda-mmpp-707-62aa420a,000124,103.972408,2026-08-31T21:12:08.040+00:00,2026-08-31T21:12:08.098+00:00,2026-08-31T21:12:33.813+00:00,2026-08-31T21:12:33.813+00:00,2026-08-31T21:12:34.487+00:00,2026-08-31T21:12:34.487+00:00,0.263644,0.6743605449992174,sqs-worker-5986dcd897-x8rdl,ip-192-168-20-201.ec2.internal,cb2f8b431b513d0e83ddd7fb8445141c9be2041086839723b1ba943828773976,1,25715.0,26389.0
1,keda-mmpp-707-62aa420a,000161,113.93921,2026-08-31T21:12:18.007+00:00,2026-08-31T21:12:18.068+00:00,2026-08-31T21:12:35.016+00:00,2026-08-31T21:12:35.016+00:00,2026-08-31T21:12:35.424+00:00,2026-08-31T21:12:35.424+00:00,0.173955,0.40762891200029117,sqs-worker-5986dcd897-x8rdl,ip-192-168-20-201.ec2.internal,422da69892d2e251235aea4c85463b9046a8fe7ece1e0abbb5f18cb608b47697,1,16948.0,17356.0
1,keda-mmpp-707-62aa420a,000166,115.557376,2026-08-31T21:12:19.625+00:00,2026-08-31T21:12:19.689+00:00,2026-08-31T21:12:36.002+00:00,2026-08-31T21:12:36.002+00:00,2026-08-31T21:12:36.991+00:00,2026-08-31T21:12:36.991+00:00,0.404801,0.9888772659996903,sqs-worker-5986dcd897-x8rdl,ip-192-168-20-201.ec2.internal,6175404fb5b258a4e7481c61315d19a98eb9637a5bb5c579362b189529ec6ffb,1,16312.999999999998,17302.0
1,keda-mmpp-707-62aa420a,000160,113.638348,2026-08-31T21:12:17.706+00:00,2026-08-31T21:12:17.765+00:00,2026-08-31T21:12:37.017+00:00,2026-08-31T21:12:37.017+00:00,2026-08-31T21:12:37.414+00:00,2026-08-31T21:12:37.414+00:00,0.165471,0.3972152210008062,sqs-worker-5986dcd897-x8rdl,ip-192-168-20-201.ec2.internal,339356eb79a13f698f0c1aacd7382c70c475b36bbd6f5e6a8923c43c0a09b7b4,1,19252.0,19649.0
1,keda-mmpp-707-62aa420a,000148,110.34631,2026-08-31T21:12:14.414+00:00,2026-08-31T21:12:14.473+00:00,2026-08-31T21:12:37.429+00:00,2026-08-31T21:12:37.429+00:00,2026-08-31T21:12:37.609+00:00,2026-08-31T21:12:37.609+00:00,0.080712,0.18048770899986266,sqs-worker-5986dcd897-x8rdl,ip-192-168-20-201.ec2.internal,e9e8b560a4b4369bf3a4a4ac4284f12522cd5c2c9ec1b9a297cc85b5e294744d,1,22956.0,23136.0
1,keda-mmpp-707-62aa420a,000134,107.830712,2026-08-31T21:12:11.899+00:00,2026-08-31T21:12:11.960+00:00,2026-08-31T21:12:34.696+00:00,2026-08-31T21:12:34.696+00:00,2026-08-31T21:12:37.774+00:00,2026-08-31T21:12:37.774+00:00,0.598927,3.0775776190002944,sqs-worker-5986dcd897-7hbzd,ip-192-168-20-201.ec2.internal,4c0658cb844140db2724efcc9cd1449dcc92fdb8219d34c611c68e7745f69469,1,22736.0,25814.0
1,keda-mmpp-707-62aa420a,000172,116.416439,2026-08-31T21:12:20.484+00:00,2026-08-31T21:12:20.543+00:00,2026-08-31T21:12:38.240+00:00,2026-08-31T21:12:38.240+00:00,2026-08-31T21:12:38.429+00:00,2026-08-31T21:12:38.429+00:00,0.070022,0.18935011199937435,sqs-worker-5986dcd897-7hbzd,ip-192-168-20-201.ec2.internal,744cea6b8e9e015bb1db98c00e2744166d591d78caae82105391def839b3a426,1,17697.0,17886.0
1,keda-mmpp-707-62aa420a,000163,114.97754,2026-08-31T21:12:19.046+00:00,2026-08-31T21:12:19.110+00:00,2026-08-31T21:12:37.798+00:00,2026-08-31T21:12:37.798+00:00,2026-08-31T21:12:38.227+00:00,2026-08-31T21:12:38.227+00:00,0.184916,0.42889393599944015,sqs-worker-5986dcd897-7hbzd,ip-192-168-20-201.ec2.internal,94a82031de9de486301c6471c605023821004729f844e3e9ce638967619a59d2,1,18688.0,19117.0
1,keda-mmpp-707-62aa420a,000174,117.058627,2026-08-31T21:12:21.125+00:00,2026-08-31T21:12:21.186+00:00,2026-08-31T21:12:38.454+00:00,2026-08-31T21:12:38.455+00:00,2026-08-31T21:12:38.778+00:00,2026-08-31T21:12:38.779+00:00,0.132006,0.3240387120004016,sqs-worker-5986dcd897-7hbzd,ip-192-168-20-201.ec2.internal,617366e7854b57ea3445b9b48ad7d5298aa45e627f8ef642a7bd5dd579f852ed,1,17268.0,17592.0
1,keda-mmpp-707-62aa420a,000155,111.713369,2026-08-31T21:12:15.781+00:00,2026-08-31T21:12:15.840+00:00,2026-08-31T21:12:37.627+00:00,2026-08-31T21:12:37.627+00:00,2026-08-31T21:12:38.991+00:00,2026-08-31T21:12:38.991+00:00,0.537857,1.3637880539990874,sqs-worker-5986dcd897-x8rdl,ip-192-168-20-201.ec2.internal,b928dbaec663858084e4916c893d97a1b7c3b11d43fe1ec89c493d5e17cd3ffe,1,21787.0,23151.0
1,keda-mmpp-707-62aa420a,000176,117.158732,2026-08-31T21:12:21.225+00:00,2026-08-31T21:12:21.311+00:00,2026-08-31T21:12:38.804+00:00,2026-08-31T21:12:38.804+00:00,2026-08-31T21:12:38.879+00:00,2026-08-31T21:12:38.879+00:00,0.038484,0.07488051499967696,sqs-worker-5986dcd897-7hbzd,ip-192-168-20-201.ec2.internal,a780ade151deb9cd348825b0a5736ccc6df9717e88f68231f628fb061ec4686e,1,17493.0,17568.0
1,keda-mmpp-707-62aa420a,000182,120.789038,2026-08-31T21:12:24.856+00:00,2026-08-31T21:12:24.919+00:00,2026-08-31T21:12:39.589+00:00,2026-08-31T21:12:39.589+00:00,2026-08-31T21:12:39.608+00:00,2026-08-31T21:12:39.608+00:00,0.00823,0.018300129999261117,sqs-worker-5986dcd897-7hbzd,ip-192-168-20-201.ec2.internal,b2b37aab491a9060a8dc274087694bc18033ac94244f7821dd95195bf39568ff,1,14670.0,14689.0
1,keda-mmpp-707-62aa420a,000133,106.943289,2026-08-31T21:12:11.011+00:00,2026-08-31T21:12:11.070+00:00,2026-08-31T21:12:39.623+00:00,2026-08-31T21:12:39.623+00:00,2026-08-31T21:12:40.104+00:00,2026-08-31T21:12:40.104+00:00,0.206859,0.4806756289999612,sqs-worker-5986dcd897-7hbzd,ip-192-168-20-201.ec2.internal,5bf98fd8d07418baa7fd10ed334eba7fe86db144f88a9f1e3a7983b60c0ca7f4,1,28553.0,29034.0
1,keda-mmpp-707-62aa420a,000168,115.799588,2026-08-31T21:12:19.867+00:00,2026-08-31T21:12:19.927+00:00,2026-08-31T21:12:39.018+00:00,2026-08-31T21:12:39.018+00:00,2026-08-31T21:12:39.538+00:00,2026-08-31T21:12:39.538+00:00,0.213479,0.5193244550009695,sqs-worker-5986dcd897-x8rdl,ip-192-168-20-201.ec2.internal,b0072128da42958d0d33364db3f824c7aa0a25ce049794f0df5352e1860dd5d7,1,19091.0,19611.0
1,keda-mmpp-707-62aa420a,000177,117.379015,2026-08-31T21:12:21.446+00:00,2026-08-31T21:12:21.505+00:00,2026-08-31T21:12:39.553+00:00,2026-08-31T21:12:39.553+00:00,2026-08-31T21:12:40.686+00:00,2026-08-31T21:12:40.686+00:00,0.254971,1.1331248890001007,sqs-worker-5986dcd897-x8rdl,ip-192-168-20-201.ec2.internal,928b4dd5aa36d3268a55e89fe5872042e9aba15240629184317803be30ccd5dd,1,18048.0,19181.0
1,keda-mmpp-707-62aa420a,000169,115.988734,2026-08-31T21:12:20.056+00:00,2026-08-31T21:12:20.114+00:00,2026-08-31T21:12:41.039+00:00,2026-08-31T21:12:41.039+00:00,2026-08-31T21:12:41.319+00:00,2026-08-31T21:12:41.319+00:00,0.111073,0.28064635900045687,sqs-worker-5986dcd897-h69jz,ip-192-168-20-201.ec2.internal,aecc9adf0bd4c119f9eb51b9f7190c8081a88451a52b82fea60bf4ec97c57e45,1,20925.0,21205.0
1,keda-mmpp-707-62aa420a,000179,117.537616,2026-08-31T21:12:21.604+00:00,2026-08-31T21:12:21.667+00:00,2026-08-31T21:12:40.132+00:00,2026-08-31T21:12:40.132+00:00,2026-08-31T21:12:41.122+00:00,2026-08-31T21:12:41.122+00:00,0.390976,0.9898830210004235,sqs-worker-5986dcd897-7hbzd,ip-192-168-20-201.ec2.internal,73579110a8e65cb4f03aec5ef2e03aadb664fdb5ab7cbb6eca54b47b1a20b152,1,18465.0,19455.0
1,keda-mmpp-707-62aa420a,000190,122.23853,2026-08-31T21:12:26.305+00:00,2026-08-31T21:12:26.364+00:00,2026-08-31T21:12:41.220+00:00,2026-08-31T21:12:41.220+00:00,2026-08-31T21:12:41.579+00:00,2026-08-31T21:12:41.579+00:00,0.143108,0.35852704900025856,sqs-worker-5986dcd897-7hbzd,ip-192-168-20-201.ec2.internal,e64555eb0c7c3da951f07a72c241d8a4ac224a5144eaab7534dfe3695ffd9cac,1,14856.0,15215.0
1,keda-mmpp-707-62aa420a,000195,123.665794,2026-08-31T21:12:27.733+00:00,2026-08-31T21:12:27.801+00:00,2026-08-31T21:12:41.347+00:00,2026-08-31T21:12:41.347+00:00,2026-08-31T21:12:41.729+00:00,2026-08-31T21:12:41.729+00:00,0.160591,0.38145780000013474,sqs-worker-5986dcd897-h69jz,ip-192-168-20-201.ec2.internal,85ac3ce48f0559f8a76f4dfc70a1e2457d9851043050df69b99a03669f16d20e,1,13546.0,13928.0
1,keda-mmpp-707-62aa420a,000183,121.283018,2026-08-31T21:12:25.350+00:00,2026-08-31T21:12:25.410+00:00,2026-08-31T21:12:40.252+00:00,2026-08-31T21:12:40.252+00:00,2026-08-31T21:12:42.363+00:00,2026-08-31T21:12:42.363+00:00,0.419039,2.110934937998536,sqs-worker-5986dcd897-2qp8n,ip-192-168-20-201.ec2.internal,b16919cc2b4cd68ab70fff18ceb9371285a60a5b5877637924e6d493d2f853af,1,14842.0,16953.0
1,keda-mmpp-707-62aa420a,000192,123.179973,2026-08-31T21:12:27.247+00:00,2026-08-31T21:12:27.307+00:00,2026-08-31T21:12:42.239+00:00,2026-08-31T21:12:42.239+00:00,2026-08-31T21:12:42.469+00:00,2026-08-31T21:12:42.469+00:00,0.096356,0.23026924800069537,sqs-worker-5986dcd897-h69jz,ip-192-168-20-201.ec2.internal,5fc46cc5f02b34d8f3f7588bbc3b7aec780656dbd6c38c0c2260315ab26836f0,1,14932.0,15162.0
1,keda-mmpp-707-62aa420a,000207,130.402811,2026-08-31T21:12:34.469+00:00,2026-08-31T21:12:34.529+00:00,2026-08-31T21:12:42.046+00:00,2026-08-31T21:12:42.046+00:00,2026-08-31T21:12:42.583+00:00,2026-08-31T21:12:42.583+00:00,0.21964,0.5373198589986714,sqs-worker-5986dcd897-7hbzd,ip-192-168-20-201.ec2.internal,574e857a84e71280519bd0af81c89a37b5ef51499d974327821af1dad01fbd65,1,7517.0,8054.0
1,keda-mmpp-707-62aa420a,000191,122.870254,2026-08-31T21:12:26.937+00:00,2026-08-31T21:12:26.995+00:00,2026-08-31T21:12:38.954+00:00,2026-08-31T21:12:38.954+00:00,2026-08-31T21:12:39.326+00:00,2026-08-31T21:12:39.326+00:00,0.173759,0.3718412369998987,sqs-worker-5986dcd897-7hbzd,ip-192-168-20-201.ec2.internal,41c29403aa28401d60ad80c06e7d75a33a316ef4856970e49588d06d4ceb35b5,1,11959.0,12331.0
1,keda-mmpp-707-62aa420a,000156,111.848755,2026-08-31T21:12:15.917+00:00,2026-08-31T21:12:15.977+00:00,2026-08-31T21:12:39.406+00:00,2026-08-31T21:12:39.406+00:00,2026-08-31T21:12:39.573+00:00,2026-08-31T21:12:39.573+00:00,0.072294,0.16642794300059904,sqs-worker-5986dcd897-7hbzd,ip-192-168-20-201.ec2.internal,ece1fac6356c98780d1922ddf3c6346c3d247c6928972f673cdcc7afec2bbcb1,1,23429.0,23596.0
1,keda-mmpp-707-62aa420a,000175,117.100967,2026-08-31T21:12:21.168+00:00,2026-08-31T21:12:21.227+00:00,2026-08-31T21:12:40.243+00:00,2026-08-31T21:12:40.243+00:00,2026-08-31T21:12:40.438+00:00,2026-08-31T21:12:40.438+00:00,0.093483,0.19493816000067454,sqs-worker-5986dcd897-h69jz,ip-192-168-20-201.ec2.internal,638b923c82035be1d02a0084a09f483a5a8f29763e3ca83451099a4fc91c48ac,1,19016.0,19211.0
1,keda-mmpp-707-62aa420a,000198,124.1643,2026-08-31T21:12:28.231+00:00,2026-08-31T21:12:28.292+00:00,2026-08-31T21:12:40.457+00:00,2026-08-31T21:12:40.457+00:00,2026-08-31T21:12:41.013+00:00,2026-08-31T21:12:41.013+00:00,0.234585,0.5563025620012922,sqs-worker-5986dcd897-h69jz,ip-192-168-20-201.ec2.internal,0307583f0a317923dc8f1ab3f3a1f17051ddd59e27cc6627d1b5001e4d89480e,1,12165.0,12721.0
1,keda-mmpp-707-62aa420a,000184,121.316519,2026-08-31T21:12:25.383+00:00,2026-08-31T21:12:25.443+00:00,2026-08-31T21:12:41.139+00:00,2026-08-31T21:12:41.139+00:00,2026-08-31T21:12:41.195+00:00,2026-08-31T21:12:41.195+00:00,0.030266,0.05545762899964757,sqs-worker-5986dcd897-7hbzd,ip-192-168-20-201.ec2.internal,f29367347081cc3facfcc789c6424d19c6e79060227086d6949535ea84acf862,1,15696.0,15752.0
1,keda-mmpp-707-62aa420a,000210,137.347519,2026-08-31T21:12:41.417+00:00,2026-08-31T21:12:41.473+00:00,2026-08-31T21:12:41.607+00:00,2026-08-31T21:12:41.607+00:00,2026-08-31T21:12:42.031+00:00,2026-08-31T21:12:42.031+00:00,0.176469,0.42449992099864176,sqs-worker-5986dcd897-7hbzd,ip-192-168-20-201.ec2.internal,27e0f13cc84d1e6b83a5e9ea5310c73cf1f6aae7dfa6fcb5b0273161a9316d3b,1,134.0,558.0
1,keda-mmpp-707-62aa420a,000135,107.994246,2026-08-31T21:12:12.062+00:00,2026-08-31T21:12:12.124+00:00,2026-08-31T21:12:41.743+00:00,2026-08-31T21:12:41.743+00:00,2026-08-31T21:12:42.223+00:00,2026-08-31T21:12:42.223+00:00,0.184551,0.47988395799984573,sqs-worker-5986dcd897-h69jz,ip-192-168-20-201.ec2.internal,35aabe001ce092055bc053f349a27fcbbd2031bdd76a75ebdb003e3fcc89a4e9,1,29619.0,30099.0
1,keda-mmpp-707-62aa420a,000173,116.772491,2026-08-31T21:12:20.840+00:00,2026-08-31T21:12:20.900+00:00,2026-08-31T21:12:42.514+00:00,2026-08-31T21:12:42.514+00:00,2026-08-31T21:12:43.068+00:00,2026-08-31T21:12:43.068+00:00,0.232559,0.5538261110013991,sqs-worker-5986dcd897-h69jz,ip-192-168-20-201.ec2.internal,d99ccb943c839298d7932ae61882f42646b8f32938fea1ff78abb0a76e128541,1,21614.0,22168.0
1,keda-mmpp-707-62aa420a,000164,115.047678,2026-08-31T21:12:19.115+00:00,2026-08-31T21:12:19.174+00:00,2026-08-31T21:12:40.703+00:00,2026-08-31T21:12:40.703+00:00,2026-08-31T21:12:43.292+00:00,2026-08-31T21:12:43.292+00:00,0.536283,2.5890171070004726,sqs-worker-5986dcd897-x8rdl,ip-192-168-20-201.ec2.internal,4c47e5f19ec2b7eafdc88475f083de9880ab08734cdc39d8140ec215dff34090,1,21529.0,24118.0
1,keda-mmpp-707-62aa420a,000144,109.364737,2026-08-31T21:12:13.432+00:00,2026-08-31T21:12:13.493+00:00,2026-08-31T21:12:43.316+00:00,2026-08-31T21:12:43.316+00:00,2026-08-31T21:12:43.531+00:00,2026-08-31T21:12:43.531+00:00,0.100671,0.21522610300053202,sqs-worker-5986dcd897-x8rdl,ip-192-168-20-201.ec2.internal,e5fb4f37ceb900ccde9bd41b8ea5e2331ab03cf09c57b3448766eaea7d899e7b,1,29823.0,30038.0
1,keda-mmpp-707-62aa420a,000185,121.461983,2026-08-31T21:12:25.529+00:00,2026-08-31T21:12:25.588+00:00,2026-08-31T21:12:43.849+00:00,2026-08-31T21:12:43.849+00:00,2026-08-31T21:12:45.162+00:00,2026-08-31T21:12:45.162+00:00,0.524699,1.31269443400015,sqs-worker-5986dcd897-h69jz,ip-192-168-20-201.ec2.internal,44032c5ba155d26320d372596371d877ab195a2489c2bd97f0200a7fe82a156e,1,18261.0,19574.0
1,keda-mmpp-707-62aa420a,000200,124.546288,2026-08-31T21:12:28.613+00:00,2026-08-31T21:12:28.673+00:00,2026-08-31T21:12:42.612+00:00,2026-08-31T21:12:42.612+00:00,2026-08-31T21:12:43.946+00:00,2026-08-31T21:12:43.946+00:00,0.538629,1.3339417779989162,sqs-worker-5986dcd897-7hbzd,ip-192-168-20-201.ec2.internal,a2ef2e3f1a04e7eeef6be65e301ed8e533f682896f602f563df35ec5f0a9fe3f,1,13939.0,15273.0
1,keda-mmpp-707-62aa420a,000193,123.355195,2026-08-31T21:12:27.422+00:00,2026-08-31T21:12:27.479+00:00,2026-08-31T21:12:43.546+00:00,2026-08-31T21:12:43.546+00:00,2026-08-31T21:12:44.295+00:00,2026-08-31T21:12:44.295+00:00,0.287504,0.7494098749994009,sqs-worker-5986dcd897-x8rdl,ip-192-168-20-201.ec2.internal,75c8cbca887274a9872eb2bab11c0e2c29e33b3c20d5ae7b788c096506ed9156,1,16067.0,16816.0
1,keda-mmpp-707-62aa420a,000204,125.334329,2026-08-31T21:12:29.401+00:00,2026-08-31T21:12:29.461+00:00,2026-08-31T21:12:44.138+00:00,2026-08-31T21:12:44.138+00:00,2026-08-31T21:12:45.175+00:00,2026-08-31T21:12:45.175+00:00,0.281557,1.0368144410003879,sqs-worker-5986dcd897-7hbzd,ip-192-168-20-201.ec2.internal,0cf408b37737f1d95afbd346aff67581e92b9380575560a5dcc2e22a977b2e26,1,14677.0,15714.0
1,keda-mmpp-707-62aa420a,000201,124.620733,2026-08-31T21:12:28.687+00:00,2026-08-31T21:12:28.745+00:00,2026-08-31T21:12:43.116+00:00,2026-08-31T21:12:43.116+00:00,2026-08-31T21:12:43.833+00:00,2026-08-31T21:12:43.833+00:00,0.297997,0.7167492819990002,sqs-worker-5986dcd897-h69jz,ip-192-168-20-201.ec2.internal,db04cddd26852f1a03f3b4c70da255f784ca50c6d84c97654162e5fcf04e8a97,1,14371.0,15088.0
1,keda-mmpp-707-62aa420a,000136,108.029713,2026-08-31T21:12:12.097+00:00,2026-08-31T21:12:12.159+00:00,2026-08-31T21:12:42.457+00:00,2026-08-31T21:12:42.457+00:00,2026-08-31T21:12:45.053+00:00,2026-08-31T21:12:45.053+00:00,0.481047,2.596106121000048,sqs-worker-5986dcd897-2qp8n,ip-192-168-20-201.ec2.internal,fe679e9b698b0fec95776f95af4cce2079a38ed0db5a39f7b822b045094e395f,1,30298.0,32894.0
1,keda-mmpp-707-62aa420a,000194,123.389716,2026-08-31T21:12:27.456+00:00,2026-08-31T21:12:27.516+00:00,2026-08-31T21:12:45.184+00:00,2026-08-31T21:12:45.184+00:00,2026-08-31T21:12:45.217+00:00,2026-08-31T21:12:45.217+00:00,0.0176,0.03348143599941977,sqs-worker-5986dcd897-h69jz,ip-192-168-20-201.ec2.internal,a0f59c7d4767f59da260632404613e9f4885b6f3f062845de2b540a08bdae794,1,17668.0,17701.0
1,keda-mmpp-707-62aa420a,000209,134.762087,2026-08-31T21:12:38.829+00:00,2026-08-31T21:12:38.888+00:00,2026-08-31T21:12:45.056+00:00,2026-08-31T21:12:45.056+00:00,2026-08-31T21:12:45.389+00:00,2026-08-31T21:12:45.389+00:00,0.121503,0.3328092320007272,sqs-worker-5986dcd897-x8rdl,ip-192-168-20-201.ec2.internal,70bda2636be744f14f0e699f93a4b099a63985332c21cff8d2220929003b6047,1,6168.0,6501.0
1,keda-mmpp-707-62aa420a,000211,139.049124,2026-08-31T21:12:43.117+00:00,2026-08-31T21:12:43.178+00:00,2026-08-31T21:12:43.968+00:00,2026-08-31T21:12:43.968+00:00,2026-08-31T21:12:44.116+00:00,2026-08-31T21:12:44.116+00:00,0.059329,0.14796700500119186,sqs-worker-5986dcd897-7hbzd,ip-192-168-20-201.ec2.internal,c1fc619e7841740f1f191667cb532b9221143fbcc59e25a94a3507afb64a698f,1,790.0,938.0
1,keda-mmpp-707-62aa420a,000202,124.915692,2026-08-31T21:12:28.983+00:00,2026-08-31T21:12:29.042+00:00,2026-08-31T21:12:45.840+00:00,2026-08-31T21:12:45.841+00:00,2026-08-31T21:12:46.219+00:00,2026-08-31T21:12:46.219+00:00,0.152874,0.3781841469990468,sqs-worker-5986dcd897-h69jz,ip-192-168-20-201.ec2.internal,e465472f981a4cc57e4f64907dbb71065a467ff3d783d3cc4ab0bf37acc6d361,1,16798.0,17177.0
1,keda-mmpp-707-62aa420a,000196,124.093143,2026-08-31T21:12:28.160+00:00,2026-08-31T21:12:28.221+00:00,2026-08-31T21:12:45.442+00:00,2026-08-31T21:12:45.442+00:00,2026-08-31T21:12:47.048+00:00,2026-08-31T21:12:47.048+00:00,0.619893,1.6064825260000362,sqs-worker-5986dcd897-x8rdl,ip-192-168-20-201.ec2.internal,c49f9d7eb86dfc2ff904937cecd0e1c9c284f7e3c45ece890bc8bc0fa406985a,1,17221.0,18827.0
1,keda-mmpp-707-62aa420a,000197,124.114735,2026-08-31T21:12:28.181+00:00,2026-08-31T21:12:28.239+00:00,2026-08-31T21:12:45.251+00:00,2026-08-31T21:12:45.251+00:00,2026-08-31T21:12:46.378+00:00,2026-08-31T21:12:46.378+00:00,0.176943,1.1271837080003024,sqs-worker-5986dcd897-7hbzd,ip-192-168-20-201.ec2.internal,7c4a11871893f770b31065d4aa0c0b0905e6c1d24464cd9dbcb9c77037fc1d77,1,17012.0,18139.0
1,keda-mmpp-707-62aa420a,000158,113.052653,2026-08-31T21:12:17.121+00:00,2026-08-31T21:12:17.179+00:00,2026-08-31T21:12:45.713+00:00,2026-08-31T21:12:45.713+00:00,2026-08-31T21:12:47.060+00:00,2026-08-31T21:12:47.060+00:00,0.329813,1.3473879539997142,sqs-worker-5986dcd897-2qp8n,ip-192-168-20-201.ec2.internal,4009139f71466e011566bb62e0a6f72766397e60612aa8ee2be12a2bdae62b0d,1,28534.0,29881.0
1,keda-mmpp-707-62aa420a,000167,115.591257,2026-08-31T21:12:19.659+00:00,2026-08-31T21:12:19.723+00:00,2026-08-31T21:12:46.423+00:00,2026-08-31T21:12:46.423+00:00,2026-08-31T21:12:47.074+00:00,2026-08-31T21:12:47.074+00:00,0.111642,0.6508609650009021,sqs-worker-5986dcd897-7hbzd,ip-192-168-20-201.ec2.internal,5c4866235c0d4471be67d0405df6950f340f01c6d00b23bea87c8c4215817695,1,26700.0,27351.0
1,keda-mmpp-707-62aa420a,000212,141.834419,2026-08-31T21:12:45.901+00:00,2026-08-31T21:12:45.961+00:00,2026-08-31T21:12:46.242+00:00,2026-08-31T21:12:46.242+00:00,2026-08-31T21:12:47.667+00:00,2026-08-31T21:12:47.667+00:00,0.57352,1.4244159370009584,sqs-worker-5986dcd897-h69jz,ip-192-168-20-201.ec2.internal,909ef068e16208c119fc3bc00cae0d914023cf439f37a07f892fefc50cddfe72,1,281.0,1706.0
1,keda-mmpp-707-62aa420a,000181,119.878228,2026-08-31T21:12:23.945+00:00,2026-08-31T21:12:24.003+00:00,2026-08-31T21:12:47.916+00:00,2026-08-31T21:12:47.916+00:00,2026-08-31T21:12:48.002+00:00,2026-08-31T21:12:48.002+00:00,0.053832,0.08611898200069845,sqs-worker-5986dcd897-h69jz,ip-192-168-20-201.ec2.internal,6967d47c257d617a29e61f2c49ff3c7e6df4053e5489f66506bba7947eb96230,1,23913.0,23999.0
1,keda-mmpp-707-62aa420a,000186,121.504566,2026-08-31T21:12:25.571+00:00,2026-08-31T21:12:25.629+00:00,2026-08-31T21:12:48.028+00:00,2026-08-31T21:12:48.028+00:00,2026-08-31T21:12:48.144+00:00,2026-08-31T21:12:48.144+00:00,0.054223,0.11582937900129764,sqs-worker-5986dcd897-h69jz,ip-192-168-20-201.ec2.internal,5f067bdd2d86b56fdd89937cffa5e7521ea2c2311d00c936e54707c5ae5b2cdc,1,22399.0,22515.0
1,keda-mmpp-707-62aa420a,000208,130.433014,2026-08-31T21:12:34.500+00:00,2026-08-31T21:12:34.557+00:00,2026-08-31T21:12:44.318+00:00,2026-08-31T21:12:44.318+00:00,2026-08-31T21:12:45.037+00:00,2026-08-31T21:12:45.037+00:00,0.30175,0.7186727050011541,sqs-worker-5986dcd897-x8rdl,ip-192-168-20-201.ec2.internal,02ff16c8b8c28719f5663173b66d4ca281a439b5a4b0338968b16102e84b662e,1,9761.0,10480.0
1,keda-mmpp-707-62aa420a,000188,121.783309,2026-08-31T21:12:25.850+00:00,2026-08-31T21:12:25.908+00:00,2026-08-31T21:12:45.086+00:00,2026-08-31T21:12:45.086+00:00,2026-08-31T21:12:45.686+00:00,2026-08-31T21:12:45.686+00:00,0.081066,0.5999274639998475,sqs-worker-5986dcd897-2qp8n,ip-192-168-20-201.ec2.internal,c82a002e669ba8a6363415c003a17dbf69305ace87cc13730069f196e5ab2c73,1,19178.0,19778.0
1,keda-mmpp-707-62aa420a,000152,111.10927,2026-08-31T21:12:15.177+00:00,2026-08-31T21:12:15.238+00:00,2026-08-31T21:12:45.233+00:00,2026-08-31T21:12:45.233+00:00,2026-08-31T21:12:45.810+00:00,2026-08-31T21:12:45.810+00:00,0.197341,0.577253858999029,sqs-worker-5986dcd897-h69jz,ip-192-168-20-201.ec2.internal,ab335b692030accb6622ddd21c981e575fe25542188642b89aeb4ad7d8ef7345,1,29995.0,30572.0
1,keda-mmpp-707-62aa420a,000171,116.192101,2026-08-31T21:12:20.260+00:00,2026-08-31T21:12:20.321+00:00,2026-08-31T21:12:47.125+00:00,2026-08-31T21:12:47.125+00:00,2026-08-31T21:12:47.411+00:00,2026-08-31T21:12:47.411+00:00,0.125201,0.2856129339998006,sqs-worker-5986dcd897-x8rdl,ip-192-168-20-201.ec2.internal,2050946792fa047818f869ab4636d56f13ff49b377f80b9e0edfd39ffabbdbd0,1,26804.0,27090.0
1,keda-mmpp-707-62aa420a,000180,119.851427,2026-08-31T21:12:23.920+00:00,2026-08-31T21:12:23.981+00:00,2026-08-31T21:12:47.705+00:00,2026-08-31T21:12:47.705+00:00,2026-08-31T21:12:47.866+00:00,2026-08-31T21:12:47.866+00:00,0.074292,0.16162654199979443,sqs-worker-5986dcd897-h69jz,ip-192-168-20-201.ec2.internal,069c087419acbbc43a3122272f78323217e9dc1f55b599b779d22156bfaef874,1,23724.0,23885.0
1,keda-mmpp-707-62aa420a,000170,116.123837,2026-08-31T21:12:20.191+00:00,2026-08-31T21:12:20.250+00:00,2026-08-31T21:12:47.120+00:00,2026-08-31T21:12:47.120+00:00,2026-08-31T21:12:48.026+00:00,2026-08-31T21:12:48.026+00:00,0.38161,0.9065400239996961,sqs-worker-5986dcd897-2qp8n,ip-192-168-20-201.ec2.internal,55c1ac1a27c25d53826b1b01337de571df250da67102a9d5a4eb5450bf176657,1,26870.0,27776.0
1,keda-mmpp-707-62aa420a,000203,125.010205,2026-08-31T21:12:29.077+00:00,2026-08-31T21:12:29.140+00:00,2026-08-31T21:12:47.096+00:00,2026-08-31T21:12:47.096+00:00,2026-08-31T21:12:48.299+00:00,2026-08-31T21:12:48.299+00:00,0.363875,1.2026929130006465,sqs-worker-5986dcd897-7hbzd,ip-192-168-20-201.ec2.internal,e5d48ca64fc335c66bed48494e1262bf0ad9b6b3a21299bd6abeffd64bb591c4,1,17956.0,19159.0
1,keda-mmpp-707-62aa420a,000199,124.232174,2026-08-31T21:12:28.299+00:00,2026-08-31T21:12:28.359+00:00,2026-08-31T21:12:48.320+00:00,2026-08-31T21:12:48.320+00:00,2026-08-31T21:12:48.484+00:00,2026-08-31T21:12:48.484+00:00,0.071158,0.16442891199949372,sqs-worker-5986dcd897-7hbzd,ip-192-168-20-201.ec2.internal,7556fe76ae17418a143ef02953a5826d9e94c44fc0750513dc9359c5d560ff04,1,19961.0,20125.0
1,keda-mmpp-707-62aa420a,000189,121.940951,2026-08-31T21:12:26.008+00:00,2026-08-31T21:12:26.076+00:00,2026-08-31T21:12:48.206+00:00,2026-08-31T21:12:48.207+00:00,2026-08-31T21:12:49.715+00:00,2026-08-31T21:12:49.715+00:00,0.606432,1.5089433749999444,sqs-worker-5986dcd897-h69jz,ip-192-168-20-201.ec2.internal,413c3390d1b4da955e4871a5adaf432face8591d922666b9e21df34a166c3074,1,22130.0,23639.0
1,keda-mmpp-707-62aa420a,000206,129.98781,2026-08-31T21:12:34.059+00:00,2026-08-31T21:12:34.118+00:00,2026-08-31T21:12:48.708+00:00,2026-08-31T21:12:48.708+00:00,2026-08-31T21:12:50.380+00:00,2026-08-31T21:12:50.380+00:00,0.681191,1.6721579389995895,sqs-worker-5986dcd897-7hbzd,ip-192-168-20-201.ec2.internal,8b772d2084c84ecfba7483fe0dd108c16403e64bd7dd1e5e170d8a708521a5c0,1,14590.0,16262.0
1,keda-mmpp-707-62aa420a,000178,117.387426,2026-08-31T21:12:21.454+00:00,2026-08-31T21:12:21.515+00:00,2026-08-31T21:12:47.429+00:00,2026-08-31T21:12:47.430+00:00,2026-08-31T21:12:49.316+00:00,2026-08-31T21:12:49.316+00:00,0.76293,1.8860553609993076,sqs-worker-5986dcd897-x8rdl,ip-192-168-20-201.ec2.internal,c098cdd4890bdd5ccb991e37cc72a31e41c943694400a4e486d45fd7c492b7c7,1,25914.0,27801.0
1,keda-mmpp-707-62aa420a,000205,125.488051,2026-08-31T21:12:29.555+00:00,2026-08-31T21:12:29.614+00:00,2026-08-31T21:12:48.529+00:00,2026-08-31T21:12:48.529+00:00,2026-08-31T21:12:48.677+00:00,2026-08-31T21:12:48.677+00:00,0.064512,0.14750938499855692,sqs-worker-5986dcd897-7hbzd,ip-192-168-20-201.ec2.internal,56b56d2c4bd98b1ae50712d7a523c963b42c4de47505fc512defee662176469a,1,18915.0,19063.0
1,keda-mmpp-707-62aa420a,000187,121.554718,2026-08-31T21:12:25.621+00:00,2026-08-31T21:12:25.686+00:00,2026-08-31T21:12:48.074+00:00,2026-08-31T21:12:48.074+00:00,2026-08-31T21:12:48.728+00:00,2026-08-31T21:12:48.728+00:00,0.275828,0.6547633649988711,sqs-worker-5986dcd897-2qp8n,ip-192-168-20-201.ec2.internal,ae30fe14c9862faedf4b4123926fa41ef34d417e78da61167ad65890e597a8dc,1,22388.0,23042.0
1,keda-mmpp-707-62aa420a,000213,146.976619,2026-08-31T21:12:51.047+00:00,2026-08-31T21:12:51.107+00:00,2026-08-31T21:12:51.112+00:00,2026-08-31T21:12:51.112+00:00,2026-08-31T21:12:51.242+00:00,2026-08-31T21:12:51.242+00:00,0.079359,0.12997244200050773,sqs-worker-5986dcd897-7hbzd,ip-192-168-20-201.ec2.internal,7324b3ce583173d1e998b4f7d802cb49aa88f900be81c9b41da1dcf93cfdfdb9,1,5.0,135.0
1,keda-mmpp-707-62aa420a,000214,151.362051,2026-08-31T21:12:55.432+00:00,2026-08-31T21:12:55.492+00:00,2026-08-31T21:12:55.496+00:00,2026-08-31T21:12:55.496+00:00,2026-08-31T21:12:55.508+00:00,2026-08-31T21:12:55.508+00:00,0.010216,0.011721806000423385,sqs-worker-5986dcd897-2qp8n,ip-192-168-20-201.ec2.internal,43f5609649541a8b051d9fdac4133a67b60dcb4bdf3ffc1ca8ae573291f776a9,1,4.0,16.0
1,keda-mmpp-707-62aa420a,000215,151.842255,2026-08-31T21:12:55.908+00:00,2026-08-31T21:12:55.965+00:00,2026-08-31T21:12:55.969+00:00,2026-08-31T21:12:55.969+00:00,2026-08-31T21:12:56.599+00:00,2026-08-31T21:12:56.599+00:00,0.270379,0.630504449,sqs-worker-5986dcd897-x8rdl,ip-192-168-20-201.ec2.internal,778df4082e35d87b2e7bb9203c66718ea539eeb30f28e8d9780c515626535673,1,4.0,634.0
1,keda-mmpp-707-62aa420a,000216,156.744313,2026-08-31T21:13:00.814+00:00,2026-08-31T21:13:00.879+00:00,2026-08-31T21:13:00.882+00:00,2026-08-31T21:13:00.882+00:00,2026-08-31T21:13:01.421+00:00,2026-08-31T21:13:01.421+00:00,0.234448,0.5382573320002848,sqs-worker-5986dcd897-2qp8n,ip-192-168-20-201.ec2.internal,cb9cd4462aad0116ffeba5cf1fe244f8d67984666d674859ff39a6a4e9854b1d,1,3.0,542.0
1,keda-mmpp-707-62aa420a,000218,161.859774,2026-08-31T21:13:05.926+00:00,2026-08-31T21:13:05.985+00:00,2026-08-31T21:13:05.988+00:00,2026-08-31T21:13:05.988+00:00,2026-08-31T21:13:05.993+00:00,2026-08-31T21:13:05.993+00:00,0.005,0.005049227000199608,sqs-worker-5986dcd897-7hbzd,ip-192-168-20-201.ec2.internal,e3da129bda40dcce87f3080b86fbe30bc2bb608084a77251beec327fb85b40f0,1,3.0,8.0
1,keda-mmpp-707-62aa420a,000217,160.611433,2026-08-31T21:13:04.681+00:00,2026-08-31T21:13:04.737+00:00,2026-08-31T21:13:04.740+00:00,2026-08-31T21:13:04.741+00:00,2026-08-31T21:13:06.305+00:00,2026-08-31T21:13:06.305+00:00,0.663254,1.5641555479996896,sqs-worker-5986dcd897-h69jz,ip-192-168-20-201.ec2.internal,b3076c33a6d516f384fd21956636ee4756ee6b21d467ec8867d428a82b43d89d,1,3.0,1568.0
1,keda-mmpp-707-62aa420a,000219,163.930505,2026-08-31T21:13:07.998+00:00,2026-08-31T21:13:08.057+00:00,2026-08-31T21:13:08.061+00:00,2026-08-31T21:13:08.061+00:00,2026-08-31T21:13:08.079+00:00,2026-08-31T21:13:08.079+00:00,0.017787,0.017832814999565016,sqs-worker-5986dcd897-x8rdl,ip-192-168-20-201.ec2.internal,6d5df512f5d5321ee77101ba4d995eaf2a49787963d5fbe446902d16adddbbd3,1,4.0,22.0
1,keda-mmpp-707-62aa420a,000220,164.066257,2026-08-31T21:13:08.132+00:00,2026-08-31T21:13:08.187+00:00,2026-08-31T21:13:08.191+00:00,2026-08-31T21:13:08.191+00:00,2026-08-31T21:13:08.530+00:00,2026-08-31T21:13:08.530+00:00,0.157368,0.3388787460007734,sqs-worker-5986dcd897-7hbzd,ip-192-168-20-201.ec2.internal,234c32e03b402d5daa273c6b49d4e1ca6e0765415fd5901e8aaa4a2976903461,1,4.0,343.0
1,keda-mmpp-707-62aa420a,000221,164.352368,2026-08-31T21:13:08.418+00:00,2026-08-31T21:13:08.472+00:00,2026-08-31T21:13:08.477+00:00,2026-08-31T21:13:08.477+00:00,2026-08-31T21:13:08.978+00:00,2026-08-31T21:13:08.978+00:00,0.212655,0.5017201509999722,sqs-worker-5986dcd897-h69jz,ip-192-168-20-201.ec2.internal,20d949fb7c6bdce6ff4b3a2d548e5f9647597c22399aabadc219fb0ebb72c8b6,1,5.0,506.0
1,keda-mmpp-707-62aa420a,000222,164.609242,2026-08-31T21:13:08.675+00:00,2026-08-31T21:13:08.731+00:00,2026-08-31T21:13:08.735+00:00,2026-08-31T21:13:08.735+00:00,2026-08-31T21:13:09.230+00:00,2026-08-31T21:13:09.230+00:00,0.214206,0.49435542699939106,sqs-worker-5986dcd897-7hbzd,ip-192-168-20-201.ec2.internal,be81222e03f12dd626390a8015b75e5b80d976763278d9ad442401a04d9dff6a,1,4.0,499.0
1,keda-mmpp-707-62aa420a,000228,165.115878,2026-08-31T21:13:09.181+00:00,2026-08-31T21:13:09.245+00:00,2026-08-31T21:13:09.491+00:00,2026-08-31T21:13:09.491+00:00,2026-08-31T21:13:09.717+00:00,2026-08-31T21:13:09.717+00:00,0.089061,0.2261305039992294,sqs-worker-5986dcd897-2qp8n,ip-192-168-20-201.ec2.internal,959d0cf0c31b0587e72a642ded13d92a5c3472117242df23dd1ecd6b3fea9fb3,1,246.0,472.0
1,keda-mmpp-707-62aa420a,000225,165.047937,2026-08-31T21:13:09.113+00:00,2026-08-31T21:13:09.175+00:00,2026-08-31T21:13:09.179+00:00,2026-08-31T21:13:09.179+00:00,2026-08-31T21:13:09.705+00:00,2026-08-31T21:13:09.705+00:00,0.184792,0.5266312559997459,sqs-worker-5986dcd897-h69jz,ip-192-168-20-201.ec2.internal,0fc70aa2f43867764ee00087e66846c1381d644a156676253a8f5864675e094b,1,4.0,530.0
1,keda-mmpp-707-62aa420a,000231,165.469224,2026-08-31T21:13:09.535+00:00,2026-08-31T21:13:09.594+00:00,2026-08-31T21:13:09.734+00:00,2026-08-31T21:13:09.734+00:00,2026-08-31T21:13:09.906+00:00,2026-08-31T21:13:09.906+00:00,0.077247,0.17268716899889114,sqs-worker-5986dcd897-2qp8n,ip-192-168-20-201.ec2.internal,54b2dd7021005c1b266dfab0da55ee8abc7decaee9d1283a96244931d9804c97,1,140.0,312.0
1,keda-mmpp-707-62aa420a,000227,165.077251,2026-08-31T21:13:09.142+00:00,2026-08-31T21:13:09.204+00:00,2026-08-31T21:13:09.250+00:00,2026-08-31T21:13:09.250+00:00,2026-08-31T21:13:09.956+00:00,2026-08-31T21:13:09.956+00:00,0.295996,0.7062675670003955,sqs-worker-5986dcd897-7hbzd,ip-192-168-20-201.ec2.internal,89199ecaf9cddabd58c682d40c2c19782094752566702322084fa3ecd90b5ff2,1,46.0,752.0
1,keda-mmpp-707-62aa420a,000226,165.060147,2026-08-31T21:13:09.125+00:00,2026-08-31T21:13:09.182+00:00,2026-08-31T21:13:09.185+00:00,2026-08-31T21:13:09.185+00:00,2026-08-31T21:13:09.453+00:00,2026-08-31T21:13:09.454+00:00,0.118202,0.2682194429999072,sqs-worker-5986dcd897-2qp8n,ip-192-168-20-201.ec2.internal,082c33a3eb7826fcfd0e990991680b597ad4874228b6b28cb586e76f34bbee45,1,3.0,271.0
1,keda-mmpp-707-62aa420a,000223,164.902301,2026-08-31T21:13:08.968+00:00,2026-08-31T21:13:09.025+00:00,2026-08-31T21:13:09.029+00:00,2026-08-31T21:13:09.029+00:00,2026-08-31T21:13:09.118+00:00,2026-08-31T21:13:09.118+00:00,0.064443,0.08889130799980194,sqs-worker-5986dcd897-2qp8n,ip-192-168-20-201.ec2.internal,608af7f18643a256e28442c02cbb9f9cc967ba580ab77f3e269bc2e33f82754c,1,4.0,93.0
1,keda-mmpp-707-62aa420a,000224,164.957158,2026-08-31T21:13:09.022+00:00,2026-08-31T21:13:09.085+00:00,2026-08-31T21:13:09.090+00:00,2026-08-31T21:13:09.090+00:00,2026-08-31T21:13:09.823+00:00,2026-08-31T21:13:09.823+00:00,0.275164,0.7331559079993895,sqs-worker-5986dcd897-x8rdl,ip-192-168-20-201.ec2.internal,ced0659049e30d6db7dd5d6e05b597960ae7b8c39267776afa371d0d6f423263,1,5.0,738.0
1,keda-mmpp-707-62aa420a,000232,165.752775,2026-08-31T21:13:09.818+00:00,2026-08-31T21:13:09.877+00:00,2026-08-31T21:13:09.908+00:00,2026-08-31T21:13:09.908+00:00,2026-08-31T21:13:10.289+00:00,2026-08-31T21:13:10.289+00:00,0.069389,0.38082389299961505,sqs-worker-5986dcd897-x8rdl,ip-192-168-20-201.ec2.internal,03c095d1e22afbeb6fc0d8ac5ef7411feab94fc4c1ffb52321f42fb210b75191,1,31.0,412.0
1,keda-mmpp-707-62aa420a,000229,165.166006,2026-08-31T21:13:09.231+00:00,2026-08-31T21:13:09.836+00:00,2026-08-31T21:13:09.846+00:00,2026-08-31T21:13:09.846+00:00,2026-08-31T21:13:10.469+00:00,2026-08-31T21:13:10.469+00:00,0.101141,0.6225541530002374,sqs-worker-5986dcd897-h69jz,ip-192-168-20-201.ec2.internal,b300222365b8cee490393d38465c79fee0164c4d4b5a2e5c19e5a40adbef9d82,1,10.0,633.0
1,keda-mmpp-707-62aa420a,000230,165.193122,2026-08-31T21:13:09.259+00:00,2026-08-31T21:13:09.848+00:00,2026-08-31T21:13:09.943+00:00,2026-08-31T21:13:09.943+00:00,2026-08-31T21:13:10.361+00:00,2026-08-31T21:13:10.361+00:00,0.17288,0.41797544200017,sqs-worker-5986dcd897-2qp8n,ip-192-168-20-201.ec2.internal,6abf3df385f34ed97ac2f7b0c10e3626e0c942e802dcc162c280f39a20b642a9,1,95.0,513.0
1,keda-mmpp-707-62aa420a,000233,165.9639,2026-08-31T21:13:10.029+00:00,2026-08-31T21:13:10.092+00:00,2026-08-31T21:13:10.097+00:00,2026-08-31T21:13:10.097+00:00,2026-08-31T21:13:10.776+00:00,2026-08-31T21:13:10.777+00:00,0.279483,0.6799260249990766,sqs-worker-5986dcd897-7hbzd,ip-192-168-20-201.ec2.internal,56f50c6038954fb2b0050968233bb84c9a5699c07aaef0704cd8127b4f4f5ad6,1,5.0,684.0
1,keda-mmpp-707-62aa420a,000234,165.984563,2026-08-31T21:13:10.050+00:00,2026-08-31T21:13:10.120+00:00,2026-08-31T21:13:10.547+00:00,2026-08-31T21:13:10.547+00:00,2026-08-31T21:13:11.315+00:00,2026-08-31T21:13:11.315+00:00,0.163214,0.7680492510007753,sqs-worker-5986dcd897-h69jz,ip-192-168-20-201.ec2.internal,dbb4f15eb4a155ba10b669e24c9010c156ae6ce48d769f755393fd01a8914726,1,427.0,1195.0
1,keda-mmpp-707-62aa420a,000239,167.278315,2026-08-31T21:13:11.344+00:00,2026-08-31T21:13:11.402+00:00,2026-08-31T21:13:11.417+00:00,2026-08-31T21:13:11.417+00:00,2026-08-31T21:13:11.566+00:00,2026-08-31T21:13:11.566+00:00,0.076645,0.1491304070004844,sqs-worker-5986dcd897-7hbzd,ip-192-168-20-201.ec2.internal,827701c0a24876a8a193afa831e1b37d2f5446cdb3ba01c03dd9843aa38bd31c,1,15.0,164.0
1,keda-mmpp-707-62aa420a,000242,167.934866,2026-08-31T21:13:12.000+00:00,2026-08-31T21:13:12.071+00:00,2026-08-31T21:13:12.075+00:00,2026-08-31T21:13:12.075+00:00,2026-08-31T21:13:12.080+00:00,2026-08-31T21:13:12.080+00:00,0.005419,0.0054853020010341424,sqs-worker-5986dcd897-2qp8n,ip-192-168-20-201.ec2.internal,0e615b2f1de0bb85e122b0800ab0d328b8d30d4e86f7fca0e1920a380d83b42e,1,4.0,9.0
1,keda-mmpp-707-62aa420a,000244,168.827421,2026-08-31T21:13:12.893+00:00,2026-08-31T21:13:12.951+00:00,2026-08-31T21:13:12.955+00:00,2026-08-31T21:13:12.955+00:00,2026-08-31T21:13:12.977+00:00,2026-08-31T21:13:12.977+00:00,0.021836,0.02187493900055415,sqs-worker-5986dcd897-2qp8n,ip-192-168-20-201.ec2.internal,51e7f5acaea93168ea78bff0457c595cddeaf1a3ced669f0ac8a8d5ebf678078,1,4.0,26.0
1,keda-mmpp-707-62aa420a,000238,166.944574,2026-08-31T21:13:11.010+00:00,2026-08-31T21:13:11.074+00:00,2026-08-31T21:13:11.078+00:00,2026-08-31T21:13:11.078+00:00,2026-08-31T21:13:11.694+00:00,2026-08-31T21:13:11.694+00:00,0.254004,0.6164398149994668,sqs-worker-5986dcd897-2qp8n,ip-192-168-20-201.ec2.internal,3bf151c47b0cc26e9a24b80a587aa049f4b45ec91c570c51983aa570ef7a599f,1,4.0,620.0
1,keda-mmpp-707-62aa420a,000235,166.036416,2026-08-31T21:13:10.102+00:00,2026-08-31T21:13:10.170+00:00,2026-08-31T21:13:10.396+00:00,2026-08-31T21:13:10.396+00:00,2026-08-31T21:13:11.010+00:00,2026-08-31T21:13:11.010+00:00,0.25856,0.6133311140001751,sqs-worker-5986dcd897-2qp8n,ip-192-168-20-201.ec2.internal,35ce6bae0a5f5027d6e859860cc3284fc17df1021662ea9901ec3918a1a62584,1,226.0,840.0
1,keda-mmpp-707-62aa420a,000243,168.458286,2026-08-31T21:13:12.524+00:00,2026-08-31T21:13:12.582+00:00,2026-08-31T21:13:12.586+00:00,2026-08-31T21:13:12.586+00:00,2026-08-31T21:13:12.707+00:00,2026-08-31T21:13:12.707+00:00,0.060667,0.12175299399859796,sqs-worker-5986dcd897-h69jz,ip-192-168-20-201.ec2.internal,40c7ecb625b108ba8a335931283a47b569cced4c4a78c9163713909e019e4bb3,1,4.0,125.0
1,keda-mmpp-707-62aa420a,000249,169.75119,2026-08-31T21:13:13.817+00:00,2026-08-31T21:13:13.878+00:00,2026-08-31T21:13:13.881+00:00,2026-08-31T21:13:13.881+00:00,2026-08-31T21:13:13.934+00:00,2026-08-31T21:13:13.934+00:00,0.035988,0.05265639199933503,sqs-worker-5986dcd897-x8rdl,ip-192-168-20-201.ec2.internal,8ba5ac51e87497546b2b769e5cdd0d7104ea8cb723dd0b2d11430585870b46e0,1,3.0,56.0
1,keda-mmpp-707-62aa420a,000241,167.780541,2026-08-31T21:13:11.846+00:00,2026-08-31T21:13:11.905+00:00,2026-08-31T21:13:11.910+00:00,2026-08-31T21:13:11.910+00:00,2026-08-31T21:13:12.308+00:00,2026-08-31T21:13:12.308+00:00,0.175453,0.39759365300051286,sqs-worker-5986dcd897-7hbzd,ip-192-168-20-201.ec2.internal,738063259fdd2753e698e6944603a8612d47fdae668837f1760062b661002c7d,1,5.0,403.0
1,keda-mmpp-707-62aa420a,000236,166.067563,2026-08-31T21:13:10.133+00:00,2026-08-31T21:13:10.199+00:00,2026-08-31T21:13:10.402+00:00,2026-08-31T21:13:10.402+00:00,2026-08-31T21:13:13.787+00:00,2026-08-31T21:13:13.787+00:00,0.83502,3.385246976000417,sqs-worker-5986dcd897-x8rdl,ip-192-168-20-201.ec2.internal,2bbdd11ded4afe5ce661ecd0cfd11bd185152ecf462b325acc54229628e9a071,1,203.0,3588.0
1,keda-mmpp-707-62aa420a,000246,168.89589,2026-08-31T21:13:12.961+00:00,2026-08-31T21:13:13.024+00:00,2026-08-31T21:13:13.028+00:00,2026-08-31T21:13:13.028+00:00,2026-08-31T21:13:13.232+00:00,2026-08-31T21:13:13.232+00:00,0.110556,0.20443928700115066,sqs-worker-5986dcd897-h69jz,ip-192-168-20-201.ec2.internal,4abbd680b22dc2cd468b21431ccd19b91e93c129b5dfe19dbfbebb1033bb53c1,1,4.0,208.0
1,keda-mmpp-707-62aa420a,000247,169.165748,2026-08-31T21:13:13.231+00:00,2026-08-31T21:13:13.291+00:00,2026-08-31T21:13:13.294+00:00,2026-08-31T21:13:13.294+00:00,2026-08-31T21:13:13.715+00:00,2026-08-31T21:13:13.715+00:00,0.126574,0.42121752000093693,sqs-worker-5986dcd897-2qp8n,ip-192-168-20-201.ec2.internal,40d14beeb4282a130c2289f849729031e210be08af37979617fb7ef3bbaf7010,1,3.0,424.0
1,keda-mmpp-707-62aa420a,000251,170.497729,2026-08-31T21:13:14.563+00:00,2026-08-31T21:13:14.621+00:00,2026-08-31T21:13:14.676+00:00,2026-08-31T21:13:14.676+00:00,2026-08-31T21:13:14.681+00:00,2026-08-31T21:13:14.681+00:00,0.005,0.005072690000815783,sqs-worker-5986dcd897-7hbzd,ip-192-168-20-201.ec2.internal,e13cd007e6e38a1ff71800e19123e4c4e15453e26ab95e358d691881681cc231,1,55.0,60.0
1,keda-mmpp-707-62aa420a,000237,166.885765,2026-08-31T21:13:10.952+00:00,2026-08-31T21:13:11.010+00:00,2026-08-31T21:13:11.014+00:00,2026-08-31T21:13:11.014+00:00,2026-08-31T21:13:11.148+00:00,2026-08-31T21:13:11.148+00:00,0.068799,0.1333341269983066,sqs-worker-5986dcd897-7hbzd,ip-192-168-20-201.ec2.internal,0e707cded0207903995023013141e6fb865a0b6a75db503005677326d2d2df33,1,4.0,138.0
1,keda-mmpp-707-62aa420a,000240,167.734674,2026-08-31T21:13:11.800+00:00,2026-08-31T21:13:11.860+00:00,2026-08-31T21:13:11.865+00:00,2026-08-31T21:13:11.865+00:00,2026-08-31T21:13:12.074+00:00,2026-08-31T21:13:12.074+00:00,0.049373,0.2087820680008008,sqs-worker-5986dcd897-h69jz,ip-192-168-20-201.ec2.internal,369df6ecff8695315b9f9abdfe99974662d47a171679b35b37b6253670d32aac,1,5.0,214.0
1,keda-mmpp-707-62aa420a,000245,168.881692,2026-08-31T21:13:12.947+00:00,2026-08-31T21:13:13.008+00:00,2026-08-31T21:13:13.011+00:00,2026-08-31T21:13:13.011+00:00,2026-08-31T21:13:13.926+00:00,2026-08-31T21:13:13.926+00:00,0.375479,0.9150586949999706,sqs-worker-5986dcd897-7hbzd,ip-192-168-20-201.ec2.internal,17b88b7f4ec4fc11ec9d81c63a7f1f2087b7899e2e86d04e7c722e344460a79e,1,3.0,918.0
1,keda-mmpp-707-62aa420a,000253,170.9004,2026-08-31T21:13:14.966+00:00,2026-08-31T21:13:15.023+00:00,2026-08-31T21:13:15.073+00:00,2026-08-31T21:13:15.073+00:00,2026-08-31T21:13:15.179+00:00,2026-08-31T21:13:15.179+00:00,0.029628,0.10617105900018942,sqs-worker-5986dcd897-7hbzd,ip-192-168-20-201.ec2.internal,426d05b682dc474f79da61cf333c93e1082352c5a84e2fffaa6a0357d4b7a291,1,50.0,156.0
1,keda-mmpp-707-62aa420a,000248,169.284243,2026-08-31T21:13:13.350+00:00,2026-08-31T21:13:13.408+00:00,2026-08-31T21:13:13.414+00:00,2026-08-31T21:13:13.414+00:00,2026-08-31T21:13:13.573+00:00,2026-08-31T21:13:13.573+00:00,0.079907,0.15883042799941904,sqs-worker-5986dcd897-h69jz,ip-192-168-20-201.ec2.internal,ff9fb0003b1ef382a2bcfeb25179aaf04708f6aa215fb891f0f53330d56a8b0a,1,6.0,165.0
1,keda-mmpp-707-62aa420a,000252,170.685848,2026-08-31T21:13:14.751+00:00,2026-08-31T21:13:14.817+00:00,2026-08-31T21:13:14.821+00:00,2026-08-31T21:13:14.821+00:00,2026-08-31T21:13:15.312+00:00,2026-08-31T21:13:15.312+00:00,0.216675,0.490744872000505,sqs-worker-5986dcd897-h69jz,ip-192-168-20-201.ec2.internal,80cdcf6d93ba794315c549a2f6f9d472d3e705e88f56d66f9bc73f62e67ce630,1,4.0,495.0
1,keda-mmpp-707-62aa420a,000250,170.420842,2026-08-31T21:13:14.487+00:00,2026-08-31T21:13:14.548+00:00,2026-08-31T21:13:14.552+00:00,2026-08-31T21:13:14.552+00:00,2026-08-31T21:13:16.059+00:00,2026-08-31T21:13:16.059+00:00,0.421987,1.5075429150001582,sqs-worker-5986dcd897-2qp8n,ip-192-168-20-201.ec2.internal,1868d9a36078e54a0a33bcf7e32b822e5ce9de4e2b0ac64f4bb907d246c2505b,1,4.0,1511.0
1,keda-mmpp-707-62aa420a,000255,171.78809,2026-08-31T21:13:15.854+00:00,2026-08-31T21:13:15.915+00:00,2026-08-31T21:13:15.919+00:00,2026-08-31T21:13:15.919+00:00,2026-08-31T21:13:16.426+00:00,2026-08-31T21:13:16.426+00:00,0.225246,0.507414053001412,sqs-worker-5986dcd897-h69jz,ip-192-168-20-201.ec2.internal,8847f6e57e6634c0f783ca105d72f85138eabc328b708284136301f97eb83ef6,1,4.0,511.0
1,keda-mmpp-707-62aa420a,000257,172.23011,2026-08-31T21:13:16.296+00:00,2026-08-31T21:13:16.354+00:00,2026-08-31T21:13:16.358+00:00,2026-08-31T21:13:16.358+00:00,2026-08-31T21:13:16.392+00:00,2026-08-31T21:13:16.392+00:00,0.023935,0.03401153399863688,sqs-worker-5986dcd897-2qp8n,ip-192-168-20-201.ec2.internal,ee0047a165fd6a2b4c14489b24a4e9dc7f38b3aedfa12caaf4ee0e6636bd11e9,1,4.0,38.0
1,keda-mmpp-707-62aa420a,000259,172.478156,2026-08-31T21:13:16.543+00:00,2026-08-31T21:13:16.601+00:00,2026-08-31T21:13:16.617+00:00,2026-08-31T21:13:16.617+00:00,2026-08-31T21:13:17.505+00:00,2026-08-31T21:13:17.505+00:00,0.375077,0.8885236670012091,sqs-worker-5986dcd897-2qp8n,ip-192-168-20-201.ec2.internal,634c61b1f9ca3b1c8b8895caf0933e014a0b3f44809f2baf29e8929a86611ea9,1,16.0,904.0
1,keda-mmpp-707-62aa420a,000261,172.77825,2026-08-31T21:13:16.843+00:00,2026-08-31T21:13:16.902+00:00,2026-08-31T21:13:17.530+00:00,2026-08-31T21:13:17.530+00:00,2026-08-31T21:13:17.958+00:00,2026-08-31T21:13:17.958+00:00,0.176549,0.428111450999495,sqs-worker-5986dcd897-2qp8n,ip-192-168-20-201.ec2.internal,293aaa314a5e86827c144a3d403a1e7740b83363889ad4f930bce2569142793b,1,628.0,1056.0
1,keda-mmpp-707-62aa420a,000256,171.818795,2026-08-31T21:13:15.884+00:00,2026-08-31T21:13:15.944+00:00,2026-08-31T21:13:15.949+00:00,2026-08-31T21:13:15.949+00:00,2026-08-31T21:13:18.053+00:00,2026-08-31T21:13:18.053+00:00,0.865328,2.1037819150005816,sqs-worker-5986dcd897-x8rdl,ip-192-168-20-201.ec2.internal,49b21e0fff94fd4410c5f499d2361799d4226187d176fb93281acbb86e0c252f,1,5.0,2109.0
1,keda-mmpp-707-62aa420a,000258,172.40395,2026-08-31T21:13:16.469+00:00,2026-08-31T21:13:16.530+00:00,2026-08-31T21:13:16.534+00:00,2026-08-31T21:13:16.534+00:00,2026-08-31T21:13:17.601+00:00,2026-08-31T21:13:17.601+00:00,0.449775,1.0668087320009363,sqs-worker-5986dcd897-h69jz,ip-192-168-20-201.ec2.internal,7c1ae18f1349a8aec9d9ec9bb8cdd3e9da0f0e9afdaac7cdbc227245e0164bf6,1,4.0,1071.0
1,keda-mmpp-707-62aa420a,000254,171.240077,2026-08-31T21:13:15.306+00:00,2026-08-31T21:13:15.363+00:00,2026-08-31T21:13:15.366+00:00,2026-08-31T21:13:15.366+00:00,2026-08-31T21:13:17.613+00:00,2026-08-31T21:13:17.613+00:00,0.59364,2.246336374999373,sqs-worker-5986dcd897-7hbzd,ip-192-168-20-201.ec2.internal,46368ad6bb383ea7d7dd8281d7407f0f6410a7a07aadbe030748f98004b637d9,1,3.0,2250.0
1,keda-mmpp-707-62aa420a,000263,173.842817,2026-08-31T21:13:17.909+00:00,2026-08-31T21:13:17.969+00:00,2026-08-31T21:13:17.986+00:00,2026-08-31T21:13:17.986+00:00,2026-08-31T21:13:18.097+00:00,2026-08-31T21:13:18.097+00:00,0.055007,0.11077445900082239,sqs-worker-5986dcd897-2qp8n,ip-192-168-20-201.ec2.internal,6276af637a8a6b9ef02a1f82a54385cda04978f0b46144f90793b4fe22b8910e,1,17.0,128.0
1,keda-mmpp-707-62aa420a,000260,172.704569,2026-08-31T21:13:16.770+00:00,2026-08-31T21:13:16.829+00:00,2026-08-31T21:13:17.623+00:00,2026-08-31T21:13:17.623+00:00,2026-08-31T21:13:18.074+00:00,2026-08-31T21:13:18.074+00:00,0.188541,0.45071696899867675,sqs-worker-5986dcd897-h69jz,ip-192-168-20-201.ec2.internal,734c613d5970ee5154a68f4dcce781d90616f4a7e522ae52dc87733493af4757,1,794.0,1245.0
1,keda-mmpp-707-62aa420a,000266,174.336375,2026-08-31T21:13:18.402+00:00,2026-08-31T21:13:18.462+00:00,2026-08-31T21:13:18.466+00:00,2026-08-31T21:13:18.466+00:00,2026-08-31T21:13:19.107+00:00,2026-08-31T21:13:19.107+00:00,0.261525,0.6412743249984487,sqs-worker-5986dcd897-h69jz,ip-192-168-20-201.ec2.internal,fc0f93864d8d0535d5cf77d8ef68bd420ed4f7108ab6e9130750b3006c91b27a,1,4.0,645.0
1,keda-mmpp-707-62aa420a,000268,174.99222,2026-08-31T21:13:19.058+00:00,2026-08-31T21:13:19.115+00:00,2026-08-31T21:13:19.325+00:00,2026-08-31T21:13:19.325+00:00,2026-08-31T21:13:19.670+00:00,2026-08-31T21:13:19.670+00:00,0.117991,0.3446315009987302,sqs-worker-5986dcd897-h69jz,ip-192-168-20-201.ec2.internal,df53b5766076e7ad4e1738339db5c30cf7f964fc72e3b10de4b9f126c0f51ce3,1,210.0,555.0
1,keda-mmpp-707-62aa420a,000262,173.206754,2026-08-31T21:13:17.272+00:00,2026-08-31T21:13:17.332+00:00,2026-08-31T21:13:17.652+00:00,2026-08-31T21:13:17.652+00:00,2026-08-31T21:13:19.812+00:00,2026-08-31T21:13:19.812+00:00,0.874346,2.160615513999801,sqs-worker-5986dcd897-7hbzd,ip-192-168-20-201.ec2.internal,faf21dada5e3656be684cf4a456ad6d317c376f08502874042212df609faab8a,1,320.0,2480.0
1,keda-mmpp-707-62aa420a,000264,174.260492,2026-08-31T21:13:18.326+00:00,2026-08-31T21:13:18.385+00:00,2026-08-31T21:13:18.391+00:00,2026-08-31T21:13:18.391+00:00,2026-08-31T21:13:19.896+00:00,2026-08-31T21:13:19.896+00:00,0.610617,1.5042552490012895,sqs-worker-5986dcd897-2qp8n,ip-192-168-20-201.ec2.internal,9843fa2e264d5de4756e2c3d76964bd944ab840363eea13845f2604ffa7b74ec,1,6.0,1511.0
1,keda-mmpp-707-62aa420a,000274,175.788152,2026-08-31T21:13:19.854+00:00,2026-08-31T21:13:19.911+00:00,2026-08-31T21:13:19.931+00:00,2026-08-31T21:13:19.931+00:00,2026-08-31T21:13:20.333+00:00,2026-08-31T21:13:20.333+00:00,0.173269,0.4027594990002399,sqs-worker-5986dcd897-2qp8n,ip-192-168-20-201.ec2.internal,7d864dacffe68120b384c0a59c615dca63c437cb77ecb1485b3055568bfd9b2c,1,20.0,422.0
1,keda-mmpp-707-62aa420a,000269,175.25693,2026-08-31T21:13:19.322+00:00,2026-08-31T21:13:19.383+00:00,2026-08-31T21:13:19.836+00:00,2026-08-31T21:13:19.836+00:00,2026-08-31T21:13:20.136+00:00,2026-08-31T21:13:20.136+00:00,0.114495,0.2998382189998665,sqs-worker-5986dcd897-7hbzd,ip-192-168-20-201.ec2.internal,8089d4639a57f852670a7918c709f212a13b7c093cad21e1187d51590017fb7b,1,453.0,753.0
1,keda-mmpp-707-62aa420a,000275,175.801054,2026-08-31T21:13:19.866+00:00,2026-08-31T21:13:19.929+00:00,2026-08-31T21:13:20.173+00:00,2026-08-31T21:13:20.174+00:00,2026-08-31T21:13:20.216+00:00,2026-08-31T21:13:20.216+00:00,0.027953,0.042782734000866185,sqs-worker-5986dcd897-7hbzd,ip-192-168-20-201.ec2.internal,27650ff21787d43cd047e5d25db2f8a3b4b689c52386b5b626fa19c9c51e3693,1,244.0,287.0
1,keda-mmpp-707-62aa420a,000270,175.335406,2026-08-31T21:13:19.401+00:00,2026-08-31T21:13:19.460+00:00,2026-08-31T21:13:20.284+00:00,2026-08-31T21:13:20.284+00:00,2026-08-31T21:13:20.316+00:00,2026-08-31T21:13:20.316+00:00,0.012067,0.031893197001409135,sqs-worker-5986dcd897-7hbzd,ip-192-168-20-201.ec2.internal,c194fb8c5bec2562613b191af13001a491aa30e2ce481967606ec8e69c83c337,1,824.0,856.0
1,keda-mmpp-707-62aa420a,000272,175.429374,2026-08-31T21:13:19.495+00:00,2026-08-31T21:13:19.553+00:00,2026-08-31T21:13:19.701+00:00,2026-08-31T21:13:19.701+00:00,2026-08-31T21:13:20.399+00:00,2026-08-31T21:13:20.399+00:00,0.140859,0.6975965499987069,sqs-worker-5986dcd897-h69jz,ip-192-168-20-201.ec2.internal,75c4b3c22717f6726b78822194005db5e337af7a6f14c888a09880c44b1ec6cf,1,148.0,846.0
1,keda-mmpp-707-62aa420a,000267,174.783319,2026-08-31T21:13:18.849+00:00,2026-08-31T21:13:18.907+00:00,2026-08-31T21:13:19.155+00:00,2026-08-31T21:13:19.155+00:00,2026-08-31T21:13:19.299+00:00,2026-08-31T21:13:19.299+00:00,0.070674,0.14387873799933004,sqs-worker-5986dcd897-h69jz,ip-192-168-20-201.ec2.internal,8bce2ef2397776ab9de4a6592956dfb7e70a68f69018a343149d5e54caf07589,1,248.0,392.0
1,keda-mmpp-707-62aa420a,000276,175.855163,2026-08-31T21:13:19.920+00:00,2026-08-31T21:13:19.978+00:00,2026-08-31T21:13:20.341+00:00,2026-08-31T21:13:20.341+00:00,2026-08-31T21:13:20.398+00:00,2026-08-31T21:13:20.398+00:00,0.035914,0.05687653600034537,sqs-worker-5986dcd897-7hbzd,ip-192-168-20-201.ec2.internal,9dad2b2bc0f0f4d8e2e4e3678f63a014296a198f006494e9ab8da939aef8b09d,1,363.0,420.0
1,keda-mmpp-707-62aa420a,000279,176.332182,2026-08-31T21:13:20.397+00:00,2026-08-31T21:13:20.456+00:00,2026-08-31T21:13:20.803+00:00,2026-08-31T21:13:20.803+00:00,2026-08-31T21:13:20.832+00:00,2026-08-31T21:13:20.832+00:00,0.018364,0.029240820000268286,sqs-worker-5986dcd897-2qp8n,ip-192-168-20-201.ec2.internal,9f84d2ff375cb675ef74ac58b9c240939b0a7ebfab2fe00579085637ec8719b9,1,347.0,376.0
1,keda-mmpp-707-62aa420a,000265,174.281074,2026-08-31T21:13:18.346+00:00,2026-08-31T21:13:18.406+00:00,2026-08-31T21:13:18.410+00:00,2026-08-31T21:13:18.410+00:00,2026-08-31T21:13:20.980+00:00,2026-08-31T21:13:20.980+00:00,0.77947,2.570051564000096,sqs-worker-5986dcd897-x8rdl,ip-192-168-20-201.ec2.internal,b64671a1604716cfb072fbf86b2604c1766dd2ad1bef1d271f2df88c8d8c9d92,1,4.0,2574.0
1,keda-mmpp-707-62aa420a,000285,177.09098,2026-08-31T21:13:21.155+00:00,2026-08-31T21:13:21.217+00:00,2026-08-31T21:13:21.542+00:00,2026-08-31T21:13:21.542+00:00,2026-08-31T21:13:21.816+00:00,2026-08-31T21:13:21.816+00:00,0.106468,0.27441050299967173,sqs-worker-5986dcd897-7hbzd,ip-192-168-20-201.ec2.internal,78a55208432290b4ce0591b8d80e9803f3072359da83b76b609f7d61610e4492,1,325.0,599.0
1,keda-mmpp-707-62aa420a,000287,177.31635,2026-08-31T21:13:21.380+00:00,2026-08-31T21:13:21.439+00:00,2026-08-31T21:13:21.837+00:00,2026-08-31T21:13:21.837+00:00,2026-08-31T21:13:21.842+00:00,2026-08-31T21:13:21.842+00:00,0.005,0.005029447000197251,sqs-worker-5986dcd897-7hbzd,ip-192-168-20-201.ec2.internal,c865fb029adb7968be4b0724946784e3d489bc8085aa538a7c6a9662be5c90f3,1,398.0,403.0
1,keda-mmpp-707-62aa420a,000277,176.156302,2026-08-31T21:13:20.222+00:00,2026-08-31T21:13:20.280+00:00,2026-08-31T21:13:20.437+00:00,2026-08-31T21:13:20.437+00:00,2026-08-31T21:13:23.004+00:00,2026-08-31T21:13:23.004+00:00,0.523014,2.567467814998963,sqs-worker-5986dcd897-h69jz,ip-192-168-20-201.ec2.internal,b1c3d01b5e09bd90a8a086554eb1070fba724c0b06847382eafaf85696f5888c,1,157.0,2724.0
1,keda-mmpp-707-62aa420a,000294,178.479018,2026-08-31T21:13:22.543+00:00,2026-08-31T21:13:22.603+00:00,2026-08-31T21:13:23.031+00:00,2026-08-31T21:13:23.031+00:00,2026-08-31T21:13:23.301+00:00,2026-08-31T21:13:23.301+00:00,0.111059,0.2692732989999058,sqs-worker-5986dcd897-h69jz,ip-192-168-20-201.ec2.internal,27d7c44916798ef4c9d4a93a0e0588a0303152be525f3f6fed3dd47398ad4b8e,1,428.0,698.0
1,keda-mmpp-707-62aa420a,000288,177.32707,2026-08-31T21:13:21.391+00:00,2026-08-31T21:13:21.449+00:00,2026-08-31T21:13:22.376+00:00,2026-08-31T21:13:22.376+00:00,2026-08-31T21:13:23.031+00:00,2026-08-31T21:13:23.031+00:00,0.170217,0.6546371490003366,sqs-worker-5986dcd897-x8rdl,ip-192-168-20-201.ec2.internal,6828842aee70bdda189a0991269990da4854e6216758328e945954f085b1e610,1,927.0,1582.0
1,keda-mmpp-707-62aa420a,000291,177.427018,2026-08-31T21:13:21.491+00:00,2026-08-31T21:13:21.550+00:00,2026-08-31T21:13:23.036+00:00,2026-08-31T21:13:23.036+00:00,2026-08-31T21:13:23.082+00:00,2026-08-31T21:13:23.082+00:00,0.014287,0.04593703899990942,sqs-worker-5986dcd897-7hbzd,ip-192-168-20-201.ec2.internal,6720e22e0bf6c2682c15d54220e67563e5ac256562709ec15f33c8c8c04c634a,1,1486.0,1532.0
1,keda-mmpp-707-62aa420a,000295,178.483702,2026-08-31T21:13:22.548+00:00,2026-08-31T21:13:22.613+00:00,2026-08-31T21:13:23.115+00:00,2026-08-31T21:13:23.115+00:00,2026-08-31T21:13:23.696+00:00,2026-08-31T21:13:23.696+00:00,0.242051,0.5809120009998878,sqs-worker-5986dcd897-7hbzd,ip-192-168-20-201.ec2.internal,5c9a7d414439ca765c3ce01130eb5c955067a3a5112ff56ad37fd099060b6dae,1,502.0,1083.0
1,keda-mmpp-707-62aa420a,000293,178.404036,2026-08-31T21:13:22.469+00:00,2026-08-31T21:13:22.534+00:00,2026-08-31T21:13:23.323+00:00,2026-08-31T21:13:23.324+00:00,2026-08-31T21:13:23.772+00:00,2026-08-31T21:13:23.772+00:00,0.174724,0.44852464600080566,sqs-worker-5986dcd897-h69jz,ip-192-168-20-201.ec2.internal,94db4a5e1923dcb2daab134e9192a03838428652201a66d2314eebda7ccb493c,1,789.0,1238.0
1,keda-mmpp-707-62aa420a,000296,178.749922,2026-08-31T21:13:22.814+00:00,2026-08-31T21:13:22.880+00:00,2026-08-31T21:13:23.436+00:00,2026-08-31T21:13:23.436+00:00,2026-08-31T21:13:23.539+00:00,2026-08-31T21:13:23.539+00:00,0.061729,0.1035888820006221,sqs-worker-5986dcd897-x8rdl,ip-192-168-20-201.ec2.internal,5be5c441aba346f41ff4a0903c69d210553d9b0554446d67f91e0724fccc7c70,1,556.0,659.0
1,keda-mmpp-707-62aa420a,000281,176.702441,2026-08-31T21:13:20.768+00:00,2026-08-31T21:13:20.827+00:00,2026-08-31T21:13:20.884+00:00,2026-08-31T21:13:20.884+00:00,2026-08-31T21:13:21.963+00:00,2026-08-31T21:13:21.963+00:00,0.44206,1.078848637000192,sqs-worker-5986dcd897-2qp8n,ip-192-168-20-201.ec2.internal,b33bb7e22d175db8e2e3fc50c07c762b9de05dddc219cf4db71902f7ad8caf00,1,57.0,1136.0
1,keda-mmpp-707-62aa420a,000282,176.803269,2026-08-31T21:13:20.869+00:00,2026-08-31T21:13:20.927+00:00,2026-08-31T21:13:21.327+00:00,2026-08-31T21:13:21.327+00:00,2026-08-31T21:13:22.203+00:00,2026-08-31T21:13:22.203+00:00,0.159152,0.8755557740005315,sqs-worker-5986dcd897-x8rdl,ip-192-168-20-201.ec2.internal,42cf8bc93fbcea897eb6145ae337206a7fd2be2b97886223c4d649e2d7ddc9ab,1,400.0,1276.0
1,keda-mmpp-707-62aa420a,000284,177.022049,2026-08-31T21:13:21.086+00:00,2026-08-31T21:13:21.145+00:00,2026-08-31T21:13:21.855+00:00,2026-08-31T21:13:21.855+00:00,2026-08-31T21:13:23.014+00:00,2026-08-31T21:13:23.014+00:00,0.474292,1.1588155930003268,sqs-worker-5986dcd897-7hbzd,ip-192-168-20-201.ec2.internal,b2309d76ed73cbf844b8ba4eec10c60faf1076e886ee0724d8248be9dde8def7,1,710.0,1869.0
1,keda-mmpp-707-62aa420a,000271,175.363673,2026-08-31T21:13:19.429+00:00,2026-08-31T21:13:19.492+00:00,2026-08-31T21:13:20.372+00:00,2026-08-31T21:13:20.372+00:00,2026-08-31T21:13:20.402+00:00,2026-08-31T21:13:20.402+00:00,0.013956,0.030010202000994468,sqs-worker-5986dcd897-2qp8n,ip-192-168-20-201.ec2.internal,4903465d8ef9ef52ac3a81d4e6771fdc9ab8930b3a12a622ae525e5d5602f256,1,880.0,910.0
1,keda-mmpp-707-62aa420a,000280,176.544874,2026-08-31T21:13:20.610+00:00,2026-08-31T21:13:20.667+00:00,2026-08-31T21:13:20.848+00:00,2026-08-31T21:13:20.848+00:00,2026-08-31T21:13:20.859+00:00,2026-08-31T21:13:20.859+00:00,0.010835,0.01104742899951816,sqs-worker-5986dcd897-2qp8n,ip-192-168-20-201.ec2.internal,eb42b7c57c9bcdb5a9757fc9cff2cf83bc015606daef950650e887b478dbdf4f,1,181.0,192.0
1,keda-mmpp-707-62aa420a,000286,177.267392,2026-08-31T21:13:21.331+00:00,2026-08-31T21:13:21.392+00:00,2026-08-31T21:13:21.997+00:00,2026-08-31T21:13:21.997+00:00,2026-08-31T21:13:22.734+00:00,2026-08-31T21:13:22.734+00:00,0.294495,0.7364923519999138,sqs-worker-5986dcd897-2qp8n,ip-192-168-20-201.ec2.internal,67868eee7d9f7fbf42acdda381e442ab6225841fc44f5e3f67795e62efdaf06c,1,605.0,1342.0
1,keda-mmpp-707-62aa420a,000292,177.792091,2026-08-31T21:13:21.856+00:00,2026-08-31T21:13:21.917+00:00,2026-08-31T21:13:23.051+00:00,2026-08-31T21:13:23.051+00:00,2026-08-31T21:13:23.100+00:00,2026-08-31T21:13:23.100+00:00,0.02516,0.04885447999913595,sqs-worker-5986dcd897-x8rdl,ip-192-168-20-201.ec2.internal,d363f126259788ca14faa9bf83ee8b4115cc979b2281756391777ad9c3183e89,1,1134.0,1183.0
1,keda-mmpp-707-62aa420a,000289,177.346496,2026-08-31T21:13:21.410+00:00,2026-08-31T21:13:21.469+00:00,2026-08-31T21:13:22.746+00:00,2026-08-31T21:13:22.746+00:00,2026-08-31T21:13:24.489+00:00,2026-08-31T21:13:24.489+00:00,0.501515,1.7429740699990361,sqs-worker-5986dcd897-2qp8n,ip-192-168-20-201.ec2.internal,0636de6c4cc71598eb2fb34948d1b89e2b67b4ae5e91a7198dedbbf84e137d2d,1,1277.0,3020.0
1,keda-mmpp-707-62aa420a,000273,175.541604,2026-08-31T21:13:19.607+00:00,2026-08-31T21:13:19.665+00:00,2026-08-31T21:13:20.423+00:00,2026-08-31T21:13:20.423+00:00,2026-08-31T21:13:20.657+00:00,2026-08-31T21:13:20.657+00:00,0.105737,0.2343528259989398,sqs-worker-5986dcd897-2qp8n,ip-192-168-20-201.ec2.internal,a2e85bc7c55a89503e7f81d70f77890e6284f81656bbde170dbef8313bf103a3,1,758.0,992.0
1,keda-mmpp-707-62aa420a,000283,176.836348,2026-08-31T21:13:20.902+00:00,2026-08-31T21:13:20.959+00:00,2026-08-31T21:13:21.031+00:00,2026-08-31T21:13:21.031+00:00,2026-08-31T21:13:21.227+00:00,2026-08-31T21:13:21.227+00:00,0.029337,0.19650705400090374,sqs-worker-5986dcd897-x8rdl,ip-192-168-20-201.ec2.internal,12848d77615a26215916cbc57e3b031df3482534c93cf0b6d2fa42cbba6a3ab5,1,72.0,268.0
1,keda-mmpp-707-62aa420a,000278,176.312671,2026-08-31T21:13:20.378+00:00,2026-08-31T21:13:20.442+00:00,2026-08-31T21:13:20.446+00:00,2026-08-31T21:13:20.446+00:00,2026-08-31T21:13:21.524+00:00,2026-08-31T21:13:21.524+00:00,0.447131,1.0781794819995412,sqs-worker-5986dcd897-7hbzd,ip-192-168-20-201.ec2.internal,1b6307027d8fe7df098e9eff657058f52e796078dd79810044362d39a3a591ce,1,4.0,1082.0
1,keda-mmpp-707-62aa420a,000290,177.39667,2026-08-31T21:13:21.461+00:00,2026-08-31T21:13:21.523+00:00,2026-08-31T21:13:22.296+00:00,2026-08-31T21:13:22.297+00:00,2026-08-31T21:13:22.306+00:00,2026-08-31T21:13:22.306+00:00,0.008993,0.009044227999766008,sqs-worker-5986dcd897-x8rdl,ip-192-168-20-201.ec2.internal,848a56111c1fdc8ef16314d362f374be743f696c0547bae782f93448269fff4b,1,773.0,783.0
1,keda-mmpp-707-62aa420a,000297,178.987552,2026-08-31T21:13:23.052+00:00,2026-08-31T21:13:23.112+00:00,2026-08-31T21:13:23.119+00:00,2026-08-31T21:13:23.119+00:00,2026-08-31T21:13:23.394+00:00,2026-08-31T21:13:23.394+00:00,0.110049,0.2752983549999044,sqs-worker-5986dcd897-x8rdl,ip-192-168-20-201.ec2.internal,1fdd0f9e6c01463e54eabf289ad117577993e477edc6137575cda4a2825980ba,1,7.0,282.0
1,keda-mmpp-707-62aa420a,000298,179.582614,2026-08-31T21:13:23.648+00:00,2026-08-31T21:13:23.711+00:00,2026-08-31T21:13:23.714+00:00,2026-08-31T21:13:23.714+00:00,2026-08-31T21:13:24.023+00:00,2026-08-31T21:13:24.023+00:00,0.150935,0.30922877400007565,sqs-worker-5986dcd897-x8rdl,ip-192-168-20-201.ec2.internal,a41a9195b018e9a9d67d785f5cb0e688dcc861ed495179f7c48516857df21c58,1,3.0,312.0
