schema_version,experiment_id,job_id,trace_offset_s,producer_sent_at,sqs_sent_at,worker_received_at,processing_started_at,processing_finished_at,result_sent_at,service_cpu_seconds,processing_wall_seconds,pod_name,node_name,digest,receive_count,queue_wait_ms,end_to_end_ms
1,keda-poisson-202-a411e6f9,000000,0.902139,2026-08-31T18:53:14.176+00:00,2026-08-31T18:53:10.463+00:00,2026-08-31T18:53:10.467+00:00,2026-08-31T18:53:10.467+00:00,2026-08-31T18:53:11.190+00:00,2026-08-31T18:53:11.191+00:00,0.126748,0.7236059420001766,sqs-worker-5986dcd897-x8rdl,ip-192-168-20-201.ec2.internal,b805631854d5b36d59e4e832a80eb65e62a71e081d2e0a6ec936b181044ac447,1,4.0,727.0
1,keda-poisson-202-a411e6f9,000002,1.878202,2026-08-31T18:53:15.150+00:00,2026-08-31T18:53:11.437+00:00,2026-08-31T18:53:11.450+00:00,2026-08-31T18:53:11.450+00:00,2026-08-31T18:53:11.489+00:00,2026-08-31T18:53:11.489+00:00,0.037763,0.03869223899982899,sqs-worker-5986dcd897-x8rdl,ip-192-168-20-201.ec2.internal,71b4af540bdbb28bb8aa77579b1f9fc2043ffd9d80d33010772c58f3e907f5b5,1,13.0,52.0
1,keda-poisson-202-a411e6f9,000001,1.549026,2026-08-31T18:53:14.821+00:00,2026-08-31T18:53:11.625+00:00,2026-08-31T18:53:11.632+00:00,2026-08-31T18:53:11.632+00:00,2026-08-31T18:53:11.711+00:00,2026-08-31T18:53:11.711+00:00,0.068745,0.07965266700011853,sqs-worker-5986dcd897-x8rdl,ip-192-168-20-201.ec2.internal,fe4fe1fabcdd6eba042c56b97857cfc8251aeaeab7f115813d85cc7756b43daa,1,7.0,86.0
1,keda-poisson-202-a411e6f9,000003,2.016174,2026-08-31T18:53:15.288+00:00,2026-08-31T18:53:12.097+00:00,2026-08-31T18:53:12.101+00:00,2026-08-31T18:53:12.101+00:00,2026-08-31T18:53:13.304+00:00,2026-08-31T18:53:13.304+00:00,0.501484,1.2028734460000123,sqs-worker-5986dcd897-x8rdl,ip-192-168-20-201.ec2.internal,b3322bf4d6fdcd69ddbfc28654088dcfa49b40c293f39d810156610238390db3,1,4.0,1207.0
1,keda-poisson-202-a411e6f9,000004,2.721909,2026-08-31T18:53:15.994+00:00,2026-08-31T18:53:12.293+00:00,2026-08-31T18:53:13.333+00:00,2026-08-31T18:53:13.333+00:00,2026-08-31T18:53:13.342+00:00,2026-08-31T18:53:13.342+00:00,0.008201,0.008237922999796865,sqs-worker-5986dcd897-x8rdl,ip-192-168-20-201.ec2.internal,f2eae1dfff2464317ab4a16bf0f8179f2d67a89c2c4e95cb21165d667ebe933f,1,1040.0,1049.0
1,keda-poisson-202-a411e6f9,000005,4.898803,2026-08-31T18:53:18.173+00:00,2026-08-31T18:53:14.461+00:00,2026-08-31T18:53:14.467+00:00,2026-08-31T18:53:14.467+00:00,2026-08-31T18:53:15.090+00:00,2026-08-31T18:53:15.090+00:00,0.265766,0.6229312879995632,sqs-worker-5986dcd897-x8rdl,ip-192-168-20-201.ec2.internal,1de4ad1beb10c5d4dc6ed0d60319fabe07f1841fa001a6f99f961e75baa3c6c3,1,6.0,629.0
1,keda-poisson-202-a411e6f9,000006,5.247662,2026-08-31T18:53:18.520+00:00,2026-08-31T18:53:14.807+00:00,2026-08-31T18:53:15.108+00:00,2026-08-31T18:53:15.108+00:00,2026-08-31T18:53:16.381+00:00,2026-08-31T18:53:16.381+00:00,0.507517,1.2733526380006879,sqs-worker-5986dcd897-x8rdl,ip-192-168-20-201.ec2.internal,28fe0b8469ae0b2ea39531c68312531442c424e00a64668f8d03f126d0510705,1,301.0,1574.0
1,keda-poisson-202-a411e6f9,000008,6.459984,2026-08-31T18:53:19.732+00:00,2026-08-31T18:53:16.018+00:00,2026-08-31T18:53:16.400+00:00,2026-08-31T18:53:16.400+00:00,2026-08-31T18:53:16.509+00:00,2026-08-31T18:53:16.509+00:00,0.063519,0.10910273899935419,sqs-worker-5986dcd897-x8rdl,ip-192-168-20-201.ec2.internal,a3a1794f227b36713b6c49f01e560c52d3529a2f3004a1fbd786a57888e94798,1,382.0,491.0
1,keda-poisson-202-a411e6f9,000007,6.437018,2026-08-31T18:53:19.710+00:00,2026-08-31T18:53:16.006+00:00,2026-08-31T18:53:16.530+00:00,2026-08-31T18:53:16.530+00:00,2026-08-31T18:53:16.594+00:00,2026-08-31T18:53:16.594+00:00,0.021367,0.06417145500017796,sqs-worker-5986dcd897-x8rdl,ip-192-168-20-201.ec2.internal,f177d3c1a0af316aed440db2e4f5474e2b29ea5df3f658847f6436445e560d6e,1,524.0,588.0
1,keda-poisson-202-a411e6f9,000009,6.928935,2026-08-31T18:53:20.201+00:00,2026-08-31T18:53:16.489+00:00,2026-08-31T18:53:16.633+00:00,2026-08-31T18:53:16.633+00:00,2026-08-31T18:53:17.379+00:00,2026-08-31T18:53:17.379+00:00,0.300173,0.7459027019995119,sqs-worker-5986dcd897-x8rdl,ip-192-168-20-201.ec2.internal,61a9e6358a2caba5bf3f3c71d74f803108b06a0ae7ac5cde2559bb63f5df1e1f,1,144.0,890.0
1,keda-poisson-202-a411e6f9,000011,7.495705,2026-08-31T18:53:20.768+00:00,2026-08-31T18:53:17.054+00:00,2026-08-31T18:53:17.398+00:00,2026-08-31T18:53:17.398+00:00,2026-08-31T18:53:17.483+00:00,2026-08-31T18:53:17.483+00:00,0.039952,0.08497890400030883,sqs-worker-5986dcd897-x8rdl,ip-192-168-20-201.ec2.internal,14d2796bedd26d946f31c4f357d5cfa127f7c95a144d697c2db01314148fae75,1,344.0,429.0
1,keda-poisson-202-a411e6f9,000010,7.069615,2026-08-31T18:53:20.341+00:00,2026-08-31T18:53:16.626+00:00,2026-08-31T18:53:17.523+00:00,2026-08-31T18:53:17.523+00:00,2026-08-31T18:53:18.282+00:00,2026-08-31T18:53:18.283+00:00,0.315033,0.759993659000429,sqs-worker-5986dcd897-x8rdl,ip-192-168-20-201.ec2.internal,bf9f96ee18db718eace902718b9a75f5a61392a9bb9003620afef787de92e612,1,897.0,1656.0
1,keda-poisson-202-a411e6f9,000012,8.086221,2026-08-31T18:53:21.358+00:00,2026-08-31T18:53:17.642+00:00,2026-08-31T18:53:18.306+00:00,2026-08-31T18:53:18.306+00:00,2026-08-31T18:53:19.277+00:00,2026-08-31T18:53:19.277+00:00,0.390978,0.9711182009996264,sqs-worker-5986dcd897-x8rdl,ip-192-168-20-201.ec2.internal,55884803f7c7f65712a1621dd7db210420a87fc52209718ce75a8df5bd4fefe7,1,664.0,1635.0
1,keda-poisson-202-a411e6f9,000013,9.297037,2026-08-31T18:53:22.570+00:00,2026-08-31T18:53:18.854+00:00,2026-08-31T18:53:19.306+00:00,2026-08-31T18:53:19.306+00:00,2026-08-31T18:53:19.318+00:00,2026-08-31T18:53:19.318+00:00,0.011668,0.011700985000061337,sqs-worker-5986dcd897-x8rdl,ip-192-168-20-201.ec2.internal,722cc1c88adf9271acee1beda256346a6e19f41fcb0247037b28f347a086c56f,1,452.0,464.0
1,keda-poisson-202-a411e6f9,000014,9.759641,2026-08-31T18:53:23.032+00:00,2026-08-31T18:53:19.316+00:00,2026-08-31T18:53:19.331+00:00,2026-08-31T18:53:19.331+00:00,2026-08-31T18:53:20.187+00:00,2026-08-31T18:53:20.187+00:00,0.238948,0.8560506069998155,sqs-worker-5986dcd897-x8rdl,ip-192-168-20-201.ec2.internal,091efe9c9e675c574196da5b415a65b949338c8f96a154d780e474442f4eccc7,1,15.0,871.0
1,keda-poisson-202-a411e6f9,000015,11.029222,2026-08-31T18:53:24.302+00:00,2026-08-31T18:53:20.586+00:00,2026-08-31T18:53:20.590+00:00,2026-08-31T18:53:20.590+00:00,2026-08-31T18:53:20.690+00:00,2026-08-31T18:53:20.690+00:00,0.020217,0.10037746599937236,sqs-worker-5986dcd897-x8rdl,ip-192-168-20-201.ec2.internal,9a3ffc954699d34fdeed4020f15986d25b5779e16bfa5b2544fcda4919cbe391,1,4.0,104.0
1,keda-poisson-202-a411e6f9,000016,11.276523,2026-08-31T18:53:24.548+00:00,2026-08-31T18:53:20.838+00:00,2026-08-31T18:53:20.887+00:00,2026-08-31T18:53:20.887+00:00,2026-08-31T18:53:21.715+00:00,2026-08-31T18:53:21.715+00:00,0.175715,0.8288457299995571,sqs-worker-5986dcd897-x8rdl,ip-192-168-20-201.ec2.internal,5d8face8afc87afdc066645c74e5ba782eb34e9696bd3b9d129dad001ad17baa,1,49.0,877.0
1,keda-poisson-202-a411e6f9,000018,11.753289,2026-08-31T18:53:25.024+00:00,2026-08-31T18:53:21.311+00:00,2026-08-31T18:53:21.801+00:00,2026-08-31T18:53:21.801+00:00,2026-08-31T18:53:21.820+00:00,2026-08-31T18:53:21.820+00:00,0.01862,0.018656107000424527,sqs-worker-5986dcd897-x8rdl,ip-192-168-20-201.ec2.internal,3ba5ce05cc2f5043ce30d70b561464ed2555c2607a45ac80ebbe71aa92d64544,1,490.0,509.0
1,keda-poisson-202-a411e6f9,000017,11.362421,2026-08-31T18:53:24.634+00:00,2026-08-31T18:53:20.920+00:00,2026-08-31T18:53:21.833+00:00,2026-08-31T18:53:21.833+00:00,2026-08-31T18:53:23.012+00:00,2026-08-31T18:53:23.012+00:00,0.491967,1.1788124980002976,sqs-worker-5986dcd897-x8rdl,ip-192-168-20-201.ec2.internal,31acfdbee0f5e7338c52765d141a8e8d790d42b4be031c006061aa2763b64a33,1,913.0,2092.0
1,keda-poisson-202-a411e6f9,000019,12.538372,2026-08-31T18:53:25.810+00:00,2026-08-31T18:53:22.098+00:00,2026-08-31T18:53:23.085+00:00,2026-08-31T18:53:23.085+00:00,2026-08-31T18:53:23.274+00:00,2026-08-31T18:53:23.274+00:00,0.07786,0.1888905320001868,sqs-worker-5986dcd897-x8rdl,ip-192-168-20-201.ec2.internal,b582ff52dcb177fe61c235f9ea438aaf3e0a5bded1f0b90dd4073bd24f7394d9,1,987.0,1176.0
1,keda-poisson-202-a411e6f9,000022,13.50964,2026-08-31T18:53:26.780+00:00,2026-08-31T18:53:23.068+00:00,2026-08-31T18:53:23.289+00:00,2026-08-31T18:53:23.289+00:00,2026-08-31T18:53:23.318+00:00,2026-08-31T18:53:23.318+00:00,0.028817,0.028852714999629825,sqs-worker-5986dcd897-x8rdl,ip-192-168-20-201.ec2.internal,1324de2311351626cf9ad879e90b91a06f1d9793c52ddeacf96ab3a6b176fcd1,1,221.0,250.0
1,keda-poisson-202-a411e6f9,000020,13.307629,2026-08-31T18:53:26.579+00:00,2026-08-31T18:53:22.864+00:00,2026-08-31T18:53:23.352+00:00,2026-08-31T18:53:23.352+00:00,2026-08-31T18:53:25.389+00:00,2026-08-31T18:53:25.389+00:00,0.818496,2.037481337999452,sqs-worker-5986dcd897-x8rdl,ip-192-168-20-201.ec2.internal,6bff1e64ada454b9a82d7759255b41d723b326d527e1fb5a64ec3b0b42363cb3,1,488.0,2525.0
1,keda-poisson-202-a411e6f9,000025,15.328202,2026-08-31T18:53:28.600+00:00,2026-08-31T18:53:24.889+00:00,2026-08-31T18:53:25.413+00:00,2026-08-31T18:53:25.413+00:00,2026-08-31T18:53:26.103+00:00,2026-08-31T18:53:26.103+00:00,0.28948,0.6900443530003031,sqs-worker-5986dcd897-x8rdl,ip-192-168-20-201.ec2.internal,299d93c7ea758c5c30318dddf15c02009f061e1930ec43db8c3f1831db455dc1,1,524.0,1214.0
1,keda-poisson-202-a411e6f9,000021,13.331028,2026-08-31T18:53:26.601+00:00,2026-08-31T18:53:22.890+00:00,2026-08-31T18:53:26.124+00:00,2026-08-31T18:53:26.124+00:00,2026-08-31T18:53:28.181+00:00,2026-08-31T18:53:28.181+00:00,0.813426,2.056607984999573,sqs-worker-5986dcd897-x8rdl,ip-192-168-20-201.ec2.internal,58bc4d56b9891da152707c0c7ad29d2470ff55fcbc6f818c477a1f77045e7e69,1,3234.0,5291.0
1,keda-poisson-202-a411e6f9,000023,13.693072,2026-08-31T18:53:26.964+00:00,2026-08-31T18:53:23.252+00:00,2026-08-31T18:53:28.394+00:00,2026-08-31T18:53:28.394+00:00,2026-08-31T18:53:28.484+00:00,2026-08-31T18:53:28.484+00:00,0.043562,0.09039910800038342,sqs-worker-5986dcd897-x8rdl,ip-192-168-20-201.ec2.internal,8ab7ed849fabdc44bae5f1de8efb2ffaf85524bc338e6d6960845abb7242f467,1,5142.0,5232.0
1,keda-poisson-202-a411e6f9,000028,16.982042,2026-08-31T18:53:30.254+00:00,2026-08-31T18:53:26.540+00:00,2026-08-31T18:53:28.196+00:00,2026-08-31T18:53:28.196+00:00,2026-08-31T18:53:28.287+00:00,2026-08-31T18:53:28.287+00:00,0.041548,0.09136370999931387,sqs-worker-5986dcd897-x8rdl,ip-192-168-20-201.ec2.internal,1ab55d221e99d71ceb65e4d9007ed1e1252c54616fe24e1b0cc86f832003fd58,1,1656.0,1747.0
1,keda-poisson-202-a411e6f9,000024,14.091737,2026-08-31T18:53:27.363+00:00,2026-08-31T18:53:23.651+00:00,2026-08-31T18:53:28.326+00:00,2026-08-31T18:53:28.326+00:00,2026-08-31T18:53:28.376+00:00,2026-08-31T18:53:28.377+00:00,0.019542,0.050271549000171944,sqs-worker-5986dcd897-x8rdl,ip-192-168-20-201.ec2.internal,b79c95cf4004955836de44c429bd670b713bfeaee62d4986a0f287268bc73eb5,1,4675.0,4725.0
1,keda-poisson-202-a411e6f9,000026,15.525675,2026-08-31T18:53:28.796+00:00,2026-08-31T18:53:25.084+00:00,2026-08-31T18:53:28.497+00:00,2026-08-31T18:53:28.497+00:00,2026-08-31T18:53:29.112+00:00,2026-08-31T18:53:29.112+00:00,0.263837,0.6147545379999428,sqs-worker-5986dcd897-x8rdl,ip-192-168-20-201.ec2.internal,a6952b8871e87e556c155c5a7c26608d40d88b80811ca9f17cd9dd650a3e7d7d,1,3413.0,4027.9999999999995
1,keda-poisson-202-a411e6f9,000031,19.198458,2026-08-31T18:53:32.469+00:00,2026-08-31T18:53:28.756+00:00,2026-08-31T18:53:29.178+00:00,2026-08-31T18:53:29.179+00:00,2026-08-31T18:53:31.502+00:00,2026-08-31T18:53:31.502+00:00,0.561116,2.323300951999954,sqs-worker-5986dcd897-x8rdl,ip-192-168-20-201.ec2.internal,0d5306a59390ae8c7c62d0bacf68bec2ccaa3ffd54dd78f7310e5de50be59ab3,1,422.0,2746.0
1,keda-poisson-202-a411e6f9,000032,19.387249,2026-08-31T18:53:32.658+00:00,2026-08-31T18:53:28.946+00:00,2026-08-31T18:53:31.593+00:00,2026-08-31T18:53:31.593+00:00,2026-08-31T18:53:32.792+00:00,2026-08-31T18:53:32.792+00:00,0.256179,1.1989713780003513,sqs-worker-5986dcd897-x8rdl,ip-192-168-20-201.ec2.internal,b506d67c8835b214c0df26d89e6b817e9d174ab6fd0b11da1ae86d2e0aafeb1d,1,2647.0,3846.0
1,keda-poisson-202-a411e6f9,000036,21.217958,2026-08-31T18:53:34.488+00:00,2026-08-31T18:53:30.773+00:00,2026-08-31T18:53:32.875+00:00,2026-08-31T18:53:32.875+00:00,2026-08-31T18:53:33.008+00:00,2026-08-31T18:53:33.008+00:00,0.073061,0.13369240300016827,sqs-worker-5986dcd897-x8rdl,ip-192-168-20-201.ec2.internal,847521686f7b51a497d6af1009b7db94931904c341ec75e3f86fce0f124c9822,1,2102.0,2235.0
1,keda-poisson-202-a411e6f9,000027,15.555032,2026-08-31T18:53:28.825+00:00,2026-08-31T18:53:25.117+00:00,2026-08-31T18:53:33.022+00:00,2026-08-31T18:53:33.022+00:00,2026-08-31T18:53:33.301+00:00,2026-08-31T18:53:33.301+00:00,0.109065,0.279762252999717,sqs-worker-5986dcd897-x8rdl,ip-192-168-20-201.ec2.internal,fe67701ace7f03d3ff10cb384c8af3f67194d7215b8717f95672df05d477f41e,1,7905.0,8183.999999999999
1,keda-poisson-202-a411e6f9,000029,18.253346,2026-08-31T18:53:31.524+00:00,2026-08-31T18:53:27.809+00:00,2026-08-31T18:53:33.319+00:00,2026-08-31T18:53:33.319+00:00,2026-08-31T18:53:33.710+00:00,2026-08-31T18:53:33.710+00:00,0.165193,0.3909878849999586,sqs-worker-5986dcd897-x8rdl,ip-192-168-20-201.ec2.internal,b52768282d1b17f608a8f19d68cf87c32a7a8bbcc55d84bd47928d0a9a7d2715,1,5510.0,5901.0
1,keda-poisson-202-a411e6f9,000033,19.508842,2026-08-31T18:53:32.779+00:00,2026-08-31T18:53:29.064+00:00,2026-08-31T18:53:33.775+00:00,2026-08-31T18:53:33.775+00:00,2026-08-31T18:53:35.706+00:00,2026-08-31T18:53:35.706+00:00,0.791677,1.9318102229999567,sqs-worker-5986dcd897-x8rdl,ip-192-168-20-201.ec2.internal,2b2fa9d17e9e622f82732bce4fa467471f02e5d61f2a8f5e79591b8b38caa642,1,4711.0,6642.0
1,keda-poisson-202-a411e6f9,000030,19.173798,2026-08-31T18:53:32.444+00:00,2026-08-31T18:53:28.731+00:00,2026-08-31T18:53:35.726+00:00,2026-08-31T18:53:35.726+00:00,2026-08-31T18:53:36.014+00:00,2026-08-31T18:53:36.014+00:00,0.123315,0.2880584900003669,sqs-worker-5986dcd897-x8rdl,ip-192-168-20-201.ec2.internal,0b27e5b601f3acb862492bb503a0ea60e365c8323a5adee8251b9b99206ac966,1,6995.0,7283.0
1,keda-poisson-202-a411e6f9,000039,22.490041,2026-08-31T18:53:35.761+00:00,2026-08-31T18:53:32.047+00:00,2026-08-31T18:53:36.211+00:00,2026-08-31T18:53:36.211+00:00,2026-08-31T18:53:36.222+00:00,2026-08-31T18:53:36.222+00:00,0.011185,0.011233739000090281,sqs-worker-5986dcd897-x8rdl,ip-192-168-20-201.ec2.internal,084ccc4ae7b9b1a8b9c2d629853ac6ebad7aefadb309a35d034ed4e0d9a44552,1,4164.0,4175.0
1,keda-poisson-202-a411e6f9,000037,21.373764,2026-08-31T18:53:34.644+00:00,2026-08-31T18:53:30.928+00:00,2026-08-31T18:53:36.093+00:00,2026-08-31T18:53:36.093+00:00,2026-08-31T18:53:36.194+00:00,2026-08-31T18:53:36.194+00:00,0.054967,0.10109318900049402,sqs-worker-5986dcd897-x8rdl,ip-192-168-20-201.ec2.internal,c00f22b27367909a6935e93e583a4d9518a213c41dbd1dc64863834a592ddd68,1,5165.0,5266.0
1,keda-poisson-202-a411e6f9,000034,21.049419,2026-08-31T18:53:34.320+00:00,2026-08-31T18:53:30.607+00:00,2026-08-31T18:53:36.243+00:00,2026-08-31T18:53:36.243+00:00,2026-08-31T18:53:37.885+00:00,2026-08-31T18:53:37.885+00:00,0.651574,1.6420217510003567,sqs-worker-5986dcd897-x8rdl,ip-192-168-20-201.ec2.internal,e7b3d3989365a5bf3ade603bcab441691f5b2de0e949448ca95fa56527e7b6d4,1,5636.0,7278.0
1,keda-poisson-202-a411e6f9,000045,27.539584,2026-08-31T18:53:40.811+00:00,2026-08-31T18:53:37.096+00:00,2026-08-31T18:53:37.900+00:00,2026-08-31T18:53:37.900+00:00,2026-08-31T18:53:38.607+00:00,2026-08-31T18:53:38.607+00:00,0.295977,0.7075792430005095,sqs-worker-5986dcd897-x8rdl,ip-192-168-20-201.ec2.internal,1d4534287cc96d11972b634c996a55c4692d889d27d5884a93005247c8295c34,1,804.0,1511.0
1,keda-poisson-202-a411e6f9,000040,25.050601,2026-08-31T18:53:38.323+00:00,2026-08-31T18:53:34.616+00:00,2026-08-31T18:53:38.622+00:00,2026-08-31T18:53:38.622+00:00,2026-08-31T18:53:39.587+00:00,2026-08-31T18:53:39.587+00:00,0.375442,0.9649324379997779,sqs-worker-5986dcd897-x8rdl,ip-192-168-20-201.ec2.internal,ebe08802b93cbfd705bbee96b070080dd9a294d75f79983cf3e30cf250dbf94c,1,4006.0,4971.0
1,keda-poisson-202-a411e6f9,000043,26.070281,2026-08-31T18:53:39.341+00:00,2026-08-31T18:53:35.628+00:00,2026-08-31T18:53:39.605+00:00,2026-08-31T18:53:39.605+00:00,2026-08-31T18:53:40.583+00:00,2026-08-31T18:53:40.583+00:00,0.197628,0.978019230999962,sqs-worker-5986dcd897-x8rdl,ip-192-168-20-201.ec2.internal,8cc74b3f38558a73d0df69a798f6100abb7afff422ace059208559232d28d042,1,3977.0,4955.0
1,keda-poisson-202-a411e6f9,000041,25.280847,2026-08-31T18:53:38.551+00:00,2026-08-31T18:53:34.840+00:00,2026-08-31T18:53:40.604+00:00,2026-08-31T18:53:40.604+00:00,2026-08-31T18:53:42.999+00:00,2026-08-31T18:53:43.000+00:00,0.55428,2.3956479110001965,sqs-worker-5986dcd897-x8rdl,ip-192-168-20-201.ec2.internal,bc63cdcbe29b9f16a94364fe4849920fdfb122f64206aac6e5b34bd830b360d6,1,5764.0,8159.000000000001
1,keda-poisson-202-a411e6f9,000046,31.299489,2026-08-31T18:53:44.574+00:00,2026-08-31T18:53:40.859+00:00,2026-08-31T18:53:43.014+00:00,2026-08-31T18:53:43.014+00:00,2026-08-31T18:53:43.987+00:00,2026-08-31T18:53:43.987+00:00,0.389252,0.9729737830002705,sqs-worker-5986dcd897-x8rdl,ip-192-168-20-201.ec2.internal,a13743b3b90c62f0e0a969c15a2c2df0d4a88ce7041430f8ec100fca7fe22d4a,1,2155.0,3128.0
1,keda-poisson-202-a411e6f9,000050,31.913894,2026-08-31T18:53:45.184+00:00,2026-08-31T18:53:41.469+00:00,2026-08-31T18:53:44.001+00:00,2026-08-31T18:53:44.001+00:00,2026-08-31T18:53:44.006+00:00,2026-08-31T18:53:44.006+00:00,0.005266,0.005297788000461878,sqs-worker-5986dcd897-x8rdl,ip-192-168-20-201.ec2.internal,c3011186f7d8b8dcb6b5c71f768b155286dcc6bd2dfcd861c1fa973c1d6d7928,1,2532.0,2537.0
1,keda-poisson-202-a411e6f9,000035,21.132716,2026-08-31T18:53:34.403+00:00,2026-08-31T18:53:30.692+00:00,2026-08-31T18:53:44.024+00:00,2026-08-31T18:53:44.024+00:00,2026-08-31T18:53:46.279+00:00,2026-08-31T18:53:46.279+00:00,0.899421,2.255159344999811,sqs-worker-5986dcd897-x8rdl,ip-192-168-20-201.ec2.internal,8dce3d9855d31a022acd3c4aeee06f053461f1e76274bcb6942fecb5f83b97af,1,13332.0,15587.0
1,keda-poisson-202-a411e6f9,000049,31.778637,2026-08-31T18:53:45.049+00:00,2026-08-31T18:53:41.335+00:00,2026-08-31T18:53:46.296+00:00,2026-08-31T18:53:46.296+00:00,2026-08-31T18:53:47.097+00:00,2026-08-31T18:53:47.097+00:00,0.333992,0.8018148849996578,sqs-worker-5986dcd897-x8rdl,ip-192-168-20-201.ec2.internal,c94779b7b951aaeb63a12c1bfab36272350a59ea5058ff7535c795d18a09aa0d,1,4961.0,5762.0
1,keda-poisson-202-a411e6f9,000059,36.886812,2026-08-31T18:53:50.159+00:00,2026-08-31T18:53:46.446+00:00,2026-08-31T18:53:47.113+00:00,2026-08-31T18:53:47.113+00:00,2026-08-31T18:53:47.412+00:00,2026-08-31T18:53:47.412+00:00,0.130316,0.29922857099973044,sqs-worker-5986dcd897-x8rdl,ip-192-168-20-201.ec2.internal,53ac21c7a4e80af37c1f02a2162baba2aac67740ff79ef9c6d0a317ac08590c0,1,667.0,966.0
1,keda-poisson-202-a411e6f9,000053,33.20848,2026-08-31T18:53:46.479+00:00,2026-08-31T18:53:42.765+00:00,2026-08-31T18:53:47.479+00:00,2026-08-31T18:53:47.479+00:00,2026-08-31T18:53:47.778+00:00,2026-08-31T18:53:47.778+00:00,0.122006,0.2990655619996687,sqs-worker-5986dcd897-x8rdl,ip-192-168-20-201.ec2.internal,07fc7f051d53d05287b2f009c8b823feda6ef39a074945ba9e6c612a7d395210,1,4714.0,5013.0
1,keda-poisson-202-a411e6f9,000047,31.472947,2026-08-31T18:53:44.743+00:00,2026-08-31T18:53:41.033+00:00,2026-08-31T18:53:47.797+00:00,2026-08-31T18:53:47.797+00:00,2026-08-31T18:53:48.481+00:00,2026-08-31T18:53:48.481+00:00,0.27859,0.6842838359998495,sqs-worker-5986dcd897-x8rdl,ip-192-168-20-201.ec2.internal,ecd22f061cbe2904c05ccb5e89d5faf44cad1a824ac90edc5b82d4b465aa9aae,1,6764.0,7448.0
1,keda-poisson-202-a411e6f9,000038,22.352119,2026-08-31T18:53:35.623+00:00,2026-08-31T18:53:31.914+00:00,2026-08-31T18:53:48.496+00:00,2026-08-31T18:53:48.496+00:00,2026-08-31T18:53:49.009+00:00,2026-08-31T18:53:49.009+00:00,0.224237,0.5134366930005854,sqs-worker-5986dcd897-x8rdl,ip-192-168-20-201.ec2.internal,5314c0231876a73b2b89471093db6afa8caf4bc9ae8cbd075d9ea71548c5a6d9,1,16582.0,17095.0
1,keda-poisson-202-a411e6f9,000044,26.28615,2026-08-31T18:53:39.557+00:00,2026-08-31T18:53:35.842+00:00,2026-08-31T18:53:49.031+00:00,2026-08-31T18:53:49.031+00:00,2026-08-31T18:53:49.395+00:00,2026-08-31T18:53:49.395+00:00,0.140816,0.3634020760000567,sqs-worker-5986dcd897-x8rdl,ip-192-168-20-201.ec2.internal,cce22f58476bf1a287d34a188c80b3aea2857591c692098937d4a51e9d3aebe4,1,13189.0,13553.0
1,keda-poisson-202-a411e6f9,000060,37.439897,2026-08-31T18:53:50.711+00:00,2026-08-31T18:53:46.996+00:00,2026-08-31T18:53:49.409+00:00,2026-08-31T18:53:49.409+00:00,2026-08-31T18:53:49.504+00:00,2026-08-31T18:53:49.504+00:00,0.045617,0.09495196999978361,sqs-worker-5986dcd897-x8rdl,ip-192-168-20-201.ec2.internal,51f3aa87450189cf677e6f6219b28ce9e61a988fe2e08ab23d6c0d0c1319b708,1,2413.0,2508.0
1,keda-poisson-202-a411e6f9,000051,32.216673,2026-08-31T18:53:45.488+00:00,2026-08-31T18:53:41.772+00:00,2026-08-31T18:53:49.574+00:00,2026-08-31T18:53:49.575+00:00,2026-08-31T18:53:49.617+00:00,2026-08-31T18:53:49.617+00:00,0.035435,0.042577776000143785,sqs-worker-5986dcd897-x8rdl,ip-192-168-20-201.ec2.internal,1f693a47d274971484e1070c718362d28a3e75077ff33d4233dd6102f0b8a848,1,7802.0,7845.0
1,keda-poisson-202-a411e6f9,000042,25.93713,2026-08-31T18:53:39.208+00:00,2026-08-31T18:53:35.493+00:00,2026-08-31T18:53:49.675+00:00,2026-08-31T18:53:49.675+00:00,2026-08-31T18:53:50.886+00:00,2026-08-31T18:53:50.886+00:00,0.22718,1.2115451750005377,sqs-worker-5986dcd897-x8rdl,ip-192-168-20-201.ec2.internal,eb085338343e22fcea4e740d61c995f2252bfc73e9e36febf28818fe54d9242b,1,14182.0,15393.0
1,keda-poisson-202-a411e6f9,000048,31.741702,2026-08-31T18:53:45.012+00:00,2026-08-31T18:53:41.298+00:00,2026-08-31T18:53:50.909+00:00,2026-08-31T18:53:50.909+00:00,2026-08-31T18:53:52.894+00:00,2026-08-31T18:53:52.894+00:00,0.454331,1.9850275580001835,sqs-worker-5986dcd897-x8rdl,ip-192-168-20-201.ec2.internal,232b68a624f2c773dda5201319337c9d32461a7fdfb30d41108be8ec3dd8828c,1,9611.0,11596.0
1,keda-poisson-202-a411e6f9,000052,32.676876,2026-08-31T18:53:45.948+00:00,2026-08-31T18:53:42.232+00:00,2026-08-31T18:53:52.918+00:00,2026-08-31T18:53:52.918+00:00,2026-08-31T18:53:53.204+00:00,2026-08-31T18:53:53.204+00:00,0.126256,0.28622204399925977,sqs-worker-5986dcd897-x8rdl,ip-192-168-20-201.ec2.internal,0db33b483af49466c846f8a10c669d39c0097ee66311a5862cd3ca25b0bc85cd,1,10686.0,10972.0
1,keda-poisson-202-a411e6f9,000055,33.584711,2026-08-31T18:53:46.855+00:00,2026-08-31T18:53:43.145+00:00,2026-08-31T18:53:53.221+00:00,2026-08-31T18:53:53.221+00:00,2026-08-31T18:53:53.490+00:00,2026-08-31T18:53:53.490+00:00,0.100929,0.26929752900014137,sqs-worker-5986dcd897-x8rdl,ip-192-168-20-201.ec2.internal,8b015c5e534a8bf5ff76ad73655e4a150123123d9303493c5f8c90a5b1b26213,1,10076.0,10345.0
1,keda-poisson-202-a411e6f9,000058,34.624512,2026-08-31T18:53:47.895+00:00,2026-08-31T18:53:44.182+00:00,2026-08-31T18:53:53.513+00:00,2026-08-31T18:53:53.513+00:00,2026-08-31T18:53:53.979+00:00,2026-08-31T18:53:53.979+00:00,0.185468,0.46680325099987385,sqs-worker-5986dcd897-x8rdl,ip-192-168-20-201.ec2.internal,abf458a7d06b9d63ddb87090dac3c6583a5cc6b90b3c0e95e8b1ef373ee8b203,1,9331.0,9797.0
1,keda-poisson-202-a411e6f9,000061,37.449427,2026-08-31T18:53:50.720+00:00,2026-08-31T18:53:47.005+00:00,2026-08-31T18:53:53.996+00:00,2026-08-31T18:53:53.996+00:00,2026-08-31T18:53:54.012+00:00,2026-08-31T18:53:54.012+00:00,0.015667,0.015700901999480266,sqs-worker-5986dcd897-x8rdl,ip-192-168-20-201.ec2.internal,04eb432db2a6703ae8741d45712c7006e71be7eacd5fb09d4068bb1043ce3f6d,1,6991.0,7007.0
1,keda-poisson-202-a411e6f9,000054,33.477191,2026-08-31T18:53:46.748+00:00,2026-08-31T18:53:43.032+00:00,2026-08-31T18:53:54.029+00:00,2026-08-31T18:53:54.029+00:00,2026-08-31T18:53:54.895+00:00,2026-08-31T18:53:54.895+00:00,0.352566,0.865768059000402,sqs-worker-5986dcd897-x8rdl,ip-192-168-20-201.ec2.internal,22e358310eab64402afa82726a302f327356b2ad6fc5726d7f89217f534b1912,1,10997.0,11863.0
1,keda-poisson-202-a411e6f9,000066,44.414615,2026-08-31T18:53:57.684+00:00,2026-08-31T18:53:53.971+00:00,2026-08-31T18:53:54.926+00:00,2026-08-31T18:53:54.926+00:00,2026-08-31T18:53:55.317+00:00,2026-08-31T18:53:55.317+00:00,0.167071,0.3911641149998104,sqs-worker-5986dcd897-x8rdl,ip-192-168-20-201.ec2.internal,a6575db82c7f8d3a45dd635c2c8e68ce62203857b71b9baa47bf65c1a7382452,1,955.0,1346.0
1,keda-poisson-202-a411e6f9,000057,34.359948,2026-08-31T18:53:47.630+00:00,2026-08-31T18:53:43.916+00:00,2026-08-31T18:53:55.333+00:00,2026-08-31T18:53:55.333+00:00,2026-08-31T18:53:55.599+00:00,2026-08-31T18:53:55.599+00:00,0.105714,0.26630787900012365,sqs-worker-5986dcd897-x8rdl,ip-192-168-20-201.ec2.internal,e364c91aad7fd4907fd86a064652ea572ef6df4d075c7a3a82dc845745828451,1,11417.0,11683.0
1,keda-poisson-202-a411e6f9,000056,34.09175,2026-08-31T18:53:47.363+00:00,2026-08-31T18:53:43.649+00:00,2026-08-31T18:53:55.616+00:00,2026-08-31T18:53:55.616+00:00,2026-08-31T18:53:56.099+00:00,2026-08-31T18:53:56.099+00:00,0.188487,0.48297039800036146,sqs-worker-5986dcd897-x8rdl,ip-192-168-20-201.ec2.internal,e7845b0e6a43e22c822648740be0c832d0da7cc2067ecc95911aecbd520340f2,1,11967.0,12450.0
1,keda-poisson-202-a411e6f9,000064,41.911456,2026-08-31T18:53:55.181+00:00,2026-08-31T18:53:51.482+00:00,2026-08-31T18:53:56.547+00:00,2026-08-31T18:53:56.547+00:00,2026-08-31T18:53:56.552+00:00,2026-08-31T18:53:56.552+00:00,0.005,0.0050773700004356215,sqs-worker-5986dcd897-dwkkb,ip-192-168-20-201.ec2.internal,c0aa52156cd0cc67751e0be5b8d25a84d3dda3264543af8fa2de3a9d527876c0,1,5065.0,5070.0
1,keda-poisson-202-a411e6f9,000065,44.345257,2026-08-31T18:53:57.617+00:00,2026-08-31T18:53:53.904+00:00,2026-08-31T18:53:56.642+00:00,2026-08-31T18:53:56.642+00:00,2026-08-31T18:53:57.448+00:00,2026-08-31T18:53:57.448+00:00,0.154201,0.8062233700002253,sqs-worker-5986dcd897-dwkkb,ip-192-168-20-201.ec2.internal,c8830dc532caf919f2c7d50d096814ed10c939cab00339ec8258b8450e33254d,1,2738.0,3544.0
1,keda-poisson-202-a411e6f9,000069,47.345534,2026-08-31T18:54:00.615+00:00,2026-08-31T18:53:56.899+00:00,2026-08-31T18:53:57.488+00:00,2026-08-31T18:53:57.488+00:00,2026-08-31T18:53:57.953+00:00,2026-08-31T18:53:57.953+00:00,0.097592,0.4649462509996738,sqs-worker-5986dcd897-dwkkb,ip-192-168-20-201.ec2.internal,f6f7bfd24e81eed8e8cf7b9c98ada1d3828777435e9ace2797126257f8dad325,1,589.0,1054.0
1,keda-poisson-202-a411e6f9,000063,41.602605,2026-08-31T18:53:54.874+00:00,2026-08-31T18:53:51.161+00:00,2026-08-31T18:53:56.114+00:00,2026-08-31T18:53:56.114+00:00,2026-08-31T18:53:58.017+00:00,2026-08-31T18:53:58.017+00:00,0.776732,1.9033880470005897,sqs-worker-5986dcd897-x8rdl,ip-192-168-20-201.ec2.internal,a54255260ceaa2b110501ca9e8fc6bfff7db50bc8f6df6ac478e54925422b761,1,4953.0,6856.0
1,keda-poisson-202-a411e6f9,000062,39.417202,2026-08-31T18:53:52.688+00:00,2026-08-31T18:53:48.972+00:00,2026-08-31T18:53:58.063+00:00,2026-08-31T18:53:58.063+00:00,2026-08-31T18:53:58.349+00:00,2026-08-31T18:53:58.349+00:00,0.061901,0.28601180799978465,sqs-worker-5986dcd897-dwkkb,ip-192-168-20-201.ec2.internal,6a587a4a113b3316d0b7eb1aa24fbebfd00dad066d0587c2ea681cf79ed87cad,1,9091.0,9377.0
1,keda-poisson-202-a411e6f9,000070,48.052609,2026-08-31T18:54:01.322+00:00,2026-08-31T18:53:57.607+00:00,2026-08-31T18:53:58.044+00:00,2026-08-31T18:53:58.044+00:00,2026-08-31T18:53:58.590+00:00,2026-08-31T18:53:58.590+00:00,0.208555,0.5455456079998839,sqs-worker-5986dcd897-x8rdl,ip-192-168-20-201.ec2.internal,9428d638bb5a7436f74c906e678b3f508d7e25703aa8136fc85b25815358e469,1,437.0,983.0
1,keda-poisson-202-a411e6f9,000067,45.982854,2026-08-31T18:53:59.253+00:00,2026-08-31T18:53:55.541+00:00,2026-08-31T18:53:58.442+00:00,2026-08-31T18:53:58.442+00:00,2026-08-31T18:53:58.955+00:00,2026-08-31T18:53:58.955+00:00,0.114102,0.5127195420000135,sqs-worker-5986dcd897-dwkkb,ip-192-168-20-201.ec2.internal,e716533764343c45889002a3892521a56152f88d0f74a64698b43cf517cb778c,1,2901.0,3414.0
1,keda-poisson-202-a411e6f9,000068,46.098458,2026-08-31T18:53:59.368+00:00,2026-08-31T18:53:55.653+00:00,2026-08-31T18:53:58.612+00:00,2026-08-31T18:53:58.612+00:00,2026-08-31T18:53:59.008+00:00,2026-08-31T18:53:59.008+00:00,0.173739,0.39596052400065673,sqs-worker-5986dcd897-x8rdl,ip-192-168-20-201.ec2.internal,9b61f2ab36fac67ada9c5bc5fb01a287a8150c7d816a317d4b03fa9d10f15a5b,1,2959.0,3355.0
1,keda-poisson-202-a411e6f9,000072,50.263907,2026-08-31T18:54:03.533+00:00,2026-08-31T18:53:59.817+00:00,2026-08-31T18:53:59.826+00:00,2026-08-31T18:53:59.826+00:00,2026-08-31T18:54:00.146+00:00,2026-08-31T18:54:00.146+00:00,0.141081,0.3202893520001453,sqs-worker-5986dcd897-dwkkb,ip-192-168-20-201.ec2.internal,24f7176b6fe262e3384611eefdd2852a612ca049e3b2047bfde1058a6f37c475,1,9.0,329.0
1,keda-poisson-202-a411e6f9,000071,50.038945,2026-08-31T18:54:03.310+00:00,2026-08-31T18:53:59.595+00:00,2026-08-31T18:53:59.599+00:00,2026-08-31T18:53:59.599+00:00,2026-08-31T18:54:00.288+00:00,2026-08-31T18:54:00.288+00:00,0.163658,0.6882428199996866,sqs-worker-5986dcd897-x8rdl,ip-192-168-20-201.ec2.internal,d6d2f5703b6b9dd99ba4606cacdbc29002f32ad09f8e7088ae53065b5c42674b,1,4.0,693.0
1,keda-poisson-202-a411e6f9,000073,50.9271,2026-08-31T18:54:04.197+00:00,2026-08-31T18:54:00.481+00:00,2026-08-31T18:54:00.488+00:00,2026-08-31T18:54:00.488+00:00,2026-08-31T18:54:01.094+00:00,2026-08-31T18:54:01.094+00:00,0.121511,0.6060505929999636,sqs-worker-5986dcd897-x8rdl,ip-192-168-20-201.ec2.internal,14678b84e94bb6f7a00459b4bdc5ae0c6ef4efc0ad37c7fce2e08071dbd15001,1,7.0,613.0
1,keda-poisson-202-a411e6f9,000075,52.777681,2026-08-31T18:54:06.047+00:00,2026-08-31T18:54:02.333+00:00,2026-08-31T18:54:02.337+00:00,2026-08-31T18:54:02.337+00:00,2026-08-31T18:54:02.509+00:00,2026-08-31T18:54:02.509+00:00,0.108614,0.17231091299981927,sqs-worker-5986dcd897-x8rdl,ip-192-168-20-201.ec2.internal,4eeb0682db77d3dd492a818cd3ed1dc799d14231592cbfd46106c55f96be2040,1,4.0,176.0
1,keda-poisson-202-a411e6f9,000076,52.905615,2026-08-31T18:54:06.175+00:00,2026-08-31T18:54:02.459+00:00,2026-08-31T18:54:02.536+00:00,2026-08-31T18:54:02.537+00:00,2026-08-31T18:54:03.307+00:00,2026-08-31T18:54:03.307+00:00,0.313256,0.7700611550008034,sqs-worker-5986dcd897-x8rdl,ip-192-168-20-201.ec2.internal,512715c4cfa6345f5a630b58d1657dd4e88e63477d2760985540120119bb88bd,1,77.0,848.0
1,keda-poisson-202-a411e6f9,000074,52.691469,2026-08-31T18:54:05.962+00:00,2026-08-31T18:54:02.246+00:00,2026-08-31T18:54:02.251+00:00,2026-08-31T18:54:02.251+00:00,2026-08-31T18:54:03.482+00:00,2026-08-31T18:54:03.482+00:00,0.520214,1.2309599640002489,sqs-worker-5986dcd897-dwkkb,ip-192-168-20-201.ec2.internal,663477028f738ae2166cccd88a601817b8d85ba276f78eaf8d4102b7cd04eb6b,1,5.0,1236.0
1,keda-poisson-202-a411e6f9,000077,53.414566,2026-08-31T18:54:06.684+00:00,2026-08-31T18:54:02.969+00:00,2026-08-31T18:54:03.396+00:00,2026-08-31T18:54:03.396+00:00,2026-08-31T18:54:03.500+00:00,2026-08-31T18:54:03.500+00:00,0.050396,0.10447580199979711,sqs-worker-5986dcd897-x8rdl,ip-192-168-20-201.ec2.internal,1bfb929d35e70edf1327e4f5c568eb9f2e9a36585aebc8954eff08c2257e2c06,1,427.0,531.0
1,keda-poisson-202-a411e6f9,000079,53.539317,2026-08-31T18:54:06.808+00:00,2026-08-31T18:54:03.095+00:00,2026-08-31T18:54:03.322+00:00,2026-08-31T18:54:03.323+00:00,2026-08-31T18:54:03.381+00:00,2026-08-31T18:54:03.381+00:00,0.009911,0.05825781599924085,sqs-worker-5986dcd897-x8rdl,ip-192-168-20-201.ec2.internal,ec217fce87bad098f74448b31811e720973a494ac159f6c575b015a340e4a6d6,1,227.0,286.0
1,keda-poisson-202-a411e6f9,000081,53.815418,2026-08-31T18:54:07.085+00:00,2026-08-31T18:54:03.370+00:00,2026-08-31T18:54:03.542+00:00,2026-08-31T18:54:03.542+00:00,2026-08-31T18:54:03.892+00:00,2026-08-31T18:54:03.892+00:00,0.139218,0.3496503219994338,sqs-worker-5986dcd897-x8rdl,ip-192-168-20-201.ec2.internal,f56fd51989924e3d8b5f089e54f66ca8aab9325ac805b251c71290e96be9f081,1,172.0,522.0
1,keda-poisson-202-a411e6f9,000078,53.504265,2026-08-31T18:54:06.774+00:00,2026-08-31T18:54:03.065+00:00,2026-08-31T18:54:03.522+00:00,2026-08-31T18:54:03.522+00:00,2026-08-31T18:54:03.527+00:00,2026-08-31T18:54:03.527+00:00,0.005,0.005033819999880507,sqs-worker-5986dcd897-x8rdl,ip-192-168-20-201.ec2.internal,4b982a44e68d86e44dd7482c190b5d331e729907864274682c0ae4f663f3ad72,1,457.0,462.0
1,keda-poisson-202-a411e6f9,000082,54.471486,2026-08-31T18:54:07.741+00:00,2026-08-31T18:54:04.036+00:00,2026-08-31T18:54:04.040+00:00,2026-08-31T18:54:04.040+00:00,2026-08-31T18:54:04.098+00:00,2026-08-31T18:54:04.098+00:00,0.057036,0.05790085100034048,sqs-worker-5986dcd897-x8rdl,ip-192-168-20-201.ec2.internal,69cc65dedd62f5588237f054fb3a233adb7b8fc2e87c7818f9c6a165b87a78d1,1,4.0,62.0
1,keda-poisson-202-a411e6f9,000083,54.863419,2026-08-31T18:54:08.133+00:00,2026-08-31T18:54:04.421+00:00,2026-08-31T18:54:04.426+00:00,2026-08-31T18:54:04.426+00:00,2026-08-31T18:54:04.457+00:00,2026-08-31T18:54:04.457+00:00,0.031441,0.03153090700016037,sqs-worker-5986dcd897-x8rdl,ip-192-168-20-201.ec2.internal,689321273fbcb8fe95307f0bccc2928defb1318712f0b057e7d493b591c9f609,1,5.0,36.0
1,keda-poisson-202-a411e6f9,000085,55.459294,2026-08-31T18:54:08.728+00:00,2026-08-31T18:54:05.014+00:00,2026-08-31T18:54:05.018+00:00,2026-08-31T18:54:05.018+00:00,2026-08-31T18:54:05.296+00:00,2026-08-31T18:54:05.296+00:00,0.134497,0.2778480300003139,sqs-worker-5986dcd897-x8rdl,ip-192-168-20-201.ec2.internal,0fa6bfc177b17b1560d2610f8048baf37793d1e65b445869b8b9dd92171cb8af,1,4.0,282.0
1,keda-poisson-202-a411e6f9,000080,53.549095,2026-08-31T18:54:06.818+00:00,2026-08-31T18:54:03.615+00:00,2026-08-31T18:54:03.620+00:00,2026-08-31T18:54:03.620+00:00,2026-08-31T18:54:04.352+00:00,2026-08-31T18:54:04.352+00:00,0.307621,0.7319629869998607,sqs-worker-5986dcd897-dwkkb,ip-192-168-20-201.ec2.internal,13bd07e187d02c4446bda885d924cc1e11ade808f78238f3d5554b82e0b0299f,1,5.0,737.0
1,keda-poisson-202-a411e6f9,000086,55.526012,2026-08-31T18:54:08.795+00:00,2026-08-31T18:54:05.082+00:00,2026-08-31T18:54:05.086+00:00,2026-08-31T18:54:05.086+00:00,2026-08-31T18:54:05.917+00:00,2026-08-31T18:54:05.917+00:00,0.346202,0.830974301000424,sqs-worker-5986dcd897-dwkkb,ip-192-168-20-201.ec2.internal,32f10387ff15c3fb3ee0b03a5364b6f8a40bd693b1f5b9f4a809f5584708595f,1,4.0,835.0
1,keda-poisson-202-a411e6f9,000087,56.04688,2026-08-31T18:54:09.316+00:00,2026-08-31T18:54:05.602+00:00,2026-08-31T18:54:05.607+00:00,2026-08-31T18:54:05.607+00:00,2026-08-31T18:54:06.196+00:00,2026-08-31T18:54:06.196+00:00,0.253454,0.5897567690008145,sqs-worker-5986dcd897-x8rdl,ip-192-168-20-201.ec2.internal,9d0e48ed30734ee861958f3f9456a2606cc5edf810e5c4d1c3f3cddb111f7687,1,5.0,594.0
1,keda-poisson-202-a411e6f9,000088,56.153478,2026-08-31T18:54:09.423+00:00,2026-08-31T18:54:05.708+00:00,2026-08-31T18:54:05.952+00:00,2026-08-31T18:54:05.952+00:00,2026-08-31T18:54:06.125+00:00,2026-08-31T18:54:06.125+00:00,0.086529,0.17320755800028564,sqs-worker-5986dcd897-dwkkb,ip-192-168-20-201.ec2.internal,09e402a86e7dcc711de69ae0fcd3b16609f79caef068cefb02d01e4241510f61,1,244.0,417.0
1,keda-poisson-202-a411e6f9,000084,55.442593,2026-08-31T18:54:08.712+00:00,2026-08-31T18:54:04.997+00:00,2026-08-31T18:54:05.001+00:00,2026-08-31T18:54:05.001+00:00,2026-08-31T18:54:05.006+00:00,2026-08-31T18:54:05.006+00:00,0.005,0.00503846900028293,sqs-worker-5986dcd897-dwkkb,ip-192-168-20-201.ec2.internal,296c153a4d72aa1089b4fbd682c467eee1357814d1d01f5a886cbecfc7332921,1,4.0,9.0
1,keda-poisson-202-a411e6f9,000091,56.860804,2026-08-31T18:54:10.131+00:00,2026-08-31T18:54:06.416+00:00,2026-08-31T18:54:06.421+00:00,2026-08-31T18:54:06.421+00:00,2026-08-31T18:54:06.753+00:00,2026-08-31T18:54:06.753+00:00,0.075655,0.33185304400012683,sqs-worker-5986dcd897-dwkkb,ip-192-168-20-201.ec2.internal,1f9be739dda3b2df8ac2556124fc9f5775758bdbb71c567bef6ff8e6e5fe611c,1,5.0,337.0
1,keda-poisson-202-a411e6f9,000090,56.201294,2026-08-31T18:54:09.470+00:00,2026-08-31T18:54:05.757+00:00,2026-08-31T18:54:06.223+00:00,2026-08-31T18:54:06.223+00:00,2026-08-31T18:54:07.484+00:00,2026-08-31T18:54:07.484+00:00,0.506023,1.2613366069999756,sqs-worker-5986dcd897-x8rdl,ip-192-168-20-201.ec2.internal,8eef43255a6b9c9527dc7d86c6917e136cafa1c534216dd3e7fcc2d6018817e9,1,466.0,1727.0
1,keda-poisson-202-a411e6f9,000089,56.161545,2026-08-31T18:54:09.431+00:00,2026-08-31T18:54:05.714+00:00,2026-08-31T18:54:06.191+00:00,2026-08-31T18:54:06.191+00:00,2026-08-31T18:54:06.255+00:00,2026-08-31T18:54:06.255+00:00,0.019851,0.06321387099978892,sqs-worker-5986dcd897-dwkkb,ip-192-168-20-201.ec2.internal,09ed8e6936e1ed64de3705e1fba8d5f57f2a8b425198424dfa5e17a6a3db230a,1,477.0,541.0
1,keda-poisson-202-a411e6f9,000093,59.300125,2026-08-31T18:54:12.570+00:00,2026-08-31T18:54:08.853+00:00,2026-08-31T18:54:08.858+00:00,2026-08-31T18:54:08.858+00:00,2026-08-31T18:54:08.871+00:00,2026-08-31T18:54:08.871+00:00,0.013371,0.013595059000181209,sqs-worker-5986dcd897-x8rdl,ip-192-168-20-201.ec2.internal,f776768c1e7219497ebd0d7049245b9440ddbecc83c8c8fa8ec6d1cf153987ff,1,5.0,18.0
1,keda-poisson-202-a411e6f9,000092,58.87151,2026-08-31T18:54:12.143+00:00,2026-08-31T18:54:08.430+00:00,2026-08-31T18:54:08.435+00:00,2026-08-31T18:54:08.435+00:00,2026-08-31T18:54:08.918+00:00,2026-08-31T18:54:08.918+00:00,0.207783,0.4833076879995133,sqs-worker-5986dcd897-dwkkb,ip-192-168-20-201.ec2.internal,fde554ae8ba8342631156147a1244ccc2f25a04475f3045d063d902986dbc0ed,1,5.0,488.0
1,keda-poisson-202-a411e6f9,000095,59.439467,2026-08-31T18:54:12.709+00:00,2026-08-31T18:54:08.993+00:00,2026-08-31T18:54:08.997+00:00,2026-08-31T18:54:08.997+00:00,2026-08-31T18:54:09.034+00:00,2026-08-31T18:54:09.034+00:00,0.036698,0.03687532500043744,sqs-worker-5986dcd897-dwkkb,ip-192-168-20-201.ec2.internal,0e0a430ba23ce8e314ff6bc93f48c29e30e0a7fb90a44956e63aa05d719d27cc,1,4.0,41.0
1,keda-poisson-202-a411e6f9,000094,59.304068,2026-08-31T18:54:12.573+00:00,2026-08-31T18:54:08.861+00:00,2026-08-31T18:54:08.911+00:00,2026-08-31T18:54:08.911+00:00,2026-08-31T18:54:09.897+00:00,2026-08-31T18:54:09.897+00:00,0.377371,0.9856746440000279,sqs-worker-5986dcd897-x8rdl,ip-192-168-20-201.ec2.internal,3a1acb7371409b8791463dc4e6c5335f1e542eb2f48303e9c44202477b820c07,1,50.0,1036.0
1,keda-poisson-202-a411e6f9,000096,60.154143,2026-08-31T18:54:13.424+00:00,2026-08-31T18:54:09.712+00:00,2026-08-31T18:54:09.716+00:00,2026-08-31T18:54:09.716+00:00,2026-08-31T18:54:10.354+00:00,2026-08-31T18:54:10.354+00:00,0.27557,0.637521378999736,sqs-worker-5986dcd897-dwkkb,ip-192-168-20-201.ec2.internal,180d2fb7b3c24d5ca3f7745ac539870347c51bf3ca4743f6a57f3bcf718acbb8,1,4.0,642.0
1,keda-poisson-202-a411e6f9,000097,61.137491,2026-08-31T18:54:14.407+00:00,2026-08-31T18:54:10.695+00:00,2026-08-31T18:54:10.699+00:00,2026-08-31T18:54:10.699+00:00,2026-08-31T18:54:11.102+00:00,2026-08-31T18:54:11.102+00:00,0.075323,0.40220747900002607,sqs-worker-5986dcd897-x8rdl,ip-192-168-20-201.ec2.internal,206ea4d8e64382a18bf8a80a72c2f20f7b9feb28810f874eb33da03d069440c0,1,4.0,407.0
1,keda-poisson-202-a411e6f9,000099,61.675538,2026-08-31T18:54:14.945+00:00,2026-08-31T18:54:11.229+00:00,2026-08-31T18:54:11.232+00:00,2026-08-31T18:54:11.232+00:00,2026-08-31T18:54:11.404+00:00,2026-08-31T18:54:11.404+00:00,0.065521,0.17207614600010857,sqs-worker-5986dcd897-x8rdl,ip-192-168-20-201.ec2.internal,73f4660a2e232003ec2d880736313cadab60bd9de95aa9afb8ce77031673379a,1,3.0,175.0
1,keda-poisson-202-a411e6f9,000098,61.281694,2026-08-31T18:54:14.551+00:00,2026-08-31T18:54:10.837+00:00,2026-08-31T18:54:10.841+00:00,2026-08-31T18:54:10.841+00:00,2026-08-31T18:54:11.747+00:00,2026-08-31T18:54:11.747+00:00,0.372359,0.9059013579999373,sqs-worker-5986dcd897-dwkkb,ip-192-168-20-201.ec2.internal,38d9c2314d840f81600ed8f21a6ea2742520501fa5ac047e40821541da461b53,1,4.0,910.0
1,keda-poisson-202-a411e6f9,000100,61.698653,2026-08-31T18:54:14.968+00:00,2026-08-31T18:54:11.254+00:00,2026-08-31T18:54:11.427+00:00,2026-08-31T18:54:11.427+00:00,2026-08-31T18:54:11.691+00:00,2026-08-31T18:54:11.691+00:00,0.103845,0.26404445999924064,sqs-worker-5986dcd897-x8rdl,ip-192-168-20-201.ec2.internal,9ba073e0393e8b6dccb9a6b08f33d13733278e37afbc473d93055d3e6ebadcd0,1,173.0,437.0
1,keda-poisson-202-a411e6f9,000101,62.184316,2026-08-31T18:54:15.454+00:00,2026-08-31T18:54:11.741+00:00,2026-08-31T18:54:11.748+00:00,2026-08-31T18:54:11.748+00:00,2026-08-31T18:54:12.312+00:00,2026-08-31T18:54:12.312+00:00,0.259995,0.5643703289997575,sqs-worker-5986dcd897-x8rdl,ip-192-168-20-201.ec2.internal,4da6e81a5c5108ef999f991bb74b2aecac40393293a847cae9bca52c725dc3ef,1,7.0,571.0
1,keda-poisson-202-a411e6f9,000102,63.066132,2026-08-31T18:54:16.336+00:00,2026-08-31T18:54:12.621+00:00,2026-08-31T18:54:12.624+00:00,2026-08-31T18:54:12.624+00:00,2026-08-31T18:54:13.088+00:00,2026-08-31T18:54:13.088+00:00,0.202952,0.46449521500017,sqs-worker-5986dcd897-x8rdl,ip-192-168-20-201.ec2.internal,4b5cdea4fe3b3037c1914dedfa789c2579bc5da354e2dcc6761621d3fb97e8d6,1,3.0,467.0
1,keda-poisson-202-a411e6f9,000103,63.498841,2026-08-31T18:54:16.768+00:00,2026-08-31T18:54:13.057+00:00,2026-08-31T18:54:13.062+00:00,2026-08-31T18:54:13.062+00:00,2026-08-31T18:54:13.772+00:00,2026-08-31T18:54:13.772+00:00,0.310373,0.7100164410003345,sqs-worker-5986dcd897-dwkkb,ip-192-168-20-201.ec2.internal,c2a0842f6632a7df6a7a9bb70b41f68c8e613067ef8fa20be544f803c4f9c7af,1,5.0,715.0
1,keda-poisson-202-a411e6f9,000104,64.460346,2026-08-31T18:54:17.730+00:00,2026-08-31T18:54:14.023+00:00,2026-08-31T18:54:14.027+00:00,2026-08-31T18:54:14.027+00:00,2026-08-31T18:54:14.116+00:00,2026-08-31T18:54:14.116+00:00,0.073011,0.08829269399939221,sqs-worker-5986dcd897-x8rdl,ip-192-168-20-201.ec2.internal,a4ded10952d2582ce52b7a19a44461c9a45860e7fcb5a0e0d93499f7409c4df9,1,4.0,93.0
1,keda-poisson-202-a411e6f9,000105,64.627158,2026-08-31T18:54:17.896+00:00,2026-08-31T18:54:14.182+00:00,2026-08-31T18:54:14.186+00:00,2026-08-31T18:54:14.186+00:00,2026-08-31T18:54:14.211+00:00,2026-08-31T18:54:14.211+00:00,0.025048,0.025164616999973077,sqs-worker-5986dcd897-dwkkb,ip-192-168-20-201.ec2.internal,d928307385d8c7e7bc0d2f46c726e09df68df26b8349383640f1dcf457220270,1,4.0,29.0
1,keda-poisson-202-a411e6f9,000106,65.312601,2026-08-31T18:54:18.582+00:00,2026-08-31T18:54:14.867+00:00,2026-08-31T18:54:14.879+00:00,2026-08-31T18:54:14.879+00:00,2026-08-31T18:54:14.896+00:00,2026-08-31T18:54:14.896+00:00,0.016373,0.016412619999755407,sqs-worker-5986dcd897-dwkkb,ip-192-168-20-201.ec2.internal,f0b1136c40537903b417a9789dd635ed832397d03d6f9694845fead858ce4d61,1,12.0,29.0
1,keda-poisson-202-a411e6f9,000107,65.710246,2026-08-31T18:54:18.980+00:00,2026-08-31T18:54:15.264+00:00,2026-08-31T18:54:15.268+00:00,2026-08-31T18:54:15.268+00:00,2026-08-31T18:54:15.781+00:00,2026-08-31T18:54:15.781+00:00,0.239796,0.5128481140000076,sqs-worker-5986dcd897-dwkkb,ip-192-168-20-201.ec2.internal,c1fbca4589c5d438a3c28d830ac7d08c2b4304c8441f2e4177a93bf39424179f,1,4.0,517.0
1,keda-poisson-202-a411e6f9,000108,66.288564,2026-08-31T18:54:19.558+00:00,2026-08-31T18:54:15.849+00:00,2026-08-31T18:54:15.854+00:00,2026-08-31T18:54:15.854+00:00,2026-08-31T18:54:16.194+00:00,2026-08-31T18:54:16.194+00:00,0.160024,0.33941527899969515,sqs-worker-5986dcd897-x8rdl,ip-192-168-20-201.ec2.internal,4472590fb9d7e62cd9531e1a88ea91438502fec10eb7b217aa1e7b40ae6aee4f,1,5.0,345.0
1,keda-poisson-202-a411e6f9,000109,66.335817,2026-08-31T18:54:19.605+00:00,2026-08-31T18:54:15.913+00:00,2026-08-31T18:54:15.917+00:00,2026-08-31T18:54:15.917+00:00,2026-08-31T18:54:16.222+00:00,2026-08-31T18:54:16.222+00:00,0.114973,0.30512340600034804,sqs-worker-5986dcd897-dwkkb,ip-192-168-20-201.ec2.internal,467b20c397b95745e0a0e894e9ec86a6a74638c4abe3e6257b079856114d32b7,1,4.0,309.0
1,keda-poisson-202-a411e6f9,000111,67.318678,2026-08-31T18:54:20.588+00:00,2026-08-31T18:54:16.875+00:00,2026-08-31T18:54:16.879+00:00,2026-08-31T18:54:16.879+00:00,2026-08-31T18:54:17.388+00:00,2026-08-31T18:54:17.388+00:00,0.205548,0.5095917779999581,sqs-worker-5986dcd897-x8rdl,ip-192-168-20-201.ec2.internal,bbc57b4d95b4063ea3d79691741b82e42d3a5f2590987fec2f2464fd5cbb5467,1,4.0,513.0
1,keda-poisson-202-a411e6f9,000112,67.485426,2026-08-31T18:54:20.755+00:00,2026-08-31T18:54:17.049+00:00,2026-08-31T18:54:17.412+00:00,2026-08-31T18:54:17.412+00:00,2026-08-31T18:54:18.790+00:00,2026-08-31T18:54:18.790+00:00,0.55718,1.3777611149998847,sqs-worker-5986dcd897-x8rdl,ip-192-168-20-201.ec2.internal,686385bdfe6c88591f736141452405ed1f710c0683d0f805d93aa5fe65a603b2,1,363.0,1741.0
1,keda-poisson-202-a411e6f9,000110,66.713906,2026-08-31T18:54:19.983+00:00,2026-08-31T18:54:16.293+00:00,2026-08-31T18:54:16.310+00:00,2026-08-31T18:54:16.310+00:00,2026-08-31T18:54:19.151+00:00,2026-08-31T18:54:19.151+00:00,0.581413,2.8413742799993997,sqs-worker-5986dcd897-dwkkb,ip-192-168-20-201.ec2.internal,c78f138565b39bd908be7fc55fc398c9d887a8f242505037720262741a881d91,1,17.0,2858.0
1,keda-poisson-202-a411e6f9,000113,67.989984,2026-08-31T18:54:21.260+00:00,2026-08-31T18:54:17.549+00:00,2026-08-31T18:54:19.253+00:00,2026-08-31T18:54:19.253+00:00,2026-08-31T18:54:19.310+00:00,2026-08-31T18:54:19.310+00:00,0.026581,0.05697624100048415,sqs-worker-5986dcd897-dwkkb,ip-192-168-20-201.ec2.internal,fcadc3ce20736a99bc561db8129ddb998c46540414581e2f5da3e3d9599c251d,1,1704.0,1761.0
1,keda-poisson-202-a411e6f9,000116,70.111698,2026-08-31T18:54:23.383+00:00,2026-08-31T18:54:19.674+00:00,2026-08-31T18:54:19.678+00:00,2026-08-31T18:54:19.678+00:00,2026-08-31T18:54:19.851+00:00,2026-08-31T18:54:19.851+00:00,0.090346,0.17294890799985296,sqs-worker-5986dcd897-dwkkb,ip-192-168-20-201.ec2.internal,68c4f96ad4c86cc3f3671c15485b060f4960ab5c812361e3d3bc5db7dba75fc5,1,4.0,177.0
1,keda-poisson-202-a411e6f9,000114,68.0024,2026-08-31T18:54:21.272+00:00,2026-08-31T18:54:17.559+00:00,2026-08-31T18:54:19.178+00:00,2026-08-31T18:54:19.178+00:00,2026-08-31T18:54:19.219+00:00,2026-08-31T18:54:19.219+00:00,0.010213,0.040939905000414,sqs-worker-5986dcd897-dwkkb,ip-192-168-20-201.ec2.internal,5b8983466d0e043a43f7d4af0cf02c1c10ae4f578f57c8958ab0d5414491a6fb,1,1619.0,1660.0
1,keda-poisson-202-a411e6f9,000117,70.762592,2026-08-31T18:54:24.032+00:00,2026-08-31T18:54:20.324+00:00,2026-08-31T18:54:20.332+00:00,2026-08-31T18:54:20.332+00:00,2026-08-31T18:54:20.450+00:00,2026-08-31T18:54:20.450+00:00,0.059694,0.11825270600002113,sqs-worker-5986dcd897-dwkkb,ip-192-168-20-201.ec2.internal,420209ce9647df89021a15bacc52cbf5e0e05a1586e7cd44d0231abd3fa51d84,1,8.0,126.0
1,keda-poisson-202-a411e6f9,000115,68.34066,2026-08-31T18:54:21.610+00:00,2026-08-31T18:54:17.895+00:00,2026-08-31T18:54:18.808+00:00,2026-08-31T18:54:18.808+00:00,2026-08-31T18:54:20.684+00:00,2026-08-31T18:54:20.684+00:00,0.533565,1.8759649539997554,sqs-worker-5986dcd897-x8rdl,ip-192-168-20-201.ec2.internal,c097a13a47028496452b36cd48867fa8cbe9fb5a460ea7e534434bd842222309,1,913.0,2789.0
1,keda-poisson-202-a411e6f9,000118,71.20354,2026-08-31T18:54:24.473+00:00,2026-08-31T18:54:20.765+00:00,2026-08-31T18:54:20.769+00:00,2026-08-31T18:54:20.769+00:00,2026-08-31T18:54:21.344+00:00,2026-08-31T18:54:21.344+00:00,0.242902,0.5750938479995966,sqs-worker-5986dcd897-dwkkb,ip-192-168-20-201.ec2.internal,21acd4ca55c1815e439292c284fea2e674fb5e20e3036de7205de636d199644a,1,4.0,579.0
1,keda-poisson-202-a411e6f9,000119,72.483895,2026-08-31T18:54:25.753+00:00,2026-08-31T18:54:22.038+00:00,2026-08-31T18:54:22.042+00:00,2026-08-31T18:54:22.042+00:00,2026-08-31T18:54:22.183+00:00,2026-08-31T18:54:22.183+00:00,0.084606,0.14173812400076713,sqs-worker-5986dcd897-x8rdl,ip-192-168-20-201.ec2.internal,bd7f0ae3cd8a42bbbdecd6d1fd5bbdd11930ee9481cc992a8061610015ef1e0e,1,4.0,145.0
1,keda-poisson-202-a411e6f9,000120,73.223163,2026-08-31T18:54:26.492+00:00,2026-08-31T18:54:22.794+00:00,2026-08-31T18:54:22.797+00:00,2026-08-31T18:54:22.797+00:00,2026-08-31T18:54:22.802+00:00,2026-08-31T18:54:22.802+00:00,0.005692,0.00572943099996337,sqs-worker-5986dcd897-x8rdl,ip-192-168-20-201.ec2.internal,a4350f32a67192c2908982e6987416e181b0965b8651a3db388b7eb964f50a59,1,3.0,8.0
1,keda-poisson-202-a411e6f9,000121,73.667608,2026-08-31T18:54:26.936+00:00,2026-08-31T18:54:23.223+00:00,2026-08-31T18:54:23.228+00:00,2026-08-31T18:54:23.228+00:00,2026-08-31T18:54:24.018+00:00,2026-08-31T18:54:24.018+00:00,0.355395,0.7907244339994577,sqs-worker-5986dcd897-x8rdl,ip-192-168-20-201.ec2.internal,b614898e4c12963591b4cb3272e58b7f4042b3223bc0cc0d1872b5bad6d2eb25,1,5.0,795.0
1,keda-poisson-202-a411e6f9,000122,73.961552,2026-08-31T18:54:27.230+00:00,2026-08-31T18:54:23.519+00:00,2026-08-31T18:54:23.523+00:00,2026-08-31T18:54:23.523+00:00,2026-08-31T18:54:24.126+00:00,2026-08-31T18:54:24.126+00:00,0.257067,0.6034004660004939,sqs-worker-5986dcd897-dwkkb,ip-192-168-20-201.ec2.internal,6152b9329ecc5ced9d15d034619d79129511ef84a5de1feed0d4b53807f6fab4,1,4.0,607.0
1,keda-poisson-202-a411e6f9,000123,75.255,2026-08-31T18:54:28.524+00:00,2026-08-31T18:54:24.817+00:00,2026-08-31T18:54:24.821+00:00,2026-08-31T18:54:24.821+00:00,2026-08-31T18:54:25.087+00:00,2026-08-31T18:54:25.087+00:00,0.12298,0.26572593499986397,sqs-worker-5986dcd897-x8rdl,ip-192-168-20-201.ec2.internal,46083f5d8ebe4af740f865406109f973e1035418add0df7c593c1ddf1706bf99,1,4.0,270.0
1,keda-poisson-202-a411e6f9,000124,75.774291,2026-08-31T18:54:29.042+00:00,2026-08-31T18:54:25.333+00:00,2026-08-31T18:54:25.336+00:00,2026-08-31T18:54:25.336+00:00,2026-08-31T18:54:25.892+00:00,2026-08-31T18:54:25.892+00:00,0.249426,0.5562809789998937,sqs-worker-5986dcd897-x8rdl,ip-192-168-20-201.ec2.internal,1eefe24c210b24530e965b78c8f260fb4c48a220d0d5f78014e76418eb04084e,1,3.0,559.0
1,keda-poisson-202-a411e6f9,000125,76.192144,2026-08-31T18:54:29.460+00:00,2026-08-31T18:54:25.746+00:00,2026-08-31T18:54:25.751+00:00,2026-08-31T18:54:25.751+00:00,2026-08-31T18:54:26.046+00:00,2026-08-31T18:54:26.046+00:00,0.122101,0.2952745459997459,sqs-worker-5986dcd897-dwkkb,ip-192-168-20-201.ec2.internal,63d0efe2920895a543bd8ad222497e36fc53b59ae816780fb25515145a23fc73,1,5.0,300.0
1,keda-poisson-202-a411e6f9,000127,76.585927,2026-08-31T18:54:29.854+00:00,2026-08-31T18:54:26.141+00:00,2026-08-31T18:54:26.145+00:00,2026-08-31T18:54:26.145+00:00,2026-08-31T18:54:26.245+00:00,2026-08-31T18:54:26.245+00:00,0.026848,0.10082073899957322,sqs-worker-5986dcd897-dwkkb,ip-192-168-20-201.ec2.internal,0bafb0dccb3835842ade25aa5650f55660bae2ad65941cbace11f786d93061d7,1,4.0,104.0
1,keda-poisson-202-a411e6f9,000126,76.482311,2026-08-31T18:54:29.750+00:00,2026-08-31T18:54:26.037+00:00,2026-08-31T18:54:26.044+00:00,2026-08-31T18:54:26.044+00:00,2026-08-31T18:54:26.999+00:00,2026-08-31T18:54:26.999+00:00,0.406953,0.9547088210001675,sqs-worker-5986dcd897-x8rdl,ip-192-168-20-201.ec2.internal,6a4d1099a4054bdc7d2321d6e6f4fc201b6bb00a5659c157deb977ba1198467c,1,7.0,962.0
1,keda-poisson-202-a411e6f9,000128,76.717993,2026-08-31T18:54:29.986+00:00,2026-08-31T18:54:26.271+00:00,2026-08-31T18:54:26.343+00:00,2026-08-31T18:54:26.343+00:00,2026-08-31T18:54:27.159+00:00,2026-08-31T18:54:27.159+00:00,0.182587,0.816204287999426,sqs-worker-5986dcd897-dwkkb,ip-192-168-20-201.ec2.internal,994e60fe17f54e42dbb6f82730da0fb169333ccdfa382bf5f10284611553fc5f,1,72.0,888.0
1,keda-poisson-202-a411e6f9,000129,77.294643,2026-08-31T18:54:30.563+00:00,2026-08-31T18:54:26.859+00:00,2026-08-31T18:54:27.016+00:00,2026-08-31T18:54:27.016+00:00,2026-08-31T18:54:27.108+00:00,2026-08-31T18:54:27.108+00:00,0.044081,0.09138142399933713,sqs-worker-5986dcd897-x8rdl,ip-192-168-20-201.ec2.internal,1c2f6adcc5ec039b270b7db553ee177c870325243a532c17fe969e4175845e5b,1,157.0,249.0
1,keda-poisson-202-a411e6f9,000130,77.776332,2026-08-31T18:54:31.044+00:00,2026-08-31T18:54:27.349+00:00,2026-08-31T18:54:27.353+00:00,2026-08-31T18:54:27.353+00:00,2026-08-31T18:54:28.120+00:00,2026-08-31T18:54:28.120+00:00,0.339597,0.7668972290002785,sqs-worker-5986dcd897-x8rdl,ip-192-168-20-201.ec2.internal,426f9db2d29cc758dc63056461ea5ce05367d81c9163766d3dc7b609e9a93b4d,1,4.0,771.0
1,keda-poisson-202-a411e6f9,000131,78.707422,2026-08-31T18:54:31.976+00:00,2026-08-31T18:54:28.263+00:00,2026-08-31T18:54:28.273+00:00,2026-08-31T18:54:28.273+00:00,2026-08-31T18:54:28.596+00:00,2026-08-31T18:54:28.596+00:00,0.14671,0.32354237099934835,sqs-worker-5986dcd897-x8rdl,ip-192-168-20-201.ec2.internal,9a652a811e78303a25bce5a2e164a09aa3d9e61dd7e77110473ce3eb5fd4f3ea,1,10.0,333.0
1,keda-poisson-202-a411e6f9,000133,79.383393,2026-08-31T18:54:32.651+00:00,2026-08-31T18:54:28.937+00:00,2026-08-31T18:54:28.940+00:00,2026-08-31T18:54:28.940+00:00,2026-08-31T18:54:29.284+00:00,2026-08-31T18:54:29.284+00:00,0.165081,0.34352887000022747,sqs-worker-5986dcd897-x8rdl,ip-192-168-20-201.ec2.internal,503762f3875b0042dbc2ce198a6a42b32373ba6bb21e8cb747a1f1ffea80079c,1,3.0,347.0
1,keda-poisson-202-a411e6f9,000132,79.08006,2026-08-31T18:54:32.348+00:00,2026-08-31T18:54:28.636+00:00,2026-08-31T18:54:28.639+00:00,2026-08-31T18:54:28.639+00:00,2026-08-31T18:54:29.271+00:00,2026-08-31T18:54:29.271+00:00,0.275728,0.6320609139993394,sqs-worker-5986dcd897-dwkkb,ip-192-168-20-201.ec2.internal,ab4c7de0a534a17711b3d6e3a71eed5b36dfd031587d9a242220c74768dcfaff,1,3.0,635.0
1,keda-poisson-202-a411e6f9,000134,79.889886,2026-08-31T18:54:33.158+00:00,2026-08-31T18:54:29.445+00:00,2026-08-31T18:54:29.449+00:00,2026-08-31T18:54:29.449+00:00,2026-08-31T18:54:29.569+00:00,2026-08-31T18:54:29.569+00:00,0.073112,0.11988793900036399,sqs-worker-5986dcd897-dwkkb,ip-192-168-20-201.ec2.internal,e99ec7057b0b3a278a6bbddb0e789106953db5c3ed42b6217d6b7c55059b94dd,1,4.0,124.0
1,keda-poisson-202-a411e6f9,000135,80.070761,2026-08-31T18:54:33.339+00:00,2026-08-31T18:54:30.182+00:00,2026-08-31T18:54:30.187+00:00,2026-08-31T18:54:30.187+00:00,2026-08-31T18:54:33.299+00:00,2026-08-31T18:54:33.299+00:00,0.91259,3.111914971999795,sqs-worker-5986dcd897-x8rdl,ip-192-168-20-201.ec2.internal,95518c0d18c5b5c3c8f17c7e64cc7a038c9d1ca0f5164ab1a58047e7be6756be,1,5.0,3117.0
1,keda-poisson-202-a411e6f9,000137,82.73803,2026-08-31T18:54:36.006+00:00,2026-08-31T18:54:32.391+00:00,2026-08-31T18:54:33.324+00:00,2026-08-31T18:54:33.324+00:00,2026-08-31T18:54:33.503+00:00,2026-08-31T18:54:33.503+00:00,0.079056,0.1790807039997162,sqs-worker-5986dcd897-x8rdl,ip-192-168-20-201.ec2.internal,60219f8480372f7c4605989799b03537f1185bd7624dda66d88d2f79cced3bce,1,933.0,1112.0
1,keda-poisson-202-a411e6f9,000139,83.384473,2026-08-31T18:54:36.653+00:00,2026-08-31T18:54:33.046+00:00,2026-08-31T18:54:33.528+00:00,2026-08-31T18:54:33.528+00:00,2026-08-31T18:54:34.194+00:00,2026-08-31T18:54:34.194+00:00,0.266413,0.6664880149992314,sqs-worker-5986dcd897-x8rdl,ip-192-168-20-201.ec2.internal,35f1a4f6f6b0c3afa42e39d67e1d9c1a6d04f74dc8fc1751a6a650ee5947fedb,1,482.0,1148.0
1,keda-poisson-202-a411e6f9,000138,82.961611,2026-08-31T18:54:36.229+00:00,2026-08-31T18:54:32.599+00:00,2026-08-31T18:54:34.233+00:00,2026-08-31T18:54:34.233+00:00,2026-08-31T18:54:34.313+00:00,2026-08-31T18:54:34.313+00:00,0.055378,0.08035534000009648,sqs-worker-5986dcd897-x8rdl,ip-192-168-20-201.ec2.internal,6780faaab0f938af38f2633a1a6d8b9cff3fc67dd60fe095b301054790fdb86e,1,1634.0,1714.0
1,keda-poisson-202-a411e6f9,000136,82.107655,2026-08-31T18:54:35.377+00:00,2026-08-31T18:54:31.711+00:00,2026-08-31T18:54:31.715+00:00,2026-08-31T18:54:31.715+00:00,2026-08-31T18:54:34.210+00:00,2026-08-31T18:54:34.210+00:00,1.0,2.494513612999981,sqs-worker-5986dcd897-dwkkb,ip-192-168-20-201.ec2.internal,994145da9aa975ffaf465c506739d42fd1cdc3c88250f0789647f43248d460bd,1,4.0,2499.0
1,keda-poisson-202-a411e6f9,000141,86.416476,2026-08-31T18:54:39.685+00:00,2026-08-31T18:54:36.216+00:00,2026-08-31T18:54:36.220+00:00,2026-08-31T18:54:36.220+00:00,2026-08-31T18:54:36.826+00:00,2026-08-31T18:54:36.826+00:00,0.129289,0.6055320610003037,sqs-worker-5986dcd897-dwkkb,ip-192-168-20-201.ec2.internal,dc270cf713ca9d0923ef40aa06dc8a83fc0f0e89aaa31ee18d2fe951af50f252,1,4.0,610.0
1,keda-poisson-202-a411e6f9,000140,84.532861,2026-08-31T18:54:37.802+00:00,2026-08-31T18:54:34.279+00:00,2026-08-31T18:54:34.283+00:00,2026-08-31T18:54:34.283+00:00,2026-08-31T18:54:35.118+00:00,2026-08-31T18:54:35.118+00:00,0.358403,0.8343210940001882,sqs-worker-5986dcd897-dwkkb,ip-192-168-20-201.ec2.internal,aa4e01feb140ba93b539de69463e8676e06fdb808ff899131d13a2a1e36020d6,1,4.0,839.0
1,keda-poisson-202-a411e6f9,000142,87.168715,2026-08-31T18:54:40.437+00:00,2026-08-31T18:54:37.001+00:00,2026-08-31T18:54:37.006+00:00,2026-08-31T18:54:37.006+00:00,2026-08-31T18:54:37.222+00:00,2026-08-31T18:54:37.222+00:00,0.119545,0.21655842699965433,sqs-worker-5986dcd897-x8rdl,ip-192-168-20-201.ec2.internal,94c8063bfcd940b7a8d0f4703f11b53ae225b63ffcfd72e88d7cc0ff52c8febe,1,5.0,221.0
1,keda-poisson-202-a411e6f9,000144,89.507509,2026-08-31T18:54:42.776+00:00,2026-08-31T18:54:39.468+00:00,2026-08-31T18:54:39.472+00:00,2026-08-31T18:54:39.472+00:00,2026-08-31T18:54:39.662+00:00,2026-08-31T18:54:39.662+00:00,0.100563,0.18993406200024765,sqs-worker-5986dcd897-dwkkb,ip-192-168-20-201.ec2.internal,ec39ef8b2916d76ea7943b2e6f4601ff5063f72cdf7797da69e0ad75d98b158a,1,4.0,194.0
1,keda-poisson-202-a411e6f9,000149,91.115713,2026-08-31T18:54:44.384+00:00,2026-08-31T18:54:41.041+00:00,2026-08-31T18:54:41.155+00:00,2026-08-31T18:54:41.155+00:00,2026-08-31T18:54:41.450+00:00,2026-08-31T18:54:41.450+00:00,0.136024,0.29444353700000647,sqs-worker-5986dcd897-dwkkb,ip-192-168-20-201.ec2.internal,a2407cc50a8f640360b33bf80bd2723a032ee624a6b2b87803c85da4289dc724,1,114.0,409.0
1,keda-poisson-202-a411e6f9,000147,90.5228,2026-08-31T18:54:43.791+00:00,2026-08-31T18:54:40.564+00:00,2026-08-31T18:54:40.571+00:00,2026-08-31T18:54:40.571+00:00,2026-08-31T18:54:40.942+00:00,2026-08-31T18:54:40.942+00:00,0.170423,0.3707562339996002,sqs-worker-5986dcd897-dwkkb,ip-192-168-20-201.ec2.internal,f86684996ff4b1c9ebc5e4e26cf03f072cbe3a993667abf33229c49fc40dc362,1,7.0,378.0
1,keda-poisson-202-a411e6f9,000148,90.556217,2026-08-31T18:54:43.824+00:00,2026-08-31T18:54:40.601+00:00,2026-08-31T18:54:40.964+00:00,2026-08-31T18:54:40.964+00:00,2026-08-31T18:54:41.114+00:00,2026-08-31T18:54:41.114+00:00,0.063512,0.14981435200024862,sqs-worker-5986dcd897-dwkkb,ip-192-168-20-201.ec2.internal,192a76064ee60abbc0f11b6f0501717b9fefa6e9d42421622fba9b7204a2b618,1,363.0,513.0
1,keda-poisson-202-a411e6f9,000146,90.131757,2026-08-31T18:54:43.400+00:00,2026-08-31T18:54:40.164+00:00,2026-08-31T18:54:40.168+00:00,2026-08-31T18:54:40.168+00:00,2026-08-31T18:54:41.886+00:00,2026-08-31T18:54:41.886+00:00,0.324648,1.717353436999474,sqs-worker-5986dcd897-x8rdl,ip-192-168-20-201.ec2.internal,5fd82cad14103ed865381c95281cb6250d0ac7f7d9f5595ee736981f773d2589,1,4.0,1722.0
1,keda-poisson-202-a411e6f9,000150,91.617947,2026-08-31T18:54:44.886+00:00,2026-08-31T18:54:41.688+00:00,2026-08-31T18:54:41.691+00:00,2026-08-31T18:54:41.691+00:00,2026-08-31T18:54:42.312+00:00,2026-08-31T18:54:42.312+00:00,0.253403,0.6202712360000078,sqs-worker-5986dcd897-dwkkb,ip-192-168-20-201.ec2.internal,d985e273514200ed9eeae6698cc3400c9ca0eae19465d4887cc300ddb5a916db,1,3.0,624.0
1,keda-poisson-202-a411e6f9,000143,88.48047,2026-08-31T18:54:41.749+00:00,2026-08-31T18:54:38.368+00:00,2026-08-31T18:54:38.404+00:00,2026-08-31T18:54:38.404+00:00,2026-08-31T18:54:38.814+00:00,2026-08-31T18:54:38.814+00:00,0.190992,0.4093836450001618,sqs-worker-5986dcd897-x8rdl,ip-192-168-20-201.ec2.internal,5f5655b323f6adc45c2389f71f504ad6b83171a47bed3b6d318a0c3886e73c0c,1,36.0,446.0
1,keda-poisson-202-a411e6f9,000152,92.844339,2026-08-31T18:54:46.112+00:00,2026-08-31T18:54:42.890+00:00,2026-08-31T18:54:42.932+00:00,2026-08-31T18:54:42.932+00:00,2026-08-31T18:54:43.050+00:00,2026-08-31T18:54:43.050+00:00,0.064891,0.11795660099960514,sqs-worker-5986dcd897-dwkkb,ip-192-168-20-201.ec2.internal,904944abb13fd27f9d63856f9208f0979a08b418fd2754646eec4f10b6ef0540,1,42.0,160.0
1,keda-poisson-202-a411e6f9,000151,92.584746,2026-08-31T18:54:45.853+00:00,2026-08-31T18:54:42.695+00:00,2026-08-31T18:54:42.700+00:00,2026-08-31T18:54:42.700+00:00,2026-08-31T18:54:43.307+00:00,2026-08-31T18:54:43.307+00:00,0.264223,0.6071458869992057,sqs-worker-5986dcd897-x8rdl,ip-192-168-20-201.ec2.internal,54b9beab7d5a14992c8f15254ada627b18674924239cb38601881080c691a04e,1,5.0,612.0
1,keda-poisson-202-a411e6f9,000145,89.793646,2026-08-31T18:54:43.061+00:00,2026-08-31T18:54:39.773+00:00,2026-08-31T18:54:39.784+00:00,2026-08-31T18:54:39.784+00:00,2026-08-31T18:54:39.995+00:00,2026-08-31T18:54:39.995+00:00,0.044533,0.21101249000003008,sqs-worker-5986dcd897-x8rdl,ip-192-168-20-201.ec2.internal,ea502e64e4f81e3baa818e532373d1ad1d9f88d1daa1420c4b005f1a41c1aa57,1,11.0,222.0
1,keda-poisson-202-a411e6f9,000154,96.046721,2026-08-31T18:54:49.315+00:00,2026-08-31T18:54:45.597+00:00,2026-08-31T18:54:45.601+00:00,2026-08-31T18:54:45.601+00:00,2026-08-31T18:54:46.291+00:00,2026-08-31T18:54:46.291+00:00,0.288431,0.6900937769996744,sqs-worker-5986dcd897-x8rdl,ip-192-168-20-201.ec2.internal,f7595fdbcfce83fdb8f4899483e1c5cee78462be3983b487d20db57331ef6d0d,1,4.0,694.0
1,keda-poisson-202-a411e6f9,000156,96.748629,2026-08-31T18:54:50.016+00:00,2026-08-31T18:54:46.299+00:00,2026-08-31T18:54:46.313+00:00,2026-08-31T18:54:46.313+00:00,2026-08-31T18:54:46.585+00:00,2026-08-31T18:54:46.585+00:00,0.110127,0.27239623500008747,sqs-worker-5986dcd897-x8rdl,ip-192-168-20-201.ec2.internal,b97d19036ec91ffb6b75b3c3aff0d3454c8dc2753443147e4cf7c8cc0040175e,1,14.0,286.0
1,keda-poisson-202-a411e6f9,000155,96.587214,2026-08-31T18:54:49.855+00:00,2026-08-31T18:54:46.138+00:00,2026-08-31T18:54:46.602+00:00,2026-08-31T18:54:46.602+00:00,2026-08-31T18:54:46.716+00:00,2026-08-31T18:54:46.716+00:00,0.066932,0.11449911599993357,sqs-worker-5986dcd897-x8rdl,ip-192-168-20-201.ec2.internal,04c901933c045f797b797f958f97bedd3d11d4e524606673ea28ef138970c915,1,464.0,578.0
1,keda-poisson-202-a411e6f9,000153,95.207826,2026-08-31T18:54:48.477+00:00,2026-08-31T18:54:44.764+00:00,2026-08-31T18:54:44.768+00:00,2026-08-31T18:54:44.768+00:00,2026-08-31T18:54:48.147+00:00,2026-08-31T18:54:48.147+00:00,1.0,3.3795030700002826,sqs-worker-5986dcd897-dwkkb,ip-192-168-20-201.ec2.internal,d352e33050dff8e60fdfe5430b8d56c818ded3270304ba5e27178bfaa4a5077e,1,4.0,3383.0
1,keda-poisson-202-a411e6f9,000157,98.447189,2026-08-31T18:54:51.717+00:00,2026-08-31T18:54:48.002+00:00,2026-08-31T18:54:48.007+00:00,2026-08-31T18:54:48.007+00:00,2026-08-31T18:54:48.303+00:00,2026-08-31T18:54:48.303+00:00,0.14084,0.2969474009996702,sqs-worker-5986dcd897-x8rdl,ip-192-168-20-201.ec2.internal,66252ec03f02b3a34098f8c6ba48eb1234ca5fdfc0ca8ba084ff32049c60c0d0,1,5.0,301.0
1,keda-poisson-202-a411e6f9,000158,99.166132,2026-08-31T18:54:52.434+00:00,2026-08-31T18:54:48.716+00:00,2026-08-31T18:54:48.721+00:00,2026-08-31T18:54:48.721+00:00,2026-08-31T18:54:48.758+00:00,2026-08-31T18:54:48.758+00:00,0.036619,0.03696710099939082,sqs-worker-5986dcd897-dwkkb,ip-192-168-20-201.ec2.internal,a160c642769c58936da6d5cb57fc0d289b028fa8e669970602dbb42e9d561550,1,5.0,42.0
1,keda-poisson-202-a411e6f9,000159,99.79424,2026-08-31T18:54:53.062+00:00,2026-08-31T18:54:49.343+00:00,2026-08-31T18:54:49.347+00:00,2026-08-31T18:54:49.347+00:00,2026-08-31T18:54:49.386+00:00,2026-08-31T18:54:49.386+00:00,0.038661,0.038767755000662873,sqs-worker-5986dcd897-dwkkb,ip-192-168-20-201.ec2.internal,877e4a7775f774174577e34e6d887e07b3a7f04bbe50bd2baacbe5101fef0534,1,4.0,43.0
1,keda-poisson-202-a411e6f9,000161,100.066887,2026-08-31T18:54:53.335+00:00,2026-08-31T18:54:49.617+00:00,2026-08-31T18:54:49.623+00:00,2026-08-31T18:54:49.623+00:00,2026-08-31T18:54:49.843+00:00,2026-08-31T18:54:49.843+00:00,0.107213,0.2193549930007066,sqs-worker-5986dcd897-dwkkb,ip-192-168-20-201.ec2.internal,678666c8df4a75995c72763a2c8986b346327d01702aa8bbb5d1a9edae831fca,1,6.0,226.0
1,keda-poisson-202-a411e6f9,000162,100.203452,2026-08-31T18:54:53.471+00:00,2026-08-31T18:54:49.756+00:00,2026-08-31T18:54:49.880+00:00,2026-08-31T18:54:49.880+00:00,2026-08-31T18:54:50.013+00:00,2026-08-31T18:54:50.013+00:00,0.05154,0.1332218940005987,sqs-worker-5986dcd897-dwkkb,ip-192-168-20-201.ec2.internal,051bbeffbb6b8a05e9cc3eb01ac67aad0fe0cf0393fc1c7e42a3601230153e5a,1,124.0,257.0
1,keda-poisson-202-a411e6f9,000163,101.768299,2026-08-31T18:54:55.036+00:00,2026-08-31T18:54:51.325+00:00,2026-08-31T18:54:51.330+00:00,2026-08-31T18:54:51.330+00:00,2026-08-31T18:54:51.424+00:00,2026-08-31T18:54:51.424+00:00,0.054384,0.09400613100024202,sqs-worker-5986dcd897-dwkkb,ip-192-168-20-201.ec2.internal,4264b391aaf931696012f221cae39ee32e0f7fc7f6a3a876884ad6f8dfd6d72d,1,5.0,99.0
1,keda-poisson-202-a411e6f9,000160,99.928841,2026-08-31T18:54:53.197+00:00,2026-08-31T18:54:49.483+00:00,2026-08-31T18:54:49.487+00:00,2026-08-31T18:54:49.487+00:00,2026-08-31T18:54:51.595+00:00,2026-08-31T18:54:51.595+00:00,0.441788,2.107511951999186,sqs-worker-5986dcd897-x8rdl,ip-192-168-20-201.ec2.internal,2cf1e74d3dd8c6dd21268e66c845f05b87533f6d56ddbd2fb580421e5cae9d8c,1,4.0,2112.0
1,keda-poisson-202-a411e6f9,000164,102.133956,2026-08-31T18:54:55.401+00:00,2026-08-31T18:54:51.691+00:00,2026-08-31T18:54:51.695+00:00,2026-08-31T18:54:51.695+00:00,2026-08-31T18:54:51.840+00:00,2026-08-31T18:54:51.840+00:00,0.079441,0.1450771989993882,sqs-worker-5986dcd897-dwkkb,ip-192-168-20-201.ec2.internal,b563733e6da9b6f84b9e680753924ef544338858e2bf9682d9c1d07a48203443,1,4.0,149.0
1,keda-poisson-202-a411e6f9,000166,103.624444,2026-08-31T18:54:56.891+00:00,2026-08-31T18:54:53.177+00:00,2026-08-31T18:54:53.181+00:00,2026-08-31T18:54:53.181+00:00,2026-08-31T18:54:53.197+00:00,2026-08-31T18:54:53.197+00:00,0.015754,0.015824471000087215,sqs-worker-5986dcd897-dwkkb,ip-192-168-20-201.ec2.internal,d7c9d2ba5d8af997fd2f62ad09f580914309376da1b50b944bad67a1b7441ea3,1,4.0,20.0
1,keda-poisson-202-a411e6f9,000165,102.888933,2026-08-31T18:54:56.156+00:00,2026-08-31T18:54:52.439+00:00,2026-08-31T18:54:52.444+00:00,2026-08-31T18:54:52.444+00:00,2026-08-31T18:54:53.293+00:00,2026-08-31T18:54:53.293+00:00,0.369133,0.8492069950007135,sqs-worker-5986dcd897-x8rdl,ip-192-168-20-201.ec2.internal,e5092381d0ba760707a881603a2ce9e079cb69b50bc9eeb04022faf6046308e9,1,5.0,854.0
1,keda-poisson-202-a411e6f9,000167,104.669809,2026-08-31T18:54:57.937+00:00,2026-08-31T18:54:54.223+00:00,2026-08-31T18:54:54.228+00:00,2026-08-31T18:54:54.228+00:00,2026-08-31T18:54:54.894+00:00,2026-08-31T18:54:54.894+00:00,0.290781,0.6660484569993059,sqs-worker-5986dcd897-x8rdl,ip-192-168-20-201.ec2.internal,eb014979152353955d32263fb1f884e455e5f7c0e2dc43062fe9654595819156,1,5.0,671.0
1,keda-poisson-202-a411e6f9,000169,105.023796,2026-08-31T18:54:58.290+00:00,2026-08-31T18:54:54.575+00:00,2026-08-31T18:54:54.933+00:00,2026-08-31T18:54:54.933+00:00,2026-08-31T18:54:55.204+00:00,2026-08-31T18:54:55.204+00:00,0.126873,0.2717386889999034,sqs-worker-5986dcd897-x8rdl,ip-192-168-20-201.ec2.internal,f0ac79d076616dab419f86962945b546e5a057805917cb0e859d5e7a2e7fd673,1,358.0,629.0
1,keda-poisson-202-a411e6f9,000168,104.882864,2026-08-31T18:54:58.149+00:00,2026-08-31T18:54:54.436+00:00,2026-08-31T18:54:54.440+00:00,2026-08-31T18:54:54.440+00:00,2026-08-31T18:54:55.453+00:00,2026-08-31T18:54:55.453+00:00,0.411969,1.0130917719998251,sqs-worker-5986dcd897-dwkkb,ip-192-168-20-201.ec2.internal,3facb2741916a945a84275077b9136839a1cee519efa01b2a2bceede500f6289,1,4.0,1016.9999999999999
1,keda-poisson-202-a411e6f9,000170,107.08419,2026-08-31T18:55:00.352+00:00,2026-08-31T18:54:56.636+00:00,2026-08-31T18:54:56.640+00:00,2026-08-31T18:54:56.640+00:00,2026-08-31T18:54:56.910+00:00,2026-08-31T18:54:56.910+00:00,0.151527,0.27011363100064045,sqs-worker-5986dcd897-x8rdl,ip-192-168-20-201.ec2.internal,db70b079b17b51a9d51363fe43d79aab35920a3b02db8e624768818b4de4f1c4,1,4.0,274.0
1,keda-poisson-202-a411e6f9,000171,107.178988,2026-08-31T18:55:00.445+00:00,2026-08-31T18:54:56.732+00:00,2026-08-31T18:54:56.947+00:00,2026-08-31T18:54:56.947+00:00,2026-08-31T18:54:57.794+00:00,2026-08-31T18:54:57.794+00:00,0.339239,0.8468603270002859,sqs-worker-5986dcd897-x8rdl,ip-192-168-20-201.ec2.internal,2b3ac848b7dd0f9bcf8bde996f5cc2815f35d290be7dd4aa0431f11665ad23dc,1,215.0,1062.0
1,keda-poisson-202-a411e6f9,000172,112.543905,2026-08-31T18:55:05.816+00:00,2026-08-31T18:55:02.102+00:00,2026-08-31T18:55:02.106+00:00,2026-08-31T18:55:02.106+00:00,2026-08-31T18:55:02.136+00:00,2026-08-31T18:55:02.136+00:00,0.030153,0.03024338799968973,sqs-worker-5986dcd897-x8rdl,ip-192-168-20-201.ec2.internal,e2a84d24a7b6eddfa9cb63fbd22bfbe4558c5e63899a5d586d1114c5dceedc79,1,4.0,34.0
1,keda-poisson-202-a411e6f9,000173,112.859136,2026-08-31T18:55:06.126+00:00,2026-08-31T18:55:02.412+00:00,2026-08-31T18:55:02.416+00:00,2026-08-31T18:55:02.416+00:00,2026-08-31T18:55:02.511+00:00,2026-08-31T18:55:02.511+00:00,0.068363,0.09504634099994291,sqs-worker-5986dcd897-x8rdl,ip-192-168-20-201.ec2.internal,6a129f5d92c1515404bbbaaac8cdae9742e0d7eb38b1c0418944e62f368bc85f,1,4.0,99.0
1,keda-poisson-202-a411e6f9,000174,112.872681,2026-08-31T18:55:06.139+00:00,2026-08-31T18:55:02.422+00:00,2026-08-31T18:55:02.556+00:00,2026-08-31T18:55:02.556+00:00,2026-08-31T18:55:03.511+00:00,2026-08-31T18:55:03.512+00:00,0.39609,0.9556880050004111,sqs-worker-5986dcd897-x8rdl,ip-192-168-20-201.ec2.internal,387bf1b1f4ea327f0bdc0d59488dc0d015ef9462f263fdceff284ad49f0a95f4,1,134.0,1089.0
1,keda-poisson-202-a411e6f9,000175,113.096465,2026-08-31T18:55:06.363+00:00,2026-08-31T18:55:02.645+00:00,2026-08-31T18:55:03.552+00:00,2026-08-31T18:55:03.552+00:00,2026-08-31T18:55:03.699+00:00,2026-08-31T18:55:03.699+00:00,0.063158,0.1468490990000646,sqs-worker-5986dcd897-x8rdl,ip-192-168-20-201.ec2.internal,5045dd623ba71f7dda5ae16bff9bda1c47d3c2f3cf566df8f0cd7a947b1c4318,1,907.0,1054.0
1,keda-poisson-202-a411e6f9,000176,114.005313,2026-08-31T18:55:07.272+00:00,2026-08-31T18:55:03.561+00:00,2026-08-31T18:55:03.729+00:00,2026-08-31T18:55:03.729+00:00,2026-08-31T18:55:04.596+00:00,2026-08-31T18:55:04.596+00:00,0.352614,0.8670641089993296,sqs-worker-5986dcd897-x8rdl,ip-192-168-20-201.ec2.internal,25ce68e7f43a340057e017ef5ea1b534dfe61a9e62106c6227ae26e1a184c081,1,168.0,1035.0
1,keda-poisson-202-a411e6f9,000180,114.50621,2026-08-31T18:55:07.773+00:00,2026-08-31T18:55:04.057+00:00,2026-08-31T18:55:04.619+00:00,2026-08-31T18:55:04.619+00:00,2026-08-31T18:55:06.086+00:00,2026-08-31T18:55:06.086+00:00,0.586045,1.4668883849999474,sqs-worker-5986dcd897-x8rdl,ip-192-168-20-201.ec2.internal,c525996cc01eec0b38a6bd4cb50b42ad556235bf231babdcb9a02f1f4aeefbfc,1,562.0,2029.0
1,keda-poisson-202-a411e6f9,000184,116.113962,2026-08-31T18:55:09.380+00:00,2026-08-31T18:55:05.663+00:00,2026-08-31T18:55:06.112+00:00,2026-08-31T18:55:06.112+00:00,2026-08-31T18:55:06.603+00:00,2026-08-31T18:55:06.604+00:00,0.213604,0.4910889650000172,sqs-worker-5986dcd897-x8rdl,ip-192-168-20-201.ec2.internal,47f5207fae16b11fc639c88bc65203c6fa831a02c8d603998fe9b6c639ff5d95,1,449.0,940.0
1,keda-poisson-202-a411e6f9,000177,114.330173,2026-08-31T18:55:07.597+00:00,2026-08-31T18:55:03.880+00:00,2026-08-31T18:55:06.620+00:00,2026-08-31T18:55:06.620+00:00,2026-08-31T18:55:07.101+00:00,2026-08-31T18:55:07.101+00:00,0.193105,0.4811494949999542,sqs-worker-5986dcd897-x8rdl,ip-192-168-20-201.ec2.internal,1736654990dc6e682b8a0c25adb9718d5d5c0bb2101c11b313739339d603a77d,1,2740.0,3221.0
1,keda-poisson-202-a411e6f9,000179,114.474552,2026-08-31T18:55:07.741+00:00,2026-08-31T18:55:04.026+00:00,2026-08-31T18:55:07.121+00:00,2026-08-31T18:55:07.121+00:00,2026-08-31T18:55:07.411+00:00,2026-08-31T18:55:07.411+00:00,0.125883,0.29009018299984746,sqs-worker-5986dcd897-x8rdl,ip-192-168-20-201.ec2.internal,2751043154938609bdd5cae8175f5131e485a6797832ebabf2d83c4edda44de7,1,3095.0,3385.0
1,keda-poisson-202-a411e6f9,000178,114.424055,2026-08-31T18:55:07.690+00:00,2026-08-31T18:55:03.979+00:00,2026-08-31T18:55:07.427+00:00,2026-08-31T18:55:07.427+00:00,2026-08-31T18:55:07.809+00:00,2026-08-31T18:55:07.809+00:00,0.154364,0.38196233899998333,sqs-worker-5986dcd897-x8rdl,ip-192-168-20-201.ec2.internal,d4480c45672e1ff20d38ff348d03e46a2234abcfad7dcc0d115c181fdad5c054,1,3448.0,3830.0
1,keda-poisson-202-a411e6f9,000185,116.322877,2026-08-31T18:55:09.589+00:00,2026-08-31T18:55:05.875+00:00,2026-08-31T18:55:07.824+00:00,2026-08-31T18:55:07.824+00:00,2026-08-31T18:55:07.893+00:00,2026-08-31T18:55:07.893+00:00,0.019809,0.06869709600050555,sqs-worker-5986dcd897-x8rdl,ip-192-168-20-201.ec2.internal,6a60ce388d6ec6bf2d7c56f4ee1fadd2ba27489db6dc57760a41b3e9411d0dee,1,1949.0,2017.9999999999998
1,keda-poisson-202-a411e6f9,000186,116.826798,2026-08-31T18:55:10.094+00:00,2026-08-31T18:55:06.380+00:00,2026-08-31T18:55:07.908+00:00,2026-08-31T18:55:07.908+00:00,2026-08-31T18:55:11.085+00:00,2026-08-31T18:55:11.085+00:00,1.0,3.1768430269994496,sqs-worker-5986dcd897-x8rdl,ip-192-168-20-201.ec2.internal,e1aa32a53038150f6d0701a9336f1d331e7bdf0cd1faf61d56e518ed50eab321,1,1528.0,4705.0
1,keda-poisson-202-a411e6f9,000181,115.036401,2026-08-31T18:55:08.303+00:00,2026-08-31T18:55:04.589+00:00,2026-08-31T18:55:11.277+00:00,2026-08-31T18:55:11.277+00:00,2026-08-31T18:55:11.992+00:00,2026-08-31T18:55:11.992+00:00,0.159727,0.7153505220003353,sqs-worker-5986dcd897-x8rdl,ip-192-168-20-201.ec2.internal,3583b8c2e965e1bf055fa43240ae8c15017589a1ae6a2c0f12be1180f312a984,1,6688.0,7403.0
1,keda-poisson-202-a411e6f9,000189,118.002144,2026-08-31T18:55:11.269+00:00,2026-08-31T18:55:07.553+00:00,2026-08-31T18:55:12.082+00:00,2026-08-31T18:55:12.082+00:00,2026-08-31T18:55:12.111+00:00,2026-08-31T18:55:12.111+00:00,0.018695,0.028937109999787936,sqs-worker-5986dcd897-d9pxp,ip-192-168-20-201.ec2.internal,1225ac3982b62ec613b7d4ed7c31bb9ec83446b63267cd9dd4327721a953eeea,1,4529.0,4558.0
1,keda-poisson-202-a411e6f9,000191,119.551525,2026-08-31T18:55:12.818+00:00,2026-08-31T18:55:09.142+00:00,2026-08-31T18:55:12.148+00:00,2026-08-31T18:55:12.148+00:00,2026-08-31T18:55:12.265+00:00,2026-08-31T18:55:12.265+00:00,0.05475,0.11701511800038134,sqs-worker-5986dcd897-d9pxp,ip-192-168-20-201.ec2.internal,1d123d5588b13c2731cb1746881d13a8cc8aaf01d51b6c35a300be482bee83e2,1,3006.0,3123.0
1,keda-poisson-202-a411e6f9,000190,118.870409,2026-08-31T18:55:12.138+00:00,2026-08-31T18:55:08.420+00:00,2026-08-31T18:55:12.295+00:00,2026-08-31T18:55:12.295+00:00,2026-08-31T18:55:12.359+00:00,2026-08-31T18:55:12.359+00:00,0.028918,0.06362583600002836,sqs-worker-5986dcd897-d9pxp,ip-192-168-20-201.ec2.internal,aea0a3fad08225f99c7632bf83c3c901ae82e114982c0dd04303b5f3e8da893e,1,3875.0,3939.0
1,keda-poisson-202-a411e6f9,000187,117.072946,2026-08-31T18:55:10.339+00:00,2026-08-31T18:55:06.622+00:00,2026-08-31T18:55:12.008+00:00,2026-08-31T18:55:12.008+00:00,2026-08-31T18:55:12.599+00:00,2026-08-31T18:55:12.599+00:00,0.102854,0.5908661630001006,sqs-worker-5986dcd897-x8rdl,ip-192-168-20-201.ec2.internal,a4b4903181cd0f64dafed5e8649259269cfdcfc9805fe653dd82ad4bc86eec54,1,5386.0,5977.0
1,keda-poisson-202-a411e6f9,000183,116.029923,2026-08-31T18:55:09.296+00:00,2026-08-31T18:55:05.580+00:00,2026-08-31T18:55:11.597+00:00,2026-08-31T18:55:11.597+00:00,2026-08-31T18:55:12.063+00:00,2026-08-31T18:55:12.063+00:00,0.200097,0.4664578900001288,sqs-worker-5986dcd897-d9pxp,ip-192-168-20-201.ec2.internal,ce77ee42d4f62f186958f043247c37a0f1d60a2896895a1d72be2605ccf90b6a,1,6017.0,6483.0
1,keda-poisson-202-a411e6f9,000192,119.883961,2026-08-31T18:55:13.151+00:00,2026-08-31T18:55:09.434+00:00,2026-08-31T18:55:12.699+00:00,2026-08-31T18:55:12.699+00:00,2026-08-31T18:55:13.232+00:00,2026-08-31T18:55:13.232+00:00,0.221276,0.5338464790002035,sqs-worker-5986dcd897-d9pxp,ip-192-168-20-201.ec2.internal,13c63f554a2e11d9c0e91b336ab3a4f59e17896c0eea2a1c738d152606e1b2cf,1,3265.0,3798.0
1,keda-poisson-202-a411e6f9,000182,115.3219,2026-08-31T18:55:08.588+00:00,2026-08-31T18:55:04.871+00:00,2026-08-31T18:55:13.504+00:00,2026-08-31T18:55:13.504+00:00,2026-08-31T18:55:13.774+00:00,2026-08-31T18:55:13.774+00:00,0.12059,0.2696666339998046,sqs-worker-5986dcd897-d9pxp,ip-192-168-20-201.ec2.internal,2af4974b93109033d03834b7d1a11d414e56ad2b2ab2fac5ee0c8b71e347648f,1,8633.0,8903.0
1,keda-poisson-202-a411e6f9,000195,122.493809,2026-08-31T18:55:15.762+00:00,2026-08-31T18:55:12.047+00:00,2026-08-31T18:55:13.816+00:00,2026-08-31T18:55:13.816+00:00,2026-08-31T18:55:14.256+00:00,2026-08-31T18:55:14.256+00:00,0.177671,0.4403745310000886,sqs-worker-5986dcd897-d9pxp,ip-192-168-20-201.ec2.internal,8dea21f4e24ccf0d9d9fbd35f634606db7f51387ef32d82615e935e346226ffd,1,1769.0,2209.0
1,keda-poisson-202-a411e6f9,000188,117.813361,2026-08-31T18:55:11.080+00:00,2026-08-31T18:55:07.363+00:00,2026-08-31T18:55:12.378+00:00,2026-08-31T18:55:12.378+00:00,2026-08-31T18:55:12.666+00:00,2026-08-31T18:55:12.666+00:00,0.123427,0.2874828770000022,sqs-worker-5986dcd897-d9pxp,ip-192-168-20-201.ec2.internal,a496c94d87f81e583da95f66caef77a0e8ab6f552f696a00b8146ba971c4ca51,1,5015.0,5303.0
1,keda-poisson-202-a411e6f9,000193,120.645592,2026-08-31T18:55:13.913+00:00,2026-08-31T18:55:10.197+00:00,2026-08-31T18:55:13.259+00:00,2026-08-31T18:55:13.260+00:00,2026-08-31T18:55:13.275+00:00,2026-08-31T18:55:13.275+00:00,0.015025,0.015061350999530987,sqs-worker-5986dcd897-d9pxp,ip-192-168-20-201.ec2.internal,5c07a530e6c4bc18489fce2459b27576cb0ea2db4eb52208aed39a4ac2d5fd7c,1,3062.0,3078.0
1,keda-poisson-202-a411e6f9,000197,123.549314,2026-08-31T18:55:16.816+00:00,2026-08-31T18:55:13.098+00:00,2026-08-31T18:55:13.288+00:00,2026-08-31T18:55:13.288+00:00,2026-08-31T18:55:13.470+00:00,2026-08-31T18:55:13.470+00:00,0.075635,0.18163412400008383,sqs-worker-5986dcd897-d9pxp,ip-192-168-20-201.ec2.internal,abb74c5cd4ab1ba88204de7cda60cb0052531fdc68cdf4f0c74b129c3c5f0904,1,190.0,372.0
1,keda-poisson-202-a411e6f9,000194,120.911576,2026-08-31T18:55:14.178+00:00,2026-08-31T18:55:10.466+00:00,2026-08-31T18:55:12.694+00:00,2026-08-31T18:55:12.694+00:00,2026-08-31T18:55:14.616+00:00,2026-08-31T18:55:14.616+00:00,0.777173,1.9229396569999153,sqs-worker-5986dcd897-x8rdl,ip-192-168-20-201.ec2.internal,61ff5abb2a3d7d3472f7824d1b6e8c4a2b8d1904c5519feffefca95d26a015da,1,2228.0,4150.0
1,keda-poisson-202-a411e6f9,000196,123.33911,2026-08-31T18:55:16.606+00:00,2026-08-31T18:55:12.894+00:00,2026-08-31T18:55:14.652+00:00,2026-08-31T18:55:14.652+00:00,2026-08-31T18:55:14.721+00:00,2026-08-31T18:55:14.721+00:00,0.037123,0.06892120900010923,sqs-worker-5986dcd897-x8rdl,ip-192-168-20-201.ec2.internal,23480a8fbd698fbffd27f86bfcc941c497245e74dbe8abcdae8d1a8b424307a9,1,1758.0,1827.0
1,keda-poisson-202-a411e6f9,000199,125.3538,2026-08-31T18:55:18.621+00:00,2026-08-31T18:55:14.910+00:00,2026-08-31T18:55:14.914+00:00,2026-08-31T18:55:14.914+00:00,2026-08-31T18:55:14.939+00:00,2026-08-31T18:55:14.939+00:00,0.025423,0.025548352999976487,sqs-worker-5986dcd897-x8rdl,ip-192-168-20-201.ec2.internal,d63b494b295ef099540bf0b0162e428867965151c1fbb5bf65f2d7042b960f47,1,4.0,29.0
1,keda-poisson-202-a411e6f9,000198,124.736554,2026-08-31T18:55:18.005+00:00,2026-08-31T18:55:14.293+00:00,2026-08-31T18:55:14.347+00:00,2026-08-31T18:55:14.347+00:00,2026-08-31T18:55:15.885+00:00,2026-08-31T18:55:15.885+00:00,0.631008,1.5382065759995385,sqs-worker-5986dcd897-d9pxp,ip-192-168-20-201.ec2.internal,02cd6bd96067114e0920d9efea29025e9752a61499ed09dfda1624cc8a121f90,1,54.0,1592.0
1,keda-poisson-202-a411e6f9,000200,126.601057,2026-08-31T18:55:19.869+00:00,2026-08-31T18:55:16.160+00:00,2026-08-31T18:55:16.162+00:00,2026-08-31T18:55:16.163+00:00,2026-08-31T18:55:17.086+00:00,2026-08-31T18:55:17.086+00:00,0.391761,0.923365560000093,sqs-worker-5986dcd897-d9pxp,ip-192-168-20-201.ec2.internal,854cd5a21cffbb8fc89cad570992be92229ea84b07f5da7e16d1ab0afd5256f4,1,2.0,926.0
1,keda-poisson-202-a411e6f9,000201,127.374845,2026-08-31T18:55:20.642+00:00,2026-08-31T18:55:16.923+00:00,2026-08-31T18:55:16.927+00:00,2026-08-31T18:55:16.927+00:00,2026-08-31T18:55:17.419+00:00,2026-08-31T18:55:17.419+00:00,0.236774,0.49285113099995215,sqs-worker-5986dcd897-x8rdl,ip-192-168-20-201.ec2.internal,2eb0aa198b4ed166c47e68adb4c8b5e778a7fa575d1d0b676eba84a7fa1ddd0f,1,4.0,496.0
1,keda-poisson-202-a411e6f9,000203,129.398693,2026-08-31T18:55:22.665+00:00,2026-08-31T18:55:18.953+00:00,2026-08-31T18:55:18.956+00:00,2026-08-31T18:55:18.957+00:00,2026-08-31T18:55:19.189+00:00,2026-08-31T18:55:19.189+00:00,0.115057,0.2325355919992944,sqs-worker-5986dcd897-x8rdl,ip-192-168-20-201.ec2.internal,24f12ccf2d4add8207617a3a40bc5f762d98058dcc18599b2e53a4dd60dde5b7,1,3.0,236.0
1,keda-poisson-202-a411e6f9,000202,128.90844,2026-08-31T18:55:22.176+00:00,2026-08-31T18:55:18.461+00:00,2026-08-31T18:55:18.475+00:00,2026-08-31T18:55:18.475+00:00,2026-08-31T18:55:19.976+00:00,2026-08-31T18:55:19.976+00:00,0.621727,1.501043937999384,sqs-worker-5986dcd897-d9pxp,ip-192-168-20-201.ec2.internal,73eca9841824e610d8fe6cd676f9b363589f44ac3b954683eddbc754b9b25b83,1,14.0,1515.0
1,keda-poisson-202-a411e6f9,000204,129.662671,2026-08-31T18:55:22.929+00:00,2026-08-31T18:55:19.212+00:00,2026-08-31T18:55:19.216+00:00,2026-08-31T18:55:19.216+00:00,2026-08-31T18:55:20.195+00:00,2026-08-31T18:55:20.195+00:00,0.308235,0.9782801239998662,sqs-worker-5986dcd897-x8rdl,ip-192-168-20-201.ec2.internal,0ea1dcad78d755770396dfd9335bddf7ade0deeffb41fb9a9adaeaa021a114c8,1,4.0,983.0
1,keda-poisson-202-a411e6f9,000205,130.493277,2026-08-31T18:55:23.760+00:00,2026-08-31T18:55:20.045+00:00,2026-08-31T18:55:20.049+00:00,2026-08-31T18:55:20.049+00:00,2026-08-31T18:55:20.130+00:00,2026-08-31T18:55:20.130+00:00,0.042451,0.08137516100032371,sqs-worker-5986dcd897-d9pxp,ip-192-168-20-201.ec2.internal,0539a74963b8f96a40ca065acc0474d1540524dde2c52b214ae8264ed19be936,1,4.0,85.0
1,keda-poisson-202-a411e6f9,000206,132.123783,2026-08-31T18:55:25.390+00:00,2026-08-31T18:55:21.673+00:00,2026-08-31T18:55:21.677+00:00,2026-08-31T18:55:21.677+00:00,2026-08-31T18:55:22.090+00:00,2026-08-31T18:55:22.090+00:00,0.175059,0.41264435300035984,sqs-worker-5986dcd897-x8rdl,ip-192-168-20-201.ec2.internal,5546fa7b857ed55b238ff40c0c00490ef755141c0164a429b06ded90250c346f,1,4.0,417.0
1,keda-poisson-202-a411e6f9,000207,132.589042,2026-08-31T18:55:25.854+00:00,2026-08-31T18:55:22.138+00:00,2026-08-31T18:55:22.142+00:00,2026-08-31T18:55:22.142+00:00,2026-08-31T18:55:22.214+00:00,2026-08-31T18:55:22.214+00:00,0.05099,0.07206452099944727,sqs-worker-5986dcd897-x8rdl,ip-192-168-20-201.ec2.internal,fae1dcf2a42cfbc7ebf53fa6fd0d9704b2f8ee7e15ef0969800846489c42e520,1,4.0,76.0
1,keda-poisson-202-a411e6f9,000208,133.376049,2026-08-31T18:55:26.642+00:00,2026-08-31T18:55:22.925+00:00,2026-08-31T18:55:22.929+00:00,2026-08-31T18:55:22.929+00:00,2026-08-31T18:55:22.962+00:00,2026-08-31T18:55:22.962+00:00,0.03336,0.03341700900000433,sqs-worker-5986dcd897-d9pxp,ip-192-168-20-201.ec2.internal,eabe81d88893db0b38b62748946bf559feb9a906b50756bbc212506f24b04ce3,1,4.0,37.0
1,keda-poisson-202-a411e6f9,000209,133.956434,2026-08-31T18:55:27.222+00:00,2026-08-31T18:55:23.506+00:00,2026-08-31T18:55:23.509+00:00,2026-08-31T18:55:23.509+00:00,2026-08-31T18:55:23.530+00:00,2026-08-31T18:55:23.530+00:00,0.020926,0.020984466999834694,sqs-worker-5986dcd897-x8rdl,ip-192-168-20-201.ec2.internal,aff39f84f8b9618b6bc49d985eccdf51fb2dda365ba24ef499d2729a3e8f2f67,1,3.0,24.0
1,keda-poisson-202-a411e6f9,000211,134.348904,2026-08-31T18:55:27.614+00:00,2026-08-31T18:55:23.898+00:00,2026-08-31T18:55:23.902+00:00,2026-08-31T18:55:23.902+00:00,2026-08-31T18:55:24.040+00:00,2026-08-31T18:55:24.041+00:00,0.082472,0.13884917499945004,sqs-worker-5986dcd897-d9pxp,ip-192-168-20-201.ec2.internal,e0e1662d190c05ac2baf520dbe3fbfb3bd68e83c37b49750a2dad6aeaec4f7ca,1,4.0,142.0
1,keda-poisson-202-a411e6f9,000210,134.209111,2026-08-31T18:55:27.474+00:00,2026-08-31T18:55:23.757+00:00,2026-08-31T18:55:23.761+00:00,2026-08-31T18:55:23.761+00:00,2026-08-31T18:55:24.084+00:00,2026-08-31T18:55:24.084+00:00,0.141112,0.32272842599923024,sqs-worker-5986dcd897-x8rdl,ip-192-168-20-201.ec2.internal,2f435934930550e6c1a2139d4a4b169983a4cdf1fbfc7c4edb3de68c22488fa1,1,4.0,327.0
1,keda-poisson-202-a411e6f9,000213,135.072729,2026-08-31T18:55:28.337+00:00,2026-08-31T18:55:24.619+00:00,2026-08-31T18:55:24.623+00:00,2026-08-31T18:55:24.623+00:00,2026-08-31T18:55:24.939+00:00,2026-08-31T18:55:24.939+00:00,0.140775,0.3162410570002976,sqs-worker-5986dcd897-d9pxp,ip-192-168-20-201.ec2.internal,a73e698892dba8e05ba0d2e0a085b8a436798ba1a3ff74335247eeac02ed9193,1,4.0,320.0
1,keda-poisson-202-a411e6f9,000214,135.443148,2026-08-31T18:55:28.708+00:00,2026-08-31T18:55:24.991+00:00,2026-08-31T18:55:24.997+00:00,2026-08-31T18:55:24.997+00:00,2026-08-31T18:55:25.168+00:00,2026-08-31T18:55:25.168+00:00,0.095618,0.170753591999528,sqs-worker-5986dcd897-d9pxp,ip-192-168-20-201.ec2.internal,929bec59434b690e9cf8b1b418b54372fd20e05e4171e02f421e56b1e33f3672,1,6.0,177.0
1,keda-poisson-202-a411e6f9,000212,134.958542,2026-08-31T18:55:28.224+00:00,2026-08-31T18:55:24.507+00:00,2026-08-31T18:55:24.511+00:00,2026-08-31T18:55:24.511+00:00,2026-08-31T18:55:25.420+00:00,2026-08-31T18:55:25.420+00:00,0.396428,0.9094576239995149,sqs-worker-5986dcd897-x8rdl,ip-192-168-20-201.ec2.internal,959545f7b50138f61d50fd90e2709cd6f835c27b7bab4ef878fc7355955598e1,1,4.0,913.0
1,keda-poisson-202-a411e6f9,000215,136.376092,2026-08-31T18:55:29.642+00:00,2026-08-31T18:55:25.925+00:00,2026-08-31T18:55:25.930+00:00,2026-08-31T18:55:25.930+00:00,2026-08-31T18:55:26.094+00:00,2026-08-31T18:55:26.094+00:00,0.090764,0.16430098000000726,sqs-worker-5986dcd897-x8rdl,ip-192-168-20-201.ec2.internal,60db169cc9bdcaf7835183b3609f69ea6e40780f4fbe320a9ed66cd7527699e9,1,5.0,169.0
1,keda-poisson-202-a411e6f9,000216,136.675805,2026-08-31T18:55:29.941+00:00,2026-08-31T18:55:26.223+00:00,2026-08-31T18:55:26.227+00:00,2026-08-31T18:55:26.227+00:00,2026-08-31T18:55:26.599+00:00,2026-08-31T18:55:26.599+00:00,0.175351,0.37212186200031283,sqs-worker-5986dcd897-x8rdl,ip-192-168-20-201.ec2.internal,945c8f46736580bf0c1ff27f020fbf4cd2e524502c8e550803262547700dffda,1,4.0,376.0
1,keda-poisson-202-a411e6f9,000217,137.030345,2026-08-31T18:55:30.295+00:00,2026-08-31T18:55:26.579+00:00,2026-08-31T18:55:26.582+00:00,2026-08-31T18:55:26.582+00:00,2026-08-31T18:55:26.692+00:00,2026-08-31T18:55:26.692+00:00,0.077417,0.11003693400016346,sqs-worker-5986dcd897-d9pxp,ip-192-168-20-201.ec2.internal,007f0e6a37374f04c22541d5f5c7a0824a6c18c3a1ca45ae728c9cdf4829da76,1,3.0,113.0
1,keda-poisson-202-a411e6f9,000218,139.135244,2026-08-31T18:55:32.402+00:00,2026-08-31T18:55:28.686+00:00,2026-08-31T18:55:28.690+00:00,2026-08-31T18:55:28.690+00:00,2026-08-31T18:55:28.896+00:00,2026-08-31T18:55:28.896+00:00,0.119,0.20602601100017637,sqs-worker-5986dcd897-d9pxp,ip-192-168-20-201.ec2.internal,f7e47a00549f9ad117f03ad30bd6e3043912d17465ccbde7ae17eee67bf7d788,1,4.0,210.0
1,keda-poisson-202-a411e6f9,000219,139.693179,2026-08-31T18:55:32.958+00:00,2026-08-31T18:55:29.802+00:00,2026-08-31T18:55:29.811+00:00,2026-08-31T18:55:29.811+00:00,2026-08-31T18:55:30.379+00:00,2026-08-31T18:55:30.379+00:00,0.087873,0.5678351179994934,sqs-worker-5986dcd897-x8rdl,ip-192-168-20-201.ec2.internal,bb8211473d04509a230cc3a5b875c724b8f5a37095c0fb4712c41e6ef6c96dc5,1,9.0,577.0
1,keda-poisson-202-a411e6f9,000220,140.17937,2026-08-31T18:55:33.445+00:00,2026-08-31T18:55:29.729+00:00,2026-08-31T18:55:29.733+00:00,2026-08-31T18:55:29.733+00:00,2026-08-31T18:55:30.433+00:00,2026-08-31T18:55:30.433+00:00,0.285269,0.700063006000164,sqs-worker-5986dcd897-d9pxp,ip-192-168-20-201.ec2.internal,4b7a2a5e78ab2ae670cccef765fd81477930dbc3e1be833c9a1a2455ec97031a,1,4.0,704.0
1,keda-poisson-202-a411e6f9,000221,140.313683,2026-08-31T18:55:33.579+00:00,2026-08-31T18:55:29.865+00:00,2026-08-31T18:55:30.476+00:00,2026-08-31T18:55:30.477+00:00,2026-08-31T18:55:30.490+00:00,2026-08-31T18:55:30.490+00:00,0.013318,0.013668198000232223,sqs-worker-5986dcd897-x8rdl,ip-192-168-20-201.ec2.internal,7730d52ec38268814d01685ff331a02355eef12843bcdfe3f5d892ec8ff9ba5b,1,611.0,625.0
1,keda-poisson-202-a411e6f9,000222,141.177049,2026-08-31T18:55:34.442+00:00,2026-08-31T18:55:30.727+00:00,2026-08-31T18:55:30.731+00:00,2026-08-31T18:55:30.731+00:00,2026-08-31T18:55:30.765+00:00,2026-08-31T18:55:30.765+00:00,0.03331,0.0340782000002946,sqs-worker-5986dcd897-d9pxp,ip-192-168-20-201.ec2.internal,e9c4cd80cf92378fb5e51d93d030f5268f68b13baa0e4ade2fb0445e5a04c090,1,4.0,38.0
1,keda-poisson-202-a411e6f9,000223,141.464197,2026-08-31T18:55:34.729+00:00,2026-08-31T18:55:31.018+00:00,2026-08-31T18:55:31.022+00:00,2026-08-31T18:55:31.022+00:00,2026-08-31T18:55:31.484+00:00,2026-08-31T18:55:31.484+00:00,0.120079,0.4625816549996671,sqs-worker-5986dcd897-x8rdl,ip-192-168-20-201.ec2.internal,cfcbadddbd7b62d03718cac97ca345a6eadd3e0bff556162804d9779beacda8b,1,4.0,466.0
1,keda-poisson-202-a411e6f9,000224,142.251562,2026-08-31T18:55:35.517+00:00,2026-08-31T18:55:31.802+00:00,2026-08-31T18:55:31.805+00:00,2026-08-31T18:55:31.805+00:00,2026-08-31T18:55:31.984+00:00,2026-08-31T18:55:31.984+00:00,0.081021,0.1787343289997807,sqs-worker-5986dcd897-x8rdl,ip-192-168-20-201.ec2.internal,b6afd25d96cd5aae4d45ecea19fc83b76bb68132e23e67342447383f45d77f74,1,3.0,182.0
1,keda-poisson-202-a411e6f9,000225,144.171143,2026-08-31T18:55:37.438+00:00,2026-08-31T18:55:33.723+00:00,2026-08-31T18:55:33.727+00:00,2026-08-31T18:55:33.727+00:00,2026-08-31T18:55:34.011+00:00,2026-08-31T18:55:34.011+00:00,0.148682,0.2844443880003382,sqs-worker-5986dcd897-x8rdl,ip-192-168-20-201.ec2.internal,2b027183fd5f4a43bc8f46013b9c172073307d7bf0e604168eb3a5eae4098e34,1,4.0,288.0
1,keda-poisson-202-a411e6f9,000226,145.284481,2026-08-31T18:55:38.550+00:00,2026-08-31T18:55:34.836+00:00,2026-08-31T18:55:34.840+00:00,2026-08-31T18:55:34.840+00:00,2026-08-31T18:55:34.875+00:00,2026-08-31T18:55:34.875+00:00,0.035727,0.03580245600005583,sqs-worker-5986dcd897-d9pxp,ip-192-168-20-201.ec2.internal,063564600837241e44eb66686b8412c602f7a395455793ecb9a79af743dabc34,1,4.0,39.0
1,keda-poisson-202-a411e6f9,000227,145.440447,2026-08-31T18:55:38.705+00:00,2026-08-31T18:55:34.992+00:00,2026-08-31T18:55:34.998+00:00,2026-08-31T18:55:34.998+00:00,2026-08-31T18:55:35.095+00:00,2026-08-31T18:55:35.095+00:00,0.052084,0.09721061500022188,sqs-worker-5986dcd897-x8rdl,ip-192-168-20-201.ec2.internal,7f20c1b3de6351f34007c877150e79522e249e465486fdb590f12ea9c905948f,1,6.0,103.0
1,keda-poisson-202-a411e6f9,000228,147.089985,2026-08-31T18:55:40.356+00:00,2026-08-31T18:55:37.152+00:00,2026-08-31T18:55:37.155+00:00,2026-08-31T18:55:37.155+00:00,2026-08-31T18:55:37.264+00:00,2026-08-31T18:55:37.264+00:00,0.052165,0.10831839399997989,sqs-worker-5986dcd897-d9pxp,ip-192-168-20-201.ec2.internal,c2d6a6b09d41e8d8961cb6bbefd320a66d10186670c0ecc8f7b6ff26b9c45fd7,1,3.0,112.0
1,keda-poisson-202-a411e6f9,000230,147.89483,2026-08-31T18:55:41.160+00:00,2026-08-31T18:55:37.448+00:00,2026-08-31T18:55:37.452+00:00,2026-08-31T18:55:37.452+00:00,2026-08-31T18:55:37.676+00:00,2026-08-31T18:55:37.676+00:00,0.101348,0.22380134099967108,sqs-worker-5986dcd897-d9pxp,ip-192-168-20-201.ec2.internal,8a2350b79694318b03adebdf945d6e095292a10c23b9b9cc76c901a281c5eade,1,4.0,228.0
1,keda-poisson-202-a411e6f9,000232,148.100668,2026-08-31T18:55:41.367+00:00,2026-08-31T18:55:37.650+00:00,2026-08-31T18:55:37.689+00:00,2026-08-31T18:55:37.689+00:00,2026-08-31T18:55:37.790+00:00,2026-08-31T18:55:37.790+00:00,0.050298,0.1010241269996186,sqs-worker-5986dcd897-d9pxp,ip-192-168-20-201.ec2.internal,b1ca822ba7a4589a820dd08a77183844d1b887d4ed3cd669d2931ea29556a534,1,39.0,140.0
1,keda-poisson-202-a411e6f9,000229,147.774395,2026-08-31T18:55:41.040+00:00,2026-08-31T18:55:37.331+00:00,2026-08-31T18:55:37.334+00:00,2026-08-31T18:55:37.334+00:00,2026-08-31T18:55:37.796+00:00,2026-08-31T18:55:37.796+00:00,0.214343,0.46188947199971153,sqs-worker-5986dcd897-x8rdl,ip-192-168-20-201.ec2.internal,4afbe761638cb132d2e9c8b1d5937e14e4969c1cfba0c74fd164508710901f6a,1,3.0,465.0
1,keda-poisson-202-a411e6f9,000231,147.922692,2026-08-31T18:55:41.187+00:00,2026-08-31T18:55:37.470+00:00,2026-08-31T18:55:37.855+00:00,2026-08-31T18:55:37.855+00:00,2026-08-31T18:55:38.566+00:00,2026-08-31T18:55:38.566+00:00,0.2906,0.7112245230000553,sqs-worker-5986dcd897-d9pxp,ip-192-168-20-201.ec2.internal,a7f4b4f7cf35e2d4e3be7d002c00228907428c3a8799266d62c2d6bd7b1ce021,1,385.0,1096.0
1,keda-poisson-202-a411e6f9,000233,148.649582,2026-08-31T18:55:41.915+00:00,2026-08-31T18:55:38.199+00:00,2026-08-31T18:55:38.203+00:00,2026-08-31T18:55:38.203+00:00,2026-08-31T18:55:38.690+00:00,2026-08-31T18:55:38.690+00:00,0.207082,0.4863530560005529,sqs-worker-5986dcd897-x8rdl,ip-192-168-20-201.ec2.internal,e174f8bc4e1a87e812d14a3f1e4bf8d068545f3b4d31272df61ff1658b0f373c,1,4.0,491.0
1,keda-poisson-202-a411e6f9,000234,149.064277,2026-08-31T18:55:42.329+00:00,2026-08-31T18:55:38.617+00:00,2026-08-31T18:55:38.725+00:00,2026-08-31T18:55:38.725+00:00,2026-08-31T18:55:38.995+00:00,2026-08-31T18:55:38.995+00:00,0.1215,0.2708259620003446,sqs-worker-5986dcd897-x8rdl,ip-192-168-20-201.ec2.internal,f8d73ab652c6716f11b17d31ab5d7023b837b57c8fc91a5b514a7514019ff505,1,108.0,378.0
1,keda-poisson-202-a411e6f9,000235,149.067088,2026-08-31T18:55:42.332+00:00,2026-08-31T18:55:38.620+00:00,2026-08-31T18:55:38.623+00:00,2026-08-31T18:55:38.623+00:00,2026-08-31T18:55:39.942+00:00,2026-08-31T18:55:39.942+00:00,0.538925,1.3182865019998644,sqs-worker-5986dcd897-d9pxp,ip-192-168-20-201.ec2.internal,9d23ebd3bb23dca14bc2c6f86441285e9887d7c04f727404808e4da5af51dc27,1,3.0,1322.0
1,keda-poisson-202-a411e6f9,000237,150.967013,2026-08-31T18:55:44.232+00:00,2026-08-31T18:55:40.514+00:00,2026-08-31T18:55:40.519+00:00,2026-08-31T18:55:40.519+00:00,2026-08-31T18:55:40.560+00:00,2026-08-31T18:55:40.560+00:00,0.040721,0.04078778700022667,sqs-worker-5986dcd897-d9pxp,ip-192-168-20-201.ec2.internal,2bc9ef3fcda53f1d4980ee05da343375c64a5bc34d820f6b39f17c18c3a95399,1,5.0,46.0
1,keda-poisson-202-a411e6f9,000236,150.92405,2026-08-31T18:55:44.190+00:00,2026-08-31T18:55:40.474+00:00,2026-08-31T18:55:40.478+00:00,2026-08-31T18:55:40.478+00:00,2026-08-31T18:55:41.075+00:00,2026-08-31T18:55:41.075+00:00,0.091078,0.5963703090001218,sqs-worker-5986dcd897-x8rdl,ip-192-168-20-201.ec2.internal,c00380a7f2a89ec323f408d5daba548316bd0cf0a25074c2d63c1eb2bc8d6ec6,1,4.0,601.0
1,keda-poisson-202-a411e6f9,000239,152.535765,2026-08-31T18:55:45.801+00:00,2026-08-31T18:55:42.084+00:00,2026-08-31T18:55:42.087+00:00,2026-08-31T18:55:42.087+00:00,2026-08-31T18:55:42.197+00:00,2026-08-31T18:55:42.197+00:00,0.054783,0.11012833699987823,sqs-worker-5986dcd897-x8rdl,ip-192-168-20-201.ec2.internal,a83abe6184b9e8b2f012dd08aecdfe41840d0cad8a91ec40ac353219b16aacc6,1,3.0,113.0
1,keda-poisson-202-a411e6f9,000240,153.538795,2026-08-31T18:55:46.805+00:00,2026-08-31T18:55:43.090+00:00,2026-08-31T18:55:43.093+00:00,2026-08-31T18:55:43.093+00:00,2026-08-31T18:55:43.196+00:00,2026-08-31T18:55:43.196+00:00,0.053395,0.10297780600012629,sqs-worker-5986dcd897-x8rdl,ip-192-168-20-201.ec2.internal,87a991d8a292053abc1ea14de18cf661492cd29d381eac478a484c7354b97008,1,3.0,106.0
1,keda-poisson-202-a411e6f9,000238,152.106835,2026-08-31T18:55:45.373+00:00,2026-08-31T18:55:41.655+00:00,2026-08-31T18:55:41.659+00:00,2026-08-31T18:55:41.659+00:00,2026-08-31T18:55:43.671+00:00,2026-08-31T18:55:43.671+00:00,0.411784,2.012110218000089,sqs-worker-5986dcd897-d9pxp,ip-192-168-20-201.ec2.internal,ed9a1867414865546d3128080a872daff483c6ccf76d55a9bde0358fe1a97ae6,1,4.0,2016.0
1,keda-poisson-202-a411e6f9,000242,155.320421,2026-08-31T18:55:48.586+00:00,2026-08-31T18:55:44.870+00:00,2026-08-31T18:55:44.874+00:00,2026-08-31T18:55:44.874+00:00,2026-08-31T18:55:44.900+00:00,2026-08-31T18:55:44.900+00:00,0.026101,0.02625792900016677,sqs-worker-5986dcd897-d9pxp,ip-192-168-20-201.ec2.internal,5aea2c3f2a2fa9fed42bdba5ae38d01a350a3993e6af6e7b20b43d05d7e883a3,1,4.0,30.0
1,keda-poisson-202-a411e6f9,000243,155.616843,2026-08-31T18:55:48.882+00:00,2026-08-31T18:55:45.164+00:00,2026-08-31T18:55:45.169+00:00,2026-08-31T18:55:45.169+00:00,2026-08-31T18:55:45.187+00:00,2026-08-31T18:55:45.187+00:00,0.017696,0.017744859000231372,sqs-worker-5986dcd897-x8rdl,ip-192-168-20-201.ec2.internal,866f8fc59ff2ef292a3989d23aa82262b05f3a023236002ca8c9dffe17cce9a8,1,5.0,23.0
1,keda-poisson-202-a411e6f9,000241,154.576256,2026-08-31T18:55:47.842+00:00,2026-08-31T18:55:44.125+00:00,2026-08-31T18:55:44.130+00:00,2026-08-31T18:55:44.130+00:00,2026-08-31T18:55:45.019+00:00,2026-08-31T18:55:45.019+00:00,0.396587,0.8892822030002208,sqs-worker-5986dcd897-x8rdl,ip-192-168-20-201.ec2.internal,40d2ed414269f7122106ae07877d7df26c9970adbaa464c3062d2365880e59ef,1,5.0,894.0
1,keda-poisson-202-a411e6f9,000245,156.216193,2026-08-31T18:55:49.482+00:00,2026-08-31T18:55:45.766+00:00,2026-08-31T18:55:45.773+00:00,2026-08-31T18:55:45.773+00:00,2026-08-31T18:55:45.787+00:00,2026-08-31T18:55:45.787+00:00,0.014485,0.014536087000124098,sqs-worker-5986dcd897-x8rdl,ip-192-168-20-201.ec2.internal,38af42997d2ce9b76873ebfb8f7ccf8783faae4df8bed92396c68877a9b6a401,1,7.0,21.0
1,keda-poisson-202-a411e6f9,000246,156.406652,2026-08-31T18:55:49.671+00:00,2026-08-31T18:55:45.956+00:00,2026-08-31T18:55:45.962+00:00,2026-08-31T18:55:45.962+00:00,2026-08-31T18:55:46.097+00:00,2026-08-31T18:55:46.097+00:00,0.071286,0.13535359900015465,sqs-worker-5986dcd897-x8rdl,ip-192-168-20-201.ec2.internal,de7f087538e2622cc20cdb56d012090ea89f1e1014276c50fee1e1a85e690a23,1,6.0,141.0
1,keda-poisson-202-a411e6f9,000244,156.07372,2026-08-31T18:55:49.339+00:00,2026-08-31T18:55:45.625+00:00,2026-08-31T18:55:45.628+00:00,2026-08-31T18:55:45.628+00:00,2026-08-31T18:55:46.155+00:00,2026-08-31T18:55:46.155+00:00,0.227072,0.5264864450000459,sqs-worker-5986dcd897-d9pxp,ip-192-168-20-201.ec2.internal,18c8061563c16899a0d02a63646b430a1428a394715ffc644f5c625ccf02c3d7,1,3.0,530.0
1,keda-poisson-202-a411e6f9,000247,156.420809,2026-08-31T18:55:49.686+00:00,2026-08-31T18:55:45.968+00:00,2026-08-31T18:55:46.121+00:00,2026-08-31T18:55:46.121+00:00,2026-08-31T18:55:46.788+00:00,2026-08-31T18:55:46.788+00:00,0.266928,0.666969201000029,sqs-worker-5986dcd897-x8rdl,ip-192-168-20-201.ec2.internal,f65e7b2fca95d1259196042699863b9b374aec05f574e8677c54cb5cc23e4ba1,1,153.0,820.0
1,keda-poisson-202-a411e6f9,000248,156.70472,2026-08-31T18:55:49.970+00:00,2026-08-31T18:55:46.252+00:00,2026-08-31T18:55:46.256+00:00,2026-08-31T18:55:46.256+00:00,2026-08-31T18:55:46.465+00:00,2026-08-31T18:55:46.465+00:00,0.089336,0.20842472099957376,sqs-worker-5986dcd897-d9pxp,ip-192-168-20-201.ec2.internal,cdeb0879037cc2b697c936146bf594607f215dc2d2012b123eda64e5bfe90860,1,4.0,213.0
1,keda-poisson-202-a411e6f9,000249,158.154018,2026-08-31T18:55:51.420+00:00,2026-08-31T18:55:47.703+00:00,2026-08-31T18:55:47.708+00:00,2026-08-31T18:55:47.708+00:00,2026-08-31T18:55:48.449+00:00,2026-08-31T18:55:48.449+00:00,0.320445,0.7407318120003765,sqs-worker-5986dcd897-d9pxp,ip-192-168-20-201.ec2.internal,dd53270a3140b0681fbf4d9e7d2a54de553590c4fbb3f7f204ccdcf75a54e61c,1,5.0,746.0
1,keda-poisson-202-a411e6f9,000250,158.948768,2026-08-31T18:55:52.214+00:00,2026-08-31T18:55:48.496+00:00,2026-08-31T18:55:48.500+00:00,2026-08-31T18:55:48.500+00:00,2026-08-31T18:55:48.622+00:00,2026-08-31T18:55:48.622+00:00,0.076942,0.12214290500014613,sqs-worker-5986dcd897-x8rdl,ip-192-168-20-201.ec2.internal,bf44c291be52fa3a23cd7da02608d723b9646e38ed286f50720c0a882862530e,1,4.0,126.0
1,keda-poisson-202-a411e6f9,000252,159.250996,2026-08-31T18:55:52.516+00:00,2026-08-31T18:55:48.801+00:00,2026-08-31T18:55:48.805+00:00,2026-08-31T18:55:48.805+00:00,2026-08-31T18:55:49.298+00:00,2026-08-31T18:55:49.298+00:00,0.213058,0.4931625339995662,sqs-worker-5986dcd897-x8rdl,ip-192-168-20-201.ec2.internal,c1f6a720a6f6d902382bdbe06ec1a764d19b3954ef662628c58d5d10269a25cf,1,4.0,497.0
1,keda-poisson-202-a411e6f9,000251,158.988991,2026-08-31T18:55:52.254+00:00,2026-08-31T18:55:48.563+00:00,2026-08-31T18:55:48.567+00:00,2026-08-31T18:55:48.567+00:00,2026-08-31T18:55:49.363+00:00,2026-08-31T18:55:49.363+00:00,0.328499,0.7955814469996767,sqs-worker-5986dcd897-d9pxp,ip-192-168-20-201.ec2.internal,a19ed6cbbc589d4e42a5b5ffb8adb3596b9f594cbe93adbc85fd9b9fad352dba,1,4.0,800.0
1,keda-poisson-202-a411e6f9,000254,160.071996,2026-08-31T18:55:53.337+00:00,2026-08-31T18:55:49.622+00:00,2026-08-31T18:55:49.624+00:00,2026-08-31T18:55:49.624+00:00,2026-08-31T18:55:49.792+00:00,2026-08-31T18:55:49.792+00:00,0.069555,0.16815318900080456,sqs-worker-5986dcd897-x8rdl,ip-192-168-20-201.ec2.internal,77222174107529c56c71d3d409802cf503dff9ca98e4376895f77a55791ff7a9,1,2.0,170.0
1,keda-poisson-202-a411e6f9,000253,159.609644,2026-08-31T18:55:52.874+00:00,2026-08-31T18:55:49.162+00:00,2026-08-31T18:55:49.365+00:00,2026-08-31T18:55:49.365+00:00,2026-08-31T18:55:49.486+00:00,2026-08-31T18:55:49.486+00:00,0.062675,0.12085719300011988,sqs-worker-5986dcd897-x8rdl,ip-192-168-20-201.ec2.internal,fe959de52c1e462733f31f6da3161299ac339796cd0751a9c78d00c07519cd00,1,203.0,324.0
1,keda-poisson-202-a411e6f9,000255,160.518044,2026-08-31T18:55:53.783+00:00,2026-08-31T18:55:50.066+00:00,2026-08-31T18:55:50.070+00:00,2026-08-31T18:55:50.070+00:00,2026-08-31T18:55:51.092+00:00,2026-08-31T18:55:51.093+00:00,0.203053,1.0225381009995544,sqs-worker-5986dcd897-x8rdl,ip-192-168-20-201.ec2.internal,89bf310f628136a6d4fc39c12a61f2753bd99c6d86bc14cd877b9a8db38dbaba,1,4.0,1026.0
1,keda-poisson-202-a411e6f9,000257,161.790144,2026-08-31T18:55:55.054+00:00,2026-08-31T18:55:51.336+00:00,2026-08-31T18:55:51.340+00:00,2026-08-31T18:55:51.340+00:00,2026-08-31T18:55:52.270+00:00,2026-08-31T18:55:52.270+00:00,0.188779,0.9293981600003463,sqs-worker-5986dcd897-d9pxp,ip-192-168-20-201.ec2.internal,2bab6a0c1cc94c2ab03723e45b5af3cdec788007d2ddff9d2c9f8c0b16b6a587,1,4.0,934.0
1,keda-poisson-202-a411e6f9,000256,161.653695,2026-08-31T18:55:54.918+00:00,2026-08-31T18:55:51.203+00:00,2026-08-31T18:55:51.207+00:00,2026-08-31T18:55:51.207+00:00,2026-08-31T18:55:52.394+00:00,2026-08-31T18:55:52.394+00:00,0.24071,1.1867991290000646,sqs-worker-5986dcd897-x8rdl,ip-192-168-20-201.ec2.internal,6c6716f13a00d9374d7313fce03bbdf8535d457e82908bf95b1328634d0022fb,1,4.0,1191.0
1,keda-poisson-202-a411e6f9,000258,162.429473,2026-08-31T18:55:55.693+00:00,2026-08-31T18:55:51.977+00:00,2026-08-31T18:55:52.372+00:00,2026-08-31T18:55:52.372+00:00,2026-08-31T18:55:52.761+00:00,2026-08-31T18:55:52.761+00:00,0.085723,0.3887959290004801,sqs-worker-5986dcd897-d9pxp,ip-192-168-20-201.ec2.internal,00914917d8b0506c6ef69200ddd4f8078e33f00a0a609df6b39c82bcf8095ef3,1,395.0,784.0
1,keda-poisson-202-a411e6f9,000260,163.092033,2026-08-31T18:55:56.355+00:00,2026-08-31T18:55:52.642+00:00,2026-08-31T18:55:52.856+00:00,2026-08-31T18:55:52.856+00:00,2026-08-31T18:55:52.861+00:00,2026-08-31T18:55:52.861+00:00,0.005389,0.0054550920003748615,sqs-worker-5986dcd897-d9pxp,ip-192-168-20-201.ec2.internal,9d2b16021d1d0165824112bde74c455064428911a901d85e609fef73a085b7eb,1,214.0,219.0
1,keda-poisson-202-a411e6f9,000259,163.08158,2026-08-31T18:55:56.346+00:00,2026-08-31T18:55:52.633+00:00,2026-08-31T18:55:52.637+00:00,2026-08-31T18:55:52.637+00:00,2026-08-31T18:55:53.405+00:00,2026-08-31T18:55:53.405+00:00,0.338411,0.7684653480000634,sqs-worker-5986dcd897-x8rdl,ip-192-168-20-201.ec2.internal,d9b8f406dbd58291c343ca573d8e39b4afb4485b17b996309cd19d68e4690634,1,4.0,772.0
1,keda-poisson-202-a411e6f9,000261,163.194829,2026-08-31T18:55:56.458+00:00,2026-08-31T18:55:52.742+00:00,2026-08-31T18:55:52.957+00:00,2026-08-31T18:55:52.957+00:00,2026-08-31T18:55:53.769+00:00,2026-08-31T18:55:53.769+00:00,0.167059,0.811900054999569,sqs-worker-5986dcd897-d9pxp,ip-192-168-20-201.ec2.internal,4dca526c0b2f8855657864e625c13bceea5dc844b6237392ebc49ace0f6def1f,1,215.0,1027.0
1,keda-poisson-202-a411e6f9,000262,163.273453,2026-08-31T18:55:56.537+00:00,2026-08-31T18:55:52.822+00:00,2026-08-31T18:55:53.424+00:00,2026-08-31T18:55:53.424+00:00,2026-08-31T18:55:53.604+00:00,2026-08-31T18:55:53.604+00:00,0.073787,0.18019437099974311,sqs-worker-5986dcd897-x8rdl,ip-192-168-20-201.ec2.internal,a8ba5426692c78edfc3bd2df413df1ab72f84c7de86b2e90357d101477f38c54,1,602.0,782.0
1,keda-poisson-202-a411e6f9,000263,163.872548,2026-08-31T18:55:57.137+00:00,2026-08-31T18:55:53.422+00:00,2026-08-31T18:55:53.633+00:00,2026-08-31T18:55:53.633+00:00,2026-08-31T18:55:53.999+00:00,2026-08-31T18:55:53.999+00:00,0.150463,0.3655563060001441,sqs-worker-5986dcd897-x8rdl,ip-192-168-20-201.ec2.internal,a03bd2362704f3f17ffc0e39f6d5f4f11afbb5e0cd5df30d28cf86dd68aa37d5,1,211.0,577.0
1,keda-poisson-202-a411e6f9,000264,165.094906,2026-08-31T18:55:58.360+00:00,2026-08-31T18:55:54.651+00:00,2026-08-31T18:55:54.654+00:00,2026-08-31T18:55:54.654+00:00,2026-08-31T18:55:54.677+00:00,2026-08-31T18:55:54.677+00:00,0.022981,0.02303436399961356,sqs-worker-5986dcd897-x8rdl,ip-192-168-20-201.ec2.internal,4e1d0959304326af09f6b2739ea2113f9ea3ed96e52a25c5235dd4cae64976a2,1,3.0,26.0
1,keda-poisson-202-a411e6f9,000265,166.429605,2026-08-31T18:55:59.694+00:00,2026-08-31T18:55:55.978+00:00,2026-08-31T18:55:55.982+00:00,2026-08-31T18:55:55.982+00:00,2026-08-31T18:55:56.020+00:00,2026-08-31T18:55:56.020+00:00,0.037744,0.037786996999784606,sqs-worker-5986dcd897-x8rdl,ip-192-168-20-201.ec2.internal,37024ad0a0cc03e35d2fab8d41c5ef8780806886effe4ce72b109a3e522ac4b7,1,4.0,42.0
1,keda-poisson-202-a411e6f9,000267,168.064909,2026-08-31T18:56:01.329+00:00,2026-08-31T18:55:57.614+00:00,2026-08-31T18:55:57.618+00:00,2026-08-31T18:55:57.618+00:00,2026-08-31T18:55:57.931+00:00,2026-08-31T18:55:57.931+00:00,0.133384,0.31300855100016634,sqs-worker-5986dcd897-d9pxp,ip-192-168-20-201.ec2.internal,6bf160fbd8bdd29798ff8cb158b27b2ac9c2550a97666ef1cf2f08c8e65dac75,1,4.0,317.0
1,keda-poisson-202-a411e6f9,000268,168.668469,2026-08-31T18:56:01.933+00:00,2026-08-31T18:55:58.217+00:00,2026-08-31T18:55:58.221+00:00,2026-08-31T18:55:58.221+00:00,2026-08-31T18:55:58.257+00:00,2026-08-31T18:55:58.257+00:00,0.035843,0.0359170149995407,sqs-worker-5986dcd897-d9pxp,ip-192-168-20-201.ec2.internal,a516a82e7f3631db8c34794eaf4b3432ca022794bf0135c3963c28e52a8ca24e,1,4.0,40.0
1,keda-poisson-202-a411e6f9,000266,167.568406,2026-08-31T18:56:00.833+00:00,2026-08-31T18:55:57.124+00:00,2026-08-31T18:55:57.128+00:00,2026-08-31T18:55:57.128+00:00,2026-08-31T18:55:58.488+00:00,2026-08-31T18:55:58.488+00:00,0.565801,1.3595063230004598,sqs-worker-5986dcd897-x8rdl,ip-192-168-20-201.ec2.internal,55ce5253110144aeb2f65a527ea4421f46305aa46247a76df85a6e06490816b0,1,4.0,1364.0
1,keda-poisson-202-a411e6f9,000270,169.570582,2026-08-31T18:56:02.834+00:00,2026-08-31T18:55:59.123+00:00,2026-08-31T18:55:59.126+00:00,2026-08-31T18:55:59.126+00:00,2026-08-31T18:55:59.230+00:00,2026-08-31T18:55:59.230+00:00,0.046916,0.10386105100042187,sqs-worker-5986dcd897-d9pxp,ip-192-168-20-201.ec2.internal,9284a75d903a412c1765066810756100246f7860dd95ee075dda873b36b76860,1,3.0,107.0
1,keda-poisson-202-a411e6f9,000271,169.984699,2026-08-31T18:56:03.249+00:00,2026-08-31T18:55:59.537+00:00,2026-08-31T18:55:59.540+00:00,2026-08-31T18:55:59.540+00:00,2026-08-31T18:55:59.575+00:00,2026-08-31T18:55:59.575+00:00,0.034143,0.03418451499965158,sqs-worker-5986dcd897-d9pxp,ip-192-168-20-201.ec2.internal,e965f4aca5ccce49eb3846b08ec1fc62d604d0921ff382bb18f8fb93510c579a,1,3.0,38.0
1,keda-poisson-202-a411e6f9,000272,170.075257,2026-08-31T18:56:03.339+00:00,2026-08-31T18:55:59.623+00:00,2026-08-31T18:55:59.626+00:00,2026-08-31T18:55:59.626+00:00,2026-08-31T18:55:59.644+00:00,2026-08-31T18:55:59.644+00:00,0.014976,0.017670860999714932,sqs-worker-5986dcd897-d9pxp,ip-192-168-20-201.ec2.internal,c2cfe6f34ad469ea1381ade789e542ad34fddbaf118542f9b640deaf15ff54f1,1,3.0,21.0
1,keda-poisson-202-a411e6f9,000273,170.327211,2026-08-31T18:56:03.591+00:00,2026-08-31T18:55:59.879+00:00,2026-08-31T18:55:59.882+00:00,2026-08-31T18:55:59.882+00:00,2026-08-31T18:56:00.467+00:00,2026-08-31T18:56:00.467+00:00,0.258886,0.585425161000785,sqs-worker-5986dcd897-d9pxp,ip-192-168-20-201.ec2.internal,98c775c0289e752ec619f7e753142aada49e2d43920b810b22f3271351fd5c8d,1,3.0,588.0
1,keda-poisson-202-a411e6f9,000274,170.611814,2026-08-31T18:56:03.876+00:00,2026-08-31T18:56:00.162+00:00,2026-08-31T18:56:00.482+00:00,2026-08-31T18:56:00.482+00:00,2026-08-31T18:56:00.733+00:00,2026-08-31T18:56:00.733+00:00,0.100532,0.2517508099999759,sqs-worker-5986dcd897-d9pxp,ip-192-168-20-201.ec2.internal,72a4b371b323e43d7cacb262903efdfc9d7b8a5b7e437e0955186229b2b36829,1,320.0,571.0
1,keda-poisson-202-a411e6f9,000269,169.34894,2026-08-31T18:56:02.613+00:00,2026-08-31T18:55:58.899+00:00,2026-08-31T18:55:58.908+00:00,2026-08-31T18:55:58.909+00:00,2026-08-31T18:56:00.507+00:00,2026-08-31T18:56:00.507+00:00,0.510562,1.598393780999686,sqs-worker-5986dcd897-x8rdl,ip-192-168-20-201.ec2.internal,0c5eeafc29c64583c1c58edaef744a7ff504ecef7df364015de4c3ff929bef2f,1,9.0,1608.0
1,keda-poisson-202-a411e6f9,000276,172.723813,2026-08-31T18:56:05.987+00:00,2026-08-31T18:56:02.272+00:00,2026-08-31T18:56:02.276+00:00,2026-08-31T18:56:02.276+00:00,2026-08-31T18:56:02.858+00:00,2026-08-31T18:56:02.858+00:00,0.153645,0.5816276870000365,sqs-worker-5986dcd897-d9pxp,ip-192-168-20-201.ec2.internal,7ce76e1b62f71020f7fb7c1eb2c4786c8e63f0f73123b440d3c225fbf7822cc4,1,4.0,586.0
1,keda-poisson-202-a411e6f9,000275,172.576916,2026-08-31T18:56:05.842+00:00,2026-08-31T18:56:02.133+00:00,2026-08-31T18:56:02.136+00:00,2026-08-31T18:56:02.136+00:00,2026-08-31T18:56:03.076+00:00,2026-08-31T18:56:03.076+00:00,0.402844,0.939255308000611,sqs-worker-5986dcd897-x8rdl,ip-192-168-20-201.ec2.internal,452ce8fd9d240d23d6ccb5b8ce86f5875c00273a6227efa1331fcd881de65316,1,3.0,943.0
1,keda-poisson-202-a411e6f9,000278,173.181258,2026-08-31T18:56:06.445+00:00,2026-08-31T18:56:02.727+00:00,2026-08-31T18:56:03.102+00:00,2026-08-31T18:56:03.102+00:00,2026-08-31T18:56:03.295+00:00,2026-08-31T18:56:03.295+00:00,0.085702,0.193019479999748,sqs-worker-5986dcd897-x8rdl,ip-192-168-20-201.ec2.internal,cc8ed66dbb61483d2feeadcf4241b27af9f5305f3b32c74b5264b3a2869f6fb1,1,375.0,568.0
1,keda-poisson-202-a411e6f9,000280,173.67467,2026-08-31T18:56:06.939+00:00,2026-08-31T18:56:03.224+00:00,2026-08-31T18:56:03.308+00:00,2026-08-31T18:56:03.308+00:00,2026-08-31T18:56:03.405+00:00,2026-08-31T18:56:03.405+00:00,0.045262,0.09683449400017707,sqs-worker-5986dcd897-x8rdl,ip-192-168-20-201.ec2.internal,c48fdd2184617345befbb5274e77f1300ca4a5969bb24febe57a0051e16d15c7,1,84.0,181.0
1,keda-poisson-202-a411e6f9,000279,173.220652,2026-08-31T18:56:06.484+00:00,2026-08-31T18:56:03.310+00:00,2026-08-31T18:56:03.424+00:00,2026-08-31T18:56:03.424+00:00,2026-08-31T18:56:03.986+00:00,2026-08-31T18:56:03.987+00:00,0.217743,0.5626422840005034,sqs-worker-5986dcd897-x8rdl,ip-192-168-20-201.ec2.internal,434c0f6cb44634b2facc6447bf1520e021e7b7cb8d9cfbdbdc3544d905ee4c6c,1,114.0,676.0
1,keda-poisson-202-a411e6f9,000281,174.233044,2026-08-31T18:56:07.497+00:00,2026-08-31T18:56:03.788+00:00,2026-08-31T18:56:04.028+00:00,2026-08-31T18:56:04.028+00:00,2026-08-31T18:56:04.315+00:00,2026-08-31T18:56:04.315+00:00,0.143012,0.28712527900006535,sqs-worker-5986dcd897-x8rdl,ip-192-168-20-201.ec2.internal,30dbbd76a997f4828ff4a6f8ac691421678595bdcf061ec8a026546b95a9f333,1,240.0,527.0
1,keda-poisson-202-a411e6f9,000282,174.697383,2026-08-31T18:56:07.961+00:00,2026-08-31T18:56:04.245+00:00,2026-08-31T18:56:04.338+00:00,2026-08-31T18:56:04.338+00:00,2026-08-31T18:56:04.795+00:00,2026-08-31T18:56:04.795+00:00,0.176474,0.4571519060000355,sqs-worker-5986dcd897-x8rdl,ip-192-168-20-201.ec2.internal,54afe5ca90111d09f94c7f96c69344ace1baa712d64b35bf310f185af98eda92,1,93.0,550.0
1,keda-poisson-202-a411e6f9,000277,173.142821,2026-08-31T18:56:06.407+00:00,2026-08-31T18:56:02.692+00:00,2026-08-31T18:56:02.879+00:00,2026-08-31T18:56:02.879+00:00,2026-08-31T18:56:04.570+00:00,2026-08-31T18:56:04.570+00:00,0.681315,1.6911716599997817,sqs-worker-5986dcd897-d9pxp,ip-192-168-20-201.ec2.internal,88993072b1eca6f1cf5b3453d8c7cf5d1475905fd3a114c4665645b70aadbc13,1,187.0,1878.0
1,keda-poisson-202-a411e6f9,000284,177.879268,2026-08-31T18:56:11.143+00:00,2026-08-31T18:56:07.445+00:00,2026-08-31T18:56:07.449+00:00,2026-08-31T18:56:07.449+00:00,2026-08-31T18:56:07.487+00:00,2026-08-31T18:56:07.487+00:00,0.03694,0.03752372500002821,sqs-worker-5986dcd897-x8rdl,ip-192-168-20-201.ec2.internal,bd34fd9fe81cc658f468dac9751a74e69ef9dcc4e0cec9d41668ef7fcb0a28cf,1,4.0,42.0
1,keda-poisson-202-a411e6f9,000283,177.475513,2026-08-31T18:56:10.742+00:00,2026-08-31T18:56:07.027+00:00,2026-08-31T18:56:07.032+00:00,2026-08-31T18:56:07.032+00:00,2026-08-31T18:56:07.636+00:00,2026-08-31T18:56:07.636+00:00,0.24785,0.6039459949997763,sqs-worker-5986dcd897-d9pxp,ip-192-168-20-201.ec2.internal,c0a08d8b75baf3d8e21fa90be9afc5e79d8d2d45d8d1ade8d94a3ce51bf4fd46,1,5.0,609.0
1,keda-poisson-202-a411e6f9,000285,178.493824,2026-08-31T18:56:11.758+00:00,2026-08-31T18:56:08.041+00:00,2026-08-31T18:56:08.045+00:00,2026-08-31T18:56:08.045+00:00,2026-08-31T18:56:08.071+00:00,2026-08-31T18:56:08.071+00:00,0.026177,0.0262315869995291,sqs-worker-5986dcd897-x8rdl,ip-192-168-20-201.ec2.internal,6ca27fa12a740a1eedb06174e56922f8b3f57d2d88c1035ba0983543823c5b65,1,4.0,30.0
1,keda-poisson-202-a411e6f9,000286,179.798974,2026-08-31T18:56:13.064+00:00,2026-08-31T18:56:09.348+00:00,2026-08-31T18:56:09.352+00:00,2026-08-31T18:56:09.352+00:00,2026-08-31T18:56:09.570+00:00,2026-08-31T18:56:09.570+00:00,0.096277,0.21843514400006825,sqs-worker-5986dcd897-d9pxp,ip-192-168-20-201.ec2.internal,ec0ba4ba2ff5e6244aeef49c1831a05be9e0e2cff91022ac3785d4d73c5bafbb,1,4.0,222.0
1,keda-poisson-202-a411e6f9,000287,179.884828,2026-08-31T18:56:13.149+00:00,2026-08-31T18:56:09.443+00:00,2026-08-31T18:56:09.446+00:00,2026-08-31T18:56:09.447+00:00,2026-08-31T18:56:09.611+00:00,2026-08-31T18:56:09.611+00:00,0.102553,0.16487490500003332,sqs-worker-5986dcd897-x8rdl,ip-192-168-20-201.ec2.internal,dd64d531f06c86d94ab28032c4bf7a30aa8a6ecaf80cb718cd87d62273030dc1,1,3.0,168.0
