schema_version,experiment_id,job_id,trace_offset_s,producer_sent_at,sqs_sent_at,worker_received_at,processing_started_at,processing_finished_at,result_sent_at,service_cpu_seconds,processing_wall_seconds,pod_name,node_name,digest,receive_count,queue_wait_ms,end_to_end_ms
1,hpa-mmpp-404-bb0c145f,000000,0.000814,2026-08-31T19:56:12.034+00:00,2026-08-31T19:56:08.237+00:00,2026-08-31T19:56:08.245+00:00,2026-08-31T19:56:08.245+00:00,2026-08-31T19:56:08.478+00:00,2026-08-31T19:56:08.478+00:00,0.114196,0.23279814699890267,sqs-worker-5986dcd897-x8rdl,ip-192-168-20-201.ec2.internal,e646b64a9ba5f2b39a2b3c418feaa27cf23ee2bb0dc860ddd8bbaf1c7a03ca29,1,8.0,241.0
1,hpa-mmpp-404-bb0c145f,000004,0.479593,2026-08-31T19:56:12.513+00:00,2026-08-31T19:56:08.713+00:00,2026-08-31T19:56:08.720+00:00,2026-08-31T19:56:08.720+00:00,2026-08-31T19:56:08.729+00:00,2026-08-31T19:56:08.729+00:00,0.008987,0.009024664999742527,sqs-worker-5986dcd897-x8rdl,ip-192-168-20-201.ec2.internal,7979e85b7c4851633dc44a7e6ac15ca951b5fafb956ef8768f4dd476e76fbb7e,1,7.0,16.0
1,hpa-mmpp-404-bb0c145f,000002,0.252394,2026-08-31T19:56:12.285+00:00,2026-08-31T19:56:08.489+00:00,2026-08-31T19:56:08.518+00:00,2026-08-31T19:56:08.518+00:00,2026-08-31T19:56:08.602+00:00,2026-08-31T19:56:08.602+00:00,0.059021,0.08382251100010762,sqs-worker-5986dcd897-x8rdl,ip-192-168-20-201.ec2.internal,ff3ec2a40df502f4a53ad71e42eccc0ed8ce6f11c182394cca34a2e2c85ab175,1,29.0,113.0
1,hpa-mmpp-404-bb0c145f,000001,0.025344,2026-08-31T19:56:12.059+00:00,2026-08-31T19:56:08.763+00:00,2026-08-31T19:56:08.766+00:00,2026-08-31T19:56:08.766+00:00,2026-08-31T19:56:09.396+00:00,2026-08-31T19:56:09.396+00:00,0.272301,0.6298443560008309,sqs-worker-5986dcd897-x8rdl,ip-192-168-20-201.ec2.internal,b81cf204fe313f2ed64893c75857d4dc72c17d69022de9619e198c716a8cefe0,1,3.0,633.0
1,hpa-mmpp-404-bb0c145f,000005,0.505955,2026-08-31T19:56:12.539+00:00,2026-08-31T19:56:09.234+00:00,2026-08-31T19:56:09.416+00:00,2026-08-31T19:56:09.416+00:00,2026-08-31T19:56:10.181+00:00,2026-08-31T19:56:10.181+00:00,0.206237,0.7647618139999395,sqs-worker-5986dcd897-x8rdl,ip-192-168-20-201.ec2.internal,eeda3e0d7a92e8b63e1778fce3961d7f4a7cd79163f0843461b22a373570478d,1,182.0,947.0
1,hpa-mmpp-404-bb0c145f,000007,1.31674,2026-08-31T19:56:13.350+00:00,2026-08-31T19:56:09.554+00:00,2026-08-31T19:56:10.195+00:00,2026-08-31T19:56:10.195+00:00,2026-08-31T19:56:10.990+00:00,2026-08-31T19:56:10.990+00:00,0.142371,0.7949589649997506,sqs-worker-5986dcd897-x8rdl,ip-192-168-20-201.ec2.internal,c5e838d0bea450a42b8df08b3b4a5d9fff3c1dee0d0e618123f423345f8de95b,1,641.0,1436.0
1,hpa-mmpp-404-bb0c145f,000009,1.670059,2026-08-31T19:56:13.703+00:00,2026-08-31T19:56:09.907+00:00,2026-08-31T19:56:11.010+00:00,2026-08-31T19:56:11.010+00:00,2026-08-31T19:56:12.381+00:00,2026-08-31T19:56:12.381+00:00,0.228485,1.3711866590001591,sqs-worker-5986dcd897-x8rdl,ip-192-168-20-201.ec2.internal,428a8f3f702a5443a3a01d76850997a44feffcc4390998949af51597c2d51e83,1,1103.0,2474.0
1,hpa-mmpp-404-bb0c145f,000019,2.807329,2026-08-31T19:56:14.840+00:00,2026-08-31T19:56:11.044+00:00,2026-08-31T19:56:12.396+00:00,2026-08-31T19:56:12.396+00:00,2026-08-31T19:56:12.875+00:00,2026-08-31T19:56:12.875+00:00,0.188894,0.47919948299932,sqs-worker-5986dcd897-x8rdl,ip-192-168-20-201.ec2.internal,301bfde4e58256e3dad2f10d69121588d71fa38b0466046dac0c2250c6f37c16,1,1352.0,1831.0
1,hpa-mmpp-404-bb0c145f,000013,2.336742,2026-08-31T19:56:14.370+00:00,2026-08-31T19:56:10.573+00:00,2026-08-31T19:56:12.896+00:00,2026-08-31T19:56:12.896+00:00,2026-08-31T19:56:13.303+00:00,2026-08-31T19:56:13.303+00:00,0.184238,0.4077978789991903,sqs-worker-5986dcd897-x8rdl,ip-192-168-20-201.ec2.internal,6e9a7e484684b591cf897dd17e188a015cb092972543104e7aa323c747c83bb5,1,2323.0,2730.0
1,hpa-mmpp-404-bb0c145f,000011,1.939633,2026-08-31T19:56:13.973+00:00,2026-08-31T19:56:10.193+00:00,2026-08-31T19:56:13.375+00:00,2026-08-31T19:56:13.375+00:00,2026-08-31T19:56:14.406+00:00,2026-08-31T19:56:14.406+00:00,0.430589,1.0314748670007248,sqs-worker-5986dcd897-x8rdl,ip-192-168-20-201.ec2.internal,bedd23c0184c00691d22076aa690e26be04471ba086558a9b465789e631df232,1,3182.0,4213.0
1,hpa-mmpp-404-bb0c145f,000014,2.37482,2026-08-31T19:56:14.408+00:00,2026-08-31T19:56:10.611+00:00,2026-08-31T19:56:14.705+00:00,2026-08-31T19:56:14.705+00:00,2026-08-31T19:56:14.711+00:00,2026-08-31T19:56:14.711+00:00,0.006123,0.006154388000140898,sqs-worker-5986dcd897-x8rdl,ip-192-168-20-201.ec2.internal,398929f307769e63de4a2e6fadb6ab3526bb198301a82b9c7c51e165461ac326,1,4094.0000000000005,4100.0
1,hpa-mmpp-404-bb0c145f,000012,2.285995,2026-08-31T19:56:14.319+00:00,2026-08-31T19:56:10.519+00:00,2026-08-31T19:56:14.426+00:00,2026-08-31T19:56:14.426+00:00,2026-08-31T19:56:14.690+00:00,2026-08-31T19:56:14.690+00:00,0.099858,0.2642879319992062,sqs-worker-5986dcd897-x8rdl,ip-192-168-20-201.ec2.internal,78635c4a1124df7ac6c753259f3c7eeb35520deea45b768c82812025b0abfa96,1,3907.0,4171.0
1,hpa-mmpp-404-bb0c145f,000003,0.353537,2026-08-31T19:56:12.387+00:00,2026-08-31T19:56:09.107+00:00,2026-08-31T19:56:14.728+00:00,2026-08-31T19:56:14.728+00:00,2026-08-31T19:56:14.912+00:00,2026-08-31T19:56:14.912+00:00,0.089188,0.18411870099953376,sqs-worker-5986dcd897-x8rdl,ip-192-168-20-201.ec2.internal,64171d4894e38421cec0747c556fed4987c64c531c6df799d2c76960f0d13396,1,5621.0,5805.0
1,hpa-mmpp-404-bb0c145f,000006,1.041264,2026-08-31T19:56:13.075+00:00,2026-08-31T19:56:09.292+00:00,2026-08-31T19:56:15.101+00:00,2026-08-31T19:56:15.101+00:00,2026-08-31T19:56:15.390+00:00,2026-08-31T19:56:15.390+00:00,0.121603,0.2891933009996137,sqs-worker-5986dcd897-x8rdl,ip-192-168-20-201.ec2.internal,3955a2bc5d0d40b788d4828719a0f06f9c39e4cd0591139b9759e58406e64169,1,5809.0,6098.0
1,hpa-mmpp-404-bb0c145f,000015,2.551169,2026-08-31T19:56:14.584+00:00,2026-08-31T19:56:10.789+00:00,2026-08-31T19:56:15.803+00:00,2026-08-31T19:56:15.803+00:00,2026-08-31T19:56:15.808+00:00,2026-08-31T19:56:15.808+00:00,0.005,0.005031175000112853,sqs-worker-5986dcd897-x8rdl,ip-192-168-20-201.ec2.internal,ad7737b986742ed7a76f4a690e47d6eae6cb85dc29609a7f82e236cae5ffa1d0,1,5014.0,5019.0
1,hpa-mmpp-404-bb0c145f,000022,3.532046,2026-08-31T19:56:15.565+00:00,2026-08-31T19:56:11.773+00:00,2026-08-31T19:56:14.979+00:00,2026-08-31T19:56:14.979+00:00,2026-08-31T19:56:15.085+00:00,2026-08-31T19:56:15.085+00:00,0.04771,0.1051120339998306,sqs-worker-5986dcd897-x8rdl,ip-192-168-20-201.ec2.internal,1624df585db4afd4cb85d107e12c1e9956c2da15703aa7944e6a7145433b222d,1,3206.0,3312.0
1,hpa-mmpp-404-bb0c145f,000025,3.628557,2026-08-31T19:56:15.661+00:00,2026-08-31T19:56:11.864+00:00,2026-08-31T19:56:15.406+00:00,2026-08-31T19:56:15.406+00:00,2026-08-31T19:56:15.687+00:00,2026-08-31T19:56:15.687+00:00,0.111838,0.2810150530003739,sqs-worker-5986dcd897-x8rdl,ip-192-168-20-201.ec2.internal,01514eab72b0ebf63f40f0c236ff2fd61a68c56063c2eab2b90b374209217b5b,1,3542.0,3823.0
1,hpa-mmpp-404-bb0c145f,000023,3.590386,2026-08-31T19:56:15.623+00:00,2026-08-31T19:56:11.826+00:00,2026-08-31T19:56:15.701+00:00,2026-08-31T19:56:15.701+00:00,2026-08-31T19:56:15.788+00:00,2026-08-31T19:56:15.788+00:00,0.036811,0.08724005899966869,sqs-worker-5986dcd897-x8rdl,ip-192-168-20-201.ec2.internal,9642bbbb64ac2738924dabd055fdb7e253c7da870f9191ea51ab82aaf8905f50,1,3875.0,3962.0
1,hpa-mmpp-404-bb0c145f,000017,2.717916,2026-08-31T19:56:14.751+00:00,2026-08-31T19:56:10.960+00:00,2026-08-31T19:56:15.822+00:00,2026-08-31T19:56:15.822+00:00,2026-08-31T19:56:16.913+00:00,2026-08-31T19:56:16.913+00:00,0.453765,1.0907847409998794,sqs-worker-5986dcd897-x8rdl,ip-192-168-20-201.ec2.internal,5021b19e79ec3fe25e355f2c4a38a487ccc3cca829524f8ccd8f2e7453cce0e1,1,4862.0,5953.0
1,hpa-mmpp-404-bb0c145f,000016,2.586686,2026-08-31T19:56:14.620+00:00,2026-08-31T19:56:10.821+00:00,2026-08-31T19:56:16.983+00:00,2026-08-31T19:56:16.983+00:00,2026-08-31T19:56:17.699+00:00,2026-08-31T19:56:17.699+00:00,0.301239,0.7155446649994701,sqs-worker-5986dcd897-x8rdl,ip-192-168-20-201.ec2.internal,8afb3654daf37c2fb3412fcce1837748e21091560b0e07145228a04767d7e674,1,6162.0,6878.0
1,hpa-mmpp-404-bb0c145f,000018,2.79559,2026-08-31T19:56:14.829+00:00,2026-08-31T19:56:11.030+00:00,2026-08-31T19:56:17.712+00:00,2026-08-31T19:56:17.712+00:00,2026-08-31T19:56:17.801+00:00,2026-08-31T19:56:17.801+00:00,0.038279,0.08931086600023264,sqs-worker-5986dcd897-x8rdl,ip-192-168-20-201.ec2.internal,e3bbb66b3ecac5e6c2c22383af405c861fb666fb7dc545fd267f4b8b13a6b6a7,1,6682.0,6771.0
1,hpa-mmpp-404-bb0c145f,000008,1.480215,2026-08-31T19:56:13.513+00:00,2026-08-31T19:56:09.715+00:00,2026-08-31T19:56:17.835+00:00,2026-08-31T19:56:17.835+00:00,2026-08-31T19:56:18.082+00:00,2026-08-31T19:56:18.082+00:00,0.096323,0.24622234100024798,sqs-worker-5986dcd897-x8rdl,ip-192-168-20-201.ec2.internal,7f8905d4170de0118eee3e31523a131863aad231c6511b185b3ae10e2c4f6066,1,8119.999999999999,8367.0
1,hpa-mmpp-404-bb0c145f,000021,3.334642,2026-08-31T19:56:15.368+00:00,2026-08-31T19:56:11.576+00:00,2026-08-31T19:56:18.552+00:00,2026-08-31T19:56:18.552+00:00,2026-08-31T19:56:18.590+00:00,2026-08-31T19:56:18.590+00:00,0.030325,0.03751123399888456,sqs-worker-5986dcd897-x8rdl,ip-192-168-20-201.ec2.internal,8a927ab78774b261df2cdc5e947e5597f6448d697d9837a395c2715019bdcad2,1,6976.0,7014.0
1,hpa-mmpp-404-bb0c145f,000010,1.719393,2026-08-31T19:56:13.752+00:00,2026-08-31T19:56:09.964+00:00,2026-08-31T19:56:18.094+00:00,2026-08-31T19:56:18.094+00:00,2026-08-31T19:56:18.495+00:00,2026-08-31T19:56:18.495+00:00,0.169118,0.4008767239993176,sqs-worker-5986dcd897-x8rdl,ip-192-168-20-201.ec2.internal,6a48b21a97a345fd5811512be294a84f95baeb6ed47b8b0ab207a685af829cbe,1,8130.000000000001,8531.0
1,hpa-mmpp-404-bb0c145f,000020,2.911082,2026-08-31T19:56:14.944+00:00,2026-08-31T19:56:11.148+00:00,2026-08-31T19:56:18.604+00:00,2026-08-31T19:56:18.604+00:00,2026-08-31T19:56:19.177+00:00,2026-08-31T19:56:19.177+00:00,0.223967,0.5731741340005101,sqs-worker-5986dcd897-x8rdl,ip-192-168-20-201.ec2.internal,254d543c3b4977fcbcc87cd03dacf50c7a646d6fda58163b7daf88927e93ada7,1,7456.0,8029.0
1,hpa-mmpp-404-bb0c145f,000027,5.144083,2026-08-31T19:56:17.177+00:00,2026-08-31T19:56:13.377+00:00,2026-08-31T19:56:19.201+00:00,2026-08-31T19:56:19.201+00:00,2026-08-31T19:56:19.686+00:00,2026-08-31T19:56:19.686+00:00,0.199162,0.48546972799886134,sqs-worker-5986dcd897-x8rdl,ip-192-168-20-201.ec2.internal,a5062a2c9fec1ee20a51d54253bd4607a3e7e045bf8582b25d6f91c09b7fd52c,1,5824.0,6309.0
1,hpa-mmpp-404-bb0c145f,000024,3.603834,2026-08-31T19:56:15.637+00:00,2026-08-31T19:56:11.843+00:00,2026-08-31T19:56:19.875+00:00,2026-08-31T19:56:19.875+00:00,2026-08-31T19:56:19.996+00:00,2026-08-31T19:56:19.996+00:00,0.03297,0.12108837499908987,sqs-worker-5986dcd897-x8rdl,ip-192-168-20-201.ec2.internal,e60f315041ca6d99700fa89c96f4751579a361876cd77ed77b3ef2bd4f63e219,1,8032.0,8153.000000000001
1,hpa-mmpp-404-bb0c145f,000029,10.262879,2026-08-31T19:56:22.296+00:00,2026-08-31T19:56:18.497+00:00,2026-08-31T19:56:19.712+00:00,2026-08-31T19:56:19.713+00:00,2026-08-31T19:56:19.790+00:00,2026-08-31T19:56:19.790+00:00,0.008871,0.07708309900044696,sqs-worker-5986dcd897-x8rdl,ip-192-168-20-201.ec2.internal,301b42a791508846c8497503407e0da4b7277d83503f21f100e0926cced978fd,1,1215.0,1293.0
1,hpa-mmpp-404-bb0c145f,000026,4.785192,2026-08-31T19:56:16.819+00:00,2026-08-31T19:56:13.020+00:00,2026-08-31T19:56:20.089+00:00,2026-08-31T19:56:20.089+00:00,2026-08-31T19:56:20.198+00:00,2026-08-31T19:56:20.198+00:00,0.029189,0.10879679000026954,sqs-worker-5986dcd897-x8rdl,ip-192-168-20-201.ec2.internal,b08e36733bad50ee66a4908ddf7e40a789bf1aea1e2b1b8a9bf640abe0cc2565,1,7069.0,7178.0
1,hpa-mmpp-404-bb0c145f,000028,9.970584,2026-08-31T19:56:22.005+00:00,2026-08-31T19:56:18.206+00:00,2026-08-31T19:56:20.293+00:00,2026-08-31T19:56:20.293+00:00,2026-08-31T19:56:21.274+00:00,2026-08-31T19:56:21.274+00:00,0.180924,0.9809106650009198,sqs-worker-5986dcd897-x8rdl,ip-192-168-20-201.ec2.internal,8c4ea734904481af4036f7db8664a56e0a2ea48dcca4d6ee3961bc7be2ccfe34,1,2087.0,3068.0
1,hpa-mmpp-404-bb0c145f,000030,14.041235,2026-08-31T19:56:26.075+00:00,2026-08-31T19:56:22.278+00:00,2026-08-31T19:56:22.282+00:00,2026-08-31T19:56:22.282+00:00,2026-08-31T19:56:22.784+00:00,2026-08-31T19:56:22.784+00:00,0.201589,0.502173724999011,sqs-worker-5986dcd897-x8rdl,ip-192-168-20-201.ec2.internal,0e00ba4410c13c85bb61eee88165583bf6c3a9f6ac2655dedd4796b66cd4eb91,1,4.0,506.0
1,hpa-mmpp-404-bb0c145f,000031,18.467707,2026-08-31T19:56:30.503+00:00,2026-08-31T19:56:26.706+00:00,2026-08-31T19:56:26.710+00:00,2026-08-31T19:56:26.710+00:00,2026-08-31T19:56:26.742+00:00,2026-08-31T19:56:26.742+00:00,0.030947,0.03250979400036158,sqs-worker-5986dcd897-x8rdl,ip-192-168-20-201.ec2.internal,e49311f7a9fa8e091b713a75e7b4dd16cf7a0482ea4038314378b1c9490f7a33,1,4.0,36.0
1,hpa-mmpp-404-bb0c145f,000032,19.345047,2026-08-31T19:56:31.377+00:00,2026-08-31T19:56:27.581+00:00,2026-08-31T19:56:27.586+00:00,2026-08-31T19:56:27.586+00:00,2026-08-31T19:56:28.784+00:00,2026-08-31T19:56:28.784+00:00,0.481081,1.1977881620005064,sqs-worker-5986dcd897-x8rdl,ip-192-168-20-201.ec2.internal,8c49ddc5b6f67951bb4a1aa223227ce7f774cb622bbe74d3d1e0d7499d0f6d9d,1,5.0,1203.0
1,hpa-mmpp-404-bb0c145f,000033,21.322121,2026-08-31T19:56:33.355+00:00,2026-08-31T19:56:29.558+00:00,2026-08-31T19:56:29.574+00:00,2026-08-31T19:56:29.574+00:00,2026-08-31T19:56:29.781+00:00,2026-08-31T19:56:29.781+00:00,0.067296,0.20637295500091568,sqs-worker-5986dcd897-x8rdl,ip-192-168-20-201.ec2.internal,7ad3b33326f8308fa10db82fa44c3cb8edee765ab7e42a2e82fa87f371da7702,1,16.0,223.0
1,hpa-mmpp-404-bb0c145f,000034,21.394619,2026-08-31T19:56:33.426+00:00,2026-08-31T19:56:29.630+00:00,2026-08-31T19:56:29.801+00:00,2026-08-31T19:56:29.801+00:00,2026-08-31T19:56:33.280+00:00,2026-08-31T19:56:33.280+00:00,0.793848,3.478577484998823,sqs-worker-5986dcd897-x8rdl,ip-192-168-20-201.ec2.internal,edbf9d693882c3ed91084723525bf6748814cb1fec143e8df3509b3a973fba0a,1,171.0,3650.0
1,hpa-mmpp-404-bb0c145f,000040,22.874026,2026-08-31T19:56:34.905+00:00,2026-08-31T19:56:31.107+00:00,2026-08-31T19:56:33.296+00:00,2026-08-31T19:56:33.296+00:00,2026-08-31T19:56:33.301+00:00,2026-08-31T19:56:33.301+00:00,0.005,0.005032188000768656,sqs-worker-5986dcd897-x8rdl,ip-192-168-20-201.ec2.internal,fb11a75d603a6e9137b6174e8efe8fc6166a2ab2e4b53e64cb74d59fdbf5f3ab,1,2189.0,2194.0
1,hpa-mmpp-404-bb0c145f,000035,21.449454,2026-08-31T19:56:33.481+00:00,2026-08-31T19:56:29.685+00:00,2026-08-31T19:56:33.347+00:00,2026-08-31T19:56:33.347+00:00,2026-08-31T19:56:34.985+00:00,2026-08-31T19:56:34.985+00:00,0.66542,1.6377660889993422,sqs-worker-5986dcd897-x8rdl,ip-192-168-20-201.ec2.internal,2ee85e5baad95d2fabcd4c9f4bfe23d58075b25d7f59e2c071c52fd2fe73f995,1,3662.0,5300.0
1,hpa-mmpp-404-bb0c145f,000036,22.494909,2026-08-31T19:56:34.527+00:00,2026-08-31T19:56:30.737+00:00,2026-08-31T19:56:35.009+00:00,2026-08-31T19:56:35.009+00:00,2026-08-31T19:56:35.981+00:00,2026-08-31T19:56:35.981+00:00,0.392594,0.9722980689984979,sqs-worker-5986dcd897-x8rdl,ip-192-168-20-201.ec2.internal,490bdfc282cdf48d905118a11a239f2006f0818a13e07dc02aaa03a42fb7016d,1,4272.0,5244.0
1,hpa-mmpp-404-bb0c145f,000041,22.928887,2026-08-31T19:56:34.960+00:00,2026-08-31T19:56:31.162+00:00,2026-08-31T19:56:36.104+00:00,2026-08-31T19:56:36.104+00:00,2026-08-31T19:56:36.483+00:00,2026-08-31T19:56:36.483+00:00,0.151026,0.37927561499964213,sqs-worker-5986dcd897-x8rdl,ip-192-168-20-201.ec2.internal,e7797d1eb1c667fabb1ee677825d21701f1a090593e2de5b6501f8175716c476,1,4942.0,5321.0
1,hpa-mmpp-404-bb0c145f,000039,22.697608,2026-08-31T19:56:34.729+00:00,2026-08-31T19:56:30.934+00:00,2026-08-31T19:56:35.999+00:00,2026-08-31T19:56:35.999+00:00,2026-08-31T19:56:36.011+00:00,2026-08-31T19:56:36.011+00:00,0.012142,0.012177063001217903,sqs-worker-5986dcd897-x8rdl,ip-192-168-20-201.ec2.internal,bf6c4e077f62326f7bd8bfc1f2034cf7931b5e8d61b25f10cc4f46d5f83952bb,1,5065.0,5077.0
1,hpa-mmpp-404-bb0c145f,000037,22.554408,2026-08-31T19:56:34.586+00:00,2026-08-31T19:56:30.789+00:00,2026-08-31T19:56:36.025+00:00,2026-08-31T19:56:36.025+00:00,2026-08-31T19:56:36.088+00:00,2026-08-31T19:56:36.088+00:00,0.026651,0.06273945199973241,sqs-worker-5986dcd897-x8rdl,ip-192-168-20-201.ec2.internal,c6eec328c153b209063728c0903324d235b1c71c6f086391795655cea2343866,1,5236.0,5299.0
1,hpa-mmpp-404-bb0c145f,000044,23.20197,2026-08-31T19:56:35.233+00:00,2026-08-31T19:56:31.435+00:00,2026-08-31T19:56:37.200+00:00,2026-08-31T19:56:37.200+00:00,2026-08-31T19:56:37.218+00:00,2026-08-31T19:56:37.218+00:00,0.017938,0.018049746999167837,sqs-worker-5986dcd897-x8rdl,ip-192-168-20-201.ec2.internal,262be887aaafcfbc6dd7620e4dc45f9b97cd949ebd07b4c849dee60bf5807652,1,5765.0,5783.0
1,hpa-mmpp-404-bb0c145f,000042,22.939831,2026-08-31T19:56:34.971+00:00,2026-08-31T19:56:31.174+00:00,2026-08-31T19:56:37.327+00:00,2026-08-31T19:56:37.327+00:00,2026-08-31T19:56:37.393+00:00,2026-08-31T19:56:37.393+00:00,0.041147,0.06592016099966713,sqs-worker-5986dcd897-x8rdl,ip-192-168-20-201.ec2.internal,4b05a32f12d70463822a5d4ad97598d62f6db5907bd11295c37c7aaf91433c27,1,6153.0,6219.0
1,hpa-mmpp-404-bb0c145f,000048,24.480467,2026-08-31T19:56:36.512+00:00,2026-08-31T19:56:32.720+00:00,2026-08-31T19:56:36.500+00:00,2026-08-31T19:56:36.500+00:00,2026-08-31T19:56:37.184+00:00,2026-08-31T19:56:37.184+00:00,0.277232,0.6843023549990903,sqs-worker-5986dcd897-x8rdl,ip-192-168-20-201.ec2.internal,992be25daf943a2cf95ce780f0bf89cd904b3f4a602f014fa3a5b6fb60f6a0c2,1,3780.0,4464.0
1,hpa-mmpp-404-bb0c145f,000038,22.622899,2026-08-31T19:56:34.654+00:00,2026-08-31T19:56:30.855+00:00,2026-08-31T19:56:37.420+00:00,2026-08-31T19:56:37.420+00:00,2026-08-31T19:56:37.991+00:00,2026-08-31T19:56:37.991+00:00,0.23645,0.5714021009989665,sqs-worker-5986dcd897-x8rdl,ip-192-168-20-201.ec2.internal,a6fc10d64ab610738db896c7280d62dbad8ff6fbdf233d1b02f444fbba05345a,1,6565.0,7136.0
1,hpa-mmpp-404-bb0c145f,000043,23.049191,2026-08-31T19:56:35.080+00:00,2026-08-31T19:56:31.283+00:00,2026-08-31T19:56:37.242+00:00,2026-08-31T19:56:37.242+00:00,2026-08-31T19:56:37.293+00:00,2026-08-31T19:56:37.293+00:00,0.012067,0.051061185000435216,sqs-worker-5986dcd897-x8rdl,ip-192-168-20-201.ec2.internal,d6784553befe915e5d69454ee64c56916e374d9c9f2cbfe8308edcecf7d1b211,1,5959.0,6010.0
1,hpa-mmpp-404-bb0c145f,000045,23.204786,2026-08-31T19:56:35.236+00:00,2026-08-31T19:56:31.440+00:00,2026-08-31T19:56:38.007+00:00,2026-08-31T19:56:38.007+00:00,2026-08-31T19:56:38.593+00:00,2026-08-31T19:56:38.593+00:00,0.232374,0.5856638519999251,sqs-worker-5986dcd897-x8rdl,ip-192-168-20-201.ec2.internal,ce9a151029a1268ab0aa629dfdb364646951d3c4a0606e29164dad8007827bcf,1,6567.0,7153.0
1,hpa-mmpp-404-bb0c145f,000047,24.300134,2026-08-31T19:56:36.331+00:00,2026-08-31T19:56:32.533+00:00,2026-08-31T19:56:38.610+00:00,2026-08-31T19:56:38.610+00:00,2026-08-31T19:56:39.102+00:00,2026-08-31T19:56:39.102+00:00,0.203814,0.4919375979989127,sqs-worker-5986dcd897-x8rdl,ip-192-168-20-201.ec2.internal,c7fe74e9bfcd5a783c093bff0f3584795cc39de2269fc0759ab5f49af4c735c4,1,6077.0,6569.0
1,hpa-mmpp-404-bb0c145f,000049,30.398503,2026-08-31T19:56:42.435+00:00,2026-08-31T19:56:38.639+00:00,2026-08-31T19:56:38.941+00:00,2026-08-31T19:56:38.941+00:00,2026-08-31T19:56:39.266+00:00,2026-08-31T19:56:39.266+00:00,0.151357,0.3253484299984848,sqs-worker-5986dcd897-4kr5p,ip-192-168-20-201.ec2.internal,ad8dadd7b407bc0e1d0a4bb5c9ea1104910c6079647b8dd4038441ca2a4fd904,1,302.0,627.0
1,hpa-mmpp-404-bb0c145f,000046,24.269965,2026-08-31T19:56:36.302+00:00,2026-08-31T19:56:32.504+00:00,2026-08-31T19:56:39.190+00:00,2026-08-31T19:56:39.190+00:00,2026-08-31T19:56:40.889+00:00,2026-08-31T19:56:40.889+00:00,0.437594,1.6985833050002839,sqs-worker-5986dcd897-x8rdl,ip-192-168-20-201.ec2.internal,46179c019d7af5b396b47873bf97dd4a294cb18b44517ca4dcb925dbcbd8458b,1,6686.0,8385.0
1,hpa-mmpp-404-bb0c145f,000050,37.71384,2026-08-31T19:56:49.751+00:00,2026-08-31T19:56:45.960+00:00,2026-08-31T19:56:45.968+00:00,2026-08-31T19:56:45.968+00:00,2026-08-31T19:56:46.990+00:00,2026-08-31T19:56:46.990+00:00,0.42584,1.0217327829996066,sqs-worker-5986dcd897-x8rdl,ip-192-168-20-201.ec2.internal,a6a65c847c4dd186dd4eb1fe359431dc46a9ea2cb18cf0cdf32d5611ff2ffcd7,1,8.0,1030.0
1,hpa-mmpp-404-bb0c145f,000051,40.526611,2026-08-31T19:56:52.560+00:00,2026-08-31T19:56:48.761+00:00,2026-08-31T19:56:48.765+00:00,2026-08-31T19:56:48.765+00:00,2026-08-31T19:56:49.078+00:00,2026-08-31T19:56:49.079+00:00,0.132535,0.31328165299964894,sqs-worker-5986dcd897-x8rdl,ip-192-168-20-201.ec2.internal,255b738d1d73a6b23e713acd44391e2b179abe9e6f944879782db5e16be261ba,1,4.0,317.0
1,hpa-mmpp-404-bb0c145f,000052,42.53086,2026-08-31T19:56:54.563+00:00,2026-08-31T19:56:50.765+00:00,2026-08-31T19:56:50.770+00:00,2026-08-31T19:56:50.770+00:00,2026-08-31T19:56:50.951+00:00,2026-08-31T19:56:50.951+00:00,0.096231,0.18063099299979513,sqs-worker-5986dcd897-4kr5p,ip-192-168-20-201.ec2.internal,c309666ab70ad45cca30d3214567aa572363882ae19d341c29d630290f632703,1,5.0,186.0
1,hpa-mmpp-404-bb0c145f,000053,44.633352,2026-08-31T19:56:56.665+00:00,2026-08-31T19:56:52.872+00:00,2026-08-31T19:56:52.876+00:00,2026-08-31T19:56:52.876+00:00,2026-08-31T19:56:53.291+00:00,2026-08-31T19:56:53.291+00:00,0.167993,0.4145087910001166,sqs-worker-5986dcd897-x8rdl,ip-192-168-20-201.ec2.internal,00ad1f8ecf703a7fe3a3044cf26893fac2ca45a3ef97c2feaf4ae6d972644fa5,1,4.0,419.0
1,hpa-mmpp-404-bb0c145f,000054,45.463817,2026-08-31T19:56:57.494+00:00,2026-08-31T19:56:53.699+00:00,2026-08-31T19:56:53.703+00:00,2026-08-31T19:56:53.703+00:00,2026-08-31T19:56:53.746+00:00,2026-08-31T19:56:53.746+00:00,0.043316,0.04366322999885597,sqs-worker-5986dcd897-4kr5p,ip-192-168-20-201.ec2.internal,93a6921e89d316e46fd5a81e5f74a5188616b3f201f7ded9db62215e0d00d84c,1,4.0,47.0
1,hpa-mmpp-404-bb0c145f,000055,52.450508,2026-08-31T19:57:04.487+00:00,2026-08-31T19:57:00.703+00:00,2026-08-31T19:57:00.708+00:00,2026-08-31T19:57:00.708+00:00,2026-08-31T19:57:01.002+00:00,2026-08-31T19:57:01.003+00:00,0.101023,0.29465067499950237,sqs-worker-5986dcd897-x8rdl,ip-192-168-20-201.ec2.internal,7a5cabf51c513d4a735c1b66224908838b5eb06a44e48e459deaf5d5c5d7a652,1,5.0,299.0
1,hpa-mmpp-404-bb0c145f,000056,54.029276,2026-08-31T19:57:06.061+00:00,2026-08-31T19:57:02.267+00:00,2026-08-31T19:57:02.272+00:00,2026-08-31T19:57:02.272+00:00,2026-08-31T19:57:02.585+00:00,2026-08-31T19:57:02.585+00:00,0.13646,0.31323260399949504,sqs-worker-5986dcd897-x8rdl,ip-192-168-20-201.ec2.internal,0cee94c2874d21468617cb89cd3138d8d3c810aee0d51fcdfae4ee91f892a4ac,1,5.0,318.0
1,hpa-mmpp-404-bb0c145f,000058,56.576973,2026-08-31T19:57:08.607+00:00,2026-08-31T19:57:04.810+00:00,2026-08-31T19:57:04.815+00:00,2026-08-31T19:57:04.815+00:00,2026-08-31T19:57:04.899+00:00,2026-08-31T19:57:04.899+00:00,0.056642,0.08460767300130101,sqs-worker-5986dcd897-x8rdl,ip-192-168-20-201.ec2.internal,7e5ed80fd81df1158973cd04fbebd2d133cf6cf7e6bdd685bd624523580459cb,1,5.0,89.0
1,hpa-mmpp-404-bb0c145f,000057,56.37648,2026-08-31T19:57:08.408+00:00,2026-08-31T19:57:04.612+00:00,2026-08-31T19:57:04.616+00:00,2026-08-31T19:57:04.616+00:00,2026-08-31T19:57:04.955+00:00,2026-08-31T19:57:04.955+00:00,0.160184,0.3382208189996163,sqs-worker-5986dcd897-4kr5p,ip-192-168-20-201.ec2.internal,86d6a873b982168893d82f35ab684c7364d38c3a5e79ed4f15ee96ddf24f30ee,1,4.0,343.0
1,hpa-mmpp-404-bb0c145f,000060,57.706714,2026-08-31T19:57:09.736+00:00,2026-08-31T19:57:05.938+00:00,2026-08-31T19:57:05.941+00:00,2026-08-31T19:57:05.941+00:00,2026-08-31T19:57:06.074+00:00,2026-08-31T19:57:06.074+00:00,0.078766,0.13292663699940022,sqs-worker-5986dcd897-4kr5p,ip-192-168-20-201.ec2.internal,913a24a1eb0694123f3bf519f5fe85edc05cac780903ae9965c870b9e0f235ba,1,3.0,136.0
1,hpa-mmpp-404-bb0c145f,000062,57.910939,2026-08-31T19:57:09.941+00:00,2026-08-31T19:57:06.143+00:00,2026-08-31T19:57:06.147+00:00,2026-08-31T19:57:06.147+00:00,2026-08-31T19:57:06.253+00:00,2026-08-31T19:57:06.253+00:00,0.053581,0.1063591849997465,sqs-worker-5986dcd897-4kr5p,ip-192-168-20-201.ec2.internal,43f2d309fe508ac690447f8b3c734ad5079b188141884b3a2ee934a67be7f003,1,4.0,110.0
1,hpa-mmpp-404-bb0c145f,000059,57.56663,2026-08-31T19:57:09.597+00:00,2026-08-31T19:57:05.797+00:00,2026-08-31T19:57:05.801+00:00,2026-08-31T19:57:05.801+00:00,2026-08-31T19:57:06.784+00:00,2026-08-31T19:57:06.784+00:00,0.402475,0.9832454440002039,sqs-worker-5986dcd897-x8rdl,ip-192-168-20-201.ec2.internal,5ea081c2b16bc7bb80400d64bb152ea6c9a8f10e16fb65e0b2ff0fc164cb0397,1,4.0,987.0
1,hpa-mmpp-404-bb0c145f,000061,57.779712,2026-08-31T19:57:09.809+00:00,2026-08-31T19:57:06.010+00:00,2026-08-31T19:57:06.279+00:00,2026-08-31T19:57:06.279+00:00,2026-08-31T19:57:06.454+00:00,2026-08-31T19:57:06.454+00:00,0.076784,0.17532112799926836,sqs-worker-5986dcd897-4kr5p,ip-192-168-20-201.ec2.internal,4cbbaa8f90eebc8954004917b7fb2a96b84882550563581385fd119ed85514cc,1,269.0,444.0
1,hpa-mmpp-404-bb0c145f,000063,59.739023,2026-08-31T19:57:11.770+00:00,2026-08-31T19:57:07.973+00:00,2026-08-31T19:57:07.976+00:00,2026-08-31T19:57:07.976+00:00,2026-08-31T19:57:08.185+00:00,2026-08-31T19:57:08.185+00:00,0.082477,0.20885168300083023,sqs-worker-5986dcd897-x8rdl,ip-192-168-20-201.ec2.internal,06352c9e08ccf0a13d80b922eae812034c5e720def2e110a51cbda8b76ac6fbf,1,3.0,212.0
1,hpa-mmpp-404-bb0c145f,000064,62.699142,2026-08-31T19:57:14.732+00:00,2026-08-31T19:57:10.933+00:00,2026-08-31T19:57:10.939+00:00,2026-08-31T19:57:10.939+00:00,2026-08-31T19:57:11.448+00:00,2026-08-31T19:57:11.448+00:00,0.212556,0.5083150549999118,sqs-worker-5986dcd897-4kr5p,ip-192-168-20-201.ec2.internal,e719530b80d18335db0589ed25ac1f44f57d42f07915c858cb41918519b4be18,1,6.0,515.0
1,hpa-mmpp-404-bb0c145f,000065,63.423076,2026-08-31T19:57:15.453+00:00,2026-08-31T19:57:11.656+00:00,2026-08-31T19:57:11.659+00:00,2026-08-31T19:57:11.659+00:00,2026-08-31T19:57:11.737+00:00,2026-08-31T19:57:11.737+00:00,0.042019,0.07758767999985139,sqs-worker-5986dcd897-4kr5p,ip-192-168-20-201.ec2.internal,657af2837a3a6c3b76aa9c92ee03c4307536456155070060c561a24d5107f7a4,1,3.0,81.0
1,hpa-mmpp-404-bb0c145f,000066,63.984902,2026-08-31T19:57:16.015+00:00,2026-08-31T19:57:12.218+00:00,2026-08-31T19:57:12.227+00:00,2026-08-31T19:57:12.227+00:00,2026-08-31T19:57:12.444+00:00,2026-08-31T19:57:12.444+00:00,0.09467,0.21731308900052682,sqs-worker-5986dcd897-4kr5p,ip-192-168-20-201.ec2.internal,4d0e337c3b3631c45b6a1c15066a96ba350101223681a6f1b1181e243f69cc9f,1,9.0,226.0
1,hpa-mmpp-404-bb0c145f,000067,64.010097,2026-08-31T19:57:16.040+00:00,2026-08-31T19:57:12.239+00:00,2026-08-31T19:57:12.243+00:00,2026-08-31T19:57:12.243+00:00,2026-08-31T19:57:12.606+00:00,2026-08-31T19:57:12.606+00:00,0.173848,0.3633178010004485,sqs-worker-5986dcd897-x8rdl,ip-192-168-20-201.ec2.internal,cf58c9566c1fb5b621183f03e82407ffa960f2aff6bfa9a95b2e78052513defe,1,4.0,367.0
1,hpa-mmpp-404-bb0c145f,000069,64.177614,2026-08-31T19:57:16.207+00:00,2026-08-31T19:57:12.413+00:00,2026-08-31T19:57:12.464+00:00,2026-08-31T19:57:12.464+00:00,2026-08-31T19:57:12.558+00:00,2026-08-31T19:57:12.558+00:00,0.046973,0.09399753599973337,sqs-worker-5986dcd897-4kr5p,ip-192-168-20-201.ec2.internal,5b9ab0fe60cc725ddab3f96cf90c494347d18885ab0947085ef6c4a7d2649fb6,1,51.0,145.0
1,hpa-mmpp-404-bb0c145f,000068,64.046506,2026-08-31T19:57:16.076+00:00,2026-08-31T19:57:12.278+00:00,2026-08-31T19:57:12.598+00:00,2026-08-31T19:57:12.598+00:00,2026-08-31T19:57:12.672+00:00,2026-08-31T19:57:12.672+00:00,0.0526,0.07394657700024254,sqs-worker-5986dcd897-4kr5p,ip-192-168-20-201.ec2.internal,e9132bd51aca775108d6d36be845e9c002bb3deed4543320e6d2419088251242,1,320.0,394.0
1,hpa-mmpp-404-bb0c145f,000070,64.534509,2026-08-31T19:57:16.564+00:00,2026-08-31T19:57:12.766+00:00,2026-08-31T19:57:12.770+00:00,2026-08-31T19:57:12.770+00:00,2026-08-31T19:57:13.100+00:00,2026-08-31T19:57:13.100+00:00,0.151293,0.33029484400140063,sqs-worker-5986dcd897-x8rdl,ip-192-168-20-201.ec2.internal,3a77c226ea5a1af7a481818895f65bdd7a374669cfd352ab733adb903f390c99,1,4.0,334.0
1,hpa-mmpp-404-bb0c145f,000071,64.927979,2026-08-31T19:57:16.958+00:00,2026-08-31T19:57:13.157+00:00,2026-08-31T19:57:13.161+00:00,2026-08-31T19:57:13.161+00:00,2026-08-31T19:57:13.737+00:00,2026-08-31T19:57:13.737+00:00,0.24253,0.5767209269997693,sqs-worker-5986dcd897-4kr5p,ip-192-168-20-201.ec2.internal,4245ab98552aa2f843befb80128e3f83fa9c61e5c00a6f55759634433493beae,1,4.0,580.0
1,hpa-mmpp-404-bb0c145f,000073,65.733029,2026-08-31T19:57:17.763+00:00,2026-08-31T19:57:13.966+00:00,2026-08-31T19:57:13.970+00:00,2026-08-31T19:57:13.970+00:00,2026-08-31T19:57:14.279+00:00,2026-08-31T19:57:14.279+00:00,0.129478,0.30946474600023066,sqs-worker-5986dcd897-x8rdl,ip-192-168-20-201.ec2.internal,969983b90b052ec5b11724bfa3a5a28d1654054c3909ccec42400b6c9eaf1e63,1,4.0,313.0
1,hpa-mmpp-404-bb0c145f,000074,65.762053,2026-08-31T19:57:17.792+00:00,2026-08-31T19:57:13.991+00:00,2026-08-31T19:57:14.316+00:00,2026-08-31T19:57:14.316+00:00,2026-08-31T19:57:14.334+00:00,2026-08-31T19:57:14.334+00:00,0.017476,0.017512390000774758,sqs-worker-5986dcd897-x8rdl,ip-192-168-20-201.ec2.internal,2bcc8b1c9c1baadb7c15224a3eb815dae51d52937b6483932f0d5d3dcd38bf54,1,325.0,343.0
1,hpa-mmpp-404-bb0c145f,000072,65.592145,2026-08-31T19:57:17.622+00:00,2026-08-31T19:57:13.826+00:00,2026-08-31T19:57:13.830+00:00,2026-08-31T19:57:13.830+00:00,2026-08-31T19:57:14.560+00:00,2026-08-31T19:57:14.560+00:00,0.310488,0.7302941509988159,sqs-worker-5986dcd897-4kr5p,ip-192-168-20-201.ec2.internal,da51836a45927be6dbdb80f4a523897ca825a39179b09297d8e3188bb176d7ca,1,4.0,734.0
1,hpa-mmpp-404-bb0c145f,000075,67.480774,2026-08-31T19:57:19.512+00:00,2026-08-31T19:57:15.717+00:00,2026-08-31T19:57:15.721+00:00,2026-08-31T19:57:15.721+00:00,2026-08-31T19:57:15.955+00:00,2026-08-31T19:57:15.955+00:00,0.114071,0.2340489489997708,sqs-worker-5986dcd897-4kr5p,ip-192-168-20-201.ec2.internal,df496553c684110603203a132a968d240ecf92af33e55529aa48799775554223,1,4.0,238.0
1,hpa-mmpp-404-bb0c145f,000076,70.321556,2026-08-31T19:57:22.354+00:00,2026-08-31T19:57:18.554+00:00,2026-08-31T19:57:18.558+00:00,2026-08-31T19:57:18.558+00:00,2026-08-31T19:57:18.750+00:00,2026-08-31T19:57:18.750+00:00,0.095004,0.1917509009999776,sqs-worker-5986dcd897-4kr5p,ip-192-168-20-201.ec2.internal,23039e65adcb6621aad07876f25c268c051efaf42ebcd91fd17046159d4edc91,1,4.0,196.0
1,hpa-mmpp-404-bb0c145f,000077,71.908399,2026-08-31T19:57:23.940+00:00,2026-08-31T19:57:20.139+00:00,2026-08-31T19:57:20.143+00:00,2026-08-31T19:57:20.143+00:00,2026-08-31T19:57:20.971+00:00,2026-08-31T19:57:20.971+00:00,0.356021,0.8272597470004257,sqs-worker-5986dcd897-4kr5p,ip-192-168-20-201.ec2.internal,88bd2c0fd8fe190a2f5a077b123ee302ccd30255d94e90ced2b46ee78d2c3345,1,4.0,832.0
1,hpa-mmpp-404-bb0c145f,000078,73.7687,2026-08-31T19:57:25.799+00:00,2026-08-31T19:57:22.001+00:00,2026-08-31T19:57:22.005+00:00,2026-08-31T19:57:22.005+00:00,2026-08-31T19:57:22.611+00:00,2026-08-31T19:57:22.611+00:00,0.268763,0.6062561050002842,sqs-worker-5986dcd897-x8rdl,ip-192-168-20-201.ec2.internal,18ab8b2ea7251ba29da0ce9beaf575048803ef30bc4034ed7c4caff7db369acf,1,4.0,610.0
1,hpa-mmpp-404-bb0c145f,000079,79.883073,2026-08-31T19:57:31.916+00:00,2026-08-31T19:57:28.122+00:00,2026-08-31T19:57:28.130+00:00,2026-08-31T19:57:28.130+00:00,2026-08-31T19:57:28.797+00:00,2026-08-31T19:57:28.797+00:00,0.294266,0.6670499960000598,sqs-worker-5986dcd897-x8rdl,ip-192-168-20-201.ec2.internal,ba8af503fd725a9f6666110a50eedca2221d2c17e533251122ebd6fa2c1c89c2,1,8.0,675.0
1,hpa-mmpp-404-bb0c145f,000080,81.114997,2026-08-31T19:57:33.144+00:00,2026-08-31T19:57:29.351+00:00,2026-08-31T19:57:29.358+00:00,2026-08-31T19:57:29.358+00:00,2026-08-31T19:57:29.453+00:00,2026-08-31T19:57:29.453+00:00,0.027768,0.09464403099991614,sqs-worker-5986dcd897-4kr5p,ip-192-168-20-201.ec2.internal,e3a19df8eca82c6b453fdafda372389da974575febb1132c22bc7ad94cc7f3eb,1,7.0,102.0
1,hpa-mmpp-404-bb0c145f,000081,82.977771,2026-08-31T19:57:35.008+00:00,2026-08-31T19:57:31.207+00:00,2026-08-31T19:57:31.212+00:00,2026-08-31T19:57:31.212+00:00,2026-08-31T19:57:31.700+00:00,2026-08-31T19:57:31.700+00:00,0.216637,0.48783324000032735,sqs-worker-5986dcd897-x8rdl,ip-192-168-20-201.ec2.internal,efa3112d073fd3360663b365bf1e75f44d103a776c38dcb459eab7b0b2c9195e,1,5.0,493.0
1,hpa-mmpp-404-bb0c145f,000082,84.625807,2026-08-31T19:57:36.656+00:00,2026-08-31T19:57:32.859+00:00,2026-08-31T19:57:32.864+00:00,2026-08-31T19:57:32.864+00:00,2026-08-31T19:57:33.987+00:00,2026-08-31T19:57:33.987+00:00,0.46305,1.1230355299994699,sqs-worker-5986dcd897-x8rdl,ip-192-168-20-201.ec2.internal,d7553b3b4f7e0767c78cfbdd9543afc2530209bd31b5cab30f83b9243a0e8aff,1,5.0,1128.0
1,hpa-mmpp-404-bb0c145f,000084,93.759885,2026-08-31T19:57:45.788+00:00,2026-08-31T19:57:41.995+00:00,2026-08-31T19:57:41.998+00:00,2026-08-31T19:57:41.998+00:00,2026-08-31T19:57:42.390+00:00,2026-08-31T19:57:42.390+00:00,0.165233,0.39187277800010634,sqs-worker-5986dcd897-x8rdl,ip-192-168-20-201.ec2.internal,2a7f59c2d09066f724442b72ed18e0e36291d69b187e321350a3f778b70bcd8d,1,3.0,395.0
1,hpa-mmpp-404-bb0c145f,000086,93.903319,2026-08-31T19:57:45.931+00:00,2026-08-31T19:57:42.134+00:00,2026-08-31T19:57:42.490+00:00,2026-08-31T19:57:42.490+00:00,2026-08-31T19:57:42.683+00:00,2026-08-31T19:57:42.683+00:00,0.084879,0.1930318909999187,sqs-worker-5986dcd897-x8rdl,ip-192-168-20-201.ec2.internal,45c086323f6dc2fe272e536d3f5f1208faf2cbe088fb030b9c48b2616e2e6fe4,1,356.0,549.0
1,hpa-mmpp-404-bb0c145f,000085,93.874575,2026-08-31T19:57:45.903+00:00,2026-08-31T19:57:42.106+00:00,2026-08-31T19:57:42.112+00:00,2026-08-31T19:57:42.112+00:00,2026-08-31T19:57:42.543+00:00,2026-08-31T19:57:42.543+00:00,0.185792,0.4309865479990549,sqs-worker-5986dcd897-4kr5p,ip-192-168-20-201.ec2.internal,4accf6cd702f5fe9dffbd100440280934d7a1ae786fc72eb980caea2ea632084,1,6.0,437.0
1,hpa-mmpp-404-bb0c145f,000090,94.557304,2026-08-31T19:57:46.586+00:00,2026-08-31T19:57:42.787+00:00,2026-08-31T19:57:42.919+00:00,2026-08-31T19:57:42.919+00:00,2026-08-31T19:57:43.015+00:00,2026-08-31T19:57:43.015+00:00,0.05457,0.09584568000173022,sqs-worker-5986dcd897-x8rdl,ip-192-168-20-201.ec2.internal,2d75fd3a09e9f854528fcc9a3e99d3e755dd05487b5b6936290e97d4b695e9ed,1,132.0,228.0
1,hpa-mmpp-404-bb0c145f,000083,93.612023,2026-08-31T19:57:45.649+00:00,2026-08-31T19:57:41.853+00:00,2026-08-31T19:57:41.858+00:00,2026-08-31T19:57:41.858+00:00,2026-08-31T19:57:42.717+00:00,2026-08-31T19:57:42.717+00:00,0.361855,0.8583796089988027,sqs-worker-5986dcd897-tmq2t,ip-192-168-20-201.ec2.internal,6979e8ba2dbda9916a8eb556268834a61659b04582ab4818d7423cb649f2da63,1,5.0,864.0
1,hpa-mmpp-404-bb0c145f,000087,94.040631,2026-08-31T19:57:46.069+00:00,2026-08-31T19:57:42.271+00:00,2026-08-31T19:57:42.702+00:00,2026-08-31T19:57:42.702+00:00,2026-08-31T19:57:42.889+00:00,2026-08-31T19:57:42.889+00:00,0.08027,0.18666997100081062,sqs-worker-5986dcd897-x8rdl,ip-192-168-20-201.ec2.internal,58f409777dc5f743ab33dbbde5668b7a0d929571e5360b43b853c4b0d567f34d,1,431.0,618.0
1,hpa-mmpp-404-bb0c145f,000089,94.377663,2026-08-31T19:57:46.406+00:00,2026-08-31T19:57:42.611+00:00,2026-08-31T19:57:42.761+00:00,2026-08-31T19:57:42.761+00:00,2026-08-31T19:57:43.186+00:00,2026-08-31T19:57:43.186+00:00,0.179263,0.4250293179993605,sqs-worker-5986dcd897-tmq2t,ip-192-168-20-201.ec2.internal,8b1b9a6cfe76e36e442714f728ba2615b6e74ea60e7517c3bb2d78142186efdc,1,150.0,575.0
1,hpa-mmpp-404-bb0c145f,000088,94.265042,2026-08-31T19:57:46.293+00:00,2026-08-31T19:57:42.497+00:00,2026-08-31T19:57:42.559+00:00,2026-08-31T19:57:42.559+00:00,2026-08-31T19:57:43.262+00:00,2026-08-31T19:57:43.262+00:00,0.294868,0.7026424489995406,sqs-worker-5986dcd897-4kr5p,ip-192-168-20-201.ec2.internal,2ee2e64946b8eac0d0ae807f6a544bfaae6a54dbcb08546ab8956435299d8106,1,62.0,765.0
1,hpa-mmpp-404-bb0c145f,000091,94.597957,2026-08-31T19:57:46.626+00:00,2026-08-31T19:57:42.828+00:00,2026-08-31T19:57:43.037+00:00,2026-08-31T19:57:43.037+00:00,2026-08-31T19:57:43.293+00:00,2026-08-31T19:57:43.293+00:00,0.092653,0.255388072999267,sqs-worker-5986dcd897-x8rdl,ip-192-168-20-201.ec2.internal,486132dc79ac474fc9917de69f929b47b717b04b26410e1d0f3fd91725e39e70,1,209.0,465.0
1,hpa-mmpp-404-bb0c145f,000092,95.183699,2026-08-31T19:57:47.212+00:00,2026-08-31T19:57:43.412+00:00,2026-08-31T19:57:43.416+00:00,2026-08-31T19:57:43.416+00:00,2026-08-31T19:57:43.969+00:00,2026-08-31T19:57:43.969+00:00,0.250092,0.5526742870006274,sqs-worker-5986dcd897-4kr5p,ip-192-168-20-201.ec2.internal,5e680acacf754e7ab384d8365cfba649e84b32328cb4743982fa06e24b942a6d,1,4.0,557.0
1,hpa-mmpp-404-bb0c145f,000096,95.886959,2026-08-31T19:57:47.915+00:00,2026-08-31T19:57:44.116+00:00,2026-08-31T19:57:44.277+00:00,2026-08-31T19:57:44.277+00:00,2026-08-31T19:57:44.523+00:00,2026-08-31T19:57:44.523+00:00,0.105018,0.24605055899883155,sqs-worker-5986dcd897-tmq2t,ip-192-168-20-201.ec2.internal,61acc96f21b5ae173e714c72a5ee8653f0b1c80fec32bdd3d54327fcd2e099a3,1,161.0,407.0
1,hpa-mmpp-404-bb0c145f,000095,95.579026,2026-08-31T19:57:47.607+00:00,2026-08-31T19:57:43.806+00:00,2026-08-31T19:57:44.037+00:00,2026-08-31T19:57:44.037+00:00,2026-08-31T19:57:44.645+00:00,2026-08-31T19:57:44.645+00:00,0.251411,0.608393092001279,sqs-worker-5986dcd897-4kr5p,ip-192-168-20-201.ec2.internal,772fc1a0456b89b62748a0652c9e99708f860525ad1c625cb18c8712740725d4,1,231.0,839.0
1,hpa-mmpp-404-bb0c145f,000093,95.484281,2026-08-31T19:57:47.512+00:00,2026-08-31T19:57:43.715+00:00,2026-08-31T19:57:43.719+00:00,2026-08-31T19:57:43.719+00:00,2026-08-31T19:57:44.236+00:00,2026-08-31T19:57:44.236+00:00,0.229317,0.516216046999034,sqs-worker-5986dcd897-tmq2t,ip-192-168-20-201.ec2.internal,31fdaaf643357620f34088481edfe95cedf9af2b2ca82ebe0bce7b9a062e883b,1,4.0,521.0
1,hpa-mmpp-404-bb0c145f,000100,96.858326,2026-08-31T19:57:48.887+00:00,2026-08-31T19:57:45.087+00:00,2026-08-31T19:57:45.091+00:00,2026-08-31T19:57:45.091+00:00,2026-08-31T19:57:45.293+00:00,2026-08-31T19:57:45.293+00:00,0.101379,0.20121520800057624,sqs-worker-5986dcd897-tmq2t,ip-192-168-20-201.ec2.internal,64940c4e8c2cee4de5716900c0ee1fdd930686d4374aedd985dfcd5e8209fcfb,1,4.0,206.0
1,hpa-mmpp-404-bb0c145f,000101,96.867097,2026-08-31T19:57:48.895+00:00,2026-08-31T19:57:45.097+00:00,2026-08-31T19:57:45.225+00:00,2026-08-31T19:57:45.225+00:00,2026-08-31T19:57:45.230+00:00,2026-08-31T19:57:45.230+00:00,0.005,0.005045905998485978,sqs-worker-5986dcd897-x8rdl,ip-192-168-20-201.ec2.internal,3abb749c78648cd5d89ccc06347809bdeb80c02cfa30c54cbab09c7ba1f6ab29,1,128.0,133.0
1,hpa-mmpp-404-bb0c145f,000105,97.32715,2026-08-31T19:57:49.355+00:00,2026-08-31T19:57:45.553+00:00,2026-08-31T19:57:45.560+00:00,2026-08-31T19:57:45.560+00:00,2026-08-31T19:57:45.976+00:00,2026-08-31T19:57:45.976+00:00,0.180734,0.4158457850007835,sqs-worker-5986dcd897-tmq2t,ip-192-168-20-201.ec2.internal,d4ce15c602a606c6da60d5bf4faa6f32d27b272dc783a6ed125ec31cb89cd788,1,7.0,423.0
1,hpa-mmpp-404-bb0c145f,000106,97.360025,2026-08-31T19:57:49.389+00:00,2026-08-31T19:57:45.594+00:00,2026-08-31T19:57:45.607+00:00,2026-08-31T19:57:45.607+00:00,2026-08-31T19:57:46.238+00:00,2026-08-31T19:57:46.238+00:00,0.270947,0.6310371330000635,sqs-worker-5986dcd897-4kr5p,ip-192-168-20-201.ec2.internal,d4b5680b51ad1f8dc5135f0b748280255df0521a3c0d9de820892dac6c49e85a,1,13.0,644.0
1,hpa-mmpp-404-bb0c145f,000098,96.650777,2026-08-31T19:57:48.679+00:00,2026-08-31T19:57:44.877+00:00,2026-08-31T19:57:44.882+00:00,2026-08-31T19:57:44.882+00:00,2026-08-31T19:57:44.949+00:00,2026-08-31T19:57:44.949+00:00,0.052438,0.06783546500082593,sqs-worker-5986dcd897-4kr5p,ip-192-168-20-201.ec2.internal,ff16e8e50e4ff0e576d1851496febb06dbdd821fc672e53429a28d9cceeb4a68,1,5.0,72.0
1,hpa-mmpp-404-bb0c145f,000097,96.430593,2026-08-31T19:57:48.459+00:00,2026-08-31T19:57:44.661+00:00,2026-08-31T19:57:44.664+00:00,2026-08-31T19:57:44.664+00:00,2026-08-31T19:57:45.006+00:00,2026-08-31T19:57:45.006+00:00,0.165448,0.3414968739998585,sqs-worker-5986dcd897-tmq2t,ip-192-168-20-201.ec2.internal,d9c600be1a1cebc296616d83f35f9652a6017722f6c275f5395cede1daf65cf2,1,3.0,345.0
1,hpa-mmpp-404-bb0c145f,000094,95.487935,2026-08-31T19:57:47.516+00:00,2026-08-31T19:57:43.723+00:00,2026-08-31T19:57:43.727+00:00,2026-08-31T19:57:43.727+00:00,2026-08-31T19:57:45.185+00:00,2026-08-31T19:57:45.185+00:00,0.601681,1.4580872900005488,sqs-worker-5986dcd897-x8rdl,ip-192-168-20-201.ec2.internal,e024d09d3bf66304aa4375a0f40bdf4a771a20ad8d6d6703ca8f8613986838e7,1,4.0,1462.0
1,hpa-mmpp-404-bb0c145f,000107,97.528064,2026-08-31T19:57:49.556+00:00,2026-08-31T19:57:45.761+00:00,2026-08-31T19:57:46.270+00:00,2026-08-31T19:57:46.270+00:00,2026-08-31T19:57:47.345+00:00,2026-08-31T19:57:47.345+00:00,0.442198,1.0755544350013224,sqs-worker-5986dcd897-4kr5p,ip-192-168-20-201.ec2.internal,0dcec50c1499020f4ccbdeb8c44b9518ac4255650abb900cad8d642563060706,1,509.0,1584.0
1,hpa-mmpp-404-bb0c145f,000102,96.905338,2026-08-31T19:57:48.933+00:00,2026-08-31T19:57:45.644+00:00,2026-08-31T19:57:45.998+00:00,2026-08-31T19:57:45.998+00:00,2026-08-31T19:57:46.625+00:00,2026-08-31T19:57:46.625+00:00,0.267726,0.6277369299987186,sqs-worker-5986dcd897-tmq2t,ip-192-168-20-201.ec2.internal,2620343eb3aa9cbfa248d92bd9da6e80d960084070c19600b366ca7c0506e27c,1,354.0,981.0
1,hpa-mmpp-404-bb0c145f,000103,96.977146,2026-08-31T19:57:49.005+00:00,2026-08-31T19:57:45.745+00:00,2026-08-31T19:57:46.131+00:00,2026-08-31T19:57:46.131+00:00,2026-08-31T19:57:47.502+00:00,2026-08-31T19:57:47.502+00:00,0.545001,1.3711873470001592,sqs-worker-5986dcd897-x8rdl,ip-192-168-20-201.ec2.internal,8ddeb15f1b6149b7aa7e2b9215a4b2c26012e3c13b86879331bc338469acf1f7,1,386.0,1757.0
1,hpa-mmpp-404-bb0c145f,000108,97.853745,2026-08-31T19:57:49.882+00:00,2026-08-31T19:57:46.084+00:00,2026-08-31T19:57:46.683+00:00,2026-08-31T19:57:46.683+00:00,2026-08-31T19:57:46.894+00:00,2026-08-31T19:57:46.894+00:00,0.100101,0.21118463199854887,sqs-worker-5986dcd897-tmq2t,ip-192-168-20-201.ec2.internal,5b14ec3dcd5ffeba2ae349a2c5402b9e3c4cb108be76f9e548517e9bd0ca1546,1,599.0,810.0
1,hpa-mmpp-404-bb0c145f,000111,98.317451,2026-08-31T19:57:50.346+00:00,2026-08-31T19:57:46.554+00:00,2026-08-31T19:57:47.396+00:00,2026-08-31T19:57:47.396+00:00,2026-08-31T19:57:47.442+00:00,2026-08-31T19:57:47.442+00:00,0.025894,0.04611672200007888,sqs-worker-5986dcd897-4kr5p,ip-192-168-20-201.ec2.internal,ac4f788f1e7597a93179ed99b815e669da19c568d55aa5abb5e7c4be4271f629,1,842.0,888.0
1,hpa-mmpp-404-bb0c145f,000110,98.316313,2026-08-31T19:57:50.345+00:00,2026-08-31T19:57:46.551+00:00,2026-08-31T19:57:47.459+00:00,2026-08-31T19:57:47.459+00:00,2026-08-31T19:57:48.644+00:00,2026-08-31T19:57:48.644+00:00,0.477127,1.1856320160004543,sqs-worker-5986dcd897-4kr5p,ip-192-168-20-201.ec2.internal,cdd0823ee9d36244eae83d8edb838efcad1e2d187b7f3d14d6eb1c0c9068376b,1,908.0,2093.0
1,hpa-mmpp-404-bb0c145f,000119,100.008215,2026-08-31T19:57:52.036+00:00,2026-08-31T19:57:48.244+00:00,2026-08-31T19:57:48.635+00:00,2026-08-31T19:57:48.635+00:00,2026-08-31T19:57:48.790+00:00,2026-08-31T19:57:48.790+00:00,0.055191,0.15511762500136683,sqs-worker-5986dcd897-x8rdl,ip-192-168-20-201.ec2.internal,b79cd3fa5722eff97afe6d41ed55f5dc9f05bdd8ffec25fec534344bd61588ef,1,391.0,546.0
1,hpa-mmpp-404-bb0c145f,000113,98.493238,2026-08-31T19:57:50.521+00:00,2026-08-31T19:57:46.724+00:00,2026-08-31T19:57:47.902+00:00,2026-08-31T19:57:47.902+00:00,2026-08-31T19:57:48.481+00:00,2026-08-31T19:57:48.481+00:00,0.236378,0.5785586969996075,sqs-worker-5986dcd897-tmq2t,ip-192-168-20-201.ec2.internal,0eeeecfd88333939d71d43c74fba8a96f5007cb02a58d618d6bac86cbfa15d6b,1,1178.0,1757.0
1,hpa-mmpp-404-bb0c145f,000120,100.046298,2026-08-31T19:57:52.074+00:00,2026-08-31T19:57:48.280+00:00,2026-08-31T19:57:48.498+00:00,2026-08-31T19:57:48.498+00:00,2026-08-31T19:57:48.779+00:00,2026-08-31T19:57:48.779+00:00,0.11777,0.28121009999995294,sqs-worker-5986dcd897-tmq2t,ip-192-168-20-201.ec2.internal,1f36b433363156492e42131010511197864f86ad5f94ce6d128ebcdc4f1c16da,1,218.0,499.0
1,hpa-mmpp-404-bb0c145f,000115,98.867454,2026-08-31T19:57:50.896+00:00,2026-08-31T19:57:47.098+00:00,2026-08-31T19:57:48.937+00:00,2026-08-31T19:57:48.937+00:00,2026-08-31T19:57:48.996+00:00,2026-08-31T19:57:48.996+00:00,0.037085,0.05876294900008361,sqs-worker-5986dcd897-x8rdl,ip-192-168-20-201.ec2.internal,4f64ba3dd3af9c3e42699adbe6d9781857476ccde4081a4bc5bdd33e6961b726,1,1839.0,1898.0
1,hpa-mmpp-404-bb0c145f,000099,96.67092,2026-08-31T19:57:48.699+00:00,2026-08-31T19:57:44.899+00:00,2026-08-31T19:57:44.993+00:00,2026-08-31T19:57:44.993+00:00,2026-08-31T19:57:45.233+00:00,2026-08-31T19:57:45.233+00:00,0.098404,0.23977870700036874,sqs-worker-5986dcd897-4kr5p,ip-192-168-20-201.ec2.internal,113b94bfbee213d68e129c567660bace218af74564ae050f0941db406f3bd3a3,1,94.0,334.0
1,hpa-mmpp-404-bb0c145f,000104,97.22518,2026-08-31T19:57:49.253+00:00,2026-08-31T19:57:45.456+00:00,2026-08-31T19:57:45.460+00:00,2026-08-31T19:57:45.460+00:00,2026-08-31T19:57:46.110+00:00,2026-08-31T19:57:46.110+00:00,0.284521,0.6506156619998364,sqs-worker-5986dcd897-x8rdl,ip-192-168-20-201.ec2.internal,e9dc81e794862e8c4503fdcf00bc1e6f2fcae36ab514c677794c2b31e2a5f40d,1,4.0,654.0
1,hpa-mmpp-404-bb0c145f,000109,97.924281,2026-08-31T19:57:49.952+00:00,2026-08-31T19:57:46.179+00:00,2026-08-31T19:57:46.924+00:00,2026-08-31T19:57:46.924+00:00,2026-08-31T19:57:47.879+00:00,2026-08-31T19:57:47.879+00:00,0.376498,0.9547684190001746,sqs-worker-5986dcd897-tmq2t,ip-192-168-20-201.ec2.internal,91cf0525594d8cab5a57621f97794412eceb94ee396065673487030a3c508016,1,745.0,1700.0
1,hpa-mmpp-404-bb0c145f,000123,101.48448,2026-08-31T19:57:53.513+00:00,2026-08-31T19:57:49.714+00:00,2026-08-31T19:57:49.837+00:00,2026-08-31T19:57:49.837+00:00,2026-08-31T19:57:49.900+00:00,2026-08-31T19:57:49.900+00:00,0.014574,0.06365816399920732,sqs-worker-5986dcd897-x8rdl,ip-192-168-20-201.ec2.internal,330e6827193f13e6cde2f8db9db3be45b14ce5fff2cbf24c7a56c932d4725527,1,123.0,186.0
1,hpa-mmpp-404-bb0c145f,000114,98.803466,2026-08-31T19:57:50.832+00:00,2026-08-31T19:57:47.033+00:00,2026-08-31T19:57:47.522+00:00,2026-08-31T19:57:47.522+00:00,2026-08-31T19:57:48.615+00:00,2026-08-31T19:57:48.615+00:00,0.450432,1.0928471340012038,sqs-worker-5986dcd897-x8rdl,ip-192-168-20-201.ec2.internal,c15a624d9319616f45b2533de6b47e1f55e8136580ba16b632737c5f8f193aa6,1,489.0,1582.0
1,hpa-mmpp-404-bb0c145f,000118,100.00392,2026-08-31T19:57:52.032+00:00,2026-08-31T19:57:48.231+00:00,2026-08-31T19:57:48.824+00:00,2026-08-31T19:57:48.824+00:00,2026-08-31T19:57:48.898+00:00,2026-08-31T19:57:48.898+00:00,0.034585,0.07351590899997973,sqs-worker-5986dcd897-x8rdl,ip-192-168-20-201.ec2.internal,2c2468f974a9d2945c06ff5e95a7a9c4e698765faffbd17bd49abc708669e8a5,1,593.0,667.0
1,hpa-mmpp-404-bb0c145f,000117,99.878515,2026-08-31T19:57:51.907+00:00,2026-08-31T19:57:48.109+00:00,2026-08-31T19:57:49.029+00:00,2026-08-31T19:57:49.029+00:00,2026-08-31T19:57:49.292+00:00,2026-08-31T19:57:49.292+00:00,0.11785,0.263647335999849,sqs-worker-5986dcd897-x8rdl,ip-192-168-20-201.ec2.internal,1291c5e70aa323b09dcaa97e23d1ce8327d32de31a9e0163723297ce2b063bd3,1,920.0,1183.0
1,hpa-mmpp-404-bb0c145f,000122,101.006286,2026-08-31T19:57:53.034+00:00,2026-08-31T19:57:49.244+00:00,2026-08-31T19:57:49.784+00:00,2026-08-31T19:57:49.784+00:00,2026-08-31T19:57:49.789+00:00,2026-08-31T19:57:49.789+00:00,0.005,0.005076862998976139,sqs-worker-5986dcd897-x8rdl,ip-192-168-20-201.ec2.internal,ddb36e3123f0b92ce6ea7e30b5511f3341e108424cc54ec09f218e045294681d,1,540.0,545.0
1,hpa-mmpp-404-bb0c145f,000125,102.159716,2026-08-31T19:57:54.188+00:00,2026-08-31T19:57:50.393+00:00,2026-08-31T19:57:50.399+00:00,2026-08-31T19:57:50.401+00:00,2026-08-31T19:57:51.236+00:00,2026-08-31T19:57:51.236+00:00,0.166695,0.8372385190014029,sqs-worker-5986dcd897-4kr5p,ip-192-168-20-201.ec2.internal,968ac24c13a5c87380dfbbcc5ff76fb6b3faa39af41b10492e2aa898a754b110,1,6.0,843.0
1,hpa-mmpp-404-bb0c145f,000124,102.083725,2026-08-31T19:57:54.112+00:00,2026-08-31T19:57:50.318+00:00,2026-08-31T19:57:50.321+00:00,2026-08-31T19:57:50.322+00:00,2026-08-31T19:57:51.600+00:00,2026-08-31T19:57:51.600+00:00,0.255325,1.2781419509992702,sqs-worker-5986dcd897-x8rdl,ip-192-168-20-201.ec2.internal,0926135698ce96e5864a5108e4170774f3e7fd1d3e24aa8d839f8899700592d7,1,3.0,1282.0
1,hpa-mmpp-404-bb0c145f,000121,100.840967,2026-08-31T19:57:52.870+00:00,2026-08-31T19:57:49.070+00:00,2026-08-31T19:57:49.313+00:00,2026-08-31T19:57:49.313+00:00,2026-08-31T19:57:49.692+00:00,2026-08-31T19:57:49.692+00:00,0.148252,0.3789608919996681,sqs-worker-5986dcd897-x8rdl,ip-192-168-20-201.ec2.internal,a93be6a3c5f14368e08e3349551068fd52c66f69705f504f3e9acc135c092e17,1,243.0,622.0
1,hpa-mmpp-404-bb0c145f,000116,99.461244,2026-08-31T19:57:51.490+00:00,2026-08-31T19:57:47.691+00:00,2026-08-31T19:57:48.658+00:00,2026-08-31T19:57:48.658+00:00,2026-08-31T19:57:50.243+00:00,2026-08-31T19:57:50.243+00:00,0.386772,1.5844215899996925,sqs-worker-5986dcd897-4kr5p,ip-192-168-20-201.ec2.internal,54f53adbf97cc7c9c6af1974718309d508ffd56595b461aa21fea8da1d650f10,1,967.0,2552.0
1,hpa-mmpp-404-bb0c145f,000112,98.489611,2026-08-31T19:57:50.518+00:00,2026-08-31T19:57:46.725+00:00,2026-08-31T19:57:48.797+00:00,2026-08-31T19:57:48.797+00:00,2026-08-31T19:57:52.177+00:00,2026-08-31T19:57:52.177+00:00,0.728668,3.3808647059995565,sqs-worker-5986dcd897-tmq2t,ip-192-168-20-201.ec2.internal,f44ef7589eddbdab6b4d21af0bb9b1ca1546e23c624feb25c157e255d56d72a6,1,2072.0,5452.0
1,hpa-mmpp-404-bb0c145f,000128,102.850867,2026-08-31T19:57:54.878+00:00,2026-08-31T19:57:51.097+00:00,2026-08-31T19:57:52.242+00:00,2026-08-31T19:57:52.242+00:00,2026-08-31T19:57:52.418+00:00,2026-08-31T19:57:52.418+00:00,0.069564,0.17567579000024125,sqs-worker-5986dcd897-tmq2t,ip-192-168-20-201.ec2.internal,065f4c334c21e01e580ffd9a8d1540f621ee952d007aa60b7354cf30d59910aa,1,1145.0,1321.0
1,hpa-mmpp-404-bb0c145f,000131,104.069876,2026-08-31T19:57:56.098+00:00,2026-08-31T19:57:52.297+00:00,2026-08-31T19:57:52.441+00:00,2026-08-31T19:57:52.441+00:00,2026-08-31T19:57:52.977+00:00,2026-08-31T19:57:52.977+00:00,0.211911,0.5362087509984121,sqs-worker-5986dcd897-tmq2t,ip-192-168-20-201.ec2.internal,656ed89fc3067f1f8c685cf72f1ac117f148b079ff8281f6f98bed9abf30698c,1,144.0,680.0
1,hpa-mmpp-404-bb0c145f,000132,104.384184,2026-08-31T19:57:56.411+00:00,2026-08-31T19:57:52.612+00:00,2026-08-31T19:57:52.828+00:00,2026-08-31T19:57:52.828+00:00,2026-08-31T19:57:53.022+00:00,2026-08-31T19:57:53.022+00:00,0.092087,0.19367191300079867,sqs-worker-5986dcd897-x8rdl,ip-192-168-20-201.ec2.internal,e744eb29ceba102826692447b0862b68a772c61d21722ac8af85e373f2473267,1,216.0,410.0
1,hpa-mmpp-404-bb0c145f,000127,102.636841,2026-08-31T19:57:54.665+00:00,2026-08-31T19:57:50.865+00:00,2026-08-31T19:57:51.266+00:00,2026-08-31T19:57:51.266+00:00,2026-08-31T19:57:52.464+00:00,2026-08-31T19:57:52.464+00:00,0.314936,1.1981749890001083,sqs-worker-5986dcd897-4kr5p,ip-192-168-20-201.ec2.internal,bf02191ccf4e80afd409a087e1fdf13246575d1657c6f0a169ca1330b9825ac7,1,401.0,1599.0
1,hpa-mmpp-404-bb0c145f,000126,102.445228,2026-08-31T19:57:54.474+00:00,2026-08-31T19:57:50.675+00:00,2026-08-31T19:57:52.527+00:00,2026-08-31T19:57:52.527+00:00,2026-08-31T19:57:52.769+00:00,2026-08-31T19:57:52.769+00:00,0.120213,0.24221024899998156,sqs-worker-5986dcd897-4kr5p,ip-192-168-20-201.ec2.internal,a2faee1933fa855279e90b0a988ed17e27fa5dc9c77172a1411f15e80f16d2f1,1,1852.0,2094.0
1,hpa-mmpp-404-bb0c145f,000129,102.958984,2026-08-31T19:57:54.986+00:00,2026-08-31T19:57:51.235+00:00,2026-08-31T19:57:52.320+00:00,2026-08-31T19:57:52.320+00:00,2026-08-31T19:57:52.805+00:00,2026-08-31T19:57:52.805+00:00,0.206529,0.4853748479999922,sqs-worker-5986dcd897-x8rdl,ip-192-168-20-201.ec2.internal,57ca94b1cd6e8629fb06dd029cd43316082d75586480be1d21736f8b55d4c1e3,1,1085.0,1570.0
1,hpa-mmpp-404-bb0c145f,000133,104.561597,2026-08-31T19:57:56.589+00:00,2026-08-31T19:57:52.791+00:00,2026-08-31T19:57:52.842+00:00,2026-08-31T19:57:52.842+00:00,2026-08-31T19:57:53.933+00:00,2026-08-31T19:57:53.933+00:00,0.439853,1.091307306998715,sqs-worker-5986dcd897-4kr5p,ip-192-168-20-201.ec2.internal,1fc51afcc00f438bf3bf0c34c903597a47d17bca4dbec95af1f8bb72caff6dbf,1,51.0,1142.0
1,hpa-mmpp-404-bb0c145f,000139,105.847962,2026-08-31T19:57:57.875+00:00,2026-08-31T19:57:54.075+00:00,2026-08-31T19:57:54.078+00:00,2026-08-31T19:57:54.078+00:00,2026-08-31T19:57:54.559+00:00,2026-08-31T19:57:54.559+00:00,0.22266,0.48026530200149864,sqs-worker-5986dcd897-4kr5p,ip-192-168-20-201.ec2.internal,630cb2a1604fed9b82963a7b6f4f8b3ddaa3b99144236d7fe05600b83bb45e0f,1,3.0,484.0
1,hpa-mmpp-404-bb0c145f,000140,106.257879,2026-08-31T19:57:58.285+00:00,2026-08-31T19:57:54.498+00:00,2026-08-31T19:57:54.502+00:00,2026-08-31T19:57:54.502+00:00,2026-08-31T19:57:54.931+00:00,2026-08-31T19:57:54.931+00:00,0.192572,0.42883600599998317,sqs-worker-5986dcd897-tmq2t,ip-192-168-20-201.ec2.internal,1c168ef69d6f90bd672b49fd7c517c1151a09406793a563d36755eb1ae2c20ac,1,4.0,433.0
1,hpa-mmpp-404-bb0c145f,000138,105.495875,2026-08-31T19:57:57.523+00:00,2026-08-31T19:57:53.727+00:00,2026-08-31T19:57:53.731+00:00,2026-08-31T19:57:53.731+00:00,2026-08-31T19:57:54.024+00:00,2026-08-31T19:57:54.024+00:00,0.131503,0.29329006999978446,sqs-worker-5986dcd897-tmq2t,ip-192-168-20-201.ec2.internal,51506bad2d3773c48bda4b51913bd938585fc8d45ec495e540e65072b15827d6,1,4.0,297.0
1,hpa-mmpp-404-bb0c145f,000144,107.028416,2026-08-31T19:57:59.055+00:00,2026-08-31T19:57:55.255+00:00,2026-08-31T19:57:55.259+00:00,2026-08-31T19:57:55.259+00:00,2026-08-31T19:57:55.328+00:00,2026-08-31T19:57:55.328+00:00,0.051215,0.06890015700082586,sqs-worker-5986dcd897-tmq2t,ip-192-168-20-201.ec2.internal,38ad596022b641988e5903fddaabce81b70336b41878983da9b9e52298dc9d99,1,4.0,73.0
1,hpa-mmpp-404-bb0c145f,000137,105.253159,2026-08-31T19:57:57.283+00:00,2026-08-31T19:57:53.486+00:00,2026-08-31T19:57:53.543+00:00,2026-08-31T19:57:53.543+00:00,2026-08-31T19:57:53.704+00:00,2026-08-31T19:57:53.704+00:00,0.082093,0.16154299399931915,sqs-worker-5986dcd897-x8rdl,ip-192-168-20-201.ec2.internal,9f371788e84ccc9f81b36565f6d01617ded385c0ecf5df40929b9e3c26bc285c,1,57.0,218.0
1,hpa-mmpp-404-bb0c145f,000142,106.647638,2026-08-31T19:57:58.675+00:00,2026-08-31T19:57:54.879+00:00,2026-08-31T19:57:54.883+00:00,2026-08-31T19:57:54.883+00:00,2026-08-31T19:57:54.918+00:00,2026-08-31T19:57:54.918+00:00,0.034897,0.034983793999344925,sqs-worker-5986dcd897-x8rdl,ip-192-168-20-201.ec2.internal,5d2be5868f83862066088a9c92125f62f871dca66e03a074f8a545ae8db01db5,1,4.0,39.0
1,hpa-mmpp-404-bb0c145f,000145,107.407913,2026-08-31T19:57:59.435+00:00,2026-08-31T19:57:55.636+00:00,2026-08-31T19:57:55.640+00:00,2026-08-31T19:57:55.640+00:00,2026-08-31T19:57:56.018+00:00,2026-08-31T19:57:56.018+00:00,0.171493,0.377864034000595,sqs-worker-5986dcd897-tmq2t,ip-192-168-20-201.ec2.internal,9f1a0971be957c5183677f31c0eee33ee18d0912e0f362b5cf9f52a7c77741f8,1,4.0,382.0
1,hpa-mmpp-404-bb0c145f,000135,104.82405,2026-08-31T19:57:56.851+00:00,2026-08-31T19:57:53.060+00:00,2026-08-31T19:57:53.093+00:00,2026-08-31T19:57:53.093+00:00,2026-08-31T19:57:53.497+00:00,2026-08-31T19:57:53.497+00:00,0.170709,0.40384285999971326,sqs-worker-5986dcd897-x8rdl,ip-192-168-20-201.ec2.internal,d60c6a131d2b5a8e10dfd35b49f49a11fa60d385f660485c0365ce2701d83a61,1,33.0,437.0
1,hpa-mmpp-404-bb0c145f,000141,106.301339,2026-08-31T19:57:58.328+00:00,2026-08-31T19:57:54.528+00:00,2026-08-31T19:57:54.532+00:00,2026-08-31T19:57:54.533+00:00,2026-08-31T19:57:54.775+00:00,2026-08-31T19:57:54.775+00:00,0.12052,0.2427709430012328,sqs-worker-5986dcd897-x8rdl,ip-192-168-20-201.ec2.internal,f8186f18ccaa81a827c8eca49e0642ba6b946347c1c3b245cb68c6f915899064,1,4.0,247.0
1,hpa-mmpp-404-bb0c145f,000148,108.752534,2026-08-31T19:58:00.779+00:00,2026-08-31T19:57:56.978+00:00,2026-08-31T19:57:56.981+00:00,2026-08-31T19:57:56.981+00:00,2026-08-31T19:57:57.072+00:00,2026-08-31T19:57:57.072+00:00,0.060359,0.09043789300085336,sqs-worker-5986dcd897-4kr5p,ip-192-168-20-201.ec2.internal,72f7785c5b3e8e3ab96ab6677e20541111f6bada8b473b2db1c9e6a2a99fd302,1,3.0,94.0
1,hpa-mmpp-404-bb0c145f,000151,109.063554,2026-08-31T19:58:01.090+00:00,2026-08-31T19:57:57.292+00:00,2026-08-31T19:57:57.299+00:00,2026-08-31T19:57:57.299+00:00,2026-08-31T19:57:57.305+00:00,2026-08-31T19:57:57.305+00:00,0.00595,0.005997837000904838,sqs-worker-5986dcd897-4kr5p,ip-192-168-20-201.ec2.internal,71ba6d0a11f5faf0b4cee8292bebc65a56b8f583cfa938c3f0676d9a0443b811,1,7.0,13.0
1,hpa-mmpp-404-bb0c145f,000150,109.001478,2026-08-31T19:58:01.029+00:00,2026-08-31T19:57:57.234+00:00,2026-08-31T19:57:57.238+00:00,2026-08-31T19:57:57.238+00:00,2026-08-31T19:57:57.710+00:00,2026-08-31T19:57:57.710+00:00,0.226973,0.4722327529998438,sqs-worker-5986dcd897-x8rdl,ip-192-168-20-201.ec2.internal,1e995ac2d419083b9c5d291f331d3317bcf3808fc883c346051d8a6b060e983d,1,4.0,476.0
1,hpa-mmpp-404-bb0c145f,000130,103.09728,2026-08-31T19:57:55.124+00:00,2026-08-31T19:57:51.339+00:00,2026-08-31T19:57:51.693+00:00,2026-08-31T19:57:51.693+00:00,2026-08-31T19:57:52.295+00:00,2026-08-31T19:57:52.295+00:00,0.176868,0.6018445400004566,sqs-worker-5986dcd897-x8rdl,ip-192-168-20-201.ec2.internal,fe64d349e0042e5d497f66137aaf7e87d64a276d12e1e0be58aa3780d8c70b8e,1,354.0,956.0
1,hpa-mmpp-404-bb0c145f,000134,104.692256,2026-08-31T19:57:56.719+00:00,2026-08-31T19:57:52.922+00:00,2026-08-31T19:57:52.995+00:00,2026-08-31T19:57:52.996+00:00,2026-08-31T19:57:53.326+00:00,2026-08-31T19:57:53.326+00:00,0.145725,0.3305955289997655,sqs-worker-5986dcd897-tmq2t,ip-192-168-20-201.ec2.internal,a819f8b72560092a8bf1c4b621e32fa3232269dd1c48da03df3901cd05a8a62e,1,73.0,404.0
1,hpa-mmpp-404-bb0c145f,000136,104.971645,2026-08-31T19:57:56.999+00:00,2026-08-31T19:57:53.201+00:00,2026-08-31T19:57:53.351+00:00,2026-08-31T19:57:53.351+00:00,2026-08-31T19:57:53.526+00:00,2026-08-31T19:57:53.526+00:00,0.069835,0.17496071999994456,sqs-worker-5986dcd897-tmq2t,ip-192-168-20-201.ec2.internal,26f1025628ea25d2b1c0b7227111567140bf34f41ecada465927f77d173cbaf1,1,150.0,325.0
1,hpa-mmpp-404-bb0c145f,000143,106.871716,2026-08-31T19:57:58.899+00:00,2026-08-31T19:57:55.097+00:00,2026-08-31T19:57:55.102+00:00,2026-08-31T19:57:55.102+00:00,2026-08-31T19:57:55.216+00:00,2026-08-31T19:57:55.216+00:00,0.058145,0.11447242999929585,sqs-worker-5986dcd897-tmq2t,ip-192-168-20-201.ec2.internal,d0a10855b51d46db1774ec690f7157410d530a54f4dc1cea58ac730f080515b4,1,5.0,119.0
1,hpa-mmpp-404-bb0c145f,000146,108.449597,2026-08-31T19:58:00.477+00:00,2026-08-31T19:57:56.677+00:00,2026-08-31T19:57:56.681+00:00,2026-08-31T19:57:56.681+00:00,2026-08-31T19:57:56.901+00:00,2026-08-31T19:57:56.901+00:00,0.097984,0.2197608599999512,sqs-worker-5986dcd897-x8rdl,ip-192-168-20-201.ec2.internal,0353f2b895cef4257e86d76ce66440ab2e07b2bba655da343ef5d2fff61ca5fa,1,4.0,224.0
1,hpa-mmpp-404-bb0c145f,000147,108.671609,2026-08-31T19:58:00.699+00:00,2026-08-31T19:57:56.899+00:00,2026-08-31T19:57:56.903+00:00,2026-08-31T19:57:56.903+00:00,2026-08-31T19:57:56.944+00:00,2026-08-31T19:57:56.944+00:00,0.041839,0.041949547001422616,sqs-worker-5986dcd897-4kr5p,ip-192-168-20-201.ec2.internal,d6f691e47b514f3ce0ff7dab0753a71c8fb87899d0b22e19d421c53874120a18,1,4.0,45.0
1,hpa-mmpp-404-bb0c145f,000152,109.264667,2026-08-31T19:58:01.292+00:00,2026-08-31T19:57:57.493+00:00,2026-08-31T19:57:57.498+00:00,2026-08-31T19:57:57.498+00:00,2026-08-31T19:57:58.654+00:00,2026-08-31T19:57:58.654+00:00,0.492249,1.1566657699986536,sqs-worker-5986dcd897-4kr5p,ip-192-168-20-201.ec2.internal,b17671371ccafd9aeea8afb3f931f85a048e8fd9985802ef6c6aa64c8ebb0b3d,1,5.0,1161.0
1,hpa-mmpp-404-bb0c145f,000149,108.775939,2026-08-31T19:58:00.803+00:00,2026-08-31T19:57:57.001+00:00,2026-08-31T19:57:57.005+00:00,2026-08-31T19:57:57.005+00:00,2026-08-31T19:57:57.618+00:00,2026-08-31T19:57:57.618+00:00,0.248038,0.6133567710003263,sqs-worker-5986dcd897-tmq2t,ip-192-168-20-201.ec2.internal,ab3a1357752fb9ef2a6e596707ef2749bf0e415a159347e1a5916f4cf6c3ebc0,1,4.0,617.0
1,hpa-mmpp-404-bb0c145f,000155,110.788851,2026-08-31T19:58:02.816+00:00,2026-08-31T19:57:59.015+00:00,2026-08-31T19:57:59.056+00:00,2026-08-31T19:57:59.056+00:00,2026-08-31T19:57:59.485+00:00,2026-08-31T19:57:59.485+00:00,0.102803,0.4293637390001095,sqs-worker-5986dcd897-tmq2t,ip-192-168-20-201.ec2.internal,45614b18e7dd53f0e5d051fa5144d055741d00141b74477570114d9565be8dc3,1,41.0,470.0
1,hpa-mmpp-404-bb0c145f,000153,110.235966,2026-08-31T19:58:02.263+00:00,2026-08-31T19:57:58.462+00:00,2026-08-31T19:57:58.466+00:00,2026-08-31T19:57:58.466+00:00,2026-08-31T19:57:59.711+00:00,2026-08-31T19:57:59.711+00:00,0.50686,1.2448495250009728,sqs-worker-5986dcd897-x8rdl,ip-192-168-20-201.ec2.internal,5be7fcc50a280dcc7d9bc30bef1fc48c8b700fd1e35ab669247eadf698c2ff64,1,4.0,1249.0
1,hpa-mmpp-404-bb0c145f,000161,111.397278,2026-08-31T19:58:03.424+00:00,2026-08-31T19:57:59.627+00:00,2026-08-31T19:57:59.793+00:00,2026-08-31T19:57:59.793+00:00,2026-08-31T19:57:59.989+00:00,2026-08-31T19:57:59.989+00:00,0.03923,0.19624520800061873,sqs-worker-5986dcd897-x8rdl,ip-192-168-20-201.ec2.internal,ead35ae2a93417587345eec8a5e966f1926e19a75a88a038f465e74164be3f76,1,166.0,362.0
1,hpa-mmpp-404-bb0c145f,000160,111.231141,2026-08-31T19:58:03.258+00:00,2026-08-31T19:57:59.464+00:00,2026-08-31T19:58:00.003+00:00,2026-08-31T19:58:00.003+00:00,2026-08-31T19:58:00.596+00:00,2026-08-31T19:58:00.596+00:00,0.093629,0.5935351050011377,sqs-worker-5986dcd897-x8rdl,ip-192-168-20-201.ec2.internal,a13a749611852d2ca58d934147ff4806bc651c592a823fc9b64ece28f5d4ca7e,1,539.0,1132.0
1,hpa-mmpp-404-bb0c145f,000156,110.843376,2026-08-31T19:58:02.870+00:00,2026-08-31T19:57:59.071+00:00,2026-08-31T19:57:59.533+00:00,2026-08-31T19:57:59.533+00:00,2026-08-31T19:58:00.071+00:00,2026-08-31T19:58:00.071+00:00,0.089857,0.5385005860007368,sqs-worker-5986dcd897-tmq2t,ip-192-168-20-201.ec2.internal,82889478082272c20b8e05754f509119ecc4bcef5bd5dcc4ef6d82b85a970f47,1,462.0,1000.0
1,hpa-mmpp-404-bb0c145f,000157,111.078241,2026-08-31T19:58:03.106+00:00,2026-08-31T19:57:59.824+00:00,2026-08-31T19:58:00.099+00:00,2026-08-31T19:58:00.099+00:00,2026-08-31T19:58:01.884+00:00,2026-08-31T19:58:01.884+00:00,0.323489,1.7851098169994657,sqs-worker-5986dcd897-tmq2t,ip-192-168-20-201.ec2.internal,44fa5cae9112cf6d2cdab627d83e819d6fa1e62fa1f8a0d0e91083cff1f67de4,1,275.0,2060.0
1,hpa-mmpp-404-bb0c145f,000159,111.162273,2026-08-31T19:58:03.189+00:00,2026-08-31T19:57:59.394+00:00,2026-08-31T19:58:01.906+00:00,2026-08-31T19:58:01.906+00:00,2026-08-31T19:58:02.200+00:00,2026-08-31T19:58:02.200+00:00,0.117407,0.2941827499998908,sqs-worker-5986dcd897-tmq2t,ip-192-168-20-201.ec2.internal,eb433d5ea12de0f324ccf2aaf6bbb3d9705c02f7e3c6b6b9c5251a6a29c84407,1,2512.0,2806.0
1,hpa-mmpp-404-bb0c145f,000165,111.874994,2026-08-31T19:58:03.902+00:00,2026-08-31T19:58:00.107+00:00,2026-08-31T19:58:02.256+00:00,2026-08-31T19:58:02.256+00:00,2026-08-31T19:58:02.505+00:00,2026-08-31T19:58:02.505+00:00,0.110637,0.24904725800115557,sqs-worker-5986dcd897-tmq2t,ip-192-168-20-201.ec2.internal,30d528fcc4145ad223fc788140847b0e17aea485328c245b7ace37ef687590db,1,2149.0,2398.0
1,hpa-mmpp-404-bb0c145f,000162,111.573995,2026-08-31T19:58:03.601+00:00,2026-08-31T19:57:59.805+00:00,2026-08-31T19:58:02.528+00:00,2026-08-31T19:58:02.528+00:00,2026-08-31T19:58:02.571+00:00,2026-08-31T19:58:02.571+00:00,0.016619,0.043218473001616076,sqs-worker-5986dcd897-tmq2t,ip-192-168-20-201.ec2.internal,d859f6e02a8bd0b3e710047499784cf2c3314f49e7b59323d5e2d4c3d132625d,1,2723.0,2766.0
1,hpa-mmpp-404-bb0c145f,000166,111.922217,2026-08-31T19:58:03.949+00:00,2026-08-31T19:58:00.154+00:00,2026-08-31T19:58:02.613+00:00,2026-08-31T19:58:02.613+00:00,2026-08-31T19:58:02.642+00:00,2026-08-31T19:58:02.642+00:00,0.028748,0.029032624001047225,sqs-worker-5986dcd897-tmq2t,ip-192-168-20-201.ec2.internal,c826c25f263922d19a595a25f0e0a479efe0e96eabe3e374eab4ae5a870e9d63,1,2459.0,2488.0
1,hpa-mmpp-404-bb0c145f,000154,110.747036,2026-08-31T19:58:02.774+00:00,2026-08-31T19:57:58.974+00:00,2026-08-31T19:57:58.987+00:00,2026-08-31T19:57:58.987+00:00,2026-08-31T19:58:02.665+00:00,2026-08-31T19:58:02.665+00:00,0.843693,3.678212777000226,sqs-worker-5986dcd897-4kr5p,ip-192-168-20-201.ec2.internal,ac9384d01f4be4f9ad473663c76408b3009fab20880e68b4d096fe8436fe80e0,1,13.0,3691.0
1,hpa-mmpp-404-bb0c145f,000171,114.920421,2026-08-31T19:58:06.948+00:00,2026-08-31T19:58:03.151+00:00,2026-08-31T19:58:03.156+00:00,2026-08-31T19:58:03.156+00:00,2026-08-31T19:58:03.316+00:00,2026-08-31T19:58:03.316+00:00,0.058648,0.16031998300059058,sqs-worker-5986dcd897-tmq2t,ip-192-168-20-201.ec2.internal,a9c2a86762fc8c862a87dcc3527e24e2532ec8329fb03437d928d576c8c67d51,1,5.0,165.0
1,hpa-mmpp-404-bb0c145f,000163,111.64419,2026-08-31T19:58:03.671+00:00,2026-08-31T19:57:59.878+00:00,2026-08-31T19:58:00.684+00:00,2026-08-31T19:58:00.684+00:00,2026-08-31T19:58:03.309+00:00,2026-08-31T19:58:03.309+00:00,0.623269,2.6254347570011305,sqs-worker-5986dcd897-x8rdl,ip-192-168-20-201.ec2.internal,16138f3b184fa10763eea52124c87256f37247b4d959060c89e0c7ba7285d192,1,806.0,3431.0
1,hpa-mmpp-404-bb0c145f,000167,111.999831,2026-08-31T19:58:04.027+00:00,2026-08-31T19:58:00.236+00:00,2026-08-31T19:58:03.332+00:00,2026-08-31T19:58:03.332+00:00,2026-08-31T19:58:03.909+00:00,2026-08-31T19:58:03.909+00:00,0.23556,0.577559317000123,sqs-worker-5986dcd897-x8rdl,ip-192-168-20-201.ec2.internal,68b991109bc2cc95e8a1310c3fb4d7886f4d166551ec4feb3dc392be2328e7dc,1,3096.0,3673.0
1,hpa-mmpp-404-bb0c145f,000172,115.203503,2026-08-31T19:58:07.231+00:00,2026-08-31T19:58:03.440+00:00,2026-08-31T19:58:03.948+00:00,2026-08-31T19:58:03.948+00:00,2026-08-31T19:58:04.322+00:00,2026-08-31T19:58:04.322+00:00,0.167162,0.3737039099996764,sqs-worker-5986dcd897-x8rdl,ip-192-168-20-201.ec2.internal,9a52ac53204d2ccb314b93770ab071d6e493c3a3698d908b5c1c550898a2d1f1,1,508.0,882.0
1,hpa-mmpp-404-bb0c145f,000170,114.463219,2026-08-31T19:58:06.490+00:00,2026-08-31T19:58:02.697+00:00,2026-08-31T19:58:03.573+00:00,2026-08-31T19:58:03.573+00:00,2026-08-31T19:58:04.468+00:00,2026-08-31T19:58:04.468+00:00,0.372351,0.8945389050004451,sqs-worker-5986dcd897-4kr5p,ip-192-168-20-201.ec2.internal,2709b952a12a3bf7ce63be6cda0aa32aa9dfa88bcccc174aecff20862795c1e9,1,876.0,1771.0
1,hpa-mmpp-404-bb0c145f,000158,111.120087,2026-08-31T19:58:03.147+00:00,2026-08-31T19:57:59.355+00:00,2026-08-31T19:58:02.694+00:00,2026-08-31T19:58:02.694+00:00,2026-08-31T19:58:03.275+00:00,2026-08-31T19:58:03.275+00:00,0.243065,0.5808250959998986,sqs-worker-5986dcd897-4kr5p,ip-192-168-20-201.ec2.internal,cefe20b7aa6bbc873c51ba7c5a667331eb45b88f5d8dcf56a351a37174c6bc84,1,3339.0,3920.0
1,hpa-mmpp-404-bb0c145f,000168,112.664324,2026-08-31T19:58:04.692+00:00,2026-08-31T19:58:00.896+00:00,2026-08-31T19:58:03.343+00:00,2026-08-31T19:58:03.343+00:00,2026-08-31T19:58:04.635+00:00,2026-08-31T19:58:04.635+00:00,0.536678,1.291525515000103,sqs-worker-5986dcd897-tmq2t,ip-192-168-20-201.ec2.internal,91ad286a58f88c9ac1268f4fdda75bd0132763ef5eb967462334afad8646570d,1,2447.0,3739.0
1,hpa-mmpp-404-bb0c145f,000164,111.671506,2026-08-31T19:58:03.698+00:00,2026-08-31T19:57:59.908+00:00,2026-08-31T19:58:02.672+00:00,2026-08-31T19:58:02.672+00:00,2026-08-31T19:58:03.130+00:00,2026-08-31T19:58:03.130+00:00,0.192729,0.4580089829996723,sqs-worker-5986dcd897-tmq2t,ip-192-168-20-201.ec2.internal,456fbed4f6a41a141e037bff7b46e3ec2acc145a31b83dc7ce1e036c7cf30d20,1,2764.0,3222.0
1,hpa-mmpp-404-bb0c145f,000169,114.459728,2026-08-31T19:58:06.487+00:00,2026-08-31T19:58:02.697+00:00,2026-08-31T19:58:03.346+00:00,2026-08-31T19:58:03.346+00:00,2026-08-31T19:58:03.543+00:00,2026-08-31T19:58:03.543+00:00,0.085086,0.19711340499998187,sqs-worker-5986dcd897-4kr5p,ip-192-168-20-201.ec2.internal,40a2ebb554f191b9270e268e93237b07bc9d72d243ca03521ff9cef88c727ebf,1,649.0,846.0
1,hpa-mmpp-404-bb0c145f,000174,116.426102,2026-08-31T19:58:08.453+00:00,2026-08-31T19:58:04.678+00:00,2026-08-31T19:58:04.682+00:00,2026-08-31T19:58:04.682+00:00,2026-08-31T19:58:05.628+00:00,2026-08-31T19:58:05.629+00:00,0.387456,0.946317439998893,sqs-worker-5986dcd897-tmq2t,ip-192-168-20-201.ec2.internal,5ee9af56d1f37a3fe9f6e23f70af502a7e8ce88036adb7ab2559a5944c66ae2d,1,4.0,950.0
1,hpa-mmpp-404-bb0c145f,000176,116.710674,2026-08-31T19:58:08.738+00:00,2026-08-31T19:58:04.956+00:00,2026-08-31T19:58:05.136+00:00,2026-08-31T19:58:05.137+00:00,2026-08-31T19:58:05.664+00:00,2026-08-31T19:58:05.664+00:00,0.22867,0.5270571370001562,sqs-worker-5986dcd897-4kr5p,ip-192-168-20-201.ec2.internal,a12575965660094ffe316a6e1bfce2499f4919d706c06e31abb4a0b7af06d1da,1,180.0,708.0
1,hpa-mmpp-404-bb0c145f,000179,117.382645,2026-08-31T19:58:09.410+00:00,2026-08-31T19:58:05.632+00:00,2026-08-31T19:58:05.694+00:00,2026-08-31T19:58:05.695+00:00,2026-08-31T19:58:05.744+00:00,2026-08-31T19:58:05.744+00:00,0.014871,0.04911829199954809,sqs-worker-5986dcd897-4kr5p,ip-192-168-20-201.ec2.internal,1dbf4896267168d5f6cdc2b7faea4fec5c9d05cc029fbabf9aa451fa617877a6,1,62.0,112.0
1,hpa-mmpp-404-bb0c145f,000177,116.903495,2026-08-31T19:58:08.931+00:00,2026-08-31T19:58:05.134+00:00,2026-08-31T19:58:05.426+00:00,2026-08-31T19:58:05.426+00:00,2026-08-31T19:58:05.914+00:00,2026-08-31T19:58:05.914+00:00,0.211957,0.4872923240000091,sqs-worker-5986dcd897-x8rdl,ip-192-168-20-201.ec2.internal,608ef636ad48ab11539836425eb7a1704ced24e8d0bbdf857b63f1ede77a512f,1,292.0,780.0
1,hpa-mmpp-404-bb0c145f,000180,117.587763,2026-08-31T19:58:09.615+00:00,2026-08-31T19:58:05.826+00:00,2026-08-31T19:58:05.830+00:00,2026-08-31T19:58:05.830+00:00,2026-08-31T19:58:06.471+00:00,2026-08-31T19:58:06.471+00:00,0.280648,0.6413343509993865,sqs-worker-5986dcd897-4kr5p,ip-192-168-20-201.ec2.internal,cbe2eb5a68462484a7988c3257936029ffc12f687cc2d1b15063aa305d46b3c5,1,4.0,645.0
1,hpa-mmpp-404-bb0c145f,000181,118.023087,2026-08-31T19:58:10.050+00:00,2026-08-31T19:58:06.254+00:00,2026-08-31T19:58:06.259+00:00,2026-08-31T19:58:06.259+00:00,2026-08-31T19:58:06.595+00:00,2026-08-31T19:58:06.595+00:00,0.159296,0.33615757300140103,sqs-worker-5986dcd897-tmq2t,ip-192-168-20-201.ec2.internal,6c564e081363fc4cd7cc74cef70afdf494ccd6c286922f32c4436815753c4351,1,5.0,341.0
1,hpa-mmpp-404-bb0c145f,000173,116.130044,2026-08-31T19:58:08.158+00:00,2026-08-31T19:58:04.365+00:00,2026-08-31T19:58:04.421+00:00,2026-08-31T19:58:04.421+00:00,2026-08-31T19:58:05.397+00:00,2026-08-31T19:58:05.397+00:00,0.409812,0.9764185160001944,sqs-worker-5986dcd897-x8rdl,ip-192-168-20-201.ec2.internal,b9b0261883a726f800c7664d9a4e75a9a7ba858f99830d169151c42c9ba6e3a3,1,56.0,1032.0
1,hpa-mmpp-404-bb0c145f,000175,116.519636,2026-08-31T19:58:08.547+00:00,2026-08-31T19:58:04.749+00:00,2026-08-31T19:58:04.754+00:00,2026-08-31T19:58:04.754+00:00,2026-08-31T19:58:05.071+00:00,2026-08-31T19:58:05.071+00:00,0.155936,0.31688851800026896,sqs-worker-5986dcd897-4kr5p,ip-192-168-20-201.ec2.internal,3e5b841947ea1da7f9fa14174248e1e285c9c6aae61096cf6ab1091d9d12886f,1,5.0,322.0
1,hpa-mmpp-404-bb0c145f,000178,117.216147,2026-08-31T19:58:09.243+00:00,2026-08-31T19:58:05.464+00:00,2026-08-31T19:58:05.649+00:00,2026-08-31T19:58:05.649+00:00,2026-08-31T19:58:05.938+00:00,2026-08-31T19:58:05.938+00:00,0.127191,0.2887344500013569,sqs-worker-5986dcd897-tmq2t,ip-192-168-20-201.ec2.internal,a371d3fbdc8e92a5fdefe1df6b4fecf3a8741a419b493793ab6d5db5f2a29612,1,185.0,474.0
1,hpa-mmpp-404-bb0c145f,000182,123.156651,2026-08-31T19:58:15.189+00:00,2026-08-31T19:58:11.392+00:00,2026-08-31T19:58:11.395+00:00,2026-08-31T19:58:11.395+00:00,2026-08-31T19:58:11.986+00:00,2026-08-31T19:58:11.986+00:00,0.243044,0.590704944999743,sqs-worker-5986dcd897-x8rdl,ip-192-168-20-201.ec2.internal,4b3001dff17d52f46e776262b64d14491bd4e0ebc3f19244f817ca10d743a040,1,3.0,594.0
1,hpa-mmpp-404-bb0c145f,000183,124.515097,2026-08-31T19:58:16.543+00:00,2026-08-31T19:58:12.748+00:00,2026-08-31T19:58:12.752+00:00,2026-08-31T19:58:12.752+00:00,2026-08-31T19:58:13.675+00:00,2026-08-31T19:58:13.675+00:00,0.384312,0.9224757909996697,sqs-worker-5986dcd897-tmq2t,ip-192-168-20-201.ec2.internal,f008fe635dde7709e1cd4191e2009a695be2a2f6e1e8b62e264718ab21a93d35,1,4.0,927.0
1,hpa-mmpp-404-bb0c145f,000185,125.671155,2026-08-31T19:58:17.698+00:00,2026-08-31T19:58:13.897+00:00,2026-08-31T19:58:13.900+00:00,2026-08-31T19:58:13.900+00:00,2026-08-31T19:58:14.295+00:00,2026-08-31T19:58:14.295+00:00,0.17272,0.3954239620015869,sqs-worker-5986dcd897-x8rdl,ip-192-168-20-201.ec2.internal,c0af790b838e3116cfbd6d279811fff1af1dfbdec8e93901d92c094cb6842c2d,1,3.0,398.0
1,hpa-mmpp-404-bb0c145f,000184,125.289587,2026-08-31T19:58:17.317+00:00,2026-08-31T19:58:13.515+00:00,2026-08-31T19:58:13.519+00:00,2026-08-31T19:58:13.519+00:00,2026-08-31T19:58:14.370+00:00,2026-08-31T19:58:14.370+00:00,0.368433,0.851777926000068,sqs-worker-5986dcd897-4kr5p,ip-192-168-20-201.ec2.internal,09b68d0935902e508cb5e3feea487b966d414f9c50d3dcd05fc69fba9229cacb,1,4.0,855.0
1,hpa-mmpp-404-bb0c145f,000186,127.676929,2026-08-31T19:58:19.706+00:00,2026-08-31T19:58:15.903+00:00,2026-08-31T19:58:15.909+00:00,2026-08-31T19:58:15.909+00:00,2026-08-31T19:58:16.750+00:00,2026-08-31T19:58:16.750+00:00,0.356567,0.8410143870005413,sqs-worker-5986dcd897-jg68r,ip-192-168-20-201.ec2.internal,be5ddc44fa26d16e8a00d330460fea95939fa75f43e8b41b17658e040cd92d67,1,6.0,847.0
1,hpa-mmpp-404-bb0c145f,000187,128.602949,2026-08-31T19:58:20.631+00:00,2026-08-31T19:58:16.830+00:00,2026-08-31T19:58:16.885+00:00,2026-08-31T19:58:16.885+00:00,2026-08-31T19:58:17.122+00:00,2026-08-31T19:58:17.122+00:00,0.120283,0.2370589000001928,sqs-worker-5986dcd897-jg68r,ip-192-168-20-201.ec2.internal,c51693556f24273938137f490d2df393b7eaf46fafe4181b812d32df4bc7fd00,1,55.0,292.0
1,hpa-mmpp-404-bb0c145f,000188,132.573557,2026-08-31T19:58:24.604+00:00,2026-08-31T19:58:20.805+00:00,2026-08-31T19:58:20.808+00:00,2026-08-31T19:58:20.808+00:00,2026-08-31T19:58:21.285+00:00,2026-08-31T19:58:21.285+00:00,0.098367,0.4763704050001252,sqs-worker-5986dcd897-x8rdl,ip-192-168-20-201.ec2.internal,d018899485111f6b6bb8c25d4217fae85033ab5b6fc2cf87cde81098f36e7d17,1,3.0,480.0
1,hpa-mmpp-404-bb0c145f,000190,134.505374,2026-08-31T19:58:26.531+00:00,2026-08-31T19:58:22.729+00:00,2026-08-31T19:58:22.733+00:00,2026-08-31T19:58:22.733+00:00,2026-08-31T19:58:22.756+00:00,2026-08-31T19:58:22.756+00:00,0.022565,0.02268089700010023,sqs-worker-5986dcd897-4kr5p,ip-192-168-20-201.ec2.internal,6411b12e73cef3cbc1fcf905b641c752dfcf1682687414c4d2c9346ca31e228b,1,4.0,27.0
1,hpa-mmpp-404-bb0c145f,000189,134.172998,2026-08-31T19:58:26.200+00:00,2026-08-31T19:58:22.402+00:00,2026-08-31T19:58:22.406+00:00,2026-08-31T19:58:22.406+00:00,2026-08-31T19:58:22.821+00:00,2026-08-31T19:58:22.821+00:00,0.168524,0.4148083519994543,sqs-worker-5986dcd897-tmq2t,ip-192-168-20-201.ec2.internal,ee3212aba1708b21bc1829f176e8959554606b440dbeca00b953ec96657e6fbb,1,4.0,419.0
1,hpa-mmpp-404-bb0c145f,000191,135.622667,2026-08-31T19:58:27.649+00:00,2026-08-31T19:58:23.847+00:00,2026-08-31T19:58:23.854+00:00,2026-08-31T19:58:23.854+00:00,2026-08-31T19:58:23.974+00:00,2026-08-31T19:58:23.974+00:00,0.063882,0.11992270300106611,sqs-worker-5986dcd897-tmq2t,ip-192-168-20-201.ec2.internal,d6a94099326ad3a9eb883140ea6da37d6f48f7a25c0b31db919ae00422ed2a2d,1,7.0,127.0
1,hpa-mmpp-404-bb0c145f,000192,135.912398,2026-08-31T19:58:27.938+00:00,2026-08-31T19:58:24.137+00:00,2026-08-31T19:58:24.143+00:00,2026-08-31T19:58:24.143+00:00,2026-08-31T19:58:24.151+00:00,2026-08-31T19:58:24.151+00:00,0.007431,0.0075135810002393555,sqs-worker-5986dcd897-4kr5p,ip-192-168-20-201.ec2.internal,e0820b5a8ff61003c4415616c4cd41ed932bc4db30cfff65e9373a17b99652ca,1,6.0,14.0
1,hpa-mmpp-404-bb0c145f,000194,136.279318,2026-08-31T19:58:28.305+00:00,2026-08-31T19:58:24.504+00:00,2026-08-31T19:58:24.508+00:00,2026-08-31T19:58:24.508+00:00,2026-08-31T19:58:24.947+00:00,2026-08-31T19:58:24.947+00:00,0.19276,0.4388825829992129,sqs-worker-5986dcd897-jg68r,ip-192-168-20-201.ec2.internal,17ef5ef40b6d9b21a9c05af5ee15a175a938d8f43644143933f6bc60ccaa19ca,1,4.0,443.0
1,hpa-mmpp-404-bb0c145f,000193,135.937155,2026-08-31T19:58:27.963+00:00,2026-08-31T19:58:24.163+00:00,2026-08-31T19:58:24.168+00:00,2026-08-31T19:58:24.168+00:00,2026-08-31T19:58:25.778+00:00,2026-08-31T19:58:25.778+00:00,0.647341,1.6100041900008364,sqs-worker-5986dcd897-tmq2t,ip-192-168-20-201.ec2.internal,2dfd194aa89d83d6db18e71030a2957af2ce32362888ca84e2e3503f37783d9b,1,5.0,1615.0
1,hpa-mmpp-404-bb0c145f,000197,137.060478,2026-08-31T19:58:29.086+00:00,2026-08-31T19:58:25.283+00:00,2026-08-31T19:58:25.287+00:00,2026-08-31T19:58:25.287+00:00,2026-08-31T19:58:25.853+00:00,2026-08-31T19:58:25.853+00:00,0.247755,0.5659793089998857,sqs-worker-5986dcd897-4kr5p,ip-192-168-20-201.ec2.internal,19feaa149726451a69a8e3267da2a70e2281e0882ea73e4dc557eb24eaf02695,1,4.0,570.0
1,hpa-mmpp-404-bb0c145f,000195,136.522029,2026-08-31T19:58:28.548+00:00,2026-08-31T19:58:24.745+00:00,2026-08-31T19:58:24.750+00:00,2026-08-31T19:58:24.750+00:00,2026-08-31T19:58:25.876+00:00,2026-08-31T19:58:25.876+00:00,0.466959,1.1264279740007623,sqs-worker-5986dcd897-x8rdl,ip-192-168-20-201.ec2.internal,555df4aed56797a4503d8c5df2577af392d724ee4e457f0f3d99428f48d22605,1,5.0,1131.0
1,hpa-mmpp-404-bb0c145f,000196,136.88232,2026-08-31T19:58:28.908+00:00,2026-08-31T19:58:25.107+00:00,2026-08-31T19:58:25.112+00:00,2026-08-31T19:58:25.112+00:00,2026-08-31T19:58:26.122+00:00,2026-08-31T19:58:26.122+00:00,0.417681,1.0100381720003497,sqs-worker-5986dcd897-jg68r,ip-192-168-20-201.ec2.internal,5c7241ff14b26b0a06b5b1f832889e8d50975b84d31db893869dadee7a91502f,1,5.0,1014.9999999999999
1,hpa-mmpp-404-bb0c145f,000200,138.229855,2026-08-31T19:58:30.255+00:00,2026-08-31T19:58:26.458+00:00,2026-08-31T19:58:26.462+00:00,2026-08-31T19:58:26.462+00:00,2026-08-31T19:58:26.592+00:00,2026-08-31T19:58:26.592+00:00,0.070806,0.12933008999971207,sqs-worker-5986dcd897-x8rdl,ip-192-168-20-201.ec2.internal,8c273239de4231be8ad077a3b9b7857d7885dca491a15aa2f598b2acc9e9c364,1,4.0,134.0
1,hpa-mmpp-404-bb0c145f,000198,137.850239,2026-08-31T19:58:29.876+00:00,2026-08-31T19:58:26.075+00:00,2026-08-31T19:58:26.082+00:00,2026-08-31T19:58:26.082+00:00,2026-08-31T19:58:26.690+00:00,2026-08-31T19:58:26.690+00:00,0.259634,0.6078797909995046,sqs-worker-5986dcd897-tmq2t,ip-192-168-20-201.ec2.internal,aa6903182e45998f4deca3bf75127961b1fff9c399f6757192c5b68fca6e4f1f,1,7.0,615.0
1,hpa-mmpp-404-bb0c145f,000199,138.050973,2026-08-31T19:58:30.077+00:00,2026-08-31T19:58:26.275+00:00,2026-08-31T19:58:26.284+00:00,2026-08-31T19:58:26.284+00:00,2026-08-31T19:58:26.546+00:00,2026-08-31T19:58:26.546+00:00,0.130199,0.2616544869997597,sqs-worker-5986dcd897-4kr5p,ip-192-168-20-201.ec2.internal,7b26d499e240cb9f7fc405426c40088c0cd8188381be84fcb6f3905483f79a8e,1,9.0,271.0
1,hpa-mmpp-404-bb0c145f,000201,139.030746,2026-08-31T19:58:31.057+00:00,2026-08-31T19:58:27.262+00:00,2026-08-31T19:58:27.266+00:00,2026-08-31T19:58:27.266+00:00,2026-08-31T19:58:27.292+00:00,2026-08-31T19:58:27.292+00:00,0.025781,0.025835598000412574,sqs-worker-5986dcd897-4kr5p,ip-192-168-20-201.ec2.internal,895aa8a18bfa6ee260bb151ed3482ba95b222fb9845c874d54d3cdd91d5afbce,1,4.0,30.0
1,hpa-mmpp-404-bb0c145f,000202,139.242133,2026-08-31T19:58:31.268+00:00,2026-08-31T19:58:27.465+00:00,2026-08-31T19:58:27.469+00:00,2026-08-31T19:58:27.469+00:00,2026-08-31T19:58:27.765+00:00,2026-08-31T19:58:27.765+00:00,0.149894,0.29632517600111896,sqs-worker-5986dcd897-4kr5p,ip-192-168-20-201.ec2.internal,097bb080fc9ad8ba68e88aa80cf688e56373e30d7dc9eb28d94937ccf0119fe5,1,4.0,300.0
1,hpa-mmpp-404-bb0c145f,000203,139.56284,2026-08-31T19:58:31.589+00:00,2026-08-31T19:58:27.789+00:00,2026-08-31T19:58:27.793+00:00,2026-08-31T19:58:27.793+00:00,2026-08-31T19:58:28.064+00:00,2026-08-31T19:58:28.064+00:00,0.128709,0.27112149099957605,sqs-worker-5986dcd897-jg68r,ip-192-168-20-201.ec2.internal,befe59e1241521f9a7fe1300105a04ead1597dc8204c4c5f70caebe9d42aa9d8,1,4.0,275.0
1,hpa-mmpp-404-bb0c145f,000204,139.880456,2026-08-31T19:58:31.906+00:00,2026-08-31T19:58:28.103+00:00,2026-08-31T19:58:28.106+00:00,2026-08-31T19:58:28.106+00:00,2026-08-31T19:58:28.619+00:00,2026-08-31T19:58:28.619+00:00,0.237658,0.5134424709995073,sqs-worker-5986dcd897-x8rdl,ip-192-168-20-201.ec2.internal,24a805023569f781296f00b4e8b01012a390fbf905f19d9d6e330d003025e546,1,3.0,516.0
1,hpa-mmpp-404-bb0c145f,000208,140.917126,2026-08-31T19:58:32.943+00:00,2026-08-31T19:58:29.141+00:00,2026-08-31T19:58:29.145+00:00,2026-08-31T19:58:29.145+00:00,2026-08-31T19:58:29.408+00:00,2026-08-31T19:58:29.408+00:00,0.124596,0.26281071199991857,sqs-worker-5986dcd897-x8rdl,ip-192-168-20-201.ec2.internal,ee1d4b0ae6f27db47666213bcb8c756f742ad7ec54227d05a17c6f2c80bbb300,1,4.0,267.0
1,hpa-mmpp-404-bb0c145f,000206,140.757958,2026-08-31T19:58:32.784+00:00,2026-08-31T19:58:28.984+00:00,2026-08-31T19:58:28.988+00:00,2026-08-31T19:58:28.988+00:00,2026-08-31T19:58:29.715+00:00,2026-08-31T19:58:29.715+00:00,0.155705,0.7263937070001703,sqs-worker-5986dcd897-tmq2t,ip-192-168-20-201.ec2.internal,7919ef38ab59b7afc866f2ef06fc49eba991c5019cb57ba46e7987ce7be3e25b,1,4.0,731.0
1,hpa-mmpp-404-bb0c145f,000205,140.424683,2026-08-31T19:58:32.451+00:00,2026-08-31T19:58:28.649+00:00,2026-08-31T19:58:28.654+00:00,2026-08-31T19:58:28.654+00:00,2026-08-31T19:58:29.959+00:00,2026-08-31T19:58:29.959+00:00,0.378401,1.304833090000102,sqs-worker-5986dcd897-jg68r,ip-192-168-20-201.ec2.internal,74ded274160e592c8c252fcbe2174b4aab770661d871f3805f306463f698b170,1,5.0,1310.0
1,hpa-mmpp-404-bb0c145f,000207,140.833189,2026-08-31T19:58:32.859+00:00,2026-08-31T19:58:29.063+00:00,2026-08-31T19:58:29.067+00:00,2026-08-31T19:58:29.067+00:00,2026-08-31T19:58:30.243+00:00,2026-08-31T19:58:30.243+00:00,0.225008,1.1767321469997114,sqs-worker-5986dcd897-4kr5p,ip-192-168-20-201.ec2.internal,795706c11a8dea1e563e97055d7a6e79462d13d0995bc65b6551afcb98016b44,1,4.0,1180.0
1,hpa-mmpp-404-bb0c145f,000210,141.236473,2026-08-31T19:58:33.262+00:00,2026-08-31T19:58:29.459+00:00,2026-08-31T19:58:29.775+00:00,2026-08-31T19:58:29.775+00:00,2026-08-31T19:58:30.179+00:00,2026-08-31T19:58:30.179+00:00,0.074598,0.4042756670005474,sqs-worker-5986dcd897-tmq2t,ip-192-168-20-201.ec2.internal,8c2a883db07f04b9d099785f5f90728b20818185526a60ff04160ae8162a726e,1,316.0,720.0
1,hpa-mmpp-404-bb0c145f,000209,140.978568,2026-08-31T19:58:33.004+00:00,2026-08-31T19:58:29.206+00:00,2026-08-31T19:58:29.427+00:00,2026-08-31T19:58:29.427+00:00,2026-08-31T19:58:29.876+00:00,2026-08-31T19:58:29.876+00:00,0.142326,0.44894171399937477,sqs-worker-5986dcd897-x8rdl,ip-192-168-20-201.ec2.internal,21ad54f357e9861efe4cae4d6fae0329fa9bf32cb726452e168232215b0d77fe,1,221.0,670.0
1,hpa-mmpp-404-bb0c145f,000213,142.3391,2026-08-31T19:58:34.365+00:00,2026-08-31T19:58:30.571+00:00,2026-08-31T19:58:30.584+00:00,2026-08-31T19:58:30.584+00:00,2026-08-31T19:58:30.973+00:00,2026-08-31T19:58:30.973+00:00,0.067129,0.38935528799993335,sqs-worker-5986dcd897-tmq2t,ip-192-168-20-201.ec2.internal,57142abe18b28cae6726d300a48bd47896270ef05e9d2cd105f66677611eef03,1,13.0,402.0
1,hpa-mmpp-404-bb0c145f,000211,141.606603,2026-08-31T19:58:33.632+00:00,2026-08-31T19:58:29.834+00:00,2026-08-31T19:58:29.910+00:00,2026-08-31T19:58:29.910+00:00,2026-08-31T19:58:31.077+00:00,2026-08-31T19:58:31.077+00:00,0.225247,1.1669519600000058,sqs-worker-5986dcd897-x8rdl,ip-192-168-20-201.ec2.internal,d3576c2aad6a37c5dcfe237e7e0cba11257f5d5b06ba9ba846e18ed27a20454f,1,76.0,1243.0
1,hpa-mmpp-404-bb0c145f,000214,142.777301,2026-08-31T19:58:34.803+00:00,2026-08-31T19:58:31.001+00:00,2026-08-31T19:58:31.015+00:00,2026-08-31T19:58:31.015+00:00,2026-08-31T19:58:31.482+00:00,2026-08-31T19:58:31.482+00:00,0.183432,0.4670416170010867,sqs-worker-5986dcd897-4kr5p,ip-192-168-20-201.ec2.internal,4d1265f0bbaf1d9a6ceca3bcc03a984fef9887e74070940ff255da9b723eaad1,1,14.0,481.0
1,hpa-mmpp-404-bb0c145f,000215,143.0339,2026-08-31T19:58:35.060+00:00,2026-08-31T19:58:31.258+00:00,2026-08-31T19:58:31.277+00:00,2026-08-31T19:58:31.277+00:00,2026-08-31T19:58:31.496+00:00,2026-08-31T19:58:31.496+00:00,0.0622,0.21957564399963303,sqs-worker-5986dcd897-tmq2t,ip-192-168-20-201.ec2.internal,ef9a58389020f450652deef32c73e0e3d21aad209d877e34ba98910fc854320a,1,19.0,238.0
1,hpa-mmpp-404-bb0c145f,000217,143.357339,2026-08-31T19:58:35.383+00:00,2026-08-31T19:58:31.650+00:00,2026-08-31T19:58:31.659+00:00,2026-08-31T19:58:31.659+00:00,2026-08-31T19:58:31.671+00:00,2026-08-31T19:58:31.671+00:00,0.010391,0.012819494999348535,sqs-worker-5986dcd897-tmq2t,ip-192-168-20-201.ec2.internal,19e7368452e8c61ba9dc65991f212f2102ab8bde4bdc54ca880cd3b4748b8f70,1,9.0,21.0
1,hpa-mmpp-404-bb0c145f,000216,143.063507,2026-08-31T19:58:35.089+00:00,2026-08-31T19:58:31.294+00:00,2026-08-31T19:58:31.300+00:00,2026-08-31T19:58:31.300+00:00,2026-08-31T19:58:31.998+00:00,2026-08-31T19:58:31.998+00:00,0.140571,0.6983946330001345,sqs-worker-5986dcd897-x8rdl,ip-192-168-20-201.ec2.internal,41bac10865ecd4d425d98edfed0d173da87252e3c3558e5cc77e70e061cfbc69,1,6.0,704.0
1,hpa-mmpp-404-bb0c145f,000212,142.220737,2026-08-31T19:58:34.247+00:00,2026-08-31T19:58:30.445+00:00,2026-08-31T19:58:30.457+00:00,2026-08-31T19:58:30.457+00:00,2026-08-31T19:58:32.090+00:00,2026-08-31T19:58:32.090+00:00,0.355064,1.6336984619993018,sqs-worker-5986dcd897-jg68r,ip-192-168-20-201.ec2.internal,463f763eb5cc4101007db6a372309d1fe82c189718118c108d1264a5f83cbcd7,1,12.0,1645.0
1,hpa-mmpp-404-bb0c145f,000219,144.564903,2026-08-31T19:58:36.590+00:00,2026-08-31T19:58:32.792+00:00,2026-08-31T19:58:32.799+00:00,2026-08-31T19:58:32.799+00:00,2026-08-31T19:58:33.133+00:00,2026-08-31T19:58:33.133+00:00,0.160583,0.3347485329995834,sqs-worker-5986dcd897-jg68r,ip-192-168-20-201.ec2.internal,e6cfea93ce2a5119be1508420c8386e6c15c13a5a354bd54dc77e2e6e05aed5a,1,7.0,341.0
1,hpa-mmpp-404-bb0c145f,000218,144.554309,2026-08-31T19:58:36.581+00:00,2026-08-31T19:58:32.779+00:00,2026-08-31T19:58:32.782+00:00,2026-08-31T19:58:32.782+00:00,2026-08-31T19:58:33.339+00:00,2026-08-31T19:58:33.339+00:00,0.243916,0.5567271370000526,sqs-worker-5986dcd897-4kr5p,ip-192-168-20-201.ec2.internal,894353616a1a7592b94a2844ce44de174696465ef3bb5b22d907541e87f664ed,1,3.0,560.0
1,hpa-mmpp-404-bb0c145f,000220,144.950129,2026-08-31T19:58:36.976+00:00,2026-08-31T19:58:33.177+00:00,2026-08-31T19:58:33.181+00:00,2026-08-31T19:58:33.181+00:00,2026-08-31T19:58:33.196+00:00,2026-08-31T19:58:33.196+00:00,0.01501,0.015080315000886912,sqs-worker-5986dcd897-x8rdl,ip-192-168-20-201.ec2.internal,ccb67b178c73300937ed5b5ee2451c5f86dc4c097879bce4b4f5d24beefb30cc,1,4.0,19.0
1,hpa-mmpp-404-bb0c145f,000223,145.340801,2026-08-31T19:58:37.366+00:00,2026-08-31T19:58:33.565+00:00,2026-08-31T19:58:33.571+00:00,2026-08-31T19:58:33.571+00:00,2026-08-31T19:58:33.689+00:00,2026-08-31T19:58:33.689+00:00,0.058778,0.11845519199960108,sqs-worker-5986dcd897-tmq2t,ip-192-168-20-201.ec2.internal,4dd8fe95f596ea104652a071b2de33b6c7dd060705d26e8344f9ee211f4f98ab,1,6.0,124.0
1,hpa-mmpp-404-bb0c145f,000221,145.072221,2026-08-31T19:58:37.098+00:00,2026-08-31T19:58:33.298+00:00,2026-08-31T19:58:33.323+00:00,2026-08-31T19:58:33.323+00:00,2026-08-31T19:58:33.757+00:00,2026-08-31T19:58:33.757+00:00,0.197734,0.4340729380000994,sqs-worker-5986dcd897-jg68r,ip-192-168-20-201.ec2.internal,ffdfc6be526f3f3fd547a9cfc7584b75ed13e8bf96fee82b3f7ae59c170ef653,1,25.0,459.0
1,hpa-mmpp-404-bb0c145f,000222,145.320905,2026-08-31T19:58:37.347+00:00,2026-08-31T19:58:33.549+00:00,2026-08-31T19:58:33.553+00:00,2026-08-31T19:58:33.553+00:00,2026-08-31T19:58:34.266+00:00,2026-08-31T19:58:34.266+00:00,0.310821,0.7130068139995274,sqs-worker-5986dcd897-4kr5p,ip-192-168-20-201.ec2.internal,00f69b97a7183f4d40d824b9d81232238b2f33dd4fd3ceecdb611ee808cbd6f0,1,4.0,717.0
1,hpa-mmpp-404-bb0c145f,000224,146.101783,2026-08-31T19:58:38.128+00:00,2026-08-31T19:58:34.331+00:00,2026-08-31T19:58:34.335+00:00,2026-08-31T19:58:34.335+00:00,2026-08-31T19:58:34.365+00:00,2026-08-31T19:58:34.365+00:00,0.029596,0.029664521000086097,sqs-worker-5986dcd897-4kr5p,ip-192-168-20-201.ec2.internal,c943a4f7b795a119571d8185a265e39bcd91954114d8057621fb0917f2b11b48,1,4.0,34.0
1,hpa-mmpp-404-bb0c145f,000225,147.589255,2026-08-31T19:58:39.616+00:00,2026-08-31T19:58:35.816+00:00,2026-08-31T19:58:35.819+00:00,2026-08-31T19:58:35.819+00:00,2026-08-31T19:58:35.834+00:00,2026-08-31T19:58:35.834+00:00,0.014973,0.01502291500037245,sqs-worker-5986dcd897-x8rdl,ip-192-168-20-201.ec2.internal,9a8f66f72b6ea7256b1cd7b1a9a1e1fbf5b8f45ee46f3a397364a9fb3a8b3ba4,1,3.0,18.0
1,hpa-mmpp-404-bb0c145f,000226,152.649735,2026-08-31T19:58:44.676+00:00,2026-08-31T19:58:40.886+00:00,2026-08-31T19:58:40.889+00:00,2026-08-31T19:58:40.889+00:00,2026-08-31T19:58:40.973+00:00,2026-08-31T19:58:40.973+00:00,0.078155,0.08409515899984399,sqs-worker-5986dcd897-4kr5p,ip-192-168-20-201.ec2.internal,5e542702aaeb32c6e534b6fb32bcc46f145279a455860af5bde44b94ab466db5,1,3.0,87.0
1,hpa-mmpp-404-bb0c145f,000227,154.867661,2026-08-31T19:58:46.894+00:00,2026-08-31T19:58:43.100+00:00,2026-08-31T19:58:43.103+00:00,2026-08-31T19:58:43.103+00:00,2026-08-31T19:58:43.337+00:00,2026-08-31T19:58:43.337+00:00,0.114385,0.23360421300094458,sqs-worker-5986dcd897-jg68r,ip-192-168-20-201.ec2.internal,f0b30aed3c9d8ea7941b8704cf50a752a594a5c1498b4d2958515e55cc7d1ed5,1,3.0,237.0
1,hpa-mmpp-404-bb0c145f,000228,155.998694,2026-08-31T19:58:48.025+00:00,2026-08-31T19:58:44.272+00:00,2026-08-31T19:58:44.319+00:00,2026-08-31T19:58:44.319+00:00,2026-08-31T19:58:44.633+00:00,2026-08-31T19:58:44.633+00:00,0.139532,0.31322551000084786,sqs-worker-5986dcd897-tmq2t,ip-192-168-20-201.ec2.internal,c01a9bae46fda32060c7e779faeade860bbb05608e2e294af87124b384111953,1,47.0,361.0
1,hpa-mmpp-404-bb0c145f,000229,156.592923,2026-08-31T19:58:48.619+00:00,2026-08-31T19:58:44.820+00:00,2026-08-31T19:58:44.825+00:00,2026-08-31T19:58:44.825+00:00,2026-08-31T19:58:46.022+00:00,2026-08-31T19:58:46.022+00:00,0.489367,1.197847854000429,sqs-worker-5986dcd897-tmq2t,ip-192-168-20-201.ec2.internal,1b8106890b830375d9fc1cdf9a3e51d73673207d1942906ad1b0519cd4c3fd88,1,5.0,1202.0
1,hpa-mmpp-404-bb0c145f,000230,165.096283,2026-08-31T19:58:57.128+00:00,2026-08-31T19:58:53.328+00:00,2026-08-31T19:58:53.332+00:00,2026-08-31T19:58:53.332+00:00,2026-08-31T19:58:53.340+00:00,2026-08-31T19:58:53.340+00:00,0.007331,0.007368336999206804,sqs-worker-5986dcd897-x8rdl,ip-192-168-20-201.ec2.internal,21eb17e8f4bea75e8d0d18a1b02b702db8cb5435fbbe2aa88d912f5e4170ffb1,1,4.0,12.0
1,hpa-mmpp-404-bb0c145f,000231,165.131815,2026-08-31T19:58:57.155+00:00,2026-08-31T19:58:53.354+00:00,2026-08-31T19:58:53.357+00:00,2026-08-31T19:58:53.357+00:00,2026-08-31T19:58:53.368+00:00,2026-08-31T19:58:53.368+00:00,0.010641,0.010679940998670645,sqs-worker-5986dcd897-4kr5p,ip-192-168-20-201.ec2.internal,6fb7eaa742abddf466f4cac3aa7e97d98b57522b73f0c8988b2e4ce6b29e73ae,1,3.0,14.0
1,hpa-mmpp-404-bb0c145f,000234,167.463087,2026-08-31T19:58:59.487+00:00,2026-08-31T19:58:55.686+00:00,2026-08-31T19:58:55.696+00:00,2026-08-31T19:58:55.696+00:00,2026-08-31T19:58:56.026+00:00,2026-08-31T19:58:56.026+00:00,0.152182,0.32947866700123996,sqs-worker-5986dcd897-tmq2t,ip-192-168-20-201.ec2.internal,d292b1990364a0e4900ce1fef126605999227e7cb175ee01f6424cef0660754f,1,10.0,340.0
1,hpa-mmpp-404-bb0c145f,000233,167.295418,2026-08-31T19:58:59.319+00:00,2026-08-31T19:58:55.517+00:00,2026-08-31T19:58:55.522+00:00,2026-08-31T19:58:55.522+00:00,2026-08-31T19:58:56.401+00:00,2026-08-31T19:58:56.401+00:00,0.378329,0.8795177240008343,sqs-worker-5986dcd897-x8rdl,ip-192-168-20-201.ec2.internal,215b0a345f567694f6f37c97b3d6e991692e8277abff3074552c22d7b111f11a,1,5.0,884.0
1,hpa-mmpp-404-bb0c145f,000232,167.223627,2026-08-31T19:58:59.248+00:00,2026-08-31T19:58:55.446+00:00,2026-08-31T19:58:55.450+00:00,2026-08-31T19:58:55.450+00:00,2026-08-31T19:58:56.381+00:00,2026-08-31T19:58:56.381+00:00,0.39179,0.930796904998715,sqs-worker-5986dcd897-jg68r,ip-192-168-20-201.ec2.internal,45220ea458db9a07a3fcf2f11d1f56ed6fce718be9c59b5a348dd8dcc8dc45eb,1,4.0,935.0
1,hpa-mmpp-404-bb0c145f,000237,167.937352,2026-08-31T19:58:59.961+00:00,2026-08-31T19:58:56.165+00:00,2026-08-31T19:58:56.169+00:00,2026-08-31T19:58:56.169+00:00,2026-08-31T19:58:56.254+00:00,2026-08-31T19:58:56.254+00:00,0.059219,0.08568433199980063,sqs-worker-5986dcd897-4kr5p,ip-192-168-20-201.ec2.internal,80567e9ca51b71d60e1e8256a00ea88bc33a36868c45ab69a78cb5f33f5e867b,1,4.0,89.0
1,hpa-mmpp-404-bb0c145f,000235,167.821034,2026-08-31T19:58:59.845+00:00,2026-08-31T19:58:56.044+00:00,2026-08-31T19:58:56.048+00:00,2026-08-31T19:58:56.048+00:00,2026-08-31T19:58:56.072+00:00,2026-08-31T19:58:56.072+00:00,0.023981,0.024021335999350413,sqs-worker-5986dcd897-4kr5p,ip-192-168-20-201.ec2.internal,987527db2f107190a56c6fdaf32db8eaea28ac2b0c9d303be09f3f9e51eb381a,1,4.0,28.0
1,hpa-mmpp-404-bb0c145f,000239,168.685099,2026-08-31T19:59:00.708+00:00,2026-08-31T19:58:56.906+00:00,2026-08-31T19:58:56.910+00:00,2026-08-31T19:58:56.910+00:00,2026-08-31T19:58:57.340+00:00,2026-08-31T19:58:57.340+00:00,0.188512,0.4308635350007535,sqs-worker-5986dcd897-jg68r,ip-192-168-20-201.ec2.internal,e674294a8b1c69a50ba94d21184038a21653832eceabac1c3c111d448d7c6d22,1,4.0,434.0
1,hpa-mmpp-404-bb0c145f,000240,168.887526,2026-08-31T19:59:00.911+00:00,2026-08-31T19:58:57.113+00:00,2026-08-31T19:58:57.119+00:00,2026-08-31T19:58:57.119+00:00,2026-08-31T19:58:57.240+00:00,2026-08-31T19:58:57.240+00:00,0.062358,0.12091768899881572,sqs-worker-5986dcd897-4kr5p,ip-192-168-20-201.ec2.internal,f915a810173adcc7a302d4dd18278882aeacf66c2365895cba68e9164530a6a9,1,6.0,127.0
1,hpa-mmpp-404-bb0c145f,000236,167.890835,2026-08-31T19:58:59.914+00:00,2026-08-31T19:58:56.114+00:00,2026-08-31T19:58:56.118+00:00,2026-08-31T19:58:56.118+00:00,2026-08-31T19:58:56.331+00:00,2026-08-31T19:58:56.331+00:00,0.094979,0.21296738300043216,sqs-worker-5986dcd897-tmq2t,ip-192-168-20-201.ec2.internal,d7a85a09d219170366df04ad777afcd057e8b77c4a9cb5845db452c937183d8e,1,4.0,217.0
1,hpa-mmpp-404-bb0c145f,000238,168.676234,2026-08-31T19:59:00.701+00:00,2026-08-31T19:58:56.899+00:00,2026-08-31T19:58:56.903+00:00,2026-08-31T19:58:56.903+00:00,2026-08-31T19:58:57.085+00:00,2026-08-31T19:58:57.085+00:00,0.082236,0.18226527600018017,sqs-worker-5986dcd897-x8rdl,ip-192-168-20-201.ec2.internal,844b124189b6e336fb371b54f563bda2469114e253342bbc18e063b2f1d7f748,1,4.0,186.0
1,hpa-mmpp-404-bb0c145f,000241,169.363648,2026-08-31T19:59:01.388+00:00,2026-08-31T19:58:57.588+00:00,2026-08-31T19:58:57.592+00:00,2026-08-31T19:58:57.592+00:00,2026-08-31T19:58:58.264+00:00,2026-08-31T19:58:58.264+00:00,0.288212,0.6722326899998734,sqs-worker-5986dcd897-jg68r,ip-192-168-20-201.ec2.internal,77c1b525a87b7fbbd0e14c23f3dc9d395b1bc754ddf74b3ab9a48f711fd5a5f5,1,4.0,676.0
1,hpa-mmpp-404-bb0c145f,000244,169.731405,2026-08-31T19:59:01.755+00:00,2026-08-31T19:58:57.958+00:00,2026-08-31T19:58:57.963+00:00,2026-08-31T19:58:57.963+00:00,2026-08-31T19:58:58.097+00:00,2026-08-31T19:58:58.097+00:00,0.067829,0.13484429600066505,sqs-worker-5986dcd897-x8rdl,ip-192-168-20-201.ec2.internal,4f80826755d74cba0c95e2fc2a8b771b6f41082b6a90620ec02951b34dd8bc5e,1,5.0,139.0
1,hpa-mmpp-404-bb0c145f,000245,169.757969,2026-08-31T19:59:01.781+00:00,2026-08-31T19:58:57.979+00:00,2026-08-31T19:58:57.995+00:00,2026-08-31T19:58:57.996+00:00,2026-08-31T19:58:58.163+00:00,2026-08-31T19:58:58.163+00:00,0.079137,0.16737754300083907,sqs-worker-5986dcd897-4kr5p,ip-192-168-20-201.ec2.internal,145928b87db7dfcf91a0bc64ae5c2317d8bb24b1c14a793d1ffbcc17ea079a7a,1,16.0,184.0
1,hpa-mmpp-404-bb0c145f,000246,170.230913,2026-08-31T19:59:02.255+00:00,2026-08-31T19:58:58.456+00:00,2026-08-31T19:58:58.460+00:00,2026-08-31T19:58:58.460+00:00,2026-08-31T19:58:58.693+00:00,2026-08-31T19:58:58.693+00:00,0.11428,0.23299055700044846,sqs-worker-5986dcd897-x8rdl,ip-192-168-20-201.ec2.internal,d2f96317847726085bebc3617d1a01cacc99ae6225d9b47fca97714f9b5f82a7,1,4.0,237.0
1,hpa-mmpp-404-bb0c145f,000243,169.707537,2026-08-31T19:59:01.731+00:00,2026-08-31T19:58:57.935+00:00,2026-08-31T19:58:57.939+00:00,2026-08-31T19:58:57.939+00:00,2026-08-31T19:58:58.831+00:00,2026-08-31T19:58:58.831+00:00,0.383189,0.891897841998798,sqs-worker-5986dcd897-tmq2t,ip-192-168-20-201.ec2.internal,070db2183d69d52a2836e2eb97af8eae8feeecd75bdfd89ed8f4f9048ee9c8b2,1,4.0,896.0
1,hpa-mmpp-404-bb0c145f,000249,170.719828,2026-08-31T19:59:02.743+00:00,2026-08-31T19:58:58.941+00:00,2026-08-31T19:58:58.945+00:00,2026-08-31T19:58:58.945+00:00,2026-08-31T19:58:59.257+00:00,2026-08-31T19:58:59.257+00:00,0.120922,0.3117460209996352,sqs-worker-5986dcd897-jg68r,ip-192-168-20-201.ec2.internal,658e3eb0b450e4d18f5eeccceb24def76a34ceacbccbc10a3f1e08b34a8ba557,1,4.0,316.0
1,hpa-mmpp-404-bb0c145f,000242,169.468098,2026-08-31T19:59:01.492+00:00,2026-08-31T19:58:57.693+00:00,2026-08-31T19:58:57.716+00:00,2026-08-31T19:58:57.716+00:00,2026-08-31T19:58:57.959+00:00,2026-08-31T19:58:57.959+00:00,0.11856,0.24288398200042138,sqs-worker-5986dcd897-4kr5p,ip-192-168-20-201.ec2.internal,bc4ec29de03f298b1d134046402c4bc2a38b93e6d58b59b52692c5bd5055fc2f,1,23.0,266.0
1,hpa-mmpp-404-bb0c145f,000248,170.626487,2026-08-31T19:59:02.650+00:00,2026-08-31T19:58:58.848+00:00,2026-08-31T19:58:58.851+00:00,2026-08-31T19:58:58.851+00:00,2026-08-31T19:58:58.895+00:00,2026-08-31T19:58:58.895+00:00,0.036558,0.04351746199972695,sqs-worker-5986dcd897-x8rdl,ip-192-168-20-201.ec2.internal,820b91929688a0a03503440c37025c937dce7d682990aab0902f9ca200334d91,1,3.0,47.0
1,hpa-mmpp-404-bb0c145f,000250,171.141158,2026-08-31T19:59:03.165+00:00,2026-08-31T19:58:59.367+00:00,2026-08-31T19:58:59.377+00:00,2026-08-31T19:58:59.377+00:00,2026-08-31T19:59:00.484+00:00,2026-08-31T19:59:00.484+00:00,0.194273,1.1076446160004707,sqs-worker-5986dcd897-tmq2t,ip-192-168-20-201.ec2.internal,7fff9dbc9fe557d4fb6a8d1dc9ca752405fee992df4407efd7af8d9f9632deac,1,10.0,1117.0
1,hpa-mmpp-404-bb0c145f,000251,171.315725,2026-08-31T19:59:03.339+00:00,2026-08-31T19:58:59.537+00:00,2026-08-31T19:58:59.540+00:00,2026-08-31T19:58:59.540+00:00,2026-08-31T19:59:00.422+00:00,2026-08-31T19:59:00.422+00:00,0.232914,0.8821027009998943,sqs-worker-5986dcd897-x8rdl,ip-192-168-20-201.ec2.internal,c475e5661a3606c0add0ab5421dd72b2759a0d2fd2425b95a873bb5dffe73472,1,3.0,885.0
1,hpa-mmpp-404-bb0c145f,000247,170.465172,2026-08-31T19:59:02.489+00:00,2026-08-31T19:58:59.212+00:00,2026-08-31T19:58:59.236+00:00,2026-08-31T19:58:59.236+00:00,2026-08-31T19:59:00.646+00:00,2026-08-31T19:59:00.646+00:00,0.279953,1.4096709140012535,sqs-worker-5986dcd897-4kr5p,ip-192-168-20-201.ec2.internal,2c221641f003a8a4133d84c5db52d2d1c27a20a29fdad2dd257b7eaa2ed1e344,1,24.0,1434.0
1,hpa-mmpp-404-bb0c145f,000256,172.210322,2026-08-31T19:59:04.234+00:00,2026-08-31T19:59:00.431+00:00,2026-08-31T19:59:00.736+00:00,2026-08-31T19:59:00.736+00:00,2026-08-31T19:59:01.142+00:00,2026-08-31T19:59:01.142+00:00,0.080556,0.406590636999681,sqs-worker-5986dcd897-4kr5p,ip-192-168-20-201.ec2.internal,b6e8bf1e1b0c3bfda22cc227546a0a711241657867db0a1a4891af772b568830,1,305.0,711.0
1,hpa-mmpp-404-bb0c145f,000257,172.799646,2026-08-31T19:59:04.824+00:00,2026-08-31T19:59:01.021+00:00,2026-08-31T19:59:01.657+00:00,2026-08-31T19:59:01.657+00:00,2026-08-31T19:59:01.662+00:00,2026-08-31T19:59:01.662+00:00,0.005,0.005069309001555666,sqs-worker-5986dcd897-jg68r,ip-192-168-20-201.ec2.internal,4c9fd9ded0c1fcee670304e7a05ddc368e3f3f496a3fd8a2dcc5909f3441f792,1,636.0,641.0
1,hpa-mmpp-404-bb0c145f,000254,171.889024,2026-08-31T19:59:03.912+00:00,2026-08-31T19:59:00.109+00:00,2026-08-31T19:59:00.644+00:00,2026-08-31T19:59:00.644+00:00,2026-08-31T19:59:01.807+00:00,2026-08-31T19:59:01.807+00:00,0.291344,1.1635212580004008,sqs-worker-5986dcd897-tmq2t,ip-192-168-20-201.ec2.internal,c751915c53e2d0319eef8e2513c45d06140675de7226e3e37080ded506c9339b,1,535.0,1698.0
1,hpa-mmpp-404-bb0c145f,000253,171.81741,2026-08-31T19:59:03.841+00:00,2026-08-31T19:59:00.040+00:00,2026-08-31T19:59:00.503+00:00,2026-08-31T19:59:00.503+00:00,2026-08-31T19:59:02.100+00:00,2026-08-31T19:59:02.100+00:00,0.291933,1.597197328999755,sqs-worker-5986dcd897-x8rdl,ip-192-168-20-201.ec2.internal,798e4006cc404fcb3ff153fdfcd33afd758574aa2c4506700eaa4b12f18e961b,1,463.0,2060.0
1,hpa-mmpp-404-bb0c145f,000259,173.416046,2026-08-31T19:59:05.440+00:00,2026-08-31T19:59:01.643+00:00,2026-08-31T19:59:01.856+00:00,2026-08-31T19:59:01.856+00:00,2026-08-31T19:59:02.114+00:00,2026-08-31T19:59:02.114+00:00,0.122965,0.25740231499912625,sqs-worker-5986dcd897-tmq2t,ip-192-168-20-201.ec2.internal,e77ab7c3d2f7e147b51a0d7545bb171b8198b16a86b70dfa7b7e0245b8ed2ecb,1,213.0,471.0
1,hpa-mmpp-404-bb0c145f,000252,171.462107,2026-08-31T19:59:03.486+00:00,2026-08-31T19:58:59.684+00:00,2026-08-31T19:58:59.697+00:00,2026-08-31T19:58:59.697+00:00,2026-08-31T19:59:01.557+00:00,2026-08-31T19:59:01.557+00:00,0.361879,1.8604916900003445,sqs-worker-5986dcd897-jg68r,ip-192-168-20-201.ec2.internal,f5421a3c8d8566d1c238f694f817769386044295e9bd07498ce5ef5b135df20a,1,13.0,1873.0
1,hpa-mmpp-404-bb0c145f,000258,173.387771,2026-08-31T19:59:05.412+00:00,2026-08-31T19:59:01.630+00:00,2026-08-31T19:59:01.727+00:00,2026-08-31T19:59:01.727+00:00,2026-08-31T19:59:01.817+00:00,2026-08-31T19:59:01.817+00:00,0.017686,0.09091247899959853,sqs-worker-5986dcd897-jg68r,ip-192-168-20-201.ec2.internal,2ea6a72065867d28fb9b161fb9b5506f4cebd83669c0afbea6cf0c4af2959b42,1,97.0,187.0
1,hpa-mmpp-404-bb0c145f,000255,172.136286,2026-08-31T19:59:04.160+00:00,2026-08-31T19:59:00.357+00:00,2026-08-31T19:59:01.233+00:00,2026-08-31T19:59:01.233+00:00,2026-08-31T19:59:02.156+00:00,2026-08-31T19:59:02.156+00:00,0.278978,0.9221983610004827,sqs-worker-5986dcd897-4kr5p,ip-192-168-20-201.ec2.internal,8a8ae2ba3dabe8c2e672fd5815f9a2582fedf1ae9bd43b2eb286173dea732e09,1,876.0,1799.0
1,hpa-mmpp-404-bb0c145f,000260,173.575845,2026-08-31T19:59:05.599+00:00,2026-08-31T19:59:01.807+00:00,2026-08-31T19:59:01.873+00:00,2026-08-31T19:59:01.873+00:00,2026-08-31T19:59:03.269+00:00,2026-08-31T19:59:03.269+00:00,0.568185,1.3962753169998905,sqs-worker-5986dcd897-jg68r,ip-192-168-20-201.ec2.internal,2760cc4ce15a2fadd56df0cafaeac6f2328f52ffeb1f523a9bac9f7b4e4cf4f1,1,66.0,1462.0
1,hpa-mmpp-404-bb0c145f,000268,174.663954,2026-08-31T19:59:06.688+00:00,2026-08-31T19:59:02.897+00:00,2026-08-31T19:59:03.413+00:00,2026-08-31T19:59:03.413+00:00,2026-08-31T19:59:03.523+00:00,2026-08-31T19:59:03.523+00:00,0.059664,0.1105181620005169,sqs-worker-5986dcd897-x8rdl,ip-192-168-20-201.ec2.internal,b89ddef55e81ea69775dd7bc9bf9fa76a83c41015855056fa67c30207f291728,1,516.0,626.0
1,hpa-mmpp-404-bb0c145f,000264,173.898533,2026-08-31T19:59:05.922+00:00,2026-08-31T19:59:02.129+00:00,2026-08-31T19:59:02.204+00:00,2026-08-31T19:59:02.204+00:00,2026-08-31T19:59:03.398+00:00,2026-08-31T19:59:03.398+00:00,0.335087,1.1945659659995727,sqs-worker-5986dcd897-x8rdl,ip-192-168-20-201.ec2.internal,778c3a8be4e921a10b64d48705a4025bbf39bbe9138a9dd403c8c016cf3fdc73,1,75.0,1269.0
1,hpa-mmpp-404-bb0c145f,000269,175.777759,2026-08-31T19:59:07.802+00:00,2026-08-31T19:59:03.999+00:00,2026-08-31T19:59:04.186+00:00,2026-08-31T19:59:04.186+00:00,2026-08-31T19:59:04.193+00:00,2026-08-31T19:59:04.193+00:00,0.006631,0.006672967998383683,sqs-worker-5986dcd897-jg68r,ip-192-168-20-201.ec2.internal,23336c578d6e1647f4bbce025cfce256a6aadda19fdbb112a6512ff0d488ffc6,1,187.0,194.0
1,hpa-mmpp-404-bb0c145f,000263,173.871564,2026-08-31T19:59:05.895+00:00,2026-08-31T19:59:02.099+00:00,2026-08-31T19:59:02.180+00:00,2026-08-31T19:59:02.180+00:00,2026-08-31T19:59:04.037+00:00,2026-08-31T19:59:04.037+00:00,0.737984,1.8570372029989812,sqs-worker-5986dcd897-4kr5p,ip-192-168-20-201.ec2.internal,9fd4ad1625ed00091259e7035759e41406d39ad2cd8ff64d198456292ef285ce,1,81.0,1938.0
1,hpa-mmpp-404-bb0c145f,000262,173.81194,2026-08-31T19:59:05.835+00:00,2026-08-31T19:59:02.036+00:00,2026-08-31T19:59:02.132+00:00,2026-08-31T19:59:02.132+00:00,2026-08-31T19:59:04.584+00:00,2026-08-31T19:59:04.584+00:00,0.976332,2.452290224000535,sqs-worker-5986dcd897-tmq2t,ip-192-168-20-201.ec2.internal,c8439f66d06da083f7c0678760a0f9cd5d730f49946a3e924be7e78d4fb5feaf,1,96.0,2548.0
1,hpa-mmpp-404-bb0c145f,000272,176.363156,2026-08-31T19:59:08.387+00:00,2026-08-31T19:59:04.583+00:00,2026-08-31T19:59:05.144+00:00,2026-08-31T19:59:05.144+00:00,2026-08-31T19:59:05.188+00:00,2026-08-31T19:59:05.188+00:00,0.034042,0.04341096200005268,sqs-worker-5986dcd897-4kr5p,ip-192-168-20-201.ec2.internal,6f44c4aec0ae17642ab608d935c06797903b4fdd0d170de18c82f7740f4b1615,1,561.0,605.0
1,hpa-mmpp-404-bb0c145f,000267,174.456196,2026-08-31T19:59:06.480+00:00,2026-08-31T19:59:02.679+00:00,2026-08-31T19:59:03.644+00:00,2026-08-31T19:59:03.644+00:00,2026-08-31T19:59:04.881+00:00,2026-08-31T19:59:04.881+00:00,0.515399,1.236097951001284,sqs-worker-5986dcd897-x8rdl,ip-192-168-20-201.ec2.internal,13b08b9cbf29fe93986e6aa3932cdcfe4710c17dfefb43105056a83ca5f2157c,1,965.0,2202.0
1,hpa-mmpp-404-bb0c145f,000274,176.5892,2026-08-31T19:59:08.613+00:00,2026-08-31T19:59:04.811+00:00,2026-08-31T19:59:05.234+00:00,2026-08-31T19:59:05.234+00:00,2026-08-31T19:59:05.647+00:00,2026-08-31T19:59:05.647+00:00,0.172071,0.413092296999821,sqs-worker-5986dcd897-4kr5p,ip-192-168-20-201.ec2.internal,e3a086b7dd060c1e53e2a8cfd186e01e6029fd41f5ee3fc8bf1735b1b0052311,1,423.0,836.0
1,hpa-mmpp-404-bb0c145f,000275,176.636071,2026-08-31T19:59:08.660+00:00,2026-08-31T19:59:04.857+00:00,2026-08-31T19:59:05.601+00:00,2026-08-31T19:59:05.601+00:00,2026-08-31T19:59:06.001+00:00,2026-08-31T19:59:06.002+00:00,0.170041,0.4008468729989545,sqs-worker-5986dcd897-tmq2t,ip-192-168-20-201.ec2.internal,5e4cd766436e031d9a04caf118576c834d8578d325b21494379cd149e5b53d02,1,744.0,1144.0
1,hpa-mmpp-404-bb0c145f,000279,177.520328,2026-08-31T19:59:09.544+00:00,2026-08-31T19:59:05.741+00:00,2026-08-31T19:59:06.022+00:00,2026-08-31T19:59:06.022+00:00,2026-08-31T19:59:06.027+00:00,2026-08-31T19:59:06.027+00:00,0.005,0.0050538460000097984,sqs-worker-5986dcd897-tmq2t,ip-192-168-20-201.ec2.internal,4ec9fc13de8f97fda58d8f198278e2752e89faf0a7e9b83adf5945df2b7f520e,1,281.0,286.0
1,hpa-mmpp-404-bb0c145f,000278,177.069845,2026-08-31T19:59:09.093+00:00,2026-08-31T19:59:05.290+00:00,2026-08-31T19:59:06.055+00:00,2026-08-31T19:59:06.055+00:00,2026-08-31T19:59:06.420+00:00,2026-08-31T19:59:06.420+00:00,0.15178,0.3647897170012584,sqs-worker-5986dcd897-tmq2t,ip-192-168-20-201.ec2.internal,d8552b96d7781a2a0dd38842c5c4f8ca781b449c3269c3b46d659dfbef2882ad,1,765.0,1130.0
1,hpa-mmpp-404-bb0c145f,000265,173.94125,2026-08-31T19:59:05.965+00:00,2026-08-31T19:59:02.690+00:00,2026-08-31T19:59:03.300+00:00,2026-08-31T19:59:03.300+00:00,2026-08-31T19:59:04.155+00:00,2026-08-31T19:59:04.155+00:00,0.342695,0.854917292999744,sqs-worker-5986dcd897-jg68r,ip-192-168-20-201.ec2.internal,19b751624ab51d91e306b4c4d4e846fbeabfe3cfeb032a94ebd47ea0d89f382d,1,610.0,1465.0
1,hpa-mmpp-404-bb0c145f,000273,176.533763,2026-08-31T19:59:08.557+00:00,2026-08-31T19:59:04.758+00:00,2026-08-31T19:59:05.811+00:00,2026-08-31T19:59:05.811+00:00,2026-08-31T19:59:06.799+00:00,2026-08-31T19:59:06.799+00:00,0.399046,0.9880750240008638,sqs-worker-5986dcd897-x8rdl,ip-192-168-20-201.ec2.internal,7771ce9387b1cc51181d749724dcdcae09424a37439920413b90151f9e0c501a,1,1053.0,2041.0
1,hpa-mmpp-404-bb0c145f,000276,176.770402,2026-08-31T19:59:08.794+00:00,2026-08-31T19:59:04.993+00:00,2026-08-31T19:59:05.138+00:00,2026-08-31T19:59:05.138+00:00,2026-08-31T19:59:05.586+00:00,2026-08-31T19:59:05.586+00:00,0.171492,0.4477081819986779,sqs-worker-5986dcd897-tmq2t,ip-192-168-20-201.ec2.internal,a7e506086c5c258dbbe921134ddefea9fcf23d43e7b5dd600881270aae73c453,1,145.0,593.0
1,hpa-mmpp-404-bb0c145f,000282,179.033251,2026-08-31T19:59:11.059+00:00,2026-08-31T19:59:07.255+00:00,2026-08-31T19:59:07.259+00:00,2026-08-31T19:59:07.259+00:00,2026-08-31T19:59:07.561+00:00,2026-08-31T19:59:07.561+00:00,0.12642,0.30245220700089703,sqs-worker-5986dcd897-jg68r,ip-192-168-20-201.ec2.internal,ec94c62f1517516d8857487442a76de96354132724fd777ccc38522b8e073549,1,4.0,306.0
1,hpa-mmpp-404-bb0c145f,000277,176.924303,2026-08-31T19:59:08.948+00:00,2026-08-31T19:59:05.145+00:00,2026-08-31T19:59:05.664+00:00,2026-08-31T19:59:05.664+00:00,2026-08-31T19:59:06.268+00:00,2026-08-31T19:59:06.268+00:00,0.256216,0.6036653029987065,sqs-worker-5986dcd897-4kr5p,ip-192-168-20-201.ec2.internal,4144521593236ca42c59cb824c518ae5a3e623e6a6e03db3374a167373ec33d8,1,519.0,1123.0
1,hpa-mmpp-404-bb0c145f,000270,175.87508,2026-08-31T19:59:07.899+00:00,2026-08-31T19:59:04.096+00:00,2026-08-31T19:59:04.211+00:00,2026-08-31T19:59:04.211+00:00,2026-08-31T19:59:06.628+00:00,2026-08-31T19:59:06.628+00:00,0.968883,2.417235073999109,sqs-worker-5986dcd897-jg68r,ip-192-168-20-201.ec2.internal,68716cec47a8f19c8fd490766bc4e37c4e5f3f1913ec12c862201ad5af97e453,1,115.0,2532.0
1,hpa-mmpp-404-bb0c145f,000261,173.804936,2026-08-31T19:59:05.829+00:00,2026-08-31T19:59:02.034+00:00,2026-08-31T19:59:04.060+00:00,2026-08-31T19:59:04.060+00:00,2026-08-31T19:59:05.087+00:00,2026-08-31T19:59:05.087+00:00,0.429455,1.0267396809995262,sqs-worker-5986dcd897-4kr5p,ip-192-168-20-201.ec2.internal,cd443af9628eb1854d56097db346db16f114bce12dd1bf85d85ab71016f2bac0,1,2025.9999999999998,3053.0
1,hpa-mmpp-404-bb0c145f,000271,176.256777,2026-08-31T19:59:08.281+00:00,2026-08-31T19:59:04.477+00:00,2026-08-31T19:59:04.601+00:00,2026-08-31T19:59:04.601+00:00,2026-08-31T19:59:05.124+00:00,2026-08-31T19:59:05.124+00:00,0.219003,0.522502240999529,sqs-worker-5986dcd897-tmq2t,ip-192-168-20-201.ec2.internal,7b416a1b314325ebc111f486eead49d2f75b544405cdce838227e9a2848e68c8,1,124.0,647.0
1,hpa-mmpp-404-bb0c145f,000281,177.670467,2026-08-31T19:59:09.694+00:00,2026-08-31T19:59:05.891+00:00,2026-08-31T19:59:06.440+00:00,2026-08-31T19:59:06.440+00:00,2026-08-31T19:59:07.226+00:00,2026-08-31T19:59:07.226+00:00,0.320812,0.7862671739985672,sqs-worker-5986dcd897-tmq2t,ip-192-168-20-201.ec2.internal,4e4a4031b1cb5137db1ca6231cf25d46e6b98789741f7eed1b0d91f11cdd0af2,1,549.0,1335.0
1,hpa-mmpp-404-bb0c145f,000266,174.285784,2026-08-31T19:59:06.310+00:00,2026-08-31T19:59:02.508+00:00,2026-08-31T19:59:04.905+00:00,2026-08-31T19:59:04.905+00:00,2026-08-31T19:59:05.796+00:00,2026-08-31T19:59:05.796+00:00,0.369649,0.8909583960012242,sqs-worker-5986dcd897-x8rdl,ip-192-168-20-201.ec2.internal,dcf8bf4713ca6b4e686468be648d75f9565581d49bad35a14f6bd263da11f57d,1,2397.0,3288.0
1,hpa-mmpp-404-bb0c145f,000280,177.651591,2026-08-31T19:59:09.675+00:00,2026-08-31T19:59:05.878+00:00,2026-08-31T19:59:06.301+00:00,2026-08-31T19:59:06.301+00:00,2026-08-31T19:59:06.553+00:00,2026-08-31T19:59:06.553+00:00,0.099511,0.2514698209997732,sqs-worker-5986dcd897-4kr5p,ip-192-168-20-201.ec2.internal,53a57fd515684870ed16ffe322fa2aa4235a86dfd65b09a3a6e6feabe57a9140,1,423.0,675.0
