schema_version,experiment_id,job_id,trace_offset_s,producer_sent_at,sqs_sent_at,worker_received_at,processing_started_at,processing_finished_at,result_sent_at,service_cpu_seconds,processing_wall_seconds,pod_name,node_name,digest,receive_count,queue_wait_ms,end_to_end_ms
1,keda-mmpp-606-d4d333de,000000,0.845718,2026-08-31T20:45:25.939+00:00,2026-08-31T20:45:22.077+00:00,2026-08-31T20:45:22.083+00:00,2026-08-31T20:45:22.084+00:00,2026-08-31T20:45:22.904+00:00,2026-08-31T20:45:22.904+00:00,0.340711,0.8200642709998647,sqs-worker-5986dcd897-x8rdl,ip-192-168-20-201.ec2.internal,de4d47766c76ad83bd3d33b6baaaab72297472f86909736ea9bda378c9de9d97,1,6.0,827.0
1,keda-mmpp-606-d4d333de,000001,3.01053,2026-08-31T20:45:28.104+00:00,2026-08-31T20:45:24.244+00:00,2026-08-31T20:45:24.252+00:00,2026-08-31T20:45:24.252+00:00,2026-08-31T20:45:24.408+00:00,2026-08-31T20:45:24.408+00:00,0.099442,0.15666034999958356,sqs-worker-5986dcd897-x8rdl,ip-192-168-20-201.ec2.internal,6449e608541030e396d211c5cc1c348b7206a1900480a577782bb13566e2bf70,1,8.0,164.0
1,keda-mmpp-606-d4d333de,000002,4.697235,2026-08-31T20:45:29.790+00:00,2026-08-31T20:45:25.926+00:00,2026-08-31T20:45:25.930+00:00,2026-08-31T20:45:25.930+00:00,2026-08-31T20:45:27.203+00:00,2026-08-31T20:45:27.203+00:00,0.540619,1.273484642000767,sqs-worker-5986dcd897-x8rdl,ip-192-168-20-201.ec2.internal,e3d57d7933730274b1d8bb0cf1ffa806be229940a362540afd8081d2d23c78ae,1,4.0,1277.0
1,keda-mmpp-606-d4d333de,000004,5.368993,2026-08-31T20:45:30.461+00:00,2026-08-31T20:45:27.149+00:00,2026-08-31T20:45:27.223+00:00,2026-08-31T20:45:27.223+00:00,2026-08-31T20:45:27.511+00:00,2026-08-31T20:45:27.511+00:00,0.123534,0.2883013270002266,sqs-worker-5986dcd897-x8rdl,ip-192-168-20-201.ec2.internal,7f3d1410f2d8f948c508029e34c3689032f128a6adb74f24fd04e2bc72152883,1,74.0,362.0
1,keda-mmpp-606-d4d333de,000003,5.327103,2026-08-31T20:45:30.419+00:00,2026-08-31T20:45:26.553+00:00,2026-08-31T20:45:27.552+00:00,2026-08-31T20:45:27.552+00:00,2026-08-31T20:45:28.318+00:00,2026-08-31T20:45:28.319+00:00,0.32351,0.7661178930011374,sqs-worker-5986dcd897-x8rdl,ip-192-168-20-201.ec2.internal,1cd115305f4a2f1a21284322f25f3deff6b1f11f0098514acba1125fd49b8b55,1,999.0,1765.0
1,keda-mmpp-606-d4d333de,000005,10.17832,2026-08-31T20:45:35.273+00:00,2026-08-31T20:45:31.410+00:00,2026-08-31T20:45:31.419+00:00,2026-08-31T20:45:31.419+00:00,2026-08-31T20:45:32.602+00:00,2026-08-31T20:45:32.602+00:00,0.498993,1.1829905600006896,sqs-worker-5986dcd897-x8rdl,ip-192-168-20-201.ec2.internal,a1fe6459fffb18e192ddbed3313659ba680374d112a4c1b4f636fe9369229c35,1,9.0,1192.0
1,keda-mmpp-606-d4d333de,000007,10.660581,2026-08-31T20:45:35.752+00:00,2026-08-31T20:45:31.895+00:00,2026-08-31T20:45:32.624+00:00,2026-08-31T20:45:32.624+00:00,2026-08-31T20:45:32.893+00:00,2026-08-31T20:45:32.893+00:00,0.106829,0.2687295180003275,sqs-worker-5986dcd897-x8rdl,ip-192-168-20-201.ec2.internal,1b7ae6cdb7581d44bbbed5fdb71537edb5443c14042df077e6672f799acc68cb,1,729.0,998.0
1,keda-mmpp-606-d4d333de,000009,11.417557,2026-08-31T20:45:36.509+00:00,2026-08-31T20:45:32.651+00:00,2026-08-31T20:45:32.920+00:00,2026-08-31T20:45:32.920+00:00,2026-08-31T20:45:32.925+00:00,2026-08-31T20:45:32.925+00:00,0.005,0.005034248999436386,sqs-worker-5986dcd897-x8rdl,ip-192-168-20-201.ec2.internal,aa535a1a1a855ab237aa875cb266697118c6c330098415764136c91feaaa4da1,1,269.0,274.0
1,keda-mmpp-606-d4d333de,000008,11.16818,2026-08-31T20:45:36.260+00:00,2026-08-31T20:45:32.398+00:00,2026-08-31T20:45:32.952+00:00,2026-08-31T20:45:32.952+00:00,2026-08-31T20:45:33.899+00:00,2026-08-31T20:45:33.899+00:00,0.393768,0.946385523000572,sqs-worker-5986dcd897-x8rdl,ip-192-168-20-201.ec2.internal,2ea08495eb07bdfa8269e9b0f48a47ca1d33afd6d2bdff1a184a9e15aefadd5e,1,554.0,1501.0
1,keda-mmpp-606-d4d333de,000010,11.671129,2026-08-31T20:45:36.763+00:00,2026-08-31T20:45:32.898+00:00,2026-08-31T20:45:34.024+00:00,2026-08-31T20:45:34.024+00:00,2026-08-31T20:45:34.301+00:00,2026-08-31T20:45:34.301+00:00,0.109147,0.277656903001116,sqs-worker-5986dcd897-x8rdl,ip-192-168-20-201.ec2.internal,643acf7ae6e4b09d1d83a001631b5b823d1828be2ff3dff048f615c6d30d2f54,1,1126.0,1403.0
1,keda-mmpp-606-d4d333de,000011,11.724789,2026-08-31T20:45:36.816+00:00,2026-08-31T20:45:33.492+00:00,2026-08-31T20:45:33.915+00:00,2026-08-31T20:45:33.915+00:00,2026-08-31T20:45:34.008+00:00,2026-08-31T20:45:34.008+00:00,0.044046,0.09251576799942995,sqs-worker-5986dcd897-x8rdl,ip-192-168-20-201.ec2.internal,613907ccda05802791364ed79a751ecd6753576794fc3122f2d6f73f22e28095,1,423.0,516.0
1,keda-mmpp-606-d4d333de,000013,12.231674,2026-08-31T20:45:37.323+00:00,2026-08-31T20:45:33.498+00:00,2026-08-31T20:45:34.316+00:00,2026-08-31T20:45:34.316+00:00,2026-08-31T20:45:34.413+00:00,2026-08-31T20:45:34.413+00:00,0.047313,0.09678630700000213,sqs-worker-5986dcd897-x8rdl,ip-192-168-20-201.ec2.internal,bde7ab2d075d878e8caf868d337c1a6b5fcaebf42a69df647fb4cf922bde34d3,1,818.0,915.0
1,keda-mmpp-606-d4d333de,000006,10.568097,2026-08-31T20:45:35.660+00:00,2026-08-31T20:45:31.821+00:00,2026-08-31T20:45:34.431+00:00,2026-08-31T20:45:34.431+00:00,2026-08-31T20:45:35.306+00:00,2026-08-31T20:45:35.306+00:00,0.349081,0.875127199000417,sqs-worker-5986dcd897-x8rdl,ip-192-168-20-201.ec2.internal,50fd54529e19af7e41914f034ce03a70921e66ceab1fed6195c133747bf32bb4,1,2610.0,3485.0
1,keda-mmpp-606-d4d333de,000012,11.990642,2026-08-31T20:45:37.082+00:00,2026-08-31T20:45:33.220+00:00,2026-08-31T20:45:35.322+00:00,2026-08-31T20:45:35.322+00:00,2026-08-31T20:45:35.990+00:00,2026-08-31T20:45:35.990+00:00,0.259957,0.6678709709995019,sqs-worker-5986dcd897-x8rdl,ip-192-168-20-201.ec2.internal,2650fdd3263930702d4b070ce59df57f48c8da22caca382f51342c8038b1e418,1,2102.0,2770.0
1,keda-mmpp-606-d4d333de,000014,12.239288,2026-08-31T20:45:37.331+00:00,2026-08-31T20:45:33.470+00:00,2026-08-31T20:45:36.007+00:00,2026-08-31T20:45:36.007+00:00,2026-08-31T20:45:36.086+00:00,2026-08-31T20:45:36.086+00:00,0.032098,0.07951386199965782,sqs-worker-5986dcd897-x8rdl,ip-192-168-20-201.ec2.internal,d6a140482899c7018a8cdbac82d324dcedeed65bb34411711155c1776a5aa4ad,1,2537.0,2616.0
1,keda-mmpp-606-d4d333de,000016,12.388782,2026-08-31T20:45:37.480+00:00,2026-08-31T20:45:33.619+00:00,2026-08-31T20:45:36.136+00:00,2026-08-31T20:45:36.136+00:00,2026-08-31T20:45:36.411+00:00,2026-08-31T20:45:36.411+00:00,0.140792,0.2746246439983224,sqs-worker-5986dcd897-x8rdl,ip-192-168-20-201.ec2.internal,eb6501aab71ca71bac1bf30d0b7cb5ab3ff4df24d79758f58eaf0f55ba7670b9,1,2517.0,2792.0
1,keda-mmpp-606-d4d333de,000017,12.618705,2026-08-31T20:45:37.711+00:00,2026-08-31T20:45:33.847+00:00,2026-08-31T20:45:36.427+00:00,2026-08-31T20:45:36.428+00:00,2026-08-31T20:45:36.713+00:00,2026-08-31T20:45:36.713+00:00,0.117382,0.28522020200034603,sqs-worker-5986dcd897-x8rdl,ip-192-168-20-201.ec2.internal,8be607b0794c39d267048a1eaf3840b241266a8f92ad90402a709548336954f4,1,2580.0,2866.0
1,keda-mmpp-606-d4d333de,000018,12.698382,2026-08-31T20:45:37.790+00:00,2026-08-31T20:45:33.929+00:00,2026-08-31T20:45:36.735+00:00,2026-08-31T20:45:36.735+00:00,2026-08-31T20:45:36.902+00:00,2026-08-31T20:45:36.902+00:00,0.06621,0.16727770599936775,sqs-worker-5986dcd897-x8rdl,ip-192-168-20-201.ec2.internal,4af37b41abff46f374cc216f35fff5ced1e8e08c1485c60834b3203427c5f7c2,1,2806.0,2973.0
1,keda-mmpp-606-d4d333de,000020,12.962246,2026-08-31T20:45:38.054+00:00,2026-08-31T20:45:34.213+00:00,2026-08-31T20:45:36.936+00:00,2026-08-31T20:45:36.936+00:00,2026-08-31T20:45:37.394+00:00,2026-08-31T20:45:37.394+00:00,0.186992,0.45852598899909935,sqs-worker-5986dcd897-x8rdl,ip-192-168-20-201.ec2.internal,6588a990c3182454088a276df85476e3891b7ed51e6baee3aa867fdfd3e2e7fb,1,2723.0,3181.0
1,keda-mmpp-606-d4d333de,000019,12.766772,2026-08-31T20:45:37.858+00:00,2026-08-31T20:45:33.992+00:00,2026-08-31T20:45:37.411+00:00,2026-08-31T20:45:37.411+00:00,2026-08-31T20:45:38.200+00:00,2026-08-31T20:45:38.200+00:00,0.321714,0.7889802709996729,sqs-worker-5986dcd897-x8rdl,ip-192-168-20-201.ec2.internal,2b04d1a8ec851c74eb53312766d2f0020f8550d58ad3bdf73e7e11ca78520a49,1,3419.0,4208.0
1,keda-mmpp-606-d4d333de,000025,16.658741,2026-08-31T20:45:41.753+00:00,2026-08-31T20:45:37.890+00:00,2026-08-31T20:45:38.244+00:00,2026-08-31T20:45:38.245+00:00,2026-08-31T20:45:39.221+00:00,2026-08-31T20:45:39.221+00:00,0.409415,0.9761538749989995,sqs-worker-5986dcd897-x8rdl,ip-192-168-20-201.ec2.internal,07dced9e95b3c8d51845e20d74d05b5395f0b42d1d307ea43ed7c811c270d6e7,1,354.0,1331.0
1,keda-mmpp-606-d4d333de,000021,13.392441,2026-08-31T20:45:38.484+00:00,2026-08-31T20:45:34.621+00:00,2026-08-31T20:45:39.294+00:00,2026-08-31T20:45:39.294+00:00,2026-08-31T20:45:40.000+00:00,2026-08-31T20:45:40.000+00:00,0.237036,0.7065488869993715,sqs-worker-5986dcd897-x8rdl,ip-192-168-20-201.ec2.internal,b76bc56bd5dff33bdcefbaaf87b1a9b470cd0d5adb63306d902d34dbb6ac6770,1,4673.0,5379.0
1,keda-mmpp-606-d4d333de,000023,13.51085,2026-08-31T20:45:38.602+00:00,2026-08-31T20:45:34.744+00:00,2026-08-31T20:45:40.091+00:00,2026-08-31T20:45:40.091+00:00,2026-08-31T20:45:41.503+00:00,2026-08-31T20:45:41.583+00:00,0.269713,1.4920642819997738,sqs-worker-5986dcd897-x8rdl,ip-192-168-20-201.ec2.internal,02656053cb6cbcbe368c5430a545d338a03b85f6567b2a14fd7b034eb6e227c4,1,5347.0,6759.0
1,keda-mmpp-606-d4d333de,000022,13.416689,2026-08-31T20:45:38.508+00:00,2026-08-31T20:45:34.648+00:00,2026-08-31T20:45:41.599+00:00,2026-08-31T20:45:41.599+00:00,2026-08-31T20:45:42.491+00:00,2026-08-31T20:45:42.491+00:00,0.167803,0.8919947429985768,sqs-worker-5986dcd897-x8rdl,ip-192-168-20-201.ec2.internal,f6819123ce2bd9585ab5d115d8baf3c11c592df383a0a894dd75b8c46b2aadec,1,6951.0,7843.0
1,keda-mmpp-606-d4d333de,000027,17.946108,2026-08-31T20:45:43.038+00:00,2026-08-31T20:45:39.177+00:00,2026-08-31T20:45:42.584+00:00,2026-08-31T20:45:42.584+00:00,2026-08-31T20:45:42.592+00:00,2026-08-31T20:45:42.592+00:00,0.008763,0.008838031999403029,sqs-worker-5986dcd897-x8rdl,ip-192-168-20-201.ec2.internal,61808310566e28853c502d9f42ca436528e119cbea50144e8cf771d5a37583cf,1,3407.0,3415.0
1,keda-mmpp-606-d4d333de,000024,13.951128,2026-08-31T20:45:39.043+00:00,2026-08-31T20:45:35.182+00:00,2026-08-31T20:45:42.648+00:00,2026-08-31T20:45:42.648+00:00,2026-08-31T20:45:43.319+00:00,2026-08-31T20:45:43.319+00:00,0.277018,0.671418731999438,sqs-worker-5986dcd897-x8rdl,ip-192-168-20-201.ec2.internal,0ed4c07310173a37b964b5918b058b3f016d751f2876e15e6088e1607479143d,1,7466.0,8137.0
1,keda-mmpp-606-d4d333de,000015,12.344684,2026-08-31T20:45:37.436+00:00,2026-08-31T20:45:34.113+00:00,2026-08-31T20:45:43.383+00:00,2026-08-31T20:45:43.384+00:00,2026-08-31T20:45:43.484+00:00,2026-08-31T20:45:43.484+00:00,0.040493,0.10083277000012458,sqs-worker-5986dcd897-x8rdl,ip-192-168-20-201.ec2.internal,0fd98b90109428f56adb0b82d332d915197adee4ecc520d8d6226da5fefb9426,1,9270.0,9371.0
1,keda-mmpp-606-d4d333de,000029,19.53057,2026-08-31T20:45:44.623+00:00,2026-08-31T20:45:40.766+00:00,2026-08-31T20:45:43.804+00:00,2026-08-31T20:45:43.804+00:00,2026-08-31T20:45:43.826+00:00,2026-08-31T20:45:43.826+00:00,0.022005,0.022037947001081193,sqs-worker-5986dcd897-x8rdl,ip-192-168-20-201.ec2.internal,3173ee513fe66326d540e0a971db79404be169ba5cd18ba437e5e530d50afda9,1,3038.0,3060.0
1,keda-mmpp-606-d4d333de,000030,20.821223,2026-08-31T20:45:45.914+00:00,2026-08-31T20:45:42.054+00:00,2026-08-31T20:45:44.126+00:00,2026-08-31T20:45:44.126+00:00,2026-08-31T20:45:44.285+00:00,2026-08-31T20:45:44.285+00:00,0.059801,0.15933371899882331,sqs-worker-5986dcd897-x8rdl,ip-192-168-20-201.ec2.internal,6428220e0616de1366ed174070dd855cc00f4e603ae9b7386ceb96343dc952ca,1,2072.0,2231.0
1,keda-mmpp-606-d4d333de,000028,19.146171,2026-08-31T20:45:44.239+00:00,2026-08-31T20:45:40.379+00:00,2026-08-31T20:45:43.863+00:00,2026-08-31T20:45:43.863+00:00,2026-08-31T20:45:44.101+00:00,2026-08-31T20:45:44.101+00:00,0.105402,0.23816357200121274,sqs-worker-5986dcd897-x8rdl,ip-192-168-20-201.ec2.internal,0ea687820d05bdadc287d0daeae6e77748fdd05f4cd9eb3eec60b42b4395fac8,1,3484.0,3722.0
1,keda-mmpp-606-d4d333de,000026,17.349703,2026-08-31T20:45:42.442+00:00,2026-08-31T20:45:38.585+00:00,2026-08-31T20:45:43.499+00:00,2026-08-31T20:45:43.499+00:00,2026-08-31T20:45:43.786+00:00,2026-08-31T20:45:43.786+00:00,0.117583,0.2869018960009271,sqs-worker-5986dcd897-x8rdl,ip-192-168-20-201.ec2.internal,abf2bb271fc17269cd5dbd7cd205379aca429f5647f92cdb44b981812e75bfd8,1,4914.0,5201.0
1,keda-mmpp-606-d4d333de,000031,23.50463,2026-08-31T20:45:48.599+00:00,2026-08-31T20:45:44.736+00:00,2026-08-31T20:45:44.743+00:00,2026-08-31T20:45:44.743+00:00,2026-08-31T20:45:45.488+00:00,2026-08-31T20:45:45.488+00:00,0.328807,0.7442120859996066,sqs-worker-5986dcd897-x8rdl,ip-192-168-20-201.ec2.internal,b264f49a032b9b429d060b09a4cb1c954fa6539552a73231d5d419f89eecb89a,1,7.0,752.0
1,keda-mmpp-606-d4d333de,000032,24.756233,2026-08-31T20:45:49.849+00:00,2026-08-31T20:45:45.988+00:00,2026-08-31T20:45:45.993+00:00,2026-08-31T20:45:45.993+00:00,2026-08-31T20:45:46.192+00:00,2026-08-31T20:45:46.192+00:00,0.089444,0.19902112599993416,sqs-worker-5986dcd897-x8rdl,ip-192-168-20-201.ec2.internal,bf88806f44ac28321224c6d055eec0813d86f3b7cd42ff619f77ad5833407ff4,1,5.0,204.0
1,keda-mmpp-606-d4d333de,000033,25.765535,2026-08-31T20:45:50.857+00:00,2026-08-31T20:45:46.999+00:00,2026-08-31T20:45:47.002+00:00,2026-08-31T20:45:47.002+00:00,2026-08-31T20:45:47.502+00:00,2026-08-31T20:45:47.502+00:00,0.219437,0.49976436299948546,sqs-worker-5986dcd897-x8rdl,ip-192-168-20-201.ec2.internal,4c9322def502c3222ab70c3f307fd8abc2b791a1464d912bfc8d7f5e65e2164c,1,3.0,503.0
1,keda-mmpp-606-d4d333de,000034,28.725266,2026-08-31T20:45:53.820+00:00,2026-08-31T20:45:49.958+00:00,2026-08-31T20:45:49.965+00:00,2026-08-31T20:45:49.965+00:00,2026-08-31T20:45:51.194+00:00,2026-08-31T20:45:51.194+00:00,0.217801,1.228650615999868,sqs-worker-5986dcd897-x8rdl,ip-192-168-20-201.ec2.internal,0a76497c02f74829d16e9d8a8b6037871cdfc9f886ba2859144388819943f3fb,1,7.0,1236.0
1,keda-mmpp-606-d4d333de,000035,32.036114,2026-08-31T20:45:57.128+00:00,2026-08-31T20:45:53.266+00:00,2026-08-31T20:45:53.270+00:00,2026-08-31T20:45:53.270+00:00,2026-08-31T20:45:53.282+00:00,2026-08-31T20:45:53.282+00:00,0.012056,0.012094910000087111,sqs-worker-5986dcd897-x8rdl,ip-192-168-20-201.ec2.internal,1d8d81ce830c0a531745860c843bf12b96093d7e7dee4cbfdeb7ee916ccd3f06,1,4.0,16.0
1,keda-mmpp-606-d4d333de,000036,35.644814,2026-08-31T20:46:00.739+00:00,2026-08-31T20:45:56.878+00:00,2026-08-31T20:45:56.882+00:00,2026-08-31T20:45:56.882+00:00,2026-08-31T20:45:56.887+00:00,2026-08-31T20:45:56.887+00:00,0.005,0.005039343001044472,sqs-worker-5986dcd897-x8rdl,ip-192-168-20-201.ec2.internal,42af1bf4d34b4d621bf4348848868876d8c636694d4fdd7905e5472715a2e74d,1,4.0,9.0
1,keda-mmpp-606-d4d333de,000037,41.026807,2026-08-31T20:46:06.122+00:00,2026-08-31T20:46:02.263+00:00,2026-08-31T20:46:02.269+00:00,2026-08-31T20:46:02.269+00:00,2026-08-31T20:46:02.376+00:00,2026-08-31T20:46:02.376+00:00,0.046695,0.10702205899906403,sqs-worker-5986dcd897-x8rdl,ip-192-168-20-201.ec2.internal,6484937d04eb5fd307a9b79237ece18ce6ffa76404ad49b81f6b201df70bafab,1,6.0,113.0
1,keda-mmpp-606-d4d333de,000038,41.167302,2026-08-31T20:46:06.258+00:00,2026-08-31T20:46:02.396+00:00,2026-08-31T20:46:02.414+00:00,2026-08-31T20:46:02.414+00:00,2026-08-31T20:46:02.687+00:00,2026-08-31T20:46:02.687+00:00,0.126886,0.27283294500011834,sqs-worker-5986dcd897-x8rdl,ip-192-168-20-201.ec2.internal,09871d7cf5ad16ea7f32bcb83b0463c8d92e201e928eb624126b50e984a03de8,1,18.0,291.0
1,keda-mmpp-606-d4d333de,000039,41.695394,2026-08-31T20:46:06.786+00:00,2026-08-31T20:46:02.928+00:00,2026-08-31T20:46:02.932+00:00,2026-08-31T20:46:02.932+00:00,2026-08-31T20:46:03.407+00:00,2026-08-31T20:46:03.407+00:00,0.223917,0.47458020500016573,sqs-worker-5986dcd897-x8rdl,ip-192-168-20-201.ec2.internal,316d971aada9d66a1a41499e598767c111d5cba7a0d8f2e3dc01b1bc89d0b2c3,1,4.0,479.0
1,keda-mmpp-606-d4d333de,000042,41.975884,2026-08-31T20:46:07.066+00:00,2026-08-31T20:46:03.203+00:00,2026-08-31T20:46:03.425+00:00,2026-08-31T20:46:03.425+00:00,2026-08-31T20:46:05.419+00:00,2026-08-31T20:46:05.419+00:00,0.808371,1.9939775689999806,sqs-worker-5986dcd897-x8rdl,ip-192-168-20-201.ec2.internal,944ec090f4be4b8a7157f465545642368375c5e7d0cb8ba9d77a3928cfec9216,1,222.0,2216.0
1,keda-mmpp-606-d4d333de,000046,43.103833,2026-08-31T20:46:08.194+00:00,2026-08-31T20:46:04.330+00:00,2026-08-31T20:46:05.443+00:00,2026-08-31T20:46:05.443+00:00,2026-08-31T20:46:06.016+00:00,2026-08-31T20:46:06.016+00:00,0.233038,0.5732999949996156,sqs-worker-5986dcd897-x8rdl,ip-192-168-20-201.ec2.internal,084d57c6b683e1bc5cba24aa1361a076a14d40f21e1a7bfbfabdc852ae7c29f5,1,1113.0,1686.0
1,keda-mmpp-606-d4d333de,000041,41.899352,2026-08-31T20:46:06.990+00:00,2026-08-31T20:46:03.127+00:00,2026-08-31T20:46:06.032+00:00,2026-08-31T20:46:06.032+00:00,2026-08-31T20:46:06.120+00:00,2026-08-31T20:46:06.120+00:00,0.039983,0.08878598199953558,sqs-worker-5986dcd897-x8rdl,ip-192-168-20-201.ec2.internal,3a42e29cc5ace082a774e387df2a99a3743847d542cece2a0db04ae6585eb46b,1,2905.0,2993.0
1,keda-mmpp-606-d4d333de,000047,43.10853,2026-08-31T20:46:08.199+00:00,2026-08-31T20:46:04.333+00:00,2026-08-31T20:46:06.187+00:00,2026-08-31T20:46:06.187+00:00,2026-08-31T20:46:06.498+00:00,2026-08-31T20:46:06.498+00:00,0.13312,0.3107384649993037,sqs-worker-5986dcd897-x8rdl,ip-192-168-20-201.ec2.internal,16105fc374bc9e7e50810aa9065f18a3ee575f465a8cc37d2fe57ac07d921c8d,1,1854.0,2165.0
1,keda-mmpp-606-d4d333de,000045,42.653988,2026-08-31T20:46:07.744+00:00,2026-08-31T20:46:03.881+00:00,2026-08-31T20:46:06.515+00:00,2026-08-31T20:46:06.515+00:00,2026-08-31T20:46:06.520+00:00,2026-08-31T20:46:06.520+00:00,0.005,0.00503287199899205,sqs-worker-5986dcd897-x8rdl,ip-192-168-20-201.ec2.internal,b91641893cdc9bedf1fcdcc3e70c9dcdcbfc94fa7606244ea46efdbefbd81420,1,2634.0,2639.0
1,keda-mmpp-606-d4d333de,000040,41.69549,2026-08-31T20:46:06.789+00:00,2026-08-31T20:46:02.928+00:00,2026-08-31T20:46:06.535+00:00,2026-08-31T20:46:06.535+00:00,2026-08-31T20:46:06.896+00:00,2026-08-31T20:46:06.896+00:00,0.145259,0.3602071929999511,sqs-worker-5986dcd897-x8rdl,ip-192-168-20-201.ec2.internal,b4ac4f85458104d2211476a2b6121b275d1bb92daa3885cb20d1e431aac68d06,1,3607.0,3968.0
1,keda-mmpp-606-d4d333de,000043,42.143124,2026-08-31T20:46:07.233+00:00,2026-08-31T20:46:03.372+00:00,2026-08-31T20:46:06.910+00:00,2026-08-31T20:46:06.910+00:00,2026-08-31T20:46:08.810+00:00,2026-08-31T20:46:08.810+00:00,0.770568,1.9002763770004094,sqs-worker-5986dcd897-x8rdl,ip-192-168-20-201.ec2.internal,7a0af487151219fc981b5e5f1517058d1adc3ac5950699e4f15ca7d41036a0ae,1,3538.0,5438.0
1,keda-mmpp-606-d4d333de,000054,45.532647,2026-08-31T20:46:10.623+00:00,2026-08-31T20:46:06.761+00:00,2026-08-31T20:46:08.853+00:00,2026-08-31T20:46:08.853+00:00,2026-08-31T20:46:08.919+00:00,2026-08-31T20:46:08.919+00:00,0.037578,0.06589551900106017,sqs-worker-5986dcd897-x8rdl,ip-192-168-20-201.ec2.internal,09d3d4a0339f022436194d89ed1ac4c9b2807efc662554daff2455195b126ce5,1,2092.0,2158.0
1,keda-mmpp-606-d4d333de,000044,42.456644,2026-08-31T20:46:07.547+00:00,2026-08-31T20:46:03.686+00:00,2026-08-31T20:46:08.952+00:00,2026-08-31T20:46:08.952+00:00,2026-08-31T20:46:08.988+00:00,2026-08-31T20:46:08.988+00:00,0.005,0.03569222000078298,sqs-worker-5986dcd897-x8rdl,ip-192-168-20-201.ec2.internal,f446d18ece727be708d6cac2db0b26f7504c8918de03d4c4e3ab0767e173e66d,1,5266.0,5302.0
1,keda-mmpp-606-d4d333de,000048,43.387062,2026-08-31T20:46:08.477+00:00,2026-08-31T20:46:04.612+00:00,2026-08-31T20:46:09.003+00:00,2026-08-31T20:46:09.003+00:00,2026-08-31T20:46:09.031+00:00,2026-08-31T20:46:09.031+00:00,0.028331,0.028365076001136913,sqs-worker-5986dcd897-x8rdl,ip-192-168-20-201.ec2.internal,ed0c2e7685c4e9d2233619dc50eb7ae93f90249c988360d65c02e480babb8e4b,1,4391.0,4419.0
1,keda-mmpp-606-d4d333de,000063,46.876446,2026-08-31T20:46:11.967+00:00,2026-08-31T20:46:08.106+00:00,2026-08-31T20:46:09.083+00:00,2026-08-31T20:46:09.083+00:00,2026-08-31T20:46:10.093+00:00,2026-08-31T20:46:10.093+00:00,0.334749,1.0097987050012307,sqs-worker-5986dcd897-x8rdl,ip-192-168-20-201.ec2.internal,e3a92cccce1272f8cab3180b87cbdf4c08b9bf2c86b77105e9ae22ee32f8d53a,1,977.0,1987.0
1,keda-mmpp-606-d4d333de,000070,48.52321,2026-08-31T20:46:13.613+00:00,2026-08-31T20:46:09.756+00:00,2026-08-31T20:46:10.189+00:00,2026-08-31T20:46:10.189+00:00,2026-08-31T20:46:10.603+00:00,2026-08-31T20:46:10.603+00:00,0.088245,0.4139017050001712,sqs-worker-5986dcd897-x8rdl,ip-192-168-20-201.ec2.internal,d73d6c20c641dfb30867a4df4d9612ecdf4e3e607d25eeeedda43abc2bbb1e0f,1,433.0,847.0
1,keda-mmpp-606-d4d333de,000055,45.952032,2026-08-31T20:46:11.043+00:00,2026-08-31T20:46:07.180+00:00,2026-08-31T20:46:10.701+00:00,2026-08-31T20:46:10.701+00:00,2026-08-31T20:46:12.191+00:00,2026-08-31T20:46:12.191+00:00,0.266573,1.4894451969994407,sqs-worker-5986dcd897-x8rdl,ip-192-168-20-201.ec2.internal,b2911bf9a58884bc4061cdb93c1506c0e745053edd1bc4ad4570445df57bf42e,1,3521.0,5011.0
1,keda-mmpp-606-d4d333de,000067,48.215644,2026-08-31T20:46:13.306+00:00,2026-08-31T20:46:09.446+00:00,2026-08-31T20:46:12.208+00:00,2026-08-31T20:46:12.208+00:00,2026-08-31T20:46:13.009+00:00,2026-08-31T20:46:13.009+00:00,0.261433,0.801714544000788,sqs-worker-5986dcd897-x8rdl,ip-192-168-20-201.ec2.internal,34319eaa7cc049d69966d39ba15b7a8c19325fa0192005bdd000cff21bd7aa86,1,2762.0,3563.0
1,keda-mmpp-606-d4d333de,000050,44.043949,2026-08-31T20:46:09.135+00:00,2026-08-31T20:46:05.271+00:00,2026-08-31T20:46:13.027+00:00,2026-08-31T20:46:13.027+00:00,2026-08-31T20:46:13.903+00:00,2026-08-31T20:46:13.903+00:00,0.348075,0.8761604629999056,sqs-worker-5986dcd897-x8rdl,ip-192-168-20-201.ec2.internal,1e3c88af589dcd34d22dbf4082e4c8e11002d6c04cd25493418416289a3ee8eb,1,7756.0,8632.0
1,keda-mmpp-606-d4d333de,000073,49.723583,2026-08-31T20:46:14.814+00:00,2026-08-31T20:46:10.971+00:00,2026-08-31T20:46:13.918+00:00,2026-08-31T20:46:13.918+00:00,2026-08-31T20:46:14.189+00:00,2026-08-31T20:46:14.189+00:00,0.102482,0.2714194979998865,sqs-worker-5986dcd897-x8rdl,ip-192-168-20-201.ec2.internal,c2684e4ffb002998e8ef74dd36b46f633f0fa6308a9f8fd3cf0f888b6ca1c40e,1,2947.0,3218.0
1,keda-mmpp-606-d4d333de,000051,44.22827,2026-08-31T20:46:09.319+00:00,2026-08-31T20:46:05.468+00:00,2026-08-31T20:46:14.422+00:00,2026-08-31T20:46:14.422+00:00,2026-08-31T20:46:14.518+00:00,2026-08-31T20:46:14.518+00:00,0.04526,0.09659567599919683,sqs-worker-5986dcd897-x8rdl,ip-192-168-20-201.ec2.internal,ef0f92da84c49328b1084f0135ffad31a2cbdef5dccb35cac14e27e46149a1b9,1,8954.0,9050.0
1,keda-mmpp-606-d4d333de,000066,48.121964,2026-08-31T20:46:13.213+00:00,2026-08-31T20:46:09.352+00:00,2026-08-31T20:46:14.205+00:00,2026-08-31T20:46:14.205+00:00,2026-08-31T20:46:14.409+00:00,2026-08-31T20:46:14.409+00:00,0.095551,0.20427570799984096,sqs-worker-5986dcd897-x8rdl,ip-192-168-20-201.ec2.internal,9ec53b0a27fe130cd57927d1028e44ba88c68c3216f9d773f62972b5f0d32e37,1,4853.0,5057.0
1,keda-mmpp-606-d4d333de,000049,43.631807,2026-08-31T20:46:08.722+00:00,2026-08-31T20:46:04.856+00:00,2026-08-31T20:46:14.536+00:00,2026-08-31T20:46:14.536+00:00,2026-08-31T20:46:16.420+00:00,2026-08-31T20:46:16.420+00:00,0.756888,1.8834919219989388,sqs-worker-5986dcd897-x8rdl,ip-192-168-20-201.ec2.internal,662299d80885a96d97d1098d762ec2b42118df4e7604b42f72a0a37dbfcb99fd,1,9680.0,11564.0
1,keda-mmpp-606-d4d333de,000052,44.612226,2026-08-31T20:46:09.703+00:00,2026-08-31T20:46:05.854+00:00,2026-08-31T20:46:16.484+00:00,2026-08-31T20:46:16.484+00:00,2026-08-31T20:46:17.196+00:00,2026-08-31T20:46:17.196+00:00,0.294286,0.7128356989996973,sqs-worker-5986dcd897-x8rdl,ip-192-168-20-201.ec2.internal,ed0077e61453093e1d6477de16ac879ca9a498ebee0cfa8aa8103194da8a1aeb,1,10630.0,11342.0
1,keda-mmpp-606-d4d333de,000068,48.33873,2026-08-31T20:46:13.429+00:00,2026-08-31T20:46:09.570+00:00,2026-08-31T20:46:17.216+00:00,2026-08-31T20:46:17.216+00:00,2026-08-31T20:46:19.309+00:00,2026-08-31T20:46:19.309+00:00,0.847666,2.0926473069994245,sqs-worker-5986dcd897-x8rdl,ip-192-168-20-201.ec2.internal,d562547d75a507f9b6bdeb6157b4fc485cc2f4af26c9da6c6fb14fa8945bb881,1,7646.0,9739.0
1,keda-mmpp-606-d4d333de,000069,48.412312,2026-08-31T20:46:13.502+00:00,2026-08-31T20:46:09.638+00:00,2026-08-31T20:46:19.332+00:00,2026-08-31T20:46:19.332+00:00,2026-08-31T20:46:19.616+00:00,2026-08-31T20:46:19.616+00:00,0.122875,0.2842180619991268,sqs-worker-5986dcd897-x8rdl,ip-192-168-20-201.ec2.internal,ec451ab185ca54a85c726755e8af198965e0a6b27e429abbb2ee173c88a8118a,1,9694.0,9978.0
1,keda-mmpp-606-d4d333de,000081,58.20138,2026-08-31T20:46:23.292+00:00,2026-08-31T20:46:19.436+00:00,2026-08-31T20:46:19.632+00:00,2026-08-31T20:46:19.632+00:00,2026-08-31T20:46:21.188+00:00,2026-08-31T20:46:21.188+00:00,0.305133,1.5552594900000258,sqs-worker-5986dcd897-x8rdl,ip-192-168-20-201.ec2.internal,9af3cdc28d714a35d662460badbba66b4eba531a51e0e649862b108553be8fdb,1,196.0,1752.0
1,keda-mmpp-606-d4d333de,000057,46.235266,2026-08-31T20:46:11.326+00:00,2026-08-31T20:46:07.462+00:00,2026-08-31T20:46:22.166+00:00,2026-08-31T20:46:22.166+00:00,2026-08-31T20:46:22.570+00:00,2026-08-31T20:46:22.570+00:00,0.091757,0.4045798690003721,sqs-worker-5986dcd897-q8mkk,ip-192-168-20-201.ec2.internal,96f22670f840fe8bede39f4ef7aca0b99df7671c64c1ebd3d92948d21412d8df,1,14704.0,15108.0
1,keda-mmpp-606-d4d333de,000074,49.960838,2026-08-31T20:46:15.051+00:00,2026-08-31T20:46:11.190+00:00,2026-08-31T20:46:21.284+00:00,2026-08-31T20:46:21.284+00:00,2026-08-31T20:46:23.221+00:00,2026-08-31T20:46:23.221+00:00,0.433008,1.9371977289993083,sqs-worker-5986dcd897-x8rdl,ip-192-168-20-201.ec2.internal,1c3d8e656bd9868763229941e9eccdb25d40d82addd3192f4ad0c95f3c3b8c92,1,10094.0,12031.0
1,keda-mmpp-606-d4d333de,000078,54.845472,2026-08-31T20:46:19.936+00:00,2026-08-31T20:46:16.075+00:00,2026-08-31T20:46:23.235+00:00,2026-08-31T20:46:23.235+00:00,2026-08-31T20:46:23.388+00:00,2026-08-31T20:46:23.388+00:00,0.053072,0.15249285499885445,sqs-worker-5986dcd897-x8rdl,ip-192-168-20-201.ec2.internal,03d29d387c44a67bc9980dd4eb52349c36d82918fdeb0711170d0029b258bb33,1,7160.0,7313.0
1,keda-mmpp-606-d4d333de,000061,46.577083,2026-08-31T20:46:11.667+00:00,2026-08-31T20:46:07.810+00:00,2026-08-31T20:46:23.402+00:00,2026-08-31T20:46:23.402+00:00,2026-08-31T20:46:24.000+00:00,2026-08-31T20:46:24.000+00:00,0.243919,0.5982758969985298,sqs-worker-5986dcd897-x8rdl,ip-192-168-20-201.ec2.internal,980d54d618b9edeb5eb7ef4cb9ba45f0b4096278faf22de4595fd01da04667c9,1,15592.0,16190.000000000002
1,keda-mmpp-606-d4d333de,000062,46.715179,2026-08-31T20:46:11.805+00:00,2026-08-31T20:46:07.941+00:00,2026-08-31T20:46:24.021+00:00,2026-08-31T20:46:24.021+00:00,2026-08-31T20:46:24.107+00:00,2026-08-31T20:46:24.108+00:00,0.035894,0.08671569199941587,sqs-worker-5986dcd897-x8rdl,ip-192-168-20-201.ec2.internal,660c66734d4d4593c4c61b8677c726f4e8e7334e1b316df9e04ab4ef1559162f,1,16079.999999999998,16166.0
1,keda-mmpp-606-d4d333de,000082,58.227383,2026-08-31T20:46:23.318+00:00,2026-08-31T20:46:19.453+00:00,2026-08-31T20:46:24.125+00:00,2026-08-31T20:46:24.125+00:00,2026-08-31T20:46:24.497+00:00,2026-08-31T20:46:24.497+00:00,0.153462,0.3724995390002732,sqs-worker-5986dcd897-x8rdl,ip-192-168-20-201.ec2.internal,814650406b719a5740148d12f8334349ddd5b7f44436a8aa68ace6fde171996e,1,4672.0,5044.0
1,keda-mmpp-606-d4d333de,000053,44.833243,2026-08-31T20:46:09.923+00:00,2026-08-31T20:46:06.065+00:00,2026-08-31T20:46:24.554+00:00,2026-08-31T20:46:24.554+00:00,2026-08-31T20:46:25.021+00:00,2026-08-31T20:46:25.021+00:00,0.219174,0.46704178899926774,sqs-worker-5986dcd897-x8rdl,ip-192-168-20-201.ec2.internal,26aaab0788823b8a07f33be6ec21323461f5ca907ed57d4d8085d3f608520e16,1,18489.0,18956.0
1,keda-mmpp-606-d4d333de,000058,46.409665,2026-08-31T20:46:11.500+00:00,2026-08-31T20:46:07.638+00:00,2026-08-31T20:46:22.609+00:00,2026-08-31T20:46:22.609+00:00,2026-08-31T20:46:25.111+00:00,2026-08-31T20:46:25.111+00:00,0.522084,2.5021291930006555,sqs-worker-5986dcd897-q8mkk,ip-192-168-20-201.ec2.internal,69ba27ec326eef0e1d71cadaa18dfc55fa2180474d0cb99d32c861a1fd9c5365,1,14971.0,17473.0
1,keda-mmpp-606-d4d333de,000065,47.012234,2026-08-31T20:46:12.102+00:00,2026-08-31T20:46:08.242+00:00,2026-08-31T20:46:25.088+00:00,2026-08-31T20:46:25.088+00:00,2026-08-31T20:46:25.216+00:00,2026-08-31T20:46:25.216+00:00,0.071115,0.12825225599954138,sqs-worker-5986dcd897-x8rdl,ip-192-168-20-201.ec2.internal,b85fcadc629604592fb0686a6b6f07dc7bd8e84b7308f124c851ae7458611d86,1,16846.0,16974.0
1,keda-mmpp-606-d4d333de,000097,60.90867,2026-08-31T20:46:25.998+00:00,2026-08-31T20:46:22.145+00:00,2026-08-31T20:46:25.174+00:00,2026-08-31T20:46:25.174+00:00,2026-08-31T20:46:25.671+00:00,2026-08-31T20:46:25.671+00:00,0.209936,0.49733708100029617,sqs-worker-5986dcd897-q8mkk,ip-192-168-20-201.ec2.internal,60d27003bd1bcb96186e8198fe32178363010c832de687614172c7156d30bc8d,1,3029.0,3526.0
1,keda-mmpp-606-d4d333de,000087,59.862277,2026-08-31T20:46:24.951+00:00,2026-08-31T20:46:21.111+00:00,2026-08-31T20:46:25.252+00:00,2026-08-31T20:46:25.252+00:00,2026-08-31T20:46:25.617+00:00,2026-08-31T20:46:25.617+00:00,0.156333,0.36470407399974647,sqs-worker-5986dcd897-x8rdl,ip-192-168-20-201.ec2.internal,94a504219105c6e966214a237ba9633b505f5c2294a439adfd85649a3ed4c8bf,1,4141.0,4506.0
1,keda-mmpp-606-d4d333de,000096,60.834166,2026-08-31T20:46:25.923+00:00,2026-08-31T20:46:22.064+00:00,2026-08-31T20:46:25.809+00:00,2026-08-31T20:46:25.809+00:00,2026-08-31T20:46:26.090+00:00,2026-08-31T20:46:26.090+00:00,0.113308,0.28095665500040923,sqs-worker-5986dcd897-q8mkk,ip-192-168-20-201.ec2.internal,d1cc456d868e90aa0b2b9a6fa8564399d12bea967985c16ef95a11f9d79da729,1,3745.0,4026.0
1,keda-mmpp-606-d4d333de,000100,61.395145,2026-08-31T20:46:26.484+00:00,2026-08-31T20:46:22.624+00:00,2026-08-31T20:46:26.503+00:00,2026-08-31T20:46:26.503+00:00,2026-08-31T20:46:26.602+00:00,2026-08-31T20:46:26.602+00:00,0.049422,0.09906707699883555,sqs-worker-5986dcd897-x8rdl,ip-192-168-20-201.ec2.internal,d2304380a3ea17f847500dd5a5cbde7cf327182fb35b9b627a159b145297a59f,1,3879.0,3978.0
1,keda-mmpp-606-d4d333de,000059,46.494903,2026-08-31T20:46:11.585+00:00,2026-08-31T20:46:07.725+00:00,2026-08-31T20:46:25.667+00:00,2026-08-31T20:46:25.667+00:00,2026-08-31T20:46:26.203+00:00,2026-08-31T20:46:26.204+00:00,0.221873,0.5361605720008811,sqs-worker-5986dcd897-x8rdl,ip-192-168-20-201.ec2.internal,b95ba47579beb7d36fb9c02f4d531d889964245d138df8889003aca3fabdc585,1,17942.0,18478.0
1,keda-mmpp-606-d4d333de,000064,46.996954,2026-08-31T20:46:12.087+00:00,2026-08-31T20:46:08.228+00:00,2026-08-31T20:46:26.219+00:00,2026-08-31T20:46:26.219+00:00,2026-08-31T20:46:26.488+00:00,2026-08-31T20:46:26.488+00:00,0.099195,0.26896190700063016,sqs-worker-5986dcd897-x8rdl,ip-192-168-20-201.ec2.internal,187c06b05cd997e0603e3f12a2e70eab14a6b58d283c4c86461cf143aaa5cb8b,1,17991.0,18260.0
1,keda-mmpp-606-d4d333de,000083,59.040633,2026-08-31T20:46:24.132+00:00,2026-08-31T20:46:20.269+00:00,2026-08-31T20:46:26.108+00:00,2026-08-31T20:46:26.108+00:00,2026-08-31T20:46:26.509+00:00,2026-08-31T20:46:26.509+00:00,0.169866,0.4008165770010237,sqs-worker-5986dcd897-q8mkk,ip-192-168-20-201.ec2.internal,54523ec1ed9b0cace4957a6c19e52214f6d9929312e7d082a4777272bef76a4b,1,5839.0,6240.0
1,keda-mmpp-606-d4d333de,000103,62.173231,2026-08-31T20:46:27.262+00:00,2026-08-31T20:46:23.399+00:00,2026-08-31T20:46:26.824+00:00,2026-08-31T20:46:26.824+00:00,2026-08-31T20:46:26.915+00:00,2026-08-31T20:46:26.915+00:00,0.043259,0.0905087339997408,sqs-worker-5986dcd897-x8rdl,ip-192-168-20-201.ec2.internal,a29fd6825d30989e0e53aebe5ad2a5cada04e2c76ca8a612559fd5fa4656c920,1,3425.0,3516.0
1,keda-mmpp-606-d4d333de,000108,62.942846,2026-08-31T20:46:28.032+00:00,2026-08-31T20:46:24.168+00:00,2026-08-31T20:46:26.927+00:00,2026-08-31T20:46:26.927+00:00,2026-08-31T20:46:27.489+00:00,2026-08-31T20:46:27.489+00:00,0.210511,0.5615794879995519,sqs-worker-5986dcd897-x8rdl,ip-192-168-20-201.ec2.internal,3c4cd4b8d9d73a71722e7df23613e65d513c14d2f108d5ceb75ad106a2f36740,1,2759.0,3321.0
1,keda-mmpp-606-d4d333de,000101,61.413102,2026-08-31T20:46:26.502+00:00,2026-08-31T20:46:22.646+00:00,2026-08-31T20:46:26.531+00:00,2026-08-31T20:46:26.531+00:00,2026-08-31T20:46:27.409+00:00,2026-08-31T20:46:27.409+00:00,0.357959,0.8786775079988729,sqs-worker-5986dcd897-q8mkk,ip-192-168-20-201.ec2.internal,8f74ac2ea300c6db99f096c63406cdc87aa8941133e05edb81678411eaa08501,1,3885.0,4763.0
1,keda-mmpp-606-d4d333de,000060,46.510717,2026-08-31T20:46:11.601+00:00,2026-08-31T20:46:07.738+00:00,2026-08-31T20:46:27.503+00:00,2026-08-31T20:46:27.503+00:00,2026-08-31T20:46:28.309+00:00,2026-08-31T20:46:28.309+00:00,0.335356,0.8063303220005764,sqs-worker-5986dcd897-x8rdl,ip-192-168-20-201.ec2.internal,c4e861f60f11e631fe3d8974501f6274872e7dc8a794c1ddc21d0c6e9427b8bb,1,19765.0,20571.0
1,keda-mmpp-606-d4d333de,000104,62.180401,2026-08-31T20:46:27.269+00:00,2026-08-31T20:46:23.409+00:00,2026-08-31T20:46:27.462+00:00,2026-08-31T20:46:27.462+00:00,2026-08-31T20:46:28.101+00:00,2026-08-31T20:46:28.101+00:00,0.266601,0.6390120729993214,sqs-worker-5986dcd897-q8mkk,ip-192-168-20-201.ec2.internal,ac965870d1a27fe65416f02cecd20195702ad5e30ffa341bfb0b894e948ed973,1,4053.0,4692.0
1,keda-mmpp-606-d4d333de,000098,60.954291,2026-08-31T20:46:26.043+00:00,2026-08-31T20:46:22.190+00:00,2026-08-31T20:46:29.081+00:00,2026-08-31T20:46:29.081+00:00,2026-08-31T20:46:29.290+00:00,2026-08-31T20:46:29.291+00:00,0.088452,0.20996484600073018,sqs-worker-5986dcd897-q8mkk,ip-192-168-20-201.ec2.internal,7ceaaf4e5256b635b7d4d48b408154621d7c2db194b8345030e40bd79f5da11c,1,6891.0,7100.0
1,keda-mmpp-606-d4d333de,000085,59.368452,2026-08-31T20:46:24.459+00:00,2026-08-31T20:46:20.594+00:00,2026-08-31T20:46:26.690+00:00,2026-08-31T20:46:26.690+00:00,2026-08-31T20:46:26.807+00:00,2026-08-31T20:46:26.807+00:00,0.06206,0.11628855299932184,sqs-worker-5986dcd897-x8rdl,ip-192-168-20-201.ec2.internal,d6f6c2dbca037995b5f10466062dde801dbaf75704736049db90eec40a62e153,1,6096.0,6213.0
1,keda-mmpp-606-d4d333de,000075,50.813575,2026-08-31T20:46:15.905+00:00,2026-08-31T20:46:12.046+00:00,2026-08-31T20:46:28.323+00:00,2026-08-31T20:46:28.323+00:00,2026-08-31T20:46:28.402+00:00,2026-08-31T20:46:28.402+00:00,0.028125,0.07892442899901653,sqs-worker-5986dcd897-x8rdl,ip-192-168-20-201.ec2.internal,97535f36c3e5bc352195c93c8704becd9c9256c3823dab6661488f02d5e7cade,1,16277.000000000002,16356.000000000002
1,keda-mmpp-606-d4d333de,000095,60.819101,2026-08-31T20:46:25.908+00:00,2026-08-31T20:46:22.046+00:00,2026-08-31T20:46:28.416+00:00,2026-08-31T20:46:28.416+00:00,2026-08-31T20:46:29.404+00:00,2026-08-31T20:46:29.404+00:00,0.397137,0.9885392539999884,sqs-worker-5986dcd897-x8rdl,ip-192-168-20-201.ec2.internal,1f240abf76f766c3c8470de6bca06ac8c95c33742ee795a6a5cce1682fac6685,1,6370.0,7358.0
1,keda-mmpp-606-d4d333de,000111,64.022576,2026-08-31T20:46:29.111+00:00,2026-08-31T20:46:25.251+00:00,2026-08-31T20:46:28.121+00:00,2026-08-31T20:46:28.121+00:00,2026-08-31T20:46:29.064+00:00,2026-08-31T20:46:29.064+00:00,0.371941,0.9423556139990978,sqs-worker-5986dcd897-q8mkk,ip-192-168-20-201.ec2.internal,bbdc38d8cee5bcf0028e0483e39fa9f08d23ee7bdc9ed9322132d0137f8c68aa,1,2870.0,3813.0
1,keda-mmpp-606-d4d333de,000056,46.16742,2026-08-31T20:46:11.258+00:00,2026-08-31T20:46:07.396+00:00,2026-08-31T20:46:25.699+00:00,2026-08-31T20:46:25.699+00:00,2026-08-31T20:46:25.793+00:00,2026-08-31T20:46:25.793+00:00,0.041829,0.09373379499993462,sqs-worker-5986dcd897-q8mkk,ip-192-168-20-201.ec2.internal,c6e2145282dcdfed89583d5c7309434709512f00be498fa05e9cacf420aead8e,1,18303.0,18397.0
1,keda-mmpp-606-d4d333de,000105,62.190757,2026-08-31T20:46:27.280+00:00,2026-08-31T20:46:23.419+00:00,2026-08-31T20:46:29.424+00:00,2026-08-31T20:46:29.424+00:00,2026-08-31T20:46:29.429+00:00,2026-08-31T20:46:29.429+00:00,0.005,0.005031261000112863,sqs-worker-5986dcd897-x8rdl,ip-192-168-20-201.ec2.internal,eec12c76e92e3cbd645375b1baf8e4616a95e4452c313ae62290b067405a5442,1,6005.0,6010.0
1,keda-mmpp-606-d4d333de,000086,59.451172,2026-08-31T20:46:24.541+00:00,2026-08-31T20:46:20.684+00:00,2026-08-31T20:46:29.310+00:00,2026-08-31T20:46:29.310+00:00,2026-08-31T20:46:29.468+00:00,2026-08-31T20:46:29.468+00:00,0.064368,0.15770254700146324,sqs-worker-5986dcd897-q8mkk,ip-192-168-20-201.ec2.internal,6e50b1fd802b7b9b2df5987c17183d8b5d02d6cefbde5e7ba46d934c4d92dcfe,1,8626.0,8784.0
1,keda-mmpp-606-d4d333de,000077,51.512412,2026-08-31T20:46:16.603+00:00,2026-08-31T20:46:12.745+00:00,2026-08-31T20:46:29.486+00:00,2026-08-31T20:46:29.486+00:00,2026-08-31T20:46:29.709+00:00,2026-08-31T20:46:29.709+00:00,0.104351,0.22373667799911345,sqs-worker-5986dcd897-q8mkk,ip-192-168-20-201.ec2.internal,4ec8cdd10672e5b68de7ce9b8beb5b37ec1c79be105499af0f735800e3a73741,1,16741.0,16964.0
1,keda-mmpp-606-d4d333de,000092,60.460076,2026-08-31T20:46:25.549+00:00,2026-08-31T20:46:21.698+00:00,2026-08-31T20:46:30.310+00:00,2026-08-31T20:46:30.310+00:00,2026-08-31T20:46:30.799+00:00,2026-08-31T20:46:30.799+00:00,0.197856,0.488972389999617,sqs-worker-5986dcd897-q8mkk,ip-192-168-20-201.ec2.internal,1a0c9448529a49912b52c2c40e6dbf4e78d33fb2bc4b9579045e77cbff6e3b93,1,8612.0,9101.0
1,keda-mmpp-606-d4d333de,000090,60.130239,2026-08-31T20:46:25.219+00:00,2026-08-31T20:46:21.356+00:00,2026-08-31T20:46:30.236+00:00,2026-08-31T20:46:30.236+00:00,2026-08-31T20:46:30.276+00:00,2026-08-31T20:46:30.276+00:00,0.022526,0.03997970199998235,sqs-worker-5986dcd897-q8mkk,ip-192-168-20-201.ec2.internal,de4cdf864113dab9a2af1002b36fc66a5e8b0191f45a4e848874b9bd58609a4f,1,8880.0,8920.0
1,keda-mmpp-606-d4d333de,000118,67.160143,2026-08-31T20:46:32.249+00:00,2026-08-31T20:46:28.390+00:00,2026-08-31T20:46:31.500+00:00,2026-08-31T20:46:31.500+00:00,2026-08-31T20:46:31.802+00:00,2026-08-31T20:46:31.802+00:00,0.123812,0.30151569200097583,sqs-worker-5986dcd897-q8mkk,ip-192-168-20-201.ec2.internal,016f17e1ab924ccc73840269559b8324772f2f6ce78ef1c691216e25bddc3d55,1,3110.0,3412.0
1,keda-mmpp-606-d4d333de,000089,60.104272,2026-08-31T20:46:25.193+00:00,2026-08-31T20:46:21.332+00:00,2026-08-31T20:46:29.987+00:00,2026-08-31T20:46:29.987+00:00,2026-08-31T20:46:29.992+00:00,2026-08-31T20:46:29.992+00:00,0.005,0.005093837999083917,sqs-worker-5986dcd897-x8rdl,ip-192-168-20-201.ec2.internal,6804ab8ea2edff1600e966de505a8d5f5e9d9915dde2eb48e160bbad84db3cb2,1,8655.0,8660.0
1,keda-mmpp-606-d4d333de,000071,48.927053,2026-08-31T20:46:14.018+00:00,2026-08-31T20:46:10.157+00:00,2026-08-31T20:46:30.815+00:00,2026-08-31T20:46:30.815+00:00,2026-08-31T20:46:31.462+00:00,2026-08-31T20:46:31.462+00:00,0.262059,0.646697228999983,sqs-worker-5986dcd897-q8mkk,ip-192-168-20-201.ec2.internal,eb75e75beddca4c3ab3ac763c7b3a95a4d456fdbc3d84151aaea5f1d52191390,1,20658.0,21305.0
1,keda-mmpp-606-d4d333de,000079,55.287201,2026-08-31T20:46:20.378+00:00,2026-08-31T20:46:16.520+00:00,2026-08-31T20:46:30.009+00:00,2026-08-31T20:46:30.009+00:00,2026-08-31T20:46:32.190+00:00,2026-08-31T20:46:32.190+00:00,0.42904,2.1818027070003154,sqs-worker-5986dcd897-x8rdl,ip-192-168-20-201.ec2.internal,ccbc84f496d72ad92893cf514230b7f82b80b1f6b8e268e43569f4bb5db4b375,1,13489.0,15670.0
1,keda-mmpp-606-d4d333de,000110,63.853435,2026-08-31T20:46:28.942+00:00,2026-08-31T20:46:25.082+00:00,2026-08-31T20:46:32.274+00:00,2026-08-31T20:46:32.274+00:00,2026-08-31T20:46:32.398+00:00,2026-08-31T20:46:32.398+00:00,0.020812,0.12419594000130019,sqs-worker-5986dcd897-q8mkk,ip-192-168-20-201.ec2.internal,3be5cfe7013db71a9a50d3ca6f9153ec458991f34ed9d45e86e4e5f7896a24f5,1,7192.0,7316.0
1,keda-mmpp-606-d4d333de,000112,64.499142,2026-08-31T20:46:29.588+00:00,2026-08-31T20:46:25.728+00:00,2026-08-31T20:46:29.441+00:00,2026-08-31T20:46:29.441+00:00,2026-08-31T20:46:29.891+00:00,2026-08-31T20:46:29.891+00:00,0.132915,0.4500539770015166,sqs-worker-5986dcd897-x8rdl,ip-192-168-20-201.ec2.internal,013586f9341a8dfe9ad60beca9be53be912cd90797c0b2d251bbe3731db14ccc,1,3713.0,4163.0
1,keda-mmpp-606-d4d333de,000107,62.743067,2026-08-31T20:46:27.832+00:00,2026-08-31T20:46:23.972+00:00,2026-08-31T20:46:29.728+00:00,2026-08-31T20:46:29.728+00:00,2026-08-31T20:46:30.198+00:00,2026-08-31T20:46:30.198+00:00,0.182668,0.4706679780010745,sqs-worker-5986dcd897-q8mkk,ip-192-168-20-201.ec2.internal,e3660eff0474808ac371bbe8f5890c232235d61789d334e7ae404a18072cce48,1,5756.0,6226.0
1,keda-mmpp-606-d4d333de,000113,64.767537,2026-08-31T20:46:29.857+00:00,2026-08-31T20:46:25.993+00:00,2026-08-31T20:46:30.215+00:00,2026-08-31T20:46:30.215+00:00,2026-08-31T20:46:30.220+00:00,2026-08-31T20:46:30.220+00:00,0.005,0.00503324900091684,sqs-worker-5986dcd897-q8mkk,ip-192-168-20-201.ec2.internal,05e864c9e5db42cd8e81f9a0dde410ca715e71cdce0999a20e164d83c05026ad,1,4222.0,4227.0
1,keda-mmpp-606-d4d333de,000109,63.638928,2026-08-31T20:46:28.728+00:00,2026-08-31T20:46:24.865+00:00,2026-08-31T20:46:32.972+00:00,2026-08-31T20:46:32.972+00:00,2026-08-31T20:46:33.101+00:00,2026-08-31T20:46:33.101+00:00,0.023818,0.12870810899948992,sqs-worker-5986dcd897-q8mkk,ip-192-168-20-201.ec2.internal,006ac52b645156fcfd668167ea9917fe29349511ed6f9b388a7a6d8dd992512f,1,8106.999999999999,8236.0
1,keda-mmpp-606-d4d333de,000119,67.900253,2026-08-31T20:46:32.990+00:00,2026-08-31T20:46:29.134+00:00,2026-08-31T20:46:31.851+00:00,2026-08-31T20:46:31.851+00:00,2026-08-31T20:46:32.214+00:00,2026-08-31T20:46:32.214+00:00,0.160351,0.3630608140010736,sqs-worker-5986dcd897-q8mkk,ip-192-168-20-201.ec2.internal,3a5b279b767547ca91693723586694748d4497122d111412e0136e147e60c6c0,1,2717.0,3080.0
1,keda-mmpp-606-d4d333de,000091,60.201203,2026-08-31T20:46:25.290+00:00,2026-08-31T20:46:21.437+00:00,2026-08-31T20:46:32.482+00:00,2026-08-31T20:46:32.482+00:00,2026-08-31T20:46:32.864+00:00,2026-08-31T20:46:32.864+00:00,0.065572,0.38208011700044153,sqs-worker-5986dcd897-q8mkk,ip-192-168-20-201.ec2.internal,e1c962e979e7402a523e833f548b74c4ff375ef144b9e5ab18f7ca1660cd0220,1,11045.0,11427.0
1,keda-mmpp-606-d4d333de,000115,66.525315,2026-08-31T20:46:31.614+00:00,2026-08-31T20:46:27.754+00:00,2026-08-31T20:46:33.175+00:00,2026-08-31T20:46:33.175+00:00,2026-08-31T20:46:33.898+00:00,2026-08-31T20:46:33.898+00:00,0.150329,0.7227680680007325,sqs-worker-5986dcd897-q8mkk,ip-192-168-20-201.ec2.internal,845e8813108ad396692279f654454e3527145ae8aae482f5f985a22834364c85,1,5421.0,6144.0
1,keda-mmpp-606-d4d333de,000072,49.468645,2026-08-31T20:46:14.559+00:00,2026-08-31T20:46:10.696+00:00,2026-08-31T20:46:34.508+00:00,2026-08-31T20:46:34.508+00:00,2026-08-31T20:46:34.533+00:00,2026-08-31T20:46:34.533+00:00,0.025645,0.025761363000128767,sqs-worker-5986dcd897-x8rdl,ip-192-168-20-201.ec2.internal,54424d99a89c5471aa0764a643ec509298076fa913977228ef5f5e97ca4b31fe,1,23812.0,23837.0
1,keda-mmpp-606-d4d333de,000106,62.645631,2026-08-31T20:46:27.735+00:00,2026-08-31T20:46:23.877+00:00,2026-08-31T20:46:34.546+00:00,2026-08-31T20:46:34.546+00:00,2026-08-31T20:46:35.111+00:00,2026-08-31T20:46:35.111+00:00,0.229705,0.5652394169992476,sqs-worker-5986dcd897-x8rdl,ip-192-168-20-201.ec2.internal,ff699385d7e9838185ebb514d913169fb0a99477f791d08220a9c90792e26805,1,10669.0,11234.0
1,keda-mmpp-606-d4d333de,000093,60.462695,2026-08-31T20:46:25.551+00:00,2026-08-31T20:46:21.699+00:00,2026-08-31T20:46:33.973+00:00,2026-08-31T20:46:33.973+00:00,2026-08-31T20:46:35.462+00:00,2026-08-31T20:46:35.462+00:00,0.406034,1.489027272000385,sqs-worker-5986dcd897-q8mkk,ip-192-168-20-201.ec2.internal,482c2311640e10e14247a4ac91a8e6901a047f700e5af8e6ec25a5ca570c21ae,1,12274.0,13763.0
1,keda-mmpp-606-d4d333de,000114,66.452293,2026-08-31T20:46:31.543+00:00,2026-08-31T20:46:27.684+00:00,2026-08-31T20:46:35.135+00:00,2026-08-31T20:46:35.135+00:00,2026-08-31T20:46:35.607+00:00,2026-08-31T20:46:35.607+00:00,0.19012,0.4717623430005915,sqs-worker-5986dcd897-x8rdl,ip-192-168-20-201.ec2.internal,aac78aa4991b6ad8f8d463753121c0537e74169635d412043bb46aeec854caad,1,7451.0,7923.0
1,keda-mmpp-606-d4d333de,000099,61.380375,2026-08-31T20:46:26.470+00:00,2026-08-31T20:46:22.606+00:00,2026-08-31T20:46:32.284+00:00,2026-08-31T20:46:32.284+00:00,2026-08-31T20:46:34.487+00:00,2026-08-31T20:46:34.487+00:00,0.729598,2.20340354200016,sqs-worker-5986dcd897-x8rdl,ip-192-168-20-201.ec2.internal,1de968a9fce273aa42592a3f01c8a89bcf2b7e0b0fdda737b25ad7fd15006ffd,1,9678.0,11881.0
1,keda-mmpp-606-d4d333de,000084,59.306738,2026-08-31T20:46:24.397+00:00,2026-08-31T20:46:20.536+00:00,2026-08-31T20:46:36.006+00:00,2026-08-31T20:46:36.006+00:00,2026-08-31T20:46:36.297+00:00,2026-08-31T20:46:36.297+00:00,0.135828,0.29035388700140174,sqs-worker-5986dcd897-x8rdl,ip-192-168-20-201.ec2.internal,a98dfc67f33dfd22449c815fbedae773e993d565a0832f112154f98ebf770a39,1,15470.0,15761.0
1,keda-mmpp-606-d4d333de,000117,66.960611,2026-08-31T20:46:32.050+00:00,2026-08-31T20:46:28.187+00:00,2026-08-31T20:46:36.316+00:00,2026-08-31T20:46:36.316+00:00,2026-08-31T20:46:36.804+00:00,2026-08-31T20:46:36.804+00:00,0.201902,0.48751051900035236,sqs-worker-5986dcd897-x8rdl,ip-192-168-20-201.ec2.internal,459af27cc6c007831a9ea6975e690097c72b670b0a42201595a968ae46980e4a,1,8129.0,8617.0
1,keda-mmpp-606-d4d333de,000076,51.273109,2026-08-31T20:46:16.364+00:00,2026-08-31T20:46:12.502+00:00,2026-08-31T20:46:35.484+00:00,2026-08-31T20:46:35.484+00:00,2026-08-31T20:46:36.972+00:00,2026-08-31T20:46:36.972+00:00,0.602377,1.4878141339995636,sqs-worker-5986dcd897-q8mkk,ip-192-168-20-201.ec2.internal,1340bab7093059e82dd3b8e8004d611be4523a41d18bf5f719c9b6b5cdd6e22a,1,22982.0,24470.0
1,keda-mmpp-606-d4d333de,000080,58.192808,2026-08-31T20:46:23.286+00:00,2026-08-31T20:46:19.428+00:00,2026-08-31T20:46:35.635+00:00,2026-08-31T20:46:35.635+00:00,2026-08-31T20:46:35.949+00:00,2026-08-31T20:46:35.949+00:00,0.121395,0.3147016660004738,sqs-worker-5986dcd897-x8rdl,ip-192-168-20-201.ec2.internal,5556d66192e7f1c111a7924947a9cc35bef5a8287675761c388ebed73a3c565c,1,16207.0,16521.0
1,keda-mmpp-606-d4d333de,000121,72.266699,2026-08-31T20:46:37.357+00:00,2026-08-31T20:46:33.501+00:00,2026-08-31T20:46:37.028+00:00,2026-08-31T20:46:37.028+00:00,2026-08-31T20:46:37.218+00:00,2026-08-31T20:46:37.218+00:00,0.080178,0.1898240150003403,sqs-worker-5986dcd897-x8rdl,ip-192-168-20-201.ec2.internal,178aa39297ce10ab142a870d9535a50e7911a6eaae56391d1f0de7018fffc9e3,1,3527.0,3717.0
1,keda-mmpp-606-d4d333de,000116,66.634192,2026-08-31T20:46:31.723+00:00,2026-08-31T20:46:27.861+00:00,2026-08-31T20:46:36.830+00:00,2026-08-31T20:46:36.830+00:00,2026-08-31T20:46:36.998+00:00,2026-08-31T20:46:36.998+00:00,0.071206,0.16793408899866336,sqs-worker-5986dcd897-x8rdl,ip-192-168-20-201.ec2.internal,a4640e4718cde3be946ec60eb42928ccf125e310577b70606566f55156a0de6a,1,8969.0,9137.0
1,keda-mmpp-606-d4d333de,000120,71.085875,2026-08-31T20:46:36.175+00:00,2026-08-31T20:46:32.320+00:00,2026-08-31T20:46:38.052+00:00,2026-08-31T20:46:38.052+00:00,2026-08-31T20:46:38.195+00:00,2026-08-31T20:46:38.195+00:00,0.061364,0.14247530300053768,sqs-worker-5986dcd897-q8mkk,ip-192-168-20-201.ec2.internal,7fee13bdba225d93c761876fa27e2ff84314f6a1138464d4360a2ce12c875a0c,1,5732.0,5875.0
1,keda-mmpp-606-d4d333de,000102,61.717022,2026-08-31T20:46:26.806+00:00,2026-08-31T20:46:22.948+00:00,2026-08-31T20:46:37.844+00:00,2026-08-31T20:46:37.844+00:00,2026-08-31T20:46:38.066+00:00,2026-08-31T20:46:38.066+00:00,0.10185,0.22231143299904943,sqs-worker-5986dcd897-mfwrf,ip-192-168-20-201.ec2.internal,e254588b8e1dba57c499e6cdfb61dfccb65db234e80837f1374ed53bf6007001,1,14896.0,15118.0
1,keda-mmpp-606-d4d333de,000122,75.197327,2026-08-31T20:46:40.286+00:00,2026-08-31T20:46:36.426+00:00,2026-08-31T20:46:37.001+00:00,2026-08-31T20:46:37.001+00:00,2026-08-31T20:46:37.509+00:00,2026-08-31T20:46:37.509+00:00,0.217418,0.5079791839998506,sqs-worker-5986dcd897-q8mkk,ip-192-168-20-201.ec2.internal,3daa9ec483223fd33a89d83c5b6d768f1c2ede6a02d9f5f8613967d991430678,1,575.0,1083.0
1,keda-mmpp-606-d4d333de,000094,60.648552,2026-08-31T20:46:25.737+00:00,2026-08-31T20:46:21.875+00:00,2026-08-31T20:46:37.553+00:00,2026-08-31T20:46:37.553+00:00,2026-08-31T20:46:37.998+00:00,2026-08-31T20:46:37.998+00:00,0.183185,0.4450302320001356,sqs-worker-5986dcd897-q8mkk,ip-192-168-20-201.ec2.internal,9124f9565ac665a2581a8559c2f120d46158bf6fe36b127e03a4b049c164ea31,1,15678.0,16123.000000000002
1,keda-mmpp-606-d4d333de,000088,60.098805,2026-08-31T20:46:25.187+00:00,2026-08-31T20:46:21.326+00:00,2026-08-31T20:46:37.233+00:00,2026-08-31T20:46:37.233+00:00,2026-08-31T20:46:38.110+00:00,2026-08-31T20:46:38.110+00:00,0.360277,0.8772014850001142,sqs-worker-5986dcd897-x8rdl,ip-192-168-20-201.ec2.internal,4b72e143bee1794ece56848248b20ec0e1ec92b0225f1f275474aec65a875fdc,1,15907.0,16784.0
1,keda-mmpp-606-d4d333de,000123,84.365041,2026-08-31T20:46:49.463+00:00,2026-08-31T20:46:45.600+00:00,2026-08-31T20:46:45.605+00:00,2026-08-31T20:46:45.605+00:00,2026-08-31T20:46:45.813+00:00,2026-08-31T20:46:45.813+00:00,0.103267,0.20869854900047358,sqs-worker-5986dcd897-q8mkk,ip-192-168-20-201.ec2.internal,13d8a173b4a450d4ae2c323995c0d1eab643914b9a6b17c55ea81e1f65685e8b,1,5.0,213.0
1,keda-mmpp-606-d4d333de,000125,86.417754,2026-08-31T20:46:51.508+00:00,2026-08-31T20:46:47.642+00:00,2026-08-31T20:46:47.646+00:00,2026-08-31T20:46:47.647+00:00,2026-08-31T20:46:47.755+00:00,2026-08-31T20:46:47.755+00:00,0.064406,0.10835530399890558,sqs-worker-5986dcd897-mfwrf,ip-192-168-20-201.ec2.internal,d32e5e40a474bf8679d9634671dc7178bdb5b0927ce8b5bd59dbd714cc21e619,1,4.0,113.0
1,keda-mmpp-606-d4d333de,000127,86.560865,2026-08-31T20:46:51.650+00:00,2026-08-31T20:46:47.797+00:00,2026-08-31T20:46:47.802+00:00,2026-08-31T20:46:47.802+00:00,2026-08-31T20:46:47.846+00:00,2026-08-31T20:46:47.846+00:00,0.022444,0.04443767299926549,sqs-worker-5986dcd897-mfwrf,ip-192-168-20-201.ec2.internal,fd283d67134318ad3d6333baa7f985e58d4c6e8a99adde9ca4f39506163826aa,1,5.0,49.0
1,keda-mmpp-606-d4d333de,000124,85.146345,2026-08-31T20:46:50.236+00:00,2026-08-31T20:46:46.370+00:00,2026-08-31T20:46:46.374+00:00,2026-08-31T20:46:46.374+00:00,2026-08-31T20:46:47.874+00:00,2026-08-31T20:46:47.874+00:00,0.600097,1.5002482720010448,sqs-worker-5986dcd897-x8rdl,ip-192-168-20-201.ec2.internal,0002c69819e457405fb8a3ac7e6963dec89ec15539d57f72b03595d3ec28d48c,1,4.0,1504.0
1,keda-mmpp-606-d4d333de,000128,87.043726,2026-08-31T20:46:52.133+00:00,2026-08-31T20:46:48.269+00:00,2026-08-31T20:46:48.337+00:00,2026-08-31T20:46:48.337+00:00,2026-08-31T20:46:48.342+00:00,2026-08-31T20:46:48.342+00:00,0.005,0.005067310999947949,sqs-worker-5986dcd897-mfwrf,ip-192-168-20-201.ec2.internal,e24b9b5c9bf3e1dcc51bda604069fdd06d58a745401c01024e517c9f6bdd70e6,1,68.0,73.0
1,keda-mmpp-606-d4d333de,000129,87.045514,2026-08-31T20:46:52.135+00:00,2026-08-31T20:46:48.274+00:00,2026-08-31T20:46:48.279+00:00,2026-08-31T20:46:48.279+00:00,2026-08-31T20:46:48.380+00:00,2026-08-31T20:46:48.380+00:00,0.054401,0.1013909560006141,sqs-worker-5986dcd897-q8mkk,ip-192-168-20-201.ec2.internal,a53c1e2cdc7a69bd67890fe4570350390943ea1a208f82fc0302ceff4ec2de4c,1,5.0,106.0
1,keda-mmpp-606-d4d333de,000130,87.342312,2026-08-31T20:46:52.431+00:00,2026-08-31T20:46:48.572+00:00,2026-08-31T20:46:48.575+00:00,2026-08-31T20:46:48.575+00:00,2026-08-31T20:46:48.675+00:00,2026-08-31T20:46:48.675+00:00,0.041309,0.09983797599852551,sqs-worker-5986dcd897-x8rdl,ip-192-168-20-201.ec2.internal,2bc66f8183f0f79338e3436067fa7ec52e75e563f1eb04a92aaea7590a0070b3,1,3.0,103.0
1,keda-mmpp-606-d4d333de,000132,87.4895,2026-08-31T20:46:52.578+00:00,2026-08-31T20:46:48.711+00:00,2026-08-31T20:46:48.715+00:00,2026-08-31T20:46:48.715+00:00,2026-08-31T20:46:48.878+00:00,2026-08-31T20:46:48.878+00:00,0.084492,0.16242015100033314,sqs-worker-5986dcd897-2c94q,ip-192-168-20-201.ec2.internal,c526c106cfd79ad03af2714dd92f86601bfc860e6bfb313185dc65a588112bcc,1,4.0,167.0
1,keda-mmpp-606-d4d333de,000133,87.539025,2026-08-31T20:46:52.628+00:00,2026-08-31T20:46:48.763+00:00,2026-08-31T20:46:48.777+00:00,2026-08-31T20:46:48.777+00:00,2026-08-31T20:46:49.538+00:00,2026-08-31T20:46:49.538+00:00,0.142673,0.761636424000244,sqs-worker-5986dcd897-mfwrf,ip-192-168-20-201.ec2.internal,c6822a315b4b67d24285de34b614c4746732178a0469b35ff4696c1b05ff0521,1,14.0,775.0
1,keda-mmpp-606-d4d333de,000131,87.476365,2026-08-31T20:46:52.565+00:00,2026-08-31T20:46:48.702+00:00,2026-08-31T20:46:48.706+00:00,2026-08-31T20:46:48.706+00:00,2026-08-31T20:46:50.295+00:00,2026-08-31T20:46:50.295+00:00,0.641374,1.5891541430009966,sqs-worker-5986dcd897-q8mkk,ip-192-168-20-201.ec2.internal,53203e90b451fe028d1940162adc4b1641a067c08db9a52907ac0903ae87d31f,1,4.0,1593.0
1,keda-mmpp-606-d4d333de,000126,86.532811,2026-08-31T20:46:51.622+00:00,2026-08-31T20:46:47.758+00:00,2026-08-31T20:46:47.762+00:00,2026-08-31T20:46:47.763+00:00,2026-08-31T20:46:48.035+00:00,2026-08-31T20:46:48.035+00:00,0.041161,0.2729081170000427,sqs-worker-5986dcd897-2c94q,ip-192-168-20-201.ec2.internal,0929065a69ad2f5d932a9b4b9b5146130938167e136bbfd042511132739654b8,1,4.0,277.0
1,keda-mmpp-606-d4d333de,000135,88.218897,2026-08-31T20:46:53.308+00:00,2026-08-31T20:46:49.444+00:00,2026-08-31T20:46:49.448+00:00,2026-08-31T20:46:49.448+00:00,2026-08-31T20:46:49.957+00:00,2026-08-31T20:46:49.957+00:00,0.21655,0.5092263630012894,sqs-worker-5986dcd897-2c94q,ip-192-168-20-201.ec2.internal,a32b32f0051e7db75f24d0df1b0170bd41b288a3da6f6d50e82e27d22b8cff00,1,4.0,513.0
1,keda-mmpp-606-d4d333de,000134,88.052829,2026-08-31T20:46:53.142+00:00,2026-08-31T20:46:49.281+00:00,2026-08-31T20:46:49.285+00:00,2026-08-31T20:46:49.286+00:00,2026-08-31T20:46:51.696+00:00,2026-08-31T20:46:51.696+00:00,0.543074,2.410643446000904,sqs-worker-5986dcd897-x8rdl,ip-192-168-20-201.ec2.internal,876a82c39856117ffce1cca08f5c5677219a3aa0a8f646b09f5d4af2e41f8448,1,4.0,2415.0
1,keda-mmpp-606-d4d333de,000136,91.298424,2026-08-31T20:46:56.387+00:00,2026-08-31T20:46:52.523+00:00,2026-08-31T20:46:52.527+00:00,2026-08-31T20:46:52.527+00:00,2026-08-31T20:46:52.753+00:00,2026-08-31T20:46:52.753+00:00,0.109125,0.2262018640012684,sqs-worker-5986dcd897-mfwrf,ip-192-168-20-201.ec2.internal,d860b1c03b705ae166c1e52a03662c7b11ee0b6188609da910512a593b752044,1,4.0,230.0
1,keda-mmpp-606-d4d333de,000139,91.88613,2026-08-31T20:46:56.974+00:00,2026-08-31T20:46:53.114+00:00,2026-08-31T20:46:53.118+00:00,2026-08-31T20:46:53.118+00:00,2026-08-31T20:46:53.259+00:00,2026-08-31T20:46:53.259+00:00,0.082253,0.141373331000068,sqs-worker-5986dcd897-mfwrf,ip-192-168-20-201.ec2.internal,98b971330b0f419090bf34ad52ad1fd67428e30c739716e159f6b26df0dd453b,1,4.0,145.0
1,keda-mmpp-606-d4d333de,000137,91.524801,2026-08-31T20:46:56.613+00:00,2026-08-31T20:46:52.748+00:00,2026-08-31T20:46:52.753+00:00,2026-08-31T20:46:52.753+00:00,2026-08-31T20:46:53.357+00:00,2026-08-31T20:46:53.357+00:00,0.256275,0.6044933739995031,sqs-worker-5986dcd897-2c94q,ip-192-168-20-201.ec2.internal,7f02d1dfb0869f846db9cc06ff87b03092033986edefe1dd88e575cbcd04f081,1,5.0,609.0
1,keda-mmpp-606-d4d333de,000140,91.908117,2026-08-31T20:46:56.996+00:00,2026-08-31T20:46:53.134+00:00,2026-08-31T20:46:53.167+00:00,2026-08-31T20:46:53.167+00:00,2026-08-31T20:46:54.663+00:00,2026-08-31T20:46:54.663+00:00,0.464871,1.4968997949999903,sqs-worker-5986dcd897-q8mkk,ip-192-168-20-201.ec2.internal,d23df4ba60aa7130c5179e10745623a8d2fca624a40276213791e8949ce140d6,1,33.0,1529.0
1,keda-mmpp-606-d4d333de,000138,91.545336,2026-08-31T20:46:56.633+00:00,2026-08-31T20:46:52.768+00:00,2026-08-31T20:46:52.771+00:00,2026-08-31T20:46:52.771+00:00,2026-08-31T20:46:54.809+00:00,2026-08-31T20:46:54.809+00:00,0.833574,2.038134786000228,sqs-worker-5986dcd897-x8rdl,ip-192-168-20-201.ec2.internal,c48647f239de099eef7d8225f8bacce980d297ec96767ea72e3b2c0a1b788ae7,1,3.0,2041.0
1,keda-mmpp-606-d4d333de,000141,96.335923,2026-08-31T20:47:01.428+00:00,2026-08-31T20:46:57.564+00:00,2026-08-31T20:46:57.569+00:00,2026-08-31T20:46:57.569+00:00,2026-08-31T20:46:58.375+00:00,2026-08-31T20:46:58.375+00:00,0.331865,0.8063290580012108,sqs-worker-5986dcd897-q8mkk,ip-192-168-20-201.ec2.internal,7d06471b3a8299dc70e5acedcea95197593e838054f86eac6e56512c885cdaa9,1,5.0,811.0
1,keda-mmpp-606-d4d333de,000142,97.163344,2026-08-31T20:47:02.252+00:00,2026-08-31T20:46:58.392+00:00,2026-08-31T20:46:58.396+00:00,2026-08-31T20:46:58.396+00:00,2026-08-31T20:46:58.595+00:00,2026-08-31T20:46:58.595+00:00,0.092036,0.1990233830001671,sqs-worker-5986dcd897-x8rdl,ip-192-168-20-201.ec2.internal,1d06acb04fe8f163674dec8b35cc8b71ed0e7d9c1eef9f434a779adcabdf8b79,1,4.0,203.0
1,keda-mmpp-606-d4d333de,000144,99.229304,2026-08-31T20:47:04.317+00:00,2026-08-31T20:47:00.452+00:00,2026-08-31T20:47:00.487+00:00,2026-08-31T20:47:00.487+00:00,2026-08-31T20:47:00.791+00:00,2026-08-31T20:47:00.791+00:00,0.057926,0.3044650250012637,sqs-worker-5986dcd897-x8rdl,ip-192-168-20-201.ec2.internal,f5b16b2032767360559be7f30eb0b6c23598ba05c620b2acceb290ddcdd37203,1,35.0,339.0
1,keda-mmpp-606-d4d333de,000145,99.586733,2026-08-31T20:47:04.675+00:00,2026-08-31T20:47:00.810+00:00,2026-08-31T20:47:00.814+00:00,2026-08-31T20:47:00.814+00:00,2026-08-31T20:47:00.937+00:00,2026-08-31T20:47:00.937+00:00,0.079295,0.12278995800079429,sqs-worker-5986dcd897-q8mkk,ip-192-168-20-201.ec2.internal,ad75c5bdaed363bc25b4aec734c8558e74a7ddcc46c85e7ac1a77ccdead8bae4,1,4.0,127.0
1,keda-mmpp-606-d4d333de,000146,99.763386,2026-08-31T20:47:04.851+00:00,2026-08-31T20:47:00.986+00:00,2026-08-31T20:47:00.989+00:00,2026-08-31T20:47:00.989+00:00,2026-08-31T20:47:01.029+00:00,2026-08-31T20:47:01.029+00:00,0.038898,0.04000379199896997,sqs-worker-5986dcd897-2c94q,ip-192-168-20-201.ec2.internal,eef9683ea0be17533ccccf5e496f76738fcadd69d00a9c835542f8f009521d6b,1,3.0,43.0
1,keda-mmpp-606-d4d333de,000143,98.969051,2026-08-31T20:47:04.058+00:00,2026-08-31T20:47:00.196+00:00,2026-08-31T20:47:00.200+00:00,2026-08-31T20:47:00.200+00:00,2026-08-31T20:47:01.663+00:00,2026-08-31T20:47:01.663+00:00,0.620308,1.4626261499997781,sqs-worker-5986dcd897-mfwrf,ip-192-168-20-201.ec2.internal,8d77c66a7310b8bfe49c2f1851f694a08bff158dd8124c96a5a6a6d35693bbfe,1,4.0,1467.0
1,keda-mmpp-606-d4d333de,000147,100.626149,2026-08-31T20:47:05.715+00:00,2026-08-31T20:47:01.850+00:00,2026-08-31T20:47:01.854+00:00,2026-08-31T20:47:01.854+00:00,2026-08-31T20:47:01.868+00:00,2026-08-31T20:47:01.868+00:00,0.013645,0.013686279999092221,sqs-worker-5986dcd897-x8rdl,ip-192-168-20-201.ec2.internal,03f0ab72d7ed522947248f436093660dc71ba78fd46ae08177d758f9370d7669,1,4.0,18.0
1,keda-mmpp-606-d4d333de,000148,100.752812,2026-08-31T20:47:05.840+00:00,2026-08-31T20:47:01.973+00:00,2026-08-31T20:47:01.977+00:00,2026-08-31T20:47:01.977+00:00,2026-08-31T20:47:02.323+00:00,2026-08-31T20:47:02.323+00:00,0.150104,0.3457491299996036,sqs-worker-5986dcd897-x8rdl,ip-192-168-20-201.ec2.internal,8ba916df819adbb340c489289cde10873f05291ff5f2d3f48f9c3239a6de90ab,1,4.0,350.0
1,keda-mmpp-606-d4d333de,000150,101.033632,2026-08-31T20:47:06.121+00:00,2026-08-31T20:47:02.260+00:00,2026-08-31T20:47:02.264+00:00,2026-08-31T20:47:02.264+00:00,2026-08-31T20:47:02.661+00:00,2026-08-31T20:47:02.661+00:00,0.064835,0.39723359100025846,sqs-worker-5986dcd897-q8mkk,ip-192-168-20-201.ec2.internal,db8a4bfec446fc59ca3984bfaf151681e990c61d67d869c384cae9ccf92ee0f1,1,4.0,401.0
1,keda-mmpp-606-d4d333de,000149,100.924338,2026-08-31T20:47:06.012+00:00,2026-08-31T20:47:02.147+00:00,2026-08-31T20:47:02.152+00:00,2026-08-31T20:47:02.153+00:00,2026-08-31T20:47:02.730+00:00,2026-08-31T20:47:02.730+00:00,0.240931,0.5776837670000532,sqs-worker-5986dcd897-mfwrf,ip-192-168-20-201.ec2.internal,e4e3b387b9d97e911361eed38ec79834fd919cc6a88994488596e5e4ea23b26c,1,5.0,583.0
1,keda-mmpp-606-d4d333de,000151,101.609651,2026-08-31T20:47:06.698+00:00,2026-08-31T20:47:02.836+00:00,2026-08-31T20:47:02.840+00:00,2026-08-31T20:47:02.840+00:00,2026-08-31T20:47:02.950+00:00,2026-08-31T20:47:02.950+00:00,0.059747,0.11071040400020138,sqs-worker-5986dcd897-mfwrf,ip-192-168-20-201.ec2.internal,9a3188cfed42b7d5b6634f3a358cced6789a14631bd137db34848228b485f581,1,4.0,114.0
1,keda-mmpp-606-d4d333de,000152,107.279499,2026-08-31T20:47:12.373+00:00,2026-08-31T20:47:08.508+00:00,2026-08-31T20:47:08.512+00:00,2026-08-31T20:47:08.512+00:00,2026-08-31T20:47:09.369+00:00,2026-08-31T20:47:09.369+00:00,0.3776,0.8565594760002568,sqs-worker-5986dcd897-2c94q,ip-192-168-20-201.ec2.internal,c2e1e170f89ea01252177e6bcd478469de1c6ae0936cab8eb49b1700c89c2877,1,4.0,861.0
1,keda-mmpp-606-d4d333de,000154,111.341193,2026-08-31T20:47:16.431+00:00,2026-08-31T20:47:12.566+00:00,2026-08-31T20:47:12.570+00:00,2026-08-31T20:47:12.570+00:00,2026-08-31T20:47:12.612+00:00,2026-08-31T20:47:12.612+00:00,0.031611,0.04169910500058904,sqs-worker-5986dcd897-2c94q,ip-192-168-20-201.ec2.internal,9a6dba369cf0eea230750b58a64990012b1c4775f3ce38c0a18d46672994b997,1,4.0,46.0
1,keda-mmpp-606-d4d333de,000155,111.581755,2026-08-31T20:47:16.669+00:00,2026-08-31T20:47:12.804+00:00,2026-08-31T20:47:12.808+00:00,2026-08-31T20:47:12.808+00:00,2026-08-31T20:47:12.943+00:00,2026-08-31T20:47:12.943+00:00,0.072758,0.13517215800129634,sqs-worker-5986dcd897-mfwrf,ip-192-168-20-201.ec2.internal,87c1aeec489946fbc64baa1144f45e4c5b6dd6033795e0c409d64aa490533ac1,1,4.0,139.0
1,keda-mmpp-606-d4d333de,000153,109.412227,2026-08-31T20:47:14.501+00:00,2026-08-31T20:47:10.641+00:00,2026-08-31T20:47:10.646+00:00,2026-08-31T20:47:10.646+00:00,2026-08-31T20:47:12.798+00:00,2026-08-31T20:47:12.798+00:00,0.761296,2.1515170659986325,sqs-worker-5986dcd897-q8mkk,ip-192-168-20-201.ec2.internal,2e91c826c9f51461ae2fb2c9cd39ac88e588a45984fced4e19ca90764dbb061a,1,5.0,2157.0
1,keda-mmpp-606-d4d333de,000159,112.471812,2026-08-31T20:47:17.559+00:00,2026-08-31T20:47:13.691+00:00,2026-08-31T20:47:13.697+00:00,2026-08-31T20:47:13.697+00:00,2026-08-31T20:47:13.799+00:00,2026-08-31T20:47:13.799+00:00,0.053436,0.10253525400003127,sqs-worker-5986dcd897-x8rdl,ip-192-168-20-201.ec2.internal,115e64098f8adae5a0c998aee8846ab40aea8b174a98892501f07762dba1af84,1,6.0,108.0
1,keda-mmpp-606-d4d333de,000157,112.219585,2026-08-31T20:47:17.307+00:00,2026-08-31T20:47:13.442+00:00,2026-08-31T20:47:13.449+00:00,2026-08-31T20:47:13.449+00:00,2026-08-31T20:47:13.841+00:00,2026-08-31T20:47:13.841+00:00,0.159325,0.3920052890007355,sqs-worker-5986dcd897-2c94q,ip-192-168-20-201.ec2.internal,b2ad3c3ebad4e6d2d6c79779b197c68794e32de585968047b115171e5e7783ca,1,7.0,399.0
1,keda-mmpp-606-d4d333de,000158,112.40572,2026-08-31T20:47:17.493+00:00,2026-08-31T20:47:13.629+00:00,2026-08-31T20:47:13.633+00:00,2026-08-31T20:47:13.633+00:00,2026-08-31T20:47:13.832+00:00,2026-08-31T20:47:13.832+00:00,0.082756,0.19903610599976673,sqs-worker-5986dcd897-mfwrf,ip-192-168-20-201.ec2.internal,d71c3d9b6cd743b9369d8c657a93d58148fbff14483b29b66cf79f469066f190,1,4.0,203.0
1,keda-mmpp-606-d4d333de,000160,112.85902,2026-08-31T20:47:17.947+00:00,2026-08-31T20:47:14.080+00:00,2026-08-31T20:47:14.085+00:00,2026-08-31T20:47:14.085+00:00,2026-08-31T20:47:14.633+00:00,2026-08-31T20:47:14.633+00:00,0.239066,0.548032400000011,sqs-worker-5986dcd897-mfwrf,ip-192-168-20-201.ec2.internal,5924e5aca3b22582782fa7398cc6731c92e61bece29f455e37df992c3b20ce87,1,5.0,553.0
1,keda-mmpp-606-d4d333de,000156,112.125366,2026-08-31T20:47:17.213+00:00,2026-08-31T20:47:13.345+00:00,2026-08-31T20:47:13.366+00:00,2026-08-31T20:47:13.366+00:00,2026-08-31T20:47:14.772+00:00,2026-08-31T20:47:14.772+00:00,0.349046,1.4054433880010038,sqs-worker-5986dcd897-q8mkk,ip-192-168-20-201.ec2.internal,71e1995c8f2fcb6d61071f89e674a92b5e38cbe70eea4f935fd9077139d456de,1,21.0,1427.0
1,keda-mmpp-606-d4d333de,000161,113.647947,2026-08-31T20:47:18.736+00:00,2026-08-31T20:47:14.871+00:00,2026-08-31T20:47:14.875+00:00,2026-08-31T20:47:14.875+00:00,2026-08-31T20:47:15.304+00:00,2026-08-31T20:47:15.304+00:00,0.18994,0.4287298509989341,sqs-worker-5986dcd897-x8rdl,ip-192-168-20-201.ec2.internal,adc24108281470e391f348e1f3b031eb4e1ab910a1119dde233549e316422d98,1,4.0,433.0
1,keda-mmpp-606-d4d333de,000163,116.551571,2026-08-31T20:47:21.639+00:00,2026-08-31T20:47:17.777+00:00,2026-08-31T20:47:17.783+00:00,2026-08-31T20:47:17.783+00:00,2026-08-31T20:47:17.917+00:00,2026-08-31T20:47:17.917+00:00,0.073543,0.1342438690007839,sqs-worker-5986dcd897-x8rdl,ip-192-168-20-201.ec2.internal,2319e7d809fe1666123aa9b39200b7444e67bd527e6656083714efd3b5dbf53e,1,6.0,140.0
1,keda-mmpp-606-d4d333de,000162,116.532952,2026-08-31T20:47:21.623+00:00,2026-08-31T20:47:17.758+00:00,2026-08-31T20:47:17.763+00:00,2026-08-31T20:47:17.763+00:00,2026-08-31T20:47:18.536+00:00,2026-08-31T20:47:18.536+00:00,0.261228,0.7737016369992489,sqs-worker-5986dcd897-mfwrf,ip-192-168-20-201.ec2.internal,4bc65bd577331fca234c3de83a74427e18736c5b1fece9c3054372479cf170b2,1,5.0,778.0
1,keda-mmpp-606-d4d333de,000165,117.479484,2026-08-31T20:47:22.567+00:00,2026-08-31T20:47:18.703+00:00,2026-08-31T20:47:18.730+00:00,2026-08-31T20:47:18.730+00:00,2026-08-31T20:47:18.740+00:00,2026-08-31T20:47:18.740+00:00,0.005,0.01010269799917296,sqs-worker-5986dcd897-mfwrf,ip-192-168-20-201.ec2.internal,f3b6a028b0e6fdb8821c9e462a3d95af46f7d4066aa0ed98bfc58b60ffdc2ad1,1,27.0,37.0
1,keda-mmpp-606-d4d333de,000167,117.564191,2026-08-31T20:47:22.652+00:00,2026-08-31T20:47:18.790+00:00,2026-08-31T20:47:18.836+00:00,2026-08-31T20:47:18.836+00:00,2026-08-31T20:47:18.842+00:00,2026-08-31T20:47:18.842+00:00,0.005,0.005061522999312729,sqs-worker-5986dcd897-mfwrf,ip-192-168-20-201.ec2.internal,5454e729d008249c7091923027e42dae4f671abff6ae8490a9b1a60660fa11a5,1,46.0,52.0
1,keda-mmpp-606-d4d333de,000166,117.555678,2026-08-31T20:47:22.643+00:00,2026-08-31T20:47:18.777+00:00,2026-08-31T20:47:18.782+00:00,2026-08-31T20:47:18.782+00:00,2026-08-31T20:47:19.210+00:00,2026-08-31T20:47:19.210+00:00,0.19036,0.42828799600101775,sqs-worker-5986dcd897-q8mkk,ip-192-168-20-201.ec2.internal,1e58d2699ba8bcf44593a66fb8cecdaf9b140613829132cd9abeba3eb8b5dbe5,1,5.0,433.0
1,keda-mmpp-606-d4d333de,000169,117.871133,2026-08-31T20:47:22.959+00:00,2026-08-31T20:47:19.092+00:00,2026-08-31T20:47:19.095+00:00,2026-08-31T20:47:19.095+00:00,2026-08-31T20:47:19.352+00:00,2026-08-31T20:47:19.352+00:00,0.121213,0.2562534609987779,sqs-worker-5986dcd897-2c94q,ip-192-168-20-201.ec2.internal,38b25c0f69e6439bfcdaadf851685989e1b919f9eddaf27f479cb1293a60e2a7,1,3.0,260.0
1,keda-mmpp-606-d4d333de,000168,117.694624,2026-08-31T20:47:22.782+00:00,2026-08-31T20:47:18.916+00:00,2026-08-31T20:47:18.930+00:00,2026-08-31T20:47:18.930+00:00,2026-08-31T20:47:19.033+00:00,2026-08-31T20:47:19.033+00:00,0.023322,0.10282015799930377,sqs-worker-5986dcd897-mfwrf,ip-192-168-20-201.ec2.internal,e9362be2a26e3da085f4fb31c9f6bf96e8d2e310f320b5c21e868eef14f27810,1,14.0,117.0
1,keda-mmpp-606-d4d333de,000171,117.930221,2026-08-31T20:47:23.018+00:00,2026-08-31T20:47:19.152+00:00,2026-08-31T20:47:19.230+00:00,2026-08-31T20:47:19.230+00:00,2026-08-31T20:47:19.248+00:00,2026-08-31T20:47:19.248+00:00,0.016385,0.018145501000617514,sqs-worker-5986dcd897-mfwrf,ip-192-168-20-201.ec2.internal,274aaadcd63e93c0fc02c5e5bbb72f853fbbc795aa29e9f2776803a303f8a509,1,78.0,96.0
1,keda-mmpp-606-d4d333de,000172,118.20912,2026-08-31T20:47:23.297+00:00,2026-08-31T20:47:19.430+00:00,2026-08-31T20:47:19.434+00:00,2026-08-31T20:47:19.434+00:00,2026-08-31T20:47:19.938+00:00,2026-08-31T20:47:19.938+00:00,0.20354,0.50404411099953,sqs-worker-5986dcd897-2c94q,ip-192-168-20-201.ec2.internal,941738b6820b6406d4ce7e092c84dbbf3baa5d944c35f06aff01eb59c454f370,1,4.0,508.0
1,keda-mmpp-606-d4d333de,000175,118.679187,2026-08-31T20:47:23.767+00:00,2026-08-31T20:47:19.899+00:00,2026-08-31T20:47:19.982+00:00,2026-08-31T20:47:19.982+00:00,2026-08-31T20:47:20.014+00:00,2026-08-31T20:47:20.014+00:00,0.018707,0.03155425600016315,sqs-worker-5986dcd897-2c94q,ip-192-168-20-201.ec2.internal,d3400a8532461e42d0c7196246d99b62a5ba0f7567398d6ea0f0e92a216b2e1e,1,83.0,115.0
1,keda-mmpp-606-d4d333de,000173,118.356583,2026-08-31T20:47:23.444+00:00,2026-08-31T20:47:19.578+00:00,2026-08-31T20:47:19.585+00:00,2026-08-31T20:47:19.585+00:00,2026-08-31T20:47:20.445+00:00,2026-08-31T20:47:20.445+00:00,0.169908,0.859963744000197,sqs-worker-5986dcd897-mfwrf,ip-192-168-20-201.ec2.internal,f6c507c401b30a73824574ca9034e3ebeef0e27848a19777aa09fbaa9667ca46,1,7.0,867.0
1,keda-mmpp-606-d4d333de,000164,117.309631,2026-08-31T20:47:22.398+00:00,2026-08-31T20:47:18.534+00:00,2026-08-31T20:47:18.538+00:00,2026-08-31T20:47:18.539+00:00,2026-08-31T20:47:20.500+00:00,2026-08-31T20:47:20.500+00:00,0.645849,1.9613582160000078,sqs-worker-5986dcd897-x8rdl,ip-192-168-20-201.ec2.internal,a1e6377afb2dbb738bdce07bfcfcfe2d71cf2e583010d0fd276caaca5bea9a78,1,4.0,1966.0
1,keda-mmpp-606-d4d333de,000170,117.893121,2026-08-31T20:47:22.981+00:00,2026-08-31T20:47:19.114+00:00,2026-08-31T20:47:19.118+00:00,2026-08-31T20:47:19.118+00:00,2026-08-31T20:47:19.141+00:00,2026-08-31T20:47:19.141+00:00,0.005595,0.022695417999784695,sqs-worker-5986dcd897-mfwrf,ip-192-168-20-201.ec2.internal,7d5bc69c57cbf24e0b899ffb23af62917fa4e77fbeb5cda59143e6eabbf7df2f,1,4.0,27.0
1,keda-mmpp-606-d4d333de,000174,118.513134,2026-08-31T20:47:23.601+00:00,2026-08-31T20:47:19.734+00:00,2026-08-31T20:47:19.738+00:00,2026-08-31T20:47:19.738+00:00,2026-08-31T20:47:20.398+00:00,2026-08-31T20:47:20.398+00:00,0.283281,0.660336451999683,sqs-worker-5986dcd897-q8mkk,ip-192-168-20-201.ec2.internal,f8781d1d0979b8a228353f3c3448b80b41ad296c92b9dab3ef9db1b487650907,1,4.0,664.0
1,keda-mmpp-606-d4d333de,000176,119.357882,2026-08-31T20:47:24.445+00:00,2026-08-31T20:47:20.586+00:00,2026-08-31T20:47:20.594+00:00,2026-08-31T20:47:20.594+00:00,2026-08-31T20:47:21.514+00:00,2026-08-31T20:47:21.514+00:00,0.379118,0.91999323500022,sqs-worker-5986dcd897-q8mkk,ip-192-168-20-201.ec2.internal,896bd473a952a6136d36f52c6301e81ac1b3e9f75aa7c2126e2ae9e8313936e9,1,8.0,928.0
1,keda-mmpp-606-d4d333de,000178,120.055934,2026-08-31T20:47:25.143+00:00,2026-08-31T20:47:21.279+00:00,2026-08-31T20:47:21.283+00:00,2026-08-31T20:47:21.283+00:00,2026-08-31T20:47:22.230+00:00,2026-08-31T20:47:22.230+00:00,0.380208,0.946833007999885,sqs-worker-5986dcd897-mfwrf,ip-192-168-20-201.ec2.internal,83559bd2770e5decdc777a052ee6fbf1954b6d1b1005326d48c6776d2861a0e0,1,4.0,951.0
1,keda-mmpp-606-d4d333de,000177,119.366487,2026-08-31T20:47:24.454+00:00,2026-08-31T20:47:20.593+00:00,2026-08-31T20:47:20.598+00:00,2026-08-31T20:47:20.599+00:00,2026-08-31T20:47:23.775+00:00,2026-08-31T20:47:23.775+00:00,0.81256,3.1761479930009955,sqs-worker-5986dcd897-x8rdl,ip-192-168-20-201.ec2.internal,c93880c8123b4f359d2cb44be2eadbdb261e8a605ee47143050086b460165dd0,1,5.0,3182.0
1,keda-mmpp-606-d4d333de,000179,126.718609,2026-08-31T20:47:31.811+00:00,2026-08-31T20:47:27.953+00:00,2026-08-31T20:47:27.958+00:00,2026-08-31T20:47:27.958+00:00,2026-08-31T20:47:28.010+00:00,2026-08-31T20:47:28.010+00:00,0.051498,0.05214964200058603,sqs-worker-5986dcd897-x8rdl,ip-192-168-20-201.ec2.internal,11ad1663379c7fd29c9c02a09a0e2f1710425587a5a02f1d8fe083413827a51b,1,5.0,57.0
1,keda-mmpp-606-d4d333de,000180,129.780212,2026-08-31T20:47:34.868+00:00,2026-08-31T20:47:31.002+00:00,2026-08-31T20:47:31.059+00:00,2026-08-31T20:47:31.059+00:00,2026-08-31T20:47:31.265+00:00,2026-08-31T20:47:31.265+00:00,0.084006,0.2058607340004528,sqs-worker-5986dcd897-q8mkk,ip-192-168-20-201.ec2.internal,02fb76911e77deb896d1e532394f48cf343b4da7cb57807d3a4a5c97a3a31f58,1,57.0,263.0
1,keda-mmpp-606-d4d333de,000183,131.159641,2026-08-31T20:47:36.246+00:00,2026-08-31T20:47:32.387+00:00,2026-08-31T20:47:32.391+00:00,2026-08-31T20:47:32.391+00:00,2026-08-31T20:47:32.741+00:00,2026-08-31T20:47:32.741+00:00,0.160397,0.3493398039991007,sqs-worker-5986dcd897-2c94q,ip-192-168-20-201.ec2.internal,998b020095314b21e2429c3bef732f988c00a00b00ef617b2708135eb2cb198a,1,4.0,354.0
1,keda-mmpp-606-d4d333de,000182,131.10331,2026-08-31T20:47:36.189+00:00,2026-08-31T20:47:32.327+00:00,2026-08-31T20:47:32.331+00:00,2026-08-31T20:47:32.331+00:00,2026-08-31T20:47:33.162+00:00,2026-08-31T20:47:33.162+00:00,0.350091,0.8312147550004738,sqs-worker-5986dcd897-mfwrf,ip-192-168-20-201.ec2.internal,01bd2e2ede83475b198e420bd60781a3051e93e3ab62bc21d686d791e0160fe7,1,4.0,835.0
1,keda-mmpp-606-d4d333de,000186,132.083248,2026-08-31T20:47:37.169+00:00,2026-08-31T20:47:33.304+00:00,2026-08-31T20:47:33.308+00:00,2026-08-31T20:47:33.308+00:00,2026-08-31T20:47:33.335+00:00,2026-08-31T20:47:33.335+00:00,0.026652,0.026740766999864718,sqs-worker-5986dcd897-mfwrf,ip-192-168-20-201.ec2.internal,137418e763ef68f77ad803740efbfddb78c2c70087e7cad32b01f40ae1d4a6db,1,4.0,31.0
1,keda-mmpp-606-d4d333de,000187,132.149236,2026-08-31T20:47:37.235+00:00,2026-08-31T20:47:33.370+00:00,2026-08-31T20:47:33.374+00:00,2026-08-31T20:47:33.374+00:00,2026-08-31T20:47:33.648+00:00,2026-08-31T20:47:33.648+00:00,0.126267,0.2743491279998125,sqs-worker-5986dcd897-mfwrf,ip-192-168-20-201.ec2.internal,f7dd7a7daf1b054cb021ac53284a622e6b1101384d1fb2d337025dccb6aa86fa,1,4.0,278.0
1,keda-mmpp-606-d4d333de,000181,131.065403,2026-08-31T20:47:36.153+00:00,2026-08-31T20:47:32.290+00:00,2026-08-31T20:47:32.294+00:00,2026-08-31T20:47:32.294+00:00,2026-08-31T20:47:33.575+00:00,2026-08-31T20:47:33.575+00:00,0.234734,1.2813737929991476,sqs-worker-5986dcd897-q8mkk,ip-192-168-20-201.ec2.internal,e0b66aa38f4975f8113d2c71f458c802d9b7f986d652a853abfbeb4718b95955,1,4.0,1285.0
1,keda-mmpp-606-d4d333de,000185,131.896608,2026-08-31T20:47:36.983+00:00,2026-08-31T20:47:33.130+00:00,2026-08-31T20:47:33.134+00:00,2026-08-31T20:47:33.134+00:00,2026-08-31T20:47:33.945+00:00,2026-08-31T20:47:33.945+00:00,0.331441,0.8118860970007518,sqs-worker-5986dcd897-2c94q,ip-192-168-20-201.ec2.internal,b396935faf377c937968cdaf9ba27433ec12acdb24b16a39ecbdfc8690ce4d24,1,4.0,815.0
1,keda-mmpp-606-d4d333de,000192,132.973507,2026-08-31T20:47:38.060+00:00,2026-08-31T20:47:34.194+00:00,2026-08-31T20:47:34.364+00:00,2026-08-31T20:47:34.364+00:00,2026-08-31T20:47:34.377+00:00,2026-08-31T20:47:34.377+00:00,0.005,0.012632089001272107,sqs-worker-5986dcd897-mfwrf,ip-192-168-20-201.ec2.internal,d72d69917612c7c235a427b3f6deb916b14948dd874b6c2230623115cdcec1c0,1,170.0,183.0
1,keda-mmpp-606-d4d333de,000191,132.699805,2026-08-31T20:47:37.786+00:00,2026-08-31T20:47:33.921+00:00,2026-08-31T20:47:34.018+00:00,2026-08-31T20:47:34.018+00:00,2026-08-31T20:47:34.083+00:00,2026-08-31T20:47:34.083+00:00,0.057089,0.06532798900116177,sqs-worker-5986dcd897-2c94q,ip-192-168-20-201.ec2.internal,1fe379c36f72262fece63992d979d88346caa1a04aae08d0eb632cba15ba828c,1,97.0,162.0
1,keda-mmpp-606-d4d333de,000184,131.327586,2026-08-31T20:47:36.414+00:00,2026-08-31T20:47:32.550+00:00,2026-08-31T20:47:32.554+00:00,2026-08-31T20:47:32.554+00:00,2026-08-31T20:47:34.686+00:00,2026-08-31T20:47:34.686+00:00,0.861075,2.132184394000433,sqs-worker-5986dcd897-x8rdl,ip-192-168-20-201.ec2.internal,8b4fa18242aa3ce9e743e41d1ccf5fbc158df0632f3b4bc1125cacd863085624,1,4.0,2136.0
1,keda-mmpp-606-d4d333de,000193,133.270515,2026-08-31T20:47:38.357+00:00,2026-08-31T20:47:34.498+00:00,2026-08-31T20:47:34.503+00:00,2026-08-31T20:47:34.503+00:00,2026-08-31T20:47:35.286+00:00,2026-08-31T20:47:35.286+00:00,0.338554,0.7827361729996483,sqs-worker-5986dcd897-mfwrf,ip-192-168-20-201.ec2.internal,de144f9fa744f1eaf6e2865e609811e62e767addb8d40756636a005809bea4ad,1,5.0,788.0
1,keda-mmpp-606-d4d333de,000194,133.581589,2026-08-31T20:47:38.668+00:00,2026-08-31T20:47:34.802+00:00,2026-08-31T20:47:34.812+00:00,2026-08-31T20:47:34.812+00:00,2026-08-31T20:47:35.203+00:00,2026-08-31T20:47:35.203+00:00,0.179786,0.3905590680005844,sqs-worker-5986dcd897-x8rdl,ip-192-168-20-201.ec2.internal,91ad3e35d32f5ae1e0ee5966df68cc46d2fa563922c837782131e2f674cc97d2,1,10.0,401.0
1,keda-mmpp-606-d4d333de,000195,133.679015,2026-08-31T20:47:38.765+00:00,2026-08-31T20:47:34.900+00:00,2026-08-31T20:47:35.241+00:00,2026-08-31T20:47:35.241+00:00,2026-08-31T20:47:35.422+00:00,2026-08-31T20:47:35.422+00:00,0.084599,0.18075263199898473,sqs-worker-5986dcd897-x8rdl,ip-192-168-20-201.ec2.internal,7cf8c2ec9f9914c782751e30787b0ee4dd38e3ef9ada57fda308e3d8837b3016,1,341.0,522.0
1,keda-mmpp-606-d4d333de,000197,134.5181,2026-08-31T20:47:39.604+00:00,2026-08-31T20:47:35.747+00:00,2026-08-31T20:47:35.754+00:00,2026-08-31T20:47:35.754+00:00,2026-08-31T20:47:35.759+00:00,2026-08-31T20:47:35.759+00:00,0.005,0.0050571059982758015,sqs-worker-5986dcd897-q8mkk,ip-192-168-20-201.ec2.internal,d02f7fe1283440585c6ca2868a55ff47df7724ff8f19503cbaa29526a5cb351e,1,7.0,12.0
1,keda-mmpp-606-d4d333de,000189,132.599193,2026-08-31T20:47:37.687+00:00,2026-08-31T20:47:33.826+00:00,2026-08-31T20:47:33.830+00:00,2026-08-31T20:47:33.830+00:00,2026-08-31T20:47:34.274+00:00,2026-08-31T20:47:34.274+00:00,0.198997,0.4434788229991682,sqs-worker-5986dcd897-mfwrf,ip-192-168-20-201.ec2.internal,7abdb279d275bed2886fa9f3636bf8dd94321631f4824589afcaec33ac344c08,1,4.0,448.0
1,keda-mmpp-606-d4d333de,000190,132.662068,2026-08-31T20:47:37.748+00:00,2026-08-31T20:47:33.943+00:00,2026-08-31T20:47:34.157+00:00,2026-08-31T20:47:34.157+00:00,2026-08-31T20:47:36.162+00:00,2026-08-31T20:47:36.162+00:00,0.81804,2.0048940569995466,sqs-worker-5986dcd897-2c94q,ip-192-168-20-201.ec2.internal,d2c8c0a00d7eebc97053791e1c82523ac548aa204c9df7dbd85739dded5a1576,1,214.0,2219.0
1,keda-mmpp-606-d4d333de,000188,132.273904,2026-08-31T20:47:37.360+00:00,2026-08-31T20:47:33.495+00:00,2026-08-31T20:47:33.667+00:00,2026-08-31T20:47:33.667+00:00,2026-08-31T20:47:35.703+00:00,2026-08-31T20:47:35.703+00:00,0.53082,2.0359451719996287,sqs-worker-5986dcd897-q8mkk,ip-192-168-20-201.ec2.internal,65b07189556c3c21a088a5245a10b947ac1f218e8c20129300505fae1ac51287,1,172.0,2208.0
1,keda-mmpp-606-d4d333de,000198,135.516246,2026-08-31T20:47:40.603+00:00,2026-08-31T20:47:36.738+00:00,2026-08-31T20:47:36.742+00:00,2026-08-31T20:47:36.742+00:00,2026-08-31T20:47:36.758+00:00,2026-08-31T20:47:36.758+00:00,0.016572,0.016647344000375597,sqs-worker-5986dcd897-2c94q,ip-192-168-20-201.ec2.internal,5460f46c3647cbff97b64978c81f34b5408a8983c1e112f37915108fdb79c072,1,4.0,20.0
1,keda-mmpp-606-d4d333de,000196,134.290562,2026-08-31T20:47:39.377+00:00,2026-08-31T20:47:35.520+00:00,2026-08-31T20:47:35.525+00:00,2026-08-31T20:47:35.525+00:00,2026-08-31T20:47:36.007+00:00,2026-08-31T20:47:36.007+00:00,0.218535,0.4825744230001874,sqs-worker-5986dcd897-x8rdl,ip-192-168-20-201.ec2.internal,69bc6e13a0af41c304cb70e9b2bb58fbdceafc58949ae90aba71617a8dfe2a31,1,5.0,487.0
1,keda-mmpp-606-d4d333de,000199,137.671354,2026-08-31T20:47:42.760+00:00,2026-08-31T20:47:38.896+00:00,2026-08-31T20:47:38.900+00:00,2026-08-31T20:47:38.900+00:00,2026-08-31T20:47:39.449+00:00,2026-08-31T20:47:39.449+00:00,0.248582,0.5489609739997832,sqs-worker-5986dcd897-2c94q,ip-192-168-20-201.ec2.internal,942f5ed32e72060d998219e0ead7d231d40680e98999cc85c5effbd0bb33fa86,1,4.0,553.0
1,keda-mmpp-606-d4d333de,000200,138.298619,2026-08-31T20:47:43.385+00:00,2026-08-31T20:47:39.544+00:00,2026-08-31T20:47:39.548+00:00,2026-08-31T20:47:39.548+00:00,2026-08-31T20:47:39.563+00:00,2026-08-31T20:47:39.563+00:00,0.015329,0.015365597999334568,sqs-worker-5986dcd897-2c94q,ip-192-168-20-201.ec2.internal,c3a614812d5a2830716108e1e74e5466c4802a2e7105d7de950510782bc92852,1,4.0,19.0
1,keda-mmpp-606-d4d333de,000203,138.470824,2026-08-31T20:47:43.557+00:00,2026-08-31T20:47:39.694+00:00,2026-08-31T20:47:39.702+00:00,2026-08-31T20:47:39.702+00:00,2026-08-31T20:47:40.324+00:00,2026-08-31T20:47:40.324+00:00,0.26911,0.6222867209999094,sqs-worker-5986dcd897-q8mkk,ip-192-168-20-201.ec2.internal,4b164e3fd7e389740030568ca0fbfe43a6c788abc01041bc01f699d25660ce60,1,8.0,630.0
1,keda-mmpp-606-d4d333de,000204,138.487559,2026-08-31T20:47:43.574+00:00,2026-08-31T20:47:39.708+00:00,2026-08-31T20:47:39.714+00:00,2026-08-31T20:47:39.714+00:00,2026-08-31T20:47:40.442+00:00,2026-08-31T20:47:40.442+00:00,0.304682,0.7283728610000253,sqs-worker-5986dcd897-2c94q,ip-192-168-20-201.ec2.internal,af079ff39d9e524e3a75bf6e05b2a06d87cf4c2a05a0c674403923842394785d,1,6.0,734.0
1,keda-mmpp-606-d4d333de,000206,139.194144,2026-08-31T20:47:44.281+00:00,2026-08-31T20:47:40.426+00:00,2026-08-31T20:47:40.459+00:00,2026-08-31T20:47:40.459+00:00,2026-08-31T20:47:40.876+00:00,2026-08-31T20:47:40.876+00:00,0.190463,0.4164744560002873,sqs-worker-5986dcd897-2c94q,ip-192-168-20-201.ec2.internal,21664e30e1c52ef29d58f0b2cfd2669b730436daa4d6d15ba2a35b9cfa4e33a6,1,33.0,450.0
1,keda-mmpp-606-d4d333de,000205,138.621316,2026-08-31T20:47:43.707+00:00,2026-08-31T20:47:39.842+00:00,2026-08-31T20:47:40.339+00:00,2026-08-31T20:47:40.339+00:00,2026-08-31T20:47:40.714+00:00,2026-08-31T20:47:40.714+00:00,0.145196,0.37504587399962475,sqs-worker-5986dcd897-q8mkk,ip-192-168-20-201.ec2.internal,6721b5e62b66d5d85ad85c239a8807891376a23c652dda3b863961dea652ed9b,1,497.0,872.0
1,keda-mmpp-606-d4d333de,000208,139.671499,2026-08-31T20:47:44.758+00:00,2026-08-31T20:47:40.892+00:00,2026-08-31T20:47:40.953+00:00,2026-08-31T20:47:40.953+00:00,2026-08-31T20:47:41.051+00:00,2026-08-31T20:47:41.051+00:00,0.048803,0.09819197200158669,sqs-worker-5986dcd897-2c94q,ip-192-168-20-201.ec2.internal,9c9125cf639d37a20c738c9c1d3cbddb32dc323765b3cd0ec874eafb6e500252,1,61.0,159.0
1,keda-mmpp-606-d4d333de,000207,139.454793,2026-08-31T20:47:44.541+00:00,2026-08-31T20:47:40.676+00:00,2026-08-31T20:47:40.739+00:00,2026-08-31T20:47:40.739+00:00,2026-08-31T20:47:41.719+00:00,2026-08-31T20:47:41.719+00:00,0.397992,0.9791679810005007,sqs-worker-5986dcd897-q8mkk,ip-192-168-20-201.ec2.internal,8df8f6a18470508fe5feaf211d9c39c385a413095a70bcce7489257f398f4fad,1,63.0,1043.0
1,keda-mmpp-606-d4d333de,000202,138.46031,2026-08-31T20:47:43.547+00:00,2026-08-31T20:47:40.220+00:00,2026-08-31T20:47:41.068+00:00,2026-08-31T20:47:41.068+00:00,2026-08-31T20:47:41.153+00:00,2026-08-31T20:47:41.153+00:00,0.037403,0.0851163360002829,sqs-worker-5986dcd897-2c94q,ip-192-168-20-201.ec2.internal,ed13767d16c2b3dacb9f5e93991f5a861369ba949882832a3ce6be3d300b4bfe,1,848.0,933.0
1,keda-mmpp-606-d4d333de,000201,138.335449,2026-08-31T20:47:43.422+00:00,2026-08-31T20:47:39.557+00:00,2026-08-31T20:47:39.566+00:00,2026-08-31T20:47:39.566+00:00,2026-08-31T20:47:41.694+00:00,2026-08-31T20:47:41.694+00:00,0.46553,2.128095066000242,sqs-worker-5986dcd897-x8rdl,ip-192-168-20-201.ec2.internal,38c3e95a202b34c1b77333adb7542ecb0e0ce2b02b6c33e3769f43e660c18469,1,9.0,2137.0
1,keda-mmpp-606-d4d333de,000209,139.700813,2026-08-31T20:47:44.787+00:00,2026-08-31T20:47:40.920+00:00,2026-08-31T20:47:41.197+00:00,2026-08-31T20:47:41.197+00:00,2026-08-31T20:47:42.054+00:00,2026-08-31T20:47:42.054+00:00,0.357446,0.8574249170014809,sqs-worker-5986dcd897-2c94q,ip-192-168-20-201.ec2.internal,f65f707255f7953d98aeb0ef0f6bdd8a3a7ef2ea6760a31e53e1423c778e089c,1,277.0,1134.0
1,keda-mmpp-606-d4d333de,000211,142.102416,2026-08-31T20:47:47.189+00:00,2026-08-31T20:47:43.323+00:00,2026-08-31T20:47:43.330+00:00,2026-08-31T20:47:43.330+00:00,2026-08-31T20:47:43.668+00:00,2026-08-31T20:47:43.668+00:00,0.1548,0.33770051499959663,sqs-worker-5986dcd897-2c94q,ip-192-168-20-201.ec2.internal,2e5ba5ef4175cd02031ac118f4a78ff192de2781635686794fbaed9922a0f43d,1,7.0,345.0
1,keda-mmpp-606-d4d333de,000210,142.013729,2026-08-31T20:47:47.102+00:00,2026-08-31T20:47:43.237+00:00,2026-08-31T20:47:43.240+00:00,2026-08-31T20:47:43.240+00:00,2026-08-31T20:47:43.699+00:00,2026-08-31T20:47:43.699+00:00,0.164574,0.45944087899988517,sqs-worker-5986dcd897-q8mkk,ip-192-168-20-201.ec2.internal,4111a90465e051e1c3ca65298ef627ce6fb233078fd34252ff378d27d1a7dfa1,1,3.0,462.0
1,keda-mmpp-606-d4d333de,000212,150.619138,2026-08-31T20:47:55.711+00:00,2026-08-31T20:47:51.845+00:00,2026-08-31T20:47:51.850+00:00,2026-08-31T20:47:51.850+00:00,2026-08-31T20:47:52.044+00:00,2026-08-31T20:47:52.044+00:00,0.083076,0.19412971000019752,sqs-worker-5986dcd897-2c94q,ip-192-168-20-201.ec2.internal,5680f7c15b10bfc540de72917cffb9cb2bb6454bb43d569f88670f733cd6f8cd,1,5.0,199.0
1,keda-mmpp-606-d4d333de,000214,151.415716,2026-08-31T20:47:56.501+00:00,2026-08-31T20:47:52.636+00:00,2026-08-31T20:47:52.640+00:00,2026-08-31T20:47:52.640+00:00,2026-08-31T20:47:52.719+00:00,2026-08-31T20:47:52.719+00:00,0.064298,0.07923483099875739,sqs-worker-5986dcd897-x8rdl,ip-192-168-20-201.ec2.internal,6a861c07edb35018df695419620da60acba12a18d2401de55e42b4082fb4903b,1,4.0,83.0
1,keda-mmpp-606-d4d333de,000213,151.018337,2026-08-31T20:47:56.104+00:00,2026-08-31T20:47:52.240+00:00,2026-08-31T20:47:52.267+00:00,2026-08-31T20:47:52.267+00:00,2026-08-31T20:47:53.163+00:00,2026-08-31T20:47:53.163+00:00,0.141631,0.8967874059999303,sqs-worker-5986dcd897-q8mkk,ip-192-168-20-201.ec2.internal,a53d5745fd2ca643f138ecc72a4e113737e87100bb75ea23085267f6e2c4e7a9,1,27.0,923.0
1,keda-mmpp-606-d4d333de,000216,151.809382,2026-08-31T20:47:56.895+00:00,2026-08-31T20:47:53.036+00:00,2026-08-31T20:47:53.041+00:00,2026-08-31T20:47:53.041+00:00,2026-08-31T20:47:53.145+00:00,2026-08-31T20:47:53.145+00:00,0.04458,0.10434172900022531,sqs-worker-5986dcd897-2c94q,ip-192-168-20-201.ec2.internal,509e0c7afe0104f8f2b1b4e0f7aa3430718e9bea97eb6d4bcc62f22f3b814ce6,1,5.0,109.0
1,keda-mmpp-606-d4d333de,000217,151.887692,2026-08-31T20:47:56.973+00:00,2026-08-31T20:47:53.110+00:00,2026-08-31T20:47:53.187+00:00,2026-08-31T20:47:53.187+00:00,2026-08-31T20:47:53.260+00:00,2026-08-31T20:47:53.260+00:00,0.050067,0.07302920099937182,sqs-worker-5986dcd897-2c94q,ip-192-168-20-201.ec2.internal,81fdefa91d6567108932b7f5274b06342db38b2dba6b31ad8b17746f86a2b5f5,1,77.0,150.0
1,keda-mmpp-606-d4d333de,000215,151.784142,2026-08-31T20:47:56.870+00:00,2026-08-31T20:47:53.005+00:00,2026-08-31T20:47:53.011+00:00,2026-08-31T20:47:53.011+00:00,2026-08-31T20:47:53.684+00:00,2026-08-31T20:47:53.684+00:00,0.281173,0.6723286359992926,sqs-worker-5986dcd897-x8rdl,ip-192-168-20-201.ec2.internal,91be3d68f3b6a75922a53a54abaa68ec9c5e357e2d633267a4604441c599b3cc,1,6.0,679.0
1,keda-mmpp-606-d4d333de,000221,152.712812,2026-08-31T20:47:57.798+00:00,2026-08-31T20:47:53.932+00:00,2026-08-31T20:47:53.936+00:00,2026-08-31T20:47:53.936+00:00,2026-08-31T20:47:54.042+00:00,2026-08-31T20:47:54.042+00:00,0.046704,0.10569081399989955,sqs-worker-5986dcd897-2c94q,ip-192-168-20-201.ec2.internal,58670c4e4622fdf7c672a14806e372a78705232b48ba192f8f4a3d46eecf397b,1,4.0,110.0
1,keda-mmpp-606-d4d333de,000220,152.44256,2026-08-31T20:47:57.528+00:00,2026-08-31T20:47:53.670+00:00,2026-08-31T20:47:53.674+00:00,2026-08-31T20:47:53.674+00:00,2026-08-31T20:47:54.195+00:00,2026-08-31T20:47:54.195+00:00,0.091125,0.5210401919994183,sqs-worker-5986dcd897-q8mkk,ip-192-168-20-201.ec2.internal,6e10e82ed7ed35b4cdbab08db1f7e664eca08269d0962faa99f6582d8732e6a6,1,4.0,525.0
1,keda-mmpp-606-d4d333de,000218,151.97053,2026-08-31T20:47:57.056+00:00,2026-08-31T20:47:53.192+00:00,2026-08-31T20:47:53.196+00:00,2026-08-31T20:47:53.196+00:00,2026-08-31T20:47:53.220+00:00,2026-08-31T20:47:53.220+00:00,0.009589,0.02381175499976962,sqs-worker-5986dcd897-q8mkk,ip-192-168-20-201.ec2.internal,693cf2045b0ac7affe765be53a9b1094d70f12452704b5618582a7a4416bbfe7,1,4.0,28.0
1,keda-mmpp-606-d4d333de,000219,152.161026,2026-08-31T20:47:57.246+00:00,2026-08-31T20:47:53.383+00:00,2026-08-31T20:47:53.386+00:00,2026-08-31T20:47:53.386+00:00,2026-08-31T20:47:53.859+00:00,2026-08-31T20:47:53.859+00:00,0.217737,0.47232006900048873,sqs-worker-5986dcd897-2c94q,ip-192-168-20-201.ec2.internal,f8af8b772dba4988bf9603df6b73f293249fbad350ff74eeaaaa563f5380fe10,1,3.0,476.0
1,keda-mmpp-606-d4d333de,000222,153.403456,2026-08-31T20:47:58.489+00:00,2026-08-31T20:47:54.625+00:00,2026-08-31T20:47:54.631+00:00,2026-08-31T20:47:54.631+00:00,2026-08-31T20:47:55.376+00:00,2026-08-31T20:47:55.376+00:00,0.325479,0.7451227809997363,sqs-worker-5986dcd897-2c94q,ip-192-168-20-201.ec2.internal,607805c6afb267095ef05024e8de3fecea01369806dc84987340007119a286b4,1,6.0,751.0
1,keda-mmpp-606-d4d333de,000223,153.632684,2026-08-31T20:47:58.718+00:00,2026-08-31T20:47:54.852+00:00,2026-08-31T20:47:54.859+00:00,2026-08-31T20:47:54.859+00:00,2026-08-31T20:47:55.700+00:00,2026-08-31T20:47:55.700+00:00,0.359164,0.8410401349992753,sqs-worker-5986dcd897-x8rdl,ip-192-168-20-201.ec2.internal,a6950cb2c3f9e9018089347af8d1c87e6f53a8012ba52d13130361618ec8fa7f,1,7.0,848.0
1,keda-mmpp-606-d4d333de,000224,154.585991,2026-08-31T20:47:59.672+00:00,2026-08-31T20:47:55.807+00:00,2026-08-31T20:47:55.811+00:00,2026-08-31T20:47:55.811+00:00,2026-08-31T20:47:56.413+00:00,2026-08-31T20:47:56.413+00:00,0.263403,0.601946520000638,sqs-worker-5986dcd897-q8mkk,ip-192-168-20-201.ec2.internal,134c8c33b094da7ea160ef7c09461a8ea5f17ba9258468c87db35205335ace7e,1,4.0,606.0
1,keda-mmpp-606-d4d333de,000229,155.375259,2026-08-31T20:48:00.461+00:00,2026-08-31T20:47:56.597+00:00,2026-08-31T20:47:56.603+00:00,2026-08-31T20:47:56.604+00:00,2026-08-31T20:47:56.618+00:00,2026-08-31T20:47:56.618+00:00,0.014797,0.015006339001047309,sqs-worker-5986dcd897-q8mkk,ip-192-168-20-201.ec2.internal,320e0f22aaeffd14a32a5f56ed07ccefbff7d5187d600941327639ca4b41fa53,1,6.0,21.0
1,keda-mmpp-606-d4d333de,000226,154.882476,2026-08-31T20:47:59.968+00:00,2026-08-31T20:47:56.102+00:00,2026-08-31T20:47:56.106+00:00,2026-08-31T20:47:56.106+00:00,2026-08-31T20:47:56.146+00:00,2026-08-31T20:47:56.146+00:00,0.027549,0.04023799799870176,sqs-worker-5986dcd897-2c94q,ip-192-168-20-201.ec2.internal,9d19747c7ad0461762c603213a61f485ed5f49fcb0398333dbfa957127e928df,1,4.0,44.0
1,keda-mmpp-606-d4d333de,000227,155.123578,2026-08-31T20:48:00.209+00:00,2026-08-31T20:47:56.342+00:00,2026-08-31T20:47:56.349+00:00,2026-08-31T20:47:56.349+00:00,2026-08-31T20:47:56.453+00:00,2026-08-31T20:47:56.453+00:00,0.052491,0.10373626600085117,sqs-worker-5986dcd897-2c94q,ip-192-168-20-201.ec2.internal,0e2acf4cbe17caae11050dcca32c2d40f591445ec85694d81be3219d0f97750f,1,7.0,111.0
1,keda-mmpp-606-d4d333de,000230,155.437539,2026-08-31T20:48:00.523+00:00,2026-08-31T20:47:56.656+00:00,2026-08-31T20:47:56.660+00:00,2026-08-31T20:47:56.660+00:00,2026-08-31T20:47:57.080+00:00,2026-08-31T20:47:57.080+00:00,0.176524,0.42056531100024586,sqs-worker-5986dcd897-q8mkk,ip-192-168-20-201.ec2.internal,16319eb291c283f14ea3dbd9e585cf21d0cb34b79993616ff029d402c6488934,1,4.0,424.0
1,keda-mmpp-606-d4d333de,000225,154.874259,2026-08-31T20:47:59.960+00:00,2026-08-31T20:47:56.094+00:00,2026-08-31T20:47:56.099+00:00,2026-08-31T20:47:56.099+00:00,2026-08-31T20:47:57.004+00:00,2026-08-31T20:47:57.004+00:00,0.384768,0.9054016190002585,sqs-worker-5986dcd897-x8rdl,ip-192-168-20-201.ec2.internal,02c59309d8d23e9000ca0d26e537aa05780df3a6ce0c44b7f22dfce9dd7ac0a3,1,5.0,910.0
1,keda-mmpp-606-d4d333de,000231,156.037964,2026-08-31T20:48:01.124+00:00,2026-08-31T20:47:57.258+00:00,2026-08-31T20:47:57.262+00:00,2026-08-31T20:47:57.262+00:00,2026-08-31T20:47:57.608+00:00,2026-08-31T20:47:57.608+00:00,0.160761,0.3459002039999177,sqs-worker-5986dcd897-x8rdl,ip-192-168-20-201.ec2.internal,ecb559730ca50ac8fcb8a847e020a988c03e7683c7aaa4a2144866399d2ae291,1,4.0,350.0
1,keda-mmpp-606-d4d333de,000228,155.318162,2026-08-31T20:48:00.404+00:00,2026-08-31T20:47:56.538+00:00,2026-08-31T20:47:56.543+00:00,2026-08-31T20:47:56.543+00:00,2026-08-31T20:47:57.141+00:00,2026-08-31T20:47:57.141+00:00,0.242105,0.5982491979993938,sqs-worker-5986dcd897-2c94q,ip-192-168-20-201.ec2.internal,8053cfb1bf32346854693269ee00bfa211180451e850c99a992536c4bd5e14d5,1,5.0,603.0
1,keda-mmpp-606-d4d333de,000232,156.467172,2026-08-31T20:48:01.553+00:00,2026-08-31T20:47:57.687+00:00,2026-08-31T20:47:57.694+00:00,2026-08-31T20:47:57.694+00:00,2026-08-31T20:47:58.021+00:00,2026-08-31T20:47:58.021+00:00,0.157882,0.3269559759992262,sqs-worker-5986dcd897-x8rdl,ip-192-168-20-201.ec2.internal,deaf72ca75dc3dbf6a0e5b1eae896d60c21095c584e887b77278fa538fd49659,1,7.0,334.0
1,keda-mmpp-606-d4d333de,000235,157.253618,2026-08-31T20:48:02.340+00:00,2026-08-31T20:47:58.479+00:00,2026-08-31T20:47:58.656+00:00,2026-08-31T20:47:58.656+00:00,2026-08-31T20:47:58.661+00:00,2026-08-31T20:47:58.661+00:00,0.005,0.005060702000264428,sqs-worker-5986dcd897-2c94q,ip-192-168-20-201.ec2.internal,540c1ab7183633ba38feb6733a6ef7f1850017f9a85b1a1b60e56ee87778288d,1,177.0,182.0
1,keda-mmpp-606-d4d333de,000234,156.833085,2026-08-31T20:48:01.918+00:00,2026-08-31T20:47:58.057+00:00,2026-08-31T20:47:58.061+00:00,2026-08-31T20:47:58.061+00:00,2026-08-31T20:47:58.672+00:00,2026-08-31T20:47:58.672+00:00,0.253264,0.6111855380004272,sqs-worker-5986dcd897-q8mkk,ip-192-168-20-201.ec2.internal,5c6ac1fb581c9e8a2388c2c865dbd4b189f0217c9e34086786c2a041bf245331,1,4.0,615.0
1,keda-mmpp-606-d4d333de,000240,158.125372,2026-08-31T20:48:03.211+00:00,2026-08-31T20:47:59.344+00:00,2026-08-31T20:47:59.357+00:00,2026-08-31T20:47:59.357+00:00,2026-08-31T20:47:59.385+00:00,2026-08-31T20:47:59.385+00:00,0.025457,0.02870827900005679,sqs-worker-5986dcd897-x8rdl,ip-192-168-20-201.ec2.internal,d53b38fb914c650410dab12aafbfe86a343f883af3e9da2da3bbf5bca2fd961b,1,13.0,41.0
1,keda-mmpp-606-d4d333de,000238,157.561609,2026-08-31T20:48:02.647+00:00,2026-08-31T20:47:58.780+00:00,2026-08-31T20:47:58.783+00:00,2026-08-31T20:47:58.784+00:00,2026-08-31T20:47:58.838+00:00,2026-08-31T20:47:58.838+00:00,0.022773,0.054255647999525536,sqs-worker-5986dcd897-2c94q,ip-192-168-20-201.ec2.internal,a50b2f5058cc90ae88b241db7e8365bd1210c5a4312b7a92e246ebbb5298aff5,1,3.0,58.0
1,keda-mmpp-606-d4d333de,000239,157.976511,2026-08-31T20:48:03.062+00:00,2026-08-31T20:47:59.199+00:00,2026-08-31T20:47:59.235+00:00,2026-08-31T20:47:59.235+00:00,2026-08-31T20:47:59.851+00:00,2026-08-31T20:47:59.851+00:00,0.25997,0.6159948329986946,sqs-worker-5986dcd897-2c94q,ip-192-168-20-201.ec2.internal,333e6a0c1621a26c1990882ef0b45028659cecf8e33111b3810e34a15ea6a6aa,1,36.0,652.0
1,keda-mmpp-606-d4d333de,000242,158.757125,2026-08-31T20:48:03.843+00:00,2026-08-31T20:47:59.977+00:00,2026-08-31T20:47:59.980+00:00,2026-08-31T20:47:59.981+00:00,2026-08-31T20:48:00.104+00:00,2026-08-31T20:48:00.104+00:00,0.058444,0.12366769100117381,sqs-worker-5986dcd897-q8mkk,ip-192-168-20-201.ec2.internal,8b963b334ff63b288856b0ca40d6147c6efca14b3cb67c3e20fc0e6494ed08b1,1,3.0,127.0
1,keda-mmpp-606-d4d333de,000236,157.254917,2026-08-31T20:48:02.341+00:00,2026-08-31T20:47:58.479+00:00,2026-08-31T20:47:58.482+00:00,2026-08-31T20:47:58.482+00:00,2026-08-31T20:47:58.788+00:00,2026-08-31T20:47:58.788+00:00,0.125536,0.3063936829985323,sqs-worker-5986dcd897-x8rdl,ip-192-168-20-201.ec2.internal,9e93181a9a1f4ac4dba04f212eec105978145771213c2f2f04501ffb335f59e3,1,3.0,309.0
1,keda-mmpp-606-d4d333de,000241,158.331372,2026-08-31T20:48:03.417+00:00,2026-08-31T20:47:59.551+00:00,2026-08-31T20:47:59.554+00:00,2026-08-31T20:47:59.554+00:00,2026-08-31T20:48:00.483+00:00,2026-08-31T20:48:00.483+00:00,0.236168,0.9291865269988193,sqs-worker-5986dcd897-x8rdl,ip-192-168-20-201.ec2.internal,3fc0a5943441129cb59560b441eaf58be92f4cb0217eec6635ca84dab73f6d74,1,3.0,932.0
1,keda-mmpp-606-d4d333de,000233,156.737997,2026-08-31T20:48:01.823+00:00,2026-08-31T20:47:57.960+00:00,2026-08-31T20:47:57.966+00:00,2026-08-31T20:47:57.967+00:00,2026-08-31T20:47:58.550+00:00,2026-08-31T20:47:58.550+00:00,0.115747,0.5836945619994367,sqs-worker-5986dcd897-2c94q,ip-192-168-20-201.ec2.internal,7a1891a8eee041f677a2e2d18c40498e2832b44ed71972a223a5de4c5cc151a8,1,6.0,590.0
1,keda-mmpp-606-d4d333de,000237,157.514809,2026-08-31T20:48:02.600+00:00,2026-08-31T20:47:58.733+00:00,2026-08-31T20:47:58.738+00:00,2026-08-31T20:47:58.738+00:00,2026-08-31T20:47:59.367+00:00,2026-08-31T20:47:59.367+00:00,0.269348,0.6299128409991681,sqs-worker-5986dcd897-q8mkk,ip-192-168-20-201.ec2.internal,490bcea74587128438f3d784cb6e7b57bdd8f5bb7eb518af85abae51d533e928,1,5.0,634.0
1,keda-mmpp-606-d4d333de,000243,162.020147,2026-08-31T20:48:07.107+00:00,2026-08-31T20:48:03.239+00:00,2026-08-31T20:48:03.243+00:00,2026-08-31T20:48:03.243+00:00,2026-08-31T20:48:03.965+00:00,2026-08-31T20:48:03.965+00:00,0.309734,0.722422380998978,sqs-worker-5986dcd897-q8mkk,ip-192-168-20-201.ec2.internal,4a0d4be0367654ea728f0eb32f00c74fe05e5f77d72e5c12b252f3c20c1cda35,1,4.0,726.0
1,keda-mmpp-606-d4d333de,000244,163.157301,2026-08-31T20:48:08.244+00:00,2026-08-31T20:48:04.384+00:00,2026-08-31T20:48:04.391+00:00,2026-08-31T20:48:04.392+00:00,2026-08-31T20:48:04.397+00:00,2026-08-31T20:48:04.397+00:00,0.005,0.005037420000007842,sqs-worker-5986dcd897-2c94q,ip-192-168-20-201.ec2.internal,a5fed67aaa7fd0cf40f7ff9be67e9c0c2f5d0bf2e55b4f607f1588cdd851c477,1,7.0,13.0
1,keda-mmpp-606-d4d333de,000247,167.514922,2026-08-31T20:48:12.600+00:00,2026-08-31T20:48:08.735+00:00,2026-08-31T20:48:08.739+00:00,2026-08-31T20:48:08.739+00:00,2026-08-31T20:48:09.173+00:00,2026-08-31T20:48:09.173+00:00,0.197258,0.4336744339998404,sqs-worker-5986dcd897-2c94q,ip-192-168-20-201.ec2.internal,4661b70f6f86e7dd967a9aaaded6234471f434a0629d8c24fb014b8259559357,1,4.0,438.0
1,keda-mmpp-606-d4d333de,000245,167.412976,2026-08-31T20:48:12.502+00:00,2026-08-31T20:48:08.635+00:00,2026-08-31T20:48:08.639+00:00,2026-08-31T20:48:08.639+00:00,2026-08-31T20:48:09.304+00:00,2026-08-31T20:48:09.304+00:00,0.293174,0.6653136149998318,sqs-worker-5986dcd897-q8mkk,ip-192-168-20-201.ec2.internal,33bf706779c82211021ed2ef501e747548fb10f1e64e8b152ebf0a7f3bfb8c63,1,4.0,669.0
1,keda-mmpp-606-d4d333de,000248,167.64082,2026-08-31T20:48:12.726+00:00,2026-08-31T20:48:08.859+00:00,2026-08-31T20:48:09.324+00:00,2026-08-31T20:48:09.324+00:00,2026-08-31T20:48:10.305+00:00,2026-08-31T20:48:10.305+00:00,0.391304,0.9813325539998914,sqs-worker-5986dcd897-q8mkk,ip-192-168-20-201.ec2.internal,01b84744294ad22cfcfa55c475a3a6043899bdb0dd2bb1f85ab66a48c36e1310,1,465.0,1446.0
1,keda-mmpp-606-d4d333de,000252,168.549211,2026-08-31T20:48:13.634+00:00,2026-08-31T20:48:09.768+00:00,2026-08-31T20:48:10.320+00:00,2026-08-31T20:48:10.320+00:00,2026-08-31T20:48:10.329+00:00,2026-08-31T20:48:10.329+00:00,0.008913,0.00895676599975559,sqs-worker-5986dcd897-q8mkk,ip-192-168-20-201.ec2.internal,7500a3d39d2782a5d0d9d0ac2403c94577d3d82fe77d1b9b72561d4dcc598e77,1,552.0,561.0
1,keda-mmpp-606-d4d333de,000246,167.45357,2026-08-31T20:48:12.539+00:00,2026-08-31T20:48:08.672+00:00,2026-08-31T20:48:08.675+00:00,2026-08-31T20:48:08.675+00:00,2026-08-31T20:48:10.779+00:00,2026-08-31T20:48:10.779+00:00,0.619884,2.103930811999817,sqs-worker-5986dcd897-x8rdl,ip-192-168-20-201.ec2.internal,a916b1cd2718d800f23a3e0084545bfe86116c0a90f5d896a2e7f8b88d11cd9b,1,3.0,2107.0
1,keda-mmpp-606-d4d333de,000253,168.666854,2026-08-31T20:48:13.752+00:00,2026-08-31T20:48:09.885+00:00,2026-08-31T20:48:10.769+00:00,2026-08-31T20:48:10.769+00:00,2026-08-31T20:48:11.222+00:00,2026-08-31T20:48:11.222+00:00,0.192608,0.4524227720012277,sqs-worker-5986dcd897-q8mkk,ip-192-168-20-201.ec2.internal,44c8dea8b20664005952b99c81bf1a3f98d9f6d32314316c25445410b2352dfc,1,884.0,1337.0
1,keda-mmpp-606-d4d333de,000251,168.536656,2026-08-31T20:48:13.622+00:00,2026-08-31T20:48:09.757+00:00,2026-08-31T20:48:10.384+00:00,2026-08-31T20:48:10.384+00:00,2026-08-31T20:48:10.724+00:00,2026-08-31T20:48:10.724+00:00,0.153253,0.34019705099854036,sqs-worker-5986dcd897-q8mkk,ip-192-168-20-201.ec2.internal,e5bb06377d347d89f952c2cdbf13514db3c752a19cdab0474fa5760536c2ec07,1,627.0,967.0
1,keda-mmpp-606-d4d333de,000258,169.417116,2026-08-31T20:48:14.502+00:00,2026-08-31T20:48:10.636+00:00,2026-08-31T20:48:10.793+00:00,2026-08-31T20:48:10.793+00:00,2026-08-31T20:48:11.088+00:00,2026-08-31T20:48:11.088+00:00,0.057159,0.2949267889998737,sqs-worker-5986dcd897-x8rdl,ip-192-168-20-201.ec2.internal,4e070d052ce097fdc1802014e231bae4c80f7344d12e4b5c5ff046aa22502468,1,157.0,452.0
1,keda-mmpp-606-d4d333de,000249,167.763741,2026-08-31T20:48:12.849+00:00,2026-08-31T20:48:08.983+00:00,2026-08-31T20:48:11.175+00:00,2026-08-31T20:48:11.175+00:00,2026-08-31T20:48:11.392+00:00,2026-08-31T20:48:11.392+00:00,0.045391,0.21686320200024056,sqs-worker-5986dcd897-x8rdl,ip-192-168-20-201.ec2.internal,a798be9f64f248c5352721fd1abecc54bf1cf60c8c877ad9eb63f5d0ddffcc4d,1,2192.0,2409.0
1,keda-mmpp-606-d4d333de,000256,168.887217,2026-08-31T20:48:13.973+00:00,2026-08-31T20:48:10.107+00:00,2026-08-31T20:48:11.236+00:00,2026-08-31T20:48:11.236+00:00,2026-08-31T20:48:12.399+00:00,2026-08-31T20:48:12.399+00:00,0.4103,1.163242179000008,sqs-worker-5986dcd897-q8mkk,ip-192-168-20-201.ec2.internal,478bdaaa9323ae716f555d694da83347abac67698f1e496145f612212852722b,1,1129.0,2292.0
1,keda-mmpp-606-d4d333de,000254,168.687609,2026-08-31T20:48:13.773+00:00,2026-08-31T20:48:09.907+00:00,2026-08-31T20:48:11.484+00:00,2026-08-31T20:48:11.484+00:00,2026-08-31T20:48:13.695+00:00,2026-08-31T20:48:13.695+00:00,0.585287,2.211502883999856,sqs-worker-5986dcd897-x8rdl,ip-192-168-20-201.ec2.internal,ff468fa4e368bd9bbcf5bef41bc032c1ea4ca624f548dd0e247390e42af76a37,1,1577.0,3788.0
1,keda-mmpp-606-d4d333de,000260,170.415967,2026-08-31T20:48:15.501+00:00,2026-08-31T20:48:11.634+00:00,2026-08-31T20:48:12.462+00:00,2026-08-31T20:48:12.462+00:00,2026-08-31T20:48:14.098+00:00,2026-08-31T20:48:14.098+00:00,0.258099,1.6362713779999467,sqs-worker-5986dcd897-q8mkk,ip-192-168-20-201.ec2.internal,03dbce97b49f627486b94156bebb3a462b64441ef4f37254ae140754981cf713,1,828.0,2464.0
1,keda-mmpp-606-d4d333de,000259,170.175378,2026-08-31T20:48:15.261+00:00,2026-08-31T20:48:11.394+00:00,2026-08-31T20:48:13.738+00:00,2026-08-31T20:48:13.738+00:00,2026-08-31T20:48:14.694+00:00,2026-08-31T20:48:14.694+00:00,0.385539,0.9557241090005846,sqs-worker-5986dcd897-x8rdl,ip-192-168-20-201.ec2.internal,202911d42d1f7befbbc1c12861fff54d41e7e43add0e6db6551cafc1929b85c8,1,2344.0,3300.0
1,keda-mmpp-606-d4d333de,000257,169.01445,2026-08-31T20:48:14.100+00:00,2026-08-31T20:48:10.232+00:00,2026-08-31T20:48:14.933+00:00,2026-08-31T20:48:14.933+00:00,2026-08-31T20:48:14.997+00:00,2026-08-31T20:48:14.997+00:00,0.041484,0.06350900799952797,sqs-worker-5986dcd897-q8mkk,ip-192-168-20-201.ec2.internal,c92f47e1107f656658c56c51d12a70d85397af02e84bb2e7e3e3775e0b3dc828,1,4701.0,4765.0
1,keda-mmpp-606-d4d333de,000265,171.808114,2026-08-31T20:48:16.894+00:00,2026-08-31T20:48:13.027+00:00,2026-08-31T20:48:14.171+00:00,2026-08-31T20:48:14.172+00:00,2026-08-31T20:48:14.869+00:00,2026-08-31T20:48:14.869+00:00,0.155585,0.697733696000796,sqs-worker-5986dcd897-q8mkk,ip-192-168-20-201.ec2.internal,0c05cfb5efc65ab88cd95a81d9d36720a8d69ca6c3bbce92c41e763bb0937829,1,1144.0,1842.0
1,keda-mmpp-606-d4d333de,000262,170.94456,2026-08-31T20:48:16.030+00:00,2026-08-31T20:48:12.163+00:00,2026-08-31T20:48:14.719+00:00,2026-08-31T20:48:14.719+00:00,2026-08-31T20:48:15.188+00:00,2026-08-31T20:48:15.188+00:00,0.191401,0.4694434579996596,sqs-worker-5986dcd897-x8rdl,ip-192-168-20-201.ec2.internal,9380a336b4247899c0bf544dacfc5897cbac4a3e277ced15079865ded0f59510,1,2556.0,3025.0
1,keda-mmpp-606-d4d333de,000272,173.372871,2026-08-31T20:48:18.458+00:00,2026-08-31T20:48:14.592+00:00,2026-08-31T20:48:15.177+00:00,2026-08-31T20:48:15.177+00:00,2026-08-31T20:48:15.608+00:00,2026-08-31T20:48:15.608+00:00,0.184389,0.43151319500066165,sqs-worker-5986dcd897-q8mkk,ip-192-168-20-201.ec2.internal,ba8f7fd729a73339ae82823fff2d543febfcf11dbc7b805b4eb141f596adfc40,1,585.0,1016.0
1,keda-mmpp-606-d4d333de,000271,173.025341,2026-08-31T20:48:18.111+00:00,2026-08-31T20:48:14.244+00:00,2026-08-31T20:48:15.613+00:00,2026-08-31T20:48:15.613+00:00,2026-08-31T20:48:16.086+00:00,2026-08-31T20:48:16.086+00:00,0.200394,0.4728304769996612,sqs-worker-5986dcd897-x8rdl,ip-192-168-20-201.ec2.internal,d8093ff22b6a560dcd2129c37bdc8ea9c961863acd5dde8029882d34702dcdbb,1,1369.0,1842.0
1,keda-mmpp-606-d4d333de,000276,174.843992,2026-08-31T20:48:19.930+00:00,2026-08-31T20:48:16.063+00:00,2026-08-31T20:48:16.224+00:00,2026-08-31T20:48:16.224+00:00,2026-08-31T20:48:16.394+00:00,2026-08-31T20:48:16.394+00:00,0.071787,0.1699981210003898,sqs-worker-5986dcd897-q8mkk,ip-192-168-20-201.ec2.internal,4054a28e0e0a179c5cf8c3a46df54a0688d74ec178f070f5e1f6e05e0d842d16,1,161.0,331.0
1,keda-mmpp-606-d4d333de,000264,171.02633,2026-08-31T20:48:16.112+00:00,2026-08-31T20:48:12.246+00:00,2026-08-31T20:48:15.017+00:00,2026-08-31T20:48:15.018+00:00,2026-08-31T20:48:15.109+00:00,2026-08-31T20:48:15.109+00:00,0.0501,0.09156520900069154,sqs-worker-5986dcd897-q8mkk,ip-192-168-20-201.ec2.internal,58843fdb8eaaef79ffccba5ba07c609489fc6098bd6d7aef95bbeb7900136949,1,2771.0,2863.0
1,keda-mmpp-606-d4d333de,000250,168.263652,2026-08-31T20:48:13.349+00:00,2026-08-31T20:48:09.483+00:00,2026-08-31T20:48:15.405+00:00,2026-08-31T20:48:15.406+00:00,2026-08-31T20:48:15.518+00:00,2026-08-31T20:48:15.518+00:00,0.067263,0.11267399700045644,sqs-worker-5986dcd897-x8rdl,ip-192-168-20-201.ec2.internal,f0c34a987e10c91bd948b289901340700b8aedb29de1c7fd4ba25e160149859c,1,5922.0,6035.0
1,keda-mmpp-606-d4d333de,000269,172.72422,2026-08-31T20:48:17.810+00:00,2026-08-31T20:48:13.948+00:00,2026-08-31T20:48:16.101+00:00,2026-08-31T20:48:16.101+00:00,2026-08-31T20:48:16.905+00:00,2026-08-31T20:48:16.905+00:00,0.343269,0.8039774460012268,sqs-worker-5986dcd897-x8rdl,ip-192-168-20-201.ec2.internal,051e142c824ba21dc2dff46faac06bedb9fd1c5f49090df4e559939f1bf0ba11,1,2153.0,2957.0
1,keda-mmpp-606-d4d333de,000268,172.193778,2026-08-31T20:48:17.279+00:00,2026-08-31T20:48:13.411+00:00,2026-08-31T20:48:15.623+00:00,2026-08-31T20:48:15.623+00:00,2026-08-31T20:48:15.628+00:00,2026-08-31T20:48:15.628+00:00,0.005,0.00504154599911999,sqs-worker-5986dcd897-q8mkk,ip-192-168-20-201.ec2.internal,c6bd067e60112f77bb3f33e252efe3a8371640e844f2a2d21dcfe70a23e94ab7,1,2212.0,2217.0
1,keda-mmpp-606-d4d333de,000281,175.84027,2026-08-31T20:48:20.926+00:00,2026-08-31T20:48:17.062+00:00,2026-08-31T20:48:17.800+00:00,2026-08-31T20:48:17.800+00:00,2026-08-31T20:48:17.924+00:00,2026-08-31T20:48:17.924+00:00,0.06682,0.124000599998908,sqs-worker-5986dcd897-x8rdl,ip-192-168-20-201.ec2.internal,07149c8247c57bc4b6dc731508469aa17fce5a3ce2dddbc545c4b24f07b8eb44,1,738.0,862.0
1,keda-mmpp-606-d4d333de,000270,172.801713,2026-08-31T20:48:17.887+00:00,2026-08-31T20:48:14.023+00:00,2026-08-31T20:48:15.125+00:00,2026-08-31T20:48:15.125+00:00,2026-08-31T20:48:15.130+00:00,2026-08-31T20:48:15.130+00:00,0.005,0.0050334229999862146,sqs-worker-5986dcd897-q8mkk,ip-192-168-20-201.ec2.internal,7581e310ff5e8172b658575f063fffa593d897fd8f66d6f800c65720aa27e421,1,1102.0,1107.0
1,keda-mmpp-606-d4d333de,000266,171.926082,2026-08-31T20:48:17.011+00:00,2026-08-31T20:48:13.143+00:00,2026-08-31T20:48:15.207+00:00,2026-08-31T20:48:15.207+00:00,2026-08-31T20:48:15.386+00:00,2026-08-31T20:48:15.386+00:00,0.073632,0.17914499800099293,sqs-worker-5986dcd897-x8rdl,ip-192-168-20-201.ec2.internal,7c87e4c5c0c11467e796c93ad7e330ec3eeae15982c1c1b32c95d05fe8e99051,1,2064.0,2243.0
1,keda-mmpp-606-d4d333de,000275,173.920684,2026-08-31T20:48:19.006+00:00,2026-08-31T20:48:15.142+00:00,2026-08-31T20:48:15.672+00:00,2026-08-31T20:48:15.672+00:00,2026-08-31T20:48:16.197+00:00,2026-08-31T20:48:16.197+00:00,0.21551,0.5255811460010591,sqs-worker-5986dcd897-q8mkk,ip-192-168-20-201.ec2.internal,84bc97e3fe8bb6dc5483c8061cc142576315dc02168d80ae43d17c35e0324db3,1,530.0,1055.0
1,keda-mmpp-606-d4d333de,000263,171.000944,2026-08-31T20:48:16.086+00:00,2026-08-31T20:48:12.219+00:00,2026-08-31T20:48:16.414+00:00,2026-08-31T20:48:16.414+00:00,2026-08-31T20:48:17.317+00:00,2026-08-31T20:48:17.317+00:00,0.376758,0.9033170040002005,sqs-worker-5986dcd897-q8mkk,ip-192-168-20-201.ec2.internal,168aa335790790d908cf6b47cc049631a00068c3fc74610e3e8fd3f8422e7462,1,4195.0,5098.0
1,keda-mmpp-606-d4d333de,000267,172.044788,2026-08-31T20:48:17.130+00:00,2026-08-31T20:48:13.263+00:00,2026-08-31T20:48:17.208+00:00,2026-08-31T20:48:17.208+00:00,2026-08-31T20:48:17.788+00:00,2026-08-31T20:48:17.788+00:00,0.227556,0.5796229560000938,sqs-worker-5986dcd897-x8rdl,ip-192-168-20-201.ec2.internal,3359e68da5295890c4cdfdbb45ed9e29bdd2738a1a333e60a0878d33077f2857,1,3945.0,4525.0
1,keda-mmpp-606-d4d333de,000278,175.396823,2026-08-31T20:48:20.482+00:00,2026-08-31T20:48:16.618+00:00,2026-08-31T20:48:16.925+00:00,2026-08-31T20:48:16.925+00:00,2026-08-31T20:48:17.194+00:00,2026-08-31T20:48:17.194+00:00,0.104376,0.26912070000071253,sqs-worker-5986dcd897-x8rdl,ip-192-168-20-201.ec2.internal,29f9c05fb04f550b774b39b5d921f8f5bd1264851160efe9f6ff09bc75beda42,1,307.0,576.0
1,keda-mmpp-606-d4d333de,000255,168.737826,2026-08-31T20:48:13.823+00:00,2026-08-31T20:48:09.962+00:00,2026-08-31T20:48:17.343+00:00,2026-08-31T20:48:17.343+00:00,2026-08-31T20:48:18.122+00:00,2026-08-31T20:48:18.122+00:00,0.319502,0.7793143770013558,sqs-worker-5986dcd897-q8mkk,ip-192-168-20-201.ec2.internal,f04e3e21d28b71f15c6308138d9be40f0ea0bf973c7351b54950d6c41fecfa95,1,7381.0,8160.0
1,keda-mmpp-606-d4d333de,000273,173.553328,2026-08-31T20:48:18.639+00:00,2026-08-31T20:48:14.773+00:00,2026-08-31T20:48:19.424+00:00,2026-08-31T20:48:19.424+00:00,2026-08-31T20:48:19.503+00:00,2026-08-31T20:48:19.503+00:00,0.02778,0.07896713500122132,sqs-worker-5986dcd897-x8rdl,ip-192-168-20-201.ec2.internal,2a26077095f4e0d1f7d98b271c8098a84d7644fd2e27d7dec1ecfa68293731b5,1,4651.0,4730.0
1,keda-mmpp-606-d4d333de,000261,170.484807,2026-08-31T20:48:15.570+00:00,2026-08-31T20:48:11.703+00:00,2026-08-31T20:48:17.994+00:00,2026-08-31T20:48:17.994+00:00,2026-08-31T20:48:19.410+00:00,2026-08-31T20:48:19.410+00:00,0.584831,1.4162869159990805,sqs-worker-5986dcd897-x8rdl,ip-192-168-20-201.ec2.internal,96e19967864df2bb39411554b47fc2a1a1e76119b76b8e7943b170f41c048795,1,6291.0,7707.0
1,keda-mmpp-606-d4d333de,000285,176.549483,2026-08-31T20:48:21.635+00:00,2026-08-31T20:48:17.771+00:00,2026-08-31T20:48:19.232+00:00,2026-08-31T20:48:19.232+00:00,2026-08-31T20:48:19.412+00:00,2026-08-31T20:48:19.412+00:00,0.077841,0.18042798900023627,sqs-worker-5986dcd897-q8mkk,ip-192-168-20-201.ec2.internal,6dadb4b5b15772dc3cd3674fecee11f8c8b6b44966d40b3c2800c9c8a33668a7,1,1461.0,1641.0
1,keda-mmpp-606-d4d333de,000279,175.564006,2026-08-31T20:48:20.649+00:00,2026-08-31T20:48:16.783+00:00,2026-08-31T20:48:18.135+00:00,2026-08-31T20:48:18.135+00:00,2026-08-31T20:48:18.529+00:00,2026-08-31T20:48:18.529+00:00,0.16072,0.3935955759989156,sqs-worker-5986dcd897-q8mkk,ip-192-168-20-201.ec2.internal,9f4fc60b91e03fec342b5bd45c724f5b7ec89e35fd821dd1df86ef320dd20f94,1,1352.0,1746.0
1,keda-mmpp-606-d4d333de,000283,176.232813,2026-08-31T20:48:21.318+00:00,2026-08-31T20:48:17.457+00:00,2026-08-31T20:48:18.543+00:00,2026-08-31T20:48:18.543+00:00,2026-08-31T20:48:19.214+00:00,2026-08-31T20:48:19.214+00:00,0.259355,0.6710372699999425,sqs-worker-5986dcd897-q8mkk,ip-192-168-20-201.ec2.internal,0c552f6a4ea82c0f7a15e2d976ea3f7e52400c42ea34e7812a5668553a3126ec,1,1086.0,1757.0
1,keda-mmpp-606-d4d333de,000291,178.005164,2026-08-31T20:48:23.091+00:00,2026-08-31T20:48:19.222+00:00,2026-08-31T20:48:19.432+00:00,2026-08-31T20:48:19.432+00:00,2026-08-31T20:48:19.816+00:00,2026-08-31T20:48:19.816+00:00,0.150843,0.38342242800172244,sqs-worker-5986dcd897-q8mkk,ip-192-168-20-201.ec2.internal,685a6073938c9cfb1c09dca1ff650457834ae8acd4d2a393e824374fc4bdb3d3,1,210.0,594.0
1,keda-mmpp-606-d4d333de,000280,175.595683,2026-08-31T20:48:20.681+00:00,2026-08-31T20:48:16.818+00:00,2026-08-31T20:48:19.831+00:00,2026-08-31T20:48:19.831+00:00,2026-08-31T20:48:20.915+00:00,2026-08-31T20:48:20.915+00:00,0.440583,1.0839762520008662,sqs-worker-5986dcd897-q8mkk,ip-192-168-20-201.ec2.internal,5823b03c7333d1f74d9ab367327c3fc927b6fa596d90de58ce9cccb8df492075,1,3013.0,4097.0
1,keda-mmpp-606-d4d333de,000286,176.62283,2026-08-31T20:48:21.708+00:00,2026-08-31T20:48:17.847+00:00,2026-08-31T20:48:19.519+00:00,2026-08-31T20:48:19.519+00:00,2026-08-31T20:48:21.303+00:00,2026-08-31T20:48:21.303+00:00,0.382565,1.7844482099990273,sqs-worker-5986dcd897-x8rdl,ip-192-168-20-201.ec2.internal,a1a7f1a218bfbee7d933bfad1b534d3a450b8fa483ad577e9a5db4f7f2b35560,1,1672.0,3456.0
1,keda-mmpp-606-d4d333de,000287,177.03057,2026-08-31T20:48:22.116+00:00,2026-08-31T20:48:18.248+00:00,2026-08-31T20:48:20.960+00:00,2026-08-31T20:48:20.960+00:00,2026-08-31T20:48:21.265+00:00,2026-08-31T20:48:21.265+00:00,0.128371,0.30548913500024355,sqs-worker-5986dcd897-q8mkk,ip-192-168-20-201.ec2.internal,6233cf2793d6d292f153fa38cb045f4ccec3c6512e2f57cba9c634e747d937f8,1,2712.0,3017.0
1,keda-mmpp-606-d4d333de,000284,176.336561,2026-08-31T20:48:21.422+00:00,2026-08-31T20:48:17.559+00:00,2026-08-31T20:48:21.302+00:00,2026-08-31T20:48:21.302+00:00,2026-08-31T20:48:21.321+00:00,2026-08-31T20:48:21.321+00:00,0.018632,0.018707847000769107,sqs-worker-5986dcd897-q8mkk,ip-192-168-20-201.ec2.internal,414cc447e754c22cb174599662bd23357cbe393cf36d0894030801cdd1773f71,1,3743.0,3762.0
1,keda-mmpp-606-d4d333de,000288,177.038182,2026-08-31T20:48:22.123+00:00,2026-08-31T20:48:18.257+00:00,2026-08-31T20:48:21.334+00:00,2026-08-31T20:48:21.334+00:00,2026-08-31T20:48:21.600+00:00,2026-08-31T20:48:21.600+00:00,0.097504,0.26564066799983266,sqs-worker-5986dcd897-q8mkk,ip-192-168-20-201.ec2.internal,df18800093fd94e5f800853cbcb9d2fc0075aaa57ff849f8c27d12693f258ec0,1,3077.0,3343.0
1,keda-mmpp-606-d4d333de,000274,173.600986,2026-08-31T20:48:18.686+00:00,2026-08-31T20:48:14.820+00:00,2026-08-31T20:48:21.410+00:00,2026-08-31T20:48:21.410+00:00,2026-08-31T20:48:21.986+00:00,2026-08-31T20:48:21.986+00:00,0.108795,0.5755051630003436,sqs-worker-5986dcd897-x8rdl,ip-192-168-20-201.ec2.internal,9b38af720949bdd3adc3ef7d5ecc3b1cfbe650b30710464474319932084c7e8f,1,6590.0,7166.0
1,keda-mmpp-606-d4d333de,000293,179.143472,2026-08-31T20:48:24.230+00:00,2026-08-31T20:48:20.362+00:00,2026-08-31T20:48:22.568+00:00,2026-08-31T20:48:22.568+00:00,2026-08-31T20:48:22.612+00:00,2026-08-31T20:48:22.612+00:00,0.010784,0.04425829899992095,sqs-worker-5986dcd897-q8mkk,ip-192-168-20-201.ec2.internal,8210874fe0d9d3b1f7ede16ec77f71c0f19d6a9c3f510134099f12154131e752,1,2206.0,2250.0
1,keda-mmpp-606-d4d333de,000289,177.232078,2026-08-31T20:48:22.317+00:00,2026-08-31T20:48:18.451+00:00,2026-08-31T20:48:21.615+00:00,2026-08-31T20:48:21.615+00:00,2026-08-31T20:48:21.735+00:00,2026-08-31T20:48:21.735+00:00,0.070643,0.12031778699929419,sqs-worker-5986dcd897-q8mkk,ip-192-168-20-201.ec2.internal,75dcf57b19fe540e4f6ffe8be7eddf7bca9b20a919391d8b8b4bd3e48b2a13f2,1,3164.0,3284.0
1,keda-mmpp-606-d4d333de,000292,178.054931,2026-08-31T20:48:23.140+00:00,2026-08-31T20:48:19.271+00:00,2026-08-31T20:48:21.805+00:00,2026-08-31T20:48:21.805+00:00,2026-08-31T20:48:22.501+00:00,2026-08-31T20:48:22.501+00:00,0.216155,0.696830079999927,sqs-worker-5986dcd897-q8mkk,ip-192-168-20-201.ec2.internal,6d07cd4d5ec2c69d0f5a8dcdd12731cf02c520f1dec2486bc3ee6380573cf6bf,1,2534.0,3230.0
1,keda-mmpp-606-d4d333de,000294,179.534312,2026-08-31T20:48:24.620+00:00,2026-08-31T20:48:20.754+00:00,2026-08-31T20:48:22.084+00:00,2026-08-31T20:48:22.084+00:00,2026-08-31T20:48:23.318+00:00,2026-08-31T20:48:23.318+00:00,0.319168,1.234287535000476,sqs-worker-5986dcd897-x8rdl,ip-192-168-20-201.ec2.internal,63c5009419d35edf49516cc20845e55562c733246ccd18489d5f62ec0cdd0931,1,1330.0,2564.0
1,keda-mmpp-606-d4d333de,000277,175.209504,2026-08-31T20:48:20.295+00:00,2026-08-31T20:48:16.429+00:00,2026-08-31T20:48:23.336+00:00,2026-08-31T20:48:23.336+00:00,2026-08-31T20:48:23.421+00:00,2026-08-31T20:48:23.421+00:00,0.037708,0.0848464030004834,sqs-worker-5986dcd897-x8rdl,ip-192-168-20-201.ec2.internal,9f4d5e2ed917f6d45d2da653752ad285fcfb1139a08080b5731c2c66ece25022,1,6907.0,6992.0
1,keda-mmpp-606-d4d333de,000282,176.033005,2026-08-31T20:48:21.118+00:00,2026-08-31T20:48:17.252+00:00,2026-08-31T20:48:23.442+00:00,2026-08-31T20:48:23.442+00:00,2026-08-31T20:48:23.712+00:00,2026-08-31T20:48:23.712+00:00,0.108166,0.2706723459996283,sqs-worker-5986dcd897-x8rdl,ip-192-168-20-201.ec2.internal,b8fa0f8e8dfd6834954ca17cfd4ef21543e31ffa9a5da71f84134d2a24d1e931,1,6190.0,6460.0
1,keda-mmpp-606-d4d333de,000295,179.813826,2026-08-31T20:48:24.900+00:00,2026-08-31T20:48:21.033+00:00,2026-08-31T20:48:23.746+00:00,2026-08-31T20:48:23.746+00:00,2026-08-31T20:48:23.920+00:00,2026-08-31T20:48:23.920+00:00,0.082917,0.17375314899982186,sqs-worker-5986dcd897-x8rdl,ip-192-168-20-201.ec2.internal,d1dbb770f5a04e5e4adaea8b50bf057099673595e72ebe325a9c3429e84e800f,1,2713.0,2887.0
1,keda-mmpp-606-d4d333de,000290,177.51311,2026-08-31T20:48:22.599+00:00,2026-08-31T20:48:18.731+00:00,2026-08-31T20:48:22.693+00:00,2026-08-31T20:48:22.693+00:00,2026-08-31T20:48:25.291+00:00,2026-08-31T20:48:25.292+00:00,0.545812,2.5988501890005864,sqs-worker-5986dcd897-q8mkk,ip-192-168-20-201.ec2.internal,536755013ce194d62c9d80270dbeab3be9b135ff2dec806b7fdc42ead0a86ff2,1,3962.0,6560.0
