schema_version,experiment_id,job_id,trace_offset_s,producer_sent_at,sqs_sent_at,worker_received_at,processing_started_at,processing_finished_at,result_sent_at,service_cpu_seconds,processing_wall_seconds,pod_name,node_name,digest,receive_count,queue_wait_ms,end_to_end_ms
1,hpa-mmpp-303-5330303c,000000,6.533312,2026-08-31T19:32:40.943+00:00,2026-08-31T19:32:37.179+00:00,2026-08-31T19:32:37.183+00:00,2026-08-31T19:32:37.183+00:00,2026-08-31T19:32:37.497+00:00,2026-08-31T19:32:37.497+00:00,0.133957,0.31389795700124523,sqs-worker-5986dcd897-x8rdl,ip-192-168-20-201.ec2.internal,30b8ff18b52eac96067c3e50190cfe48399f6e1072565ff1e32fb439b7d16173,1,4.0,318.0
1,hpa-mmpp-303-5330303c,000001,9.048174,2026-08-31T19:32:43.453+00:00,2026-08-31T19:32:39.689+00:00,2026-08-31T19:32:39.696+00:00,2026-08-31T19:32:39.696+00:00,2026-08-31T19:32:39.891+00:00,2026-08-31T19:32:39.891+00:00,0.045732,0.19510558399997535,sqs-worker-5986dcd897-x8rdl,ip-192-168-20-201.ec2.internal,9ad06a7ce76333c9dd506231384fc7c43be4cff21292c8dbc9b5a9932660295b,1,7.0,202.0
1,hpa-mmpp-303-5330303c,000002,9.702186,2026-08-31T19:32:44.106+00:00,2026-08-31T19:32:40.340+00:00,2026-08-31T19:32:40.347+00:00,2026-08-31T19:32:40.347+00:00,2026-08-31T19:32:41.486+00:00,2026-08-31T19:32:41.486+00:00,0.206611,1.1390746980014228,sqs-worker-5986dcd897-x8rdl,ip-192-168-20-201.ec2.internal,9cdfdb365169a9b8025b06ab8b5d84b39444c471ede8d6a6442a599f8a2d14e7,1,7.0,1146.0
1,hpa-mmpp-303-5330303c,000003,10.403313,2026-08-31T19:32:44.807+00:00,2026-08-31T19:32:41.043+00:00,2026-08-31T19:32:41.511+00:00,2026-08-31T19:32:41.511+00:00,2026-08-31T19:32:41.921+00:00,2026-08-31T19:32:41.921+00:00,0.110306,0.4106266590006271,sqs-worker-5986dcd897-x8rdl,ip-192-168-20-201.ec2.internal,8cc5a8d5826de020714cd35e38685716fefbb3bd28fe12ee2635cc29505d0333,1,468.0,878.0
1,hpa-mmpp-303-5330303c,000004,10.571281,2026-08-31T19:32:44.974+00:00,2026-08-31T19:32:41.211+00:00,2026-08-31T19:32:42.022+00:00,2026-08-31T19:32:42.022+00:00,2026-08-31T19:32:42.031+00:00,2026-08-31T19:32:42.031+00:00,0.009661,0.009696672999780276,sqs-worker-5986dcd897-x8rdl,ip-192-168-20-201.ec2.internal,c799ece495735f37d01a3ce84ff594f375b10b2bd96bdfc17e8661bfcd3cf6f3,1,811.0,820.0
1,hpa-mmpp-303-5330303c,000005,11.966547,2026-08-31T19:32:46.371+00:00,2026-08-31T19:32:42.604+00:00,2026-08-31T19:32:42.606+00:00,2026-08-31T19:32:42.606+00:00,2026-08-31T19:32:43.406+00:00,2026-08-31T19:32:43.406+00:00,0.342965,0.7993362820016046,sqs-worker-5986dcd897-x8rdl,ip-192-168-20-201.ec2.internal,c752f0a95f85656c774d5d76984cbde585fe3814561f05d120efc9dbd01201cb,1,2.0,802.0
1,hpa-mmpp-303-5330303c,000006,18.0679,2026-08-31T19:32:52.477+00:00,2026-08-31T19:32:48.713+00:00,2026-08-31T19:32:48.720+00:00,2026-08-31T19:32:48.720+00:00,2026-08-31T19:32:50.102+00:00,2026-08-31T19:32:50.102+00:00,0.488728,1.3816773030011973,sqs-worker-5986dcd897-x8rdl,ip-192-168-20-201.ec2.internal,011e58aeae0188c87be6a5fb1564fe54475cea51c05a7a32e644c9e7b772716c,1,7.0,1389.0
1,hpa-mmpp-303-5330303c,000007,18.636796,2026-08-31T19:32:53.040+00:00,2026-08-31T19:32:49.273+00:00,2026-08-31T19:32:50.216+00:00,2026-08-31T19:32:50.216+00:00,2026-08-31T19:32:50.288+00:00,2026-08-31T19:32:50.288+00:00,0.005,0.07173568999860436,sqs-worker-5986dcd897-x8rdl,ip-192-168-20-201.ec2.internal,49fd47b6610b9e18f63f67c4dece55b37ca061efa231cc9351a4d27b998f028c,1,943.0,1014.9999999999999
1,hpa-mmpp-303-5330303c,000008,19.467598,2026-08-31T19:32:53.871+00:00,2026-08-31T19:32:50.104+00:00,2026-08-31T19:32:50.313+00:00,2026-08-31T19:32:50.313+00:00,2026-08-31T19:32:52.397+00:00,2026-08-31T19:32:52.397+00:00,0.382662,2.0842027889993915,sqs-worker-5986dcd897-x8rdl,ip-192-168-20-201.ec2.internal,b6c6e3d4c7991f8b4d9a41ac15a3f865591ceb0a852fc3f8086e05284ee2ca18,1,209.0,2293.0
1,hpa-mmpp-303-5330303c,000009,20.190116,2026-08-31T19:32:54.594+00:00,2026-08-31T19:32:50.830+00:00,2026-08-31T19:32:52.437+00:00,2026-08-31T19:32:52.437+00:00,2026-08-31T19:32:53.488+00:00,2026-08-31T19:32:53.488+00:00,0.426668,1.0506167629991978,sqs-worker-5986dcd897-x8rdl,ip-192-168-20-201.ec2.internal,22595c55bbdf3994e8b169a1947de7f9efc7183bf74ab5e8005818c8a2ec6082,1,1607.0,2658.0
1,hpa-mmpp-303-5330303c,000010,23.055209,2026-08-31T19:32:57.458+00:00,2026-08-31T19:32:53.691+00:00,2026-08-31T19:32:53.694+00:00,2026-08-31T19:32:53.694+00:00,2026-08-31T19:32:53.811+00:00,2026-08-31T19:32:53.811+00:00,0.068353,0.11673851800151169,sqs-worker-5986dcd897-x8rdl,ip-192-168-20-201.ec2.internal,a7257f9cb88e2f01b0e36b984e35f30aca48cd92708188bbbc627e034f291c62,1,3.0,120.0
1,hpa-mmpp-303-5330303c,000011,23.442561,2026-08-31T19:32:57.845+00:00,2026-08-31T19:32:54.118+00:00,2026-08-31T19:32:54.122+00:00,2026-08-31T19:32:54.122+00:00,2026-08-31T19:32:54.305+00:00,2026-08-31T19:32:54.305+00:00,0.102862,0.1831684739991033,sqs-worker-5986dcd897-x8rdl,ip-192-168-20-201.ec2.internal,89e87cc7c5a638269c35d6b0c2a15e21855d72e064b42ff266dcc0954e13b786,1,4.0,187.0
1,hpa-mmpp-303-5330303c,000012,23.641955,2026-08-31T19:32:58.044+00:00,2026-08-31T19:32:54.277+00:00,2026-08-31T19:32:54.335+00:00,2026-08-31T19:32:54.335+00:00,2026-08-31T19:32:55.400+00:00,2026-08-31T19:32:55.400+00:00,0.430705,1.065743207000196,sqs-worker-5986dcd897-x8rdl,ip-192-168-20-201.ec2.internal,101f44eb69069daf93034b4c24121d61873438650d5e6d7ff8354e7b52d7d240,1,58.0,1123.0
1,hpa-mmpp-303-5330303c,000013,24.178784,2026-08-31T19:32:58.581+00:00,2026-08-31T19:32:54.815+00:00,2026-08-31T19:32:55.415+00:00,2026-08-31T19:32:55.415+00:00,2026-08-31T19:32:55.508+00:00,2026-08-31T19:32:55.508+00:00,0.043939,0.09347739400072896,sqs-worker-5986dcd897-x8rdl,ip-192-168-20-201.ec2.internal,ccd89baa6e80457e144f3ecf474c24868f8063506e5c13f213c74e1a7c3fcad3,1,600.0,693.0
1,hpa-mmpp-303-5330303c,000016,24.505245,2026-08-31T19:32:58.907+00:00,2026-08-31T19:32:55.141+00:00,2026-08-31T19:32:55.524+00:00,2026-08-31T19:32:55.524+00:00,2026-08-31T19:32:55.912+00:00,2026-08-31T19:32:55.912+00:00,0.159565,0.3882101800008968,sqs-worker-5986dcd897-x8rdl,ip-192-168-20-201.ec2.internal,1359b91a74c6c1af1634733c3b9a1fbc0dbbaa40c60464cdc692473c745ab2f6,1,383.0,771.0
1,hpa-mmpp-303-5330303c,000014,24.233744,2026-08-31T19:32:58.636+00:00,2026-08-31T19:32:55.418+00:00,2026-08-31T19:32:55.926+00:00,2026-08-31T19:32:55.926+00:00,2026-08-31T19:32:56.112+00:00,2026-08-31T19:32:56.112+00:00,0.075604,0.18607540799894196,sqs-worker-5986dcd897-x8rdl,ip-192-168-20-201.ec2.internal,c38c0bc710c25c84e9cbdc5c10f0acb5b71812ec1ddace0c7829974db21b32a4,1,508.0,694.0
1,hpa-mmpp-303-5330303c,000018,24.683628,2026-08-31T19:32:59.085+00:00,2026-08-31T19:32:55.319+00:00,2026-08-31T19:32:56.134+00:00,2026-08-31T19:32:56.134+00:00,2026-08-31T19:32:57.794+00:00,2026-08-31T19:32:57.794+00:00,0.659005,1.65994007900008,sqs-worker-5986dcd897-x8rdl,ip-192-168-20-201.ec2.internal,5310b6018b4778c2fcfb2d030ec66354486df1fb6370b5d83eb4e1013caacd64,1,815.0,2475.0
1,hpa-mmpp-303-5330303c,000015,24.285902,2026-08-31T19:32:58.688+00:00,2026-08-31T19:32:55.438+00:00,2026-08-31T19:32:57.808+00:00,2026-08-31T19:32:57.808+00:00,2026-08-31T19:32:57.994+00:00,2026-08-31T19:32:57.994+00:00,0.075329,0.18617271599941887,sqs-worker-5986dcd897-x8rdl,ip-192-168-20-201.ec2.internal,a3ec770c80f905b94b6988a1ab8e40c4e2619fb84d6cd982383552fa3be9166a,1,2370.0,2556.0
1,hpa-mmpp-303-5330303c,000020,25.135631,2026-08-31T19:32:59.537+00:00,2026-08-31T19:32:55.785+00:00,2026-08-31T19:32:58.008+00:00,2026-08-31T19:32:58.008+00:00,2026-08-31T19:32:58.399+00:00,2026-08-31T19:32:58.399+00:00,0.160542,0.3908514680006192,sqs-worker-5986dcd897-x8rdl,ip-192-168-20-201.ec2.internal,79a04399a3584ea7a574398aaa5e33a231488f14138b123efb6e883e2f5a6b2f,1,2223.0,2614.0
1,hpa-mmpp-303-5330303c,000023,25.544866,2026-08-31T19:32:59.947+00:00,2026-08-31T19:32:56.181+00:00,2026-08-31T19:32:58.437+00:00,2026-08-31T19:32:58.437+00:00,2026-08-31T19:32:58.693+00:00,2026-08-31T19:32:58.693+00:00,0.103573,0.2555928630008566,sqs-worker-5986dcd897-x8rdl,ip-192-168-20-201.ec2.internal,02105b7a90a94111f37af35d9800837ece99b6bef3d0b0298a16f6e4476170b3,1,2256.0,2512.0
1,hpa-mmpp-303-5330303c,000022,25.450033,2026-08-31T19:32:59.852+00:00,2026-08-31T19:32:56.097+00:00,2026-08-31T19:32:58.711+00:00,2026-08-31T19:32:58.711+00:00,2026-08-31T19:32:59.508+00:00,2026-08-31T19:32:59.508+00:00,0.331049,0.7972840550010005,sqs-worker-5986dcd897-x8rdl,ip-192-168-20-201.ec2.internal,df17b8c7770bf161b8c8d9ff6a8cf3c0f77d917bf927c4449bc50fa143c75a1a,1,2614.0,3411.0
1,hpa-mmpp-303-5330303c,000026,26.126276,2026-08-31T19:33:00.528+00:00,2026-08-31T19:32:56.767+00:00,2026-08-31T19:32:59.560+00:00,2026-08-31T19:32:59.560+00:00,2026-08-31T19:32:59.621+00:00,2026-08-31T19:32:59.621+00:00,0.048384,0.06017602000065381,sqs-worker-5986dcd897-x8rdl,ip-192-168-20-201.ec2.internal,3fc524ebb89756156eeca4cd643af81a84289ffc2751a1c0c3c14555ef950f89,1,2793.0,2854.0
1,hpa-mmpp-303-5330303c,000028,26.753967,2026-08-31T19:33:01.156+00:00,2026-08-31T19:32:57.390+00:00,2026-08-31T19:32:59.688+00:00,2026-08-31T19:32:59.688+00:00,2026-08-31T19:33:00.689+00:00,2026-08-31T19:33:00.689+00:00,0.198178,1.00050459600061,sqs-worker-5986dcd897-x8rdl,ip-192-168-20-201.ec2.internal,29c2a30214ab17e2a81538b9eee646048c55ba819a142b928dda590443d66389,1,2298.0,3299.0
1,hpa-mmpp-303-5330303c,000019,25.074592,2026-08-31T19:32:59.477+00:00,2026-08-31T19:32:55.718+00:00,2026-08-31T19:33:00.704+00:00,2026-08-31T19:33:00.704+00:00,2026-08-31T19:33:01.290+00:00,2026-08-31T19:33:01.290+00:00,0.10625,0.5859258310010773,sqs-worker-5986dcd897-x8rdl,ip-192-168-20-201.ec2.internal,87ed44ffd062d485d0bfc88fa39d56188739976204960f6b5b9cc400d6741448,1,4986.0,5572.0
1,hpa-mmpp-303-5330303c,000021,25.379022,2026-08-31T19:32:59.781+00:00,2026-08-31T19:32:56.017+00:00,2026-08-31T19:33:01.307+00:00,2026-08-31T19:33:01.307+00:00,2026-08-31T19:33:01.998+00:00,2026-08-31T19:33:01.998+00:00,0.119751,0.6910278590003145,sqs-worker-5986dcd897-x8rdl,ip-192-168-20-201.ec2.internal,895dbf53a491df26e9f10187eb251e118d3e49297caf59924a4109349bdc4c33,1,5290.0,5981.0
1,hpa-mmpp-303-5330303c,000030,28.093764,2026-08-31T19:33:02.496+00:00,2026-08-31T19:32:58.728+00:00,2026-08-31T19:33:02.088+00:00,2026-08-31T19:33:02.088+00:00,2026-08-31T19:33:02.486+00:00,2026-08-31T19:33:02.486+00:00,0.072425,0.39760170099907555,sqs-worker-5986dcd897-x8rdl,ip-192-168-20-201.ec2.internal,18bb5623727b431901cd4e1efa8110b6fed6789b8369e8c11955dfd01367ab60,1,3360.0,3758.0
1,hpa-mmpp-303-5330303c,000017,24.596655,2026-08-31T19:32:58.998+00:00,2026-08-31T19:32:55.767+00:00,2026-08-31T19:33:02.503+00:00,2026-08-31T19:33:02.503+00:00,2026-08-31T19:33:03.388+00:00,2026-08-31T19:33:03.388+00:00,0.332094,0.8849821189996874,sqs-worker-5986dcd897-x8rdl,ip-192-168-20-201.ec2.internal,caba85fd8d909b59d9102087d75027d2f334d91da99884372e7ed931ba590fcf,1,6736.0,7621.0
1,hpa-mmpp-303-5330303c,000034,28.967683,2026-08-31T19:33:03.369+00:00,2026-08-31T19:32:59.604+00:00,2026-08-31T19:33:03.407+00:00,2026-08-31T19:33:03.407+00:00,2026-08-31T19:33:04.102+00:00,2026-08-31T19:33:04.102+00:00,0.289285,0.694700254000054,sqs-worker-5986dcd897-x8rdl,ip-192-168-20-201.ec2.internal,b4d847106b6b75e595c24eb7234643057e5451c6977c23c2b947de5b789a2157,1,3803.0,4498.0
1,hpa-mmpp-303-5330303c,000032,28.53043,2026-08-31T19:33:02.932+00:00,2026-08-31T19:32:59.167+00:00,2026-08-31T19:33:04.115+00:00,2026-08-31T19:33:04.115+00:00,2026-08-31T19:33:04.585+00:00,2026-08-31T19:33:04.585+00:00,0.179747,0.4706061309989309,sqs-worker-5986dcd897-x8rdl,ip-192-168-20-201.ec2.internal,bba156be82828e35a33955a30d559ba88aca4ec6b7052c85b8c26d4c8a5bdafc,1,4948.0,5418.0
1,hpa-mmpp-303-5330303c,000024,25.953297,2026-08-31T19:33:00.355+00:00,2026-08-31T19:32:56.593+00:00,2026-08-31T19:33:04.756+00:00,2026-08-31T19:33:04.756+00:00,2026-08-31T19:33:04.915+00:00,2026-08-31T19:33:04.915+00:00,0.082358,0.15949117099989962,sqs-worker-5986dcd897-x8rdl,ip-192-168-20-201.ec2.internal,ec75bea0ec9d9bfba3f04701063dc3c9d9d245a3c1917208c307cb4fd61f13c2,1,8163.0,8322.0
1,hpa-mmpp-303-5330303c,000031,28.123347,2026-08-31T19:33:02.525+00:00,2026-08-31T19:32:58.762+00:00,2026-08-31T19:33:04.693+00:00,2026-08-31T19:33:04.693+00:00,2026-08-31T19:33:04.720+00:00,2026-08-31T19:33:04.720+00:00,0.026621,0.02666911800042726,sqs-worker-5986dcd897-x8rdl,ip-192-168-20-201.ec2.internal,505dd34ef1080495780b9a796b5ad8f308d06f848ed2de6e40e075d32e4d25c0,1,5931.0,5958.0
1,hpa-mmpp-303-5330303c,000033,28.888319,2026-08-31T19:33:03.290+00:00,2026-08-31T19:32:59.531+00:00,2026-08-31T19:33:04.929+00:00,2026-08-31T19:33:04.929+00:00,2026-08-31T19:33:05.492+00:00,2026-08-31T19:33:05.492+00:00,0.212708,0.5631852419992356,sqs-worker-5986dcd897-x8rdl,ip-192-168-20-201.ec2.internal,30aba0a0fafa2e02adfbe48ce4fa8cc3feb74176aec520b8d03556e5c7348338,1,5398.0,5961.0
1,hpa-mmpp-303-5330303c,000027,26.505768,2026-08-31T19:33:00.908+00:00,2026-08-31T19:32:57.147+00:00,2026-08-31T19:33:05.515+00:00,2026-08-31T19:33:05.515+00:00,2026-08-31T19:33:06.707+00:00,2026-08-31T19:33:06.707+00:00,0.490861,1.19252998400043,sqs-worker-5986dcd897-x8rdl,ip-192-168-20-201.ec2.internal,75c9d074cf7ff112f874478e41d03a668b92992a8cbc077b61fc2ad9ccf1343b,1,8368.0,9560.0
1,hpa-mmpp-303-5330303c,000025,26.076363,2026-08-31T19:33:00.478+00:00,2026-08-31T19:32:56.710+00:00,2026-08-31T19:33:06.726+00:00,2026-08-31T19:33:06.726+00:00,2026-08-31T19:33:07.317+00:00,2026-08-31T19:33:07.317+00:00,0.246166,0.591591050999341,sqs-worker-5986dcd897-x8rdl,ip-192-168-20-201.ec2.internal,6fd4ef2dfbff0138c5478cb3f23f00ae38d02f4acec1a5d74e9fff88466a356c,1,10016.0,10607.0
1,hpa-mmpp-303-5330303c,000035,31.929793,2026-08-31T19:33:06.334+00:00,2026-08-31T19:33:02.567+00:00,2026-08-31T19:33:07.331+00:00,2026-08-31T19:33:07.331+00:00,2026-08-31T19:33:07.712+00:00,2026-08-31T19:33:07.712+00:00,0.150949,0.3810691400012729,sqs-worker-5986dcd897-x8rdl,ip-192-168-20-201.ec2.internal,ca2c76f2390fb35ec4d656cc1b9e01eb0f4317f759386e5f45678bec17acdb46,1,4764.0,5145.0
1,hpa-mmpp-303-5330303c,000037,33.809057,2026-08-31T19:33:08.212+00:00,2026-08-31T19:33:04.445+00:00,2026-08-31T19:33:07.736+00:00,2026-08-31T19:33:07.736+00:00,2026-08-31T19:33:07.804+00:00,2026-08-31T19:33:07.804+00:00,0.027235,0.06753159599975334,sqs-worker-5986dcd897-x8rdl,ip-192-168-20-201.ec2.internal,88768021197ae25a746dd4234e1c10c4b4bce2244340d02bfebd7843e48697da,1,3291.0,3359.0
1,hpa-mmpp-303-5330303c,000029,27.066086,2026-08-31T19:33:01.468+00:00,2026-08-31T19:32:57.700+00:00,2026-08-31T19:33:07.825+00:00,2026-08-31T19:33:07.826+00:00,2026-08-31T19:33:08.302+00:00,2026-08-31T19:33:08.302+00:00,0.194541,0.4768420340005832,sqs-worker-5986dcd897-x8rdl,ip-192-168-20-201.ec2.internal,c30d95d144c52db0c7c8bfa9aab2f13c5663d8b193590484bd63a8e758f0b0a8,1,10125.0,10602.0
1,hpa-mmpp-303-5330303c,000039,36.584374,2026-08-31T19:33:10.986+00:00,2026-08-31T19:33:07.231+00:00,2026-08-31T19:33:08.326+00:00,2026-08-31T19:33:08.326+00:00,2026-08-31T19:33:08.496+00:00,2026-08-31T19:33:08.496+00:00,0.06988,0.17054490500049724,sqs-worker-5986dcd897-x8rdl,ip-192-168-20-201.ec2.internal,eb8c0cba1a25d2d5e24cf45ba245f7ca6091b63218589dd08e9f331ed448d02e,1,1095.0,1265.0
1,hpa-mmpp-303-5330303c,000040,37.69512,2026-08-31T19:33:12.098+00:00,2026-08-31T19:33:08.338+00:00,2026-08-31T19:33:08.726+00:00,2026-08-31T19:33:08.726+00:00,2026-08-31T19:33:09.399+00:00,2026-08-31T19:33:09.399+00:00,0.262818,0.6732841459997871,sqs-worker-5986dcd897-x8rdl,ip-192-168-20-201.ec2.internal,33ddc64dc1ec91f4e916ac57be04ed13b5a3c3adfbca7d9ba768087958826fe5,1,388.0,1061.0
1,hpa-mmpp-303-5330303c,000038,36.550162,2026-08-31T19:33:10.954+00:00,2026-08-31T19:33:07.187+00:00,2026-08-31T19:33:08.519+00:00,2026-08-31T19:33:08.519+00:00,2026-08-31T19:33:08.712+00:00,2026-08-31T19:33:08.712+00:00,0.091315,0.19263276800120366,sqs-worker-5986dcd897-x8rdl,ip-192-168-20-201.ec2.internal,8914003ec69bb22c405b98d5402ed68000cfbe823d5a3f74e6a805bfcc9df32b,1,1332.0,1525.0
1,hpa-mmpp-303-5330303c,000036,32.146917,2026-08-31T19:33:06.549+00:00,2026-08-31T19:33:02.780+00:00,2026-08-31T19:33:09.413+00:00,2026-08-31T19:33:09.413+00:00,2026-08-31T19:33:10.600+00:00,2026-08-31T19:33:10.600+00:00,0.292516,1.1864747639992856,sqs-worker-5986dcd897-x8rdl,ip-192-168-20-201.ec2.internal,140f3b06053191f0117544cc7a9c2936d358828b79a9354a8f1d6bb36ad813d4,1,6633.0,7820.0
1,hpa-mmpp-303-5330303c,000041,38.384727,2026-08-31T19:33:12.787+00:00,2026-08-31T19:33:09.021+00:00,2026-08-31T19:33:10.694+00:00,2026-08-31T19:33:10.694+00:00,2026-08-31T19:33:12.895+00:00,2026-08-31T19:33:12.895+00:00,0.44633,2.2004794490003405,sqs-worker-5986dcd897-x8rdl,ip-192-168-20-201.ec2.internal,572558b5a6cf71d6dbbb57a3649579a0423030d8c233f7dd362be6d649ee7777,1,1673.0,3874.0
1,hpa-mmpp-303-5330303c,000042,38.478637,2026-08-31T19:33:12.880+00:00,2026-08-31T19:33:09.116+00:00,2026-08-31T19:33:12.919+00:00,2026-08-31T19:33:12.919+00:00,2026-08-31T19:33:14.288+00:00,2026-08-31T19:33:14.288+00:00,0.548998,1.3692452539999067,sqs-worker-5986dcd897-x8rdl,ip-192-168-20-201.ec2.internal,efbd967c156d769cfa8f2568ab3603c6a21a6563a8c580793e4e706f78bbeeb1,1,3803.0,5172.0
1,hpa-mmpp-303-5330303c,000048,39.62604,2026-08-31T19:33:14.028+00:00,2026-08-31T19:33:10.268+00:00,2026-08-31T19:33:14.304+00:00,2026-08-31T19:33:14.304+00:00,2026-08-31T19:33:14.393+00:00,2026-08-31T19:33:14.393+00:00,0.036961,0.08844375500120805,sqs-worker-5986dcd897-x8rdl,ip-192-168-20-201.ec2.internal,27dd2d7375e433d89f30ad666a59847e6607779492a052de89d178ac9dfd8b22,1,4035.9999999999995,4125.0
1,hpa-mmpp-303-5330303c,000053,40.42843,2026-08-31T19:33:14.830+00:00,2026-08-31T19:33:11.065+00:00,2026-08-31T19:33:14.410+00:00,2026-08-31T19:33:14.410+00:00,2026-08-31T19:33:15.186+00:00,2026-08-31T19:33:15.186+00:00,0.312588,0.7766585190001933,sqs-worker-5986dcd897-x8rdl,ip-192-168-20-201.ec2.internal,07986ec12617a53148f6fddd951ac88e12f4eda8de6043d856f25b732cceb67a,1,3345.0,4121.0
1,hpa-mmpp-303-5330303c,000044,39.178795,2026-08-31T19:33:13.581+00:00,2026-08-31T19:33:09.817+00:00,2026-08-31T19:33:15.199+00:00,2026-08-31T19:33:15.199+00:00,2026-08-31T19:33:15.602+00:00,2026-08-31T19:33:15.602+00:00,0.170796,0.4027919660002226,sqs-worker-5986dcd897-x8rdl,ip-192-168-20-201.ec2.internal,d97a0223bda70e0bb8fe07770c4399bc3cc491e22c9abe27503e1b288d25745d,1,5382.0,5785.0
1,hpa-mmpp-303-5330303c,000052,40.141026,2026-08-31T19:33:14.543+00:00,2026-08-31T19:33:10.784+00:00,2026-08-31T19:33:15.644+00:00,2026-08-31T19:33:15.644+00:00,2026-08-31T19:33:15.796+00:00,2026-08-31T19:33:15.796+00:00,0.060372,0.1523157049996371,sqs-worker-5986dcd897-x8rdl,ip-192-168-20-201.ec2.internal,c72e9ec10250093b1061f47a5a16596c655a8c960a9fd840796251e2165737f3,1,4860.0,5012.0
1,hpa-mmpp-303-5330303c,000043,39.036992,2026-08-31T19:33:13.439+00:00,2026-08-31T19:33:09.673+00:00,2026-08-31T19:33:15.644+00:00,2026-08-31T19:33:15.644+00:00,2026-08-31T19:33:15.767+00:00,2026-08-31T19:33:15.767+00:00,0.062736,0.12348955299967201,sqs-worker-5986dcd897-mchbm,ip-192-168-20-201.ec2.internal,9356e3052a601ea4a8b205de1854c1d0eae0b16e6588ba35a340eaba169ce687,1,5971.0,6094.0
1,hpa-mmpp-303-5330303c,000045,39.22537,2026-08-31T19:33:13.627+00:00,2026-08-31T19:33:09.935+00:00,2026-08-31T19:33:15.783+00:00,2026-08-31T19:33:15.783+00:00,2026-08-31T19:33:16.224+00:00,2026-08-31T19:33:16.224+00:00,0.16507,0.4400990680005634,sqs-worker-5986dcd897-mchbm,ip-192-168-20-201.ec2.internal,921e6be77eb4e3716dd32506c3102eb9042e55138fb161ad158d348d0abcc467,1,5848.0,6289.0
1,hpa-mmpp-303-5330303c,000046,39.595275,2026-08-31T19:33:13.997+00:00,2026-08-31T19:33:10.228+00:00,2026-08-31T19:33:15.813+00:00,2026-08-31T19:33:15.813+00:00,2026-08-31T19:33:17.312+00:00,2026-08-31T19:33:17.312+00:00,0.611442,1.4986610710002424,sqs-worker-5986dcd897-x8rdl,ip-192-168-20-201.ec2.internal,21e6a5c1701d87c069fb43d6fa967b203448935fae1d0faf1cd7d5a7dd16c6ee,1,5585.0,7084.0
1,hpa-mmpp-303-5330303c,000055,40.805799,2026-08-31T19:33:15.207+00:00,2026-08-31T19:33:11.441+00:00,2026-08-31T19:33:17.332+00:00,2026-08-31T19:33:17.332+00:00,2026-08-31T19:33:17.501+00:00,2026-08-31T19:33:17.501+00:00,0.065462,0.1687666399993759,sqs-worker-5986dcd897-x8rdl,ip-192-168-20-201.ec2.internal,230057f2199355ad3e22752b81c00b9acd5bc6168622fa277f376af9660deaba,1,5891.0,6060.0
1,hpa-mmpp-303-5330303c,000062,42.483935,2026-08-31T19:33:16.886+00:00,2026-08-31T19:33:13.124+00:00,2026-08-31T19:33:17.516+00:00,2026-08-31T19:33:17.516+00:00,2026-08-31T19:33:17.906+00:00,2026-08-31T19:33:17.906+00:00,0.159636,0.39057797999885224,sqs-worker-5986dcd897-x8rdl,ip-192-168-20-201.ec2.internal,94f94ff9549b722f369374ab2451af0b9cf18fa078bdc85ce9a792dd530de89d,1,4392.0,4782.0
1,hpa-mmpp-303-5330303c,000050,39.896837,2026-08-31T19:33:14.299+00:00,2026-08-31T19:33:10.530+00:00,2026-08-31T19:33:17.919+00:00,2026-08-31T19:33:17.919+00:00,2026-08-31T19:33:18.204+00:00,2026-08-31T19:33:18.204+00:00,0.114104,0.285087301999738,sqs-worker-5986dcd897-x8rdl,ip-192-168-20-201.ec2.internal,a13c153192e30e749112472ba4eb1209285a98d8cea1745063696b11e4f41f2f,1,7389.0,7674.0
1,hpa-mmpp-303-5330303c,000068,44.990007,2026-08-31T19:33:19.393+00:00,2026-08-31T19:33:15.624+00:00,2026-08-31T19:33:16.236+00:00,2026-08-31T19:33:16.236+00:00,2026-08-31T19:33:17.843+00:00,2026-08-31T19:33:17.843+00:00,0.655515,1.6065042310001445,sqs-worker-5986dcd897-mchbm,ip-192-168-20-201.ec2.internal,bb42db50ee53d59f656f4e7484d0e76a802e5a026ddd7015a30b43b74607c62e,1,612.0,2219.0
1,hpa-mmpp-303-5330303c,000054,40.694741,2026-08-31T19:33:15.097+00:00,2026-08-31T19:33:11.332+00:00,2026-08-31T19:33:18.218+00:00,2026-08-31T19:33:18.218+00:00,2026-08-31T19:33:18.810+00:00,2026-08-31T19:33:18.810+00:00,0.241412,0.5914138440002716,sqs-worker-5986dcd897-x8rdl,ip-192-168-20-201.ec2.internal,22852db7f9c0e50aebc7a23e672f5b793a24dbd72ec5f90dc1661f08e0b17011,1,6886.0,7478.0
1,hpa-mmpp-303-5330303c,000049,39.739171,2026-08-31T19:33:14.141+00:00,2026-08-31T19:33:10.375+00:00,2026-08-31T19:33:17.863+00:00,2026-08-31T19:33:17.863+00:00,2026-08-31T19:33:18.522+00:00,2026-08-31T19:33:18.522+00:00,0.258787,0.6587985740006843,sqs-worker-5986dcd897-mchbm,ip-192-168-20-201.ec2.internal,9da7eb0b4b095d3fb8f3c12a6f7b2f0eac6320e9bd3d3dec8d7ae64ff10f86ac,1,7488.0,8147.0
1,hpa-mmpp-303-5330303c,000076,46.839829,2026-08-31T19:33:21.242+00:00,2026-08-31T19:33:17.472+00:00,2026-08-31T19:33:18.958+00:00,2026-08-31T19:33:18.958+00:00,2026-08-31T19:33:19.083+00:00,2026-08-31T19:33:19.083+00:00,0.071814,0.12475319999975909,sqs-worker-5986dcd897-mchbm,ip-192-168-20-201.ec2.internal,dd54ddd957f1cb6c965754fd4fa56d198af698421da0739918bbcbcafe8c5047,1,1486.0,1611.0
1,hpa-mmpp-303-5330303c,000066,43.450885,2026-08-31T19:33:17.853+00:00,2026-08-31T19:33:14.085+00:00,2026-08-31T19:33:18.541+00:00,2026-08-31T19:33:18.541+00:00,2026-08-31T19:33:18.876+00:00,2026-08-31T19:33:18.876+00:00,0.151544,0.33555041900035576,sqs-worker-5986dcd897-mchbm,ip-192-168-20-201.ec2.internal,a27de7b252d90e8198ddded549613c0288dbfedbdd3f71a8b2f2702ff13007c6,1,4456.0,4791.0
1,hpa-mmpp-303-5330303c,000060,41.718726,2026-08-31T19:33:16.121+00:00,2026-08-31T19:33:12.353+00:00,2026-08-31T19:33:18.823+00:00,2026-08-31T19:33:18.823+00:00,2026-08-31T19:33:19.695+00:00,2026-08-31T19:33:19.695+00:00,0.337552,0.8715545930008375,sqs-worker-5986dcd897-x8rdl,ip-192-168-20-201.ec2.internal,042680edd59bf3a9b4fd6a7e1279ec2e1e488fab400e1505ae5b05d9955801d0,1,6470.0,7342.0
1,hpa-mmpp-303-5330303c,000047,39.61684,2026-08-31T19:33:14.018+00:00,2026-08-31T19:33:10.259+00:00,2026-08-31T19:33:19.096+00:00,2026-08-31T19:33:19.097+00:00,2026-08-31T19:33:20.482+00:00,2026-08-31T19:33:20.482+00:00,0.553972,1.385546951998549,sqs-worker-5986dcd897-mchbm,ip-192-168-20-201.ec2.internal,e07fd1ed8dcc3e2f606cf08d1e913a7cae7137892f41fc53bb3e0a7400b962ec,1,8837.0,10223.0
1,hpa-mmpp-303-5330303c,000058,41.100824,2026-08-31T19:33:15.502+00:00,2026-08-31T19:33:11.734+00:00,2026-08-31T19:33:20.522+00:00,2026-08-31T19:33:20.522+00:00,2026-08-31T19:33:20.968+00:00,2026-08-31T19:33:20.968+00:00,0.180636,0.4462713539996912,sqs-worker-5986dcd897-mchbm,ip-192-168-20-201.ec2.internal,6dd3fb457c30840ac800e7152a683a00a09e70fd01b4670070f6b426c8864769,1,8788.0,9234.0
1,hpa-mmpp-303-5330303c,000087,48.4889,2026-08-31T19:33:22.891+00:00,2026-08-31T19:33:19.122+00:00,2026-08-31T19:33:20.982+00:00,2026-08-31T19:33:20.982+00:00,2026-08-31T19:33:21.268+00:00,2026-08-31T19:33:21.268+00:00,0.115419,0.28574288000163506,sqs-worker-5986dcd897-mchbm,ip-192-168-20-201.ec2.internal,0418c13a7817239eaced1130e28226d72a20139c3c6c268b8664bf88d571061e,1,1860.0,2146.0
1,hpa-mmpp-303-5330303c,000063,42.700551,2026-08-31T19:33:17.102+00:00,2026-08-31T19:33:13.344+00:00,2026-08-31T19:33:21.283+00:00,2026-08-31T19:33:21.283+00:00,2026-08-31T19:33:21.470+00:00,2026-08-31T19:33:21.470+00:00,0.077895,0.1874603220003337,sqs-worker-5986dcd897-mchbm,ip-192-168-20-201.ec2.internal,f31c3eb071f5eadea44e8072271b9d5d51902ef7c3ceb7005853122401e53d2d,1,7939.0,8125.999999999999
1,hpa-mmpp-303-5330303c,000069,45.19359,2026-08-31T19:33:19.595+00:00,2026-08-31T19:33:15.826+00:00,2026-08-31T19:33:21.486+00:00,2026-08-31T19:33:21.486+00:00,2026-08-31T19:33:21.777+00:00,2026-08-31T19:33:21.777+00:00,0.123104,0.29084329800025444,sqs-worker-5986dcd897-mchbm,ip-192-168-20-201.ec2.internal,f67e21355be7f4969b3563f9097197dec02132576917ac75f51b5b41fce41f4c,1,5660.0,5951.0
1,hpa-mmpp-303-5330303c,000051,39.928372,2026-08-31T19:33:14.330+00:00,2026-08-31T19:33:10.563+00:00,2026-08-31T19:33:21.800+00:00,2026-08-31T19:33:21.800+00:00,2026-08-31T19:33:21.818+00:00,2026-08-31T19:33:21.818+00:00,0.005,0.01804289599931508,sqs-worker-5986dcd897-mchbm,ip-192-168-20-201.ec2.internal,717afd604f2430cda92c510315238202352d2cad70e2d2ad22bf719a7b75af14,1,11237.0,11255.0
1,hpa-mmpp-303-5330303c,000083,48.140516,2026-08-31T19:33:22.542+00:00,2026-08-31T19:33:18.779+00:00,2026-08-31T19:33:19.790+00:00,2026-08-31T19:33:19.790+00:00,2026-08-31T19:33:21.198+00:00,2026-08-31T19:33:21.198+00:00,0.302405,1.4082435840009566,sqs-worker-5986dcd897-x8rdl,ip-192-168-20-201.ec2.internal,ebbf109eade5fe6726dff6336355af16e70cddffd9781b8fece0c254edfa12b6,1,1010.9999999999999,2419.0
1,hpa-mmpp-303-5330303c,000080,47.396964,2026-08-31T19:33:21.799+00:00,2026-08-31T19:33:18.036+00:00,2026-08-31T19:33:21.832+00:00,2026-08-31T19:33:21.832+00:00,2026-08-31T19:33:22.719+00:00,2026-08-31T19:33:22.719+00:00,0.357298,0.8875763169999118,sqs-worker-5986dcd897-mchbm,ip-192-168-20-201.ec2.internal,fddea1524e30a4cb83fde74dfec3f8904faf099b0b90023afd0202453f64bf08,1,3796.0,4683.0
1,hpa-mmpp-303-5330303c,000056,40.813026,2026-08-31T19:33:15.215+00:00,2026-08-31T19:33:11.456+00:00,2026-08-31T19:33:22.733+00:00,2026-08-31T19:33:22.733+00:00,2026-08-31T19:33:23.530+00:00,2026-08-31T19:33:23.530+00:00,0.321596,0.796407318999627,sqs-worker-5986dcd897-mchbm,ip-192-168-20-201.ec2.internal,b8b95fa73fa46d1e3bfe24ada55e46b2e325861e7747c0730009935642aaf9af,1,11277.0,12074.0
1,hpa-mmpp-303-5330303c,000057,41.06538,2026-08-31T19:33:15.467+00:00,2026-08-31T19:33:11.701+00:00,2026-08-31T19:33:21.307+00:00,2026-08-31T19:33:21.307+00:00,2026-08-31T19:33:23.686+00:00,2026-08-31T19:33:23.686+00:00,0.605986,2.379308203000619,sqs-worker-5986dcd897-x8rdl,ip-192-168-20-201.ec2.internal,a755f8859ed92e1f982a2176aa484403845956acb0aa96f86e06a477931d2f34,1,9606.0,11985.0
1,hpa-mmpp-303-5330303c,000070,45.454762,2026-08-31T19:33:19.856+00:00,2026-08-31T19:33:16.088+00:00,2026-08-31T19:33:23.863+00:00,2026-08-31T19:33:23.863+00:00,2026-08-31T19:33:23.884+00:00,2026-08-31T19:33:23.884+00:00,0.02156,0.02162897800008068,sqs-worker-5986dcd897-mchbm,ip-192-168-20-201.ec2.internal,dc71d1782fcb6f6fb4a759a92451636f9277aca5283762792a1b4bcfc4a59666,1,7775.0,7796.0
1,hpa-mmpp-303-5330303c,000059,41.34508,2026-08-31T19:33:15.747+00:00,2026-08-31T19:33:11.981+00:00,2026-08-31T19:33:23.569+00:00,2026-08-31T19:33:23.569+00:00,2026-08-31T19:33:23.831+00:00,2026-08-31T19:33:23.831+00:00,0.116622,0.26203856699976313,sqs-worker-5986dcd897-mchbm,ip-192-168-20-201.ec2.internal,ea60607fd6e2c8ce3351f181081f32c510bcf57c1d1e22b58f58dde72a295b05,1,11588.0,11850.0
1,hpa-mmpp-303-5330303c,000071,45.672439,2026-08-31T19:33:20.074+00:00,2026-08-31T19:33:16.304+00:00,2026-08-31T19:33:23.901+00:00,2026-08-31T19:33:23.901+00:00,2026-08-31T19:33:24.077+00:00,2026-08-31T19:33:24.077+00:00,0.076859,0.17623740999988513,sqs-worker-5986dcd897-mchbm,ip-192-168-20-201.ec2.internal,e8376dc3f181f36d3b0c52ed7d71f9f35596395c762da498e8d0145479ccf96b,1,7597.0,7773.0
1,hpa-mmpp-303-5330303c,000077,47.010129,2026-08-31T19:33:21.412+00:00,2026-08-31T19:33:17.643+00:00,2026-08-31T19:33:24.090+00:00,2026-08-31T19:33:24.090+00:00,2026-08-31T19:33:25.432+00:00,2026-08-31T19:33:25.432+00:00,0.53124,1.3425206219999382,sqs-worker-5986dcd897-mchbm,ip-192-168-20-201.ec2.internal,2c127316b3748ee20e60f42d40622f561c6ea5009a7a0cc8451ea1fe05522958,1,6447.0,7789.0
1,hpa-mmpp-303-5330303c,000075,46.748171,2026-08-31T19:33:21.150+00:00,2026-08-31T19:33:17.389+00:00,2026-08-31T19:33:25.687+00:00,2026-08-31T19:33:25.687+00:00,2026-08-31T19:33:25.758+00:00,2026-08-31T19:33:25.758+00:00,0.022612,0.07106287600072392,sqs-worker-5986dcd897-mchbm,ip-192-168-20-201.ec2.internal,fc2c6c92320fdca0fd4fdd82be4247430dea935a05b55d732ff940a231884998,1,8298.0,8369.0
1,hpa-mmpp-303-5330303c,000088,49.035557,2026-08-31T19:33:23.438+00:00,2026-08-31T19:33:19.669+00:00,2026-08-31T19:33:25.807+00:00,2026-08-31T19:33:25.807+00:00,2026-08-31T19:33:25.884+00:00,2026-08-31T19:33:25.884+00:00,0.038458,0.07710384699930728,sqs-worker-5986dcd897-mchbm,ip-192-168-20-201.ec2.internal,4a1d66f708eac0366c34455569e3bdb840f1ff035daa1ab729d55717a058ac51,1,6138.0,6215.0
1,hpa-mmpp-303-5330303c,000074,46.731623,2026-08-31T19:33:21.133+00:00,2026-08-31T19:33:17.368+00:00,2026-08-31T19:33:23.700+00:00,2026-08-31T19:33:23.700+00:00,2026-08-31T19:33:25.491+00:00,2026-08-31T19:33:25.491+00:00,0.717871,1.7912854599999264,sqs-worker-5986dcd897-x8rdl,ip-192-168-20-201.ec2.internal,703aa9885a015164649aaed1162dd22eb315c2d0b39d73fbb708fe0bff37bccc,1,6332.0,8122.999999999999
1,hpa-mmpp-303-5330303c,000073,46.546332,2026-08-31T19:33:20.948+00:00,2026-08-31T19:33:17.181+00:00,2026-08-31T19:33:25.464+00:00,2026-08-31T19:33:25.464+00:00,2026-08-31T19:33:25.672+00:00,2026-08-31T19:33:25.672+00:00,0.089557,0.20744399899922428,sqs-worker-5986dcd897-mchbm,ip-192-168-20-201.ec2.internal,7539922a45dad5e161d804e85ddc78a0df42cb3f82fedbaacb6159c122eb6c2c,1,8283.0,8491.0
1,hpa-mmpp-303-5330303c,000061,41.748126,2026-08-31T19:33:16.150+00:00,2026-08-31T19:33:12.389+00:00,2026-08-31T19:33:25.504+00:00,2026-08-31T19:33:25.505+00:00,2026-08-31T19:33:26.108+00:00,2026-08-31T19:33:26.108+00:00,0.256216,0.6037087229997269,sqs-worker-5986dcd897-x8rdl,ip-192-168-20-201.ec2.internal,fd588c207991afb7c4443fe18063d4d83ec962fc07aff6da45a2d72148a73c1d,1,13115.0,13719.0
1,hpa-mmpp-303-5330303c,000099,51.78525,2026-08-31T19:33:26.185+00:00,2026-08-31T19:33:22.419+00:00,2026-08-31T19:33:26.122+00:00,2026-08-31T19:33:26.122+00:00,2026-08-31T19:33:26.599+00:00,2026-08-31T19:33:26.599+00:00,0.186552,0.47781149999900663,sqs-worker-5986dcd897-x8rdl,ip-192-168-20-201.ec2.internal,3f00211f0e0f80dea5e287c1e1e44ea10b677a17279e728a544c4f29b1e8a26b,1,3703.0,4180.0
1,hpa-mmpp-303-5330303c,000084,48.327469,2026-08-31T19:33:22.729+00:00,2026-08-31T19:33:18.964+00:00,2026-08-31T19:33:26.928+00:00,2026-08-31T19:33:26.928+00:00,2026-08-31T19:33:27.405+00:00,2026-08-31T19:33:27.405+00:00,0.195261,0.4764133270000457,sqs-worker-5986dcd897-x8rdl,ip-192-168-20-201.ec2.internal,b1c5af109bd296e17fe45571b8976e704a6782935bb3643f91ab435631436811,1,7964.0,8441.0
1,hpa-mmpp-303-5330303c,000078,47.161195,2026-08-31T19:33:21.563+00:00,2026-08-31T19:33:17.798+00:00,2026-08-31T19:33:25.771+00:00,2026-08-31T19:33:25.771+00:00,2026-08-31T19:33:25.788+00:00,2026-08-31T19:33:25.788+00:00,0.016357,0.016464961001474876,sqs-worker-5986dcd897-mchbm,ip-192-168-20-201.ec2.internal,f0c008e0fabf9cfdd992d464a55976eab06da5aabdd1b069b4892af432fe3495,1,7973.0,7990.0
1,hpa-mmpp-303-5330303c,000100,52.52618,2026-08-31T19:33:26.926+00:00,2026-08-31T19:33:23.161+00:00,2026-08-31T19:33:26.642+00:00,2026-08-31T19:33:26.642+00:00,2026-08-31T19:33:26.897+00:00,2026-08-31T19:33:26.897+00:00,0.095981,0.2545945229994686,sqs-worker-5986dcd897-x8rdl,ip-192-168-20-201.ec2.internal,c5b165886fa396d594dd116e4ac4f3b73d2ddb68aefe30cd0ffffcc739f9d575,1,3481.0,3736.0
1,hpa-mmpp-303-5330303c,000096,51.40892,2026-08-31T19:33:25.808+00:00,2026-08-31T19:33:22.048+00:00,2026-08-31T19:33:27.449+00:00,2026-08-31T19:33:27.449+00:00,2026-08-31T19:33:27.723+00:00,2026-08-31T19:33:27.723+00:00,0.125529,0.2737120780002442,sqs-worker-5986dcd897-x8rdl,ip-192-168-20-201.ec2.internal,7401b8a3b09e09ffab817fd0a4d99faa441ad131079f5b1234d2408ea2f49ef8,1,5401.0,5675.0
1,hpa-mmpp-303-5330303c,000086,48.423356,2026-08-31T19:33:22.825+00:00,2026-08-31T19:33:19.060+00:00,2026-08-31T19:33:26.614+00:00,2026-08-31T19:33:26.614+00:00,2026-08-31T19:33:26.628+00:00,2026-08-31T19:33:26.628+00:00,0.014036,0.014399507999769412,sqs-worker-5986dcd897-x8rdl,ip-192-168-20-201.ec2.internal,8c223f5fb3b4c89e7d54d9709fb6ac72473af8522569cdfbd402478d61e169b2,1,7554.0,7568.0
1,hpa-mmpp-303-5330303c,000093,50.462597,2026-08-31T19:33:24.862+00:00,2026-08-31T19:33:21.096+00:00,2026-08-31T19:33:27.839+00:00,2026-08-31T19:33:27.839+00:00,2026-08-31T19:33:27.890+00:00,2026-08-31T19:33:27.890+00:00,0.011814,0.05136230700009037,sqs-worker-5986dcd897-x8rdl,ip-192-168-20-201.ec2.internal,575b7b3556ab8ab5234863d3aec52ddad66039b7d549abef804e10524954653b,1,6743.0,6794.0
1,hpa-mmpp-303-5330303c,000110,55.918109,2026-08-31T19:33:30.318+00:00,2026-08-31T19:33:26.550+00:00,2026-08-31T19:33:26.910+00:00,2026-08-31T19:33:26.910+00:00,2026-08-31T19:33:26.915+00:00,2026-08-31T19:33:26.915+00:00,0.005,0.005029800999182044,sqs-worker-5986dcd897-x8rdl,ip-192-168-20-201.ec2.internal,a1465063ad99d3d0da5c33fe5b09802002dee2c27c75f39e74a648eac3b21128,1,360.0,365.0
1,hpa-mmpp-303-5330303c,000081,47.732605,2026-08-31T19:33:22.135+00:00,2026-08-31T19:33:18.373+00:00,2026-08-31T19:33:27.424+00:00,2026-08-31T19:33:27.424+00:00,2026-08-31T19:33:27.429+00:00,2026-08-31T19:33:27.429+00:00,0.005,0.005037811000875081,sqs-worker-5986dcd897-x8rdl,ip-192-168-20-201.ec2.internal,6cc0c129cc7eb614612509d49ac060e18146a1a6558d07b881f606424523615f,1,9051.0,9056.0
1,hpa-mmpp-303-5330303c,000091,50.079235,2026-08-31T19:33:24.481+00:00,2026-08-31T19:33:20.713+00:00,2026-08-31T19:33:28.782+00:00,2026-08-31T19:33:28.782+00:00,2026-08-31T19:33:29.180+00:00,2026-08-31T19:33:29.180+00:00,0.163034,0.3978773819999333,sqs-worker-5986dcd897-mchbm,ip-192-168-20-201.ec2.internal,ccd2c4372588b24f0229460b16aa3923bce5a6613ed267a8e7333f88c0c90335,1,8069.000000000001,8467.0
1,hpa-mmpp-303-5330303c,000065,43.144257,2026-08-31T19:33:17.546+00:00,2026-08-31T19:33:13.778+00:00,2026-08-31T19:33:29.791+00:00,2026-08-31T19:33:29.791+00:00,2026-08-31T19:33:29.909+00:00,2026-08-31T19:33:29.909+00:00,0.023976,0.11837121800090245,sqs-worker-5986dcd897-x8rdl,ip-192-168-20-201.ec2.internal,ea34c007366ebc385969c93885cb992e193fd94f4bc86dc1fa3ec5f62f41ea3e,1,16013.000000000002,16131.0
1,hpa-mmpp-303-5330303c,000102,53.229244,2026-08-31T19:33:27.630+00:00,2026-08-31T19:33:23.870+00:00,2026-08-31T19:33:29.325+00:00,2026-08-31T19:33:29.325+00:00,2026-08-31T19:33:29.725+00:00,2026-08-31T19:33:29.725+00:00,0.14556,0.39939363899975433,sqs-worker-5986dcd897-x8rdl,ip-192-168-20-201.ec2.internal,4ac232fc58a9deddbc810ca2a44fef2d4ebfc51169e0dbd296a79b77b7c81e94,1,5455.0,5855.0
1,hpa-mmpp-303-5330303c,000085,48.343672,2026-08-31T19:33:22.745+00:00,2026-08-31T19:33:18.976+00:00,2026-08-31T19:33:27.792+00:00,2026-08-31T19:33:27.792+00:00,2026-08-31T19:33:27.818+00:00,2026-08-31T19:33:27.818+00:00,0.025683,0.025725200001033954,sqs-worker-5986dcd897-x8rdl,ip-192-168-20-201.ec2.internal,09ca777a1df87703c65c92b23040641ea3967b6853daf0c8e9dede4a6813e382,1,8816.0,8842.0
1,hpa-mmpp-303-5330303c,000117,57.614006,2026-08-31T19:33:32.013+00:00,2026-08-31T19:33:28.249+00:00,2026-08-31T19:33:28.619+00:00,2026-08-31T19:33:28.619+00:00,2026-08-31T19:33:28.763+00:00,2026-08-31T19:33:28.763+00:00,0.025328,0.14422501199987892,sqs-worker-5986dcd897-mchbm,ip-192-168-20-201.ec2.internal,0f60cd4f9e59b8c6b38374b5097ff8897a42dfcaed64cc28b6285490a0512368,1,370.0,514.0
1,hpa-mmpp-303-5330303c,000089,49.129995,2026-08-31T19:33:23.532+00:00,2026-08-31T19:33:19.766+00:00,2026-08-31T19:33:28.593+00:00,2026-08-31T19:33:28.593+00:00,2026-08-31T19:33:29.310+00:00,2026-08-31T19:33:29.310+00:00,0.294252,0.7172106689995417,sqs-worker-5986dcd897-x8rdl,ip-192-168-20-201.ec2.internal,1306a93d7c97ef04da45c2a34802f651faa5457130fdafe9eea47bc0144f2547,1,8827.0,9544.0
1,hpa-mmpp-303-5330303c,000125,59.389452,2026-08-31T19:33:33.789+00:00,2026-08-31T19:33:30.022+00:00,2026-08-31T19:33:30.316+00:00,2026-08-31T19:33:30.316+00:00,2026-08-31T19:33:30.434+00:00,2026-08-31T19:33:30.434+00:00,0.012522,0.117882598999131,sqs-worker-5986dcd897-x8rdl,ip-192-168-20-201.ec2.internal,c4282e0fe7f69991fe732f218f06d7c4014b26b11b168e0079f19ca9989c4abe,1,294.0,412.0
1,hpa-mmpp-303-5330303c,000064,42.716181,2026-08-31T19:33:17.118+00:00,2026-08-31T19:33:13.350+00:00,2026-08-31T19:33:29.208+00:00,2026-08-31T19:33:29.208+00:00,2026-08-31T19:33:30.668+00:00,2026-08-31T19:33:30.668+00:00,0.587327,1.4601057869986107,sqs-worker-5986dcd897-mchbm,ip-192-168-20-201.ec2.internal,4ee25d6176c5a0d792544691e52c549229c63cf1d07ba34d3b8ac3c1e0a30494,1,15858.0,17318.0
1,hpa-mmpp-303-5330303c,000106,55.383445,2026-08-31T19:33:29.783+00:00,2026-08-31T19:33:26.020+00:00,2026-08-31T19:33:30.751+00:00,2026-08-31T19:33:30.751+00:00,2026-08-31T19:33:30.947+00:00,2026-08-31T19:33:30.947+00:00,0.092384,0.195845147,sqs-worker-5986dcd897-swkfl,ip-192-168-20-201.ec2.internal,018a24c52ca938986b684d283e87c22d1d32f5e590c0f4dbf607b04216483ce8,1,4731.0,4927.0
1,hpa-mmpp-303-5330303c,000097,51.497556,2026-08-31T19:33:25.897+00:00,2026-08-31T19:33:22.132+00:00,2026-08-31T19:33:31.008+00:00,2026-08-31T19:33:31.008+00:00,2026-08-31T19:33:31.337+00:00,2026-08-31T19:33:31.337+00:00,0.078968,0.32936746300038067,sqs-worker-5986dcd897-swkfl,ip-192-168-20-201.ec2.internal,bf17b80ff96cd377cdf50a8e45caa6c58051f0404f0d9d079b8d1afbad99ab95,1,8876.0,9205.0
1,hpa-mmpp-303-5330303c,000095,51.302106,2026-08-31T19:33:25.702+00:00,2026-08-31T19:33:21.934+00:00,2026-08-31T19:33:29.931+00:00,2026-08-31T19:33:29.931+00:00,2026-08-31T19:33:30.187+00:00,2026-08-31T19:33:30.187+00:00,0.044977,0.25649404599971604,sqs-worker-5986dcd897-x8rdl,ip-192-168-20-201.ec2.internal,0fba66daab111f93e9559c51ef560741c0ccd6233c392c753f03ca9136807d81,1,7997.0,8253.0
1,hpa-mmpp-303-5330303c,000108,55.514511,2026-08-31T19:33:29.914+00:00,2026-08-31T19:33:26.146+00:00,2026-08-31T19:33:31.231+00:00,2026-08-31T19:33:31.231+00:00,2026-08-31T19:33:31.427+00:00,2026-08-31T19:33:31.427+00:00,0.07566,0.19640395100032038,sqs-worker-5986dcd897-mchbm,ip-192-168-20-201.ec2.internal,751f127ab51fe23b0d21652b9cba5a39cf49d51ed50a159ea96831fd300cf737,1,5085.0,5281.0
1,hpa-mmpp-303-5330303c,000124,59.014626,2026-08-31T19:33:33.414+00:00,2026-08-31T19:33:29.649+00:00,2026-08-31T19:33:30.221+00:00,2026-08-31T19:33:30.221+00:00,2026-08-31T19:33:30.288+00:00,2026-08-31T19:33:30.288+00:00,0.007232,0.06679260700002487,sqs-worker-5986dcd897-x8rdl,ip-192-168-20-201.ec2.internal,9a223fad97f31a0e75906a0e34293e43dcf7436d9e6aac80eccaf8386e71f4ba,1,572.0,639.0
1,hpa-mmpp-303-5330303c,000098,51.567647,2026-08-31T19:33:25.967+00:00,2026-08-31T19:33:22.206+00:00,2026-08-31T19:33:32.026+00:00,2026-08-31T19:33:32.026+00:00,2026-08-31T19:33:32.135+00:00,2026-08-31T19:33:32.135+00:00,0.051727,0.10887316699881922,sqs-worker-5986dcd897-mchbm,ip-192-168-20-201.ec2.internal,ceef654f2af9f95fd587150438238da74ba386c7d651005272db4bc0802f2ada,1,9820.0,9929.0
1,hpa-mmpp-303-5330303c,000109,55.71605,2026-08-31T19:33:30.116+00:00,2026-08-31T19:33:26.349+00:00,2026-08-31T19:33:31.449+00:00,2026-08-31T19:33:31.449+00:00,2026-08-31T19:33:31.979+00:00,2026-08-31T19:33:31.979+00:00,0.22879,0.5296678119993885,sqs-worker-5986dcd897-mchbm,ip-192-168-20-201.ec2.internal,6c4f8497090ae07c1b00f84f0ca0b5d35712d6d99f1ee16396be73714db5fd15,1,5100.0,5630.0
1,hpa-mmpp-303-5330303c,000072,46.508705,2026-08-31T19:33:20.911+00:00,2026-08-31T19:33:17.149+00:00,2026-08-31T19:33:32.173+00:00,2026-08-31T19:33:32.173+00:00,2026-08-31T19:33:32.727+00:00,2026-08-31T19:33:32.727+00:00,0.229263,0.5542410470006871,sqs-worker-5986dcd897-mchbm,ip-192-168-20-201.ec2.internal,dc1c2f0f4f8455c0aedb7ba77e1ad3e71933fb974aa902d487346026768f639b,1,15024.0,15578.0
1,hpa-mmpp-303-5330303c,000111,55.997707,2026-08-31T19:33:30.397+00:00,2026-08-31T19:33:26.631+00:00,2026-08-31T19:33:32.189+00:00,2026-08-31T19:33:32.189+00:00,2026-08-31T19:33:33.417+00:00,2026-08-31T19:33:33.417+00:00,0.367594,1.227838131999306,sqs-worker-5986dcd897-x8rdl,ip-192-168-20-201.ec2.internal,fe6121349abdc891988dbff6cf7e35b424fbbc0e132ac6bfbd56e73ee9bfa4e1,1,5558.0,6786.0
1,hpa-mmpp-303-5330303c,000114,56.825697,2026-08-31T19:33:31.225+00:00,2026-08-31T19:33:27.554+00:00,2026-08-31T19:33:27.903+00:00,2026-08-31T19:33:27.903+00:00,2026-08-31T19:33:28.521+00:00,2026-08-31T19:33:28.521+00:00,0.269142,0.6182728310013772,sqs-worker-5986dcd897-x8rdl,ip-192-168-20-201.ec2.internal,5e0b4c6a07201df61f541577a12a8772c64da5acabf630ab984f1bfa03cb7e88,1,349.0,967.0
1,hpa-mmpp-303-5330303c,000092,50.262289,2026-08-31T19:33:24.664+00:00,2026-08-31T19:33:20.907+00:00,2026-08-31T19:33:25.901+00:00,2026-08-31T19:33:25.901+00:00,2026-08-31T19:33:28.557+00:00,2026-08-31T19:33:28.557+00:00,0.522429,2.6561562630013213,sqs-worker-5986dcd897-mchbm,ip-192-168-20-201.ec2.internal,67cadb0185091c8b9de34e1d766390dc6545dbbf35db1514d73021d75c564724,1,4994.0,7650.0
1,hpa-mmpp-303-5330303c,000094,51.00738,2026-08-31T19:33:25.407+00:00,2026-08-31T19:33:21.642+00:00,2026-08-31T19:33:30.690+00:00,2026-08-31T19:33:30.690+00:00,2026-08-31T19:33:30.886+00:00,2026-08-31T19:33:30.886+00:00,0.088576,0.19544589900033316,sqs-worker-5986dcd897-mchbm,ip-192-168-20-201.ec2.internal,6465e22ade2ad5ac81e05b99b4f5370fd9add4efdfbd9b1cc4300d9523f575b5,1,9048.0,9244.0
1,hpa-mmpp-303-5330303c,000128,59.505161,2026-08-31T19:33:33.905+00:00,2026-08-31T19:33:30.138+00:00,2026-08-31T19:33:30.979+00:00,2026-08-31T19:33:30.979+00:00,2026-08-31T19:33:31.208+00:00,2026-08-31T19:33:31.208+00:00,0.098577,0.22867251800016675,sqs-worker-5986dcd897-mchbm,ip-192-168-20-201.ec2.internal,5dabdc915a5815de2729cfbeb6c6909bd1099c827667ceb565feb7d78e927636,1,841.0,1070.0
1,hpa-mmpp-303-5330303c,000123,58.848015,2026-08-31T19:33:33.247+00:00,2026-08-31T19:33:29.483+00:00,2026-08-31T19:33:33.482+00:00,2026-08-31T19:33:33.482+00:00,2026-08-31T19:33:33.693+00:00,2026-08-31T19:33:33.693+00:00,0.087293,0.21123763300056453,sqs-worker-5986dcd897-x8rdl,ip-192-168-20-201.ec2.internal,6fbeb2a1cd796fb0d7d4602cbe01073650e0879b7970a7431d74589d2404370a,1,3999.0,4210.0
1,hpa-mmpp-303-5330303c,000116,57.571802,2026-08-31T19:33:31.971+00:00,2026-08-31T19:33:28.207+00:00,2026-08-31T19:33:32.800+00:00,2026-08-31T19:33:32.800+00:00,2026-08-31T19:33:33.758+00:00,2026-08-31T19:33:33.758+00:00,0.40313,0.9582848480004031,sqs-worker-5986dcd897-mchbm,ip-192-168-20-201.ec2.internal,652be1ae6cb1f70473a69533a5fd391d2f697a8e65fd62885223103c24a9be72,1,4593.0,5551.0
1,hpa-mmpp-303-5330303c,000067,44.031421,2026-08-31T19:33:18.434+00:00,2026-08-31T19:33:14.664+00:00,2026-08-31T19:33:31.469+00:00,2026-08-31T19:33:31.469+00:00,2026-08-31T19:33:33.169+00:00,2026-08-31T19:33:33.169+00:00,0.319428,1.7000562960001844,sqs-worker-5986dcd897-vmtpr,ip-192-168-20-201.ec2.internal,3ed6acff981142bfb2e8de55d21244cd0debbb1907de460a7ccebff43b30b4fb,1,16805.0,18505.0
1,hpa-mmpp-303-5330303c,000130,59.687081,2026-08-31T19:33:34.087+00:00,2026-08-31T19:33:30.320+00:00,2026-08-31T19:33:31.396+00:00,2026-08-31T19:33:31.396+00:00,2026-08-31T19:33:34.243+00:00,2026-08-31T19:33:34.243+00:00,0.499276,2.846506268999292,sqs-worker-5986dcd897-swkfl,ip-192-168-20-201.ec2.internal,bb974cc97f489bce34ff0b1adfe22aad2d4e37e17005af56298b99ba6df1e306,1,1076.0,3923.0
1,hpa-mmpp-303-5330303c,000141,61.882011,2026-08-31T19:33:36.282+00:00,2026-08-31T19:33:32.517+00:00,2026-08-31T19:33:33.825+00:00,2026-08-31T19:33:33.825+00:00,2026-08-31T19:33:35.029+00:00,2026-08-31T19:33:35.029+00:00,0.510743,1.2036300119998486,sqs-worker-5986dcd897-x8rdl,ip-192-168-20-201.ec2.internal,c0d6a946a4a7546884c653f67f76d4697ce34e03a30c7923e7cc26bb70187c52,1,1308.0,2512.0
1,hpa-mmpp-303-5330303c,000103,53.279634,2026-08-31T19:33:27.679+00:00,2026-08-31T19:33:23.917+00:00,2026-08-31T19:33:30.539+00:00,2026-08-31T19:33:30.539+00:00,2026-08-31T19:33:32.112+00:00,2026-08-31T19:33:32.112+00:00,0.282033,1.5731556720002118,sqs-worker-5986dcd897-x8rdl,ip-192-168-20-201.ec2.internal,c56f2887cec535035d8fd37711fb475db8a3bf246838940078166abea2cb41d1,1,6622.0,8195.0
1,hpa-mmpp-303-5330303c,000082,47.734379,2026-08-31T19:33:22.136+00:00,2026-08-31T19:33:18.370+00:00,2026-08-31T19:33:33.778+00:00,2026-08-31T19:33:33.778+00:00,2026-08-31T19:33:34.067+00:00,2026-08-31T19:33:34.067+00:00,0.122445,0.28893752899966785,sqs-worker-5986dcd897-mchbm,ip-192-168-20-201.ec2.internal,693b12dd6ae1d4a277175fc28768cca687bdb9f2f6839a776f1289a56014571f,1,15408.0,15697.0
1,hpa-mmpp-303-5330303c,000104,53.644576,2026-08-31T19:33:28.044+00:00,2026-08-31T19:33:24.283+00:00,2026-08-31T19:33:33.206+00:00,2026-08-31T19:33:33.207+00:00,2026-08-31T19:33:35.120+00:00,2026-08-31T19:33:35.120+00:00,0.548485,1.9133661029991345,sqs-worker-5986dcd897-vmtpr,ip-192-168-20-201.ec2.internal,5c51d79f1b23092b8934a45098285e4734cd5d15999b069c77013804b0002d9b,1,8923.0,10837.0
1,hpa-mmpp-303-5330303c,000134,60.715391,2026-08-31T19:33:35.115+00:00,2026-08-31T19:33:31.347+00:00,2026-08-31T19:33:35.183+00:00,2026-08-31T19:33:35.183+00:00,2026-08-31T19:33:35.482+00:00,2026-08-31T19:33:35.482+00:00,0.128404,0.2983141929998965,sqs-worker-5986dcd897-vmtpr,ip-192-168-20-201.ec2.internal,38233666247febe35f3ede6197365be5531dc24f805626f12244668fe9744a20,1,3836.0,4135.0
1,hpa-mmpp-303-5330303c,000144,62.145695,2026-08-31T19:33:36.545+00:00,2026-08-31T19:33:32.779+00:00,2026-08-31T19:33:35.092+00:00,2026-08-31T19:33:35.092+00:00,2026-08-31T19:33:35.702+00:00,2026-08-31T19:33:35.703+00:00,0.247841,0.6100870699992811,sqs-worker-5986dcd897-x8rdl,ip-192-168-20-201.ec2.internal,6311086df0719ec225edc3813babe6ac4ae31ca9a0f041ee0286ac1e7df33dfe,1,2313.0,2923.0
1,hpa-mmpp-303-5330303c,000132,60.320826,2026-08-31T19:33:34.720+00:00,2026-08-31T19:33:30.954+00:00,2026-08-31T19:33:34.863+00:00,2026-08-31T19:33:34.863+00:00,2026-08-31T19:33:35.774+00:00,2026-08-31T19:33:35.774+00:00,0.366315,0.9112101509999775,sqs-worker-5986dcd897-mchbm,ip-192-168-20-201.ec2.internal,63903624d73f9ce50e706398af39b2cd0bd0ab01a33457fcbcc91d373fcdac3b,1,3909.0,4820.0
1,hpa-mmpp-303-5330303c,000136,60.979247,2026-08-31T19:33:35.379+00:00,2026-08-31T19:33:31.616+00:00,2026-08-31T19:33:36.396+00:00,2026-08-31T19:33:36.396+00:00,2026-08-31T19:33:36.425+00:00,2026-08-31T19:33:36.425+00:00,0.027863,0.028189698999995016,sqs-worker-5986dcd897-vmtpr,ip-192-168-20-201.ec2.internal,191ff04dbcaa4d44914fdbda15c1275e63831a603c1d604c75400b465c23e613,1,4780.0,4809.0
1,hpa-mmpp-303-5330303c,000101,52.893307,2026-08-31T19:33:27.293+00:00,2026-08-31T19:33:23.531+00:00,2026-08-31T19:33:35.509+00:00,2026-08-31T19:33:35.509+00:00,2026-08-31T19:33:35.920+00:00,2026-08-31T19:33:35.920+00:00,0.169925,0.4114729070006433,sqs-worker-5986dcd897-vmtpr,ip-192-168-20-201.ec2.internal,733acffa71f86a6434774c7da16d0cefba563ab2cc45d009d85f3c5760afea74,1,11978.0,12389.0
1,hpa-mmpp-303-5330303c,000126,59.397223,2026-08-31T19:33:33.797+00:00,2026-08-31T19:33:30.029+00:00,2026-08-31T19:33:34.294+00:00,2026-08-31T19:33:34.294+00:00,2026-08-31T19:33:36.141+00:00,2026-08-31T19:33:36.141+00:00,0.358018,1.8474172799997177,sqs-worker-5986dcd897-swkfl,ip-192-168-20-201.ec2.internal,2793c09a8f0aaf7113fab47cbefd7f69a3c4f1087f9ddcb75d68a7a3f335651e,1,4265.0,6112.0
1,hpa-mmpp-303-5330303c,000131,60.214647,2026-08-31T19:33:34.615+00:00,2026-08-31T19:33:30.846+00:00,2026-08-31T19:33:35.936+00:00,2026-08-31T19:33:35.936+00:00,2026-08-31T19:33:36.365+00:00,2026-08-31T19:33:36.365+00:00,0.110458,0.4282213079986832,sqs-worker-5986dcd897-vmtpr,ip-192-168-20-201.ec2.internal,fe0db2ce7450398cd0f636bec99291145087fa0d722ce595535e739c751aa48d,1,5090.0,5519.0
1,hpa-mmpp-303-5330303c,000107,55.387104,2026-08-31T19:33:29.786+00:00,2026-08-31T19:33:26.025+00:00,2026-08-31T19:33:37.097+00:00,2026-08-31T19:33:37.097+00:00,2026-08-31T19:33:37.785+00:00,2026-08-31T19:33:37.785+00:00,0.279277,0.6876305440000579,sqs-worker-5986dcd897-vmtpr,ip-192-168-20-201.ec2.internal,48d5e882789dc4b31d9615f39cdd5a8606f774c4bf20eb95e3c244388c7809e3,1,11072.0,11760.0
1,hpa-mmpp-303-5330303c,000112,56.477843,2026-08-31T19:33:30.878+00:00,2026-08-31T19:33:27.111+00:00,2026-08-31T19:33:35.790+00:00,2026-08-31T19:33:35.790+00:00,2026-08-31T19:33:37.263+00:00,2026-08-31T19:33:37.263+00:00,0.331099,1.4732336140004918,sqs-worker-5986dcd897-mchbm,ip-192-168-20-201.ec2.internal,4089c84dfd236837e5775912854c0cd042dfda5d81bb919f919f84642b9dc1cc,1,8679.0,10152.0
1,hpa-mmpp-303-5330303c,000122,58.729331,2026-08-31T19:33:33.129+00:00,2026-08-31T19:33:29.363+00:00,2026-08-31T19:33:36.247+00:00,2026-08-31T19:33:36.247+00:00,2026-08-31T19:33:38.055+00:00,2026-08-31T19:33:38.055+00:00,0.436717,1.8081373089989938,sqs-worker-5986dcd897-swkfl,ip-192-168-20-201.ec2.internal,d83ef8520021149c3a3b1c33000413e19c4874e495b80009e609ed920ed4b3f1,1,6884.0,8692.0
1,hpa-mmpp-303-5330303c,000127,59.487828,2026-08-31T19:33:33.887+00:00,2026-08-31T19:33:30.122+00:00,2026-08-31T19:33:38.091+00:00,2026-08-31T19:33:38.091+00:00,2026-08-31T19:33:38.240+00:00,2026-08-31T19:33:38.240+00:00,0.062387,0.14840163399821904,sqs-worker-5986dcd897-swkfl,ip-192-168-20-201.ec2.internal,ed9463eade27f7603e9068f3fff647feae088f3723e3c0e36699aa1fbbb5b2f8,1,7969.0,8118.0
1,hpa-mmpp-303-5330303c,000137,60.988311,2026-08-31T19:33:35.388+00:00,2026-08-31T19:33:31.624+00:00,2026-08-31T19:33:37.328+00:00,2026-08-31T19:33:37.328+00:00,2026-08-31T19:33:37.929+00:00,2026-08-31T19:33:37.929+00:00,0.116929,0.601672442000563,sqs-worker-5986dcd897-mchbm,ip-192-168-20-201.ec2.internal,b71843e20a8a1c97325128fd384f1c19f8cba84ef5554453e24a85cf7e772626,1,5704.0,6305.0
1,hpa-mmpp-303-5330303c,000146,66.902278,2026-08-31T19:33:41.305+00:00,2026-08-31T19:33:37.544+00:00,2026-08-31T19:33:37.809+00:00,2026-08-31T19:33:37.809+00:00,2026-08-31T19:33:38.606+00:00,2026-08-31T19:33:38.606+00:00,0.33216,0.7979181750015414,sqs-worker-5986dcd897-vmtpr,ip-192-168-20-201.ec2.internal,a798b43833a529a39dad255b65f08273cde80b424213a0e72127f240fe9abc4c,1,265.0,1062.0
1,hpa-mmpp-303-5330303c,000129,59.541502,2026-08-31T19:33:33.941+00:00,2026-08-31T19:33:30.174+00:00,2026-08-31T19:33:38.626+00:00,2026-08-31T19:33:38.626+00:00,2026-08-31T19:33:38.702+00:00,2026-08-31T19:33:38.702+00:00,0.037295,0.07617525699970429,sqs-worker-5986dcd897-vmtpr,ip-192-168-20-201.ec2.internal,99f0c0ce0e98b1f02513ce371fd9c0c381bdb743418d65db3255e1060d97f917,1,8452.0,8528.0
1,hpa-mmpp-303-5330303c,000121,58.557368,2026-08-31T19:33:32.957+00:00,2026-08-31T19:33:29.190+00:00,2026-08-31T19:33:38.622+00:00,2026-08-31T19:33:38.623+00:00,2026-08-31T19:33:38.981+00:00,2026-08-31T19:33:38.981+00:00,0.15678,0.35848066799917433,sqs-worker-5986dcd897-swkfl,ip-192-168-20-201.ec2.internal,3bc4dda6d7d5a0486b263e86b27d9ea1eaaf3850b2fe381c1f46b1ea9ac246ca,1,9432.0,9791.0
1,hpa-mmpp-303-5330303c,000140,61.66613,2026-08-31T19:33:36.066+00:00,2026-08-31T19:33:32.299+00:00,2026-08-31T19:33:39.039+00:00,2026-08-31T19:33:39.039+00:00,2026-08-31T19:33:39.213+00:00,2026-08-31T19:33:39.213+00:00,0.074032,0.17374808700151334,sqs-worker-5986dcd897-x8rdl,ip-192-168-20-201.ec2.internal,af6fa5830f218d30360415f89076920eef6bb8368f01fa452edba59fc41fd1d2,1,6740.0,6914.0
1,hpa-mmpp-303-5330303c,000079,47.185316,2026-08-31T19:33:21.587+00:00,2026-08-31T19:33:17.825+00:00,2026-08-31T19:33:33.713+00:00,2026-08-31T19:33:33.713+00:00,2026-08-31T19:33:33.799+00:00,2026-08-31T19:33:33.799+00:00,0.032924,0.08606817299914837,sqs-worker-5986dcd897-x8rdl,ip-192-168-20-201.ec2.internal,53650751babe3b804e6ad22a566afc35bb9f29f9203aaaf2183568c68768f61c,1,15888.0,15974.0
1,hpa-mmpp-303-5330303c,000090,49.948125,2026-08-31T19:33:24.350+00:00,2026-08-31T19:33:20.583+00:00,2026-08-31T19:33:34.096+00:00,2026-08-31T19:33:34.096+00:00,2026-08-31T19:33:34.840+00:00,2026-08-31T19:33:34.840+00:00,0.298521,0.7443924039998819,sqs-worker-5986dcd897-mchbm,ip-192-168-20-201.ec2.internal,049af8b9a3cfb24fa9fad316dad86cad7f566a5480c1de75b024f35a9400508c,1,13513.0,14257.0
1,hpa-mmpp-303-5330303c,000115,57.350025,2026-08-31T19:33:31.750+00:00,2026-08-31T19:33:27.987+00:00,2026-08-31T19:33:36.471+00:00,2026-08-31T19:33:36.471+00:00,2026-08-31T19:33:36.910+00:00,2026-08-31T19:33:36.910+00:00,0.19419,0.43848064000121667,sqs-worker-5986dcd897-vmtpr,ip-192-168-20-201.ec2.internal,7159c17718fd87b69271e821ab2500c7da4e134fc6e02f7a89d8a74f5f339a97,1,8484.0,8923.0
1,hpa-mmpp-303-5330303c,000133,60.639559,2026-08-31T19:33:35.039+00:00,2026-08-31T19:33:31.271+00:00,2026-08-31T19:33:38.274+00:00,2026-08-31T19:33:38.274+00:00,2026-08-31T19:33:38.279+00:00,2026-08-31T19:33:38.279+00:00,0.005,0.005121710000821622,sqs-worker-5986dcd897-swkfl,ip-192-168-20-201.ec2.internal,8b988da6e53acf305d05dd778d539eab1f74e86b788236a3421dd9a36206e0b2,1,7003.0,7008.0
1,hpa-mmpp-303-5330303c,000147,68.019616,2026-08-31T19:33:42.420+00:00,2026-08-31T19:33:38.659+00:00,2026-08-31T19:33:38.717+00:00,2026-08-31T19:33:38.718+00:00,2026-08-31T19:33:39.176+00:00,2026-08-31T19:33:39.176+00:00,0.171557,0.4581106549994729,sqs-worker-5986dcd897-vmtpr,ip-192-168-20-201.ec2.internal,36a6a758e35d39cd96679c73f946dc2cd0d7b58decb113eae28b7350a1f85d51,1,58.0,517.0
1,hpa-mmpp-303-5330303c,000142,61.882496,2026-08-31T19:33:36.283+00:00,2026-08-31T19:33:32.517+00:00,2026-08-31T19:33:39.211+00:00,2026-08-31T19:33:39.211+00:00,2026-08-31T19:33:39.297+00:00,2026-08-31T19:33:39.298+00:00,0.049004,0.0867881939993822,sqs-worker-5986dcd897-vmtpr,ip-192-168-20-201.ec2.internal,1996cd28f1e3f249258458f90027ce480a59ab0905baae18a6cb582988698d6e,1,6694.0,6780.0
1,hpa-mmpp-303-5330303c,000120,58.53091,2026-08-31T19:33:32.931+00:00,2026-08-31T19:33:29.165+00:00,2026-08-31T19:33:38.385+00:00,2026-08-31T19:33:38.385+00:00,2026-08-31T19:33:39.006+00:00,2026-08-31T19:33:39.006+00:00,0.268768,0.6210022920004121,sqs-worker-5986dcd897-x8rdl,ip-192-168-20-201.ec2.internal,ed336c8c27c2d828691a017184c36cf3665ce98951a13e0703194f5f3a5079b9,1,9220.0,9841.0
1,hpa-mmpp-303-5330303c,000143,61.935391,2026-08-31T19:33:36.335+00:00,2026-08-31T19:33:32.573+00:00,2026-08-31T19:33:39.265+00:00,2026-08-31T19:33:39.265+00:00,2026-08-31T19:33:39.830+00:00,2026-08-31T19:33:39.830+00:00,0.193624,0.5650712070000736,sqs-worker-5986dcd897-mchbm,ip-192-168-20-201.ec2.internal,85290378cc025de9065ac2ced9bb24038e6b1443ece01fbb1e24b123ac347748,1,6692.0,7257.0
1,hpa-mmpp-303-5330303c,000138,61.022914,2026-08-31T19:33:35.424+00:00,2026-08-31T19:33:31.662+00:00,2026-08-31T19:33:36.979+00:00,2026-08-31T19:33:36.979+00:00,2026-08-31T19:33:37.076+00:00,2026-08-31T19:33:37.076+00:00,0.04441,0.09734123000089312,sqs-worker-5986dcd897-vmtpr,ip-192-168-20-201.ec2.internal,6b1576feca6ef691e6940e6a1507831644a9711ab8f7f0e83cf246c8ed435704,1,5317.0,5414.0
1,hpa-mmpp-303-5330303c,000113,56.600423,2026-08-31T19:33:31.000+00:00,2026-08-31T19:33:27.236+00:00,2026-08-31T19:33:37.510+00:00,2026-08-31T19:33:37.510+00:00,2026-08-31T19:33:38.324+00:00,2026-08-31T19:33:38.324+00:00,0.341944,0.814551654000752,sqs-worker-5986dcd897-x8rdl,ip-192-168-20-201.ec2.internal,8e4a663fa577607ba69c8475cfecffe42f64cc0069e2a9ee4107b0bc3d40dc79,1,10274.0,11088.0
1,hpa-mmpp-303-5330303c,000119,57.84225,2026-08-31T19:33:32.242+00:00,2026-08-31T19:33:28.482+00:00,2026-08-31T19:33:38.300+00:00,2026-08-31T19:33:38.300+00:00,2026-08-31T19:33:38.582+00:00,2026-08-31T19:33:38.582+00:00,0.120706,0.2817033299998002,sqs-worker-5986dcd897-swkfl,ip-192-168-20-201.ec2.internal,fea609a8f8bf3a839617055eb6042c7f404c234a1f60d6b4f649206e5e743e23,1,9818.0,10100.0
1,hpa-mmpp-303-5330303c,000139,61.41286,2026-08-31T19:33:35.813+00:00,2026-08-31T19:33:32.047+00:00,2026-08-31T19:33:39.006+00:00,2026-08-31T19:33:39.006+00:00,2026-08-31T19:33:39.454+00:00,2026-08-31T19:33:39.454+00:00,0.187366,0.448316624000654,sqs-worker-5986dcd897-swkfl,ip-192-168-20-201.ec2.internal,ba13dfd85de3e59a1a305e5d216f4bbf1b01f497b1dfd3db35e6ea43e8884fcc,1,6959.0,7407.0
1,hpa-mmpp-303-5330303c,000145,64.042382,2026-08-31T19:33:38.444+00:00,2026-08-31T19:33:34.677+00:00,2026-08-31T19:33:35.721+00:00,2026-08-31T19:33:35.721+00:00,2026-08-31T19:33:35.931+00:00,2026-08-31T19:33:35.931+00:00,0.084542,0.21001076699940313,sqs-worker-5986dcd897-x8rdl,ip-192-168-20-201.ec2.internal,a064da6f3fb416f2e82f77c94fad76d92d3088d641ebdcbce4fba3e726991c9d,1,1044.0,1254.0
1,hpa-mmpp-303-5330303c,000105,55.047381,2026-08-31T19:33:29.448+00:00,2026-08-31T19:33:25.684+00:00,2026-08-31T19:33:35.947+00:00,2026-08-31T19:33:35.947+00:00,2026-08-31T19:33:37.491+00:00,2026-08-31T19:33:37.491+00:00,0.574707,1.5443582849984523,sqs-worker-5986dcd897-x8rdl,ip-192-168-20-201.ec2.internal,6c40b2ef29ddcf866faf916d3fd6399bca853a6639667a471c36030a6322a83a,1,10263.0,11807.0
1,hpa-mmpp-303-5330303c,000118,57.697792,2026-08-31T19:33:32.097+00:00,2026-08-31T19:33:28.334+00:00,2026-08-31T19:33:37.986+00:00,2026-08-31T19:33:37.986+00:00,2026-08-31T19:33:39.224+00:00,2026-08-31T19:33:39.224+00:00,0.251581,1.2374348390003433,sqs-worker-5986dcd897-mchbm,ip-192-168-20-201.ec2.internal,3df27b08eb0a7262e4d20d7759b4e308bcc33993b002640b5a9a9e48f2ba8802,1,9652.0,10890.0
1,hpa-mmpp-303-5330303c,000135,60.760267,2026-08-31T19:33:35.160+00:00,2026-08-31T19:33:31.401+00:00,2026-08-31T19:33:39.246+00:00,2026-08-31T19:33:39.246+00:00,2026-08-31T19:33:39.277+00:00,2026-08-31T19:33:39.277+00:00,0.006451,0.030546719000994926,sqs-worker-5986dcd897-x8rdl,ip-192-168-20-201.ec2.internal,87a0d86d68fc139e0db251b23614da2e230ce6f5955adf4367833ebde02206e0,1,7845.0,7876.0
1,hpa-mmpp-303-5330303c,000150,72.689172,2026-08-31T19:33:47.089+00:00,2026-08-31T19:33:43.325+00:00,2026-08-31T19:33:43.329+00:00,2026-08-31T19:33:43.329+00:00,2026-08-31T19:33:43.721+00:00,2026-08-31T19:33:43.721+00:00,0.163745,0.39268337299836276,sqs-worker-5986dcd897-mchbm,ip-192-168-20-201.ec2.internal,ffb6bf81871f92aa5b509c7a183c53af89b8d6c4d1c85b3dbc91cc39a79d5c17,1,4.0,396.0
1,hpa-mmpp-303-5330303c,000148,71.758508,2026-08-31T19:33:46.162+00:00,2026-08-31T19:33:42.393+00:00,2026-08-31T19:33:42.397+00:00,2026-08-31T19:33:42.397+00:00,2026-08-31T19:33:43.407+00:00,2026-08-31T19:33:43.407+00:00,0.424169,1.010334499000237,sqs-worker-5986dcd897-x8rdl,ip-192-168-20-201.ec2.internal,5b991202bb62fdd3ed5c1123ced7d967609aa9c80d4fbed6660b8d8379dfe833,1,4.0,1014.0
1,hpa-mmpp-303-5330303c,000149,72.658006,2026-08-31T19:33:47.058+00:00,2026-08-31T19:33:43.291+00:00,2026-08-31T19:33:43.295+00:00,2026-08-31T19:33:43.295+00:00,2026-08-31T19:33:44.283+00:00,2026-08-31T19:33:44.283+00:00,0.387673,0.9876811470003304,sqs-worker-5986dcd897-swkfl,ip-192-168-20-201.ec2.internal,348052cfa61bed3f53e62c3b197c08210765af7fe77380f9eaf414d379fdc1b9,1,4.0,992.0
1,hpa-mmpp-303-5330303c,000151,73.728272,2026-08-31T19:33:48.128+00:00,2026-08-31T19:33:44.367+00:00,2026-08-31T19:33:44.370+00:00,2026-08-31T19:33:44.370+00:00,2026-08-31T19:33:44.574+00:00,2026-08-31T19:33:44.574+00:00,0.043172,0.2040273540005728,sqs-worker-5986dcd897-swkfl,ip-192-168-20-201.ec2.internal,187c5f5958acccbdbb246a7cb8e8a0de45e018091996d44544bd1fcf73c15eb5,1,3.0,207.0
1,hpa-mmpp-303-5330303c,000152,75.465413,2026-08-31T19:33:49.867+00:00,2026-08-31T19:33:46.105+00:00,2026-08-31T19:33:46.108+00:00,2026-08-31T19:33:46.108+00:00,2026-08-31T19:33:46.511+00:00,2026-08-31T19:33:46.511+00:00,0.188702,0.40290912100135756,sqs-worker-5986dcd897-x8rdl,ip-192-168-20-201.ec2.internal,d93f97b56d7584bf44e4c083f658d473f252e007656dcf6ec8f7600870321a91,1,3.0,406.0
1,hpa-mmpp-303-5330303c,000154,75.946442,2026-08-31T19:33:50.346+00:00,2026-08-31T19:33:46.581+00:00,2026-08-31T19:33:46.585+00:00,2026-08-31T19:33:46.585+00:00,2026-08-31T19:33:46.708+00:00,2026-08-31T19:33:46.708+00:00,0.06592,0.1235616089998075,sqs-worker-5986dcd897-x8rdl,ip-192-168-20-201.ec2.internal,07a123e8016503441138951e789a75b137f5697830377bc15371946dac74d240,1,4.0,127.0
1,hpa-mmpp-303-5330303c,000153,75.796849,2026-08-31T19:33:50.197+00:00,2026-08-31T19:33:46.435+00:00,2026-08-31T19:33:46.439+00:00,2026-08-31T19:33:46.439+00:00,2026-08-31T19:33:46.995+00:00,2026-08-31T19:33:46.995+00:00,0.247054,0.5566285100012465,sqs-worker-5986dcd897-vmtpr,ip-192-168-20-201.ec2.internal,9f65087e504fa2c6fa1e35ed5a21d76074ffd54fbc3535a023c44fe9a077d616,1,4.0,560.0
1,hpa-mmpp-303-5330303c,000158,76.442048,2026-08-31T19:33:50.841+00:00,2026-08-31T19:33:47.079+00:00,2026-08-31T19:33:47.093+00:00,2026-08-31T19:33:47.093+00:00,2026-08-31T19:33:47.289+00:00,2026-08-31T19:33:47.289+00:00,0.10404,0.1962279330000456,sqs-worker-5986dcd897-vmtpr,ip-192-168-20-201.ec2.internal,ce2c9761271ea1a42d97f38cda2a9f669b817b3923d8aee7d691fcbf52c45e7d,1,14.0,210.0
1,hpa-mmpp-303-5330303c,000156,76.249126,2026-08-31T19:33:50.649+00:00,2026-08-31T19:33:46.883+00:00,2026-08-31T19:33:46.897+00:00,2026-08-31T19:33:46.897+00:00,2026-08-31T19:33:47.376+00:00,2026-08-31T19:33:47.376+00:00,0.202897,0.47957297900029516,sqs-worker-5986dcd897-swkfl,ip-192-168-20-201.ec2.internal,db9ead88fca512bbf109b680f2e52054b8cd5a794c40b16ffc17a5cef577a25a,1,14.0,493.0
1,hpa-mmpp-303-5330303c,000159,76.881044,2026-08-31T19:33:51.281+00:00,2026-08-31T19:33:47.514+00:00,2026-08-31T19:33:47.516+00:00,2026-08-31T19:33:47.516+00:00,2026-08-31T19:33:48.058+00:00,2026-08-31T19:33:48.058+00:00,0.234853,0.5420586540003569,sqs-worker-5986dcd897-swkfl,ip-192-168-20-201.ec2.internal,a9d9ceda3abf47ba386a8da532c9a749340d8c034437e34509f2f3d6c3543c72,1,2.0,544.0
1,hpa-mmpp-303-5330303c,000155,76.017568,2026-08-31T19:33:50.417+00:00,2026-08-31T19:33:46.655+00:00,2026-08-31T19:33:46.659+00:00,2026-08-31T19:33:46.659+00:00,2026-08-31T19:33:48.131+00:00,2026-08-31T19:33:48.131+00:00,0.298146,1.472790266998345,sqs-worker-5986dcd897-mchbm,ip-192-168-20-201.ec2.internal,b28de384f23b0057dd7def8cd36b17a8a4523f0b8ff6ff7dd001986c722f7c22,1,4.0,1476.0
1,hpa-mmpp-303-5330303c,000160,77.488132,2026-08-31T19:33:51.888+00:00,2026-08-31T19:33:48.120+00:00,2026-08-31T19:33:48.158+00:00,2026-08-31T19:33:48.158+00:00,2026-08-31T19:33:48.284+00:00,2026-08-31T19:33:48.284+00:00,0.068246,0.12668996600041282,sqs-worker-5986dcd897-vmtpr,ip-192-168-20-201.ec2.internal,f2232cd496578a8ba93031ed58a62373b93ee002d99a08810d933704e5029a78,1,38.0,164.0
1,hpa-mmpp-303-5330303c,000161,77.524876,2026-08-31T19:33:51.924+00:00,2026-08-31T19:33:48.157+00:00,2026-08-31T19:33:48.161+00:00,2026-08-31T19:33:48.161+00:00,2026-08-31T19:33:48.701+00:00,2026-08-31T19:33:48.701+00:00,0.240849,0.5403992109986575,sqs-worker-5986dcd897-swkfl,ip-192-168-20-201.ec2.internal,5696d96ff39587c8a05a21f278738c18c716bc020c42677542578da6d948eead,1,4.0,544.0
1,hpa-mmpp-303-5330303c,000157,76.334299,2026-08-31T19:33:50.734+00:00,2026-08-31T19:33:46.968+00:00,2026-08-31T19:33:46.972+00:00,2026-08-31T19:33:46.972+00:00,2026-08-31T19:33:49.208+00:00,2026-08-31T19:33:49.208+00:00,0.911712,2.2358451830004924,sqs-worker-5986dcd897-x8rdl,ip-192-168-20-201.ec2.internal,20a047d412b31c6abaac30bdb8b401fd3160fbe18adcb511c81b8d33493df84f,1,4.0,2240.0
1,hpa-mmpp-303-5330303c,000163,80.110807,2026-08-31T19:33:54.510+00:00,2026-08-31T19:33:50.741+00:00,2026-08-31T19:33:50.744+00:00,2026-08-31T19:33:50.744+00:00,2026-08-31T19:33:50.838+00:00,2026-08-31T19:33:50.838+00:00,0.040963,0.09379944700049236,sqs-worker-5986dcd897-swkfl,ip-192-168-20-201.ec2.internal,0b47f93f62d305e8bf7a4f962e2a4ac3c6d18faab273386a811af4b976a8b174,1,3.0,97.0
1,hpa-mmpp-303-5330303c,000162,79.832822,2026-08-31T19:33:54.234+00:00,2026-08-31T19:33:50.465+00:00,2026-08-31T19:33:50.469+00:00,2026-08-31T19:33:50.469+00:00,2026-08-31T19:33:51.586+00:00,2026-08-31T19:33:51.586+00:00,0.281041,1.116891914000007,sqs-worker-5986dcd897-x8rdl,ip-192-168-20-201.ec2.internal,d08a4792d53e6533ac44e38f83596d9bae19992c0ea56392eb6eeacc53110cbb,1,4.0,1121.0
1,hpa-mmpp-303-5330303c,000165,80.395891,2026-08-31T19:33:54.795+00:00,2026-08-31T19:33:51.027+00:00,2026-08-31T19:33:51.031+00:00,2026-08-31T19:33:51.031+00:00,2026-08-31T19:33:51.596+00:00,2026-08-31T19:33:51.596+00:00,0.241457,0.5653327199997875,sqs-worker-5986dcd897-swkfl,ip-192-168-20-201.ec2.internal,10a1c92ddad63a96daa89a4c08aa7c00bf17f3c59a648be8e3916d7e43fc450d,1,4.0,569.0
1,hpa-mmpp-303-5330303c,000164,80.183426,2026-08-31T19:33:54.583+00:00,2026-08-31T19:33:50.813+00:00,2026-08-31T19:33:50.820+00:00,2026-08-31T19:33:50.820+00:00,2026-08-31T19:33:51.652+00:00,2026-08-31T19:33:51.652+00:00,0.344015,0.832586849001018,sqs-worker-5986dcd897-mchbm,ip-192-168-20-201.ec2.internal,a5e6bc2bc48475e01898bcc03e70a440f7c66d9526de22d1ba9daa372ed0c7a0,1,7.0,839.0
1,hpa-mmpp-303-5330303c,000166,80.576974,2026-08-31T19:33:54.975+00:00,2026-08-31T19:33:51.207+00:00,2026-08-31T19:33:51.211+00:00,2026-08-31T19:33:51.211+00:00,2026-08-31T19:33:51.898+00:00,2026-08-31T19:33:51.898+00:00,0.126041,0.6875241230009124,sqs-worker-5986dcd897-vmtpr,ip-192-168-20-201.ec2.internal,6f2577ec8249e42ef8fb6b149d4eb72604a713599b154d5b655c08db3402d71d,1,4.0,691.0
1,hpa-mmpp-303-5330303c,000169,80.889897,2026-08-31T19:33:55.288+00:00,2026-08-31T19:33:51.526+00:00,2026-08-31T19:33:51.617+00:00,2026-08-31T19:33:51.617+00:00,2026-08-31T19:33:51.713+00:00,2026-08-31T19:33:51.713+00:00,0.052291,0.0958558450001874,sqs-worker-5986dcd897-x8rdl,ip-192-168-20-201.ec2.internal,a2d33105baa2272c7db2499e641cc42132b57894969ab26853ead830259aea64,1,91.0,187.0
1,hpa-mmpp-303-5330303c,000168,80.881891,2026-08-31T19:33:55.280+00:00,2026-08-31T19:33:51.513+00:00,2026-08-31T19:33:51.678+00:00,2026-08-31T19:33:51.678+00:00,2026-08-31T19:33:52.320+00:00,2026-08-31T19:33:52.320+00:00,0.253373,0.641602507999778,sqs-worker-5986dcd897-mchbm,ip-192-168-20-201.ec2.internal,b20302b18f7136f040c94319e37713949edb44b9896f1d49e48d2d2528008b60,1,165.0,807.0
1,hpa-mmpp-303-5330303c,000173,82.100047,2026-08-31T19:33:56.498+00:00,2026-08-31T19:33:52.739+00:00,2026-08-31T19:33:52.743+00:00,2026-08-31T19:33:52.743+00:00,2026-08-31T19:33:52.773+00:00,2026-08-31T19:33:52.773+00:00,0.030679,0.030742026001462364,sqs-worker-5986dcd897-swkfl,ip-192-168-20-201.ec2.internal,a7bdd24e469da73aaf9713cc54a9ccb1bc6dd40a8688a2a6536315215361236f,1,4.0,34.0
1,hpa-mmpp-303-5330303c,000170,81.091037,2026-08-31T19:33:55.489+00:00,2026-08-31T19:33:51.727+00:00,2026-08-31T19:33:51.742+00:00,2026-08-31T19:33:51.742+00:00,2026-08-31T19:33:51.903+00:00,2026-08-31T19:33:51.903+00:00,0.068883,0.1604720470004395,sqs-worker-5986dcd897-x8rdl,ip-192-168-20-201.ec2.internal,81f36372c267d6c479693f1b20586c0c99f90beb1b774e455953130dbc5b69d6,1,15.0,176.0
1,hpa-mmpp-303-5330303c,000167,80.770812,2026-08-31T19:33:55.169+00:00,2026-08-31T19:33:51.403+00:00,2026-08-31T19:33:51.636+00:00,2026-08-31T19:33:51.636+00:00,2026-08-31T19:33:52.245+00:00,2026-08-31T19:33:52.245+00:00,0.249228,0.6089814899987687,sqs-worker-5986dcd897-swkfl,ip-192-168-20-201.ec2.internal,9e6bbe7d965075f96c26c2f798988e083ecd7a7c9ce9ade2fcca4e4a72d340ab,1,233.0,842.0
1,hpa-mmpp-303-5330303c,000171,81.366438,2026-08-31T19:33:55.765+00:00,2026-08-31T19:33:51.999+00:00,2026-08-31T19:33:52.002+00:00,2026-08-31T19:33:52.003+00:00,2026-08-31T19:33:52.383+00:00,2026-08-31T19:33:52.383+00:00,0.090667,0.38011685499986925,sqs-worker-5986dcd897-vmtpr,ip-192-168-20-201.ec2.internal,b771c07ba5efe967dc7bf55cfe7cc1e0946226cffcf0d8bed6d89274a25fad7f,1,3.0,384.0
1,hpa-mmpp-303-5330303c,000172,81.9735,2026-08-31T19:33:56.372+00:00,2026-08-31T19:33:52.604+00:00,2026-08-31T19:33:52.608+00:00,2026-08-31T19:33:52.608+00:00,2026-08-31T19:33:52.651+00:00,2026-08-31T19:33:52.651+00:00,0.043419,0.04362238800058549,sqs-worker-5986dcd897-swkfl,ip-192-168-20-201.ec2.internal,7daca303721ac9419ac5c77bd7233bc7d0f3029a25df4b1a8f7d0243f3c30d37,1,4.0,47.0
1,hpa-mmpp-303-5330303c,000174,82.523037,2026-08-31T19:33:56.921+00:00,2026-08-31T19:33:53.161+00:00,2026-08-31T19:33:53.166+00:00,2026-08-31T19:33:53.167+00:00,2026-08-31T19:33:53.193+00:00,2026-08-31T19:33:53.193+00:00,0.026172,0.026249501999700442,sqs-worker-5986dcd897-mchbm,ip-192-168-20-201.ec2.internal,bfb9a78919d6bdf04dd0c069defdd222e9283ab2394ae739b2ff7cc1e98c354d,1,5.0,32.0
1,hpa-mmpp-303-5330303c,000177,83.045124,2026-08-31T19:33:57.443+00:00,2026-08-31T19:33:53.681+00:00,2026-08-31T19:33:53.687+00:00,2026-08-31T19:33:53.687+00:00,2026-08-31T19:33:53.769+00:00,2026-08-31T19:33:53.769+00:00,0.042343,0.08210310199865489,sqs-worker-5986dcd897-vmtpr,ip-192-168-20-201.ec2.internal,8460b1065e99fe988cbebe6b85e2514750a8e1112efd5f50ab5672e649b653d6,1,6.0,88.0
1,hpa-mmpp-303-5330303c,000175,82.586907,2026-08-31T19:33:56.985+00:00,2026-08-31T19:33:53.219+00:00,2026-08-31T19:33:53.223+00:00,2026-08-31T19:33:53.223+00:00,2026-08-31T19:33:54.507+00:00,2026-08-31T19:33:54.507+00:00,0.544189,1.284091253999577,sqs-worker-5986dcd897-x8rdl,ip-192-168-20-201.ec2.internal,aaa195a638d232bdf6c80406b00f8713cbd2b9b5a0def7d008b731387d6fc553,1,4.0,1288.0
1,hpa-mmpp-303-5330303c,000179,83.43478,2026-08-31T19:33:57.833+00:00,2026-08-31T19:33:54.064+00:00,2026-08-31T19:33:54.068+00:00,2026-08-31T19:33:54.068+00:00,2026-08-31T19:33:54.376+00:00,2026-08-31T19:33:54.376+00:00,0.13029,0.3073449219991744,sqs-worker-5986dcd897-vmtpr,ip-192-168-20-201.ec2.internal,3d914967876e05b1a1edef02b01b91a15f805a8e92e19663d8f47f8652d057cc,1,4.0,312.0
1,hpa-mmpp-303-5330303c,000180,83.792847,2026-08-31T19:33:58.191+00:00,2026-08-31T19:33:54.423+00:00,2026-08-31T19:33:54.427+00:00,2026-08-31T19:33:54.427+00:00,2026-08-31T19:33:54.768+00:00,2026-08-31T19:33:54.768+00:00,0.15917,0.3414569090000441,sqs-worker-5986dcd897-mchbm,ip-192-168-20-201.ec2.internal,80042efc65f94a93f6289bd4cd24ff36d6f156a8568ab2ba35e6faf88e306559,1,4.0,345.0
1,hpa-mmpp-303-5330303c,000178,83.348635,2026-08-31T19:33:57.747+00:00,2026-08-31T19:33:53.987+00:00,2026-08-31T19:33:53.991+00:00,2026-08-31T19:33:53.991+00:00,2026-08-31T19:33:54.326+00:00,2026-08-31T19:33:54.326+00:00,0.143906,0.3355347200013057,sqs-worker-5986dcd897-mchbm,ip-192-168-20-201.ec2.internal,efb13763ff75e33aab6ab783357a58ef707422ad0ec4e0655032ca2b1a61d600,1,4.0,339.0
1,hpa-mmpp-303-5330303c,000181,83.987226,2026-08-31T19:33:58.385+00:00,2026-08-31T19:33:54.616+00:00,2026-08-31T19:33:54.637+00:00,2026-08-31T19:33:54.637+00:00,2026-08-31T19:33:55.536+00:00,2026-08-31T19:33:55.536+00:00,0.18062,0.8992130950009596,sqs-worker-5986dcd897-swkfl,ip-192-168-20-201.ec2.internal,2f50641e9b625cb0ccb5ab7ff16aa9c6a48830f28fc99fa419ee4d742f23c82a,1,21.0,920.0
1,hpa-mmpp-303-5330303c,000186,85.266512,2026-08-31T19:33:59.665+00:00,2026-08-31T19:33:55.904+00:00,2026-08-31T19:33:55.908+00:00,2026-08-31T19:33:55.908+00:00,2026-08-31T19:33:55.927+00:00,2026-08-31T19:33:55.927+00:00,0.019197,0.01924125999903481,sqs-worker-5986dcd897-mchbm,ip-192-168-20-201.ec2.internal,91712831d3496b18c2dfbb8fa6ad98e029edf4b9914e3b25bf9c12bcd2b12270,1,4.0,23.0
1,hpa-mmpp-303-5330303c,000189,86.054624,2026-08-31T19:34:00.453+00:00,2026-08-31T19:33:56.696+00:00,2026-08-31T19:33:56.700+00:00,2026-08-31T19:33:56.700+00:00,2026-08-31T19:33:56.722+00:00,2026-08-31T19:33:56.722+00:00,0.013962,0.022141632000057143,sqs-worker-5986dcd897-vmtpr,ip-192-168-20-201.ec2.internal,90e642492b6b9b98d34bb20eaad8cc24b8c347472478d679de2a136f3881480d,1,4.0,26.0
1,hpa-mmpp-303-5330303c,000184,85.048568,2026-08-31T19:33:59.447+00:00,2026-08-31T19:33:55.687+00:00,2026-08-31T19:33:55.695+00:00,2026-08-31T19:33:55.695+00:00,2026-08-31T19:33:57.115+00:00,2026-08-31T19:33:57.115+00:00,0.590464,1.4204019970002264,sqs-worker-5986dcd897-x8rdl,ip-192-168-20-201.ec2.internal,5b16a8cb132a0bc54b3cc2191c84bf60f1e74c683b3548e2bae97e53e4b25808,1,8.0,1428.0
1,hpa-mmpp-303-5330303c,000190,86.286993,2026-08-31T19:34:00.685+00:00,2026-08-31T19:33:56.917+00:00,2026-08-31T19:33:56.921+00:00,2026-08-31T19:33:56.921+00:00,2026-08-31T19:33:57.244+00:00,2026-08-31T19:33:57.244+00:00,0.138336,0.32361257600132376,sqs-worker-5986dcd897-swkfl,ip-192-168-20-201.ec2.internal,6e1a58cfdffd7696c589201ddcde2397488c6f7d36e6326910551c462380cd5c,1,4.0,327.0
1,hpa-mmpp-303-5330303c,000194,86.862287,2026-08-31T19:34:01.261+00:00,2026-08-31T19:33:57.497+00:00,2026-08-31T19:33:57.501+00:00,2026-08-31T19:33:57.501+00:00,2026-08-31T19:33:57.588+00:00,2026-08-31T19:33:57.588+00:00,0.056699,0.0871106829999917,sqs-worker-5986dcd897-vmtpr,ip-192-168-20-201.ec2.internal,2f86941b2408992a0f115ff09f1650798e05c76090b78c81aa2d655234a4e65f,1,4.0,91.0
1,hpa-mmpp-303-5330303c,000195,87.013859,2026-08-31T19:34:01.412+00:00,2026-08-31T19:33:57.649+00:00,2026-08-31T19:33:57.653+00:00,2026-08-31T19:33:57.653+00:00,2026-08-31T19:33:57.658+00:00,2026-08-31T19:33:57.658+00:00,0.005,0.005036873999415548,sqs-worker-5986dcd897-vmtpr,ip-192-168-20-201.ec2.internal,b786b9bc752c20f583686909b08d5e403aa8469ebc85628317cee5b39d1c7f7b,1,4.0,9.0
1,hpa-mmpp-303-5330303c,000192,86.535516,2026-08-31T19:34:00.934+00:00,2026-08-31T19:33:57.172+00:00,2026-08-31T19:33:57.176+00:00,2026-08-31T19:33:57.176+00:00,2026-08-31T19:33:57.515+00:00,2026-08-31T19:33:57.515+00:00,0.152591,0.3387510160009697,sqs-worker-5986dcd897-x8rdl,ip-192-168-20-201.ec2.internal,924d75b886ed53ffce5f3ab2e7bb8f363b6ef0e131b3f3d0cd99f3cc1bf7fa31,1,4.0,343.0
1,hpa-mmpp-303-5330303c,000193,86.606407,2026-08-31T19:34:01.004+00:00,2026-08-31T19:33:57.240+00:00,2026-08-31T19:33:57.245+00:00,2026-08-31T19:33:57.245+00:00,2026-08-31T19:33:57.473+00:00,2026-08-31T19:33:57.473+00:00,0.097054,0.22814044300139358,sqs-worker-5986dcd897-vmtpr,ip-192-168-20-201.ec2.internal,70c3a4869dac4dd7ad64e7f040b10f26d56f71df6f991dcf104419262cec5eff,1,5.0,233.0
1,hpa-mmpp-303-5330303c,000176,82.704123,2026-08-31T19:33:57.102+00:00,2026-08-31T19:33:53.377+00:00,2026-08-31T19:33:53.381+00:00,2026-08-31T19:33:53.381+00:00,2026-08-31T19:33:54.094+00:00,2026-08-31T19:33:54.094+00:00,0.295813,0.7125685129994963,sqs-worker-5986dcd897-swkfl,ip-192-168-20-201.ec2.internal,5a4f994b71c1552e693d0d1281ceaa10782fa641dcf28e0708ff93563f0df5a3,1,4.0,717.0
1,hpa-mmpp-303-5330303c,000182,84.739622,2026-08-31T19:33:59.138+00:00,2026-08-31T19:33:55.370+00:00,2026-08-31T19:33:55.374+00:00,2026-08-31T19:33:55.374+00:00,2026-08-31T19:33:55.618+00:00,2026-08-31T19:33:55.618+00:00,0.114354,0.2440768409996963,sqs-worker-5986dcd897-x8rdl,ip-192-168-20-201.ec2.internal,da5414cb8b5e2865c53d6ec71f956a79835026667a1f82e35f242d7fba4029fc,1,4.0,248.0
1,hpa-mmpp-303-5330303c,000183,84.908321,2026-08-31T19:33:59.306+00:00,2026-08-31T19:33:55.539+00:00,2026-08-31T19:33:55.551+00:00,2026-08-31T19:33:55.551+00:00,2026-08-31T19:33:55.693+00:00,2026-08-31T19:33:55.693+00:00,0.082922,0.14215900999988662,sqs-worker-5986dcd897-vmtpr,ip-192-168-20-201.ec2.internal,77991a397ee07dc5f19e77cd388cd76256859dd3e3276d4818c94ce7772b6a1a,1,12.0,154.0
1,hpa-mmpp-303-5330303c,000185,85.108013,2026-08-31T19:33:59.506+00:00,2026-08-31T19:33:56.273+00:00,2026-08-31T19:33:56.277+00:00,2026-08-31T19:33:56.277+00:00,2026-08-31T19:33:56.806+00:00,2026-08-31T19:33:56.806+00:00,0.232972,0.5291669920006825,sqs-worker-5986dcd897-swkfl,ip-192-168-20-201.ec2.internal,a659847c0339a65b7be341dc8608a94f8cf312b0165c2f17582077a9ba86cccc,1,4.0,533.0
1,hpa-mmpp-303-5330303c,000191,86.320566,2026-08-31T19:34:00.719+00:00,2026-08-31T19:33:56.953+00:00,2026-08-31T19:33:56.957+00:00,2026-08-31T19:33:56.957+00:00,2026-08-31T19:33:57.184+00:00,2026-08-31T19:33:57.184+00:00,0.109697,0.22777030900033424,sqs-worker-5986dcd897-vmtpr,ip-192-168-20-201.ec2.internal,3d92cd23cd8ab0f1044565aae63d8cb188f4ad3f9d63ee625b967211836d19a8,1,4.0,231.0
1,hpa-mmpp-303-5330303c,000197,88.011504,2026-08-31T19:34:02.410+00:00,2026-08-31T19:33:58.643+00:00,2026-08-31T19:33:58.647+00:00,2026-08-31T19:33:58.647+00:00,2026-08-31T19:33:59.398+00:00,2026-08-31T19:33:59.398+00:00,0.330435,0.7510444130002725,sqs-worker-5986dcd897-vmtpr,ip-192-168-20-201.ec2.internal,ddcd813aa03d4c9c996520a15be7dbea26031a79adbd21095435de53949997f9,1,4.0,755.0
1,hpa-mmpp-303-5330303c,000196,87.491458,2026-08-31T19:34:01.890+00:00,2026-08-31T19:33:58.125+00:00,2026-08-31T19:33:58.129+00:00,2026-08-31T19:33:58.129+00:00,2026-08-31T19:33:58.790+00:00,2026-08-31T19:33:58.790+00:00,0.287213,0.6610711150005955,sqs-worker-5986dcd897-x8rdl,ip-192-168-20-201.ec2.internal,5ea59732b67d7c136085d67387981b778fafd7a35c698cdc0bb543b4acc1d8bc,1,4.0,665.0
1,hpa-mmpp-303-5330303c,000200,88.376038,2026-08-31T19:34:02.774+00:00,2026-08-31T19:33:59.013+00:00,2026-08-31T19:33:59.126+00:00,2026-08-31T19:33:59.126+00:00,2026-08-31T19:33:59.141+00:00,2026-08-31T19:33:59.141+00:00,0.015188,0.01523840600020776,sqs-worker-5986dcd897-mchbm,ip-192-168-20-201.ec2.internal,66f20ab90f3ec611539c2b97ba996efce6592c4eee4382054921e163a0d833d7,1,113.0,128.0
1,hpa-mmpp-303-5330303c,000187,85.328039,2026-08-31T19:33:59.726+00:00,2026-08-31T19:33:55.960+00:00,2026-08-31T19:33:55.963+00:00,2026-08-31T19:33:55.963+00:00,2026-08-31T19:33:56.388+00:00,2026-08-31T19:33:56.388+00:00,0.184293,0.42551947600077256,sqs-worker-5986dcd897-vmtpr,ip-192-168-20-201.ec2.internal,5736e884cb6aa5bd2f385a5f3a8d7f3497f281ceb6e55cfec26cde6ca28a8be1,1,3.0,428.0
1,hpa-mmpp-303-5330303c,000199,88.287902,2026-08-31T19:34:02.686+00:00,2026-08-31T19:33:58.919+00:00,2026-08-31T19:33:58.922+00:00,2026-08-31T19:33:58.922+00:00,2026-08-31T19:33:59.439+00:00,2026-08-31T19:33:59.439+00:00,0.210054,0.5167054550001922,sqs-worker-5986dcd897-swkfl,ip-192-168-20-201.ec2.internal,f4d038e81eee682447d4a1958c8061f5ad8123a14031a2a454244e12d4e67514,1,3.0,520.0
1,hpa-mmpp-303-5330303c,000201,88.521574,2026-08-31T19:34:02.920+00:00,2026-08-31T19:33:59.152+00:00,2026-08-31T19:33:59.182+00:00,2026-08-31T19:33:59.182+00:00,2026-08-31T19:33:59.619+00:00,2026-08-31T19:33:59.619+00:00,0.179193,0.4371750570007862,sqs-worker-5986dcd897-mchbm,ip-192-168-20-201.ec2.internal,2ce7c7cd968c77fe5f53bd6352b3755be2ef3c566770ec9b1356d54991990d09,1,30.0,467.0
1,hpa-mmpp-303-5330303c,000203,88.672958,2026-08-31T19:34:03.071+00:00,2026-08-31T19:33:59.304+00:00,2026-08-31T19:33:59.314+00:00,2026-08-31T19:33:59.314+00:00,2026-08-31T19:34:00.496+00:00,2026-08-31T19:34:00.496+00:00,0.292849,1.1816702430005535,sqs-worker-5986dcd897-x8rdl,ip-192-168-20-201.ec2.internal,cdd3e38d32f7430424d7d4816d61fda2b442de61341cb1d4c37191bf72027abc,1,10.0,1192.0
1,hpa-mmpp-303-5330303c,000188,85.354148,2026-08-31T19:33:59.752+00:00,2026-08-31T19:33:55.991+00:00,2026-08-31T19:33:56.003+00:00,2026-08-31T19:33:56.003+00:00,2026-08-31T19:33:59.061+00:00,2026-08-31T19:33:59.061+00:00,0.614006,3.0580440209996596,sqs-worker-5986dcd897-mchbm,ip-192-168-20-201.ec2.internal,12ae091a1bee9649c9d45817d2aabfc98a342032afe85db4bc46d36aacf33639,1,12.0,3070.0
1,hpa-mmpp-303-5330303c,000198,88.205427,2026-08-31T19:34:02.604+00:00,2026-08-31T19:33:58.837+00:00,2026-08-31T19:33:58.842+00:00,2026-08-31T19:33:58.842+00:00,2026-08-31T19:33:59.295+00:00,2026-08-31T19:33:59.295+00:00,0.201981,0.45265496899992286,sqs-worker-5986dcd897-x8rdl,ip-192-168-20-201.ec2.internal,ba378a83290c979a2efd1757f5839fbde1b2ce3e7a3caadc8d41cd61c75a3204,1,5.0,458.0
1,hpa-mmpp-303-5330303c,000202,88.661528,2026-08-31T19:34:03.060+00:00,2026-08-31T19:33:59.295+00:00,2026-08-31T19:33:59.420+00:00,2026-08-31T19:33:59.420+00:00,2026-08-31T19:33:59.669+00:00,2026-08-31T19:33:59.669+00:00,0.088992,0.24884006199863506,sqs-worker-5986dcd897-vmtpr,ip-192-168-20-201.ec2.internal,75ff01de0d5e68e36ed7d335106fe944265cf802b29993918b1b6700cf6dadc1,1,125.0,374.0
1,hpa-mmpp-303-5330303c,000204,92.856876,2026-08-31T19:34:07.259+00:00,2026-08-31T19:34:03.495+00:00,2026-08-31T19:34:03.501+00:00,2026-08-31T19:34:03.501+00:00,2026-08-31T19:34:04.217+00:00,2026-08-31T19:34:04.217+00:00,0.31208,0.7156527370007097,sqs-worker-5986dcd897-x8rdl,ip-192-168-20-201.ec2.internal,cc0006985fab09f968fbb6863319f127b39ca409a6bcb932814fe4cc8256721a,1,6.0,722.0
1,hpa-mmpp-303-5330303c,000205,94.583279,2026-08-31T19:34:08.983+00:00,2026-08-31T19:34:05.218+00:00,2026-08-31T19:34:05.221+00:00,2026-08-31T19:34:05.221+00:00,2026-08-31T19:34:05.497+00:00,2026-08-31T19:34:05.497+00:00,0.134371,0.2757783359993482,sqs-worker-5986dcd897-x8rdl,ip-192-168-20-201.ec2.internal,d58ccc7a03c81e4d237c4a5017ac83fbdcb0143c599182267014186c31d53a41,1,3.0,279.0
1,hpa-mmpp-303-5330303c,000206,94.968647,2026-08-31T19:34:09.367+00:00,2026-08-31T19:34:05.599+00:00,2026-08-31T19:34:05.603+00:00,2026-08-31T19:34:05.603+00:00,2026-08-31T19:34:05.614+00:00,2026-08-31T19:34:05.614+00:00,0.011061,0.011099649000243517,sqs-worker-5986dcd897-mchbm,ip-192-168-20-201.ec2.internal,4febd053d51c35069b4636df1212972b83e9cc579b99346c616ca01df5a6a75b,1,4.0,15.0
1,hpa-mmpp-303-5330303c,000207,95.463097,2026-08-31T19:34:09.862+00:00,2026-08-31T19:34:06.094+00:00,2026-08-31T19:34:06.098+00:00,2026-08-31T19:34:06.098+00:00,2026-08-31T19:34:06.176+00:00,2026-08-31T19:34:06.176+00:00,0.050001,0.07808850000037637,sqs-worker-5986dcd897-swkfl,ip-192-168-20-201.ec2.internal,d8f266cb45393f1cb3b6a0c2232ec56f3cbca66373313c144269b08bc80980be,1,4.0,82.0
1,hpa-mmpp-303-5330303c,000209,99.170035,2026-08-31T19:34:13.569+00:00,2026-08-31T19:34:09.799+00:00,2026-08-31T19:34:09.803+00:00,2026-08-31T19:34:09.803+00:00,2026-08-31T19:34:09.891+00:00,2026-08-31T19:34:09.891+00:00,0.064739,0.08796253999935288,sqs-worker-5986dcd897-vmtpr,ip-192-168-20-201.ec2.internal,fd526b796234194be7bbce1984d6e628d87b8a367ef2a90477125a6700f9dbd2,1,4.0,92.0
1,hpa-mmpp-303-5330303c,000211,100.216817,2026-08-31T19:34:14.615+00:00,2026-08-31T19:34:10.848+00:00,2026-08-31T19:34:10.850+00:00,2026-08-31T19:34:10.851+00:00,2026-08-31T19:34:10.872+00:00,2026-08-31T19:34:10.872+00:00,0.020619,0.021420521999971243,sqs-worker-5986dcd897-vmtpr,ip-192-168-20-201.ec2.internal,42141f82d784aedc566db5a6f7830cb1fe646b105de663fd50de182d83bc8efd,1,2.0,24.0
1,hpa-mmpp-303-5330303c,000212,100.568623,2026-08-31T19:34:14.967+00:00,2026-08-31T19:34:11.199+00:00,2026-08-31T19:34:11.203+00:00,2026-08-31T19:34:11.203+00:00,2026-08-31T19:34:11.219+00:00,2026-08-31T19:34:11.219+00:00,0.006487,0.016599205000602524,sqs-worker-5986dcd897-swkfl,ip-192-168-20-201.ec2.internal,73c8ea29a39fcbc82ae5cbf9f91e47942852481b31e2b7ef64912d70e22673e8,1,4.0,20.0
1,hpa-mmpp-303-5330303c,000208,98.47449,2026-08-31T19:34:12.875+00:00,2026-08-31T19:34:09.112+00:00,2026-08-31T19:34:09.117+00:00,2026-08-31T19:34:09.117+00:00,2026-08-31T19:34:11.489+00:00,2026-08-31T19:34:11.489+00:00,0.587625,2.3727007409997896,sqs-worker-5986dcd897-x8rdl,ip-192-168-20-201.ec2.internal,5b17dffe0ce06223c64a1995566c3a3a51194aaa283c9da91e60924df7fcf5ef,1,5.0,2377.0
1,hpa-mmpp-303-5330303c,000213,100.596501,2026-08-31T19:34:14.994+00:00,2026-08-31T19:34:11.227+00:00,2026-08-31T19:34:11.269+00:00,2026-08-31T19:34:11.269+00:00,2026-08-31T19:34:11.562+00:00,2026-08-31T19:34:11.562+00:00,0.054967,0.29301394399954006,sqs-worker-5986dcd897-vmtpr,ip-192-168-20-201.ec2.internal,ec57945e0d0c623cf86d64c789cc38307b77fdf51d303ad942a05c9e87edea4b,1,42.0,335.0
1,hpa-mmpp-303-5330303c,000214,100.641496,2026-08-31T19:34:15.040+00:00,2026-08-31T19:34:11.274+00:00,2026-08-31T19:34:11.294+00:00,2026-08-31T19:34:11.294+00:00,2026-08-31T19:34:11.619+00:00,2026-08-31T19:34:11.619+00:00,0.148567,0.3247211790003348,sqs-worker-5986dcd897-swkfl,ip-192-168-20-201.ec2.internal,534e32f3c08958c5b7881b86bec6db663c33d0d7c64dd6760d1da5f68038acfa,1,20.0,345.0
1,hpa-mmpp-303-5330303c,000215,100.684136,2026-08-31T19:34:15.082+00:00,2026-08-31T19:34:11.316+00:00,2026-08-31T19:34:11.513+00:00,2026-08-31T19:34:11.513+00:00,2026-08-31T19:34:12.212+00:00,2026-08-31T19:34:12.212+00:00,0.116705,0.6992219739986467,sqs-worker-5986dcd897-x8rdl,ip-192-168-20-201.ec2.internal,d7d3ac73e6c1c1f9ffbdacf8a01c5c5c0ab5b72bfe03bafda38cad8eced1bf31,1,197.0,896.0
1,hpa-mmpp-303-5330303c,000217,100.970803,2026-08-31T19:34:15.369+00:00,2026-08-31T19:34:11.605+00:00,2026-08-31T19:34:11.676+00:00,2026-08-31T19:34:11.676+00:00,2026-08-31T19:34:12.695+00:00,2026-08-31T19:34:12.695+00:00,0.409708,1.0188923859986971,sqs-worker-5986dcd897-swkfl,ip-192-168-20-201.ec2.internal,bd4171a76f22ada6482212058fee9e9b37cd2617ff8dbc4b1d19b49e42b20e8f,1,71.0,1090.0
1,hpa-mmpp-303-5330303c,000218,101.219028,2026-08-31T19:34:15.617+00:00,2026-08-31T19:34:11.857+00:00,2026-08-31T19:34:12.775+00:00,2026-08-31T19:34:12.775+00:00,2026-08-31T19:34:12.938+00:00,2026-08-31T19:34:12.938+00:00,0.077991,0.16300328000033915,sqs-worker-5986dcd897-swkfl,ip-192-168-20-201.ec2.internal,af0b279153fd8397e31061436e092a86634ccaf404406b72e1fe0852f04449c2,1,918.0,1081.0
1,hpa-mmpp-303-5330303c,000220,101.424433,2026-08-31T19:34:15.822+00:00,2026-08-31T19:34:12.054+00:00,2026-08-31T19:34:12.992+00:00,2026-08-31T19:34:12.992+00:00,2026-08-31T19:34:13.403+00:00,2026-08-31T19:34:13.403+00:00,0.181565,0.4105234290000226,sqs-worker-5986dcd897-swkfl,ip-192-168-20-201.ec2.internal,a9aacba134e466f1a7fb232d703425c0d96a235ef20a29a1326d6284f22056f2,1,938.0,1349.0
1,hpa-mmpp-303-5330303c,000210,100.19659,2026-08-31T19:34:14.596+00:00,2026-08-31T19:34:10.827+00:00,2026-08-31T19:34:10.831+00:00,2026-08-31T19:34:10.831+00:00,2026-08-31T19:34:13.321+00:00,2026-08-31T19:34:13.321+00:00,1.0,2.4895892109998385,sqs-worker-5986dcd897-mchbm,ip-192-168-20-201.ec2.internal,7856940031434ec19eac06cd0673b2393d2a635573c600a812cf530ee5b2bb27,1,4.0,2494.0
1,hpa-mmpp-303-5330303c,000219,101.358042,2026-08-31T19:34:15.756+00:00,2026-08-31T19:34:11.989+00:00,2026-08-31T19:34:12.341+00:00,2026-08-31T19:34:12.341+00:00,2026-08-31T19:34:13.396+00:00,2026-08-31T19:34:13.396+00:00,0.328252,1.0554051030012488,sqs-worker-5986dcd897-x8rdl,ip-192-168-20-201.ec2.internal,1e43df5a3d35407c05fce3fd6b907a018e5e7b908a4900f6f644352dc582ff81,1,352.0,1407.0
1,hpa-mmpp-303-5330303c,000221,102.730149,2026-08-31T19:34:17.129+00:00,2026-08-31T19:34:13.365+00:00,2026-08-31T19:34:13.377+00:00,2026-08-31T19:34:13.377+00:00,2026-08-31T19:34:14.175+00:00,2026-08-31T19:34:14.175+00:00,0.342043,0.7978938150008617,sqs-worker-5986dcd897-mchbm,ip-192-168-20-201.ec2.internal,87db8a90018a7ff052da9223ced1e0352083aea401de2f67dd21bc5bd006e0a5,1,12.0,810.0
1,hpa-mmpp-303-5330303c,000216,100.864224,2026-08-31T19:34:15.262+00:00,2026-08-31T19:34:11.496+00:00,2026-08-31T19:34:11.616+00:00,2026-08-31T19:34:11.616+00:00,2026-08-31T19:34:14.608+00:00,2026-08-31T19:34:14.608+00:00,0.685345,2.991856282000299,sqs-worker-5986dcd897-vmtpr,ip-192-168-20-201.ec2.internal,1fc7e92518ac2dee2a0746645a02f60e1813cef398a9344fbdae06aca93337ae,1,120.0,3112.0
1,hpa-mmpp-303-5330303c,000222,102.776808,2026-08-31T19:34:17.175+00:00,2026-08-31T19:34:13.414+00:00,2026-08-31T19:34:13.421+00:00,2026-08-31T19:34:13.421+00:00,2026-08-31T19:34:13.933+00:00,2026-08-31T19:34:13.933+00:00,0.193439,0.5127987719988596,sqs-worker-5986dcd897-swkfl,ip-192-168-20-201.ec2.internal,2aa1dc78b897aabfaa05d8e8debb581a71ed9509474867b49c4c5273f532f1c9,1,7.0,519.0
1,hpa-mmpp-303-5330303c,000224,103.131256,2026-08-31T19:34:17.529+00:00,2026-08-31T19:34:13.766+00:00,2026-08-31T19:34:13.813+00:00,2026-08-31T19:34:13.813+00:00,2026-08-31T19:34:14.022+00:00,2026-08-31T19:34:14.022+00:00,0.103158,0.20925778299897502,sqs-worker-5986dcd897-x8rdl,ip-192-168-20-201.ec2.internal,202007e549409600cd94b535150ffd3a2304a9c00562ff1f8be8a8434affbd34,1,47.0,256.0
1,hpa-mmpp-303-5330303c,000223,103.104723,2026-08-31T19:34:17.503+00:00,2026-08-31T19:34:13.735+00:00,2026-08-31T19:34:13.950+00:00,2026-08-31T19:34:13.951+00:00,2026-08-31T19:34:15.139+00:00,2026-08-31T19:34:15.139+00:00,0.260545,1.1888419759998214,sqs-worker-5986dcd897-swkfl,ip-192-168-20-201.ec2.internal,d2ff6c3fb41d46a295e013cd5338c587a3f0d94bf8caa03ef6bd5243beb36550,1,215.0,1404.0
1,hpa-mmpp-303-5330303c,000227,104.089058,2026-08-31T19:34:18.487+00:00,2026-08-31T19:34:14.717+00:00,2026-08-31T19:34:14.723+00:00,2026-08-31T19:34:14.723+00:00,2026-08-31T19:34:15.293+00:00,2026-08-31T19:34:15.293+00:00,0.24858,0.5699488539994491,sqs-worker-5986dcd897-x8rdl,ip-192-168-20-201.ec2.internal,8e57488fbd3ff5d335ffe269fdaf3884ef2bb3d6802c9e534ec0e2a8def1d92b,1,6.0,576.0
1,hpa-mmpp-303-5330303c,000225,103.535363,2026-08-31T19:34:17.934+00:00,2026-08-31T19:34:14.190+00:00,2026-08-31T19:34:14.202+00:00,2026-08-31T19:34:14.202+00:00,2026-08-31T19:34:14.324+00:00,2026-08-31T19:34:14.324+00:00,0.065871,0.12279910700090113,sqs-worker-5986dcd897-x8rdl,ip-192-168-20-201.ec2.internal,209bc7f23ad77f56a1837e4c8723d562d96e16a9efefbf0b8cf0bf24edb4deda,1,12.0,134.0
1,hpa-mmpp-303-5330303c,000229,104.472973,2026-08-31T19:34:18.871+00:00,2026-08-31T19:34:15.106+00:00,2026-08-31T19:34:15.111+00:00,2026-08-31T19:34:15.111+00:00,2026-08-31T19:34:15.149+00:00,2026-08-31T19:34:15.149+00:00,0.033096,0.038415790999351884,sqs-worker-5986dcd897-vmtpr,ip-192-168-20-201.ec2.internal,822ddc601d0adf43694df2a2f78022a28bb6b4f928a00ea5679aba086b42c78f,1,5.0,43.0
1,hpa-mmpp-303-5330303c,000228,104.336406,2026-08-31T19:34:18.735+00:00,2026-08-31T19:34:14.965+00:00,2026-08-31T19:34:14.969+00:00,2026-08-31T19:34:14.969+00:00,2026-08-31T19:34:15.558+00:00,2026-08-31T19:34:15.558+00:00,0.242596,0.5884464770006161,sqs-worker-5986dcd897-mchbm,ip-192-168-20-201.ec2.internal,9bebc3b52f6606f4633d59e71d9bcf7531665cd7114fe92aef7330fa53420e82,1,4.0,593.0
1,hpa-mmpp-303-5330303c,000230,104.915317,2026-08-31T19:34:19.314+00:00,2026-08-31T19:34:15.550+00:00,2026-08-31T19:34:15.554+00:00,2026-08-31T19:34:15.554+00:00,2026-08-31T19:34:15.684+00:00,2026-08-31T19:34:15.684+00:00,0.063571,0.12972251000064716,sqs-worker-5986dcd897-x8rdl,ip-192-168-20-201.ec2.internal,35d0291c8596ab720f18aa34845d06a716cf4a213162e04204c8d2e0c6f12689,1,4.0,134.0
1,hpa-mmpp-303-5330303c,000235,105.885866,2026-08-31T19:34:20.284+00:00,2026-08-31T19:34:16.515+00:00,2026-08-31T19:34:16.519+00:00,2026-08-31T19:34:16.519+00:00,2026-08-31T19:34:16.524+00:00,2026-08-31T19:34:16.524+00:00,0.005,0.005067323998446227,sqs-worker-5986dcd897-swkfl,ip-192-168-20-201.ec2.internal,43e259841c0bc764ba47bdfb1c2226bc1a71e46ccf68022192e43b91c1fa60a1,1,4.0,9.0
1,hpa-mmpp-303-5330303c,000239,106.671064,2026-08-31T19:34:21.069+00:00,2026-08-31T19:34:17.304+00:00,2026-08-31T19:34:17.308+00:00,2026-08-31T19:34:17.308+00:00,2026-08-31T19:34:17.333+00:00,2026-08-31T19:34:17.333+00:00,0.025236,0.025273899000239908,sqs-worker-5986dcd897-x8rdl,ip-192-168-20-201.ec2.internal,65f82b13533e09d4df4888d6666008b83089cc147c614d8647a8701171c769a5,1,4.0,29.0
1,hpa-mmpp-303-5330303c,000231,105.165911,2026-08-31T19:34:19.564+00:00,2026-08-31T19:34:15.799+00:00,2026-08-31T19:34:15.803+00:00,2026-08-31T19:34:15.803+00:00,2026-08-31T19:34:16.122+00:00,2026-08-31T19:34:16.122+00:00,0.127234,0.3183512959985819,sqs-worker-5986dcd897-mchbm,ip-192-168-20-201.ec2.internal,e8146aff56d34162a2c105eacd9abc9086dd9267a06b77b7da3ba61fb0514f59,1,4.0,323.0
1,hpa-mmpp-303-5330303c,000237,106.154039,2026-08-31T19:34:20.552+00:00,2026-08-31T19:34:16.783+00:00,2026-08-31T19:34:16.789+00:00,2026-08-31T19:34:16.789+00:00,2026-08-31T19:34:16.825+00:00,2026-08-31T19:34:16.825+00:00,0.035438,0.035479463998854044,sqs-worker-5986dcd897-swkfl,ip-192-168-20-201.ec2.internal,f518267061936ea8f199bf9d50809756ea7f8ed1fc69bc0473b9d6dd49cd32a5,1,6.0,42.0
1,hpa-mmpp-303-5330303c,000238,106.621622,2026-08-31T19:34:21.020+00:00,2026-08-31T19:34:17.251+00:00,2026-08-31T19:34:17.255+00:00,2026-08-31T19:34:17.255+00:00,2026-08-31T19:34:17.797+00:00,2026-08-31T19:34:17.797+00:00,0.242538,0.5420917600004032,sqs-worker-5986dcd897-vmtpr,ip-192-168-20-201.ec2.internal,5c71132abcb100915ed8117f915c1689b7906e3e160493a46df437179981d30b,1,4.0,546.0
1,hpa-mmpp-303-5330303c,000226,103.747265,2026-08-31T19:34:18.145+00:00,2026-08-31T19:34:14.377+00:00,2026-08-31T19:34:14.387+00:00,2026-08-31T19:34:14.387+00:00,2026-08-31T19:34:14.872+00:00,2026-08-31T19:34:14.872+00:00,0.21856,0.48563258099966333,sqs-worker-5986dcd897-mchbm,ip-192-168-20-201.ec2.internal,873bab6ceda471ab73c0d9d88371530640bb87d2dc39d0342e27c6fb75635e1b,1,10.0,495.0
1,hpa-mmpp-303-5330303c,000232,105.167856,2026-08-31T19:34:19.566+00:00,2026-08-31T19:34:15.799+00:00,2026-08-31T19:34:15.837+00:00,2026-08-31T19:34:15.837+00:00,2026-08-31T19:34:16.340+00:00,2026-08-31T19:34:16.340+00:00,0.115241,0.5031555170007778,sqs-worker-5986dcd897-swkfl,ip-192-168-20-201.ec2.internal,6e283a83e31022e7c623752e75661f86857d51dce5bd9b528fbf9e6fe435307a,1,38.0,541.0
1,hpa-mmpp-303-5330303c,000233,105.330565,2026-08-31T19:34:19.729+00:00,2026-08-31T19:34:15.959+00:00,2026-08-31T19:34:15.963+00:00,2026-08-31T19:34:15.963+00:00,2026-08-31T19:34:16.222+00:00,2026-08-31T19:34:16.222+00:00,0.132365,0.25895761200081324,sqs-worker-5986dcd897-x8rdl,ip-192-168-20-201.ec2.internal,adf0738ff985c24bd46a9d1a95581e697efbadcfa5573df18d682488fde34703,1,4.0,263.0
1,hpa-mmpp-303-5330303c,000234,105.473421,2026-08-31T19:34:19.871+00:00,2026-08-31T19:34:16.105+00:00,2026-08-31T19:34:16.108+00:00,2026-08-31T19:34:16.108+00:00,2026-08-31T19:34:16.293+00:00,2026-08-31T19:34:16.293+00:00,0.096024,0.18432220500108087,sqs-worker-5986dcd897-vmtpr,ip-192-168-20-201.ec2.internal,2953187caa44aca1b2b556d70eff52b3c41ea4d9ec81556cbeadb53b2e9ea919,1,3.0,188.0
1,hpa-mmpp-303-5330303c,000236,106.050368,2026-08-31T19:34:20.448+00:00,2026-08-31T19:34:16.679+00:00,2026-08-31T19:34:16.718+00:00,2026-08-31T19:34:16.718+00:00,2026-08-31T19:34:16.739+00:00,2026-08-31T19:34:16.739+00:00,0.021182,0.021260889001496253,sqs-worker-5986dcd897-vmtpr,ip-192-168-20-201.ec2.internal,8b329e0a9082f9531e33d25ebf958d7499b5c023799fbcaf8443332ece8fb158,1,39.0,60.0
1,hpa-mmpp-303-5330303c,000240,106.976012,2026-08-31T19:34:21.374+00:00,2026-08-31T19:34:17.608+00:00,2026-08-31T19:34:17.624+00:00,2026-08-31T19:34:17.624+00:00,2026-08-31T19:34:17.776+00:00,2026-08-31T19:34:17.776+00:00,0.085093,0.1515635640007531,sqs-worker-5986dcd897-swkfl,ip-192-168-20-201.ec2.internal,67cfd5b4af84565f796616e91be220f89fae2c8efeafed7ecf20277a431f8395,1,16.0,168.0
1,hpa-mmpp-303-5330303c,000241,107.36127,2026-08-31T19:34:21.760+00:00,2026-08-31T19:34:17.995+00:00,2026-08-31T19:34:18.000+00:00,2026-08-31T19:34:18.000+00:00,2026-08-31T19:34:18.495+00:00,2026-08-31T19:34:18.495+00:00,0.2124,0.4953246639997815,sqs-worker-5986dcd897-x8rdl,ip-192-168-20-201.ec2.internal,e2168d6929fe1dc349106e87623b88f37f68b4c282fd5a2c249b6c3827bc59dc,1,5.0,500.0
1,hpa-mmpp-303-5330303c,000242,110.880833,2026-08-31T19:34:25.281+00:00,2026-08-31T19:34:21.516+00:00,2026-08-31T19:34:21.519+00:00,2026-08-31T19:34:21.519+00:00,2026-08-31T19:34:21.608+00:00,2026-08-31T19:34:21.608+00:00,0.071465,0.0888602400009404,sqs-worker-5986dcd897-x8rdl,ip-192-168-20-201.ec2.internal,859daa8c8728bc1f608f56e3baf6bd8b7a52e179a566cdcabc6bc144d6d9a320,1,3.0,92.0
1,hpa-mmpp-303-5330303c,000243,111.097721,2026-08-31T19:34:25.494+00:00,2026-08-31T19:34:21.729+00:00,2026-08-31T19:34:21.735+00:00,2026-08-31T19:34:21.735+00:00,2026-08-31T19:34:21.938+00:00,2026-08-31T19:34:21.938+00:00,0.10069,0.20347296900035872,sqs-worker-5986dcd897-mchbm,ip-192-168-20-201.ec2.internal,661639a7c440e93d898f462ad1f1a4cb7dea04e12db549e42b640d05670c0076,1,6.0,209.0
1,hpa-mmpp-303-5330303c,000244,114.81968,2026-08-31T19:34:29.217+00:00,2026-08-31T19:34:25.452+00:00,2026-08-31T19:34:25.455+00:00,2026-08-31T19:34:25.455+00:00,2026-08-31T19:34:25.786+00:00,2026-08-31T19:34:25.786+00:00,0.151772,0.3305016419999447,sqs-worker-5986dcd897-mchbm,ip-192-168-20-201.ec2.internal,3fe17eb575367124a9f0893fbd30f1627928a647fdfcdb3997d486913860db95,1,3.0,334.0
1,hpa-mmpp-303-5330303c,000245,115.810413,2026-08-31T19:34:30.208+00:00,2026-08-31T19:34:26.442+00:00,2026-08-31T19:34:26.445+00:00,2026-08-31T19:34:26.446+00:00,2026-08-31T19:34:26.840+00:00,2026-08-31T19:34:26.840+00:00,0.167461,0.3948137000006682,sqs-worker-5986dcd897-swkfl,ip-192-168-20-201.ec2.internal,90fd72085f3bd11f65e853a33648cdb1b172b4fba8b02fc45617433c7132c6a5,1,3.0,398.0
1,hpa-mmpp-303-5330303c,000246,119.356466,2026-08-31T19:34:33.756+00:00,2026-08-31T19:34:29.989+00:00,2026-08-31T19:34:29.993+00:00,2026-08-31T19:34:29.993+00:00,2026-08-31T19:34:30.205+00:00,2026-08-31T19:34:30.205+00:00,0.110757,0.2113088729984156,sqs-worker-5986dcd897-swkfl,ip-192-168-20-201.ec2.internal,43a8204d20962782eabd562caf8a12403129211665470975babab7aed9f40009,1,4.0,216.0
1,hpa-mmpp-303-5330303c,000247,119.92568,2026-08-31T19:34:34.323+00:00,2026-08-31T19:34:30.559+00:00,2026-08-31T19:34:30.563+00:00,2026-08-31T19:34:30.563+00:00,2026-08-31T19:34:32.872+00:00,2026-08-31T19:34:32.872+00:00,0.589195,2.3095147399999405,sqs-worker-5986dcd897-vmtpr,ip-192-168-20-201.ec2.internal,ddfb28ff79146bda53295acc787650bf2d54a030b5892340379141eb299948d1,1,4.0,2313.0
1,hpa-mmpp-303-5330303c,000248,123.196835,2026-08-31T19:34:37.597+00:00,2026-08-31T19:34:33.833+00:00,2026-08-31T19:34:33.838+00:00,2026-08-31T19:34:33.838+00:00,2026-08-31T19:34:34.120+00:00,2026-08-31T19:34:34.120+00:00,0.121935,0.2817258140003105,sqs-worker-5986dcd897-mchbm,ip-192-168-20-201.ec2.internal,f82dd10c88dab2d42102dcb532f16ef4c4d67ed864440503148df679410665d8,1,5.0,287.0
1,hpa-mmpp-303-5330303c,000249,129.531262,2026-08-31T19:34:43.934+00:00,2026-08-31T19:34:40.169+00:00,2026-08-31T19:34:40.180+00:00,2026-08-31T19:34:40.180+00:00,2026-08-31T19:34:40.382+00:00,2026-08-31T19:34:40.382+00:00,0.09559,0.2027418019988545,sqs-worker-5986dcd897-vmtpr,ip-192-168-20-201.ec2.internal,d8776e5b88ba01c2668fbf7ce64ad8df0fc548316af4c10526276eb811c268be,1,11.0,213.0
1,hpa-mmpp-303-5330303c,000251,134.333316,2026-08-31T19:34:48.730+00:00,2026-08-31T19:34:44.964+00:00,2026-08-31T19:34:44.967+00:00,2026-08-31T19:34:44.967+00:00,2026-08-31T19:34:45.275+00:00,2026-08-31T19:34:45.275+00:00,0.128428,0.3076776300003985,sqs-worker-5986dcd897-vmtpr,ip-192-168-20-201.ec2.internal,bfb72c714e1290e6548d120f0ce6ef855aa948e23774e2cf61c53d9f0a96b25c,1,3.0,311.0
1,hpa-mmpp-303-5330303c,000250,134.020418,2026-08-31T19:34:48.421+00:00,2026-08-31T19:34:44.653+00:00,2026-08-31T19:34:44.662+00:00,2026-08-31T19:34:44.662+00:00,2026-08-31T19:34:45.480+00:00,2026-08-31T19:34:45.480+00:00,0.345181,0.8183221039998898,sqs-worker-5986dcd897-mchbm,ip-192-168-20-201.ec2.internal,bd431110e44b363704ec299fd4cc259060aed887ea76706a2a52dc46b2871f2c,1,9.0,827.0
1,hpa-mmpp-303-5330303c,000252,138.50957,2026-08-31T19:34:52.910+00:00,2026-08-31T19:34:49.153+00:00,2026-08-31T19:34:49.157+00:00,2026-08-31T19:34:49.157+00:00,2026-08-31T19:34:50.791+00:00,2026-08-31T19:34:50.791+00:00,0.428922,1.6344118420001905,sqs-worker-5986dcd897-x8rdl,ip-192-168-20-201.ec2.internal,4335d95ffeb0e60fa9c3f0dc2ad4d8974014c34bfa4d35b2191bf4c43eab109c,1,4.0,1638.0
1,hpa-mmpp-303-5330303c,000253,144.99255,2026-08-31T19:34:59.394+00:00,2026-08-31T19:34:55.625+00:00,2026-08-31T19:34:55.629+00:00,2026-08-31T19:34:55.629+00:00,2026-08-31T19:34:55.823+00:00,2026-08-31T19:34:55.823+00:00,0.119927,0.19369589699999779,sqs-worker-5986dcd897-x8rdl,ip-192-168-20-201.ec2.internal,80d55e3f31145fec045966e60f8e306e5c425dcf7451d01078cdd38070a841b8,1,4.0,198.0
1,hpa-mmpp-303-5330303c,000254,145.455663,2026-08-31T19:34:59.851+00:00,2026-08-31T19:34:56.609+00:00,2026-08-31T19:34:56.611+00:00,2026-08-31T19:34:56.611+00:00,2026-08-31T19:34:57.200+00:00,2026-08-31T19:34:57.200+00:00,0.256779,0.5881598010000744,sqs-worker-5986dcd897-x8rdl,ip-192-168-20-201.ec2.internal,e8565721694a0b43990361abf43702180ef94188fb698a2e24a9e275b2201b71,1,2.0,591.0
1,hpa-mmpp-303-5330303c,000255,150.332871,2026-08-31T19:35:04.731+00:00,2026-08-31T19:35:00.961+00:00,2026-08-31T19:35:00.964+00:00,2026-08-31T19:35:00.964+00:00,2026-08-31T19:35:01.387+00:00,2026-08-31T19:35:01.387+00:00,0.185447,0.4230141480002203,sqs-worker-5986dcd897-swkfl,ip-192-168-20-201.ec2.internal,3d2357ef76cec7409e203af7ad02ae334a0dddca80395ef6e141606810813298,1,3.0,426.0
1,hpa-mmpp-303-5330303c,000256,156.954783,2026-08-31T19:35:11.356+00:00,2026-08-31T19:35:07.590+00:00,2026-08-31T19:35:07.597+00:00,2026-08-31T19:35:07.597+00:00,2026-08-31T19:35:07.894+00:00,2026-08-31T19:35:07.894+00:00,0.130926,0.2964314410000952,sqs-worker-5986dcd897-x8rdl,ip-192-168-20-201.ec2.internal,d53a6a848845eca0dd4d16fc1f4cc60081eeabe8b6cf8e27012704c40e4ed284,1,7.0,304.0
1,hpa-mmpp-303-5330303c,000257,167.401679,2026-08-31T19:35:21.807+00:00,2026-08-31T19:35:18.037+00:00,2026-08-31T19:35:18.042+00:00,2026-08-31T19:35:18.042+00:00,2026-08-31T19:35:18.049+00:00,2026-08-31T19:35:18.049+00:00,0.007519,0.0075583289999485714,sqs-worker-5986dcd897-swkfl,ip-192-168-20-201.ec2.internal,d628ac6beda72ce094d304811f971a070fdca9aa6dda1d98d278e3deaac60d18,1,5.0,12.0
1,hpa-mmpp-303-5330303c,000258,174.185489,2026-08-31T19:35:28.581+00:00,2026-08-31T19:35:24.819+00:00,2026-08-31T19:35:24.826+00:00,2026-08-31T19:35:24.826+00:00,2026-08-31T19:35:25.342+00:00,2026-08-31T19:35:25.342+00:00,0.091169,0.5165416199997708,sqs-worker-5986dcd897-swkfl,ip-192-168-20-201.ec2.internal,7ff6e24501f9e063e5731904d31585881300a9e27cf95239f20838be3667afe0,1,7.0,523.0
1,hpa-mmpp-303-5330303c,000259,176.007463,2026-08-31T19:35:30.403+00:00,2026-08-31T19:35:26.637+00:00,2026-08-31T19:35:26.641+00:00,2026-08-31T19:35:26.641+00:00,2026-08-31T19:35:26.662+00:00,2026-08-31T19:35:26.662+00:00,0.012536,0.021101837999594864,sqs-worker-5986dcd897-mchbm,ip-192-168-20-201.ec2.internal,d9a7b74ab54d61dabf28cd8f0284c5a1ba8819cb8e8562ea4f1d5724baf7f7ec,1,4.0,25.0
