schema_version,experiment_id,job_id,trace_offset_s,producer_sent_at,sqs_sent_at,worker_received_at,processing_started_at,processing_finished_at,result_sent_at,service_cpu_seconds,processing_wall_seconds,pod_name,node_name,digest,receive_count,queue_wait_ms,end_to_end_ms
1,hpa-poisson-606-e03cba25,000000,0.830395,2026-08-31T20:32:19.768+00:00,2026-08-31T20:32:15.923+00:00,2026-08-31T20:32:15.930+00:00,2026-08-31T20:32:15.930+00:00,2026-08-31T20:32:16.704+00:00,2026-08-31T20:32:16.704+00:00,0.340711,0.7744741440001235,sqs-worker-5986dcd897-x8rdl,ip-192-168-20-201.ec2.internal,df681cccb5447e1650187c06fab8a9f9df5d065775a226267d50344ccea490aa,1,7.0,781.0
1,hpa-poisson-606-e03cba25,000001,0.866678,2026-08-31T20:32:19.803+00:00,2026-08-31T20:32:16.468+00:00,2026-08-31T20:32:16.739+00:00,2026-08-31T20:32:16.739+00:00,2026-08-31T20:32:16.988+00:00,2026-08-31T20:32:16.988+00:00,0.099442,0.24899166300019715,sqs-worker-5986dcd897-x8rdl,ip-192-168-20-201.ec2.internal,2fe7bba5003d77de87685ab80c3ad451255c8b251663c0474867afe651128167,1,271.0,520.0
1,hpa-poisson-606-e03cba25,000002,1.552567,2026-08-31T20:32:20.489+00:00,2026-08-31T20:32:16.649+00:00,2026-08-31T20:32:17.051+00:00,2026-08-31T20:32:17.051+00:00,2026-08-31T20:32:18.309+00:00,2026-08-31T20:32:18.309+00:00,0.540619,1.2579999459994724,sqs-worker-5986dcd897-x8rdl,ip-192-168-20-201.ec2.internal,942a3b32785eefe94bdbc6bb00a18c9ff2e0fd286a996b6745072f499a266d17,1,402.0,1660.0
1,hpa-poisson-606-e03cba25,000004,2.316099,2026-08-31T20:32:21.252+00:00,2026-08-31T20:32:17.408+00:00,2026-08-31T20:32:18.415+00:00,2026-08-31T20:32:18.415+00:00,2026-08-31T20:32:18.684+00:00,2026-08-31T20:32:18.684+00:00,0.123534,0.26890724299846624,sqs-worker-5986dcd897-x8rdl,ip-192-168-20-201.ec2.internal,3cd71dfdbf7d8c73b0b7d02368d167616cd110e08fba73ffef66fcb19751ca9a,1,1006.9999999999999,1276.0
1,hpa-poisson-606-e03cba25,000003,2.226627,2026-08-31T20:32:21.163+00:00,2026-08-31T20:32:17.319+00:00,2026-08-31T20:32:18.705+00:00,2026-08-31T20:32:18.706+00:00,2026-08-31T20:32:19.492+00:00,2026-08-31T20:32:19.492+00:00,0.32351,0.7864410160000261,sqs-worker-5986dcd897-x8rdl,ip-192-168-20-201.ec2.internal,386334e916e57c265b23e7a8bcdac8c929392d8916e0919a682cb7953377a831,1,1386.0,2173.0
1,hpa-poisson-606-e03cba25,000007,4.238218,2026-08-31T20:32:23.175+00:00,2026-08-31T20:32:19.326+00:00,2026-08-31T20:32:19.518+00:00,2026-08-31T20:32:19.518+00:00,2026-08-31T20:32:19.885+00:00,2026-08-31T20:32:19.885+00:00,0.106829,0.3672913840000547,sqs-worker-5986dcd897-x8rdl,ip-192-168-20-201.ec2.internal,aacee0685d98ea20567ad763bbf0b183ff5fe5e27367176c979824ad9b158a2c,1,192.0,559.0
1,hpa-poisson-606-e03cba25,000006,2.830074,2026-08-31T20:32:21.766+00:00,2026-08-31T20:32:17.919+00:00,2026-08-31T20:32:19.922+00:00,2026-08-31T20:32:19.922+00:00,2026-08-31T20:32:21.695+00:00,2026-08-31T20:32:21.695+00:00,0.349081,1.7730597969984956,sqs-worker-5986dcd897-x8rdl,ip-192-168-20-201.ec2.internal,982420f77c7e71d1466a00e964333744924d7f29b8f6632201f62d7504721b9c,1,2003.0,3776.0
1,hpa-poisson-606-e03cba25,000005,2.718426,2026-08-31T20:32:21.655+00:00,2026-08-31T20:32:17.809+00:00,2026-08-31T20:32:21.794+00:00,2026-08-31T20:32:21.794+00:00,2026-08-31T20:32:23.476+00:00,2026-08-31T20:32:23.476+00:00,0.498993,1.6815543249995244,sqs-worker-5986dcd897-x8rdl,ip-192-168-20-201.ec2.internal,a274f343946e41f6806e6514bd5de0ffbca69a9d0be342d6d331e22e34640fff,1,3985.0,5667.0
1,hpa-poisson-606-e03cba25,000009,4.914623,2026-08-31T20:32:23.850+00:00,2026-08-31T20:32:20.005+00:00,2026-08-31T20:32:23.612+00:00,2026-08-31T20:32:23.612+00:00,2026-08-31T20:32:23.617+00:00,2026-08-31T20:32:23.617+00:00,0.005,0.005031299999245675,sqs-worker-5986dcd897-x8rdl,ip-192-168-20-201.ec2.internal,eb21fae387a35b812faf4bcafe8ba3d19502eb3f521fb9412bbef96da0c89634,1,3607.0,3612.0
1,hpa-poisson-606-e03cba25,000013,6.489478,2026-08-31T20:32:25.424+00:00,2026-08-31T20:32:21.580+00:00,2026-08-31T20:32:23.500+00:00,2026-08-31T20:32:23.500+00:00,2026-08-31T20:32:23.587+00:00,2026-08-31T20:32:23.588+00:00,0.047313,0.0871450079994247,sqs-worker-5986dcd897-x8rdl,ip-192-168-20-201.ec2.internal,548a75aa3b802567ded056ffe734de0a8161d8d47e4abb09378d13e1512d2365,1,1920.0,2007.0000000000002
1,hpa-poisson-606-e03cba25,000008,4.902707,2026-08-31T20:32:23.839+00:00,2026-08-31T20:32:19.993+00:00,2026-08-31T20:32:23.677+00:00,2026-08-31T20:32:23.677+00:00,2026-08-31T20:32:24.616+00:00,2026-08-31T20:32:24.616+00:00,0.393768,0.9396988240005157,sqs-worker-5986dcd897-x8rdl,ip-192-168-20-201.ec2.internal,99abdd761de324901e32da780b2e33799b95f2685e54cdac1d3ea0e118370fe1,1,3684.0,4623.0
1,hpa-poisson-606-e03cba25,000016,8.780386,2026-08-31T20:32:27.715+00:00,2026-08-31T20:32:23.871+00:00,2026-08-31T20:32:24.634+00:00,2026-08-31T20:32:24.635+00:00,2026-08-31T20:32:25.001+00:00,2026-08-31T20:32:25.001+00:00,0.140792,0.3666425219998928,sqs-worker-5986dcd897-x8rdl,ip-192-168-20-201.ec2.internal,6f4a7a3856353963d8c164798e99383ece5d5f7fa24e64dd3d0ea7a94ea86078,1,763.0,1130.0
1,hpa-poisson-606-e03cba25,000012,6.180905,2026-08-31T20:32:25.115+00:00,2026-08-31T20:32:21.274+00:00,2026-08-31T20:32:25.017+00:00,2026-08-31T20:32:25.017+00:00,2026-08-31T20:32:25.685+00:00,2026-08-31T20:32:25.685+00:00,0.259957,0.6680515770003694,sqs-worker-5986dcd897-x8rdl,ip-192-168-20-201.ec2.internal,87843c952d160aca5663d1e13bec1bec0fe97ad4809707fc2f7b795d4b2ac586,1,3743.0,4411.0
1,hpa-poisson-606-e03cba25,000010,5.783976,2026-08-31T20:32:24.721+00:00,2026-08-31T20:32:20.881+00:00,2026-08-31T20:32:25.713+00:00,2026-08-31T20:32:25.713+00:00,2026-08-31T20:32:25.919+00:00,2026-08-31T20:32:25.919+00:00,0.109147,0.20609308200073428,sqs-worker-5986dcd897-x8rdl,ip-192-168-20-201.ec2.internal,f638f079eaba52ce63e74a89ae76da7560eeb1e725621fb7e142115b6d4dc42a,1,4832.0,5038.0
1,hpa-poisson-606-e03cba25,000021,10.824971,2026-08-31T20:32:29.760+00:00,2026-08-31T20:32:25.913+00:00,2026-08-31T20:32:25.937+00:00,2026-08-31T20:32:25.938+00:00,2026-08-31T20:32:26.520+00:00,2026-08-31T20:32:26.520+00:00,0.237036,0.5824609760002204,sqs-worker-5986dcd897-x8rdl,ip-192-168-20-201.ec2.internal,d72749894f83731509938b2f9b2d23df96ae9a0dd2f4fa849bec788a3d760196,1,24.0,607.0
1,hpa-poisson-606-e03cba25,000017,8.931174,2026-08-31T20:32:27.866+00:00,2026-08-31T20:32:24.026+00:00,2026-08-31T20:32:26.584+00:00,2026-08-31T20:32:26.584+00:00,2026-08-31T20:32:26.822+00:00,2026-08-31T20:32:26.822+00:00,0.117382,0.23801046700100414,sqs-worker-5986dcd897-x8rdl,ip-192-168-20-201.ec2.internal,d9419c76b24f35ad0ab1d60961161c31d0e02f69dd5a14e7d908fc01dbc497c4,1,2558.0,2796.0
1,hpa-poisson-606-e03cba25,000020,10.473996,2026-08-31T20:32:29.409+00:00,2026-08-31T20:32:25.560+00:00,2026-08-31T20:32:26.889+00:00,2026-08-31T20:32:26.889+00:00,2026-08-31T20:32:27.313+00:00,2026-08-31T20:32:27.313+00:00,0.186992,0.4238189709994913,sqs-worker-5986dcd897-x8rdl,ip-192-168-20-201.ec2.internal,ace2f36fc8499f4e3b2006f203c371e537f126a42270eb1c7c449b8d2c2a0c99,1,1329.0,1753.0
1,hpa-poisson-606-e03cba25,000011,6.117012,2026-08-31T20:32:25.052+00:00,2026-08-31T20:32:21.207+00:00,2026-08-31T20:32:27.335+00:00,2026-08-31T20:32:27.335+00:00,2026-08-31T20:32:27.422+00:00,2026-08-31T20:32:27.422+00:00,0.044046,0.08663254999919445,sqs-worker-5986dcd897-x8rdl,ip-192-168-20-201.ec2.internal,c617bbc4e7b9c27345e873f4ec0eeeba352e3c102b33c1ba606a4fc42c3840d3,1,6128.0,6215.0
1,hpa-poisson-606-e03cba25,000019,10.377003,2026-08-31T20:32:29.312+00:00,2026-08-31T20:32:25.467+00:00,2026-08-31T20:32:27.489+00:00,2026-08-31T20:32:27.489+00:00,2026-08-31T20:32:28.288+00:00,2026-08-31T20:32:28.288+00:00,0.321714,0.7990403410003637,sqs-worker-5986dcd897-x8rdl,ip-192-168-20-201.ec2.internal,1d10d7c85fa9dfa3ad4726dc671704865f95e059f2e91c6b0a08add9a2ebedee,1,2021.9999999999998,2821.0
1,hpa-poisson-606-e03cba25,000015,8.735468,2026-08-31T20:32:27.670+00:00,2026-08-31T20:32:23.823+00:00,2026-08-31T20:32:28.311+00:00,2026-08-31T20:32:28.311+00:00,2026-08-31T20:32:28.392+00:00,2026-08-31T20:32:28.392+00:00,0.040493,0.0810233940010221,sqs-worker-5986dcd897-x8rdl,ip-192-168-20-201.ec2.internal,23443d30e318712be60b0ceb70bfa0f8391d03bf0d3db807195396ceda9bfdf4,1,4488.0,4569.0
1,hpa-poisson-606-e03cba25,000024,12.532488,2026-08-31T20:32:31.468+00:00,2026-08-31T20:32:27.623+00:00,2026-08-31T20:32:28.410+00:00,2026-08-31T20:32:28.410+00:00,2026-08-31T20:32:29.093+00:00,2026-08-31T20:32:29.093+00:00,0.277018,0.683508479000011,sqs-worker-5986dcd897-x8rdl,ip-192-168-20-201.ec2.internal,928ee1f97d1ae5cb26b08b33b6f12e5c142097e6da1e290f2cef60276f8d7738,1,787.0,1470.0
1,hpa-poisson-606-e03cba25,000022,11.417101,2026-08-31T20:32:30.352+00:00,2026-08-31T20:32:26.506+00:00,2026-08-31T20:32:29.145+00:00,2026-08-31T20:32:29.145+00:00,2026-08-31T20:32:29.505+00:00,2026-08-31T20:32:29.505+00:00,0.167803,0.3604870210001536,sqs-worker-5986dcd897-x8rdl,ip-192-168-20-201.ec2.internal,f23167a64ae62e97e11429ad84b986d1d29dc7ac9f2bc47a50ae02c00bf17047,1,2639.0,2999.0
1,hpa-poisson-606-e03cba25,000014,6.8247,2026-08-31T20:32:25.759+00:00,2026-08-31T20:32:21.912+00:00,2026-08-31T20:32:29.528+00:00,2026-08-31T20:32:29.528+00:00,2026-08-31T20:32:29.601+00:00,2026-08-31T20:32:29.601+00:00,0.032098,0.07311784499870555,sqs-worker-5986dcd897-x8rdl,ip-192-168-20-201.ec2.internal,8c275c90fde4a7f1560562ff9e751975a4eb4e2f13ca58f4104f22b92e77db8d,1,7616.0,7689.0
1,hpa-poisson-606-e03cba25,000023,11.661683,2026-08-31T20:32:30.596+00:00,2026-08-31T20:32:26.748+00:00,2026-08-31T20:32:29.619+00:00,2026-08-31T20:32:29.619+00:00,2026-08-31T20:32:30.991+00:00,2026-08-31T20:32:30.991+00:00,0.269713,1.372368575001019,sqs-worker-5986dcd897-x8rdl,ip-192-168-20-201.ec2.internal,2c7adc8ec5e9cfb4a99e03a574763534f1f17787fcb3fe9fd574a0a5345e5073,1,2871.0,4243.0
1,hpa-poisson-606-e03cba25,000018,9.861736,2026-08-31T20:32:28.797+00:00,2026-08-31T20:32:24.985+00:00,2026-08-31T20:32:31.015+00:00,2026-08-31T20:32:31.015+00:00,2026-08-31T20:32:31.400+00:00,2026-08-31T20:32:31.400+00:00,0.06621,0.38488038899959065,sqs-worker-5986dcd897-x8rdl,ip-192-168-20-201.ec2.internal,8fd7ae86450868eaedcfcbcc324b696c0f0beaadc69f57f17cb9c28833d8438b,1,6030.0,6415.0
1,hpa-poisson-606-e03cba25,000029,15.049118,2026-08-31T20:32:33.984+00:00,2026-08-31T20:32:30.141+00:00,2026-08-31T20:32:31.505+00:00,2026-08-31T20:32:31.505+00:00,2026-08-31T20:32:31.598+00:00,2026-08-31T20:32:31.598+00:00,0.022005,0.09312599399891042,sqs-worker-5986dcd897-x8rdl,ip-192-168-20-201.ec2.internal,089abb905c4fc561494168ea19874ff674adc6c60bc17740f4044c0ea4bccf30,1,1364.0,1457.0
1,hpa-poisson-606-e03cba25,000028,14.571751,2026-08-31T20:32:33.506+00:00,2026-08-31T20:32:29.690+00:00,2026-08-31T20:32:31.716+00:00,2026-08-31T20:32:31.716+00:00,2026-08-31T20:32:32.285+00:00,2026-08-31T20:32:32.285+00:00,0.105402,0.5685611240005528,sqs-worker-5986dcd897-x8rdl,ip-192-168-20-201.ec2.internal,741438dd60754cb45e082ca3caf01cfc39ca42974abe69301533825a068a7e58,1,2025.9999999999998,2595.0
1,hpa-poisson-606-e03cba25,000025,12.618906,2026-08-31T20:32:31.553+00:00,2026-08-31T20:32:27.713+00:00,2026-08-31T20:32:32.327+00:00,2026-08-31T20:32:32.327+00:00,2026-08-31T20:32:33.397+00:00,2026-08-31T20:32:33.397+00:00,0.409415,1.0697920099992189,sqs-worker-5986dcd897-x8rdl,ip-192-168-20-201.ec2.internal,e6985376a6a88d7c3d4e6014bed300dbc58e98d105556f05fff8183cb5d7b16c,1,4614.0,5684.0
1,hpa-poisson-606-e03cba25,000032,18.097758,2026-08-31T20:32:37.032+00:00,2026-08-31T20:32:33.189+00:00,2026-08-31T20:32:33.420+00:00,2026-08-31T20:32:33.420+00:00,2026-08-31T20:32:33.610+00:00,2026-08-31T20:32:33.610+00:00,0.089444,0.19042202399941743,sqs-worker-5986dcd897-x8rdl,ip-192-168-20-201.ec2.internal,4a5105538f0fecfac9281edae5d212ff1f64715c8de1ef11e4352c5391e0d5b0,1,231.0,421.0
1,hpa-poisson-606-e03cba25,000031,18.046565,2026-08-31T20:32:36.981+00:00,2026-08-31T20:32:33.134+00:00,2026-08-31T20:32:33.702+00:00,2026-08-31T20:32:33.702+00:00,2026-08-31T20:32:34.492+00:00,2026-08-31T20:32:34.493+00:00,0.328807,0.7902607469986833,sqs-worker-5986dcd897-x8rdl,ip-192-168-20-201.ec2.internal,15dcda88494a92b6d571798b4db94b3ab118f9c7c923aa37b32cae88ad81dcec,1,568.0,1358.0
1,hpa-poisson-606-e03cba25,000026,13.987524,2026-08-31T20:32:32.923+00:00,2026-08-31T20:32:29.083+00:00,2026-08-31T20:32:34.521+00:00,2026-08-31T20:32:34.521+00:00,2026-08-31T20:32:34.794+00:00,2026-08-31T20:32:34.794+00:00,0.117583,0.2731697280014487,sqs-worker-5986dcd897-x8rdl,ip-192-168-20-201.ec2.internal,cd8763fece4916278b73c3b2a493696ac93b399226afcb3f69be30ca8dfa8f6d,1,5438.0,5711.0
1,hpa-poisson-606-e03cba25,000036,19.390445,2026-08-31T20:32:38.326+00:00,2026-08-31T20:32:34.492+00:00,2026-08-31T20:32:34.832+00:00,2026-08-31T20:32:34.832+00:00,2026-08-31T20:32:34.837+00:00,2026-08-31T20:32:34.837+00:00,0.005,0.005033481000282336,sqs-worker-5986dcd897-x8rdl,ip-192-168-20-201.ec2.internal,ca4d2b1be521b100c5de1490326400e5037671433ff4987f88357190b26bfada,1,340.0,345.0
1,hpa-poisson-606-e03cba25,000033,18.375973,2026-08-31T20:32:37.311+00:00,2026-08-31T20:32:33.465+00:00,2026-08-31T20:32:34.859+00:00,2026-08-31T20:32:34.859+00:00,2026-08-31T20:32:35.386+00:00,2026-08-31T20:32:35.387+00:00,0.219437,0.5278336480005237,sqs-worker-5986dcd897-x8rdl,ip-192-168-20-201.ec2.internal,971aaadd6744f2651de14487283a72c974f347aa9abe082c7afe7f0a0849599e,1,1394.0,1921.0
1,hpa-poisson-606-e03cba25,000034,18.423974,2026-08-31T20:32:37.358+00:00,2026-08-31T20:32:33.512+00:00,2026-08-31T20:32:35.416+00:00,2026-08-31T20:32:35.416+00:00,2026-08-31T20:32:35.908+00:00,2026-08-31T20:32:35.908+00:00,0.217801,0.49256607399911445,sqs-worker-5986dcd897-x8rdl,ip-192-168-20-201.ec2.internal,6d23ca1e06813bc173cca68c71f30c0be469f55aba3d0d8e8a58d4f9cc50d40d,1,1904.0,2396.0
1,hpa-poisson-606-e03cba25,000030,17.764086,2026-08-31T20:32:36.701+00:00,2026-08-31T20:32:32.853+00:00,2026-08-31T20:32:36.001+00:00,2026-08-31T20:32:36.001+00:00,2026-08-31T20:32:36.105+00:00,2026-08-31T20:32:36.105+00:00,0.059801,0.10373100899960264,sqs-worker-5986dcd897-x8rdl,ip-192-168-20-201.ec2.internal,adbc085ce1f4006277d1f44de4d250db1ec2871e349f41f133ce039bb4872e26,1,3148.0,3252.0
1,hpa-poisson-606-e03cba25,000027,14.52355,2026-08-31T20:32:33.458+00:00,2026-08-31T20:32:29.616+00:00,2026-08-31T20:32:35.948+00:00,2026-08-31T20:32:35.948+00:00,2026-08-31T20:32:35.957+00:00,2026-08-31T20:32:35.957+00:00,0.008763,0.00879753899971547,sqs-worker-5986dcd897-x8rdl,ip-192-168-20-201.ec2.internal,06512c28ea58e45d4e4e9fc4d141f7c13d5223bca666d7e6aeb6f454205200bc,1,6332.0,6341.0
1,hpa-poisson-606-e03cba25,000037,21.088737,2026-08-31T20:32:40.025+00:00,2026-08-31T20:32:36.179+00:00,2026-08-31T20:32:36.208+00:00,2026-08-31T20:32:36.208+00:00,2026-08-31T20:32:36.292+00:00,2026-08-31T20:32:36.292+00:00,0.046695,0.08437192900055379,sqs-worker-5986dcd897-x8rdl,ip-192-168-20-201.ec2.internal,04ca29888acd48e326cef50378c6c989205bd3e6a172150f31ae74bb38424113,1,29.0,113.0
1,hpa-poisson-606-e03cba25,000035,18.455642,2026-08-31T20:32:37.390+00:00,2026-08-31T20:32:34.060+00:00,2026-08-31T20:32:36.140+00:00,2026-08-31T20:32:36.140+00:00,2026-08-31T20:32:36.152+00:00,2026-08-31T20:32:36.152+00:00,0.012056,0.012092164000932826,sqs-worker-5986dcd897-x8rdl,ip-192-168-20-201.ec2.internal,d7001922f1caa0a4b4813a47a9184738754247c32875708a1c0112eb48507197,1,2080.0,2092.0
1,hpa-poisson-606-e03cba25,000038,21.334212,2026-08-31T20:32:40.269+00:00,2026-08-31T20:32:36.421+00:00,2026-08-31T20:32:36.426+00:00,2026-08-31T20:32:36.426+00:00,2026-08-31T20:32:36.690+00:00,2026-08-31T20:32:36.690+00:00,0.126886,0.2633458239997708,sqs-worker-5986dcd897-x8rdl,ip-192-168-20-201.ec2.internal,e788f5b563ea5c3c84d3da77680396cf2c8b74b57ffaf6edc70cc8417bdc8594,1,5.0,269.0
1,hpa-poisson-606-e03cba25,000039,23.362966,2026-08-31T20:32:42.299+00:00,2026-08-31T20:32:38.453+00:00,2026-08-31T20:32:38.458+00:00,2026-08-31T20:32:38.458+00:00,2026-08-31T20:32:38.978+00:00,2026-08-31T20:32:38.978+00:00,0.223917,0.5197072099999787,sqs-worker-5986dcd897-x8rdl,ip-192-168-20-201.ec2.internal,db18dcb6e10ddeb48384b1348c8dc07471ccc0c5880df5c0d1084605ba75f24f,1,5.0,525.0
1,hpa-poisson-606-e03cba25,000040,23.794074,2026-08-31T20:32:42.729+00:00,2026-08-31T20:32:38.886+00:00,2026-08-31T20:32:39.001+00:00,2026-08-31T20:32:39.001+00:00,2026-08-31T20:32:39.308+00:00,2026-08-31T20:32:39.308+00:00,0.145259,0.3066781500001525,sqs-worker-5986dcd897-x8rdl,ip-192-168-20-201.ec2.internal,a570e384eb39069a80fed730921b17baa2267ba9063fb599f11e5d4f65d19207,1,115.0,422.0
1,hpa-poisson-606-e03cba25,000041,24.032424,2026-08-31T20:32:42.967+00:00,2026-08-31T20:32:39.127+00:00,2026-08-31T20:32:39.338+00:00,2026-08-31T20:32:39.338+00:00,2026-08-31T20:32:39.411+00:00,2026-08-31T20:32:39.411+00:00,0.039983,0.07353823999983433,sqs-worker-5986dcd897-x8rdl,ip-192-168-20-201.ec2.internal,9d27c0f92b87b830c425fff8d7c0c850083643f17c80b24c1c63488f21e21bcb,1,211.0,284.0
1,hpa-poisson-606-e03cba25,000042,24.68872,2026-08-31T20:32:43.624+00:00,2026-08-31T20:32:39.784+00:00,2026-08-31T20:32:39.788+00:00,2026-08-31T20:32:39.788+00:00,2026-08-31T20:32:43.112+00:00,2026-08-31T20:32:43.112+00:00,0.808371,3.324140337999779,sqs-worker-5986dcd897-x8rdl,ip-192-168-20-201.ec2.internal,c6347c02aaaef82afba398af03e525543a6217224bc35ddecbf2d9f32d9b699b,1,4.0,3328.0
1,hpa-poisson-606-e03cba25,000043,26.769943,2026-08-31T20:32:45.706+00:00,2026-08-31T20:32:41.868+00:00,2026-08-31T20:32:43.189+00:00,2026-08-31T20:32:43.189+00:00,2026-08-31T20:32:45.088+00:00,2026-08-31T20:32:45.088+00:00,0.770568,1.8990585949995875,sqs-worker-5986dcd897-x8rdl,ip-192-168-20-201.ec2.internal,a4dbc1666f150645680f7cc6671d9a7057d41c1316e40e0eade709d83c1f5c69,1,1321.0,3220.0
1,hpa-poisson-606-e03cba25,000047,28.415113,2026-08-31T20:32:47.350+00:00,2026-08-31T20:32:43.502+00:00,2026-08-31T20:32:45.103+00:00,2026-08-31T20:32:45.103+00:00,2026-08-31T20:32:45.405+00:00,2026-08-31T20:32:45.405+00:00,0.13312,0.30184546999953454,sqs-worker-5986dcd897-x8rdl,ip-192-168-20-201.ec2.internal,d2752ad0c70e7ef4d08db167b577680aefa5daae5074d51577c0d8b656850b1c,1,1601.0,1903.0
1,hpa-poisson-606-e03cba25,000048,29.631,2026-08-31T20:32:48.566+00:00,2026-08-31T20:32:44.718+00:00,2026-08-31T20:32:45.435+00:00,2026-08-31T20:32:45.435+00:00,2026-08-31T20:32:45.498+00:00,2026-08-31T20:32:45.498+00:00,0.028331,0.06226212300134648,sqs-worker-5986dcd897-x8rdl,ip-192-168-20-201.ec2.internal,a3c61850594ecfdaa20979056ce24f960f29b0c6b0a6ae8baf240fe09a81fe41,1,717.0,780.0
1,hpa-poisson-606-e03cba25,000046,28.401846,2026-08-31T20:32:47.337+00:00,2026-08-31T20:32:43.491+00:00,2026-08-31T20:32:45.515+00:00,2026-08-31T20:32:45.515+00:00,2026-08-31T20:32:46.095+00:00,2026-08-31T20:32:46.095+00:00,0.233038,0.5799939330008783,sqs-worker-5986dcd897-x8rdl,ip-192-168-20-201.ec2.internal,5fa6b391ef6eb83a92015dbb00d9cef63bcefcb7b4893cba7a2b7a7b046e5448,1,2024.0,2604.0
1,hpa-poisson-606-e03cba25,000049,30.010473,2026-08-31T20:32:48.945+00:00,2026-08-31T20:32:45.098+00:00,2026-08-31T20:32:46.109+00:00,2026-08-31T20:32:46.109+00:00,2026-08-31T20:32:47.996+00:00,2026-08-31T20:32:47.996+00:00,0.756888,1.8863770230000227,sqs-worker-5986dcd897-x8rdl,ip-192-168-20-201.ec2.internal,7fecd3671d48ab51c029407e5623bcf648ce416ba695ebe18c633cf70d4ed3d6,1,1010.9999999999999,2898.0
1,hpa-poisson-606-e03cba25,000052,31.852624,2026-08-31T20:32:50.788+00:00,2026-08-31T20:32:46.939+00:00,2026-08-31T20:32:48.010+00:00,2026-08-31T20:32:48.010+00:00,2026-08-31T20:32:48.774+00:00,2026-08-31T20:32:48.774+00:00,0.294286,0.7637539480001578,sqs-worker-5986dcd897-x8rdl,ip-192-168-20-201.ec2.internal,6eb0d9440cc44480f8216823874e198770af1ec840d133a674b5884d4b3e15b0,1,1071.0,1835.0
1,hpa-poisson-606-e03cba25,000054,32.152811,2026-08-31T20:32:51.087+00:00,2026-08-31T20:32:47.242+00:00,2026-08-31T20:32:48.789+00:00,2026-08-31T20:32:48.789+00:00,2026-08-31T20:32:48.876+00:00,2026-08-31T20:32:48.876+00:00,0.037578,0.08690462300000945,sqs-worker-5986dcd897-x8rdl,ip-192-168-20-201.ec2.internal,ea6dc83a63e1d808d3c9891d586bcee5411dd7ea62985ac7511594f53868c6ac,1,1547.0,1634.0
1,hpa-poisson-606-e03cba25,000055,32.499785,2026-08-31T20:32:51.435+00:00,2026-08-31T20:32:47.589+00:00,2026-08-31T20:32:48.893+00:00,2026-08-31T20:32:48.893+00:00,2026-08-31T20:32:49.506+00:00,2026-08-31T20:32:49.506+00:00,0.266573,0.613506060999498,sqs-worker-5986dcd897-x8rdl,ip-192-168-20-201.ec2.internal,857c463db4f996f9e3cf8e84c5b29817b27512d1179a4e141291c5c1ab0b7d0b,1,1304.0,1917.0
1,hpa-poisson-606-e03cba25,000057,34.208826,2026-08-31T20:32:53.145+00:00,2026-08-31T20:32:49.296+00:00,2026-08-31T20:32:49.535+00:00,2026-08-31T20:32:49.535+00:00,2026-08-31T20:32:49.874+00:00,2026-08-31T20:32:49.874+00:00,0.091757,0.3392639240009885,sqs-worker-5986dcd897-x8rdl,ip-192-168-20-201.ec2.internal,f99e0d81f64f9dbbcfee9d7ddb235274f872e7a90f7b2eeeb30a03af887f0d68,1,239.0,578.0
1,hpa-poisson-606-e03cba25,000044,27.385728,2026-08-31T20:32:46.321+00:00,2026-08-31T20:32:42.481+00:00,2026-08-31T20:32:49.903+00:00,2026-08-31T20:32:49.903+00:00,2026-08-31T20:32:49.908+00:00,2026-08-31T20:32:49.908+00:00,0.005,0.0050714209992293036,sqs-worker-5986dcd897-x8rdl,ip-192-168-20-201.ec2.internal,ebc8a3726309910928b049e67ea525ccedeff13bcb430f19217acc47d95a3f8f,1,7422.0,7427.0
1,hpa-poisson-606-e03cba25,000058,34.302314,2026-08-31T20:32:53.237+00:00,2026-08-31T20:32:49.393+00:00,2026-08-31T20:32:49.992+00:00,2026-08-31T20:32:49.992+00:00,2026-08-31T20:32:52.695+00:00,2026-08-31T20:32:52.695+00:00,0.522084,2.7028034899994964,sqs-worker-5986dcd897-x8rdl,ip-192-168-20-201.ec2.internal,08257cd10b4bf1a74da84ae2464244e5a1162b4336d3f178fe3c1c165f847881,1,599.0,3302.0
1,hpa-poisson-606-e03cba25,000045,27.966083,2026-08-31T20:32:46.901+00:00,2026-08-31T20:32:43.056+00:00,2026-08-31T20:32:52.708+00:00,2026-08-31T20:32:52.708+00:00,2026-08-31T20:32:52.713+00:00,2026-08-31T20:32:52.713+00:00,0.005,0.005029109999668435,sqs-worker-5986dcd897-x8rdl,ip-192-168-20-201.ec2.internal,49f82e350d0c388f7213e32d40ba94f61126eaa162bdebf22f36834657e98177,1,9652.0,9657.0
1,hpa-poisson-606-e03cba25,000060,35.374815,2026-08-31T20:32:54.309+00:00,2026-08-31T20:32:50.463+00:00,2026-08-31T20:32:52.731+00:00,2026-08-31T20:32:52.731+00:00,2026-08-31T20:32:53.587+00:00,2026-08-31T20:32:53.587+00:00,0.335356,0.8561955910008692,sqs-worker-5986dcd897-x8rdl,ip-192-168-20-201.ec2.internal,8c5190c5cc9ef9290b259413121368bcb48ea4be702bd1bd81cb7495a57f636a,1,2268.0,3124.0
1,hpa-poisson-606-e03cba25,000050,30.828429,2026-08-31T20:32:49.764+00:00,2026-08-31T20:32:45.916+00:00,2026-08-31T20:32:53.636+00:00,2026-08-31T20:32:53.636+00:00,2026-08-31T20:32:54.486+00:00,2026-08-31T20:32:54.486+00:00,0.348075,0.8499664650007617,sqs-worker-5986dcd897-x8rdl,ip-192-168-20-201.ec2.internal,7934e8551910368259bcc9b875f785ad8354396abc98b3d537deb35c0337d243,1,7720.0,8570.0
1,hpa-poisson-606-e03cba25,000051,31.392946,2026-08-31T20:32:50.328+00:00,2026-08-31T20:32:46.479+00:00,2026-08-31T20:32:54.506+00:00,2026-08-31T20:32:54.506+00:00,2026-08-31T20:32:54.595+00:00,2026-08-31T20:32:54.595+00:00,0.04526,0.08971137400112639,sqs-worker-5986dcd897-x8rdl,ip-192-168-20-201.ec2.internal,ae5087b60faaf84488a0ba04fb658b4ce0dd85a5fc5667eab39af80775d4aeb6,1,8026.999999999999,8116.0
1,hpa-poisson-606-e03cba25,000059,35.209322,2026-08-31T20:32:54.145+00:00,2026-08-31T20:32:50.303+00:00,2026-08-31T20:32:54.613+00:00,2026-08-31T20:32:54.613+00:00,2026-08-31T20:32:55.181+00:00,2026-08-31T20:32:55.181+00:00,0.221873,0.5682617540005594,sqs-worker-5986dcd897-x8rdl,ip-192-168-20-201.ec2.internal,2c7795c850439fcc4ff892347ac191f12ee1b30e1704520e1b796d14cfc4fe1b,1,4310.0,4878.0
1,hpa-poisson-606-e03cba25,000063,37.318769,2026-08-31T20:32:56.252+00:00,2026-08-31T20:32:52.410+00:00,2026-08-31T20:32:55.206+00:00,2026-08-31T20:32:55.206+00:00,2026-08-31T20:32:56.000+00:00,2026-08-31T20:32:56.000+00:00,0.334749,0.7946347819997754,sqs-worker-5986dcd897-x8rdl,ip-192-168-20-201.ec2.internal,77113deb91ec763163300c199a93d39b68edeaf307f285a133762d068d647a62,1,2796.0,3590.0
1,hpa-poisson-606-e03cba25,000061,36.306305,2026-08-31T20:32:55.240+00:00,2026-08-31T20:32:51.395+00:00,2026-08-31T20:32:56.029+00:00,2026-08-31T20:32:56.029+00:00,2026-08-31T20:32:56.608+00:00,2026-08-31T20:32:56.608+00:00,0.243919,0.5793874459996005,sqs-worker-5986dcd897-x8rdl,ip-192-168-20-201.ec2.internal,4cee3b4f127ca796a965d915f876806ed6afa285fc2a00afac154c2176e54112,1,4634.0,5213.0
1,hpa-poisson-606-e03cba25,000064,41.19935,2026-08-31T20:33:00.136+00:00,2026-08-31T20:32:56.293+00:00,2026-08-31T20:32:56.626+00:00,2026-08-31T20:32:56.626+00:00,2026-08-31T20:32:56.892+00:00,2026-08-31T20:32:56.892+00:00,0.099195,0.2657962699995551,sqs-worker-5986dcd897-x8rdl,ip-192-168-20-201.ec2.internal,27729afadeb5c4cc75a217437231ed9124d1a9058e05d5a31758c682ec51de30,1,333.0,599.0
1,hpa-poisson-606-e03cba25,000053,32.108678,2026-08-31T20:32:51.043+00:00,2026-08-31T20:32:47.194+00:00,2026-08-31T20:32:56.929+00:00,2026-08-31T20:32:56.929+00:00,2026-08-31T20:32:57.415+00:00,2026-08-31T20:32:57.415+00:00,0.219174,0.4861086749988317,sqs-worker-5986dcd897-x8rdl,ip-192-168-20-201.ec2.internal,cc8cba622e2f6ff0edd47c2e6c901ca86d6dd50599c8f216c674d167e5256db1,1,9735.0,10221.0
1,hpa-poisson-606-e03cba25,000056,32.987812,2026-08-31T20:32:51.922+00:00,2026-08-31T20:32:48.076+00:00,2026-08-31T20:32:57.610+00:00,2026-08-31T20:32:57.610+00:00,2026-08-31T20:32:57.690+00:00,2026-08-31T20:32:57.690+00:00,0.041829,0.07922891199996229,sqs-worker-5986dcd897-x8rdl,ip-192-168-20-201.ec2.internal,7121c90d0a58f2323ea20850d9b8e129e61113abb42072a77e9c60e7ced1ff7f,1,9534.0,9614.0
1,hpa-poisson-606-e03cba25,000066,42.356851,2026-08-31T20:33:01.290+00:00,2026-08-31T20:32:57.450+00:00,2026-08-31T20:32:57.923+00:00,2026-08-31T20:32:57.923+00:00,2026-08-31T20:32:58.105+00:00,2026-08-31T20:32:58.105+00:00,0.095551,0.18154446199878294,sqs-worker-5986dcd897-x8rdl,ip-192-168-20-201.ec2.internal,bf8288e36998df7c8bff40e28edd4947e13acfc97d65601a54e3959ef7530d77,1,473.0,655.0
1,hpa-poisson-606-e03cba25,000062,37.31623,2026-08-31T20:32:56.250+00:00,2026-08-31T20:32:52.413+00:00,2026-08-31T20:32:57.505+00:00,2026-08-31T20:32:57.505+00:00,2026-08-31T20:32:57.574+00:00,2026-08-31T20:32:57.575+00:00,0.035894,0.06974312599959376,sqs-worker-5986dcd897-x8rdl,ip-192-168-20-201.ec2.internal,9fda428b9b464618645c26ea792cf3f2735ff958050491577e99cd1073b05892,1,5092.0,5161.0
1,hpa-poisson-606-e03cba25,000065,41.962146,2026-08-31T20:33:00.896+00:00,2026-08-31T20:32:57.059+00:00,2026-08-31T20:32:57.728+00:00,2026-08-31T20:32:57.728+00:00,2026-08-31T20:32:57.880+00:00,2026-08-31T20:32:57.880+00:00,0.071115,0.15154542000163929,sqs-worker-5986dcd897-x8rdl,ip-192-168-20-201.ec2.internal,f75acb3f38e29c592d943aca7831c27d9c7354165b48c4e26d168c4ecc09e05c,1,669.0,821.0
1,hpa-poisson-606-e03cba25,000067,42.870207,2026-08-31T20:33:01.804+00:00,2026-08-31T20:32:57.959+00:00,2026-08-31T20:32:58.122+00:00,2026-08-31T20:32:58.123+00:00,2026-08-31T20:32:58.790+00:00,2026-08-31T20:32:58.790+00:00,0.261433,0.6678324660006183,sqs-worker-5986dcd897-x8rdl,ip-192-168-20-201.ec2.internal,3c68eff817f811ff87d3392de9515decb9c92960df7114a2f949aebc4d584709,1,163.0,831.0
1,hpa-poisson-606-e03cba25,000070,43.559354,2026-08-31T20:33:02.493+00:00,2026-08-31T20:32:58.644+00:00,2026-08-31T20:32:58.809+00:00,2026-08-31T20:32:58.809+00:00,2026-08-31T20:32:59.003+00:00,2026-08-31T20:32:59.003+00:00,0.088245,0.19421063899972069,sqs-worker-5986dcd897-x8rdl,ip-192-168-20-201.ec2.internal,f9364186e685071b40b2b1510772fec5b8dfc340e63fd8d9eecdd9e7792c667e,1,165.0,359.0
1,hpa-poisson-606-e03cba25,000069,43.502425,2026-08-31T20:33:02.436+00:00,2026-08-31T20:32:58.596+00:00,2026-08-31T20:32:59.046+00:00,2026-08-31T20:32:59.046+00:00,2026-08-31T20:32:59.310+00:00,2026-08-31T20:32:59.310+00:00,0.122875,0.2640229000007821,sqs-worker-5986dcd897-x8rdl,ip-192-168-20-201.ec2.internal,724d1801f9354bd99bbabd0623068fd7ca3520e207dbd2e51900f49de9bee1db,1,450.0,714.0
1,hpa-poisson-606-e03cba25,000071,44.137677,2026-08-31T20:33:03.071+00:00,2026-08-31T20:32:59.229+00:00,2026-08-31T20:32:59.333+00:00,2026-08-31T20:32:59.333+00:00,2026-08-31T20:33:00.290+00:00,2026-08-31T20:33:00.290+00:00,0.262059,0.9569905580010527,sqs-worker-5986dcd897-x8rdl,ip-192-168-20-201.ec2.internal,e30412a93a7d6dc485fb09f0ecbed3a00d4bcf87a875a6dd34de18d94703bf9b,1,104.0,1061.0
1,hpa-poisson-606-e03cba25,000068,43.164511,2026-08-31T20:33:02.098+00:00,2026-08-31T20:32:58.255+00:00,2026-08-31T20:32:58.465+00:00,2026-08-31T20:32:58.465+00:00,2026-08-31T20:33:00.554+00:00,2026-08-31T20:33:00.554+00:00,0.847666,2.0895987120002246,sqs-worker-5986dcd897-w8vqz,ip-192-168-20-201.ec2.internal,c24722de156ce50b6cf5b8cfb211c62222f72622c80c09e218fa11c90302c377,1,210.0,2299.0
1,hpa-poisson-606-e03cba25,000072,45.13498,2026-08-31T20:33:04.069+00:00,2026-08-31T20:33:00.228+00:00,2026-08-31T20:33:00.415+00:00,2026-08-31T20:33:00.415+00:00,2026-08-31T20:33:00.579+00:00,2026-08-31T20:33:00.579+00:00,0.025645,0.16358955100076855,sqs-worker-5986dcd897-x8rdl,ip-192-168-20-201.ec2.internal,dfa1f92e929ae865f291f2d5e85d150b905d32b216d62a5a099f4542af6abc3f,1,187.0,351.0
1,hpa-poisson-606-e03cba25,000073,45.466642,2026-08-31T20:33:04.400+00:00,2026-08-31T20:33:00.551+00:00,2026-08-31T20:33:00.588+00:00,2026-08-31T20:33:00.588+00:00,2026-08-31T20:33:00.803+00:00,2026-08-31T20:33:00.803+00:00,0.102482,0.21487931400042726,sqs-worker-5986dcd897-w8vqz,ip-192-168-20-201.ec2.internal,a3067bdf56f29f91c44c92f4d0f9600a1c79e7f28b7c542debbc991a85da0ab2,1,37.0,252.0
1,hpa-poisson-606-e03cba25,000074,45.806459,2026-08-31T20:33:04.740+00:00,2026-08-31T20:33:00.898+00:00,2026-08-31T20:33:00.901+00:00,2026-08-31T20:33:00.901+00:00,2026-08-31T20:33:01.918+00:00,2026-08-31T20:33:01.918+00:00,0.433008,1.0166634660017735,sqs-worker-5986dcd897-w8vqz,ip-192-168-20-201.ec2.internal,407cea42d11cf4847ed59013fd973ddc3953066505abd5556555adf39a464533,1,3.0,1020.0
1,hpa-poisson-606-e03cba25,000075,47.320553,2026-08-31T20:33:06.255+00:00,2026-08-31T20:33:02.406+00:00,2026-08-31T20:33:02.411+00:00,2026-08-31T20:33:02.411+00:00,2026-08-31T20:33:02.439+00:00,2026-08-31T20:33:02.439+00:00,0.028125,0.028171844000098645,sqs-worker-5986dcd897-w8vqz,ip-192-168-20-201.ec2.internal,68dcc36bb6e9a9f2e5940a3b171caa05729520b82ca2330fdac5415bf28e75d3,1,5.0,33.0
1,hpa-poisson-606-e03cba25,000077,47.643822,2026-08-31T20:33:06.577+00:00,2026-08-31T20:33:02.737+00:00,2026-08-31T20:33:02.741+00:00,2026-08-31T20:33:02.741+00:00,2026-08-31T20:33:02.903+00:00,2026-08-31T20:33:02.903+00:00,0.104351,0.16160762800063821,sqs-worker-5986dcd897-x8rdl,ip-192-168-20-201.ec2.internal,881bb25e4826209749442bee11d7d411cb4a8f85e7f8982c897c61a39e2c7d57,1,4.0,166.0
1,hpa-poisson-606-e03cba25,000078,47.919893,2026-08-31T20:33:06.853+00:00,2026-08-31T20:33:03.015+00:00,2026-08-31T20:33:03.019+00:00,2026-08-31T20:33:03.019+00:00,2026-08-31T20:33:03.096+00:00,2026-08-31T20:33:03.096+00:00,0.053072,0.07731646000138426,sqs-worker-5986dcd897-x8rdl,ip-192-168-20-201.ec2.internal,71df8a9c3bc758f99f441d6a13ef3c67e463a27c7c8530727a0d7097e324d495,1,4.0,81.0
1,hpa-poisson-606-e03cba25,000076,47.596617,2026-08-31T20:33:06.530+00:00,2026-08-31T20:33:02.681+00:00,2026-08-31T20:33:02.684+00:00,2026-08-31T20:33:02.685+00:00,2026-08-31T20:33:04.148+00:00,2026-08-31T20:33:04.148+00:00,0.602377,1.463389198999721,sqs-worker-5986dcd897-w8vqz,ip-192-168-20-201.ec2.internal,7874dcee5677fcd731255e1f1a9f109d8e46f4b709329743d9c864578be6029e,1,3.0,1467.0
1,hpa-poisson-606-e03cba25,000080,48.882332,2026-08-31T20:33:07.816+00:00,2026-08-31T20:33:03.971+00:00,2026-08-31T20:33:04.194+00:00,2026-08-31T20:33:04.194+00:00,2026-08-31T20:33:04.454+00:00,2026-08-31T20:33:04.454+00:00,0.121395,0.2596414220006409,sqs-worker-5986dcd897-w8vqz,ip-192-168-20-201.ec2.internal,1e41426aeb47a5f1896deff5b8ce5c3134533049f6f12a1f416cc6d2802db5f1,1,223.0,483.0
1,hpa-poisson-606-e03cba25,000079,48.573369,2026-08-31T20:33:07.507+00:00,2026-08-31T20:33:03.662+00:00,2026-08-31T20:33:03.667+00:00,2026-08-31T20:33:03.667+00:00,2026-08-31T20:33:04.693+00:00,2026-08-31T20:33:04.693+00:00,0.42904,1.0260990579990903,sqs-worker-5986dcd897-x8rdl,ip-192-168-20-201.ec2.internal,63e676c66311992ddfa5d660caa5a1197861ab520a62b94f499565c5f1ff3628,1,5.0,1031.0
1,hpa-poisson-606-e03cba25,000081,49.611638,2026-08-31T20:33:08.545+00:00,2026-08-31T20:33:04.699+00:00,2026-08-31T20:33:04.704+00:00,2026-08-31T20:33:04.704+00:00,2026-08-31T20:33:05.418+00:00,2026-08-31T20:33:05.418+00:00,0.305133,0.7145893950000755,sqs-worker-5986dcd897-w8vqz,ip-192-168-20-201.ec2.internal,d6b3a98099099da6afde8dc4367c7b502b6ac16677984d56f7e5be6b47125703,1,5.0,719.0
1,hpa-poisson-606-e03cba25,000082,50.713764,2026-08-31T20:33:09.648+00:00,2026-08-31T20:33:05.801+00:00,2026-08-31T20:33:05.804+00:00,2026-08-31T20:33:05.805+00:00,2026-08-31T20:33:06.116+00:00,2026-08-31T20:33:06.116+00:00,0.153462,0.31175425900073606,sqs-worker-5986dcd897-x8rdl,ip-192-168-20-201.ec2.internal,bfbbeebd8392c433acb052cf96ffbcdd9655e4f42248348106868ca035c955ed,1,3.0,315.0
1,hpa-poisson-606-e03cba25,000083,51.390529,2026-08-31T20:33:10.324+00:00,2026-08-31T20:33:06.480+00:00,2026-08-31T20:33:06.484+00:00,2026-08-31T20:33:06.484+00:00,2026-08-31T20:33:06.893+00:00,2026-08-31T20:33:06.893+00:00,0.169866,0.4090260600005422,sqs-worker-5986dcd897-x8rdl,ip-192-168-20-201.ec2.internal,bb35038528d7a297a70a6e1f8fe7480d05a28c0c3f99723b452d083df19b73dc,1,4.0,413.0
1,hpa-poisson-606-e03cba25,000084,52.071863,2026-08-31T20:33:11.006+00:00,2026-08-31T20:33:07.160+00:00,2026-08-31T20:33:07.163+00:00,2026-08-31T20:33:07.163+00:00,2026-08-31T20:33:07.475+00:00,2026-08-31T20:33:07.475+00:00,0.135828,0.3111389240002609,sqs-worker-5986dcd897-x8rdl,ip-192-168-20-201.ec2.internal,48db9e691fba10249de0c7e34ceee897052f66e8a6e3bf0968e7514ab7618f1e,1,3.0,315.0
1,hpa-poisson-606-e03cba25,000085,52.924067,2026-08-31T20:33:11.858+00:00,2026-08-31T20:33:08.013+00:00,2026-08-31T20:33:08.017+00:00,2026-08-31T20:33:08.018+00:00,2026-08-31T20:33:08.105+00:00,2026-08-31T20:33:08.105+00:00,0.06206,0.08728885699929378,sqs-worker-5986dcd897-x8rdl,ip-192-168-20-201.ec2.internal,23a48497fbefa9859b348f2747d35b6136fc99a0ff76a690a2f5ce178af5298d,1,4.0,92.0
1,hpa-poisson-606-e03cba25,000086,54.429464,2026-08-31T20:33:13.363+00:00,2026-08-31T20:33:09.521+00:00,2026-08-31T20:33:09.526+00:00,2026-08-31T20:33:09.526+00:00,2026-08-31T20:33:09.603+00:00,2026-08-31T20:33:09.603+00:00,0.064368,0.0768494380008633,sqs-worker-5986dcd897-x8rdl,ip-192-168-20-201.ec2.internal,db258a5f8d6e4f6b8cd62a66b362b5954811db1b092960361d50ab7138abb4d2,1,5.0,82.0
1,hpa-poisson-606-e03cba25,000087,54.436143,2026-08-31T20:33:13.369+00:00,2026-08-31T20:33:09.524+00:00,2026-08-31T20:33:09.528+00:00,2026-08-31T20:33:09.528+00:00,2026-08-31T20:33:09.959+00:00,2026-08-31T20:33:09.959+00:00,0.156333,0.4315270290007902,sqs-worker-5986dcd897-w8vqz,ip-192-168-20-201.ec2.internal,2262e180675f52321563cffb9cc2369388d20b38bfea20127cb28768b5453447,1,4.0,435.0
1,hpa-poisson-606-e03cba25,000089,55.652839,2026-08-31T20:33:14.587+00:00,2026-08-31T20:33:10.741+00:00,2026-08-31T20:33:10.744+00:00,2026-08-31T20:33:10.745+00:00,2026-08-31T20:33:10.750+00:00,2026-08-31T20:33:10.750+00:00,0.005,0.005047639999247622,sqs-worker-5986dcd897-w8vqz,ip-192-168-20-201.ec2.internal,51d8db3d923c4e9590f42779284a80da0de5e5b6d69b28881fa796618cb61e2e,1,3.0,9.0
1,hpa-poisson-606-e03cba25,000088,54.454064,2026-08-31T20:33:13.387+00:00,2026-08-31T20:33:09.588+00:00,2026-08-31T20:33:09.620+00:00,2026-08-31T20:33:09.620+00:00,2026-08-31T20:33:11.396+00:00,2026-08-31T20:33:11.396+00:00,0.360277,1.7760610719997203,sqs-worker-5986dcd897-x8rdl,ip-192-168-20-201.ec2.internal,7a1712afcaa1c2e205f624decb349d5919d451a94041b195982981625e5e5f55,1,32.0,1808.0
1,hpa-poisson-606-e03cba25,000090,57.08165,2026-08-31T20:33:16.016+00:00,2026-08-31T20:33:12.169+00:00,2026-08-31T20:33:12.176+00:00,2026-08-31T20:33:12.176+00:00,2026-08-31T20:33:12.199+00:00,2026-08-31T20:33:12.199+00:00,0.022526,0.022588416000871803,sqs-worker-5986dcd897-w8vqz,ip-192-168-20-201.ec2.internal,4156784f590af0af51538388fc2acd6cecf3845c0ab9bbe81cc63037720a98d3,1,7.0,30.0
1,hpa-poisson-606-e03cba25,000091,57.123034,2026-08-31T20:33:16.056+00:00,2026-08-31T20:33:12.207+00:00,2026-08-31T20:33:12.211+00:00,2026-08-31T20:33:12.211+00:00,2026-08-31T20:33:12.309+00:00,2026-08-31T20:33:12.310+00:00,0.065572,0.0985980709992873,sqs-worker-5986dcd897-x8rdl,ip-192-168-20-201.ec2.internal,9105249db15d7d58e44968ff784d66881afc47712677e2023c41ef731e839af2,1,4.0,102.0
1,hpa-poisson-606-e03cba25,000092,57.260497,2026-08-31T20:33:16.194+00:00,2026-08-31T20:33:12.347+00:00,2026-08-31T20:33:12.351+00:00,2026-08-31T20:33:12.351+00:00,2026-08-31T20:33:12.822+00:00,2026-08-31T20:33:12.822+00:00,0.197856,0.4709614089988463,sqs-worker-5986dcd897-x8rdl,ip-192-168-20-201.ec2.internal,3c84cf759e45bd06fcd83077af62b35511e9cdb230c641817723be7cdf88828a,1,4.0,475.0
1,hpa-poisson-606-e03cba25,000094,57.721484,2026-08-31T20:33:16.655+00:00,2026-08-31T20:33:12.806+00:00,2026-08-31T20:33:12.911+00:00,2026-08-31T20:33:12.911+00:00,2026-08-31T20:33:13.311+00:00,2026-08-31T20:33:13.311+00:00,0.183185,0.39963487800014263,sqs-worker-5986dcd897-x8rdl,ip-192-168-20-201.ec2.internal,ac1c6a8a550f71ec5b7e5616ac591adb018bd8683a082c36a2fb5ed52a39787b,1,105.0,505.0
1,hpa-poisson-606-e03cba25,000093,57.686545,2026-08-31T20:33:16.620+00:00,2026-08-31T20:33:12.773+00:00,2026-08-31T20:33:12.776+00:00,2026-08-31T20:33:12.776+00:00,2026-08-31T20:33:13.752+00:00,2026-08-31T20:33:13.752+00:00,0.406034,0.9755872679997992,sqs-worker-5986dcd897-w8vqz,ip-192-168-20-201.ec2.internal,b96dcc97c3bef053c5d236d3c2276afba5726109d2e8ab36bfcae089f82a7acf,1,3.0,979.0
1,hpa-poisson-606-e03cba25,000096,58.470931,2026-08-31T20:33:17.404+00:00,2026-08-31T20:33:13.562+00:00,2026-08-31T20:33:13.766+00:00,2026-08-31T20:33:13.766+00:00,2026-08-31T20:33:14.049+00:00,2026-08-31T20:33:14.049+00:00,0.113308,0.2831539199996769,sqs-worker-5986dcd897-w8vqz,ip-192-168-20-201.ec2.internal,36a14e6097da2234fef180d0f442e93d3af0c1d5419a8cbbd9966dad23b35abb,1,204.0,487.0
1,hpa-poisson-606-e03cba25,000095,58.336077,2026-08-31T20:33:17.270+00:00,2026-08-31T20:33:13.422+00:00,2026-08-31T20:33:13.426+00:00,2026-08-31T20:33:13.426+00:00,2026-08-31T20:33:14.320+00:00,2026-08-31T20:33:14.320+00:00,0.397137,0.8935910229993169,sqs-worker-5986dcd897-x8rdl,ip-192-168-20-201.ec2.internal,5d92071718a8628eca01c1655f8aee0e4f36dbb50ee590d315dcc8ec0031a48b,1,4.0,898.0
1,hpa-poisson-606-e03cba25,000098,59.192158,2026-08-31T20:33:18.125+00:00,2026-08-31T20:33:14.278+00:00,2026-08-31T20:33:14.283+00:00,2026-08-31T20:33:14.283+00:00,2026-08-31T20:33:14.454+00:00,2026-08-31T20:33:14.454+00:00,0.088452,0.17132180599946878,sqs-worker-5986dcd897-w8vqz,ip-192-168-20-201.ec2.internal,794b6525da55265a1bd95cd33f5cdf22e8d192cb7920bc9686e17d4fd013a41b,1,5.0,176.0
1,hpa-poisson-606-e03cba25,000097,59.147201,2026-08-31T20:33:18.081+00:00,2026-08-31T20:33:14.237+00:00,2026-08-31T20:33:14.242+00:00,2026-08-31T20:33:14.243+00:00,2026-08-31T20:33:14.737+00:00,2026-08-31T20:33:14.737+00:00,0.209936,0.49435544200059667,sqs-worker-5986dcd897-gbpr5,ip-192-168-20-201.ec2.internal,e9d45765b1de515f1c8089a1380aa81cf3df2e4ee9ce1975cae0280694746cef,1,5.0,500.0
1,hpa-poisson-606-e03cba25,000100,59.984326,2026-08-31T20:33:18.918+00:00,2026-08-31T20:33:15.069+00:00,2026-08-31T20:33:15.074+00:00,2026-08-31T20:33:15.074+00:00,2026-08-31T20:33:15.155+00:00,2026-08-31T20:33:15.155+00:00,0.049422,0.08081586600019364,sqs-worker-5986dcd897-w8vqz,ip-192-168-20-201.ec2.internal,1c5e993c320d4e5e2eb54ea935fa7fe013d4a7a91e7094a6d160a6bca71cedd2,1,5.0,86.0
1,hpa-poisson-606-e03cba25,000102,60.53927,2026-08-31T20:33:19.473+00:00,2026-08-31T20:33:15.627+00:00,2026-08-31T20:33:15.630+00:00,2026-08-31T20:33:15.630+00:00,2026-08-31T20:33:15.852+00:00,2026-08-31T20:33:15.852+00:00,0.10185,0.22209660400039866,sqs-worker-5986dcd897-w8vqz,ip-192-168-20-201.ec2.internal,4e84f4a7277182ac1bcbe6a4b5c82663a7339792f3738dd9ccb6d4fe6daa0966,1,3.0,225.0
1,hpa-poisson-606-e03cba25,000101,60.050763,2026-08-31T20:33:18.984+00:00,2026-08-31T20:33:15.140+00:00,2026-08-31T20:33:15.144+00:00,2026-08-31T20:33:15.144+00:00,2026-08-31T20:33:15.955+00:00,2026-08-31T20:33:15.955+00:00,0.357959,0.8106575000001612,sqs-worker-5986dcd897-gbpr5,ip-192-168-20-201.ec2.internal,82588bbb264cdeb8a8998f42b94ff48eeeba8ffe5ef5abac4d2278a8674e29dd,1,4.0,815.0
1,hpa-poisson-606-e03cba25,000103,60.955721,2026-08-31T20:33:19.889+00:00,2026-08-31T20:33:16.050+00:00,2026-08-31T20:33:16.054+00:00,2026-08-31T20:33:16.054+00:00,2026-08-31T20:33:16.128+00:00,2026-08-31T20:33:16.128+00:00,0.043259,0.07425952699850313,sqs-worker-5986dcd897-gbpr5,ip-192-168-20-201.ec2.internal,17df6481448d5c24ed22f95c7343b456f65bcb38b814a60abea2b9a62fab618a,1,4.0,78.0
1,hpa-poisson-606-e03cba25,000099,59.628948,2026-08-31T20:33:18.563+00:00,2026-08-31T20:33:14.713+00:00,2026-08-31T20:33:14.716+00:00,2026-08-31T20:33:14.716+00:00,2026-08-31T20:33:16.494+00:00,2026-08-31T20:33:16.494+00:00,0.729598,1.777257178000582,sqs-worker-5986dcd897-x8rdl,ip-192-168-20-201.ec2.internal,0e2fcf2aa7208a17818e60599d13776030ad6fdf0adb16c06bf86afb1544f139,1,3.0,1781.0
1,hpa-poisson-606-e03cba25,000105,62.172927,2026-08-31T20:33:21.106+00:00,2026-08-31T20:33:17.264+00:00,2026-08-31T20:33:17.268+00:00,2026-08-31T20:33:17.268+00:00,2026-08-31T20:33:17.273+00:00,2026-08-31T20:33:17.273+00:00,0.005,0.005035669000790222,sqs-worker-5986dcd897-x8rdl,ip-192-168-20-201.ec2.internal,68b0a38d738fa0f30d032074d88b7f6b3169a5e24f673a6ed77dd00d21726970,1,4.0,9.0
1,hpa-poisson-606-e03cba25,000104,61.960709,2026-08-31T20:33:20.895+00:00,2026-08-31T20:33:17.047+00:00,2026-08-31T20:33:17.050+00:00,2026-08-31T20:33:17.050+00:00,2026-08-31T20:33:17.648+00:00,2026-08-31T20:33:17.648+00:00,0.266601,0.5972693300009269,sqs-worker-5986dcd897-gbpr5,ip-192-168-20-201.ec2.internal,fca9474e515319b0719a06b4dc5580291fabdddeda2764e416c04243fe941364,1,3.0,601.0
1,hpa-poisson-606-e03cba25,000106,62.941828,2026-08-31T20:33:21.876+00:00,2026-08-31T20:33:18.037+00:00,2026-08-31T20:33:18.041+00:00,2026-08-31T20:33:18.041+00:00,2026-08-31T20:33:18.553+00:00,2026-08-31T20:33:18.553+00:00,0.229705,0.5126867220005806,sqs-worker-5986dcd897-w8vqz,ip-192-168-20-201.ec2.internal,d38854c17005b31f610e9fc3b6d803c17c1fd498a868fc85566208ebe5810d04,1,4.0,516.0
1,hpa-poisson-606-e03cba25,000107,63.556858,2026-08-31T20:33:22.491+00:00,2026-08-31T20:33:18.649+00:00,2026-08-31T20:33:18.653+00:00,2026-08-31T20:33:18.653+00:00,2026-08-31T20:33:19.599+00:00,2026-08-31T20:33:19.599+00:00,0.182668,0.9463095940009225,sqs-worker-5986dcd897-w8vqz,ip-192-168-20-201.ec2.internal,2f7fc3402c974056f0c63b84f3088f8905395a7f8d41c255f599ec6c0568128c,1,4.0,950.0
1,hpa-poisson-606-e03cba25,000108,64.03425,2026-08-31T20:33:22.968+00:00,2026-08-31T20:33:19.125+00:00,2026-08-31T20:33:19.129+00:00,2026-08-31T20:33:19.129+00:00,2026-08-31T20:33:19.595+00:00,2026-08-31T20:33:19.595+00:00,0.210511,0.46652146099950187,sqs-worker-5986dcd897-x8rdl,ip-192-168-20-201.ec2.internal,12e95d728630f97b2c68908ec1e2bf9743fdaaeb4d5aaab8eb7d9c89a52145e6,1,4.0,470.0
1,hpa-poisson-606-e03cba25,000109,64.884402,2026-08-31T20:33:23.818+00:00,2026-08-31T20:33:19.971+00:00,2026-08-31T20:33:19.975+00:00,2026-08-31T20:33:19.975+00:00,2026-08-31T20:33:20.090+00:00,2026-08-31T20:33:20.090+00:00,0.023818,0.11461448000045493,sqs-worker-5986dcd897-x8rdl,ip-192-168-20-201.ec2.internal,bdefa1af19927899460d5885107791128a764d4546dc9c605eb4ac7569366c2d,1,4.0,119.0
1,hpa-poisson-606-e03cba25,000110,65.822429,2026-08-31T20:33:24.757+00:00,2026-08-31T20:33:20.909+00:00,2026-08-31T20:33:20.914+00:00,2026-08-31T20:33:20.914+00:00,2026-08-31T20:33:20.998+00:00,2026-08-31T20:33:20.998+00:00,0.020812,0.0839190469996538,sqs-worker-5986dcd897-x8rdl,ip-192-168-20-201.ec2.internal,1f56a449407947eb756911bb53e3e8fbec0d20aff669daf0aeacc6c95ddbd739,1,5.0,89.0
1,hpa-poisson-606-e03cba25,000111,66.693526,2026-08-31T20:33:25.626+00:00,2026-08-31T20:33:21.786+00:00,2026-08-31T20:33:21.792+00:00,2026-08-31T20:33:21.792+00:00,2026-08-31T20:33:22.709+00:00,2026-08-31T20:33:22.709+00:00,0.371941,0.9168838469995535,sqs-worker-5986dcd897-w8vqz,ip-192-168-20-201.ec2.internal,c5ac97322fa545fc1d25cfc37ff51d08019f0f7b385f13628ef1a29705e3682e,1,6.0,923.0
1,hpa-poisson-606-e03cba25,000112,67.586873,2026-08-31T20:33:26.520+00:00,2026-08-31T20:33:22.675+00:00,2026-08-31T20:33:22.682+00:00,2026-08-31T20:33:22.682+00:00,2026-08-31T20:33:22.995+00:00,2026-08-31T20:33:22.995+00:00,0.132915,0.3129769259994646,sqs-worker-5986dcd897-x8rdl,ip-192-168-20-201.ec2.internal,16d3fd9281f3740bb0cf70838bf5ee11935e70ffc401f6d39937fefa5244c645,1,7.0,320.0
1,hpa-poisson-606-e03cba25,000113,68.232461,2026-08-31T20:33:27.165+00:00,2026-08-31T20:33:23.317+00:00,2026-08-31T20:33:23.321+00:00,2026-08-31T20:33:23.321+00:00,2026-08-31T20:33:23.326+00:00,2026-08-31T20:33:23.326+00:00,0.005,0.0050383849993522745,sqs-worker-5986dcd897-x8rdl,ip-192-168-20-201.ec2.internal,ff55e262360ecb39258c4cd66e4323d2fa3c168b3eafaa63f0ca2ad5a7bd3a8f,1,4.0,9.0
1,hpa-poisson-606-e03cba25,000114,68.754199,2026-08-31T20:33:27.687+00:00,2026-08-31T20:33:23.839+00:00,2026-08-31T20:33:23.843+00:00,2026-08-31T20:33:23.843+00:00,2026-08-31T20:33:24.271+00:00,2026-08-31T20:33:24.271+00:00,0.19012,0.42765108100138605,sqs-worker-5986dcd897-w8vqz,ip-192-168-20-201.ec2.internal,7cda4d260cead620a9c059cb60cda306b4109f16487e9891a8059b671a9a14e2,1,4.0,432.0
1,hpa-poisson-606-e03cba25,000116,69.226756,2026-08-31T20:33:28.159+00:00,2026-08-31T20:33:24.310+00:00,2026-08-31T20:33:24.314+00:00,2026-08-31T20:33:24.314+00:00,2026-08-31T20:33:24.636+00:00,2026-08-31T20:33:24.636+00:00,0.071206,0.3222178369996982,sqs-worker-5986dcd897-gbpr5,ip-192-168-20-201.ec2.internal,b89986f91ba4f5cd4d2e8d626329ca020995f80bab12c730f8ce8010590f3085,1,4.0,326.0
1,hpa-poisson-606-e03cba25,000115,69.05758,2026-08-31T20:33:27.990+00:00,2026-08-31T20:33:24.146+00:00,2026-08-31T20:33:24.149+00:00,2026-08-31T20:33:24.149+00:00,2026-08-31T20:33:24.478+00:00,2026-08-31T20:33:24.478+00:00,0.150329,0.3282946320014162,sqs-worker-5986dcd897-x8rdl,ip-192-168-20-201.ec2.internal,f9aac6fbd928ac3a3fe4cbb8b24b798a79812ac2be49fa2fdf9e43b57f790139,1,3.0,332.0
1,hpa-poisson-606-e03cba25,000117,69.331751,2026-08-31T20:33:28.264+00:00,2026-08-31T20:33:24.419+00:00,2026-08-31T20:33:24.423+00:00,2026-08-31T20:33:24.423+00:00,2026-08-31T20:33:24.864+00:00,2026-08-31T20:33:24.864+00:00,0.201902,0.4409763949988701,sqs-worker-5986dcd897-w8vqz,ip-192-168-20-201.ec2.internal,8e29bd3bd8b22e788a755be067e1854666dcb2272002dd2d391abf8f7cbeb3b2,1,4.0,445.0
1,hpa-poisson-606-e03cba25,000118,70.625126,2026-08-31T20:33:29.558+00:00,2026-08-31T20:33:25.712+00:00,2026-08-31T20:33:25.716+00:00,2026-08-31T20:33:25.716+00:00,2026-08-31T20:33:25.996+00:00,2026-08-31T20:33:25.996+00:00,0.123812,0.28032525799972063,sqs-worker-5986dcd897-w8vqz,ip-192-168-20-201.ec2.internal,3fd7f93c36720b83513ee92432ac85e6c9f14131515196945dc9f1e0fa14820c,1,4.0,284.0
1,hpa-poisson-606-e03cba25,000119,71.435138,2026-08-31T20:33:30.368+00:00,2026-08-31T20:33:26.521+00:00,2026-08-31T20:33:26.560+00:00,2026-08-31T20:33:26.560+00:00,2026-08-31T20:33:26.946+00:00,2026-08-31T20:33:26.946+00:00,0.160351,0.38614470599895867,sqs-worker-5986dcd897-w8vqz,ip-192-168-20-201.ec2.internal,389d21f563c57488583c9d718bc0035731bd1e17a238456147e78e42b7130dde,1,39.0,425.0
1,hpa-poisson-606-e03cba25,000120,71.966605,2026-08-31T20:33:30.899+00:00,2026-08-31T20:33:27.050+00:00,2026-08-31T20:33:27.053+00:00,2026-08-31T20:33:27.054+00:00,2026-08-31T20:33:27.146+00:00,2026-08-31T20:33:27.146+00:00,0.061364,0.09236745599991991,sqs-worker-5986dcd897-gbpr5,ip-192-168-20-201.ec2.internal,ea58e506ed9a9ec9866292472c05e900687ea3b9d7e2d5cfe814647ad83d3441,1,3.0,96.0
1,hpa-poisson-606-e03cba25,000121,73.320418,2026-08-31T20:33:32.254+00:00,2026-08-31T20:33:28.406+00:00,2026-08-31T20:33:28.410+00:00,2026-08-31T20:33:28.410+00:00,2026-08-31T20:33:28.597+00:00,2026-08-31T20:33:28.597+00:00,0.080178,0.18715078999957768,sqs-worker-5986dcd897-w8vqz,ip-192-168-20-201.ec2.internal,b21a8845b90923fd15b8f0b7f530724834c6e610705ac6b20c8e9b71aee285b0,1,4.0,191.0
1,hpa-poisson-606-e03cba25,000122,73.542916,2026-08-31T20:33:32.475+00:00,2026-08-31T20:33:28.628+00:00,2026-08-31T20:33:28.632+00:00,2026-08-31T20:33:28.632+00:00,2026-08-31T20:33:29.153+00:00,2026-08-31T20:33:29.153+00:00,0.217418,0.5209684670007846,sqs-worker-5986dcd897-gbpr5,ip-192-168-20-201.ec2.internal,a8b0f51375775b8d51e291cef99a7ec8f4290dba78af25102b28ac33a9a09c26,1,4.0,525.0
1,hpa-poisson-606-e03cba25,000123,73.573016,2026-08-31T20:33:32.505+00:00,2026-08-31T20:33:28.664+00:00,2026-08-31T20:33:28.696+00:00,2026-08-31T20:33:28.697+00:00,2026-08-31T20:33:29.198+00:00,2026-08-31T20:33:29.198+00:00,0.103267,0.5014733640000486,sqs-worker-5986dcd897-w8vqz,ip-192-168-20-201.ec2.internal,14770ddf5a0dc788a963ae8bf4cbbeea0a356c9819698ccf6c180a73d472b9b1,1,32.0,534.0
1,hpa-poisson-606-e03cba25,000124,73.885726,2026-08-31T20:33:32.818+00:00,2026-08-31T20:33:28.974+00:00,2026-08-31T20:33:28.990+00:00,2026-08-31T20:33:28.990+00:00,2026-08-31T20:33:31.289+00:00,2026-08-31T20:33:31.289+00:00,0.600097,2.2994936959985353,sqs-worker-5986dcd897-x8rdl,ip-192-168-20-201.ec2.internal,e06ea65377fb2a8c7f84e0c3a6a811d5bcb72b5e9d3cc871c5dde565eaa4701d,1,16.0,2315.0
1,hpa-poisson-606-e03cba25,000125,76.415676,2026-08-31T20:33:35.350+00:00,2026-08-31T20:33:31.507+00:00,2026-08-31T20:33:31.512+00:00,2026-08-31T20:33:31.512+00:00,2026-08-31T20:33:31.631+00:00,2026-08-31T20:33:31.631+00:00,0.064406,0.11874416200043925,sqs-worker-5986dcd897-gbpr5,ip-192-168-20-201.ec2.internal,bfd9d1d2e4f0427eac3a41f0b2f8bc39f4fb28df37acb088f65cf0f345d83a5f,1,5.0,124.0
1,hpa-poisson-606-e03cba25,000126,76.848458,2026-08-31T20:33:35.781+00:00,2026-08-31T20:33:31.931+00:00,2026-08-31T20:33:31.935+00:00,2026-08-31T20:33:31.935+00:00,2026-08-31T20:33:31.995+00:00,2026-08-31T20:33:31.995+00:00,0.041161,0.05960210599914717,sqs-worker-5986dcd897-x8rdl,ip-192-168-20-201.ec2.internal,5ccbf6cdf33f2bc7df66c3ec8db96908abfcb118e0cd64bf3ba9640ea90f5379,1,4.0,64.0
1,hpa-poisson-606-e03cba25,000127,77.769836,2026-08-31T20:33:36.703+00:00,2026-08-31T20:33:32.854+00:00,2026-08-31T20:33:32.857+00:00,2026-08-31T20:33:32.857+00:00,2026-08-31T20:33:32.880+00:00,2026-08-31T20:33:32.880+00:00,0.022444,0.02249758400103019,sqs-worker-5986dcd897-gbpr5,ip-192-168-20-201.ec2.internal,cec3ede690cbba96a2fc3848f0a86bd4df534d9a8478959abc5300f6c6e29240,1,3.0,26.0
1,hpa-poisson-606-e03cba25,000128,79.521333,2026-08-31T20:33:38.454+00:00,2026-08-31T20:33:34.604+00:00,2026-08-31T20:33:34.608+00:00,2026-08-31T20:33:34.609+00:00,2026-08-31T20:33:34.614+00:00,2026-08-31T20:33:34.614+00:00,0.005,0.005035676998886629,sqs-worker-5986dcd897-gbpr5,ip-192-168-20-201.ec2.internal,3136c04e1e70187d651c51896a8dbefdc6d00cff8696e362eab15d2f3fbf0098,1,4.0,10.0
1,hpa-poisson-606-e03cba25,000129,80.826664,2026-08-31T20:33:39.760+00:00,2026-08-31T20:33:35.912+00:00,2026-08-31T20:33:35.916+00:00,2026-08-31T20:33:35.916+00:00,2026-08-31T20:33:35.998+00:00,2026-08-31T20:33:35.998+00:00,0.054401,0.08232157800011919,sqs-worker-5986dcd897-x8rdl,ip-192-168-20-201.ec2.internal,4ce568eb39aa1464452610bdbc6c740ee2e3983921c9f30b97c66f8e1510846e,1,4.0,86.0
1,hpa-poisson-606-e03cba25,000130,81.386356,2026-08-31T20:33:40.319+00:00,2026-08-31T20:33:36.471+00:00,2026-08-31T20:33:36.476+00:00,2026-08-31T20:33:36.476+00:00,2026-08-31T20:33:36.584+00:00,2026-08-31T20:33:36.584+00:00,0.041309,0.10832329000004393,sqs-worker-5986dcd897-x8rdl,ip-192-168-20-201.ec2.internal,9e35a27470b73687bb66f664269ab8cabec9dcca78c7c25c9af097f4bf2f4fb5,1,5.0,113.0
1,hpa-poisson-606-e03cba25,000132,83.225935,2026-08-31T20:33:42.158+00:00,2026-08-31T20:33:38.312+00:00,2026-08-31T20:33:38.315+00:00,2026-08-31T20:33:38.315+00:00,2026-08-31T20:33:38.490+00:00,2026-08-31T20:33:38.490+00:00,0.084492,0.17434690499976568,sqs-worker-5986dcd897-gbpr5,ip-192-168-20-201.ec2.internal,ecc8a172292fd5f0aab9f6b14e5ceb0811cea66baf80338d11ef433184d9b445,1,3.0,178.0
1,hpa-poisson-606-e03cba25,000131,82.893514,2026-08-31T20:33:41.827+00:00,2026-08-31T20:33:37.978+00:00,2026-08-31T20:33:37.982+00:00,2026-08-31T20:33:37.982+00:00,2026-08-31T20:33:39.584+00:00,2026-08-31T20:33:39.584+00:00,0.641374,1.602292782999939,sqs-worker-5986dcd897-x8rdl,ip-192-168-20-201.ec2.internal,e5317a5ebc9070b5d140bff73b555d3b007f67d9dd4efbba44598b347ec0e4fb,1,4.0,1606.0
1,hpa-poisson-606-e03cba25,000133,84.315605,2026-08-31T20:33:43.249+00:00,2026-08-31T20:33:39.405+00:00,2026-08-31T20:33:39.417+00:00,2026-08-31T20:33:39.417+00:00,2026-08-31T20:33:40.130+00:00,2026-08-31T20:33:40.130+00:00,0.142673,0.7129489100007049,sqs-worker-5986dcd897-w8vqz,ip-192-168-20-201.ec2.internal,f886880f9d1e3f1ade4d7a0796d7461a35280bb33bde87496532dc6726f79d27,1,12.0,725.0
1,hpa-poisson-606-e03cba25,000135,84.878168,2026-08-31T20:33:43.810+00:00,2026-08-31T20:33:39.960+00:00,2026-08-31T20:33:39.964+00:00,2026-08-31T20:33:39.964+00:00,2026-08-31T20:33:40.440+00:00,2026-08-31T20:33:40.440+00:00,0.21655,0.47561478600073315,sqs-worker-5986dcd897-gbpr5,ip-192-168-20-201.ec2.internal,41be6d1e013974f8b8e1d969253c07c90ba83632f0bc5598cb7dcfec1dae3118,1,4.0,480.0
1,hpa-poisson-606-e03cba25,000136,85.396317,2026-08-31T20:33:44.329+00:00,2026-08-31T20:33:40.478+00:00,2026-08-31T20:33:40.481+00:00,2026-08-31T20:33:40.482+00:00,2026-08-31T20:33:40.715+00:00,2026-08-31T20:33:40.715+00:00,0.109125,0.23315921500034165,sqs-worker-5986dcd897-w8vqz,ip-192-168-20-201.ec2.internal,d1cce7633c866062f400fe03046e02d8268f6efa9e121fc4e3916525c707721a,1,3.0,237.0
1,hpa-poisson-606-e03cba25,000137,85.859771,2026-08-31T20:33:44.792+00:00,2026-08-31T20:33:40.942+00:00,2026-08-31T20:33:40.946+00:00,2026-08-31T20:33:40.946+00:00,2026-08-31T20:33:41.562+00:00,2026-08-31T20:33:41.562+00:00,0.256275,0.6163842590012791,sqs-worker-5986dcd897-w8vqz,ip-192-168-20-201.ec2.internal,7554b24e35b9f4ef73f101e999f1b141e6c91817e534e71aaa2ab4c65da8239f,1,4.0,620.0
1,hpa-poisson-606-e03cba25,000134,84.607161,2026-08-31T20:33:43.539+00:00,2026-08-31T20:33:39.689+00:00,2026-08-31T20:33:39.693+00:00,2026-08-31T20:33:39.693+00:00,2026-08-31T20:33:42.488+00:00,2026-08-31T20:33:42.488+00:00,0.543074,2.794924132000233,sqs-worker-5986dcd897-x8rdl,ip-192-168-20-201.ec2.internal,d7b28d86d1b28aeacf2562b2abee0c0dfc32c5d5cea265f75758cd5c81d7531f,1,4.0,2799.0
1,hpa-poisson-606-e03cba25,000139,87.27832,2026-08-31T20:33:46.211+00:00,2026-08-31T20:33:42.363+00:00,2026-08-31T20:33:42.367+00:00,2026-08-31T20:33:42.367+00:00,2026-08-31T20:33:42.548+00:00,2026-08-31T20:33:42.548+00:00,0.082253,0.18075559200042335,sqs-worker-5986dcd897-w8vqz,ip-192-168-20-201.ec2.internal,082f578d64bd884e02d4a9199291cecc99b577baaf2bfa9fffce52c5477d75b9,1,4.0,185.0
1,hpa-poisson-606-e03cba25,000138,86.48135,2026-08-31T20:33:45.414+00:00,2026-08-31T20:33:41.580+00:00,2026-08-31T20:33:41.586+00:00,2026-08-31T20:33:41.586+00:00,2026-08-31T20:33:43.734+00:00,2026-08-31T20:33:43.734+00:00,0.833574,2.1481608449994383,sqs-worker-5986dcd897-gbpr5,ip-192-168-20-201.ec2.internal,8afbf4201892a6988ba94ccffaf5f4f42e8ec27878fb4c42b2757bf78773f8d5,1,6.0,2154.0
1,hpa-poisson-606-e03cba25,000140,88.456591,2026-08-31T20:33:47.390+00:00,2026-08-31T20:33:43.548+00:00,2026-08-31T20:33:43.552+00:00,2026-08-31T20:33:43.552+00:00,2026-08-31T20:33:44.628+00:00,2026-08-31T20:33:44.628+00:00,0.464871,1.0766010410006857,sqs-worker-5986dcd897-x8rdl,ip-192-168-20-201.ec2.internal,6a14b5c48155f4c3c6a9f324bc92a18354b7ce09099c3dca99ed42c50909429b,1,4.0,1080.0
1,hpa-poisson-606-e03cba25,000141,89.137458,2026-08-31T20:33:48.070+00:00,2026-08-31T20:33:44.225+00:00,2026-08-31T20:33:44.229+00:00,2026-08-31T20:33:44.229+00:00,2026-08-31T20:33:44.999+00:00,2026-08-31T20:33:44.999+00:00,0.331865,0.7695202049999352,sqs-worker-5986dcd897-w8vqz,ip-192-168-20-201.ec2.internal,712cbc1b2806537f5131918b066a416bac13b780856f80a76a6d629656a99286,1,4.0,774.0
1,hpa-poisson-606-e03cba25,000142,90.026022,2026-08-31T20:33:48.959+00:00,2026-08-31T20:33:45.111+00:00,2026-08-31T20:33:45.132+00:00,2026-08-31T20:33:45.132+00:00,2026-08-31T20:33:45.338+00:00,2026-08-31T20:33:45.338+00:00,0.092036,0.2068795829982264,sqs-worker-5986dcd897-gbpr5,ip-192-168-20-201.ec2.internal,9b1a46538e2920508ccbeb5f77fff6bccf5f402bb9c442cdad91e4483ef3e51a,1,21.0,227.0
1,hpa-poisson-606-e03cba25,000144,90.470714,2026-08-31T20:33:49.403+00:00,2026-08-31T20:33:45.556+00:00,2026-08-31T20:33:45.560+00:00,2026-08-31T20:33:45.560+00:00,2026-08-31T20:33:45.639+00:00,2026-08-31T20:33:45.639+00:00,0.057926,0.07892570000149135,sqs-worker-5986dcd897-gbpr5,ip-192-168-20-201.ec2.internal,0d130156f6ed87caeba8950be99d570089420d9cd7f7541ad7833c2128b821d7,1,4.0,83.0
1,hpa-poisson-606-e03cba25,000146,90.899111,2026-08-31T20:33:49.831+00:00,2026-08-31T20:33:45.983+00:00,2026-08-31T20:33:45.987+00:00,2026-08-31T20:33:45.987+00:00,2026-08-31T20:33:46.026+00:00,2026-08-31T20:33:46.026+00:00,0.038898,0.03900824599986663,sqs-worker-5986dcd897-w8vqz,ip-192-168-20-201.ec2.internal,8e68d91279f62d80e50668ea8868606d60a36890d7960835caffd8585eeeca9c,1,4.0,43.0
1,hpa-poisson-606-e03cba25,000145,90.519138,2026-08-31T20:33:49.451+00:00,2026-08-31T20:33:45.607+00:00,2026-08-31T20:33:45.611+00:00,2026-08-31T20:33:45.611+00:00,2026-08-31T20:33:45.750+00:00,2026-08-31T20:33:45.750+00:00,0.079295,0.1389990450006735,sqs-worker-5986dcd897-w8vqz,ip-192-168-20-201.ec2.internal,564b12a9ec73622ea19551bc6bc55be905cf8191ba99ac8fcc64f1d426aa8850,1,4.0,143.0
1,hpa-poisson-606-e03cba25,000148,91.112011,2026-08-31T20:33:50.044+00:00,2026-08-31T20:33:46.194+00:00,2026-08-31T20:33:46.201+00:00,2026-08-31T20:33:46.201+00:00,2026-08-31T20:33:46.523+00:00,2026-08-31T20:33:46.523+00:00,0.150104,0.3219100040005287,sqs-worker-5986dcd897-w8vqz,ip-192-168-20-201.ec2.internal,c7b5aa319cd8604b60f12e4b91ab1b10e15e51d34660c0f2091ccbb971b1dd29,1,7.0,329.0
1,hpa-poisson-606-e03cba25,000147,91.07025,2026-08-31T20:33:50.002+00:00,2026-08-31T20:33:46.157+00:00,2026-08-31T20:33:46.161+00:00,2026-08-31T20:33:46.161+00:00,2026-08-31T20:33:46.174+00:00,2026-08-31T20:33:46.174+00:00,0.013645,0.013682902999789803,sqs-worker-5986dcd897-gbpr5,ip-192-168-20-201.ec2.internal,ecc88fe426002f1aabe665506de87afa37ecb5fa95ac089ec0f2b7124584209b,1,4.0,17.0
1,hpa-poisson-606-e03cba25,000143,90.062776,2026-08-31T20:33:48.995+00:00,2026-08-31T20:33:45.148+00:00,2026-08-31T20:33:45.152+00:00,2026-08-31T20:33:45.152+00:00,2026-08-31T20:33:46.617+00:00,2026-08-31T20:33:46.617+00:00,0.620308,1.465456328000073,sqs-worker-5986dcd897-x8rdl,ip-192-168-20-201.ec2.internal,22399c42ae16e3ee8bd8f74a75382d8f3be9c2d2c5d99fb58382e7b6b348a646,1,4.0,1469.0
1,hpa-poisson-606-e03cba25,000149,91.495318,2026-08-31T20:33:50.428+00:00,2026-08-31T20:33:46.580+00:00,2026-08-31T20:33:46.584+00:00,2026-08-31T20:33:46.584+00:00,2026-08-31T20:33:47.147+00:00,2026-08-31T20:33:47.147+00:00,0.240931,0.5632996939984878,sqs-worker-5986dcd897-w8vqz,ip-192-168-20-201.ec2.internal,13a50a5d71ee6e2098e95b5083d3969528b465cc6b69d92caa79601a14872336,1,4.0,567.0
1,hpa-poisson-606-e03cba25,000150,92.465483,2026-08-31T20:33:51.398+00:00,2026-08-31T20:33:47.563+00:00,2026-08-31T20:33:47.567+00:00,2026-08-31T20:33:47.567+00:00,2026-08-31T20:33:47.690+00:00,2026-08-31T20:33:47.690+00:00,0.064835,0.12377341300089029,sqs-worker-5986dcd897-gbpr5,ip-192-168-20-201.ec2.internal,0aaa02ab106c8293f0cb03a967b3c82c4e15277688b156e133bf876db2450c76,1,4.0,127.0
1,hpa-poisson-606-e03cba25,000151,92.789047,2026-08-31T20:33:51.721+00:00,2026-08-31T20:33:47.880+00:00,2026-08-31T20:33:47.888+00:00,2026-08-31T20:33:47.888+00:00,2026-08-31T20:33:48.013+00:00,2026-08-31T20:33:48.013+00:00,0.059747,0.12513011900045967,sqs-worker-5986dcd897-w8vqz,ip-192-168-20-201.ec2.internal,9a77396df44f3054b655f7860d272b9fa75caf96f91ce32628942598f64877ba,1,8.0,133.0
1,hpa-poisson-606-e03cba25,000154,94.473684,2026-08-31T20:33:53.406+00:00,2026-08-31T20:33:49.563+00:00,2026-08-31T20:33:49.566+00:00,2026-08-31T20:33:49.566+00:00,2026-08-31T20:33:49.599+00:00,2026-08-31T20:33:49.599+00:00,0.031611,0.03249794099974679,sqs-worker-5986dcd897-x8rdl,ip-192-168-20-201.ec2.internal,8fd174b0995b85c1f2d3f69b347ebf17f6aaa70d3713bb8a5adb6c74e588ed1b,1,3.0,36.0
1,hpa-poisson-606-e03cba25,000155,94.533561,2026-08-31T20:33:53.467+00:00,2026-08-31T20:33:49.627+00:00,2026-08-31T20:33:49.641+00:00,2026-08-31T20:33:49.641+00:00,2026-08-31T20:33:49.900+00:00,2026-08-31T20:33:49.900+00:00,0.072758,0.2588542569992569,sqs-worker-5986dcd897-x8rdl,ip-192-168-20-201.ec2.internal,1185ff1886a114082aa176147ee380067bd1702dad807ecf79272556509b01b5,1,14.0,273.0
1,hpa-poisson-606-e03cba25,000152,94.361224,2026-08-31T20:33:53.295+00:00,2026-08-31T20:33:49.449+00:00,2026-08-31T20:33:49.453+00:00,2026-08-31T20:33:49.453+00:00,2026-08-31T20:33:50.345+00:00,2026-08-31T20:33:50.345+00:00,0.3776,0.8924120329993457,sqs-worker-5986dcd897-gbpr5,ip-192-168-20-201.ec2.internal,51376de00c2cea77e50c443790f7add7c3839ce25135a5832ea6453a0a3fb8e8,1,4.0,896.0
1,hpa-poisson-606-e03cba25,000153,94.449082,2026-08-31T20:33:53.381+00:00,2026-08-31T20:33:49.535+00:00,2026-08-31T20:33:49.540+00:00,2026-08-31T20:33:49.540+00:00,2026-08-31T20:33:51.428+00:00,2026-08-31T20:33:51.428+00:00,0.761296,1.8882663999993383,sqs-worker-5986dcd897-w8vqz,ip-192-168-20-201.ec2.internal,cde3e302bb799b8e4bb0f441afe1815ead59c89ac03272bf15f622242a00648a,1,5.0,1893.0
1,hpa-poisson-606-e03cba25,000156,95.101588,2026-08-31T20:33:54.034+00:00,2026-08-31T20:33:50.188+00:00,2026-08-31T20:33:50.191+00:00,2026-08-31T20:33:50.191+00:00,2026-08-31T20:33:52.185+00:00,2026-08-31T20:33:52.185+00:00,0.349046,1.9936327449995588,sqs-worker-5986dcd897-x8rdl,ip-192-168-20-201.ec2.internal,c95fd91edb0c80afadcda3226f8ae64c07b0cdf9545c5baba7463af62dd840ce,1,3.0,1997.0
1,hpa-poisson-606-e03cba25,000157,98.270813,2026-08-31T20:33:57.202+00:00,2026-08-31T20:33:53.355+00:00,2026-08-31T20:33:53.363+00:00,2026-08-31T20:33:53.363+00:00,2026-08-31T20:33:53.702+00:00,2026-08-31T20:33:53.702+00:00,0.159325,0.3398430930010363,sqs-worker-5986dcd897-w8vqz,ip-192-168-20-201.ec2.internal,a065a4aaffcb6120dfecf0e9d29365e236e236236a007517bed433c518c36aa5,1,8.0,347.0
1,hpa-poisson-606-e03cba25,000159,99.852256,2026-08-31T20:33:58.783+00:00,2026-08-31T20:33:54.938+00:00,2026-08-31T20:33:54.942+00:00,2026-08-31T20:33:54.942+00:00,2026-08-31T20:33:54.996+00:00,2026-08-31T20:33:54.996+00:00,0.053436,0.053517319000093266,sqs-worker-5986dcd897-x8rdl,ip-192-168-20-201.ec2.internal,2b2b6c67b2d61dfd91e511d3a5f0cb2e3053fcecff6ae8ef06f80694fe1a70d9,1,4.0,58.0
1,hpa-poisson-606-e03cba25,000158,99.721482,2026-08-31T20:33:58.653+00:00,2026-08-31T20:33:54.809+00:00,2026-08-31T20:33:54.814+00:00,2026-08-31T20:33:54.814+00:00,2026-08-31T20:33:54.989+00:00,2026-08-31T20:33:54.989+00:00,0.082756,0.17532765800024208,sqs-worker-5986dcd897-gbpr5,ip-192-168-20-201.ec2.internal,6316e40493944d45b862c42604141642d45bb18fbeeb268fea3ca3d9332a17b5,1,5.0,180.0
1,hpa-poisson-606-e03cba25,000160,100.506087,2026-08-31T20:33:59.437+00:00,2026-08-31T20:33:55.591+00:00,2026-08-31T20:33:55.595+00:00,2026-08-31T20:33:55.595+00:00,2026-08-31T20:33:56.124+00:00,2026-08-31T20:33:56.124+00:00,0.239066,0.5294031020002876,sqs-worker-5986dcd897-gbpr5,ip-192-168-20-201.ec2.internal,9b6b1c1fcc580b4295a4c5c07d7f861aebedf1d05cf4a740af660a8d3662e14e,1,4.0,533.0
1,hpa-poisson-606-e03cba25,000161,100.649687,2026-08-31T20:33:59.580+00:00,2026-08-31T20:33:55.734+00:00,2026-08-31T20:33:55.744+00:00,2026-08-31T20:33:55.744+00:00,2026-08-31T20:33:56.172+00:00,2026-08-31T20:33:56.172+00:00,0.18994,0.42736199799946917,sqs-worker-5986dcd897-w8vqz,ip-192-168-20-201.ec2.internal,4985c8812aa88c2b338847527096750968c77565ff1bafc4767005108d332ef3,1,10.0,438.0
1,hpa-poisson-606-e03cba25,000163,101.887532,2026-08-31T20:34:00.818+00:00,2026-08-31T20:33:56.972+00:00,2026-08-31T20:33:56.976+00:00,2026-08-31T20:33:56.977+00:00,2026-08-31T20:33:57.108+00:00,2026-08-31T20:33:57.108+00:00,0.073543,0.13123420999909285,sqs-worker-5986dcd897-w8vqz,ip-192-168-20-201.ec2.internal,7086ee18c97954ecf3d5e25fc8a0b1ced397457599c4a58e8b802fca4b7e4760,1,4.0,136.0
1,hpa-poisson-606-e03cba25,000165,102.280687,2026-08-31T20:34:01.211+00:00,2026-08-31T20:33:57.365+00:00,2026-08-31T20:33:57.369+00:00,2026-08-31T20:33:57.369+00:00,2026-08-31T20:33:57.374+00:00,2026-08-31T20:33:57.374+00:00,0.005,0.005046284999480122,sqs-worker-5986dcd897-gbpr5,ip-192-168-20-201.ec2.internal,20226c7868faa0f3ac4dcfdc637ca1568726be6bb64b615f53c28fc632fa320e,1,4.0,9.0
1,hpa-poisson-606-e03cba25,000162,100.71133,2026-08-31T20:33:59.642+00:00,2026-08-31T20:33:55.796+00:00,2026-08-31T20:33:55.801+00:00,2026-08-31T20:33:55.801+00:00,2026-08-31T20:33:56.404+00:00,2026-08-31T20:33:56.404+00:00,0.261228,0.6033931519996258,sqs-worker-5986dcd897-x8rdl,ip-192-168-20-201.ec2.internal,df8b9f76e25767c25483da285355e3b21995df56e5a09103662a2583fbb19382,1,5.0,608.0
1,hpa-poisson-606-e03cba25,000166,102.554808,2026-08-31T20:34:01.486+00:00,2026-08-31T20:33:57.639+00:00,2026-08-31T20:33:57.652+00:00,2026-08-31T20:33:57.652+00:00,2026-08-31T20:33:58.051+00:00,2026-08-31T20:33:58.051+00:00,0.19036,0.3987592789999326,sqs-worker-5986dcd897-gbpr5,ip-192-168-20-201.ec2.internal,a6438507004a938791e25bfc5b727583f09c219c211c3e58c3f50e45c2dc3f85,1,13.0,412.0
1,hpa-poisson-606-e03cba25,000167,103.072411,2026-08-31T20:34:02.003+00:00,2026-08-31T20:33:58.158+00:00,2026-08-31T20:33:58.166+00:00,2026-08-31T20:33:58.166+00:00,2026-08-31T20:33:58.171+00:00,2026-08-31T20:33:58.171+00:00,0.005,0.005049250999945798,sqs-worker-5986dcd897-gbpr5,ip-192-168-20-201.ec2.internal,8d6ed81759a1ab48f8603fe4ea43555c4a64eb47ad10271e1a8294c827f61aa9,1,8.0,13.0
1,hpa-poisson-606-e03cba25,000164,102.256321,2026-08-31T20:34:01.187+00:00,2026-08-31T20:33:57.342+00:00,2026-08-31T20:33:57.348+00:00,2026-08-31T20:33:57.348+00:00,2026-08-31T20:33:59.349+00:00,2026-08-31T20:33:59.349+00:00,0.645849,2.001142882998465,sqs-worker-5986dcd897-w8vqz,ip-192-168-20-201.ec2.internal,83ee841f1929173c2b819d9b05f7d33b5e7897fce6dde2d02a846a7eefd4f55f,1,6.0,2007.0000000000002
1,hpa-poisson-606-e03cba25,000168,104.400698,2026-08-31T20:34:03.332+00:00,2026-08-31T20:33:59.488+00:00,2026-08-31T20:33:59.492+00:00,2026-08-31T20:33:59.492+00:00,2026-08-31T20:33:59.515+00:00,2026-08-31T20:33:59.515+00:00,0.023322,0.023363018000964075,sqs-worker-5986dcd897-gbpr5,ip-192-168-20-201.ec2.internal,86f5081b2768d3627803c7b7d5c4c6008eb235b083e3aadede64fb584ee65850,1,4.0,27.0
1,hpa-poisson-606-e03cba25,000170,105.883636,2026-08-31T20:34:04.814+00:00,2026-08-31T20:34:00.969+00:00,2026-08-31T20:34:00.973+00:00,2026-08-31T20:34:00.974+00:00,2026-08-31T20:34:00.979+00:00,2026-08-31T20:34:00.979+00:00,0.005595,0.0056685189993004315,sqs-worker-5986dcd897-w8vqz,ip-192-168-20-201.ec2.internal,7018a390edddb9d6fab9f4aa8d8b4f3b7afc0756b8c46484dc43e38a37efde89,1,4.0,10.0
1,hpa-poisson-606-e03cba25,000169,105.415738,2026-08-31T20:34:04.347+00:00,2026-08-31T20:34:00.501+00:00,2026-08-31T20:34:00.505+00:00,2026-08-31T20:34:00.505+00:00,2026-08-31T20:34:01.189+00:00,2026-08-31T20:34:01.189+00:00,0.121213,0.6842363400010072,sqs-worker-5986dcd897-x8rdl,ip-192-168-20-201.ec2.internal,1139382391de7217698a5e73a12e2894789da8bfe3d53880cf509aa55cc30d1b,1,4.0,688.0
1,hpa-poisson-606-e03cba25,000171,108.530513,2026-08-31T20:34:07.464+00:00,2026-08-31T20:34:03.622+00:00,2026-08-31T20:34:03.626+00:00,2026-08-31T20:34:03.626+00:00,2026-08-31T20:34:03.644+00:00,2026-08-31T20:34:03.644+00:00,0.016385,0.017229688000952592,sqs-worker-5986dcd897-w8vqz,ip-192-168-20-201.ec2.internal,7165d834962a72242c2cbf1e3a4ba834f8808bf7f1f14f05a2905209bf85671d,1,4.0,22.0
1,hpa-poisson-606-e03cba25,000172,108.795277,2026-08-31T20:34:07.726+00:00,2026-08-31T20:34:03.885+00:00,2026-08-31T20:34:03.889+00:00,2026-08-31T20:34:03.889+00:00,2026-08-31T20:34:05.086+00:00,2026-08-31T20:34:05.086+00:00,0.20354,1.1975179609999032,sqs-worker-5986dcd897-gbpr5,ip-192-168-20-201.ec2.internal,86ea582beba2e94796b82c0c2f37a05bc1cfda7f95d6e3e04982b2c9e1c521b5,1,4.0,1201.0
1,hpa-poisson-606-e03cba25,000173,110.526071,2026-08-31T20:34:09.458+00:00,2026-08-31T20:34:05.611+00:00,2026-08-31T20:34:05.618+00:00,2026-08-31T20:34:05.618+00:00,2026-08-31T20:34:05.995+00:00,2026-08-31T20:34:05.995+00:00,0.169908,0.3767303630011156,sqs-worker-5986dcd897-gbpr5,ip-192-168-20-201.ec2.internal,07e6716544fcd1fe4a56e5b95746476172458be442b131438c7ebb267c1e612e,1,7.0,384.0
1,hpa-poisson-606-e03cba25,000175,112.017944,2026-08-31T20:34:10.949+00:00,2026-08-31T20:34:07.101+00:00,2026-08-31T20:34:07.110+00:00,2026-08-31T20:34:07.110+00:00,2026-08-31T20:34:07.129+00:00,2026-08-31T20:34:07.129+00:00,0.018707,0.018756862000373076,sqs-worker-5986dcd897-w8vqz,ip-192-168-20-201.ec2.internal,a63b531c052129e82e1ce8849e864400ddb72347eaeceb0116b3e4b80d855f3b,1,9.0,28.0
1,hpa-poisson-606-e03cba25,000174,111.619226,2026-08-31T20:34:10.550+00:00,2026-08-31T20:34:06.704+00:00,2026-08-31T20:34:06.708+00:00,2026-08-31T20:34:06.708+00:00,2026-08-31T20:34:07.386+00:00,2026-08-31T20:34:07.386+00:00,0.283281,0.6777417119992606,sqs-worker-5986dcd897-x8rdl,ip-192-168-20-201.ec2.internal,ac42b4c9501eb4a9773f76fbdad83b9b4453cb3ed153398164da06da042f503d,1,4.0,682.0
1,hpa-poisson-606-e03cba25,000176,112.257473,2026-08-31T20:34:11.188+00:00,2026-08-31T20:34:07.343+00:00,2026-08-31T20:34:07.347+00:00,2026-08-31T20:34:07.347+00:00,2026-08-31T20:34:08.265+00:00,2026-08-31T20:34:08.265+00:00,0.379118,0.9172957109985873,sqs-worker-5986dcd897-w8vqz,ip-192-168-20-201.ec2.internal,0c7a97aea02c3524def8739b3de720a3abb6d8a3176d956ad6988c11d08d0e35,1,4.0,922.0
1,hpa-poisson-606-e03cba25,000178,113.109848,2026-08-31T20:34:12.041+00:00,2026-08-31T20:34:08.193+00:00,2026-08-31T20:34:08.198+00:00,2026-08-31T20:34:08.198+00:00,2026-08-31T20:34:09.102+00:00,2026-08-31T20:34:09.102+00:00,0.380208,0.904579960000774,sqs-worker-5986dcd897-x8rdl,ip-192-168-20-201.ec2.internal,1cd19bc6ffe8fb7d7a44183f450579e842de4154075cba5a326af26641db5279,1,5.0,909.0
1,hpa-poisson-606-e03cba25,000177,112.667437,2026-08-31T20:34:11.598+00:00,2026-08-31T20:34:07.751+00:00,2026-08-31T20:34:07.756+00:00,2026-08-31T20:34:07.756+00:00,2026-08-31T20:34:09.748+00:00,2026-08-31T20:34:09.748+00:00,0.81256,1.9926434150002024,sqs-worker-5986dcd897-gbpr5,ip-192-168-20-201.ec2.internal,a578383dfacf564c7916e0a9f691dfa1e32f3de098ce3530fdd8a2cc5d16d54c,1,5.0,1997.0
1,hpa-poisson-606-e03cba25,000179,114.771056,2026-08-31T20:34:13.703+00:00,2026-08-31T20:34:09.856+00:00,2026-08-31T20:34:09.860+00:00,2026-08-31T20:34:09.860+00:00,2026-08-31T20:34:09.933+00:00,2026-08-31T20:34:09.933+00:00,0.051498,0.0724843759999203,sqs-worker-5986dcd897-gbpr5,ip-192-168-20-201.ec2.internal,eafd59f438fe40906b45c196aa66692065f01f69fc57129c11c993ff5da5d6f3,1,4.0,77.0
1,hpa-poisson-606-e03cba25,000180,115.278584,2026-08-31T20:34:14.210+00:00,2026-08-31T20:34:10.362+00:00,2026-08-31T20:34:10.365+00:00,2026-08-31T20:34:10.365+00:00,2026-08-31T20:34:10.531+00:00,2026-08-31T20:34:10.531+00:00,0.084006,0.16619931499917584,sqs-worker-5986dcd897-gbpr5,ip-192-168-20-201.ec2.internal,1af837040e8cd04838e30a9d7f856f203a96cdfbe3ff43eae42a924f61107eae,1,3.0,169.0
1,hpa-poisson-606-e03cba25,000181,116.306937,2026-08-31T20:34:15.238+00:00,2026-08-31T20:34:11.391+00:00,2026-08-31T20:34:11.396+00:00,2026-08-31T20:34:11.396+00:00,2026-08-31T20:34:11.917+00:00,2026-08-31T20:34:11.917+00:00,0.234734,0.5211755389991595,sqs-worker-5986dcd897-x8rdl,ip-192-168-20-201.ec2.internal,1ff6e2424054a402f2dfec6867e7dfe0ee2e34936d4dc6ebe8f98cfcb0e32113,1,5.0,526.0
1,hpa-poisson-606-e03cba25,000182,117.330762,2026-08-31T20:34:16.262+00:00,2026-08-31T20:34:12.415+00:00,2026-08-31T20:34:12.418+00:00,2026-08-31T20:34:12.419+00:00,2026-08-31T20:34:13.220+00:00,2026-08-31T20:34:13.220+00:00,0.350091,0.8016092500001832,sqs-worker-5986dcd897-x8rdl,ip-192-168-20-201.ec2.internal,3cf9130c46bca569a9465b50fa4edf419e3bc642c757f70f4634f0c24bce4f1b,1,3.0,805.0
1,hpa-poisson-606-e03cba25,000183,117.829489,2026-08-31T20:34:16.760+00:00,2026-08-31T20:34:12.913+00:00,2026-08-31T20:34:12.917+00:00,2026-08-31T20:34:12.917+00:00,2026-08-31T20:34:13.286+00:00,2026-08-31T20:34:13.286+00:00,0.160397,0.3698212950002926,sqs-worker-5986dcd897-gbpr5,ip-192-168-20-201.ec2.internal,0425e9e2cd0984587b883b72684e6bbb1bc3bf8d858fdd4dc956b670559f788d,1,4.0,373.0
1,hpa-poisson-606-e03cba25,000186,120.751598,2026-08-31T20:34:19.682+00:00,2026-08-31T20:34:15.836+00:00,2026-08-31T20:34:15.841+00:00,2026-08-31T20:34:15.841+00:00,2026-08-31T20:34:15.868+00:00,2026-08-31T20:34:15.868+00:00,0.026652,0.026706039001510362,sqs-worker-5986dcd897-v2gp7,ip-192-168-20-201.ec2.internal,7a557ff3b008ecbb9a38a4844abe9c739d28313a92d8e01e6b12e9a6f594d518,1,5.0,32.0
1,hpa-poisson-606-e03cba25,000185,120.625313,2026-08-31T20:34:19.557+00:00,2026-08-31T20:34:15.713+00:00,2026-08-31T20:34:15.716+00:00,2026-08-31T20:34:15.716+00:00,2026-08-31T20:34:16.494+00:00,2026-08-31T20:34:16.494+00:00,0.331441,0.778077322000172,sqs-worker-5986dcd897-x8rdl,ip-192-168-20-201.ec2.internal,7363aa68042de9fe30745ca574177f4b10ac062f96aa6c44b0f85cb88ef05b81,1,3.0,781.0
1,hpa-poisson-606-e03cba25,000184,119.140325,2026-08-31T20:34:18.072+00:00,2026-08-31T20:34:14.225+00:00,2026-08-31T20:34:14.229+00:00,2026-08-31T20:34:14.229+00:00,2026-08-31T20:34:16.998+00:00,2026-08-31T20:34:16.998+00:00,0.861075,2.768707874998654,sqs-worker-5986dcd897-gbpr5,ip-192-168-20-201.ec2.internal,c437ca67c77ab87e7ad98e3445f7a66ec1168634c1830adf9b49a2866b3a48d7,1,4.0,2773.0
1,hpa-poisson-606-e03cba25,000187,123.189059,2026-08-31T20:34:22.122+00:00,2026-08-31T20:34:18.273+00:00,2026-08-31T20:34:18.280+00:00,2026-08-31T20:34:18.280+00:00,2026-08-31T20:34:18.580+00:00,2026-08-31T20:34:18.580+00:00,0.126267,0.3003872169992974,sqs-worker-5986dcd897-x8rdl,ip-192-168-20-201.ec2.internal,7e532d3d97c0b038319cf6c54b61aa55aecc0f96804769637c31655ef7a45967,1,7.0,307.0
1,hpa-poisson-606-e03cba25,000189,124.043074,2026-08-31T20:34:22.974+00:00,2026-08-31T20:34:19.125+00:00,2026-08-31T20:34:19.137+00:00,2026-08-31T20:34:19.137+00:00,2026-08-31T20:34:19.549+00:00,2026-08-31T20:34:19.549+00:00,0.198997,0.4120716449997417,sqs-worker-5986dcd897-v2gp7,ip-192-168-20-201.ec2.internal,196faf445a4f1ff4ff270a46cda67215c370947d83be5be51430fcba32e1e4ca,1,12.0,424.0
1,hpa-poisson-606-e03cba25,000191,124.914039,2026-08-31T20:34:23.845+00:00,2026-08-31T20:34:19.997+00:00,2026-08-31T20:34:20.001+00:00,2026-08-31T20:34:20.001+00:00,2026-08-31T20:34:20.123+00:00,2026-08-31T20:34:20.123+00:00,0.057089,0.1222036979997938,sqs-worker-5986dcd897-v2gp7,ip-192-168-20-201.ec2.internal,037ae3fd884dea402a3f81ea1eff7451e7142106b902233a72fdd22a806bad97,1,4.0,126.0
1,hpa-poisson-606-e03cba25,000188,123.639949,2026-08-31T20:34:22.571+00:00,2026-08-31T20:34:18.724+00:00,2026-08-31T20:34:18.729+00:00,2026-08-31T20:34:18.729+00:00,2026-08-31T20:34:20.381+00:00,2026-08-31T20:34:20.383+00:00,0.53082,1.6543164539998543,sqs-worker-5986dcd897-x8rdl,ip-192-168-20-201.ec2.internal,68b099172d56a14d1b464162f3aaa9a4ad50e77734754e7337dab03bf01d1a80,1,5.0,1657.0
1,hpa-poisson-606-e03cba25,000192,126.377868,2026-08-31T20:34:25.309+00:00,2026-08-31T20:34:21.461+00:00,2026-08-31T20:34:21.466+00:00,2026-08-31T20:34:21.466+00:00,2026-08-31T20:34:21.471+00:00,2026-08-31T20:34:21.471+00:00,0.005,0.00506897200102685,sqs-worker-5986dcd897-v2gp7,ip-192-168-20-201.ec2.internal,f2a77f00dee88f7850f0b5d13f77e6f2b9b8e5496b8b4df984560ea483233f0c,1,5.0,10.0
1,hpa-poisson-606-e03cba25,000190,124.484921,2026-08-31T20:34:23.416+00:00,2026-08-31T20:34:19.567+00:00,2026-08-31T20:34:19.597+00:00,2026-08-31T20:34:19.597+00:00,2026-08-31T20:34:22.014+00:00,2026-08-31T20:34:22.014+00:00,0.81804,2.4176457899993693,sqs-worker-5986dcd897-w8vqz,ip-192-168-20-201.ec2.internal,a96d89213dffdfef56ad0a5c18949c28ca6eef58cc5eff5a825a47a7e4e7837f,1,30.0,2447.0
1,hpa-poisson-606-e03cba25,000197,127.27339,2026-08-31T20:34:26.203+00:00,2026-08-31T20:34:22.365+00:00,2026-08-31T20:34:22.369+00:00,2026-08-31T20:34:22.369+00:00,2026-08-31T20:34:22.374+00:00,2026-08-31T20:34:22.374+00:00,0.005,0.005033994999394054,sqs-worker-5986dcd897-w8vqz,ip-192-168-20-201.ec2.internal,dc59cb4d7e7fb1435d5f5c7307e7b09fe62bf896fca20b7a84770b4b992510a9,1,4.0,9.0
1,hpa-poisson-606-e03cba25,000195,126.911505,2026-08-31T20:34:25.841+00:00,2026-08-31T20:34:21.993+00:00,2026-08-31T20:34:21.997+00:00,2026-08-31T20:34:21.997+00:00,2026-08-31T20:34:22.143+00:00,2026-08-31T20:34:22.143+00:00,0.084599,0.14552896399982274,sqs-worker-5986dcd897-v2gp7,ip-192-168-20-201.ec2.internal,3ccfe4fc116ed5a1429b4ba8fc994ab391820db3b766bb99013608648dd4834e,1,4.0,150.0
1,hpa-poisson-606-e03cba25,000194,126.69501,2026-08-31T20:34:25.624+00:00,2026-08-31T20:34:21.778+00:00,2026-08-31T20:34:21.782+00:00,2026-08-31T20:34:21.782+00:00,2026-08-31T20:34:22.201+00:00,2026-08-31T20:34:22.201+00:00,0.179786,0.41939052500129037,sqs-worker-5986dcd897-gbpr5,ip-192-168-20-201.ec2.internal,6c1fbb8245166483680b72bbb4d382dafcf64075f6f4e9ef7b9315dd601c58b4,1,4.0,423.0
1,hpa-poisson-606-e03cba25,000193,126.555842,2026-08-31T20:34:25.485+00:00,2026-08-31T20:34:21.638+00:00,2026-08-31T20:34:21.645+00:00,2026-08-31T20:34:21.645+00:00,2026-08-31T20:34:22.400+00:00,2026-08-31T20:34:22.400+00:00,0.338554,0.7556674999996176,sqs-worker-5986dcd897-x8rdl,ip-192-168-20-201.ec2.internal,4876ddfe1efee7278b5fc9e9d43ecb59da4947d3bfb25c811e33e41dc542b5b1,1,7.0,762.0
1,hpa-poisson-606-e03cba25,000196,127.218602,2026-08-31T20:34:26.148+00:00,2026-08-31T20:34:22.302+00:00,2026-08-31T20:34:22.305+00:00,2026-08-31T20:34:22.305+00:00,2026-08-31T20:34:22.821+00:00,2026-08-31T20:34:22.821+00:00,0.218535,0.5156998499987822,sqs-worker-5986dcd897-v2gp7,ip-192-168-20-201.ec2.internal,e6c9415458d46f1f69cec2181593b953675a346ee844bf28f343284a805d7f5d,1,3.0,519.0
1,hpa-poisson-606-e03cba25,000200,128.059341,2026-08-31T20:34:26.989+00:00,2026-08-31T20:34:23.151+00:00,2026-08-31T20:34:23.157+00:00,2026-08-31T20:34:23.157+00:00,2026-08-31T20:34:23.172+00:00,2026-08-31T20:34:23.172+00:00,0.015329,0.01536854299956758,sqs-worker-5986dcd897-w8vqz,ip-192-168-20-201.ec2.internal,5c0c4f79c36831c816b23ae1d389fc8ed1deded0efbd092de5eab2366455ab51,1,6.0,21.0
1,hpa-poisson-606-e03cba25,000198,127.756455,2026-08-31T20:34:26.686+00:00,2026-08-31T20:34:22.841+00:00,2026-08-31T20:34:22.844+00:00,2026-08-31T20:34:22.844+00:00,2026-08-31T20:34:22.861+00:00,2026-08-31T20:34:22.861+00:00,0.016572,0.016629489000479225,sqs-worker-5986dcd897-x8rdl,ip-192-168-20-201.ec2.internal,4c1305fde0b743347d310815374c0c0537d30d1fd0ae7edf5e8d853299559a2a,1,3.0,20.0
1,hpa-poisson-606-e03cba25,000199,127.764689,2026-08-31T20:34:26.694+00:00,2026-08-31T20:34:22.847+00:00,2026-08-31T20:34:22.850+00:00,2026-08-31T20:34:22.850+00:00,2026-08-31T20:34:23.434+00:00,2026-08-31T20:34:23.434+00:00,0.248582,0.5837954279995756,sqs-worker-5986dcd897-v2gp7,ip-192-168-20-201.ec2.internal,b1bc606229a90d1dd45cbd1ca7f85f8b264ef0a6a2b2f4a30ba779e782091635,1,3.0,587.0
1,hpa-poisson-606-e03cba25,000202,128.673083,2026-08-31T20:34:27.602+00:00,2026-08-31T20:34:23.755+00:00,2026-08-31T20:34:23.787+00:00,2026-08-31T20:34:23.787+00:00,2026-08-31T20:34:23.903+00:00,2026-08-31T20:34:23.903+00:00,0.037403,0.11677827199855528,sqs-worker-5986dcd897-gbpr5,ip-192-168-20-201.ec2.internal,b6de35619f9b84c5870e7a736be0aa768782a77f4f42da625013f8f718239fe1,1,32.0,148.0
1,hpa-poisson-606-e03cba25,000201,128.573648,2026-08-31T20:34:27.503+00:00,2026-08-31T20:34:23.655+00:00,2026-08-31T20:34:23.660+00:00,2026-08-31T20:34:23.660+00:00,2026-08-31T20:34:24.770+00:00,2026-08-31T20:34:24.770+00:00,0.46553,1.109967868998865,sqs-worker-5986dcd897-w8vqz,ip-192-168-20-201.ec2.internal,5138713df2aed80e24a45c3964fe3241bc4e9119d9e18034136b781dd34dad5a,1,5.0,1115.0
1,hpa-poisson-606-e03cba25,000203,130.583401,2026-08-31T20:34:29.515+00:00,2026-08-31T20:34:25.667+00:00,2026-08-31T20:34:25.670+00:00,2026-08-31T20:34:25.670+00:00,2026-08-31T20:34:26.299+00:00,2026-08-31T20:34:26.299+00:00,0.26911,0.629108406999876,sqs-worker-5986dcd897-gbpr5,ip-192-168-20-201.ec2.internal,4549916a115f05783bed31d42f1004417fa559f0d7eda579311f4be64b27bc7f,1,3.0,632.0
1,hpa-poisson-606-e03cba25,000204,131.054158,2026-08-31T20:34:29.984+00:00,2026-08-31T20:34:26.139+00:00,2026-08-31T20:34:26.155+00:00,2026-08-31T20:34:26.155+00:00,2026-08-31T20:34:26.879+00:00,2026-08-31T20:34:26.879+00:00,0.304682,0.7239213960001507,sqs-worker-5986dcd897-x8rdl,ip-192-168-20-201.ec2.internal,beace38c9e0662243f8bfdbc5af123a0c1169d3c5611ffefea05cc3590bca59c,1,16.0,740.0
1,hpa-poisson-606-e03cba25,000205,132.637432,2026-08-31T20:34:31.568+00:00,2026-08-31T20:34:27.721+00:00,2026-08-31T20:34:27.725+00:00,2026-08-31T20:34:27.725+00:00,2026-08-31T20:34:28.041+00:00,2026-08-31T20:34:28.041+00:00,0.145196,0.31680543800030136,sqs-worker-5986dcd897-gbpr5,ip-192-168-20-201.ec2.internal,d87f4944c0b98585b33fcdedc39d26fb5719b09bce0618e8a22452759db45fb3,1,4.0,320.0
1,hpa-poisson-606-e03cba25,000206,133.253338,2026-08-31T20:34:32.183+00:00,2026-08-31T20:34:28.335+00:00,2026-08-31T20:34:28.340+00:00,2026-08-31T20:34:28.340+00:00,2026-08-31T20:34:29.051+00:00,2026-08-31T20:34:29.052+00:00,0.190463,0.7118120449995331,sqs-worker-5986dcd897-w8vqz,ip-192-168-20-201.ec2.internal,0481ae1603fd5cfdfb33b23c71efaa66526e962701cb8e23f9eb738573beda0f,1,5.0,716.0
1,hpa-poisson-606-e03cba25,000208,135.10723,2026-08-31T20:34:34.037+00:00,2026-08-31T20:34:30.192+00:00,2026-08-31T20:34:30.200+00:00,2026-08-31T20:34:30.200+00:00,2026-08-31T20:34:30.308+00:00,2026-08-31T20:34:30.308+00:00,0.048803,0.10768126999937522,sqs-worker-5986dcd897-gbpr5,ip-192-168-20-201.ec2.internal,cad4a8aaa1a8a7e5152126f8b7a6baee56a2ec1f2c27550093411e778c9e1d02,1,8.0,116.0
1,hpa-poisson-606-e03cba25,000207,134.370797,2026-08-31T20:34:33.301+00:00,2026-08-31T20:34:29.453+00:00,2026-08-31T20:34:29.457+00:00,2026-08-31T20:34:29.457+00:00,2026-08-31T20:34:30.408+00:00,2026-08-31T20:34:30.408+00:00,0.397992,0.9513498070009518,sqs-worker-5986dcd897-v2gp7,ip-192-168-20-201.ec2.internal,6db9bfa3b4487d893aa214a0e6013cb70ab59a69fae4435a68e4abcfc8294376,1,4.0,955.0
1,hpa-poisson-606-e03cba25,000211,135.449621,2026-08-31T20:34:34.379+00:00,2026-08-31T20:34:30.533+00:00,2026-08-31T20:34:30.537+00:00,2026-08-31T20:34:30.537+00:00,2026-08-31T20:34:30.861+00:00,2026-08-31T20:34:30.861+00:00,0.1548,0.3247322349998285,sqs-worker-5986dcd897-gbpr5,ip-192-168-20-201.ec2.internal,b110cb4c5e1d96127bb1e8e5f395b29ea723e90b444d9ede7121817c7058ca51,1,4.0,328.0
1,hpa-poisson-606-e03cba25,000212,135.559401,2026-08-31T20:34:34.489+00:00,2026-08-31T20:34:30.641+00:00,2026-08-31T20:34:30.648+00:00,2026-08-31T20:34:30.648+00:00,2026-08-31T20:34:30.816+00:00,2026-08-31T20:34:30.816+00:00,0.083076,0.1677504979998048,sqs-worker-5986dcd897-v2gp7,ip-192-168-20-201.ec2.internal,232caba7f9e1d8e50aece85d4cb5fd070ac0ce7d1d1746ba1f5298cc7f6e6975,1,7.0,175.0
1,hpa-poisson-606-e03cba25,000210,135.207008,2026-08-31T20:34:34.136+00:00,2026-08-31T20:34:30.289+00:00,2026-08-31T20:34:30.297+00:00,2026-08-31T20:34:30.297+00:00,2026-08-31T20:34:30.706+00:00,2026-08-31T20:34:30.706+00:00,0.164574,0.40940355800012185,sqs-worker-5986dcd897-w8vqz,ip-192-168-20-201.ec2.internal,ae01ed3a5ff320dfdde9aa69a298bca22ae33a0e13a82f99591779c3bad99f23,1,8.0,417.0
1,hpa-poisson-606-e03cba25,000213,135.815367,2026-08-31T20:34:34.745+00:00,2026-08-31T20:34:30.903+00:00,2026-08-31T20:34:30.906+00:00,2026-08-31T20:34:30.906+00:00,2026-08-31T20:34:31.238+00:00,2026-08-31T20:34:31.238+00:00,0.141631,0.3319414460002008,sqs-worker-5986dcd897-gbpr5,ip-192-168-20-201.ec2.internal,bb8adf42ec36dbc13785d09758e4c26d63d204a87a736da2a5d41e65e55bff96,1,3.0,335.0
1,hpa-poisson-606-e03cba25,000209,135.198868,2026-08-31T20:34:34.128+00:00,2026-08-31T20:34:30.283+00:00,2026-08-31T20:34:30.293+00:00,2026-08-31T20:34:30.293+00:00,2026-08-31T20:34:32.194+00:00,2026-08-31T20:34:32.194+00:00,0.357446,1.9011972709995462,sqs-worker-5986dcd897-x8rdl,ip-192-168-20-201.ec2.internal,a09bffb608fb1c35612dc1aeef38e5a6fd046ca0ae2720f9fe89e89ffd6a99b3,1,10.0,1911.0
1,hpa-poisson-606-e03cba25,000214,136.460754,2026-08-31T20:34:35.391+00:00,2026-08-31T20:34:31.549+00:00,2026-08-31T20:34:31.556+00:00,2026-08-31T20:34:31.556+00:00,2026-08-31T20:34:31.669+00:00,2026-08-31T20:34:31.669+00:00,0.064298,0.1133414059986535,sqs-worker-5986dcd897-w8vqz,ip-192-168-20-201.ec2.internal,e226fc811a949b9d8e6d20bfbf51e933dca2d0bb043db6b97a6785ea5053fcaa,1,7.0,120.0
1,hpa-poisson-606-e03cba25,000216,137.343354,2026-08-31T20:34:36.273+00:00,2026-08-31T20:34:32.425+00:00,2026-08-31T20:34:32.429+00:00,2026-08-31T20:34:32.429+00:00,2026-08-31T20:34:32.487+00:00,2026-08-31T20:34:32.487+00:00,0.04458,0.05876423399968189,sqs-worker-5986dcd897-x8rdl,ip-192-168-20-201.ec2.internal,e214647f10fe541a4669d24951054be99d1217fb71f95b8ca6c7edd138a4cf6f,1,4.0,62.0
1,hpa-poisson-606-e03cba25,000215,136.793907,2026-08-31T20:34:35.724+00:00,2026-08-31T20:34:31.875+00:00,2026-08-31T20:34:31.887+00:00,2026-08-31T20:34:31.887+00:00,2026-08-31T20:34:32.534+00:00,2026-08-31T20:34:32.534+00:00,0.281173,0.6475202460005676,sqs-worker-5986dcd897-v2gp7,ip-192-168-20-201.ec2.internal,ba0ca6771f5c5a5b84025ec4535e38aa8b69f7f703052a2b80f60e95763a571a,1,12.0,659.0
1,hpa-poisson-606-e03cba25,000217,137.624606,2026-08-31T20:34:36.554+00:00,2026-08-31T20:34:32.707+00:00,2026-08-31T20:34:32.711+00:00,2026-08-31T20:34:32.711+00:00,2026-08-31T20:34:32.798+00:00,2026-08-31T20:34:32.798+00:00,0.050067,0.08771202100069786,sqs-worker-5986dcd897-w8vqz,ip-192-168-20-201.ec2.internal,07035d6b2b60aef687ca537405c0322428171b1a56c3a7f7b26f6b6da03349d5,1,4.0,91.0
1,hpa-poisson-606-e03cba25,000218,138.836187,2026-08-31T20:34:37.767+00:00,2026-08-31T20:34:33.919+00:00,2026-08-31T20:34:33.926+00:00,2026-08-31T20:34:33.926+00:00,2026-08-31T20:34:33.988+00:00,2026-08-31T20:34:33.988+00:00,0.009589,0.061681572999077616,sqs-worker-5986dcd897-v2gp7,ip-192-168-20-201.ec2.internal,d9c2ee28f4885a6e0519c2ae0e4933c8ee4ebad87d1840da2bb48626b2762d1b,1,7.0,69.0
1,hpa-poisson-606-e03cba25,000219,140.163754,2026-08-31T20:34:39.093+00:00,2026-08-31T20:34:35.257+00:00,2026-08-31T20:34:35.265+00:00,2026-08-31T20:34:35.265+00:00,2026-08-31T20:34:35.764+00:00,2026-08-31T20:34:35.764+00:00,0.217737,0.49898332199882134,sqs-worker-5986dcd897-w8vqz,ip-192-168-20-201.ec2.internal,3887329a2dd1078cef555f547ee6493701d6f6a639cba5badcdaf2dd33848e6a,1,8.0,507.0
1,hpa-poisson-606-e03cba25,000220,141.24489,2026-08-31T20:34:40.175+00:00,2026-08-31T20:34:36.328+00:00,2026-08-31T20:34:36.332+00:00,2026-08-31T20:34:36.332+00:00,2026-08-31T20:34:36.494+00:00,2026-08-31T20:34:36.494+00:00,0.091125,0.1622564980007155,sqs-worker-5986dcd897-x8rdl,ip-192-168-20-201.ec2.internal,80fd95aaa2c1036283de1ce39497c6d1ceb91d79ba90b95d5b5f11ed7f20d253,1,4.0,166.0
1,hpa-poisson-606-e03cba25,000221,141.921957,2026-08-31T20:34:40.852+00:00,2026-08-31T20:34:37.005+00:00,2026-08-31T20:34:37.009+00:00,2026-08-31T20:34:37.009+00:00,2026-08-31T20:34:37.089+00:00,2026-08-31T20:34:37.089+00:00,0.046704,0.080676264999056,sqs-worker-5986dcd897-x8rdl,ip-192-168-20-201.ec2.internal,795e854c39445acfdb028afa7348e0d0b21f39da54e45f5d7ef9132f25ebed22,1,4.0,84.0
1,hpa-poisson-606-e03cba25,000222,142.169552,2026-08-31T20:34:41.099+00:00,2026-08-31T20:34:37.253+00:00,2026-08-31T20:34:37.260+00:00,2026-08-31T20:34:37.260+00:00,2026-08-31T20:34:38.004+00:00,2026-08-31T20:34:38.004+00:00,0.325479,0.7447041430004901,sqs-worker-5986dcd897-x8rdl,ip-192-168-20-201.ec2.internal,be570becbdc12046146e0ad0debd320f6f9844d47a22545709eb8d33a983f8b3,1,7.0,751.0
1,hpa-poisson-606-e03cba25,000226,144.832038,2026-08-31T20:34:43.762+00:00,2026-08-31T20:34:39.913+00:00,2026-08-31T20:34:39.919+00:00,2026-08-31T20:34:39.919+00:00,2026-08-31T20:34:39.957+00:00,2026-08-31T20:34:39.957+00:00,0.027549,0.03762412200012477,sqs-worker-5986dcd897-w8vqz,ip-192-168-20-201.ec2.internal,0f2d49010f0bf6d90c0cc70fea441d20f1e71dd52b420bdbd52df4199e9adcc7,1,6.0,44.0
1,hpa-poisson-606-e03cba25,000224,144.352998,2026-08-31T20:34:43.283+00:00,2026-08-31T20:34:39.433+00:00,2026-08-31T20:34:39.438+00:00,2026-08-31T20:34:39.438+00:00,2026-08-31T20:34:40.026+00:00,2026-08-31T20:34:40.026+00:00,0.263403,0.5881521909996081,sqs-worker-5986dcd897-v2gp7,ip-192-168-20-201.ec2.internal,75c0be3973c31de45814109b93e83220beaa23df6b6753c11809d4d5737c65c4,1,5.0,593.0
1,hpa-poisson-606-e03cba25,000225,144.649184,2026-08-31T20:34:43.579+00:00,2026-08-31T20:34:39.735+00:00,2026-08-31T20:34:39.739+00:00,2026-08-31T20:34:39.739+00:00,2026-08-31T20:34:40.651+00:00,2026-08-31T20:34:40.652+00:00,0.384768,0.9124431090003782,sqs-worker-5986dcd897-gbpr5,ip-192-168-20-201.ec2.internal,8a490f531e2923517d62b661e69f8511614e0cee7f353ac049cb41e8e2ca4730,1,4.0,916.0
1,hpa-poisson-606-e03cba25,000227,145.557129,2026-08-31T20:34:44.487+00:00,2026-08-31T20:34:40.640+00:00,2026-08-31T20:34:40.645+00:00,2026-08-31T20:34:40.646+00:00,2026-08-31T20:34:40.719+00:00,2026-08-31T20:34:40.719+00:00,0.052491,0.07333485900016967,sqs-worker-5986dcd897-v2gp7,ip-192-168-20-201.ec2.internal,95522ff4c0347c327d0b63e04e1b30f3acbc7d636fe144b0a2f5710604c31deb,1,5.0,79.0
1,hpa-poisson-606-e03cba25,000229,145.81872,2026-08-31T20:34:44.748+00:00,2026-08-31T20:34:40.901+00:00,2026-08-31T20:34:40.906+00:00,2026-08-31T20:34:40.906+00:00,2026-08-31T20:34:40.920+00:00,2026-08-31T20:34:40.920+00:00,0.014797,0.014871629000481335,sqs-worker-5986dcd897-w8vqz,ip-192-168-20-201.ec2.internal,32ac7a6c98326fccd3e04908e57505d174d4032465453bf505637141363c1c41,1,5.0,19.0
1,hpa-poisson-606-e03cba25,000223,144.18863,2026-08-31T20:34:43.120+00:00,2026-08-31T20:34:39.271+00:00,2026-08-31T20:34:39.280+00:00,2026-08-31T20:34:39.280+00:00,2026-08-31T20:34:40.685+00:00,2026-08-31T20:34:40.685+00:00,0.359164,1.4054985390012007,sqs-worker-5986dcd897-x8rdl,ip-192-168-20-201.ec2.internal,67c28a9aee387e10e3fd0f0ab8578298cb13be0a6cb0b8a2f1a3eaea45a56514,1,9.0,1414.0
1,hpa-poisson-606-e03cba25,000228,145.600254,2026-08-31T20:34:44.530+00:00,2026-08-31T20:34:40.681+00:00,2026-08-31T20:34:40.684+00:00,2026-08-31T20:34:40.684+00:00,2026-08-31T20:34:41.259+00:00,2026-08-31T20:34:41.259+00:00,0.242105,0.5747523780009942,sqs-worker-5986dcd897-gbpr5,ip-192-168-20-201.ec2.internal,efa90872a20a8e8e2f93913d99a85d5243cb1d84b3caf84c0c8aad54067c563a,1,3.0,578.0
1,hpa-poisson-606-e03cba25,000230,145.830411,2026-08-31T20:34:44.760+00:00,2026-08-31T20:34:40.912+00:00,2026-08-31T20:34:40.923+00:00,2026-08-31T20:34:40.923+00:00,2026-08-31T20:34:41.892+00:00,2026-08-31T20:34:41.892+00:00,0.176524,0.969862687999921,sqs-worker-5986dcd897-x8rdl,ip-192-168-20-201.ec2.internal,d0e3fad29faf9821076cc5e89ef28e43438b9ab8f370b0507ea78c7d445f3d7e,1,11.0,980.0
1,hpa-poisson-606-e03cba25,000231,146.87489,2026-08-31T20:34:45.805+00:00,2026-08-31T20:34:41.957+00:00,2026-08-31T20:34:41.961+00:00,2026-08-31T20:34:41.961+00:00,2026-08-31T20:34:42.304+00:00,2026-08-31T20:34:42.304+00:00,0.160761,0.3427428869999858,sqs-worker-5986dcd897-v2gp7,ip-192-168-20-201.ec2.internal,ae5e3a47c50d1f4a8da59e7a50970cc9a46a1ffc6578055183f2e92357e0a258,1,4.0,347.0
1,hpa-poisson-606-e03cba25,000232,147.288706,2026-08-31T20:34:46.218+00:00,2026-08-31T20:34:42.370+00:00,2026-08-31T20:34:42.374+00:00,2026-08-31T20:34:42.374+00:00,2026-08-31T20:34:42.708+00:00,2026-08-31T20:34:42.708+00:00,0.157882,0.33462152700121806,sqs-worker-5986dcd897-gbpr5,ip-192-168-20-201.ec2.internal,580b713cc11e472db7b9b2b9eddd841e3d996dfa7aa959d8b2e223dececb2dc2,1,4.0,338.0
1,hpa-poisson-606-e03cba25,000233,147.944916,2026-08-31T20:34:46.875+00:00,2026-08-31T20:34:43.031+00:00,2026-08-31T20:34:43.035+00:00,2026-08-31T20:34:43.035+00:00,2026-08-31T20:34:43.218+00:00,2026-08-31T20:34:43.218+00:00,0.115747,0.18377000399959798,sqs-worker-5986dcd897-x8rdl,ip-192-168-20-201.ec2.internal,4b30556ddf752a7136d6b84ed8291d62914744df0a839f91020918e0f45f272e,1,4.0,187.0
1,hpa-poisson-606-e03cba25,000234,148.497938,2026-08-31T20:34:47.428+00:00,2026-08-31T20:34:43.579+00:00,2026-08-31T20:34:43.584+00:00,2026-08-31T20:34:43.584+00:00,2026-08-31T20:34:44.197+00:00,2026-08-31T20:34:44.197+00:00,0.253264,0.6136711359995388,sqs-worker-5986dcd897-x8rdl,ip-192-168-20-201.ec2.internal,fabd31a8db16055ce34bcaf01a57af5bf3acf3528f2ce26b1bc5558a34b2e3ac,1,5.0,618.0
1,hpa-poisson-606-e03cba25,000235,150.327593,2026-08-31T20:34:49.257+00:00,2026-08-31T20:34:45.413+00:00,2026-08-31T20:34:45.416+00:00,2026-08-31T20:34:45.416+00:00,2026-08-31T20:34:45.421+00:00,2026-08-31T20:34:45.421+00:00,0.005,0.005038702000092599,sqs-worker-5986dcd897-gbpr5,ip-192-168-20-201.ec2.internal,1327f3c6aa66a8df420b40f01bed210e5f21bccd73e5b6169aa6d806d6d2cff3,1,3.0,8.0
1,hpa-poisson-606-e03cba25,000236,150.418497,2026-08-31T20:34:49.348+00:00,2026-08-31T20:34:45.506+00:00,2026-08-31T20:34:45.509+00:00,2026-08-31T20:34:45.509+00:00,2026-08-31T20:34:45.808+00:00,2026-08-31T20:34:45.808+00:00,0.125536,0.29830893600046693,sqs-worker-5986dcd897-v2gp7,ip-192-168-20-201.ec2.internal,04c1161e5464eb8d348ac2beb4ea0f7d053c77c3586ca545b7b7a8ef3c7fad43,1,3.0,302.0
1,hpa-poisson-606-e03cba25,000238,151.558961,2026-08-31T20:34:50.489+00:00,2026-08-31T20:34:46.645+00:00,2026-08-31T20:34:46.649+00:00,2026-08-31T20:34:46.649+00:00,2026-08-31T20:34:46.672+00:00,2026-08-31T20:34:46.672+00:00,0.022773,0.022812389999671723,sqs-worker-5986dcd897-w8vqz,ip-192-168-20-201.ec2.internal,3ec19f481a01231fb4ff181f95de4271a697b14c45425752caf5c84c278d6a32,1,4.0,27.0
1,hpa-poisson-606-e03cba25,000237,151.209585,2026-08-31T20:34:50.140+00:00,2026-08-31T20:34:46.292+00:00,2026-08-31T20:34:46.296+00:00,2026-08-31T20:34:46.296+00:00,2026-08-31T20:34:46.921+00:00,2026-08-31T20:34:46.921+00:00,0.269348,0.6254791470000782,sqs-worker-5986dcd897-v2gp7,ip-192-168-20-201.ec2.internal,3d1dfb61872efde3b1aa502ab0cf52db2cfde26e93b35857c6e0fd8c82171510,1,4.0,629.0
1,hpa-poisson-606-e03cba25,000240,152.063842,2026-08-31T20:34:50.993+00:00,2026-08-31T20:34:47.145+00:00,2026-08-31T20:34:47.150+00:00,2026-08-31T20:34:47.150+00:00,2026-08-31T20:34:47.176+00:00,2026-08-31T20:34:47.176+00:00,0.025457,0.025673140999060706,sqs-worker-5986dcd897-v2gp7,ip-192-168-20-201.ec2.internal,11d26d0106a5d826710f51b5a5ffd1778d52a6000140a460af2b36e6c4230ae6,1,5.0,31.0
1,hpa-poisson-606-e03cba25,000242,152.340836,2026-08-31T20:34:51.270+00:00,2026-08-31T20:34:47.423+00:00,2026-08-31T20:34:47.427+00:00,2026-08-31T20:34:47.427+00:00,2026-08-31T20:34:47.521+00:00,2026-08-31T20:34:47.521+00:00,0.058444,0.09382733699931123,sqs-worker-5986dcd897-v2gp7,ip-192-168-20-201.ec2.internal,59db7545bf145b28df9cd0a7a2955cbfafae8cbd3c01c0477dc10b665629d0d4,1,4.0,98.0
1,hpa-poisson-606-e03cba25,000239,151.956078,2026-08-31T20:34:50.886+00:00,2026-08-31T20:34:47.038+00:00,2026-08-31T20:34:47.041+00:00,2026-08-31T20:34:47.041+00:00,2026-08-31T20:34:47.646+00:00,2026-08-31T20:34:47.646+00:00,0.25997,0.6043000449990359,sqs-worker-5986dcd897-gbpr5,ip-192-168-20-201.ec2.internal,09be25fbd5570456adfdcc462625719a209d41af5eec8c3d571367e3e447084d,1,3.0,608.0
1,hpa-poisson-606-e03cba25,000241,152.296842,2026-08-31T20:34:51.226+00:00,2026-08-31T20:34:47.383+00:00,2026-08-31T20:34:47.387+00:00,2026-08-31T20:34:47.387+00:00,2026-08-31T20:34:47.928+00:00,2026-08-31T20:34:47.928+00:00,0.236168,0.5413040929997806,sqs-worker-5986dcd897-w8vqz,ip-192-168-20-201.ec2.internal,4914b9a82ac8c70593110907741a44bc17260f8cea5dd5c09aec8b481abd1019,1,4.0,545.0
1,hpa-poisson-606-e03cba25,000243,152.444377,2026-08-31T20:34:51.374+00:00,2026-08-31T20:34:47.533+00:00,2026-08-31T20:34:47.538+00:00,2026-08-31T20:34:47.538+00:00,2026-08-31T20:34:48.209+00:00,2026-08-31T20:34:48.209+00:00,0.309734,0.6709675050005899,sqs-worker-5986dcd897-x8rdl,ip-192-168-20-201.ec2.internal,f308f71c81da1b522314a35320e70f8c470c75cb3e4e9199ef22d902f1e576d5,1,5.0,676.0
1,hpa-poisson-606-e03cba25,000244,154.077056,2026-08-31T20:34:53.008+00:00,2026-08-31T20:34:49.164+00:00,2026-08-31T20:34:49.200+00:00,2026-08-31T20:34:49.200+00:00,2026-08-31T20:34:49.205+00:00,2026-08-31T20:34:49.205+00:00,0.005,0.0050719959999696584,sqs-worker-5986dcd897-w8vqz,ip-192-168-20-201.ec2.internal,1dfcaf16dd669e602a685fcebfe5c559590526d0400d7cdb26fd0a697c2f1113,1,36.0,41.0
1,hpa-poisson-606-e03cba25,000245,155.000692,2026-08-31T20:34:53.931+00:00,2026-08-31T20:34:50.084+00:00,2026-08-31T20:34:50.087+00:00,2026-08-31T20:34:50.087+00:00,2026-08-31T20:34:50.810+00:00,2026-08-31T20:34:50.810+00:00,0.293174,0.723353210998539,sqs-worker-5986dcd897-gbpr5,ip-192-168-20-201.ec2.internal,6fefa70e80a56c65f49174a831e8c273f1edd1d96b8f50a0bd3ab9d1bce90bfd,1,3.0,726.0
1,hpa-poisson-606-e03cba25,000249,156.210797,2026-08-31T20:34:55.140+00:00,2026-08-31T20:34:51.297+00:00,2026-08-31T20:34:51.302+00:00,2026-08-31T20:34:51.302+00:00,2026-08-31T20:34:51.399+00:00,2026-08-31T20:34:51.399+00:00,0.045391,0.09692749699934211,sqs-worker-5986dcd897-w8vqz,ip-192-168-20-201.ec2.internal,5a7dfa23f453a0109ab64f279e534d9488a624347b85c015a47958e6521cf2a7,1,5.0,102.0
1,hpa-poisson-606-e03cba25,000246,155.226025,2026-08-31T20:34:54.156+00:00,2026-08-31T20:34:50.307+00:00,2026-08-31T20:34:50.310+00:00,2026-08-31T20:34:50.310+00:00,2026-08-31T20:34:51.825+00:00,2026-08-31T20:34:51.825+00:00,0.619884,1.5149301540004672,sqs-worker-5986dcd897-v2gp7,ip-192-168-20-201.ec2.internal,21fbfd330b4e1a439f8863bf9abfdecf345d1ff904c733f7bc1be77694eeccea,1,3.0,1518.0
1,hpa-poisson-606-e03cba25,000247,155.522787,2026-08-31T20:34:54.452+00:00,2026-08-31T20:34:50.604+00:00,2026-08-31T20:34:50.617+00:00,2026-08-31T20:34:50.617+00:00,2026-08-31T20:34:51.064+00:00,2026-08-31T20:34:51.064+00:00,0.197258,0.4472475820002728,sqs-worker-5986dcd897-w8vqz,ip-192-168-20-201.ec2.internal,d85ca3071cb2486bb550a405c38d450c273590acbcc834bf1dfdbf0b81f78e65,1,13.0,460.0
1,hpa-poisson-606-e03cba25,000250,156.325601,2026-08-31T20:34:55.254+00:00,2026-08-31T20:34:51.405+00:00,2026-08-31T20:34:51.409+00:00,2026-08-31T20:34:51.409+00:00,2026-08-31T20:34:51.515+00:00,2026-08-31T20:34:51.515+00:00,0.067263,0.10633546600001864,sqs-worker-5986dcd897-gbpr5,ip-192-168-20-201.ec2.internal,cd8f1fcb8891ac297c80ba7dbdc216767f549730b9ed3f6c03ccdface01dcdec,1,4.0,110.0
1,hpa-poisson-606-e03cba25,000252,157.029631,2026-08-31T20:34:55.958+00:00,2026-08-31T20:34:52.109+00:00,2026-08-31T20:34:52.115+00:00,2026-08-31T20:34:52.115+00:00,2026-08-31T20:34:52.124+00:00,2026-08-31T20:34:52.124+00:00,0.008913,0.008986295000795508,sqs-worker-5986dcd897-v2gp7,ip-192-168-20-201.ec2.internal,d60f736096872adeb0bf39edd820335983264b55be9c736066feef67ea29ab37,1,6.0,15.0
1,hpa-poisson-606-e03cba25,000248,155.531499,2026-08-31T20:34:54.461+00:00,2026-08-31T20:34:50.611+00:00,2026-08-31T20:34:50.675+00:00,2026-08-31T20:34:50.675+00:00,2026-08-31T20:34:51.990+00:00,2026-08-31T20:34:51.990+00:00,0.391304,1.3153277219989832,sqs-worker-5986dcd897-x8rdl,ip-192-168-20-201.ec2.internal,fca93127d555b515851af98611240ea6294fd63785cd4da5e2fa43ee6fbefbe6,1,64.0,1379.0
1,hpa-poisson-606-e03cba25,000251,157.000325,2026-08-31T20:34:55.929+00:00,2026-08-31T20:34:52.082+00:00,2026-08-31T20:34:52.115+00:00,2026-08-31T20:34:52.115+00:00,2026-08-31T20:34:52.416+00:00,2026-08-31T20:34:52.416+00:00,0.153253,0.3008890479995898,sqs-worker-5986dcd897-x8rdl,ip-192-168-20-201.ec2.internal,677a673ad94ffb34c8a050d95baab4d22404e5613118b4c3d3f918a71b8ac2a4,1,33.0,334.0
1,hpa-poisson-606-e03cba25,000253,157.172679,2026-08-31T20:34:56.101+00:00,2026-08-31T20:34:52.259+00:00,2026-08-31T20:34:52.263+00:00,2026-08-31T20:34:52.263+00:00,2026-08-31T20:34:52.634+00:00,2026-08-31T20:34:52.634+00:00,0.192608,0.37130007599989767,sqs-worker-5986dcd897-v2gp7,ip-192-168-20-201.ec2.internal,8265d8f6e3ba3a6d208a90e47b74b3454824e87079a57c431160d16a95d50f5c,1,4.0,375.0
1,hpa-poisson-606-e03cba25,000255,158.394451,2026-08-31T20:34:57.323+00:00,2026-08-31T20:34:53.475+00:00,2026-08-31T20:34:53.479+00:00,2026-08-31T20:34:53.479+00:00,2026-08-31T20:34:54.213+00:00,2026-08-31T20:34:54.213+00:00,0.319502,0.7341653160001442,sqs-worker-5986dcd897-w8vqz,ip-192-168-20-201.ec2.internal,d4d1325ae0d5a1eb79f6c482fe5170743c2c864d18511c6096c72c184325d481,1,4.0,738.0
1,hpa-poisson-606-e03cba25,000254,157.829391,2026-08-31T20:34:56.759+00:00,2026-08-31T20:34:53.434+00:00,2026-08-31T20:34:53.438+00:00,2026-08-31T20:34:53.438+00:00,2026-08-31T20:34:56.138+00:00,2026-08-31T20:34:56.138+00:00,0.585287,2.7001517200005765,sqs-worker-5986dcd897-gbpr5,ip-192-168-20-201.ec2.internal,60335e79ce91ce4c7a320ff62ce1c80e50e177bcacbb6c2e99dacdbf1402b024,1,4.0,2704.0
1,hpa-poisson-606-e03cba25,000256,161.74886,2026-08-31T20:35:00.681+00:00,2026-08-31T20:34:56.838+00:00,2026-08-31T20:34:56.842+00:00,2026-08-31T20:34:56.842+00:00,2026-08-31T20:34:57.851+00:00,2026-08-31T20:34:57.851+00:00,0.4103,1.009337614001197,sqs-worker-5986dcd897-w8vqz,ip-192-168-20-201.ec2.internal,366f74fcc05d6c3c453afe8c6b0d456195fdbd091d36e2c238af31837adfc457,1,4.0,1012.9999999999999
1,hpa-poisson-606-e03cba25,000257,162.738041,2026-08-31T20:35:01.667+00:00,2026-08-31T20:34:57.820+00:00,2026-08-31T20:34:57.827+00:00,2026-08-31T20:34:57.827+00:00,2026-08-31T20:34:57.884+00:00,2026-08-31T20:34:57.884+00:00,0.041484,0.0568694459998369,sqs-worker-5986dcd897-x8rdl,ip-192-168-20-201.ec2.internal,0de0a276958fc8a470fd9f5be1fc114f7263b8679fef3c5a2373c29fd997a1e7,1,7.0,64.0
1,hpa-poisson-606-e03cba25,000258,162.94805,2026-08-31T20:35:01.877+00:00,2026-08-31T20:34:58.028+00:00,2026-08-31T20:34:58.032+00:00,2026-08-31T20:34:58.032+00:00,2026-08-31T20:34:58.148+00:00,2026-08-31T20:34:58.148+00:00,0.057159,0.11618707200068457,sqs-worker-5986dcd897-w8vqz,ip-192-168-20-201.ec2.internal,1fd3e7d15e3568bc02468243f21842b7a02259a7aa08ec19fad9a2d0b24cfe18,1,4.0,120.0
1,hpa-poisson-606-e03cba25,000259,165.111364,2026-08-31T20:35:04.042+00:00,2026-08-31T20:35:00.197+00:00,2026-08-31T20:35:00.202+00:00,2026-08-31T20:35:00.203+00:00,2026-08-31T20:35:01.111+00:00,2026-08-31T20:35:01.111+00:00,0.385539,0.9084042779995798,sqs-worker-5986dcd897-gbpr5,ip-192-168-20-201.ec2.internal,d53b88b74f0ef0fcb2656294c8c9c2e36b73bc646cd4867df18195f6ce8a9609,1,5.0,914.0
1,hpa-poisson-606-e03cba25,000262,167.134279,2026-08-31T20:35:06.063+00:00,2026-08-31T20:35:02.214+00:00,2026-08-31T20:35:02.218+00:00,2026-08-31T20:35:02.218+00:00,2026-08-31T20:35:02.647+00:00,2026-08-31T20:35:02.647+00:00,0.191401,0.4292150840010436,sqs-worker-5986dcd897-w8vqz,ip-192-168-20-201.ec2.internal,446624aaf326d6e822ac262155d081132964b1e76d766293ad710f4ae9d13f82,1,4.0,433.0
1,hpa-poisson-606-e03cba25,000264,167.618214,2026-08-31T20:35:06.547+00:00,2026-08-31T20:35:02.700+00:00,2026-08-31T20:35:02.704+00:00,2026-08-31T20:35:02.704+00:00,2026-08-31T20:35:02.816+00:00,2026-08-31T20:35:02.816+00:00,0.0501,0.11236284600090585,sqs-worker-5986dcd897-w8vqz,ip-192-168-20-201.ec2.internal,9f4d243328198b153cd528c55dfdffd019ed0f30f689dbc5a9c8135b7e5432e0,1,4.0,116.0
1,hpa-poisson-606-e03cba25,000260,167.055939,2026-08-31T20:35:05.985+00:00,2026-08-31T20:35:02.144+00:00,2026-08-31T20:35:02.148+00:00,2026-08-31T20:35:02.148+00:00,2026-08-31T20:35:02.705+00:00,2026-08-31T20:35:02.705+00:00,0.258099,0.5569160160011961,sqs-worker-5986dcd897-x8rdl,ip-192-168-20-201.ec2.internal,a86d5ba01f1cfc173e4cdaccce29d575836974ef8430108203d9362f4a25a619,1,4.0,561.0
1,hpa-poisson-606-e03cba25,000261,167.090357,2026-08-31T20:35:06.019+00:00,2026-08-31T20:35:02.171+00:00,2026-08-31T20:35:02.175+00:00,2026-08-31T20:35:02.175+00:00,2026-08-31T20:35:03.612+00:00,2026-08-31T20:35:03.612+00:00,0.584831,1.4363904250003543,sqs-worker-5986dcd897-v2gp7,ip-192-168-20-201.ec2.internal,b9256e2ae046ffb335c642e4e34faff1285832b5d20cb9d90c8d833fbaa1c94c,1,4.0,1441.0
1,hpa-poisson-606-e03cba25,000263,167.172803,2026-08-31T20:35:06.102+00:00,2026-08-31T20:35:02.779+00:00,2026-08-31T20:35:02.783+00:00,2026-08-31T20:35:02.783+00:00,2026-08-31T20:35:03.699+00:00,2026-08-31T20:35:03.699+00:00,0.376758,0.9162777530000312,sqs-worker-5986dcd897-x8rdl,ip-192-168-20-201.ec2.internal,29cc6279f85ae381b8e3c648a8350e7d742480ea6d727b8ba43dae7c911160b7,1,4.0,920.0
1,hpa-poisson-606-e03cba25,000265,167.871169,2026-08-31T20:35:06.800+00:00,2026-08-31T20:35:02.957+00:00,2026-08-31T20:35:02.960+00:00,2026-08-31T20:35:02.960+00:00,2026-08-31T20:35:03.281+00:00,2026-08-31T20:35:03.281+00:00,0.155585,0.3206564039992372,sqs-worker-5986dcd897-w8vqz,ip-192-168-20-201.ec2.internal,1207f61017597849b9e85d3656b6539502cbe132186042afc945a2a2aa02d6be,1,3.0,324.0
1,hpa-poisson-606-e03cba25,000266,168.257098,2026-08-31T20:35:07.186+00:00,2026-08-31T20:35:03.345+00:00,2026-08-31T20:35:03.349+00:00,2026-08-31T20:35:03.349+00:00,2026-08-31T20:35:03.479+00:00,2026-08-31T20:35:03.479+00:00,0.073632,0.13038258200140262,sqs-worker-5986dcd897-w8vqz,ip-192-168-20-201.ec2.internal,95c78abbc4837e2e2c5fb12bc0ad3f9d7b7aba6dc317faafb3139dd992b9aeb0,1,4.0,134.0
1,hpa-poisson-606-e03cba25,000268,169.820151,2026-08-31T20:35:08.749+00:00,2026-08-31T20:35:04.897+00:00,2026-08-31T20:35:04.901+00:00,2026-08-31T20:35:04.901+00:00,2026-08-31T20:35:04.906+00:00,2026-08-31T20:35:04.906+00:00,0.005,0.0050373140002193395,sqs-worker-5986dcd897-v2gp7,ip-192-168-20-201.ec2.internal,f29ff3c38b296162761450f6cc7c0687a7ba7883325f8f378ce26d2b329660e4,1,4.0,9.0
1,hpa-poisson-606-e03cba25,000270,169.943356,2026-08-31T20:35:08.872+00:00,2026-08-31T20:35:05.026+00:00,2026-08-31T20:35:05.030+00:00,2026-08-31T20:35:05.030+00:00,2026-08-31T20:35:05.035+00:00,2026-08-31T20:35:05.035+00:00,0.005,0.005173834000743227,sqs-worker-5986dcd897-gbpr5,ip-192-168-20-201.ec2.internal,4f9035b9ff34f0d951d5198bcb1dbde1cc69d5b0ed927e19e45ca55497ce0e89,1,4.0,9.0
1,hpa-poisson-606-e03cba25,000267,169.454251,2026-08-31T20:35:08.384+00:00,2026-08-31T20:35:04.537+00:00,2026-08-31T20:35:04.547+00:00,2026-08-31T20:35:04.547+00:00,2026-08-31T20:35:05.073+00:00,2026-08-31T20:35:05.073+00:00,0.227556,0.5268393370006379,sqs-worker-5986dcd897-w8vqz,ip-192-168-20-201.ec2.internal,399a6f7975e94ece6728621e95aa26e8f7e7329526a3b9630f4ea7947234521a,1,10.0,536.0
1,hpa-poisson-606-e03cba25,000271,170.244073,2026-08-31T20:35:09.173+00:00,2026-08-31T20:35:05.323+00:00,2026-08-31T20:35:05.327+00:00,2026-08-31T20:35:05.327+00:00,2026-08-31T20:35:05.766+00:00,2026-08-31T20:35:05.766+00:00,0.200394,0.43886881999969773,sqs-worker-5986dcd897-gbpr5,ip-192-168-20-201.ec2.internal,f0ffacfbb5e6ea7deb9bfb3045af3461a4754c9cd0458864f34c9d4908a1cb93,1,4.0,443.0
1,hpa-poisson-606-e03cba25,000269,169.924639,2026-08-31T20:35:08.853+00:00,2026-08-31T20:35:05.006+00:00,2026-08-31T20:35:05.011+00:00,2026-08-31T20:35:05.011+00:00,2026-08-31T20:35:05.825+00:00,2026-08-31T20:35:05.825+00:00,0.343269,0.8142851400007203,sqs-worker-5986dcd897-v2gp7,ip-192-168-20-201.ec2.internal,bcf5e7371aa196e343b9f086cbe15578dc693f9225bda00f806fe6a706df3962,1,5.0,819.0
1,hpa-poisson-606-e03cba25,000273,171.32467,2026-08-31T20:35:10.253+00:00,2026-08-31T20:35:06.405+00:00,2026-08-31T20:35:06.410+00:00,2026-08-31T20:35:06.410+00:00,2026-08-31T20:35:06.438+00:00,2026-08-31T20:35:06.438+00:00,0.02778,0.02782917599870416,sqs-worker-5986dcd897-w8vqz,ip-192-168-20-201.ec2.internal,79ee05e0b0c044b5250bf643d727a3f2856791a8b8463baa231911b768782bae,1,5.0,33.0
1,hpa-poisson-606-e03cba25,000272,171.078979,2026-08-31T20:35:10.008+00:00,2026-08-31T20:35:06.199+00:00,2026-08-31T20:35:06.203+00:00,2026-08-31T20:35:06.203+00:00,2026-08-31T20:35:06.607+00:00,2026-08-31T20:35:06.607+00:00,0.184389,0.40438535799876263,sqs-worker-5986dcd897-x8rdl,ip-192-168-20-201.ec2.internal,aa85eaac646e5a6c91b4b6ad8a838afb62277b697b7a799fc9a26e925bd3ce2a,1,4.0,408.0
1,hpa-poisson-606-e03cba25,000274,172.433187,2026-08-31T20:35:11.363+00:00,2026-08-31T20:35:07.515+00:00,2026-08-31T20:35:07.518+00:00,2026-08-31T20:35:07.518+00:00,2026-08-31T20:35:07.711+00:00,2026-08-31T20:35:07.711+00:00,0.108795,0.19322867099981522,sqs-worker-5986dcd897-x8rdl,ip-192-168-20-201.ec2.internal,d631c1ecdb3206679712f8148c6721fcf12d154334aed5d6178c741706008cd0,1,3.0,196.0
1,hpa-poisson-606-e03cba25,000276,173.124082,2026-08-31T20:35:12.053+00:00,2026-08-31T20:35:08.202+00:00,2026-08-31T20:35:08.207+00:00,2026-08-31T20:35:08.207+00:00,2026-08-31T20:35:08.315+00:00,2026-08-31T20:35:08.315+00:00,0.071787,0.10785851899890986,sqs-worker-5986dcd897-x8rdl,ip-192-168-20-201.ec2.internal,2bf886174c90a8f25aa3df954b1f361be0844e191cd7007ad38a35a5e5cf1316,1,5.0,113.0
1,hpa-poisson-606-e03cba25,000275,172.828458,2026-08-31T20:35:11.757+00:00,2026-08-31T20:35:07.909+00:00,2026-08-31T20:35:07.912+00:00,2026-08-31T20:35:07.912+00:00,2026-08-31T20:35:08.403+00:00,2026-08-31T20:35:08.403+00:00,0.21551,0.4910788239994872,sqs-worker-5986dcd897-w8vqz,ip-192-168-20-201.ec2.internal,00d548249d1dd2afc7426974543403fc79c079eb452890cab3200d9fea724979,1,3.0,494.0
1,hpa-poisson-606-e03cba25,000278,173.479599,2026-08-31T20:35:12.408+00:00,2026-08-31T20:35:08.565+00:00,2026-08-31T20:35:08.569+00:00,2026-08-31T20:35:08.570+00:00,2026-08-31T20:35:08.793+00:00,2026-08-31T20:35:08.793+00:00,0.104376,0.2238728340016678,sqs-worker-5986dcd897-x8rdl,ip-192-168-20-201.ec2.internal,8f448b95129337da12d54421eb67af33eed9f8ba944f53ad876345a2ab057f12,1,4.0,228.0
1,hpa-poisson-606-e03cba25,000277,173.26231,2026-08-31T20:35:12.191+00:00,2026-08-31T20:35:08.343+00:00,2026-08-31T20:35:08.353+00:00,2026-08-31T20:35:08.353+00:00,2026-08-31T20:35:08.391+00:00,2026-08-31T20:35:08.391+00:00,0.037708,0.03778805199908675,sqs-worker-5986dcd897-gbpr5,ip-192-168-20-201.ec2.internal,42cb28882e44377360287b5c0621f3abb9c13f4a9b863d6be5c88539c9b0fe06,1,10.0,48.0
1,hpa-poisson-606-e03cba25,000279,173.758951,2026-08-31T20:35:12.688+00:00,2026-08-31T20:35:08.839+00:00,2026-08-31T20:35:08.844+00:00,2026-08-31T20:35:08.844+00:00,2026-08-31T20:35:09.203+00:00,2026-08-31T20:35:09.203+00:00,0.16072,0.3595545280004444,sqs-worker-5986dcd897-v2gp7,ip-192-168-20-201.ec2.internal,d5c0af51ce929ecbe67318582dbf04f6ba8f67770751d9b98526f833b56de615,1,5.0,364.0
1,hpa-poisson-606-e03cba25,000282,174.604921,2026-08-31T20:35:13.533+00:00,2026-08-31T20:35:09.685+00:00,2026-08-31T20:35:09.689+00:00,2026-08-31T20:35:09.689+00:00,2026-08-31T20:35:09.919+00:00,2026-08-31T20:35:09.919+00:00,0.108166,0.23058657699948526,sqs-worker-5986dcd897-v2gp7,ip-192-168-20-201.ec2.internal,fb20fa23e9944189804c2368640943bf002c46cac418a157df0c968c994be45f,1,4.0,234.0
1,hpa-poisson-606-e03cba25,000281,174.597333,2026-08-31T20:35:13.526+00:00,2026-08-31T20:35:09.685+00:00,2026-08-31T20:35:09.689+00:00,2026-08-31T20:35:09.689+00:00,2026-08-31T20:35:09.985+00:00,2026-08-31T20:35:09.985+00:00,0.06682,0.29552648100070655,sqs-worker-5986dcd897-x8rdl,ip-192-168-20-201.ec2.internal,14fef3d5b737d15bcad28570a59d48058eb68cf461e8a96133dd7174435572da,1,4.0,300.0
1,hpa-poisson-606-e03cba25,000280,174.563218,2026-08-31T20:35:13.493+00:00,2026-08-31T20:35:09.642+00:00,2026-08-31T20:35:09.646+00:00,2026-08-31T20:35:09.646+00:00,2026-08-31T20:35:10.687+00:00,2026-08-31T20:35:10.687+00:00,0.440583,1.0409473110012186,sqs-worker-5986dcd897-gbpr5,ip-192-168-20-201.ec2.internal,f72a8ac62ee038b130a6a52cd45e37d9375b3a2a0e0e440b9904479f288f996a,1,4.0,1045.0
1,hpa-poisson-606-e03cba25,000284,175.993436,2026-08-31T20:35:14.922+00:00,2026-08-31T20:35:11.079+00:00,2026-08-31T20:35:11.084+00:00,2026-08-31T20:35:11.084+00:00,2026-08-31T20:35:11.112+00:00,2026-08-31T20:35:11.112+00:00,0.018632,0.028725362000841415,sqs-worker-5986dcd897-v2gp7,ip-192-168-20-201.ec2.internal,67d274ec1abc6df868f4866a9f19bc1104a8967f0a13a1c25bf122e92f3da762,1,5.0,33.0
1,hpa-poisson-606-e03cba25,000283,175.615692,2026-08-31T20:35:14.544+00:00,2026-08-31T20:35:10.699+00:00,2026-08-31T20:35:10.703+00:00,2026-08-31T20:35:10.703+00:00,2026-08-31T20:35:11.887+00:00,2026-08-31T20:35:11.887+00:00,0.259355,1.1836815970000316,sqs-worker-5986dcd897-x8rdl,ip-192-168-20-201.ec2.internal,ac066e6815d8a212c4d4d6d6c310c28b67297aecf3e1a1f0e5304e54804965cf,1,4.0,1188.0
1,hpa-poisson-606-e03cba25,000285,177.226774,2026-08-31T20:35:16.156+00:00,2026-08-31T20:35:12.315+00:00,2026-08-31T20:35:12.318+00:00,2026-08-31T20:35:12.318+00:00,2026-08-31T20:35:12.453+00:00,2026-08-31T20:35:12.453+00:00,0.077841,0.13513681099902897,sqs-worker-5986dcd897-w8vqz,ip-192-168-20-201.ec2.internal,cd6a9e7f76e2d9cd6a8ed5889055aa4a40817fb8c8062bd38ae20ce56fd1aa86,1,3.0,138.0
1,hpa-poisson-606-e03cba25,000286,177.831655,2026-08-31T20:35:16.762+00:00,2026-08-31T20:35:12.916+00:00,2026-08-31T20:35:12.920+00:00,2026-08-31T20:35:12.920+00:00,2026-08-31T20:35:13.809+00:00,2026-08-31T20:35:13.809+00:00,0.382565,0.8893700150001678,sqs-worker-5986dcd897-w8vqz,ip-192-168-20-201.ec2.internal,5cc32a588a48081f80af4da380b88935d836a99b69b19e043c004ef06bc735b3,1,4.0,893.0
