schema_version,experiment_id,job_id,trace_offset_s,producer_sent_at,sqs_sent_at,worker_received_at,processing_started_at,processing_finished_at,result_sent_at,service_cpu_seconds,processing_wall_seconds,pod_name,node_name,digest,receive_count,queue_wait_ms,end_to_end_ms
1,hpa-poisson-202-de742c57,000000,0.902139,2026-08-31T18:57:46.861+00:00,2026-08-31T18:57:43.144+00:00,2026-08-31T18:57:43.150+00:00,2026-08-31T18:57:43.150+00:00,2026-08-31T18:57:43.396+00:00,2026-08-31T18:57:43.396+00:00,0.126748,0.2457513370000015,sqs-worker-5986dcd897-x8rdl,ip-192-168-20-201.ec2.internal,99320ea0e27c5a13e174b2ea2c58a762d51035be09bd14bfa632a1faa8da18e3,1,6.0,252.0
1,hpa-poisson-202-de742c57,000003,2.016174,2026-08-31T18:57:47.974+00:00,2026-08-31T18:57:44.259+00:00,2026-08-31T18:57:44.266+00:00,2026-08-31T18:57:44.266+00:00,2026-08-31T18:57:45.485+00:00,2026-08-31T18:57:45.485+00:00,0.501484,1.218889835000482,sqs-worker-5986dcd897-x8rdl,ip-192-168-20-201.ec2.internal,993e640ca2a1c029254b1f040c42bf0ed5820cf27c0689fae0d9a322db51797a,1,7.0,1226.0
1,hpa-poisson-202-de742c57,000002,1.878202,2026-08-31T18:57:47.836+00:00,2026-08-31T18:57:44.626+00:00,2026-08-31T18:57:45.697+00:00,2026-08-31T18:57:45.697+00:00,2026-08-31T18:57:45.780+00:00,2026-08-31T18:57:45.780+00:00,0.037763,0.08282393500030594,sqs-worker-5986dcd897-x8rdl,ip-192-168-20-201.ec2.internal,71ec861cecf3a8b4f023a1b335c4cd9984c098daedea303f135aca7983270b6b,1,1071.0,1154.0
1,hpa-poisson-202-de742c57,000001,1.549026,2026-08-31T18:57:47.507+00:00,2026-08-31T18:57:44.308+00:00,2026-08-31T18:57:45.508+00:00,2026-08-31T18:57:45.509+00:00,2026-08-31T18:57:45.678+00:00,2026-08-31T18:57:45.678+00:00,0.068745,0.16972089699993376,sqs-worker-5986dcd897-x8rdl,ip-192-168-20-201.ec2.internal,a1fcc72de883eefadc043e931d083170e006f622444304ccd55307b70df8e16b,1,1200.0,1370.0
1,hpa-poisson-202-de742c57,000004,2.721909,2026-08-31T18:57:48.680+00:00,2026-08-31T18:57:44.965+00:00,2026-08-31T18:57:45.825+00:00,2026-08-31T18:57:45.825+00:00,2026-08-31T18:57:45.833+00:00,2026-08-31T18:57:45.833+00:00,0.008201,0.008242053999310883,sqs-worker-5986dcd897-x8rdl,ip-192-168-20-201.ec2.internal,06c187f50b064e21e05656cd58b40879da084768c9bd43efe9af30423d1b349d,1,860.0,868.0
1,hpa-poisson-202-de742c57,000005,4.898803,2026-08-31T18:57:50.857+00:00,2026-08-31T18:57:47.139+00:00,2026-08-31T18:57:47.144+00:00,2026-08-31T18:57:47.144+00:00,2026-08-31T18:57:47.705+00:00,2026-08-31T18:57:47.705+00:00,0.265766,0.5609590989997741,sqs-worker-5986dcd897-x8rdl,ip-192-168-20-201.ec2.internal,9c96146fc751ddf6ec57194e674ab2f336fcdd8c85129e36aed2846a32485a34,1,5.0,566.0
1,hpa-poisson-202-de742c57,000006,5.247662,2026-08-31T18:57:51.205+00:00,2026-08-31T18:57:47.489+00:00,2026-08-31T18:57:47.739+00:00,2026-08-31T18:57:47.739+00:00,2026-08-31T18:57:48.996+00:00,2026-08-31T18:57:48.996+00:00,0.507517,1.2569370730006995,sqs-worker-5986dcd897-x8rdl,ip-192-168-20-201.ec2.internal,171d4ca1bb3966d50154c3882914808b18696f05dc5cb0feffb3d0bf142e7d20,1,250.0,1507.0
1,hpa-poisson-202-de742c57,000007,6.437018,2026-08-31T18:57:52.396+00:00,2026-08-31T18:57:48.676+00:00,2026-08-31T18:57:49.012+00:00,2026-08-31T18:57:49.012+00:00,2026-08-31T18:57:49.081+00:00,2026-08-31T18:57:49.081+00:00,0.021367,0.06918266100001347,sqs-worker-5986dcd897-x8rdl,ip-192-168-20-201.ec2.internal,eef1cd2e8297d55a452479a78729581f1da8f8c2f47e0af6c5e18dce09ae33de,1,336.0,405.0
1,hpa-poisson-202-de742c57,000008,6.459984,2026-08-31T18:57:52.418+00:00,2026-08-31T18:57:48.738+00:00,2026-08-31T18:57:49.125+00:00,2026-08-31T18:57:49.125+00:00,2026-08-31T18:57:49.209+00:00,2026-08-31T18:57:49.209+00:00,0.063519,0.08450013099991338,sqs-worker-5986dcd897-x8rdl,ip-192-168-20-201.ec2.internal,dc246c1be76d40b2c72ea529034a710c60877b161f07349189e77a41747e022b,1,387.0,471.0
1,hpa-poisson-202-de742c57,000009,6.928935,2026-08-31T18:57:52.887+00:00,2026-08-31T18:57:49.171+00:00,2026-08-31T18:57:49.254+00:00,2026-08-31T18:57:49.254+00:00,2026-08-31T18:57:50.388+00:00,2026-08-31T18:57:50.388+00:00,0.300173,1.1339957079999294,sqs-worker-5986dcd897-x8rdl,ip-192-168-20-201.ec2.internal,fffb6f85d5da04830a26644b0fbd5582cdcd5e3fba77d74c15f0eb2a924c3613,1,83.0,1217.0
1,hpa-poisson-202-de742c57,000010,7.069615,2026-08-31T18:57:53.027+00:00,2026-08-31T18:57:49.307+00:00,2026-08-31T18:57:50.478+00:00,2026-08-31T18:57:50.478+00:00,2026-08-31T18:57:52.099+00:00,2026-08-31T18:57:52.099+00:00,0.315033,1.6205386890005684,sqs-worker-5986dcd897-x8rdl,ip-192-168-20-201.ec2.internal,b45391c047a6947d5576424de10cc082a5bdcfdb3924869d8338f3f3f41f02c8,1,1171.0,2792.0
1,hpa-poisson-202-de742c57,000011,7.495705,2026-08-31T18:57:53.453+00:00,2026-08-31T18:57:49.740+00:00,2026-08-31T18:57:52.186+00:00,2026-08-31T18:57:52.186+00:00,2026-08-31T18:57:52.388+00:00,2026-08-31T18:57:52.388+00:00,0.039952,0.20133244000044215,sqs-worker-5986dcd897-x8rdl,ip-192-168-20-201.ec2.internal,2e11980a4170b356c60fdf46665dfd697ee4873d1e2b40f38812d1c2135b3caf,1,2446.0,2648.0
1,hpa-poisson-202-de742c57,000014,9.759641,2026-08-31T18:57:55.716+00:00,2026-08-31T18:57:52.007+00:00,2026-08-31T18:57:52.403+00:00,2026-08-31T18:57:52.403+00:00,2026-08-31T18:57:53.086+00:00,2026-08-31T18:57:53.086+00:00,0.238948,0.6829470430002402,sqs-worker-5986dcd897-x8rdl,ip-192-168-20-201.ec2.internal,d002ad3cdce148fce21a47904ef2f1d5fe833bf25c599a2016077d89c3ad197b,1,396.0,1079.0
1,hpa-poisson-202-de742c57,000012,8.086221,2026-08-31T18:57:54.044+00:00,2026-08-31T18:57:50.331+00:00,2026-08-31T18:57:53.111+00:00,2026-08-31T18:57:53.111+00:00,2026-08-31T18:57:54.088+00:00,2026-08-31T18:57:54.088+00:00,0.390978,0.9767736809999406,sqs-worker-5986dcd897-x8rdl,ip-192-168-20-201.ec2.internal,d4040b5bdc6f7265449e34f9a9d53c2e1a172a4f59d6c3c1e1dfa7a18301b679,1,2780.0,3757.0
1,hpa-poisson-202-de742c57,000013,9.297037,2026-08-31T18:57:55.254+00:00,2026-08-31T18:57:51.550+00:00,2026-08-31T18:57:54.108+00:00,2026-08-31T18:57:54.108+00:00,2026-08-31T18:57:54.120+00:00,2026-08-31T18:57:54.120+00:00,0.011668,0.011698758999955317,sqs-worker-5986dcd897-x8rdl,ip-192-168-20-201.ec2.internal,6d44555a93c94588e66804b8f410a98e0bec16614bc5a8e1546669c76967ccba,1,2558.0,2570.0
1,hpa-poisson-202-de742c57,000016,11.276523,2026-08-31T18:57:57.233+00:00,2026-08-31T18:57:53.516+00:00,2026-08-31T18:57:54.134+00:00,2026-08-31T18:57:54.134+00:00,2026-08-31T18:57:54.576+00:00,2026-08-31T18:57:54.576+00:00,0.175715,0.44128744400040887,sqs-worker-5986dcd897-x8rdl,ip-192-168-20-201.ec2.internal,8475d7588dec068f8cfdb9fda2b86ddceb5a45365a3310d701b0c93faab33ab0,1,618.0,1060.0
1,hpa-poisson-202-de742c57,000017,11.362421,2026-08-31T18:57:57.318+00:00,2026-08-31T18:57:53.621+00:00,2026-08-31T18:57:54.591+00:00,2026-08-31T18:57:54.591+00:00,2026-08-31T18:57:55.792+00:00,2026-08-31T18:57:55.792+00:00,0.491967,1.2010716369995862,sqs-worker-5986dcd897-x8rdl,ip-192-168-20-201.ec2.internal,5653dcc9898c479e6f6b5cbed99a0063db5b62d0208232fbf5522b90c3e01c8a,1,970.0,2171.0
1,hpa-poisson-202-de742c57,000015,11.029222,2026-08-31T18:57:56.986+00:00,2026-08-31T18:57:53.278+00:00,2026-08-31T18:57:55.810+00:00,2026-08-31T18:57:55.810+00:00,2026-08-31T18:57:55.876+00:00,2026-08-31T18:57:55.877+00:00,0.020217,0.06641953300004388,sqs-worker-5986dcd897-x8rdl,ip-192-168-20-201.ec2.internal,aafe6c8a472b67c703c4e2815e834f1347849669df8f82b5458c59a5c90719a4,1,2532.0,2598.0
1,hpa-poisson-202-de742c57,000020,13.307629,2026-08-31T18:57:59.264+00:00,2026-08-31T18:57:55.547+00:00,2026-08-31T18:57:55.892+00:00,2026-08-31T18:57:55.892+00:00,2026-08-31T18:57:57.899+00:00,2026-08-31T18:57:57.899+00:00,0.818496,2.0068152389994793,sqs-worker-5986dcd897-x8rdl,ip-192-168-20-201.ec2.internal,c2db59fb5a7ba0db2e96815123709003df7cbc14a4a558a067f485752e625ea6,1,345.0,2352.0
1,hpa-poisson-202-de742c57,000021,13.331028,2026-08-31T18:57:59.287+00:00,2026-08-31T18:57:55.592+00:00,2026-08-31T18:57:57.915+00:00,2026-08-31T18:57:57.915+00:00,2026-08-31T18:58:00.285+00:00,2026-08-31T18:58:00.285+00:00,0.813426,2.3700436830004037,sqs-worker-5986dcd897-x8rdl,ip-192-168-20-201.ec2.internal,1893f587aeae6d60254d2da2276c985989cb389cf1cbf512a98785f18d116c8c,1,2323.0,4693.0
1,hpa-poisson-202-de742c57,000026,15.525675,2026-08-31T18:58:01.482+00:00,2026-08-31T18:57:57.764+00:00,2026-08-31T18:58:00.301+00:00,2026-08-31T18:58:00.302+00:00,2026-08-31T18:58:01.788+00:00,2026-08-31T18:58:01.788+00:00,0.263837,1.4860437969991835,sqs-worker-5986dcd897-x8rdl,ip-192-168-20-201.ec2.internal,d87d0312d9919a51436d7cb954a098e17bb3439426a6fe034e97fc3626061fd7,1,2537.0,4024.0
1,hpa-poisson-202-de742c57,000018,11.753289,2026-08-31T18:57:57.710+00:00,2026-08-31T18:57:53.994+00:00,2026-08-31T18:58:01.802+00:00,2026-08-31T18:58:01.802+00:00,2026-08-31T18:58:01.896+00:00,2026-08-31T18:58:01.896+00:00,0.01862,0.09388576800029114,sqs-worker-5986dcd897-x8rdl,ip-192-168-20-201.ec2.internal,06f93b44311b9afbd0cdac6249a5907c66adefa706020ad22eda48200dc2bc43,1,7808.0,7902.0
1,hpa-poisson-202-de742c57,000024,14.091737,2026-08-31T18:58:00.048+00:00,2026-08-31T18:57:56.330+00:00,2026-08-31T18:58:01.984+00:00,2026-08-31T18:58:01.984+00:00,2026-08-31T18:58:02.003+00:00,2026-08-31T18:58:02.003+00:00,0.019542,0.01971312199930253,sqs-worker-5986dcd897-x8rdl,ip-192-168-20-201.ec2.internal,9146ab73815b1de531ff08a8a4fecc783bc9993594c7a6daf55b3b086376a9a7,1,5654.0,5673.0
1,hpa-poisson-202-de742c57,000025,15.328202,2026-08-31T18:58:01.285+00:00,2026-08-31T18:57:57.574+00:00,2026-08-31T18:58:02.184+00:00,2026-08-31T18:58:02.184+00:00,2026-08-31T18:58:03.077+00:00,2026-08-31T18:58:03.077+00:00,0.28948,0.8928938549997838,sqs-worker-5986dcd897-x8rdl,ip-192-168-20-201.ec2.internal,a23c024b75beb05aa93959200955dd542353c04b462e2ea868616d7947546190,1,4610.0,5503.0
1,hpa-poisson-202-de742c57,000027,15.555032,2026-08-31T18:58:01.511+00:00,2026-08-31T18:57:57.795+00:00,2026-08-31T18:58:03.094+00:00,2026-08-31T18:58:03.094+00:00,2026-08-31T18:58:03.310+00:00,2026-08-31T18:58:03.310+00:00,0.109065,0.2160416520000581,sqs-worker-5986dcd897-x8rdl,ip-192-168-20-201.ec2.internal,8fa01b8dbfbab9718ee9ba3d9e058ddc124096b43032c935f81d3d6083983447,1,5299.0,5515.0
1,hpa-poisson-202-de742c57,000028,16.982042,2026-08-31T18:58:02.939+00:00,2026-08-31T18:57:59.224+00:00,2026-08-31T18:58:03.334+00:00,2026-08-31T18:58:03.334+00:00,2026-08-31T18:58:03.476+00:00,2026-08-31T18:58:03.476+00:00,0.041548,0.14129520500046056,sqs-worker-5986dcd897-x8rdl,ip-192-168-20-201.ec2.internal,d353becc0d89b6ee83b6f59953045a7cc658e4a47a78cc9f88755c172385ebb7,1,4110.0,4252.0
1,hpa-poisson-202-de742c57,000036,21.217958,2026-08-31T18:58:07.174+00:00,2026-08-31T18:58:03.456+00:00,2026-08-31T18:58:03.496+00:00,2026-08-31T18:58:03.496+00:00,2026-08-31T18:58:03.613+00:00,2026-08-31T18:58:03.613+00:00,0.073061,0.11664963900057046,sqs-worker-5986dcd897-x8rdl,ip-192-168-20-201.ec2.internal,7e3cedf89190e0d0acb35dc25e7389a093a3fe56ff3063a0760f977dca1ea646,1,40.0,157.0
1,hpa-poisson-202-de742c57,000031,19.198458,2026-08-31T18:58:05.154+00:00,2026-08-31T18:58:01.436+00:00,2026-08-31T18:58:03.692+00:00,2026-08-31T18:58:03.692+00:00,2026-08-31T18:58:05.079+00:00,2026-08-31T18:58:05.079+00:00,0.561116,1.3872579389999373,sqs-worker-5986dcd897-x8rdl,ip-192-168-20-201.ec2.internal,bac5af7478f2c719a9d1a5795bb90851327c935c469dc902d4e226ccce5d1587,1,2256.0,3643.0
1,hpa-poisson-202-de742c57,000019,12.538372,2026-08-31T18:57:58.495+00:00,2026-08-31T18:57:54.795+00:00,2026-08-31T18:58:05.095+00:00,2026-08-31T18:58:05.095+00:00,2026-08-31T18:58:05.281+00:00,2026-08-31T18:58:05.281+00:00,0.07786,0.18645804200059501,sqs-worker-5986dcd897-x8rdl,ip-192-168-20-201.ec2.internal,c4c934be1f986ef84db5f1b9504e95b4d8d92e6e9f9cd12219187e2a5cead89b,1,10300.0,10486.0
1,hpa-poisson-202-de742c57,000022,13.50964,2026-08-31T18:57:59.466+00:00,2026-08-31T18:57:55.748+00:00,2026-08-31T18:58:05.337+00:00,2026-08-31T18:58:05.337+00:00,2026-08-31T18:58:05.389+00:00,2026-08-31T18:58:05.389+00:00,0.028817,0.05210169100064377,sqs-worker-5986dcd897-x8rdl,ip-192-168-20-201.ec2.internal,8729dee547c91eb2a7bb64aac8dbbc6674372b44b5767b994eba80080cfeb439,1,9589.0,9641.0
1,hpa-poisson-202-de742c57,000039,22.490041,2026-08-31T18:58:08.446+00:00,2026-08-31T18:58:04.732+00:00,2026-08-31T18:58:05.303+00:00,2026-08-31T18:58:05.303+00:00,2026-08-31T18:58:05.314+00:00,2026-08-31T18:58:05.314+00:00,0.011185,0.011219154999707825,sqs-worker-5986dcd897-x8rdl,ip-192-168-20-201.ec2.internal,96da48ac771f84126c255b04372a97f8cafdacdbf1e7d0b4957234d9a551b9a7,1,571.0,582.0
1,hpa-poisson-202-de742c57,000033,19.508842,2026-08-31T18:58:05.465+00:00,2026-08-31T18:58:01.747+00:00,2026-08-31T18:58:05.407+00:00,2026-08-31T18:58:05.407+00:00,2026-08-31T18:58:07.384+00:00,2026-08-31T18:58:07.384+00:00,0.791677,1.977660093999475,sqs-worker-5986dcd897-x8rdl,ip-192-168-20-201.ec2.internal,944c335c2e3bfe0bc38066c1acc1ab55d351b17070876905317198d585fa4570,1,3660.0,5637.0
1,hpa-poisson-202-de742c57,000023,13.693072,2026-08-31T18:57:59.649+00:00,2026-08-31T18:57:55.963+00:00,2026-08-31T18:58:07.407+00:00,2026-08-31T18:58:07.407+00:00,2026-08-31T18:58:07.492+00:00,2026-08-31T18:58:07.492+00:00,0.043562,0.08437896600025852,sqs-worker-5986dcd897-x8rdl,ip-192-168-20-201.ec2.internal,0631a8dc35590f6b5e81e31036a26de2f157c35adbf92cb66e1dfc1625c34b7c,1,11444.0,11529.0
1,hpa-poisson-202-de742c57,000029,18.253346,2026-08-31T18:58:04.210+00:00,2026-08-31T18:58:00.494+00:00,2026-08-31T18:58:07.513+00:00,2026-08-31T18:58:07.513+00:00,2026-08-31T18:58:07.901+00:00,2026-08-31T18:58:07.901+00:00,0.165193,0.38793648400042,sqs-worker-5986dcd897-x8rdl,ip-192-168-20-201.ec2.internal,43c80072543f8d78a10c9bb549fd8bdf25f0a2192481c1399402372bef6ed6ef,1,7019.0,7407.0
1,hpa-poisson-202-de742c57,000030,19.173798,2026-08-31T18:58:05.130+00:00,2026-08-31T18:58:01.412+00:00,2026-08-31T18:58:07.921+00:00,2026-08-31T18:58:07.921+00:00,2026-08-31T18:58:08.208+00:00,2026-08-31T18:58:08.208+00:00,0.123315,0.28676853900014976,sqs-worker-5986dcd897-x8rdl,ip-192-168-20-201.ec2.internal,207f93eb6bfbf540c532301aab9ef81ace4411a0d5e48c6c6877f339df09db04,1,6509.0,6796.0
1,hpa-poisson-202-de742c57,000034,21.049419,2026-08-31T18:58:07.007+00:00,2026-08-31T18:58:03.288+00:00,2026-08-31T18:58:08.230+00:00,2026-08-31T18:58:08.230+00:00,2026-08-31T18:58:10.089+00:00,2026-08-31T18:58:10.089+00:00,0.651574,1.859291714000392,sqs-worker-5986dcd897-x8rdl,ip-192-168-20-201.ec2.internal,4fbcfb2c90d0c4dc0e977310580db45eb6001a1937781754426eb8f105f3e00b,1,4942.0,6801.0
1,hpa-poisson-202-de742c57,000032,19.387249,2026-08-31T18:58:05.343+00:00,2026-08-31T18:58:01.627+00:00,2026-08-31T18:58:10.111+00:00,2026-08-31T18:58:10.111+00:00,2026-08-31T18:58:11.474+00:00,2026-08-31T18:58:11.474+00:00,0.256179,1.3630465250007546,sqs-worker-5986dcd897-x8rdl,ip-192-168-20-201.ec2.internal,b14370ffa0be4f5019419427964e8d8f6beef5580a199f5f0b070824ab3940b3,1,8484.0,9847.0
1,hpa-poisson-202-de742c57,000038,22.352119,2026-08-31T18:58:08.309+00:00,2026-08-31T18:58:04.590+00:00,2026-08-31T18:58:11.493+00:00,2026-08-31T18:58:11.493+00:00,2026-08-31T18:58:12.700+00:00,2026-08-31T18:58:12.700+00:00,0.224237,1.2073460679994241,sqs-worker-5986dcd897-x8rdl,ip-192-168-20-201.ec2.internal,fb5a3920c1d52c763292787cfb1c398beeff24cc02bdaa2bc14b073331299e5f,1,6903.0,8109.999999999999
1,hpa-poisson-202-de742c57,000040,25.050601,2026-08-31T18:58:11.007+00:00,2026-08-31T18:58:07.290+00:00,2026-08-31T18:58:12.721+00:00,2026-08-31T18:58:12.721+00:00,2026-08-31T18:58:13.693+00:00,2026-08-31T18:58:13.693+00:00,0.375442,0.9715609280001445,sqs-worker-5986dcd897-x8rdl,ip-192-168-20-201.ec2.internal,c9a32b6d0dc015a9566b81093fc609c4b1fe54979e8a084244742d4db7b6756e,1,5431.0,6403.0
1,hpa-poisson-202-de742c57,000044,26.28615,2026-08-31T18:58:12.242+00:00,2026-08-31T18:58:08.524+00:00,2026-08-31T18:58:13.710+00:00,2026-08-31T18:58:13.710+00:00,2026-08-31T18:58:14.021+00:00,2026-08-31T18:58:14.021+00:00,0.140816,0.3105301880004845,sqs-worker-5986dcd897-x8rdl,ip-192-168-20-201.ec2.internal,577bac6c6eeb5d9b6b40e311ce84fe99e8d7de924897fccfe2ba66f6709d284a,1,5186.0,5497.0
1,hpa-poisson-202-de742c57,000041,25.280847,2026-08-31T18:58:11.237+00:00,2026-08-31T18:58:07.519+00:00,2026-08-31T18:58:14.841+00:00,2026-08-31T18:58:14.841+00:00,2026-08-31T18:58:16.175+00:00,2026-08-31T18:58:16.175+00:00,0.55428,1.3345396389995585,sqs-worker-5986dcd897-n7bln,ip-192-168-20-201.ec2.internal,a2a0cab63f08d72d887c0a119fea0a3ee355bfc2641654a9e9e0ee5b769ca2f7,1,7322.0,8656.0
1,hpa-poisson-202-de742c57,000035,21.132716,2026-08-31T18:58:07.089+00:00,2026-08-31T18:58:03.370+00:00,2026-08-31T18:58:14.086+00:00,2026-08-31T18:58:14.087+00:00,2026-08-31T18:58:16.303+00:00,2026-08-31T18:58:16.303+00:00,0.899421,2.2165128679998816,sqs-worker-5986dcd897-x8rdl,ip-192-168-20-201.ec2.internal,18b315154ef71ebc05c79756f26d8648c322f71c83658eb3704775ffde4fb53f,1,10716.0,12933.0
1,hpa-poisson-202-de742c57,000037,21.373764,2026-08-31T18:58:07.330+00:00,2026-08-31T18:58:03.612+00:00,2026-08-31T18:58:16.325+00:00,2026-08-31T18:58:16.325+00:00,2026-08-31T18:58:16.422+00:00,2026-08-31T18:58:16.422+00:00,0.054967,0.09711236000021017,sqs-worker-5986dcd897-x8rdl,ip-192-168-20-201.ec2.internal,b47696160f235d12d9468d768a8eb54622852b8d9c68b30be10c3ebeee644fee,1,12713.0,12810.0
1,hpa-poisson-202-de742c57,000043,26.070281,2026-08-31T18:58:12.026+00:00,2026-08-31T18:58:08.308+00:00,2026-08-31T18:58:16.502+00:00,2026-08-31T18:58:16.502+00:00,2026-08-31T18:58:16.985+00:00,2026-08-31T18:58:16.985+00:00,0.197628,0.4828947579999294,sqs-worker-5986dcd897-x8rdl,ip-192-168-20-201.ec2.internal,2d3f97398f09ad3bae4ff9d6558427ac647b97044c254f998a17bd31a6de0e5b,1,8194.0,8677.0
1,hpa-poisson-202-de742c57,000050,31.913894,2026-08-31T18:58:17.870+00:00,2026-08-31T18:58:14.149+00:00,2026-08-31T18:58:16.965+00:00,2026-08-31T18:58:16.966+00:00,2026-08-31T18:58:16.971+00:00,2026-08-31T18:58:16.971+00:00,0.005266,0.005296698999700311,sqs-worker-5986dcd897-n7bln,ip-192-168-20-201.ec2.internal,d10828c15cc52cf10516231006f6c2717c72d0f4db5529602bd3841a709d82d1,1,2816.0,2822.0
1,hpa-poisson-202-de742c57,000057,34.359948,2026-08-31T18:58:20.316+00:00,2026-08-31T18:58:16.600+00:00,2026-08-31T18:58:17.058+00:00,2026-08-31T18:58:17.058+00:00,2026-08-31T18:58:17.281+00:00,2026-08-31T18:58:17.281+00:00,0.105714,0.22349543800009997,sqs-worker-5986dcd897-x8rdl,ip-192-168-20-201.ec2.internal,ece7bd30ddc2168d5b2d3b715d661f5f9f997e0d2af16a6954e79bd38813f98d,1,458.0,681.0
1,hpa-poisson-202-de742c57,000046,31.299489,2026-08-31T18:58:17.259+00:00,2026-08-31T18:58:13.543+00:00,2026-08-31T18:58:16.985+00:00,2026-08-31T18:58:16.985+00:00,2026-08-31T18:58:17.955+00:00,2026-08-31T18:58:17.955+00:00,0.389252,0.9701938869993683,sqs-worker-5986dcd897-n7bln,ip-192-168-20-201.ec2.internal,d7c6d7bc148754e8948c4e5ae19147d462b849026bbe1cf7f0e415fcaab26fa6,1,3442.0,4412.0
1,hpa-poisson-202-de742c57,000051,32.216673,2026-08-31T18:58:18.173+00:00,2026-08-31T18:58:14.454+00:00,2026-08-31T18:58:18.122+00:00,2026-08-31T18:58:18.122+00:00,2026-08-31T18:58:18.199+00:00,2026-08-31T18:58:18.199+00:00,0.035435,0.07645330400009698,sqs-worker-5986dcd897-x8rdl,ip-192-168-20-201.ec2.internal,cfa82b2f4c5e2a1c3bf37ba96a3c000a61fd9e7f1a5f4990b07ceb63ebaa342b,1,3668.0,3745.0
1,hpa-poisson-202-de742c57,000049,31.778637,2026-08-31T18:58:17.734+00:00,2026-08-31T18:58:14.019+00:00,2026-08-31T18:58:17.308+00:00,2026-08-31T18:58:17.308+00:00,2026-08-31T18:58:18.104+00:00,2026-08-31T18:58:18.104+00:00,0.333992,0.7956532819998756,sqs-worker-5986dcd897-x8rdl,ip-192-168-20-201.ec2.internal,5fa6d34d4a148919d66600ca518edf908a8872d28b652d078d5527e528d614c1,1,3289.0,4085.0
1,hpa-poisson-202-de742c57,000058,34.624512,2026-08-31T18:58:20.581+00:00,2026-08-31T18:58:16.862+00:00,2026-08-31T18:58:17.976+00:00,2026-08-31T18:58:17.977+00:00,2026-08-31T18:58:18.395+00:00,2026-08-31T18:58:18.395+00:00,0.185468,0.41835779400025785,sqs-worker-5986dcd897-n7bln,ip-192-168-20-201.ec2.internal,ca8056f5b55784c2a97d91494bd85185b457f9fbcc43366dfa0238d520020867,1,1114.0,1533.0
1,hpa-poisson-202-de742c57,000047,31.472947,2026-08-31T18:58:17.429+00:00,2026-08-31T18:58:13.710+00:00,2026-08-31T18:58:18.217+00:00,2026-08-31T18:58:18.217+00:00,2026-08-31T18:58:18.906+00:00,2026-08-31T18:58:18.906+00:00,0.27859,0.6894122539997625,sqs-worker-5986dcd897-x8rdl,ip-192-168-20-201.ec2.internal,f50d1e9a99c6d80a319482cf4c0921ec1737cf2f43705bd60c3419619d78b020,1,4507.0,5196.0
1,hpa-poisson-202-de742c57,000059,36.886812,2026-08-31T18:58:22.843+00:00,2026-08-31T18:58:19.143+00:00,2026-08-31T18:58:19.234+00:00,2026-08-31T18:58:19.234+00:00,2026-08-31T18:58:19.585+00:00,2026-08-31T18:58:19.585+00:00,0.130316,0.351511149999169,sqs-worker-5986dcd897-x8rdl,ip-192-168-20-201.ec2.internal,9e24b36c791cbbd653812a0151ce5d2a4e8f58c18868aa2ca7a57ae080d252b2,1,91.0,442.0
1,hpa-poisson-202-de742c57,000048,31.741702,2026-08-31T18:58:17.698+00:00,2026-08-31T18:58:13.980+00:00,2026-08-31T18:58:18.456+00:00,2026-08-31T18:58:18.456+00:00,2026-08-31T18:58:19.565+00:00,2026-08-31T18:58:19.565+00:00,0.454331,1.1083436300004905,sqs-worker-5986dcd897-n7bln,ip-192-168-20-201.ec2.internal,29fb80e3566040cea62f5e38e8bbe1ebc64f4e1e7ca097b6f10a8bc7adb80601,1,4476.0,5585.0
1,hpa-poisson-202-de742c57,000045,27.539584,2026-08-31T18:58:13.497+00:00,2026-08-31T18:58:09.778+00:00,2026-08-31T18:58:16.192+00:00,2026-08-31T18:58:16.192+00:00,2026-08-31T18:58:16.953+00:00,2026-08-31T18:58:16.953+00:00,0.295977,0.7615016509998895,sqs-worker-5986dcd897-n7bln,ip-192-168-20-201.ec2.internal,d2f20e1d65709595e8bb6266f4ca33d89290ddbab7d81edf87f189fd9272cd24,1,6414.0,7175.0
1,hpa-poisson-202-de742c57,000052,32.676876,2026-08-31T18:58:18.633+00:00,2026-08-31T18:58:14.913+00:00,2026-08-31T18:58:18.923+00:00,2026-08-31T18:58:18.923+00:00,2026-08-31T18:58:19.217+00:00,2026-08-31T18:58:19.217+00:00,0.126256,0.2936838440000429,sqs-worker-5986dcd897-x8rdl,ip-192-168-20-201.ec2.internal,97767fc48672e3606b6b959c79c742bad24d0cde2a0eeea873f23aae9e30bb0d,1,4010.0,4304.0
1,hpa-poisson-202-de742c57,000054,33.477191,2026-08-31T18:58:19.433+00:00,2026-08-31T18:58:15.740+00:00,2026-08-31T18:58:19.592+00:00,2026-08-31T18:58:19.592+00:00,2026-08-31T18:58:20.461+00:00,2026-08-31T18:58:20.461+00:00,0.352566,0.8689973909995388,sqs-worker-5986dcd897-n7bln,ip-192-168-20-201.ec2.internal,338f622d4a8adc4d816403e69973ff1d150451e08b30fd89e416b7ecbe28a604,1,3852.0,4721.0
1,hpa-poisson-202-de742c57,000061,37.449427,2026-08-31T18:58:23.405+00:00,2026-08-31T18:58:19.690+00:00,2026-08-31T18:58:20.796+00:00,2026-08-31T18:58:20.796+00:00,2026-08-31T18:58:20.848+00:00,2026-08-31T18:58:20.848+00:00,0.015667,0.05184117799944943,sqs-worker-5986dcd897-n7bln,ip-192-168-20-201.ec2.internal,ce75dd601dc6b8cac627bad3a9888884d11836224a48d0886532381aa8eaff85,1,1106.0,1158.0
1,hpa-poisson-202-de742c57,000056,34.09175,2026-08-31T18:58:20.048+00:00,2026-08-31T18:58:16.329+00:00,2026-08-31T18:58:20.999+00:00,2026-08-31T18:58:20.999+00:00,2026-08-31T18:58:21.450+00:00,2026-08-31T18:58:21.450+00:00,0.188487,0.45081210900025326,sqs-worker-5986dcd897-n7bln,ip-192-168-20-201.ec2.internal,76bfbc208a48edab6b0103deb7a6a579eaf1cd00299c1592b41b2ae525677976,1,4670.0,5121.0
1,hpa-poisson-202-de742c57,000053,33.20848,2026-08-31T18:58:19.165+00:00,2026-08-31T18:58:15.456+00:00,2026-08-31T18:58:20.478+00:00,2026-08-31T18:58:20.478+00:00,2026-08-31T18:58:20.773+00:00,2026-08-31T18:58:20.773+00:00,0.122006,0.29469014100050117,sqs-worker-5986dcd897-n7bln,ip-192-168-20-201.ec2.internal,ba56c320b49b3683ccb4a45ceaff58e7d6dda7822148b19127a38bb68eedd7b5,1,5022.0,5317.0
1,hpa-poisson-202-de742c57,000042,25.93713,2026-08-31T18:58:11.894+00:00,2026-08-31T18:58:08.176+00:00,2026-08-31T18:58:19.620+00:00,2026-08-31T18:58:19.620+00:00,2026-08-31T18:58:20.690+00:00,2026-08-31T18:58:20.690+00:00,0.22718,1.0696883529999468,sqs-worker-5986dcd897-x8rdl,ip-192-168-20-201.ec2.internal,7c7a1a53e5bfb3f30b95ac3ab8fdecc3e68fd05825efee0bdb7cf7bd7838b231,1,11444.0,12514.0
1,hpa-poisson-202-de742c57,000060,37.439897,2026-08-31T18:58:23.396+00:00,2026-08-31T18:58:19.682+00:00,2026-08-31T18:58:20.872+00:00,2026-08-31T18:58:20.872+00:00,2026-08-31T18:58:20.971+00:00,2026-08-31T18:58:20.971+00:00,0.045617,0.09938148800029012,sqs-worker-5986dcd897-n7bln,ip-192-168-20-201.ec2.internal,f0d28e920628aa96179b86ee360d3876eedde8ffb337d95fece19eeed2017b74,1,1190.0,1289.0
1,hpa-poisson-202-de742c57,000062,39.417202,2026-08-31T18:58:25.374+00:00,2026-08-31T18:58:21.666+00:00,2026-08-31T18:58:21.670+00:00,2026-08-31T18:58:21.670+00:00,2026-08-31T18:58:21.791+00:00,2026-08-31T18:58:21.791+00:00,0.061901,0.12101235999944038,sqs-worker-5986dcd897-n7bln,ip-192-168-20-201.ec2.internal,bf9bf239229d419c13f947404c6129b978909708601b0c44b5a8e6ab8b18b532,1,4.0,125.0
1,hpa-poisson-202-de742c57,000055,33.584711,2026-08-31T18:58:19.541+00:00,2026-08-31T18:58:15.837+00:00,2026-08-31T18:58:20.906+00:00,2026-08-31T18:58:20.906+00:00,2026-08-31T18:58:21.388+00:00,2026-08-31T18:58:21.388+00:00,0.100929,0.48185512500003824,sqs-worker-5986dcd897-x8rdl,ip-192-168-20-201.ec2.internal,4b2377c2474357d61ac6eac79fc5fad2d7d9b0a6efa18c9581f0e2b57b469362,1,5069.0,5551.0
1,hpa-poisson-202-de742c57,000064,41.911456,2026-08-31T18:58:27.866+00:00,2026-08-31T18:58:24.152+00:00,2026-08-31T18:58:24.156+00:00,2026-08-31T18:58:24.156+00:00,2026-08-31T18:58:24.161+00:00,2026-08-31T18:58:24.161+00:00,0.005,0.0050389320003887406,sqs-worker-5986dcd897-n7bln,ip-192-168-20-201.ec2.internal,250e6d2f2d430343735651962a98a8710e2b2dadec881078902a645829aa050e,1,4.0,9.0
1,hpa-poisson-202-de742c57,000063,41.602605,2026-08-31T18:58:27.558+00:00,2026-08-31T18:58:23.845+00:00,2026-08-31T18:58:23.859+00:00,2026-08-31T18:58:23.859+00:00,2026-08-31T18:58:25.776+00:00,2026-08-31T18:58:25.776+00:00,0.776732,1.9165549639992605,sqs-worker-5986dcd897-x8rdl,ip-192-168-20-201.ec2.internal,dffa34329b4b18cc983052908a2d62cb0b55f93033f168230807bf67e86b48be,1,14.0,1931.0
1,hpa-poisson-202-de742c57,000065,44.345257,2026-08-31T18:58:30.301+00:00,2026-08-31T18:58:26.586+00:00,2026-08-31T18:58:26.590+00:00,2026-08-31T18:58:26.590+00:00,2026-08-31T18:58:26.917+00:00,2026-08-31T18:58:26.917+00:00,0.154201,0.32728064300044934,sqs-worker-5986dcd897-x8rdl,ip-192-168-20-201.ec2.internal,633ab6899ec040dc45bb56cd764c2faadbdadd25e9b25a014e6fbc8050835e7e,1,4.0,331.0
1,hpa-poisson-202-de742c57,000066,44.414615,2026-08-31T18:58:30.369+00:00,2026-08-31T18:58:26.656+00:00,2026-08-31T18:58:26.660+00:00,2026-08-31T18:58:26.660+00:00,2026-08-31T18:58:27.054+00:00,2026-08-31T18:58:27.054+00:00,0.167071,0.39399566300016886,sqs-worker-5986dcd897-n7bln,ip-192-168-20-201.ec2.internal,51e39fb28b17d0269bf76d1e67be34a049a32470e3806ebc407d424ae3c0049a,1,4.0,398.0
1,hpa-poisson-202-de742c57,000067,45.982854,2026-08-31T18:58:31.939+00:00,2026-08-31T18:58:28.222+00:00,2026-08-31T18:58:28.226+00:00,2026-08-31T18:58:28.227+00:00,2026-08-31T18:58:28.455+00:00,2026-08-31T18:58:28.455+00:00,0.114102,0.2287289559999408,sqs-worker-5986dcd897-n7bln,ip-192-168-20-201.ec2.internal,5a1e809478c1c1444411c8e7afae545485aeb1b92ce64fb3de2917f8608e7710,1,4.0,233.0
1,hpa-poisson-202-de742c57,000068,46.098458,2026-08-31T18:58:32.053+00:00,2026-08-31T18:58:28.338+00:00,2026-08-31T18:58:28.344+00:00,2026-08-31T18:58:28.344+00:00,2026-08-31T18:58:28.698+00:00,2026-08-31T18:58:28.698+00:00,0.173739,0.3538401650002925,sqs-worker-5986dcd897-x8rdl,ip-192-168-20-201.ec2.internal,3281da3ec431629ce7b6f0294dd1a2216930597384acac96f941746e3a3e66cf,1,6.0,360.0
1,hpa-poisson-202-de742c57,000069,47.345534,2026-08-31T18:58:33.301+00:00,2026-08-31T18:58:29.582+00:00,2026-08-31T18:58:29.586+00:00,2026-08-31T18:58:29.586+00:00,2026-08-31T18:58:29.898+00:00,2026-08-31T18:58:29.898+00:00,0.097592,0.3125710379999873,sqs-worker-5986dcd897-x8rdl,ip-192-168-20-201.ec2.internal,8fac0036f08fc37de01a7e40a5345ead08e6b5c24471d85ad9369754617064db,1,4.0,316.0
1,hpa-poisson-202-de742c57,000070,48.052609,2026-08-31T18:58:34.008+00:00,2026-08-31T18:58:30.294+00:00,2026-08-31T18:58:30.298+00:00,2026-08-31T18:58:30.298+00:00,2026-08-31T18:58:30.779+00:00,2026-08-31T18:58:30.779+00:00,0.208555,0.48126388499986206,sqs-worker-5986dcd897-n7bln,ip-192-168-20-201.ec2.internal,58322cb88ad04e5812e5a46323a9a51d0db761f20682e3556a1625397e7d8732,1,4.0,485.0
1,hpa-poisson-202-de742c57,000071,50.038945,2026-08-31T18:58:35.994+00:00,2026-08-31T18:58:32.283+00:00,2026-08-31T18:58:32.287+00:00,2026-08-31T18:58:32.287+00:00,2026-08-31T18:58:32.673+00:00,2026-08-31T18:58:32.674+00:00,0.163658,0.3862432789992454,sqs-worker-5986dcd897-n7bln,ip-192-168-20-201.ec2.internal,946df038f2de4f45126b0088364f8fba834466ea41370b57fc8bb0da2c5fe657,1,4.0,390.0
1,hpa-poisson-202-de742c57,000072,50.263907,2026-08-31T18:58:36.219+00:00,2026-08-31T18:58:32.507+00:00,2026-08-31T18:58:32.512+00:00,2026-08-31T18:58:32.512+00:00,2026-08-31T18:58:32.804+00:00,2026-08-31T18:58:32.804+00:00,0.141081,0.29172232000018994,sqs-worker-5986dcd897-x8rdl,ip-192-168-20-201.ec2.internal,7ff6a0facad25a3177785c5c502093daad7964963bb3194ea66eda80ac4322c7,1,5.0,297.0
1,hpa-poisson-202-de742c57,000073,50.9271,2026-08-31T18:58:36.882+00:00,2026-08-31T18:58:33.172+00:00,2026-08-31T18:58:33.176+00:00,2026-08-31T18:58:33.176+00:00,2026-08-31T18:58:33.471+00:00,2026-08-31T18:58:33.471+00:00,0.121511,0.2949612150005123,sqs-worker-5986dcd897-n7bln,ip-192-168-20-201.ec2.internal,bae18aa9c0684f68362a670c1e755b5aff4245d406a348a2e96f8d0e88952248,1,4.0,299.0
1,hpa-poisson-202-de742c57,000075,52.777681,2026-08-31T18:58:38.732+00:00,2026-08-31T18:58:35.020+00:00,2026-08-31T18:58:35.024+00:00,2026-08-31T18:58:35.024+00:00,2026-08-31T18:58:35.214+00:00,2026-08-31T18:58:35.214+00:00,0.108614,0.19001497900080722,sqs-worker-5986dcd897-x8rdl,ip-192-168-20-201.ec2.internal,7739565897a3db8777ad4a0d447646600f40efa8914653ae4586976a9300e8ae,1,4.0,194.0
1,hpa-poisson-202-de742c57,000076,52.905615,2026-08-31T18:58:38.860+00:00,2026-08-31T18:58:35.147+00:00,2026-08-31T18:58:35.240+00:00,2026-08-31T18:58:35.240+00:00,2026-08-31T18:58:36.009+00:00,2026-08-31T18:58:36.009+00:00,0.313256,0.7686766750002789,sqs-worker-5986dcd897-x8rdl,ip-192-168-20-201.ec2.internal,690af69419706bc4da28ac47c666e80bc2c28d1c4dbee33a2469f58d9b01fae7,1,93.0,862.0
1,hpa-poisson-202-de742c57,000077,53.414566,2026-08-31T18:58:39.369+00:00,2026-08-31T18:58:35.651+00:00,2026-08-31T18:58:36.125+00:00,2026-08-31T18:58:36.125+00:00,2026-08-31T18:58:36.202+00:00,2026-08-31T18:58:36.202+00:00,0.050396,0.07622664300015458,sqs-worker-5986dcd897-x8rdl,ip-192-168-20-201.ec2.internal,bdbc9f8161466d6a8dadc024bebd74a49ee0140687f97104ed4ecbe73affaef1,1,474.0,551.0
1,hpa-poisson-202-de742c57,000081,53.815418,2026-08-31T18:58:39.770+00:00,2026-08-31T18:58:36.062+00:00,2026-08-31T18:58:36.273+00:00,2026-08-31T18:58:36.273+00:00,2026-08-31T18:58:36.597+00:00,2026-08-31T18:58:36.597+00:00,0.139218,0.32428437499947904,sqs-worker-5986dcd897-x8rdl,ip-192-168-20-201.ec2.internal,d724ad155c573a79af2810f8242ed8eb7acc42e4b5b145bc2c534772216e17ae,1,211.0,535.0
1,hpa-poisson-202-de742c57,000078,53.504265,2026-08-31T18:58:39.459+00:00,2026-08-31T18:58:35.744+00:00,2026-08-31T18:58:36.081+00:00,2026-08-31T18:58:36.081+00:00,2026-08-31T18:58:36.090+00:00,2026-08-31T18:58:36.090+00:00,0.005,0.008768988999690919,sqs-worker-5986dcd897-x8rdl,ip-192-168-20-201.ec2.internal,e40896d0f19cfd7541a43b03b23094571088772a495eba5213b460c0a465604b,1,337.0,346.0
1,hpa-poisson-202-de742c57,000079,53.539317,2026-08-31T18:58:39.494+00:00,2026-08-31T18:58:35.779+00:00,2026-08-31T18:58:36.250+00:00,2026-08-31T18:58:36.250+00:00,2026-08-31T18:58:36.260+00:00,2026-08-31T18:58:36.260+00:00,0.009911,0.010127350999937335,sqs-worker-5986dcd897-x8rdl,ip-192-168-20-201.ec2.internal,66207ecf40270b8f4e655c8343745253493e568c17c6fda3a9cee3c0de5fb39c,1,471.0,481.0
1,hpa-poisson-202-de742c57,000074,52.691469,2026-08-31T18:58:38.648+00:00,2026-08-31T18:58:34.937+00:00,2026-08-31T18:58:34.977+00:00,2026-08-31T18:58:34.977+00:00,2026-08-31T18:58:37.278+00:00,2026-08-31T18:58:37.278+00:00,0.520214,2.301922321999882,sqs-worker-5986dcd897-n7bln,ip-192-168-20-201.ec2.internal,e5c9e5b9c1a4b94c3fe17200f2a3d8b8b27b6e32fac32207e8c916c5df78a6c9,1,40.0,2341.0
1,hpa-poisson-202-de742c57,000083,54.863419,2026-08-31T18:58:40.818+00:00,2026-08-31T18:58:37.104+00:00,2026-08-31T18:58:37.407+00:00,2026-08-31T18:58:37.407+00:00,2026-08-31T18:58:37.485+00:00,2026-08-31T18:58:37.485+00:00,0.031441,0.07821793200037064,sqs-worker-5986dcd897-x8rdl,ip-192-168-20-201.ec2.internal,668abf06abe474efd1561ee2d6a21a111a96e0b076e86523a0deaf3c4b383efa,1,303.0,381.0
1,hpa-poisson-202-de742c57,000080,53.549095,2026-08-31T18:58:39.504+00:00,2026-08-31T18:58:36.330+00:00,2026-08-31T18:58:36.610+00:00,2026-08-31T18:58:36.610+00:00,2026-08-31T18:58:37.389+00:00,2026-08-31T18:58:37.389+00:00,0.307621,0.7787689509996198,sqs-worker-5986dcd897-x8rdl,ip-192-168-20-201.ec2.internal,aa010aa417ec47763db76cb4edb3f0ef83123f1b60f2f9bf5f5b1687869516a0,1,280.0,1059.0
1,hpa-poisson-202-de742c57,000082,54.471486,2026-08-31T18:58:40.426+00:00,2026-08-31T18:58:36.720+00:00,2026-08-31T18:58:37.290+00:00,2026-08-31T18:58:37.290+00:00,2026-08-31T18:58:37.401+00:00,2026-08-31T18:58:37.401+00:00,0.057036,0.11050089599939383,sqs-worker-5986dcd897-n7bln,ip-192-168-20-201.ec2.internal,e41ee4a397b80ad35900458aee974e49135c56116d3463e551743964fa77b688,1,570.0,681.0
1,hpa-poisson-202-de742c57,000084,55.442593,2026-08-31T18:58:41.397+00:00,2026-08-31T18:58:37.683+00:00,2026-08-31T18:58:37.686+00:00,2026-08-31T18:58:37.687+00:00,2026-08-31T18:58:37.692+00:00,2026-08-31T18:58:37.692+00:00,0.005,0.00503705200026161,sqs-worker-5986dcd897-x8rdl,ip-192-168-20-201.ec2.internal,5ebcf568d7b89e55fd843b7d01d0235f3e9a35af5322aa8deed63b39ebd5d794,1,3.0,9.0
1,hpa-poisson-202-de742c57,000085,55.459294,2026-08-31T18:58:41.414+00:00,2026-08-31T18:58:37.697+00:00,2026-08-31T18:58:37.700+00:00,2026-08-31T18:58:37.700+00:00,2026-08-31T18:58:37.984+00:00,2026-08-31T18:58:37.984+00:00,0.134497,0.2841457740005353,sqs-worker-5986dcd897-n7bln,ip-192-168-20-201.ec2.internal,9162cad5805b92041711cbf94c3a543a77998c3a672d0f8cb23be34bac856c86,1,3.0,287.0
1,hpa-poisson-202-de742c57,000086,55.526012,2026-08-31T18:58:41.482+00:00,2026-08-31T18:58:37.770+00:00,2026-08-31T18:58:37.774+00:00,2026-08-31T18:58:37.774+00:00,2026-08-31T18:58:38.601+00:00,2026-08-31T18:58:38.601+00:00,0.346202,0.8273398620003718,sqs-worker-5986dcd897-x8rdl,ip-192-168-20-201.ec2.internal,00140e5f901a5c30564b0f1b1ebcf4e4162776e67469050b5deb9f9ea854cbeb,1,4.0,831.0
1,hpa-poisson-202-de742c57,000091,56.860804,2026-08-31T18:58:42.816+00:00,2026-08-31T18:58:39.104+00:00,2026-08-31T18:58:39.197+00:00,2026-08-31T18:58:39.197+00:00,2026-08-31T18:58:39.380+00:00,2026-08-31T18:58:39.380+00:00,0.075655,0.18283761699967727,sqs-worker-5986dcd897-n7bln,ip-192-168-20-201.ec2.internal,0dbb3a894ff4bc3f71ad55162387f2e6e4132cb7e371077c57c55a7c5061a55a,1,93.0,276.0
1,hpa-poisson-202-de742c57,000087,56.04688,2026-08-31T18:58:42.002+00:00,2026-08-31T18:58:38.291+00:00,2026-08-31T18:58:38.295+00:00,2026-08-31T18:58:38.295+00:00,2026-08-31T18:58:38.883+00:00,2026-08-31T18:58:38.883+00:00,0.253454,0.5888467939994371,sqs-worker-5986dcd897-n7bln,ip-192-168-20-201.ec2.internal,3df2065de812666019be0a2cb2ae6148e2149be2bdc7da93dc1a503320c4bceb,1,4.0,592.0
1,hpa-poisson-202-de742c57,000090,56.201294,2026-08-31T18:58:42.156+00:00,2026-08-31T18:58:38.440+00:00,2026-08-31T18:58:38.617+00:00,2026-08-31T18:58:38.618+00:00,2026-08-31T18:58:40.086+00:00,2026-08-31T18:58:40.086+00:00,0.506023,1.4687440170000627,sqs-worker-5986dcd897-x8rdl,ip-192-168-20-201.ec2.internal,0ac4df4ededde60047942d060490f0375fdaab7bdc0d7f2978fb1e93b951d15d,1,177.0,1646.0
1,hpa-poisson-202-de742c57,000088,56.153478,2026-08-31T18:58:42.108+00:00,2026-08-31T18:58:38.387+00:00,2026-08-31T18:58:38.999+00:00,2026-08-31T18:58:38.999+00:00,2026-08-31T18:58:39.179+00:00,2026-08-31T18:58:39.179+00:00,0.086529,0.17962766500022553,sqs-worker-5986dcd897-n7bln,ip-192-168-20-201.ec2.internal,8bd01c0902f8879f98821d8e3d3d876bc548b4442bbc8911962c80cb03e6ea28,1,612.0,792.0
1,hpa-poisson-202-de742c57,000089,56.161545,2026-08-31T18:58:42.116+00:00,2026-08-31T18:58:38.411+00:00,2026-08-31T18:58:38.901+00:00,2026-08-31T18:58:38.901+00:00,2026-08-31T18:58:38.921+00:00,2026-08-31T18:58:38.921+00:00,0.019851,0.019993918999716698,sqs-worker-5986dcd897-n7bln,ip-192-168-20-201.ec2.internal,997b04d29b6d9779b68e18bd6b06d2b554c7cbf9e832d8d99e5382f94d2b1a88,1,490.0,510.0
1,hpa-poisson-202-de742c57,000092,58.87151,2026-08-31T18:58:44.828+00:00,2026-08-31T18:58:41.115+00:00,2026-08-31T18:58:41.119+00:00,2026-08-31T18:58:41.119+00:00,2026-08-31T18:58:41.564+00:00,2026-08-31T18:58:41.564+00:00,0.207783,0.444839184000557,sqs-worker-5986dcd897-n7bln,ip-192-168-20-201.ec2.internal,2662ad65186b2d8f73cb67c462375211a5eff42bda010ebf36d6061613c21aa0,1,4.0,449.0
1,hpa-poisson-202-de742c57,000093,59.300125,2026-08-31T18:58:45.255+00:00,2026-08-31T18:58:41.542+00:00,2026-08-31T18:58:41.546+00:00,2026-08-31T18:58:41.546+00:00,2026-08-31T18:58:41.559+00:00,2026-08-31T18:58:41.559+00:00,0.013371,0.013512309999896388,sqs-worker-5986dcd897-x8rdl,ip-192-168-20-201.ec2.internal,88c5f707f374f64309d5f7ee6cb432b9f725e2425fc9390cea5e4df568a8c0f9,1,4.0,17.0
1,hpa-poisson-202-de742c57,000095,59.439467,2026-08-31T18:58:45.394+00:00,2026-08-31T18:58:41.677+00:00,2026-08-31T18:58:41.682+00:00,2026-08-31T18:58:41.682+00:00,2026-08-31T18:58:41.719+00:00,2026-08-31T18:58:41.719+00:00,0.036698,0.036889899999550835,sqs-worker-5986dcd897-x8rdl,ip-192-168-20-201.ec2.internal,1ece5d39d3c5388c3c46a41ff885d4b82b0f77ec84a2a1ef66d23893a2585a14,1,5.0,42.0
1,hpa-poisson-202-de742c57,000094,59.304068,2026-08-31T18:58:45.259+00:00,2026-08-31T18:58:41.543+00:00,2026-08-31T18:58:41.583+00:00,2026-08-31T18:58:41.583+00:00,2026-08-31T18:58:42.490+00:00,2026-08-31T18:58:42.490+00:00,0.377371,0.9067006229997787,sqs-worker-5986dcd897-n7bln,ip-192-168-20-201.ec2.internal,d32df71a61f8f41656956c560180465d56d70eeaab4b9f63633eda0325083e55,1,40.0,947.0
1,hpa-poisson-202-de742c57,000096,60.154143,2026-08-31T18:58:46.109+00:00,2026-08-31T18:58:42.396+00:00,2026-08-31T18:58:42.400+00:00,2026-08-31T18:58:42.400+00:00,2026-08-31T18:58:43.020+00:00,2026-08-31T18:58:43.020+00:00,0.27557,0.619704503000321,sqs-worker-5986dcd897-x8rdl,ip-192-168-20-201.ec2.internal,e5e254a3c4ca9672558ab7b9c2b118d36b95419d2c5a4d708b2b0ece7ba36340,1,4.0,624.0
1,hpa-poisson-202-de742c57,000097,61.137491,2026-08-31T18:58:47.093+00:00,2026-08-31T18:58:43.371+00:00,2026-08-31T18:58:43.375+00:00,2026-08-31T18:58:43.375+00:00,2026-08-31T18:58:43.511+00:00,2026-08-31T18:58:43.511+00:00,0.075323,0.1368558309995933,sqs-worker-5986dcd897-n7bln,ip-192-168-20-201.ec2.internal,fc4658c07f3c856c614a811e019428f7435986904d6c0fd75ecebab9736ac061,1,4.0,140.0
1,hpa-poisson-202-de742c57,000099,61.675538,2026-08-31T18:58:47.630+00:00,2026-08-31T18:58:43.910+00:00,2026-08-31T18:58:43.917+00:00,2026-08-31T18:58:43.917+00:00,2026-08-31T18:58:44.053+00:00,2026-08-31T18:58:44.053+00:00,0.065521,0.13597200000003795,sqs-worker-5986dcd897-n7bln,ip-192-168-20-201.ec2.internal,0ca2f722f39a1da9276f1c924a82fc10edbfbf7159f761832c28824dab2e0466,1,7.0,143.0
1,hpa-poisson-202-de742c57,000100,61.698653,2026-08-31T18:58:47.653+00:00,2026-08-31T18:58:43.936+00:00,2026-08-31T18:58:44.155+00:00,2026-08-31T18:58:44.155+00:00,2026-08-31T18:58:44.376+00:00,2026-08-31T18:58:44.376+00:00,0.103845,0.22122431800016784,sqs-worker-5986dcd897-n7bln,ip-192-168-20-201.ec2.internal,a9379d14f93badf1df7765f446ccbaf4e37f5e34dbbaf0a85f7995f0bbad3ec5,1,219.0,440.0
1,hpa-poisson-202-de742c57,000098,61.281694,2026-08-31T18:58:47.236+00:00,2026-08-31T18:58:43.517+00:00,2026-08-31T18:58:43.521+00:00,2026-08-31T18:58:43.521+00:00,2026-08-31T18:58:44.398+00:00,2026-08-31T18:58:44.398+00:00,0.372359,0.8762023070003124,sqs-worker-5986dcd897-x8rdl,ip-192-168-20-201.ec2.internal,533b5e5617dec8b107eb843cfd563bac38cf918f783c170ff3e135f3e82933c9,1,4.0,881.0
1,hpa-poisson-202-de742c57,000101,62.184316,2026-08-31T18:58:48.139+00:00,2026-08-31T18:58:44.417+00:00,2026-08-31T18:58:44.433+00:00,2026-08-31T18:58:44.433+00:00,2026-08-31T18:58:45.549+00:00,2026-08-31T18:58:45.549+00:00,0.259995,1.1164393339995513,sqs-worker-5986dcd897-n7bln,ip-192-168-20-201.ec2.internal,4586ba84ef51effee98438f0e381d7fee959d9fa67ff9e55aaab82ba4341b1a4,1,16.0,1132.0
1,hpa-poisson-202-de742c57,000102,63.066132,2026-08-31T18:58:49.021+00:00,2026-08-31T18:58:45.342+00:00,2026-08-31T18:58:45.347+00:00,2026-08-31T18:58:45.347+00:00,2026-08-31T18:58:45.800+00:00,2026-08-31T18:58:45.800+00:00,0.202952,0.45321108200005256,sqs-worker-5986dcd897-45qzv,ip-192-168-20-201.ec2.internal,7acb03d508f42fc302c77dc03ffdd9ef3c6e030c1374043532676d6356000f98,1,5.0,458.0
1,hpa-poisson-202-de742c57,000104,64.460346,2026-08-31T18:58:50.416+00:00,2026-08-31T18:58:46.693+00:00,2026-08-31T18:58:46.696+00:00,2026-08-31T18:58:46.697+00:00,2026-08-31T18:58:46.816+00:00,2026-08-31T18:58:46.816+00:00,0.073011,0.11958221699933347,sqs-worker-5986dcd897-x8rdl,ip-192-168-20-201.ec2.internal,e8d1693178ea60760f2130601e64525f7551873074bd45e3ead942b2dfe8ff80,1,3.0,123.0
1,hpa-poisson-202-de742c57,000105,64.627158,2026-08-31T18:58:50.582+00:00,2026-08-31T18:58:46.860+00:00,2026-08-31T18:58:46.864+00:00,2026-08-31T18:58:46.864+00:00,2026-08-31T18:58:46.905+00:00,2026-08-31T18:58:46.905+00:00,0.025048,0.04052571500051272,sqs-worker-5986dcd897-45qzv,ip-192-168-20-201.ec2.internal,723164b3a94681b4b1f92ef6343600f164df29df1f1220c30a5f353922609421,1,4.0,45.0
1,hpa-poisson-202-de742c57,000103,63.498841,2026-08-31T18:58:49.454+00:00,2026-08-31T18:58:45.732+00:00,2026-08-31T18:58:45.749+00:00,2026-08-31T18:58:45.749+00:00,2026-08-31T18:58:47.451+00:00,2026-08-31T18:58:47.451+00:00,0.310373,1.7025256679999075,sqs-worker-5986dcd897-n7bln,ip-192-168-20-201.ec2.internal,fef23f0186094f0108a5c9156602444e4916ccb001b7a76d27133f5f4836873c,1,17.0,1719.0
1,hpa-poisson-202-de742c57,000106,65.312601,2026-08-31T18:58:51.268+00:00,2026-08-31T18:58:47.545+00:00,2026-08-31T18:58:47.550+00:00,2026-08-31T18:58:47.550+00:00,2026-08-31T18:58:47.567+00:00,2026-08-31T18:58:47.567+00:00,0.016373,0.01642071400056011,sqs-worker-5986dcd897-45qzv,ip-192-168-20-201.ec2.internal,23e4c69e5a005d05c680d39f67b4d43878f87e3f6a969c43c9c05f250e585043,1,5.0,22.0
1,hpa-poisson-202-de742c57,000107,65.710246,2026-08-31T18:58:51.665+00:00,2026-08-31T18:58:47.943+00:00,2026-08-31T18:58:47.947+00:00,2026-08-31T18:58:47.947+00:00,2026-08-31T18:58:48.481+00:00,2026-08-31T18:58:48.481+00:00,0.239796,0.5333558840002297,sqs-worker-5986dcd897-n7bln,ip-192-168-20-201.ec2.internal,513be834b43c13b4d88bfb7e1a24f08ee548c2fdbdfdde7df2f17604795b87bb,1,4.0,538.0
1,hpa-poisson-202-de742c57,000109,66.335817,2026-08-31T18:58:52.290+00:00,2026-08-31T18:58:48.584+00:00,2026-08-31T18:58:48.589+00:00,2026-08-31T18:58:48.589+00:00,2026-08-31T18:58:48.805+00:00,2026-08-31T18:58:48.805+00:00,0.114973,0.21569203199942422,sqs-worker-5986dcd897-n7bln,ip-192-168-20-201.ec2.internal,b1d5c919035299d524d225337e308b652ca949d6d76154c0bda71ca38e1bcaab,1,5.0,221.0
1,hpa-poisson-202-de742c57,000108,66.288564,2026-08-31T18:58:52.244+00:00,2026-08-31T18:58:48.520+00:00,2026-08-31T18:58:48.524+00:00,2026-08-31T18:58:48.524+00:00,2026-08-31T18:58:48.908+00:00,2026-08-31T18:58:48.908+00:00,0.160024,0.38327262199982215,sqs-worker-5986dcd897-45qzv,ip-192-168-20-201.ec2.internal,7fa57b92ccbc1908077bd9ce9750af25d774fcf258b6b1abd40f4a7e2e9c685f,1,4.0,388.0
1,hpa-poisson-202-de742c57,000113,67.989984,2026-08-31T18:58:53.945+00:00,2026-08-31T18:58:50.225+00:00,2026-08-31T18:58:50.229+00:00,2026-08-31T18:58:50.229+00:00,2026-08-31T18:58:50.256+00:00,2026-08-31T18:58:50.256+00:00,0.026581,0.02680319299997791,sqs-worker-5986dcd897-n7bln,ip-192-168-20-201.ec2.internal,04e71c493d428577ce2e186a2a694a22dfae0b4dde1cb8ee5480bbfae201d89e,1,4.0,31.0
1,hpa-poisson-202-de742c57,000110,66.713906,2026-08-31T18:58:52.669+00:00,2026-08-31T18:58:48.948+00:00,2026-08-31T18:58:48.953+00:00,2026-08-31T18:58:48.953+00:00,2026-08-31T18:58:50.372+00:00,2026-08-31T18:58:50.372+00:00,0.581413,1.4197863160006818,sqs-worker-5986dcd897-mn8f4,ip-192-168-20-201.ec2.internal,44e32617b998c634db74152decbddc00a6929e58c0599ecaef00f9d00d4adf28,1,5.0,1424.0
1,hpa-poisson-202-de742c57,000114,68.0024,2026-08-31T18:58:53.957+00:00,2026-08-31T18:58:50.234+00:00,2026-08-31T18:58:50.272+00:00,2026-08-31T18:58:50.272+00:00,2026-08-31T18:58:50.282+00:00,2026-08-31T18:58:50.282+00:00,0.010213,0.01026586900024995,sqs-worker-5986dcd897-n7bln,ip-192-168-20-201.ec2.internal,214d8596425cf6f7680c7ef0cb44349167e4cd49e749fc0dab9f7d9f95a51c2d,1,38.0,48.0
1,hpa-poisson-202-de742c57,000111,67.318678,2026-08-31T18:58:53.274+00:00,2026-08-31T18:58:49.555+00:00,2026-08-31T18:58:49.558+00:00,2026-08-31T18:58:49.558+00:00,2026-08-31T18:58:50.395+00:00,2026-08-31T18:58:50.395+00:00,0.205548,0.8371124569994208,sqs-worker-5986dcd897-x8rdl,ip-192-168-20-201.ec2.internal,2a334b1049e1fbb4c4e77dfcd177d5d78818ac551b884354ff5ff7013c41a48e,1,3.0,840.0
1,hpa-poisson-202-de742c57,000112,67.485426,2026-08-31T18:58:53.440+00:00,2026-08-31T18:58:49.720+00:00,2026-08-31T18:58:49.724+00:00,2026-08-31T18:58:49.724+00:00,2026-08-31T18:58:51.050+00:00,2026-08-31T18:58:51.050+00:00,0.55718,1.3259531829999105,sqs-worker-5986dcd897-45qzv,ip-192-168-20-201.ec2.internal,fbb25b916d61182f59aae7004f0f2e98e17c4677ba9df719086a78a79ba2c395,1,4.0,1330.0
1,hpa-poisson-202-de742c57,000115,68.34066,2026-08-31T18:58:54.295+00:00,2026-08-31T18:58:50.580+00:00,2026-08-31T18:58:50.662+00:00,2026-08-31T18:58:50.662+00:00,2026-08-31T18:58:51.960+00:00,2026-08-31T18:58:51.961+00:00,0.533565,1.298577178999949,sqs-worker-5986dcd897-n7bln,ip-192-168-20-201.ec2.internal,c1ae5e6532f6a1fb64e1b2f1fd7add65c609ffc649d736857a322fe2ba395014,1,82.0,1380.0
1,hpa-poisson-202-de742c57,000116,70.111698,2026-08-31T18:58:56.066+00:00,2026-08-31T18:58:52.348+00:00,2026-08-31T18:58:52.371+00:00,2026-08-31T18:58:52.371+00:00,2026-08-31T18:58:52.574+00:00,2026-08-31T18:58:52.574+00:00,0.090346,0.20257409300029394,sqs-worker-5986dcd897-45qzv,ip-192-168-20-201.ec2.internal,ae2b4b74a470704d53bee6f13caea45c647424da1b1c33ab73ed5203775f633b,1,23.0,226.0
1,hpa-poisson-202-de742c57,000117,70.762592,2026-08-31T18:58:56.715+00:00,2026-08-31T18:58:53.002+00:00,2026-08-31T18:58:53.006+00:00,2026-08-31T18:58:53.006+00:00,2026-08-31T18:58:53.126+00:00,2026-08-31T18:58:53.126+00:00,0.059694,0.12060785399989982,sqs-worker-5986dcd897-45qzv,ip-192-168-20-201.ec2.internal,416e8f0cd5ed3d8674d0379a5202c8099345929e22134556b09c5da68bc9a328,1,4.0,124.0
1,hpa-poisson-202-de742c57,000118,71.20354,2026-08-31T18:58:57.156+00:00,2026-08-31T18:58:53.440+00:00,2026-08-31T18:58:53.444+00:00,2026-08-31T18:58:53.444+00:00,2026-08-31T18:58:53.986+00:00,2026-08-31T18:58:53.986+00:00,0.242902,0.541104202000497,sqs-worker-5986dcd897-n7bln,ip-192-168-20-201.ec2.internal,616dfae3a6c68d76f1bde246d62aa6fc876d4d9c3e14d626162e4359cba0cf48,1,4.0,546.0
1,hpa-poisson-202-de742c57,000119,72.483895,2026-08-31T18:58:58.437+00:00,2026-08-31T18:58:54.726+00:00,2026-08-31T18:58:54.777+00:00,2026-08-31T18:58:54.777+00:00,2026-08-31T18:58:55.081+00:00,2026-08-31T18:58:55.081+00:00,0.084606,0.30400469600044744,sqs-worker-5986dcd897-n7bln,ip-192-168-20-201.ec2.internal,a86caa6ec9780b88bb21fc3b9c98484cb852069b45f9ed31f187e6581f526a3f,1,51.0,355.0
1,hpa-poisson-202-de742c57,000120,73.223163,2026-08-31T18:58:59.176+00:00,2026-08-31T18:58:55.459+00:00,2026-08-31T18:58:55.477+00:00,2026-08-31T18:58:55.477+00:00,2026-08-31T18:58:55.487+00:00,2026-08-31T18:58:55.487+00:00,0.005692,0.01004195699988486,sqs-worker-5986dcd897-n7bln,ip-192-168-20-201.ec2.internal,715079221f836f2be3170950b34fd6f8ff6339736858cc879e65f42460fa52f6,1,18.0,28.0
1,hpa-poisson-202-de742c57,000122,73.961552,2026-08-31T18:58:59.914+00:00,2026-08-31T18:58:56.197+00:00,2026-08-31T18:58:56.202+00:00,2026-08-31T18:58:56.202+00:00,2026-08-31T18:58:56.997+00:00,2026-08-31T18:58:56.997+00:00,0.257067,0.7942301469993254,sqs-worker-5986dcd897-n7bln,ip-192-168-20-201.ec2.internal,2a6a0113774213b1a060a9682f4e6a220e80bf66f9093e38f666e148f4ae3c7e,1,5.0,800.0
1,hpa-poisson-202-de742c57,000123,75.255,2026-08-31T18:59:01.208+00:00,2026-08-31T18:58:57.490+00:00,2026-08-31T18:58:57.494+00:00,2026-08-31T18:58:57.494+00:00,2026-08-31T18:58:57.779+00:00,2026-08-31T18:58:57.779+00:00,0.12298,0.2843105479996666,sqs-worker-5986dcd897-n7bln,ip-192-168-20-201.ec2.internal,91517ffe881bdbcf0ea04eef1335b1a5f5d3016e9186548ca7610ed5680958c2,1,4.0,289.0
1,hpa-poisson-202-de742c57,000121,73.667608,2026-08-31T18:58:59.620+00:00,2026-08-31T18:58:55.904+00:00,2026-08-31T18:58:55.971+00:00,2026-08-31T18:58:55.971+00:00,2026-08-31T18:58:57.974+00:00,2026-08-31T18:58:57.974+00:00,0.355395,2.0034329700001763,sqs-worker-5986dcd897-mn8f4,ip-192-168-20-201.ec2.internal,e79629c1eee835b4e4ff48d20e1a9a5808791a684d6baaaf13e4656cd6ba76cc,1,67.0,2070.0
1,hpa-poisson-202-de742c57,000125,76.192144,2026-08-31T18:59:02.145+00:00,2026-08-31T18:58:58.426+00:00,2026-08-31T18:58:58.435+00:00,2026-08-31T18:58:58.435+00:00,2026-08-31T18:58:58.685+00:00,2026-08-31T18:58:58.685+00:00,0.122101,0.25067539700012276,sqs-worker-5986dcd897-x8rdl,ip-192-168-20-201.ec2.internal,36245340491d6a216af138db5f0f8866b0891f358af4d7d4f821ddeeaaf1ddda,1,9.0,259.0
1,hpa-poisson-202-de742c57,000127,76.585927,2026-08-31T18:59:02.538+00:00,2026-08-31T18:58:58.824+00:00,2026-08-31T18:58:58.828+00:00,2026-08-31T18:58:58.828+00:00,2026-08-31T18:58:58.855+00:00,2026-08-31T18:58:58.855+00:00,0.026848,0.02701248100038356,sqs-worker-5986dcd897-n7bln,ip-192-168-20-201.ec2.internal,a1bf3c1ed6051517e6bcdec7e66e95d98cb1d0dbdf52916fb2545e88a19322d3,1,4.0,31.0
1,hpa-poisson-202-de742c57,000129,77.294643,2026-08-31T18:59:03.247+00:00,2026-08-31T18:58:59.526+00:00,2026-08-31T18:58:59.533+00:00,2026-08-31T18:58:59.533+00:00,2026-08-31T18:58:59.577+00:00,2026-08-31T18:58:59.577+00:00,0.044081,0.04423224000038317,sqs-worker-5986dcd897-n7bln,ip-192-168-20-201.ec2.internal,dbc3f93d7e7fa5a8666367f63b8c7ec6d315f40c4e662302ad537beb67f038ef,1,7.0,51.0
1,hpa-poisson-202-de742c57,000128,76.717993,2026-08-31T18:59:02.670+00:00,2026-08-31T18:58:58.957+00:00,2026-08-31T18:58:58.961+00:00,2026-08-31T18:58:58.962+00:00,2026-08-31T18:58:59.381+00:00,2026-08-31T18:58:59.381+00:00,0.182587,0.4196809810000559,sqs-worker-5986dcd897-mn8f4,ip-192-168-20-201.ec2.internal,485fe0585a58d33fa158f0fbef3036a47169207a42221dc44719c42ba335242e,1,4.0,424.0
1,hpa-poisson-202-de742c57,000124,75.774291,2026-08-31T18:59:01.727+00:00,2026-08-31T18:58:58.017+00:00,2026-08-31T18:58:58.021+00:00,2026-08-31T18:58:58.021+00:00,2026-08-31T18:58:58.700+00:00,2026-08-31T18:58:58.700+00:00,0.249426,0.6796006860004127,sqs-worker-5986dcd897-mn8f4,ip-192-168-20-201.ec2.internal,cf93eff07324cf7ce2f53e10f65eec1071112995a462a8d5da11519ee9db4497,1,4.0,683.0
1,hpa-poisson-202-de742c57,000126,76.482311,2026-08-31T18:59:02.435+00:00,2026-08-31T18:58:58.716+00:00,2026-08-31T18:58:58.720+00:00,2026-08-31T18:58:58.720+00:00,2026-08-31T18:58:59.722+00:00,2026-08-31T18:58:59.722+00:00,0.406953,1.0022820750000392,sqs-worker-5986dcd897-45qzv,ip-192-168-20-201.ec2.internal,41f96f864acb9983895b68564f645aedaf86ad3744a9b5880338355b16dd9cdd,1,4.0,1006.0
1,hpa-poisson-202-de742c57,000131,78.707422,2026-08-31T18:59:04.660+00:00,2026-08-31T18:59:00.944+00:00,2026-08-31T18:59:00.948+00:00,2026-08-31T18:59:00.948+00:00,2026-08-31T18:59:01.270+00:00,2026-08-31T18:59:01.270+00:00,0.14671,0.3225431970004138,sqs-worker-5986dcd897-mn8f4,ip-192-168-20-201.ec2.internal,762bb1840e65d58c653f0807d8fdb210fba2dc291dc45f8b2d5e82c8132f6991,1,4.0,326.0
1,hpa-poisson-202-de742c57,000130,77.776332,2026-08-31T18:59:03.729+00:00,2026-08-31T18:59:00.008+00:00,2026-08-31T18:59:00.011+00:00,2026-08-31T18:59:00.011+00:00,2026-08-31T18:59:01.804+00:00,2026-08-31T18:59:01.804+00:00,0.339597,1.792954216999533,sqs-worker-5986dcd897-x8rdl,ip-192-168-20-201.ec2.internal,abe3a36102115ef7f48464c72aa4392da437cde837e4dc6667146b2f9d566f19,1,3.0,1796.0
1,hpa-poisson-202-de742c57,000132,79.08006,2026-08-31T18:59:05.032+00:00,2026-08-31T18:59:01.313+00:00,2026-08-31T18:59:01.318+00:00,2026-08-31T18:59:01.318+00:00,2026-08-31T18:59:01.970+00:00,2026-08-31T18:59:01.970+00:00,0.275728,0.6520525219993942,sqs-worker-5986dcd897-mn8f4,ip-192-168-20-201.ec2.internal,c0be1f1646a05ae09c06b5f495c7a6b58af8351bff9d42c3aea10a6216dd8690,1,5.0,657.0
1,hpa-poisson-202-de742c57,000134,79.889886,2026-08-31T18:59:05.843+00:00,2026-08-31T18:59:02.125+00:00,2026-08-31T18:59:02.129+00:00,2026-08-31T18:59:02.129+00:00,2026-08-31T18:59:02.261+00:00,2026-08-31T18:59:02.261+00:00,0.073112,0.13142883399996208,sqs-worker-5986dcd897-n7bln,ip-192-168-20-201.ec2.internal,10086a7afd13cdb3168596ba3cc6959185890f85254f44cd804d46c72dc40522,1,4.0,136.0
1,hpa-poisson-202-de742c57,000133,79.383393,2026-08-31T18:59:05.336+00:00,2026-08-31T18:59:01.615+00:00,2026-08-31T18:59:01.618+00:00,2026-08-31T18:59:01.618+00:00,2026-08-31T18:59:01.973+00:00,2026-08-31T18:59:01.973+00:00,0.165081,0.3547094769992327,sqs-worker-5986dcd897-n7bln,ip-192-168-20-201.ec2.internal,b5863e3aea8967b7a0faab7f31bac41f4d1dc1136e32fe445e0f8db10d7cc778,1,3.0,358.0
1,hpa-poisson-202-de742c57,000135,80.070761,2026-08-31T18:59:06.023+00:00,2026-08-31T18:59:02.304+00:00,2026-08-31T18:59:02.306+00:00,2026-08-31T18:59:02.306+00:00,2026-08-31T18:59:04.558+00:00,2026-08-31T18:59:04.558+00:00,0.91259,2.251439080999262,sqs-worker-5986dcd897-n7bln,ip-192-168-20-201.ec2.internal,98ffe58c3145c521dc0fdc7c97bf9e6f04b734a6c157724053541a37b2f06ec6,1,2.0,2254.0
1,hpa-poisson-202-de742c57,000137,82.73803,2026-08-31T18:59:08.691+00:00,2026-08-31T18:59:04.969+00:00,2026-08-31T18:59:04.986+00:00,2026-08-31T18:59:04.986+00:00,2026-08-31T18:59:05.451+00:00,2026-08-31T18:59:05.451+00:00,0.079056,0.46528240099996765,sqs-worker-5986dcd897-n7bln,ip-192-168-20-201.ec2.internal,72b7ccd35974cf5fbf2c335243ac9de83590f55f3ce788ebe6908ed3ab64f9f5,1,17.0,482.0
1,hpa-poisson-202-de742c57,000138,82.961611,2026-08-31T18:59:08.914+00:00,2026-08-31T18:59:05.192+00:00,2026-08-31T18:59:05.197+00:00,2026-08-31T18:59:05.197+00:00,2026-08-31T18:59:05.507+00:00,2026-08-31T18:59:05.507+00:00,0.055378,0.310712080000485,sqs-worker-5986dcd897-45qzv,ip-192-168-20-201.ec2.internal,4369f7bc08b636708895c88566a61890b03f8c70590d2c243813718f63b167c4,1,5.0,315.0
1,hpa-poisson-202-de742c57,000136,82.107655,2026-08-31T18:59:08.062+00:00,2026-08-31T18:59:04.340+00:00,2026-08-31T18:59:04.344+00:00,2026-08-31T18:59:04.344+00:00,2026-08-31T18:59:06.790+00:00,2026-08-31T18:59:06.790+00:00,1.0,2.446170512000208,sqs-worker-5986dcd897-x8rdl,ip-192-168-20-201.ec2.internal,b28a5142c8d59c6bbc1baa3312a8a3b94e85cf92f5f326a2ae84ac3ad2f28bda,1,4.0,2450.0
1,hpa-poisson-202-de742c57,000139,83.384473,2026-08-31T18:59:09.337+00:00,2026-08-31T18:59:05.615+00:00,2026-08-31T18:59:05.619+00:00,2026-08-31T18:59:05.619+00:00,2026-08-31T18:59:07.056+00:00,2026-08-31T18:59:07.056+00:00,0.266413,1.4375260410006376,sqs-worker-5986dcd897-n7bln,ip-192-168-20-201.ec2.internal,0c56165b1ba066c85948ef3e9d147f3486ea256053d12e3d00e50d1cae6ab177,1,4.0,1441.0
1,hpa-poisson-202-de742c57,000140,84.532861,2026-08-31T18:59:10.486+00:00,2026-08-31T18:59:06.769+00:00,2026-08-31T18:59:06.773+00:00,2026-08-31T18:59:06.773+00:00,2026-08-31T18:59:08.040+00:00,2026-08-31T18:59:08.040+00:00,0.358403,1.2674367780000466,sqs-worker-5986dcd897-mn8f4,ip-192-168-20-201.ec2.internal,c241087f154eb24f2c3a14265f8ffa723a3c2a500ccbc67e69d011b101f8c46b,1,4.0,1271.0
1,hpa-poisson-202-de742c57,000141,86.416476,2026-08-31T18:59:12.370+00:00,2026-08-31T18:59:08.648+00:00,2026-08-31T18:59:08.652+00:00,2026-08-31T18:59:08.652+00:00,2026-08-31T18:59:08.935+00:00,2026-08-31T18:59:08.935+00:00,0.129289,0.2834848430002239,sqs-worker-5986dcd897-mn8f4,ip-192-168-20-201.ec2.internal,51c38a61f26824dc6b9c5d0c1755a58c6f85d6fd22e625a1fd9efa63524ddeef,1,4.0,287.0
1,hpa-poisson-202-de742c57,000142,87.168715,2026-08-31T18:59:13.122+00:00,2026-08-31T18:59:09.399+00:00,2026-08-31T18:59:09.403+00:00,2026-08-31T18:59:09.403+00:00,2026-08-31T18:59:09.635+00:00,2026-08-31T18:59:09.635+00:00,0.119545,0.2318110890000753,sqs-worker-5986dcd897-45qzv,ip-192-168-20-201.ec2.internal,419b019dc92e7227827cff5907cadf5347cde07f1c1e8abeb131b2dcd8540374,1,4.0,236.0
1,hpa-poisson-202-de742c57,000143,88.48047,2026-08-31T18:59:14.434+00:00,2026-08-31T18:59:10.714+00:00,2026-08-31T18:59:10.720+00:00,2026-08-31T18:59:10.720+00:00,2026-08-31T18:59:11.136+00:00,2026-08-31T18:59:11.136+00:00,0.190992,0.4163258339995082,sqs-worker-5986dcd897-45qzv,ip-192-168-20-201.ec2.internal,e6d97eedf5155a934037912677f686384d28e3f6323984e642b3240b16ab5da4,1,6.0,422.0
1,hpa-poisson-202-de742c57,000144,89.507509,2026-08-31T18:59:15.461+00:00,2026-08-31T18:59:11.740+00:00,2026-08-31T18:59:11.744+00:00,2026-08-31T18:59:11.744+00:00,2026-08-31T18:59:11.962+00:00,2026-08-31T18:59:11.962+00:00,0.100563,0.21856184399985068,sqs-worker-5986dcd897-n7bln,ip-192-168-20-201.ec2.internal,8f866b90ff977528b1e7929492857c69471b6112b8eb7ea3429b388571d9107d,1,4.0,222.0
1,hpa-poisson-202-de742c57,000145,89.793646,2026-08-31T18:59:15.746+00:00,2026-08-31T18:59:12.023+00:00,2026-08-31T18:59:12.026+00:00,2026-08-31T18:59:12.026+00:00,2026-08-31T18:59:12.071+00:00,2026-08-31T18:59:12.071+00:00,0.044533,0.04457048199947167,sqs-worker-5986dcd897-45qzv,ip-192-168-20-201.ec2.internal,6d5e574a60964b290cc02dd5226d616ff2f9bef78818276b100819ce6b36c871,1,3.0,48.0
1,hpa-poisson-202-de742c57,000148,90.556217,2026-08-31T18:59:16.508+00:00,2026-08-31T18:59:12.790+00:00,2026-08-31T18:59:12.793+00:00,2026-08-31T18:59:12.793+00:00,2026-08-31T18:59:12.909+00:00,2026-08-31T18:59:12.909+00:00,0.063512,0.1161489400001301,sqs-worker-5986dcd897-x8rdl,ip-192-168-20-201.ec2.internal,cad00d903618ba373c7dddd5dcc3e61871cb6fade948af68c474341e0ebea846,1,3.0,119.0
1,hpa-poisson-202-de742c57,000146,90.131757,2026-08-31T18:59:16.084+00:00,2026-08-31T18:59:12.370+00:00,2026-08-31T18:59:12.374+00:00,2026-08-31T18:59:12.374+00:00,2026-08-31T18:59:13.174+00:00,2026-08-31T18:59:13.174+00:00,0.324648,0.8001092360000257,sqs-worker-5986dcd897-n7bln,ip-192-168-20-201.ec2.internal,acfa21632e1e163c92eebe12c28f4a7ec618d9b1bf38734b565427960de6f1b1,1,4.0,804.0
1,hpa-poisson-202-de742c57,000147,90.5228,2026-08-31T18:59:16.475+00:00,2026-08-31T18:59:12.753+00:00,2026-08-31T18:59:12.758+00:00,2026-08-31T18:59:12.758+00:00,2026-08-31T18:59:13.165+00:00,2026-08-31T18:59:13.165+00:00,0.170423,0.4067016910003076,sqs-worker-5986dcd897-45qzv,ip-192-168-20-201.ec2.internal,14cf53d7d59edb830397cee723f651851940d14e92f98934d9fd3d79f36b236b,1,5.0,412.0
1,hpa-poisson-202-de742c57,000149,91.115713,2026-08-31T18:59:17.068+00:00,2026-08-31T18:59:13.362+00:00,2026-08-31T18:59:13.366+00:00,2026-08-31T18:59:13.366+00:00,2026-08-31T18:59:13.680+00:00,2026-08-31T18:59:13.680+00:00,0.136024,0.3140326669999922,sqs-worker-5986dcd897-45qzv,ip-192-168-20-201.ec2.internal,b22dca983380a5f225df11e6f934544ea9bfd2f4ee5ce40d31e90b8dca91b858,1,4.0,318.0
1,hpa-poisson-202-de742c57,000150,91.617947,2026-08-31T18:59:17.570+00:00,2026-08-31T18:59:13.855+00:00,2026-08-31T18:59:13.859+00:00,2026-08-31T18:59:13.859+00:00,2026-08-31T18:59:14.471+00:00,2026-08-31T18:59:14.471+00:00,0.253403,0.6120707620002577,sqs-worker-5986dcd897-mn8f4,ip-192-168-20-201.ec2.internal,309188a0a373c73c051bf4010ef65405a39cfcb063602fea9a179aae7fbf6f17,1,4.0,616.0
1,hpa-poisson-202-de742c57,000151,92.584746,2026-08-31T18:59:18.538+00:00,2026-08-31T18:59:14.816+00:00,2026-08-31T18:59:14.820+00:00,2026-08-31T18:59:14.820+00:00,2026-08-31T18:59:15.442+00:00,2026-08-31T18:59:15.442+00:00,0.264223,0.6220793399998001,sqs-worker-5986dcd897-mn8f4,ip-192-168-20-201.ec2.internal,b6e4334c13f6280cebbfdb2ba1ac847973e130549cd3ff67b3c54b5cdf74ded4,1,4.0,626.0
1,hpa-poisson-202-de742c57,000152,92.844339,2026-08-31T18:59:18.797+00:00,2026-08-31T18:59:15.073+00:00,2026-08-31T18:59:15.077+00:00,2026-08-31T18:59:15.077+00:00,2026-08-31T18:59:15.469+00:00,2026-08-31T18:59:15.469+00:00,0.064891,0.3918583730001046,sqs-worker-5986dcd897-45qzv,ip-192-168-20-201.ec2.internal,8bd5b653424ae6ef1e504d03aaffb4f3995c23884474adee363b2a67c5118644,1,4.0,396.0
1,hpa-poisson-202-de742c57,000155,96.587214,2026-08-31T18:59:22.540+00:00,2026-08-31T18:59:18.820+00:00,2026-08-31T18:59:18.823+00:00,2026-08-31T18:59:18.824+00:00,2026-08-31T18:59:18.901+00:00,2026-08-31T18:59:18.901+00:00,0.066932,0.0775742830001036,sqs-worker-5986dcd897-n7bln,ip-192-168-20-201.ec2.internal,871ae3400255cfe509e0f316f9d7b96ccb205eb72ced20e59d419ad16e87eead,1,3.0,81.0
1,hpa-poisson-202-de742c57,000154,96.046721,2026-08-31T18:59:22.000+00:00,2026-08-31T18:59:18.278+00:00,2026-08-31T18:59:18.282+00:00,2026-08-31T18:59:18.282+00:00,2026-08-31T18:59:18.995+00:00,2026-08-31T18:59:18.995+00:00,0.288431,0.7126449659999707,sqs-worker-5986dcd897-x8rdl,ip-192-168-20-201.ec2.internal,7fd0f26c5af2aa0956ae81f6065211f867468889988b3e0a136772e5e269f584,1,4.0,717.0
1,hpa-poisson-202-de742c57,000156,96.748629,2026-08-31T18:59:22.701+00:00,2026-08-31T18:59:18.980+00:00,2026-08-31T18:59:18.983+00:00,2026-08-31T18:59:18.983+00:00,2026-08-31T18:59:19.200+00:00,2026-08-31T18:59:19.200+00:00,0.110127,0.2172990259996368,sqs-worker-5986dcd897-n7bln,ip-192-168-20-201.ec2.internal,ff2c0100c49d48e8a19c08d9288b8064b3e320aee6b3e5e88b6fa78f400d4c5c,1,3.0,220.0
1,hpa-poisson-202-de742c57,000153,95.207826,2026-08-31T18:59:21.162+00:00,2026-08-31T18:59:17.444+00:00,2026-08-31T18:59:17.448+00:00,2026-08-31T18:59:17.448+00:00,2026-08-31T18:59:19.884+00:00,2026-08-31T18:59:19.884+00:00,1.0,2.435809149999841,sqs-worker-5986dcd897-45qzv,ip-192-168-20-201.ec2.internal,970e0b9361eedc45b3b014ff1f170c515867612e51c500d07991ce0b7b65fdd4,1,4.0,2440.0
1,hpa-poisson-202-de742c57,000157,98.447189,2026-08-31T18:59:24.400+00:00,2026-08-31T18:59:20.689+00:00,2026-08-31T18:59:20.693+00:00,2026-08-31T18:59:20.693+00:00,2026-08-31T18:59:20.985+00:00,2026-08-31T18:59:20.985+00:00,0.14084,0.29199277399948187,sqs-worker-5986dcd897-45qzv,ip-192-168-20-201.ec2.internal,54538099ba7e80b96a69ce2acd47a98d7e9b476b1e7c26c570e4fa7261ad5aa0,1,4.0,296.0
1,hpa-poisson-202-de742c57,000158,99.166132,2026-08-31T18:59:25.119+00:00,2026-08-31T18:59:21.400+00:00,2026-08-31T18:59:21.404+00:00,2026-08-31T18:59:21.405+00:00,2026-08-31T18:59:21.441+00:00,2026-08-31T18:59:21.441+00:00,0.036619,0.03666597500068747,sqs-worker-5986dcd897-mn8f4,ip-192-168-20-201.ec2.internal,69eef63a719717992b2db27337deb32059683aa9eda261c40523b9889f2d8ed2,1,4.0,41.0
1,hpa-poisson-202-de742c57,000159,99.79424,2026-08-31T18:59:25.747+00:00,2026-08-31T18:59:22.026+00:00,2026-08-31T18:59:22.030+00:00,2026-08-31T18:59:22.030+00:00,2026-08-31T18:59:22.068+00:00,2026-08-31T18:59:22.069+00:00,0.038661,0.03870552799980942,sqs-worker-5986dcd897-n7bln,ip-192-168-20-201.ec2.internal,c2265f686c73caaa690a2dbc2dcbc2b108c8533fcb304874f5411009ce870e0f,1,4.0,42.0
1,hpa-poisson-202-de742c57,000161,100.066887,2026-08-31T18:59:26.019+00:00,2026-08-31T18:59:22.303+00:00,2026-08-31T18:59:22.306+00:00,2026-08-31T18:59:22.306+00:00,2026-08-31T18:59:22.534+00:00,2026-08-31T18:59:22.534+00:00,0.107213,0.2275005390001752,sqs-worker-5986dcd897-45qzv,ip-192-168-20-201.ec2.internal,83d77c7310ba3e0b38b8366c37d3d2709cffee8aa948dcd59ba0a8be5599bde3,1,3.0,231.0
1,hpa-poisson-202-de742c57,000162,100.203452,2026-08-31T18:59:26.155+00:00,2026-08-31T18:59:22.434+00:00,2026-08-31T18:59:22.437+00:00,2026-08-31T18:59:22.437+00:00,2026-08-31T18:59:22.549+00:00,2026-08-31T18:59:22.549+00:00,0.05154,0.11174376799954189,sqs-worker-5986dcd897-n7bln,ip-192-168-20-201.ec2.internal,f678145cbf50697835300d9f539a9fa2c3518feddbe460cd3a25378def52f3de,1,3.0,115.0
1,hpa-poisson-202-de742c57,000160,99.928841,2026-08-31T18:59:25.881+00:00,2026-08-31T18:59:22.159+00:00,2026-08-31T18:59:22.162+00:00,2026-08-31T18:59:22.162+00:00,2026-08-31T18:59:23.200+00:00,2026-08-31T18:59:23.200+00:00,0.441788,1.037641655000698,sqs-worker-5986dcd897-mn8f4,ip-192-168-20-201.ec2.internal,5dc8bd51bd4c49c8ff4d28433174da3b37da65ab22007e1c537df4edc6617777,1,3.0,1041.0
1,hpa-poisson-202-de742c57,000163,101.768299,2026-08-31T18:59:27.722+00:00,2026-08-31T18:59:24.004+00:00,2026-08-31T18:59:24.007+00:00,2026-08-31T18:59:24.008+00:00,2026-08-31T18:59:24.096+00:00,2026-08-31T18:59:24.096+00:00,0.054384,0.08895414800008439,sqs-worker-5986dcd897-x8rdl,ip-192-168-20-201.ec2.internal,b6480ad032aab18685985b50ffb32d1a82c251407057b1bee09f30e192b4ee22,1,3.0,92.0
1,hpa-poisson-202-de742c57,000164,102.133956,2026-08-31T18:59:28.086+00:00,2026-08-31T18:59:24.373+00:00,2026-08-31T18:59:24.377+00:00,2026-08-31T18:59:24.377+00:00,2026-08-31T18:59:24.509+00:00,2026-08-31T18:59:24.509+00:00,0.079441,0.13233509000019694,sqs-worker-5986dcd897-n7bln,ip-192-168-20-201.ec2.internal,347d25a88c0a6a2d243311a763493559f8bee64dc87d08d098681b3d8a476ab5,1,4.0,136.0
1,hpa-poisson-202-de742c57,000166,103.624444,2026-08-31T18:59:29.577+00:00,2026-08-31T18:59:25.860+00:00,2026-08-31T18:59:25.877+00:00,2026-08-31T18:59:25.877+00:00,2026-08-31T18:59:25.952+00:00,2026-08-31T18:59:25.952+00:00,0.015754,0.07501735000005283,sqs-worker-5986dcd897-n7bln,ip-192-168-20-201.ec2.internal,63d4ca7e9b5189baa2c8e3c96da841a5db9b3ffeff4f702033d2da756654427b,1,17.0,92.0
1,hpa-poisson-202-de742c57,000165,102.888933,2026-08-31T18:59:28.841+00:00,2026-08-31T18:59:25.122+00:00,2026-08-31T18:59:25.126+00:00,2026-08-31T18:59:25.126+00:00,2026-08-31T18:59:26.990+00:00,2026-08-31T18:59:26.990+00:00,0.369133,1.8638375909995375,sqs-worker-5986dcd897-45qzv,ip-192-168-20-201.ec2.internal,b96f723fb2b130c0a9c5bfae8dcd102f849454a3cb7b67584ec1f854a3c02a5f,1,4.0,1868.0
1,hpa-poisson-202-de742c57,000169,105.023796,2026-08-31T18:59:30.976+00:00,2026-08-31T18:59:27.259+00:00,2026-08-31T18:59:27.263+00:00,2026-08-31T18:59:27.263+00:00,2026-08-31T18:59:27.566+00:00,2026-08-31T18:59:27.566+00:00,0.126873,0.30302850200041576,sqs-worker-5986dcd897-45qzv,ip-192-168-20-201.ec2.internal,485bd28f20d8a5514481d16287caf59f510b14c8bfe460c4dda578d5d63af295,1,4.0,307.0
1,hpa-poisson-202-de742c57,000167,104.669809,2026-08-31T18:59:30.623+00:00,2026-08-31T18:59:26.900+00:00,2026-08-31T18:59:26.904+00:00,2026-08-31T18:59:26.904+00:00,2026-08-31T18:59:27.596+00:00,2026-08-31T18:59:27.596+00:00,0.290781,0.6919041669998478,sqs-worker-5986dcd897-x8rdl,ip-192-168-20-201.ec2.internal,f96239f47a12f7443d61806596937235da5e3b6e2f94d432e05340685026979a,1,4.0,696.0
1,hpa-poisson-202-de742c57,000168,104.882864,2026-08-31T18:59:30.835+00:00,2026-08-31T18:59:27.113+00:00,2026-08-31T18:59:27.117+00:00,2026-08-31T18:59:27.117+00:00,2026-08-31T18:59:28.081+00:00,2026-08-31T18:59:28.081+00:00,0.411969,0.9635890580002524,sqs-worker-5986dcd897-mn8f4,ip-192-168-20-201.ec2.internal,984bbf81913ac7ac6ce487af4715eae4f37ac4f4eba1e19c45b598c30b4927ac,1,4.0,968.0
1,hpa-poisson-202-de742c57,000170,107.08419,2026-08-31T18:59:33.038+00:00,2026-08-31T18:59:29.831+00:00,2026-08-31T18:59:29.836+00:00,2026-08-31T18:59:29.836+00:00,2026-08-31T18:59:30.163+00:00,2026-08-31T18:59:30.163+00:00,0.151527,0.3278322489995844,sqs-worker-5986dcd897-n7bln,ip-192-168-20-201.ec2.internal,35b4b2d3131ae1e4df1c875c7f50a011638019fa003c477642b113dadd7deb8f,1,5.0,332.0
1,hpa-poisson-202-de742c57,000171,107.178988,2026-08-31T18:59:33.131+00:00,2026-08-31T18:59:29.450+00:00,2026-08-31T18:59:29.453+00:00,2026-08-31T18:59:29.453+00:00,2026-08-31T18:59:30.891+00:00,2026-08-31T18:59:30.891+00:00,0.339239,1.4376211190001413,sqs-worker-5986dcd897-x8rdl,ip-192-168-20-201.ec2.internal,212f02eecf4caecba5aded2fb965fe790f244fce296bef39763839fcbde1a248,1,3.0,1441.0
1,hpa-poisson-202-de742c57,000172,112.543905,2026-08-31T18:59:38.499+00:00,2026-08-31T18:59:34.779+00:00,2026-08-31T18:59:34.782+00:00,2026-08-31T18:59:34.782+00:00,2026-08-31T18:59:34.822+00:00,2026-08-31T18:59:34.822+00:00,0.030153,0.039575671999955375,sqs-worker-5986dcd897-mn8f4,ip-192-168-20-201.ec2.internal,df8c8ff5d2b388c8f1a45532ffbdf5af3d0704120e82bc9ebed58b9626066a41,1,3.0,43.0
1,hpa-poisson-202-de742c57,000173,112.859136,2026-08-31T18:59:38.811+00:00,2026-08-31T18:59:35.105+00:00,2026-08-31T18:59:35.155+00:00,2026-08-31T18:59:35.155+00:00,2026-08-31T18:59:35.549+00:00,2026-08-31T18:59:35.549+00:00,0.068363,0.39455431700025656,sqs-worker-5986dcd897-n7bln,ip-192-168-20-201.ec2.internal,13c2092052beb72d0b14686831cc5b4ac2ef8f4767d3a3763d9acacffa6b8b9a,1,50.0,444.0
1,hpa-poisson-202-de742c57,000175,113.096465,2026-08-31T18:59:39.048+00:00,2026-08-31T18:59:35.329+00:00,2026-08-31T18:59:35.333+00:00,2026-08-31T18:59:35.333+00:00,2026-08-31T18:59:35.718+00:00,2026-08-31T18:59:35.718+00:00,0.063158,0.384720350999487,sqs-worker-5986dcd897-45qzv,ip-192-168-20-201.ec2.internal,0a443319dd2a8a444441bb069f2a486bcb32801cd3595c244e0d7cd921833d5d,1,4.0,389.0
1,hpa-poisson-202-de742c57,000174,112.872681,2026-08-31T18:59:38.825+00:00,2026-08-31T18:59:35.112+00:00,2026-08-31T18:59:35.160+00:00,2026-08-31T18:59:35.160+00:00,2026-08-31T18:59:36.101+00:00,2026-08-31T18:59:36.101+00:00,0.39609,0.9414399770003001,sqs-worker-5986dcd897-x8rdl,ip-192-168-20-201.ec2.internal,061e775520719915f74c05a695486c1c140d2ad294ed7256d15355af5bd1ce2e,1,48.0,989.0
1,hpa-poisson-202-de742c57,000179,114.474552,2026-08-31T18:59:40.426+00:00,2026-08-31T18:59:36.708+00:00,2026-08-31T18:59:36.715+00:00,2026-08-31T18:59:36.715+00:00,2026-08-31T18:59:37.008+00:00,2026-08-31T18:59:37.008+00:00,0.125883,0.2931910439992862,sqs-worker-5986dcd897-45qzv,ip-192-168-20-201.ec2.internal,697dc473e397f5dbaef66a01072a2eea8560bd3f02af48b4624b7668535cfa61,1,7.0,300.0
1,hpa-poisson-202-de742c57,000178,114.424055,2026-08-31T18:59:40.376+00:00,2026-08-31T18:59:36.659+00:00,2026-08-31T18:59:36.663+00:00,2026-08-31T18:59:36.663+00:00,2026-08-31T18:59:37.012+00:00,2026-08-31T18:59:37.012+00:00,0.154364,0.3493439459998626,sqs-worker-5986dcd897-x8rdl,ip-192-168-20-201.ec2.internal,9c161a217e3185994dffa2f3de567882cf4ca674e9eb93d1eef96377dd1bbec0,1,4.0,353.0
1,hpa-poisson-202-de742c57,000176,114.005313,2026-08-31T18:59:39.958+00:00,2026-08-31T18:59:36.238+00:00,2026-08-31T18:59:36.277+00:00,2026-08-31T18:59:36.277+00:00,2026-08-31T18:59:37.195+00:00,2026-08-31T18:59:37.195+00:00,0.352614,0.9180584390005606,sqs-worker-5986dcd897-n7bln,ip-192-168-20-201.ec2.internal,6326298b83ec485c291f1d4a39f79928005abce16d9d55469fab426c46c6e29a,1,39.0,957.0
1,hpa-poisson-202-de742c57,000181,115.036401,2026-08-31T18:59:40.989+00:00,2026-08-31T18:59:37.279+00:00,2026-08-31T18:59:37.282+00:00,2026-08-31T18:59:37.282+00:00,2026-08-31T18:59:37.611+00:00,2026-08-31T18:59:37.611+00:00,0.159727,0.3295795630001521,sqs-worker-5986dcd897-n7bln,ip-192-168-20-201.ec2.internal,e1cc32bc640824fc5cf3622c4a5653c0be5d95994a888bde3ab3ea34472126ad,1,3.0,332.0
1,hpa-poisson-202-de742c57,000177,114.330173,2026-08-31T18:59:40.282+00:00,2026-08-31T18:59:36.559+00:00,2026-08-31T18:59:36.562+00:00,2026-08-31T18:59:36.562+00:00,2026-08-31T18:59:37.634+00:00,2026-08-31T18:59:37.634+00:00,0.193105,1.0717968589997326,sqs-worker-5986dcd897-mn8f4,ip-192-168-20-201.ec2.internal,00a3690e1e581a29562f20d6609764db9f5f1c72f37d2eb303bdb2dddd064779,1,3.0,1075.0
1,hpa-poisson-202-de742c57,000182,115.3219,2026-08-31T18:59:41.274+00:00,2026-08-31T18:59:37.567+00:00,2026-08-31T18:59:37.575+00:00,2026-08-31T18:59:37.575+00:00,2026-08-31T18:59:37.875+00:00,2026-08-31T18:59:37.875+00:00,0.12059,0.29940869500023837,sqs-worker-5986dcd897-x8rdl,ip-192-168-20-201.ec2.internal,67ebb1653e8839008d47d873940a3e799eb52df6caaf54004d8aba15ae4bb96f,1,8.0,308.0
1,hpa-poisson-202-de742c57,000180,114.50621,2026-08-31T18:59:40.458+00:00,2026-08-31T18:59:36.741+00:00,2026-08-31T18:59:37.021+00:00,2026-08-31T18:59:37.021+00:00,2026-08-31T18:59:38.464+00:00,2026-08-31T18:59:38.464+00:00,0.586045,1.4433073210002476,sqs-worker-5986dcd897-45qzv,ip-192-168-20-201.ec2.internal,c039285e84d8ced006f424164946869f4b2385fd573db49e14c67498e43d8088,1,280.0,1723.0
1,hpa-poisson-202-de742c57,000185,116.322877,2026-08-31T18:59:42.275+00:00,2026-08-31T18:59:38.556+00:00,2026-08-31T18:59:38.561+00:00,2026-08-31T18:59:38.561+00:00,2026-08-31T18:59:38.580+00:00,2026-08-31T18:59:38.580+00:00,0.019809,0.019884280000042054,sqs-worker-5986dcd897-45qzv,ip-192-168-20-201.ec2.internal,7a6cca21bc43a5d4e702e64fede28b1c1f34ac446d36c1cd7ec56e8eb73c1eb5,1,5.0,24.0
1,hpa-poisson-202-de742c57,000183,116.029923,2026-08-31T18:59:41.982+00:00,2026-08-31T18:59:38.264+00:00,2026-08-31T18:59:38.268+00:00,2026-08-31T18:59:38.268+00:00,2026-08-31T18:59:38.713+00:00,2026-08-31T18:59:38.713+00:00,0.200097,0.4455067529997905,sqs-worker-5986dcd897-x8rdl,ip-192-168-20-201.ec2.internal,6a6214e4943f70c983cb18953e376ecd6308f2129f91c78feb3294caa24778fb,1,4.0,449.0
1,hpa-poisson-202-de742c57,000187,117.072946,2026-08-31T18:59:43.025+00:00,2026-08-31T18:59:39.301+00:00,2026-08-31T18:59:39.305+00:00,2026-08-31T18:59:39.305+00:00,2026-08-31T18:59:39.493+00:00,2026-08-31T18:59:39.493+00:00,0.102854,0.18817779599976348,sqs-worker-5986dcd897-n7bln,ip-192-168-20-201.ec2.internal,6a7231ac26d5fae4dc85edae9b0a18bd53ed1959929d01799b298c00efe366b7,1,4.0,192.0
1,hpa-poisson-202-de742c57,000184,116.113962,2026-08-31T18:59:42.066+00:00,2026-08-31T18:59:38.356+00:00,2026-08-31T18:59:38.360+00:00,2026-08-31T18:59:38.360+00:00,2026-08-31T18:59:38.861+00:00,2026-08-31T18:59:38.861+00:00,0.213604,0.5007541059994765,sqs-worker-5986dcd897-n7bln,ip-192-168-20-201.ec2.internal,91e0879e9288609742f667c84c6afe04ac32bed044d67a063b6a1a9254641851,1,4.0,505.0
1,hpa-poisson-202-de742c57,000189,118.002144,2026-08-31T18:59:43.954+00:00,2026-08-31T18:59:40.239+00:00,2026-08-31T18:59:40.287+00:00,2026-08-31T18:59:40.287+00:00,2026-08-31T18:59:40.314+00:00,2026-08-31T18:59:40.314+00:00,0.018695,0.027654506000544643,sqs-worker-5986dcd897-x8rdl,ip-192-168-20-201.ec2.internal,ff17aba25f679995ae759b1b56ff25c4f15a5ceec3cc9fd0eb529748b71840a6,1,48.0,75.0
1,hpa-poisson-202-de742c57,000188,117.813361,2026-08-31T18:59:43.766+00:00,2026-08-31T18:59:40.607+00:00,2026-08-31T18:59:40.610+00:00,2026-08-31T18:59:40.610+00:00,2026-08-31T18:59:40.918+00:00,2026-08-31T18:59:40.918+00:00,0.123427,0.3080670419994931,sqs-worker-5986dcd897-45qzv,ip-192-168-20-201.ec2.internal,c46a9f17e98e405c922eebdeb86a9a5c831f7dfa16cac931c2d36832590b2efa,1,3.0,311.0
1,hpa-poisson-202-de742c57,000190,118.870409,2026-08-31T18:59:44.823+00:00,2026-08-31T18:59:41.114+00:00,2026-08-31T18:59:41.117+00:00,2026-08-31T18:59:41.117+00:00,2026-08-31T18:59:41.147+00:00,2026-08-31T18:59:41.147+00:00,0.028918,0.029723626999839325,sqs-worker-5986dcd897-45qzv,ip-192-168-20-201.ec2.internal,95d40d8aafdf5d255b49035ce8b35c75a41934675a598f152d40840d2da9ee10,1,3.0,33.0
1,hpa-poisson-202-de742c57,000186,116.826798,2026-08-31T18:59:42.779+00:00,2026-08-31T18:59:39.060+00:00,2026-08-31T18:59:39.064+00:00,2026-08-31T18:59:39.064+00:00,2026-08-31T18:59:41.504+00:00,2026-08-31T18:59:41.504+00:00,1.0,2.4404843980000805,sqs-worker-5986dcd897-mn8f4,ip-192-168-20-201.ec2.internal,8b1110d5db17d2a2b45f7d78b2ace29cb701609dd517ab3814f4a9d3cdc516b1,1,4.0,2444.0
1,hpa-poisson-202-de742c57,000191,119.551525,2026-08-31T18:59:45.504+00:00,2026-08-31T18:59:41.782+00:00,2026-08-31T18:59:41.785+00:00,2026-08-31T18:59:41.785+00:00,2026-08-31T18:59:41.884+00:00,2026-08-31T18:59:41.884+00:00,0.05475,0.09819980600059353,sqs-worker-5986dcd897-mn8f4,ip-192-168-20-201.ec2.internal,892bc10ca708d0dfea5b8fe143badf47d6ad5af933eb2b43826759c46a6bfdf0,1,3.0,102.0
1,hpa-poisson-202-de742c57,000192,119.883961,2026-08-31T18:59:45.836+00:00,2026-08-31T18:59:42.114+00:00,2026-08-31T18:59:42.118+00:00,2026-08-31T18:59:42.118+00:00,2026-08-31T18:59:42.582+00:00,2026-08-31T18:59:42.583+00:00,0.221276,0.46458318599979975,sqs-worker-5986dcd897-n7bln,ip-192-168-20-201.ec2.internal,6adcf01f79b6e41c27c291e147d5a29a83af7042a390795574a7c710e65be29e,1,4.0,468.0
1,hpa-poisson-202-de742c57,000193,120.645592,2026-08-31T18:59:46.598+00:00,2026-08-31T18:59:42.877+00:00,2026-08-31T18:59:42.881+00:00,2026-08-31T18:59:42.881+00:00,2026-08-31T18:59:42.896+00:00,2026-08-31T18:59:42.896+00:00,0.015025,0.015063692999319755,sqs-worker-5986dcd897-mn8f4,ip-192-168-20-201.ec2.internal,1b1c7f66aed11b89a8afdf1baeca41e12e617a015d40002ef0efdb13ddf72c1e,1,4.0,19.0
1,hpa-poisson-202-de742c57,000194,120.911576,2026-08-31T18:59:46.863+00:00,2026-08-31T18:59:43.145+00:00,2026-08-31T18:59:43.151+00:00,2026-08-31T18:59:43.151+00:00,2026-08-31T18:59:45.046+00:00,2026-08-31T18:59:45.046+00:00,0.777173,1.895125422000092,sqs-worker-5986dcd897-mn8f4,ip-192-168-20-201.ec2.internal,7f8f70981e177b2d5418b1b02cc34f79f8a52572374a779b1527a94c5644e699,1,6.0,1901.0
1,hpa-poisson-202-de742c57,000195,122.493809,2026-08-31T18:59:48.447+00:00,2026-08-31T18:59:44.726+00:00,2026-08-31T18:59:44.753+00:00,2026-08-31T18:59:44.753+00:00,2026-08-31T18:59:45.659+00:00,2026-08-31T18:59:45.659+00:00,0.177671,0.9063220039997759,sqs-worker-5986dcd897-n7bln,ip-192-168-20-201.ec2.internal,83c028829a39087987fa914ab364eba0c1268c88e0f7993cd7a240d64f98477a,1,27.0,933.0
1,hpa-poisson-202-de742c57,000196,123.33911,2026-08-31T18:59:49.292+00:00,2026-08-31T18:59:45.571+00:00,2026-08-31T18:59:45.577+00:00,2026-08-31T18:59:45.577+00:00,2026-08-31T18:59:45.766+00:00,2026-08-31T18:59:45.766+00:00,0.037123,0.18918296599986206,sqs-worker-5986dcd897-45qzv,ip-192-168-20-201.ec2.internal,8691b575915e0ec82024915cec027aba13234c372afa3e92838f886ff27c369e,1,6.0,195.0
1,hpa-poisson-202-de742c57,000197,123.549314,2026-08-31T18:59:49.501+00:00,2026-08-31T18:59:45.780+00:00,2026-08-31T18:59:45.786+00:00,2026-08-31T18:59:45.786+00:00,2026-08-31T18:59:46.170+00:00,2026-08-31T18:59:46.170+00:00,0.075635,0.3840793119998125,sqs-worker-5986dcd897-mn8f4,ip-192-168-20-201.ec2.internal,e08c85d10dc1532fe6033887ce1aeb55fa9965ce5b18232f804a86ca56f8fbeb,1,6.0,390.0
1,hpa-poisson-202-de742c57,000199,125.3538,2026-08-31T18:59:51.306+00:00,2026-08-31T18:59:47.584+00:00,2026-08-31T18:59:47.588+00:00,2026-08-31T18:59:47.588+00:00,2026-08-31T18:59:47.614+00:00,2026-08-31T18:59:47.614+00:00,0.025423,0.025471629000094254,sqs-worker-5986dcd897-x8rdl,ip-192-168-20-201.ec2.internal,58b273838fe4fdb1aebbb8b3b4c794f2f690b886ad480f1a8286f58c0a28c73b,1,4.0,30.0
1,hpa-poisson-202-de742c57,000198,124.736554,2026-08-31T18:59:50.689+00:00,2026-08-31T18:59:46.968+00:00,2026-08-31T18:59:46.972+00:00,2026-08-31T18:59:46.972+00:00,2026-08-31T18:59:48.501+00:00,2026-08-31T18:59:48.501+00:00,0.631008,1.5292500779996772,sqs-worker-5986dcd897-n7bln,ip-192-168-20-201.ec2.internal,a018860873727e5aa615de94d08fc5c7b85ad39868d3dac5f08f5f76b25b9ea0,1,4.0,1533.0
1,hpa-poisson-202-de742c57,000200,126.601057,2026-08-31T18:59:52.554+00:00,2026-08-31T18:59:48.832+00:00,2026-08-31T18:59:48.836+00:00,2026-08-31T18:59:48.836+00:00,2026-08-31T18:59:49.765+00:00,2026-08-31T18:59:49.765+00:00,0.391761,0.9292529200001809,sqs-worker-5986dcd897-45qzv,ip-192-168-20-201.ec2.internal,c8c0df7b595cf63b32b6dcc61c703a59d3485072df0d9dfc8322d1908cb349eb,1,4.0,933.0
1,hpa-poisson-202-de742c57,000201,127.374845,2026-08-31T18:59:53.327+00:00,2026-08-31T18:59:49.610+00:00,2026-08-31T18:59:49.613+00:00,2026-08-31T18:59:49.613+00:00,2026-08-31T18:59:50.144+00:00,2026-08-31T18:59:50.144+00:00,0.236774,0.5312831479996021,sqs-worker-5986dcd897-mn8f4,ip-192-168-20-201.ec2.internal,5ed9b55cd72feda83859b76f0ee1d7ede03ec6c19d08f54c923bf5626d16b422,1,3.0,534.0
1,hpa-poisson-202-de742c57,000203,129.398693,2026-08-31T18:59:55.349+00:00,2026-08-31T18:59:51.644+00:00,2026-08-31T18:59:51.648+00:00,2026-08-31T18:59:51.648+00:00,2026-08-31T18:59:51.879+00:00,2026-08-31T18:59:51.879+00:00,0.115057,0.23111503300060576,sqs-worker-5986dcd897-mn8f4,ip-192-168-20-201.ec2.internal,46a8918d0b62b85bb151474ee62541d2c3d1280047a6ff7ae20e814172c4402b,1,4.0,235.0
1,hpa-poisson-202-de742c57,000204,129.662671,2026-08-31T18:59:55.613+00:00,2026-08-31T18:59:51.904+00:00,2026-08-31T18:59:51.910+00:00,2026-08-31T18:59:51.910+00:00,2026-08-31T18:59:52.591+00:00,2026-08-31T18:59:52.591+00:00,0.308235,0.6813302099999419,sqs-worker-5986dcd897-n7bln,ip-192-168-20-201.ec2.internal,f9b607da4b045cbb30b7c8bdaac46289374826aa56da3a25ef648e8e87bf7c87,1,6.0,687.0
1,hpa-poisson-202-de742c57,000202,128.90844,2026-08-31T18:59:54.860+00:00,2026-08-31T18:59:51.154+00:00,2026-08-31T18:59:51.159+00:00,2026-08-31T18:59:51.159+00:00,2026-08-31T18:59:52.688+00:00,2026-08-31T18:59:52.688+00:00,0.621727,1.5284176449995357,sqs-worker-5986dcd897-x8rdl,ip-192-168-20-201.ec2.internal,d5d332f6c4a7ae1c94c0c4a700a3fab315a50af9b0bd5fe6e9112d071a438254,1,5.0,1534.0
1,hpa-poisson-202-de742c57,000205,130.493277,2026-08-31T18:59:56.444+00:00,2026-08-31T18:59:52.726+00:00,2026-08-31T18:59:52.729+00:00,2026-08-31T18:59:52.729+00:00,2026-08-31T18:59:52.772+00:00,2026-08-31T18:59:52.772+00:00,0.042451,0.04254230700007611,sqs-worker-5986dcd897-n7bln,ip-192-168-20-201.ec2.internal,51051c7bfe6b1319cd456462d93f728a912725df1e0a934ce29053e8ec244aeb,1,3.0,46.0
1,hpa-poisson-202-de742c57,000206,132.123783,2026-08-31T18:59:58.075+00:00,2026-08-31T18:59:54.360+00:00,2026-08-31T18:59:54.365+00:00,2026-08-31T18:59:54.365+00:00,2026-08-31T18:59:54.779+00:00,2026-08-31T18:59:54.779+00:00,0.175059,0.41397125000003143,sqs-worker-5986dcd897-mn8f4,ip-192-168-20-201.ec2.internal,a1025e2ce7206e8bdafa5177c803e4b9d8db499683448e2166419332d05887f7,1,5.0,419.0
1,hpa-poisson-202-de742c57,000207,132.589042,2026-08-31T18:59:58.540+00:00,2026-08-31T18:59:54.819+00:00,2026-08-31T18:59:54.823+00:00,2026-08-31T18:59:54.823+00:00,2026-08-31T18:59:54.894+00:00,2026-08-31T18:59:54.894+00:00,0.05099,0.07138753800063569,sqs-worker-5986dcd897-x8rdl,ip-192-168-20-201.ec2.internal,118177cfc8a0075a7c65690fb386251bf54be23481850b285a57fe250d27305c,1,4.0,75.0
1,hpa-poisson-202-de742c57,000208,133.376049,2026-08-31T18:59:59.327+00:00,2026-08-31T18:59:55.607+00:00,2026-08-31T18:59:55.611+00:00,2026-08-31T18:59:55.611+00:00,2026-08-31T18:59:55.779+00:00,2026-08-31T18:59:55.779+00:00,0.03336,0.16872310999951878,sqs-worker-5986dcd897-n7bln,ip-192-168-20-201.ec2.internal,62b0781961bcec21ae0b1277138b79429a4963cd048efe5362b7effcce4023d4,1,4.0,172.0
1,hpa-poisson-202-de742c57,000209,133.956434,2026-08-31T18:59:59.907+00:00,2026-08-31T18:59:56.187+00:00,2026-08-31T18:59:56.191+00:00,2026-08-31T18:59:56.191+00:00,2026-08-31T18:59:56.212+00:00,2026-08-31T18:59:56.212+00:00,0.020926,0.021545427000091877,sqs-worker-5986dcd897-n7bln,ip-192-168-20-201.ec2.internal,ea5a7f2a2c4d9ef65caa2df3766248208d1726ee75eb3c96eb9dc478fc68f2e8,1,4.0,25.0
1,hpa-poisson-202-de742c57,000211,134.348904,2026-08-31T19:00:00.299+00:00,2026-08-31T18:59:56.579+00:00,2026-08-31T18:59:56.582+00:00,2026-08-31T18:59:56.582+00:00,2026-08-31T18:59:56.775+00:00,2026-08-31T18:59:56.775+00:00,0.082472,0.19248207900000125,sqs-worker-5986dcd897-n7bln,ip-192-168-20-201.ec2.internal,947d03b8eb00a5ff7716bce0c11c5b489c26f2d8e3ba062d31ff9e418c7e1b38,1,3.0,196.0
1,hpa-poisson-202-de742c57,000210,134.209111,2026-08-31T19:00:00.159+00:00,2026-08-31T18:59:56.446+00:00,2026-08-31T18:59:56.451+00:00,2026-08-31T18:59:56.451+00:00,2026-08-31T18:59:56.770+00:00,2026-08-31T18:59:56.770+00:00,0.141112,0.319173050000245,sqs-worker-5986dcd897-45qzv,ip-192-168-20-201.ec2.internal,9a03367a2bd4d3e387e6b7465bc7290e8eff216ee3d0005816e364ec592c204f,1,5.0,324.0
1,hpa-poisson-202-de742c57,000213,135.072729,2026-08-31T19:00:01.023+00:00,2026-08-31T18:59:57.303+00:00,2026-08-31T18:59:57.306+00:00,2026-08-31T18:59:57.306+00:00,2026-08-31T18:59:57.604+00:00,2026-08-31T18:59:57.604+00:00,0.140775,0.2974455610001314,sqs-worker-5986dcd897-x8rdl,ip-192-168-20-201.ec2.internal,fd3b162cf168f8c9a598b33643cc871ffb065e31721adeba1ae6c2e2c618bc90,1,3.0,301.0
1,hpa-poisson-202-de742c57,000214,135.443148,2026-08-31T19:00:01.394+00:00,2026-08-31T18:59:57.673+00:00,2026-08-31T18:59:57.676+00:00,2026-08-31T18:59:57.676+00:00,2026-08-31T18:59:57.879+00:00,2026-08-31T18:59:57.879+00:00,0.095618,0.20365873299942905,sqs-worker-5986dcd897-45qzv,ip-192-168-20-201.ec2.internal,663dff84127b14a6ef45033b7110446203ed583cb8e4c22ff6bf0cd1bebfb9b5,1,3.0,206.0
1,hpa-poisson-202-de742c57,000212,134.958542,2026-08-31T19:00:00.909+00:00,2026-08-31T18:59:57.189+00:00,2026-08-31T18:59:57.193+00:00,2026-08-31T18:59:57.193+00:00,2026-08-31T18:59:58.104+00:00,2026-08-31T18:59:58.104+00:00,0.396428,0.9107461489993511,sqs-worker-5986dcd897-mn8f4,ip-192-168-20-201.ec2.internal,0290e4c94f37eca15e5f7846d6468e0b7a515740833939f846af9e8cccc010c1,1,4.0,915.0
1,hpa-poisson-202-de742c57,000215,136.376092,2026-08-31T19:00:02.327+00:00,2026-08-31T18:59:58.609+00:00,2026-08-31T18:59:58.613+00:00,2026-08-31T18:59:58.613+00:00,2026-08-31T18:59:58.780+00:00,2026-08-31T18:59:58.780+00:00,0.090764,0.16703160500037484,sqs-worker-5986dcd897-mn8f4,ip-192-168-20-201.ec2.internal,43b66de383c7bbdab317177ef1a7590ff020e54cffd2a1c214b68455e48224a4,1,4.0,171.0
1,hpa-poisson-202-de742c57,000216,136.675805,2026-08-31T19:00:02.626+00:00,2026-08-31T18:59:58.909+00:00,2026-08-31T18:59:58.912+00:00,2026-08-31T18:59:58.912+00:00,2026-08-31T18:59:59.282+00:00,2026-08-31T18:59:59.282+00:00,0.175351,0.36919988799945713,sqs-worker-5986dcd897-n7bln,ip-192-168-20-201.ec2.internal,de9d41c1cd88666e52bcf770faf3cd3ca5018d644a016ce32abc5edc35627672,1,3.0,373.0
1,hpa-poisson-202-de742c57,000217,137.030345,2026-08-31T19:00:02.981+00:00,2026-08-31T18:59:59.265+00:00,2026-08-31T18:59:59.269+00:00,2026-08-31T18:59:59.269+00:00,2026-08-31T18:59:59.406+00:00,2026-08-31T18:59:59.406+00:00,0.077417,0.13739273600003798,sqs-worker-5986dcd897-mn8f4,ip-192-168-20-201.ec2.internal,a57f7d749d16b4831359502176e529ca0010649417d6e5afa208dee56a75d726,1,4.0,141.0
1,hpa-poisson-202-de742c57,000218,139.135244,2026-08-31T19:00:05.087+00:00,2026-08-31T19:00:01.373+00:00,2026-08-31T19:00:01.377+00:00,2026-08-31T19:00:01.377+00:00,2026-08-31T19:00:01.625+00:00,2026-08-31T19:00:01.625+00:00,0.119,0.2480500680003388,sqs-worker-5986dcd897-x8rdl,ip-192-168-20-201.ec2.internal,ada5ee0521773e2edfd2634f0960435c2a2ac53ce83bf60d839e87ee9a2c9481,1,4.0,252.0
1,hpa-poisson-202-de742c57,000219,139.693179,2026-08-31T19:00:05.644+00:00,2026-08-31T19:00:01.941+00:00,2026-08-31T19:00:01.956+00:00,2026-08-31T19:00:01.956+00:00,2026-08-31T19:00:02.139+00:00,2026-08-31T19:00:02.139+00:00,0.087873,0.18312323499958438,sqs-worker-5986dcd897-mn8f4,ip-192-168-20-201.ec2.internal,8a06d24d3339259978ea1e86f6fe4e6da3fc5ff07a705e53b41b3cd43594051a,1,15.0,198.0
1,hpa-poisson-202-de742c57,000221,140.313683,2026-08-31T19:00:06.264+00:00,2026-08-31T19:00:02.543+00:00,2026-08-31T19:00:02.547+00:00,2026-08-31T19:00:02.547+00:00,2026-08-31T19:00:02.560+00:00,2026-08-31T19:00:02.560+00:00,0.013318,0.013363111000217032,sqs-worker-5986dcd897-x8rdl,ip-192-168-20-201.ec2.internal,6fc8c9008cc89684c18a4d37b9502a8581b128af82a98cb8d48202b1de0eeb91,1,4.0,17.0
1,hpa-poisson-202-de742c57,000220,140.17937,2026-08-31T19:00:06.130+00:00,2026-08-31T19:00:02.409+00:00,2026-08-31T19:00:02.413+00:00,2026-08-31T19:00:02.413+00:00,2026-08-31T19:00:03.074+00:00,2026-08-31T19:00:03.074+00:00,0.285269,0.6610739859997921,sqs-worker-5986dcd897-mn8f4,ip-192-168-20-201.ec2.internal,62770159a5acbf8b267c57f34ef2f2359f1b80c85f8505fdcc0a63a92d0c030a,1,4.0,665.0
1,hpa-poisson-202-de742c57,000222,141.177049,2026-08-31T19:00:07.128+00:00,2026-08-31T19:00:03.409+00:00,2026-08-31T19:00:03.412+00:00,2026-08-31T19:00:03.412+00:00,2026-08-31T19:00:03.446+00:00,2026-08-31T19:00:03.446+00:00,0.03331,0.03335794999929931,sqs-worker-5986dcd897-n7bln,ip-192-168-20-201.ec2.internal,af97d87f2c2c44a91f6f0f49f7a5799d76da73eeabdd58a0064c7b39cc859cdb,1,3.0,37.0
1,hpa-poisson-202-de742c57,000223,141.464197,2026-08-31T19:00:07.415+00:00,2026-08-31T19:00:03.695+00:00,2026-08-31T19:00:03.698+00:00,2026-08-31T19:00:03.698+00:00,2026-08-31T19:00:03.923+00:00,2026-08-31T19:00:03.923+00:00,0.120079,0.2243035660003443,sqs-worker-5986dcd897-x8rdl,ip-192-168-20-201.ec2.internal,50380ac3859fe963cafb56f5a1d3c5feb8f6b83a86b2f91bee756a922c31e96f,1,3.0,228.0
1,hpa-poisson-202-de742c57,000224,142.251562,2026-08-31T19:00:08.202+00:00,2026-08-31T19:00:04.481+00:00,2026-08-31T19:00:04.485+00:00,2026-08-31T19:00:04.485+00:00,2026-08-31T19:00:04.676+00:00,2026-08-31T19:00:04.677+00:00,0.081021,0.1919870819992866,sqs-worker-5986dcd897-mn8f4,ip-192-168-20-201.ec2.internal,3e4310879d389c1bfe33d14e0300992fd0c340ba2221a4598e6981b78f824110,1,4.0,195.0
1,hpa-poisson-202-de742c57,000225,144.171143,2026-08-31T19:00:10.123+00:00,2026-08-31T19:00:06.408+00:00,2026-08-31T19:00:06.412+00:00,2026-08-31T19:00:06.412+00:00,2026-08-31T19:00:06.735+00:00,2026-08-31T19:00:06.735+00:00,0.148682,0.32266732300013246,sqs-worker-5986dcd897-45qzv,ip-192-168-20-201.ec2.internal,bd8afa4cece3076d8b823cc7a947604ca42ea81308a532906132eb226f1ba9b1,1,4.0,327.0
1,hpa-poisson-202-de742c57,000226,145.284481,2026-08-31T19:00:11.236+00:00,2026-08-31T19:00:07.517+00:00,2026-08-31T19:00:07.521+00:00,2026-08-31T19:00:07.521+00:00,2026-08-31T19:00:07.557+00:00,2026-08-31T19:00:07.557+00:00,0.035727,0.03576534999956493,sqs-worker-5986dcd897-45qzv,ip-192-168-20-201.ec2.internal,39956b07a7f37852d9e1d1a4f6843e70e8ffbb769847fcbdc10da32bd668977b,1,4.0,40.0
1,hpa-poisson-202-de742c57,000227,145.440447,2026-08-31T19:00:11.391+00:00,2026-08-31T19:00:07.674+00:00,2026-08-31T19:00:07.678+00:00,2026-08-31T19:00:07.678+00:00,2026-08-31T19:00:07.795+00:00,2026-08-31T19:00:07.795+00:00,0.052084,0.11692084400056046,sqs-worker-5986dcd897-x8rdl,ip-192-168-20-201.ec2.internal,3365478d43225074346a17d79b9f6551263b4187cc90ca3d70ec9a0bcb91dd85,1,4.0,121.0
1,hpa-poisson-202-de742c57,000228,147.089985,2026-08-31T19:00:13.042+00:00,2026-08-31T19:00:09.321+00:00,2026-08-31T19:00:09.346+00:00,2026-08-31T19:00:09.346+00:00,2026-08-31T19:00:09.409+00:00,2026-08-31T19:00:09.409+00:00,0.052165,0.06306672000027902,sqs-worker-5986dcd897-45qzv,ip-192-168-20-201.ec2.internal,014a36398bffc36461defeb2fd23c424b5533ebcfaf09a41b4b77aa4a2d5d175,1,25.0,88.0
1,hpa-poisson-202-de742c57,000232,148.100668,2026-08-31T19:00:14.051+00:00,2026-08-31T19:00:10.335+00:00,2026-08-31T19:00:10.340+00:00,2026-08-31T19:00:10.340+00:00,2026-08-31T19:00:10.458+00:00,2026-08-31T19:00:10.458+00:00,0.050298,0.11870324200026516,sqs-worker-5986dcd897-n7bln,ip-192-168-20-201.ec2.internal,1d3cf84c88662cd9122a2b83eec5430cfb17a0843b8fe0868dfd488af1166b48,1,5.0,123.0
1,hpa-poisson-202-de742c57,000229,147.774395,2026-08-31T19:00:13.725+00:00,2026-08-31T19:00:10.006+00:00,2026-08-31T19:00:10.010+00:00,2026-08-31T19:00:10.010+00:00,2026-08-31T19:00:10.485+00:00,2026-08-31T19:00:10.485+00:00,0.214343,0.4746369340000456,sqs-worker-5986dcd897-mn8f4,ip-192-168-20-201.ec2.internal,6e4faaf0b18dd0094fa8eff6833ced030523e7754720794de778d0272116c416,1,4.0,479.0
1,hpa-poisson-202-de742c57,000230,147.89483,2026-08-31T19:00:13.845+00:00,2026-08-31T19:00:10.125+00:00,2026-08-31T19:00:10.147+00:00,2026-08-31T19:00:10.147+00:00,2026-08-31T19:00:10.598+00:00,2026-08-31T19:00:10.598+00:00,0.101348,0.45141765700009273,sqs-worker-5986dcd897-x8rdl,ip-192-168-20-201.ec2.internal,dd90e7106f9071ba8491613bbeebffd4c72e78b92af65ecbff9f518ee885feb1,1,22.0,473.0
1,hpa-poisson-202-de742c57,000231,147.922692,2026-08-31T19:00:13.873+00:00,2026-08-31T19:00:10.158+00:00,2026-08-31T19:00:10.165+00:00,2026-08-31T19:00:10.165+00:00,2026-08-31T19:00:10.874+00:00,2026-08-31T19:00:10.874+00:00,0.2906,0.7092004489995816,sqs-worker-5986dcd897-45qzv,ip-192-168-20-201.ec2.internal,2dd9666abdc3909d5dc71a82df9b72e4fc16ccc633d821ccefb913386f6a935e,1,7.0,716.0
1,hpa-poisson-202-de742c57,000234,149.064277,2026-08-31T19:00:15.015+00:00,2026-08-31T19:00:11.292+00:00,2026-08-31T19:00:11.306+00:00,2026-08-31T19:00:11.306+00:00,2026-08-31T19:00:11.564+00:00,2026-08-31T19:00:11.564+00:00,0.1215,0.25854313600029855,sqs-worker-5986dcd897-45qzv,ip-192-168-20-201.ec2.internal,d6e444b99c5d6eac3abe73db850313297db6a35f1f9e5f3471b7befa06764e99,1,14.0,272.0
1,hpa-poisson-202-de742c57,000233,148.649582,2026-08-31T19:00:14.600+00:00,2026-08-31T19:00:10.880+00:00,2026-08-31T19:00:10.884+00:00,2026-08-31T19:00:10.884+00:00,2026-08-31T19:00:11.804+00:00,2026-08-31T19:00:11.804+00:00,0.207082,0.9199396620006155,sqs-worker-5986dcd897-x8rdl,ip-192-168-20-201.ec2.internal,0b1ec29033afa7c30b6fe9491abd2032cc8b0881bdfa1ea970181f6ba13b36db,1,4.0,924.0
1,hpa-poisson-202-de742c57,000235,149.067088,2026-08-31T19:00:15.017+00:00,2026-08-31T19:00:11.294+00:00,2026-08-31T19:00:11.298+00:00,2026-08-31T19:00:11.298+00:00,2026-08-31T19:00:12.589+00:00,2026-08-31T19:00:12.589+00:00,0.538925,1.2910165060002328,sqs-worker-5986dcd897-n7bln,ip-192-168-20-201.ec2.internal,a348efdafa9282420a7ac9c26f3916a43b47b1543b0c11f8623f5024c5ae44a4,1,4.0,1295.0
1,hpa-poisson-202-de742c57,000237,150.967013,2026-08-31T19:00:16.917+00:00,2026-08-31T19:00:13.202+00:00,2026-08-31T19:00:13.205+00:00,2026-08-31T19:00:13.205+00:00,2026-08-31T19:00:13.283+00:00,2026-08-31T19:00:13.284+00:00,0.040721,0.07824586199967598,sqs-worker-5986dcd897-x8rdl,ip-192-168-20-201.ec2.internal,a0fbe341ffdf90921492df8f4e5142dfd643eac061ada88c25813d058ce67be0,1,3.0,81.0
1,hpa-poisson-202-de742c57,000236,150.92405,2026-08-31T19:00:16.876+00:00,2026-08-31T19:00:13.156+00:00,2026-08-31T19:00:13.160+00:00,2026-08-31T19:00:13.160+00:00,2026-08-31T19:00:13.368+00:00,2026-08-31T19:00:13.368+00:00,0.091078,0.20806877500035625,sqs-worker-5986dcd897-45qzv,ip-192-168-20-201.ec2.internal,0bd07cd9695a5f2feae323e8932c722eb904fc22285ceee771d7148cdcf21ac1,1,4.0,212.0
1,hpa-poisson-202-de742c57,000239,152.535765,2026-08-31T19:00:18.486+00:00,2026-08-31T19:00:14.765+00:00,2026-08-31T19:00:14.769+00:00,2026-08-31T19:00:14.769+00:00,2026-08-31T19:00:14.884+00:00,2026-08-31T19:00:14.884+00:00,0.054783,0.11514666199946078,sqs-worker-5986dcd897-x8rdl,ip-192-168-20-201.ec2.internal,de0884c00c77858eab567430dc3bcce86f06ac8443bb4706478da430f5af3f1e,1,4.0,119.0
1,hpa-poisson-202-de742c57,000240,153.538795,2026-08-31T19:00:19.490+00:00,2026-08-31T19:00:15.769+00:00,2026-08-31T19:00:15.772+00:00,2026-08-31T19:00:15.772+00:00,2026-08-31T19:00:16.015+00:00,2026-08-31T19:00:16.015+00:00,0.053395,0.2426969440002722,sqs-worker-5986dcd897-45qzv,ip-192-168-20-201.ec2.internal,41ff452e05623794d27c72fe9fa80641abb675abb508792dbafce6bc92270ba8,1,3.0,246.0
1,hpa-poisson-202-de742c57,000238,152.106835,2026-08-31T19:00:18.058+00:00,2026-08-31T19:00:14.339+00:00,2026-08-31T19:00:14.342+00:00,2026-08-31T19:00:14.342+00:00,2026-08-31T19:00:16.263+00:00,2026-08-31T19:00:16.263+00:00,0.411784,1.9209541700001864,sqs-worker-5986dcd897-n7bln,ip-192-168-20-201.ec2.internal,791677439ee3e55034af1090eafd9e7ef8feb4b3a6700998681221192ca5ddc4,1,3.0,1924.0
1,hpa-poisson-202-de742c57,000242,155.320421,2026-08-31T19:00:21.271+00:00,2026-08-31T19:00:17.549+00:00,2026-08-31T19:00:17.553+00:00,2026-08-31T19:00:17.553+00:00,2026-08-31T19:00:17.579+00:00,2026-08-31T19:00:17.579+00:00,0.026101,0.02619780900022306,sqs-worker-5986dcd897-x8rdl,ip-192-168-20-201.ec2.internal,961ae2040789ff537bd312e206edc8392ca99df528b2edaea23a65f9ead653e4,1,4.0,30.0
1,hpa-poisson-202-de742c57,000243,155.616843,2026-08-31T19:00:21.567+00:00,2026-08-31T19:00:17.844+00:00,2026-08-31T19:00:17.850+00:00,2026-08-31T19:00:17.850+00:00,2026-08-31T19:00:17.869+00:00,2026-08-31T19:00:17.869+00:00,0.017696,0.01921833100004733,sqs-worker-5986dcd897-45qzv,ip-192-168-20-201.ec2.internal,dbc04757554e0616223ef06011a61e1848f5ab57249c925a264a5f36cd2b3be8,1,6.0,25.0
1,hpa-poisson-202-de742c57,000241,154.576256,2026-08-31T19:00:20.527+00:00,2026-08-31T19:00:16.809+00:00,2026-08-31T19:00:16.812+00:00,2026-08-31T19:00:16.812+00:00,2026-08-31T19:00:17.885+00:00,2026-08-31T19:00:17.885+00:00,0.396587,1.073319101999914,sqs-worker-5986dcd897-n7bln,ip-192-168-20-201.ec2.internal,042321107eefba57481a3e9d16306677ea5b7797b5fd594e074e2f92062dabdd,1,3.0,1076.0
1,hpa-poisson-202-de742c57,000245,156.216193,2026-08-31T19:00:22.166+00:00,2026-08-31T19:00:18.449+00:00,2026-08-31T19:00:18.452+00:00,2026-08-31T19:00:18.452+00:00,2026-08-31T19:00:18.467+00:00,2026-08-31T19:00:18.467+00:00,0.014485,0.014549716000146873,sqs-worker-5986dcd897-45qzv,ip-192-168-20-201.ec2.internal,ae2fdbed3dae5ba227a5e0932c2961363c06ceefc25abd3ead8e4ef6bfe95d83,1,3.0,18.0
1,hpa-poisson-202-de742c57,000246,156.406652,2026-08-31T19:00:22.357+00:00,2026-08-31T19:00:18.635+00:00,2026-08-31T19:00:18.638+00:00,2026-08-31T19:00:18.638+00:00,2026-08-31T19:00:18.792+00:00,2026-08-31T19:00:18.792+00:00,0.071286,0.15442903699931776,sqs-worker-5986dcd897-x8rdl,ip-192-168-20-201.ec2.internal,1ec4db187b34a99ca944a3d3386b897c977191f97628f5e99271cf514d6ce133,1,3.0,157.0
1,hpa-poisson-202-de742c57,000244,156.07372,2026-08-31T19:00:22.024+00:00,2026-08-31T19:00:18.339+00:00,2026-08-31T19:00:18.345+00:00,2026-08-31T19:00:18.345+00:00,2026-08-31T19:00:18.876+00:00,2026-08-31T19:00:18.876+00:00,0.227072,0.5310936949999814,sqs-worker-5986dcd897-n7bln,ip-192-168-20-201.ec2.internal,9cee40be669764579e086840248f624395b7b97a5f3ff46b8ececd1eb0bfc292,1,6.0,537.0
1,hpa-poisson-202-de742c57,000248,156.70472,2026-08-31T19:00:22.655+00:00,2026-08-31T19:00:18.939+00:00,2026-08-31T19:00:18.942+00:00,2026-08-31T19:00:18.942+00:00,2026-08-31T19:00:19.143+00:00,2026-08-31T19:00:19.143+00:00,0.089336,0.20068318799985718,sqs-worker-5986dcd897-mn8f4,ip-192-168-20-201.ec2.internal,bb029a57472dfcae4c08dfb8ebebce08666b67c2d66ead120a95577daa0a2056,1,3.0,204.0
1,hpa-poisson-202-de742c57,000247,156.420809,2026-08-31T19:00:22.371+00:00,2026-08-31T19:00:18.648+00:00,2026-08-31T19:00:18.653+00:00,2026-08-31T19:00:18.653+00:00,2026-08-31T19:00:19.276+00:00,2026-08-31T19:00:19.276+00:00,0.266928,0.6227847290001591,sqs-worker-5986dcd897-45qzv,ip-192-168-20-201.ec2.internal,5b3831be0a3321ca6ea4af867d08a176308c2aad88ab6d86c010622fdd8e5a65,1,5.0,628.0
1,hpa-poisson-202-de742c57,000249,158.154018,2026-08-31T19:00:24.106+00:00,2026-08-31T19:00:20.386+00:00,2026-08-31T19:00:20.390+00:00,2026-08-31T19:00:20.390+00:00,2026-08-31T19:00:21.170+00:00,2026-08-31T19:00:21.170+00:00,0.320445,0.779722316000516,sqs-worker-5986dcd897-mn8f4,ip-192-168-20-201.ec2.internal,921c661bbcb84726d3e30fe33e7dddf64a73ef68a389adbd5533ecce97149ae5,1,4.0,784.0
1,hpa-poisson-202-de742c57,000250,158.948768,2026-08-31T19:00:24.898+00:00,2026-08-31T19:00:21.176+00:00,2026-08-31T19:00:21.181+00:00,2026-08-31T19:00:21.181+00:00,2026-08-31T19:00:21.313+00:00,2026-08-31T19:00:21.314+00:00,0.076942,0.1326383759997043,sqs-worker-5986dcd897-n7bln,ip-192-168-20-201.ec2.internal,bc303e379475e22cb51ca4f827138bf9dd70cb53a588fb69cff26e31ee88e269,1,5.0,137.0
1,hpa-poisson-202-de742c57,000253,159.609644,2026-08-31T19:00:25.559+00:00,2026-08-31T19:00:21.842+00:00,2026-08-31T19:00:21.847+00:00,2026-08-31T19:00:21.847+00:00,2026-08-31T19:00:21.925+00:00,2026-08-31T19:00:21.925+00:00,0.062675,0.07787032600026578,sqs-worker-5986dcd897-x8rdl,ip-192-168-20-201.ec2.internal,b66166e71caa9067029323fd44e91bc611c052f44d2bd4b475a6884d90f94770,1,5.0,83.0
1,hpa-poisson-202-de742c57,000251,158.988991,2026-08-31T19:00:24.938+00:00,2026-08-31T19:00:21.217+00:00,2026-08-31T19:00:21.221+00:00,2026-08-31T19:00:21.221+00:00,2026-08-31T19:00:21.983+00:00,2026-08-31T19:00:21.983+00:00,0.328499,0.7618783730003997,sqs-worker-5986dcd897-mn8f4,ip-192-168-20-201.ec2.internal,a7c2d0302917f5c7f37e100565a0f020789ef0c64920b20c8c75225698b70644,1,4.0,766.0
1,hpa-poisson-202-de742c57,000252,159.250996,2026-08-31T19:00:25.200+00:00,2026-08-31T19:00:21.481+00:00,2026-08-31T19:00:21.489+00:00,2026-08-31T19:00:21.489+00:00,2026-08-31T19:00:21.988+00:00,2026-08-31T19:00:21.988+00:00,0.213058,0.4992126309998639,sqs-worker-5986dcd897-n7bln,ip-192-168-20-201.ec2.internal,3c527d0b81d0a4748bece13ba1e6d31f8a14080461b624c7c8d1381f33c1974b,1,8.0,507.0
1,hpa-poisson-202-de742c57,000254,160.071996,2026-08-31T19:00:26.021+00:00,2026-08-31T19:00:22.302+00:00,2026-08-31T19:00:22.306+00:00,2026-08-31T19:00:22.306+00:00,2026-08-31T19:00:22.437+00:00,2026-08-31T19:00:22.437+00:00,0.069555,0.13086250000014843,sqs-worker-5986dcd897-mn8f4,ip-192-168-20-201.ec2.internal,e5e04e1afd79f7700f141c0afc84238745233ce4458e9773e33cac8163ce01fb,1,4.0,135.0
1,hpa-poisson-202-de742c57,000255,160.518044,2026-08-31T19:00:26.467+00:00,2026-08-31T19:00:22.750+00:00,2026-08-31T19:00:22.754+00:00,2026-08-31T19:00:22.754+00:00,2026-08-31T19:00:23.234+00:00,2026-08-31T19:00:23.235+00:00,0.203053,0.4805488490001153,sqs-worker-5986dcd897-mn8f4,ip-192-168-20-201.ec2.internal,f4894a87657926863b9fd1cce1e4a16bcefa6ee751a90777260c2909cad155a8,1,4.0,484.0
1,hpa-poisson-202-de742c57,000256,161.653695,2026-08-31T19:00:27.604+00:00,2026-08-31T19:00:23.883+00:00,2026-08-31T19:00:23.887+00:00,2026-08-31T19:00:23.887+00:00,2026-08-31T19:00:24.422+00:00,2026-08-31T19:00:24.422+00:00,0.24071,0.5356498299997838,sqs-worker-5986dcd897-x8rdl,ip-192-168-20-201.ec2.internal,145e66642503e174e9f949c4a4023b1a80b579550aa045f2616b1aa33bf3cb5c,1,4.0,539.0
1,hpa-poisson-202-de742c57,000257,161.790144,2026-08-31T19:00:27.739+00:00,2026-08-31T19:00:24.020+00:00,2026-08-31T19:00:24.024+00:00,2026-08-31T19:00:24.024+00:00,2026-08-31T19:00:24.451+00:00,2026-08-31T19:00:24.451+00:00,0.188779,0.427006560999871,sqs-worker-5986dcd897-n7bln,ip-192-168-20-201.ec2.internal,1ec61635b133955a95072806eec0035b28bbc48ffc0286dd0da2ba7ee378cf3f,1,4.0,431.0
1,hpa-poisson-202-de742c57,000258,162.429473,2026-08-31T19:00:28.379+00:00,2026-08-31T19:00:24.658+00:00,2026-08-31T19:00:24.663+00:00,2026-08-31T19:00:24.663+00:00,2026-08-31T19:00:24.807+00:00,2026-08-31T19:00:24.807+00:00,0.085723,0.14404457100044965,sqs-worker-5986dcd897-x8rdl,ip-192-168-20-201.ec2.internal,7098583c387dd793ac2e17cad657606b5b01ba1e33e8297d2609e86f9631065c,1,5.0,149.0
1,hpa-poisson-202-de742c57,000260,163.092033,2026-08-31T19:00:29.041+00:00,2026-08-31T19:00:25.319+00:00,2026-08-31T19:00:25.323+00:00,2026-08-31T19:00:25.323+00:00,2026-08-31T19:00:25.367+00:00,2026-08-31T19:00:25.367+00:00,0.005389,0.04441917399981321,sqs-worker-5986dcd897-45qzv,ip-192-168-20-201.ec2.internal,504299e999d1ed61611f8304ac70b3d506682ea36bf0d104991d07de0d37e37a,1,4.0,48.0
1,hpa-poisson-202-de742c57,000261,163.194829,2026-08-31T19:00:29.144+00:00,2026-08-31T19:00:25.423+00:00,2026-08-31T19:00:25.430+00:00,2026-08-31T19:00:25.430+00:00,2026-08-31T19:00:25.800+00:00,2026-08-31T19:00:25.800+00:00,0.167059,0.369868796999981,sqs-worker-5986dcd897-x8rdl,ip-192-168-20-201.ec2.internal,8d8a72034478ee9891f285a907704b0f95654e1cc53eba6340cb3152dc6e932c,1,7.0,377.0
1,hpa-poisson-202-de742c57,000262,163.273453,2026-08-31T19:00:29.222+00:00,2026-08-31T19:00:25.501+00:00,2026-08-31T19:00:25.506+00:00,2026-08-31T19:00:25.507+00:00,2026-08-31T19:00:25.909+00:00,2026-08-31T19:00:25.909+00:00,0.073787,0.4029905890001828,sqs-worker-5986dcd897-45qzv,ip-192-168-20-201.ec2.internal,3c2ca9587a1d6ccca9b101da65a27fcd9f76da750e0458939144c26d84f3d9c5,1,5.0,408.0
1,hpa-poisson-202-de742c57,000259,163.08158,2026-08-31T19:00:29.031+00:00,2026-08-31T19:00:25.311+00:00,2026-08-31T19:00:25.351+00:00,2026-08-31T19:00:25.352+00:00,2026-08-31T19:00:26.858+00:00,2026-08-31T19:00:26.858+00:00,0.338411,1.5061263069992492,sqs-worker-5986dcd897-n7bln,ip-192-168-20-201.ec2.internal,6c17fd47b61890bd5853b9676258fe68c82473f4fcab8f9d701c5f220a2e14e6,1,40.0,1547.0
1,hpa-poisson-202-de742c57,000263,163.872548,2026-08-31T19:00:29.822+00:00,2026-08-31T19:00:26.101+00:00,2026-08-31T19:00:26.135+00:00,2026-08-31T19:00:26.135+00:00,2026-08-31T19:00:26.975+00:00,2026-08-31T19:00:26.975+00:00,0.150463,0.8402506000002177,sqs-worker-5986dcd897-mn8f4,ip-192-168-20-201.ec2.internal,e0c0147efd61038f213506e0ac2eb3ffc16f2913b48a8106bd65332e5ecdf63c,1,34.0,874.0
1,hpa-poisson-202-de742c57,000264,165.094906,2026-08-31T19:00:31.044+00:00,2026-08-31T19:00:27.325+00:00,2026-08-31T19:00:27.330+00:00,2026-08-31T19:00:27.330+00:00,2026-08-31T19:00:27.353+00:00,2026-08-31T19:00:27.353+00:00,0.022981,0.023259947000042303,sqs-worker-5986dcd897-45qzv,ip-192-168-20-201.ec2.internal,0de046d15dbb410ae5112e3e5b2346b55460f20f5732f7e4d307e5fe479fef47,1,5.0,28.0
1,hpa-poisson-202-de742c57,000265,166.429605,2026-08-31T19:00:32.380+00:00,2026-08-31T19:00:28.661+00:00,2026-08-31T19:00:28.667+00:00,2026-08-31T19:00:28.667+00:00,2026-08-31T19:00:28.705+00:00,2026-08-31T19:00:28.705+00:00,0.037744,0.037785417000122834,sqs-worker-5986dcd897-45qzv,ip-192-168-20-201.ec2.internal,43ab6135b297cd55455965544e4a77fab790c8588623bb6f359c32c390d3e977,1,6.0,44.0
1,hpa-poisson-202-de742c57,000267,168.064909,2026-08-31T19:00:34.014+00:00,2026-08-31T19:00:30.296+00:00,2026-08-31T19:00:30.300+00:00,2026-08-31T19:00:30.300+00:00,2026-08-31T19:00:30.582+00:00,2026-08-31T19:00:30.582+00:00,0.133384,0.28254689799996413,sqs-worker-5986dcd897-mn8f4,ip-192-168-20-201.ec2.internal,d204b3dc80102b82c1c589e477878c734da496ccf863bbdfa8bd14dfaa1dbe71,1,4.0,286.0
1,hpa-poisson-202-de742c57,000266,167.568406,2026-08-31T19:00:33.518+00:00,2026-08-31T19:00:29.798+00:00,2026-08-31T19:00:29.803+00:00,2026-08-31T19:00:29.803+00:00,2026-08-31T19:00:31.176+00:00,2026-08-31T19:00:31.176+00:00,0.565801,1.3732893619999231,sqs-worker-5986dcd897-n7bln,ip-192-168-20-201.ec2.internal,89e81792677f4c2ea9da51be41941948841666888d94a331c0602e153a7adc17,1,5.0,1378.0
1,hpa-poisson-202-de742c57,000268,168.668469,2026-08-31T19:00:34.618+00:00,2026-08-31T19:00:30.898+00:00,2026-08-31T19:00:30.942+00:00,2026-08-31T19:00:30.942+00:00,2026-08-31T19:00:31.194+00:00,2026-08-31T19:00:31.194+00:00,0.035843,0.25142656300067756,sqs-worker-5986dcd897-x8rdl,ip-192-168-20-201.ec2.internal,da2d051e319f69fc0c127e75aeb48b327e0600d4a9837956d66e0db0ccc787b8,1,44.0,296.0
1,hpa-poisson-202-de742c57,000270,169.570582,2026-08-31T19:00:35.520+00:00,2026-08-31T19:00:31.799+00:00,2026-08-31T19:00:31.803+00:00,2026-08-31T19:00:31.803+00:00,2026-08-31T19:00:31.872+00:00,2026-08-31T19:00:31.872+00:00,0.046916,0.06875066700013122,sqs-worker-5986dcd897-45qzv,ip-192-168-20-201.ec2.internal,9cf018c38d9dcfc220ce009568db562716deb88dc99166ff9c8379f63c7b4f12,1,4.0,73.0
1,hpa-poisson-202-de742c57,000271,169.984699,2026-08-31T19:00:35.934+00:00,2026-08-31T19:00:32.215+00:00,2026-08-31T19:00:32.219+00:00,2026-08-31T19:00:32.219+00:00,2026-08-31T19:00:32.253+00:00,2026-08-31T19:00:32.253+00:00,0.034143,0.03419946600024559,sqs-worker-5986dcd897-45qzv,ip-192-168-20-201.ec2.internal,0a366e78161610d78c64d4ee47d250fc733069316769e187f8680ed10e94b04d,1,4.0,38.0
1,hpa-poisson-202-de742c57,000272,170.075257,2026-08-31T19:00:36.024+00:00,2026-08-31T19:00:32.305+00:00,2026-08-31T19:00:32.307+00:00,2026-08-31T19:00:32.307+00:00,2026-08-31T19:00:32.322+00:00,2026-08-31T19:00:32.322+00:00,0.014976,0.015038213000480027,sqs-worker-5986dcd897-n7bln,ip-192-168-20-201.ec2.internal,6f6eb387f2a3462b5e7b853aa1feb97ae459ad027f114dfff0d5c101ea12cfdd,1,2.0,17.0
1,hpa-poisson-202-de742c57,000269,169.34894,2026-08-31T19:00:35.298+00:00,2026-08-31T19:00:31.584+00:00,2026-08-31T19:00:31.588+00:00,2026-08-31T19:00:31.588+00:00,2026-08-31T19:00:32.798+00:00,2026-08-31T19:00:32.798+00:00,0.510562,1.2105081319996316,sqs-worker-5986dcd897-mn8f4,ip-192-168-20-201.ec2.internal,4d17ba743ad2e0516172b3fb29fd7455b21928fbd1219570fcdcebf581383249,1,4.0,1214.0
1,hpa-poisson-202-de742c57,000273,170.327211,2026-08-31T19:00:36.276+00:00,2026-08-31T19:00:32.555+00:00,2026-08-31T19:00:32.559+00:00,2026-08-31T19:00:32.559+00:00,2026-08-31T19:00:33.178+00:00,2026-08-31T19:00:33.178+00:00,0.258886,0.6191280890006965,sqs-worker-5986dcd897-45qzv,ip-192-168-20-201.ec2.internal,5e4bb71735b325af4f1f6ee3680e2d166db5dfcd43a06ab1bc56c17ec30da9d6,1,4.0,623.0
1,hpa-poisson-202-de742c57,000274,170.611814,2026-08-31T19:00:36.561+00:00,2026-08-31T19:00:32.855+00:00,2026-08-31T19:00:32.858+00:00,2026-08-31T19:00:32.859+00:00,2026-08-31T19:00:33.079+00:00,2026-08-31T19:00:33.079+00:00,0.100532,0.22087343099974532,sqs-worker-5986dcd897-n7bln,ip-192-168-20-201.ec2.internal,cdfb60d071a13b23cb35b326b3c6bd33e5eb2ef4d7a79f73125a9cb429ed317d,1,3.0,224.0
1,hpa-poisson-202-de742c57,000276,172.723813,2026-08-31T19:00:38.673+00:00,2026-08-31T19:00:34.953+00:00,2026-08-31T19:00:34.962+00:00,2026-08-31T19:00:34.962+00:00,2026-08-31T19:00:35.710+00:00,2026-08-31T19:00:35.710+00:00,0.153645,0.7483522849997826,sqs-worker-5986dcd897-45qzv,ip-192-168-20-201.ec2.internal,d637827d6cd51cd582f34d3e2fa8f0e044235f192c07542ffba9df9e1b1443d3,1,9.0,757.0
1,hpa-poisson-202-de742c57,000278,173.181258,2026-08-31T19:00:39.130+00:00,2026-08-31T19:00:35.411+00:00,2026-08-31T19:00:35.415+00:00,2026-08-31T19:00:35.415+00:00,2026-08-31T19:00:35.797+00:00,2026-08-31T19:00:35.797+00:00,0.085702,0.3825054850003653,sqs-worker-5986dcd897-n7bln,ip-192-168-20-201.ec2.internal,c05a02355bce0522aae5351794d20c1f106fb03add4d6fb2acc1ab8c32b12f41,1,4.0,386.0
1,hpa-poisson-202-de742c57,000280,173.67467,2026-08-31T19:00:39.624+00:00,2026-08-31T19:00:35.905+00:00,2026-08-31T19:00:35.914+00:00,2026-08-31T19:00:35.914+00:00,2026-08-31T19:00:36.101+00:00,2026-08-31T19:00:36.101+00:00,0.045262,0.1866326620001928,sqs-worker-5986dcd897-n7bln,ip-192-168-20-201.ec2.internal,a97cce00ca8c12a94d38e6bb510d9a1a79c6b18878c4494c28ce5fbbb6def449,1,9.0,196.0
1,hpa-poisson-202-de742c57,000275,172.576916,2026-08-31T19:00:38.528+00:00,2026-08-31T19:00:34.809+00:00,2026-08-31T19:00:34.814+00:00,2026-08-31T19:00:34.814+00:00,2026-08-31T19:00:35.785+00:00,2026-08-31T19:00:35.785+00:00,0.402844,0.9706618939999316,sqs-worker-5986dcd897-mn8f4,ip-192-168-20-201.ec2.internal,ebcdda1a5580d22cbf690112acf44aa1a9ac387bcdd9344b3d54439f43022223,1,5.0,976.0
1,hpa-poisson-202-de742c57,000279,173.220652,2026-08-31T19:00:39.169+00:00,2026-08-31T19:00:35.963+00:00,2026-08-31T19:00:35.966+00:00,2026-08-31T19:00:35.966+00:00,2026-08-31T19:00:37.075+00:00,2026-08-31T19:00:37.075+00:00,0.217743,1.108605926000564,sqs-worker-5986dcd897-45qzv,ip-192-168-20-201.ec2.internal,c6ea998ae640e802229be5fcd60206fbc2db48bbd9b039b331ad3ac24805b3f3,1,3.0,1112.0
1,hpa-poisson-202-de742c57,000277,173.142821,2026-08-31T19:00:39.092+00:00,2026-08-31T19:00:35.372+00:00,2026-08-31T19:00:35.391+00:00,2026-08-31T19:00:35.391+00:00,2026-08-31T19:00:37.087+00:00,2026-08-31T19:00:37.087+00:00,0.681315,1.6963221229998453,sqs-worker-5986dcd897-x8rdl,ip-192-168-20-201.ec2.internal,1c4ea429b97a889e7c01c9cb98b07c7fda9cf8cef598118782f77a8215ed0db5,1,19.0,1715.0
1,hpa-poisson-202-de742c57,000281,174.233044,2026-08-31T19:00:40.182+00:00,2026-08-31T19:00:36.473+00:00,2026-08-31T19:00:36.484+00:00,2026-08-31T19:00:36.484+00:00,2026-08-31T19:00:37.188+00:00,2026-08-31T19:00:37.188+00:00,0.143012,0.7039715110004181,sqs-worker-5986dcd897-mn8f4,ip-192-168-20-201.ec2.internal,0293ff9492606f8b628caa336ae244b05781192222d0de144338a94dc1e7a1ab,1,11.0,715.0
1,hpa-poisson-202-de742c57,000282,174.697383,2026-08-31T19:00:40.647+00:00,2026-08-31T19:00:36.927+00:00,2026-08-31T19:00:36.932+00:00,2026-08-31T19:00:36.932+00:00,2026-08-31T19:00:37.348+00:00,2026-08-31T19:00:37.348+00:00,0.176474,0.41656395900008647,sqs-worker-5986dcd897-n7bln,ip-192-168-20-201.ec2.internal,f9d10e2b64314894b0781a9ba4c2e21bd85d8532b625541a3a456a8c8dc54546,1,5.0,421.0
1,hpa-poisson-202-de742c57,000284,177.879268,2026-08-31T19:00:43.828+00:00,2026-08-31T19:00:40.105+00:00,2026-08-31T19:00:40.111+00:00,2026-08-31T19:00:40.111+00:00,2026-08-31T19:00:40.287+00:00,2026-08-31T19:00:40.287+00:00,0.03694,0.17644486900007905,sqs-worker-5986dcd897-x8rdl,ip-192-168-20-201.ec2.internal,a8671611a01060462ad4a5105aa0332ead71b7649bfe0a51a579b589493fbc35,1,6.0,182.0
1,hpa-poisson-202-de742c57,000283,177.475513,2026-08-31T19:00:43.427+00:00,2026-08-31T19:00:39.705+00:00,2026-08-31T19:00:39.710+00:00,2026-08-31T19:00:39.710+00:00,2026-08-31T19:00:40.323+00:00,2026-08-31T19:00:40.323+00:00,0.24785,0.6133449919998384,sqs-worker-5986dcd897-45qzv,ip-192-168-20-201.ec2.internal,5613c3015edeb7443203b06567f3e53d06448bf6bf14aad59e7949b7cb235452,1,5.0,618.0
1,hpa-poisson-202-de742c57,000285,178.493824,2026-08-31T19:00:44.443+00:00,2026-08-31T19:00:40.727+00:00,2026-08-31T19:00:40.784+00:00,2026-08-31T19:00:40.784+00:00,2026-08-31T19:00:40.891+00:00,2026-08-31T19:00:40.891+00:00,0.026177,0.10783386399998562,sqs-worker-5986dcd897-x8rdl,ip-192-168-20-201.ec2.internal,4bc02d532c8adfe93e7da99e43386d3d7a131fb0b66c38c6afe265f30919b844,1,57.0,164.0
1,hpa-poisson-202-de742c57,000286,179.798974,2026-08-31T19:00:45.748+00:00,2026-08-31T19:00:42.025+00:00,2026-08-31T19:00:42.030+00:00,2026-08-31T19:00:42.030+00:00,2026-08-31T19:00:42.221+00:00,2026-08-31T19:00:42.221+00:00,0.096277,0.19120291499984887,sqs-worker-5986dcd897-45qzv,ip-192-168-20-201.ec2.internal,a139012e65e411670c4be966fe98ef24fc2f70c1a2581f39ea4b7d1183158a3f,1,5.0,196.0
1,hpa-poisson-202-de742c57,000287,179.884828,2026-08-31T19:00:45.835+00:00,2026-08-31T19:00:42.111+00:00,2026-08-31T19:00:42.115+00:00,2026-08-31T19:00:42.115+00:00,2026-08-31T19:00:42.291+00:00,2026-08-31T19:00:42.291+00:00,0.102553,0.17674591500053793,sqs-worker-5986dcd897-n7bln,ip-192-168-20-201.ec2.internal,8241ca0b0c52930e4fc479027e1e545669cf1c1e15a8138c35e5b24f7f137f31,1,4.0,180.0
