schema_version,experiment_id,job_id,trace_offset_s,producer_sent_at,sqs_sent_at,worker_received_at,processing_started_at,processing_finished_at,result_sent_at,service_cpu_seconds,processing_wall_seconds,pod_name,node_name,digest,receive_count,queue_wait_ms,end_to_end_ms
1,keda-poisson-101-489cca80,000000,0.543905,2026-08-31T18:37:16.092+00:00,2026-08-31T18:37:12.406+00:00,2026-08-31T18:37:12.414+00:00,2026-08-31T18:37:12.414+00:00,2026-08-31T18:37:12.692+00:00,2026-08-31T18:37:12.692+00:00,0.129847,0.2775044219997653,sqs-worker-5986dcd897-x8rdl,ip-192-168-20-201.ec2.internal,1f0501c6c33fe3b791ecf7b4d8a45d232cc40106da2caec2910f0dfda5155ede,1,8.0,286.0
1,keda-poisson-101-489cca80,000001,0.679285,2026-08-31T18:37:16.226+00:00,2026-08-31T18:37:13.029+00:00,2026-08-31T18:37:13.033+00:00,2026-08-31T18:37:13.033+00:00,2026-08-31T18:37:14.895+00:00,2026-08-31T18:37:14.895+00:00,0.773882,1.861858019000465,sqs-worker-5986dcd897-x8rdl,ip-192-168-20-201.ec2.internal,9d5c79ff2e120fbf95683f88a7e9c45e987d12bc5f26723efc1856d6e7db42fb,1,4.0,1866.0
1,keda-poisson-101-489cca80,000002,2.779039,2026-08-31T18:37:18.328+00:00,2026-08-31T18:37:14.637+00:00,2026-08-31T18:37:14.967+00:00,2026-08-31T18:37:14.967+00:00,2026-08-31T18:37:14.981+00:00,2026-08-31T18:37:14.981+00:00,0.013638,0.013675543000317703,sqs-worker-5986dcd897-x8rdl,ip-192-168-20-201.ec2.internal,988c633df307a0d28780d8e83128822223be134bfaf57407efa46001c2902120,1,330.0,344.0
1,keda-poisson-101-489cca80,000003,4.389484,2026-08-31T18:37:19.937+00:00,2026-08-31T18:37:16.244+00:00,2026-08-31T18:37:16.251+00:00,2026-08-31T18:37:16.251+00:00,2026-08-31T18:37:17.383+00:00,2026-08-31T18:37:17.383+00:00,0.474336,1.1321003620005285,sqs-worker-5986dcd897-x8rdl,ip-192-168-20-201.ec2.internal,95b964b8c488277a747ebdc60794f0616a1c20662bdeefd75ee16880e4e3f98a,1,7.0,1139.0
1,keda-poisson-101-489cca80,000004,4.782918,2026-08-31T18:37:20.330+00:00,2026-08-31T18:37:16.637+00:00,2026-08-31T18:37:17.399+00:00,2026-08-31T18:37:17.399+00:00,2026-08-31T18:37:17.509+00:00,2026-08-31T18:37:17.509+00:00,0.062039,0.11059439800010296,sqs-worker-5986dcd897-x8rdl,ip-192-168-20-201.ec2.internal,d2be741a90119d739d82e11907e2d126c7808c24c9b71e477b254e8b23adb68e,1,762.0,872.0
1,keda-poisson-101-489cca80,000007,5.771151,2026-08-31T18:37:21.318+00:00,2026-08-31T18:37:17.630+00:00,2026-08-31T18:37:17.730+00:00,2026-08-31T18:37:17.730+00:00,2026-08-31T18:37:17.994+00:00,2026-08-31T18:37:17.994+00:00,0.127701,0.2646526629996515,sqs-worker-5986dcd897-x8rdl,ip-192-168-20-201.ec2.internal,9693f08f26d26ee7aed3673a7283342ce80702e7ad3d4fd170e76a1a8fc6c2ff,1,100.0,364.0
1,keda-poisson-101-489cca80,000006,5.614502,2026-08-31T18:37:21.161+00:00,2026-08-31T18:37:17.467+00:00,2026-08-31T18:37:17.537+00:00,2026-08-31T18:37:17.537+00:00,2026-08-31T18:37:17.598+00:00,2026-08-31T18:37:17.598+00:00,0.024536,0.06111287800013088,sqs-worker-5986dcd897-x8rdl,ip-192-168-20-201.ec2.internal,4106c3bb646697ec8e600c99223dacdf69ce5370912802acf758d1e1418c4e0c,1,70.0,131.0
1,keda-poisson-101-489cca80,000005,5.463587,2026-08-31T18:37:21.011+00:00,2026-08-31T18:37:17.318+00:00,2026-08-31T18:37:17.615+00:00,2026-08-31T18:37:17.615+00:00,2026-08-31T18:37:17.682+00:00,2026-08-31T18:37:17.682+00:00,0.019922,0.06695553999998083,sqs-worker-5986dcd897-x8rdl,ip-192-168-20-201.ec2.internal,d8fb1225fc937be69456db0e93737c30b81c14d040493eb6282a479774ebf3d6,1,297.0,364.0
1,keda-poisson-101-489cca80,000008,5.983908,2026-08-31T18:37:21.530+00:00,2026-08-31T18:37:17.838+00:00,2026-08-31T18:37:18.037+00:00,2026-08-31T18:37:18.037+00:00,2026-08-31T18:37:18.610+00:00,2026-08-31T18:37:18.610+00:00,0.251471,0.5730317249999644,sqs-worker-5986dcd897-x8rdl,ip-192-168-20-201.ec2.internal,3524b6ac38655a5bda997cc25fa357f619667b1b407f1ed05637d83a995f0c77,1,199.0,772.0
1,keda-poisson-101-489cca80,000009,6.720801,2026-08-31T18:37:22.268+00:00,2026-08-31T18:37:18.574+00:00,2026-08-31T18:37:18.674+00:00,2026-08-31T18:37:18.674+00:00,2026-08-31T18:37:18.688+00:00,2026-08-31T18:37:18.688+00:00,0.013846,0.01388630700057547,sqs-worker-5986dcd897-x8rdl,ip-192-168-20-201.ec2.internal,fc187b45d7b742d2c8c883897fd538dd16664b0487094384b8300cc021cd9554,1,100.0,114.0
1,keda-poisson-101-489cca80,000010,6.870011,2026-08-31T18:37:22.416+00:00,2026-08-31T18:37:18.724+00:00,2026-08-31T18:37:18.730+00:00,2026-08-31T18:37:18.730+00:00,2026-08-31T18:37:18.879+00:00,2026-08-31T18:37:18.879+00:00,0.067149,0.14943148600013956,sqs-worker-5986dcd897-x8rdl,ip-192-168-20-201.ec2.internal,9a139b37917504c2e4b08878bb84220bbd9c5f85ca53d4345629178ca92f9c36,1,6.0,155.0
1,keda-poisson-101-489cca80,000011,9.085085,2026-08-31T18:37:24.634+00:00,2026-08-31T18:37:20.942+00:00,2026-08-31T18:37:20.947+00:00,2026-08-31T18:37:20.947+00:00,2026-08-31T18:37:21.201+00:00,2026-08-31T18:37:21.201+00:00,0.137286,0.25407592699957604,sqs-worker-5986dcd897-x8rdl,ip-192-168-20-201.ec2.internal,4a1d609debdc22c7d45792428f1355c8e80b7794b459f4238142d2474e4c1683,1,5.0,259.0
1,keda-poisson-101-489cca80,000012,9.130681,2026-08-31T18:37:24.677+00:00,2026-08-31T18:37:20.994+00:00,2026-08-31T18:37:21.215+00:00,2026-08-31T18:37:21.215+00:00,2026-08-31T18:37:22.782+00:00,2026-08-31T18:37:22.782+00:00,0.616851,1.5673368139996455,sqs-worker-5986dcd897-x8rdl,ip-192-168-20-201.ec2.internal,44936224bc8afb618497a685366c362a94f70f2471ba4e68386018a3788da928,1,221.0,1788.0
1,keda-poisson-101-489cca80,000016,10.526665,2026-08-31T18:37:26.072+00:00,2026-08-31T18:37:22.378+00:00,2026-08-31T18:37:22.804+00:00,2026-08-31T18:37:22.804+00:00,2026-08-31T18:37:23.111+00:00,2026-08-31T18:37:23.111+00:00,0.144349,0.3069746910005051,sqs-worker-5986dcd897-x8rdl,ip-192-168-20-201.ec2.internal,2807741f8f84ae15f63aa197d9aa1c6a9372b4820f9b640054adef0b3bbbf866,1,426.0,733.0
1,keda-poisson-101-489cca80,000018,11.172055,2026-08-31T18:37:26.717+00:00,2026-08-31T18:37:23.026+00:00,2026-08-31T18:37:23.263+00:00,2026-08-31T18:37:23.263+00:00,2026-08-31T18:37:23.302+00:00,2026-08-31T18:37:23.302+00:00,0.035424,0.03926021499955823,sqs-worker-5986dcd897-x8rdl,ip-192-168-20-201.ec2.internal,0004cf6e73fc2111ba59745c5227c821fafec75e3aced08755531d04ad7de96a,1,237.0,276.0
1,keda-poisson-101-489cca80,000014,9.323087,2026-08-31T18:37:24.868+00:00,2026-08-31T18:37:21.173+00:00,2026-08-31T18:37:23.322+00:00,2026-08-31T18:37:23.322+00:00,2026-08-31T18:37:23.386+00:00,2026-08-31T18:37:23.386+00:00,0.019499,0.06388171400067222,sqs-worker-5986dcd897-x8rdl,ip-192-168-20-201.ec2.internal,8a07fba594dd93eed2683ccf67e96f93debd4f375cc67cbd70fc41f480a5066e,1,2149.0,2213.0
1,keda-poisson-101-489cca80,000017,10.925451,2026-08-31T18:37:26.471+00:00,2026-08-31T18:37:22.778+00:00,2026-08-31T18:37:23.175+00:00,2026-08-31T18:37:23.175+00:00,2026-08-31T18:37:23.202+00:00,2026-08-31T18:37:23.202+00:00,0.027515,0.02755522600000404,sqs-worker-5986dcd897-x8rdl,ip-192-168-20-201.ec2.internal,9259d13970968ef3062f57db0b2ff61e2674e8044ff0e7cab9522e35c6ad9f34,1,397.0,424.0
1,keda-poisson-101-489cca80,000013,9.264923,2026-08-31T18:37:24.810+00:00,2026-08-31T18:37:21.119+00:00,2026-08-31T18:37:23.410+00:00,2026-08-31T18:37:23.410+00:00,2026-08-31T18:37:24.592+00:00,2026-08-31T18:37:24.592+00:00,0.482361,1.1819063650000317,sqs-worker-5986dcd897-x8rdl,ip-192-168-20-201.ec2.internal,b8ad4c0d0b482b2ca5cf0df6fce3c63ab8619d7a48f2d8057cb23d0eba445769,1,2291.0,3473.0
1,keda-poisson-101-489cca80,000019,11.806136,2026-08-31T18:37:27.351+00:00,2026-08-31T18:37:23.661+00:00,2026-08-31T18:37:24.616+00:00,2026-08-31T18:37:24.616+00:00,2026-08-31T18:37:24.701+00:00,2026-08-31T18:37:24.701+00:00,0.045573,0.08590861700031382,sqs-worker-5986dcd897-x8rdl,ip-192-168-20-201.ec2.internal,1ba7c4e17473863c4ad40d776351e3c56b6aa66c82b74ee49d6e309eea2d65a5,1,955.0,1040.0
1,keda-poisson-101-489cca80,000020,12.129472,2026-08-31T18:37:27.675+00:00,2026-08-31T18:37:23.990+00:00,2026-08-31T18:37:24.740+00:00,2026-08-31T18:37:24.740+00:00,2026-08-31T18:37:25.086+00:00,2026-08-31T18:37:25.086+00:00,0.141218,0.3461683699997593,sqs-worker-5986dcd897-x8rdl,ip-192-168-20-201.ec2.internal,35667a9c5104fc16efe0561e9cd08fb93daa8eaafc0514ef0de2f03621bf0a12,1,750.0,1096.0
1,keda-poisson-101-489cca80,000022,12.626923,2026-08-31T18:37:28.172+00:00,2026-08-31T18:37:24.514+00:00,2026-08-31T18:37:25.126+00:00,2026-08-31T18:37:25.126+00:00,2026-08-31T18:37:25.489+00:00,2026-08-31T18:37:25.489+00:00,0.157511,0.36229203099992446,sqs-worker-5986dcd897-x8rdl,ip-192-168-20-201.ec2.internal,ed5c54739a5dd6e804a63313b83ef5694aeb9b03d46a67231cbe988842ff05dd,1,612.0,975.0
1,keda-poisson-101-489cca80,000024,12.927082,2026-08-31T18:37:28.472+00:00,2026-08-31T18:37:24.785+00:00,2026-08-31T18:37:25.513+00:00,2026-08-31T18:37:25.513+00:00,2026-08-31T18:37:25.985+00:00,2026-08-31T18:37:25.986+00:00,0.193027,0.47249799099972734,sqs-worker-5986dcd897-x8rdl,ip-192-168-20-201.ec2.internal,04417cbfc1b4e518129d19fc7f99ea844434ab716d70e21788e4e6291511d3de,1,728.0,1200.0
1,keda-poisson-101-489cca80,000023,12.853687,2026-08-31T18:37:28.399+00:00,2026-08-31T18:37:24.705+00:00,2026-08-31T18:37:26.043+00:00,2026-08-31T18:37:26.043+00:00,2026-08-31T18:37:26.293+00:00,2026-08-31T18:37:26.293+00:00,0.122512,0.24926861900075892,sqs-worker-5986dcd897-x8rdl,ip-192-168-20-201.ec2.internal,163ed8458a315a418e47ccb33028d8942ae3c426a7c25d1c602034806e138d30,1,1338.0,1588.0
1,keda-poisson-101-489cca80,000015,10.241341,2026-08-31T18:37:25.786+00:00,2026-08-31T18:37:22.092+00:00,2026-08-31T18:37:26.330+00:00,2026-08-31T18:37:26.330+00:00,2026-08-31T18:37:27.180+00:00,2026-08-31T18:37:27.180+00:00,0.343752,0.8503533160001098,sqs-worker-5986dcd897-x8rdl,ip-192-168-20-201.ec2.internal,f48000da19904588b1f06403dbdccd939b382545687f60dcae1c6e019043478c,1,4238.0,5088.0
1,keda-poisson-101-489cca80,000021,12.275429,2026-08-31T18:37:27.820+00:00,2026-08-31T18:37:24.127+00:00,2026-08-31T18:37:27.192+00:00,2026-08-31T18:37:27.193+00:00,2026-08-31T18:37:28.508+00:00,2026-08-31T18:37:28.508+00:00,0.543221,1.3153054280001015,sqs-worker-5986dcd897-x8rdl,ip-192-168-20-201.ec2.internal,e04937a421ee288e24c67c2359b9bee5238db3db4c107f700043979f3c77b7da,1,3065.0,4381.0
1,keda-poisson-101-489cca80,000025,14.010719,2026-08-31T18:37:29.557+00:00,2026-08-31T18:37:25.864+00:00,2026-08-31T18:37:28.527+00:00,2026-08-31T18:37:28.527+00:00,2026-08-31T18:37:28.689+00:00,2026-08-31T18:37:28.689+00:00,0.057569,0.16259175800041703,sqs-worker-5986dcd897-x8rdl,ip-192-168-20-201.ec2.internal,6d3f789d8259b842987e7727f67076cb872b4736cf9d026930bd0477e95d77b2,1,2663.0,2825.0
1,keda-poisson-101-489cca80,000026,14.723153,2026-08-31T18:37:30.269+00:00,2026-08-31T18:37:26.579+00:00,2026-08-31T18:37:28.782+00:00,2026-08-31T18:37:28.782+00:00,2026-08-31T18:37:29.119+00:00,2026-08-31T18:37:29.120+00:00,0.157318,0.3378731490001883,sqs-worker-5986dcd897-x8rdl,ip-192-168-20-201.ec2.internal,538b9b188d823c7886e8337822450ac174ec29fe553b32397bcad27bcd422327,1,2203.0,2540.0
1,keda-poisson-101-489cca80,000027,15.406278,2026-08-31T18:37:30.952+00:00,2026-08-31T18:37:27.261+00:00,2026-08-31T18:37:28.738+00:00,2026-08-31T18:37:28.738+00:00,2026-08-31T18:37:28.749+00:00,2026-08-31T18:37:28.749+00:00,0.011145,0.011180178999893542,sqs-worker-5986dcd897-x8rdl,ip-192-168-20-201.ec2.internal,87f093413da3969cb36d9344343ae0ccd62c2e76940ac90bdb9c815089eef603,1,1477.0,1488.0
1,keda-poisson-101-489cca80,000028,16.744317,2026-08-31T18:37:32.290+00:00,2026-08-31T18:37:28.598+00:00,2026-08-31T18:37:29.188+00:00,2026-08-31T18:37:29.188+00:00,2026-08-31T18:37:29.619+00:00,2026-08-31T18:37:29.619+00:00,0.196177,0.43178182100018603,sqs-worker-5986dcd897-x8rdl,ip-192-168-20-201.ec2.internal,e94448154170b60c8e4d8f00ff8c6ac1904bbae86425279120836e4d6816a9ae,1,590.0,1020.9999999999999
1,keda-poisson-101-489cca80,000030,17.356073,2026-08-31T18:37:32.901+00:00,2026-08-31T18:37:29.212+00:00,2026-08-31T18:37:29.703+00:00,2026-08-31T18:37:29.703+00:00,2026-08-31T18:37:33.392+00:00,2026-08-31T18:37:33.392+00:00,0.860033,3.689246169999933,sqs-worker-5986dcd897-x8rdl,ip-192-168-20-201.ec2.internal,65d830da78741f384a99cf19bd435b19f0a56a7c657bb7b26470562f1b808a7b,1,491.0,4180.0
1,keda-poisson-101-489cca80,000032,18.023761,2026-08-31T18:37:33.569+00:00,2026-08-31T18:37:29.877+00:00,2026-08-31T18:37:33.414+00:00,2026-08-31T18:37:33.414+00:00,2026-08-31T18:37:33.486+00:00,2026-08-31T18:37:33.486+00:00,0.029862,0.07201891700060514,sqs-worker-5986dcd897-x8rdl,ip-192-168-20-201.ec2.internal,fa3d63db78fb43a09d1e79bda5c667e982d2d61f92dafaeee6baa77f30e190e9,1,3537.0,3609.0
1,keda-poisson-101-489cca80,000034,18.71875,2026-08-31T18:37:34.263+00:00,2026-08-31T18:37:30.572+00:00,2026-08-31T18:37:33.501+00:00,2026-08-31T18:37:33.501+00:00,2026-08-31T18:37:35.321+00:00,2026-08-31T18:37:35.321+00:00,0.752102,1.8200289529995644,sqs-worker-5986dcd897-x8rdl,ip-192-168-20-201.ec2.internal,2651dc688e318e2459990d26cb20506900807d7b8718d5a5a0dd434e65c0ee6c,1,2929.0,4749.0
1,keda-poisson-101-489cca80,000035,19.108636,2026-08-31T18:37:34.654+00:00,2026-08-31T18:37:30.960+00:00,2026-08-31T18:37:35.394+00:00,2026-08-31T18:37:35.394+00:00,2026-08-31T18:37:35.416+00:00,2026-08-31T18:37:35.416+00:00,0.021908,0.021940984999673674,sqs-worker-5986dcd897-x8rdl,ip-192-168-20-201.ec2.internal,dffdc5e7c7c555a0737ee3fa45944e5a27d9794bb2e2b956ead582febf16549e,1,4434.0,4456.0
1,keda-poisson-101-489cca80,000049,23.366646,2026-08-31T18:37:38.912+00:00,2026-08-31T18:37:35.217+00:00,2026-08-31T18:37:35.921+00:00,2026-08-31T18:37:35.921+00:00,2026-08-31T18:37:36.014+00:00,2026-08-31T18:37:36.014+00:00,0.044679,0.0930020229998263,sqs-worker-5986dcd897-x8rdl,ip-192-168-20-201.ec2.internal,2277d69210363499644ef41801f5b7a38679c25e9ed2a86f6273c4a980db5253,1,704.0,797.0
1,keda-poisson-101-489cca80,000033,18.714662,2026-08-31T18:37:34.260+00:00,2026-08-31T18:37:30.568+00:00,2026-08-31T18:37:35.432+00:00,2026-08-31T18:37:35.432+00:00,2026-08-31T18:37:35.905+00:00,2026-08-31T18:37:35.905+00:00,0.193926,0.4732589260001987,sqs-worker-5986dcd897-x8rdl,ip-192-168-20-201.ec2.internal,22d4cecc68307afd761ffb14d1c103c90640ea9f8988a68bec4a5d5b47e68cfc,1,4864.0,5337.0
1,keda-poisson-101-489cca80,000038,19.866081,2026-08-31T18:37:35.411+00:00,2026-08-31T18:37:31.719+00:00,2026-08-31T18:37:36.030+00:00,2026-08-31T18:37:36.030+00:00,2026-08-31T18:37:36.516+00:00,2026-08-31T18:37:36.516+00:00,0.197662,0.4859093679997386,sqs-worker-5986dcd897-x8rdl,ip-192-168-20-201.ec2.internal,06e3693c269e6b6c3cf816f36cead44b28b2f3a755206e6828c5e34a4acf1ae3,1,4311.0,4797.0
1,keda-poisson-101-489cca80,000036,19.587322,2026-08-31T18:37:35.133+00:00,2026-08-31T18:37:31.437+00:00,2026-08-31T18:37:36.535+00:00,2026-08-31T18:37:36.535+00:00,2026-08-31T18:37:36.717+00:00,2026-08-31T18:37:36.717+00:00,0.076892,0.1822450170002412,sqs-worker-5986dcd897-x8rdl,ip-192-168-20-201.ec2.internal,3c5834bda1838c9a964853e222d9127197746965f38d1bbb8eac10b1422cad91,1,5098.0,5280.0
1,keda-poisson-101-489cca80,000039,20.628211,2026-08-31T18:37:36.174+00:00,2026-08-31T18:37:32.483+00:00,2026-08-31T18:37:36.734+00:00,2026-08-31T18:37:36.734+00:00,2026-08-31T18:37:37.205+00:00,2026-08-31T18:37:37.205+00:00,0.184197,0.4710735010003191,sqs-worker-5986dcd897-x8rdl,ip-192-168-20-201.ec2.internal,9e847bab0a052500825317e338261a3610ac2728b10356800bd11107e3f0e8b5,1,4251.0,4722.0
1,keda-poisson-101-489cca80,000029,17.058028,2026-08-31T18:37:32.603+00:00,2026-08-31T18:37:28.912+00:00,2026-08-31T18:37:37.223+00:00,2026-08-31T18:37:37.223+00:00,2026-08-31T18:37:37.988+00:00,2026-08-31T18:37:37.988+00:00,0.299026,0.7650871899995764,sqs-worker-5986dcd897-x8rdl,ip-192-168-20-201.ec2.internal,183f0f25546565b6f6554f4e917ed4b71ec96fe0e49608738dd5147643936b5f,1,8311.0,9076.0
1,keda-poisson-101-489cca80,000037,19.852263,2026-08-31T18:37:35.397+00:00,2026-08-31T18:37:31.702+00:00,2026-08-31T18:37:38.127+00:00,2026-08-31T18:37:38.127+00:00,2026-08-31T18:37:38.209+00:00,2026-08-31T18:37:38.209+00:00,0.038378,0.08152457000051072,sqs-worker-5986dcd897-x8rdl,ip-192-168-20-201.ec2.internal,3a5cecb518a28e8521435b41a4c9c31d61a6ffa32685b734ea85d3fae0365f28,1,6425.0,6507.0
1,keda-poisson-101-489cca80,000042,21.257606,2026-08-31T18:37:36.802+00:00,2026-08-31T18:37:33.113+00:00,2026-08-31T18:37:38.224+00:00,2026-08-31T18:37:38.224+00:00,2026-08-31T18:37:38.501+00:00,2026-08-31T18:37:38.501+00:00,0.108857,0.2772210379998796,sqs-worker-5986dcd897-x8rdl,ip-192-168-20-201.ec2.internal,b6f7813c2fac3441d6d4beee853f21e2f9943a5ddaf4c0cba223c34b65cde5dd,1,5111.0,5388.0
1,keda-poisson-101-489cca80,000047,22.270635,2026-08-31T18:37:37.816+00:00,2026-08-31T18:37:34.132+00:00,2026-08-31T18:37:38.552+00:00,2026-08-31T18:37:38.552+00:00,2026-08-31T18:37:38.792+00:00,2026-08-31T18:37:38.792+00:00,0.106118,0.24046096800066152,sqs-worker-5986dcd897-x8rdl,ip-192-168-20-201.ec2.internal,6eea5197430e07b522f25a7b830f03f26786bc218520743fdaeafba242697cd8,1,4420.0,4660.0
1,keda-poisson-101-489cca80,000043,21.279602,2026-08-31T18:37:36.825+00:00,2026-08-31T18:37:33.631+00:00,2026-08-31T18:37:38.878+00:00,2026-08-31T18:37:38.878+00:00,2026-08-31T18:37:38.994+00:00,2026-08-31T18:37:38.994+00:00,0.052545,0.11593603099936445,sqs-worker-5986dcd897-x8rdl,ip-192-168-20-201.ec2.internal,cd8194bfeb10071080c73e72bb28188ba99837c3c459d4f748ede3c8c422f811,1,5247.0,5363.0
1,keda-poisson-101-489cca80,000052,24.861232,2026-08-31T18:37:40.406+00:00,2026-08-31T18:37:36.712+00:00,2026-08-31T18:37:38.815+00:00,2026-08-31T18:37:38.815+00:00,2026-08-31T18:37:38.820+00:00,2026-08-31T18:37:38.820+00:00,0.005,0.005030893999901309,sqs-worker-5986dcd897-x8rdl,ip-192-168-20-201.ec2.internal,a727a639bdb7585f56614af454333a28d5c1163fd2b591d24a05a5c007116404,1,2103.0,2108.0
1,keda-poisson-101-489cca80,000031,17.699733,2026-08-31T18:37:33.245+00:00,2026-08-31T18:37:29.552+00:00,2026-08-31T18:37:38.005+00:00,2026-08-31T18:37:38.005+00:00,2026-08-31T18:37:38.106+00:00,2026-08-31T18:37:38.106+00:00,0.053735,0.10089377100030106,sqs-worker-5986dcd897-x8rdl,ip-192-168-20-201.ec2.internal,79b08aade8cf4f7282a38383190c77872606b4a6d3d21f155a483c176af2de92,1,8453.0,8554.0
1,keda-poisson-101-489cca80,000046,21.548909,2026-08-31T18:37:37.094+00:00,2026-08-31T18:37:33.933+00:00,2026-08-31T18:37:39.012+00:00,2026-08-31T18:37:39.012+00:00,2026-08-31T18:37:39.488+00:00,2026-08-31T18:37:39.488+00:00,0.189332,0.4752642270004799,sqs-worker-5986dcd897-x8rdl,ip-192-168-20-201.ec2.internal,50c1b1335f73138396d919e18762c24a401750853e413b0f90b1527ee62831ab,1,5079.0,5555.0
1,keda-poisson-101-489cca80,000051,24.429948,2026-08-31T18:37:39.975+00:00,2026-08-31T18:37:36.279+00:00,2026-08-31T18:37:39.514+00:00,2026-08-31T18:37:39.514+00:00,2026-08-31T18:37:39.803+00:00,2026-08-31T18:37:39.803+00:00,0.111227,0.2886928520001675,sqs-worker-5986dcd897-x8rdl,ip-192-168-20-201.ec2.internal,25af4eb9b7b254b892d73c10753d5c7b5ccde5cad3298f2c8ec38a1ed3579608,1,3235.0,3524.0
1,keda-poisson-101-489cca80,000054,26.398492,2026-08-31T18:37:41.943+00:00,2026-08-31T18:37:38.249+00:00,2026-08-31T18:37:39.889+00:00,2026-08-31T18:37:39.889+00:00,2026-08-31T18:37:41.593+00:00,2026-08-31T18:37:41.593+00:00,0.311575,1.703562217999206,sqs-worker-5986dcd897-x8rdl,ip-192-168-20-201.ec2.internal,c4855a94af2fc68b4d5a7e13ec26613a61c93d41d61d8dba93002e897ac8f6cd,1,1640.0,3344.0
1,keda-poisson-101-489cca80,000044,21.404276,2026-08-31T18:37:36.949+00:00,2026-08-31T18:37:33.257+00:00,2026-08-31T18:37:41.678+00:00,2026-08-31T18:37:41.678+00:00,2026-08-31T18:37:42.684+00:00,2026-08-31T18:37:42.684+00:00,0.20925,1.005734897000366,sqs-worker-5986dcd897-x8rdl,ip-192-168-20-201.ec2.internal,acb7fca24f58df4b14c7814477f59ac222da493d8e73aab76e1b867859cd88a0,1,8421.0,9427.0
1,keda-poisson-101-489cca80,000056,28.407756,2026-08-31T18:37:43.953+00:00,2026-08-31T18:37:40.258+00:00,2026-08-31T18:37:42.707+00:00,2026-08-31T18:37:42.707+00:00,2026-08-31T18:37:43.022+00:00,2026-08-31T18:37:43.022+00:00,0.155408,0.31480036700031633,sqs-worker-5986dcd897-x8rdl,ip-192-168-20-201.ec2.internal,7341fda274de4c0aef58e87a40a39fe8eddccc28e531897115a15c396388479a,1,2449.0,2764.0
1,keda-poisson-101-489cca80,000060,29.205619,2026-08-31T18:37:44.750+00:00,2026-08-31T18:37:41.058+00:00,2026-08-31T18:37:43.094+00:00,2026-08-31T18:37:43.094+00:00,2026-08-31T18:37:43.192+00:00,2026-08-31T18:37:43.192+00:00,0.045966,0.09800609000012628,sqs-worker-5986dcd897-x8rdl,ip-192-168-20-201.ec2.internal,bb419078ae380755c9d7ec4686536dc64e6eca4ec64fa9e973b6da54ab679cdb,1,2036.0,2134.0
1,keda-poisson-101-489cca80,000059,29.185297,2026-08-31T18:37:44.730+00:00,2026-08-31T18:37:41.050+00:00,2026-08-31T18:37:43.210+00:00,2026-08-31T18:37:43.210+00:00,2026-08-31T18:37:43.893+00:00,2026-08-31T18:37:43.893+00:00,0.275382,0.6823357989997021,sqs-worker-5986dcd897-x8rdl,ip-192-168-20-201.ec2.internal,da00b2e82d87b317f785329e4cabab639c6c2e7bbf3aed59739392b2391ed50b,1,2160.0,2843.0
1,keda-poisson-101-489cca80,000062,31.296172,2026-08-31T18:37:46.843+00:00,2026-08-31T18:37:43.150+00:00,2026-08-31T18:37:43.915+00:00,2026-08-31T18:37:43.915+00:00,2026-08-31T18:37:44.203+00:00,2026-08-31T18:37:44.204+00:00,0.126576,0.2888702509999348,sqs-worker-5986dcd897-x8rdl,ip-192-168-20-201.ec2.internal,7c85ded8bc587277f84eb619f4eac10b7a10bf1c1dcf0cc755bc5a54aa2d78c0,1,765.0,1053.0
1,keda-poisson-101-489cca80,000057,29.12669,2026-08-31T18:37:44.672+00:00,2026-08-31T18:37:40.984+00:00,2026-08-31T18:37:44.242+00:00,2026-08-31T18:37:44.242+00:00,2026-08-31T18:37:44.288+00:00,2026-08-31T18:37:44.288+00:00,0.013804,0.04605528200045228,sqs-worker-5986dcd897-x8rdl,ip-192-168-20-201.ec2.internal,8417cc5b4a277ef06d12eac68a962bb9eb049d00d098d0236d4a147ac43f0da5,1,3258.0,3304.0
1,keda-poisson-101-489cca80,000048,23.084991,2026-08-31T18:37:38.630+00:00,2026-08-31T18:37:34.939+00:00,2026-08-31T18:37:44.814+00:00,2026-08-31T18:37:44.814+00:00,2026-08-31T18:37:44.831+00:00,2026-08-31T18:37:44.831+00:00,0.016731,0.016765392000706925,sqs-worker-5986dcd897-x8rdl,ip-192-168-20-201.ec2.internal,737d64b61f70629814d6771d572542ef96a99990f991026f2e6f40b82df0ad54,1,9875.0,9892.0
1,keda-poisson-101-489cca80,000045,21.446776,2026-08-31T18:37:36.991+00:00,2026-08-31T18:37:33.300+00:00,2026-08-31T18:37:44.319+00:00,2026-08-31T18:37:44.319+00:00,2026-08-31T18:37:44.793+00:00,2026-08-31T18:37:44.793+00:00,0.201619,0.4737624629997299,sqs-worker-5986dcd897-x8rdl,ip-192-168-20-201.ec2.internal,02a256a160edad3cd0e9528c49d0ada922e45ef01a4a52b0ffe540dc883d8005,1,11019.0,11493.0
1,keda-poisson-101-489cca80,000063,32.599369,2026-08-31T18:37:48.145+00:00,2026-08-31T18:37:44.453+00:00,2026-08-31T18:37:44.850+00:00,2026-08-31T18:37:44.850+00:00,2026-08-31T18:37:45.522+00:00,2026-08-31T18:37:45.522+00:00,0.283481,0.6715546079994965,sqs-worker-5986dcd897-x8rdl,ip-192-168-20-201.ec2.internal,3b422a25d8a7a4118e328ff55659437a050e72ccabd6e117daf271afbe4af894,1,397.0,1069.0
1,keda-poisson-101-489cca80,000040,20.634142,2026-08-31T18:37:36.179+00:00,2026-08-31T18:37:32.485+00:00,2026-08-31T18:37:45.603+00:00,2026-08-31T18:37:45.603+00:00,2026-08-31T18:37:46.901+00:00,2026-08-31T18:37:46.901+00:00,0.535045,1.2985312769997108,sqs-worker-5986dcd897-x8rdl,ip-192-168-20-201.ec2.internal,913b5bb8f671e27e9ba444f358496ba3aee5108293742d0910fd377128818fa2,1,13118.0,14416.0
1,keda-poisson-101-489cca80,000066,34.582813,2026-08-31T18:37:50.128+00:00,2026-08-31T18:37:46.436+00:00,2026-08-31T18:37:46.920+00:00,2026-08-31T18:37:46.920+00:00,2026-08-31T18:37:46.934+00:00,2026-08-31T18:37:46.934+00:00,0.013908,0.013940826000180095,sqs-worker-5986dcd897-x8rdl,ip-192-168-20-201.ec2.internal,3081371fa7e5b6354ee0d6d787b2c80b94f01b5e3d62e17b92b5becda5d7418e,1,484.0,498.0
1,keda-poisson-101-489cca80,000053,26.165404,2026-08-31T18:37:41.711+00:00,2026-08-31T18:37:38.017+00:00,2026-08-31T18:37:46.992+00:00,2026-08-31T18:37:46.992+00:00,2026-08-31T18:37:47.008+00:00,2026-08-31T18:37:47.008+00:00,0.015945,0.01597835499978828,sqs-worker-5986dcd897-x8rdl,ip-192-168-20-201.ec2.internal,3301f2f98fa98031d6cda5c035c59f0c5442a82bc61683a58b09ac278d0791a8,1,8975.0,8991.0
1,keda-poisson-101-489cca80,000055,27.673584,2026-08-31T18:37:43.220+00:00,2026-08-31T18:37:39.526+00:00,2026-08-31T18:37:47.035+00:00,2026-08-31T18:37:47.035+00:00,2026-08-31T18:37:49.490+00:00,2026-08-31T18:37:49.490+00:00,0.987815,2.4558125130006374,sqs-worker-5986dcd897-x8rdl,ip-192-168-20-201.ec2.internal,cf1b35234c079309f89491d0fdd8394f5dcd5675cdea4d198a223c4ca150f218,1,7509.0,9964.0
1,keda-poisson-101-489cca80,000070,37.625752,2026-08-31T18:37:53.171+00:00,2026-08-31T18:37:49.479+00:00,2026-08-31T18:37:49.505+00:00,2026-08-31T18:37:49.505+00:00,2026-08-31T18:37:50.791+00:00,2026-08-31T18:37:50.791+00:00,0.303731,1.2864959060007095,sqs-worker-5986dcd897-x8rdl,ip-192-168-20-201.ec2.internal,14bc5e337244f191727dd5ccbebb4d278accfaafc5df7d5dcb8b2d85f57d71ab,1,26.0,1312.0
1,keda-poisson-101-489cca80,000064,33.739193,2026-08-31T18:37:49.285+00:00,2026-08-31T18:37:45.604+00:00,2026-08-31T18:37:50.805+00:00,2026-08-31T18:37:50.805+00:00,2026-08-31T18:37:50.890+00:00,2026-08-31T18:37:50.890+00:00,0.009784,0.08491967600002681,sqs-worker-5986dcd897-x8rdl,ip-192-168-20-201.ec2.internal,88aa57073ad08255bfd63900f258af7bb5810012ce86686d141d39ca55f41f22,1,5201.0,5286.0
1,keda-poisson-101-489cca80,000067,35.513651,2026-08-31T18:37:51.059+00:00,2026-08-31T18:37:47.367+00:00,2026-08-31T18:37:50.915+00:00,2026-08-31T18:37:50.915+00:00,2026-08-31T18:37:51.585+00:00,2026-08-31T18:37:51.585+00:00,0.108292,0.6707592949996979,sqs-worker-5986dcd897-x8rdl,ip-192-168-20-201.ec2.internal,81411c18fc34a5b9811551406eba326d36e5d4f14930d0c5cdb30ff3e4a684ff,1,3548.0,4218.0
1,keda-poisson-101-489cca80,000041,21.153551,2026-08-31T18:37:36.699+00:00,2026-08-31T18:37:33.007+00:00,2026-08-31T18:37:51.601+00:00,2026-08-31T18:37:51.601+00:00,2026-08-31T18:37:51.894+00:00,2026-08-31T18:37:51.894+00:00,0.056344,0.2929785520000223,sqs-worker-5986dcd897-x8rdl,ip-192-168-20-201.ec2.internal,99277b3595e5b3685192e71b165ce9c436599dd667b064986b1a4cd6356b7561,1,18594.0,18887.0
1,keda-poisson-101-489cca80,000069,37.531258,2026-08-31T18:37:53.077+00:00,2026-08-31T18:37:49.386+00:00,2026-08-31T18:37:51.984+00:00,2026-08-31T18:37:51.984+00:00,2026-08-31T18:37:52.088+00:00,2026-08-31T18:37:52.088+00:00,0.025189,0.10459320199970534,sqs-worker-5986dcd897-x8rdl,ip-192-168-20-201.ec2.internal,54ebd0a58d885699c44e478188def8518223f13814afd4f1774d7e81196b1f1d,1,2598.0,2702.0
1,keda-poisson-101-489cca80,000071,37.748894,2026-08-31T18:37:53.294+00:00,2026-08-31T18:37:49.601+00:00,2026-08-31T18:37:52.183+00:00,2026-08-31T18:37:52.183+00:00,2026-08-31T18:37:52.618+00:00,2026-08-31T18:37:52.618+00:00,0.111812,0.4346489549998296,sqs-worker-5986dcd897-x8rdl,ip-192-168-20-201.ec2.internal,1d78e50ceaa318332cb7882d2b3f0946e5fa68cb8d751c9213ec141bf197198c,1,2582.0,3017.0
1,keda-poisson-101-489cca80,000065,33.818288,2026-08-31T18:37:49.363+00:00,2026-08-31T18:37:45.671+00:00,2026-08-31T18:37:52.675+00:00,2026-08-31T18:37:52.675+00:00,2026-08-31T18:37:52.694+00:00,2026-08-31T18:37:52.694+00:00,0.011951,0.019096613000328944,sqs-worker-5986dcd897-x8rdl,ip-192-168-20-201.ec2.internal,726a04521592b12a1a3397496b029fa7cf477d85adaa5539cf104df41110be5d,1,7004.0,7023.0
1,keda-poisson-101-489cca80,000050,24.027065,2026-08-31T18:37:39.572+00:00,2026-08-31T18:37:35.877+00:00,2026-08-31T18:37:52.706+00:00,2026-08-31T18:37:52.706+00:00,2026-08-31T18:37:52.916+00:00,2026-08-31T18:37:52.916+00:00,0.09814,0.20999641999969754,sqs-worker-5986dcd897-x8rdl,ip-192-168-20-201.ec2.internal,4095748ffc491b9f12779ac64b4c76b9c294f8df151c0778cf668550aece9b1e,1,16829.0,17039.0
1,keda-poisson-101-489cca80,000058,29.130418,2026-08-31T18:37:44.675+00:00,2026-08-31T18:37:40.986+00:00,2026-08-31T18:37:52.930+00:00,2026-08-31T18:37:52.930+00:00,2026-08-31T18:37:53.315+00:00,2026-08-31T18:37:53.315+00:00,0.154427,0.38540110800022376,sqs-worker-5986dcd897-x8rdl,ip-192-168-20-201.ec2.internal,111e8b023bc27359ea2b2a920d75790d99edcb19470616af9538af77dd171811,1,11944.0,12329.0
1,keda-poisson-101-489cca80,000068,36.549168,2026-08-31T18:37:52.094+00:00,2026-08-31T18:37:48.400+00:00,2026-08-31T18:37:53.334+00:00,2026-08-31T18:37:53.334+00:00,2026-08-31T18:37:53.907+00:00,2026-08-31T18:37:53.907+00:00,0.22804,0.5733811549998791,sqs-worker-5986dcd897-x8rdl,ip-192-168-20-201.ec2.internal,bef6fa3fbaf4412d8d92560536fe40ec64dde36607f7aa270006a0c1f6420cd8,1,4934.0,5507.0
1,keda-poisson-101-489cca80,000074,40.963235,2026-08-31T18:37:56.509+00:00,2026-08-31T18:37:52.817+00:00,2026-08-31T18:37:53.961+00:00,2026-08-31T18:37:53.961+00:00,2026-08-31T18:37:54.313+00:00,2026-08-31T18:37:54.313+00:00,0.16125,0.35198223699990194,sqs-worker-5986dcd897-x8rdl,ip-192-168-20-201.ec2.internal,d09d4f7aea12ae8e2722f8d6638d4f0159278b4a3c2d0c6974215351eb4cd40f,1,1144.0,1496.0
1,keda-poisson-101-489cca80,000073,39.569614,2026-08-31T18:37:55.114+00:00,2026-08-31T18:37:51.428+00:00,2026-08-31T18:37:54.331+00:00,2026-08-31T18:37:54.331+00:00,2026-08-31T18:37:55.310+00:00,2026-08-31T18:37:55.310+00:00,0.393493,0.9795039939999697,sqs-worker-5986dcd897-x8rdl,ip-192-168-20-201.ec2.internal,007ed7ecf67c962c68d5de5eff21651cecea5c99fd8a68f18b4e5c9e548b6d46,1,2903.0,3882.0
1,keda-poisson-101-489cca80,000076,42.710013,2026-08-31T18:37:58.255+00:00,2026-08-31T18:37:54.564+00:00,2026-08-31T18:37:55.329+00:00,2026-08-31T18:37:55.329+00:00,2026-08-31T18:37:55.713+00:00,2026-08-31T18:37:55.713+00:00,0.158099,0.38477236200014886,sqs-worker-5986dcd897-x8rdl,ip-192-168-20-201.ec2.internal,0c5091a2d1af8f73d56e9f84bbb5b6204e1c916b818055325c6f9985ee391e60,1,765.0,1149.0
1,keda-poisson-101-489cca80,000061,29.4708,2026-08-31T18:37:45.016+00:00,2026-08-31T18:37:41.324+00:00,2026-08-31T18:37:55.728+00:00,2026-08-31T18:37:55.729+00:00,2026-08-31T18:37:56.096+00:00,2026-08-31T18:37:56.097+00:00,0.1421,0.3680313100003332,sqs-worker-5986dcd897-x8rdl,ip-192-168-20-201.ec2.internal,738ca06ae3754a12233755cf50265fe2a3aacc1f823b400f89ce1b8e81f80ca8,1,14404.0,14772.0
1,keda-poisson-101-489cca80,000072,38.731965,2026-08-31T18:37:54.278+00:00,2026-08-31T18:37:50.584+00:00,2026-08-31T18:37:56.111+00:00,2026-08-31T18:37:56.111+00:00,2026-08-31T18:37:56.218+00:00,2026-08-31T18:37:56.218+00:00,0.055297,0.1068545059997632,sqs-worker-5986dcd897-x8rdl,ip-192-168-20-201.ec2.internal,4c2804344c13ae0616a21a5c8de13b2f7e376efbbdbfa396d27c8eb9900513b7,1,5527.0,5634.0
1,keda-poisson-101-489cca80,000077,42.803848,2026-08-31T18:37:58.348+00:00,2026-08-31T18:37:54.656+00:00,2026-08-31T18:37:56.292+00:00,2026-08-31T18:37:56.292+00:00,2026-08-31T18:37:56.590+00:00,2026-08-31T18:37:56.590+00:00,0.127537,0.2982768419997228,sqs-worker-5986dcd897-x8rdl,ip-192-168-20-201.ec2.internal,0189c78d473e13699fe0adee2b34c8d82cc9ea8169a59df2e82dba80e9c4ced9,1,1636.0,1934.0
1,keda-poisson-101-489cca80,000075,41.332892,2026-08-31T18:37:56.877+00:00,2026-08-31T18:37:53.186+00:00,2026-08-31T18:37:56.614+00:00,2026-08-31T18:37:56.614+00:00,2026-08-31T18:37:56.810+00:00,2026-08-31T18:37:56.811+00:00,0.093723,0.19605244400008814,sqs-worker-5986dcd897-x8rdl,ip-192-168-20-201.ec2.internal,8bb1550c98482aed1e99121647b7c7a522b527a7ddd926dcd33b9a7e6de5f86d,1,3428.0,3624.0
1,keda-poisson-101-489cca80,000078,44.772242,2026-08-31T18:38:00.317+00:00,2026-08-31T18:37:56.625+00:00,2026-08-31T18:37:56.835+00:00,2026-08-31T18:37:56.835+00:00,2026-08-31T18:37:57.410+00:00,2026-08-31T18:37:57.410+00:00,0.231509,0.5753902169999492,sqs-worker-5986dcd897-x8rdl,ip-192-168-20-201.ec2.internal,f1cc12262387e5c63a8977a12de816b1e4b47693fd605fed1c28dfebc4a30328,1,210.0,785.0
1,keda-poisson-101-489cca80,000079,46.12116,2026-08-31T18:38:01.666+00:00,2026-08-31T18:37:57.973+00:00,2026-08-31T18:37:57.976+00:00,2026-08-31T18:37:57.976+00:00,2026-08-31T18:37:58.622+00:00,2026-08-31T18:37:58.622+00:00,0.275606,0.6457147190003525,sqs-worker-5986dcd897-x8rdl,ip-192-168-20-201.ec2.internal,c51459dec66d5a6c4a67782fba84bcebf22b6821c26fcb66130fdf66ece53981,1,3.0,649.0
1,keda-poisson-101-489cca80,000081,46.422261,2026-08-31T18:38:01.966+00:00,2026-08-31T18:37:58.274+00:00,2026-08-31T18:37:58.725+00:00,2026-08-31T18:37:58.725+00:00,2026-08-31T18:37:58.730+00:00,2026-08-31T18:37:58.730+00:00,0.005,0.005033565999838174,sqs-worker-5986dcd897-x8rdl,ip-192-168-20-201.ec2.internal,e057e5ddf26b2f05ab1973e99b617897417d9dfc03d3117ad9987c49896cca8c,1,451.0,456.0
1,keda-poisson-101-489cca80,000080,46.378547,2026-08-31T18:38:01.923+00:00,2026-08-31T18:37:58.230+00:00,2026-08-31T18:37:58.234+00:00,2026-08-31T18:37:58.234+00:00,2026-08-31T18:37:58.778+00:00,2026-08-31T18:37:58.778+00:00,0.094303,0.5436047560006045,sqs-worker-5986dcd897-4vzkx,ip-192-168-20-201.ec2.internal,50e2eead4ef55e4eec64909007a7b607b9c5643fa8fefedf1b4d3b48c4e70ac5,1,4.0,548.0
1,keda-poisson-101-489cca80,000085,47.956297,2026-08-31T18:38:03.500+00:00,2026-08-31T18:37:59.809+00:00,2026-08-31T18:37:59.813+00:00,2026-08-31T18:37:59.813+00:00,2026-08-31T18:37:59.887+00:00,2026-08-31T18:37:59.887+00:00,0.018951,0.07453480099957233,sqs-worker-5986dcd897-4vzkx,ip-192-168-20-201.ec2.internal,d3000b3dc9eeeaef54550e13465138730515b85e08f73d12d6a67e513e846d0a,1,4.0,78.0
1,keda-poisson-101-489cca80,000082,46.9193,2026-08-31T18:38:02.464+00:00,2026-08-31T18:37:58.771+00:00,2026-08-31T18:37:58.777+00:00,2026-08-31T18:37:58.777+00:00,2026-08-31T18:37:59.392+00:00,2026-08-31T18:37:59.392+00:00,0.258809,0.6151366060003056,sqs-worker-5986dcd897-x8rdl,ip-192-168-20-201.ec2.internal,23bc0cc4e910cf8438e757fa61178bbb4fd2d2fa5be4bb2ccdfa86837cbeff68,1,6.0,621.0
1,keda-poisson-101-489cca80,000084,47.919289,2026-08-31T18:38:03.463+00:00,2026-08-31T18:37:59.770+00:00,2026-08-31T18:37:59.794+00:00,2026-08-31T18:37:59.794+00:00,2026-08-31T18:37:59.886+00:00,2026-08-31T18:37:59.886+00:00,0.018592,0.09217246100070042,sqs-worker-5986dcd897-x8rdl,ip-192-168-20-201.ec2.internal,ee1a63f20e281518cfe7ee9edc8960c177c5f69e807d3597be2b10697edf7d91,1,24.0,116.0
1,keda-poisson-101-489cca80,000083,47.649689,2026-08-31T18:38:03.194+00:00,2026-08-31T18:37:59.504+00:00,2026-08-31T18:37:59.507+00:00,2026-08-31T18:37:59.507+00:00,2026-08-31T18:37:59.593+00:00,2026-08-31T18:37:59.593+00:00,0.019856,0.08604147799997008,sqs-worker-5986dcd897-4vzkx,ip-192-168-20-201.ec2.internal,fc24b27f3a20ae9b1dc95697e06733428d37585b3f5a035fd9bb6c2d9a575668,1,3.0,89.0
1,keda-poisson-101-489cca80,000087,49.248037,2026-08-31T18:38:04.793+00:00,2026-08-31T18:38:01.102+00:00,2026-08-31T18:38:01.106+00:00,2026-08-31T18:38:01.106+00:00,2026-08-31T18:38:01.294+00:00,2026-08-31T18:38:01.294+00:00,0.05177,0.1880638189995807,sqs-worker-5986dcd897-x8rdl,ip-192-168-20-201.ec2.internal,8c650a9524db6382e3964e457135f30d99cebe5e11e290bf585f24bcdd61873e,1,4.0,192.0
1,keda-poisson-101-489cca80,000086,48.160459,2026-08-31T18:38:03.705+00:00,2026-08-31T18:38:00.015+00:00,2026-08-31T18:38:00.019+00:00,2026-08-31T18:38:00.019+00:00,2026-08-31T18:38:01.613+00:00,2026-08-31T18:38:01.613+00:00,0.679753,1.5935317550001855,sqs-worker-5986dcd897-4vzkx,ip-192-168-20-201.ec2.internal,85343495a201d76a668e687dd510c64eb3548a51666c240f8971870094de410d,1,4.0,1598.0
1,keda-poisson-101-489cca80,000088,49.307413,2026-08-31T18:38:04.851+00:00,2026-08-31T18:38:01.166+00:00,2026-08-31T18:38:01.312+00:00,2026-08-31T18:38:01.312+00:00,2026-08-31T18:38:02.388+00:00,2026-08-31T18:38:02.388+00:00,0.428471,1.0755487850001373,sqs-worker-5986dcd897-x8rdl,ip-192-168-20-201.ec2.internal,0a3b1db0b30f5ed9624f9734a7e09d34d3eee9f7495d23294fe597c4d81c0c24,1,146.0,1222.0
1,keda-poisson-101-489cca80,000090,51.217697,2026-08-31T18:38:06.762+00:00,2026-08-31T18:38:03.070+00:00,2026-08-31T18:38:03.088+00:00,2026-08-31T18:38:03.088+00:00,2026-08-31T18:38:03.093+00:00,2026-08-31T18:38:03.093+00:00,0.005,0.005051107000326738,sqs-worker-5986dcd897-4vzkx,ip-192-168-20-201.ec2.internal,a7925dcc29807302ebb3d99254936cf91b87f9bc504feed94872f371169ed729,1,18.0,23.0
1,keda-poisson-101-489cca80,000089,51.037881,2026-08-31T18:38:06.583+00:00,2026-08-31T18:38:02.891+00:00,2026-08-31T18:38:02.895+00:00,2026-08-31T18:38:02.895+00:00,2026-08-31T18:38:03.414+00:00,2026-08-31T18:38:03.414+00:00,0.231048,0.519564088000152,sqs-worker-5986dcd897-x8rdl,ip-192-168-20-201.ec2.internal,7127b096eaaaeb3c0d9aae7c11cfdd99a52a4bf4e9b44681b79537ebc73ab4d4,1,4.0,523.0
1,keda-poisson-101-489cca80,000092,51.435014,2026-08-31T18:38:06.979+00:00,2026-08-31T18:38:03.286+00:00,2026-08-31T18:38:03.394+00:00,2026-08-31T18:38:03.394+00:00,2026-08-31T18:38:03.496+00:00,2026-08-31T18:38:03.496+00:00,0.05318,0.10237489099927188,sqs-worker-5986dcd897-4vzkx,ip-192-168-20-201.ec2.internal,5aab6a0ef77fb974b61205a8a438e926a4c7ca8f99d82bedc265689d03db8703,1,108.0,210.0
1,keda-poisson-101-489cca80,000091,51.360639,2026-08-31T18:38:06.905+00:00,2026-08-31T18:38:03.213+00:00,2026-08-31T18:38:03.217+00:00,2026-08-31T18:38:03.217+00:00,2026-08-31T18:38:03.378+00:00,2026-08-31T18:38:03.378+00:00,0.084615,0.16161950800051272,sqs-worker-5986dcd897-4vzkx,ip-192-168-20-201.ec2.internal,2bea1bd6ed39031cb0a6ada0db7658d57ba3dec55b26107a6ee4cb7b79b60bfb,1,4.0,165.0
1,keda-poisson-101-489cca80,000093,53.91312,2026-08-31T18:38:09.460+00:00,2026-08-31T18:38:05.767+00:00,2026-08-31T18:38:05.771+00:00,2026-08-31T18:38:05.771+00:00,2026-08-31T18:38:05.876+00:00,2026-08-31T18:38:05.876+00:00,0.047301,0.10554472599960718,sqs-worker-5986dcd897-x8rdl,ip-192-168-20-201.ec2.internal,2f5454b2eff4943b1ab98c1482f308140feac6840cc29c7e3cf26a8edddbea72,1,4.0,109.0
1,keda-poisson-101-489cca80,000094,55.358835,2026-08-31T18:38:10.903+00:00,2026-08-31T18:38:07.211+00:00,2026-08-31T18:38:07.215+00:00,2026-08-31T18:38:07.215+00:00,2026-08-31T18:38:07.788+00:00,2026-08-31T18:38:07.788+00:00,0.245163,0.573185454999475,sqs-worker-5986dcd897-x8rdl,ip-192-168-20-201.ec2.internal,35a140805f8c6a142ea1388f219a37eb2f15c36c827470eb31d90c52221eb862,1,4.0,577.0
1,keda-poisson-101-489cca80,000096,55.661918,2026-08-31T18:38:11.206+00:00,2026-08-31T18:38:07.524+00:00,2026-08-31T18:38:07.802+00:00,2026-08-31T18:38:07.802+00:00,2026-08-31T18:38:09.416+00:00,2026-08-31T18:38:09.416+00:00,0.660305,1.613993904000381,sqs-worker-5986dcd897-x8rdl,ip-192-168-20-201.ec2.internal,61436ee625393b2917996a46e778fa03fba298d4e47da43ed6f10ee30ed04d3f,1,278.0,1892.0
1,keda-poisson-101-489cca80,000095,55.599098,2026-08-31T18:38:11.143+00:00,2026-08-31T18:38:07.450+00:00,2026-08-31T18:38:07.455+00:00,2026-08-31T18:38:07.455+00:00,2026-08-31T18:38:09.789+00:00,2026-08-31T18:38:09.789+00:00,0.585214,2.3341889990006166,sqs-worker-5986dcd897-4vzkx,ip-192-168-20-201.ec2.internal,0ba6f0174eb0be6ef9d51b7f7a8d720cf7d77b66ede4975917c504080c89b446,1,5.0,2339.0
1,keda-poisson-101-489cca80,000099,57.697527,2026-08-31T18:38:13.241+00:00,2026-08-31T18:38:09.561+00:00,2026-08-31T18:38:09.883+00:00,2026-08-31T18:38:09.883+00:00,2026-08-31T18:38:10.563+00:00,2026-08-31T18:38:10.563+00:00,0.123762,0.6801726809999309,sqs-worker-5986dcd897-4vzkx,ip-192-168-20-201.ec2.internal,b71f2397300009ecd36dab8cfa2eee5a32108096b52b7d19ace729d357db2209,1,322.0,1002.0
1,keda-poisson-101-489cca80,000098,57.689911,2026-08-31T18:38:13.235+00:00,2026-08-31T18:38:09.546+00:00,2026-08-31T18:38:10.846+00:00,2026-08-31T18:38:10.846+00:00,2026-08-31T18:38:10.870+00:00,2026-08-31T18:38:10.870+00:00,0.023729,0.02376585599995451,sqs-worker-5986dcd897-4vzkx,ip-192-168-20-201.ec2.internal,4e105258b3db0042f10a5beb72791f01ee506611dc569e16b8f44521560af034,1,1300.0,1324.0
1,keda-poisson-101-489cca80,000100,58.324101,2026-08-31T18:38:13.869+00:00,2026-08-31T18:38:10.175+00:00,2026-08-31T18:38:10.585+00:00,2026-08-31T18:38:10.585+00:00,2026-08-31T18:38:10.779+00:00,2026-08-31T18:38:10.779+00:00,0.036199,0.1940111869998873,sqs-worker-5986dcd897-4vzkx,ip-192-168-20-201.ec2.internal,5be417480e46fea002f65de0ea7aedc5ea0c25897f46ad689d53e38a7c755b08,1,410.0,604.0
1,keda-poisson-101-489cca80,000097,56.323995,2026-08-31T18:38:11.869+00:00,2026-08-31T18:38:08.175+00:00,2026-08-31T18:38:09.433+00:00,2026-08-31T18:38:09.433+00:00,2026-08-31T18:38:10.784+00:00,2026-08-31T18:38:10.784+00:00,0.318152,1.350526985000215,sqs-worker-5986dcd897-x8rdl,ip-192-168-20-201.ec2.internal,47b08b4314fd9c2cac83a895848f2a30fae21a87778b740f48134a5e2cbc2549,1,1258.0,2609.0
1,keda-poisson-101-489cca80,000102,59.92219,2026-08-31T18:38:15.466+00:00,2026-08-31T18:38:11.778+00:00,2026-08-31T18:38:11.782+00:00,2026-08-31T18:38:11.782+00:00,2026-08-31T18:38:11.789+00:00,2026-08-31T18:38:11.789+00:00,0.005,0.007089638000252307,sqs-worker-5986dcd897-4vzkx,ip-192-168-20-201.ec2.internal,a2074b5c547413497835c57515fbb258b0532065b6a3e55ba77324658c4a428a,1,4.0,11.0
1,keda-poisson-101-489cca80,000101,59.538438,2026-08-31T18:38:15.084+00:00,2026-08-31T18:38:11.389+00:00,2026-08-31T18:38:11.393+00:00,2026-08-31T18:38:11.393+00:00,2026-08-31T18:38:11.918+00:00,2026-08-31T18:38:11.918+00:00,0.138918,0.5252820169998813,sqs-worker-5986dcd897-x8rdl,ip-192-168-20-201.ec2.internal,645d682b0542f955c777fb64d79714021e58964873ed302b8da518a16a9ea754,1,4.0,529.0
1,keda-poisson-101-489cca80,000103,60.448763,2026-08-31T18:38:15.993+00:00,2026-08-31T18:38:12.306+00:00,2026-08-31T18:38:12.310+00:00,2026-08-31T18:38:12.310+00:00,2026-08-31T18:38:12.606+00:00,2026-08-31T18:38:12.606+00:00,0.142645,0.29615802799980884,sqs-worker-5986dcd897-x8rdl,ip-192-168-20-201.ec2.internal,c57c04c72777a703e6470355db982717fb495c5f3aa5a2c62d4c9940041ebb8a,1,4.0,300.0
1,keda-poisson-101-489cca80,000104,61.468146,2026-08-31T18:38:17.013+00:00,2026-08-31T18:38:13.320+00:00,2026-08-31T18:38:13.324+00:00,2026-08-31T18:38:13.324+00:00,2026-08-31T18:38:14.123+00:00,2026-08-31T18:38:14.123+00:00,0.359985,0.7988230139999359,sqs-worker-5986dcd897-x8rdl,ip-192-168-20-201.ec2.internal,33bc871862040ab08e56c3eab084d771eaca0f2285cf8be469aab99dc703e1da,1,4.0,803.0
1,keda-poisson-101-489cca80,000106,61.837935,2026-08-31T18:38:17.382+00:00,2026-08-31T18:38:13.693+00:00,2026-08-31T18:38:14.202+00:00,2026-08-31T18:38:14.202+00:00,2026-08-31T18:38:14.505+00:00,2026-08-31T18:38:14.505+00:00,0.138372,0.3031185820000246,sqs-worker-5986dcd897-x8rdl,ip-192-168-20-201.ec2.internal,121c7e7a88bc1f525871c5fa81ba4786092611bf551e5aba7f09e2a4dc77e98e,1,509.0,812.0
1,keda-poisson-101-489cca80,000107,62.512942,2026-08-31T18:38:18.058+00:00,2026-08-31T18:38:14.363+00:00,2026-08-31T18:38:14.522+00:00,2026-08-31T18:38:14.522+00:00,2026-08-31T18:38:15.099+00:00,2026-08-31T18:38:15.099+00:00,0.229855,0.5767240830000446,sqs-worker-5986dcd897-x8rdl,ip-192-168-20-201.ec2.internal,0cb2a710f902ae808333b4ab177bd3cfd45979121509cc10cc27c89070f4409d,1,159.0,736.0
1,keda-poisson-101-489cca80,000109,63.494304,2026-08-31T18:38:19.039+00:00,2026-08-31T18:38:15.345+00:00,2026-08-31T18:38:15.349+00:00,2026-08-31T18:38:15.349+00:00,2026-08-31T18:38:15.383+00:00,2026-08-31T18:38:15.383+00:00,0.034243,0.0342866810005944,sqs-worker-5986dcd897-x8rdl,ip-192-168-20-201.ec2.internal,22771844aa3881e1a6d37588f4aaf09029a28b173acece9f0d649b4b5d76db64,1,4.0,38.0
1,keda-poisson-101-489cca80,000108,63.015264,2026-08-31T18:38:18.560+00:00,2026-08-31T18:38:14.873+00:00,2026-08-31T18:38:15.148+00:00,2026-08-31T18:38:15.148+00:00,2026-08-31T18:38:15.189+00:00,2026-08-31T18:38:15.189+00:00,0.02194,0.041123952999441826,sqs-worker-5986dcd897-x8rdl,ip-192-168-20-201.ec2.internal,b3d3209fd70d2b14bf16701b89710a64aae4d19a670022b6e7aa7ad37c0fed9a,1,275.0,316.0
1,keda-poisson-101-489cca80,000105,61.638456,2026-08-31T18:38:17.183+00:00,2026-08-31T18:38:13.489+00:00,2026-08-31T18:38:13.493+00:00,2026-08-31T18:38:13.493+00:00,2026-08-31T18:38:15.913+00:00,2026-08-31T18:38:15.913+00:00,1.0,2.420531519999713,sqs-worker-5986dcd897-4vzkx,ip-192-168-20-201.ec2.internal,32d05c9e5f54e1db823ee8d12d2355add73dc26b64efb73c2a3df778b70c5bcf,1,4.0,2424.0
1,keda-poisson-101-489cca80,000110,63.748679,2026-08-31T18:38:19.293+00:00,2026-08-31T18:38:15.605+00:00,2026-08-31T18:38:15.609+00:00,2026-08-31T18:38:15.609+00:00,2026-08-31T18:38:16.711+00:00,2026-08-31T18:38:16.711+00:00,0.467915,1.1020671120004408,sqs-worker-5986dcd897-x8rdl,ip-192-168-20-201.ec2.internal,16841bb91f4063fad59aa15b018626cbbfb28dc9f71e4de6b9fa7b7cc4ab8dff,1,4.0,1106.0
1,keda-poisson-101-489cca80,000111,65.476311,2026-08-31T18:38:21.021+00:00,2026-08-31T18:38:17.327+00:00,2026-08-31T18:38:17.330+00:00,2026-08-31T18:38:17.330+00:00,2026-08-31T18:38:17.348+00:00,2026-08-31T18:38:17.348+00:00,0.017761,0.017800368999814964,sqs-worker-5986dcd897-x8rdl,ip-192-168-20-201.ec2.internal,4d1d091a77bb991cf94b783e91d8d5e2e42c7279933da41d640bdd62b9b843ed,1,3.0,21.0
1,keda-poisson-101-489cca80,000112,65.688743,2026-08-31T18:38:21.233+00:00,2026-08-31T18:38:17.538+00:00,2026-08-31T18:38:17.546+00:00,2026-08-31T18:38:17.546+00:00,2026-08-31T18:38:18.913+00:00,2026-08-31T18:38:18.913+00:00,0.576532,1.3668993389992465,sqs-worker-5986dcd897-x8rdl,ip-192-168-20-201.ec2.internal,4cbdd2f86b3cfa5fba1f3d4b5c232f5ee7fffba5a3b774f295593815f9b2475b,1,8.0,1375.0
1,keda-poisson-101-489cca80,000113,66.398716,2026-08-31T18:38:21.943+00:00,2026-08-31T18:38:18.249+00:00,2026-08-31T18:38:18.274+00:00,2026-08-31T18:38:18.274+00:00,2026-08-31T18:38:18.975+00:00,2026-08-31T18:38:18.975+00:00,0.127007,0.7010961529995257,sqs-worker-5986dcd897-4vzkx,ip-192-168-20-201.ec2.internal,e61dcb93f39b0092124c1e65797a9fec8f06e2ab952580664f00f2a342785680,1,25.0,726.0
1,keda-poisson-101-489cca80,000114,67.802358,2026-08-31T18:38:23.348+00:00,2026-08-31T18:38:19.655+00:00,2026-08-31T18:38:19.659+00:00,2026-08-31T18:38:19.659+00:00,2026-08-31T18:38:19.899+00:00,2026-08-31T18:38:19.899+00:00,0.095489,0.2401316189998397,sqs-worker-5986dcd897-4vzkx,ip-192-168-20-201.ec2.internal,5e0104d2f7c25a8b444ee38538a5af70a47ce94161c5461dfe9041127567f8fb,1,4.0,244.0
1,keda-poisson-101-489cca80,000115,68.122455,2026-08-31T18:38:23.667+00:00,2026-08-31T18:38:19.973+00:00,2026-08-31T18:38:19.976+00:00,2026-08-31T18:38:19.976+00:00,2026-08-31T18:38:20.388+00:00,2026-08-31T18:38:20.388+00:00,0.164306,0.4124702030003391,sqs-worker-5986dcd897-4vzkx,ip-192-168-20-201.ec2.internal,0c57ba5e564dd2b9b574a0dc90f62d462d93de18dec08690bc24c9f28cacbc2f,1,3.0,415.0
1,keda-poisson-101-489cca80,000116,68.15737,2026-08-31T18:38:23.701+00:00,2026-08-31T18:38:20.009+00:00,2026-08-31T18:38:20.075+00:00,2026-08-31T18:38:20.075+00:00,2026-08-31T18:38:20.975+00:00,2026-08-31T18:38:20.975+00:00,0.20173,0.9003945029999159,sqs-worker-5986dcd897-x8rdl,ip-192-168-20-201.ec2.internal,bcad111fad66dde2edf003fb02013d57dbae7e55da1cb0dd233584202010b156,1,66.0,966.0
1,keda-poisson-101-489cca80,000117,68.312977,2026-08-31T18:38:23.857+00:00,2026-08-31T18:38:20.166+00:00,2026-08-31T18:38:20.413+00:00,2026-08-31T18:38:20.413+00:00,2026-08-31T18:38:21.191+00:00,2026-08-31T18:38:21.192+00:00,0.328795,0.7781205100000079,sqs-worker-5986dcd897-4vzkx,ip-192-168-20-201.ec2.internal,abdaf211d5d7903567624fb7ae3916b2f9d3431dcefbc42ca23d25c1cf1e59d3,1,247.0,1025.0
1,keda-poisson-101-489cca80,000120,68.536257,2026-08-31T18:38:24.080+00:00,2026-08-31T18:38:20.399+00:00,2026-08-31T18:38:21.219+00:00,2026-08-31T18:38:21.219+00:00,2026-08-31T18:38:21.610+00:00,2026-08-31T18:38:21.610+00:00,0.160321,0.3906616630001736,sqs-worker-5986dcd897-4vzkx,ip-192-168-20-201.ec2.internal,827e4d0748e814e9025cb81850ba4e0810cb211f069709f359f65afbf6c74a4b,1,820.0,1211.0
1,keda-poisson-101-489cca80,000122,69.08703,2026-08-31T18:38:24.631+00:00,2026-08-31T18:38:20.942+00:00,2026-08-31T18:38:21.625+00:00,2026-08-31T18:38:21.626+00:00,2026-08-31T18:38:21.895+00:00,2026-08-31T18:38:21.895+00:00,0.113789,0.2695339669999157,sqs-worker-5986dcd897-4vzkx,ip-192-168-20-201.ec2.internal,042913761e794fd4cadcfd55c659e6b78200e73c5101fe94be55bbcdc9d5d59d,1,683.0,953.0
1,keda-poisson-101-489cca80,000119,68.456045,2026-08-31T18:38:24.000+00:00,2026-08-31T18:38:20.308+00:00,2026-08-31T18:38:20.996+00:00,2026-08-31T18:38:20.996+00:00,2026-08-31T18:38:21.798+00:00,2026-08-31T18:38:21.798+00:00,0.14583,0.8016819980002765,sqs-worker-5986dcd897-x8rdl,ip-192-168-20-201.ec2.internal,dd81cc76ca190624f3cc1410046b5d2d2205e0cf7379d022e7bd06ac63dea8a7,1,688.0,1490.0
1,keda-poisson-101-489cca80,000118,68.355847,2026-08-31T18:38:23.900+00:00,2026-08-31T18:38:20.206+00:00,2026-08-31T18:38:21.901+00:00,2026-08-31T18:38:21.901+00:00,2026-08-31T18:38:22.721+00:00,2026-08-31T18:38:22.721+00:00,0.212717,0.8208617600002981,sqs-worker-5986dcd897-x8rdl,ip-192-168-20-201.ec2.internal,fd184e299681e3d3f5e52d3442240251880a296e7f33989e016c962c13a1108d,1,1695.0,2515.0
1,keda-poisson-101-489cca80,000121,68.798324,2026-08-31T18:38:24.342+00:00,2026-08-31T18:38:20.649+00:00,2026-08-31T18:38:21.931+00:00,2026-08-31T18:38:21.931+00:00,2026-08-31T18:38:21.992+00:00,2026-08-31T18:38:21.992+00:00,0.02342,0.06167551399994409,sqs-worker-5986dcd897-4vzkx,ip-192-168-20-201.ec2.internal,1ffb5c50934152a9d4657eae5fadcc10c5a4b713a4d6ce7e37c586eedcb01b1a,1,1282.0,1343.0
1,keda-poisson-101-489cca80,000126,71.573596,2026-08-31T18:38:27.116+00:00,2026-08-31T18:38:23.425+00:00,2026-08-31T18:38:23.432+00:00,2026-08-31T18:38:23.432+00:00,2026-08-31T18:38:23.714+00:00,2026-08-31T18:38:23.714+00:00,0.151722,0.28248867400088784,sqs-worker-5986dcd897-x8rdl,ip-192-168-20-201.ec2.internal,738ab8796efabd5ed6ebbd0c4b86281fdf5ba42a14a5ba6a8101937f9aa3ac71,1,7.0,289.0
1,keda-poisson-101-489cca80,000123,69.457712,2026-08-31T18:38:25.000+00:00,2026-08-31T18:38:21.306+00:00,2026-08-31T18:38:22.019+00:00,2026-08-31T18:38:22.019+00:00,2026-08-31T18:38:22.031+00:00,2026-08-31T18:38:22.031+00:00,0.012833,0.012865421999777027,sqs-worker-5986dcd897-4vzkx,ip-192-168-20-201.ec2.internal,d564f012c88f062127e90c43876e77a06d01f5db39df9a36b39f290c4558acc5,1,713.0,725.0
1,keda-poisson-101-489cca80,000124,70.141403,2026-08-31T18:38:25.684+00:00,2026-08-31T18:38:21.993+00:00,2026-08-31T18:38:22.046+00:00,2026-08-31T18:38:22.046+00:00,2026-08-31T18:38:22.485+00:00,2026-08-31T18:38:22.485+00:00,0.181076,0.4392470200000389,sqs-worker-5986dcd897-4vzkx,ip-192-168-20-201.ec2.internal,837dc720019ea91e306f9b1b6a542b534ce61b2af23a3d09fef3c73655fbcbe2,1,53.0,492.0
1,keda-poisson-101-489cca80,000125,70.847141,2026-08-31T18:38:26.392+00:00,2026-08-31T18:38:22.699+00:00,2026-08-31T18:38:22.704+00:00,2026-08-31T18:38:22.704+00:00,2026-08-31T18:38:22.737+00:00,2026-08-31T18:38:22.737+00:00,0.023196,0.03323672599981364,sqs-worker-5986dcd897-4vzkx,ip-192-168-20-201.ec2.internal,013cf4a369c4ed74f63f64a6d6563b5269b3e03104ded179c480cbbeb399463f,1,5.0,38.0
1,keda-poisson-101-489cca80,000127,71.85679,2026-08-31T18:38:27.399+00:00,2026-08-31T18:38:23.706+00:00,2026-08-31T18:38:23.710+00:00,2026-08-31T18:38:23.710+00:00,2026-08-31T18:38:23.790+00:00,2026-08-31T18:38:23.790+00:00,0.055982,0.08047570700000506,sqs-worker-5986dcd897-4vzkx,ip-192-168-20-201.ec2.internal,cf45e6191bfe86403ab1b0b69fa5cb23a69235d489910b1d1ff154314a0ad6f4,1,4.0,84.0
1,keda-poisson-101-489cca80,000128,72.536328,2026-08-31T18:38:28.079+00:00,2026-08-31T18:38:24.387+00:00,2026-08-31T18:38:24.391+00:00,2026-08-31T18:38:24.391+00:00,2026-08-31T18:38:24.697+00:00,2026-08-31T18:38:24.697+00:00,0.134321,0.3064496209999561,sqs-worker-5986dcd897-x8rdl,ip-192-168-20-201.ec2.internal,3e78a94700ab0048b31589024ff61f8e3d19e3d8a4bf9fa1302d443d01f47da3,1,4.0,310.0
1,keda-poisson-101-489cca80,000129,73.035125,2026-08-31T18:38:28.578+00:00,2026-08-31T18:38:24.885+00:00,2026-08-31T18:38:24.890+00:00,2026-08-31T18:38:24.890+00:00,2026-08-31T18:38:25.315+00:00,2026-08-31T18:38:25.315+00:00,0.191008,0.42527270299979136,sqs-worker-5986dcd897-x8rdl,ip-192-168-20-201.ec2.internal,74d326165cd0d06b434f3803bd3cfcdcb9439c825182d8f180cc2167a0464404,1,5.0,430.0
1,keda-poisson-101-489cca80,000130,73.120386,2026-08-31T18:38:28.662+00:00,2026-08-31T18:38:24.971+00:00,2026-08-31T18:38:24.975+00:00,2026-08-31T18:38:24.975+00:00,2026-08-31T18:38:25.689+00:00,2026-08-31T18:38:25.689+00:00,0.295677,0.7148776020003424,sqs-worker-5986dcd897-4vzkx,ip-192-168-20-201.ec2.internal,c9a2f94ca2fa2d8f6a18c2337160e4be848fb536efd3bed4d748ef071a6d7085,1,4.0,718.0
1,keda-poisson-101-489cca80,000131,73.613704,2026-08-31T18:38:29.156+00:00,2026-08-31T18:38:25.465+00:00,2026-08-31T18:38:25.468+00:00,2026-08-31T18:38:25.468+00:00,2026-08-31T18:38:25.899+00:00,2026-08-31T18:38:25.899+00:00,0.195509,0.4312927539995144,sqs-worker-5986dcd897-x8rdl,ip-192-168-20-201.ec2.internal,420faef29b5ce715e0c5d99482e80c9e2097936ad0ef2fed6872a5e87b59a750,1,3.0,434.0
1,keda-poisson-101-489cca80,000132,73.853228,2026-08-31T18:38:29.396+00:00,2026-08-31T18:38:25.706+00:00,2026-08-31T18:38:25.712+00:00,2026-08-31T18:38:25.712+00:00,2026-08-31T18:38:26.376+00:00,2026-08-31T18:38:26.376+00:00,0.261464,0.6649160080005458,sqs-worker-5986dcd897-4vzkx,ip-192-168-20-201.ec2.internal,e8a9c021917da89f263557d8fa7c644c94ec3b91ce412063556efe4e802c8ac6,1,6.0,670.0
1,keda-poisson-101-489cca80,000133,74.557424,2026-08-31T18:38:30.100+00:00,2026-08-31T18:38:26.407+00:00,2026-08-31T18:38:26.411+00:00,2026-08-31T18:38:26.411+00:00,2026-08-31T18:38:27.090+00:00,2026-08-31T18:38:27.090+00:00,0.289737,0.6795742660005999,sqs-worker-5986dcd897-4vzkx,ip-192-168-20-201.ec2.internal,e72a2895c19aa46ab061960b1c1c94dc0a39cdfd1082029ff1676808d243e2d2,1,4.0,683.0
1,keda-poisson-101-489cca80,000135,75.559026,2026-08-31T18:38:31.103+00:00,2026-08-31T18:38:27.418+00:00,2026-08-31T18:38:27.422+00:00,2026-08-31T18:38:27.422+00:00,2026-08-31T18:38:27.494+00:00,2026-08-31T18:38:27.494+00:00,0.060868,0.0720509620005032,sqs-worker-5986dcd897-4vzkx,ip-192-168-20-201.ec2.internal,365a580f7366244aef1252a6d8a77a0bb9c0d2cf291a6d05a8d33bfbd65f9934,1,4.0,76.0
1,keda-poisson-101-489cca80,000134,75.386908,2026-08-31T18:38:30.930+00:00,2026-08-31T18:38:27.238+00:00,2026-08-31T18:38:27.246+00:00,2026-08-31T18:38:27.246+00:00,2026-08-31T18:38:27.811+00:00,2026-08-31T18:38:27.811+00:00,0.264265,0.5651262339997629,sqs-worker-5986dcd897-x8rdl,ip-192-168-20-201.ec2.internal,8d03e93cf8a609378f118a5d14fc59cd2d3780efe3af6b78a1fbd17c53516958,1,8.0,573.0
1,keda-poisson-101-489cca80,000136,75.915995,2026-08-31T18:38:31.458+00:00,2026-08-31T18:38:27.767+00:00,2026-08-31T18:38:27.771+00:00,2026-08-31T18:38:27.771+00:00,2026-08-31T18:38:27.992+00:00,2026-08-31T18:38:27.992+00:00,0.104977,0.22148803699928976,sqs-worker-5986dcd897-4vzkx,ip-192-168-20-201.ec2.internal,08df33969cdd5812d9d746e31f28d7f234fce1d48f2305ca11d6572d50756b15,1,4.0,225.0
1,keda-poisson-101-489cca80,000137,76.295238,2026-08-31T18:38:31.838+00:00,2026-08-31T18:38:28.145+00:00,2026-08-31T18:38:28.149+00:00,2026-08-31T18:38:28.149+00:00,2026-08-31T18:38:29.003+00:00,2026-08-31T18:38:29.003+00:00,0.366354,0.8543119059995661,sqs-worker-5986dcd897-x8rdl,ip-192-168-20-201.ec2.internal,636ca1fdd00a584e425ebc78587059a39012966e56e603f78d1695d9e743538c,1,4.0,858.0
1,keda-poisson-101-489cca80,000138,76.515393,2026-08-31T18:38:32.058+00:00,2026-08-31T18:38:28.365+00:00,2026-08-31T18:38:28.375+00:00,2026-08-31T18:38:28.375+00:00,2026-08-31T18:38:28.992+00:00,2026-08-31T18:38:28.992+00:00,0.114276,0.6176874590000807,sqs-worker-5986dcd897-4vzkx,ip-192-168-20-201.ec2.internal,75c403e5b4e4d1ee7091440e935485d3a57cbb42f7a38edc30553dc609ae703f,1,10.0,627.0
1,keda-poisson-101-489cca80,000139,76.541236,2026-08-31T18:38:32.083+00:00,2026-08-31T18:38:28.391+00:00,2026-08-31T18:38:29.025+00:00,2026-08-31T18:38:29.025+00:00,2026-08-31T18:38:29.409+00:00,2026-08-31T18:38:29.409+00:00,0.15923,0.3838184750002256,sqs-worker-5986dcd897-x8rdl,ip-192-168-20-201.ec2.internal,9abd6ac38368a2c31a9a393039a3d395b2b71f197a9351de570e9698af0ff47b,1,634.0,1018.0
1,keda-poisson-101-489cca80,000140,76.573041,2026-08-31T18:38:32.115+00:00,2026-08-31T18:38:28.424+00:00,2026-08-31T18:38:29.106+00:00,2026-08-31T18:38:29.106+00:00,2026-08-31T18:38:30.375+00:00,2026-08-31T18:38:30.375+00:00,0.214519,1.2687280520003696,sqs-worker-5986dcd897-4vzkx,ip-192-168-20-201.ec2.internal,e384848484c51f51fb60dda2c4f0bad85e311c146cd2a4a7cdf01cfbf5092b60,1,682.0,1951.0
1,keda-poisson-101-489cca80,000141,79.658238,2026-08-31T18:38:35.203+00:00,2026-08-31T18:38:31.511+00:00,2026-08-31T18:38:31.514+00:00,2026-08-31T18:38:31.514+00:00,2026-08-31T18:38:31.606+00:00,2026-08-31T18:38:31.606+00:00,0.072856,0.0920185949998995,sqs-worker-5986dcd897-4vzkx,ip-192-168-20-201.ec2.internal,9258c216c9c26d06300ce7a375226ff8252ca5df281e341624b1d0e7f6bea4ae,1,3.0,95.0
1,keda-poisson-101-489cca80,000142,80.499995,2026-08-31T18:38:36.043+00:00,2026-08-31T18:38:32.351+00:00,2026-08-31T18:38:32.355+00:00,2026-08-31T18:38:32.355+00:00,2026-08-31T18:38:32.499+00:00,2026-08-31T18:38:32.499+00:00,0.084774,0.14377862200035452,sqs-worker-5986dcd897-4vzkx,ip-192-168-20-201.ec2.internal,ecae1e23f37206e49fd9156b12a71d5fa88609645fb1ac163a0c166ecb8e7d66,1,4.0,148.0
1,keda-poisson-101-489cca80,000143,80.861001,2026-08-31T18:38:36.403+00:00,2026-08-31T18:38:32.711+00:00,2026-08-31T18:38:32.717+00:00,2026-08-31T18:38:32.717+00:00,2026-08-31T18:38:32.891+00:00,2026-08-31T18:38:32.891+00:00,0.098043,0.17433056499976374,sqs-worker-5986dcd897-4vzkx,ip-192-168-20-201.ec2.internal,e1c4eb41dea7d8c89ed0249299e6d4ef4152e6a6938910afd15d9bb4c06e18d0,1,6.0,180.0
1,keda-poisson-101-489cca80,000144,81.54763,2026-08-31T18:38:37.090+00:00,2026-08-31T18:38:33.397+00:00,2026-08-31T18:38:33.401+00:00,2026-08-31T18:38:33.401+00:00,2026-08-31T18:38:33.521+00:00,2026-08-31T18:38:33.521+00:00,0.078474,0.11986121200061461,sqs-worker-5986dcd897-x8rdl,ip-192-168-20-201.ec2.internal,4b30e8b71dcf8e180af0b9b504df532e8decf85d62843a5b92306529066612d1,1,4.0,124.0
1,keda-poisson-101-489cca80,000145,81.743456,2026-08-31T18:38:37.286+00:00,2026-08-31T18:38:33.593+00:00,2026-08-31T18:38:33.598+00:00,2026-08-31T18:38:33.598+00:00,2026-08-31T18:38:33.633+00:00,2026-08-31T18:38:33.633+00:00,0.03492,0.03496888100016804,sqs-worker-5986dcd897-x8rdl,ip-192-168-20-201.ec2.internal,5297c90b0b9ebd52710f2418d9d1ad5628bfdf3bcb515e14b7385452ace2423d,1,5.0,40.0
1,keda-poisson-101-489cca80,000146,82.51795,2026-08-31T18:38:38.061+00:00,2026-08-31T18:38:34.369+00:00,2026-08-31T18:38:34.372+00:00,2026-08-31T18:38:34.372+00:00,2026-08-31T18:38:34.488+00:00,2026-08-31T18:38:34.488+00:00,0.060239,0.11654125599943654,sqs-worker-5986dcd897-4vzkx,ip-192-168-20-201.ec2.internal,9ccde2f0bae41305e7c3b38d3024edc56f6e5a90bdeff21573153eb28d078fc5,1,3.0,119.0
1,keda-poisson-101-489cca80,000147,84.400768,2026-08-31T18:38:39.945+00:00,2026-08-31T18:38:36.252+00:00,2026-08-31T18:38:36.257+00:00,2026-08-31T18:38:36.257+00:00,2026-08-31T18:38:36.411+00:00,2026-08-31T18:38:36.411+00:00,0.095529,0.15396677599983377,sqs-worker-5986dcd897-x8rdl,ip-192-168-20-201.ec2.internal,ab9d490bc055ddabef17b45d1cb383db0e0d8426225f360d23078ac839b13773,1,5.0,159.0
1,keda-poisson-101-489cca80,000148,85.328114,2026-08-31T18:38:40.871+00:00,2026-08-31T18:38:37.177+00:00,2026-08-31T18:38:37.181+00:00,2026-08-31T18:38:37.181+00:00,2026-08-31T18:38:37.798+00:00,2026-08-31T18:38:37.798+00:00,0.265388,0.617373588999726,sqs-worker-5986dcd897-4vzkx,ip-192-168-20-201.ec2.internal,92f446b4badcf2e4186ee2d741c3678be9fc88d5eba3e3660c05ed93b57e5cfb,1,4.0,621.0
1,keda-poisson-101-489cca80,000149,85.71923,2026-08-31T18:38:41.262+00:00,2026-08-31T18:38:37.569+00:00,2026-08-31T18:38:37.575+00:00,2026-08-31T18:38:37.575+00:00,2026-08-31T18:38:38.180+00:00,2026-08-31T18:38:38.180+00:00,0.243181,0.6041718989999936,sqs-worker-5986dcd897-x8rdl,ip-192-168-20-201.ec2.internal,f06a49997bc8387b0d587000d81c60a2feec5a310a369262f6934b04cd1721d8,1,6.0,611.0
1,keda-poisson-101-489cca80,000150,88.28678,2026-08-31T18:38:43.831+00:00,2026-08-31T18:38:40.137+00:00,2026-08-31T18:38:40.140+00:00,2026-08-31T18:38:40.140+00:00,2026-08-31T18:38:40.169+00:00,2026-08-31T18:38:40.169+00:00,0.029092,0.029294261999893934,sqs-worker-5986dcd897-4vzkx,ip-192-168-20-201.ec2.internal,218681048de1cbf0d0291baec1b160086dc6ef7cb77d54aaff98e647058a2b81,1,3.0,32.0
1,keda-poisson-101-489cca80,000151,89.88196,2026-08-31T18:38:45.426+00:00,2026-08-31T18:38:41.732+00:00,2026-08-31T18:38:41.736+00:00,2026-08-31T18:38:41.736+00:00,2026-08-31T18:38:41.754+00:00,2026-08-31T18:38:41.754+00:00,0.018136,0.018185320999691612,sqs-worker-5986dcd897-4vzkx,ip-192-168-20-201.ec2.internal,55c7181c10ab703b4e1577ff0f19db570c37273191c3ff97fde1855c678275ac,1,4.0,22.0
1,keda-poisson-101-489cca80,000152,89.919467,2026-08-31T18:38:45.461+00:00,2026-08-31T18:38:41.774+00:00,2026-08-31T18:38:41.779+00:00,2026-08-31T18:38:41.779+00:00,2026-08-31T18:38:42.311+00:00,2026-08-31T18:38:42.311+00:00,0.227997,0.531677521000347,sqs-worker-5986dcd897-x8rdl,ip-192-168-20-201.ec2.internal,4f0f7c8cb431f4870e07c044a0eb8c97aae3f1360d7bef336e2d92d7b84e1dc0,1,5.0,537.0
1,keda-poisson-101-489cca80,000154,90.627174,2026-08-31T18:38:46.170+00:00,2026-08-31T18:38:42.477+00:00,2026-08-31T18:38:42.481+00:00,2026-08-31T18:38:42.481+00:00,2026-08-31T18:38:43.196+00:00,2026-08-31T18:38:43.196+00:00,0.294293,0.7155165460007993,sqs-worker-5986dcd897-x8rdl,ip-192-168-20-201.ec2.internal,d0c06e61846b94535da822d5158ce02f415c6492b074f1154342263ce8abe842,1,4.0,719.0
1,keda-poisson-101-489cca80,000155,90.827417,2026-08-31T18:38:46.370+00:00,2026-08-31T18:38:42.683+00:00,2026-08-31T18:38:43.224+00:00,2026-08-31T18:38:43.224+00:00,2026-08-31T18:38:43.290+00:00,2026-08-31T18:38:43.290+00:00,0.028521,0.06585928700042132,sqs-worker-5986dcd897-x8rdl,ip-192-168-20-201.ec2.internal,409c1022c362029258546f74ab8d1e4be644e5089480b4874f0e4992d6a2aea5,1,541.0,607.0
1,keda-poisson-101-489cca80,000156,91.426351,2026-08-31T18:38:46.969+00:00,2026-08-31T18:38:43.275+00:00,2026-08-31T18:38:43.331+00:00,2026-08-31T18:38:43.331+00:00,2026-08-31T18:38:43.336+00:00,2026-08-31T18:38:43.336+00:00,0.005696,0.005731475999709801,sqs-worker-5986dcd897-x8rdl,ip-192-168-20-201.ec2.internal,31dbd48349e349a970c8e1e21f4f636327b7942fb57a04caa0933f375ba29328,1,56.0,61.0
1,keda-poisson-101-489cca80,000153,90.251166,2026-08-31T18:38:45.794+00:00,2026-08-31T18:38:42.100+00:00,2026-08-31T18:38:42.135+00:00,2026-08-31T18:38:42.135+00:00,2026-08-31T18:38:43.378+00:00,2026-08-31T18:38:43.378+00:00,0.517669,1.2433024950005347,sqs-worker-5986dcd897-4vzkx,ip-192-168-20-201.ec2.internal,59c903024edaf8ca454ea3ba7f3d2d334dae45dbb6742e8fd24ecd098653ce06,1,35.0,1278.0
1,keda-poisson-101-489cca80,000157,91.523127,2026-08-31T18:38:47.065+00:00,2026-08-31T18:38:43.375+00:00,2026-08-31T18:38:43.379+00:00,2026-08-31T18:38:43.379+00:00,2026-08-31T18:38:44.504+00:00,2026-08-31T18:38:44.504+00:00,0.458441,1.1256922040001882,sqs-worker-5986dcd897-x8rdl,ip-192-168-20-201.ec2.internal,5ad568357df1c70ed80c55e9e7e4ee375468ed4d662ad34652a1f2a78e5ed775,1,4.0,1129.0
1,keda-poisson-101-489cca80,000159,93.601052,2026-08-31T18:38:49.144+00:00,2026-08-31T18:38:45.450+00:00,2026-08-31T18:38:45.454+00:00,2026-08-31T18:38:45.454+00:00,2026-08-31T18:38:45.465+00:00,2026-08-31T18:38:45.465+00:00,0.011386,0.011423379000007117,sqs-worker-5986dcd897-x8rdl,ip-192-168-20-201.ec2.internal,53373b42dce0183d01485905abdca565ddf169e7a20d672b00db4017a6daf56f,1,4.0,15.0
1,keda-poisson-101-489cca80,000160,93.640777,2026-08-31T18:38:49.183+00:00,2026-08-31T18:38:45.489+00:00,2026-08-31T18:38:45.504+00:00,2026-08-31T18:38:45.504+00:00,2026-08-31T18:38:45.577+00:00,2026-08-31T18:38:45.577+00:00,0.040522,0.07310700100060785,sqs-worker-5986dcd897-x8rdl,ip-192-168-20-201.ec2.internal,919f09e7a6708b535664c00b909a32b915821d4241c345700501b6a50f4642fa,1,15.0,88.0
1,keda-poisson-101-489cca80,000158,92.382463,2026-08-31T18:38:47.925+00:00,2026-08-31T18:38:44.231+00:00,2026-08-31T18:38:44.235+00:00,2026-08-31T18:38:44.235+00:00,2026-08-31T18:38:45.669+00:00,2026-08-31T18:38:45.669+00:00,0.599454,1.434148409000045,sqs-worker-5986dcd897-4vzkx,ip-192-168-20-201.ec2.internal,d2264217f5a80d2d080410a136ec73c7d6147a1fbe8d461e0b106c0cea491731,1,4.0,1438.0
1,keda-poisson-101-489cca80,000161,94.377035,2026-08-31T18:38:49.920+00:00,2026-08-31T18:38:46.224+00:00,2026-08-31T18:38:46.229+00:00,2026-08-31T18:38:46.229+00:00,2026-08-31T18:38:46.269+00:00,2026-08-31T18:38:46.269+00:00,0.039942,0.03999658699922293,sqs-worker-5986dcd897-x8rdl,ip-192-168-20-201.ec2.internal,a35cff23438df03b4495fe27c5fe8c1fb2d9856a74814290237d45bab849e78e,1,5.0,45.0
1,keda-poisson-101-489cca80,000162,94.570296,2026-08-31T18:38:50.113+00:00,2026-08-31T18:38:46.420+00:00,2026-08-31T18:38:46.424+00:00,2026-08-31T18:38:46.424+00:00,2026-08-31T18:38:46.703+00:00,2026-08-31T18:38:46.703+00:00,0.150346,0.27957250500003283,sqs-worker-5986dcd897-4vzkx,ip-192-168-20-201.ec2.internal,305d8791fe2753a4c61f09f726a009533ae0819bcfb68f502fac03d15bfc8f02,1,4.0,283.0
1,keda-poisson-101-489cca80,000164,95.940259,2026-08-31T18:38:51.483+00:00,2026-08-31T18:38:47.792+00:00,2026-08-31T18:38:47.795+00:00,2026-08-31T18:38:47.795+00:00,2026-08-31T18:38:47.984+00:00,2026-08-31T18:38:47.985+00:00,0.081733,0.1896797460003654,sqs-worker-5986dcd897-x8rdl,ip-192-168-20-201.ec2.internal,a81fca8fc00f4408a6d4186a1c6f17469c11269cb442281aec4d514dfda516d4,1,3.0,192.0
1,keda-poisson-101-489cca80,000163,95.205831,2026-08-31T18:38:50.748+00:00,2026-08-31T18:38:47.055+00:00,2026-08-31T18:38:47.059+00:00,2026-08-31T18:38:47.059+00:00,2026-08-31T18:38:49.178+00:00,2026-08-31T18:38:49.178+00:00,0.611553,2.1192055720002827,sqs-worker-5986dcd897-4vzkx,ip-192-168-20-201.ec2.internal,453f6e55037402d7e10129593c0db9ed26977f6d58b252f5db1978af46eeb0d6,1,4.0,2123.0
1,keda-poisson-101-489cca80,000166,99.28928,2026-08-31T18:38:54.830+00:00,2026-08-31T18:38:51.137+00:00,2026-08-31T18:38:51.142+00:00,2026-08-31T18:38:51.142+00:00,2026-08-31T18:38:51.189+00:00,2026-08-31T18:38:51.189+00:00,0.046172,0.04736978100027045,sqs-worker-5986dcd897-x8rdl,ip-192-168-20-201.ec2.internal,6cd6d1329b01307f0aa4d4666fdfbadbbfc9ea0188223da6017ee86c87a3b467,1,5.0,52.0
1,keda-poisson-101-489cca80,000165,98.289385,2026-08-31T18:38:53.834+00:00,2026-08-31T18:38:50.142+00:00,2026-08-31T18:38:50.145+00:00,2026-08-31T18:38:50.145+00:00,2026-08-31T18:38:51.704+00:00,2026-08-31T18:38:51.704+00:00,0.660193,1.5597780739999507,sqs-worker-5986dcd897-4vzkx,ip-192-168-20-201.ec2.internal,751faf19be69f9184101b909361c8d346c54e7e2e8f1364ed6e5c33d90b3a408,1,3.0,1562.0
1,keda-poisson-101-489cca80,000168,100.366406,2026-08-31T18:38:55.908+00:00,2026-08-31T18:38:52.215+00:00,2026-08-31T18:38:52.218+00:00,2026-08-31T18:38:52.218+00:00,2026-08-31T18:38:52.288+00:00,2026-08-31T18:38:52.288+00:00,0.054757,0.0697868240004027,sqs-worker-5986dcd897-4vzkx,ip-192-168-20-201.ec2.internal,7cafac7961396a948d7cdb30c0ac3a5f8b91f16a99f4c762136326c32c44d17d,1,3.0,73.0
1,keda-poisson-101-489cca80,000169,100.465634,2026-08-31T18:38:56.006+00:00,2026-08-31T18:38:52.313+00:00,2026-08-31T18:38:52.316+00:00,2026-08-31T18:38:52.316+00:00,2026-08-31T18:38:52.333+00:00,2026-08-31T18:38:52.333+00:00,0.016703,0.016847208999934082,sqs-worker-5986dcd897-4vzkx,ip-192-168-20-201.ec2.internal,71e8381fd2c6deb9aff15b034a073272d6b2a47dfd71d6fe6b2f616e767129db,1,3.0,20.0
1,keda-poisson-101-489cca80,000167,99.547995,2026-08-31T18:38:55.089+00:00,2026-08-31T18:38:51.394+00:00,2026-08-31T18:38:51.400+00:00,2026-08-31T18:38:51.400+00:00,2026-08-31T18:38:52.803+00:00,2026-08-31T18:38:52.803+00:00,0.581352,1.402933316000599,sqs-worker-5986dcd897-x8rdl,ip-192-168-20-201.ec2.internal,50c28e2b4581c3198bffaca8ea400a514e14926d9d23384afda3435beb30231e,1,6.0,1409.0
1,keda-poisson-101-489cca80,000170,101.247173,2026-08-31T18:38:56.789+00:00,2026-08-31T18:38:53.099+00:00,2026-08-31T18:38:53.102+00:00,2026-08-31T18:38:53.102+00:00,2026-08-31T18:38:53.577+00:00,2026-08-31T18:38:53.577+00:00,0.203209,0.47549675599930197,sqs-worker-5986dcd897-4vzkx,ip-192-168-20-201.ec2.internal,101cd7edca92c266e1f61d10b66ae3005b64d4d1cb71a3300592ead6af5b86d0,1,3.0,478.0
1,keda-poisson-101-489cca80,000171,101.584561,2026-08-31T18:38:57.125+00:00,2026-08-31T18:38:53.430+00:00,2026-08-31T18:38:53.437+00:00,2026-08-31T18:38:53.437+00:00,2026-08-31T18:38:53.601+00:00,2026-08-31T18:38:53.601+00:00,0.098831,0.16338018300029944,sqs-worker-5986dcd897-x8rdl,ip-192-168-20-201.ec2.internal,f6388933bdb6b9b5fd8fb4b5658de47d62f133b549a0a7110d9dd1c87caefa79,1,7.0,171.0
1,keda-poisson-101-489cca80,000172,101.777142,2026-08-31T18:38:57.318+00:00,2026-08-31T18:38:53.626+00:00,2026-08-31T18:38:53.629+00:00,2026-08-31T18:38:53.629+00:00,2026-08-31T18:38:53.819+00:00,2026-08-31T18:38:53.819+00:00,0.092727,0.18991939699935756,sqs-worker-5986dcd897-x8rdl,ip-192-168-20-201.ec2.internal,7546ba6759bc7cc6f6a5809515ca20b45efaa6869998300a76d427a9613c1ab1,1,3.0,193.0
1,keda-poisson-101-489cca80,000174,102.100151,2026-08-31T18:38:57.641+00:00,2026-08-31T18:38:53.947+00:00,2026-08-31T18:38:53.966+00:00,2026-08-31T18:38:53.966+00:00,2026-08-31T18:38:54.177+00:00,2026-08-31T18:38:54.177+00:00,0.093067,0.21146842799953447,sqs-worker-5986dcd897-x8rdl,ip-192-168-20-201.ec2.internal,58900823662d9dd198caa22991143cb3f8d78fb76f4a5487cc2972ddeb88ec1b,1,19.0,230.0
1,keda-poisson-101-489cca80,000173,101.94744,2026-08-31T18:38:57.488+00:00,2026-08-31T18:38:53.795+00:00,2026-08-31T18:38:53.798+00:00,2026-08-31T18:38:53.798+00:00,2026-08-31T18:38:54.795+00:00,2026-08-31T18:38:54.796+00:00,0.422236,0.9972203110000919,sqs-worker-5986dcd897-4vzkx,ip-192-168-20-201.ec2.internal,57541499fa9cea84c7ead2a359901b850b5370f1b12107bd0c20a21a54211313,1,3.0,1000.0
1,keda-poisson-101-489cca80,000175,103.094801,2026-08-31T18:38:58.636+00:00,2026-08-31T18:38:54.948+00:00,2026-08-31T18:38:54.952+00:00,2026-08-31T18:38:54.952+00:00,2026-08-31T18:38:54.967+00:00,2026-08-31T18:38:54.967+00:00,0.015455,0.015543079999588372,sqs-worker-5986dcd897-4vzkx,ip-192-168-20-201.ec2.internal,9590e3aeea3209cc98f30ac48b7a899ffaf52395962a445bced1866048e0e688,1,4.0,19.0
1,keda-poisson-101-489cca80,000176,103.157948,2026-08-31T18:38:58.699+00:00,2026-08-31T18:38:55.007+00:00,2026-08-31T18:38:55.011+00:00,2026-08-31T18:38:55.011+00:00,2026-08-31T18:38:55.489+00:00,2026-08-31T18:38:55.489+00:00,0.208546,0.47777720100020815,sqs-worker-5986dcd897-x8rdl,ip-192-168-20-201.ec2.internal,266ae2978744673c0265189053369e67718d5650f4d46257ed941a358a2c0fe7,1,4.0,482.0
1,keda-poisson-101-489cca80,000178,103.456671,2026-08-31T18:38:58.997+00:00,2026-08-31T18:38:55.305+00:00,2026-08-31T18:38:55.507+00:00,2026-08-31T18:38:55.507+00:00,2026-08-31T18:38:55.818+00:00,2026-08-31T18:38:55.818+00:00,0.141521,0.3113004759998148,sqs-worker-5986dcd897-x8rdl,ip-192-168-20-201.ec2.internal,18e19c8901be7591d65b921b0643ab7b9656f41d6fd592a857a83fb406e1441b,1,202.0,513.0
1,keda-poisson-101-489cca80,000177,103.323202,2026-08-31T18:38:58.864+00:00,2026-08-31T18:38:55.171+00:00,2026-08-31T18:38:55.175+00:00,2026-08-31T18:38:55.175+00:00,2026-08-31T18:38:56.090+00:00,2026-08-31T18:38:56.090+00:00,0.37649,0.9150498439994408,sqs-worker-5986dcd897-4vzkx,ip-192-168-20-201.ec2.internal,02394338d289e75b3d7a84fb1dd50750a136841f0f84e01c562815f26c5eede1,1,4.0,919.0
1,keda-poisson-101-489cca80,000179,103.564196,2026-08-31T18:38:59.105+00:00,2026-08-31T18:38:55.411+00:00,2026-08-31T18:38:55.837+00:00,2026-08-31T18:38:55.837+00:00,2026-08-31T18:38:56.816+00:00,2026-08-31T18:38:56.816+00:00,0.395406,0.9793860620002306,sqs-worker-5986dcd897-x8rdl,ip-192-168-20-201.ec2.internal,d6484aac5cebdfd06aa498a7907cc4112c9455f353161b33a2e1a8fa3b389591,1,426.0,1405.0
1,keda-poisson-101-489cca80,000181,104.935723,2026-08-31T18:39:00.477+00:00,2026-08-31T18:38:56.785+00:00,2026-08-31T18:38:56.839+00:00,2026-08-31T18:38:56.839+00:00,2026-08-31T18:38:57.516+00:00,2026-08-31T18:38:57.516+00:00,0.275716,0.6770911200001137,sqs-worker-5986dcd897-x8rdl,ip-192-168-20-201.ec2.internal,4c18ef5e3a209f0df4df7a60b108cd1cbf23fdd9c03aa6720f0be8495c0c6232,1,54.0,731.0
1,keda-poisson-101-489cca80,000182,105.618854,2026-08-31T18:39:01.160+00:00,2026-08-31T18:38:57.467+00:00,2026-08-31T18:38:57.554+00:00,2026-08-31T18:38:57.554+00:00,2026-08-31T18:38:57.590+00:00,2026-08-31T18:38:57.591+00:00,0.010096,0.03685042900087865,sqs-worker-5986dcd897-x8rdl,ip-192-168-20-201.ec2.internal,d06d367f17a1621e8f9ba29844ba1018973d7727dbd9ce6c513bc0051d00f73e,1,87.0,123.0
1,keda-poisson-101-489cca80,000180,104.382526,2026-08-31T18:38:59.924+00:00,2026-08-31T18:38:56.231+00:00,2026-08-31T18:38:57.659+00:00,2026-08-31T18:38:57.659+00:00,2026-08-31T18:38:57.907+00:00,2026-08-31T18:38:57.908+00:00,0.128942,0.24864985600015643,sqs-worker-5986dcd897-x8rdl,ip-192-168-20-201.ec2.internal,5d5f9d387d579b0ba1a4278267cd2ff81aca28e07a6c52a7d5d9802249f4da0b,1,1428.0,1676.0
1,keda-poisson-101-489cca80,000183,107.0595,2026-08-31T18:39:02.602+00:00,2026-08-31T18:38:58.908+00:00,2026-08-31T18:38:58.916+00:00,2026-08-31T18:38:58.916+00:00,2026-08-31T18:38:59.184+00:00,2026-08-31T18:38:59.184+00:00,0.121224,0.26760449199991854,sqs-worker-5986dcd897-x8rdl,ip-192-168-20-201.ec2.internal,771591650c3b4c22828f2fb67b47e894f1639e5fff109b1971c488c7ddab234e,1,8.0,276.0
1,keda-poisson-101-489cca80,000185,107.455802,2026-08-31T18:39:02.996+00:00,2026-08-31T18:38:59.303+00:00,2026-08-31T18:38:59.366+00:00,2026-08-31T18:38:59.367+00:00,2026-08-31T18:38:59.384+00:00,2026-08-31T18:38:59.384+00:00,0.017432,0.017476988000453275,sqs-worker-5986dcd897-x8rdl,ip-192-168-20-201.ec2.internal,461464affd6e12c3989bad2c435e8d4f3afe056359ef635645a3642625489386,1,63.0,81.0
1,keda-poisson-101-489cca80,000184,107.431709,2026-08-31T18:39:02.973+00:00,2026-08-31T18:38:59.285+00:00,2026-08-31T18:38:59.289+00:00,2026-08-31T18:38:59.289+00:00,2026-08-31T18:38:59.316+00:00,2026-08-31T18:38:59.316+00:00,0.026156,0.0261964800001806,sqs-worker-5986dcd897-x8rdl,ip-192-168-20-201.ec2.internal,2e6bb068aab04f6c96490943d0e31e5587895c64b75b2f1af458c8c40173ff4e,1,4.0,31.0
1,keda-poisson-101-489cca80,000186,107.586947,2026-08-31T18:39:03.128+00:00,2026-08-31T18:38:59.434+00:00,2026-08-31T18:38:59.438+00:00,2026-08-31T18:38:59.438+00:00,2026-08-31T18:38:59.683+00:00,2026-08-31T18:38:59.683+00:00,0.109208,0.24568818999978248,sqs-worker-5986dcd897-x8rdl,ip-192-168-20-201.ec2.internal,42ef33694c57cfb9368f1b56e4a7b5551b930adf1d3a4d459e3982ed92db0c8b,1,4.0,249.0
1,keda-poisson-101-489cca80,000187,108.041209,2026-08-31T18:39:03.582+00:00,2026-08-31T18:38:59.890+00:00,2026-08-31T18:38:59.894+00:00,2026-08-31T18:38:59.894+00:00,2026-08-31T18:39:01.992+00:00,2026-08-31T18:39:01.992+00:00,0.379092,2.098247447999711,sqs-worker-5986dcd897-x8rdl,ip-192-168-20-201.ec2.internal,1a59aeaa27efd92f1363bdaad52c05d9a90758a954939beb31560d52978cec0e,1,4.0,2102.0
1,keda-poisson-101-489cca80,000188,108.826417,2026-08-31T18:39:04.368+00:00,2026-08-31T18:39:00.673+00:00,2026-08-31T18:39:02.084+00:00,2026-08-31T18:39:02.084+00:00,2026-08-31T18:39:02.183+00:00,2026-08-31T18:39:02.183+00:00,0.017834,0.09916958100075135,sqs-worker-5986dcd897-x8rdl,ip-192-168-20-201.ec2.internal,8e4c81372e0d0da94e1798cc77cd01693841b27a294e39f41943488cbd082e9b,1,1411.0,1510.0
1,keda-poisson-101-489cca80,000189,110.393629,2026-08-31T18:39:05.936+00:00,2026-08-31T18:39:02.243+00:00,2026-08-31T18:39:02.247+00:00,2026-08-31T18:39:02.247+00:00,2026-08-31T18:39:02.587+00:00,2026-08-31T18:39:02.587+00:00,0.155904,0.33950418200038257,sqs-worker-5986dcd897-x8rdl,ip-192-168-20-201.ec2.internal,ce2fe77c5669e37ef47977a366c6183c1e6fe1a57928a6699dcc918b348fea6f,1,4.0,344.0
1,keda-poisson-101-489cca80,000190,110.841003,2026-08-31T18:39:06.382+00:00,2026-08-31T18:39:02.688+00:00,2026-08-31T18:39:02.693+00:00,2026-08-31T18:39:02.693+00:00,2026-08-31T18:39:03.090+00:00,2026-08-31T18:39:03.090+00:00,0.166186,0.3968207439993421,sqs-worker-5986dcd897-x8rdl,ip-192-168-20-201.ec2.internal,739e0d3475fcb4b3f5c6663395c3a9975135c5ce2372f75a187d5ccbaa0f15e9,1,5.0,402.0
1,keda-poisson-101-489cca80,000191,111.001752,2026-08-31T18:39:06.543+00:00,2026-08-31T18:39:02.849+00:00,2026-08-31T18:39:03.123+00:00,2026-08-31T18:39:03.123+00:00,2026-08-31T18:39:03.220+00:00,2026-08-31T18:39:03.220+00:00,0.06598,0.09727223299978505,sqs-worker-5986dcd897-x8rdl,ip-192-168-20-201.ec2.internal,77cbfe75d7abc77c779bfe6d58ca0238de45a3fedf6b3c2dfa98f09504075503,1,274.0,371.0
1,keda-poisson-101-489cca80,000192,111.563082,2026-08-31T18:39:07.104+00:00,2026-08-31T18:39:03.409+00:00,2026-08-31T18:39:03.427+00:00,2026-08-31T18:39:03.427+00:00,2026-08-31T18:39:03.462+00:00,2026-08-31T18:39:03.462+00:00,0.035097,0.03514096300023084,sqs-worker-5986dcd897-x8rdl,ip-192-168-20-201.ec2.internal,6c23cc9670fe22acb88cfcf11d6138220332521aa72926795d085ae61cae58ea,1,18.0,53.0
1,keda-poisson-101-489cca80,000193,113.268913,2026-08-31T18:39:08.811+00:00,2026-08-31T18:39:05.118+00:00,2026-08-31T18:39:05.126+00:00,2026-08-31T18:39:05.126+00:00,2026-08-31T18:39:05.187+00:00,2026-08-31T18:39:05.187+00:00,0.043957,0.0607129169993641,sqs-worker-5986dcd897-x8rdl,ip-192-168-20-201.ec2.internal,529117b6afc20b734bdc88dc1c28025413d03d18bc98f93f35af45e71ae22e0b,1,8.0,69.0
1,keda-poisson-101-489cca80,000194,113.521998,2026-08-31T18:39:09.063+00:00,2026-08-31T18:39:05.371+00:00,2026-08-31T18:39:05.375+00:00,2026-08-31T18:39:05.375+00:00,2026-08-31T18:39:06.495+00:00,2026-08-31T18:39:06.495+00:00,0.461357,1.1198904519997086,sqs-worker-5986dcd897-x8rdl,ip-192-168-20-201.ec2.internal,76a0912aba21a66cef2342e590bb739c910837b85b1c0a8f38e7af0fa8fe093d,1,4.0,1124.0
1,keda-poisson-101-489cca80,000195,115.193549,2026-08-31T18:39:10.736+00:00,2026-08-31T18:39:07.043+00:00,2026-08-31T18:39:07.047+00:00,2026-08-31T18:39:07.047+00:00,2026-08-31T18:39:07.486+00:00,2026-08-31T18:39:07.486+00:00,0.20166,0.4381816200002504,sqs-worker-5986dcd897-x8rdl,ip-192-168-20-201.ec2.internal,0cafd4a7ac00d089641346b31704ddc0ebd35293f354a8372da06b21d0e8c360,1,4.0,443.0
1,keda-poisson-101-489cca80,000196,116.656943,2026-08-31T18:39:12.198+00:00,2026-08-31T18:39:08.503+00:00,2026-08-31T18:39:08.508+00:00,2026-08-31T18:39:08.508+00:00,2026-08-31T18:39:08.601+00:00,2026-08-31T18:39:08.601+00:00,0.058215,0.09271457300019392,sqs-worker-5986dcd897-x8rdl,ip-192-168-20-201.ec2.internal,f9a331e94b1b7b16162e0d96b65096cca28a2066cd24d7820c59a27ad99ac423,1,5.0,98.0
1,keda-poisson-101-489cca80,000197,117.194517,2026-08-31T18:39:12.736+00:00,2026-08-31T18:39:09.041+00:00,2026-08-31T18:39:09.047+00:00,2026-08-31T18:39:09.047+00:00,2026-08-31T18:39:09.199+00:00,2026-08-31T18:39:09.200+00:00,0.09579,0.15271311500055162,sqs-worker-5986dcd897-x8rdl,ip-192-168-20-201.ec2.internal,25df7d289bb50bff398eba102ed70414788761f6408ac368b775a3e045e9b609,1,6.0,158.0
1,keda-poisson-101-489cca80,000199,117.690693,2026-08-31T18:39:13.231+00:00,2026-08-31T18:39:09.538+00:00,2026-08-31T18:39:09.541+00:00,2026-08-31T18:39:09.541+00:00,2026-08-31T18:39:11.579+00:00,2026-08-31T18:39:11.579+00:00,0.446124,2.0380009910004446,sqs-worker-5986dcd897-x8rdl,ip-192-168-20-201.ec2.internal,95605393fe64702ff3d38b57ffa1bafbccdad894ecdd65d382ab70da16887aa4,1,3.0,2041.0
1,keda-poisson-101-489cca80,000202,118.380711,2026-08-31T18:39:13.922+00:00,2026-08-31T18:39:10.238+00:00,2026-08-31T18:39:11.608+00:00,2026-08-31T18:39:11.608+00:00,2026-08-31T18:39:11.897+00:00,2026-08-31T18:39:11.897+00:00,0.04883,0.2883161129993823,sqs-worker-5986dcd897-x8rdl,ip-192-168-20-201.ec2.internal,7626fa21b94989caa7a04c63f9d7bbe22ec5849608a41d575b6f0bdc597db4f7,1,1370.0,1659.0
1,keda-poisson-101-489cca80,000203,119.160226,2026-08-31T18:39:14.702+00:00,2026-08-31T18:39:11.005+00:00,2026-08-31T18:39:12.000+00:00,2026-08-31T18:39:12.000+00:00,2026-08-31T18:39:12.085+00:00,2026-08-31T18:39:12.085+00:00,0.014173,0.08505197600061365,sqs-worker-5986dcd897-x8rdl,ip-192-168-20-201.ec2.internal,2a0165f75afc86ea5d1a1ad5ae6627da01c3bda0bc1f622af3f8911da3af726e,1,995.0,1080.0
1,keda-poisson-101-489cca80,000200,117.763868,2026-08-31T18:39:13.305+00:00,2026-08-31T18:39:09.616+00:00,2026-08-31T18:39:12.104+00:00,2026-08-31T18:39:12.104+00:00,2026-08-31T18:39:13.185+00:00,2026-08-31T18:39:13.185+00:00,0.366891,1.080767549000484,sqs-worker-5986dcd897-x8rdl,ip-192-168-20-201.ec2.internal,a89f12bf3983aec837ce05396639cc9ccd1717d5cceb40d98a11d3387e0b25cb,1,2488.0,3569.0
1,keda-poisson-101-489cca80,000201,117.789986,2026-08-31T18:39:13.331+00:00,2026-08-31T18:39:10.135+00:00,2026-08-31T18:39:13.204+00:00,2026-08-31T18:39:13.205+00:00,2026-08-31T18:39:13.911+00:00,2026-08-31T18:39:13.911+00:00,0.295636,0.7064494440000999,sqs-worker-5986dcd897-x8rdl,ip-192-168-20-201.ec2.internal,17f9b85e554a9ba06b851ce8df675db85a212bd24447bbbc980b267830a8a3f0,1,3069.0,3776.0
1,keda-poisson-101-489cca80,000198,117.604444,2026-08-31T18:39:13.145+00:00,2026-08-31T18:39:09.947+00:00,2026-08-31T18:39:13.949+00:00,2026-08-31T18:39:13.949+00:00,2026-08-31T18:39:14.012+00:00,2026-08-31T18:39:14.012+00:00,0.042653,0.06307829000070342,sqs-worker-5986dcd897-x8rdl,ip-192-168-20-201.ec2.internal,858bcab7ee3a4b33593feb7a13ccd4bc0aabc1f136b7d7d3df140d589278bbc6,1,4002.0,4065.0000000000005
1,keda-poisson-101-489cca80,000204,122.295761,2026-08-31T18:39:17.840+00:00,2026-08-31T18:39:14.143+00:00,2026-08-31T18:39:14.147+00:00,2026-08-31T18:39:14.147+00:00,2026-08-31T18:39:14.705+00:00,2026-08-31T18:39:14.705+00:00,0.261604,0.558803540999179,sqs-worker-5986dcd897-x8rdl,ip-192-168-20-201.ec2.internal,f604c083d8f2c773a55debf4e4a3312258173d4b6d7d2e2be848d93ee46e44d8,1,4.0,562.0
1,keda-poisson-101-489cca80,000205,122.872339,2026-08-31T18:39:18.414+00:00,2026-08-31T18:39:14.717+00:00,2026-08-31T18:39:14.778+00:00,2026-08-31T18:39:14.778+00:00,2026-08-31T18:39:15.598+00:00,2026-08-31T18:39:15.598+00:00,0.335034,0.8197884159999376,sqs-worker-5986dcd897-x8rdl,ip-192-168-20-201.ec2.internal,3cacf50bb58a8727b6dacb5883b4154a9c28c9bac8dff6289f91e3f9c2a6c987,1,61.0,881.0
1,keda-poisson-101-489cca80,000206,126.047561,2026-08-31T18:39:21.591+00:00,2026-08-31T18:39:17.895+00:00,2026-08-31T18:39:17.899+00:00,2026-08-31T18:39:17.899+00:00,2026-08-31T18:39:18.484+00:00,2026-08-31T18:39:18.484+00:00,0.241584,0.5855403779996777,sqs-worker-5986dcd897-x8rdl,ip-192-168-20-201.ec2.internal,c5069268c3a4a8de492b1dcbef4aedd8630d0bb05ac044a5d90df1027007e903,1,4.0,589.0
1,keda-poisson-101-489cca80,000207,126.369871,2026-08-31T18:39:21.911+00:00,2026-08-31T18:39:18.222+00:00,2026-08-31T18:39:18.501+00:00,2026-08-31T18:39:18.501+00:00,2026-08-31T18:39:18.531+00:00,2026-08-31T18:39:18.531+00:00,0.030327,0.030374141000720556,sqs-worker-5986dcd897-x8rdl,ip-192-168-20-201.ec2.internal,d0b7222940b7bb7c24c5ba83a0bf45fd8c072a177bdbf05785ba0b1a11a20c8f,1,279.0,309.0
1,keda-poisson-101-489cca80,000208,126.459726,2026-08-31T18:39:22.000+00:00,2026-08-31T18:39:18.305+00:00,2026-08-31T18:39:18.561+00:00,2026-08-31T18:39:18.561+00:00,2026-08-31T18:39:18.685+00:00,2026-08-31T18:39:18.685+00:00,0.042503,0.12471387299956405,sqs-worker-5986dcd897-x8rdl,ip-192-168-20-201.ec2.internal,a2fea247548e913f224fd396dca0af5dd50ea2f6e8c3e5a8a050672001f0f1dc,1,256.0,380.0
1,keda-poisson-101-489cca80,000209,126.498122,2026-08-31T18:39:22.039+00:00,2026-08-31T18:39:18.350+00:00,2026-08-31T18:39:18.722+00:00,2026-08-31T18:39:18.722+00:00,2026-08-31T18:39:19.597+00:00,2026-08-31T18:39:19.597+00:00,0.361155,0.8751851099996202,sqs-worker-5986dcd897-x8rdl,ip-192-168-20-201.ec2.internal,066c6f541af9eccf8a2518b881e2b8d90eeb9cd712ce32e8c334d94ea879b4ac,1,372.0,1247.0
1,keda-poisson-101-489cca80,000211,127.183524,2026-08-31T18:39:22.725+00:00,2026-08-31T18:39:19.551+00:00,2026-08-31T18:39:19.610+00:00,2026-08-31T18:39:19.610+00:00,2026-08-31T18:39:20.074+00:00,2026-08-31T18:39:20.075+00:00,0.102381,0.464081107000311,sqs-worker-5986dcd897-x8rdl,ip-192-168-20-201.ec2.internal,7105748dff9ca4285e40a970d13b29c00d5485d09f20a64a2492727fb0abd4d9,1,59.0,523.0
1,keda-poisson-101-489cca80,000210,126.710627,2026-08-31T18:39:22.251+00:00,2026-08-31T18:39:18.556+00:00,2026-08-31T18:39:20.132+00:00,2026-08-31T18:39:20.132+00:00,2026-08-31T18:39:20.190+00:00,2026-08-31T18:39:20.190+00:00,0.007578,0.058235061000232236,sqs-worker-5986dcd897-x8rdl,ip-192-168-20-201.ec2.internal,07b5e95353dd089e9e60db76071c9374436192c910adc911839e9fb5e31832b3,1,1576.0,1634.0
1,keda-poisson-101-489cca80,000212,129.860757,2026-08-31T18:39:25.401+00:00,2026-08-31T18:39:21.717+00:00,2026-08-31T18:39:21.720+00:00,2026-08-31T18:39:21.720+00:00,2026-08-31T18:39:21.918+00:00,2026-08-31T18:39:21.918+00:00,0.114741,0.1979278749995501,sqs-worker-5986dcd897-x8rdl,ip-192-168-20-201.ec2.internal,3969338ab451cbe795315a519862388ef05aa3f0f0485805b3d1295c93da399f,1,3.0,201.0
1,keda-poisson-101-489cca80,000213,130.081207,2026-08-31T18:39:25.621+00:00,2026-08-31T18:39:21.924+00:00,2026-08-31T18:39:21.952+00:00,2026-08-31T18:39:21.953+00:00,2026-08-31T18:39:22.406+00:00,2026-08-31T18:39:22.406+00:00,0.183321,0.45344148599997425,sqs-worker-5986dcd897-x8rdl,ip-192-168-20-201.ec2.internal,35af1268d706a649ba2ca1edee4929e18bcc539c8317a2ef99694720099592fa,1,28.0,482.0
1,keda-poisson-101-489cca80,000214,130.24879,2026-08-31T18:39:25.789+00:00,2026-08-31T18:39:22.095+00:00,2026-08-31T18:39:22.449+00:00,2026-08-31T18:39:22.449+00:00,2026-08-31T18:39:23.018+00:00,2026-08-31T18:39:23.018+00:00,0.247982,0.5689019499995993,sqs-worker-5986dcd897-x8rdl,ip-192-168-20-201.ec2.internal,31237a8e1dcc13566eb6816d2dd69fd57b265c1ba682d79ba4adb61aef0343cd,1,354.0,923.0
1,keda-poisson-101-489cca80,000215,131.051662,2026-08-31T18:39:26.592+00:00,2026-08-31T18:39:22.895+00:00,2026-08-31T18:39:23.056+00:00,2026-08-31T18:39:23.056+00:00,2026-08-31T18:39:23.422+00:00,2026-08-31T18:39:23.422+00:00,0.159823,0.36575110600006155,sqs-worker-5986dcd897-x8rdl,ip-192-168-20-201.ec2.internal,e8ec36ac7fe750739823456e492c6edca78c5349f3890e176b3089cc2a9e3596,1,161.0,527.0
1,keda-poisson-101-489cca80,000216,131.35898,2026-08-31T18:39:26.899+00:00,2026-08-31T18:39:23.204+00:00,2026-08-31T18:39:23.497+00:00,2026-08-31T18:39:23.497+00:00,2026-08-31T18:39:23.804+00:00,2026-08-31T18:39:23.804+00:00,0.137582,0.3073195599999963,sqs-worker-5986dcd897-x8rdl,ip-192-168-20-201.ec2.internal,4b36c073be8ab36b68d54f2e040fbb5108862c0a33ab9a2c0cf95486271b26e4,1,293.0,600.0
1,keda-poisson-101-489cca80,000217,131.869806,2026-08-31T18:39:27.410+00:00,2026-08-31T18:39:23.719+00:00,2026-08-31T18:39:23.825+00:00,2026-08-31T18:39:23.825+00:00,2026-08-31T18:39:24.285+00:00,2026-08-31T18:39:24.285+00:00,0.176937,0.4602619799998138,sqs-worker-5986dcd897-x8rdl,ip-192-168-20-201.ec2.internal,4778c89c96df0cca12665600628573aa9ce09218d3be9dc2b7bcbb0df0c09f0f,1,106.0,566.0
1,keda-poisson-101-489cca80,000218,131.972425,2026-08-31T18:39:27.512+00:00,2026-08-31T18:39:23.818+00:00,2026-08-31T18:39:24.300+00:00,2026-08-31T18:39:24.300+00:00,2026-08-31T18:39:26.101+00:00,2026-08-31T18:39:26.101+00:00,0.731314,1.800946804999512,sqs-worker-5986dcd897-x8rdl,ip-192-168-20-201.ec2.internal,56d72dc9c67b474b72ebb96d99d707e7d549a270a63bdfe80cf4df824361f1d1,1,482.0,2283.0
1,keda-poisson-101-489cca80,000219,133.171869,2026-08-31T18:39:28.713+00:00,2026-08-31T18:39:25.018+00:00,2026-08-31T18:39:26.150+00:00,2026-08-31T18:39:26.150+00:00,2026-08-31T18:39:26.606+00:00,2026-08-31T18:39:26.606+00:00,0.200789,0.4562188919999244,sqs-worker-5986dcd897-x8rdl,ip-192-168-20-201.ec2.internal,27dcd1ea201ef2de84dd27762947bb45ffb6772bfc2a54f7b1fa193f3086d6e8,1,1132.0,1588.0
1,keda-poisson-101-489cca80,000220,134.745504,2026-08-31T18:39:30.287+00:00,2026-08-31T18:39:26.592+00:00,2026-08-31T18:39:26.625+00:00,2026-08-31T18:39:26.625+00:00,2026-08-31T18:39:26.922+00:00,2026-08-31T18:39:26.922+00:00,0.132316,0.2973786400007157,sqs-worker-5986dcd897-x8rdl,ip-192-168-20-201.ec2.internal,8ccb81e7f4c6cceae001f0f3707157aef4156a28bc4e42f3a570f50b470d5047,1,33.0,330.0
1,keda-poisson-101-489cca80,000221,135.624852,2026-08-31T18:39:31.165+00:00,2026-08-31T18:39:27.471+00:00,2026-08-31T18:39:27.500+00:00,2026-08-31T18:39:27.500+00:00,2026-08-31T18:39:27.528+00:00,2026-08-31T18:39:27.528+00:00,0.02871,0.028753367999343027,sqs-worker-5986dcd897-x8rdl,ip-192-168-20-201.ec2.internal,12413ad0ca551dfea213bac1a0c6413cc762314fa78e6c0c66055f89e078f136,1,29.0,57.0
1,keda-poisson-101-489cca80,000222,137.339955,2026-08-31T18:39:32.881+00:00,2026-08-31T18:39:29.187+00:00,2026-08-31T18:39:29.192+00:00,2026-08-31T18:39:29.192+00:00,2026-08-31T18:39:29.404+00:00,2026-08-31T18:39:29.404+00:00,0.10078,0.21198061300037807,sqs-worker-5986dcd897-x8rdl,ip-192-168-20-201.ec2.internal,2c5a3a05e4cc049a64a71adf4ae318d9fe67af1e3385fb50e3dc05ee713184f9,1,5.0,217.0
1,keda-poisson-101-489cca80,000223,137.592624,2026-08-31T18:39:33.132+00:00,2026-08-31T18:39:29.437+00:00,2026-08-31T18:39:29.441+00:00,2026-08-31T18:39:29.441+00:00,2026-08-31T18:39:29.990+00:00,2026-08-31T18:39:29.990+00:00,0.15478,0.5491583789998913,sqs-worker-5986dcd897-x8rdl,ip-192-168-20-201.ec2.internal,bdb522ad82e01bb4010f3b58936c6352c386503816e355f36025dfc3d2f50413,1,4.0,553.0
1,keda-poisson-101-489cca80,000224,137.613223,2026-08-31T18:39:33.153+00:00,2026-08-31T18:39:29.455+00:00,2026-08-31T18:39:30.005+00:00,2026-08-31T18:39:30.005+00:00,2026-08-31T18:39:32.690+00:00,2026-08-31T18:39:32.690+00:00,0.50836,2.685488321999401,sqs-worker-5986dcd897-x8rdl,ip-192-168-20-201.ec2.internal,bf331fc79900128ad22b24d7c8784f41553aa31850cd5c853c35e3ac12904382,1,550.0,3235.0
1,keda-poisson-101-489cca80,000225,137.840541,2026-08-31T18:39:33.380+00:00,2026-08-31T18:39:29.687+00:00,2026-08-31T18:39:32.731+00:00,2026-08-31T18:39:32.731+00:00,2026-08-31T18:39:32.743+00:00,2026-08-31T18:39:32.743+00:00,0.011474,0.011509410999678948,sqs-worker-5986dcd897-x8rdl,ip-192-168-20-201.ec2.internal,0104889368578ecbf5c94887cb80db569dfc0639bc25b0b1b75221d8d6c84b9a,1,3044.0,3056.0
1,keda-poisson-101-489cca80,000230,140.016653,2026-08-31T18:39:35.556+00:00,2026-08-31T18:39:31.862+00:00,2026-08-31T18:39:32.783+00:00,2026-08-31T18:39:32.784+00:00,2026-08-31T18:39:33.388+00:00,2026-08-31T18:39:33.388+00:00,0.244409,0.6049905350000699,sqs-worker-5986dcd897-x8rdl,ip-192-168-20-201.ec2.internal,95d45ea3fdb21a48431fce7782bc73c07abedade1d0c5bdd1936c10cf1205471,1,921.0,1526.0
1,keda-poisson-101-489cca80,000229,139.904517,2026-08-31T18:39:35.444+00:00,2026-08-31T18:39:31.746+00:00,2026-08-31T18:39:33.423+00:00,2026-08-31T18:39:33.423+00:00,2026-08-31T18:39:34.119+00:00,2026-08-31T18:39:34.119+00:00,0.306531,0.6966641389999495,sqs-worker-5986dcd897-x8rdl,ip-192-168-20-201.ec2.internal,546cbd734aa6b804fb6da332c7f744a8d3c7425e796bed050741e80ad71a8852,1,1677.0,2373.0
1,keda-poisson-101-489cca80,000227,139.662308,2026-08-31T18:39:35.202+00:00,2026-08-31T18:39:31.505+00:00,2026-08-31T18:39:34.183+00:00,2026-08-31T18:39:34.183+00:00,2026-08-31T18:39:34.810+00:00,2026-08-31T18:39:34.810+00:00,0.267244,0.6267926580003405,sqs-worker-5986dcd897-x8rdl,ip-192-168-20-201.ec2.internal,f3993f758991b716567cf279105be934eec57652cd3398fcedef191c3b999bda,1,2678.0,3305.0
1,keda-poisson-101-489cca80,000228,139.802076,2026-08-31T18:39:35.342+00:00,2026-08-31T18:39:31.647+00:00,2026-08-31T18:39:34.893+00:00,2026-08-31T18:39:34.893+00:00,2026-08-31T18:39:35.004+00:00,2026-08-31T18:39:35.004+00:00,0.061311,0.11063272100000177,sqs-worker-5986dcd897-x8rdl,ip-192-168-20-201.ec2.internal,1ea299443b6fd6b6cdd168e601417caaa4cd281388e4cd22b5e019e311cfcd16,1,3246.0,3357.0
1,keda-poisson-101-489cca80,000226,139.266176,2026-08-31T18:39:34.807+00:00,2026-08-31T18:39:31.108+00:00,2026-08-31T18:39:34.847+00:00,2026-08-31T18:39:34.847+00:00,2026-08-31T18:39:34.852+00:00,2026-08-31T18:39:34.852+00:00,0.005,0.005030125000303087,sqs-worker-5986dcd897-x8rdl,ip-192-168-20-201.ec2.internal,d00b118cae8bbb2269ad2dcb5e59c73dfdeef3508b929b9993ea65f13ab735a1,1,3739.0,3744.0
1,keda-poisson-101-489cca80,000231,140.377959,2026-08-31T18:39:35.918+00:00,2026-08-31T18:39:32.223+00:00,2026-08-31T18:39:35.035+00:00,2026-08-31T18:39:35.035+00:00,2026-08-31T18:39:35.309+00:00,2026-08-31T18:39:35.309+00:00,0.120876,0.2741246460000184,sqs-worker-5986dcd897-x8rdl,ip-192-168-20-201.ec2.internal,010a934cefbe15954bc4e3f0c11f60b908c83ba9d56e74b960e59bdf3f84d8b8,1,2812.0,3086.0
1,keda-poisson-101-489cca80,000233,143.348786,2026-08-31T18:39:38.890+00:00,2026-08-31T18:39:35.196+00:00,2026-08-31T18:39:35.335+00:00,2026-08-31T18:39:35.335+00:00,2026-08-31T18:39:35.887+00:00,2026-08-31T18:39:35.887+00:00,0.213481,0.5526430090003487,sqs-worker-5986dcd897-x8rdl,ip-192-168-20-201.ec2.internal,fc7e54bbc994a1e2f94274d44e29f026e42e4ea78c01df26b00184b61a8f276c,1,139.0,691.0
1,keda-poisson-101-489cca80,000232,142.00299,2026-08-31T18:39:37.544+00:00,2026-08-31T18:39:33.854+00:00,2026-08-31T18:39:35.906+00:00,2026-08-31T18:39:35.906+00:00,2026-08-31T18:39:36.197+00:00,2026-08-31T18:39:36.197+00:00,0.125553,0.2907403230001364,sqs-worker-5986dcd897-x8rdl,ip-192-168-20-201.ec2.internal,f672c57801c141ac694af1051e3354d59f7a90ca95efcca1c805270c567106ba,1,2052.0,2343.0
1,keda-poisson-101-489cca80,000234,144.234898,2026-08-31T18:39:39.775+00:00,2026-08-31T18:39:36.079+00:00,2026-08-31T18:39:36.237+00:00,2026-08-31T18:39:36.237+00:00,2026-08-31T18:39:36.511+00:00,2026-08-31T18:39:36.511+00:00,0.129413,0.27404016200034675,sqs-worker-5986dcd897-x8rdl,ip-192-168-20-201.ec2.internal,0f8ab69c04918c77556c27a5ca3c20b749ef0eecbd03e08941758383a254b442,1,158.0,432.0
1,keda-poisson-101-489cca80,000236,145.249183,2026-08-31T18:39:40.789+00:00,2026-08-31T18:39:37.090+00:00,2026-08-31T18:39:37.095+00:00,2026-08-31T18:39:37.095+00:00,2026-08-31T18:39:38.191+00:00,2026-08-31T18:39:38.191+00:00,0.446596,1.0961045720005131,sqs-worker-5986dcd897-x8rdl,ip-192-168-20-201.ec2.internal,c66059318f1a5a607d966a7c30124f7b1f64f42d32a10aeb42ca601218001691,1,5.0,1101.0
1,keda-poisson-101-489cca80,000238,146.347022,2026-08-31T18:39:41.887+00:00,2026-08-31T18:39:38.193+00:00,2026-08-31T18:39:38.210+00:00,2026-08-31T18:39:38.210+00:00,2026-08-31T18:39:39.293+00:00,2026-08-31T18:39:39.293+00:00,0.437948,1.082423535000089,sqs-worker-5986dcd897-x8rdl,ip-192-168-20-201.ec2.internal,e41f277a8048f60976b759f91ff5ab7dd3fe3f141c4ce7b75fa285cce4355766,1,17.0,1100.0
1,keda-poisson-101-489cca80,000235,145.116818,2026-08-31T18:39:40.657+00:00,2026-08-31T18:39:37.479+00:00,2026-08-31T18:39:39.310+00:00,2026-08-31T18:39:39.310+00:00,2026-08-31T18:39:40.197+00:00,2026-08-31T18:39:40.197+00:00,0.264557,0.8871422610000081,sqs-worker-5986dcd897-x8rdl,ip-192-168-20-201.ec2.internal,e43cf6fd602ec849cf7d5148275348b4e4466e5a8974c21006467a2d97174b01,1,1831.0,2718.0
1,keda-poisson-101-489cca80,000241,148.227767,2026-08-31T18:39:43.769+00:00,2026-08-31T18:39:40.073+00:00,2026-08-31T18:39:40.288+00:00,2026-08-31T18:39:40.288+00:00,2026-08-31T18:39:40.793+00:00,2026-08-31T18:39:40.793+00:00,0.097821,0.5047300780006481,sqs-worker-5986dcd897-x8rdl,ip-192-168-20-201.ec2.internal,add736e92a70e5eef6f1c1742ad4261e77e582666508c30ec7f658f29314a73e,1,215.0,720.0
1,keda-poisson-101-489cca80,000240,146.834485,2026-08-31T18:39:42.374+00:00,2026-08-31T18:39:38.679+00:00,2026-08-31T18:39:40.884+00:00,2026-08-31T18:39:40.884+00:00,2026-08-31T18:39:42.099+00:00,2026-08-31T18:39:42.099+00:00,0.25083,1.215617021000071,sqs-worker-5986dcd897-x8rdl,ip-192-168-20-201.ec2.internal,b636d6701866ff13c07e7de2c47af34a59a281d8e085a8cb20f5a66923464532,1,2205.0,3420.0
1,keda-poisson-101-489cca80,000239,146.813199,2026-08-31T18:39:42.353+00:00,2026-08-31T18:39:38.655+00:00,2026-08-31T18:39:42.189+00:00,2026-08-31T18:39:42.189+00:00,2026-08-31T18:39:42.683+00:00,2026-08-31T18:39:42.683+00:00,0.08838,0.49432437399991613,sqs-worker-5986dcd897-x8rdl,ip-192-168-20-201.ec2.internal,d5a735cda9901b77c78f50c06ff484123402a697e3b224f2f1238869039979fd,1,3534.0,4027.9999999999995
1,keda-poisson-101-489cca80,000244,149.553372,2026-08-31T18:39:45.094+00:00,2026-08-31T18:39:41.394+00:00,2026-08-31T18:39:42.700+00:00,2026-08-31T18:39:42.700+00:00,2026-08-31T18:39:42.811+00:00,2026-08-31T18:39:42.811+00:00,0.037994,0.11022365799999534,sqs-worker-5986dcd897-x8rdl,ip-192-168-20-201.ec2.internal,69a684f476104b2a3062b447c50794f9e1da8e2e8ad960af51ba93ef9c7b9a35,1,1306.0,1417.0
1,keda-poisson-101-489cca80,000246,150.915504,2026-08-31T18:39:46.456+00:00,2026-08-31T18:39:42.757+00:00,2026-08-31T18:39:42.826+00:00,2026-08-31T18:39:42.826+00:00,2026-08-31T18:39:43.899+00:00,2026-08-31T18:39:43.899+00:00,0.424369,1.07314104300076,sqs-worker-5986dcd897-x8rdl,ip-192-168-20-201.ec2.internal,6c94db0b231b00133c48c112cca1f865217a2b707dc0bb0f0d4758f98428759a,1,69.0,1142.0
1,keda-poisson-101-489cca80,000245,150.198829,2026-08-31T18:39:45.739+00:00,2026-08-31T18:39:42.041+00:00,2026-08-31T18:39:43.917+00:00,2026-08-31T18:39:43.917+00:00,2026-08-31T18:39:44.411+00:00,2026-08-31T18:39:44.411+00:00,0.207883,0.4943865619998178,sqs-worker-5986dcd897-x8rdl,ip-192-168-20-201.ec2.internal,a8a82325c209e74f3d176391b38080ab3e72c7e726c0845782a2ea275efc7d4e,1,1876.0,2370.0
1,keda-poisson-101-489cca80,000248,152.18576,2026-08-31T18:39:47.726+00:00,2026-08-31T18:39:44.029+00:00,2026-08-31T18:39:44.523+00:00,2026-08-31T18:39:44.523+00:00,2026-08-31T18:39:44.536+00:00,2026-08-31T18:39:44.536+00:00,0.013372,0.013408986999820627,sqs-worker-5986dcd897-x8rdl,ip-192-168-20-201.ec2.internal,030849438139f25b3ffec2c12de333271c59c90b761bc22229f1bd84ecb5e291,1,494.0,507.0
1,keda-poisson-101-489cca80,000247,151.203596,2026-08-31T18:39:46.743+00:00,2026-08-31T18:39:43.046+00:00,2026-08-31T18:39:44.439+00:00,2026-08-31T18:39:44.439+00:00,2026-08-31T18:39:44.501+00:00,2026-08-31T18:39:44.501+00:00,0.025487,0.062347884000701015,sqs-worker-5986dcd897-x8rdl,ip-192-168-20-201.ec2.internal,991abef3cee2c38bbac054d500115a0c0d74ca36ea9c7fbdf2a6435a148e2cc5,1,1393.0,1455.0
1,keda-poisson-101-489cca80,000237,146.188506,2026-08-31T18:39:41.729+00:00,2026-08-31T18:39:38.046+00:00,2026-08-31T18:39:44.567+00:00,2026-08-31T18:39:44.567+00:00,2026-08-31T18:39:46.218+00:00,2026-08-31T18:39:46.218+00:00,0.676709,1.6514415569999983,sqs-worker-5986dcd897-x8rdl,ip-192-168-20-201.ec2.internal,f8ef0b121f9b8201a3f6a8fa2695071771b49cd3f1782cbf146ea72349b0a802,1,6521.0,8172.000000000001
1,keda-poisson-101-489cca80,000242,148.313711,2026-08-31T18:39:43.853+00:00,2026-08-31T18:39:40.155+00:00,2026-08-31T18:39:46.258+00:00,2026-08-31T18:39:46.258+00:00,2026-08-31T18:39:46.595+00:00,2026-08-31T18:39:46.595+00:00,0.132508,0.3370150190003187,sqs-worker-5986dcd897-x8rdl,ip-192-168-20-201.ec2.internal,5b95733ca563aaa99556a0d3e65efc1ac1e5c4d931bcbd416b8abe95f9bc400f,1,6103.0,6440.0
1,keda-poisson-101-489cca80,000243,148.875027,2026-08-31T18:39:44.415+00:00,2026-08-31T18:39:40.717+00:00,2026-08-31T18:39:46.622+00:00,2026-08-31T18:39:46.622+00:00,2026-08-31T18:39:46.789+00:00,2026-08-31T18:39:46.789+00:00,0.070175,0.1676903070001572,sqs-worker-5986dcd897-x8rdl,ip-192-168-20-201.ec2.internal,1603b2e245265556de0bd98bf3065a8a155e6a0f6baf3bf5969c06f3b05d7e25,1,5905.0,6072.0
1,keda-poisson-101-489cca80,000249,153.92832,2026-08-31T18:39:49.470+00:00,2026-08-31T18:39:45.771+00:00,2026-08-31T18:39:46.831+00:00,2026-08-31T18:39:46.831+00:00,2026-08-31T18:39:47.608+00:00,2026-08-31T18:39:47.608+00:00,0.334959,0.7765490850006245,sqs-worker-5986dcd897-x8rdl,ip-192-168-20-201.ec2.internal,ed56554101aee5c25ff2ac90e55383bcfa20d23d6a5457b8057a2c7b3cbd5d7c,1,1060.0,1837.0
1,keda-poisson-101-489cca80,000250,154.528293,2026-08-31T18:39:50.069+00:00,2026-08-31T18:39:46.406+00:00,2026-08-31T18:39:47.624+00:00,2026-08-31T18:39:47.624+00:00,2026-08-31T18:39:48.196+00:00,2026-08-31T18:39:48.196+00:00,0.223927,0.572207542999422,sqs-worker-5986dcd897-x8rdl,ip-192-168-20-201.ec2.internal,2104da12795238aa9382c1baaa501d70109073503ca2e536373fdab34c231050,1,1218.0,1790.0
1,keda-poisson-101-489cca80,000251,156.962803,2026-08-31T18:39:52.505+00:00,2026-08-31T18:39:48.807+00:00,2026-08-31T18:39:48.812+00:00,2026-08-31T18:39:48.812+00:00,2026-08-31T18:39:49.008+00:00,2026-08-31T18:39:49.008+00:00,0.105131,0.19612720999975863,sqs-worker-5986dcd897-x8rdl,ip-192-168-20-201.ec2.internal,b7b4dfc04ae42661c287e2570f1531d87296d3698aa8387273085dd0bae10d2b,1,5.0,201.0
1,keda-poisson-101-489cca80,000252,158.147847,2026-08-31T18:39:53.689+00:00,2026-08-31T18:39:49.989+00:00,2026-08-31T18:39:49.995+00:00,2026-08-31T18:39:49.995+00:00,2026-08-31T18:39:52.216+00:00,2026-08-31T18:39:52.216+00:00,0.470637,2.220875938000063,sqs-worker-5986dcd897-x8rdl,ip-192-168-20-201.ec2.internal,5730e8b9a01a28e3055140cc1e158922b22c48ea62c93dee289d6e25e2fbadeb,1,6.0,2227.0
1,keda-poisson-101-489cca80,000257,159.906213,2026-08-31T18:39:55.444+00:00,2026-08-31T18:39:51.750+00:00,2026-08-31T18:39:52.238+00:00,2026-08-31T18:39:52.238+00:00,2026-08-31T18:39:52.897+00:00,2026-08-31T18:39:52.897+00:00,0.257237,0.6592644880001899,sqs-worker-5986dcd897-x8rdl,ip-192-168-20-201.ec2.internal,7158792c47294308f186f831b00507339249e882a0b3ee5d9c46cb524cbe025e,1,488.0,1147.0
1,keda-poisson-101-489cca80,000253,158.183556,2026-08-31T18:39:53.723+00:00,2026-08-31T18:39:50.029+00:00,2026-08-31T18:39:52.921+00:00,2026-08-31T18:39:52.921+00:00,2026-08-31T18:39:53.098+00:00,2026-08-31T18:39:53.098+00:00,0.076641,0.17674519200045324,sqs-worker-5986dcd897-x8rdl,ip-192-168-20-201.ec2.internal,b1f7b20421d4a6d7f3031e25dc4aae849b80c9dc7215bf706146f420c4bf5080,1,2892.0,3069.0
1,keda-poisson-101-489cca80,000255,158.939554,2026-08-31T18:39:54.479+00:00,2026-08-31T18:39:50.781+00:00,2026-08-31T18:39:53.121+00:00,2026-08-31T18:39:53.121+00:00,2026-08-31T18:39:53.290+00:00,2026-08-31T18:39:53.290+00:00,0.066623,0.16867468599957647,sqs-worker-5986dcd897-x8rdl,ip-192-168-20-201.ec2.internal,8b1f797904b018521dcfa33dad3ac43e8aed43d99985bac913215b503e5c121a,1,2340.0,2509.0
1,keda-poisson-101-489cca80,000258,161.110816,2026-08-31T18:39:56.650+00:00,2026-08-31T18:39:52.954+00:00,2026-08-31T18:39:53.316+00:00,2026-08-31T18:39:53.316+00:00,2026-08-31T18:39:53.514+00:00,2026-08-31T18:39:53.514+00:00,0.10033,0.19797749200006365,sqs-worker-5986dcd897-x8rdl,ip-192-168-20-201.ec2.internal,c77a466861b68b31510e2b10cab1c697325a3dbb3d1f762fc52706a54973bfa2,1,362.0,560.0
1,keda-poisson-101-489cca80,000256,159.61614,2026-08-31T18:39:55.155+00:00,2026-08-31T18:39:51.457+00:00,2026-08-31T18:39:53.535+00:00,2026-08-31T18:39:53.535+00:00,2026-08-31T18:39:53.706+00:00,2026-08-31T18:39:53.706+00:00,0.067615,0.17086777799977426,sqs-worker-5986dcd897-x8rdl,ip-192-168-20-201.ec2.internal,dde75b39df66659335a79e8add8119c1d36746a6a9f4ac08c4b7f8504615f986,1,2078.0,2249.0
1,keda-poisson-101-489cca80,000254,158.879594,2026-08-31T18:39:54.420+00:00,2026-08-31T18:39:50.724+00:00,2026-08-31T18:39:53.738+00:00,2026-08-31T18:39:53.738+00:00,2026-08-31T18:39:53.984+00:00,2026-08-31T18:39:53.984+00:00,0.093891,0.2460486160007349,sqs-worker-5986dcd897-x8rdl,ip-192-168-20-201.ec2.internal,7911106d06589b19ccb8bcb274f92d206a46bb885c76fc54f423645e13c1783a,1,3014.0,3260.0
1,keda-poisson-101-489cca80,000259,161.139399,2026-08-31T18:39:56.677+00:00,2026-08-31T18:39:52.990+00:00,2026-08-31T18:39:54.026+00:00,2026-08-31T18:39:54.026+00:00,2026-08-31T18:39:54.404+00:00,2026-08-31T18:39:54.404+00:00,0.175875,0.3781365659997391,sqs-worker-5986dcd897-x8rdl,ip-192-168-20-201.ec2.internal,a959c44190bcfa48684dd45dc3525e2d007978466458bacaa2aa8272ab411c13,1,1036.0,1414.0
1,keda-poisson-101-489cca80,000260,162.969389,2026-08-31T18:39:58.509+00:00,2026-08-31T18:39:54.811+00:00,2026-08-31T18:39:54.816+00:00,2026-08-31T18:39:54.816+00:00,2026-08-31T18:39:54.827+00:00,2026-08-31T18:39:54.827+00:00,0.010775,0.010814817000209587,sqs-worker-5986dcd897-x8rdl,ip-192-168-20-201.ec2.internal,d01b55786e298189dbda58573f61db604ade97391554f52ae49098d5d7a449c4,1,5.0,16.0
1,keda-poisson-101-489cca80,000261,162.997168,2026-08-31T18:39:58.535+00:00,2026-08-31T18:39:54.846+00:00,2026-08-31T18:39:54.853+00:00,2026-08-31T18:39:54.853+00:00,2026-08-31T18:39:56.195+00:00,2026-08-31T18:39:56.195+00:00,0.55782,1.3422161440003038,sqs-worker-5986dcd897-x8rdl,ip-192-168-20-201.ec2.internal,2d3524b502e01520300d2a011e8a5c9b0c42ae6aaa4594146c714bab6b1d3607,1,7.0,1349.0
1,keda-poisson-101-489cca80,000264,163.11906,2026-08-31T18:39:58.657+00:00,2026-08-31T18:39:54.967+00:00,2026-08-31T18:39:56.251+00:00,2026-08-31T18:39:56.251+00:00,2026-08-31T18:39:57.222+00:00,2026-08-31T18:39:57.222+00:00,0.416213,0.9709026820000872,sqs-worker-5986dcd897-x8rdl,ip-192-168-20-201.ec2.internal,21e833b4bdffe57fb0c865a5b56738eb98a8057d298fa5b39e210699dd7c3864,1,1284.0,2255.0
1,keda-poisson-101-489cca80,000262,163.033649,2026-08-31T18:39:58.571+00:00,2026-08-31T18:39:54.879+00:00,2026-08-31T18:39:57.314+00:00,2026-08-31T18:39:57.314+00:00,2026-08-31T18:39:59.103+00:00,2026-08-31T18:39:59.103+00:00,0.73621,1.7895606719994248,sqs-worker-5986dcd897-x8rdl,ip-192-168-20-201.ec2.internal,be2dff22271f79f49578a0294edab76e6094ca0b499a35ff66b3df88cf62d32a,1,2435.0,4224.0
1,keda-poisson-101-489cca80,000263,163.035269,2026-08-31T18:39:58.573+00:00,2026-08-31T18:39:54.881+00:00,2026-08-31T18:39:59.120+00:00,2026-08-31T18:39:59.120+00:00,2026-08-31T18:40:00.495+00:00,2026-08-31T18:40:00.495+00:00,0.375018,1.375463628000034,sqs-worker-5986dcd897-x8rdl,ip-192-168-20-201.ec2.internal,28946e897398d41550b88d02d5096174b23be4151d28fb2a3cad13b03fc9c7df,1,4239.0,5614.0
1,keda-poisson-101-489cca80,000265,165.793671,2026-08-31T18:40:01.334+00:00,2026-08-31T18:39:57.638+00:00,2026-08-31T18:40:00.589+00:00,2026-08-31T18:40:00.589+00:00,2026-08-31T18:40:01.097+00:00,2026-08-31T18:40:01.097+00:00,0.104333,0.5078199789995779,sqs-worker-5986dcd897-x8rdl,ip-192-168-20-201.ec2.internal,5aca9f9b59dea6424a1c6c44e60580d21a8952bf11fca7f413d02e8d5eed3376,1,2951.0,3459.0
1,keda-poisson-101-489cca80,000268,168.603558,2026-08-31T18:40:04.141+00:00,2026-08-31T18:40:00.444+00:00,2026-08-31T18:40:01.196+00:00,2026-08-31T18:40:01.196+00:00,2026-08-31T18:40:01.500+00:00,2026-08-31T18:40:01.500+00:00,0.059487,0.30399188499995944,sqs-worker-5986dcd897-x8rdl,ip-192-168-20-201.ec2.internal,98cd0d04c16b9a49bf3831ec1a334b68485e208139d08745abac6289c76d44f0,1,752.0,1056.0
1,keda-poisson-101-489cca80,000269,169.33088,2026-08-31T18:40:04.870+00:00,2026-08-31T18:40:01.171+00:00,2026-08-31T18:40:01.591+00:00,2026-08-31T18:40:01.591+00:00,2026-08-31T18:40:01.604+00:00,2026-08-31T18:40:01.604+00:00,0.013206,0.013269814000523183,sqs-worker-5986dcd897-x8rdl,ip-192-168-20-201.ec2.internal,6b54ab19df0db77cad9b5c6b490210ae49fc42de371f91ff89a0c4b228e78d20,1,420.0,433.0
1,keda-poisson-101-489cca80,000266,166.92063,2026-08-31T18:40:02.459+00:00,2026-08-31T18:39:58.774+00:00,2026-08-31T18:40:01.707+00:00,2026-08-31T18:40:01.707+00:00,2026-08-31T18:40:02.084+00:00,2026-08-31T18:40:02.084+00:00,0.064698,0.37699097899985645,sqs-worker-5986dcd897-x8rdl,ip-192-168-20-201.ec2.internal,0f828fd7e1159cd2981956ef25c1f3e37d189b07be2b1efef22f2a5b9a0f5f43,1,2933.0,3310.0
1,keda-poisson-101-489cca80,000267,168.474675,2026-08-31T18:40:04.014+00:00,2026-08-31T18:40:00.317+00:00,2026-08-31T18:40:02.122+00:00,2026-08-31T18:40:02.122+00:00,2026-08-31T18:40:02.396+00:00,2026-08-31T18:40:02.396+00:00,0.055506,0.27343291499983025,sqs-worker-5986dcd897-x8rdl,ip-192-168-20-201.ec2.internal,030ad03896df56d1156d6cddfbfa1521c1b7f487c93244aa5874ed28855ce1c8,1,1805.0,2079.0
1,keda-poisson-101-489cca80,000270,170.322006,2026-08-31T18:40:05.861+00:00,2026-08-31T18:40:02.163+00:00,2026-08-31T18:40:02.467+00:00,2026-08-31T18:40:02.467+00:00,2026-08-31T18:40:03.210+00:00,2026-08-31T18:40:03.210+00:00,0.326499,0.7435934989998714,sqs-worker-5986dcd897-x8rdl,ip-192-168-20-201.ec2.internal,2d595c413ff0122c3302c7d41ddc7c5ac34fe78b189a3a5da89f08050c414d55,1,304.0,1047.0
1,keda-poisson-101-489cca80,000271,171.133269,2026-08-31T18:40:06.672+00:00,2026-08-31T18:40:02.974+00:00,2026-08-31T18:40:03.245+00:00,2026-08-31T18:40:03.245+00:00,2026-08-31T18:40:03.995+00:00,2026-08-31T18:40:03.995+00:00,0.300469,0.75034204900021,sqs-worker-5986dcd897-x8rdl,ip-192-168-20-201.ec2.internal,27fad89bb48c3755245dee3619fee424a44b7c688fa2494196357c9c1eea7c12,1,271.0,1020.9999999999999
1,keda-poisson-101-489cca80,000272,171.329665,2026-08-31T18:40:06.868+00:00,2026-08-31T18:40:03.169+00:00,2026-08-31T18:40:04.027+00:00,2026-08-31T18:40:04.027+00:00,2026-08-31T18:40:04.412+00:00,2026-08-31T18:40:04.412+00:00,0.172633,0.38539124300041294,sqs-worker-5986dcd897-x8rdl,ip-192-168-20-201.ec2.internal,069a2e8e0c5f151205b31b3de5e49c025e9702ef5d886deb602eeb5a3b65a573,1,858.0,1243.0
1,keda-poisson-101-489cca80,000273,173.53948,2026-08-31T18:40:09.079+00:00,2026-08-31T18:40:05.381+00:00,2026-08-31T18:40:05.385+00:00,2026-08-31T18:40:05.385+00:00,2026-08-31T18:40:07.005+00:00,2026-08-31T18:40:07.005+00:00,0.662542,1.6203176139997595,sqs-worker-5986dcd897-x8rdl,ip-192-168-20-201.ec2.internal,e8461d4dad6d67b2517ee677c35a8aa15018b7a13eb182114399b59295471ff8,1,4.0,1624.0
1,keda-poisson-101-489cca80,000274,174.353899,2026-08-31T18:40:09.893+00:00,2026-08-31T18:40:06.195+00:00,2026-08-31T18:40:07.048+00:00,2026-08-31T18:40:07.048+00:00,2026-08-31T18:40:07.704+00:00,2026-08-31T18:40:07.704+00:00,0.27413,0.6564589179997711,sqs-worker-5986dcd897-x8rdl,ip-192-168-20-201.ec2.internal,8a5d314991938a6f111bc3d6d504abc542d48de6357c57ec6eda47c3d9b364e2,1,853.0,1509.0
1,keda-poisson-101-489cca80,000276,175.283836,2026-08-31T18:40:10.822+00:00,2026-08-31T18:40:07.127+00:00,2026-08-31T18:40:07.727+00:00,2026-08-31T18:40:07.727+00:00,2026-08-31T18:40:08.298+00:00,2026-08-31T18:40:08.298+00:00,0.230069,0.5708942149994982,sqs-worker-5986dcd897-x8rdl,ip-192-168-20-201.ec2.internal,86afa5d2b6d14f1392f1aef552cf19051e4980395006aa474f71d7eb4a4a25da,1,600.0,1171.0
1,keda-poisson-101-489cca80,000277,175.600334,2026-08-31T18:40:11.138+00:00,2026-08-31T18:40:07.452+00:00,2026-08-31T18:40:08.325+00:00,2026-08-31T18:40:08.325+00:00,2026-08-31T18:40:08.616+00:00,2026-08-31T18:40:08.616+00:00,0.13339,0.29090211400034605,sqs-worker-5986dcd897-x8rdl,ip-192-168-20-201.ec2.internal,bafc2bf2faff7be642203ddf067a2513eb7d66e6c8d782fd093184432f7453db,1,873.0,1164.0
1,keda-poisson-101-489cca80,000275,175.074564,2026-08-31T18:40:10.613+00:00,2026-08-31T18:40:06.915+00:00,2026-08-31T18:40:08.644+00:00,2026-08-31T18:40:08.644+00:00,2026-08-31T18:40:08.714+00:00,2026-08-31T18:40:08.714+00:00,0.034673,0.07022819700068794,sqs-worker-5986dcd897-x8rdl,ip-192-168-20-201.ec2.internal,ba103396c9c0040c9437e6499dac592c86a55e252186c4f63dc6fd42fc42fe4a,1,1729.0,1799.0
1,keda-poisson-101-489cca80,000278,176.486749,2026-08-31T18:40:12.025+00:00,2026-08-31T18:40:08.328+00:00,2026-08-31T18:40:08.756+00:00,2026-08-31T18:40:08.756+00:00,2026-08-31T18:40:09.000+00:00,2026-08-31T18:40:09.000+00:00,0.101597,0.24461394799982372,sqs-worker-5986dcd897-x8rdl,ip-192-168-20-201.ec2.internal,b189f5ef6867c9b35abd63d77037ddf7ff064e2f8d77eb0c0ba0b6cd006d4aa9,1,428.0,672.0
1,keda-poisson-101-489cca80,000279,176.940725,2026-08-31T18:40:12.479+00:00,2026-08-31T18:40:08.782+00:00,2026-08-31T18:40:09.092+00:00,2026-08-31T18:40:09.092+00:00,2026-08-31T18:40:09.124+00:00,2026-08-31T18:40:09.124+00:00,0.032635,0.032671394999852055,sqs-worker-5986dcd897-x8rdl,ip-192-168-20-201.ec2.internal,d7105d34ca76a2cce54282b164ecdd08aa569db401d856733f3198884debc60e,1,310.0,342.0
1,keda-poisson-101-489cca80,000280,177.35903,2026-08-31T18:40:12.897+00:00,2026-08-31T18:40:09.199+00:00,2026-08-31T18:40:09.211+00:00,2026-08-31T18:40:09.211+00:00,2026-08-31T18:40:09.791+00:00,2026-08-31T18:40:09.791+00:00,0.23071,0.5805664119998255,sqs-worker-5986dcd897-x8rdl,ip-192-168-20-201.ec2.internal,4ba083d9d639899ec04126514fb37e41e648c6f264b22ca942147e202e846426,1,12.0,592.0
1,keda-poisson-101-489cca80,000281,178.935369,2026-08-31T18:40:14.475+00:00,2026-08-31T18:40:10.777+00:00,2026-08-31T18:40:10.785+00:00,2026-08-31T18:40:10.785+00:00,2026-08-31T18:40:10.796+00:00,2026-08-31T18:40:10.796+00:00,0.011122,0.011857006999889563,sqs-worker-5986dcd897-x8rdl,ip-192-168-20-201.ec2.internal,f0fcf7fcea856035478a8dafe91a138ad506c1a8b671c758bf33fd2cfdcdad4d,1,8.0,19.0
1,keda-poisson-101-489cca80,000282,179.276338,2026-08-31T18:40:14.815+00:00,2026-08-31T18:40:11.118+00:00,2026-08-31T18:40:11.122+00:00,2026-08-31T18:40:11.122+00:00,2026-08-31T18:40:11.393+00:00,2026-08-31T18:40:11.393+00:00,0.129864,0.27073699199991097,sqs-worker-5986dcd897-x8rdl,ip-192-168-20-201.ec2.internal,6ce84a83bdf1356a4a3a05e0f972e576608fcede6c43250c3d801a311c5a7e9d,1,4.0,275.0
