schema_version,experiment_id,job_id,trace_offset_s,producer_sent_at,sqs_sent_at,worker_received_at,processing_started_at,processing_finished_at,result_sent_at,service_cpu_seconds,processing_wall_seconds,pod_name,node_name,digest,receive_count,queue_wait_ms,end_to_end_ms
1,keda-mmpp-303-8519a57e,000000,6.533312,2026-08-31T19:28:10.378+00:00,2026-08-31T19:28:06.618+00:00,2026-08-31T19:28:06.628+00:00,2026-08-31T19:28:06.628+00:00,2026-08-31T19:28:06.897+00:00,2026-08-31T19:28:06.897+00:00,0.133957,0.26853462300096,sqs-worker-5986dcd897-x8rdl,ip-192-168-20-201.ec2.internal,ed06700347aab775d129d0e2cd2f4e821015cc283be233e139d32ad68eb2600b,1,10.0,279.0
1,keda-mmpp-303-8519a57e,000001,9.048174,2026-08-31T19:28:12.888+00:00,2026-08-31T19:28:09.132+00:00,2026-08-31T19:28:09.140+00:00,2026-08-31T19:28:09.140+00:00,2026-08-31T19:28:09.186+00:00,2026-08-31T19:28:09.186+00:00,0.045732,0.045773199999530334,sqs-worker-5986dcd897-x8rdl,ip-192-168-20-201.ec2.internal,638f0438207dc7b90742a65eb0b407edd0585e0aefce13476f29180ce5bcb34d,1,8.0,54.0
1,keda-mmpp-303-8519a57e,000002,9.702186,2026-08-31T19:28:13.540+00:00,2026-08-31T19:28:09.778+00:00,2026-08-31T19:28:09.786+00:00,2026-08-31T19:28:09.786+00:00,2026-08-31T19:28:10.897+00:00,2026-08-31T19:28:10.897+00:00,0.206611,1.1106754020001972,sqs-worker-5986dcd897-x8rdl,ip-192-168-20-201.ec2.internal,411aad756ea38916292edb61e6229005b39751c8c29230d05fcece49660bc8f2,1,8.0,1119.0
1,keda-mmpp-303-8519a57e,000004,10.571281,2026-08-31T19:28:14.408+00:00,2026-08-31T19:28:10.649+00:00,2026-08-31T19:28:11.005+00:00,2026-08-31T19:28:11.005+00:00,2026-08-31T19:28:11.086+00:00,2026-08-31T19:28:11.086+00:00,0.009661,0.08073298199997225,sqs-worker-5986dcd897-x8rdl,ip-192-168-20-201.ec2.internal,509b46fa92fafd6bcc0816e75f27603bc8bf5539974afddc8551469e90a0c7c0,1,356.0,437.0
1,keda-mmpp-303-8519a57e,000003,10.403313,2026-08-31T19:28:14.241+00:00,2026-08-31T19:28:10.481+00:00,2026-08-31T19:28:11.130+00:00,2026-08-31T19:28:11.130+00:00,2026-08-31T19:28:11.698+00:00,2026-08-31T19:28:11.698+00:00,0.110306,0.5679004350004107,sqs-worker-5986dcd897-x8rdl,ip-192-168-20-201.ec2.internal,5b2aeb97676c3a67bd8b4679b9c083c984dc80de0b4c3f99bf0f4fac7eaccb30,1,649.0,1217.0
1,keda-mmpp-303-8519a57e,000005,11.966547,2026-08-31T19:28:15.805+00:00,2026-08-31T19:28:12.045+00:00,2026-08-31T19:28:12.048+00:00,2026-08-31T19:28:12.048+00:00,2026-08-31T19:28:12.809+00:00,2026-08-31T19:28:12.809+00:00,0.342965,0.7602418330006913,sqs-worker-5986dcd897-x8rdl,ip-192-168-20-201.ec2.internal,8b4c1431721e6183e62ac65de2eca5358b8da6bc358905237ce7163027ef91d9,1,3.0,764.0
1,keda-mmpp-303-8519a57e,000006,18.0679,2026-08-31T19:28:21.910+00:00,2026-08-31T19:28:18.148+00:00,2026-08-31T19:28:18.153+00:00,2026-08-31T19:28:18.153+00:00,2026-08-31T19:28:19.298+00:00,2026-08-31T19:28:19.298+00:00,0.488728,1.144789968000623,sqs-worker-5986dcd897-x8rdl,ip-192-168-20-201.ec2.internal,70bcd5cd64ef65f5bdc4f4aca4de4ac3f3027e0e96a002992db270febecb9d89,1,5.0,1150.0
1,keda-mmpp-303-8519a57e,000007,18.636796,2026-08-31T19:28:22.474+00:00,2026-08-31T19:28:18.712+00:00,2026-08-31T19:28:19.320+00:00,2026-08-31T19:28:19.320+00:00,2026-08-31T19:28:19.325+00:00,2026-08-31T19:28:19.325+00:00,0.005,0.005038592000346398,sqs-worker-5986dcd897-x8rdl,ip-192-168-20-201.ec2.internal,ebcd3b4f22850a6ee1c0ed071d4d4ddf8faf47c6cce66e25b304c11b0d72be3f,1,608.0,613.0
1,keda-mmpp-303-8519a57e,000008,19.467598,2026-08-31T19:28:23.305+00:00,2026-08-31T19:28:19.543+00:00,2026-08-31T19:28:19.548+00:00,2026-08-31T19:28:19.548+00:00,2026-08-31T19:28:21.388+00:00,2026-08-31T19:28:21.388+00:00,0.382662,1.8394209920006688,sqs-worker-5986dcd897-x8rdl,ip-192-168-20-201.ec2.internal,c638c15799e266aaa5e50e654accc8c546f029a6aa5ef8a19fffdd2751c98081,1,5.0,1845.0
1,keda-mmpp-303-8519a57e,000009,20.190116,2026-08-31T19:28:24.028+00:00,2026-08-31T19:28:20.267+00:00,2026-08-31T19:28:21.485+00:00,2026-08-31T19:28:21.485+00:00,2026-08-31T19:28:23.001+00:00,2026-08-31T19:28:23.001+00:00,0.426668,1.515823238001758,sqs-worker-5986dcd897-x8rdl,ip-192-168-20-201.ec2.internal,55650f6e269f741ae71223e0e5f8a5f8427eb9200b07e6ab8bb6170ecece1e0e,1,1218.0,2734.0
1,keda-mmpp-303-8519a57e,000010,23.055209,2026-08-31T19:28:26.893+00:00,2026-08-31T19:28:23.132+00:00,2026-08-31T19:28:23.137+00:00,2026-08-31T19:28:23.137+00:00,2026-08-31T19:28:23.206+00:00,2026-08-31T19:28:23.206+00:00,0.068353,0.0684069430008094,sqs-worker-5986dcd897-x8rdl,ip-192-168-20-201.ec2.internal,7cc0f849bdaa90268f5ea55331a84f7369d6616bd16a90c0aa98d16d092bb2f0,1,5.0,74.0
1,keda-mmpp-303-8519a57e,000011,23.442561,2026-08-31T19:28:27.278+00:00,2026-08-31T19:28:23.516+00:00,2026-08-31T19:28:23.521+00:00,2026-08-31T19:28:23.521+00:00,2026-08-31T19:28:23.706+00:00,2026-08-31T19:28:23.706+00:00,0.102862,0.18473914800051716,sqs-worker-5986dcd897-x8rdl,ip-192-168-20-201.ec2.internal,cfd4623533783921cc6cf31edb02e27ab0928be16392b6ecb2e1a148ef9b0813,1,5.0,190.0
1,keda-mmpp-303-8519a57e,000012,23.641955,2026-08-31T19:28:27.477+00:00,2026-08-31T19:28:23.716+00:00,2026-08-31T19:28:23.749+00:00,2026-08-31T19:28:23.749+00:00,2026-08-31T19:28:24.801+00:00,2026-08-31T19:28:24.801+00:00,0.430705,1.0514439359994867,sqs-worker-5986dcd897-x8rdl,ip-192-168-20-201.ec2.internal,f3f4cb90964df74819a986f7adbccbc08a0cfce5a8c40c0a199d9b44e0f0937c,1,33.0,1085.0
1,keda-mmpp-303-8519a57e,000016,24.505245,2026-08-31T19:28:28.341+00:00,2026-08-31T19:28:24.580+00:00,2026-08-31T19:28:24.818+00:00,2026-08-31T19:28:24.818+00:00,2026-08-31T19:28:25.204+00:00,2026-08-31T19:28:25.204+00:00,0.159565,0.3861204919994634,sqs-worker-5986dcd897-x8rdl,ip-192-168-20-201.ec2.internal,c517bf985d8234549cc8133dc37106517718d7cba14ebac9cafbfecf7f4c4b80,1,238.0,624.0
1,keda-mmpp-303-8519a57e,000013,24.178784,2026-08-31T19:28:28.015+00:00,2026-08-31T19:28:24.253+00:00,2026-08-31T19:28:25.222+00:00,2026-08-31T19:28:25.222+00:00,2026-08-31T19:28:25.312+00:00,2026-08-31T19:28:25.312+00:00,0.043939,0.08938223699988157,sqs-worker-5986dcd897-x8rdl,ip-192-168-20-201.ec2.internal,523d082f78f004def21130517738866eb70055c70a35ae669c1ba2c5fbeb3097,1,969.0,1059.0
1,keda-mmpp-303-8519a57e,000017,24.596655,2026-08-31T19:28:28.432+00:00,2026-08-31T19:28:25.193+00:00,2026-08-31T19:28:25.362+00:00,2026-08-31T19:28:25.362+00:00,2026-08-31T19:28:26.195+00:00,2026-08-31T19:28:26.195+00:00,0.332094,0.8333806680002454,sqs-worker-5986dcd897-x8rdl,ip-192-168-20-201.ec2.internal,c15ca875876c79933fbe7a7ee4fec59c9e879157871d3661faf531c2ed9097fb,1,169.0,1002.0
1,keda-mmpp-303-8519a57e,000018,24.683628,2026-08-31T19:28:28.519+00:00,2026-08-31T19:28:24.759+00:00,2026-08-31T19:28:26.213+00:00,2026-08-31T19:28:26.213+00:00,2026-08-31T19:28:27.818+00:00,2026-08-31T19:28:27.818+00:00,0.659005,1.6056464379998943,sqs-worker-5986dcd897-x8rdl,ip-192-168-20-201.ec2.internal,9cefb3ede35e41727f3bd9b70cd560eb73831e28b2a50fb652c6c019e36afe25,1,1454.0,3059.0
1,keda-mmpp-303-8519a57e,000020,25.135631,2026-08-31T19:28:28.971+00:00,2026-08-31T19:28:25.220+00:00,2026-08-31T19:28:27.836+00:00,2026-08-31T19:28:27.836+00:00,2026-08-31T19:28:28.222+00:00,2026-08-31T19:28:28.222+00:00,0.160542,0.3862920489991666,sqs-worker-5986dcd897-x8rdl,ip-192-168-20-201.ec2.internal,b4ce0feb14f84b46f005d9633809e9273cc94ca3f4dd938b71c6fddd7fb84548,1,2616.0,3002.0
1,keda-mmpp-303-8519a57e,000019,25.074592,2026-08-31T19:28:28.910+00:00,2026-08-31T19:28:25.161+00:00,2026-08-31T19:28:28.292+00:00,2026-08-31T19:28:28.293+00:00,2026-08-31T19:28:28.513+00:00,2026-08-31T19:28:28.513+00:00,0.10625,0.2205263459982234,sqs-worker-5986dcd897-x8rdl,ip-192-168-20-201.ec2.internal,206b87ea7626ad99aa52e7ebd5e3f704fe8044eef8c3f3bebb80fc0481a12cbe,1,3131.0,3352.0
1,keda-mmpp-303-8519a57e,000025,26.076363,2026-08-31T19:28:29.912+00:00,2026-08-31T19:28:26.155+00:00,2026-08-31T19:28:28.537+00:00,2026-08-31T19:28:28.537+00:00,2026-08-31T19:28:29.183+00:00,2026-08-31T19:28:29.183+00:00,0.246166,0.6463391699999192,sqs-worker-5986dcd897-x8rdl,ip-192-168-20-201.ec2.internal,a853dfe23b97c204f4cf63448802e693fd7f7bf64037220bfecc6f65ac29a0e8,1,2382.0,3028.0
1,keda-mmpp-303-8519a57e,000026,26.126276,2026-08-31T19:28:29.962+00:00,2026-08-31T19:28:26.206+00:00,2026-08-31T19:28:29.200+00:00,2026-08-31T19:28:29.200+00:00,2026-08-31T19:28:29.296+00:00,2026-08-31T19:28:29.296+00:00,0.048384,0.09556763399996271,sqs-worker-5986dcd897-x8rdl,ip-192-168-20-201.ec2.internal,294f0cf42bcc40d008fc0bf5c5b1ccec6bbf0d27b041ba247061051dc775b36a,1,2994.0,3090.0
1,keda-mmpp-303-8519a57e,000023,25.544866,2026-08-31T19:28:29.380+00:00,2026-08-31T19:28:25.619+00:00,2026-08-31T19:28:29.313+00:00,2026-08-31T19:28:29.314+00:00,2026-08-31T19:28:29.585+00:00,2026-08-31T19:28:29.585+00:00,0.103573,0.2711049509998702,sqs-worker-5986dcd897-x8rdl,ip-192-168-20-201.ec2.internal,de54c9535ecb55d8fcb77a7e9a6bc419312bbdca17dfdba4fb13388e4c3c7a2b,1,3694.0,3966.0
1,keda-mmpp-303-8519a57e,000015,24.285902,2026-08-31T19:28:28.121+00:00,2026-08-31T19:28:24.893+00:00,2026-08-31T19:28:29.607+00:00,2026-08-31T19:28:29.607+00:00,2026-08-31T19:28:29.796+00:00,2026-08-31T19:28:29.796+00:00,0.075329,0.18849188400054118,sqs-worker-5986dcd897-x8rdl,ip-192-168-20-201.ec2.internal,d9af890f33b3c1c863477a5993bf0d176e23d8047a552eb5130b6c16f51b81e4,1,4714.0,4903.0
1,keda-mmpp-303-8519a57e,000027,26.505768,2026-08-31T19:28:30.341+00:00,2026-08-31T19:28:26.581+00:00,2026-08-31T19:28:29.884+00:00,2026-08-31T19:28:29.884+00:00,2026-08-31T19:28:32.394+00:00,2026-08-31T19:28:32.394+00:00,0.490861,2.510383393999291,sqs-worker-5986dcd897-x8rdl,ip-192-168-20-201.ec2.internal,a22c1de9919a32cf64656ed55f886eaadfc6b1316b74c5d7e24fe4d9d94f8ed6,1,3303.0,5813.0
1,keda-mmpp-303-8519a57e,000032,28.53043,2026-08-31T19:28:32.366+00:00,2026-08-31T19:28:28.609+00:00,2026-08-31T19:28:32.489+00:00,2026-08-31T19:28:32.489+00:00,2026-08-31T19:28:33.100+00:00,2026-08-31T19:28:33.100+00:00,0.179747,0.6106490469992423,sqs-worker-5986dcd897-x8rdl,ip-192-168-20-201.ec2.internal,94f375616a1f5920556c0ba060e69399e2ad3b88c6d696fadb514eb901db9629,1,3880.0,4491.0
1,keda-mmpp-303-8519a57e,000022,25.450033,2026-08-31T19:28:29.285+00:00,2026-08-31T19:28:25.538+00:00,2026-08-31T19:28:33.121+00:00,2026-08-31T19:28:33.121+00:00,2026-08-31T19:28:33.915+00:00,2026-08-31T19:28:33.915+00:00,0.331049,0.7945793150011013,sqs-worker-5986dcd897-x8rdl,ip-192-168-20-201.ec2.internal,0e467d7e5d70666b00371f78eeca12a0b646b5f14c2276f2df20dfeeb94d0233,1,7583.0,8377.0
1,keda-mmpp-303-8519a57e,000021,25.379022,2026-08-31T19:28:29.215+00:00,2026-08-31T19:28:25.454+00:00,2026-08-31T19:28:33.937+00:00,2026-08-31T19:28:33.937+00:00,2026-08-31T19:28:34.219+00:00,2026-08-31T19:28:34.219+00:00,0.119751,0.2820539309996093,sqs-worker-5986dcd897-x8rdl,ip-192-168-20-201.ec2.internal,5b2ce19983413735b3067a05bfd9e9d99973b05c12791a47231e94abcfa6b4d5,1,8483.0,8765.0
1,keda-mmpp-303-8519a57e,000031,28.123347,2026-08-31T19:28:31.959+00:00,2026-08-31T19:28:28.201+00:00,2026-08-31T19:28:34.236+00:00,2026-08-31T19:28:34.236+00:00,2026-08-31T19:28:34.309+00:00,2026-08-31T19:28:34.309+00:00,0.026621,0.07315639400076179,sqs-worker-5986dcd897-x8rdl,ip-192-168-20-201.ec2.internal,e053662c76b1b44bec1d8d6bcc15bd5aae38a4fd12e2737172b049a048706693,1,6035.0,6108.0
1,keda-mmpp-303-8519a57e,000035,31.929793,2026-08-31T19:28:35.768+00:00,2026-08-31T19:28:32.009+00:00,2026-08-31T19:28:34.327+00:00,2026-08-31T19:28:34.327+00:00,2026-08-31T19:28:34.704+00:00,2026-08-31T19:28:34.704+00:00,0.150949,0.37772816799952125,sqs-worker-5986dcd897-x8rdl,ip-192-168-20-201.ec2.internal,20f669cbadf03d25968d8228c40d6f7bf44a6f57881a7f8520fc1e3210726093,1,2318.0,2695.0
1,keda-mmpp-303-8519a57e,000014,24.233744,2026-08-31T19:28:28.070+00:00,2026-08-31T19:28:24.814+00:00,2026-08-31T19:28:34.725+00:00,2026-08-31T19:28:34.725+00:00,2026-08-31T19:28:34.904+00:00,2026-08-31T19:28:34.904+00:00,0.075604,0.17968378600016877,sqs-worker-5986dcd897-x8rdl,ip-192-168-20-201.ec2.internal,a7a988f3281e5ac65d7c52b79d4f32482f1d3e23dc6e0d3cb3dcdad14fe27bad,1,9911.0,10090.0
1,keda-mmpp-303-8519a57e,000029,27.066086,2026-08-31T19:28:30.902+00:00,2026-08-31T19:28:27.141+00:00,2026-08-31T19:28:34.922+00:00,2026-08-31T19:28:34.922+00:00,2026-08-31T19:28:35.403+00:00,2026-08-31T19:28:35.403+00:00,0.194541,0.48034650400040846,sqs-worker-5986dcd897-x8rdl,ip-192-168-20-201.ec2.internal,12b86eab44ed2867dc950dc3eb344575862e45b3f45a80080ad2ea3a6992b2bc,1,7781.0,8262.0
1,keda-mmpp-303-8519a57e,000028,26.753967,2026-08-31T19:28:30.589+00:00,2026-08-31T19:28:26.828+00:00,2026-08-31T19:28:35.419+00:00,2026-08-31T19:28:35.419+00:00,2026-08-31T19:28:35.906+00:00,2026-08-31T19:28:35.906+00:00,0.198178,0.4872489699992002,sqs-worker-5986dcd897-x8rdl,ip-192-168-20-201.ec2.internal,6d351f03c5352fa536b3b7b4dc020be17da825ee70f712116c044e1ce5a15006,1,8591.0,9078.0
1,keda-mmpp-303-8519a57e,000024,25.953297,2026-08-31T19:28:29.789+00:00,2026-08-31T19:28:26.037+00:00,2026-08-31T19:28:35.923+00:00,2026-08-31T19:28:35.923+00:00,2026-08-31T19:28:36.112+00:00,2026-08-31T19:28:36.112+00:00,0.082358,0.1896470279989444,sqs-worker-5986dcd897-x8rdl,ip-192-168-20-201.ec2.internal,047fbbe2472fd9235ca53b58126b1928b39fb0d02a4161eaad7285614a70770b,1,9886.0,10075.0
1,keda-mmpp-303-8519a57e,000037,33.809057,2026-08-31T19:28:37.646+00:00,2026-08-31T19:28:33.893+00:00,2026-08-31T19:28:36.132+00:00,2026-08-31T19:28:36.132+00:00,2026-08-31T19:28:36.204+00:00,2026-08-31T19:28:36.204+00:00,0.027235,0.07146884899884753,sqs-worker-5986dcd897-x8rdl,ip-192-168-20-201.ec2.internal,ae4efc0b568ed242e98bce30fa1ccf8576133245ac73b256b10e1b8e4e45d15e,1,2239.0,2311.0
1,keda-mmpp-303-8519a57e,000033,28.888319,2026-08-31T19:28:32.724+00:00,2026-08-31T19:28:28.970+00:00,2026-08-31T19:28:36.222+00:00,2026-08-31T19:28:36.222+00:00,2026-08-31T19:28:36.721+00:00,2026-08-31T19:28:36.721+00:00,0.212708,0.4990321610002866,sqs-worker-5986dcd897-x8rdl,ip-192-168-20-201.ec2.internal,9d7c7b539532d558cf912a4fd41e39176c7ea6a84e1e3f2d0026d8bb6a5cf615,1,7252.0,7751.0
1,keda-mmpp-303-8519a57e,000034,28.967683,2026-08-31T19:28:32.803+00:00,2026-08-31T19:28:29.045+00:00,2026-08-31T19:28:36.793+00:00,2026-08-31T19:28:36.793+00:00,2026-08-31T19:28:37.495+00:00,2026-08-31T19:28:37.495+00:00,0.289285,0.701275697998426,sqs-worker-5986dcd897-x8rdl,ip-192-168-20-201.ec2.internal,631a6f89976603656d3fb159ad6127ac5bac67725f0b6f4bdcaf0a70e60831c5,1,7748.0,8450.0
1,keda-mmpp-303-8519a57e,000030,28.093764,2026-08-31T19:28:31.930+00:00,2026-08-31T19:28:28.172+00:00,2026-08-31T19:28:37.510+00:00,2026-08-31T19:28:37.510+00:00,2026-08-31T19:28:37.691+00:00,2026-08-31T19:28:37.691+00:00,0.072425,0.18070966599952953,sqs-worker-5986dcd897-x8rdl,ip-192-168-20-201.ec2.internal,bd0488ea18810d53f565500517d7894fafac666ade2a83cb73897ae699e740ad,1,9338.0,9519.0
1,keda-mmpp-303-8519a57e,000038,36.550162,2026-08-31T19:28:40.388+00:00,2026-08-31T19:28:36.630+00:00,2026-08-31T19:28:37.954+00:00,2026-08-31T19:28:37.954+00:00,2026-08-31T19:28:38.105+00:00,2026-08-31T19:28:38.105+00:00,0.091315,0.15101238599891076,sqs-worker-5986dcd897-x8rdl,ip-192-168-20-201.ec2.internal,203796e67c725a067524b0cbbea70e63d7d17e875527a33cf995cc001c83582c,1,1324.0,1475.0
1,keda-mmpp-303-8519a57e,000036,32.146917,2026-08-31T19:28:35.982+00:00,2026-08-31T19:28:32.223+00:00,2026-08-31T19:28:38.131+00:00,2026-08-31T19:28:38.131+00:00,2026-08-31T19:28:38.881+00:00,2026-08-31T19:28:38.882+00:00,0.292516,0.7501329730002908,sqs-worker-5986dcd897-x8rdl,ip-192-168-20-201.ec2.internal,e2c0fe1add99124c8aff6675e6827acac844cb1fcec3cba10656a1c5c6f56a1e,1,5908.0,6658.0
1,keda-mmpp-303-8519a57e,000039,36.584374,2026-08-31T19:28:40.420+00:00,2026-08-31T19:28:36.660+00:00,2026-08-31T19:28:37.724+00:00,2026-08-31T19:28:37.724+00:00,2026-08-31T19:28:37.885+00:00,2026-08-31T19:28:37.885+00:00,0.06988,0.1616968589987664,sqs-worker-5986dcd897-x8rdl,ip-192-168-20-201.ec2.internal,602d058e9dfa2c286b75cab1a5d607ba8e04229328929611e4aac6537d8d69fb,1,1064.0,1225.0
1,keda-mmpp-303-8519a57e,000041,38.384727,2026-08-31T19:28:42.221+00:00,2026-08-31T19:28:38.460+00:00,2026-08-31T19:28:38.903+00:00,2026-08-31T19:28:38.903+00:00,2026-08-31T19:28:40.391+00:00,2026-08-31T19:28:40.391+00:00,0.44633,1.4878834179999103,sqs-worker-5986dcd897-x8rdl,ip-192-168-20-201.ec2.internal,5a848577bd46695b1b7c63660eed3323609eab23f12ae99bbdb48cd74b727ad7,1,443.0,1931.0
1,keda-mmpp-303-8519a57e,000043,39.036992,2026-08-31T19:28:42.872+00:00,2026-08-31T19:28:39.114+00:00,2026-08-31T19:28:40.408+00:00,2026-08-31T19:28:40.408+00:00,2026-08-31T19:28:40.687+00:00,2026-08-31T19:28:40.687+00:00,0.062736,0.27874238900039927,sqs-worker-5986dcd897-x8rdl,ip-192-168-20-201.ec2.internal,aef2dad845900ef50df809a7492b6e41fac8eb1a6c7b88ef1ec7ef6232b8fb53,1,1294.0,1573.0
1,keda-mmpp-303-8519a57e,000045,39.22537,2026-08-31T19:28:43.061+00:00,2026-08-31T19:28:39.303+00:00,2026-08-31T19:28:40.813+00:00,2026-08-31T19:28:40.813+00:00,2026-08-31T19:28:41.892+00:00,2026-08-31T19:28:41.892+00:00,0.16507,1.0784640820002096,sqs-worker-5986dcd897-x8rdl,ip-192-168-20-201.ec2.internal,3cc838ffaaeb71f793730b05f46380421c6fcad1c8f00ff7a65dbd2d6f015bba,1,1510.0,2589.0
1,keda-mmpp-303-8519a57e,000058,41.100824,2026-08-31T19:28:44.936+00:00,2026-08-31T19:28:41.178+00:00,2026-08-31T19:28:41.975+00:00,2026-08-31T19:28:41.975+00:00,2026-08-31T19:28:42.581+00:00,2026-08-31T19:28:42.581+00:00,0.180636,0.6063652789998741,sqs-worker-5986dcd897-x8rdl,ip-192-168-20-201.ec2.internal,dc5966c6acb3af1aa082691bcbfb6782f5cd48ba0ef8e32dff3729445329419d,1,797.0,1403.0
1,keda-mmpp-303-8519a57e,000048,39.62604,2026-08-31T19:28:43.461+00:00,2026-08-31T19:28:39.701+00:00,2026-08-31T19:28:42.602+00:00,2026-08-31T19:28:42.602+00:00,2026-08-31T19:28:42.683+00:00,2026-08-31T19:28:42.683+00:00,0.036961,0.08126512099988759,sqs-worker-5986dcd897-x8rdl,ip-192-168-20-201.ec2.internal,40033e501e8c7e70286351201a8b97a201a6382de375581aa15634a197a2929f,1,2901.0,2982.0
1,keda-mmpp-303-8519a57e,000052,40.141026,2026-08-31T19:28:43.976+00:00,2026-08-31T19:28:40.215+00:00,2026-08-31T19:28:42.699+00:00,2026-08-31T19:28:42.699+00:00,2026-08-31T19:28:42.807+00:00,2026-08-31T19:28:42.807+00:00,0.060372,0.10837910100053705,sqs-worker-5986dcd897-x8rdl,ip-192-168-20-201.ec2.internal,1aadd9f2ea54ed760f9041f2269b59d64b92e13f87c3f0abfd927570e98f286f,1,2484.0,2592.0
1,keda-mmpp-303-8519a57e,000054,40.694741,2026-08-31T19:28:44.530+00:00,2026-08-31T19:28:40.769+00:00,2026-08-31T19:28:42.826+00:00,2026-08-31T19:28:42.826+00:00,2026-08-31T19:28:43.416+00:00,2026-08-31T19:28:43.416+00:00,0.241412,0.5904440609992889,sqs-worker-5986dcd897-x8rdl,ip-192-168-20-201.ec2.internal,9db33c1c97f00b994fc2a88a51367459be7ef2c11bc38c70f8da8a8810697bc8,1,2057.0,2647.0
1,keda-mmpp-303-8519a57e,000057,41.06538,2026-08-31T19:28:44.901+00:00,2026-08-31T19:28:41.140+00:00,2026-08-31T19:28:43.483+00:00,2026-08-31T19:28:43.483+00:00,2026-08-31T19:28:44.991+00:00,2026-08-31T19:28:44.991+00:00,0.605986,1.507153823000408,sqs-worker-5986dcd897-x8rdl,ip-192-168-20-201.ec2.internal,24703cb8d72b4d3d7dc4eef380755527031d3946694ad7ad214a41204c83bb9a,1,2343.0,3851.0
1,keda-mmpp-303-8519a57e,000063,42.700551,2026-08-31T19:28:46.536+00:00,2026-08-31T19:28:42.778+00:00,2026-08-31T19:28:45.190+00:00,2026-08-31T19:28:45.190+00:00,2026-08-31T19:28:45.363+00:00,2026-08-31T19:28:45.363+00:00,0.077895,0.17318990300009318,sqs-worker-5986dcd897-jx7w2,ip-192-168-20-201.ec2.internal,2f33b69d269571ab715e9f54169d44362f1bb17ec11fe903b9f2bbc7e7cc7883,1,2412.0,2585.0
1,keda-mmpp-303-8519a57e,000050,39.896837,2026-08-31T19:28:43.732+00:00,2026-08-31T19:28:39.975+00:00,2026-08-31T19:28:45.401+00:00,2026-08-31T19:28:45.401+00:00,2026-08-31T19:28:45.663+00:00,2026-08-31T19:28:45.663+00:00,0.114104,0.26147681399925204,sqs-worker-5986dcd897-jx7w2,ip-192-168-20-201.ec2.internal,be42f2470940f39a73be113a8b93097fc518d5fed54e8863d4ee15d654d02a22,1,5426.0,5688.0
1,keda-mmpp-303-8519a57e,000065,43.144257,2026-08-31T19:28:46.980+00:00,2026-08-31T19:28:43.223+00:00,2026-08-31T19:28:45.655+00:00,2026-08-31T19:28:45.655+00:00,2026-08-31T19:28:45.704+00:00,2026-08-31T19:28:45.704+00:00,0.023976,0.0489972420000413,sqs-worker-5986dcd897-x8rdl,ip-192-168-20-201.ec2.internal,3a6fb7c6882c9e49bec0156f6551b1e7835e7aef2ba6b097290a9ea48da2ad31,1,2432.0,2481.0
1,keda-mmpp-303-8519a57e,000049,39.739171,2026-08-31T19:28:43.575+00:00,2026-08-31T19:28:39.816+00:00,2026-08-31T19:28:45.036+00:00,2026-08-31T19:28:45.036+00:00,2026-08-31T19:28:45.614+00:00,2026-08-31T19:28:45.614+00:00,0.258787,0.5778857320001407,sqs-worker-5986dcd897-x8rdl,ip-192-168-20-201.ec2.internal,c1fedae528209ea96c0d9a0f1dde8d1d9221357a678aa41bd9b6aaef50da564e,1,5220.0,5798.0
1,keda-mmpp-303-8519a57e,000060,41.718726,2026-08-31T19:28:45.554+00:00,2026-08-31T19:28:41.823+00:00,2026-08-31T19:28:45.698+00:00,2026-08-31T19:28:45.698+00:00,2026-08-31T19:28:46.509+00:00,2026-08-31T19:28:46.509+00:00,0.337552,0.8109318200004054,sqs-worker-5986dcd897-jx7w2,ip-192-168-20-201.ec2.internal,9224fc68f6fa12b21b9557b81d54b208f56508c50b3e95a01dd9c9bc29e0d2d1,1,3875.0,4686.0
1,keda-mmpp-303-8519a57e,000064,42.716181,2026-08-31T19:28:46.552+00:00,2026-08-31T19:28:42.789+00:00,2026-08-31T19:28:45.723+00:00,2026-08-31T19:28:45.723+00:00,2026-08-31T19:28:47.196+00:00,2026-08-31T19:28:47.196+00:00,0.587327,1.4738325930011342,sqs-worker-5986dcd897-x8rdl,ip-192-168-20-201.ec2.internal,a5c939e013359298032dacb841698227a6b50ba2be38daeeba91fbc95dd41b00,1,2934.0,4407.0
1,keda-mmpp-303-8519a57e,000059,41.34508,2026-08-31T19:28:45.181+00:00,2026-08-31T19:28:41.418+00:00,2026-08-31T19:28:47.223+00:00,2026-08-31T19:28:47.223+00:00,2026-08-31T19:28:47.498+00:00,2026-08-31T19:28:47.498+00:00,0.116622,0.27456480100045155,sqs-worker-5986dcd897-x8rdl,ip-192-168-20-201.ec2.internal,06ff46b7e0bb668ddc5d4030b1de58baae842a9e2cc4cbec25e22df17357c123,1,5805.0,6080.0
1,keda-mmpp-303-8519a57e,000070,45.454762,2026-08-31T19:28:49.290+00:00,2026-08-31T19:28:45.529+00:00,2026-08-31T19:28:47.359+00:00,2026-08-31T19:28:47.359+00:00,2026-08-31T19:28:47.396+00:00,2026-08-31T19:28:47.396+00:00,0.02156,0.03741196599912655,sqs-worker-5986dcd897-jx7w2,ip-192-168-20-201.ec2.internal,698fddbd496892efc175fb7e21ef8b09b3c753daea00cc11244d62df7a75739c,1,1830.0,1867.0
1,keda-mmpp-303-8519a57e,000075,46.748171,2026-08-31T19:28:50.584+00:00,2026-08-31T19:28:46.830+00:00,2026-08-31T19:28:47.515+00:00,2026-08-31T19:28:47.515+00:00,2026-08-31T19:28:47.586+00:00,2026-08-31T19:28:47.586+00:00,0.022612,0.07121696099966357,sqs-worker-5986dcd897-x8rdl,ip-192-168-20-201.ec2.internal,a05003fccd8311ae619568a0b5f3cebff136ac59a786dd9f9f5cfa7c5227ca92,1,685.0,756.0
1,keda-mmpp-303-8519a57e,000061,41.748126,2026-08-31T19:28:45.583+00:00,2026-08-31T19:28:41.822+00:00,2026-08-31T19:28:47.411+00:00,2026-08-31T19:28:47.411+00:00,2026-08-31T19:28:48.058+00:00,2026-08-31T19:28:48.058+00:00,0.256216,0.6468795969994972,sqs-worker-5986dcd897-jx7w2,ip-192-168-20-201.ec2.internal,289600ed4879fba7cc8129e8594f793e8d088571e625782f155737f34200ca66,1,5589.0,6236.0
1,keda-mmpp-303-8519a57e,000056,40.813026,2026-08-31T19:28:44.648+00:00,2026-08-31T19:28:40.886+00:00,2026-08-31T19:28:46.525+00:00,2026-08-31T19:28:46.525+00:00,2026-08-31T19:28:47.333+00:00,2026-08-31T19:28:47.333+00:00,0.321596,0.8080774870013556,sqs-worker-5986dcd897-jx7w2,ip-192-168-20-201.ec2.internal,0c725b2b75662957b6b337aba87520fef193f411c12ac7538a3c0ebdfc717eb2,1,5639.0,6447.0
1,keda-mmpp-303-8519a57e,000079,47.185316,2026-08-31T19:28:51.021+00:00,2026-08-31T19:28:47.264+00:00,2026-08-31T19:28:48.920+00:00,2026-08-31T19:28:48.920+00:00,2026-08-31T19:28:49.006+00:00,2026-08-31T19:28:49.006+00:00,0.032924,0.08623248000003514,sqs-worker-5986dcd897-jx7w2,ip-192-168-20-201.ec2.internal,a21f5559a1976ea444abee198f47137fb89d498f69a3230a4a00284e6156e5b1,1,1656.0,1742.0
1,keda-mmpp-303-8519a57e,000078,47.161195,2026-08-31T19:28:50.997+00:00,2026-08-31T19:28:47.234+00:00,2026-08-31T19:28:48.889+00:00,2026-08-31T19:28:48.889+00:00,2026-08-31T19:28:48.905+00:00,2026-08-31T19:28:48.905+00:00,0.016357,0.016400651998992544,sqs-worker-5986dcd897-jx7w2,ip-192-168-20-201.ec2.internal,b7d6a9773c71d21056a6ae582644f789009e2cf716bc6a06450a3f4fb1609d8f,1,1655.0,1671.0
1,keda-mmpp-303-8519a57e,000062,42.483935,2026-08-31T19:28:46.320+00:00,2026-08-31T19:28:42.563+00:00,2026-08-31T19:28:47.601+00:00,2026-08-31T19:28:47.601+00:00,2026-08-31T19:28:47.990+00:00,2026-08-31T19:28:47.990+00:00,0.159636,0.38893080100024235,sqs-worker-5986dcd897-x8rdl,ip-192-168-20-201.ec2.internal,c8538a19cbec85e6cc5b7832a272906a6fe86691a80570dd3a25eecf0fd606df,1,5038.0,5427.0
1,keda-mmpp-303-8519a57e,000067,44.031421,2026-08-31T19:28:47.867+00:00,2026-08-31T19:28:44.104+00:00,2026-08-31T19:28:48.071+00:00,2026-08-31T19:28:48.071+00:00,2026-08-31T19:28:48.862+00:00,2026-08-31T19:28:48.862+00:00,0.319428,0.7903847050001787,sqs-worker-5986dcd897-jx7w2,ip-192-168-20-201.ec2.internal,be549d117df1fef34e4e8da5d50f81998ad8eef6ff82f6c627be00e2af3e9d2e,1,3967.0,4758.0
1,keda-mmpp-303-8519a57e,000072,46.508705,2026-08-31T19:28:50.344+00:00,2026-08-31T19:28:46.585+00:00,2026-08-31T19:28:49.021+00:00,2026-08-31T19:28:49.021+00:00,2026-08-31T19:28:49.597+00:00,2026-08-31T19:28:49.597+00:00,0.229263,0.5758761860015511,sqs-worker-5986dcd897-jx7w2,ip-192-168-20-201.ec2.internal,af91a38457414f49367905a8aabf9d186b91f3775d952d42485bbffa835f9ced,1,2436.0,3012.0
1,keda-mmpp-303-8519a57e,000068,44.990007,2026-08-31T19:28:48.826+00:00,2026-08-31T19:28:45.065+00:00,2026-08-31T19:28:48.008+00:00,2026-08-31T19:28:48.008+00:00,2026-08-31T19:28:49.610+00:00,2026-08-31T19:28:49.610+00:00,0.655515,1.6028608389988221,sqs-worker-5986dcd897-x8rdl,ip-192-168-20-201.ec2.internal,c581da3299fe58ab31302a520759d7143878d1d7b9d7faa738fb1c21f079b5ce,1,2943.0,4545.0
1,keda-mmpp-303-8519a57e,000084,48.327469,2026-08-31T19:28:52.163+00:00,2026-08-31T19:28:48.431+00:00,2026-08-31T19:28:49.628+00:00,2026-08-31T19:28:49.628+00:00,2026-08-31T19:28:50.579+00:00,2026-08-31T19:28:50.579+00:00,0.195261,0.9504749179995997,sqs-worker-5986dcd897-x8rdl,ip-192-168-20-201.ec2.internal,776dbfd0c8b47038c8cea0b20cd90fe7dbf6dcce8ab2a136b7a45ca2a077c3e3,1,1197.0,2148.0
1,keda-mmpp-303-8519a57e,000040,37.69512,2026-08-31T19:28:41.532+00:00,2026-08-31T19:28:37.770+00:00,2026-08-31T19:28:49.613+00:00,2026-08-31T19:28:49.613+00:00,2026-08-31T19:28:50.262+00:00,2026-08-31T19:28:50.262+00:00,0.262818,0.6485799739984941,sqs-worker-5986dcd897-jx7w2,ip-192-168-20-201.ec2.internal,610051618bb05614f429eba966a39e5ded481d9dd30419207a5c74abbd05131f,1,11843.0,12492.0
1,keda-mmpp-303-8519a57e,000042,38.478637,2026-08-31T19:28:42.314+00:00,2026-08-31T19:28:38.557+00:00,2026-08-31T19:28:50.355+00:00,2026-08-31T19:28:50.355+00:00,2026-08-31T19:28:51.681+00:00,2026-08-31T19:28:51.681+00:00,0.548998,1.3253773599990382,sqs-worker-5986dcd897-jx7w2,ip-192-168-20-201.ec2.internal,c00d832cb47ee052c547c5ce1c214b3855e3df6ba13838b8c90447044f7f3a30,1,11798.0,13124.0
1,keda-mmpp-303-8519a57e,000088,49.035557,2026-08-31T19:28:52.871+00:00,2026-08-31T19:28:49.108+00:00,2026-08-31T19:28:51.705+00:00,2026-08-31T19:28:51.705+00:00,2026-08-31T19:28:51.796+00:00,2026-08-31T19:28:51.796+00:00,0.038458,0.09144815899890091,sqs-worker-5986dcd897-jx7w2,ip-192-168-20-201.ec2.internal,88283b5442b16a453c5bb73fbb88afba5668b9902a83570508c2d1046f0b22a5,1,2597.0,2688.0
1,keda-mmpp-303-8519a57e,000083,48.140516,2026-08-31T19:28:51.976+00:00,2026-08-31T19:28:48.217+00:00,2026-08-31T19:28:50.596+00:00,2026-08-31T19:28:50.596+00:00,2026-08-31T19:28:52.091+00:00,2026-08-31T19:28:52.091+00:00,0.302405,1.4948494870004652,sqs-worker-5986dcd897-x8rdl,ip-192-168-20-201.ec2.internal,70f290f3b4f52bcb031b2d7140e26dc643b03d788660787eaf9aa25132e90fd2,1,2379.0,3874.0
1,keda-mmpp-303-8519a57e,000055,40.805799,2026-08-31T19:28:44.641+00:00,2026-08-31T19:28:40.881+00:00,2026-08-31T19:28:52.187+00:00,2026-08-31T19:28:52.187+00:00,2026-08-31T19:28:52.590+00:00,2026-08-31T19:28:52.590+00:00,0.065462,0.4030898569999408,sqs-worker-5986dcd897-x8rdl,ip-192-168-20-201.ec2.internal,078fb0a1eaf146d7ae6c6e2bdaec413068b78eec9614fee303bf74afec738f7c,1,11306.0,11709.0
1,keda-mmpp-303-8519a57e,000090,49.948125,2026-08-31T19:28:53.784+00:00,2026-08-31T19:28:50.021+00:00,2026-08-31T19:28:51.815+00:00,2026-08-31T19:28:51.815+00:00,2026-08-31T19:28:52.567+00:00,2026-08-31T19:28:52.567+00:00,0.298521,0.7522546630007128,sqs-worker-5986dcd897-jx7w2,ip-192-168-20-201.ec2.internal,bb3a75719a72b7da5cbcc1fc4b59c84749d3ac1909f16136e3784026f05f9753,1,1794.0,2546.0
1,keda-mmpp-303-8519a57e,000066,43.450885,2026-08-31T19:28:47.287+00:00,2026-08-31T19:28:43.524+00:00,2026-08-31T19:28:52.583+00:00,2026-08-31T19:28:52.583+00:00,2026-08-31T19:28:52.962+00:00,2026-08-31T19:28:52.962+00:00,0.151544,0.37996212500002,sqs-worker-5986dcd897-jx7w2,ip-192-168-20-201.ec2.internal,c4fdf9c0d890c6dd602847403b018bcedd7ccae5a95cb4c6cb0624e27793332c,1,9059.0,9438.0
1,keda-mmpp-303-8519a57e,000044,39.178795,2026-08-31T19:28:43.014+00:00,2026-08-31T19:28:39.260+00:00,2026-08-31T19:28:52.610+00:00,2026-08-31T19:28:52.610+00:00,2026-08-31T19:28:53.096+00:00,2026-08-31T19:28:53.096+00:00,0.170796,0.4861765430014202,sqs-worker-5986dcd897-x8rdl,ip-192-168-20-201.ec2.internal,5365ee3401c6b3065ff84dfc90c65a3c40aed2d86cb0f99ae9eb39652650e265,1,13350.0,13836.0
1,keda-mmpp-303-8519a57e,000094,51.00738,2026-08-31T19:28:54.842+00:00,2026-08-31T19:28:51.080+00:00,2026-08-31T19:28:52.980+00:00,2026-08-31T19:28:52.981+00:00,2026-08-31T19:28:53.175+00:00,2026-08-31T19:28:53.175+00:00,0.088576,0.19493529600003967,sqs-worker-5986dcd897-jx7w2,ip-192-168-20-201.ec2.internal,7ae276f9269c701456a655b2762855f78230e4c306cfd667ec460e41de4781d5,1,1900.0,2095.0
1,keda-mmpp-303-8519a57e,000046,39.595275,2026-08-31T19:28:43.431+00:00,2026-08-31T19:28:39.671+00:00,2026-08-31T19:28:53.113+00:00,2026-08-31T19:28:53.113+00:00,2026-08-31T19:28:54.612+00:00,2026-08-31T19:28:54.612+00:00,0.611442,1.499752167999759,sqs-worker-5986dcd897-x8rdl,ip-192-168-20-201.ec2.internal,f017b6d870b5256da2aa9d1c02990970098681865c2f9121e3721871bf23c0e2,1,13442.0,14941.0
1,keda-mmpp-303-8519a57e,000101,52.893307,2026-08-31T19:28:56.727+00:00,2026-08-31T19:28:52.969+00:00,2026-08-31T19:28:54.630+00:00,2026-08-31T19:28:54.630+00:00,2026-08-31T19:28:55.087+00:00,2026-08-31T19:28:55.087+00:00,0.169925,0.45711142100117286,sqs-worker-5986dcd897-x8rdl,ip-192-168-20-201.ec2.internal,310794186dfc9b8898dcd3834e85f84152b593b61a1aa169787f89aaf3bf098b,1,1661.0,2118.0
1,keda-mmpp-303-8519a57e,000074,46.731623,2026-08-31T19:28:50.567+00:00,2026-08-31T19:28:46.808+00:00,2026-08-31T19:28:53.197+00:00,2026-08-31T19:28:53.197+00:00,2026-08-31T19:28:55.589+00:00,2026-08-31T19:28:55.589+00:00,0.717871,2.392754505999619,sqs-worker-5986dcd897-jx7w2,ip-192-168-20-201.ec2.internal,ab2804e27362c50b52056fd7161c98363f0aab271396432837e287c6c17dd43b,1,6389.0,8781.0
1,keda-mmpp-303-8519a57e,000086,48.423356,2026-08-31T19:28:52.259+00:00,2026-08-31T19:28:48.497+00:00,2026-08-31T19:28:55.666+00:00,2026-08-31T19:28:55.666+00:00,2026-08-31T19:28:55.694+00:00,2026-08-31T19:28:55.694+00:00,0.014036,0.027339963000486023,sqs-worker-5986dcd897-jx7w2,ip-192-168-20-201.ec2.internal,759a0b662b04a3799e44ca77efe6bdf05e83f60b8d66361e03f1f30ef3281d10,1,7169.0,7197.0
1,keda-mmpp-303-8519a57e,000071,45.672439,2026-08-31T19:28:49.508+00:00,2026-08-31T19:28:45.746+00:00,2026-08-31T19:28:55.796+00:00,2026-08-31T19:28:55.796+00:00,2026-08-31T19:28:56.163+00:00,2026-08-31T19:28:56.163+00:00,0.076859,0.3664140939999925,sqs-worker-5986dcd897-jx7w2,ip-192-168-20-201.ec2.internal,1743259f05757f7bd992ea14225c87de20d24bef13b3601c33c3bf6e969430c5,1,10050.0,10417.0
1,keda-mmpp-303-8519a57e,000047,39.61684,2026-08-31T19:28:43.452+00:00,2026-08-31T19:28:39.700+00:00,2026-08-31T19:28:55.103+00:00,2026-08-31T19:28:55.103+00:00,2026-08-31T19:28:56.485+00:00,2026-08-31T19:28:56.485+00:00,0.553972,1.382422619000863,sqs-worker-5986dcd897-x8rdl,ip-192-168-20-201.ec2.internal,d4c63cfde96e92e84fc06d47e8adfa1f2b8a52f7fc06476631a9bd705386f1cd,1,15403.0,16785.0
1,keda-mmpp-303-8519a57e,000051,39.928372,2026-08-31T19:28:43.764+00:00,2026-08-31T19:28:40.002+00:00,2026-08-31T19:28:55.761+00:00,2026-08-31T19:28:55.761+00:00,2026-08-31T19:28:55.767+00:00,2026-08-31T19:28:55.767+00:00,0.005,0.005062586998974439,sqs-worker-5986dcd897-jx7w2,ip-192-168-20-201.ec2.internal,5494d6ce5dfe29ad7476c03b998d3d03cbffec30796d296db0b35bd129f657b9,1,15759.0,15765.0
1,keda-mmpp-303-8519a57e,000069,45.19359,2026-08-31T19:28:49.029+00:00,2026-08-31T19:28:45.266+00:00,2026-08-31T19:28:56.507+00:00,2026-08-31T19:28:56.507+00:00,2026-08-31T19:28:56.794+00:00,2026-08-31T19:28:56.794+00:00,0.123104,0.28714885499903176,sqs-worker-5986dcd897-x8rdl,ip-192-168-20-201.ec2.internal,9d22a609ffc2a4a4aebde1992e569300b385b22758cf07b873f90413c9b5ce9f,1,11241.0,11528.0
1,keda-mmpp-303-8519a57e,000112,56.477843,2026-08-31T19:29:00.312+00:00,2026-08-31T19:28:56.550+00:00,2026-08-31T19:28:56.815+00:00,2026-08-31T19:28:56.815+00:00,2026-08-31T19:28:57.603+00:00,2026-08-31T19:28:57.603+00:00,0.331099,0.7884349019986985,sqs-worker-5986dcd897-x8rdl,ip-192-168-20-201.ec2.internal,0441ef1f55a49ab5a1523116ed210563430c07e9385edfe1cd5716669f1548ed,1,265.0,1053.0
1,keda-mmpp-303-8519a57e,000053,40.42843,2026-08-31T19:28:44.264+00:00,2026-08-31T19:28:40.502+00:00,2026-08-31T19:28:56.196+00:00,2026-08-31T19:28:56.196+00:00,2026-08-31T19:28:57.967+00:00,2026-08-31T19:28:57.967+00:00,0.312588,1.7709934790000261,sqs-worker-5986dcd897-jx7w2,ip-192-168-20-201.ec2.internal,4f87aea627586ddcd8a026d7c327f17f744ddc7ee7c80da654dd3cad7e777b17,1,15694.0,17465.0
1,keda-mmpp-303-8519a57e,000114,56.825697,2026-08-31T19:29:00.660+00:00,2026-08-31T19:28:56.907+00:00,2026-08-31T19:28:57.625+00:00,2026-08-31T19:28:57.625+00:00,2026-08-31T19:28:58.307+00:00,2026-08-31T19:28:58.307+00:00,0.269142,0.681888904000516,sqs-worker-5986dcd897-x8rdl,ip-192-168-20-201.ec2.internal,7b43510c3ce3c9adb1053e938fc148679e6492be0ac6d5eba8d1de1c14e6a8ab,1,718.0,1400.0
1,keda-mmpp-303-8519a57e,000089,49.129995,2026-08-31T19:28:52.965+00:00,2026-08-31T19:28:49.215+00:00,2026-08-31T19:28:57.993+00:00,2026-08-31T19:28:57.993+00:00,2026-08-31T19:28:59.668+00:00,2026-08-31T19:28:59.668+00:00,0.294252,1.6750456410009065,sqs-worker-5986dcd897-jx7w2,ip-192-168-20-201.ec2.internal,c88a68e7b03d0e9be6216b6257fe69443bdd4c7ce788236e6f0501c0d62ad50d,1,8778.0,10453.0
1,keda-mmpp-303-8519a57e,000104,53.644576,2026-08-31T19:28:57.479+00:00,2026-08-31T19:28:53.719+00:00,2026-08-31T19:28:58.329+00:00,2026-08-31T19:28:58.329+00:00,2026-08-31T19:28:59.699+00:00,2026-08-31T19:28:59.699+00:00,0.548485,1.3703246490003949,sqs-worker-5986dcd897-x8rdl,ip-192-168-20-201.ec2.internal,a14a51ed0b3bd59649e4975eda90d7376f1639457c459ffef6348ec514606e3e,1,4610.0,5980.0
1,keda-mmpp-303-8519a57e,000107,55.387104,2026-08-31T19:28:59.221+00:00,2026-08-31T19:28:55.466+00:00,2026-08-31T19:28:59.701+00:00,2026-08-31T19:28:59.701+00:00,2026-08-31T19:29:00.703+00:00,2026-08-31T19:29:00.703+00:00,0.279277,1.0013279329996294,sqs-worker-5986dcd897-jx7w2,ip-192-168-20-201.ec2.internal,688553609dddcbcbcf0b67babdc4161b8adab6a7bd23292768d74fe8d67af067,1,4235.0,5237.0
1,keda-mmpp-303-8519a57e,000076,46.839829,2026-08-31T19:28:50.675+00:00,2026-08-31T19:28:46.914+00:00,2026-08-31T19:29:00.718+00:00,2026-08-31T19:29:00.718+00:00,2026-08-31T19:29:00.900+00:00,2026-08-31T19:29:00.900+00:00,0.071814,0.18108697300158383,sqs-worker-5986dcd897-jx7w2,ip-192-168-20-201.ec2.internal,d4bb6b178d40ac12fafe06f0041fc01984d7013378b7e220073852b8fd386b3d,1,13804.0,13986.0
1,keda-mmpp-303-8519a57e,000080,47.396964,2026-08-31T19:28:51.232+00:00,2026-08-31T19:28:47.473+00:00,2026-08-31T19:28:59.784+00:00,2026-08-31T19:28:59.784+00:00,2026-08-31T19:29:01.692+00:00,2026-08-31T19:29:01.692+00:00,0.357298,1.9083867580011429,sqs-worker-5986dcd897-x8rdl,ip-192-168-20-201.ec2.internal,9539644107d5248b5669e488f14b5a9cbe96fbb88a4a09805012bb63828a37b5,1,12311.0,14219.0
1,keda-mmpp-303-8519a57e,000081,47.732605,2026-08-31T19:28:51.568+00:00,2026-08-31T19:28:47.809+00:00,2026-08-31T19:29:01.714+00:00,2026-08-31T19:29:01.714+00:00,2026-08-31T19:29:01.786+00:00,2026-08-31T19:29:01.786+00:00,0.005,0.0722072640000988,sqs-worker-5986dcd897-x8rdl,ip-192-168-20-201.ec2.internal,53ced9cc0090b52bd28ecb2e61571dd7a96ca42ba2e9b4fb71619149a9250b04,1,13905.0,13977.0
1,keda-mmpp-303-8519a57e,000077,47.010129,2026-08-31T19:28:50.846+00:00,2026-08-31T19:28:47.084+00:00,2026-08-31T19:29:00.916+00:00,2026-08-31T19:29:00.916+00:00,2026-08-31T19:29:02.256+00:00,2026-08-31T19:29:02.256+00:00,0.53124,1.3400896029997966,sqs-worker-5986dcd897-jx7w2,ip-192-168-20-201.ec2.internal,a142adc948440167cb1013db41da9c4af42ae9a56dd4fd919e1727d11476e653,1,13832.0,15172.0
1,keda-mmpp-303-8519a57e,000082,47.734379,2026-08-31T19:28:51.570+00:00,2026-08-31T19:28:47.807+00:00,2026-08-31T19:29:02.273+00:00,2026-08-31T19:29:02.273+00:00,2026-08-31T19:29:02.563+00:00,2026-08-31T19:29:02.563+00:00,0.122445,0.29022489999988466,sqs-worker-5986dcd897-jx7w2,ip-192-168-20-201.ec2.internal,3392c1a7f04d62aa04c873665c94f98e648a888dfc865f5812efce94661312ab,1,14466.0,14756.0
1,keda-mmpp-303-8519a57e,000087,48.4889,2026-08-31T19:28:52.324+00:00,2026-08-31T19:28:48.566+00:00,2026-08-31T19:29:01.925+00:00,2026-08-31T19:29:01.925+00:00,2026-08-31T19:29:02.607+00:00,2026-08-31T19:29:02.607+00:00,0.115419,0.6813958139991882,sqs-worker-5986dcd897-x8rdl,ip-192-168-20-201.ec2.internal,c5bfe962fafd0c8bd9aacc132ce95846bbdf99db78ca2a65ab9a587c9edba352,1,13359.0,14041.0
1,keda-mmpp-303-8519a57e,000111,55.997707,2026-08-31T19:28:59.832+00:00,2026-08-31T19:28:56.074+00:00,2026-08-31T19:29:02.624+00:00,2026-08-31T19:29:02.624+00:00,2026-08-31T19:29:03.520+00:00,2026-08-31T19:29:03.520+00:00,0.367594,0.8960379220006871,sqs-worker-5986dcd897-x8rdl,ip-192-168-20-201.ec2.internal,48ddb5d475adb4ab7b34c3f0d43794aefa1737aaa2c9275983f4fabb1b34d08d,1,6550.0,7446.0
1,keda-mmpp-303-8519a57e,000092,50.262289,2026-08-31T19:28:54.098+00:00,2026-08-31T19:28:50.334+00:00,2026-08-31T19:29:02.578+00:00,2026-08-31T19:29:02.578+00:00,2026-08-31T19:29:03.869+00:00,2026-08-31T19:29:03.869+00:00,0.522429,1.2912937630007946,sqs-worker-5986dcd897-jx7w2,ip-192-168-20-201.ec2.internal,d846db6ef6d048fc6a021d942bb882c6122d03e26054ecc7cffc72748243e207,1,12244.0,13535.0
1,keda-mmpp-303-8519a57e,000134,60.715391,2026-08-31T19:29:04.549+00:00,2026-08-31T19:29:00.789+00:00,2026-08-31T19:29:03.592+00:00,2026-08-31T19:29:03.593+00:00,2026-08-31T19:29:03.898+00:00,2026-08-31T19:29:03.898+00:00,0.128404,0.30557534800027497,sqs-worker-5986dcd897-x8rdl,ip-192-168-20-201.ec2.internal,9e6fa664b0f62300a61cbeab4e55a8d0db14b12314f2d73dd415783e7f55ba32,1,2803.0,3109.0
1,keda-mmpp-303-8519a57e,000093,50.462597,2026-08-31T19:28:54.298+00:00,2026-08-31T19:28:50.536+00:00,2026-08-31T19:29:03.907+00:00,2026-08-31T19:29:03.907+00:00,2026-08-31T19:29:03.919+00:00,2026-08-31T19:29:03.919+00:00,0.011814,0.01190736399985326,sqs-worker-5986dcd897-jx7w2,ip-192-168-20-201.ec2.internal,6182cb1903250684f0b9db957d567eb4cde9727e7c079f1fd236ce58a9e301e9,1,13371.0,13383.0
1,keda-mmpp-303-8519a57e,000095,51.302106,2026-08-31T19:28:55.136+00:00,2026-08-31T19:28:51.376+00:00,2026-08-31T19:29:03.956+00:00,2026-08-31T19:29:03.956+00:00,2026-08-31T19:29:04.061+00:00,2026-08-31T19:29:04.061+00:00,0.044977,0.1050609349986189,sqs-worker-5986dcd897-jx7w2,ip-192-168-20-201.ec2.internal,4414eb8e82f4aded64cd4d5c079c32c75b7ae7c95cba572f7fcb4aac67a7b3d8,1,12580.0,12685.0
1,keda-mmpp-303-8519a57e,000097,51.497556,2026-08-31T19:28:55.331+00:00,2026-08-31T19:28:51.576+00:00,2026-08-31T19:29:04.073+00:00,2026-08-31T19:29:04.073+00:00,2026-08-31T19:29:04.265+00:00,2026-08-31T19:29:04.265+00:00,0.078968,0.19111333500040928,sqs-worker-5986dcd897-jx7w2,ip-192-168-20-201.ec2.internal,97710e785328fe0cc2cfa58cfd3376883bd91fc05804b2c50bc593ceca63106b,1,12497.0,12689.0
1,keda-mmpp-303-8519a57e,000091,50.079235,2026-08-31T19:28:53.915+00:00,2026-08-31T19:28:50.152+00:00,2026-08-31T19:29:03.914+00:00,2026-08-31T19:29:03.914+00:00,2026-08-31T19:29:04.303+00:00,2026-08-31T19:29:04.303+00:00,0.163034,0.38893543999984104,sqs-worker-5986dcd897-x8rdl,ip-192-168-20-201.ec2.internal,6e160cdcf1ee4b85077fbab9122d44122d6f54713f6cdbeb42af8efcb306fe0a,1,13762.0,14151.0
1,keda-mmpp-303-8519a57e,000073,46.546332,2026-08-31T19:28:50.382+00:00,2026-08-31T19:28:46.618+00:00,2026-08-31T19:29:04.437+00:00,2026-08-31T19:29:04.437+00:00,2026-08-31T19:29:04.657+00:00,2026-08-31T19:29:04.657+00:00,0.089557,0.2199841559995548,sqs-worker-5986dcd897-jx7w2,ip-192-168-20-201.ec2.internal,ccc09975dfdf6ac50727fa51f87750b7ab2c1ad9c983b283f27608747366f4a1,1,17819.0,18039.0
1,keda-mmpp-303-8519a57e,000096,51.40892,2026-08-31T19:28:55.243+00:00,2026-08-31T19:28:51.485+00:00,2026-08-31T19:29:04.598+00:00,2026-08-31T19:29:04.598+00:00,2026-08-31T19:29:04.895+00:00,2026-08-31T19:29:04.895+00:00,0.125529,0.2968405689989595,sqs-worker-5986dcd897-x8rdl,ip-192-168-20-201.ec2.internal,836efd86c42b69c5659dd2bd4ef1fe08c6036bedbbfb1d5d38c957600a652071,1,13113.0,13410.0
1,keda-mmpp-303-8519a57e,000110,55.918109,2026-08-31T19:28:59.752+00:00,2026-08-31T19:28:55.993+00:00,2026-08-31T19:29:05.892+00:00,2026-08-31T19:29:05.892+00:00,2026-08-31T19:29:05.897+00:00,2026-08-31T19:29:05.897+00:00,0.005,0.005041718999564182,sqs-worker-5986dcd897-x8rdl,ip-192-168-20-201.ec2.internal,f4d7a1fac936e520dd0ef5f588332f3a4703687a8483781ddd8c708796297fdd,1,9899.0,9904.0
1,keda-mmpp-303-8519a57e,000098,51.567647,2026-08-31T19:28:55.402+00:00,2026-08-31T19:28:51.646+00:00,2026-08-31T19:29:04.280+00:00,2026-08-31T19:29:04.280+00:00,2026-08-31T19:29:04.403+00:00,2026-08-31T19:29:04.403+00:00,0.051727,0.12230368999917118,sqs-worker-5986dcd897-jx7w2,ip-192-168-20-201.ec2.internal,f9283f97d5b17c858cca871b2a3fcb2cc19744bbc3fb14a85e0cc6665d51d1c3,1,12634.0,12757.0
1,keda-mmpp-303-8519a57e,000109,55.71605,2026-08-31T19:28:59.550+00:00,2026-08-31T19:28:55.788+00:00,2026-08-31T19:29:05.300+00:00,2026-08-31T19:29:05.300+00:00,2026-08-31T19:29:05.819+00:00,2026-08-31T19:29:05.819+00:00,0.22879,0.5190880289992492,sqs-worker-5986dcd897-x8rdl,ip-192-168-20-201.ec2.internal,b028194fb68e7c99800808ff471716432791f710477da9fd513ecca1cb406c16,1,9512.0,10031.0
1,keda-mmpp-303-8519a57e,000138,61.022914,2026-08-31T19:29:04.857+00:00,2026-08-31T19:29:01.095+00:00,2026-08-31T19:29:06.188+00:00,2026-08-31T19:29:06.188+00:00,2026-08-31T19:29:06.288+00:00,2026-08-31T19:29:06.288+00:00,0.04441,0.10045174700098869,sqs-worker-5986dcd897-x8rdl,ip-192-168-20-201.ec2.internal,1a9a52e5272834ce8c5e49a8b12ed6e661a206b9486cc52d10a768beacd695e3,1,5093.0,5193.0
1,keda-mmpp-303-8519a57e,000108,55.514511,2026-08-31T19:28:59.348+00:00,2026-08-31T19:28:55.587+00:00,2026-08-31T19:29:05.917+00:00,2026-08-31T19:29:05.917+00:00,2026-08-31T19:29:06.090+00:00,2026-08-31T19:29:06.090+00:00,0.07566,0.1731165389992384,sqs-worker-5986dcd897-x8rdl,ip-192-168-20-201.ec2.internal,f4ec5b362d8bdd1405bc4bfdc0a380de44f1eeafe841382b0ca7c484a46d18fc,1,10330.0,10503.0
1,keda-mmpp-303-8519a57e,000100,52.52618,2026-08-31T19:28:56.361+00:00,2026-08-31T19:28:52.603+00:00,2026-08-31T19:29:04.319+00:00,2026-08-31T19:29:04.319+00:00,2026-08-31T19:29:04.584+00:00,2026-08-31T19:29:04.584+00:00,0.095981,0.26541096300024947,sqs-worker-5986dcd897-x8rdl,ip-192-168-20-201.ec2.internal,9d6343cdacc7c8a2c7d03b3ca21c41adadcdbba655c9d77a98b95f05613f56e2,1,11716.0,11981.0
1,keda-mmpp-303-8519a57e,000102,53.229244,2026-08-31T19:28:57.064+00:00,2026-08-31T19:28:53.310+00:00,2026-08-31T19:29:04.908+00:00,2026-08-31T19:29:04.908+00:00,2026-08-31T19:29:05.285+00:00,2026-08-31T19:29:05.285+00:00,0.14556,0.3769821200003207,sqs-worker-5986dcd897-x8rdl,ip-192-168-20-201.ec2.internal,93d7e01ea0eb94908af3c3e61a847f272850cbdab71b434caeeb9738672f1abc,1,11598.0,11975.0
1,keda-mmpp-303-8519a57e,000105,55.047381,2026-08-31T19:28:58.883+00:00,2026-08-31T19:28:55.120+00:00,2026-08-31T19:29:04.675+00:00,2026-08-31T19:29:04.675+00:00,2026-08-31T19:29:06.075+00:00,2026-08-31T19:29:06.075+00:00,0.574707,1.4005888780011446,sqs-worker-5986dcd897-jx7w2,ip-192-168-20-201.ec2.internal,f857a6cd44b5484aa9853c38bde77c74f27788e13042ff5a8775059cb4e05ba2,1,9555.0,10955.0
1,keda-mmpp-303-8519a57e,000123,58.848015,2026-08-31T19:29:02.682+00:00,2026-08-31T19:28:58.920+00:00,2026-08-31T19:29:06.303+00:00,2026-08-31T19:29:06.303+00:00,2026-08-31T19:29:06.501+00:00,2026-08-31T19:29:06.501+00:00,0.087293,0.19782178199966438,sqs-worker-5986dcd897-x8rdl,ip-192-168-20-201.ec2.internal,0c5759c5784c99863a2c01503a0737478cbf6ed3f774611febaef4dfb9f3ae86,1,7383.0,7581.0
1,keda-mmpp-303-8519a57e,000120,58.53091,2026-08-31T19:29:02.365+00:00,2026-08-31T19:28:58.605+00:00,2026-08-31T19:29:06.105+00:00,2026-08-31T19:29:06.105+00:00,2026-08-31T19:29:06.769+00:00,2026-08-31T19:29:06.769+00:00,0.268768,0.6639739130005182,sqs-worker-5986dcd897-jx7w2,ip-192-168-20-201.ec2.internal,9b8436531ac309b7bd3eb6e2cfe74def806a24a6934da8ba39a5ac07f5aff113,1,7500.0,8164.0
1,keda-mmpp-303-8519a57e,000129,59.541502,2026-08-31T19:29:03.375+00:00,2026-08-31T19:28:59.616+00:00,2026-08-31T19:29:07.436+00:00,2026-08-31T19:29:07.436+00:00,2026-08-31T19:29:07.522+00:00,2026-08-31T19:29:07.522+00:00,0.037295,0.08577010199951474,sqs-worker-5986dcd897-x8rdl,ip-192-168-20-201.ec2.internal,b39548ca8dc8d52476eb3fca18d39ef004374c15ec50ebab0cbd80432dd8ecb9,1,7820.0,7906.0
1,keda-mmpp-303-8519a57e,000085,48.343672,2026-08-31T19:28:52.179+00:00,2026-08-31T19:28:48.418+00:00,2026-08-31T19:29:07.584+00:00,2026-08-31T19:29:07.584+00:00,2026-08-31T19:29:07.613+00:00,2026-08-31T19:29:07.613+00:00,0.025683,0.02942590000020573,sqs-worker-5986dcd897-x8rdl,ip-192-168-20-201.ec2.internal,6b88657c6c33a2f344348d951e4828e0b46792c55ed74c3a41f57788b34704b2,1,19166.0,19195.0
1,keda-mmpp-303-8519a57e,000145,64.042382,2026-08-31T19:29:07.878+00:00,2026-08-31T19:29:04.119+00:00,2026-08-31T19:29:06.521+00:00,2026-08-31T19:29:06.521+00:00,2026-08-31T19:29:06.710+00:00,2026-08-31T19:29:06.710+00:00,0.084542,0.18890765799915243,sqs-worker-5986dcd897-x8rdl,ip-192-168-20-201.ec2.internal,3854cc3a1fea19161145f5c4415cfc6a654686138676bbd8451ae3b585340c6e,1,2402.0,2591.0
1,keda-mmpp-303-8519a57e,000103,53.279634,2026-08-31T19:28:57.114+00:00,2026-08-31T19:28:53.353+00:00,2026-08-31T19:29:06.730+00:00,2026-08-31T19:29:06.730+00:00,2026-08-31T19:29:07.421+00:00,2026-08-31T19:29:07.421+00:00,0.282033,0.6913352190003934,sqs-worker-5986dcd897-x8rdl,ip-192-168-20-201.ec2.internal,ae1d086552c27c92914d68ffdc26dfe2333d90fcb3becf12bd178385684caef4,1,13377.0,14068.0
1,keda-mmpp-303-8519a57e,000124,59.014626,2026-08-31T19:29:02.849+00:00,2026-08-31T19:28:59.087+00:00,2026-08-31T19:29:08.703+00:00,2026-08-31T19:29:08.703+00:00,2026-08-31T19:29:08.763+00:00,2026-08-31T19:29:08.763+00:00,0.007232,0.060039775000404916,sqs-worker-5986dcd897-jx7w2,ip-192-168-20-201.ec2.internal,3527df58073138a46cabc478c9f16163ae411e3f13949dbed55c7fc425bd84ef,1,9616.0,9676.0
1,keda-mmpp-303-8519a57e,000131,60.214647,2026-08-31T19:29:04.049+00:00,2026-08-31T19:29:00.286+00:00,2026-08-31T19:29:07.998+00:00,2026-08-31T19:29:07.998+00:00,2026-08-31T19:29:08.656+00:00,2026-08-31T19:29:08.656+00:00,0.110458,0.65801534899947,sqs-worker-5986dcd897-jx7w2,ip-192-168-20-201.ec2.internal,fa113e61eea9278decab26920c73c1c25040fdcffef75603992a0c5ed7a9794d,1,7712.0,8370.0
1,keda-mmpp-303-8519a57e,000130,59.687081,2026-08-31T19:29:03.521+00:00,2026-08-31T19:28:59.762+00:00,2026-08-31T19:29:07.631+00:00,2026-08-31T19:29:07.631+00:00,2026-08-31T19:29:08.892+00:00,2026-08-31T19:29:08.892+00:00,0.499276,1.2616794790010317,sqs-worker-5986dcd897-x8rdl,ip-192-168-20-201.ec2.internal,6dbee30cb4198b23c4576978b0979d4bf14000d844fb32f3699d9d4a1e25c91b,1,7869.0,9130.0
1,keda-mmpp-303-8519a57e,000147,68.019616,2026-08-31T19:29:11.855+00:00,2026-08-31T19:29:08.097+00:00,2026-08-31T19:29:08.920+00:00,2026-08-31T19:29:08.920+00:00,2026-08-31T19:29:09.310+00:00,2026-08-31T19:29:09.310+00:00,0.171557,0.39045720899957814,sqs-worker-5986dcd897-x8rdl,ip-192-168-20-201.ec2.internal,6c8acecf6f009667c5a7aaa291f808cbf101896e17f79e593e4420d051740d32,1,823.0,1213.0
1,keda-mmpp-303-8519a57e,000126,59.397223,2026-08-31T19:29:03.231+00:00,2026-08-31T19:28:59.469+00:00,2026-08-31T19:29:06.791+00:00,2026-08-31T19:29:06.791+00:00,2026-08-31T19:29:07.964+00:00,2026-08-31T19:29:07.964+00:00,0.358018,1.1727716059995146,sqs-worker-5986dcd897-jx7w2,ip-192-168-20-201.ec2.internal,9b5d7f224ed4b64cc5275d9fd515d50e570f5619778a8441c4c602bd537e115c,1,7322.0,8495.0
1,keda-mmpp-303-8519a57e,000115,57.350025,2026-08-31T19:29:01.184+00:00,2026-08-31T19:28:57.428+00:00,2026-08-31T19:29:09.328+00:00,2026-08-31T19:29:09.328+00:00,2026-08-31T19:29:09.983+00:00,2026-08-31T19:29:09.983+00:00,0.19419,0.6551596009994682,sqs-worker-5986dcd897-x8rdl,ip-192-168-20-201.ec2.internal,af50da89430dc5e7361d3bc570c0f424b62270d2293be83ed89340b65a874cc0,1,11900.0,12555.0
1,keda-mmpp-303-8519a57e,000117,57.614006,2026-08-31T19:29:01.448+00:00,2026-08-31T19:28:57.691+00:00,2026-08-31T19:29:06.107+00:00,2026-08-31T19:29:06.107+00:00,2026-08-31T19:29:06.133+00:00,2026-08-31T19:29:06.133+00:00,0.025328,0.02536697899995488,sqs-worker-5986dcd897-x8rdl,ip-192-168-20-201.ec2.internal,c989014addd3d37b2eb182af3c0ddb55112952c1fd9f0ec3c70c12d4ae79c454,1,8416.0,8442.0
1,keda-mmpp-303-8519a57e,000128,59.505161,2026-08-31T19:29:03.339+00:00,2026-08-31T19:28:59.579+00:00,2026-08-31T19:29:08.796+00:00,2026-08-31T19:29:08.796+00:00,2026-08-31T19:29:09.362+00:00,2026-08-31T19:29:09.362+00:00,0.098577,0.5655846600002405,sqs-worker-5986dcd897-jx7w2,ip-192-168-20-201.ec2.internal,f4f51739bed6e3e5136388fb2dd09b771074cce1644eb04611c196620568d906,1,9217.0,9783.0
1,keda-mmpp-303-8519a57e,000132,60.320826,2026-08-31T19:29:04.155+00:00,2026-08-31T19:29:00.392+00:00,2026-08-31T19:29:09.400+00:00,2026-08-31T19:29:09.400+00:00,2026-08-31T19:29:10.800+00:00,2026-08-31T19:29:10.800+00:00,0.366315,1.400022955998793,sqs-worker-5986dcd897-jx7w2,ip-192-168-20-201.ec2.internal,080d4092131a5323864ea4d0660db5c6f0ad652421b9b59a31afb37f4ca7150e,1,9008.0,10408.0
1,keda-mmpp-303-8519a57e,000099,51.78525,2026-08-31T19:28:55.619+00:00,2026-08-31T19:28:51.863+00:00,2026-08-31T19:29:10.086+00:00,2026-08-31T19:29:10.087+00:00,2026-08-31T19:29:10.994+00:00,2026-08-31T19:29:10.995+00:00,0.186552,0.908046156000637,sqs-worker-5986dcd897-x8rdl,ip-192-168-20-201.ec2.internal,e5d2d6fd9d3a6bb82560925dd904b1f69d0e7fd215e730558991f11ca715eab0,1,18223.0,19131.0
1,keda-mmpp-303-8519a57e,000116,57.571802,2026-08-31T19:29:01.406+00:00,2026-08-31T19:28:57.647+00:00,2026-08-31T19:29:11.076+00:00,2026-08-31T19:29:11.076+00:00,2026-08-31T19:29:12.066+00:00,2026-08-31T19:29:12.067+00:00,0.40313,0.9906947140007105,sqs-worker-5986dcd897-jx7w2,ip-192-168-20-201.ec2.internal,0ee4939a2c7c4ec755ae7c1bf8b32ffc3f19f678ce277bf1071a2b8aa2d0c907,1,13429.0,14419.0
1,keda-mmpp-303-8519a57e,000139,61.41286,2026-08-31T19:29:05.247+00:00,2026-08-31T19:29:01.485+00:00,2026-08-31T19:29:12.129+00:00,2026-08-31T19:29:12.129+00:00,2026-08-31T19:29:12.567+00:00,2026-08-31T19:29:12.567+00:00,0.187366,0.43828103200030455,sqs-worker-5986dcd897-jx7w2,ip-192-168-20-201.ec2.internal,3b30b469e35452a7e500dbedc3183d20cd84fe87f9dc654ccb77ae80c16f619d,1,10644.0,11082.0
1,keda-mmpp-303-8519a57e,000106,55.383445,2026-08-31T19:28:59.218+00:00,2026-08-31T19:28:55.456+00:00,2026-08-31T19:29:10.816+00:00,2026-08-31T19:29:10.816+00:00,2026-08-31T19:29:11.059+00:00,2026-08-31T19:29:11.059+00:00,0.092384,0.2430501130002085,sqs-worker-5986dcd897-jx7w2,ip-192-168-20-201.ec2.internal,533862c143b60f0d8f1b8c026d03fd912a3fbf8d1e9d08782bb585444d428c34,1,15360.0,15603.0
1,keda-mmpp-303-8519a57e,000133,60.639559,2026-08-31T19:29:04.474+00:00,2026-08-31T19:29:00.714+00:00,2026-08-31T19:29:12.086+00:00,2026-08-31T19:29:12.086+00:00,2026-08-31T19:29:12.091+00:00,2026-08-31T19:29:12.091+00:00,0.005,0.005056370999227511,sqs-worker-5986dcd897-jx7w2,ip-192-168-20-201.ec2.internal,21d6ee80248bd8e77ea17b165976a7c32692756aaf0587f499ffdf93377cbba4,1,11372.0,11377.0
1,keda-mmpp-303-8519a57e,000113,56.600423,2026-08-31T19:29:00.434+00:00,2026-08-31T19:28:56.679+00:00,2026-08-31T19:29:11.096+00:00,2026-08-31T19:29:11.096+00:00,2026-08-31T19:29:12.719+00:00,2026-08-31T19:29:12.719+00:00,0.341944,1.6222248800004309,sqs-worker-5986dcd897-x8rdl,ip-192-168-20-201.ec2.internal,a3696765c479a690677091acb2b746f3fd2662ae8eb2a8c3d3e334c6072dcdaa,1,14417.0,16040.0
1,keda-mmpp-303-8519a57e,000144,62.145695,2026-08-31T19:29:05.980+00:00,2026-08-31T19:29:02.224+00:00,2026-08-31T19:29:12.582+00:00,2026-08-31T19:29:12.582+00:00,2026-08-31T19:29:13.200+00:00,2026-08-31T19:29:13.200+00:00,0.247841,0.6188022290007211,sqs-worker-5986dcd897-jx7w2,ip-192-168-20-201.ec2.internal,3c586f87d1d692bb5531bd7fe6e1e5367d978687d5dce4cbf78df300550af25e,1,10358.0,10976.0
1,keda-mmpp-303-8519a57e,000119,57.84225,2026-08-31T19:29:01.676+00:00,2026-08-31T19:28:57.918+00:00,2026-08-31T19:29:13.229+00:00,2026-08-31T19:29:13.229+00:00,2026-08-31T19:29:13.522+00:00,2026-08-31T19:29:13.522+00:00,0.120706,0.29349079900021025,sqs-worker-5986dcd897-jx7w2,ip-192-168-20-201.ec2.internal,d2359c451e46269ca3c45b6abe8a16912eb6b29f4cdbc0f3ed3bc9cb6ccae378,1,15311.0,15604.0
1,keda-mmpp-303-8519a57e,000118,57.697792,2026-08-31T19:29:01.532+00:00,2026-08-31T19:28:57.772+00:00,2026-08-31T19:29:13.560+00:00,2026-08-31T19:29:13.560+00:00,2026-08-31T19:29:14.186+00:00,2026-08-31T19:29:14.186+00:00,0.251581,0.626374258999931,sqs-worker-5986dcd897-jx7w2,ip-192-168-20-201.ec2.internal,fda6d7a445b661b653565b4fe6fa6c3271bbc245111d03d4892f50ae79a6a7ea,1,15788.0,16414.0
1,keda-mmpp-303-8519a57e,000125,59.389452,2026-08-31T19:29:03.224+00:00,2026-08-31T19:28:59.468+00:00,2026-08-31T19:29:14.147+00:00,2026-08-31T19:29:14.148+00:00,2026-08-31T19:29:14.188+00:00,2026-08-31T19:29:14.188+00:00,0.012522,0.04036297699894931,sqs-worker-5986dcd897-x8rdl,ip-192-168-20-201.ec2.internal,914021a640b55c75b3a536c2c780b61478578e6970a70a73d64914307c5952b3,1,14679.0,14720.0
1,keda-mmpp-303-8519a57e,000140,61.66613,2026-08-31T19:29:05.500+00:00,2026-08-31T19:29:01.741+00:00,2026-08-31T19:29:12.739+00:00,2026-08-31T19:29:12.739+00:00,2026-08-31T19:29:12.914+00:00,2026-08-31T19:29:12.914+00:00,0.074032,0.17505263400016702,sqs-worker-5986dcd897-x8rdl,ip-192-168-20-201.ec2.internal,67114702c6f7a149c3bc8565077b220780ff9444752244782fb995700c625d07,1,10998.0,11173.0
1,keda-mmpp-303-8519a57e,000148,71.758508,2026-08-31T19:29:15.596+00:00,2026-08-31T19:29:11.833+00:00,2026-08-31T19:29:12.944+00:00,2026-08-31T19:29:12.944+00:00,2026-08-31T19:29:14.021+00:00,2026-08-31T19:29:14.021+00:00,0.424169,1.0773051180003677,sqs-worker-5986dcd897-x8rdl,ip-192-168-20-201.ec2.internal,f41fdd5d57b33210a725aa89a0ae7e9b64085849bc217f9478386709d5b09056,1,1111.0,2188.0
1,keda-mmpp-303-8519a57e,000151,73.728272,2026-08-31T19:29:17.563+00:00,2026-08-31T19:29:13.805+00:00,2026-08-31T19:29:14.055+00:00,2026-08-31T19:29:14.055+00:00,2026-08-31T19:29:14.116+00:00,2026-08-31T19:29:14.116+00:00,0.043172,0.060247401999731665,sqs-worker-5986dcd897-x8rdl,ip-192-168-20-201.ec2.internal,29feb1cd2a4ccd5f473da31e776ae23cc3361fd4ab1a76e653c1f8f574d08f57,1,250.0,311.0
1,keda-mmpp-303-8519a57e,000137,60.988311,2026-08-31T19:29:04.822+00:00,2026-08-31T19:29:01.060+00:00,2026-08-31T19:29:14.206+00:00,2026-08-31T19:29:14.206+00:00,2026-08-31T19:29:14.495+00:00,2026-08-31T19:29:14.495+00:00,0.116929,0.2896627409991197,sqs-worker-5986dcd897-x8rdl,ip-192-168-20-201.ec2.internal,a12e4c64d99315bf494ccc8b27e8af1acd4d4fba93a234b29aed4e1bd11b2a4d,1,13146.0,13435.0
1,keda-mmpp-303-8519a57e,000122,58.729331,2026-08-31T19:29:02.563+00:00,2026-08-31T19:28:58.801+00:00,2026-08-31T19:29:14.697+00:00,2026-08-31T19:29:14.697+00:00,2026-08-31T19:29:15.784+00:00,2026-08-31T19:29:15.784+00:00,0.436717,1.0867736729996977,sqs-worker-5986dcd897-x8rdl,ip-192-168-20-201.ec2.internal,5659306c6d4778035a48a785812c6d12c107910d1373b039f163412f1d2c7155,1,15896.0,16983.0
1,keda-mmpp-303-8519a57e,000121,58.557368,2026-08-31T19:29:02.391+00:00,2026-08-31T19:28:58.628+00:00,2026-08-31T19:29:14.223+00:00,2026-08-31T19:29:14.223+00:00,2026-08-31T19:29:14.569+00:00,2026-08-31T19:29:14.569+00:00,0.15678,0.34640105700054846,sqs-worker-5986dcd897-jx7w2,ip-192-168-20-201.ec2.internal,06fab04a20c3ec6f7a66bcca66bf3d28c88a24d268ea418b98f16c49413e25e7,1,15595.0,15941.0
1,keda-mmpp-303-8519a57e,000142,61.882496,2026-08-31T19:29:05.718+00:00,2026-08-31T19:29:01.962+00:00,2026-08-31T19:29:14.562+00:00,2026-08-31T19:29:14.562+00:00,2026-08-31T19:29:14.626+00:00,2026-08-31T19:29:14.626+00:00,0.049004,0.06386683100026858,sqs-worker-5986dcd897-x8rdl,ip-192-168-20-201.ec2.internal,491df7b17dfa73196e9de4e72033fd2fbd2f951dd379e0ce91513006b553d0b3,1,12600.0,12664.0
1,keda-mmpp-303-8519a57e,000136,60.979247,2026-08-31T19:29:04.813+00:00,2026-08-31T19:29:01.053+00:00,2026-08-31T19:29:16.313+00:00,2026-08-31T19:29:16.313+00:00,2026-08-31T19:29:16.376+00:00,2026-08-31T19:29:16.376+00:00,0.027863,0.06332449100045778,sqs-worker-5986dcd897-jx7w2,ip-192-168-20-201.ec2.internal,ceadb6b494d1765f16b469510a1ee23f909771daae871febbc88c8164a7bb9c0,1,15260.0,15323.0
1,keda-mmpp-303-8519a57e,000141,61.882011,2026-08-31T19:29:05.716+00:00,2026-08-31T19:29:01.962+00:00,2026-08-31T19:29:14.618+00:00,2026-08-31T19:29:14.618+00:00,2026-08-31T19:29:15.873+00:00,2026-08-31T19:29:15.873+00:00,0.510743,1.254952649000188,sqs-worker-5986dcd897-jx7w2,ip-192-168-20-201.ec2.internal,bd78fef8d2e9a772f8c968a07451f1b97e68e6ae12e42520dc7281c8b07068f2,1,12656.0,13911.0
1,keda-mmpp-303-8519a57e,000135,60.760267,2026-08-31T19:29:04.594+00:00,2026-08-31T19:29:00.835+00:00,2026-08-31T19:29:16.008+00:00,2026-08-31T19:29:16.008+00:00,2026-08-31T19:29:16.015+00:00,2026-08-31T19:29:16.015+00:00,0.006451,0.0064909550001175376,sqs-worker-5986dcd897-x8rdl,ip-192-168-20-201.ec2.internal,7684d9b8e99a78374b101547f552e077e2169e2849eaa4b0fa2b112ff1e2eb66,1,15173.0,15180.0
1,keda-mmpp-303-8519a57e,000155,76.017568,2026-08-31T19:29:19.851+00:00,2026-08-31T19:29:16.090+00:00,2026-08-31T19:29:16.205+00:00,2026-08-31T19:29:16.205+00:00,2026-08-31T19:29:16.911+00:00,2026-08-31T19:29:16.911+00:00,0.298146,0.7061166599996795,sqs-worker-5986dcd897-x8rdl,ip-192-168-20-201.ec2.internal,d6c8ed6b343a4f5031a9124f0d85907a42345884fffaa99fa3f56b64a28526a5,1,115.0,821.0
1,keda-mmpp-303-8519a57e,000152,75.465413,2026-08-31T19:29:19.301+00:00,2026-08-31T19:29:15.544+00:00,2026-08-31T19:29:15.685+00:00,2026-08-31T19:29:15.685+00:00,2026-08-31T19:29:16.730+00:00,2026-08-31T19:29:16.730+00:00,0.188702,1.0451585869996052,sqs-worker-5986dcd897-22bzz,ip-192-168-20-201.ec2.internal,7ed5d9cb78951d873074cf70153d2c03e126ff103ee29be61b95efcdd91f0c68,1,141.0,1186.0
1,keda-mmpp-303-8519a57e,000158,76.442048,2026-08-31T19:29:20.276+00:00,2026-08-31T19:29:16.518+00:00,2026-08-31T19:29:17.016+00:00,2026-08-31T19:29:17.016+00:00,2026-08-31T19:29:17.273+00:00,2026-08-31T19:29:17.273+00:00,0.10404,0.2568216100007703,sqs-worker-5986dcd897-jx7w2,ip-192-168-20-201.ec2.internal,47f9595ef49c8331e186f8645fe61651ed86db40c589484090f2f36215ce20c1,1,498.0,755.0
1,keda-mmpp-303-8519a57e,000153,75.796849,2026-08-31T19:29:19.631+00:00,2026-08-31T19:29:15.875+00:00,2026-08-31T19:29:16.392+00:00,2026-08-31T19:29:16.392+00:00,2026-08-31T19:29:16.996+00:00,2026-08-31T19:29:16.996+00:00,0.247054,0.6042680390000896,sqs-worker-5986dcd897-jx7w2,ip-192-168-20-201.ec2.internal,3eeba12eae1aa8d24b0d576b5e9d24a63224c7599f772a25f97c671b00da002a,1,517.0,1121.0
1,keda-mmpp-303-8519a57e,000149,72.658006,2026-08-31T19:29:16.493+00:00,2026-08-31T19:29:12.732+00:00,2026-08-31T19:29:15.635+00:00,2026-08-31T19:29:15.635+00:00,2026-08-31T19:29:17.549+00:00,2026-08-31T19:29:17.549+00:00,0.387673,1.9136480100005429,sqs-worker-5986dcd897-grkd2,ip-192-168-20-201.ec2.internal,95ffd71702d909c22db5d2fc22be89e6c01cfdd6d19731138d99abb797cea94e,1,2903.0,4817.0
1,keda-mmpp-303-8519a57e,000127,59.487828,2026-08-31T19:29:03.322+00:00,2026-08-31T19:28:59.563+00:00,2026-08-31T19:29:15.843+00:00,2026-08-31T19:29:15.843+00:00,2026-08-31T19:29:15.983+00:00,2026-08-31T19:29:15.983+00:00,0.062387,0.14006180300020787,sqs-worker-5986dcd897-x8rdl,ip-192-168-20-201.ec2.internal,61ad29d1bcf2ebf70c31a6bee94a35cdfa012da01dcf0f940969b351784a3194,1,16280.000000000002,16420.0
1,keda-mmpp-303-8519a57e,000154,75.946442,2026-08-31T19:29:19.780+00:00,2026-08-31T19:29:16.021+00:00,2026-08-31T19:29:16.029+00:00,2026-08-31T19:29:16.029+00:00,2026-08-31T19:29:16.184+00:00,2026-08-31T19:29:16.184+00:00,0.06592,0.1551710149997234,sqs-worker-5986dcd897-x8rdl,ip-192-168-20-201.ec2.internal,a49004ce5772873bea98e67f7f08d0868c4bfc37b8574657927437a407c2db8b,1,8.0,163.0
1,keda-mmpp-303-8519a57e,000150,72.689172,2026-08-31T19:29:16.523+00:00,2026-08-31T19:29:12.767+00:00,2026-08-31T19:29:15.889+00:00,2026-08-31T19:29:15.889+00:00,2026-08-31T19:29:16.275+00:00,2026-08-31T19:29:16.275+00:00,0.163745,0.3866268460005813,sqs-worker-5986dcd897-jx7w2,ip-192-168-20-201.ec2.internal,17a8efead0a625c44f2cff3168ec1703e6a071eadc2c6941083aec56aa3a1d74,1,3122.0,3508.0
1,keda-mmpp-303-8519a57e,000143,61.935391,2026-08-31T19:29:05.769+00:00,2026-08-31T19:29:02.015+00:00,2026-08-31T19:29:16.844+00:00,2026-08-31T19:29:16.844+00:00,2026-08-31T19:29:17.927+00:00,2026-08-31T19:29:17.927+00:00,0.193624,1.0829790089992457,sqs-worker-5986dcd897-22bzz,ip-192-168-20-201.ec2.internal,037453c6bf56ca0e4649c9c33d02943c7f3dfb615c480ca8758a45a1fb440f2b,1,14829.0,15912.0
1,keda-mmpp-303-8519a57e,000159,76.881044,2026-08-31T19:29:20.715+00:00,2026-08-31T19:29:16.952+00:00,2026-08-31T19:29:17.342+00:00,2026-08-31T19:29:17.342+00:00,2026-08-31T19:29:18.492+00:00,2026-08-31T19:29:18.492+00:00,0.234853,1.1502541060017393,sqs-worker-5986dcd897-jx7w2,ip-192-168-20-201.ec2.internal,f2f485440d2c193645d3b74ad6f8f837e81706082355cf848bb8b80cf5970fd0,1,390.0,1540.0
1,keda-mmpp-303-8519a57e,000160,77.488132,2026-08-31T19:29:21.323+00:00,2026-08-31T19:29:17.562+00:00,2026-08-31T19:29:18.882+00:00,2026-08-31T19:29:18.882+00:00,2026-08-31T19:29:19.050+00:00,2026-08-31T19:29:19.050+00:00,0.068246,0.1673104309993505,sqs-worker-5986dcd897-grkd2,ip-192-168-20-201.ec2.internal,2e76ce41b7b0e02edbf3b1808af5008450f03a9d757bc9f4a2055014838c5c6f,1,1320.0,1488.0
1,keda-mmpp-303-8519a57e,000161,77.524876,2026-08-31T19:29:21.359+00:00,2026-08-31T19:29:17.599+00:00,2026-08-31T19:29:17.640+00:00,2026-08-31T19:29:17.640+00:00,2026-08-31T19:29:18.857+00:00,2026-08-31T19:29:18.857+00:00,0.240849,1.2174535419999302,sqs-worker-5986dcd897-grkd2,ip-192-168-20-201.ec2.internal,f20746a2fb6cb896cb6fab1a83b980e3b7ac9a2b4765290618484df598796bd1,1,41.0,1258.0
1,keda-mmpp-303-8519a57e,000157,76.334299,2026-08-31T19:29:20.168+00:00,2026-08-31T19:29:16.411+00:00,2026-08-31T19:29:16.936+00:00,2026-08-31T19:29:16.936+00:00,2026-08-31T19:29:19.210+00:00,2026-08-31T19:29:19.210+00:00,0.911712,2.273717890999251,sqs-worker-5986dcd897-x8rdl,ip-192-168-20-201.ec2.internal,8a6be39204e50e67c3811f111b8db53ac9071ab6e1bcffda225c74dbf243e9fc,1,525.0,2799.0
1,keda-mmpp-303-8519a57e,000146,66.902278,2026-08-31T19:29:10.739+00:00,2026-08-31T19:29:06.991+00:00,2026-08-31T19:29:17.975+00:00,2026-08-31T19:29:17.975+00:00,2026-08-31T19:29:19.140+00:00,2026-08-31T19:29:19.140+00:00,0.33216,1.1647414319995733,sqs-worker-5986dcd897-22bzz,ip-192-168-20-201.ec2.internal,55588d78c1cecec613857db5121765b70beacd75e8bcde7b8abd2ff3a5a962c1,1,10984.0,12149.0
1,keda-mmpp-303-8519a57e,000156,76.249126,2026-08-31T19:29:20.083+00:00,2026-08-31T19:29:16.320+00:00,2026-08-31T19:29:18.571+00:00,2026-08-31T19:29:18.571+00:00,2026-08-31T19:29:19.565+00:00,2026-08-31T19:29:19.565+00:00,0.202897,0.9941005679993395,sqs-worker-5986dcd897-jx7w2,ip-192-168-20-201.ec2.internal,b89b658d6f8f98e2fc66cffd17301049d4b981fcd312dcc325ee3ad2dc25aab4,1,2251.0,3245.0
1,keda-mmpp-303-8519a57e,000163,80.110807,2026-08-31T19:29:23.945+00:00,2026-08-31T19:29:20.182+00:00,2026-08-31T19:29:20.188+00:00,2026-08-31T19:29:20.188+00:00,2026-08-31T19:29:20.485+00:00,2026-08-31T19:29:20.485+00:00,0.040963,0.2975781820005068,sqs-worker-5986dcd897-x8rdl,ip-192-168-20-201.ec2.internal,b854fc6e9714dac5ff85a92eb77ece9f179514ec9b186ef377469464c95d6ed6,1,6.0,303.0
1,keda-mmpp-303-8519a57e,000162,79.832822,2026-08-31T19:29:23.667+00:00,2026-08-31T19:29:19.903+00:00,2026-08-31T19:29:19.909+00:00,2026-08-31T19:29:19.909+00:00,2026-08-31T19:29:20.550+00:00,2026-08-31T19:29:20.550+00:00,0.281041,0.6410523430004105,sqs-worker-5986dcd897-grkd2,ip-192-168-20-201.ec2.internal,6853a22751b07fdf7cb6e14868c1d4b4de96afb0fd6a261ee03d112535c5f36a,1,6.0,647.0
1,keda-mmpp-303-8519a57e,000166,80.576974,2026-08-31T19:29:24.411+00:00,2026-08-31T19:29:20.647+00:00,2026-08-31T19:29:20.651+00:00,2026-08-31T19:29:20.651+00:00,2026-08-31T19:29:20.938+00:00,2026-08-31T19:29:20.938+00:00,0.126041,0.28716911300034553,sqs-worker-5986dcd897-grkd2,ip-192-168-20-201.ec2.internal,a39757f9547fdee516542e3abb5e406f3d071bb82062f8c4542222e835605fe7,1,4.0,291.0
1,keda-mmpp-303-8519a57e,000164,80.183426,2026-08-31T19:29:24.017+00:00,2026-08-31T19:29:20.256+00:00,2026-08-31T19:29:20.260+00:00,2026-08-31T19:29:20.260+00:00,2026-08-31T19:29:21.083+00:00,2026-08-31T19:29:21.083+00:00,0.344015,0.8234391599999071,sqs-worker-5986dcd897-22bzz,ip-192-168-20-201.ec2.internal,89e4150bcc2d64102f9bb33da5dcba08c89cd202ad001672c89cdf5d8d1b9a11,1,4.0,827.0
1,keda-mmpp-303-8519a57e,000165,80.395891,2026-08-31T19:29:24.230+00:00,2026-08-31T19:29:20.470+00:00,2026-08-31T19:29:20.474+00:00,2026-08-31T19:29:20.474+00:00,2026-08-31T19:29:21.057+00:00,2026-08-31T19:29:21.057+00:00,0.241457,0.5833185970004706,sqs-worker-5986dcd897-jx7w2,ip-192-168-20-201.ec2.internal,57d6ff3403e322b8da239059eab929631d1d0e7e35af3aca3f4741d441210efa,1,4.0,587.0
1,keda-mmpp-303-8519a57e,000169,80.889897,2026-08-31T19:29:24.724+00:00,2026-08-31T19:29:20.965+00:00,2026-08-31T19:29:21.093+00:00,2026-08-31T19:29:21.093+00:00,2026-08-31T19:29:21.213+00:00,2026-08-31T19:29:21.213+00:00,0.052291,0.119902764001381,sqs-worker-5986dcd897-jx7w2,ip-192-168-20-201.ec2.internal,300cafd2203c7baef54fa215677b9ff7c34ecf560c14ff22a4c0785cc9045f43,1,128.0,248.0
1,keda-mmpp-303-8519a57e,000170,81.091037,2026-08-31T19:29:24.923+00:00,2026-08-31T19:29:21.170+00:00,2026-08-31T19:29:21.173+00:00,2026-08-31T19:29:21.173+00:00,2026-08-31T19:29:21.278+00:00,2026-08-31T19:29:21.278+00:00,0.068883,0.1057939879992773,sqs-worker-5986dcd897-22bzz,ip-192-168-20-201.ec2.internal,e02447594f2a7886cb30ce223416778ff7be59dfd6af9d148a0f22253d58607b,1,3.0,108.0
1,keda-mmpp-303-8519a57e,000168,80.881891,2026-08-31T19:29:24.716+00:00,2026-08-31T19:29:20.957+00:00,2026-08-31T19:29:20.963+00:00,2026-08-31T19:29:20.963+00:00,2026-08-31T19:29:21.556+00:00,2026-08-31T19:29:21.556+00:00,0.253373,0.5922260379993531,sqs-worker-5986dcd897-grkd2,ip-192-168-20-201.ec2.internal,6e18d3680477d51efb9fa1f87611d222a3f5d02ef0f4ebba193ff97616ab5a6f,1,6.0,599.0
1,keda-mmpp-303-8519a57e,000171,81.366438,2026-08-31T19:29:25.199+00:00,2026-08-31T19:29:21.441+00:00,2026-08-31T19:29:21.445+00:00,2026-08-31T19:29:21.445+00:00,2026-08-31T19:29:21.632+00:00,2026-08-31T19:29:21.632+00:00,0.090667,0.1866848250010662,sqs-worker-5986dcd897-22bzz,ip-192-168-20-201.ec2.internal,7298a72b5ecf19c2b5b6a9311d85797a0aac7a75d26219c63b56aa5a2e79019b,1,4.0,191.0
1,keda-mmpp-303-8519a57e,000172,81.9735,2026-08-31T19:29:25.806+00:00,2026-08-31T19:29:22.048+00:00,2026-08-31T19:29:22.052+00:00,2026-08-31T19:29:22.052+00:00,2026-08-31T19:29:22.095+00:00,2026-08-31T19:29:22.095+00:00,0.043419,0.04348730800120393,sqs-worker-5986dcd897-x8rdl,ip-192-168-20-201.ec2.internal,43abc4254eeb8c93a62983f4ed6f79619c3ff2a52b52961cafb429b2c80c5906,1,4.0,47.0
1,keda-mmpp-303-8519a57e,000174,82.523037,2026-08-31T19:29:26.356+00:00,2026-08-31T19:29:22.600+00:00,2026-08-31T19:29:22.603+00:00,2026-08-31T19:29:22.603+00:00,2026-08-31T19:29:22.629+00:00,2026-08-31T19:29:22.629+00:00,0.026172,0.026227336000374635,sqs-worker-5986dcd897-x8rdl,ip-192-168-20-201.ec2.internal,2afa96d3de2ee212bb439b933b6bc0004c0a19f0babfb8d6b5ef3c548503e106,1,3.0,29.0
1,keda-mmpp-303-8519a57e,000167,80.770812,2026-08-31T19:29:24.605+00:00,2026-08-31T19:29:20.841+00:00,2026-08-31T19:29:20.877+00:00,2026-08-31T19:29:20.877+00:00,2026-08-31T19:29:21.989+00:00,2026-08-31T19:29:21.989+00:00,0.249228,1.1120830540003226,sqs-worker-5986dcd897-x8rdl,ip-192-168-20-201.ec2.internal,e532e32b08de84006d4062839b18d3be528c33586c0686dfd8e4b2691ffb8d9b,1,36.0,1148.0
1,keda-mmpp-303-8519a57e,000177,83.045124,2026-08-31T19:29:26.878+00:00,2026-08-31T19:29:23.119+00:00,2026-08-31T19:29:23.124+00:00,2026-08-31T19:29:23.124+00:00,2026-08-31T19:29:23.223+00:00,2026-08-31T19:29:23.223+00:00,0.042343,0.0995704230008414,sqs-worker-5986dcd897-22bzz,ip-192-168-20-201.ec2.internal,69001925503d40eba47fe2d55feed3d3c69d4f1b772616fc9fc51857dd177e45,1,5.0,104.0
1,keda-mmpp-303-8519a57e,000179,83.43478,2026-08-31T19:29:27.267+00:00,2026-08-31T19:29:23.512+00:00,2026-08-31T19:29:23.515+00:00,2026-08-31T19:29:23.515+00:00,2026-08-31T19:29:23.764+00:00,2026-08-31T19:29:23.764+00:00,0.13029,0.24885238199931337,sqs-worker-5986dcd897-grkd2,ip-192-168-20-201.ec2.internal,363cc60fa48eee7f298f37263f9fb6f877bcdf2510d3c60c7c4c1d0cbcf3fa17,1,3.0,252.0
1,keda-mmpp-303-8519a57e,000180,83.792847,2026-08-31T19:29:27.625+00:00,2026-08-31T19:29:23.863+00:00,2026-08-31T19:29:23.872+00:00,2026-08-31T19:29:23.872+00:00,2026-08-31T19:29:24.226+00:00,2026-08-31T19:29:24.226+00:00,0.15917,0.3544086920010159,sqs-worker-5986dcd897-grkd2,ip-192-168-20-201.ec2.internal,f9a22bce5d2e1dacc65744d5cbda1f4b6ca7b388cf921c1e013aabef7de81dba,1,9.0,363.0
1,keda-mmpp-303-8519a57e,000173,82.100047,2026-08-31T19:29:25.932+00:00,2026-08-31T19:29:22.173+00:00,2026-08-31T19:29:22.178+00:00,2026-08-31T19:29:22.178+00:00,2026-08-31T19:29:22.209+00:00,2026-08-31T19:29:22.209+00:00,0.030679,0.030720335000296473,sqs-worker-5986dcd897-22bzz,ip-192-168-20-201.ec2.internal,5e776eaac1df6a58118c62ed0b53396dc88b59f12f2d0bf9ff2eb931ba8ba616,1,5.0,36.0
1,keda-mmpp-303-8519a57e,000176,82.704123,2026-08-31T19:29:26.536+00:00,2026-08-31T19:29:22.782+00:00,2026-08-31T19:29:22.787+00:00,2026-08-31T19:29:22.787+00:00,2026-08-31T19:29:23.448+00:00,2026-08-31T19:29:23.448+00:00,0.295813,0.6610188499998912,sqs-worker-5986dcd897-grkd2,ip-192-168-20-201.ec2.internal,0509044eb8e206525522d453f7d5635d8372884cea9d8d967f72e494d949e8ac,1,5.0,666.0
1,keda-mmpp-303-8519a57e,000182,84.739622,2026-08-31T19:29:28.573+00:00,2026-08-31T19:29:24.810+00:00,2026-08-31T19:29:24.815+00:00,2026-08-31T19:29:24.815+00:00,2026-08-31T19:29:25.045+00:00,2026-08-31T19:29:25.045+00:00,0.114354,0.23077932200067153,sqs-worker-5986dcd897-22bzz,ip-192-168-20-201.ec2.internal,10feebc4065517cc5f62626aa87a432880a49a2a0ec7720d7a590f380f903d9f,1,5.0,235.0
1,keda-mmpp-303-8519a57e,000175,82.586907,2026-08-31T19:29:26.419+00:00,2026-08-31T19:29:22.657+00:00,2026-08-31T19:29:22.661+00:00,2026-08-31T19:29:22.661+00:00,2026-08-31T19:29:23.980+00:00,2026-08-31T19:29:23.980+00:00,0.544189,1.3188778809999349,sqs-worker-5986dcd897-jx7w2,ip-192-168-20-201.ec2.internal,13bab380a6f64b522eaa8330effe959eff335483834f8221c82df51d37ba35b8,1,4.0,1323.0
1,keda-mmpp-303-8519a57e,000178,83.348635,2026-08-31T19:29:27.182+00:00,2026-08-31T19:29:23.427+00:00,2026-08-31T19:29:23.431+00:00,2026-08-31T19:29:23.431+00:00,2026-08-31T19:29:23.710+00:00,2026-08-31T19:29:23.710+00:00,0.143906,0.27922368699910294,sqs-worker-5986dcd897-x8rdl,ip-192-168-20-201.ec2.internal,dd81df30008e2ccb7c2a525b2136b12e70033f8d16d9e0cff1e18a19973c9475,1,4.0,283.0
1,keda-mmpp-303-8519a57e,000185,85.108013,2026-08-31T19:29:28.940+00:00,2026-08-31T19:29:25.187+00:00,2026-08-31T19:29:25.191+00:00,2026-08-31T19:29:25.191+00:00,2026-08-31T19:29:25.940+00:00,2026-08-31T19:29:25.940+00:00,0.232972,0.7489381660016079,sqs-worker-5986dcd897-grkd2,ip-192-168-20-201.ec2.internal,700ca17cc7d01a67f0b48a0cafb0846f020ccfb445bb84eeea363e2840bc2f0c,1,4.0,753.0
1,keda-mmpp-303-8519a57e,000187,85.328039,2026-08-31T19:29:29.160+00:00,2026-08-31T19:29:25.402+00:00,2026-08-31T19:29:25.405+00:00,2026-08-31T19:29:25.405+00:00,2026-08-31T19:29:25.807+00:00,2026-08-31T19:29:25.807+00:00,0.184293,0.4020003639998322,sqs-worker-5986dcd897-jx7w2,ip-192-168-20-201.ec2.internal,efcd346812c072c08f8dc8573ef3180e61a6d3d907f351005404ecc785f9871a,1,3.0,405.0
1,keda-mmpp-303-8519a57e,000189,86.054624,2026-08-31T19:29:29.887+00:00,2026-08-31T19:29:26.124+00:00,2026-08-31T19:29:26.129+00:00,2026-08-31T19:29:26.129+00:00,2026-08-31T19:29:26.143+00:00,2026-08-31T19:29:26.143+00:00,0.013962,0.014056463000088115,sqs-worker-5986dcd897-jx7w2,ip-192-168-20-201.ec2.internal,fa149b9bfc0936e46202f709229f9adc9e10d8dbe7a09d4a342ce59860e19a02,1,5.0,19.0
1,keda-mmpp-303-8519a57e,000184,85.048568,2026-08-31T19:29:28.881+00:00,2026-08-31T19:29:25.121+00:00,2026-08-31T19:29:25.124+00:00,2026-08-31T19:29:25.124+00:00,2026-08-31T19:29:26.519+00:00,2026-08-31T19:29:26.519+00:00,0.590464,1.3952937520007254,sqs-worker-5986dcd897-x8rdl,ip-192-168-20-201.ec2.internal,60de4c558e7ea8cd8928fcc22ad162c73f6de3fda0424eb4b1aa1b961fbac552,1,3.0,1398.0
1,keda-mmpp-303-8519a57e,000192,86.535516,2026-08-31T19:29:30.370+00:00,2026-08-31T19:29:26.614+00:00,2026-08-31T19:29:26.617+00:00,2026-08-31T19:29:26.617+00:00,2026-08-31T19:29:26.921+00:00,2026-08-31T19:29:26.921+00:00,0.152591,0.30370759799916414,sqs-worker-5986dcd897-x8rdl,ip-192-168-20-201.ec2.internal,e0cdd4a8adb2c1a449b2b7951c3f3f75f62fd53452f1f83162ebfaee8747d656,1,3.0,307.0
1,keda-mmpp-303-8519a57e,000183,84.908321,2026-08-31T19:29:28.741+00:00,2026-08-31T19:29:24.986+00:00,2026-08-31T19:29:25.024+00:00,2026-08-31T19:29:25.024+00:00,2026-08-31T19:29:25.164+00:00,2026-08-31T19:29:25.164+00:00,0.082922,0.13920521399995778,sqs-worker-5986dcd897-jx7w2,ip-192-168-20-201.ec2.internal,e638807b526af2972479afe3bd15ac9a55d121127aa90b37a5d8785b3d4d4802,1,38.0,178.0
1,keda-mmpp-303-8519a57e,000191,86.320566,2026-08-31T19:29:30.153+00:00,2026-08-31T19:29:26.395+00:00,2026-08-31T19:29:26.407+00:00,2026-08-31T19:29:26.407+00:00,2026-08-31T19:29:26.941+00:00,2026-08-31T19:29:26.941+00:00,0.109697,0.53402628799995,sqs-worker-5986dcd897-grkd2,ip-192-168-20-201.ec2.internal,14e1dbc09026aef0a7129acb4ec312834b62a1d82405fe17bb74f6a597c367de,1,12.0,546.0
1,keda-mmpp-303-8519a57e,000195,87.013859,2026-08-31T19:29:30.846+00:00,2026-08-31T19:29:27.088+00:00,2026-08-31T19:29:27.133+00:00,2026-08-31T19:29:27.133+00:00,2026-08-31T19:29:27.138+00:00,2026-08-31T19:29:27.138+00:00,0.005,0.005191463000301155,sqs-worker-5986dcd897-grkd2,ip-192-168-20-201.ec2.internal,b128fb4c3498b508166b878cd88dee990a0e74edc56306123dd409878140e05f,1,45.0,50.0
1,keda-mmpp-303-8519a57e,000194,86.862287,2026-08-31T19:29:30.695+00:00,2026-08-31T19:29:26.935+00:00,2026-08-31T19:29:26.963+00:00,2026-08-31T19:29:26.963+00:00,2026-08-31T19:29:27.092+00:00,2026-08-31T19:29:27.092+00:00,0.056699,0.12918601599994872,sqs-worker-5986dcd897-x8rdl,ip-192-168-20-201.ec2.internal,d5d15fc154b7da223aefdabbb2d0dcdd4c766955ba6d7bbe02590c4cb67a9571,1,28.0,157.0
1,keda-mmpp-303-8519a57e,000190,86.286993,2026-08-31T19:29:30.119+00:00,2026-08-31T19:29:26.359+00:00,2026-08-31T19:29:26.362+00:00,2026-08-31T19:29:26.362+00:00,2026-08-31T19:29:26.683+00:00,2026-08-31T19:29:26.683+00:00,0.138336,0.3206063530014944,sqs-worker-5986dcd897-jx7w2,ip-192-168-20-201.ec2.internal,f15a88fdb4a1da9243f68afc9b862c47e33e86df5e94a17b4ff6070567f65e90,1,3.0,324.0
1,keda-mmpp-303-8519a57e,000181,83.987226,2026-08-31T19:29:27.820+00:00,2026-08-31T19:29:24.059+00:00,2026-08-31T19:29:24.063+00:00,2026-08-31T19:29:24.063+00:00,2026-08-31T19:29:24.476+00:00,2026-08-31T19:29:24.476+00:00,0.18062,0.41332120999868494,sqs-worker-5986dcd897-jx7w2,ip-192-168-20-201.ec2.internal,6a614a716bedadbf44695cde15e3d0dfa4a2afc62c43a1998c869391b621f03d,1,4.0,417.0
1,keda-mmpp-303-8519a57e,000186,85.266512,2026-08-31T19:29:29.099+00:00,2026-08-31T19:29:25.337+00:00,2026-08-31T19:29:25.340+00:00,2026-08-31T19:29:25.340+00:00,2026-08-31T19:29:25.359+00:00,2026-08-31T19:29:25.359+00:00,0.019197,0.019307931999719585,sqs-worker-5986dcd897-22bzz,ip-192-168-20-201.ec2.internal,532fd0a11f4ab2e75ec13880ec13bbc24cd0bb743cd964e7e5ad592056483ab7,1,3.0,22.0
1,keda-mmpp-303-8519a57e,000193,86.606407,2026-08-31T19:29:30.439+00:00,2026-08-31T19:29:26.676+00:00,2026-08-31T19:29:26.702+00:00,2026-08-31T19:29:26.702+00:00,2026-08-31T19:29:26.909+00:00,2026-08-31T19:29:26.909+00:00,0.097054,0.2072448479993909,sqs-worker-5986dcd897-jx7w2,ip-192-168-20-201.ec2.internal,406efbdbb97a381bf6cc76be0bd69b48b1a52d1607c6d1e1f3fa7e990821a4e6,1,26.0,233.0
1,keda-mmpp-303-8519a57e,000196,87.491458,2026-08-31T19:29:31.324+00:00,2026-08-31T19:29:27.568+00:00,2026-08-31T19:29:27.572+00:00,2026-08-31T19:29:27.572+00:00,2026-08-31T19:29:28.238+00:00,2026-08-31T19:29:28.238+00:00,0.287213,0.6664975919993594,sqs-worker-5986dcd897-grkd2,ip-192-168-20-201.ec2.internal,a79ea1fdc0cb7636cdae3a5ea8d5d96548f60666e7ad6395bbdbd0581fa12cba,1,4.0,670.0
1,keda-mmpp-303-8519a57e,000199,88.287902,2026-08-31T19:29:32.120+00:00,2026-08-31T19:29:28.358+00:00,2026-08-31T19:29:28.363+00:00,2026-08-31T19:29:28.363+00:00,2026-08-31T19:29:28.850+00:00,2026-08-31T19:29:28.850+00:00,0.210054,0.4869887919994653,sqs-worker-5986dcd897-grkd2,ip-192-168-20-201.ec2.internal,f39fae934482cf1f0d940ae7329df7b66d85b2d47a864d3681bb8e15e5577281,1,5.0,492.0
1,keda-mmpp-303-8519a57e,000202,88.661528,2026-08-31T19:29:32.494+00:00,2026-08-31T19:29:28.738+00:00,2026-08-31T19:29:28.881+00:00,2026-08-31T19:29:28.881+00:00,2026-08-31T19:29:29.079+00:00,2026-08-31T19:29:29.079+00:00,0.088992,0.19814252399919496,sqs-worker-5986dcd897-grkd2,ip-192-168-20-201.ec2.internal,fbbd46f82d387bcf537acc624caea268ffb66a7e1301eda2b83fdbf584a0f94d,1,143.0,341.0
1,keda-mmpp-303-8519a57e,000198,88.205427,2026-08-31T19:29:32.038+00:00,2026-08-31T19:29:28.280+00:00,2026-08-31T19:29:28.287+00:00,2026-08-31T19:29:28.287+00:00,2026-08-31T19:29:29.360+00:00,2026-08-31T19:29:29.361+00:00,0.201981,1.0739431040001364,sqs-worker-5986dcd897-jx7w2,ip-192-168-20-201.ec2.internal,7d161d4aec10b41956993561fa6273cdcb1adaf9397e917801b04f3e40f62028,1,7.0,1080.0
1,keda-mmpp-303-8519a57e,000201,88.521574,2026-08-31T19:29:32.354+00:00,2026-08-31T19:29:28.595+00:00,2026-08-31T19:29:28.709+00:00,2026-08-31T19:29:28.709+00:00,2026-08-31T19:29:29.140+00:00,2026-08-31T19:29:29.140+00:00,0.179193,0.4314088540013472,sqs-worker-5986dcd897-22bzz,ip-192-168-20-201.ec2.internal,0cc6d4e1b460fcb1b93b6a950ffbc6aefea5a240170544bc65522d4caae03bfd,1,114.0,545.0
1,keda-mmpp-303-8519a57e,000200,88.376038,2026-08-31T19:29:32.208+00:00,2026-08-31T19:29:28.452+00:00,2026-08-31T19:29:28.586+00:00,2026-08-31T19:29:28.586+00:00,2026-08-31T19:29:28.669+00:00,2026-08-31T19:29:28.669+00:00,0.015188,0.08300920100009535,sqs-worker-5986dcd897-22bzz,ip-192-168-20-201.ec2.internal,1269ec03c4ed5897c780150a9b378c325da5716e90e7d59ad110170610080df5,1,134.0,217.0
1,keda-mmpp-303-8519a57e,000188,85.354148,2026-08-31T19:29:29.186+00:00,2026-08-31T19:29:25.430+00:00,2026-08-31T19:29:25.433+00:00,2026-08-31T19:29:25.433+00:00,2026-08-31T19:29:28.522+00:00,2026-08-31T19:29:28.522+00:00,0.614006,3.0894895090004866,sqs-worker-5986dcd897-22bzz,ip-192-168-20-201.ec2.internal,94cd39d96c8293f0a9717bb6a7af5cf853a9a7ea2b27fb4dbfa61aebfcfd60b0,1,3.0,3092.0
1,keda-mmpp-303-8519a57e,000197,88.011504,2026-08-31T19:29:31.844+00:00,2026-08-31T19:29:28.082+00:00,2026-08-31T19:29:28.089+00:00,2026-08-31T19:29:28.089+00:00,2026-08-31T19:29:28.927+00:00,2026-08-31T19:29:28.927+00:00,0.330435,0.838129003001086,sqs-worker-5986dcd897-x8rdl,ip-192-168-20-201.ec2.internal,26d432017066f274d8e7aa4916af7348ede1be5e9161aa0ef30ae227724b6ceb,1,7.0,845.0
1,keda-mmpp-303-8519a57e,000203,88.672958,2026-08-31T19:29:32.505+00:00,2026-08-31T19:29:28.745+00:00,2026-08-31T19:29:29.026+00:00,2026-08-31T19:29:29.027+00:00,2026-08-31T19:29:29.788+00:00,2026-08-31T19:29:29.788+00:00,0.292849,0.7613960990001942,sqs-worker-5986dcd897-x8rdl,ip-192-168-20-201.ec2.internal,3ef6ffa6d52e841e17af1dada42058e7877f1ab041e4dc485ad586031c7bc64a,1,281.0,1043.0
1,keda-mmpp-303-8519a57e,000204,92.856876,2026-08-31T19:29:36.693+00:00,2026-08-31T19:29:32.931+00:00,2026-08-31T19:29:32.935+00:00,2026-08-31T19:29:32.935+00:00,2026-08-31T19:29:33.668+00:00,2026-08-31T19:29:33.668+00:00,0.31208,0.7324201120009093,sqs-worker-5986dcd897-jx7w2,ip-192-168-20-201.ec2.internal,fa954e37094bfc65e76443cdf716b7f96644ff22701d6eb2e10ef0da6ffdab39,1,4.0,737.0
1,keda-mmpp-303-8519a57e,000205,94.583279,2026-08-31T19:29:38.417+00:00,2026-08-31T19:29:34.654+00:00,2026-08-31T19:29:34.660+00:00,2026-08-31T19:29:34.660+00:00,2026-08-31T19:29:34.969+00:00,2026-08-31T19:29:34.969+00:00,0.134371,0.3098864900002809,sqs-worker-5986dcd897-22bzz,ip-192-168-20-201.ec2.internal,32807b40c02c190154fb5288ee300e8c220098c87cbdf9398467acfbe720abfa,1,6.0,315.0
1,keda-mmpp-303-8519a57e,000206,94.968647,2026-08-31T19:29:38.801+00:00,2026-08-31T19:29:35.040+00:00,2026-08-31T19:29:35.045+00:00,2026-08-31T19:29:35.045+00:00,2026-08-31T19:29:35.056+00:00,2026-08-31T19:29:35.056+00:00,0.011061,0.011129741000331705,sqs-worker-5986dcd897-x8rdl,ip-192-168-20-201.ec2.internal,575a198ad2e58c4c938d28355a259d511f0ef1daef448760cb89e598f16bf9f1,1,5.0,16.0
1,keda-mmpp-303-8519a57e,000207,95.463097,2026-08-31T19:29:39.296+00:00,2026-08-31T19:29:36.051+00:00,2026-08-31T19:29:36.062+00:00,2026-08-31T19:29:36.062+00:00,2026-08-31T19:29:36.112+00:00,2026-08-31T19:29:36.112+00:00,0.050001,0.050109624999095104,sqs-worker-5986dcd897-x8rdl,ip-192-168-20-201.ec2.internal,1bac3bbb7c0d196044f7eba4774e385982d25b30abff90603da84ce2c3749013,1,11.0,61.0
1,keda-mmpp-303-8519a57e,000209,99.170035,2026-08-31T19:29:43.003+00:00,2026-08-31T19:29:39.244+00:00,2026-08-31T19:29:39.246+00:00,2026-08-31T19:29:39.246+00:00,2026-08-31T19:29:39.311+00:00,2026-08-31T19:29:39.311+00:00,0.064739,0.06501100200148358,sqs-worker-5986dcd897-x8rdl,ip-192-168-20-201.ec2.internal,3403f6974f96fa4324ad01ad3791ee3b370ea0ba30407091df65bd480861e867,1,2.0,67.0
1,keda-mmpp-303-8519a57e,000208,98.47449,2026-08-31T19:29:42.310+00:00,2026-08-31T19:29:38.552+00:00,2026-08-31T19:29:38.556+00:00,2026-08-31T19:29:38.556+00:00,2026-08-31T19:29:39.984+00:00,2026-08-31T19:29:39.984+00:00,0.587625,1.4283407210004953,sqs-worker-5986dcd897-jx7w2,ip-192-168-20-201.ec2.internal,44b8d243bcb056a7be2ce3759285d7c5a7ecf891ee72340bd72cabf9db0c22cc,1,4.0,1432.0
1,keda-mmpp-303-8519a57e,000211,100.216817,2026-08-31T19:29:44.049+00:00,2026-08-31T19:29:40.293+00:00,2026-08-31T19:29:40.299+00:00,2026-08-31T19:29:40.299+00:00,2026-08-31T19:29:40.330+00:00,2026-08-31T19:29:40.330+00:00,0.020619,0.03069105199938349,sqs-worker-5986dcd897-jx7w2,ip-192-168-20-201.ec2.internal,5c014265f4a78b728aaccea6e396805e3a8925e3bbf0605dfd4345535c6b2344,1,6.0,37.0
1,keda-mmpp-303-8519a57e,000212,100.568623,2026-08-31T19:29:44.401+00:00,2026-08-31T19:29:40.640+00:00,2026-08-31T19:29:40.644+00:00,2026-08-31T19:29:40.644+00:00,2026-08-31T19:29:40.651+00:00,2026-08-31T19:29:40.651+00:00,0.006487,0.006601336001040181,sqs-worker-5986dcd897-22bzz,ip-192-168-20-201.ec2.internal,4dedcbaa61ff52cc6e639539de93f06781d7d8989b64545e0edce0aa60dd92b6,1,4.0,11.0
1,keda-mmpp-303-8519a57e,000215,100.684136,2026-08-31T19:29:44.516+00:00,2026-08-31T19:29:40.753+00:00,2026-08-31T19:29:40.759+00:00,2026-08-31T19:29:40.759+00:00,2026-08-31T19:29:41.002+00:00,2026-08-31T19:29:41.002+00:00,0.116705,0.2428293709999707,sqs-worker-5986dcd897-jx7w2,ip-192-168-20-201.ec2.internal,504894ba124ead77f854920d7ff6488322bb89b945e97b9dd133fa0bd7763d4b,1,6.0,249.0
1,keda-mmpp-303-8519a57e,000213,100.596501,2026-08-31T19:29:44.429+00:00,2026-08-31T19:29:40.711+00:00,2026-08-31T19:29:40.715+00:00,2026-08-31T19:29:40.715+00:00,2026-08-31T19:29:40.826+00:00,2026-08-31T19:29:40.826+00:00,0.054967,0.11067498900047212,sqs-worker-5986dcd897-22bzz,ip-192-168-20-201.ec2.internal,11eb5ee9f7d6b5e855216cc24c3f4008fcf48f079f6842472da283997b7f137b,1,4.0,115.0
1,keda-mmpp-303-8519a57e,000214,100.641496,2026-08-31T19:29:44.474+00:00,2026-08-31T19:29:40.714+00:00,2026-08-31T19:29:40.727+00:00,2026-08-31T19:29:40.727+00:00,2026-08-31T19:29:41.201+00:00,2026-08-31T19:29:41.201+00:00,0.148567,0.4747491540001647,sqs-worker-5986dcd897-x8rdl,ip-192-168-20-201.ec2.internal,db183069de48c62e935b3cb5c9c6ed249159bd0e5a47e68b8ff95c01e8554450,1,13.0,487.0
1,keda-mmpp-303-8519a57e,000218,101.219028,2026-08-31T19:29:45.051+00:00,2026-08-31T19:29:41.295+00:00,2026-08-31T19:29:41.303+00:00,2026-08-31T19:29:41.303+00:00,2026-08-31T19:29:41.429+00:00,2026-08-31T19:29:41.429+00:00,0.077991,0.1258687240006111,sqs-worker-5986dcd897-x8rdl,ip-192-168-20-201.ec2.internal,449077d96b76f1e3448386a654173f004730e07de1ca3eaf05a49b3bf8d4d09d,1,8.0,134.0
1,keda-mmpp-303-8519a57e,000217,100.970803,2026-08-31T19:29:44.803+00:00,2026-08-31T19:29:41.043+00:00,2026-08-31T19:29:41.066+00:00,2026-08-31T19:29:41.066+00:00,2026-08-31T19:29:42.073+00:00,2026-08-31T19:29:42.073+00:00,0.409708,1.007210584000859,sqs-worker-5986dcd897-jx7w2,ip-192-168-20-201.ec2.internal,c3f712d635c12b2f96ec73de7740038c7bc3b8e6f9c47667bb539e9513083871,1,23.0,1030.0
1,keda-mmpp-303-8519a57e,000219,101.358042,2026-08-31T19:29:45.190+00:00,2026-08-31T19:29:41.429+00:00,2026-08-31T19:29:41.512+00:00,2026-08-31T19:29:41.512+00:00,2026-08-31T19:29:42.295+00:00,2026-08-31T19:29:42.295+00:00,0.328252,0.7828369329999987,sqs-worker-5986dcd897-x8rdl,ip-192-168-20-201.ec2.internal,d840d8e42c929e7717935e9690771862dd66fafdbbfdb2f3d9c7278f39d87d41,1,83.0,866.0
1,keda-mmpp-303-8519a57e,000210,100.19659,2026-08-31T19:29:44.029+00:00,2026-08-31T19:29:40.270+00:00,2026-08-31T19:29:40.277+00:00,2026-08-31T19:29:40.277+00:00,2026-08-31T19:29:42.727+00:00,2026-08-31T19:29:42.727+00:00,1.0,2.4497011580006074,sqs-worker-5986dcd897-grkd2,ip-192-168-20-201.ec2.internal,f179f1291deafd90099ef8a46e21911483546d1ffadd3d778f3d7c5d9ce1acfe,1,7.0,2457.0
1,keda-mmpp-303-8519a57e,000220,101.424433,2026-08-31T19:29:45.257+00:00,2026-08-31T19:29:41.500+00:00,2026-08-31T19:29:42.121+00:00,2026-08-31T19:29:42.121+00:00,2026-08-31T19:29:42.556+00:00,2026-08-31T19:29:42.556+00:00,0.181565,0.4351175699994201,sqs-worker-5986dcd897-jx7w2,ip-192-168-20-201.ec2.internal,cc356f0464a1ee4876dfc1b483988c6c8990101b4c3b7771336f472277c6843d,1,621.0,1056.0
1,keda-mmpp-303-8519a57e,000216,100.864224,2026-08-31T19:29:44.697+00:00,2026-08-31T19:29:40.933+00:00,2026-08-31T19:29:40.951+00:00,2026-08-31T19:29:40.952+00:00,2026-08-31T19:29:42.627+00:00,2026-08-31T19:29:42.627+00:00,0.685345,1.6753507290013658,sqs-worker-5986dcd897-22bzz,ip-192-168-20-201.ec2.internal,f369df2645102efb2d9387654736c57cff9730f49e6fce717319cba61e60da24,1,18.0,1694.0
1,keda-mmpp-303-8519a57e,000222,102.776808,2026-08-31T19:29:46.609+00:00,2026-08-31T19:29:42.853+00:00,2026-08-31T19:29:42.856+00:00,2026-08-31T19:29:42.856+00:00,2026-08-31T19:29:43.270+00:00,2026-08-31T19:29:43.270+00:00,0.193439,0.4137336130006588,sqs-worker-5986dcd897-grkd2,ip-192-168-20-201.ec2.internal,f3156d33e2509a87a88cb7b23863e9861ee01fd1a1ff997608383a5eaa579d21,1,3.0,417.0
1,keda-mmpp-303-8519a57e,000224,103.131256,2026-08-31T19:29:46.963+00:00,2026-08-31T19:29:43.205+00:00,2026-08-31T19:29:43.208+00:00,2026-08-31T19:29:43.208+00:00,2026-08-31T19:29:43.421+00:00,2026-08-31T19:29:43.421+00:00,0.103158,0.21275816199886322,sqs-worker-5986dcd897-jx7w2,ip-192-168-20-201.ec2.internal,757223a1510cc4bd348feecb48cfbd8a2828d6597e889586a530fd469264febc,1,3.0,216.0
1,keda-mmpp-303-8519a57e,000225,103.535363,2026-08-31T19:29:47.368+00:00,2026-08-31T19:29:43.610+00:00,2026-08-31T19:29:43.612+00:00,2026-08-31T19:29:43.612+00:00,2026-08-31T19:29:43.738+00:00,2026-08-31T19:29:43.738+00:00,0.065871,0.1256027740000718,sqs-worker-5986dcd897-grkd2,ip-192-168-20-201.ec2.internal,0ccbfbe85404306fd4c40bac7c4d3c6055226aa7c1b20056493f95a5ddd1a89a,1,2.0,128.0
1,keda-mmpp-303-8519a57e,000229,104.472973,2026-08-31T19:29:48.305+00:00,2026-08-31T19:29:44.569+00:00,2026-08-31T19:29:44.573+00:00,2026-08-31T19:29:44.573+00:00,2026-08-31T19:29:44.606+00:00,2026-08-31T19:29:44.606+00:00,0.033096,0.033146309999210644,sqs-worker-5986dcd897-grkd2,ip-192-168-20-201.ec2.internal,1e69bea16ac1a47ee9a1cf41919bfc7250d8c251f8830e2cb0fcf880578af753,1,4.0,37.0
1,keda-mmpp-303-8519a57e,000223,103.104723,2026-08-31T19:29:46.937+00:00,2026-08-31T19:29:43.174+00:00,2026-08-31T19:29:43.178+00:00,2026-08-31T19:29:43.178+00:00,2026-08-31T19:29:43.776+00:00,2026-08-31T19:29:43.776+00:00,0.260545,0.5979858850005257,sqs-worker-5986dcd897-22bzz,ip-192-168-20-201.ec2.internal,5b3e9b30bf9d65abe912344420a1a7c27c5d5e598c529ca11d5dfe0fef8e11c1,1,4.0,602.0
1,keda-mmpp-303-8519a57e,000232,105.167856,2026-08-31T19:29:49.000+00:00,2026-08-31T19:29:45.239+00:00,2026-08-31T19:29:45.243+00:00,2026-08-31T19:29:45.243+00:00,2026-08-31T19:29:45.486+00:00,2026-08-31T19:29:45.486+00:00,0.115241,0.24358640399987053,sqs-worker-5986dcd897-jx7w2,ip-192-168-20-201.ec2.internal,af255afe192735767c59bce687679c7a111716d07e470c4810fb8845fc92f63d,1,4.0,247.0
1,keda-mmpp-303-8519a57e,000221,102.730149,2026-08-31T19:29:46.564+00:00,2026-08-31T19:29:42.807+00:00,2026-08-31T19:29:42.811+00:00,2026-08-31T19:29:42.811+00:00,2026-08-31T19:29:43.607+00:00,2026-08-31T19:29:43.607+00:00,0.342043,0.7964000510000915,sqs-worker-5986dcd897-x8rdl,ip-192-168-20-201.ec2.internal,dd617aef801e75b8330dff84988d258efe90f9056f8ee542607e1d9ced659475,1,4.0,800.0
1,keda-mmpp-303-8519a57e,000228,104.336406,2026-08-31T19:29:48.169+00:00,2026-08-31T19:29:44.407+00:00,2026-08-31T19:29:44.411+00:00,2026-08-31T19:29:44.411+00:00,2026-08-31T19:29:44.990+00:00,2026-08-31T19:29:44.990+00:00,0.242596,0.5790209509996203,sqs-worker-5986dcd897-jx7w2,ip-192-168-20-201.ec2.internal,a4ea37de405aac8eaf918394f9fb0d3002b6d69fd6f65ed9cbdfb5bda11a122a,1,4.0,583.0
1,keda-mmpp-303-8519a57e,000235,105.885866,2026-08-31T19:29:49.718+00:00,2026-08-31T19:29:45.954+00:00,2026-08-31T19:29:45.967+00:00,2026-08-31T19:29:45.967+00:00,2026-08-31T19:29:45.972+00:00,2026-08-31T19:29:45.972+00:00,0.005,0.005066941999757546,sqs-worker-5986dcd897-jx7w2,ip-192-168-20-201.ec2.internal,aee811ff65f43cdd587f0771a92d302bf5cc2aaf5b0e9d51fb48645637be5786,1,13.0,18.0
1,keda-mmpp-303-8519a57e,000226,103.747265,2026-08-31T19:29:47.580+00:00,2026-08-31T19:29:43.825+00:00,2026-08-31T19:29:43.829+00:00,2026-08-31T19:29:43.829+00:00,2026-08-31T19:29:44.306+00:00,2026-08-31T19:29:44.306+00:00,0.21856,0.47752468299950124,sqs-worker-5986dcd897-jx7w2,ip-192-168-20-201.ec2.internal,22763a98753d5dc2dce9b00aa982e104f18fedb370f5c0588044c325277c6fc3,1,4.0,481.0
1,keda-mmpp-303-8519a57e,000231,105.165911,2026-08-31T19:29:48.998+00:00,2026-08-31T19:29:45.234+00:00,2026-08-31T19:29:45.238+00:00,2026-08-31T19:29:45.238+00:00,2026-08-31T19:29:45.539+00:00,2026-08-31T19:29:45.539+00:00,0.127234,0.3016739520007832,sqs-worker-5986dcd897-grkd2,ip-192-168-20-201.ec2.internal,78d58b46dea8f4eb588e2f418cf9d4eb3363cbbbc535b7cd6e1ba503aee9ed9a,1,4.0,305.0
1,keda-mmpp-303-8519a57e,000230,104.915317,2026-08-31T19:29:48.748+00:00,2026-08-31T19:29:45.531+00:00,2026-08-31T19:29:45.540+00:00,2026-08-31T19:29:45.540+00:00,2026-08-31T19:29:45.678+00:00,2026-08-31T19:29:45.678+00:00,0.063571,0.1373975740007154,sqs-worker-5986dcd897-jx7w2,ip-192-168-20-201.ec2.internal,b6ce4f397a07fb8a302a647f00aa7e7c4e5b0e3e9031518b2379a1948e4f8cab,1,9.0,147.0
1,keda-mmpp-303-8519a57e,000234,105.473421,2026-08-31T19:29:49.306+00:00,2026-08-31T19:29:45.546+00:00,2026-08-31T19:29:45.551+00:00,2026-08-31T19:29:45.551+00:00,2026-08-31T19:29:46.057+00:00,2026-08-31T19:29:46.057+00:00,0.096024,0.5055592570006411,sqs-worker-5986dcd897-22bzz,ip-192-168-20-201.ec2.internal,bed6861b70c4759be0c2144cf212a91a99a174ebbbe3369d61f944ccd0c9a10a,1,5.0,511.0
1,keda-mmpp-303-8519a57e,000237,106.154039,2026-08-31T19:29:49.986+00:00,2026-08-31T19:29:46.231+00:00,2026-08-31T19:29:46.256+00:00,2026-08-31T19:29:46.257+00:00,2026-08-31T19:29:46.431+00:00,2026-08-31T19:29:46.431+00:00,0.035438,0.17417067000133102,sqs-worker-5986dcd897-22bzz,ip-192-168-20-201.ec2.internal,3470fda5e8eaf9f0947b977da0dcd5b1d3401c63c83d02d596a8d7a16959679b,1,25.0,200.0
1,keda-mmpp-303-8519a57e,000239,106.671064,2026-08-31T19:29:50.503+00:00,2026-08-31T19:29:46.741+00:00,2026-08-31T19:29:46.744+00:00,2026-08-31T19:29:46.744+00:00,2026-08-31T19:29:46.845+00:00,2026-08-31T19:29:46.845+00:00,0.025236,0.100658661000125,sqs-worker-5986dcd897-grkd2,ip-192-168-20-201.ec2.internal,a0ac295cc6a99935b0992d37036f51081b98f179698a0949425f6eb0db2f07b5,1,3.0,104.0
1,keda-mmpp-303-8519a57e,000241,107.36127,2026-08-31T19:29:51.194+00:00,2026-08-31T19:29:47.433+00:00,2026-08-31T19:29:47.438+00:00,2026-08-31T19:29:47.438+00:00,2026-08-31T19:29:47.909+00:00,2026-08-31T19:29:47.910+00:00,0.2124,0.4714963100013847,sqs-worker-5986dcd897-x8rdl,ip-192-168-20-201.ec2.internal,cdceab6157087714ab80fa4cd55f41df0a271bcbc49169ad81f66db89a6f1771,1,5.0,476.0
1,keda-mmpp-303-8519a57e,000227,104.089058,2026-08-31T19:29:47.922+00:00,2026-08-31T19:29:44.160+00:00,2026-08-31T19:29:44.163+00:00,2026-08-31T19:29:44.163+00:00,2026-08-31T19:29:44.764+00:00,2026-08-31T19:29:44.764+00:00,0.24858,0.6010226369999145,sqs-worker-5986dcd897-22bzz,ip-192-168-20-201.ec2.internal,a0bcdea197303a31335b2f388aff23eebe6cac7a56535a8d662a0e4510a0ad2f,1,3.0,604.0
1,keda-mmpp-303-8519a57e,000233,105.330565,2026-08-31T19:29:49.165+00:00,2026-08-31T19:29:45.428+00:00,2026-08-31T19:29:45.432+00:00,2026-08-31T19:29:45.432+00:00,2026-08-31T19:29:45.700+00:00,2026-08-31T19:29:45.700+00:00,0.132365,0.26851206100036507,sqs-worker-5986dcd897-x8rdl,ip-192-168-20-201.ec2.internal,584976b4e89face98e74f445cb97ee7b47e9fab655ed7e8185cf0c68748a2354,1,4.0,272.0
1,keda-mmpp-303-8519a57e,000236,106.050368,2026-08-31T19:29:49.883+00:00,2026-08-31T19:29:46.118+00:00,2026-08-31T19:29:46.166+00:00,2026-08-31T19:29:46.166+00:00,2026-08-31T19:29:46.253+00:00,2026-08-31T19:29:46.253+00:00,0.021182,0.08726781899895286,sqs-worker-5986dcd897-grkd2,ip-192-168-20-201.ec2.internal,61b9ac4497e60c2e6081891f0256e5d7f42536f4730294a93b7c74a94241e528,1,48.0,135.0
1,keda-mmpp-303-8519a57e,000240,106.976012,2026-08-31T19:29:50.808+00:00,2026-08-31T19:29:47.047+00:00,2026-08-31T19:29:47.051+00:00,2026-08-31T19:29:47.051+00:00,2026-08-31T19:29:47.255+00:00,2026-08-31T19:29:47.255+00:00,0.085093,0.2034180880000349,sqs-worker-5986dcd897-grkd2,ip-192-168-20-201.ec2.internal,b5e050ec8f957356a0dee8f5d948e581e486f3613b470689f96a6822c84e4177,1,4.0,208.0
1,keda-mmpp-303-8519a57e,000238,106.621622,2026-08-31T19:29:50.454+00:00,2026-08-31T19:29:46.694+00:00,2026-08-31T19:29:46.698+00:00,2026-08-31T19:29:46.698+00:00,2026-08-31T19:29:47.964+00:00,2026-08-31T19:29:47.964+00:00,0.242538,1.2665662910003448,sqs-worker-5986dcd897-22bzz,ip-192-168-20-201.ec2.internal,e3f90963ae10c49cb5e515b0a03b8e77b4487bb0b2858f8a409923e7c7003435,1,4.0,1270.0
1,keda-mmpp-303-8519a57e,000242,110.880833,2026-08-31T19:29:54.717+00:00,2026-08-31T19:29:50.958+00:00,2026-08-31T19:29:50.963+00:00,2026-08-31T19:29:50.963+00:00,2026-08-31T19:29:51.090+00:00,2026-08-31T19:29:51.090+00:00,0.071465,0.1269325410012243,sqs-worker-5986dcd897-jx7w2,ip-192-168-20-201.ec2.internal,08c7b252c91700fd2654731e6795cb4cae4a4a612ee850df556ae67200d2c44d,1,5.0,132.0
1,keda-mmpp-303-8519a57e,000243,111.097721,2026-08-31T19:29:54.928+00:00,2026-08-31T19:29:51.169+00:00,2026-08-31T19:29:51.172+00:00,2026-08-31T19:29:51.172+00:00,2026-08-31T19:29:51.376+00:00,2026-08-31T19:29:51.376+00:00,0.10069,0.20359399299923098,sqs-worker-5986dcd897-22bzz,ip-192-168-20-201.ec2.internal,862eabc12478a5998d7c5fe3f1c6edfd59b955cb429bcfcc92d89e463f6f0c44,1,3.0,207.0
1,keda-mmpp-303-8519a57e,000244,114.81968,2026-08-31T19:29:58.653+00:00,2026-08-31T19:29:54.893+00:00,2026-08-31T19:29:54.897+00:00,2026-08-31T19:29:54.897+00:00,2026-08-31T19:29:55.220+00:00,2026-08-31T19:29:55.220+00:00,0.151772,0.32319908600038616,sqs-worker-5986dcd897-jx7w2,ip-192-168-20-201.ec2.internal,617d599cb62da95ff2ca609f1c17c5041098c6ce4f960e8c9025dda2b9ab25c0,1,4.0,327.0
1,keda-mmpp-303-8519a57e,000245,115.810413,2026-08-31T19:29:59.642+00:00,2026-08-31T19:29:55.887+00:00,2026-08-31T19:29:55.890+00:00,2026-08-31T19:29:55.890+00:00,2026-08-31T19:29:56.296+00:00,2026-08-31T19:29:56.296+00:00,0.167461,0.40602261799904227,sqs-worker-5986dcd897-jx7w2,ip-192-168-20-201.ec2.internal,269d3ca3bdc097296ba1a7c789ce4f6cf2a8c7009aaaf43a0cf372bdde0748b0,1,3.0,409.0
1,keda-mmpp-303-8519a57e,000246,119.356466,2026-08-31T19:30:03.190+00:00,2026-08-31T19:29:59.435+00:00,2026-08-31T19:29:59.439+00:00,2026-08-31T19:29:59.439+00:00,2026-08-31T19:29:59.663+00:00,2026-08-31T19:29:59.663+00:00,0.110757,0.2242225319987483,sqs-worker-5986dcd897-grkd2,ip-192-168-20-201.ec2.internal,8674b8f497648aa802c1c6a779f5d31a5db8e0ff7d2dc6fc0e0f0a5260647a74,1,4.0,228.0
1,keda-mmpp-303-8519a57e,000247,119.92568,2026-08-31T19:30:03.756+00:00,2026-08-31T19:29:59.996+00:00,2026-08-31T19:30:00.000+00:00,2026-08-31T19:30:00.000+00:00,2026-08-31T19:30:01.425+00:00,2026-08-31T19:30:01.425+00:00,0.589195,1.4251629530008358,sqs-worker-5986dcd897-22bzz,ip-192-168-20-201.ec2.internal,dca83a1c0656ea47dea99dcbc554a2e533ea3f49fc77c8bee01a714807bd2dc0,1,4.0,1429.0
1,keda-mmpp-303-8519a57e,000248,123.196835,2026-08-31T19:30:07.027+00:00,2026-08-31T19:30:03.270+00:00,2026-08-31T19:30:03.272+00:00,2026-08-31T19:30:03.272+00:00,2026-08-31T19:30:03.557+00:00,2026-08-31T19:30:03.557+00:00,0.121935,0.2847354790010286,sqs-worker-5986dcd897-22bzz,ip-192-168-20-201.ec2.internal,2ea268b5de9e7269dd68e9d6c9e7b228ad275353eabf355c700574293f5718ff,1,2.0,287.0
1,keda-mmpp-303-8519a57e,000249,129.531262,2026-08-31T19:30:13.367+00:00,2026-08-31T19:30:09.608+00:00,2026-08-31T19:30:09.611+00:00,2026-08-31T19:30:09.611+00:00,2026-08-31T19:30:09.804+00:00,2026-08-31T19:30:09.804+00:00,0.09559,0.19242191299963451,sqs-worker-5986dcd897-jx7w2,ip-192-168-20-201.ec2.internal,b5c4ad2b56c44fa0ee1a66a54af435d03ffac7f79b9a0140e96db4f9f26303ec,1,3.0,196.0
1,keda-mmpp-303-8519a57e,000251,134.333316,2026-08-31T19:30:18.164+00:00,2026-08-31T19:30:14.405+00:00,2026-08-31T19:30:14.408+00:00,2026-08-31T19:30:14.408+00:00,2026-08-31T19:30:14.665+00:00,2026-08-31T19:30:14.665+00:00,0.128428,0.2577464260011766,sqs-worker-5986dcd897-grkd2,ip-192-168-20-201.ec2.internal,7b333a8e71471318535a24e1e4fba2ad54a6a14423addf73ccc09ae530a9f18b,1,3.0,260.0
1,keda-mmpp-303-8519a57e,000250,134.020418,2026-08-31T19:30:17.855+00:00,2026-08-31T19:30:14.095+00:00,2026-08-31T19:30:14.100+00:00,2026-08-31T19:30:14.100+00:00,2026-08-31T19:30:14.913+00:00,2026-08-31T19:30:14.913+00:00,0.345181,0.8133999040001072,sqs-worker-5986dcd897-jx7w2,ip-192-168-20-201.ec2.internal,274b5de48ac490def9437802ec297cdffe2634adfd88b91371225b5b68b1c048,1,5.0,818.0
1,keda-mmpp-303-8519a57e,000252,138.50957,2026-08-31T19:30:22.343+00:00,2026-08-31T19:30:18.585+00:00,2026-08-31T19:30:18.593+00:00,2026-08-31T19:30:18.593+00:00,2026-08-31T19:30:19.612+00:00,2026-08-31T19:30:19.612+00:00,0.428922,1.0185444159997132,sqs-worker-5986dcd897-x8rdl,ip-192-168-20-201.ec2.internal,86f623a8d01d1b6d7486f8012f4eca4bc7bc404d0ac586c6cf1ecc3e0349fd08,1,8.0,1027.0
1,keda-mmpp-303-8519a57e,000253,144.99255,2026-08-31T19:30:28.828+00:00,2026-08-31T19:30:25.067+00:00,2026-08-31T19:30:25.072+00:00,2026-08-31T19:30:25.072+00:00,2026-08-31T19:30:25.333+00:00,2026-08-31T19:30:25.333+00:00,0.119927,0.2604256690010516,sqs-worker-5986dcd897-grkd2,ip-192-168-20-201.ec2.internal,f7207c6414a3380f106c90b2d102e8c1f561b42072af4da410f9b8b17bb08a56,1,5.0,266.0
1,keda-mmpp-303-8519a57e,000254,145.455663,2026-08-31T19:30:29.285+00:00,2026-08-31T19:30:25.525+00:00,2026-08-31T19:30:25.532+00:00,2026-08-31T19:30:25.532+00:00,2026-08-31T19:30:26.100+00:00,2026-08-31T19:30:26.100+00:00,0.256779,0.5684731059991464,sqs-worker-5986dcd897-jx7w2,ip-192-168-20-201.ec2.internal,836c9c7e35587f8ea237ffa0b088292d0aaaf5597e8cbcb72e0062b93fbbb531,1,7.0,575.0
1,keda-mmpp-303-8519a57e,000255,150.332871,2026-08-31T19:30:34.169+00:00,2026-08-31T19:30:30.412+00:00,2026-08-31T19:30:30.417+00:00,2026-08-31T19:30:30.418+00:00,2026-08-31T19:30:30.805+00:00,2026-08-31T19:30:30.805+00:00,0.185447,0.38731453999935184,sqs-worker-5986dcd897-jx7w2,ip-192-168-20-201.ec2.internal,173620b13246e84b5eafae48bb33c757ec156ac22c6ee95528f9614269bb8f66,1,5.0,393.0
1,keda-mmpp-303-8519a57e,000256,156.954783,2026-08-31T19:30:40.784+00:00,2026-08-31T19:30:37.055+00:00,2026-08-31T19:30:37.061+00:00,2026-08-31T19:30:37.061+00:00,2026-08-31T19:30:37.343+00:00,2026-08-31T19:30:37.343+00:00,0.130926,0.28193082500001765,sqs-worker-5986dcd897-grkd2,ip-192-168-20-201.ec2.internal,c0b07328d52bbedd6c34477beb34924abbeb1eabbf86c661e49a09782e966a9b,1,6.0,288.0
1,keda-mmpp-303-8519a57e,000257,167.401679,2026-08-31T19:30:51.241+00:00,2026-08-31T19:30:47.481+00:00,2026-08-31T19:30:47.485+00:00,2026-08-31T19:30:47.485+00:00,2026-08-31T19:30:47.492+00:00,2026-08-31T19:30:47.492+00:00,0.007519,0.007605892000356107,sqs-worker-5986dcd897-x8rdl,ip-192-168-20-201.ec2.internal,55ed9e6c913e501d7909ab3c0f08eda81498ee3b339bc699af5ba8856e2f7e74,1,4.0,11.0
1,keda-mmpp-303-8519a57e,000258,174.185489,2026-08-31T19:30:58.020+00:00,2026-08-31T19:30:54.263+00:00,2026-08-31T19:30:54.267+00:00,2026-08-31T19:30:54.267+00:00,2026-08-31T19:30:54.475+00:00,2026-08-31T19:30:54.475+00:00,0.091169,0.20845673800067743,sqs-worker-5986dcd897-x8rdl,ip-192-168-20-201.ec2.internal,44049ec64481f4988e002dd966a47d034e0c8ab413bfd53ae46a6a5d0d75d2a4,1,4.0,212.0
1,keda-mmpp-303-8519a57e,000259,176.007463,2026-08-31T19:30:59.837+00:00,2026-08-31T19:30:56.075+00:00,2026-08-31T19:30:56.080+00:00,2026-08-31T19:30:56.080+00:00,2026-08-31T19:30:56.145+00:00,2026-08-31T19:30:56.145+00:00,0.012536,0.06499641600021278,sqs-worker-5986dcd897-grkd2,ip-192-168-20-201.ec2.internal,c9de4090202da207aa73ab87b7071205a726d8596e26914a688aac684ba92a0b,1,5.0,70.0
