schema_version,experiment_id,job_id,trace_offset_s,producer_sent_at,sqs_sent_at,worker_received_at,processing_started_at,processing_finished_at,result_sent_at,service_cpu_seconds,processing_wall_seconds,pod_name,node_name,digest,receive_count,queue_wait_ms,end_to_end_ms
1,keda-poisson-808-248a7467,000000,0.283223,2026-08-31T21:23:12.658+00:00,2026-08-31T21:23:12.705+00:00,2026-08-31T21:23:12.712+00:00,2026-08-31T21:23:12.712+00:00,2026-08-31T21:23:12.801+00:00,2026-08-31T21:23:12.801+00:00,0.058011,0.08893629000158398,sqs-worker-5986dcd897-x8rdl,ip-192-168-20-201.ec2.internal,64240b1ec2dc55d58aa5661949a64fd2f3ed6e738dd57081fdc08bc242c9a5f4,1,7.0,96.0
1,keda-poisson-808-248a7467,000001,0.939295,2026-08-31T21:23:13.313+00:00,2026-08-31T21:23:13.356+00:00,2026-08-31T21:23:13.364+00:00,2026-08-31T21:23:13.364+00:00,2026-08-31T21:23:13.982+00:00,2026-08-31T21:23:13.982+00:00,0.263442,0.6189440039997862,sqs-worker-5986dcd897-x8rdl,ip-192-168-20-201.ec2.internal,2293883921958184f53b7e058e897e4d331321a2abec9484710e5dafbcb6318b,1,8.0,626.0
1,keda-poisson-808-248a7467,000002,1.736525,2026-08-31T21:23:14.111+00:00,2026-08-31T21:23:14.154+00:00,2026-08-31T21:23:14.162+00:00,2026-08-31T21:23:14.162+00:00,2026-08-31T21:23:14.590+00:00,2026-08-31T21:23:14.590+00:00,0.191002,0.4277894560000277,sqs-worker-5986dcd897-x8rdl,ip-192-168-20-201.ec2.internal,a0338a71d037ed1c58bfb4857b7cd21a548ac99be719af4a9ce2b92bb3926246,1,8.0,436.0
1,keda-poisson-808-248a7467,000003,2.099144,2026-08-31T21:23:14.473+00:00,2026-08-31T21:23:14.522+00:00,2026-08-31T21:23:14.625+00:00,2026-08-31T21:23:14.625+00:00,2026-08-31T21:23:14.645+00:00,2026-08-31T21:23:14.645+00:00,0.019804,0.019877266000548843,sqs-worker-5986dcd897-x8rdl,ip-192-168-20-201.ec2.internal,ce3262156ca2cc5bdb120bb4bf487cc701fa5de762a066b124beec07e10e2ec9,1,103.0,123.0
1,keda-poisson-808-248a7467,000004,3.83306,2026-08-31T21:23:16.208+00:00,2026-08-31T21:23:16.252+00:00,2026-08-31T21:23:16.257+00:00,2026-08-31T21:23:16.257+00:00,2026-08-31T21:23:16.289+00:00,2026-08-31T21:23:16.289+00:00,0.03174,0.03178123200268601,sqs-worker-5986dcd897-x8rdl,ip-192-168-20-201.ec2.internal,55c021ab46c5d85ae82d4811f583db2958fbf0917fe76862888d1669d20d2129,1,5.0,37.0
1,keda-poisson-808-248a7467,000005,4.001987,2026-08-31T21:23:16.376+00:00,2026-08-31T21:23:16.419+00:00,2026-08-31T21:23:16.424+00:00,2026-08-31T21:23:16.424+00:00,2026-08-31T21:23:16.920+00:00,2026-08-31T21:23:16.920+00:00,0.237294,0.4955727860033221,sqs-worker-5986dcd897-x8rdl,ip-192-168-20-201.ec2.internal,4b4ab1300054b88bb7568904849b0f88fc92fc16445cd26844610f69cafcc4b0,1,5.0,501.0
1,keda-poisson-808-248a7467,000006,4.272057,2026-08-31T21:23:16.646+00:00,2026-08-31T21:23:16.688+00:00,2026-08-31T21:23:16.983+00:00,2026-08-31T21:23:16.983+00:00,2026-08-31T21:23:17.412+00:00,2026-08-31T21:23:17.412+00:00,0.188469,0.42847586299831164,sqs-worker-5986dcd897-x8rdl,ip-192-168-20-201.ec2.internal,86f6d5d58ea1621c14fc9f3b315d36b345410464073df62ee6a79f3d75ade383,1,295.0,724.0
1,keda-poisson-808-248a7467,000007,4.689179,2026-08-31T21:23:17.063+00:00,2026-08-31T21:23:17.111+00:00,2026-08-31T21:23:17.441+00:00,2026-08-31T21:23:17.441+00:00,2026-08-31T21:23:17.897+00:00,2026-08-31T21:23:17.897+00:00,0.180674,0.4558695580017229,sqs-worker-5986dcd897-x8rdl,ip-192-168-20-201.ec2.internal,29847d28bd923cf2ac1fb1bffd5ba9e4f615f4a5600cb99f3af7023f5cbaab66,1,330.0,786.0
1,keda-poisson-808-248a7467,000008,4.864801,2026-08-31T21:23:17.238+00:00,2026-08-31T21:23:17.287+00:00,2026-08-31T21:23:17.909+00:00,2026-08-31T21:23:17.909+00:00,2026-08-31T21:23:18.519+00:00,2026-08-31T21:23:18.519+00:00,0.258563,0.6101339920023747,sqs-worker-5986dcd897-x8rdl,ip-192-168-20-201.ec2.internal,578d877c7219cbf6d306056b2e8e3b9ac52a60e21353bd79dc49e6901950a7d2,1,622.0,1232.0
1,keda-poisson-808-248a7467,000009,5.342415,2026-08-31T21:23:17.716+00:00,2026-08-31T21:23:17.759+00:00,2026-08-31T21:23:18.621+00:00,2026-08-31T21:23:18.621+00:00,2026-08-31T21:23:18.902+00:00,2026-08-31T21:23:18.902+00:00,0.137919,0.28132594500129926,sqs-worker-5986dcd897-x8rdl,ip-192-168-20-201.ec2.internal,a265a1f36e8a3087478e45125cc0046036ee7db2abb9f6108a6063250ea181a8,1,862.0,1143.0
1,keda-poisson-808-248a7467,000010,6.295915,2026-08-31T21:23:18.670+00:00,2026-08-31T21:23:18.713+00:00,2026-08-31T21:23:18.951+00:00,2026-08-31T21:23:18.951+00:00,2026-08-31T21:23:19.492+00:00,2026-08-31T21:23:19.492+00:00,0.224682,0.5403985009979806,sqs-worker-5986dcd897-x8rdl,ip-192-168-20-201.ec2.internal,3a0de1e0b387aa8626b6c659cd0ae3b9bee7b790380cd6b9174922719cc4edbb,1,238.0,779.0
1,keda-poisson-808-248a7467,000012,6.347427,2026-08-31T21:23:18.721+00:00,2026-08-31T21:23:19.276+00:00,2026-08-31T21:23:19.525+00:00,2026-08-31T21:23:19.525+00:00,2026-08-31T21:23:20.975+00:00,2026-08-31T21:23:20.975+00:00,0.317565,1.45070700100041,sqs-worker-5986dcd897-x8rdl,ip-192-168-20-201.ec2.internal,93e2c213077423346d3617893ea18d7a92e7b6f59e02bf8d3b0a60539f730ae0,1,249.0,1699.0
1,keda-poisson-808-248a7467,000011,6.303176,2026-08-31T21:23:18.677+00:00,2026-08-31T21:23:19.255+00:00,2026-08-31T21:23:21.001+00:00,2026-08-31T21:23:21.001+00:00,2026-08-31T21:23:22.995+00:00,2026-08-31T21:23:22.995+00:00,0.466891,1.9942843680000806,sqs-worker-5986dcd897-x8rdl,ip-192-168-20-201.ec2.internal,0dc67d51059203c9159107fca95cd152cb25a8b9b11ae022ec7fa3f60a9a4992,1,1746.0,3740.0
1,keda-poisson-808-248a7467,000020,10.08916,2026-08-31T21:23:22.462+00:00,2026-08-31T21:23:22.513+00:00,2026-08-31T21:23:23.009+00:00,2026-08-31T21:23:23.009+00:00,2026-08-31T21:23:23.488+00:00,2026-08-31T21:23:23.488+00:00,0.189696,0.47942350799712585,sqs-worker-5986dcd897-x8rdl,ip-192-168-20-201.ec2.internal,ff05b1359d44c0bc8845dd6e34e0673ea2a717f9ab37049827d9352e60babd1e,1,496.0,975.0
1,keda-poisson-808-248a7467,000013,7.24507,2026-08-31T21:23:19.619+00:00,2026-08-31T21:23:19.663+00:00,2026-08-31T21:23:23.501+00:00,2026-08-31T21:23:23.502+00:00,2026-08-31T21:23:23.609+00:00,2026-08-31T21:23:23.609+00:00,0.057164,0.10775800800183788,sqs-worker-5986dcd897-x8rdl,ip-192-168-20-201.ec2.internal,52edfc02aa5be0b3db87720564cad66b293bcab08c8f83d7a83c69dd9c971484,1,3838.0,3946.0
1,keda-poisson-808-248a7467,000019,10.039499,2026-08-31T21:23:22.412+00:00,2026-08-31T21:23:22.461+00:00,2026-08-31T21:23:23.626+00:00,2026-08-31T21:23:23.626+00:00,2026-08-31T21:23:24.219+00:00,2026-08-31T21:23:24.219+00:00,0.24533,0.5925749609996274,sqs-worker-5986dcd897-x8rdl,ip-192-168-20-201.ec2.internal,a8ae82a7e9b50168804c265f85e09ef801ad1cc9aa455b9a5761099f50ce0aeb,1,1165.0,1758.0
1,keda-poisson-808-248a7467,000016,9.172739,2026-08-31T21:23:21.545+00:00,2026-08-31T21:23:21.591+00:00,2026-08-31T21:23:24.288+00:00,2026-08-31T21:23:24.288+00:00,2026-08-31T21:23:24.384+00:00,2026-08-31T21:23:24.384+00:00,0.040186,0.09567998000056832,sqs-worker-5986dcd897-x8rdl,ip-192-168-20-201.ec2.internal,579420e6e149db36bd25476179bcf38dfd55e2817ba06b3e624c9d2ed39205aa,1,2697.0,2793.0
1,keda-poisson-808-248a7467,000018,9.518844,2026-08-31T21:23:21.891+00:00,2026-08-31T21:23:21.937+00:00,2026-08-31T21:23:24.414+00:00,2026-08-31T21:23:24.414+00:00,2026-08-31T21:23:24.692+00:00,2026-08-31T21:23:24.692+00:00,0.125025,0.2783789950008213,sqs-worker-5986dcd897-x8rdl,ip-192-168-20-201.ec2.internal,eca5d9a0f51a81a43b46b45e297a6b4eaaf9d566127ca868f072781f715f3268,1,2477.0,2755.0
1,keda-poisson-808-248a7467,000015,7.341189,2026-08-31T21:23:19.715+00:00,2026-08-31T21:23:19.769+00:00,2026-08-31T21:23:24.922+00:00,2026-08-31T21:23:24.922+00:00,2026-08-31T21:23:24.939+00:00,2026-08-31T21:23:24.939+00:00,0.016577,0.016625372001726646,sqs-worker-5986dcd897-x8rdl,ip-192-168-20-201.ec2.internal,a5f3619b3feb343154dcc2bbe5592301151a69a2f2a4f4c77ec35bc3aa4245b6,1,5153.0,5170.0
1,keda-poisson-808-248a7467,000014,7.271526,2026-08-31T21:23:19.645+00:00,2026-08-31T21:23:19.700+00:00,2026-08-31T21:23:24.837+00:00,2026-08-31T21:23:24.837+00:00,2026-08-31T21:23:24.896+00:00,2026-08-31T21:23:24.896+00:00,0.036637,0.05867694100015797,sqs-worker-5986dcd897-x8rdl,ip-192-168-20-201.ec2.internal,ed7251c6bd197082adc92eecff07617df7c016a8d5ed7c5e4f09f51c1826479f,1,5137.0,5196.0
1,keda-poisson-808-248a7467,000021,10.645838,2026-08-31T21:23:23.019+00:00,2026-08-31T21:23:23.064+00:00,2026-08-31T21:23:24.739+00:00,2026-08-31T21:23:24.739+00:00,2026-08-31T21:23:24.795+00:00,2026-08-31T21:23:24.795+00:00,0.038367,0.05634399900009157,sqs-worker-5986dcd897-x8rdl,ip-192-168-20-201.ec2.internal,0a742b09d5073053ce50fae4eae1350dcb73fd93de923c0df9916d56b4db5134,1,1675.0,1731.0
1,keda-poisson-808-248a7467,000017,9.320122,2026-08-31T21:23:21.693+00:00,2026-08-31T21:23:21.755+00:00,2026-08-31T21:23:24.961+00:00,2026-08-31T21:23:24.961+00:00,2026-08-31T21:23:26.587+00:00,2026-08-31T21:23:26.587+00:00,0.646962,1.6264784930026508,sqs-worker-5986dcd897-x8rdl,ip-192-168-20-201.ec2.internal,aaea8da8fa6754047f0d81dd1617d653f45928e5709e9cb4b469495dad924920,1,3206.0,4832.0
1,keda-poisson-808-248a7467,000024,13.624883,2026-08-31T21:23:25.998+00:00,2026-08-31T21:23:26.048+00:00,2026-08-31T21:23:26.616+00:00,2026-08-31T21:23:26.616+00:00,2026-08-31T21:23:26.892+00:00,2026-08-31T21:23:26.892+00:00,0.120967,0.2760426130007545,sqs-worker-5986dcd897-x8rdl,ip-192-168-20-201.ec2.internal,837b8e0d05ef3940845981eb2067d40af326f119580ac236ff8d9ee817c75819,1,568.0,844.0
1,keda-poisson-808-248a7467,000023,12.803463,2026-08-31T21:23:25.176+00:00,2026-08-31T21:23:25.221+00:00,2026-08-31T21:23:26.906+00:00,2026-08-31T21:23:26.906+00:00,2026-08-31T21:23:28.099+00:00,2026-08-31T21:23:28.099+00:00,0.482699,1.19328324199887,sqs-worker-5986dcd897-x8rdl,ip-192-168-20-201.ec2.internal,1c3e2b1b604d9632404334e0aedd53c4739905226440121053d94a45cfc80c4d,1,1685.0,2878.0
1,keda-poisson-808-248a7467,000022,12.779806,2026-08-31T21:23:25.153+00:00,2026-08-31T21:23:25.199+00:00,2026-08-31T21:23:28.112+00:00,2026-08-31T21:23:28.112+00:00,2026-08-31T21:23:28.129+00:00,2026-08-31T21:23:28.129+00:00,0.017632,0.01766315400163876,sqs-worker-5986dcd897-x8rdl,ip-192-168-20-201.ec2.internal,09ae735c31e67b24fd2ac7b13f97f7d68a6378e54f9b2cf1f59640119a162b4b,1,2913.0,2930.0
1,keda-poisson-808-248a7467,000025,14.737849,2026-08-31T21:23:27.112+00:00,2026-08-31T21:23:27.163+00:00,2026-08-31T21:23:28.192+00:00,2026-08-31T21:23:28.192+00:00,2026-08-31T21:23:28.896+00:00,2026-08-31T21:23:28.896+00:00,0.290174,0.7038725310012524,sqs-worker-5986dcd897-x8rdl,ip-192-168-20-201.ec2.internal,4fef7dbe39d8ad6d4ec38a2fdd1ebedf5abe684111483cc0138a5fe60cdabc2a,1,1029.0,1733.0
1,keda-poisson-808-248a7467,000028,16.486543,2026-08-31T21:23:28.859+00:00,2026-08-31T21:23:28.907+00:00,2026-08-31T21:23:28.910+00:00,2026-08-31T21:23:28.910+00:00,2026-08-31T21:23:29.394+00:00,2026-08-31T21:23:29.394+00:00,0.193834,0.48351413699856494,sqs-worker-5986dcd897-x8rdl,ip-192-168-20-201.ec2.internal,00c4b245d3bc49f40dc1fd743fff931277956000b9431906c3fa33c98256dcbd,1,3.0,487.0
1,keda-poisson-808-248a7467,000027,16.044798,2026-08-31T21:23:28.418+00:00,2026-08-31T21:23:28.463+00:00,2026-08-31T21:23:29.432+00:00,2026-08-31T21:23:29.432+00:00,2026-08-31T21:23:29.490+00:00,2026-08-31T21:23:29.490+00:00,0.025632,0.05819581000105245,sqs-worker-5986dcd897-x8rdl,ip-192-168-20-201.ec2.internal,9246f8dbc4049666f6d2d06c9f86a9d535ab80ac53c17bc2393144262f73180c,1,969.0,1027.0
1,keda-poisson-808-248a7467,000026,15.51903,2026-08-31T21:23:27.892+00:00,2026-08-31T21:23:27.938+00:00,2026-08-31T21:23:29.521+00:00,2026-08-31T21:23:29.521+00:00,2026-08-31T21:23:30.386+00:00,2026-08-31T21:23:30.386+00:00,0.216371,0.8647449550007877,sqs-worker-5986dcd897-x8rdl,ip-192-168-20-201.ec2.internal,82d052b36934749d1f8b6aa036c8e57e60d725833d08115dd90c5b1faf9d2e50,1,1583.0,2448.0
1,keda-poisson-808-248a7467,000029,18.19006,2026-08-31T21:23:30.564+00:00,2026-08-31T21:23:30.609+00:00,2026-08-31T21:23:30.613+00:00,2026-08-31T21:23:30.613+00:00,2026-08-31T21:23:30.677+00:00,2026-08-31T21:23:30.677+00:00,0.008195,0.06429522399776033,sqs-worker-5986dcd897-x8rdl,ip-192-168-20-201.ec2.internal,8389b8442ed37512772ec0355174a7b45cddb143e58e0483b718a2a2ce01ecfc,1,4.0,68.0
1,keda-poisson-808-248a7467,000030,19.111123,2026-08-31T21:23:31.485+00:00,2026-08-31T21:23:31.531+00:00,2026-08-31T21:23:31.535+00:00,2026-08-31T21:23:31.535+00:00,2026-08-31T21:23:31.589+00:00,2026-08-31T21:23:31.589+00:00,0.045978,0.05323107000003802,sqs-worker-5986dcd897-x8rdl,ip-192-168-20-201.ec2.internal,89035421b1665850d76f5e5c17c84ead0459342aa55924643bccc7274112f986,1,4.0,58.0
1,keda-poisson-808-248a7467,000031,20.089351,2026-08-31T21:23:32.463+00:00,2026-08-31T21:23:32.509+00:00,2026-08-31T21:23:32.513+00:00,2026-08-31T21:23:32.514+00:00,2026-08-31T21:23:32.553+00:00,2026-08-31T21:23:32.553+00:00,0.039215,0.039279232998524094,sqs-worker-5986dcd897-x8rdl,ip-192-168-20-201.ec2.internal,6dfbbea6b57ac87afdbb64d6115af8e0f2c11b004087de60073cda225eb54f85,1,4.0,44.0
1,keda-poisson-808-248a7467,000032,20.504415,2026-08-31T21:23:32.877+00:00,2026-08-31T21:23:32.927+00:00,2026-08-31T21:23:32.931+00:00,2026-08-31T21:23:32.931+00:00,2026-08-31T21:23:32.984+00:00,2026-08-31T21:23:32.984+00:00,0.041367,0.05294904600305017,sqs-worker-5986dcd897-x8rdl,ip-192-168-20-201.ec2.internal,8468452c0fa30dc2c6ccb9e4809eb8dd3b62203e3d84ee4ad68150f78fb80efc,1,4.0,57.0
1,keda-poisson-808-248a7467,000033,20.510035,2026-08-31T21:23:32.882+00:00,2026-08-31T21:23:32.933+00:00,2026-08-31T21:23:33.024+00:00,2026-08-31T21:23:33.024+00:00,2026-08-31T21:23:33.207+00:00,2026-08-31T21:23:33.207+00:00,0.098653,0.18241595700237667,sqs-worker-5986dcd897-x8rdl,ip-192-168-20-201.ec2.internal,454f9832b1a147ec0ab07bf8def15197035401f3f229f3994544d9c8599a8e21,1,91.0,274.0
1,keda-poisson-808-248a7467,000034,20.676833,2026-08-31T21:23:33.050+00:00,2026-08-31T21:23:33.099+00:00,2026-08-31T21:23:33.223+00:00,2026-08-31T21:23:33.223+00:00,2026-08-31T21:23:33.896+00:00,2026-08-31T21:23:33.896+00:00,0.265078,0.6732633390020055,sqs-worker-5986dcd897-x8rdl,ip-192-168-20-201.ec2.internal,bf2724702367244535f8783ad8227809ed53c537525e0b1de1be498e62c29890,1,124.0,797.0
1,keda-poisson-808-248a7467,000035,22.193553,2026-08-31T21:23:34.568+00:00,2026-08-31T21:23:34.613+00:00,2026-08-31T21:23:34.617+00:00,2026-08-31T21:23:34.617+00:00,2026-08-31T21:23:35.091+00:00,2026-08-31T21:23:35.091+00:00,0.208818,0.4742354260015418,sqs-worker-5986dcd897-x8rdl,ip-192-168-20-201.ec2.internal,fd43f88e43bdf35912fa779497359905a758720f4a972e2b5d43d5da32edf4c8,1,4.0,478.0
1,keda-poisson-808-248a7467,000036,23.089906,2026-08-31T21:23:35.463+00:00,2026-08-31T21:23:35.514+00:00,2026-08-31T21:23:35.518+00:00,2026-08-31T21:23:35.518+00:00,2026-08-31T21:23:35.532+00:00,2026-08-31T21:23:35.532+00:00,0.012228,0.01405262899788795,sqs-worker-5986dcd897-x8rdl,ip-192-168-20-201.ec2.internal,f64a5487f7871809d9a9ca1a04fa2f75f4748d590a894ffc7c0cf148ee0a131b,1,4.0,18.0
1,keda-poisson-808-248a7467,000037,23.692955,2026-08-31T21:23:36.065+00:00,2026-08-31T21:23:36.111+00:00,2026-08-31T21:23:36.115+00:00,2026-08-31T21:23:36.115+00:00,2026-08-31T21:23:36.308+00:00,2026-08-31T21:23:36.308+00:00,0.105777,0.19370404700021027,sqs-worker-5986dcd897-x8rdl,ip-192-168-20-201.ec2.internal,3cb255febb85aa7cae3674082b03f8ca1980c6353f05bbd2e1f04f2f11e3e7aa,1,4.0,197.0
1,keda-poisson-808-248a7467,000038,25.189148,2026-08-31T21:23:37.563+00:00,2026-08-31T21:23:37.609+00:00,2026-08-31T21:23:37.613+00:00,2026-08-31T21:23:37.613+00:00,2026-08-31T21:23:39.616+00:00,2026-08-31T21:23:39.616+00:00,0.832698,2.003487349000352,sqs-worker-5986dcd897-x8rdl,ip-192-168-20-201.ec2.internal,6ae54b6666ed5136ff3eacee7608f8c323fbd65cc036e656651912ed0d091b90,1,4.0,2007.0000000000002
1,keda-poisson-808-248a7467,000039,27.083606,2026-08-31T21:23:39.458+00:00,2026-08-31T21:23:39.504+00:00,2026-08-31T21:23:39.647+00:00,2026-08-31T21:23:39.647+00:00,2026-08-31T21:23:40.493+00:00,2026-08-31T21:23:40.493+00:00,0.171722,0.8458549120005046,sqs-worker-5986dcd897-x8rdl,ip-192-168-20-201.ec2.internal,1fcee082254cae1bd828b42ba98a1547545671e1f76dbfe0b536f6fec9c450b8,1,143.0,989.0
1,keda-poisson-808-248a7467,000040,27.530518,2026-08-31T21:23:39.903+00:00,2026-08-31T21:23:39.949+00:00,2026-08-31T21:23:40.610+00:00,2026-08-31T21:23:40.610+00:00,2026-08-31T21:23:42.517+00:00,2026-08-31T21:23:42.517+00:00,0.37418,1.906845178000367,sqs-worker-5986dcd897-x8rdl,ip-192-168-20-201.ec2.internal,f8e7d763c4b96e57446aa5a3e7ecf6146aa7cd3f3c5ceab042dd5b6c9d4b0885,1,661.0,2568.0
1,keda-poisson-808-248a7467,000041,29.23328,2026-08-31T21:23:41.607+00:00,2026-08-31T21:23:41.651+00:00,2026-08-31T21:23:42.540+00:00,2026-08-31T21:23:42.540+00:00,2026-08-31T21:23:43.490+00:00,2026-08-31T21:23:43.490+00:00,0.368977,0.9497004010008823,sqs-worker-5986dcd897-x8rdl,ip-192-168-20-201.ec2.internal,91e6c6e2495a5de91b522fd16f0e59ceb7b4886a1c501097b53779042bd6367c,1,889.0,1839.0
1,keda-poisson-808-248a7467,000042,29.304307,2026-08-31T21:23:41.677+00:00,2026-08-31T21:23:41.722+00:00,2026-08-31T21:23:43.504+00:00,2026-08-31T21:23:43.504+00:00,2026-08-31T21:23:43.987+00:00,2026-08-31T21:23:43.987+00:00,0.193956,0.4826545249998162,sqs-worker-5986dcd897-x8rdl,ip-192-168-20-201.ec2.internal,d07e5e69a8ac679b8058f7244b67e683943247907a76b501cf48dedda874d839,1,1782.0,2265.0
1,keda-poisson-808-248a7467,000044,30.086559,2026-08-31T21:23:42.459+00:00,2026-08-31T21:23:42.503+00:00,2026-08-31T21:23:44.008+00:00,2026-08-31T21:23:44.008+00:00,2026-08-31T21:23:44.032+00:00,2026-08-31T21:23:44.032+00:00,0.02362,0.02365640700008953,sqs-worker-5986dcd897-x8rdl,ip-192-168-20-201.ec2.internal,b42cd1a3ddd436a00fd6fe65adcd286d07e96df2251edb545c2074fd28dd031b,1,1505.0,1529.0
1,keda-poisson-808-248a7467,000043,29.753936,2026-08-31T21:23:42.127+00:00,2026-08-31T21:23:42.177+00:00,2026-08-31T21:23:44.057+00:00,2026-08-31T21:23:44.057+00:00,2026-08-31T21:23:44.201+00:00,2026-08-31T21:23:44.201+00:00,0.062363,0.1440685220004525,sqs-worker-5986dcd897-x8rdl,ip-192-168-20-201.ec2.internal,5c1549f798f6be00707d3ef07d520bd4cbc470bf810d78a829f07dd01ba549e1,1,1880.0,2024.0
1,keda-poisson-808-248a7467,000045,30.644668,2026-08-31T21:23:43.018+00:00,2026-08-31T21:23:43.063+00:00,2026-08-31T21:23:44.218+00:00,2026-08-31T21:23:44.218+00:00,2026-08-31T21:23:45.207+00:00,2026-08-31T21:23:45.207+00:00,0.401754,0.989472093002405,sqs-worker-5986dcd897-x8rdl,ip-192-168-20-201.ec2.internal,fcd217d6d46f46367e28e6cfc1eb0539d00351dfb35cd3372295e96032853630,1,1155.0,2144.0
1,keda-poisson-808-248a7467,000047,31.222681,2026-08-31T21:23:43.596+00:00,2026-08-31T21:23:43.644+00:00,2026-08-31T21:23:45.222+00:00,2026-08-31T21:23:45.222+00:00,2026-08-31T21:23:45.602+00:00,2026-08-31T21:23:45.602+00:00,0.150471,0.3798655780010449,sqs-worker-5986dcd897-x8rdl,ip-192-168-20-201.ec2.internal,f4073f6427270a604a11dca2a48e4a56b431f92c892ad02ced25058ec423c9a0,1,1578.0,1958.0
1,keda-poisson-808-248a7467,000049,31.702314,2026-08-31T21:23:44.075+00:00,2026-08-31T21:23:44.121+00:00,2026-08-31T21:23:45.621+00:00,2026-08-31T21:23:45.621+00:00,2026-08-31T21:23:46.897+00:00,2026-08-31T21:23:46.897+00:00,0.510074,1.2758137960008753,sqs-worker-5986dcd897-x8rdl,ip-192-168-20-201.ec2.internal,11552cdd635733209e4edbc957f56d0429bbd5d2287251508cf7a6d2c8e52260,1,1500.0,2776.0
1,keda-poisson-808-248a7467,000051,32.791086,2026-08-31T21:23:45.164+00:00,2026-08-31T21:23:45.209+00:00,2026-08-31T21:23:46.910+00:00,2026-08-31T21:23:46.910+00:00,2026-08-31T21:23:47.807+00:00,2026-08-31T21:23:47.807+00:00,0.366383,0.8969029030013189,sqs-worker-5986dcd897-x8rdl,ip-192-168-20-201.ec2.internal,143abe77440b6ea7c787d515daa7507f47386d8e59c2ddd57fc761888305903f,1,1701.0,2598.0
1,keda-poisson-808-248a7467,000050,32.148171,2026-08-31T21:23:44.521+00:00,2026-08-31T21:23:44.568+00:00,2026-08-31T21:23:47.822+00:00,2026-08-31T21:23:47.822+00:00,2026-08-31T21:23:48.801+00:00,2026-08-31T21:23:48.802+00:00,0.390786,0.979585782999493,sqs-worker-5986dcd897-x8rdl,ip-192-168-20-201.ec2.internal,d17d4d0e3700aac6b628bc03a8c00913ef4f625786e56c1b0796344487e5155d,1,3254.0,4233.0
1,keda-poisson-808-248a7467,000055,35.334646,2026-08-31T21:23:47.709+00:00,2026-08-31T21:23:47.753+00:00,2026-08-31T21:23:48.865+00:00,2026-08-31T21:23:48.865+00:00,2026-08-31T21:23:50.389+00:00,2026-08-31T21:23:50.389+00:00,0.470046,1.5248330750000605,sqs-worker-5986dcd897-x8rdl,ip-192-168-20-201.ec2.internal,a4110531b62aec7470ab58a4f8b006b34f3f48762d0922ec7d6fb11628d305a6,1,1112.0,2636.0
1,keda-poisson-808-248a7467,000058,36.961002,2026-08-31T21:23:49.334+00:00,2026-08-31T21:23:49.377+00:00,2026-08-31T21:23:50.475+00:00,2026-08-31T21:23:50.475+00:00,2026-08-31T21:23:52.376+00:00,2026-08-31T21:23:52.376+00:00,0.335299,1.9018068740006129,sqs-worker-5986dcd897-x8rdl,ip-192-168-20-201.ec2.internal,a6ad929ac0ed4e2f6412217f423f9d1990b6f21fc5fe397ad6f9838a111a2ca5,1,1098.0,2999.0
1,keda-poisson-808-248a7467,000053,33.317919,2026-08-31T21:23:45.690+00:00,2026-08-31T21:23:45.738+00:00,2026-08-31T21:23:52.391+00:00,2026-08-31T21:23:52.391+00:00,2026-08-31T21:23:52.397+00:00,2026-08-31T21:23:52.397+00:00,0.005325,0.005357701000320958,sqs-worker-5986dcd897-x8rdl,ip-192-168-20-201.ec2.internal,6befb7499046e8c4903bd86b9e7387678580013060cddd521b366bd4d863d382,1,6653.0,6659.0
1,keda-poisson-808-248a7467,000046,30.737746,2026-08-31T21:23:43.110+00:00,2026-08-31T21:23:43.155+00:00,2026-08-31T21:23:52.411+00:00,2026-08-31T21:23:52.411+00:00,2026-08-31T21:23:52.789+00:00,2026-08-31T21:23:52.789+00:00,0.156848,0.3787821100013389,sqs-worker-5986dcd897-x8rdl,ip-192-168-20-201.ec2.internal,a76c856a9c124c697eaff80a9a6a5b2fd1198b6f4a6127e789d991b050e2f899,1,9256.0,9634.0
1,keda-poisson-808-248a7467,000048,31.567342,2026-08-31T21:23:43.940+00:00,2026-08-31T21:23:43.985+00:00,2026-08-31T21:23:52.838+00:00,2026-08-31T21:23:52.838+00:00,2026-08-31T21:23:54.477+00:00,2026-08-31T21:23:54.477+00:00,0.655611,1.6388535160003812,sqs-worker-5986dcd897-x8rdl,ip-192-168-20-201.ec2.internal,f49614a2577dc2818aa3b6713a0e48547f54eda6e5397bc438a28a85bde44dac,1,8853.0,10492.0
1,keda-poisson-808-248a7467,000056,35.745224,2026-08-31T21:23:48.118+00:00,2026-08-31T21:23:48.165+00:00,2026-08-31T21:23:54.493+00:00,2026-08-31T21:23:54.493+00:00,2026-08-31T21:23:54.703+00:00,2026-08-31T21:23:54.703+00:00,0.102117,0.21047958599956473,sqs-worker-5986dcd897-x8rdl,ip-192-168-20-201.ec2.internal,258efa3ec9ce58fa81d67cee72b952c4fb3c485310cf0df9a239a261ce5e5896,1,6328.0,6538.0
1,keda-poisson-808-248a7467,000059,37.032628,2026-08-31T21:23:49.405+00:00,2026-08-31T21:23:49.450+00:00,2026-08-31T21:23:54.719+00:00,2026-08-31T21:23:54.719+00:00,2026-08-31T21:23:55.814+00:00,2026-08-31T21:23:55.814+00:00,0.446498,1.0944520500015642,sqs-worker-5986dcd897-x8rdl,ip-192-168-20-201.ec2.internal,3e52545b8457a47b5cb1e5f1e9aad94d2f9bd5e6baafbe2bfef8278d25c13f32,1,5269.0,6364.0
1,keda-poisson-808-248a7467,000057,36.137519,2026-08-31T21:23:48.510+00:00,2026-08-31T21:23:48.555+00:00,2026-08-31T21:23:55.889+00:00,2026-08-31T21:23:55.889+00:00,2026-08-31T21:23:56.976+00:00,2026-08-31T21:23:56.976+00:00,0.437741,1.0866224169985799,sqs-worker-5986dcd897-x8rdl,ip-192-168-20-201.ec2.internal,995474af5088f73860a3ce62e2e72b96fd2cbd00c9629ef4367043afa65271d9,1,7334.0,8421.0
1,keda-poisson-808-248a7467,000062,38.961534,2026-08-31T21:23:51.333+00:00,2026-08-31T21:23:51.379+00:00,2026-08-31T21:23:56.997+00:00,2026-08-31T21:23:56.997+00:00,2026-08-31T21:23:57.305+00:00,2026-08-31T21:23:57.305+00:00,0.146061,0.30889575599940144,sqs-worker-5986dcd897-x8rdl,ip-192-168-20-201.ec2.internal,e911d33e72db1b91a7ac2ee904d13436333da6576be5a2f33651a79ea18702ba,1,5618.0,5926.0
1,keda-poisson-808-248a7467,000063,39.533854,2026-08-31T21:23:51.905+00:00,2026-08-31T21:23:51.961+00:00,2026-08-31T21:23:57.321+00:00,2026-08-31T21:23:57.321+00:00,2026-08-31T21:23:57.678+00:00,2026-08-31T21:23:57.678+00:00,0.128455,0.3574203389980539,sqs-worker-5986dcd897-x8rdl,ip-192-168-20-201.ec2.internal,c4df41a93bb9a5aeca2391285752b6576f76fedb44b1433051fce0725542d38a,1,5360.0,5717.0
1,keda-poisson-808-248a7467,000068,45.125029,2026-08-31T21:23:57.497+00:00,2026-08-31T21:23:57.545+00:00,2026-08-31T21:23:57.698+00:00,2026-08-31T21:23:57.698+00:00,2026-08-31T21:23:57.999+00:00,2026-08-31T21:23:57.999+00:00,0.136678,0.3008027210016735,sqs-worker-5986dcd897-x8rdl,ip-192-168-20-201.ec2.internal,dce455884385c1196d3704f733a49ce0743ac33bc4bb7367fcc460ca9ddea11a,1,153.0,454.0
1,keda-poisson-808-248a7467,000060,37.26428,2026-08-31T21:23:49.637+00:00,2026-08-31T21:23:49.685+00:00,2026-08-31T21:23:58.017+00:00,2026-08-31T21:23:58.017+00:00,2026-08-31T21:23:58.401+00:00,2026-08-31T21:23:58.401+00:00,0.157826,0.3835789980003028,sqs-worker-5986dcd897-x8rdl,ip-192-168-20-201.ec2.internal,c889c0e5b9c6d5bfa4fcf0219ded3c7a5d647b6701e3ad6f22c3a590ebb35b9b,1,8332.0,8716.0
1,keda-poisson-808-248a7467,000066,43.774825,2026-08-31T21:23:56.146+00:00,2026-08-31T21:23:56.189+00:00,2026-08-31T21:23:58.418+00:00,2026-08-31T21:23:58.418+00:00,2026-08-31T21:23:58.690+00:00,2026-08-31T21:23:58.690+00:00,0.105301,0.2726441800004977,sqs-worker-5986dcd897-x8rdl,ip-192-168-20-201.ec2.internal,4726804da530449490ed584330ac6dd8ac4b02f6678d8cc7b31a826b938ffd52,1,2229.0,2501.0
1,keda-poisson-808-248a7467,000052,33.314123,2026-08-31T21:23:45.687+00:00,2026-08-31T21:23:45.731+00:00,2026-08-31T21:23:58.712+00:00,2026-08-31T21:23:58.713+00:00,2026-08-31T21:23:58.897+00:00,2026-08-31T21:23:58.897+00:00,0.08285,0.18489172000045073,sqs-worker-5986dcd897-x8rdl,ip-192-168-20-201.ec2.internal,4d35c82719b8357496c640624e9fef02a82b1161c0f53a6af878d4166a311284,1,12981.0,13166.0
1,keda-poisson-808-248a7467,000071,46.19654,2026-08-31T21:23:58.568+00:00,2026-08-31T21:23:58.611+00:00,2026-08-31T21:23:58.915+00:00,2026-08-31T21:23:58.916+00:00,2026-08-31T21:23:59.785+00:00,2026-08-31T21:23:59.785+00:00,0.317926,0.8698030310006288,sqs-worker-5986dcd897-x8rdl,ip-192-168-20-201.ec2.internal,d944e25a1f09bc6136d189bfdef27c1f78f5298b407986eed2e9f3f38e419863,1,304.0,1174.0
1,keda-poisson-808-248a7467,000067,44.061162,2026-08-31T21:23:56.432+00:00,2026-08-31T21:23:56.475+00:00,2026-08-31T21:23:59.876+00:00,2026-08-31T21:23:59.876+00:00,2026-08-31T21:24:00.297+00:00,2026-08-31T21:24:00.297+00:00,0.087088,0.4211483409999346,sqs-worker-5986dcd897-x8rdl,ip-192-168-20-201.ec2.internal,3007d9e1f50c4c544a5462fc07e919d807d50de5a6f5df88e85010319ddc4af3,1,3401.0,3822.0
1,keda-poisson-808-248a7467,000069,45.604173,2026-08-31T21:23:57.975+00:00,2026-08-31T21:23:58.021+00:00,2026-08-31T21:24:00.418+00:00,2026-08-31T21:24:00.418+00:00,2026-08-31T21:24:02.197+00:00,2026-08-31T21:24:02.197+00:00,0.326257,1.778688325000985,sqs-worker-5986dcd897-x8rdl,ip-192-168-20-201.ec2.internal,a2fb991f354cb877c49949c927ffefb5e33b29e1891d515dc4c8c1e1daa0b8a3,1,2397.0,4176.0
1,keda-poisson-808-248a7467,000054,33.810691,2026-08-31T21:23:46.184+00:00,2026-08-31T21:23:46.249+00:00,2026-08-31T21:24:02.299+00:00,2026-08-31T21:24:02.299+00:00,2026-08-31T21:24:04.186+00:00,2026-08-31T21:24:04.186+00:00,0.75349,1.8867045190017961,sqs-worker-5986dcd897-x8rdl,ip-192-168-20-201.ec2.internal,0467da8f28455c45bf11552e4f77afb84a0e0d062d9e7e6c5242722338cd0815,1,16050.0,17937.0
1,keda-poisson-808-248a7467,000061,38.24701,2026-08-31T21:23:50.620+00:00,2026-08-31T21:23:50.665+00:00,2026-08-31T21:24:04.238+00:00,2026-08-31T21:24:04.238+00:00,2026-08-31T21:24:04.278+00:00,2026-08-31T21:24:04.278+00:00,0.008233,0.04013024500090978,sqs-worker-5986dcd897-x8rdl,ip-192-168-20-201.ec2.internal,408e00ea44c8c97c65ce6e4bea954220b5b08e622fb0745c44bc4e562ac3fd00,1,13573.0,13613.0
1,keda-poisson-808-248a7467,000077,51.407991,2026-08-31T21:24:03.779+00:00,2026-08-31T21:24:03.821+00:00,2026-08-31T21:24:04.294+00:00,2026-08-31T21:24:04.294+00:00,2026-08-31T21:24:04.403+00:00,2026-08-31T21:24:04.403+00:00,0.060493,0.10971511199750239,sqs-worker-5986dcd897-x8rdl,ip-192-168-20-201.ec2.internal,7bb0b65e6c0434219776a08f2ec055997352546a35e83ffed81cc0e5680492b2,1,473.0,582.0
1,keda-poisson-808-248a7467,000075,50.956792,2026-08-31T21:24:03.328+00:00,2026-08-31T21:24:03.377+00:00,2026-08-31T21:24:04.204+00:00,2026-08-31T21:24:04.204+00:00,2026-08-31T21:24:04.220+00:00,2026-08-31T21:24:04.220+00:00,0.016875,0.016906132997974055,sqs-worker-5986dcd897-x8rdl,ip-192-168-20-201.ec2.internal,be4fcbbb8236e30d0cbf86559fe7f923b75184c75f7cf49d144e7b2d740a1224,1,827.0,843.0
1,keda-poisson-808-248a7467,000076,51.29006,2026-08-31T21:24:03.661+00:00,2026-08-31T21:24:03.710+00:00,2026-08-31T21:24:04.463+00:00,2026-08-31T21:24:04.463+00:00,2026-08-31T21:24:04.702+00:00,2026-08-31T21:24:04.702+00:00,0.115109,0.23925593300009496,sqs-worker-5986dcd897-x8rdl,ip-192-168-20-201.ec2.internal,8f76159965197d6509ceba4debb40dbd95d6875736665b33f3fb4e5fce9e6cbd,1,753.0,992.0
1,keda-poisson-808-248a7467,000073,49.63782,2026-08-31T21:24:02.011+00:00,2026-08-31T21:24:02.077+00:00,2026-08-31T21:24:04.727+00:00,2026-08-31T21:24:04.727+00:00,2026-08-31T21:24:04.885+00:00,2026-08-31T21:24:04.885+00:00,0.059199,0.15789225299886311,sqs-worker-5986dcd897-x8rdl,ip-192-168-20-201.ec2.internal,4bb31c493bf1dd573de278e5ecef98f35ceb61dfde4567c372b2ef4ca033c246,1,2650.0,2808.0
1,keda-poisson-808-248a7467,000078,51.551802,2026-08-31T21:24:03.923+00:00,2026-08-31T21:24:03.965+00:00,2026-08-31T21:24:04.911+00:00,2026-08-31T21:24:04.911+00:00,2026-08-31T21:24:05.082+00:00,2026-08-31T21:24:05.082+00:00,0.072496,0.17058582400204614,sqs-worker-5986dcd897-x8rdl,ip-192-168-20-201.ec2.internal,92ccb4858dd28a5148045f7a5905e44dee9520bfc978965a124f908f26cdb2d5,1,946.0,1117.0
1,keda-poisson-808-248a7467,000079,51.634422,2026-08-31T21:24:04.005+00:00,2026-08-31T21:24:04.053+00:00,2026-08-31T21:24:05.116+00:00,2026-08-31T21:24:05.116+00:00,2026-08-31T21:24:05.508+00:00,2026-08-31T21:24:05.508+00:00,0.181649,0.39170492000266677,sqs-worker-5986dcd897-x8rdl,ip-192-168-20-201.ec2.internal,2d24be96c63238e6d1617aad843842d87d11ab4d8cb8f29e4785996ccf14adf4,1,1063.0,1455.0
1,keda-poisson-808-248a7467,000064,40.672914,2026-08-31T21:23:53.045+00:00,2026-08-31T21:23:53.728+00:00,2026-08-31T21:24:05.536+00:00,2026-08-31T21:24:05.536+00:00,2026-08-31T21:24:05.809+00:00,2026-08-31T21:24:05.809+00:00,0.116721,0.27290625699970406,sqs-worker-5986dcd897-x8rdl,ip-192-168-20-201.ec2.internal,5167055854bb4e2f9e0a0b751f0aa7c378925a5ca5fb3dd83fc23ba2cebcb1dd,1,11808.0,12081.0
1,keda-poisson-808-248a7467,000080,52.819994,2026-08-31T21:24:05.192+00:00,2026-08-31T21:24:05.235+00:00,2026-08-31T21:24:05.831+00:00,2026-08-31T21:24:05.831+00:00,2026-08-31T21:24:06.089+00:00,2026-08-31T21:24:06.089+00:00,0.096127,0.25834902800124837,sqs-worker-5986dcd897-x8rdl,ip-192-168-20-201.ec2.internal,d69f1d8587696b7e58a7fa7ae7bd7e7bdacf20ce03efae577c39f40abf5a6530,1,596.0,854.0
1,keda-poisson-808-248a7467,000081,53.670172,2026-08-31T21:24:06.042+00:00,2026-08-31T21:24:06.087+00:00,2026-08-31T21:24:06.103+00:00,2026-08-31T21:24:06.103+00:00,2026-08-31T21:24:06.296+00:00,2026-08-31T21:24:06.296+00:00,0.08303,0.192667409999558,sqs-worker-5986dcd897-x8rdl,ip-192-168-20-201.ec2.internal,c245495df1fbdc8f9d46a9928ee361ef7530766d4018e1085d9d8c9b240831be,1,16.0,209.0
1,keda-poisson-808-248a7467,000083,53.842176,2026-08-31T21:24:06.213+00:00,2026-08-31T21:24:06.257+00:00,2026-08-31T21:24:06.316+00:00,2026-08-31T21:24:06.316+00:00,2026-08-31T21:24:07.481+00:00,2026-08-31T21:24:07.481+00:00,0.460613,1.1645395280029334,sqs-worker-5986dcd897-x8rdl,ip-192-168-20-201.ec2.internal,7402cc956223c998fd79a543021fd8324fe5b54e683ab26f17aeb2aee580a8d0,1,59.0,1224.0
1,keda-poisson-808-248a7467,000082,53.796171,2026-08-31T21:24:06.167+00:00,2026-08-31T21:24:06.211+00:00,2026-08-31T21:24:07.511+00:00,2026-08-31T21:24:07.511+00:00,2026-08-31T21:24:07.588+00:00,2026-08-31T21:24:07.588+00:00,0.043222,0.07720153899936122,sqs-worker-5986dcd897-x8rdl,ip-192-168-20-201.ec2.internal,c6759fe66abec6ac86e4fac92a7cb1a3c4a756ea491b41f1c54ce9ffe748252e,1,1300.0,1377.0
1,keda-poisson-808-248a7467,000065,43.17636,2026-08-31T21:23:55.548+00:00,2026-08-31T21:23:55.599+00:00,2026-08-31T21:24:07.604+00:00,2026-08-31T21:24:07.604+00:00,2026-08-31T21:24:07.813+00:00,2026-08-31T21:24:07.813+00:00,0.101233,0.20906497000032687,sqs-worker-5986dcd897-x8rdl,ip-192-168-20-201.ec2.internal,cc61d3f3ada0860c90a07d5baee021ff48dc91e8ec354395d8143717dc3df785,1,12005.0,12214.0
1,keda-poisson-808-248a7467,000084,54.656748,2026-08-31T21:24:07.028+00:00,2026-08-31T21:24:07.072+00:00,2026-08-31T21:24:08.314+00:00,2026-08-31T21:24:08.314+00:00,2026-08-31T21:24:08.398+00:00,2026-08-31T21:24:08.398+00:00,0.034649,0.08351430499897106,sqs-worker-5986dcd897-x8rdl,ip-192-168-20-201.ec2.internal,d72bece6810e1add89fe0ecdce09bae39c3287c948d00c994bf822f61e430cfc,1,1242.0,1326.0
1,keda-poisson-808-248a7467,000086,55.932536,2026-08-31T21:24:08.304+00:00,2026-08-31T21:24:08.347+00:00,2026-08-31T21:24:08.415+00:00,2026-08-31T21:24:08.415+00:00,2026-08-31T21:24:08.789+00:00,2026-08-31T21:24:08.789+00:00,0.146967,0.37360636000084924,sqs-worker-5986dcd897-x8rdl,ip-192-168-20-201.ec2.internal,625253afb3fd7faffc28738f9febb6a2f019fead8d7c1036438685d89c177796,1,68.0,442.0
1,keda-poisson-808-248a7467,000070,45.966423,2026-08-31T21:23:58.338+00:00,2026-08-31T21:23:58.381+00:00,2026-08-31T21:24:08.819+00:00,2026-08-31T21:24:08.819+00:00,2026-08-31T21:24:09.391+00:00,2026-08-31T21:24:09.391+00:00,0.238992,0.5717724949972762,sqs-worker-5986dcd897-x8rdl,ip-192-168-20-201.ec2.internal,ef71261f5b3970077722b77d9951d935b8cee24461e185cf2f7183283e0b58e8,1,10438.0,11010.0
1,keda-poisson-808-248a7467,000085,55.177605,2026-08-31T21:24:07.549+00:00,2026-08-31T21:24:07.595+00:00,2026-08-31T21:24:07.916+00:00,2026-08-31T21:24:07.916+00:00,2026-08-31T21:24:08.299+00:00,2026-08-31T21:24:08.299+00:00,0.167521,0.38303517700114753,sqs-worker-5986dcd897-x8rdl,ip-192-168-20-201.ec2.internal,5de71c88c46c1057b1e17d0668b5ee1501aa09f94cc1200c6bf2eeb607fd6942,1,321.0,704.0
1,keda-poisson-808-248a7467,000072,46.604144,2026-08-31T21:23:58.975+00:00,2026-08-31T21:23:59.021+00:00,2026-08-31T21:24:09.423+00:00,2026-08-31T21:24:09.423+00:00,2026-08-31T21:24:10.089+00:00,2026-08-31T21:24:10.089+00:00,0.196423,0.6655166160016961,sqs-worker-5986dcd897-x8rdl,ip-192-168-20-201.ec2.internal,a2f914a69c497ee1ee60918a506de20ee2d268d3182bc5cd21668988353877d1,1,10402.0,11068.0
1,keda-poisson-808-248a7467,000074,50.6804,2026-08-31T21:24:03.052+00:00,2026-08-31T21:24:03.100+00:00,2026-08-31T21:24:10.184+00:00,2026-08-31T21:24:10.184+00:00,2026-08-31T21:24:12.084+00:00,2026-08-31T21:24:12.084+00:00,0.358067,1.9003161459986586,sqs-worker-5986dcd897-x8rdl,ip-192-168-20-201.ec2.internal,91fef76ba68d0d9aff173a6d6f15d9db300891bf129ada28e91d8c00143ec3f4,1,7084.0,8984.0
1,keda-poisson-808-248a7467,000090,59.5802,2026-08-31T21:24:11.953+00:00,2026-08-31T21:24:11.997+00:00,2026-08-31T21:24:12.183+00:00,2026-08-31T21:24:12.183+00:00,2026-08-31T21:24:12.389+00:00,2026-08-31T21:24:12.389+00:00,0.047149,0.20564358599949628,sqs-worker-5986dcd897-x8rdl,ip-192-168-20-201.ec2.internal,3e4d9a9c560776907b001f881595653c58cd972d318fcb1c1df7fd38c497be3d,1,186.0,392.0
1,keda-poisson-808-248a7467,000087,56.020113,2026-08-31T21:24:08.391+00:00,2026-08-31T21:24:08.436+00:00,2026-08-31T21:24:12.406+00:00,2026-08-31T21:24:12.406+00:00,2026-08-31T21:24:12.600+00:00,2026-08-31T21:24:12.600+00:00,0.049282,0.19341789099780726,sqs-worker-5986dcd897-x8rdl,ip-192-168-20-201.ec2.internal,c2d17cbc5aec51136b52f8031cf13ebae4e8576b667bc2a3d01f8e2a09bee2c4,1,3970.0,4164.0
1,keda-poisson-808-248a7467,000091,60.11592,2026-08-31T21:24:12.487+00:00,2026-08-31T21:24:12.537+00:00,2026-08-31T21:24:12.623+00:00,2026-08-31T21:24:12.623+00:00,2026-08-31T21:24:13.216+00:00,2026-08-31T21:24:13.216+00:00,0.252405,0.593671421000181,sqs-worker-5986dcd897-x8rdl,ip-192-168-20-201.ec2.internal,2c0e32e3a22a9a2fd9a11a91b0914164c0618bf1af596989cf987d7c6eb9f765,1,86.0,679.0
1,keda-poisson-808-248a7467,000095,60.696462,2026-08-31T21:24:13.068+00:00,2026-08-31T21:24:13.110+00:00,2026-08-31T21:24:13.230+00:00,2026-08-31T21:24:13.230+00:00,2026-08-31T21:24:15.720+00:00,2026-08-31T21:24:15.720+00:00,1.0,2.489634860001388,sqs-worker-5986dcd897-x8rdl,ip-192-168-20-201.ec2.internal,c49e7639ee0119547518b251f861e59bdd563129f000e1a63a6e84986ec4c257,1,120.0,2610.0
1,keda-poisson-808-248a7467,000096,61.270981,2026-08-31T21:24:13.642+00:00,2026-08-31T21:24:13.687+00:00,2026-08-31T21:24:15.789+00:00,2026-08-31T21:24:15.789+00:00,2026-08-31T21:24:16.005+00:00,2026-08-31T21:24:16.005+00:00,0.101042,0.21593182799915667,sqs-worker-5986dcd897-x8rdl,ip-192-168-20-201.ec2.internal,f299187c5be962f22735d33f37c134b77085c10373073345d93f59b0b2c9bfe6,1,2102.0,2318.0
1,keda-poisson-808-248a7467,000088,56.197682,2026-08-31T21:24:08.569+00:00,2026-08-31T21:24:08.618+00:00,2026-08-31T21:24:16.020+00:00,2026-08-31T21:24:16.020+00:00,2026-08-31T21:24:16.205+00:00,2026-08-31T21:24:16.205+00:00,0.075419,0.18520973499835236,sqs-worker-5986dcd897-x8rdl,ip-192-168-20-201.ec2.internal,6ec8f1068ef83f4070fdb8b972b904f1ed07cdbc060138e8b2f76f008b28b374,1,7402.0,7587.0
1,keda-poisson-808-248a7467,000089,59.577412,2026-08-31T21:24:11.952+00:00,2026-08-31T21:24:11.998+00:00,2026-08-31T21:24:16.238+00:00,2026-08-31T21:24:16.238+00:00,2026-08-31T21:24:16.243+00:00,2026-08-31T21:24:16.243+00:00,0.005,0.0050351419995422475,sqs-worker-5986dcd897-x8rdl,ip-192-168-20-201.ec2.internal,cece772705112437b7239b23724056c0847eb75d4184ea020ec61dad83e6ca3e,1,4240.0,4245.0
1,keda-poisson-808-248a7467,000097,61.394149,2026-08-31T21:24:13.765+00:00,2026-08-31T21:24:13.811+00:00,2026-08-31T21:24:16.418+00:00,2026-08-31T21:24:16.418+00:00,2026-08-31T21:24:16.423+00:00,2026-08-31T21:24:16.423+00:00,0.005,0.0050384960013616364,sqs-worker-5986dcd897-x8rdl,ip-192-168-20-201.ec2.internal,41bc1b60d1b9359524a2580b084cef8b4abaddb1bda2e8a3c9f6e67ebb098d18,1,2607.0,2612.0
1,keda-poisson-808-248a7467,000092,60.13206,2026-08-31T21:24:12.503+00:00,2026-08-31T21:24:12.551+00:00,2026-08-31T21:24:16.255+00:00,2026-08-31T21:24:16.255+00:00,2026-08-31T21:24:16.399+00:00,2026-08-31T21:24:16.399+00:00,0.061846,0.14380760600033682,sqs-worker-5986dcd897-x8rdl,ip-192-168-20-201.ec2.internal,7a87cf55f95931083bfc9ead7709f848ebfcae26193a0ac4fa5b0c6b26f383ac,1,3704.0,3848.0
1,keda-poisson-808-248a7467,000098,62.007164,2026-08-31T21:24:14.378+00:00,2026-08-31T21:24:14.421+00:00,2026-08-31T21:24:16.454+00:00,2026-08-31T21:24:16.454+00:00,2026-08-31T21:24:16.795+00:00,2026-08-31T21:24:16.795+00:00,0.143043,0.34087664899925585,sqs-worker-5986dcd897-x8rdl,ip-192-168-20-201.ec2.internal,527c34381f561189c9f0271278125cdfee9ce6c7cac06ae187537f005167fc1d,1,2033.0,2374.0
1,keda-poisson-808-248a7467,000093,60.194268,2026-08-31T21:24:12.565+00:00,2026-08-31T21:24:12.607+00:00,2026-08-31T21:24:16.814+00:00,2026-08-31T21:24:16.814+00:00,2026-08-31T21:24:17.605+00:00,2026-08-31T21:24:17.605+00:00,0.325367,0.7911557650004397,sqs-worker-5986dcd897-x8rdl,ip-192-168-20-201.ec2.internal,24027737da0afdab427d0f20be43a20ed6585d322807bbbc88e147cdfba0b95a,1,4207.0,4998.0
1,keda-poisson-808-248a7467,000099,62.786447,2026-08-31T21:24:15.158+00:00,2026-08-31T21:24:15.201+00:00,2026-08-31T21:24:17.626+00:00,2026-08-31T21:24:17.626+00:00,2026-08-31T21:24:17.633+00:00,2026-08-31T21:24:17.633+00:00,0.007555,0.007600229000672698,sqs-worker-5986dcd897-x8rdl,ip-192-168-20-201.ec2.internal,836048df374990ef551c8478b661d0754c071d47a3363ecddd0e6cad5e29b9b0,1,2425.0,2432.0
1,keda-poisson-808-248a7467,000094,60.255373,2026-08-31T21:24:12.627+00:00,2026-08-31T21:24:12.672+00:00,2026-08-31T21:24:17.656+00:00,2026-08-31T21:24:17.656+00:00,2026-08-31T21:24:17.885+00:00,2026-08-31T21:24:17.885+00:00,0.084842,0.22884704900206998,sqs-worker-5986dcd897-x8rdl,ip-192-168-20-201.ec2.internal,6334cbe6e5a8bcb298111c9669c5ddc709b2a594f5ac6dba1b674542fa1f8f67,1,4984.0,5213.0
1,keda-poisson-808-248a7467,000100,64.24119,2026-08-31T21:24:16.614+00:00,2026-08-31T21:24:16.659+00:00,2026-08-31T21:24:17.902+00:00,2026-08-31T21:24:17.902+00:00,2026-08-31T21:24:18.900+00:00,2026-08-31T21:24:18.900+00:00,0.410851,0.9979393789981259,sqs-worker-5986dcd897-x8rdl,ip-192-168-20-201.ec2.internal,2c81a95fbf72161c5726b635c37c511b40c3f6e452630a5e377cb9564c74ead1,1,1243.0,2241.0
1,keda-poisson-808-248a7467,000101,64.908978,2026-08-31T21:24:17.280+00:00,2026-08-31T21:24:17.327+00:00,2026-08-31T21:24:18.920+00:00,2026-08-31T21:24:18.920+00:00,2026-08-31T21:24:18.998+00:00,2026-08-31T21:24:18.998+00:00,0.033467,0.07799893499759492,sqs-worker-5986dcd897-x8rdl,ip-192-168-20-201.ec2.internal,c7c49a9fdf68eb22faf34718fddadb47b17cb90b313b04ccd291387fd29c2f3a,1,1593.0,1671.0
1,keda-poisson-808-248a7467,000102,65.009519,2026-08-31T21:24:17.380+00:00,2026-08-31T21:24:17.427+00:00,2026-08-31T21:24:19.038+00:00,2026-08-31T21:24:19.038+00:00,2026-08-31T21:24:21.197+00:00,2026-08-31T21:24:21.197+00:00,0.543779,2.1590070450001804,sqs-worker-5986dcd897-x8rdl,ip-192-168-20-201.ec2.internal,c8227a21662e3dc9c6870eff46e8666c7e4fd4926b37c3ee3f67013eab0208be,1,1611.0,3770.0
1,keda-poisson-808-248a7467,000104,67.645675,2026-08-31T21:24:20.019+00:00,2026-08-31T21:24:20.061+00:00,2026-08-31T21:24:21.283+00:00,2026-08-31T21:24:21.283+00:00,2026-08-31T21:24:21.395+00:00,2026-08-31T21:24:21.395+00:00,0.029624,0.11194845300269662,sqs-worker-5986dcd897-x8rdl,ip-192-168-20-201.ec2.internal,5fa1a65a90e732b5c7083f4e9c097ab19aa8208e91df1347f97efb62d3c6e738,1,1222.0,1334.0
1,keda-poisson-808-248a7467,000108,68.782491,2026-08-31T21:24:21.153+00:00,2026-08-31T21:24:21.197+00:00,2026-08-31T21:24:21.489+00:00,2026-08-31T21:24:21.489+00:00,2026-08-31T21:24:21.975+00:00,2026-08-31T21:24:21.975+00:00,0.088181,0.48688644399953773,sqs-worker-5986dcd897-x8rdl,ip-192-168-20-201.ec2.internal,1bb31c45201c125e6647fe72f1ac7a64992404bc4107789ca57d5df4cfa6e895,1,292.0,778.0
1,keda-poisson-808-248a7467,000105,67.938029,2026-08-31T21:24:20.309+00:00,2026-08-31T21:24:20.352+00:00,2026-08-31T21:24:22.087+00:00,2026-08-31T21:24:22.087+00:00,2026-08-31T21:24:23.097+00:00,2026-08-31T21:24:23.097+00:00,0.36146,1.0102732099985587,sqs-worker-5986dcd897-x8rdl,ip-192-168-20-201.ec2.internal,ddc63eb27999bbee41bbfe5577ab41ce92ba87801143e65a1dd776a5445e43b7,1,1735.0,2745.0
1,keda-poisson-808-248a7467,000106,68.524235,2026-08-31T21:24:20.896+00:00,2026-08-31T21:24:20.944+00:00,2026-08-31T21:24:23.117+00:00,2026-08-31T21:24:23.117+00:00,2026-08-31T21:24:23.509+00:00,2026-08-31T21:24:23.509+00:00,0.167973,0.39216316800229833,sqs-worker-5986dcd897-x8rdl,ip-192-168-20-201.ec2.internal,a5cb3461a6eba4662a03d4a24a011515b05d4ad6abc484735fde7f435a4e3ed4,1,2173.0,2565.0
1,keda-poisson-808-248a7467,000110,69.376388,2026-08-31T21:24:21.746+00:00,2026-08-31T21:24:21.791+00:00,2026-08-31T21:24:23.549+00:00,2026-08-31T21:24:23.549+00:00,2026-08-31T21:24:23.795+00:00,2026-08-31T21:24:23.795+00:00,0.094444,0.24556270099856192,sqs-worker-5986dcd897-x8rdl,ip-192-168-20-201.ec2.internal,fd65ec67a8508a0645610eca776a8feaebb43e76c5a7353f1b272ef6c256ae1b,1,1758.0,2004.0
1,keda-poisson-808-248a7467,000109,69.224187,2026-08-31T21:24:21.595+00:00,2026-08-31T21:24:21.637+00:00,2026-08-31T21:24:23.816+00:00,2026-08-31T21:24:23.816+00:00,2026-08-31T21:24:24.104+00:00,2026-08-31T21:24:24.104+00:00,0.126232,0.2879755940011819,sqs-worker-5986dcd897-x8rdl,ip-192-168-20-201.ec2.internal,4c736723fdcc86b608e0f99510eecb0bb7e5350318075465bcf3a66b63817a53,1,2179.0,2467.0
1,keda-poisson-808-248a7467,000103,65.432887,2026-08-31T21:24:17.804+00:00,2026-08-31T21:24:17.851+00:00,2026-08-31T21:24:24.146+00:00,2026-08-31T21:24:24.146+00:00,2026-08-31T21:24:24.499+00:00,2026-08-31T21:24:24.499+00:00,0.150689,0.3539075619992218,sqs-worker-5986dcd897-x8rdl,ip-192-168-20-201.ec2.internal,436c58e9a6a7c03e63b6ddb478be08dc41965f46e7e2e5f29287f7f177a19a9c,1,6295.0,6648.0
1,keda-poisson-808-248a7467,000107,68.771471,2026-08-31T21:24:21.142+00:00,2026-08-31T21:24:21.183+00:00,2026-08-31T21:24:24.514+00:00,2026-08-31T21:24:24.514+00:00,2026-08-31T21:24:24.525+00:00,2026-08-31T21:24:24.525+00:00,0.010817,0.01084829899991746,sqs-worker-5986dcd897-x8rdl,ip-192-168-20-201.ec2.internal,054e2d2f776916036ca7d4dfd0d16cc11826d6f985963d4c50dd2c107fd5c461,1,3331.0,3342.0
1,keda-poisson-808-248a7467,000111,72.158163,2026-08-31T21:24:24.531+00:00,2026-08-31T21:24:24.574+00:00,2026-08-31T21:24:24.578+00:00,2026-08-31T21:24:24.579+00:00,2026-08-31T21:24:24.789+00:00,2026-08-31T21:24:24.789+00:00,0.086339,0.2102919919998385,sqs-worker-5986dcd897-x8rdl,ip-192-168-20-201.ec2.internal,c2ff4eb3ccf27172321eac56c275faddd206f529f4f30c739211acdc26009cca,1,4.0,215.0
1,keda-poisson-808-248a7467,000112,72.558872,2026-08-31T21:24:24.929+00:00,2026-08-31T21:24:24.985+00:00,2026-08-31T21:24:24.989+00:00,2026-08-31T21:24:24.989+00:00,2026-08-31T21:24:25.410+00:00,2026-08-31T21:24:25.410+00:00,0.187192,0.42130964700118056,sqs-worker-5986dcd897-x8rdl,ip-192-168-20-201.ec2.internal,4ac802a3c52c7bd2fc4e9b66e8be5fd9136b0de62937004dc586a6036b81af46,1,4.0,425.0
1,keda-poisson-808-248a7467,000113,74.031679,2026-08-31T21:24:26.403+00:00,2026-08-31T21:24:26.446+00:00,2026-08-31T21:24:26.449+00:00,2026-08-31T21:24:26.450+00:00,2026-08-31T21:24:27.089+00:00,2026-08-31T21:24:27.089+00:00,0.280096,0.6393704250003793,sqs-worker-5986dcd897-x8rdl,ip-192-168-20-201.ec2.internal,15f2925903367b03446d34ce0938f4d3d380296c1244aa070aedcb960a37681c,1,3.0,643.0
1,keda-poisson-808-248a7467,000114,75.065239,2026-08-31T21:24:27.436+00:00,2026-08-31T21:24:27.479+00:00,2026-08-31T21:24:27.483+00:00,2026-08-31T21:24:27.483+00:00,2026-08-31T21:24:28.092+00:00,2026-08-31T21:24:28.092+00:00,0.24937,0.6091650710004615,sqs-worker-5986dcd897-x8rdl,ip-192-168-20-201.ec2.internal,ec84280f03b06e336882c4063f7781c4df9390e722cab0b8115d001b1b3d1e4a,1,4.0,613.0
1,keda-poisson-808-248a7467,000116,75.614103,2026-08-31T21:24:27.984+00:00,2026-08-31T21:24:28.029+00:00,2026-08-31T21:24:28.154+00:00,2026-08-31T21:24:28.154+00:00,2026-08-31T21:24:29.176+00:00,2026-08-31T21:24:29.176+00:00,0.422134,1.022065934001148,sqs-worker-5986dcd897-x8rdl,ip-192-168-20-201.ec2.internal,5daf389a0d21f4f680b29c73fdd3d1db80fbc2b8b94ad5b424e349db1ff13cde,1,125.0,1147.0
1,keda-poisson-808-248a7467,000118,75.807256,2026-08-31T21:24:28.177+00:00,2026-08-31T21:24:28.219+00:00,2026-08-31T21:24:29.190+00:00,2026-08-31T21:24:29.190+00:00,2026-08-31T21:24:29.413+00:00,2026-08-31T21:24:29.413+00:00,0.11288,0.22281128299800912,sqs-worker-5986dcd897-x8rdl,ip-192-168-20-201.ec2.internal,984f986f75ff9c4be691128f5a6d6c663b5e316175ec5b1d800fbf051cbda340,1,971.0,1194.0
1,keda-poisson-808-248a7467,000115,75.341164,2026-08-31T21:24:27.711+00:00,2026-08-31T21:24:27.753+00:00,2026-08-31T21:24:29.479+00:00,2026-08-31T21:24:29.479+00:00,2026-08-31T21:24:31.892+00:00,2026-08-31T21:24:31.892+00:00,0.48048,2.413177751997864,sqs-worker-5986dcd897-x8rdl,ip-192-168-20-201.ec2.internal,f75603ce94cef7714e0ac8201c2a76eca7454c5f2d38fba0c547ad1ca140d0db,1,1726.0,4139.0
1,keda-poisson-808-248a7467,000121,77.075621,2026-08-31T21:24:29.446+00:00,2026-08-31T21:24:29.487+00:00,2026-08-31T21:24:31.909+00:00,2026-08-31T21:24:31.909+00:00,2026-08-31T21:24:33.284+00:00,2026-08-31T21:24:33.284+00:00,0.421899,1.375662218000798,sqs-worker-5986dcd897-x8rdl,ip-192-168-20-201.ec2.internal,56952c3268657cbad5e273b97d0eab3be519fa39f884718a806e56eea5d8618d,1,2422.0,3797.0
1,keda-poisson-808-248a7467,000128,80.209748,2026-08-31T21:24:32.581+00:00,2026-08-31T21:24:32.621+00:00,2026-08-31T21:24:33.299+00:00,2026-08-31T21:24:33.299+00:00,2026-08-31T21:24:34.196+00:00,2026-08-31T21:24:34.196+00:00,0.368064,0.897868791998917,sqs-worker-5986dcd897-x8rdl,ip-192-168-20-201.ec2.internal,16e06ca08ed4f1da5f3a8c234f4eb4b1c73357c4c3710509dcb3ee2f372d139a,1,678.0,1575.0
1,keda-poisson-808-248a7467,000117,75.732075,2026-08-31T21:24:28.102+00:00,2026-08-31T21:24:28.147+00:00,2026-08-31T21:24:34.211+00:00,2026-08-31T21:24:34.211+00:00,2026-08-31T21:24:34.485+00:00,2026-08-31T21:24:34.485+00:00,0.104624,0.2743469470005948,sqs-worker-5986dcd897-x8rdl,ip-192-168-20-201.ec2.internal,3051bdf94973914e186d40c3f97cf2dab3bbad04d65da15be2423b034c2a7c61,1,6064.0,6338.0
1,keda-poisson-808-248a7467,000124,78.39276,2026-08-31T21:24:30.763+00:00,2026-08-31T21:24:30.805+00:00,2026-08-31T21:24:34.499+00:00,2026-08-31T21:24:34.499+00:00,2026-08-31T21:24:34.594+00:00,2026-08-31T21:24:34.594+00:00,0.051152,0.0943116660018859,sqs-worker-5986dcd897-x8rdl,ip-192-168-20-201.ec2.internal,73d71cef303a3a1087954628dcad985a697e4af66ce5272071841008e614b998,1,3694.0,3789.0
1,keda-poisson-808-248a7467,000130,80.750855,2026-08-31T21:24:33.121+00:00,2026-08-31T21:24:33.164+00:00,2026-08-31T21:24:34.609+00:00,2026-08-31T21:24:34.609+00:00,2026-08-31T21:24:34.803+00:00,2026-08-31T21:24:34.803+00:00,0.079628,0.1941808849987865,sqs-worker-5986dcd897-x8rdl,ip-192-168-20-201.ec2.internal,84202f25a6d060d2493378fd2951e0e5887af7aa5d0860c0310a4e17634842fe,1,1445.0,1639.0
1,keda-poisson-808-248a7467,000125,78.410034,2026-08-31T21:24:30.780+00:00,2026-08-31T21:24:30.824+00:00,2026-08-31T21:24:34.816+00:00,2026-08-31T21:24:34.816+00:00,2026-08-31T21:24:34.985+00:00,2026-08-31T21:24:34.985+00:00,0.063727,0.1687445610004943,sqs-worker-5986dcd897-x8rdl,ip-192-168-20-201.ec2.internal,1e99d84c105a729b10072bb019b5f2132e0b481515d175a22841990f04827fa8,1,3992.0,4161.0
1,keda-poisson-808-248a7467,000123,78.171192,2026-08-31T21:24:30.542+00:00,2026-08-31T21:24:30.587+00:00,2026-08-31T21:24:35.992+00:00,2026-08-31T21:24:35.992+00:00,2026-08-31T21:24:36.190+00:00,2026-08-31T21:24:36.190+00:00,0.089356,0.1978571399995417,sqs-worker-5986dcd897-x8rdl,ip-192-168-20-201.ec2.internal,36d478eb4d01155c22d5991c779baa5d1641addc55ca1bdc5f83164dd396bef8,1,5405.0,5603.0
1,keda-poisson-808-248a7467,000127,79.169966,2026-08-31T21:24:31.540+00:00,2026-08-31T21:24:31.590+00:00,2026-08-31T21:24:34.998+00:00,2026-08-31T21:24:34.999+00:00,2026-08-31T21:24:35.509+00:00,2026-08-31T21:24:35.510+00:00,0.220657,0.5110346980000031,sqs-worker-5986dcd897-x8rdl,ip-192-168-20-201.ec2.internal,eb039fa23ff9bf529733f0e230e0a58f3fcd3ac866a372fdb5f0719a3a9a7ade,1,3408.0,3919.0
1,keda-poisson-808-248a7467,000134,82.362949,2026-08-31T21:24:34.734+00:00,2026-08-31T21:24:34.779+00:00,2026-08-31T21:24:36.204+00:00,2026-08-31T21:24:36.204+00:00,2026-08-31T21:24:36.511+00:00,2026-08-31T21:24:36.511+00:00,0.137399,0.3072708749969024,sqs-worker-5986dcd897-x8rdl,ip-192-168-20-201.ec2.internal,de823c6823ce1d370c3ea58327f1f791efe01f44f1952ace95c516a8808f0a1c,1,1425.0,1732.0
1,keda-poisson-808-248a7467,000129,80.341834,2026-08-31T21:24:32.712+00:00,2026-08-31T21:24:32.754+00:00,2026-08-31T21:24:36.575+00:00,2026-08-31T21:24:36.575+00:00,2026-08-31T21:24:36.988+00:00,2026-08-31T21:24:36.989+00:00,0.173095,0.41388489000019035,sqs-worker-5986dcd897-x8rdl,ip-192-168-20-201.ec2.internal,c32ae85822057f1b3c008e63038ae8695c5325753afab76ac53ddb2f18860a6a,1,3821.0,4234.0
1,keda-poisson-808-248a7467,000119,76.859303,2026-08-31T21:24:29.230+00:00,2026-08-31T21:24:29.273+00:00,2026-08-31T21:24:35.525+00:00,2026-08-31T21:24:35.525+00:00,2026-08-31T21:24:35.976+00:00,2026-08-31T21:24:35.976+00:00,0.161631,0.45145318299910286,sqs-worker-5986dcd897-x8rdl,ip-192-168-20-201.ec2.internal,11019a4e97e12b2dc1a35369e382cd4c5bb19a18c27a20fc24b27411958ce07d,1,6252.0,6703.0
1,keda-poisson-808-248a7467,000138,83.441354,2026-08-31T21:24:35.811+00:00,2026-08-31T21:24:35.857+00:00,2026-08-31T21:24:37.002+00:00,2026-08-31T21:24:37.002+00:00,2026-08-31T21:24:37.204+00:00,2026-08-31T21:24:37.204+00:00,0.091353,0.20193794300212176,sqs-worker-5986dcd897-x8rdl,ip-192-168-20-201.ec2.internal,406d27a5af386f9c5a46883ad043b8b787a029ea726622d749b3cbe8b095e2b5,1,1145.0,1347.0
1,keda-poisson-808-248a7467,000120,76.884315,2026-08-31T21:24:29.254+00:00,2026-08-31T21:24:29.297+00:00,2026-08-31T21:24:37.219+00:00,2026-08-31T21:24:37.219+00:00,2026-08-31T21:24:38.007+00:00,2026-08-31T21:24:38.007+00:00,0.31937,0.7885865040007047,sqs-worker-5986dcd897-x8rdl,ip-192-168-20-201.ec2.internal,0e4bde6765043d77cd308d24413ccbcb35b92628d81fbbe0943209d0dbe6af7e,1,7922.0,8710.0
1,keda-poisson-808-248a7467,000137,83.261595,2026-08-31T21:24:35.632+00:00,2026-08-31T21:24:35.675+00:00,2026-08-31T21:24:38.026+00:00,2026-08-31T21:24:38.026+00:00,2026-08-31T21:24:38.277+00:00,2026-08-31T21:24:38.277+00:00,0.085954,0.2512479839970183,sqs-worker-5986dcd897-x8rdl,ip-192-168-20-201.ec2.internal,2fd4663bdead843cf684d25251b4bc282e4df4281835543e684ebe9a03767463,1,2351.0,2602.0
1,keda-poisson-808-248a7467,000122,77.399774,2026-08-31T21:24:29.770+00:00,2026-08-31T21:24:29.813+00:00,2026-08-31T21:24:38.293+00:00,2026-08-31T21:24:38.293+00:00,2026-08-31T21:24:39.000+00:00,2026-08-31T21:24:39.000+00:00,0.297842,0.7062624169993796,sqs-worker-5986dcd897-x8rdl,ip-192-168-20-201.ec2.internal,b3ff6dc414510c9ce5778f83d2736a57a1d862a1c9639009ca69d2687d32a767,1,8480.0,9187.0
1,keda-poisson-808-248a7467,000131,80.895292,2026-08-31T21:24:33.265+00:00,2026-08-31T21:24:33.311+00:00,2026-08-31T21:24:39.016+00:00,2026-08-31T21:24:39.016+00:00,2026-08-31T21:24:39.079+00:00,2026-08-31T21:24:39.079+00:00,0.015576,0.06360781400144333,sqs-worker-5986dcd897-x8rdl,ip-192-168-20-201.ec2.internal,5b8271eb7bacb61232313e222eaea3df9f88e6c0615f161acca6a5ff24397af3,1,5705.0,5768.0
1,keda-poisson-808-248a7467,000136,82.947706,2026-08-31T21:24:35.318+00:00,2026-08-31T21:24:35.363+00:00,2026-08-31T21:24:39.125+00:00,2026-08-31T21:24:39.125+00:00,2026-08-31T21:24:39.609+00:00,2026-08-31T21:24:39.609+00:00,0.218896,0.4840298300005088,sqs-worker-5986dcd897-x8rdl,ip-192-168-20-201.ec2.internal,ec70572d904100962be6e44328b16851a138b2a9b44bf6997e40e26643756e9a,1,3762.0,4246.0
1,keda-poisson-808-248a7467,000140,84.883296,2026-08-31T21:24:37.253+00:00,2026-08-31T21:24:37.299+00:00,2026-08-31T21:24:39.625+00:00,2026-08-31T21:24:39.625+00:00,2026-08-31T21:24:40.596+00:00,2026-08-31T21:24:40.596+00:00,0.200448,0.9711582260024443,sqs-worker-5986dcd897-x8rdl,ip-192-168-20-201.ec2.internal,ca08c49bcb2eb1582264dabd25b8449400be28e00597738478d30ac260de2e20,1,2326.0,3297.0
1,keda-poisson-808-248a7467,000144,85.685204,2026-08-31T21:24:38.056+00:00,2026-08-31T21:24:38.098+00:00,2026-08-31T21:24:40.680+00:00,2026-08-31T21:24:40.680+00:00,2026-08-31T21:24:41.098+00:00,2026-08-31T21:24:41.098+00:00,0.09365,0.4181268850006745,sqs-worker-5986dcd897-x8rdl,ip-192-168-20-201.ec2.internal,e3acb1b69d29d773ce4d2631ad4ec896b4f962c0ada4658ec840aeb0a74069e4,1,2582.0,3000.0
1,keda-poisson-808-248a7467,000126,78.593661,2026-08-31T21:24:30.964+00:00,2026-08-31T21:24:31.005+00:00,2026-08-31T21:24:41.193+00:00,2026-08-31T21:24:41.193+00:00,2026-08-31T21:24:41.484+00:00,2026-08-31T21:24:41.484+00:00,0.054489,0.29109641299874056,sqs-worker-5986dcd897-x8rdl,ip-192-168-20-201.ec2.internal,3450b06589069e6fc9fa0b2be4ab75ce18e1ea925ecf9c28250bf052eecf67f4,1,10188.0,10479.0
1,keda-poisson-808-248a7467,000145,85.902187,2026-08-31T21:24:38.272+00:00,2026-08-31T21:24:38.317+00:00,2026-08-31T21:24:41.506+00:00,2026-08-31T21:24:41.506+00:00,2026-08-31T21:24:43.683+00:00,2026-08-31T21:24:43.683+00:00,0.61147,2.17772934399909,sqs-worker-5986dcd897-x8rdl,ip-192-168-20-201.ec2.internal,c2217904c387c618790465cc873eadd8f3c2fb87738bebed547b0a2ca6b9a51c,1,3189.0,5366.0
1,keda-poisson-808-248a7467,000132,81.222247,2026-08-31T21:24:33.593+00:00,2026-08-31T21:24:33.633+00:00,2026-08-31T21:24:43.706+00:00,2026-08-31T21:24:43.706+00:00,2026-08-31T21:24:43.998+00:00,2026-08-31T21:24:43.998+00:00,0.130119,0.29183949200159987,sqs-worker-5986dcd897-x8rdl,ip-192-168-20-201.ec2.internal,958ed7ace2a43dfd145818eab976540c0b987917f150c978ef2e5d8fa5acd5ba,1,10073.0,10365.0
1,keda-poisson-808-248a7467,000152,90.270609,2026-08-31T21:24:42.641+00:00,2026-08-31T21:24:42.681+00:00,2026-08-31T21:24:44.014+00:00,2026-08-31T21:24:44.014+00:00,2026-08-31T21:24:45.375+00:00,2026-08-31T21:24:45.375+00:00,0.533447,1.3614525779994437,sqs-worker-5986dcd897-x8rdl,ip-192-168-20-201.ec2.internal,335d14a5d362150dd6cf25b49d01eb1a9527bae9723f76686085bc6c50acb30b,1,1333.0,2694.0
1,keda-poisson-808-248a7467,000135,82.824044,2026-08-31T21:24:35.195+00:00,2026-08-31T21:24:35.239+00:00,2026-08-31T21:24:45.396+00:00,2026-08-31T21:24:45.396+00:00,2026-08-31T21:24:45.481+00:00,2026-08-31T21:24:45.481+00:00,0.041075,0.08528620799916098,sqs-worker-5986dcd897-x8rdl,ip-192-168-20-201.ec2.internal,eedac4a78225e00bf23526ad1260daf7b350712865d146a3db186a2c4d6fa70a,1,10157.0,10242.0
1,keda-poisson-808-248a7467,000133,81.242367,2026-08-31T21:24:33.612+00:00,2026-08-31T21:24:33.657+00:00,2026-08-31T21:24:45.502+00:00,2026-08-31T21:24:45.502+00:00,2026-08-31T21:24:45.899+00:00,2026-08-31T21:24:45.899+00:00,0.174045,0.39690749799774494,sqs-worker-5986dcd897-x8rdl,ip-192-168-20-201.ec2.internal,1617415603fdd82de69e344407f35628711a5d2b5a06a8ca18387bad661efc19,1,11845.0,12242.0
1,keda-poisson-808-248a7467,000156,93.251811,2026-08-31T21:24:45.623+00:00,2026-08-31T21:24:45.666+00:00,2026-08-31T21:24:45.920+00:00,2026-08-31T21:24:45.920+00:00,2026-08-31T21:24:46.475+00:00,2026-08-31T21:24:46.475+00:00,0.211321,0.5545404900003632,sqs-worker-5986dcd897-x8rdl,ip-192-168-20-201.ec2.internal,6b8eb5f9ac63318e49b7bdd098f0ebad9a8041b660a3692aec97d6e0c7f82f6d,1,254.0,809.0
1,keda-poisson-808-248a7467,000149,88.068118,2026-08-31T21:24:40.438+00:00,2026-08-31T21:24:40.481+00:00,2026-08-31T21:24:46.496+00:00,2026-08-31T21:24:46.496+00:00,2026-08-31T21:24:46.606+00:00,2026-08-31T21:24:46.606+00:00,0.067468,0.11059708599714213,sqs-worker-5986dcd897-x8rdl,ip-192-168-20-201.ec2.internal,62324ce6b0e669363b44a11fe543cafe2f5dfe56dc80e26cbf9d90f474ce0089,1,6015.0,6125.0
1,keda-poisson-808-248a7467,000141,84.889804,2026-08-31T21:24:37.260+00:00,2026-08-31T21:24:37.307+00:00,2026-08-31T21:24:46.622+00:00,2026-08-31T21:24:46.622+00:00,2026-08-31T21:24:47.008+00:00,2026-08-31T21:24:47.008+00:00,0.157609,0.38594666499921004,sqs-worker-5986dcd897-x8rdl,ip-192-168-20-201.ec2.internal,203e0ed021fedc5da1decb63e5eb68acbf6424bcfcf894ec50f0b09ae82766fd,1,9315.0,9701.0
1,keda-poisson-808-248a7467,000146,86.998046,2026-08-31T21:24:39.369+00:00,2026-08-31T21:24:39.409+00:00,2026-08-31T21:24:47.024+00:00,2026-08-31T21:24:47.024+00:00,2026-08-31T21:24:48.090+00:00,2026-08-31T21:24:48.090+00:00,0.417925,1.0666411480015086,sqs-worker-5986dcd897-x8rdl,ip-192-168-20-201.ec2.internal,9ea6ba047c9918881fce7369f55c2db3fce18bd428d8c1271eeed4b341143115,1,7615.0,8681.0
1,keda-poisson-808-248a7467,000139,84.691354,2026-08-31T21:24:37.063+00:00,2026-08-31T21:24:37.107+00:00,2026-08-31T21:24:48.105+00:00,2026-08-31T21:24:48.105+00:00,2026-08-31T21:24:49.008+00:00,2026-08-31T21:24:49.008+00:00,0.36723,0.9033642290014541,sqs-worker-5986dcd897-x8rdl,ip-192-168-20-201.ec2.internal,7b4444ffc59cb30c49a47fb0d24fcef45bf0169d0748a225dd29f5b421a5e8f1,1,10998.0,11901.0
1,keda-poisson-808-248a7467,000150,88.32659,2026-08-31T21:24:40.697+00:00,2026-08-31T21:24:40.737+00:00,2026-08-31T21:24:49.024+00:00,2026-08-31T21:24:49.024+00:00,2026-08-31T21:24:49.411+00:00,2026-08-31T21:24:49.411+00:00,0.158455,0.38647082800162025,sqs-worker-5986dcd897-x8rdl,ip-192-168-20-201.ec2.internal,f0ffef8f98f217a809e67a2832879c4e7516dd35b18e9fced36ead8d6b6aa656,1,8287.0,8674.0
1,keda-poisson-808-248a7467,000143,85.123155,2026-08-31T21:24:37.493+00:00,2026-08-31T21:24:37.535+00:00,2026-08-31T21:24:49.432+00:00,2026-08-31T21:24:49.432+00:00,2026-08-31T21:24:50.593+00:00,2026-08-31T21:24:50.593+00:00,0.254553,1.1606136250011332,sqs-worker-5986dcd897-x8rdl,ip-192-168-20-201.ec2.internal,03865f24bc43d4a0f4180c6d67085004e83aa80e03a54ad9d003cd6acdf4662c,1,11897.0,13058.0
1,keda-poisson-808-248a7467,000147,87.726834,2026-08-31T21:24:40.098+00:00,2026-08-31T21:24:40.142+00:00,2026-08-31T21:24:50.684+00:00,2026-08-31T21:24:50.684+00:00,2026-08-31T21:24:52.986+00:00,2026-08-31T21:24:52.986+00:00,0.54274,2.30251237199991,sqs-worker-5986dcd897-x8rdl,ip-192-168-20-201.ec2.internal,4623f8e8db087581b7db45d5e9e0d4ad3764942314630e444b9946573a0224da,1,10542.0,12844.0
1,keda-poisson-808-248a7467,000153,90.526306,2026-08-31T21:24:42.896+00:00,2026-08-31T21:24:42.943+00:00,2026-08-31T21:24:53.006+00:00,2026-08-31T21:24:53.006+00:00,2026-08-31T21:24:55.377+00:00,2026-08-31T21:24:55.377+00:00,0.953169,2.3717731769975217,sqs-worker-5986dcd897-x8rdl,ip-192-168-20-201.ec2.internal,5d519d4209c700f27b23a7711ede5369ad23071fcf8930aa3493adad114b902f,1,10063.0,12434.0
1,keda-poisson-808-248a7467,000154,90.644739,2026-08-31T21:24:43.015+00:00,2026-08-31T21:24:43.057+00:00,2026-08-31T21:24:55.393+00:00,2026-08-31T21:24:55.393+00:00,2026-08-31T21:24:55.805+00:00,2026-08-31T21:24:55.805+00:00,0.183851,0.4124497680022614,sqs-worker-5986dcd897-x8rdl,ip-192-168-20-201.ec2.internal,d7d27153c71c7deb649ac1a3072cbd8bd5012f5ba2087e8a9de3ad21a5fc54b6,1,12336.0,12748.0
1,keda-poisson-808-248a7467,000158,95.510745,2026-08-31T21:24:47.881+00:00,2026-08-31T21:24:47.927+00:00,2026-08-31T21:24:55.821+00:00,2026-08-31T21:24:55.821+00:00,2026-08-31T21:24:56.091+00:00,2026-08-31T21:24:56.091+00:00,0.10236,0.2704779410014453,sqs-worker-5986dcd897-x8rdl,ip-192-168-20-201.ec2.internal,481378c30e1627977c5f7e48e4d96af2a9f76a12a580ea4a73c40f4f6bcd07b4,1,7894.0,8164.0
1,keda-poisson-808-248a7467,000159,98.89405,2026-08-31T21:24:51.266+00:00,2026-08-31T21:24:51.309+00:00,2026-08-31T21:24:56.113+00:00,2026-08-31T21:24:56.113+00:00,2026-08-31T21:24:56.495+00:00,2026-08-31T21:24:56.495+00:00,0.159535,0.3825324150020606,sqs-worker-5986dcd897-x8rdl,ip-192-168-20-201.ec2.internal,078f19ffee66fee78b030cec720beedfd96b24001cc214ce6a2f9d0d8462f7fa,1,4804.0,5186.0
1,keda-poisson-808-248a7467,000151,89.574341,2026-08-31T21:24:41.946+00:00,2026-08-31T21:24:41.987+00:00,2026-08-31T21:24:56.514+00:00,2026-08-31T21:24:56.514+00:00,2026-08-31T21:24:56.875+00:00,2026-08-31T21:24:56.875+00:00,0.135472,0.36124917499910225,sqs-worker-5986dcd897-x8rdl,ip-192-168-20-201.ec2.internal,4bdd4c67386b287b8fa09a7aa20660d477b4ff10a11c2193d94100d243836356,1,14527.0,14888.0
1,keda-poisson-808-248a7467,000162,101.797562,2026-08-31T21:24:54.167+00:00,2026-08-31T21:24:54.215+00:00,2026-08-31T21:24:56.892+00:00,2026-08-31T21:24:56.892+00:00,2026-08-31T21:24:57.611+00:00,2026-08-31T21:24:57.611+00:00,0.311122,0.7193785189992923,sqs-worker-5986dcd897-x8rdl,ip-192-168-20-201.ec2.internal,fe57ade7d3bb9eabf125602720f774a779132f8b5f4932ef487161eff43f84fe,1,2677.0,3396.0
1,keda-poisson-808-248a7467,000160,99.346607,2026-08-31T21:24:51.715+00:00,2026-08-31T21:24:51.765+00:00,2026-08-31T21:24:57.680+00:00,2026-08-31T21:24:57.680+00:00,2026-08-31T21:24:57.694+00:00,2026-08-31T21:24:57.694+00:00,0.014198,0.01426111999899149,sqs-worker-5986dcd897-x8rdl,ip-192-168-20-201.ec2.internal,25c72b08edf34b6935ea4698ca7f5bbc7fb83db5d36d461c76040cf5dd7eb067,1,5915.0,5929.0
1,keda-poisson-808-248a7467,000163,101.947188,2026-08-31T21:24:54.316+00:00,2026-08-31T21:24:54.359+00:00,2026-08-31T21:24:57.712+00:00,2026-08-31T21:24:57.712+00:00,2026-08-31T21:24:58.389+00:00,2026-08-31T21:24:58.389+00:00,0.26629,0.6772793519994593,sqs-worker-5986dcd897-x8rdl,ip-192-168-20-201.ec2.internal,984bd795c8dded9f468ac88250fa5c85fe3d7c3e4e3364afcb72dac7d8fe9bf0,1,3353.0,4030.0000000000005
1,keda-poisson-808-248a7467,000161,100.511406,2026-08-31T21:24:52.881+00:00,2026-08-31T21:24:52.931+00:00,2026-08-31T21:24:58.411+00:00,2026-08-31T21:24:58.411+00:00,2026-08-31T21:24:58.685+00:00,2026-08-31T21:24:58.685+00:00,0.110775,0.2745435049982916,sqs-worker-5986dcd897-x8rdl,ip-192-168-20-201.ec2.internal,c11069735bde1166c1750b49613831b9f9e6f79b8426d27e4cfbdde864248c44,1,5480.0,5754.0
1,keda-poisson-808-248a7467,000142,85.081627,2026-08-31T21:24:37.452+00:00,2026-08-31T21:24:37.495+00:00,2026-08-31T21:24:58.710+00:00,2026-08-31T21:24:58.710+00:00,2026-08-31T21:24:58.720+00:00,2026-08-31T21:24:58.720+00:00,0.010275,0.010306057996785967,sqs-worker-5986dcd897-x8rdl,ip-192-168-20-201.ec2.internal,26b6fd9b14ae1fe546e2e42d278e5acde3effe18aea17f888ce721bf895290a4,1,21215.0,21225.0
1,keda-poisson-808-248a7467,000166,105.188592,2026-08-31T21:24:57.557+00:00,2026-08-31T21:24:57.599+00:00,2026-08-31T21:24:58.776+00:00,2026-08-31T21:24:58.776+00:00,2026-08-31T21:24:59.085+00:00,2026-08-31T21:24:59.085+00:00,0.122515,0.30943714100067155,sqs-worker-5986dcd897-x8rdl,ip-192-168-20-201.ec2.internal,f8aaf387b2d8f587d1a1c882b2edef4759ed646cc34d74537fd6ca1949ecb91f,1,1177.0,1486.0
1,keda-poisson-808-248a7467,000148,87.920101,2026-08-31T21:24:40.290+00:00,2026-08-31T21:24:40.331+00:00,2026-08-31T21:24:59.104+00:00,2026-08-31T21:24:59.104+00:00,2026-08-31T21:24:59.700+00:00,2026-08-31T21:24:59.700+00:00,0.250244,0.5959072539990302,sqs-worker-5986dcd897-x8rdl,ip-192-168-20-201.ec2.internal,ce364143ee41b10a89ba68e8de7a624ba79189885c618d5224098933d2bfad43,1,18773.0,19369.0
1,keda-poisson-808-248a7467,000165,105.166857,2026-08-31T21:24:57.536+00:00,2026-08-31T21:24:57.581+00:00,2026-08-31T21:24:58.467+00:00,2026-08-31T21:24:58.467+00:00,2026-08-31T21:25:00.414+00:00,2026-08-31T21:25:00.414+00:00,0.306691,1.9465615580011217,sqs-worker-5986dcd897-p6hsm,ip-192-168-20-201.ec2.internal,a8bf46e07423f08f0ef386815b08d32e78d01c8bc9c1cac793891bdb5240921e,1,886.0,2833.0
1,keda-poisson-808-248a7467,000155,91.497448,2026-08-31T21:24:43.868+00:00,2026-08-31T21:24:43.909+00:00,2026-08-31T21:25:00.926+00:00,2026-08-31T21:25:00.926+00:00,2026-08-31T21:25:01.005+00:00,2026-08-31T21:25:01.005+00:00,0.044478,0.07907830000112881,sqs-worker-5986dcd897-p6hsm,ip-192-168-20-201.ec2.internal,4948c1f20db4aaa4b64c8718e1b7f8158e8ec644415d4a60650dd2c26db2d2f4,1,17017.0,17096.0
1,keda-poisson-808-248a7467,000157,94.845399,2026-08-31T21:24:47.217+00:00,2026-08-31T21:24:47.270+00:00,2026-08-31T21:25:01.044+00:00,2026-08-31T21:25:01.044+00:00,2026-08-31T21:25:01.571+00:00,2026-08-31T21:25:01.571+00:00,0.21637,0.5267912130002514,sqs-worker-5986dcd897-p6hsm,ip-192-168-20-201.ec2.internal,ca6c69265bebd4708ba60b656df377e9f13d3d05a344870e6795afb5d0b40797,1,13774.0,14301.0
1,keda-poisson-808-248a7467,000168,107.121426,2026-08-31T21:24:59.491+00:00,2026-08-31T21:24:59.538+00:00,2026-08-31T21:24:59.789+00:00,2026-08-31T21:24:59.789+00:00,2026-08-31T21:25:01.603+00:00,2026-08-31T21:25:01.603+00:00,0.358351,1.8137675750003837,sqs-worker-5986dcd897-x8rdl,ip-192-168-20-201.ec2.internal,d800b6c9db8048519fd89167dcab1e29d62620bfe3766997e484cb6af358e410,1,251.0,2065.0
1,keda-poisson-808-248a7467,000170,108.716454,2026-08-31T21:25:01.086+00:00,2026-08-31T21:25:01.127+00:00,2026-08-31T21:25:01.595+00:00,2026-08-31T21:25:01.595+00:00,2026-08-31T21:25:01.617+00:00,2026-08-31T21:25:01.617+00:00,0.015401,0.021603083001537016,sqs-worker-5986dcd897-p6hsm,ip-192-168-20-201.ec2.internal,44038c75f14ba03b620bdea107a4c9207987c28c1c51e05a2c77d200eb540965,1,468.0,490.0
1,keda-poisson-808-248a7467,000169,107.985721,2026-08-31T21:25:00.355+00:00,2026-08-31T21:25:00.395+00:00,2026-08-31T21:25:00.504+00:00,2026-08-31T21:25:00.504+00:00,2026-08-31T21:25:00.881+00:00,2026-08-31T21:25:00.881+00:00,0.133729,0.3769888950009772,sqs-worker-5986dcd897-p6hsm,ip-192-168-20-201.ec2.internal,5707e96aab35c40b5bb13a65e6226d17fc78a3af1cb290ca938c28a85f7492dc,1,109.0,486.0
1,keda-poisson-808-248a7467,000167,105.775167,2026-08-31T21:24:58.144+00:00,2026-08-31T21:24:58.189+00:00,2026-08-31T21:25:01.705+00:00,2026-08-31T21:25:01.705+00:00,2026-08-31T21:25:01.997+00:00,2026-08-31T21:25:01.997+00:00,0.059419,0.29149672300263774,sqs-worker-5986dcd897-x8rdl,ip-192-168-20-201.ec2.internal,159cc94e8d97028bc1610a88c57bb18c78939e286562d956badd7bcd2ed4ca67,1,3516.0,3808.0
1,keda-poisson-808-248a7467,000164,104.219812,2026-08-31T21:24:56.589+00:00,2026-08-31T21:24:56.635+00:00,2026-08-31T21:25:01.648+00:00,2026-08-31T21:25:01.648+00:00,2026-08-31T21:25:02.010+00:00,2026-08-31T21:25:02.010+00:00,0.160466,0.3615353650020552,sqs-worker-5986dcd897-p6hsm,ip-192-168-20-201.ec2.internal,6d24ff03d5c5024a9db0a2dfcb26d4a76de6233d636600d1a37ff91922fa0acd,1,5013.0,5375.0
1,keda-poisson-808-248a7467,000171,109.221042,2026-08-31T21:25:01.590+00:00,2026-08-31T21:25:01.633+00:00,2026-08-31T21:25:02.087+00:00,2026-08-31T21:25:02.087+00:00,2026-08-31T21:25:02.099+00:00,2026-08-31T21:25:02.099+00:00,0.012237,0.012306242999329697,sqs-worker-5986dcd897-x8rdl,ip-192-168-20-201.ec2.internal,d368c079aa2d302e72bed78a5e1637f6a43f87e59fa6d7bc4c94a84b6bf29ca4,1,454.0,466.0
1,keda-poisson-808-248a7467,000172,109.413561,2026-08-31T21:25:01.782+00:00,2026-08-31T21:25:01.823+00:00,2026-08-31T21:25:02.038+00:00,2026-08-31T21:25:02.038+00:00,2026-08-31T21:25:02.911+00:00,2026-08-31T21:25:02.911+00:00,0.358487,0.8735427339997841,sqs-worker-5986dcd897-p6hsm,ip-192-168-20-201.ec2.internal,f44b5c8bca6d89cbfdb7b349fece1308032c2e754421ab45ed4d5bdf57683fde,1,215.0,1088.0
1,keda-poisson-808-248a7467,000173,109.894489,2026-08-31T21:25:02.263+00:00,2026-08-31T21:25:02.305+00:00,2026-08-31T21:25:02.313+00:00,2026-08-31T21:25:02.314+00:00,2026-08-31T21:25:02.884+00:00,2026-08-31T21:25:02.884+00:00,0.132567,0.5700454770012584,sqs-worker-5986dcd897-x8rdl,ip-192-168-20-201.ec2.internal,0f9276e6f3e7be0d1cf4c87a389ca3f47f20ab12f728e0054a230e5d516b99fa,1,8.0,579.0
1,keda-poisson-808-248a7467,000175,111.059175,2026-08-31T21:25:03.428+00:00,2026-08-31T21:25:03.472+00:00,2026-08-31T21:25:03.477+00:00,2026-08-31T21:25:03.477+00:00,2026-08-31T21:25:04.673+00:00,2026-08-31T21:25:04.673+00:00,0.487726,1.1962649439992674,sqs-worker-5986dcd897-p6hsm,ip-192-168-20-201.ec2.internal,917b58624e39ec568c6d2de27628a888c95754517dbebb091e0669c8118c85eb,1,5.0,1201.0
1,keda-poisson-808-248a7467,000177,111.84335,2026-08-31T21:25:04.212+00:00,2026-08-31T21:25:04.255+00:00,2026-08-31T21:25:04.692+00:00,2026-08-31T21:25:04.692+00:00,2026-08-31T21:25:05.099+00:00,2026-08-31T21:25:05.099+00:00,0.180995,0.4073223160012276,sqs-worker-5986dcd897-p6hsm,ip-192-168-20-201.ec2.internal,eaa0dc190aa23b1ae9683fd15ae2c487651a43989e0cd258f0014897f4a29204,1,437.0,844.0
1,keda-poisson-808-248a7467,000174,110.641662,2026-08-31T21:25:03.011+00:00,2026-08-31T21:25:03.057+00:00,2026-08-31T21:25:03.060+00:00,2026-08-31T21:25:03.061+00:00,2026-08-31T21:25:05.483+00:00,2026-08-31T21:25:05.483+00:00,0.981135,2.422196576000715,sqs-worker-5986dcd897-x8rdl,ip-192-168-20-201.ec2.internal,68340fa2c3fef27634c8ff115c056ce8f3d89141e8f1df86e49e8dd0b9056ff2,1,3.0,2426.0
1,keda-poisson-808-248a7467,000176,111.567334,2026-08-31T21:25:03.936+00:00,2026-08-31T21:25:03.981+00:00,2026-08-31T21:25:05.112+00:00,2026-08-31T21:25:05.112+00:00,2026-08-31T21:25:05.691+00:00,2026-08-31T21:25:05.691+00:00,0.228129,0.5788876279984834,sqs-worker-5986dcd897-p6hsm,ip-192-168-20-201.ec2.internal,0316bf78c6b12dcb1dd72c35b7bb4e1271726c13fdd8f702b9984f6451ccb35a,1,1131.0,1710.0
1,keda-poisson-808-248a7467,000178,113.370792,2026-08-31T21:25:05.740+00:00,2026-08-31T21:25:05.783+00:00,2026-08-31T21:25:05.787+00:00,2026-08-31T21:25:05.787+00:00,2026-08-31T21:25:05.902+00:00,2026-08-31T21:25:05.902+00:00,0.058977,0.11460993099899497,sqs-worker-5986dcd897-x8rdl,ip-192-168-20-201.ec2.internal,e2abde326a5c6872256d5a6d8427aba08457157c9f2aed26ef84086eb8830b72,1,4.0,119.0
1,keda-poisson-808-248a7467,000179,113.710918,2026-08-31T21:25:06.080+00:00,2026-08-31T21:25:06.169+00:00,2026-08-31T21:25:06.174+00:00,2026-08-31T21:25:06.174+00:00,2026-08-31T21:25:06.686+00:00,2026-08-31T21:25:06.686+00:00,0.219914,0.5119863430008991,sqs-worker-5986dcd897-p6hsm,ip-192-168-20-201.ec2.internal,40667eb6255f815731ea9cedf9ae8556f0793cc00b99e1a8a9f587cebcded3dc,1,5.0,517.0
1,keda-poisson-808-248a7467,000181,114.211051,2026-08-31T21:25:06.580+00:00,2026-08-31T21:25:06.623+00:00,2026-08-31T21:25:06.725+00:00,2026-08-31T21:25:06.725+00:00,2026-08-31T21:25:07.781+00:00,2026-08-31T21:25:07.781+00:00,0.429574,1.0557608180024545,sqs-worker-5986dcd897-p6hsm,ip-192-168-20-201.ec2.internal,5e800aecc7f74c53148a950a37b83d351effbe78ca39f852e5e3c958a26d1589,1,102.0,1158.0
1,keda-poisson-808-248a7467,000180,114.125359,2026-08-31T21:25:06.494+00:00,2026-08-31T21:25:06.537+00:00,2026-08-31T21:25:06.541+00:00,2026-08-31T21:25:06.541+00:00,2026-08-31T21:25:07.881+00:00,2026-08-31T21:25:07.881+00:00,0.562423,1.3404274019994773,sqs-worker-5986dcd897-x8rdl,ip-192-168-20-201.ec2.internal,1ae5c91317c2bf0f7970c85e57062831211503e030fc17bcec6f4e32edc8985d,1,4.0,1344.0
1,keda-poisson-808-248a7467,000186,114.830426,2026-08-31T21:25:07.199+00:00,2026-08-31T21:25:07.244+00:00,2026-08-31T21:25:07.895+00:00,2026-08-31T21:25:07.895+00:00,2026-08-31T21:25:08.395+00:00,2026-08-31T21:25:08.395+00:00,0.206414,0.49932199400063837,sqs-worker-5986dcd897-x8rdl,ip-192-168-20-201.ec2.internal,71aae3aec4db63a967b791b3fd207687bb297ed4ffed2ed69a897e1b18b20f25,1,651.0,1151.0
1,keda-poisson-808-248a7467,000184,114.536931,2026-08-31T21:25:06.905+00:00,2026-08-31T21:25:06.953+00:00,2026-08-31T21:25:08.415+00:00,2026-08-31T21:25:08.415+00:00,2026-08-31T21:25:08.608+00:00,2026-08-31T21:25:08.608+00:00,0.08798,0.1928163510019658,sqs-worker-5986dcd897-x8rdl,ip-192-168-20-201.ec2.internal,2acf38be79da18b6bd49226bb012fd7856899e265993b9c724863ea7668226ef,1,1462.0,1655.0
1,keda-poisson-808-248a7467,000189,115.835177,2026-08-31T21:25:08.204+00:00,2026-08-31T21:25:08.247+00:00,2026-08-31T21:25:08.623+00:00,2026-08-31T21:25:08.623+00:00,2026-08-31T21:25:09.008+00:00,2026-08-31T21:25:09.009+00:00,0.154117,0.38586727700021584,sqs-worker-5986dcd897-x8rdl,ip-192-168-20-201.ec2.internal,bad2ea3d6c7f19e920882124d4068dd2d16d5e9e876dc02ab9d495ca152b6397,1,376.0,761.0
1,keda-poisson-808-248a7467,000185,114.647059,2026-08-31T21:25:07.016+00:00,2026-08-31T21:25:07.063+00:00,2026-08-31T21:25:07.794+00:00,2026-08-31T21:25:07.794+00:00,2026-08-31T21:25:09.170+00:00,2026-08-31T21:25:09.170+00:00,0.304547,1.3758882080001058,sqs-worker-5986dcd897-p6hsm,ip-192-168-20-201.ec2.internal,bf6b5a45bf927f39d011930d11b02214c42e7d74dff0237b42c09314871a87a1,1,731.0,2107.0
1,keda-poisson-808-248a7467,000191,117.096798,2026-08-31T21:25:09.466+00:00,2026-08-31T21:25:09.515+00:00,2026-08-31T21:25:09.580+00:00,2026-08-31T21:25:09.580+00:00,2026-08-31T21:25:09.670+00:00,2026-08-31T21:25:09.670+00:00,0.014316,0.08988650199898984,sqs-worker-5986dcd897-p6hsm,ip-192-168-20-201.ec2.internal,ae582ab9f8092511da9306c9f99549421a1ef2f42b7f6015aedd1c9509d59950,1,65.0,155.0
1,keda-poisson-808-248a7467,000182,114.379712,2026-08-31T21:25:06.748+00:00,2026-08-31T21:25:07.315+00:00,2026-08-31T21:25:09.266+00:00,2026-08-31T21:25:09.266+00:00,2026-08-31T21:25:09.483+00:00,2026-08-31T21:25:09.483+00:00,0.054062,0.21677552899927832,sqs-worker-5986dcd897-p6hsm,ip-192-168-20-201.ec2.internal,5951822ec1483097d9c6975d159bc572e16486b0ce5f3affb8053fcab5438830,1,1951.0,2168.0
1,keda-poisson-808-248a7467,000187,114.861984,2026-08-31T21:25:07.230+00:00,2026-08-31T21:25:07.272+00:00,2026-08-31T21:25:09.027+00:00,2026-08-31T21:25:09.027+00:00,2026-08-31T21:25:09.580+00:00,2026-08-31T21:25:09.580+00:00,0.208767,0.5535114169979352,sqs-worker-5986dcd897-x8rdl,ip-192-168-20-201.ec2.internal,fd785dda3bde46b89eda98915e57cf1ceac0bd264948670f03ffe6edc09550d5,1,1755.0,2308.0
1,keda-poisson-808-248a7467,000183,114.475682,2026-08-31T21:25:06.844+00:00,2026-08-31T21:25:06.887+00:00,2026-08-31T21:25:09.716+00:00,2026-08-31T21:25:09.716+00:00,2026-08-31T21:25:11.216+00:00,2026-08-31T21:25:11.216+00:00,0.363082,1.4993833439984883,sqs-worker-5986dcd897-p6hsm,ip-192-168-20-201.ec2.internal,21e04e80637d0f0fc41c9910b040358c0979aacbe960efcd047ab19dd16c6f76,1,2829.0,4329.0
1,keda-poisson-808-248a7467,000190,116.657866,2026-08-31T21:25:09.027+00:00,2026-08-31T21:25:09.073+00:00,2026-08-31T21:25:11.243+00:00,2026-08-31T21:25:11.243+00:00,2026-08-31T21:25:11.491+00:00,2026-08-31T21:25:11.491+00:00,0.107631,0.24806334000095376,sqs-worker-5986dcd897-p6hsm,ip-192-168-20-201.ec2.internal,c97438c0f449a61f59a34e634948f5c76f403d6d10c939f796931ddd68560e75,1,2170.0,2418.0
1,keda-poisson-808-248a7467,000192,118.06838,2026-08-31T21:25:10.437+00:00,2026-08-31T21:25:10.481+00:00,2026-08-31T21:25:11.517+00:00,2026-08-31T21:25:11.517+00:00,2026-08-31T21:25:11.871+00:00,2026-08-31T21:25:11.871+00:00,0.133995,0.353229657997872,sqs-worker-5986dcd897-p6hsm,ip-192-168-20-201.ec2.internal,e6ee26c1607e779bd70b619e210f5d3de5e0dd68a060938de0b71119436b9728,1,1036.0,1390.0
1,keda-poisson-808-248a7467,000193,119.475064,2026-08-31T21:25:11.845+00:00,2026-08-31T21:25:11.885+00:00,2026-08-31T21:25:11.894+00:00,2026-08-31T21:25:11.894+00:00,2026-08-31T21:25:12.673+00:00,2026-08-31T21:25:12.673+00:00,0.317895,0.7791248270004871,sqs-worker-5986dcd897-p6hsm,ip-192-168-20-201.ec2.internal,ae530887575bec0105437d0418c0fc6515e052202c253a50a34b6da4ff079a60,1,9.0,788.0
1,keda-poisson-808-248a7467,000188,115.508663,2026-08-31T21:25:07.877+00:00,2026-08-31T21:25:07.930+00:00,2026-08-31T21:25:09.611+00:00,2026-08-31T21:25:09.611+00:00,2026-08-31T21:25:13.309+00:00,2026-08-31T21:25:13.309+00:00,0.803044,3.6981477940025798,sqs-worker-5986dcd897-x8rdl,ip-192-168-20-201.ec2.internal,cc61191608f3474a1d3ae13847eb2c1474a988a2c16ecc1b5ce2b2a2782504c3,1,1681.0,5379.0
1,keda-poisson-808-248a7467,000194,120.40111,2026-08-31T21:25:12.771+00:00,2026-08-31T21:25:12.813+00:00,2026-08-31T21:25:12.817+00:00,2026-08-31T21:25:12.817+00:00,2026-08-31T21:25:13.498+00:00,2026-08-31T21:25:13.499+00:00,0.281466,0.6819885069999145,sqs-worker-5986dcd897-p6hsm,ip-192-168-20-201.ec2.internal,3661b634309e54ec87d112bf745f240791190e64da3e8f3afdd002439cdd2616,1,4.0,685.0
1,keda-poisson-808-248a7467,000195,120.919195,2026-08-31T21:25:13.288+00:00,2026-08-31T21:25:13.335+00:00,2026-08-31T21:25:13.345+00:00,2026-08-31T21:25:13.346+00:00,2026-08-31T21:25:13.806+00:00,2026-08-31T21:25:13.806+00:00,0.192152,0.4608291719996487,sqs-worker-5986dcd897-x8rdl,ip-192-168-20-201.ec2.internal,bf6e3648a6a3f3e6fea5b55a69a6f409574b5567ca689f1f07d953ec7093fc18,1,10.0,471.0
1,keda-poisson-808-248a7467,000196,122.077286,2026-08-31T21:25:14.447+00:00,2026-08-31T21:25:14.487+00:00,2026-08-31T21:25:14.490+00:00,2026-08-31T21:25:14.490+00:00,2026-08-31T21:25:15.419+00:00,2026-08-31T21:25:15.419+00:00,0.396184,0.9285411799974099,sqs-worker-5986dcd897-x8rdl,ip-192-168-20-201.ec2.internal,5965689949e8e56c445510f488fdd5603e9c3c33dba92a286921189239671c8c,1,3.0,932.0
1,keda-poisson-808-248a7467,000197,123.169887,2026-08-31T21:25:15.539+00:00,2026-08-31T21:25:15.579+00:00,2026-08-31T21:25:15.584+00:00,2026-08-31T21:25:15.584+00:00,2026-08-31T21:25:15.589+00:00,2026-08-31T21:25:15.589+00:00,0.005,0.005038318999140756,sqs-worker-5986dcd897-p6hsm,ip-192-168-20-201.ec2.internal,b12d6dcf8153b65678d841366ce062ab19c317b3198a772ea94cead9b5764b48,1,5.0,10.0
1,keda-poisson-808-248a7467,000198,123.20069,2026-08-31T21:25:15.569+00:00,2026-08-31T21:25:15.610+00:00,2026-08-31T21:25:15.613+00:00,2026-08-31T21:25:15.613+00:00,2026-08-31T21:25:15.622+00:00,2026-08-31T21:25:15.622+00:00,0.009336,0.009383164000610122,sqs-worker-5986dcd897-x8rdl,ip-192-168-20-201.ec2.internal,6a98c2b948fb1959970cfea9d8773ffbdc91ff9e55366e59b7677f6f5d17e9e6,1,3.0,12.0
1,keda-poisson-808-248a7467,000201,123.782594,2026-08-31T21:25:16.152+00:00,2026-08-31T21:25:16.194+00:00,2026-08-31T21:25:16.197+00:00,2026-08-31T21:25:16.197+00:00,2026-08-31T21:25:16.403+00:00,2026-08-31T21:25:16.403+00:00,0.097887,0.20665200900111813,sqs-worker-5986dcd897-x8rdl,ip-192-168-20-201.ec2.internal,309781b2988ecba80180a8ee10c9936fa2a94522153038388e831a5e2a2feb83,1,3.0,209.0
1,keda-poisson-808-248a7467,000199,123.249819,2026-08-31T21:25:15.618+00:00,2026-08-31T21:25:15.661+00:00,2026-08-31T21:25:15.666+00:00,2026-08-31T21:25:15.666+00:00,2026-08-31T21:25:15.874+00:00,2026-08-31T21:25:15.874+00:00,0.090701,0.20838736800214974,sqs-worker-5986dcd897-x8rdl,ip-192-168-20-201.ec2.internal,3a3c7023230047548573117c08205d513e2fa9e2f74605e6f3c9fdb46e6a311b,1,5.0,213.0
1,keda-poisson-808-248a7467,000200,123.277387,2026-08-31T21:25:15.646+00:00,2026-08-31T21:25:15.689+00:00,2026-08-31T21:25:15.693+00:00,2026-08-31T21:25:15.693+00:00,2026-08-31T21:25:16.072+00:00,2026-08-31T21:25:16.072+00:00,0.165941,0.3792827870020119,sqs-worker-5986dcd897-p6hsm,ip-192-168-20-201.ec2.internal,783d3d9d13f9bbc44d5135e285b32ac77e27aba0d71b67c73e56fe37308ec8d1,1,4.0,383.0
1,keda-poisson-808-248a7467,000203,125.536945,2026-08-31T21:25:17.907+00:00,2026-08-31T21:25:17.951+00:00,2026-08-31T21:25:17.955+00:00,2026-08-31T21:25:17.955+00:00,2026-08-31T21:25:18.217+00:00,2026-08-31T21:25:18.218+00:00,0.134289,0.26219013499940047,sqs-worker-5986dcd897-x8rdl,ip-192-168-20-201.ec2.internal,33b26501704eacc4ead36ae2219adc53ccca52544bf8c79503b0ccb9fcb0d674,1,4.0,266.0
1,keda-poisson-808-248a7467,000204,125.81119,2026-08-31T21:25:18.180+00:00,2026-08-31T21:25:18.221+00:00,2026-08-31T21:25:18.285+00:00,2026-08-31T21:25:18.285+00:00,2026-08-31T21:25:18.406+00:00,2026-08-31T21:25:18.406+00:00,0.066658,0.1211075430001074,sqs-worker-5986dcd897-x8rdl,ip-192-168-20-201.ec2.internal,4566ab9cd90543074d4ff074b44de7b6222155b601db0c5063e8fb37e62ae3ef,1,64.0,185.0
1,keda-poisson-808-248a7467,000205,126.702369,2026-08-31T21:25:19.072+00:00,2026-08-31T21:25:19.114+00:00,2026-08-31T21:25:19.120+00:00,2026-08-31T21:25:19.120+00:00,2026-08-31T21:25:19.398+00:00,2026-08-31T21:25:19.398+00:00,0.133292,0.27772446499875514,sqs-worker-5986dcd897-x8rdl,ip-192-168-20-201.ec2.internal,de449d70581ebe01c9784f396baf772d9e4633490a3e1e07365d151e63ea6bf6,1,6.0,284.0
1,keda-poisson-808-248a7467,000202,123.951882,2026-08-31T21:25:16.321+00:00,2026-08-31T21:25:16.364+00:00,2026-08-31T21:25:16.367+00:00,2026-08-31T21:25:16.367+00:00,2026-08-31T21:25:19.681+00:00,2026-08-31T21:25:19.681+00:00,1.0,3.313933570003428,sqs-worker-5986dcd897-p6hsm,ip-192-168-20-201.ec2.internal,8e8cbfa1b6412851bea0423427a763ba9ee1ef414cb83693a457270ac3859af4,1,3.0,3317.0
1,keda-poisson-808-248a7467,000207,129.068767,2026-08-31T21:25:21.437+00:00,2026-08-31T21:25:21.484+00:00,2026-08-31T21:25:21.487+00:00,2026-08-31T21:25:21.488+00:00,2026-08-31T21:25:21.502+00:00,2026-08-31T21:25:21.502+00:00,0.014599,0.01471059499817784,sqs-worker-5986dcd897-x8rdl,ip-192-168-20-201.ec2.internal,b423df1a66e0d827c1502847831e61922396f57de186367daaf7a3395c68175e,1,3.0,18.0
1,keda-poisson-808-248a7467,000208,129.121486,2026-08-31T21:25:21.489+00:00,2026-08-31T21:25:21.531+00:00,2026-08-31T21:25:21.534+00:00,2026-08-31T21:25:21.534+00:00,2026-08-31T21:25:22.289+00:00,2026-08-31T21:25:22.289+00:00,0.307264,0.7550279049974051,sqs-worker-5986dcd897-x8rdl,ip-192-168-20-201.ec2.internal,4d429009a13d5aef1a58a0d5c0d970c8f707d9a14b67a0c23d1bc66501b5a5b9,1,3.0,758.0
1,keda-poisson-808-248a7467,000206,128.514442,2026-08-31T21:25:20.885+00:00,2026-08-31T21:25:20.932+00:00,2026-08-31T21:25:20.935+00:00,2026-08-31T21:25:20.935+00:00,2026-08-31T21:25:22.726+00:00,2026-08-31T21:25:22.726+00:00,0.75046,1.7909996810012672,sqs-worker-5986dcd897-p6hsm,ip-192-168-20-201.ec2.internal,bb07e1fdc13e504517b739996516016495b2e5c4db906b7df8f40bda89790b05,1,3.0,1794.0
1,keda-poisson-808-248a7467,000209,129.345918,2026-08-31T21:25:21.713+00:00,2026-08-31T21:25:21.755+00:00,2026-08-31T21:25:22.328+00:00,2026-08-31T21:25:22.328+00:00,2026-08-31T21:25:22.821+00:00,2026-08-31T21:25:22.821+00:00,0.226872,0.4932503509990056,sqs-worker-5986dcd897-x8rdl,ip-192-168-20-201.ec2.internal,9414f5fed2a28cbc81f192d5cb6802cace38fb922e6601af64b3132a9d716ff0,1,573.0,1066.0
1,keda-poisson-808-248a7467,000210,129.944312,2026-08-31T21:25:22.312+00:00,2026-08-31T21:25:22.362+00:00,2026-08-31T21:25:22.775+00:00,2026-08-31T21:25:22.775+00:00,2026-08-31T21:25:22.904+00:00,2026-08-31T21:25:22.904+00:00,0.052591,0.1290686310021556,sqs-worker-5986dcd897-p6hsm,ip-192-168-20-201.ec2.internal,4e15f104a3eaa6fac6d91fcdf1f7b714ccb745161313a262b943eca933260279,1,413.0,542.0
1,keda-poisson-808-248a7467,000212,130.919945,2026-08-31T21:25:23.287+00:00,2026-08-31T21:25:23.329+00:00,2026-08-31T21:25:23.333+00:00,2026-08-31T21:25:23.333+00:00,2026-08-31T21:25:23.501+00:00,2026-08-31T21:25:23.501+00:00,0.095319,0.16802145600013318,sqs-worker-5986dcd897-x8rdl,ip-192-168-20-201.ec2.internal,4587e210c087e0d677da6f861ed338680e04711d8407c9f11f173878c91cb99b,1,4.0,172.0
1,keda-poisson-808-248a7467,000211,130.755556,2026-08-31T21:25:23.124+00:00,2026-08-31T21:25:23.169+00:00,2026-08-31T21:25:23.173+00:00,2026-08-31T21:25:23.173+00:00,2026-08-31T21:25:23.672+00:00,2026-08-31T21:25:23.672+00:00,0.206027,0.4986377370005357,sqs-worker-5986dcd897-p6hsm,ip-192-168-20-201.ec2.internal,23711840c4692eaf86d0d32ea7766f7306e19016170e412e4a6b64c8d954638b,1,4.0,503.0
1,keda-poisson-808-248a7467,000213,131.441481,2026-08-31T21:25:23.809+00:00,2026-08-31T21:25:23.860+00:00,2026-08-31T21:25:23.864+00:00,2026-08-31T21:25:23.864+00:00,2026-08-31T21:25:23.897+00:00,2026-08-31T21:25:23.897+00:00,0.033067,0.03310878599950229,sqs-worker-5986dcd897-p6hsm,ip-192-168-20-201.ec2.internal,c4757898d1e28dd580e4dbe980cd54ea4925941e9e930c4006f84a8e246486d6,1,4.0,37.0
1,keda-poisson-808-248a7467,000214,131.682708,2026-08-31T21:25:24.050+00:00,2026-08-31T21:25:24.095+00:00,2026-08-31T21:25:24.099+00:00,2026-08-31T21:25:24.099+00:00,2026-08-31T21:25:24.219+00:00,2026-08-31T21:25:24.219+00:00,0.075737,0.12022206600158825,sqs-worker-5986dcd897-x8rdl,ip-192-168-20-201.ec2.internal,552383a502c1f90bf9bd1d0975d97a44a6f6c2ac569998f87eac49df4de38b04,1,4.0,124.0
1,keda-poisson-808-248a7467,000215,132.957094,2026-08-31T21:25:25.326+00:00,2026-08-31T21:25:25.368+00:00,2026-08-31T21:25:25.372+00:00,2026-08-31T21:25:25.372+00:00,2026-08-31T21:25:25.983+00:00,2026-08-31T21:25:25.983+00:00,0.254296,0.6115507959984825,sqs-worker-5986dcd897-x8rdl,ip-192-168-20-201.ec2.internal,12016f9bb655332da9c161719bb0b56e5db183c1f26c855a90315ca42e9e49b3,1,4.0,615.0
1,keda-poisson-808-248a7467,000217,134.365363,2026-08-31T21:25:26.733+00:00,2026-08-31T21:25:26.781+00:00,2026-08-31T21:25:26.784+00:00,2026-08-31T21:25:26.784+00:00,2026-08-31T21:25:27.085+00:00,2026-08-31T21:25:27.085+00:00,0.12236,0.3006377349993272,sqs-worker-5986dcd897-x8rdl,ip-192-168-20-201.ec2.internal,ad5ed445b0c75a5c33a9ad5f147f3d7f6f656f1c5c80af73de7efca90d06ad15,1,3.0,304.0
1,keda-poisson-808-248a7467,000218,135.523029,2026-08-31T21:25:27.891+00:00,2026-08-31T21:25:27.938+00:00,2026-08-31T21:25:27.943+00:00,2026-08-31T21:25:27.943+00:00,2026-08-31T21:25:28.598+00:00,2026-08-31T21:25:28.598+00:00,0.297858,0.6551797380016069,sqs-worker-5986dcd897-x8rdl,ip-192-168-20-201.ec2.internal,7edc305bcc76282a0cd87b39bedb8a40c3d6d096d39909bf90d173338182739f,1,5.0,660.0
1,keda-poisson-808-248a7467,000216,134.355939,2026-08-31T21:25:26.725+00:00,2026-08-31T21:25:26.773+00:00,2026-08-31T21:25:26.777+00:00,2026-08-31T21:25:26.777+00:00,2026-08-31T21:25:29.080+00:00,2026-08-31T21:25:29.080+00:00,0.704825,2.3025107120010944,sqs-worker-5986dcd897-p6hsm,ip-192-168-20-201.ec2.internal,a8446eabca68559cbbfac00f45ca8c86a194b39da15d516bc0c9ea68533c4e1d,1,4.0,2307.0
1,keda-poisson-808-248a7467,000219,137.165605,2026-08-31T21:25:29.535+00:00,2026-08-31T21:25:29.578+00:00,2026-08-31T21:25:29.582+00:00,2026-08-31T21:25:29.582+00:00,2026-08-31T21:25:30.006+00:00,2026-08-31T21:25:30.006+00:00,0.187327,0.4242757950014493,sqs-worker-5986dcd897-7qvvj,ip-192-168-20-201.ec2.internal,adf99e42aa743c2bd774b44b8780f34296323bd66a324a730e55d0874d6a8182,1,4.0,428.0
1,keda-poisson-808-248a7467,000220,137.907543,2026-08-31T21:25:30.276+00:00,2026-08-31T21:25:30.320+00:00,2026-08-31T21:25:30.377+00:00,2026-08-31T21:25:30.377+00:00,2026-08-31T21:25:30.779+00:00,2026-08-31T21:25:30.779+00:00,0.100801,0.4028150049998658,sqs-worker-5986dcd897-x8rdl,ip-192-168-20-201.ec2.internal,8348108f8a5897859ba7a1835407e108a62cc7544f70d5c235d7c7e7a5bc7311,1,57.0,459.0
1,keda-poisson-808-248a7467,000221,138.407324,2026-08-31T21:25:30.775+00:00,2026-08-31T21:25:30.819+00:00,2026-08-31T21:25:30.831+00:00,2026-08-31T21:25:30.831+00:00,2026-08-31T21:25:30.836+00:00,2026-08-31T21:25:30.836+00:00,0.005,0.005042169999796897,sqs-worker-5986dcd897-7qvvj,ip-192-168-20-201.ec2.internal,0e041d3162769bc8f9c2294f3e23ea952762148f669acd241ae91fc4f7455782,1,12.0,17.0
1,keda-poisson-808-248a7467,000222,138.723901,2026-08-31T21:25:31.091+00:00,2026-08-31T21:25:31.136+00:00,2026-08-31T21:25:31.141+00:00,2026-08-31T21:25:31.141+00:00,2026-08-31T21:25:31.410+00:00,2026-08-31T21:25:31.410+00:00,0.103992,0.26820887500070967,sqs-worker-5986dcd897-x8rdl,ip-192-168-20-201.ec2.internal,9c4670c8860248c6533271744a406015631335bf586ba6eeceba04e5e05753e5,1,5.0,274.0
1,keda-poisson-808-248a7467,000223,139.405433,2026-08-31T21:25:31.773+00:00,2026-08-31T21:25:31.817+00:00,2026-08-31T21:25:31.821+00:00,2026-08-31T21:25:31.821+00:00,2026-08-31T21:25:31.848+00:00,2026-08-31T21:25:31.848+00:00,0.027331,0.027380464001907967,sqs-worker-5986dcd897-7qvvj,ip-192-168-20-201.ec2.internal,a849a78b902ed8451c35d535be8cdce8fdc74545e84b30cfa83eb39a68c69596,1,4.0,31.0
1,keda-poisson-808-248a7467,000224,139.95778,2026-08-31T21:25:32.326+00:00,2026-08-31T21:25:32.373+00:00,2026-08-31T21:25:32.377+00:00,2026-08-31T21:25:32.378+00:00,2026-08-31T21:25:32.410+00:00,2026-08-31T21:25:32.410+00:00,0.032351,0.032934693997958675,sqs-worker-5986dcd897-x8rdl,ip-192-168-20-201.ec2.internal,2f9d8c4ec04282de23d7760a138116cc533c30736bf09b6bafb3fdaacaf5a1d3,1,4.0,37.0
1,keda-poisson-808-248a7467,000227,140.486216,2026-08-31T21:25:32.854+00:00,2026-08-31T21:25:32.898+00:00,2026-08-31T21:25:32.902+00:00,2026-08-31T21:25:32.902+00:00,2026-08-31T21:25:32.919+00:00,2026-08-31T21:25:32.919+00:00,0.00715,0.017211066999152536,sqs-worker-5986dcd897-7qvvj,ip-192-168-20-201.ec2.internal,95710f13b58d9d98d13a8c172545f6af0524302d38624beaf056f4e5d11e3a22,1,4.0,21.0
1,keda-poisson-808-248a7467,000225,140.126324,2026-08-31T21:25:32.494+00:00,2026-08-31T21:25:32.538+00:00,2026-08-31T21:25:32.542+00:00,2026-08-31T21:25:32.542+00:00,2026-08-31T21:25:33.001+00:00,2026-08-31T21:25:33.001+00:00,0.217037,0.459696157999133,sqs-worker-5986dcd897-x8rdl,ip-192-168-20-201.ec2.internal,32ae79707b093a3231b68785b3cb306f8b41933c0eb2bf0a3d1fb590d152135a,1,4.0,463.0
1,keda-poisson-808-248a7467,000228,140.676751,2026-08-31T21:25:33.044+00:00,2026-08-31T21:25:33.092+00:00,2026-08-31T21:25:33.097+00:00,2026-08-31T21:25:33.097+00:00,2026-08-31T21:25:33.811+00:00,2026-08-31T21:25:33.811+00:00,0.318463,0.7148736349990941,sqs-worker-5986dcd897-x8rdl,ip-192-168-20-201.ec2.internal,d26e207835871afad7480f8fb488df4e4418a9d4c1ebb24e3da856076d0cffd7,1,5.0,719.0
1,keda-poisson-808-248a7467,000226,140.191435,2026-08-31T21:25:32.559+00:00,2026-08-31T21:25:32.630+00:00,2026-08-31T21:25:32.635+00:00,2026-08-31T21:25:32.635+00:00,2026-08-31T21:25:33.874+00:00,2026-08-31T21:25:33.874+00:00,0.534173,1.239115729000332,sqs-worker-5986dcd897-p6hsm,ip-192-168-20-201.ec2.internal,49a1f2b946910506c1077f3a28aba5e0552b527237d225b0d12417ecf9951d23,1,5.0,1244.0
1,keda-poisson-808-248a7467,000230,141.661008,2026-08-31T21:25:34.029+00:00,2026-08-31T21:25:34.074+00:00,2026-08-31T21:25:34.079+00:00,2026-08-31T21:25:34.079+00:00,2026-08-31T21:25:34.209+00:00,2026-08-31T21:25:34.209+00:00,0.06694,0.13041680500100483,sqs-worker-5986dcd897-x8rdl,ip-192-168-20-201.ec2.internal,99a156337daed2b5cfb7603cae60b4e863954c43f43b24d0c9c5480537ddf40f,1,5.0,135.0
1,keda-poisson-808-248a7467,000229,141.105937,2026-08-31T21:25:33.474+00:00,2026-08-31T21:25:34.061+00:00,2026-08-31T21:25:34.066+00:00,2026-08-31T21:25:34.066+00:00,2026-08-31T21:25:34.605+00:00,2026-08-31T21:25:34.605+00:00,0.238103,0.5396494700034964,sqs-worker-5986dcd897-p6hsm,ip-192-168-20-201.ec2.internal,3346b72cf712a2545e0d734fdad9eafa8078f80a24ee7c692d9a0238a0cb8f0d,1,5.0,544.0
1,keda-poisson-808-248a7467,000231,142.023721,2026-08-31T21:25:34.391+00:00,2026-08-31T21:25:34.434+00:00,2026-08-31T21:25:34.441+00:00,2026-08-31T21:25:34.441+00:00,2026-08-31T21:25:35.034+00:00,2026-08-31T21:25:35.034+00:00,0.240652,0.593185996000102,sqs-worker-5986dcd897-7qvvj,ip-192-168-20-201.ec2.internal,f9cbe382512f0dead179364b07903a572294cc2b8c824d672d01f4d8b39bc1c5,1,7.0,600.0
1,keda-poisson-808-248a7467,000232,142.693053,2026-08-31T21:25:35.061+00:00,2026-08-31T21:25:35.102+00:00,2026-08-31T21:25:35.108+00:00,2026-08-31T21:25:35.108+00:00,2026-08-31T21:25:35.420+00:00,2026-08-31T21:25:35.420+00:00,0.152158,0.31135669500145013,sqs-worker-5986dcd897-p6hsm,ip-192-168-20-201.ec2.internal,6907bbb3e919895c8182c6d835dbe4c72f1da1ecda16f5764865fd8a5e211c64,1,6.0,318.0
1,keda-poisson-808-248a7467,000234,143.51218,2026-08-31T21:25:35.880+00:00,2026-08-31T21:25:35.920+00:00,2026-08-31T21:25:35.925+00:00,2026-08-31T21:25:35.925+00:00,2026-08-31T21:25:35.952+00:00,2026-08-31T21:25:35.952+00:00,0.027474,0.02751620399794774,sqs-worker-5986dcd897-p6hsm,ip-192-168-20-201.ec2.internal,fe722e1be2968713a8869e9e715edcd27bd6ee24dc66c0fd3b7038ff28dabba4,1,5.0,32.0
1,keda-poisson-808-248a7467,000233,143.153908,2026-08-31T21:25:35.522+00:00,2026-08-31T21:25:35.583+00:00,2026-08-31T21:25:35.587+00:00,2026-08-31T21:25:35.587+00:00,2026-08-31T21:25:36.197+00:00,2026-08-31T21:25:36.197+00:00,0.254107,0.6097510660001717,sqs-worker-5986dcd897-x8rdl,ip-192-168-20-201.ec2.internal,38888bb994c77cc8fc53ee5c220e9cfacf3f2382bcfade068dc9fde498b1d7b3,1,4.0,614.0
1,keda-poisson-808-248a7467,000236,143.970319,2026-08-31T21:25:36.338+00:00,2026-08-31T21:25:36.380+00:00,2026-08-31T21:25:36.385+00:00,2026-08-31T21:25:36.385+00:00,2026-08-31T21:25:36.914+00:00,2026-08-31T21:25:36.914+00:00,0.231447,0.5294782669989218,sqs-worker-5986dcd897-x8rdl,ip-192-168-20-201.ec2.internal,da5940ec7abf497a6668461d4aad896a1d6378b7691e027b8e5e96a32bd0ebc0,1,5.0,534.0
1,keda-poisson-808-248a7467,000237,144.652321,2026-08-31T21:25:37.020+00:00,2026-08-31T21:25:37.062+00:00,2026-08-31T21:25:37.070+00:00,2026-08-31T21:25:37.070+00:00,2026-08-31T21:25:37.490+00:00,2026-08-31T21:25:37.490+00:00,0.181107,0.4203529359983804,sqs-worker-5986dcd897-x8rdl,ip-192-168-20-201.ec2.internal,b6c0f1c618d5acd83974efc43666af5525b270c0d028af0357790308a4a70d14,1,8.0,428.0
1,keda-poisson-808-248a7467,000235,143.534717,2026-08-31T21:25:35.902+00:00,2026-08-31T21:25:35.944+00:00,2026-08-31T21:25:35.996+00:00,2026-08-31T21:25:35.996+00:00,2026-08-31T21:25:37.616+00:00,2026-08-31T21:25:37.616+00:00,0.658593,1.6193532109973603,sqs-worker-5986dcd897-7qvvj,ip-192-168-20-201.ec2.internal,3288feca536285f4f4d58f5d2453508b1cefa78041109540e7309d6446213153,1,52.0,1672.0
1,keda-poisson-808-248a7467,000238,145.083296,2026-08-31T21:25:37.451+00:00,2026-08-31T21:25:37.500+00:00,2026-08-31T21:25:37.522+00:00,2026-08-31T21:25:37.522+00:00,2026-08-31T21:25:37.907+00:00,2026-08-31T21:25:37.907+00:00,0.172721,0.38530317500044475,sqs-worker-5986dcd897-x8rdl,ip-192-168-20-201.ec2.internal,1f0518b3ce83ed6033f79c9b9fbc8f95f008e17243c629b9a92b29692fa215ed,1,22.0,407.0
1,keda-poisson-808-248a7467,000240,145.804242,2026-08-31T21:25:38.173+00:00,2026-08-31T21:25:38.218+00:00,2026-08-31T21:25:38.227+00:00,2026-08-31T21:25:38.227+00:00,2026-08-31T21:25:38.588+00:00,2026-08-31T21:25:38.588+00:00,0.165349,0.36095529300291673,sqs-worker-5986dcd897-x8rdl,ip-192-168-20-201.ec2.internal,140de0867c55bff4d456b51a700d68624bdc89d230b88740781422600f07fbdd,1,9.0,370.0
1,keda-poisson-808-248a7467,000241,146.059202,2026-08-31T21:25:38.427+00:00,2026-08-31T21:25:38.474+00:00,2026-08-31T21:25:38.521+00:00,2026-08-31T21:25:38.521+00:00,2026-08-31T21:25:39.410+00:00,2026-08-31T21:25:39.410+00:00,0.165024,0.8890249039977789,sqs-worker-5986dcd897-7qvvj,ip-192-168-20-201.ec2.internal,4f5ed9697213e28714bd379737a8c45d30bf32ba201cd025adda845513d237ff,1,47.0,936.0
1,keda-poisson-808-248a7467,000242,146.340228,2026-08-31T21:25:38.708+00:00,2026-08-31T21:25:38.752+00:00,2026-08-31T21:25:38.756+00:00,2026-08-31T21:25:38.756+00:00,2026-08-31T21:25:39.683+00:00,2026-08-31T21:25:39.683+00:00,0.382324,0.9271792049985379,sqs-worker-5986dcd897-x8rdl,ip-192-168-20-201.ec2.internal,5b743b4c7042da695a9db2c780c5954fe2ff9333ab92bca06b015c4afda89f23,1,4.0,931.0
1,keda-poisson-808-248a7467,000243,146.970931,2026-08-31T21:25:39.339+00:00,2026-08-31T21:25:39.380+00:00,2026-08-31T21:25:39.472+00:00,2026-08-31T21:25:39.472+00:00,2026-08-31T21:25:39.947+00:00,2026-08-31T21:25:39.947+00:00,0.111532,0.47494607999760774,sqs-worker-5986dcd897-7qvvj,ip-192-168-20-201.ec2.internal,60aea7c0f22ab5788535b8aa76e1a2a0ccfb620d8ea8ebdbde8e7d1baa94c4a3,1,92.0,567.0
1,keda-poisson-808-248a7467,000244,147.500963,2026-08-31T21:25:39.869+00:00,2026-08-31T21:25:39.912+00:00,2026-08-31T21:25:39.923+00:00,2026-08-31T21:25:39.923+00:00,2026-08-31T21:25:40.178+00:00,2026-08-31T21:25:40.178+00:00,0.043329,0.2555555260005349,sqs-worker-5986dcd897-x8rdl,ip-192-168-20-201.ec2.internal,937e23326d125450c67e04101d5e8ced7c894b8b2b2751f6ebb1687222a26b0a,1,11.0,266.0
1,keda-poisson-808-248a7467,000246,147.946536,2026-08-31T21:25:40.314+00:00,2026-08-31T21:25:40.360+00:00,2026-08-31T21:25:40.364+00:00,2026-08-31T21:25:40.364+00:00,2026-08-31T21:25:40.585+00:00,2026-08-31T21:25:40.585+00:00,0.041944,0.2209363879992452,sqs-worker-5986dcd897-x8rdl,ip-192-168-20-201.ec2.internal,3c110957bc4db7aca020217e754d720449160655cf53b70c7449490faa725601,1,4.0,225.0
1,keda-poisson-808-248a7467,000245,147.882593,2026-08-31T21:25:40.250+00:00,2026-08-31T21:25:40.290+00:00,2026-08-31T21:25:40.306+00:00,2026-08-31T21:25:40.306+00:00,2026-08-31T21:25:40.526+00:00,2026-08-31T21:25:40.526+00:00,0.082968,0.21997682800065377,sqs-worker-5986dcd897-7qvvj,ip-192-168-20-201.ec2.internal,9f0524eeba50a7ff95f55035e296300e6031dcfd8387486c74683a516d01c2f1,1,16.0,236.0
1,keda-poisson-808-248a7467,000239,145.083385,2026-08-31T21:25:37.453+00:00,2026-08-31T21:25:37.497+00:00,2026-08-31T21:25:37.501+00:00,2026-08-31T21:25:37.501+00:00,2026-08-31T21:25:41.104+00:00,2026-08-31T21:25:41.104+00:00,0.882503,3.602639378001186,sqs-worker-5986dcd897-p6hsm,ip-192-168-20-201.ec2.internal,9e7387b6b425e07b942664be1bc14f46916687e164b99e7b4313138ba0117d28,1,4.0,3607.0
1,keda-poisson-808-248a7467,000247,148.522762,2026-08-31T21:25:40.891+00:00,2026-08-31T21:25:40.929+00:00,2026-08-31T21:25:40.933+00:00,2026-08-31T21:25:40.933+00:00,2026-08-31T21:25:42.359+00:00,2026-08-31T21:25:42.359+00:00,0.590076,1.426247005998448,sqs-worker-5986dcd897-7qvvj,ip-192-168-20-201.ec2.internal,1a14e326cfc38412e9c6b55a50e90ee08872a4606d00866ad50d68b78a2cb9b9,1,4.0,1430.0
1,keda-poisson-808-248a7467,000249,150.804178,2026-08-31T21:25:43.172+00:00,2026-08-31T21:25:43.213+00:00,2026-08-31T21:25:43.217+00:00,2026-08-31T21:25:43.217+00:00,2026-08-31T21:25:43.700+00:00,2026-08-31T21:25:43.700+00:00,0.2186,0.4831344749982236,sqs-worker-5986dcd897-x8rdl,ip-192-168-20-201.ec2.internal,64d109bb3a0cedb126a64bfdad7c29cd7e0d6192db0b47e3b7493ae9385cc069,1,4.0,487.0
1,keda-poisson-808-248a7467,000248,150.479956,2026-08-31T21:25:42.848+00:00,2026-08-31T21:25:42.891+00:00,2026-08-31T21:25:42.898+00:00,2026-08-31T21:25:42.898+00:00,2026-08-31T21:25:43.712+00:00,2026-08-31T21:25:43.712+00:00,0.335751,0.8147295109993138,sqs-worker-5986dcd897-7qvvj,ip-192-168-20-201.ec2.internal,031a840a5348e0f97a814be163e0042ef252cc9d20847561bbce7dc262279e32,1,7.0,821.0
1,keda-poisson-808-248a7467,000250,150.886162,2026-08-31T21:25:43.253+00:00,2026-08-31T21:25:43.296+00:00,2026-08-31T21:25:43.305+00:00,2026-08-31T21:25:43.305+00:00,2026-08-31T21:25:43.922+00:00,2026-08-31T21:25:43.922+00:00,0.265128,0.6165958239980682,sqs-worker-5986dcd897-p6hsm,ip-192-168-20-201.ec2.internal,b1831b73c9a668c59533210d79162c3679e3981e73451cf06c2b442b63f217d1,1,9.0,626.0
1,keda-poisson-808-248a7467,000251,151.996201,2026-08-31T21:25:44.365+00:00,2026-08-31T21:25:44.403+00:00,2026-08-31T21:25:44.407+00:00,2026-08-31T21:25:44.407+00:00,2026-08-31T21:25:44.908+00:00,2026-08-31T21:25:44.909+00:00,0.21274,0.5012794739996025,sqs-worker-5986dcd897-p6hsm,ip-192-168-20-201.ec2.internal,9f79df52167175a9c133c09d0786b4d5f2c63b2bdeafaa3fa2775435a92fc93f,1,4.0,505.0
1,keda-poisson-808-248a7467,000252,154.269973,2026-08-31T21:25:46.640+00:00,2026-08-31T21:25:46.685+00:00,2026-08-31T21:25:46.690+00:00,2026-08-31T21:25:46.690+00:00,2026-08-31T21:25:46.706+00:00,2026-08-31T21:25:46.706+00:00,0.016703,0.016769888999988325,sqs-worker-5986dcd897-p6hsm,ip-192-168-20-201.ec2.internal,f7b402531fcc218a48dd5a59c61401bf87662ad3aff8c8ca61c89867522a8d3c,1,5.0,21.0
1,keda-poisson-808-248a7467,000253,154.762613,2026-08-31T21:25:47.130+00:00,2026-08-31T21:25:47.170+00:00,2026-08-31T21:25:47.174+00:00,2026-08-31T21:25:47.174+00:00,2026-08-31T21:25:47.299+00:00,2026-08-31T21:25:47.299+00:00,0.069262,0.12508297199747176,sqs-worker-5986dcd897-x8rdl,ip-192-168-20-201.ec2.internal,6cf636455381df858e0d735b18342e6326de7fbe2cb9cd4a35aaff99c44ccd5a,1,4.0,129.0
1,keda-poisson-808-248a7467,000254,154.822202,2026-08-31T21:25:47.190+00:00,2026-08-31T21:25:47.230+00:00,2026-08-31T21:25:47.234+00:00,2026-08-31T21:25:47.234+00:00,2026-08-31T21:25:47.758+00:00,2026-08-31T21:25:47.758+00:00,0.22619,0.5237139250020846,sqs-worker-5986dcd897-7qvvj,ip-192-168-20-201.ec2.internal,3339bd794a38ba62b2c8dd39565a5456f3e7332a3ca3e19d30c4b94a78a65bce,1,4.0,528.0
1,keda-poisson-808-248a7467,000255,155.884848,2026-08-31T21:25:48.252+00:00,2026-08-31T21:25:48.294+00:00,2026-08-31T21:25:48.306+00:00,2026-08-31T21:25:48.306+00:00,2026-08-31T21:25:48.507+00:00,2026-08-31T21:25:48.507+00:00,0.032705,0.20052920799935237,sqs-worker-5986dcd897-7qvvj,ip-192-168-20-201.ec2.internal,0a4f935009135bb0f0ed759e5a7b9e6bdc503b89865244267a0125bdfaf93d2c,1,12.0,213.0
1,keda-poisson-808-248a7467,000256,156.514938,2026-08-31T21:25:48.883+00:00,2026-08-31T21:25:48.922+00:00,2026-08-31T21:25:48.926+00:00,2026-08-31T21:25:48.926+00:00,2026-08-31T21:25:49.891+00:00,2026-08-31T21:25:49.891+00:00,0.368344,0.9644444479999947,sqs-worker-5986dcd897-x8rdl,ip-192-168-20-201.ec2.internal,9feae23a3180e2ad21cb69eb65710aa2ea6f110496527caa915ee0e14177f6fe,1,4.0,969.0
1,keda-poisson-808-248a7467,000258,158.022104,2026-08-31T21:25:50.390+00:00,2026-08-31T21:25:50.427+00:00,2026-08-31T21:25:50.431+00:00,2026-08-31T21:25:50.431+00:00,2026-08-31T21:25:50.622+00:00,2026-08-31T21:25:50.622+00:00,0.107857,0.19124013500186265,sqs-worker-5986dcd897-p6hsm,ip-192-168-20-201.ec2.internal,d2bab6b9bc09d8a1aa0d2efe121d03c019ea6eda266b706b633d889fc9dd5917,1,4.0,195.0
1,keda-poisson-808-248a7467,000257,157.75894,2026-08-31T21:25:50.127+00:00,2026-08-31T21:25:50.166+00:00,2026-08-31T21:25:50.174+00:00,2026-08-31T21:25:50.174+00:00,2026-08-31T21:25:50.675+00:00,2026-08-31T21:25:50.675+00:00,0.098162,0.5006072930009395,sqs-worker-5986dcd897-x8rdl,ip-192-168-20-201.ec2.internal,1673a19ec5df3d64aa22a85af395693d855bf8bcde28f7f4de22f951944db46a,1,8.0,509.0
1,keda-poisson-808-248a7467,000259,158.328041,2026-08-31T21:25:50.696+00:00,2026-08-31T21:25:50.736+00:00,2026-08-31T21:25:50.740+00:00,2026-08-31T21:25:50.740+00:00,2026-08-31T21:25:50.979+00:00,2026-08-31T21:25:50.979+00:00,0.12313,0.23880885600010515,sqs-worker-5986dcd897-p6hsm,ip-192-168-20-201.ec2.internal,394061b922345bdd694226601bf1f339d1d18fb76c5ee0cff744683c7918b1ba,1,4.0,243.0
1,keda-poisson-808-248a7467,000260,158.443196,2026-08-31T21:25:50.811+00:00,2026-08-31T21:25:50.850+00:00,2026-08-31T21:25:50.887+00:00,2026-08-31T21:25:50.887+00:00,2026-08-31T21:25:51.389+00:00,2026-08-31T21:25:51.389+00:00,0.096622,0.5028252320007596,sqs-worker-5986dcd897-x8rdl,ip-192-168-20-201.ec2.internal,7b9c8085514d61e6a761bd7a4a245f37f3670b05db4689f675f7241ed6c82e36,1,37.0,539.0
1,keda-poisson-808-248a7467,000261,159.241284,2026-08-31T21:25:51.608+00:00,2026-08-31T21:25:51.649+00:00,2026-08-31T21:25:51.653+00:00,2026-08-31T21:25:51.653+00:00,2026-08-31T21:25:52.005+00:00,2026-08-31T21:25:52.005+00:00,0.161642,0.3517451779989642,sqs-worker-5986dcd897-7qvvj,ip-192-168-20-201.ec2.internal,f6031187d6ab178e389da5066a25f4142b2f2129de4af4d3231b9f3b63f534a1,1,4.0,356.0
1,keda-poisson-808-248a7467,000263,160.388633,2026-08-31T21:25:52.755+00:00,2026-08-31T21:25:52.800+00:00,2026-08-31T21:25:52.805+00:00,2026-08-31T21:25:52.805+00:00,2026-08-31T21:25:53.103+00:00,2026-08-31T21:25:53.103+00:00,0.140023,0.2979133000008005,sqs-worker-5986dcd897-x8rdl,ip-192-168-20-201.ec2.internal,66db6325a71557e3591792f9946408930c56e81917a157eb9050655d87bf6843,1,5.0,303.0
1,keda-poisson-808-248a7467,000264,160.706728,2026-08-31T21:25:53.073+00:00,2026-08-31T21:25:53.113+00:00,2026-08-31T21:25:53.116+00:00,2026-08-31T21:25:53.117+00:00,2026-08-31T21:25:53.145+00:00,2026-08-31T21:25:53.145+00:00,0.028659,0.02870338299908326,sqs-worker-5986dcd897-p6hsm,ip-192-168-20-201.ec2.internal,e67667ec1bb9df06dfe628ea6e98b213a4b0c76724441b30704c92c687a3af0c,1,3.0,32.0
1,keda-poisson-808-248a7467,000262,159.672027,2026-08-31T21:25:52.038+00:00,2026-08-31T21:25:52.079+00:00,2026-08-31T21:25:52.083+00:00,2026-08-31T21:25:52.083+00:00,2026-08-31T21:25:53.707+00:00,2026-08-31T21:25:53.707+00:00,0.664638,1.6237347770002089,sqs-worker-5986dcd897-7qvvj,ip-192-168-20-201.ec2.internal,98fe59255504bc6183d1cef81ec1de54ead1b7e692f3da912ff2729fa7dba90e,1,4.0,1628.0
1,keda-poisson-808-248a7467,000265,161.494892,2026-08-31T21:25:53.862+00:00,2026-08-31T21:25:53.901+00:00,2026-08-31T21:25:53.905+00:00,2026-08-31T21:25:53.905+00:00,2026-08-31T21:25:54.398+00:00,2026-08-31T21:25:54.398+00:00,0.20074,0.49272406499949284,sqs-worker-5986dcd897-p6hsm,ip-192-168-20-201.ec2.internal,af507a331cba21ea59b0cc3731949686c24ebd6222894b265a7fbf3b9c6e564f,1,4.0,497.0
1,keda-poisson-808-248a7467,000266,162.756335,2026-08-31T21:25:55.123+00:00,2026-08-31T21:25:55.163+00:00,2026-08-31T21:25:55.167+00:00,2026-08-31T21:25:55.167+00:00,2026-08-31T21:25:55.375+00:00,2026-08-31T21:25:55.375+00:00,0.089227,0.20839205200172728,sqs-worker-5986dcd897-p6hsm,ip-192-168-20-201.ec2.internal,fe867c6a8ed8082da3f1ce95637870d38c7be0a1c4472c7bbb5daddabe4f3280,1,4.0,212.0
1,keda-poisson-808-248a7467,000269,163.445863,2026-08-31T21:25:55.812+00:00,2026-08-31T21:25:55.856+00:00,2026-08-31T21:25:55.860+00:00,2026-08-31T21:25:55.860+00:00,2026-08-31T21:25:55.867+00:00,2026-08-31T21:25:55.867+00:00,0.006939,0.00720905499838409,sqs-worker-5986dcd897-p6hsm,ip-192-168-20-201.ec2.internal,62bf9a9d5265ef07a5e9ed9fa6493aec81ca374ebbab27e562dcdd584d48aadf,1,4.0,11.0
1,keda-poisson-808-248a7467,000268,163.287604,2026-08-31T21:25:55.654+00:00,2026-08-31T21:25:55.697+00:00,2026-08-31T21:25:55.706+00:00,2026-08-31T21:25:55.706+00:00,2026-08-31T21:25:55.897+00:00,2026-08-31T21:25:55.897+00:00,0.093694,0.19034722599826637,sqs-worker-5986dcd897-x8rdl,ip-192-168-20-201.ec2.internal,09a4fd4793b1954bed5568f29285ecd38e2645caa5512a9ca1970d49033d7587,1,9.0,200.0
1,keda-poisson-808-248a7467,000267,163.17037,2026-08-31T21:25:55.537+00:00,2026-08-31T21:25:55.579+00:00,2026-08-31T21:25:55.583+00:00,2026-08-31T21:25:55.583+00:00,2026-08-31T21:25:55.934+00:00,2026-08-31T21:25:55.934+00:00,0.164617,0.35072494500127505,sqs-worker-5986dcd897-7qvvj,ip-192-168-20-201.ec2.internal,edd82f5a3ae5bc1816d0892b465e10c83124f3c8b218a267530d1d63a17d355f,1,4.0,355.0
1,keda-poisson-808-248a7467,000270,163.729462,2026-08-31T21:25:56.096+00:00,2026-08-31T21:25:56.137+00:00,2026-08-31T21:25:56.141+00:00,2026-08-31T21:25:56.141+00:00,2026-08-31T21:25:56.969+00:00,2026-08-31T21:25:56.969+00:00,0.357365,0.8284209519988508,sqs-worker-5986dcd897-7qvvj,ip-192-168-20-201.ec2.internal,574bc8bf4a16ff515c9d5522552f811a9007d3686852459970567a852976f710,1,4.0,832.0
1,keda-poisson-808-248a7467,000271,164.621975,2026-08-31T21:25:56.989+00:00,2026-08-31T21:25:57.029+00:00,2026-08-31T21:25:57.032+00:00,2026-08-31T21:25:57.032+00:00,2026-08-31T21:25:57.323+00:00,2026-08-31T21:25:57.323+00:00,0.142917,0.2910813410016999,sqs-worker-5986dcd897-p6hsm,ip-192-168-20-201.ec2.internal,ba4ea1ba1c2c3ce975d9edc081191c5183001c8878e76c01d95556af6073bc59,1,3.0,294.0
1,keda-poisson-808-248a7467,000273,164.786438,2026-08-31T21:25:57.152+00:00,2026-08-31T21:25:57.197+00:00,2026-08-31T21:25:57.201+00:00,2026-08-31T21:25:57.201+00:00,2026-08-31T21:25:57.637+00:00,2026-08-31T21:25:57.637+00:00,0.183374,0.4363651249987015,sqs-worker-5986dcd897-7qvvj,ip-192-168-20-201.ec2.internal,cdbeb31ff5f357b72765178945dd2a863344ea7f5c5d15dc58c54d8cff829237,1,4.0,440.0
1,keda-poisson-808-248a7467,000272,164.647198,2026-08-31T21:25:57.013+00:00,2026-08-31T21:25:57.054+00:00,2026-08-31T21:25:57.058+00:00,2026-08-31T21:25:57.058+00:00,2026-08-31T21:25:57.711+00:00,2026-08-31T21:25:57.711+00:00,0.289225,0.6528472739992139,sqs-worker-5986dcd897-x8rdl,ip-192-168-20-201.ec2.internal,f188b55a9fed0ca6d6a852e63fe45e7e2518d2592f778784bcbdd5812b8828b2,1,4.0,657.0
1,keda-poisson-808-248a7467,000274,165.468742,2026-08-31T21:25:57.835+00:00,2026-08-31T21:25:57.877+00:00,2026-08-31T21:25:57.882+00:00,2026-08-31T21:25:57.882+00:00,2026-08-31T21:25:58.144+00:00,2026-08-31T21:25:58.144+00:00,0.128543,0.26249234799979604,sqs-worker-5986dcd897-7qvvj,ip-192-168-20-201.ec2.internal,8090b6cf5c9b3e6098e0e29af714687be138ffaa65bb0bbcc32dc1d08dd9428c,1,5.0,267.0
1,keda-poisson-808-248a7467,000275,165.618073,2026-08-31T21:25:57.984+00:00,2026-08-31T21:25:58.026+00:00,2026-08-31T21:25:58.030+00:00,2026-08-31T21:25:58.030+00:00,2026-08-31T21:25:58.061+00:00,2026-08-31T21:25:58.061+00:00,0.02124,0.031034406998514896,sqs-worker-5986dcd897-x8rdl,ip-192-168-20-201.ec2.internal,f979f945144ede265abed355edddffaec9a2b2973675a5c8aec44bd4a0f8cd63,1,4.0,35.0
1,keda-poisson-808-248a7467,000276,165.757169,2026-08-31T21:25:58.123+00:00,2026-08-31T21:25:58.164+00:00,2026-08-31T21:25:58.168+00:00,2026-08-31T21:25:58.168+00:00,2026-08-31T21:25:58.267+00:00,2026-08-31T21:25:58.267+00:00,0.021791,0.09940071600067313,sqs-worker-5986dcd897-p6hsm,ip-192-168-20-201.ec2.internal,1128d577ced1ddcc335eb1d612f992e5330dd43451e1cede3f0f757cbcde2b4f,1,4.0,103.0
1,keda-poisson-808-248a7467,000277,166.73617,2026-08-31T21:25:59.103+00:00,2026-08-31T21:25:59.142+00:00,2026-08-31T21:25:59.146+00:00,2026-08-31T21:25:59.146+00:00,2026-08-31T21:25:59.308+00:00,2026-08-31T21:25:59.308+00:00,0.024013,0.16261891900285264,sqs-worker-5986dcd897-7qvvj,ip-192-168-20-201.ec2.internal,3d98028d3fb20fc97bdf063faf4b20790aa8592eda9850c2cea2b3d0bad9d497,1,4.0,166.0
1,keda-poisson-808-248a7467,000280,168.222829,2026-08-31T21:26:00.589+00:00,2026-08-31T21:26:00.629+00:00,2026-08-31T21:26:00.637+00:00,2026-08-31T21:26:00.637+00:00,2026-08-31T21:26:01.063+00:00,2026-08-31T21:26:01.063+00:00,0.190352,0.42620093200093834,sqs-worker-5986dcd897-7qvvj,ip-192-168-20-201.ec2.internal,9ab0b33c0237c0cf1e8251fd0451e3b65b86b06bab9ab93ad8e11bf98b327d00,1,8.0,434.0
1,keda-poisson-808-248a7467,000281,168.447595,2026-08-31T21:26:00.814+00:00,2026-08-31T21:26:00.854+00:00,2026-08-31T21:26:01.083+00:00,2026-08-31T21:26:01.083+00:00,2026-08-31T21:26:01.359+00:00,2026-08-31T21:26:01.359+00:00,0.110323,0.2762066670002241,sqs-worker-5986dcd897-7qvvj,ip-192-168-20-201.ec2.internal,929dd984f838d5d4078f049ff4d3b28e5bff768b86e09b36a4e9668fa714edeb,1,229.0,505.0
1,keda-poisson-808-248a7467,000279,168.00811,2026-08-31T21:26:00.375+00:00,2026-08-31T21:26:00.413+00:00,2026-08-31T21:26:00.427+00:00,2026-08-31T21:26:00.427+00:00,2026-08-31T21:26:01.579+00:00,2026-08-31T21:26:01.579+00:00,0.223618,1.1524155819970474,sqs-worker-5986dcd897-x8rdl,ip-192-168-20-201.ec2.internal,a510e7bdaefe3c77857194b61e74f0392d3eca3eb0865ffc6146950ec306201f,1,14.0,1166.0
1,keda-poisson-808-248a7467,000278,167.29377,2026-08-31T21:25:59.660+00:00,2026-08-31T21:25:59.699+00:00,2026-08-31T21:25:59.703+00:00,2026-08-31T21:25:59.703+00:00,2026-08-31T21:26:02.147+00:00,2026-08-31T21:26:02.147+00:00,1.0,2.444404925001436,sqs-worker-5986dcd897-p6hsm,ip-192-168-20-201.ec2.internal,bce3699422acb0a4bddd1b8b212294f223de0d6d8e931421e6922403a5f1565f,1,4.0,2448.0
1,keda-poisson-808-248a7467,000284,169.09426,2026-08-31T21:26:01.461+00:00,2026-08-31T21:26:01.500+00:00,2026-08-31T21:26:01.606+00:00,2026-08-31T21:26:01.606+00:00,2026-08-31T21:26:02.588+00:00,2026-08-31T21:26:02.588+00:00,0.320793,0.981296341997222,sqs-worker-5986dcd897-x8rdl,ip-192-168-20-201.ec2.internal,b2dfef650e33a07405b29012562420884cdfd8c9d2ca680c498f18ae2c98c318,1,106.0,1088.0
1,keda-poisson-808-248a7467,000283,168.674615,2026-08-31T21:26:01.041+00:00,2026-08-31T21:26:01.080+00:00,2026-08-31T21:26:01.386+00:00,2026-08-31T21:26:01.386+00:00,2026-08-31T21:26:02.835+00:00,2026-08-31T21:26:02.835+00:00,0.572732,1.448652573999425,sqs-worker-5986dcd897-7qvvj,ip-192-168-20-201.ec2.internal,e42eff4a9d50f6cb042c6e0f73a0b7464f2d803a69cdb57011fa6773dc84d068,1,306.0,1755.0
1,keda-poisson-808-248a7467,000282,168.593621,2026-08-31T21:26:00.960+00:00,2026-08-31T21:26:01.000+00:00,2026-08-31T21:26:02.239+00:00,2026-08-31T21:26:02.239+00:00,2026-08-31T21:26:03.112+00:00,2026-08-31T21:26:03.112+00:00,0.360686,0.8727203910020762,sqs-worker-5986dcd897-p6hsm,ip-192-168-20-201.ec2.internal,374e43bff83173ec9e47e0d05bc7072adde1cb22615b2198ed6c14465a47c8e3,1,1239.0,2112.0
1,keda-poisson-808-248a7467,000286,170.115755,2026-08-31T21:26:02.482+00:00,2026-08-31T21:26:02.523+00:00,2026-08-31T21:26:02.866+00:00,2026-08-31T21:26:02.866+00:00,2026-08-31T21:26:03.168+00:00,2026-08-31T21:26:03.168+00:00,0.143528,0.3019635630007542,sqs-worker-5986dcd897-7qvvj,ip-192-168-20-201.ec2.internal,b081b430e8461d18ffc76f3b3ecc599a84a43072bc0191f2146df3772ee6ec3e,1,343.0,645.0
1,keda-poisson-808-248a7467,000285,169.976654,2026-08-31T21:26:02.343+00:00,2026-08-31T21:26:02.387+00:00,2026-08-31T21:26:02.613+00:00,2026-08-31T21:26:02.613+00:00,2026-08-31T21:26:03.416+00:00,2026-08-31T21:26:03.416+00:00,0.343324,0.8024959750000562,sqs-worker-5986dcd897-x8rdl,ip-192-168-20-201.ec2.internal,37e58eadae8fede0b3ae4f754a8819b10935e5724fbc3b74a261c691ca842407,1,226.0,1029.0
1,keda-poisson-808-248a7467,000287,170.746216,2026-08-31T21:26:03.113+00:00,2026-08-31T21:26:03.157+00:00,2026-08-31T21:26:03.161+00:00,2026-08-31T21:26:03.161+00:00,2026-08-31T21:26:03.766+00:00,2026-08-31T21:26:03.766+00:00,0.246552,0.60565815299924,sqs-worker-5986dcd897-p6hsm,ip-192-168-20-201.ec2.internal,82e820017626bc882ba0447f511711e47f7f652562e21d0315707c772c380d0e,1,4.0,609.0
1,keda-poisson-808-248a7467,000288,170.885026,2026-08-31T21:26:03.251+00:00,2026-08-31T21:26:03.294+00:00,2026-08-31T21:26:03.297+00:00,2026-08-31T21:26:03.297+00:00,2026-08-31T21:26:03.609+00:00,2026-08-31T21:26:03.609+00:00,0.133149,0.3118945269998221,sqs-worker-5986dcd897-7qvvj,ip-192-168-20-201.ec2.internal,f3add47807dd4f770d034a826067997b6dcb20ca1b932e42e8e2767385056b65,1,3.0,315.0
1,keda-poisson-808-248a7467,000290,171.158641,2026-08-31T21:26:03.525+00:00,2026-08-31T21:26:03.563+00:00,2026-08-31T21:26:03.624+00:00,2026-08-31T21:26:03.625+00:00,2026-08-31T21:26:03.945+00:00,2026-08-31T21:26:03.945+00:00,0.137262,0.3206501179993211,sqs-worker-5986dcd897-7qvvj,ip-192-168-20-201.ec2.internal,f0f6a1d5bdb64ebf847beaeee3a807a588824537aab9e504b3e0e4b5890791b4,1,61.0,382.0
1,keda-poisson-808-248a7467,000289,170.986622,2026-08-31T21:26:03.353+00:00,2026-08-31T21:26:03.395+00:00,2026-08-31T21:26:03.512+00:00,2026-08-31T21:26:03.512+00:00,2026-08-31T21:26:03.692+00:00,2026-08-31T21:26:03.692+00:00,0.086912,0.17947572499906528,sqs-worker-5986dcd897-x8rdl,ip-192-168-20-201.ec2.internal,37d2f02ef8a87f8a2bf01cb8eb26011e12dcb5536dab742ca26dffe388fb0030,1,117.0,297.0
1,keda-poisson-808-248a7467,000291,171.936629,2026-08-31T21:26:04.303+00:00,2026-08-31T21:26:04.346+00:00,2026-08-31T21:26:04.349+00:00,2026-08-31T21:26:04.350+00:00,2026-08-31T21:26:05.574+00:00,2026-08-31T21:26:05.574+00:00,0.508009,1.22436374300014,sqs-worker-5986dcd897-p6hsm,ip-192-168-20-201.ec2.internal,2e235347315743de07e89c6dc0157395a27a65e182d9a084d1b62f1b25100524,1,3.0,1228.0
1,keda-poisson-808-248a7467,000292,173.70632,2026-08-31T21:26:06.074+00:00,2026-08-31T21:26:06.115+00:00,2026-08-31T21:26:06.119+00:00,2026-08-31T21:26:06.119+00:00,2026-08-31T21:26:06.506+00:00,2026-08-31T21:26:06.506+00:00,0.177508,0.38782272600292345,sqs-worker-5986dcd897-x8rdl,ip-192-168-20-201.ec2.internal,80f8f2460363b122851502bce82911dac31d0317fa5c4c975daea013b593d9fd,1,4.0,391.0
1,keda-poisson-808-248a7467,000294,174.092588,2026-08-31T21:26:06.458+00:00,2026-08-31T21:26:06.498+00:00,2026-08-31T21:26:06.503+00:00,2026-08-31T21:26:06.503+00:00,2026-08-31T21:26:06.734+00:00,2026-08-31T21:26:06.734+00:00,0.101271,0.23068971200336819,sqs-worker-5986dcd897-7qvvj,ip-192-168-20-201.ec2.internal,fa10fd34bf70d0919a54b6bf378225c87f7b2052d5ab6a8c993451a9e831282d,1,5.0,236.0
1,keda-poisson-808-248a7467,000293,174.066246,2026-08-31T21:26:06.432+00:00,2026-08-31T21:26:06.472+00:00,2026-08-31T21:26:06.476+00:00,2026-08-31T21:26:06.476+00:00,2026-08-31T21:26:06.587+00:00,2026-08-31T21:26:06.587+00:00,0.061142,0.11071040599927073,sqs-worker-5986dcd897-p6hsm,ip-192-168-20-201.ec2.internal,6ee8cb02376f29bd68c8186a7a48f9bee1efdac789f8974021ae74c845cd0335,1,4.0,115.0
1,keda-poisson-808-248a7467,000296,174.282363,2026-08-31T21:26:06.648+00:00,2026-08-31T21:26:06.694+00:00,2026-08-31T21:26:06.698+00:00,2026-08-31T21:26:06.698+00:00,2026-08-31T21:26:07.000+00:00,2026-08-31T21:26:07.000+00:00,0.134588,0.3019637919969682,sqs-worker-5986dcd897-x8rdl,ip-192-168-20-201.ec2.internal,ed997323e66997ca00289901fdda42914d0b96e09664283033bc9f1537ebbb4e,1,4.0,306.0
1,keda-poisson-808-248a7467,000298,174.882917,2026-08-31T21:26:07.249+00:00,2026-08-31T21:26:07.289+00:00,2026-08-31T21:26:07.291+00:00,2026-08-31T21:26:07.291+00:00,2026-08-31T21:26:07.297+00:00,2026-08-31T21:26:07.297+00:00,0.005,0.005060873998445459,sqs-worker-5986dcd897-7qvvj,ip-192-168-20-201.ec2.internal,7033b83ee91ebbbb4ada7f515fe338a43ed192a5447fa48a32fdabc0c91d198b,1,2.0,8.0
1,keda-poisson-808-248a7467,000297,174.463714,2026-08-31T21:26:06.830+00:00,2026-08-31T21:26:06.871+00:00,2026-08-31T21:26:06.874+00:00,2026-08-31T21:26:06.874+00:00,2026-08-31T21:26:07.222+00:00,2026-08-31T21:26:07.222+00:00,0.158693,0.34805316799975117,sqs-worker-5986dcd897-7qvvj,ip-192-168-20-201.ec2.internal,0122059937af18a2d3e125816c68f4cc298befd5a7f7ef14561907852f74ff4a,1,3.0,351.0
1,keda-poisson-808-248a7467,000299,175.428717,2026-08-31T21:26:07.795+00:00,2026-08-31T21:26:07.834+00:00,2026-08-31T21:26:07.838+00:00,2026-08-31T21:26:07.838+00:00,2026-08-31T21:26:08.087+00:00,2026-08-31T21:26:08.087+00:00,0.124941,0.249257827999827,sqs-worker-5986dcd897-x8rdl,ip-192-168-20-201.ec2.internal,2e76568fae7ace99e751e02b1df5768c11f343abc68719ae5dde9665d9e9a592,1,4.0,253.0
1,keda-poisson-808-248a7467,000301,176.030111,2026-08-31T21:26:08.396+00:00,2026-08-31T21:26:08.438+00:00,2026-08-31T21:26:08.442+00:00,2026-08-31T21:26:08.442+00:00,2026-08-31T21:26:08.530+00:00,2026-08-31T21:26:08.530+00:00,0.071317,0.08764529000109178,sqs-worker-5986dcd897-x8rdl,ip-192-168-20-201.ec2.internal,5624896ecc77f939093465ed2ac69cd51e8da6e2ef2cdb59fe7cf7ecb4eea265,1,4.0,92.0
1,keda-poisson-808-248a7467,000295,174.255755,2026-08-31T21:26:06.622+00:00,2026-08-31T21:26:06.662+00:00,2026-08-31T21:26:06.665+00:00,2026-08-31T21:26:06.665+00:00,2026-08-31T21:26:08.271+00:00,2026-08-31T21:26:08.271+00:00,0.630304,1.605575115998363,sqs-worker-5986dcd897-p6hsm,ip-192-168-20-201.ec2.internal,356f2bb7dc96ef5adc3ee80f0957412e02e86127359df8394e8bc83d1cf05c11,1,3.0,1609.0
1,keda-poisson-808-248a7467,000300,175.567108,2026-08-31T21:26:07.933+00:00,2026-08-31T21:26:07.971+00:00,2026-08-31T21:26:07.975+00:00,2026-08-31T21:26:07.975+00:00,2026-08-31T21:26:08.633+00:00,2026-08-31T21:26:08.633+00:00,0.181848,0.6577906060010719,sqs-worker-5986dcd897-7qvvj,ip-192-168-20-201.ec2.internal,77c4e21adefb30563ccd603d2f052bc11dcc59b2dde3c03db727199f820ce66a,1,4.0,662.0
1,keda-poisson-808-248a7467,000303,177.011058,2026-08-31T21:26:09.377+00:00,2026-08-31T21:26:09.425+00:00,2026-08-31T21:26:09.429+00:00,2026-08-31T21:26:09.429+00:00,2026-08-31T21:26:09.493+00:00,2026-08-31T21:26:09.493+00:00,0.050007,0.06341955300013069,sqs-worker-5986dcd897-x8rdl,ip-192-168-20-201.ec2.internal,6c0731dc286b5bb9991038e6d666f98b895f59ed238afeacd10cfd39bd69ed74,1,4.0,68.0
1,keda-poisson-808-248a7467,000302,176.70772,2026-08-31T21:26:09.076+00:00,2026-08-31T21:26:09.670+00:00,2026-08-31T21:26:09.675+00:00,2026-08-31T21:26:09.675+00:00,2026-08-31T21:26:09.774+00:00,2026-08-31T21:26:09.775+00:00,0.048491,0.09999297199829016,sqs-worker-5986dcd897-p6hsm,ip-192-168-20-201.ec2.internal,98f50e0ae1ae30d584a4acd130a926bf29daa6b86ef6b4bf53c82d6021ea2a7d,1,5.0,104.0
1,keda-poisson-808-248a7467,000304,177.672631,2026-08-31T21:26:10.039+00:00,2026-08-31T21:26:10.089+00:00,2026-08-31T21:26:10.093+00:00,2026-08-31T21:26:10.093+00:00,2026-08-31T21:26:10.307+00:00,2026-08-31T21:26:10.307+00:00,0.092435,0.21446275600101217,sqs-worker-5986dcd897-7qvvj,ip-192-168-20-201.ec2.internal,d69fb061abdcf147b7d600b3a655342b1be8b9681d417e8f6f79dd2f7427509b,1,4.0,218.0
1,keda-poisson-808-248a7467,000305,177.746139,2026-08-31T21:26:10.112+00:00,2026-08-31T21:26:10.154+00:00,2026-08-31T21:26:10.158+00:00,2026-08-31T21:26:10.158+00:00,2026-08-31T21:26:10.602+00:00,2026-08-31T21:26:10.602+00:00,0.202404,0.44387476300107664,sqs-worker-5986dcd897-p6hsm,ip-192-168-20-201.ec2.internal,0ac77b22ec7e715976ed9c884487cb8a905b7919dc77460d5a04e58615f8809e,1,4.0,448.0
1,keda-poisson-808-248a7467,000306,177.969023,2026-08-31T21:26:10.335+00:00,2026-08-31T21:26:10.373+00:00,2026-08-31T21:26:10.378+00:00,2026-08-31T21:26:10.378+00:00,2026-08-31T21:26:10.547+00:00,2026-08-31T21:26:10.547+00:00,0.087467,0.16920521000065492,sqs-worker-5986dcd897-7qvvj,ip-192-168-20-201.ec2.internal,301c4656af4f2d8bcb998f87066d7fb3df69788a4eb69ca84819e72796387aad,1,5.0,174.0
1,keda-poisson-808-248a7467,000307,179.067473,2026-08-31T21:26:11.435+00:00,2026-08-31T21:26:11.473+00:00,2026-08-31T21:26:11.477+00:00,2026-08-31T21:26:11.477+00:00,2026-08-31T21:26:11.881+00:00,2026-08-31T21:26:11.881+00:00,0.175121,0.4044638859995757,sqs-worker-5986dcd897-p6hsm,ip-192-168-20-201.ec2.internal,62c9a5dfcc0f1c14716ae68a9a163f1d4ed2b60bbc572df4b1ab1c7023e3ab8b,1,4.0,408.0
