schema_version,experiment_id,job_id,trace_offset_s,producer_sent_at,sqs_sent_at,worker_received_at,processing_started_at,processing_finished_at,result_sent_at,service_cpu_seconds,processing_wall_seconds,pod_name,node_name,digest,receive_count,queue_wait_ms,end_to_end_ms
1,hpa-mmpp-606-44b1c53a,000000,0.845718,2026-08-31T20:38:52.354+00:00,2026-08-31T20:38:48.503+00:00,2026-08-31T20:38:48.511+00:00,2026-08-31T20:38:48.511+00:00,2026-08-31T20:38:49.303+00:00,2026-08-31T20:38:49.303+00:00,0.340711,0.792659447000915,sqs-worker-5986dcd897-x8rdl,ip-192-168-20-201.ec2.internal,76a88854795ee09020d3d2b5544a3837bcbe84f9056a8c2c5a85c5389e72ea11,1,8.0,800.0
1,hpa-mmpp-606-44b1c53a,000001,3.01053,2026-08-31T20:38:54.519+00:00,2026-08-31T20:38:50.661+00:00,2026-08-31T20:38:50.669+00:00,2026-08-31T20:38:50.669+00:00,2026-08-31T20:38:51.075+00:00,2026-08-31T20:38:51.075+00:00,0.099442,0.4059809270002006,sqs-worker-5986dcd897-x8rdl,ip-192-168-20-201.ec2.internal,8f3d40c1ccaf2edd4a12520648a8e9428badbab7ddbf7f78e90e2fde89f820db,1,8.0,414.0
1,hpa-mmpp-606-44b1c53a,000002,4.697235,2026-08-31T20:38:56.202+00:00,2026-08-31T20:38:52.347+00:00,2026-08-31T20:38:52.354+00:00,2026-08-31T20:38:52.354+00:00,2026-08-31T20:38:53.674+00:00,2026-08-31T20:38:53.674+00:00,0.540619,1.3201746739996452,sqs-worker-5986dcd897-x8rdl,ip-192-168-20-201.ec2.internal,92aac639285d8427eabf1d081b6b17d8f0fd3f48ca77f56dc9b763470047b58b,1,7.0,1327.0
1,hpa-mmpp-606-44b1c53a,000004,5.368993,2026-08-31T20:38:56.874+00:00,2026-08-31T20:38:53.522+00:00,2026-08-31T20:38:53.694+00:00,2026-08-31T20:38:53.694+00:00,2026-08-31T20:38:53.982+00:00,2026-08-31T20:38:53.982+00:00,0.123534,0.2878822329985269,sqs-worker-5986dcd897-x8rdl,ip-192-168-20-201.ec2.internal,15ee29a4dae64fa5405a949939099a1b5cc363bfd130927c5981610af6ec94e2,1,172.0,460.0
1,hpa-mmpp-606-44b1c53a,000003,5.327103,2026-08-31T20:38:56.832+00:00,2026-08-31T20:38:52.982+00:00,2026-08-31T20:38:54.015+00:00,2026-08-31T20:38:54.015+00:00,2026-08-31T20:38:54.790+00:00,2026-08-31T20:38:54.790+00:00,0.32351,0.7756474149991845,sqs-worker-5986dcd897-x8rdl,ip-192-168-20-201.ec2.internal,758a4f9904504f762cf223126590bbd98585d90264c1f9061b4e94e52d73d937,1,1033.0,1808.0
1,hpa-mmpp-606-44b1c53a,000005,10.17832,2026-08-31T20:39:01.686+00:00,2026-08-31T20:38:57.832+00:00,2026-08-31T20:38:57.836+00:00,2026-08-31T20:38:57.836+00:00,2026-08-31T20:38:59.001+00:00,2026-08-31T20:38:59.001+00:00,0.498993,1.1648101709997718,sqs-worker-5986dcd897-x8rdl,ip-192-168-20-201.ec2.internal,43e18b6a825115c1df827887eb2bc7e02088e42afc7e1dd661f38c9d464d0cc6,1,4.0,1169.0
1,hpa-mmpp-606-44b1c53a,000006,10.568097,2026-08-31T20:39:02.073+00:00,2026-08-31T20:38:58.220+00:00,2026-08-31T20:38:59.071+00:00,2026-08-31T20:38:59.071+00:00,2026-08-31T20:39:00.186+00:00,2026-08-31T20:39:00.186+00:00,0.349081,1.1152507229999173,sqs-worker-5986dcd897-x8rdl,ip-192-168-20-201.ec2.internal,34561c4365cf2843d0fc6018ba982b885392ca4b68bd90a58a052e4f74bcc11e,1,851.0,1966.0
1,hpa-mmpp-606-44b1c53a,000007,10.660581,2026-08-31T20:39:02.165+00:00,2026-08-31T20:38:58.314+00:00,2026-08-31T20:39:00.207+00:00,2026-08-31T20:39:00.207+00:00,2026-08-31T20:39:00.793+00:00,2026-08-31T20:39:00.793+00:00,0.106829,0.5867058749990974,sqs-worker-5986dcd897-x8rdl,ip-192-168-20-201.ec2.internal,0ea7db8a6e7d36c605a3e85f2acad58866ee6efa63bba4598d030e12a86abe87,1,1893.0,2479.0
1,hpa-mmpp-606-44b1c53a,000020,12.962246,2026-08-31T20:39:04.467+00:00,2026-08-31T20:39:00.616+00:00,2026-08-31T20:39:00.884+00:00,2026-08-31T20:39:00.884+00:00,2026-08-31T20:39:01.894+00:00,2026-08-31T20:39:01.894+00:00,0.186992,1.010062946999824,sqs-worker-5986dcd897-x8rdl,ip-192-168-20-201.ec2.internal,a498ee49901e11f0ee8a01182c186915abbdc99e7d0ecf0106fe83f75e05fb1f,1,268.0,1278.0
1,hpa-mmpp-606-44b1c53a,000022,13.416689,2026-08-31T20:39:04.921+00:00,2026-08-31T20:39:01.088+00:00,2026-08-31T20:39:01.996+00:00,2026-08-31T20:39:01.996+00:00,2026-08-31T20:39:02.603+00:00,2026-08-31T20:39:02.603+00:00,0.167803,0.6062430109996058,sqs-worker-5986dcd897-x8rdl,ip-192-168-20-201.ec2.internal,834034a0d102142a16f80a33f1c6d50e7596aa7375a81444b6ac90e4b4f87c7e,1,908.0,1515.0
1,hpa-mmpp-606-44b1c53a,000009,11.417557,2026-08-31T20:39:02.922+00:00,2026-08-31T20:38:59.066+00:00,2026-08-31T20:39:02.620+00:00,2026-08-31T20:39:02.620+00:00,2026-08-31T20:39:02.625+00:00,2026-08-31T20:39:02.625+00:00,0.005,0.0050387289993523154,sqs-worker-5986dcd897-x8rdl,ip-192-168-20-201.ec2.internal,5a44710c1b39f52c3c96ac7bc0c678b26798f3cc56d3088833df28aead3af3e9,1,3554.0,3559.0
1,hpa-mmpp-606-44b1c53a,000011,11.724789,2026-08-31T20:39:03.229+00:00,2026-08-31T20:38:59.379+00:00,2026-08-31T20:39:02.675+00:00,2026-08-31T20:39:02.675+00:00,2026-08-31T20:39:02.779+00:00,2026-08-31T20:39:02.779+00:00,0.044046,0.10466504900068685,sqs-worker-5986dcd897-x8rdl,ip-192-168-20-201.ec2.internal,b77e72964030ccf8d5a154c6bde6748b6b70b2c3bac5047e021e845d7257fc72,1,3296.0,3400.0
1,hpa-mmpp-606-44b1c53a,000010,11.671129,2026-08-31T20:39:03.176+00:00,2026-08-31T20:38:59.321+00:00,2026-08-31T20:39:02.799+00:00,2026-08-31T20:39:02.799+00:00,2026-08-31T20:39:03.012+00:00,2026-08-31T20:39:03.013+00:00,0.109147,0.2137234689998877,sqs-worker-5986dcd897-x8rdl,ip-192-168-20-201.ec2.internal,1d7c8b09c54e1a6b4d2c58a79d970313e542ddc89cc4c391a3f23e0496b5faea,1,3478.0,3691.0
1,hpa-mmpp-606-44b1c53a,000019,12.766772,2026-08-31T20:39:04.271+00:00,2026-08-31T20:39:00.445+00:00,2026-08-31T20:39:03.083+00:00,2026-08-31T20:39:03.083+00:00,2026-08-31T20:39:03.879+00:00,2026-08-31T20:39:03.879+00:00,0.321714,0.7955834760014113,sqs-worker-5986dcd897-x8rdl,ip-192-168-20-201.ec2.internal,5b635bb992ff3364fb36a352705425a1f75a90fa20282c390f31819f04102a1c,1,2638.0,3434.0
1,hpa-mmpp-606-44b1c53a,000012,11.990642,2026-08-31T20:39:03.495+00:00,2026-08-31T20:38:59.644+00:00,2026-08-31T20:39:03.895+00:00,2026-08-31T20:39:03.895+00:00,2026-08-31T20:39:04.503+00:00,2026-08-31T20:39:04.503+00:00,0.259957,0.6081412960011221,sqs-worker-5986dcd897-x8rdl,ip-192-168-20-201.ec2.internal,b37724fbfbab493263ade14b573b3ec0b45b6e3d57da49fc087ff7e6f5b0e3bf,1,4251.0,4859.0
1,hpa-mmpp-606-44b1c53a,000023,13.51085,2026-08-31T20:39:05.015+00:00,2026-08-31T20:39:01.159+00:00,2026-08-31T20:39:04.519+00:00,2026-08-31T20:39:04.519+00:00,2026-08-31T20:39:05.197+00:00,2026-08-31T20:39:05.197+00:00,0.269713,0.6776836730005016,sqs-worker-5986dcd897-x8rdl,ip-192-168-20-201.ec2.internal,2a845a0203ed7d0f276ddafd0f25975bc51d65f5a49bbb2d6f1fec016e3238fd,1,3360.0,4038.0000000000005
1,hpa-mmpp-606-44b1c53a,000024,13.951128,2026-08-31T20:39:05.456+00:00,2026-08-31T20:39:01.601+00:00,2026-08-31T20:39:05.218+00:00,2026-08-31T20:39:05.218+00:00,2026-08-31T20:39:05.898+00:00,2026-08-31T20:39:05.898+00:00,0.277018,0.6804505660002178,sqs-worker-5986dcd897-x8rdl,ip-192-168-20-201.ec2.internal,364117084996ec8ce3d2c170bfb2170d66ecf56781dc63391e74ea82f1e06c85,1,3617.0,4297.0
1,hpa-mmpp-606-44b1c53a,000025,16.658741,2026-08-31T20:39:08.166+00:00,2026-08-31T20:39:04.311+00:00,2026-08-31T20:39:05.927+00:00,2026-08-31T20:39:05.927+00:00,2026-08-31T20:39:06.912+00:00,2026-08-31T20:39:06.912+00:00,0.409415,0.9851786740000534,sqs-worker-5986dcd897-x8rdl,ip-192-168-20-201.ec2.internal,889ff88ec71a87c3a2245aac3a6ca3bc91e4fe0e07a4b6905d25e1eef096183f,1,1616.0,2601.0
1,hpa-mmpp-606-44b1c53a,000008,11.16818,2026-08-31T20:39:02.673+00:00,2026-08-31T20:38:58.821+00:00,2026-08-31T20:39:06.991+00:00,2026-08-31T20:39:06.991+00:00,2026-08-31T20:39:07.910+00:00,2026-08-31T20:39:07.910+00:00,0.393768,0.9194515379986115,sqs-worker-5986dcd897-x8rdl,ip-192-168-20-201.ec2.internal,121cd26dc502fe1d986f38b856d447d7b5d77955ea71b6443f09c138645da707,1,8170.0,9089.0
1,hpa-mmpp-606-44b1c53a,000016,12.388782,2026-08-31T20:39:03.893+00:00,2026-08-31T20:39:00.039+00:00,2026-08-31T20:39:07.929+00:00,2026-08-31T20:39:07.929+00:00,2026-08-31T20:39:08.295+00:00,2026-08-31T20:39:08.295+00:00,0.140792,0.36643685099988943,sqs-worker-5986dcd897-x8rdl,ip-192-168-20-201.ec2.internal,15a1f78c33b26822ce97a3adaae3f675d8769dbc64f35fdc7e22809401852905,1,7890.0,8256.0
1,hpa-mmpp-606-44b1c53a,000027,17.946108,2026-08-31T20:39:09.451+00:00,2026-08-31T20:39:05.597+00:00,2026-08-31T20:39:08.312+00:00,2026-08-31T20:39:08.312+00:00,2026-08-31T20:39:08.320+00:00,2026-08-31T20:39:08.320+00:00,0.008763,0.008794289999059401,sqs-worker-5986dcd897-x8rdl,ip-192-168-20-201.ec2.internal,6c7a641be4f778ca6c393f40503d43b66650fd72f255f0299fbeeb2271dd3da2,1,2715.0,2723.0
1,hpa-mmpp-606-44b1c53a,000028,19.146171,2026-08-31T20:39:10.652+00:00,2026-08-31T20:39:06.798+00:00,2026-08-31T20:39:08.342+00:00,2026-08-31T20:39:08.342+00:00,2026-08-31T20:39:08.597+00:00,2026-08-31T20:39:08.597+00:00,0.105402,0.25441544500063173,sqs-worker-5986dcd897-x8rdl,ip-192-168-20-201.ec2.internal,00cdca8980cc8fb1773f90ca0abd8a3cbd19baf5f75b4841b2a641958c173d83,1,1544.0,1799.0
1,hpa-mmpp-606-44b1c53a,000030,20.821223,2026-08-31T20:39:12.327+00:00,2026-08-31T20:39:08.473+00:00,2026-08-31T20:39:08.618+00:00,2026-08-31T20:39:08.618+00:00,2026-08-31T20:39:08.780+00:00,2026-08-31T20:39:08.780+00:00,0.059801,0.16229213899896422,sqs-worker-5986dcd897-x8rdl,ip-192-168-20-201.ec2.internal,e960a8d074e9406cce1d338c7fa6837d596f4763763b4e3a143229d98dde1e60,1,145.0,307.0
1,hpa-mmpp-606-44b1c53a,000013,12.231674,2026-08-31T20:39:03.736+00:00,2026-08-31T20:38:59.882+00:00,2026-08-31T20:39:08.798+00:00,2026-08-31T20:39:08.798+00:00,2026-08-31T20:39:08.892+00:00,2026-08-31T20:39:08.892+00:00,0.047313,0.09375205700052902,sqs-worker-5986dcd897-x8rdl,ip-192-168-20-201.ec2.internal,0ecc9faacab36b261f8e1c9f299eac481a156ae8c0fb4804282df7e9a86d61cb,1,8916.0,9010.0
1,hpa-mmpp-606-44b1c53a,000014,12.239288,2026-08-31T20:39:03.744+00:00,2026-08-31T20:38:59.893+00:00,2026-08-31T20:39:08.920+00:00,2026-08-31T20:39:08.920+00:00,2026-08-31T20:39:08.988+00:00,2026-08-31T20:39:08.988+00:00,0.032098,0.06754052500036778,sqs-worker-5986dcd897-x8rdl,ip-192-168-20-201.ec2.internal,5b109420213c8c372202afc513aa4ba3e37cdc458ce6abf1859feeb00388dc80,1,9027.0,9095.0
1,hpa-mmpp-606-44b1c53a,000021,13.392441,2026-08-31T20:39:04.897+00:00,2026-08-31T20:39:01.047+00:00,2026-08-31T20:39:09.017+00:00,2026-08-31T20:39:09.017+00:00,2026-08-31T20:39:09.589+00:00,2026-08-31T20:39:09.589+00:00,0.237036,0.5718280439996306,sqs-worker-5986dcd897-x8rdl,ip-192-168-20-201.ec2.internal,5cd0530d87ba1b0efed6b0e9581f14068229f1fc68f3c5aac5d915ec8aa9363c,1,7970.0,8542.0
1,hpa-mmpp-606-44b1c53a,000026,17.349703,2026-08-31T20:39:08.855+00:00,2026-08-31T20:39:05.002+00:00,2026-08-31T20:39:09.612+00:00,2026-08-31T20:39:09.612+00:00,2026-08-31T20:39:10.095+00:00,2026-08-31T20:39:10.096+00:00,0.117583,0.48368260499955795,sqs-worker-5986dcd897-x8rdl,ip-192-168-20-201.ec2.internal,e45ec015395d33f7a831801d4cc98ef914598bda6e5c50d0866abaf6d8cf8c79,1,4610.0,5093.0
1,hpa-mmpp-606-44b1c53a,000017,12.618705,2026-08-31T20:39:04.124+00:00,2026-08-31T20:39:00.267+00:00,2026-08-31T20:39:10.208+00:00,2026-08-31T20:39:10.208+00:00,2026-08-31T20:39:10.887+00:00,2026-08-31T20:39:10.887+00:00,0.117382,0.6791928580005333,sqs-worker-5986dcd897-x8rdl,ip-192-168-20-201.ec2.internal,15903e1c0caa3ca04f16a84fea6a0e4344b233215596218f48de6423aab8a9c1,1,9941.0,10620.0
1,hpa-mmpp-606-44b1c53a,000018,12.698382,2026-08-31T20:39:04.203+00:00,2026-08-31T20:39:00.348+00:00,2026-08-31T20:39:10.910+00:00,2026-08-31T20:39:10.910+00:00,2026-08-31T20:39:11.375+00:00,2026-08-31T20:39:11.375+00:00,0.06621,0.46492559099897335,sqs-worker-5986dcd897-x8rdl,ip-192-168-20-201.ec2.internal,c9fd965aa3b2707a691d759108d3c8bdc0d83885f4ff8116022e616ad41b6458,1,10562.0,11027.0
1,hpa-mmpp-606-44b1c53a,000015,12.344684,2026-08-31T20:39:03.850+00:00,2026-08-31T20:39:00.501+00:00,2026-08-31T20:39:11.410+00:00,2026-08-31T20:39:11.410+00:00,2026-08-31T20:39:11.683+00:00,2026-08-31T20:39:11.683+00:00,0.040493,0.2738574390004942,sqs-worker-5986dcd897-x8rdl,ip-192-168-20-201.ec2.internal,3f19ed73730f51bb53f2e571bf8c801ec788f6c1b354e06ddc397281a09cfaac,1,10909.0,11182.0
1,hpa-mmpp-606-44b1c53a,000029,19.53057,2026-08-31T20:39:11.036+00:00,2026-08-31T20:39:07.232+00:00,2026-08-31T20:39:11.706+00:00,2026-08-31T20:39:11.706+00:00,2026-08-31T20:39:11.876+00:00,2026-08-31T20:39:11.876+00:00,0.022005,0.16964473000007274,sqs-worker-5986dcd897-x8rdl,ip-192-168-20-201.ec2.internal,62d410ee7bfbb1ded763a23cfa6ac0dfd2edd2cf9c79b8a08fba423d555151f5,1,4474.0,4644.0
1,hpa-mmpp-606-44b1c53a,000031,23.50463,2026-08-31T20:39:15.010+00:00,2026-08-31T20:39:11.154+00:00,2026-08-31T20:39:11.908+00:00,2026-08-31T20:39:11.908+00:00,2026-08-31T20:39:12.800+00:00,2026-08-31T20:39:12.800+00:00,0.328807,0.8927106359988102,sqs-worker-5986dcd897-x8rdl,ip-192-168-20-201.ec2.internal,c514b3999f69125c3d1b45c6ca1aca270ed7bc0a24aaa9a690d34a42be9edd6f,1,754.0,1646.0
1,hpa-mmpp-606-44b1c53a,000032,24.756233,2026-08-31T20:39:16.262+00:00,2026-08-31T20:39:12.411+00:00,2026-08-31T20:39:12.838+00:00,2026-08-31T20:39:12.838+00:00,2026-08-31T20:39:13.074+00:00,2026-08-31T20:39:13.074+00:00,0.089444,0.23656806100007088,sqs-worker-5986dcd897-x8rdl,ip-192-168-20-201.ec2.internal,4d5cbbfedae4abb4682ea822858951741f271532799780a15a2fed46ec48aff0,1,427.0,663.0
1,hpa-mmpp-606-44b1c53a,000033,25.765535,2026-08-31T20:39:17.270+00:00,2026-08-31T20:39:13.414+00:00,2026-08-31T20:39:13.417+00:00,2026-08-31T20:39:13.417+00:00,2026-08-31T20:39:13.902+00:00,2026-08-31T20:39:13.902+00:00,0.219437,0.4849634070014872,sqs-worker-5986dcd897-x8rdl,ip-192-168-20-201.ec2.internal,1a9aa9f9e92a0d729d4625e996dc1a2aba880021ca1f0922e530063beb863eec,1,3.0,488.0
1,hpa-mmpp-606-44b1c53a,000034,28.725266,2026-08-31T20:39:20.230+00:00,2026-08-31T20:39:16.373+00:00,2026-08-31T20:39:16.377+00:00,2026-08-31T20:39:16.377+00:00,2026-08-31T20:39:16.901+00:00,2026-08-31T20:39:16.901+00:00,0.217801,0.523466302000088,sqs-worker-5986dcd897-x8rdl,ip-192-168-20-201.ec2.internal,90b0fa0b896b157d139f10ade625da79269c645bcc81fd21f6f94c36bc11d9e4,1,4.0,528.0
1,hpa-mmpp-606-44b1c53a,000035,32.036114,2026-08-31T20:39:23.544+00:00,2026-08-31T20:39:19.692+00:00,2026-08-31T20:39:19.695+00:00,2026-08-31T20:39:19.695+00:00,2026-08-31T20:39:19.710+00:00,2026-08-31T20:39:19.710+00:00,0.012056,0.014666444998510997,sqs-worker-5986dcd897-x8rdl,ip-192-168-20-201.ec2.internal,0577106153e6c344b4ae389b60bab46d3ff227f1e9cccef2ddc876c17a627032,1,3.0,18.0
1,hpa-mmpp-606-44b1c53a,000036,35.644814,2026-08-31T20:39:27.148+00:00,2026-08-31T20:39:23.293+00:00,2026-08-31T20:39:23.299+00:00,2026-08-31T20:39:23.299+00:00,2026-08-31T20:39:23.304+00:00,2026-08-31T20:39:23.304+00:00,0.005,0.005038438001065515,sqs-worker-5986dcd897-x8rdl,ip-192-168-20-201.ec2.internal,dcdaf5930ebc7d58b89d24b034bcd3f177978c539e64a20d4e24d6341a144911,1,6.0,11.0
1,hpa-mmpp-606-44b1c53a,000037,41.026807,2026-08-31T20:39:32.535+00:00,2026-08-31T20:39:28.679+00:00,2026-08-31T20:39:28.694+00:00,2026-08-31T20:39:28.694+00:00,2026-08-31T20:39:28.790+00:00,2026-08-31T20:39:28.790+00:00,0.046695,0.09526940999967337,sqs-worker-5986dcd897-x8rdl,ip-192-168-20-201.ec2.internal,715dd84051297c9282af52edfa5f16d9122fe349ab66adceea365e9d4ce4632e,1,15.0,111.0
1,hpa-mmpp-606-44b1c53a,000038,41.167302,2026-08-31T20:39:32.670+00:00,2026-08-31T20:39:28.817+00:00,2026-08-31T20:39:28.822+00:00,2026-08-31T20:39:28.822+00:00,2026-08-31T20:39:29.100+00:00,2026-08-31T20:39:29.100+00:00,0.126886,0.2789682789989456,sqs-worker-5986dcd897-x8rdl,ip-192-168-20-201.ec2.internal,137a54b3831598713b2acfa4eda7cdddab2ee201e0c0332fb0262985219bcc2d,1,5.0,283.0
1,hpa-mmpp-606-44b1c53a,000039,41.695394,2026-08-31T20:39:33.199+00:00,2026-08-31T20:39:29.347+00:00,2026-08-31T20:39:29.352+00:00,2026-08-31T20:39:29.352+00:00,2026-08-31T20:39:30.088+00:00,2026-08-31T20:39:30.088+00:00,0.223917,0.7362691220005217,sqs-worker-5986dcd897-x8rdl,ip-192-168-20-201.ec2.internal,6656dd5102cdb47e5f10bc271db1da28396bfaa0d92f6c59c317c10922ca0327,1,5.0,741.0
1,hpa-mmpp-606-44b1c53a,000040,41.69549,2026-08-31T20:39:33.202+00:00,2026-08-31T20:39:29.354+00:00,2026-08-31T20:39:29.400+00:00,2026-08-31T20:39:29.400+00:00,2026-08-31T20:39:29.708+00:00,2026-08-31T20:39:29.708+00:00,0.145259,0.30733021900050517,sqs-worker-5986dcd897-wkxw9,ip-192-168-20-201.ec2.internal,10af2415b08b7ce05c78f9c74ff75257f6b59b7d4248c69ef626dc418664519a,1,46.0,354.0
1,hpa-mmpp-606-44b1c53a,000042,41.975884,2026-08-31T20:39:33.479+00:00,2026-08-31T20:39:29.629+00:00,2026-08-31T20:39:29.732+00:00,2026-08-31T20:39:29.732+00:00,2026-08-31T20:39:31.737+00:00,2026-08-31T20:39:31.737+00:00,0.808371,2.0058064670010936,sqs-worker-5986dcd897-wkxw9,ip-192-168-20-201.ec2.internal,4bd7cd692b298c65919045efe520118568650658df0d62dbc6c99b38504281e7,1,103.0,2108.0
1,hpa-mmpp-606-44b1c53a,000045,42.653988,2026-08-31T20:39:34.157+00:00,2026-08-31T20:39:30.303+00:00,2026-08-31T20:39:31.796+00:00,2026-08-31T20:39:31.796+00:00,2026-08-31T20:39:31.803+00:00,2026-08-31T20:39:31.803+00:00,0.005,0.006225707000339753,sqs-worker-5986dcd897-wkxw9,ip-192-168-20-201.ec2.internal,7c76f4b909b748c8abb4dc5ad47f41eac27512a548b68d3ab4cb2f59e44ee8bf,1,1493.0,1500.0
1,hpa-mmpp-606-44b1c53a,000041,41.899352,2026-08-31T20:39:33.402+00:00,2026-08-31T20:39:29.552+00:00,2026-08-31T20:39:31.818+00:00,2026-08-31T20:39:31.818+00:00,2026-08-31T20:39:31.902+00:00,2026-08-31T20:39:31.902+00:00,0.039983,0.08386555899960513,sqs-worker-5986dcd897-wkxw9,ip-192-168-20-201.ec2.internal,e472f1b3638a4aa75d72e25521c652871197c864c14fa62def4d7534f448a58a,1,2266.0,2350.0
1,hpa-mmpp-606-44b1c53a,000046,43.103833,2026-08-31T20:39:34.607+00:00,2026-08-31T20:39:30.756+00:00,2026-08-31T20:39:31.937+00:00,2026-08-31T20:39:31.937+00:00,2026-08-31T20:39:32.482+00:00,2026-08-31T20:39:32.482+00:00,0.233038,0.5455629489988496,sqs-worker-5986dcd897-wkxw9,ip-192-168-20-201.ec2.internal,fa36d2974c57652b4fd4920d5217367bbc1e1919f9403dadcf45af35997c35dc,1,1181.0,1726.0
1,hpa-mmpp-606-44b1c53a,000047,43.10853,2026-08-31T20:39:34.611+00:00,2026-08-31T20:39:30.762+00:00,2026-08-31T20:39:32.504+00:00,2026-08-31T20:39:32.504+00:00,2026-08-31T20:39:32.837+00:00,2026-08-31T20:39:32.838+00:00,0.13312,0.3333282319999853,sqs-worker-5986dcd897-wkxw9,ip-192-168-20-201.ec2.internal,a214311c68e0722a6d127422dbec861e734fcb1bc114fd3ecac2d535f71eef53,1,1742.0,2075.0
1,hpa-mmpp-606-44b1c53a,000044,42.456644,2026-08-31T20:39:33.960+00:00,2026-08-31T20:39:30.107+00:00,2026-08-31T20:39:32.854+00:00,2026-08-31T20:39:32.854+00:00,2026-08-31T20:39:32.859+00:00,2026-08-31T20:39:32.859+00:00,0.005,0.005032867000409169,sqs-worker-5986dcd897-wkxw9,ip-192-168-20-201.ec2.internal,5c25186ab30d16d06b0e86f450de758bb22292f15f12ba4edc2aa1d3f474cd95,1,2747.0,2752.0
1,hpa-mmpp-606-44b1c53a,000051,44.22827,2026-08-31T20:39:35.731+00:00,2026-08-31T20:39:31.880+00:00,2026-08-31T20:39:32.894+00:00,2026-08-31T20:39:32.894+00:00,2026-08-31T20:39:32.987+00:00,2026-08-31T20:39:32.987+00:00,0.04526,0.09317144899978302,sqs-worker-5986dcd897-wkxw9,ip-192-168-20-201.ec2.internal,11f7dc31f4535ebb1f454420d69d2851cbb3b70fb616331f749a524ffd22f2ff,1,1014.0,1107.0
1,hpa-mmpp-606-44b1c53a,000048,43.387062,2026-08-31T20:39:34.890+00:00,2026-08-31T20:39:31.037+00:00,2026-08-31T20:39:33.012+00:00,2026-08-31T20:39:33.012+00:00,2026-08-31T20:39:33.050+00:00,2026-08-31T20:39:33.050+00:00,0.028331,0.03791564699895389,sqs-worker-5986dcd897-wkxw9,ip-192-168-20-201.ec2.internal,32d8724cc29b3197463e0f8f84147a0b7386eaba7dfe08218828a38fee589b85,1,1975.0,2013.0
1,hpa-mmpp-606-44b1c53a,000043,42.143124,2026-08-31T20:39:33.646+00:00,2026-08-31T20:39:29.792+00:00,2026-08-31T20:39:30.117+00:00,2026-08-31T20:39:30.117+00:00,2026-08-31T20:39:33.408+00:00,2026-08-31T20:39:33.408+00:00,0.770568,3.2904168570003094,sqs-worker-5986dcd897-x8rdl,ip-192-168-20-201.ec2.internal,4976e1ecdf304b4cf9057a9e91b6a73f9b9e876aab1c4b742c767cf4c770af6b,1,325.0,3616.0
1,hpa-mmpp-606-44b1c53a,000050,44.043949,2026-08-31T20:39:35.547+00:00,2026-08-31T20:39:31.697+00:00,2026-08-31T20:39:33.104+00:00,2026-08-31T20:39:33.104+00:00,2026-08-31T20:39:33.943+00:00,2026-08-31T20:39:33.943+00:00,0.348075,0.8384983500000089,sqs-worker-5986dcd897-wkxw9,ip-192-168-20-201.ec2.internal,b9d508eab9e8fac375c251e7d7f70ba76b3fe02736cc955c591b98b48dbd1499,1,1407.0,2246.0
1,hpa-mmpp-606-44b1c53a,000054,45.532647,2026-08-31T20:39:37.036+00:00,2026-08-31T20:39:33.184+00:00,2026-08-31T20:39:34.205+00:00,2026-08-31T20:39:34.205+00:00,2026-08-31T20:39:34.292+00:00,2026-08-31T20:39:34.292+00:00,0.037578,0.08724803999939468,sqs-worker-5986dcd897-x8rdl,ip-192-168-20-201.ec2.internal,3e0b37beed42cfcd6226d83cb5af6f762fbce923544f8f6f3e9004fe7d380cb6,1,1020.9999999999999,1108.0
1,hpa-mmpp-606-44b1c53a,000052,44.612226,2026-08-31T20:39:36.115+00:00,2026-08-31T20:39:32.261+00:00,2026-08-31T20:39:33.425+00:00,2026-08-31T20:39:33.425+00:00,2026-08-31T20:39:34.186+00:00,2026-08-31T20:39:34.186+00:00,0.294286,0.7608523109993257,sqs-worker-5986dcd897-x8rdl,ip-192-168-20-201.ec2.internal,f7b3c7e5e08e6f190ca7ccddc2e94e7ed50a86462c32b9704d1a6dee92465865,1,1164.0,1925.0
1,hpa-mmpp-606-44b1c53a,000059,46.494903,2026-08-31T20:39:37.998+00:00,2026-08-31T20:39:34.147+00:00,2026-08-31T20:39:34.414+00:00,2026-08-31T20:39:34.414+00:00,2026-08-31T20:39:34.981+00:00,2026-08-31T20:39:34.981+00:00,0.221873,0.5665157419989555,sqs-worker-5986dcd897-x8rdl,ip-192-168-20-201.ec2.internal,67ec867b972040120a35088bbdfa16d1a173d08f0b29257fff6a0cb25cbe67b7,1,267.0,834.0
1,hpa-mmpp-606-44b1c53a,000056,46.16742,2026-08-31T20:39:37.670+00:00,2026-08-31T20:39:33.818+00:00,2026-08-31T20:39:34.311+00:00,2026-08-31T20:39:34.311+00:00,2026-08-31T20:39:34.395+00:00,2026-08-31T20:39:34.395+00:00,0.041829,0.08403536300102132,sqs-worker-5986dcd897-x8rdl,ip-192-168-20-201.ec2.internal,d48e79b4c2dcf3b9b7ed446e3b5b1767341fc7759a2206d13f67d3888b31ec12,1,493.0,577.0
1,hpa-mmpp-606-44b1c53a,000053,44.833243,2026-08-31T20:39:36.336+00:00,2026-08-31T20:39:32.485+00:00,2026-08-31T20:39:34.998+00:00,2026-08-31T20:39:34.998+00:00,2026-08-31T20:39:35.505+00:00,2026-08-31T20:39:35.505+00:00,0.219174,0.5062728280008741,sqs-worker-5986dcd897-x8rdl,ip-192-168-20-201.ec2.internal,ec5b3cd1f75f90c1fe04e2749f71b738b768ba4414fa5d4dbfd658c78a8b54b4,1,2513.0,3020.0
1,hpa-mmpp-606-44b1c53a,000049,43.631807,2026-08-31T20:39:35.135+00:00,2026-08-31T20:39:31.280+00:00,2026-08-31T20:39:33.958+00:00,2026-08-31T20:39:33.958+00:00,2026-08-31T20:39:35.844+00:00,2026-08-31T20:39:35.844+00:00,0.756888,1.885989131000315,sqs-worker-5986dcd897-wkxw9,ip-192-168-20-201.ec2.internal,9300af2b27e7161595c8a7b0a01602c32b121ea4bd94576c71b83e2e0baf2013,1,2678.0,4564.0
1,hpa-mmpp-606-44b1c53a,000055,45.952032,2026-08-31T20:39:37.455+00:00,2026-08-31T20:39:33.624+00:00,2026-08-31T20:39:35.909+00:00,2026-08-31T20:39:35.909+00:00,2026-08-31T20:39:36.535+00:00,2026-08-31T20:39:36.535+00:00,0.266573,0.6257552909992228,sqs-worker-5986dcd897-wkxw9,ip-192-168-20-201.ec2.internal,c7a180adae79e41a29cf0a85f721934e623529558ed664e4b789047552d87585,1,2285.0,2911.0
1,hpa-mmpp-606-44b1c53a,000065,47.012234,2026-08-31T20:39:38.515+00:00,2026-08-31T20:39:34.660+00:00,2026-08-31T20:39:36.550+00:00,2026-08-31T20:39:36.550+00:00,2026-08-31T20:39:36.730+00:00,2026-08-31T20:39:36.730+00:00,0.071115,0.1797916340001393,sqs-worker-5986dcd897-wkxw9,ip-192-168-20-201.ec2.internal,02f39cdb95e7ff3b89c42a234ba03ff6fa5334910b959eaf1de25c2eb1d882ea,1,1890.0,2070.0
1,hpa-mmpp-606-44b1c53a,000057,46.235266,2026-08-31T20:39:37.738+00:00,2026-08-31T20:39:33.881+00:00,2026-08-31T20:39:36.751+00:00,2026-08-31T20:39:36.751+00:00,2026-08-31T20:39:36.945+00:00,2026-08-31T20:39:36.945+00:00,0.091757,0.1946863339999254,sqs-worker-5986dcd897-wkxw9,ip-192-168-20-201.ec2.internal,3e91c6079981f56e97b3f34a6963eca1c8f48650d16da2fd49463aff5fe746b0,1,2870.0,3064.0
1,hpa-mmpp-606-44b1c53a,000069,48.412312,2026-08-31T20:39:39.915+00:00,2026-08-31T20:39:36.065+00:00,2026-08-31T20:39:37.080+00:00,2026-08-31T20:39:37.080+00:00,2026-08-31T20:39:37.352+00:00,2026-08-31T20:39:37.352+00:00,0.122875,0.272473799999716,sqs-worker-5986dcd897-wkxw9,ip-192-168-20-201.ec2.internal,38aa2c65615c1a131d272745d88169a9929afbe56ec5331d94cafa2dc5eddd43,1,1014.9999999999999,1287.0
1,hpa-mmpp-606-44b1c53a,000060,46.510717,2026-08-31T20:39:38.013+00:00,2026-08-31T20:39:34.678+00:00,2026-08-31T20:39:36.874+00:00,2026-08-31T20:39:36.874+00:00,2026-08-31T20:39:37.690+00:00,2026-08-31T20:39:37.690+00:00,0.335356,0.8154955659992993,sqs-worker-5986dcd897-x8rdl,ip-192-168-20-201.ec2.internal,039b04918019e455be6556a41a9363308cbd538e40466c9ad519b7208316abf4,1,2196.0,3012.0
1,hpa-mmpp-606-44b1c53a,000058,46.409665,2026-08-31T20:39:37.912+00:00,2026-08-31T20:39:34.059+00:00,2026-08-31T20:39:35.521+00:00,2026-08-31T20:39:35.521+00:00,2026-08-31T20:39:36.811+00:00,2026-08-31T20:39:36.811+00:00,0.522084,1.2899596429997473,sqs-worker-5986dcd897-x8rdl,ip-192-168-20-201.ec2.internal,68ad5612479241563db4f9e71113564c3f29b1305b9121dc23f95863b66b05a9,1,1462.0,2752.0
1,hpa-mmpp-606-44b1c53a,000062,46.715179,2026-08-31T20:39:38.218+00:00,2026-08-31T20:39:34.365+00:00,2026-08-31T20:39:36.985+00:00,2026-08-31T20:39:36.985+00:00,2026-08-31T20:39:37.046+00:00,2026-08-31T20:39:37.046+00:00,0.035894,0.06049327899927448,sqs-worker-5986dcd897-wkxw9,ip-192-168-20-201.ec2.internal,662d5a04592d0bb8276c54dfe87a4749d5058ff677ddde101efa13e544082f33,1,2620.0,2681.0
1,hpa-mmpp-606-44b1c53a,000064,46.996954,2026-08-31T20:39:38.500+00:00,2026-08-31T20:39:34.647+00:00,2026-08-31T20:39:37.395+00:00,2026-08-31T20:39:37.395+00:00,2026-08-31T20:39:37.636+00:00,2026-08-31T20:39:37.636+00:00,0.099195,0.24188626099930843,sqs-worker-5986dcd897-wkxw9,ip-192-168-20-201.ec2.internal,af340faeb05825bd742863a86f5fa74794ff64acafe511945d94f696c878fe63,1,2748.0,2989.0
1,hpa-mmpp-606-44b1c53a,000061,46.577083,2026-08-31T20:39:38.080+00:00,2026-08-31T20:39:34.225+00:00,2026-08-31T20:39:37.707+00:00,2026-08-31T20:39:37.707+00:00,2026-08-31T20:39:38.303+00:00,2026-08-31T20:39:38.303+00:00,0.243919,0.5954781929995079,sqs-worker-5986dcd897-x8rdl,ip-192-168-20-201.ec2.internal,d3b75319e665fc06af45928e898403596b63ab741753acf2be473dc6a65538e5,1,3482.0,4078.0000000000005
1,hpa-mmpp-606-44b1c53a,000066,48.121964,2026-08-31T20:39:39.626+00:00,2026-08-31T20:39:35.780+00:00,2026-08-31T20:39:38.325+00:00,2026-08-31T20:39:38.325+00:00,2026-08-31T20:39:38.579+00:00,2026-08-31T20:39:38.579+00:00,0.095551,0.254296011000406,sqs-worker-5986dcd897-x8rdl,ip-192-168-20-201.ec2.internal,ff99097fb62ecb583a9982a1fa2dbc4e787b0e20fd2cc8b30c83f02bafe5aafc,1,2545.0,2799.0
1,hpa-mmpp-606-44b1c53a,000074,49.960838,2026-08-31T20:39:41.464+00:00,2026-08-31T20:39:37.611+00:00,2026-08-31T20:39:37.658+00:00,2026-08-31T20:39:37.658+00:00,2026-08-31T20:39:38.733+00:00,2026-08-31T20:39:38.733+00:00,0.433008,1.0754241079994245,sqs-worker-5986dcd897-wkxw9,ip-192-168-20-201.ec2.internal,470113584887eef7798f270a00f9f53d16407d3f4a10122d935aab677b2aa960,1,47.0,1122.0
1,hpa-mmpp-606-44b1c53a,000070,48.52321,2026-08-31T20:39:40.026+00:00,2026-08-31T20:39:36.171+00:00,2026-08-31T20:39:38.609+00:00,2026-08-31T20:39:38.609+00:00,2026-08-31T20:39:38.792+00:00,2026-08-31T20:39:38.792+00:00,0.088245,0.18370161399980134,sqs-worker-5986dcd897-x8rdl,ip-192-168-20-201.ec2.internal,d2038b98499d8f140320005008438396489f37e8899bed0323093dea3e36e9fc,1,2438.0,2621.0
1,hpa-mmpp-606-44b1c53a,000067,48.215644,2026-08-31T20:39:39.718+00:00,2026-08-31T20:39:35.865+00:00,2026-08-31T20:39:38.811+00:00,2026-08-31T20:39:38.811+00:00,2026-08-31T20:39:39.478+00:00,2026-08-31T20:39:39.478+00:00,0.261433,0.6670112360006897,sqs-worker-5986dcd897-x8rdl,ip-192-168-20-201.ec2.internal,4f9ba0d61951c7730cb0ddb68312bd438bcfd8b5c9e52268c705344986ebf6dc,1,2946.0,3613.0
1,hpa-mmpp-606-44b1c53a,000073,49.723583,2026-08-31T20:39:41.227+00:00,2026-08-31T20:39:37.377+00:00,2026-08-31T20:39:38.753+00:00,2026-08-31T20:39:38.753+00:00,2026-08-31T20:39:38.984+00:00,2026-08-31T20:39:38.984+00:00,0.102482,0.23153160599940747,sqs-worker-5986dcd897-wkxw9,ip-192-168-20-201.ec2.internal,72c296c5ef20522dd41c9a68fadb22a44045b9cd0600ec642f3e0a234db091ea,1,1376.0,1607.0
1,hpa-mmpp-606-44b1c53a,000071,48.927053,2026-08-31T20:39:40.430+00:00,2026-08-31T20:39:36.578+00:00,2026-08-31T20:39:39.001+00:00,2026-08-31T20:39:39.001+00:00,2026-08-31T20:39:39.980+00:00,2026-08-31T20:39:39.980+00:00,0.262059,0.9782431469993753,sqs-worker-5986dcd897-wkxw9,ip-192-168-20-201.ec2.internal,bd1dd4f5839d5668891a1037434713c2808697a4f458375e7007cf6d18a7a923,1,2423.0,3402.0
1,hpa-mmpp-606-44b1c53a,000063,46.876446,2026-08-31T20:39:38.379+00:00,2026-08-31T20:39:34.525+00:00,2026-08-31T20:39:40.038+00:00,2026-08-31T20:39:40.038+00:00,2026-08-31T20:39:41.880+00:00,2026-08-31T20:39:41.880+00:00,0.334749,1.8423903479997534,sqs-worker-5986dcd897-wkxw9,ip-192-168-20-201.ec2.internal,9f66b367f50a530b857e4f81edbf0e2010addcdf25b9ec1aeef2c2cd050335f0,1,5513.0,7355.0
1,hpa-mmpp-606-44b1c53a,000072,49.468645,2026-08-31T20:39:40.972+00:00,2026-08-31T20:39:37.123+00:00,2026-08-31T20:39:41.936+00:00,2026-08-31T20:39:41.936+00:00,2026-08-31T20:39:42.034+00:00,2026-08-31T20:39:42.034+00:00,0.025645,0.09725922399957199,sqs-worker-5986dcd897-wkxw9,ip-192-168-20-201.ec2.internal,be86a9e4a1bb503b3a6f63020f7f4d7b4ee59c7f5c00fef437876697c72a4529,1,4813.0,4911.0
1,hpa-mmpp-606-44b1c53a,000075,50.813575,2026-08-31T20:39:42.316+00:00,2026-08-31T20:39:38.471+00:00,2026-08-31T20:39:42.460+00:00,2026-08-31T20:39:42.460+00:00,2026-08-31T20:39:42.527+00:00,2026-08-31T20:39:42.527+00:00,0.028125,0.0665620060008223,sqs-worker-5986dcd897-wkxw9,ip-192-168-20-201.ec2.internal,bb91e017886b84ddf818b3f3e543ace894be1720fe7518813da9de3ee7e291de,1,3989.0,4056.0
1,hpa-mmpp-606-44b1c53a,000078,54.845472,2026-08-31T20:39:46.348+00:00,2026-08-31T20:39:42.497+00:00,2026-08-31T20:39:42.541+00:00,2026-08-31T20:39:42.541+00:00,2026-08-31T20:39:42.644+00:00,2026-08-31T20:39:42.644+00:00,0.053072,0.10273909500028822,sqs-worker-5986dcd897-wkxw9,ip-192-168-20-201.ec2.internal,861cbbc48caa6744823c96b3b02d0cfddab6f696a1cce4f02a18f055d223f8ce,1,44.0,147.0
1,hpa-mmpp-606-44b1c53a,000077,51.512412,2026-08-31T20:39:43.015+00:00,2026-08-31T20:39:39.162+00:00,2026-08-31T20:39:42.127+00:00,2026-08-31T20:39:42.127+00:00,2026-08-31T20:39:42.435+00:00,2026-08-31T20:39:42.435+00:00,0.104351,0.30750618199999735,sqs-worker-5986dcd897-wkxw9,ip-192-168-20-201.ec2.internal,b4e167f503d13755fb0b60b1c97888adf32a8ce7cd6176fe0223e6e94d0a1753,1,2965.0,3273.0
1,hpa-mmpp-606-44b1c53a,000068,48.33873,2026-08-31T20:39:39.841+00:00,2026-08-31T20:39:35.988+00:00,2026-08-31T20:39:39.498+00:00,2026-08-31T20:39:39.498+00:00,2026-08-31T20:39:43.209+00:00,2026-08-31T20:39:43.209+00:00,0.847666,3.7114332059991284,sqs-worker-5986dcd897-x8rdl,ip-192-168-20-201.ec2.internal,354e876c9b5cb3370692136a7a93a5a37329b833765cbddccdea3e4e29355e0e,1,3510.0,7221.0
1,hpa-mmpp-606-44b1c53a,000076,51.273109,2026-08-31T20:39:42.776+00:00,2026-08-31T20:39:38.923+00:00,2026-08-31T20:39:42.686+00:00,2026-08-31T20:39:42.686+00:00,2026-08-31T20:39:44.160+00:00,2026-08-31T20:39:44.160+00:00,0.602377,1.4739134129995364,sqs-worker-5986dcd897-wkxw9,ip-192-168-20-201.ec2.internal,0e783305d1e094000aa6c17774d9cd836980febb307000efc2d6aa1e71daba14,1,3763.0,5237.0
1,hpa-mmpp-606-44b1c53a,000079,55.287201,2026-08-31T20:39:46.790+00:00,2026-08-31T20:39:42.935+00:00,2026-08-31T20:39:43.255+00:00,2026-08-31T20:39:43.255+00:00,2026-08-31T20:39:44.307+00:00,2026-08-31T20:39:44.307+00:00,0.42904,1.0516962800011243,sqs-worker-5986dcd897-x8rdl,ip-192-168-20-201.ec2.internal,c6a7b61142e4d4e56e873c21d5536243d61bfdf509836afc431f4cacf84d09bf,1,320.0,1372.0
1,hpa-mmpp-606-44b1c53a,000080,58.192808,2026-08-31T20:39:49.698+00:00,2026-08-31T20:39:45.853+00:00,2026-08-31T20:39:45.857+00:00,2026-08-31T20:39:45.857+00:00,2026-08-31T20:39:46.129+00:00,2026-08-31T20:39:46.129+00:00,0.121395,0.27261571400049434,sqs-worker-5986dcd897-wkxw9,ip-192-168-20-201.ec2.internal,df1f892769cea2bf5d6dc03a2efeac060b6afd2d5d95628e1ab98ba574cd630c,1,4.0,276.0
1,hpa-mmpp-606-44b1c53a,000082,58.227383,2026-08-31T20:39:49.730+00:00,2026-08-31T20:39:45.879+00:00,2026-08-31T20:39:45.883+00:00,2026-08-31T20:39:45.883+00:00,2026-08-31T20:39:46.218+00:00,2026-08-31T20:39:46.218+00:00,0.153462,0.3348268219997408,sqs-worker-5986dcd897-x8rdl,ip-192-168-20-201.ec2.internal,cce7822e16e5c6de0c93ec33e3cd38549d41fec532fa06f4a35b39f45ab88183,1,4.0,339.0
1,hpa-mmpp-606-44b1c53a,000085,59.368452,2026-08-31T20:39:50.871+00:00,2026-08-31T20:39:47.032+00:00,2026-08-31T20:39:47.036+00:00,2026-08-31T20:39:47.036+00:00,2026-08-31T20:39:47.103+00:00,2026-08-31T20:39:47.103+00:00,0.06206,0.0673259989998769,sqs-worker-5986dcd897-x8rdl,ip-192-168-20-201.ec2.internal,e5cd9b8bd447d1d81419dc614cf410108c428e2e1635daadb8b7be6d43324f46,1,4.0,71.0
1,hpa-mmpp-606-44b1c53a,000083,59.040633,2026-08-31T20:39:50.543+00:00,2026-08-31T20:39:46.688+00:00,2026-08-31T20:39:46.692+00:00,2026-08-31T20:39:46.692+00:00,2026-08-31T20:39:47.057+00:00,2026-08-31T20:39:47.058+00:00,0.169866,0.3654992930005392,sqs-worker-5986dcd897-lrz7s,ip-192-168-20-201.ec2.internal,0b034b27946182cd6980bf69964e6fd75f8cafaecfc1f0ef4ecdd42856bec312,1,4.0,369.0
1,hpa-mmpp-606-44b1c53a,000086,59.451172,2026-08-31T20:39:50.954+00:00,2026-08-31T20:39:47.099+00:00,2026-08-31T20:39:47.102+00:00,2026-08-31T20:39:47.102+00:00,2026-08-31T20:39:47.230+00:00,2026-08-31T20:39:47.230+00:00,0.064368,0.12746205299845315,sqs-worker-5986dcd897-lrz7s,ip-192-168-20-201.ec2.internal,062642a3e2033395c23d939dc271c5ec3d4dce4405db8a278122919d9c92494b,1,3.0,131.0
1,hpa-mmpp-606-44b1c53a,000089,60.104272,2026-08-31T20:39:51.607+00:00,2026-08-31T20:39:47.754+00:00,2026-08-31T20:39:47.758+00:00,2026-08-31T20:39:47.758+00:00,2026-08-31T20:39:47.763+00:00,2026-08-31T20:39:47.763+00:00,0.005,0.005066536999947857,sqs-worker-5986dcd897-x8rdl,ip-192-168-20-201.ec2.internal,311ccde16e7cb03c164c6bac2dd1f1678334adfb6cf4f39796ce32292563665a,1,4.0,9.0
1,hpa-mmpp-606-44b1c53a,000081,58.20138,2026-08-31T20:39:49.704+00:00,2026-08-31T20:39:45.852+00:00,2026-08-31T20:39:45.857+00:00,2026-08-31T20:39:45.857+00:00,2026-08-31T20:39:46.572+00:00,2026-08-31T20:39:46.572+00:00,0.305133,0.7153405049994035,sqs-worker-5986dcd897-lrz7s,ip-192-168-20-201.ec2.internal,e369b5ee7b01742705b9913f2a24b0cd86ae2f0135531ab10ad31f5c2fa1812d,1,5.0,720.0
1,hpa-mmpp-606-44b1c53a,000084,59.306738,2026-08-31T20:39:50.810+00:00,2026-08-31T20:39:46.953+00:00,2026-08-31T20:39:46.956+00:00,2026-08-31T20:39:46.956+00:00,2026-08-31T20:39:47.242+00:00,2026-08-31T20:39:47.242+00:00,0.135828,0.2856097559997579,sqs-worker-5986dcd897-wkxw9,ip-192-168-20-201.ec2.internal,cc7bde02fcf7b15b3236d91193649e9b7310d2350787cca8622934c1fc169f9b,1,3.0,289.0
1,hpa-mmpp-606-44b1c53a,000090,60.130239,2026-08-31T20:39:51.633+00:00,2026-08-31T20:39:47.775+00:00,2026-08-31T20:39:47.806+00:00,2026-08-31T20:39:47.806+00:00,2026-08-31T20:39:47.828+00:00,2026-08-31T20:39:47.828+00:00,0.022526,0.022577863999686087,sqs-worker-5986dcd897-x8rdl,ip-192-168-20-201.ec2.internal,b5fe1b5a5837f33f744dc77f4dd8f8b00e9839f6f3e19088bfaa33473d326490,1,31.0,53.0
1,hpa-mmpp-606-44b1c53a,000087,59.862277,2026-08-31T20:39:51.365+00:00,2026-08-31T20:39:47.511+00:00,2026-08-31T20:39:47.514+00:00,2026-08-31T20:39:47.514+00:00,2026-08-31T20:39:47.848+00:00,2026-08-31T20:39:47.848+00:00,0.156333,0.33392038000056345,sqs-worker-5986dcd897-wkxw9,ip-192-168-20-201.ec2.internal,845d2d85c5551672c1b27b8fc8d560dcf2f110e009ce6cdea0d0a3bbe4b0baaa,1,3.0,337.0
1,hpa-mmpp-606-44b1c53a,000091,60.201203,2026-08-31T20:39:51.704+00:00,2026-08-31T20:39:47.854+00:00,2026-08-31T20:39:47.858+00:00,2026-08-31T20:39:47.858+00:00,2026-08-31T20:39:47.989+00:00,2026-08-31T20:39:47.989+00:00,0.065572,0.13145938900015608,sqs-worker-5986dcd897-x8rdl,ip-192-168-20-201.ec2.internal,0241057234b33be4daad98d77f0d45e52db2ad7c79fb2b5c12dbd4942b6d0d5e,1,4.0,135.0
1,hpa-mmpp-606-44b1c53a,000092,60.460076,2026-08-31T20:39:51.963+00:00,2026-08-31T20:39:48.108+00:00,2026-08-31T20:39:48.112+00:00,2026-08-31T20:39:48.112+00:00,2026-08-31T20:39:48.524+00:00,2026-08-31T20:39:48.524+00:00,0.197856,0.4123322979994555,sqs-worker-5986dcd897-x8rdl,ip-192-168-20-201.ec2.internal,35e8ea9c613ce32e616453962c97535db19673923e151741a33ecb9da7d56cb8,1,4.0,416.0
1,hpa-mmpp-606-44b1c53a,000097,60.90867,2026-08-31T20:39:52.411+00:00,2026-08-31T20:39:48.557+00:00,2026-08-31T20:39:48.664+00:00,2026-08-31T20:39:48.664+00:00,2026-08-31T20:39:49.162+00:00,2026-08-31T20:39:49.162+00:00,0.209936,0.49856171399915183,sqs-worker-5986dcd897-lrz7s,ip-192-168-20-201.ec2.internal,888e4f34ae4cda7ffe6efc3f1c5954a13976a9f1d4053781f1cc7d57ea912024,1,107.0,605.0
1,hpa-mmpp-606-44b1c53a,000088,60.098805,2026-08-31T20:39:51.602+00:00,2026-08-31T20:39:47.744+00:00,2026-08-31T20:39:47.747+00:00,2026-08-31T20:39:47.747+00:00,2026-08-31T20:39:48.646+00:00,2026-08-31T20:39:48.647+00:00,0.360277,0.8991324149992579,sqs-worker-5986dcd897-lrz7s,ip-192-168-20-201.ec2.internal,33b1547636e7de403f60e6e6eaa1e091e10f70d2e9eda51922ea325a60636698,1,3.0,902.0
1,hpa-mmpp-606-44b1c53a,000094,60.648552,2026-08-31T20:39:52.151+00:00,2026-08-31T20:39:48.294+00:00,2026-08-31T20:39:48.598+00:00,2026-08-31T20:39:48.598+00:00,2026-08-31T20:39:49.010+00:00,2026-08-31T20:39:49.010+00:00,0.183185,0.4122292219999508,sqs-worker-5986dcd897-x8rdl,ip-192-168-20-201.ec2.internal,a20583a72bd73ddfce9c60632defca8f08ce78401bf09505ba94a3c014f4598d,1,304.0,716.0
1,hpa-mmpp-606-44b1c53a,000096,60.834166,2026-08-31T20:39:52.337+00:00,2026-08-31T20:39:48.482+00:00,2026-08-31T20:39:49.194+00:00,2026-08-31T20:39:49.194+00:00,2026-08-31T20:39:49.489+00:00,2026-08-31T20:39:49.489+00:00,0.113308,0.29567596599918033,sqs-worker-5986dcd897-lrz7s,ip-192-168-20-201.ec2.internal,58940dd62bb36401489ff8ea0e19c5b42cd6cc6b7adc7bd64185cde998577da8,1,712.0,1006.9999999999999
1,hpa-mmpp-606-44b1c53a,000098,60.954291,2026-08-31T20:39:52.457+00:00,2026-08-31T20:39:48.598+00:00,2026-08-31T20:39:49.539+00:00,2026-08-31T20:39:49.539+00:00,2026-08-31T20:39:49.758+00:00,2026-08-31T20:39:49.758+00:00,0.088452,0.21908795600029407,sqs-worker-5986dcd897-lrz7s,ip-192-168-20-201.ec2.internal,44db464773b99395962b987b6b988feb4fdf0d280c4ac40f0b43dc63d6e4e1d0,1,941.0,1160.0
1,hpa-mmpp-606-44b1c53a,000093,60.462695,2026-08-31T20:39:51.965+00:00,2026-08-31T20:39:48.115+00:00,2026-08-31T20:39:48.118+00:00,2026-08-31T20:39:48.118+00:00,2026-08-31T20:39:49.082+00:00,2026-08-31T20:39:49.082+00:00,0.406034,0.9637931099987327,sqs-worker-5986dcd897-wkxw9,ip-192-168-20-201.ec2.internal,ff21a72612a7af8bb45680160009c748b5026b8826d40aa40a0970b3c9806f5b,1,3.0,967.0
1,hpa-mmpp-606-44b1c53a,000103,62.173231,2026-08-31T20:39:53.676+00:00,2026-08-31T20:39:49.819+00:00,2026-08-31T20:39:50.606+00:00,2026-08-31T20:39:50.606+00:00,2026-08-31T20:39:50.874+00:00,2026-08-31T20:39:50.874+00:00,0.043259,0.2681858740015741,sqs-worker-5986dcd897-x8rdl,ip-192-168-20-201.ec2.internal,d57c4815710475166baa7c602e861617a478427afb1866085ba8beddd67929f0,1,787.0,1055.0
1,hpa-mmpp-606-44b1c53a,000095,60.819101,2026-08-31T20:39:52.322+00:00,2026-08-31T20:39:48.465+00:00,2026-08-31T20:39:49.025+00:00,2026-08-31T20:39:49.025+00:00,2026-08-31T20:39:50.587+00:00,2026-08-31T20:39:50.587+00:00,0.397137,1.5622980450007162,sqs-worker-5986dcd897-x8rdl,ip-192-168-20-201.ec2.internal,6887d4874e9a7f5ebaad956e2c9ec8fd00d8234026154403e36b70926d54543f,1,560.0,2122.0
1,hpa-mmpp-606-44b1c53a,000101,61.413102,2026-08-31T20:39:52.916+00:00,2026-08-31T20:39:49.060+00:00,2026-08-31T20:39:49.189+00:00,2026-08-31T20:39:49.189+00:00,2026-08-31T20:39:50.837+00:00,2026-08-31T20:39:50.837+00:00,0.357959,1.6485815989999537,sqs-worker-5986dcd897-wkxw9,ip-192-168-20-201.ec2.internal,f95b51a508dab28559d317df4a060d87a449fea898a53cdb628e1a0b0a2cf08c,1,129.0,1777.0
1,hpa-mmpp-606-44b1c53a,000099,61.380375,2026-08-31T20:39:52.883+00:00,2026-08-31T20:39:49.029+00:00,2026-08-31T20:39:49.772+00:00,2026-08-31T20:39:49.772+00:00,2026-08-31T20:39:51.571+00:00,2026-08-31T20:39:51.571+00:00,0.729598,1.799238913001318,sqs-worker-5986dcd897-lrz7s,ip-192-168-20-201.ec2.internal,1c2562d6340dc178632a8a06ef3e59ac6fce59ef8444e13416ffcebfac11a7be,1,743.0,2542.0
1,hpa-mmpp-606-44b1c53a,000110,63.853435,2026-08-31T20:39:55.355+00:00,2026-08-31T20:39:51.499+00:00,2026-08-31T20:39:51.762+00:00,2026-08-31T20:39:51.762+00:00,2026-08-31T20:39:51.790+00:00,2026-08-31T20:39:51.790+00:00,0.020812,0.0272937230001844,sqs-worker-5986dcd897-lrz7s,ip-192-168-20-201.ec2.internal,45a78f457cc22d2f81dddcf101a912fa6574a42283a1f7d0abe07805c9e75253,1,263.0,291.0
1,hpa-mmpp-606-44b1c53a,000102,61.717022,2026-08-31T20:39:53.220+00:00,2026-08-31T20:39:49.364+00:00,2026-08-31T20:39:51.815+00:00,2026-08-31T20:39:51.815+00:00,2026-08-31T20:39:52.058+00:00,2026-08-31T20:39:52.058+00:00,0.10185,0.2431108979999408,sqs-worker-5986dcd897-lrz7s,ip-192-168-20-201.ec2.internal,2df1f4b603d564fc98c4cd64e60f77f3b32f281cd21b927573bcc7aea2252747,1,2451.0,2694.0
1,hpa-mmpp-606-44b1c53a,000105,62.190757,2026-08-31T20:39:53.693+00:00,2026-08-31T20:39:49.841+00:00,2026-08-31T20:39:52.097+00:00,2026-08-31T20:39:52.097+00:00,2026-08-31T20:39:52.102+00:00,2026-08-31T20:39:52.102+00:00,0.005,0.005046308999226312,sqs-worker-5986dcd897-lrz7s,ip-192-168-20-201.ec2.internal,6769f412eb48ef699f17090f6987de62557af4219e64772f925c04de7ecdfee0,1,2256.0,2261.0
1,hpa-mmpp-606-44b1c53a,000108,62.942846,2026-08-31T20:39:54.446+00:00,2026-08-31T20:39:50.590+00:00,2026-08-31T20:39:50.933+00:00,2026-08-31T20:39:50.933+00:00,2026-08-31T20:39:52.134+00:00,2026-08-31T20:39:52.134+00:00,0.210511,1.2008003560004,sqs-worker-5986dcd897-wkxw9,ip-192-168-20-201.ec2.internal,517fe742a874853bbf4040e76267d0def88edb75515b4c44ef35faac9afdf0d3,1,343.0,1544.0
1,hpa-mmpp-606-44b1c53a,000104,62.180401,2026-08-31T20:39:53.683+00:00,2026-08-31T20:39:49.832+00:00,2026-08-31T20:39:51.977+00:00,2026-08-31T20:39:51.977+00:00,2026-08-31T20:39:52.912+00:00,2026-08-31T20:39:52.912+00:00,0.266601,0.935168332000103,sqs-worker-5986dcd897-x8rdl,ip-192-168-20-201.ec2.internal,15b1ba33f3d2d3d8a3d8fe69739711b6834a69a18330b4e37fe0b827356bf0ab,1,2145.0,3080.0
1,hpa-mmpp-606-44b1c53a,000106,62.645631,2026-08-31T20:39:54.148+00:00,2026-08-31T20:39:50.296+00:00,2026-08-31T20:39:52.557+00:00,2026-08-31T20:39:52.557+00:00,2026-08-31T20:39:53.124+00:00,2026-08-31T20:39:53.124+00:00,0.229705,0.5673244509998767,sqs-worker-5986dcd897-lrz7s,ip-192-168-20-201.ec2.internal,a8c20a4e390097b615ee510cbbb79229f84f8f95c4aabfa0c7ec3ec930ac46b7,1,2261.0,2828.0
1,hpa-mmpp-606-44b1c53a,000113,64.767537,2026-08-31T20:39:56.270+00:00,2026-08-31T20:39:52.413+00:00,2026-08-31T20:39:52.537+00:00,2026-08-31T20:39:52.537+00:00,2026-08-31T20:39:52.542+00:00,2026-08-31T20:39:52.542+00:00,0.005,0.00504472900138353,sqs-worker-5986dcd897-lrz7s,ip-192-168-20-201.ec2.internal,1d954efe3850fd6f541863196377c7570fc893e9cbf7fae0f27af76d13eec746,1,124.0,129.0
1,hpa-mmpp-606-44b1c53a,000100,61.395145,2026-08-31T20:39:52.898+00:00,2026-08-31T20:39:49.044+00:00,2026-08-31T20:39:51.586+00:00,2026-08-31T20:39:51.586+00:00,2026-08-31T20:39:51.724+00:00,2026-08-31T20:39:51.724+00:00,0.049422,0.1379563379996398,sqs-worker-5986dcd897-lrz7s,ip-192-168-20-201.ec2.internal,b51984698a2b4ae4ad315cd9dc7efe615c1662c822715c057fbc1d53d7152faa,1,2542.0,2680.0
1,hpa-mmpp-606-44b1c53a,000109,63.638928,2026-08-31T20:39:55.141+00:00,2026-08-31T20:39:51.286+00:00,2026-08-31T20:39:52.137+00:00,2026-08-31T20:39:52.137+00:00,2026-08-31T20:39:52.161+00:00,2026-08-31T20:39:52.161+00:00,0.023818,0.02391876600086107,sqs-worker-5986dcd897-lrz7s,ip-192-168-20-201.ec2.internal,dc914f1bb52e6c70d846ff09cfdb25a4cc020057f04650d824298c388d0a27b2,1,851.0,875.0
1,hpa-mmpp-606-44b1c53a,000112,64.499142,2026-08-31T20:39:56.001+00:00,2026-08-31T20:39:52.146+00:00,2026-08-31T20:39:52.176+00:00,2026-08-31T20:39:52.176+00:00,2026-08-31T20:39:52.475+00:00,2026-08-31T20:39:52.475+00:00,0.132915,0.298867468998651,sqs-worker-5986dcd897-lrz7s,ip-192-168-20-201.ec2.internal,a534967788ad4ff4b72b887550e256d2092f9f55d952b2f81f8b3eeccc3a99ae,1,30.0,329.0
1,hpa-mmpp-606-44b1c53a,000111,64.022576,2026-08-31T20:39:55.525+00:00,2026-08-31T20:39:51.679+00:00,2026-08-31T20:39:52.196+00:00,2026-08-31T20:39:52.196+00:00,2026-08-31T20:39:53.195+00:00,2026-08-31T20:39:53.195+00:00,0.371941,0.9987691400001495,sqs-worker-5986dcd897-wkxw9,ip-192-168-20-201.ec2.internal,7f8c8a23ee6371d115b89c65041a604499a73ddb2ebdc61a33169b92f9a3a0de,1,517.0,1516.0
1,hpa-mmpp-606-44b1c53a,000114,66.452293,2026-08-31T20:39:57.955+00:00,2026-08-31T20:39:54.100+00:00,2026-08-31T20:39:54.105+00:00,2026-08-31T20:39:54.105+00:00,2026-08-31T20:39:54.660+00:00,2026-08-31T20:39:54.660+00:00,0.19012,0.554881772999579,sqs-worker-5986dcd897-lrz7s,ip-192-168-20-201.ec2.internal,b4e1bd4088b042ed21919c57d105e19990af83c7844592bdc327fb791c6ae3ab,1,5.0,560.0
1,hpa-mmpp-606-44b1c53a,000107,62.743067,2026-08-31T20:39:54.246+00:00,2026-08-31T20:39:50.393+00:00,2026-08-31T20:39:50.934+00:00,2026-08-31T20:39:50.934+00:00,2026-08-31T20:39:51.894+00:00,2026-08-31T20:39:51.894+00:00,0.182668,0.9598921550004889,sqs-worker-5986dcd897-x8rdl,ip-192-168-20-201.ec2.internal,ffa26f1a210cc526f47398fdb33f63c59068f54d23a57f33f53b5d38471df709,1,541.0,1501.0
1,hpa-mmpp-606-44b1c53a,000116,66.634192,2026-08-31T20:39:58.136+00:00,2026-08-31T20:39:54.287+00:00,2026-08-31T20:39:54.361+00:00,2026-08-31T20:39:54.361+00:00,2026-08-31T20:39:54.490+00:00,2026-08-31T20:39:54.490+00:00,0.071206,0.12905593699906603,sqs-worker-5986dcd897-x8rdl,ip-192-168-20-201.ec2.internal,7b61907620c23010b0828ac5ed800119ac700e9ea007a63b1176e2633df23e84,1,74.0,203.0
1,hpa-mmpp-606-44b1c53a,000115,66.525315,2026-08-31T20:39:58.027+00:00,2026-08-31T20:39:54.186+00:00,2026-08-31T20:39:54.195+00:00,2026-08-31T20:39:54.195+00:00,2026-08-31T20:39:54.509+00:00,2026-08-31T20:39:54.509+00:00,0.150329,0.31422158899840724,sqs-worker-5986dcd897-wkxw9,ip-192-168-20-201.ec2.internal,0d76beda00e0f6fb7b09a6e05babdb6d6ccd63f6de2472fc02ba55285a0805ed,1,9.0,323.0
1,hpa-mmpp-606-44b1c53a,000117,66.960611,2026-08-31T20:39:58.463+00:00,2026-08-31T20:39:54.607+00:00,2026-08-31T20:39:54.611+00:00,2026-08-31T20:39:54.611+00:00,2026-08-31T20:39:55.082+00:00,2026-08-31T20:39:55.082+00:00,0.201902,0.4716459390001546,sqs-worker-5986dcd897-wkxw9,ip-192-168-20-201.ec2.internal,a78b9097959cc2fc475aa8d5b5c8b41943377a45b1cbca44e757b3c7cce1475a,1,4.0,475.0
1,hpa-mmpp-606-44b1c53a,000118,67.160143,2026-08-31T20:39:58.662+00:00,2026-08-31T20:39:54.811+00:00,2026-08-31T20:39:54.815+00:00,2026-08-31T20:39:54.815+00:00,2026-08-31T20:39:55.434+00:00,2026-08-31T20:39:55.434+00:00,0.123812,0.6197204979998787,sqs-worker-5986dcd897-lrz7s,ip-192-168-20-201.ec2.internal,d111a1f1497448e12e2032b82b20699e9dabf1231a15c47c682ee59de728160b,1,4.0,623.0
1,hpa-mmpp-606-44b1c53a,000119,67.900253,2026-08-31T20:39:59.403+00:00,2026-08-31T20:39:55.550+00:00,2026-08-31T20:39:55.557+00:00,2026-08-31T20:39:55.557+00:00,2026-08-31T20:39:55.936+00:00,2026-08-31T20:39:55.936+00:00,0.160351,0.3791091570001299,sqs-worker-5986dcd897-wkxw9,ip-192-168-20-201.ec2.internal,2fec7f864ee81188da0614e435096b47cafdb9b45966fb1740e62d8361a06bd3,1,7.0,386.0
1,hpa-mmpp-606-44b1c53a,000120,71.085875,2026-08-31T20:40:02.591+00:00,2026-08-31T20:39:58.736+00:00,2026-08-31T20:39:58.740+00:00,2026-08-31T20:39:58.740+00:00,2026-08-31T20:39:58.848+00:00,2026-08-31T20:39:58.848+00:00,0.061364,0.10735899000064819,sqs-worker-5986dcd897-wkxw9,ip-192-168-20-201.ec2.internal,bbf672170ee24c07939ad02d67355b50bc3301d3c8dabd734337878bac0cf245,1,4.0,112.0
1,hpa-mmpp-606-44b1c53a,000121,72.266699,2026-08-31T20:40:03.770+00:00,2026-08-31T20:40:00.432+00:00,2026-08-31T20:40:00.437+00:00,2026-08-31T20:40:00.437+00:00,2026-08-31T20:40:00.571+00:00,2026-08-31T20:40:00.571+00:00,0.080178,0.13429820300007123,sqs-worker-5986dcd897-lrz7s,ip-192-168-20-201.ec2.internal,a72ae82c7ab2f4e66d9603253151c7d76df5797457ae2d2630508ab52d46209f,1,5.0,139.0
1,hpa-mmpp-606-44b1c53a,000122,75.197327,2026-08-31T20:40:06.699+00:00,2026-08-31T20:40:02.855+00:00,2026-08-31T20:40:02.859+00:00,2026-08-31T20:40:02.860+00:00,2026-08-31T20:40:03.376+00:00,2026-08-31T20:40:03.377+00:00,0.217418,0.5170255249995535,sqs-worker-5986dcd897-x8rdl,ip-192-168-20-201.ec2.internal,cf9d0cf11e38805e79f3e24aa387c01c31d96d7c3980d059857ae706efea7d61,1,4.0,521.0
1,hpa-mmpp-606-44b1c53a,000123,84.365041,2026-08-31T20:40:15.876+00:00,2026-08-31T20:40:12.020+00:00,2026-08-31T20:40:12.024+00:00,2026-08-31T20:40:12.025+00:00,2026-08-31T20:40:12.245+00:00,2026-08-31T20:40:12.245+00:00,0.103267,0.22005636599897116,sqs-worker-5986dcd897-wkxw9,ip-192-168-20-201.ec2.internal,a6bb32e712b7327aed23919645e731d578e45fc84eb8908616ce0218f8edab42,1,4.0,225.0
1,hpa-mmpp-606-44b1c53a,000125,86.417754,2026-08-31T20:40:17.921+00:00,2026-08-31T20:40:14.066+00:00,2026-08-31T20:40:14.070+00:00,2026-08-31T20:40:14.070+00:00,2026-08-31T20:40:14.209+00:00,2026-08-31T20:40:14.209+00:00,0.064406,0.1385911479992501,sqs-worker-5986dcd897-wkxw9,ip-192-168-20-201.ec2.internal,62ee33c21dd1971f51c5cf9aa9dc28ce64ec6ad0e86ce2683f279e3bcacd22d8,1,4.0,143.0
1,hpa-mmpp-606-44b1c53a,000127,86.560865,2026-08-31T20:40:18.063+00:00,2026-08-31T20:40:14.214+00:00,2026-08-31T20:40:14.230+00:00,2026-08-31T20:40:14.230+00:00,2026-08-31T20:40:14.253+00:00,2026-08-31T20:40:14.253+00:00,0.022444,0.02255934299864748,sqs-worker-5986dcd897-wkxw9,ip-192-168-20-201.ec2.internal,587cb1da3170a63310a64ce1e5b8bf7e57950125fb419de3312b76c3709e9a64,1,16.0,39.0
1,hpa-mmpp-606-44b1c53a,000124,85.146345,2026-08-31T20:40:16.649+00:00,2026-08-31T20:40:12.796+00:00,2026-08-31T20:40:12.801+00:00,2026-08-31T20:40:12.801+00:00,2026-08-31T20:40:14.283+00:00,2026-08-31T20:40:14.283+00:00,0.600097,1.4818826819991955,sqs-worker-5986dcd897-x8rdl,ip-192-168-20-201.ec2.internal,38eea8e7811384956bf2f6d774fe2f1b549d909fe592f8dca02583d0416476a8,1,5.0,1487.0
1,hpa-mmpp-606-44b1c53a,000126,86.532811,2026-08-31T20:40:18.035+00:00,2026-08-31T20:40:14.179+00:00,2026-08-31T20:40:14.182+00:00,2026-08-31T20:40:14.182+00:00,2026-08-31T20:40:14.247+00:00,2026-08-31T20:40:14.247+00:00,0.041161,0.06508330100041348,sqs-worker-5986dcd897-lrz7s,ip-192-168-20-201.ec2.internal,36d594fdcc46551e207f9ccb7177aa1a378c382cf0ce452ac884d831fa6f8521,1,3.0,68.0
1,hpa-mmpp-606-44b1c53a,000128,87.043726,2026-08-31T20:40:18.546+00:00,2026-08-31T20:40:14.693+00:00,2026-08-31T20:40:14.707+00:00,2026-08-31T20:40:14.707+00:00,2026-08-31T20:40:14.751+00:00,2026-08-31T20:40:14.751+00:00,0.005,0.044888211001307354,sqs-worker-5986dcd897-lrz7s,ip-192-168-20-201.ec2.internal,44764d8514a356d6129572a0b256e0e65f5046f681ca5f29829cbbb80398dddd,1,14.0,58.0
1,hpa-mmpp-606-44b1c53a,000130,87.342312,2026-08-31T20:40:18.847+00:00,2026-08-31T20:40:14.997+00:00,2026-08-31T20:40:15.001+00:00,2026-08-31T20:40:15.001+00:00,2026-08-31T20:40:15.254+00:00,2026-08-31T20:40:15.255+00:00,0.041309,0.2533280059997196,sqs-worker-5986dcd897-lrz7s,ip-192-168-20-201.ec2.internal,316607ae45b5bd817e2e037fbcbeea80161f8b954ed528f7f3dda5dbe6141bd7,1,4.0,257.0
1,hpa-mmpp-606-44b1c53a,000132,87.4895,2026-08-31T20:40:18.991+00:00,2026-08-31T20:40:15.132+00:00,2026-08-31T20:40:15.136+00:00,2026-08-31T20:40:15.136+00:00,2026-08-31T20:40:15.332+00:00,2026-08-31T20:40:15.332+00:00,0.084492,0.19556789499984006,sqs-worker-5986dcd897-wkxw9,ip-192-168-20-201.ec2.internal,5806b87da6b24261d428e1e2c365ebd7e080655959b0752985cd5baf67a264a8,1,4.0,200.0
1,hpa-mmpp-606-44b1c53a,000135,88.218897,2026-08-31T20:40:19.721+00:00,2026-08-31T20:40:15.870+00:00,2026-08-31T20:40:16.107+00:00,2026-08-31T20:40:16.107+00:00,2026-08-31T20:40:16.661+00:00,2026-08-31T20:40:16.661+00:00,0.21655,0.5541734290000022,sqs-worker-5986dcd897-lrz7s,ip-192-168-20-201.ec2.internal,74d40b743c1d09ca036da5b4cf0c4688b805ff9f66a93a9d7f4df58e5663de3b,1,237.0,791.0
1,hpa-mmpp-606-44b1c53a,000129,87.045514,2026-08-31T20:40:18.548+00:00,2026-08-31T20:40:14.691+00:00,2026-08-31T20:40:14.694+00:00,2026-08-31T20:40:14.694+00:00,2026-08-31T20:40:14.797+00:00,2026-08-31T20:40:14.797+00:00,0.054401,0.10274177700011933,sqs-worker-5986dcd897-x8rdl,ip-192-168-20-201.ec2.internal,9be4e5ae377ef36aaf171349bc11ef6f60189023f4f642f4cc29abee3cc5a747,1,3.0,106.0
1,hpa-mmpp-606-44b1c53a,000134,88.052829,2026-08-31T20:40:19.555+00:00,2026-08-31T20:40:15.699+00:00,2026-08-31T20:40:15.704+00:00,2026-08-31T20:40:15.705+00:00,2026-08-31T20:40:17.027+00:00,2026-08-31T20:40:17.027+00:00,0.543074,1.3228283240005112,sqs-worker-5986dcd897-wkxw9,ip-192-168-20-201.ec2.internal,a0db47bc6aad0a09b6a448b2768f50311adacf52dcfbe91da06030b527129ab2,1,5.0,1328.0
1,hpa-mmpp-606-44b1c53a,000133,87.539025,2026-08-31T20:40:19.041+00:00,2026-08-31T20:40:15.187+00:00,2026-08-31T20:40:15.282+00:00,2026-08-31T20:40:15.282+00:00,2026-08-31T20:40:16.065+00:00,2026-08-31T20:40:16.065+00:00,0.142673,0.7826328779992764,sqs-worker-5986dcd897-lrz7s,ip-192-168-20-201.ec2.internal,63aaab6947d8152e29917946271c94a96c25359d00a174f7a9d15df801329806,1,95.0,878.0
1,hpa-mmpp-606-44b1c53a,000131,87.476365,2026-08-31T20:40:18.978+00:00,2026-08-31T20:40:15.122+00:00,2026-08-31T20:40:15.126+00:00,2026-08-31T20:40:15.126+00:00,2026-08-31T20:40:16.684+00:00,2026-08-31T20:40:16.684+00:00,0.641374,1.5580278590005037,sqs-worker-5986dcd897-x8rdl,ip-192-168-20-201.ec2.internal,c4f06882efcdd2921cbb1a9dbe704cfca1e9d2741fa765aec03c45051002578b,1,4.0,1562.0
1,hpa-mmpp-606-44b1c53a,000136,91.298424,2026-08-31T20:40:22.803+00:00,2026-08-31T20:40:18.958+00:00,2026-08-31T20:40:18.967+00:00,2026-08-31T20:40:18.967+00:00,2026-08-31T20:40:19.175+00:00,2026-08-31T20:40:19.175+00:00,0.109125,0.2079058100007387,sqs-worker-5986dcd897-lrz7s,ip-192-168-20-201.ec2.internal,abc46ff73fe54130475020a24d7196561cb1e55bbfa219b3f35d2138d38f0ba7,1,9.0,217.0
1,hpa-mmpp-606-44b1c53a,000139,91.88613,2026-08-31T20:40:23.388+00:00,2026-08-31T20:40:19.540+00:00,2026-08-31T20:40:19.544+00:00,2026-08-31T20:40:19.544+00:00,2026-08-31T20:40:19.724+00:00,2026-08-31T20:40:19.724+00:00,0.082253,0.18004920400017,sqs-worker-5986dcd897-lrz7s,ip-192-168-20-201.ec2.internal,5f12366b8e192c3ea2d0c65e23be3e7b8dada3cf2896823c53a3e81c6bbae3c2,1,4.0,184.0
1,hpa-mmpp-606-44b1c53a,000137,91.524801,2026-08-31T20:40:23.027+00:00,2026-08-31T20:40:19.176+00:00,2026-08-31T20:40:19.180+00:00,2026-08-31T20:40:19.180+00:00,2026-08-31T20:40:20.383+00:00,2026-08-31T20:40:20.383+00:00,0.256275,1.2023427370004356,sqs-worker-5986dcd897-wkxw9,ip-192-168-20-201.ec2.internal,10c294d2be1348e1058c8d54a3fb4910699ab21ffd33c2c8827ee7908097829d,1,4.0,1207.0
1,hpa-mmpp-606-44b1c53a,000140,91.908117,2026-08-31T20:40:23.410+00:00,2026-08-31T20:40:19.552+00:00,2026-08-31T20:40:19.740+00:00,2026-08-31T20:40:19.740+00:00,2026-08-31T20:40:20.862+00:00,2026-08-31T20:40:20.862+00:00,0.464871,1.1227431819988851,sqs-worker-5986dcd897-lrz7s,ip-192-168-20-201.ec2.internal,243beecb2ed591cb4fa18352bd00a95bb199d4b6f8b679eae4bddd476f1fec61,1,188.0,1310.0
1,hpa-mmpp-606-44b1c53a,000138,91.545336,2026-08-31T20:40:23.047+00:00,2026-08-31T20:40:19.188+00:00,2026-08-31T20:40:19.193+00:00,2026-08-31T20:40:19.193+00:00,2026-08-31T20:40:22.896+00:00,2026-08-31T20:40:22.896+00:00,0.833574,3.7024764899997535,sqs-worker-5986dcd897-x8rdl,ip-192-168-20-201.ec2.internal,26c68a31ed90967d67451bc80341041d4105d50fd203fff6f5170edb78a49958,1,5.0,3708.0
1,hpa-mmpp-606-44b1c53a,000141,96.335923,2026-08-31T20:40:27.841+00:00,2026-08-31T20:40:23.984+00:00,2026-08-31T20:40:23.988+00:00,2026-08-31T20:40:23.988+00:00,2026-08-31T20:40:24.793+00:00,2026-08-31T20:40:24.793+00:00,0.331865,0.8054183469994314,sqs-worker-5986dcd897-wkxw9,ip-192-168-20-201.ec2.internal,8ddbb5b2cb1234c9437743339a1194a024350b8340e9b0f35f200a5173efb3e0,1,4.0,809.0
1,hpa-mmpp-606-44b1c53a,000142,97.163344,2026-08-31T20:40:28.665+00:00,2026-08-31T20:40:24.813+00:00,2026-08-31T20:40:24.816+00:00,2026-08-31T20:40:24.816+00:00,2026-08-31T20:40:25.259+00:00,2026-08-31T20:40:25.259+00:00,0.092036,0.44207867899967823,sqs-worker-5986dcd897-lrz7s,ip-192-168-20-201.ec2.internal,855a3396fc84b27fe93525456e9bfbec99e06d194c364117f99b5830b71955d7,1,3.0,446.0
1,hpa-mmpp-606-44b1c53a,000144,99.229304,2026-08-31T20:40:30.730+00:00,2026-08-31T20:40:26.876+00:00,2026-08-31T20:40:26.879+00:00,2026-08-31T20:40:26.879+00:00,2026-08-31T20:40:27.001+00:00,2026-08-31T20:40:27.001+00:00,0.057926,0.12156290799975977,sqs-worker-5986dcd897-x8rdl,ip-192-168-20-201.ec2.internal,6663ada6d222df8d6de5e52399212c41e0b59799c22201b8934bc20695e3ebb0,1,3.0,125.0
1,hpa-mmpp-606-44b1c53a,000145,99.586733,2026-08-31T20:40:31.088+00:00,2026-08-31T20:40:27.233+00:00,2026-08-31T20:40:27.238+00:00,2026-08-31T20:40:27.238+00:00,2026-08-31T20:40:27.426+00:00,2026-08-31T20:40:27.426+00:00,0.079295,0.18844116299987945,sqs-worker-5986dcd897-lrz7s,ip-192-168-20-201.ec2.internal,c96df5556740a54ae2342a639076ad26ff462d791d88f10f0ffc453ab5474d0d,1,5.0,193.0
1,hpa-mmpp-606-44b1c53a,000146,99.763386,2026-08-31T20:40:31.264+00:00,2026-08-31T20:40:27.409+00:00,2026-08-31T20:40:27.413+00:00,2026-08-31T20:40:27.413+00:00,2026-08-31T20:40:27.453+00:00,2026-08-31T20:40:27.453+00:00,0.038898,0.03973155099993164,sqs-worker-5986dcd897-x8rdl,ip-192-168-20-201.ec2.internal,960e2aeea19cf1dab468eaa4723161e34bf986bd8b7571bb98c370b506c4aebc,1,4.0,44.0
1,hpa-mmpp-606-44b1c53a,000143,98.969051,2026-08-31T20:40:30.471+00:00,2026-08-31T20:40:26.617+00:00,2026-08-31T20:40:26.621+00:00,2026-08-31T20:40:26.621+00:00,2026-08-31T20:40:28.136+00:00,2026-08-31T20:40:28.137+00:00,0.620308,1.5154289239999343,sqs-worker-5986dcd897-wkxw9,ip-192-168-20-201.ec2.internal,af792df26f99b4393c40637bc97841f5f7bfe416fea6c92df27706fc300d913c,1,4.0,1519.0
1,hpa-mmpp-606-44b1c53a,000147,100.626149,2026-08-31T20:40:32.128+00:00,2026-08-31T20:40:28.274+00:00,2026-08-31T20:40:28.278+00:00,2026-08-31T20:40:28.278+00:00,2026-08-31T20:40:28.291+00:00,2026-08-31T20:40:28.291+00:00,0.013645,0.01368657499915571,sqs-worker-5986dcd897-x8rdl,ip-192-168-20-201.ec2.internal,f92b10a5846ec4a806c293219c1b79949a356cb3f6e78fb655ba26b717d2a403,1,4.0,17.0
1,hpa-mmpp-606-44b1c53a,000148,100.752812,2026-08-31T20:40:32.253+00:00,2026-08-31T20:40:28.396+00:00,2026-08-31T20:40:28.402+00:00,2026-08-31T20:40:28.402+00:00,2026-08-31T20:40:28.736+00:00,2026-08-31T20:40:28.736+00:00,0.150104,0.3336544899993896,sqs-worker-5986dcd897-lrz7s,ip-192-168-20-201.ec2.internal,ae0c55ecebfe30dc5193b0213f86d29bb3c8ac052858c8ca243e1b69b594e894,1,6.0,340.0
1,hpa-mmpp-606-44b1c53a,000150,101.033632,2026-08-31T20:40:32.534+00:00,2026-08-31T20:40:28.680+00:00,2026-08-31T20:40:28.688+00:00,2026-08-31T20:40:28.688+00:00,2026-08-31T20:40:28.808+00:00,2026-08-31T20:40:28.808+00:00,0.064835,0.12006865500006825,sqs-worker-5986dcd897-x8rdl,ip-192-168-20-201.ec2.internal,c2f712f182cf34eca2a649a126f01e9005c29f9c882085a6cb08003cd8d61a87,1,8.0,128.0
1,hpa-mmpp-606-44b1c53a,000149,100.924338,2026-08-31T20:40:32.425+00:00,2026-08-31T20:40:28.568+00:00,2026-08-31T20:40:28.571+00:00,2026-08-31T20:40:28.571+00:00,2026-08-31T20:40:29.127+00:00,2026-08-31T20:40:29.127+00:00,0.240931,0.5557162639997841,sqs-worker-5986dcd897-wkxw9,ip-192-168-20-201.ec2.internal,185bc014e4e5ab41a099f0854c45ae06367bdc907707404f9953411c5faba4b1,1,3.0,559.0
1,hpa-mmpp-606-44b1c53a,000151,101.609651,2026-08-31T20:40:33.111+00:00,2026-08-31T20:40:29.263+00:00,2026-08-31T20:40:29.267+00:00,2026-08-31T20:40:29.267+00:00,2026-08-31T20:40:29.376+00:00,2026-08-31T20:40:29.376+00:00,0.059747,0.10888435100059723,sqs-worker-5986dcd897-lrz7s,ip-192-168-20-201.ec2.internal,eb8e0d1c616ae0e95a983c6cf7496ccfd48c0bb4098389c0448fc0d6519986f0,1,4.0,113.0
1,hpa-mmpp-606-44b1c53a,000152,107.279499,2026-08-31T20:40:38.786+00:00,2026-08-31T20:40:34.931+00:00,2026-08-31T20:40:34.936+00:00,2026-08-31T20:40:34.936+00:00,2026-08-31T20:40:35.800+00:00,2026-08-31T20:40:35.800+00:00,0.3776,0.8638111529999151,sqs-worker-5986dcd897-x8rdl,ip-192-168-20-201.ec2.internal,c3a292a51f14051efbb9ec19ef251b5ae37f8d9cf8dbdb32fc41d972ca2cc8ee,1,5.0,869.0
1,hpa-mmpp-606-44b1c53a,000153,109.412227,2026-08-31T20:40:40.915+00:00,2026-08-31T20:40:37.059+00:00,2026-08-31T20:40:37.064+00:00,2026-08-31T20:40:37.064+00:00,2026-08-31T20:40:38.927+00:00,2026-08-31T20:40:38.928+00:00,0.761296,1.8635877039996558,sqs-worker-5986dcd897-wkxw9,ip-192-168-20-201.ec2.internal,29b5cc627a07e0465bffe025c0e7b45d3c86d24cf101b2476d789ba8d5082a1d,1,5.0,1868.0
1,hpa-mmpp-606-44b1c53a,000154,111.341193,2026-08-31T20:40:42.842+00:00,2026-08-31T20:40:38.989+00:00,2026-08-31T20:40:38.999+00:00,2026-08-31T20:40:38.999+00:00,2026-08-31T20:40:39.031+00:00,2026-08-31T20:40:39.031+00:00,0.031611,0.03166764200068428,sqs-worker-5986dcd897-wkxw9,ip-192-168-20-201.ec2.internal,55e48f438e775b340e7a15ca2e68b912efe6abfc58eacb33e44c4f9cbadde709,1,10.0,42.0
1,hpa-mmpp-606-44b1c53a,000155,111.581755,2026-08-31T20:40:43.082+00:00,2026-08-31T20:40:39.228+00:00,2026-08-31T20:40:39.232+00:00,2026-08-31T20:40:39.232+00:00,2026-08-31T20:40:39.316+00:00,2026-08-31T20:40:39.316+00:00,0.072758,0.08394631800001662,sqs-worker-5986dcd897-x8rdl,ip-192-168-20-201.ec2.internal,0536a98f463e8a4e884e93ffcd38af5eef7449985aa3947e71e5baf597532524,1,4.0,88.0
1,hpa-mmpp-606-44b1c53a,000158,112.40572,2026-08-31T20:40:43.906+00:00,2026-08-31T20:40:40.056+00:00,2026-08-31T20:40:40.087+00:00,2026-08-31T20:40:40.087+00:00,2026-08-31T20:40:40.485+00:00,2026-08-31T20:40:40.485+00:00,0.082756,0.39845331000105944,sqs-worker-5986dcd897-x8rdl,ip-192-168-20-201.ec2.internal,cc248643daaf327e7ebe34704eae8f521a10e3646c935be37a1f550b8a5a747d,1,31.0,429.0
1,hpa-mmpp-606-44b1c53a,000157,112.219585,2026-08-31T20:40:43.720+00:00,2026-08-31T20:40:39.864+00:00,2026-08-31T20:40:39.927+00:00,2026-08-31T20:40:39.927+00:00,2026-08-31T20:40:40.733+00:00,2026-08-31T20:40:40.733+00:00,0.159325,0.8062454789996991,sqs-worker-5986dcd897-wkxw9,ip-192-168-20-201.ec2.internal,7dbd47aa2a5c313d18416e059c4aa409fa37ddc9a5022889c7e3a4597ef46742,1,63.0,869.0
1,hpa-mmpp-606-44b1c53a,000156,112.125366,2026-08-31T20:40:43.626+00:00,2026-08-31T20:40:39.768+00:00,2026-08-31T20:40:39.772+00:00,2026-08-31T20:40:39.772+00:00,2026-08-31T20:40:40.575+00:00,2026-08-31T20:40:40.575+00:00,0.349046,0.802877639000144,sqs-worker-5986dcd897-lrz7s,ip-192-168-20-201.ec2.internal,fb25fcf95238688a2ce4a50898c77c4440cdda94d6224c27f7955a830b2cd0f8,1,4.0,807.0
1,hpa-mmpp-606-44b1c53a,000159,112.471812,2026-08-31T20:40:43.972+00:00,2026-08-31T20:40:40.119+00:00,2026-08-31T20:40:40.606+00:00,2026-08-31T20:40:40.606+00:00,2026-08-31T20:40:40.753+00:00,2026-08-31T20:40:40.753+00:00,0.053436,0.14702717500040308,sqs-worker-5986dcd897-lrz7s,ip-192-168-20-201.ec2.internal,256f61cdb5c8cd3aa1baff54f21564e9ee6c0f3c00c28f691a22a85dbe82ece7,1,487.0,634.0
1,hpa-mmpp-606-44b1c53a,000161,113.647947,2026-08-31T20:40:45.149+00:00,2026-08-31T20:40:41.291+00:00,2026-08-31T20:40:41.295+00:00,2026-08-31T20:40:41.295+00:00,2026-08-31T20:40:41.729+00:00,2026-08-31T20:40:41.729+00:00,0.18994,0.43473703999916324,sqs-worker-5986dcd897-lrz7s,ip-192-168-20-201.ec2.internal,cef49c162edbb623c48ed170571da5ad106906ecc65f7586699699c8c4518bc3,1,4.0,438.0
1,hpa-mmpp-606-44b1c53a,000160,112.85902,2026-08-31T20:40:44.360+00:00,2026-08-31T20:40:40.500+00:00,2026-08-31T20:40:40.505+00:00,2026-08-31T20:40:40.505+00:00,2026-08-31T20:40:41.875+00:00,2026-08-31T20:40:41.875+00:00,0.239066,1.3692281950006873,sqs-worker-5986dcd897-x8rdl,ip-192-168-20-201.ec2.internal,962a783ed525e0000d8d8e6b94f01dad66a145b0a1c259fd565f7ed70c3ab4e0,1,5.0,1375.0
1,hpa-mmpp-606-44b1c53a,000163,116.551571,2026-08-31T20:40:48.052+00:00,2026-08-31T20:40:44.198+00:00,2026-08-31T20:40:44.236+00:00,2026-08-31T20:40:44.236+00:00,2026-08-31T20:40:44.320+00:00,2026-08-31T20:40:44.320+00:00,0.073543,0.08394251099889516,sqs-worker-5986dcd897-x8rdl,ip-192-168-20-201.ec2.internal,8f11c94a6bc3d0a63d8bf8b96cfba51b75d5fe24c65e51575162122a5fd21846,1,38.0,122.0
1,hpa-mmpp-606-44b1c53a,000165,117.479484,2026-08-31T20:40:48.980+00:00,2026-08-31T20:40:45.127+00:00,2026-08-31T20:40:45.131+00:00,2026-08-31T20:40:45.131+00:00,2026-08-31T20:40:45.136+00:00,2026-08-31T20:40:45.136+00:00,0.005,0.0050910619993373984,sqs-worker-5986dcd897-qtpf4,ip-192-168-20-201.ec2.internal,74ec378e3faee5cff4a2ee80ed09522319a61c2187dc6a5bf1656039838cf7f7,1,4.0,9.0
1,hpa-mmpp-606-44b1c53a,000162,116.532952,2026-08-31T20:40:48.036+00:00,2026-08-31T20:40:44.181+00:00,2026-08-31T20:40:44.186+00:00,2026-08-31T20:40:44.186+00:00,2026-08-31T20:40:45.163+00:00,2026-08-31T20:40:45.163+00:00,0.261228,0.9776921350003249,sqs-worker-5986dcd897-lrz7s,ip-192-168-20-201.ec2.internal,d37b6f2a357062e1e18f91e21c0f739a035620f26f1431c36c7ea119c5ad434b,1,5.0,982.0
1,hpa-mmpp-606-44b1c53a,000167,117.564191,2026-08-31T20:40:49.065+00:00,2026-08-31T20:40:45.213+00:00,2026-08-31T20:40:45.219+00:00,2026-08-31T20:40:45.219+00:00,2026-08-31T20:40:45.224+00:00,2026-08-31T20:40:45.224+00:00,0.005,0.005052931999671273,sqs-worker-5986dcd897-qtpf4,ip-192-168-20-201.ec2.internal,89176cd65004a6d30193c94d3b125acb6a6512b5f36a9d0052c3028bb343549f,1,6.0,11.0
1,hpa-mmpp-606-44b1c53a,000166,117.555678,2026-08-31T20:40:49.056+00:00,2026-08-31T20:40:45.198+00:00,2026-08-31T20:40:45.202+00:00,2026-08-31T20:40:45.202+00:00,2026-08-31T20:40:45.615+00:00,2026-08-31T20:40:45.615+00:00,0.19036,0.41273171699867817,sqs-worker-5986dcd897-x8rdl,ip-192-168-20-201.ec2.internal,6845e8a96ab925011dccb05c14010587fa7bcca624fe918fcd26b010d98e1ea7,1,4.0,417.0
1,hpa-mmpp-606-44b1c53a,000168,117.694624,2026-08-31T20:40:49.195+00:00,2026-08-31T20:40:45.337+00:00,2026-08-31T20:40:45.341+00:00,2026-08-31T20:40:45.341+00:00,2026-08-31T20:40:45.365+00:00,2026-08-31T20:40:45.365+00:00,0.023322,0.02374138900086109,sqs-worker-5986dcd897-qtpf4,ip-192-168-20-201.ec2.internal,25045554fdef3f5dfed4749ddbe9800f2b39e9df27fd48d6290d71f2ad70fb31,1,4.0,28.0
1,hpa-mmpp-606-44b1c53a,000170,117.893121,2026-08-31T20:40:49.394+00:00,2026-08-31T20:40:45.537+00:00,2026-08-31T20:40:45.567+00:00,2026-08-31T20:40:45.567+00:00,2026-08-31T20:40:45.572+00:00,2026-08-31T20:40:45.572+00:00,0.005595,0.005650769999192562,sqs-worker-5986dcd897-lrz7s,ip-192-168-20-201.ec2.internal,c7d246a1a7551ed2f1db853ee4071db83c587bff41eb92572b30594e0dd119c4,1,30.0,35.0
1,hpa-mmpp-606-44b1c53a,000175,118.679187,2026-08-31T20:40:50.180+00:00,2026-08-31T20:40:46.321+00:00,2026-08-31T20:40:46.447+00:00,2026-08-31T20:40:46.447+00:00,2026-08-31T20:40:46.482+00:00,2026-08-31T20:40:46.482+00:00,0.018707,0.03544294200037257,sqs-worker-5986dcd897-x8rdl,ip-192-168-20-201.ec2.internal,4c88ed8c63a29443fd65c7b02e8e55fa0003bbabc8e6f37a9020f1c2092d4f03,1,126.0,161.0
1,hpa-mmpp-606-44b1c53a,000169,117.871133,2026-08-31T20:40:49.372+00:00,2026-08-31T20:40:45.516+00:00,2026-08-31T20:40:45.520+00:00,2026-08-31T20:40:45.520+00:00,2026-08-31T20:40:45.816+00:00,2026-08-31T20:40:45.816+00:00,0.121213,0.29600685799960047,sqs-worker-5986dcd897-qtpf4,ip-192-168-20-201.ec2.internal,d599f5666585ec11ed26943a03a538d43b99d7da6baac5066f3b238833fe2615,1,4.0,300.0
1,hpa-mmpp-606-44b1c53a,000164,117.309631,2026-08-31T20:40:48.811+00:00,2026-08-31T20:40:44.958+00:00,2026-08-31T20:40:44.962+00:00,2026-08-31T20:40:44.962+00:00,2026-08-31T20:40:46.532+00:00,2026-08-31T20:40:46.532+00:00,0.645849,1.5697941929993249,sqs-worker-5986dcd897-wkxw9,ip-192-168-20-201.ec2.internal,912a6dc8bc49e65f0f2fb06dfddfa70845b19c2e99128cf5effce7572862a736,1,4.0,1574.0
1,hpa-mmpp-606-44b1c53a,000173,118.356583,2026-08-31T20:40:49.857+00:00,2026-08-31T20:40:46.005+00:00,2026-08-31T20:40:46.010+00:00,2026-08-31T20:40:46.010+00:00,2026-08-31T20:40:46.396+00:00,2026-08-31T20:40:46.396+00:00,0.169908,0.3863755870006571,sqs-worker-5986dcd897-x8rdl,ip-192-168-20-201.ec2.internal,0c42d33c792e744be850e8e6b2060b7f35ba6f083f7d2e3ec4f9564b2c10ae45,1,5.0,391.0
1,hpa-mmpp-606-44b1c53a,000172,118.20912,2026-08-31T20:40:49.710+00:00,2026-08-31T20:40:45.851+00:00,2026-08-31T20:40:45.855+00:00,2026-08-31T20:40:45.855+00:00,2026-08-31T20:40:46.763+00:00,2026-08-31T20:40:46.763+00:00,0.20354,0.9086853270000574,sqs-worker-5986dcd897-lrz7s,ip-192-168-20-201.ec2.internal,3c02588e3d8e7b3bad3934ef590b5a2570ec81a56f6fc0e62079d82172dfa5d1,1,4.0,912.0
1,hpa-mmpp-606-44b1c53a,000178,120.055934,2026-08-31T20:40:51.557+00:00,2026-08-31T20:40:47.702+00:00,2026-08-31T20:40:47.707+00:00,2026-08-31T20:40:47.707+00:00,2026-08-31T20:40:48.630+00:00,2026-08-31T20:40:48.630+00:00,0.380208,0.9234091980015364,sqs-worker-5986dcd897-lrz7s,ip-192-168-20-201.ec2.internal,f41ae8f4c4b6b33db3d4954d3a8e9a7e12fb63834e60e6f2c949cca2270c57f9,1,5.0,928.0
1,hpa-mmpp-606-44b1c53a,000171,117.930221,2026-08-31T20:40:49.431+00:00,2026-08-31T20:40:45.575+00:00,2026-08-31T20:40:45.659+00:00,2026-08-31T20:40:45.659+00:00,2026-08-31T20:40:45.727+00:00,2026-08-31T20:40:45.727+00:00,0.016385,0.06780911100031517,sqs-worker-5986dcd897-lrz7s,ip-192-168-20-201.ec2.internal,0bbbdb564bf2ac1e07367a2ed90e5bc99d2d0d8e4df1b2140fbab6e1738cd7b8,1,84.0,152.0
1,hpa-mmpp-606-44b1c53a,000176,119.357882,2026-08-31T20:40:50.859+00:00,2026-08-31T20:40:47.000+00:00,2026-08-31T20:40:47.004+00:00,2026-08-31T20:40:47.004+00:00,2026-08-31T20:40:47.902+00:00,2026-08-31T20:40:47.902+00:00,0.379118,0.8980066170006467,sqs-worker-5986dcd897-x8rdl,ip-192-168-20-201.ec2.internal,a3283795a1f62e9c35745879e0ca5b3518df04a9053f7db54b8327f9bdd10084,1,4.0,902.0
1,hpa-mmpp-606-44b1c53a,000177,119.366487,2026-08-31T20:40:50.867+00:00,2026-08-31T20:40:47.011+00:00,2026-08-31T20:40:47.018+00:00,2026-08-31T20:40:47.018+00:00,2026-08-31T20:40:49.027+00:00,2026-08-31T20:40:49.027+00:00,0.81256,2.0082512900007714,sqs-worker-5986dcd897-qtpf4,ip-192-168-20-201.ec2.internal,677b8a9b992c83b0e755e6424b7f776214e138efdb6503e6d4c83d9c06997d9b,1,7.0,2016.0
1,hpa-mmpp-606-44b1c53a,000174,118.513134,2026-08-31T20:40:50.014+00:00,2026-08-31T20:40:46.155+00:00,2026-08-31T20:40:46.160+00:00,2026-08-31T20:40:46.160+00:00,2026-08-31T20:40:46.829+00:00,2026-08-31T20:40:46.829+00:00,0.283281,0.6692615529991599,sqs-worker-5986dcd897-qtpf4,ip-192-168-20-201.ec2.internal,3407be7b6740e7df89efa31420e1192d5b8406e3e87da724ac07b259baff1cfb,1,5.0,674.0
1,hpa-mmpp-606-44b1c53a,000179,126.718609,2026-08-31T20:40:58.225+00:00,2026-08-31T20:40:54.369+00:00,2026-08-31T20:40:54.373+00:00,2026-08-31T20:40:54.373+00:00,2026-08-31T20:40:54.490+00:00,2026-08-31T20:40:54.490+00:00,0.051498,0.11651691500082961,sqs-worker-5986dcd897-x8rdl,ip-192-168-20-201.ec2.internal,308c995e480addf4d16cb6e447b7a5c0addabb487fda1dcd1afb54de823b73d0,1,4.0,121.0
1,hpa-mmpp-606-44b1c53a,000180,129.780212,2026-08-31T20:41:01.283+00:00,2026-08-31T20:40:57.432+00:00,2026-08-31T20:40:57.436+00:00,2026-08-31T20:40:57.436+00:00,2026-08-31T20:40:57.631+00:00,2026-08-31T20:40:57.631+00:00,0.084006,0.19477986600031727,sqs-worker-5986dcd897-qtpf4,ip-192-168-20-201.ec2.internal,b178326a9177630ea326f5b1ff2b7e486db89f33df5f323a4f1ac2977b7c4943,1,4.0,199.0
1,hpa-mmpp-606-44b1c53a,000183,131.159641,2026-08-31T20:41:02.659+00:00,2026-08-31T20:40:58.806+00:00,2026-08-31T20:40:58.811+00:00,2026-08-31T20:40:58.811+00:00,2026-08-31T20:40:59.152+00:00,2026-08-31T20:40:59.152+00:00,0.160397,0.34101074099999096,sqs-worker-5986dcd897-qtpf4,ip-192-168-20-201.ec2.internal,d18a990232d7ad850f393f6e6f85947347fef2bd193fb102c2e9a4a8fc777c9e,1,5.0,346.0
1,hpa-mmpp-606-44b1c53a,000181,131.065403,2026-08-31T20:41:02.565+00:00,2026-08-31T20:40:58.711+00:00,2026-08-31T20:40:58.715+00:00,2026-08-31T20:40:58.715+00:00,2026-08-31T20:40:59.221+00:00,2026-08-31T20:40:59.221+00:00,0.234734,0.5061008789998596,sqs-worker-5986dcd897-x8rdl,ip-192-168-20-201.ec2.internal,308492fe987a238a7ff154ee7880ed5e365dc380bfc9c9995fa7a2588ee5b2bd,1,4.0,510.0
1,hpa-mmpp-606-44b1c53a,000186,132.083248,2026-08-31T20:41:03.583+00:00,2026-08-31T20:40:59.727+00:00,2026-08-31T20:40:59.730+00:00,2026-08-31T20:40:59.731+00:00,2026-08-31T20:40:59.764+00:00,2026-08-31T20:40:59.764+00:00,0.026652,0.03384924100100761,sqs-worker-5986dcd897-qtpf4,ip-192-168-20-201.ec2.internal,ec481a3f0a616beb19f3800bd09d3a7e71c6ee824c00834fd6a85144e7b0454d,1,3.0,37.0
1,hpa-mmpp-606-44b1c53a,000182,131.10331,2026-08-31T20:41:02.603+00:00,2026-08-31T20:40:58.747+00:00,2026-08-31T20:40:58.751+00:00,2026-08-31T20:40:58.751+00:00,2026-08-31T20:41:00.038+00:00,2026-08-31T20:41:00.038+00:00,0.350091,1.2870968880015425,sqs-worker-5986dcd897-wkxw9,ip-192-168-20-201.ec2.internal,1235900116b38583e057d0e5da5236d6540ce5e71333ebd064e94a8fd3316f10,1,4.0,1291.0
1,hpa-mmpp-606-44b1c53a,000187,132.149236,2026-08-31T20:41:03.649+00:00,2026-08-31T20:40:59.793+00:00,2026-08-31T20:40:59.797+00:00,2026-08-31T20:40:59.797+00:00,2026-08-31T20:41:00.073+00:00,2026-08-31T20:41:00.074+00:00,0.126267,0.276297111000531,sqs-worker-5986dcd897-qtpf4,ip-192-168-20-201.ec2.internal,0c2022b6ff61a7f18d74cc013c19af460a5c9aad9f24cb6695e4f4327bb504d2,1,4.0,280.0
1,hpa-mmpp-606-44b1c53a,000189,132.599193,2026-08-31T20:41:04.099+00:00,2026-08-31T20:41:00.242+00:00,2026-08-31T20:41:00.246+00:00,2026-08-31T20:41:00.246+00:00,2026-08-31T20:41:00.689+00:00,2026-08-31T20:41:00.689+00:00,0.198997,0.4428152759992372,sqs-worker-5986dcd897-qtpf4,ip-192-168-20-201.ec2.internal,d8dcc5263fe1f9aa2182433bbc8e521dc30b844db65342f59fa3471d8ae9c324,1,4.0,447.0
1,hpa-mmpp-606-44b1c53a,000185,131.896608,2026-08-31T20:41:03.397+00:00,2026-08-31T20:40:59.538+00:00,2026-08-31T20:40:59.542+00:00,2026-08-31T20:40:59.542+00:00,2026-08-31T20:41:00.978+00:00,2026-08-31T20:41:00.978+00:00,0.331441,1.4359571780005354,sqs-worker-5986dcd897-x8rdl,ip-192-168-20-201.ec2.internal,9c3ed6b564a4c06d60b747e094aca207ab8fa460add94af78ff037c93a71cb3a,1,4.0,1440.0
1,hpa-mmpp-606-44b1c53a,000184,131.327586,2026-08-31T20:41:02.827+00:00,2026-08-31T20:40:58.974+00:00,2026-08-31T20:40:58.978+00:00,2026-08-31T20:40:58.978+00:00,2026-08-31T20:41:01.066+00:00,2026-08-31T20:41:01.066+00:00,0.861075,2.088668759999564,sqs-worker-5986dcd897-lrz7s,ip-192-168-20-201.ec2.internal,22d060b7221e6f129e14232c76ffd3815e886fdcb924e184a5086e3da5725ba1,1,4.0,2092.0
1,hpa-mmpp-606-44b1c53a,000192,132.973507,2026-08-31T20:41:04.473+00:00,2026-08-31T20:41:00.624+00:00,2026-08-31T20:41:01.267+00:00,2026-08-31T20:41:01.267+00:00,2026-08-31T20:41:01.272+00:00,2026-08-31T20:41:01.272+00:00,0.005,0.005345858999135089,sqs-worker-5986dcd897-lrz7s,ip-192-168-20-201.ec2.internal,e22df625ba3e9566f03c44e491fd1a96c509771499d8844558062e72dad52ad1,1,643.0,648.0
1,hpa-mmpp-606-44b1c53a,000195,133.679015,2026-08-31T20:41:05.179+00:00,2026-08-31T20:41:01.318+00:00,2026-08-31T20:41:01.768+00:00,2026-08-31T20:41:01.768+00:00,2026-08-31T20:41:01.960+00:00,2026-08-31T20:41:01.960+00:00,0.084599,0.192070770999635,sqs-worker-5986dcd897-lrz7s,ip-192-168-20-201.ec2.internal,d8eef6751614b6bedc4a540e2a21b982a8022d05bae6a36bc6d089d2b01f5ac8,1,450.0,642.0
1,hpa-mmpp-606-44b1c53a,000194,133.581589,2026-08-31T20:41:05.081+00:00,2026-08-31T20:41:01.229+00:00,2026-08-31T20:41:01.316+00:00,2026-08-31T20:41:01.316+00:00,2026-08-31T20:41:01.735+00:00,2026-08-31T20:41:01.735+00:00,0.179786,0.4189034199989692,sqs-worker-5986dcd897-lrz7s,ip-192-168-20-201.ec2.internal,8665e5ec5afcbf17422167e40f96c54f3dcf03d06695763496d87e2cd56d32f6,1,87.0,506.0
1,hpa-mmpp-606-44b1c53a,000188,132.273904,2026-08-31T20:41:03.774+00:00,2026-08-31T20:40:59.915+00:00,2026-08-31T20:41:00.127+00:00,2026-08-31T20:41:00.127+00:00,2026-08-31T20:41:02.650+00:00,2026-08-31T20:41:02.650+00:00,0.53082,2.5232120889995713,sqs-worker-5986dcd897-wkxw9,ip-192-168-20-201.ec2.internal,f21c3de452283a6ba2983eda6863430929a5faf1ff864be4f939af5684c282eb,1,212.0,2735.0
1,hpa-mmpp-606-44b1c53a,000193,133.270515,2026-08-31T20:41:04.770+00:00,2026-08-31T20:41:00.917+00:00,2026-08-31T20:41:01.046+00:00,2026-08-31T20:41:01.046+00:00,2026-08-31T20:41:02.705+00:00,2026-08-31T20:41:02.705+00:00,0.338554,1.6586746539996966,sqs-worker-5986dcd897-x8rdl,ip-192-168-20-201.ec2.internal,b23808b399e08c8a4fcee59e1355c9e069c4a6ae988cb444f65a980f648ccec0,1,129.0,1788.0
1,hpa-mmpp-606-44b1c53a,000191,132.699805,2026-08-31T20:41:04.199+00:00,2026-08-31T20:41:00.350+00:00,2026-08-31T20:41:01.117+00:00,2026-08-31T20:41:01.118+00:00,2026-08-31T20:41:01.233+00:00,2026-08-31T20:41:01.233+00:00,0.057089,0.11507652000000235,sqs-worker-5986dcd897-lrz7s,ip-192-168-20-201.ec2.internal,269ed270a925fdf8bdae2382d1dfa01b720f2b0bc4c9878ad951320940be7308,1,767.0,883.0
1,hpa-mmpp-606-44b1c53a,000197,134.5181,2026-08-31T20:41:06.018+00:00,2026-08-31T20:41:02.160+00:00,2026-08-31T20:41:02.545+00:00,2026-08-31T20:41:02.545+00:00,2026-08-31T20:41:02.550+00:00,2026-08-31T20:41:02.550+00:00,0.005,0.005060774999947171,sqs-worker-5986dcd897-lrz7s,ip-192-168-20-201.ec2.internal,575220b52cba8d18c2d2ae571c3b191ebb2c475b9a986bc7a20c6d854667da88,1,385.0,390.0
1,hpa-mmpp-606-44b1c53a,000198,135.516246,2026-08-31T20:41:07.017+00:00,2026-08-31T20:41:03.164+00:00,2026-08-31T20:41:03.168+00:00,2026-08-31T20:41:03.169+00:00,2026-08-31T20:41:03.185+00:00,2026-08-31T20:41:03.185+00:00,0.016572,0.016611168000963517,sqs-worker-5986dcd897-x8rdl,ip-192-168-20-201.ec2.internal,ffc66366bd8e0a97b6fcb598a72b18b0ac8aac7dd3f2678e3386286370214434,1,4.0,21.0
1,hpa-mmpp-606-44b1c53a,000190,132.662068,2026-08-31T20:41:04.162+00:00,2026-08-31T20:41:00.305+00:00,2026-08-31T20:41:00.755+00:00,2026-08-31T20:41:00.755+00:00,2026-08-31T20:41:02.747+00:00,2026-08-31T20:41:02.747+00:00,0.81804,1.9924101659998996,sqs-worker-5986dcd897-qtpf4,ip-192-168-20-201.ec2.internal,fec655c38ef7fa8db8bacab0a1388d14d2fe545458dc4b2a96f2c025a711f6f4,1,450.0,2442.0
1,hpa-mmpp-606-44b1c53a,000196,134.290562,2026-08-31T20:41:05.791+00:00,2026-08-31T20:41:01.933+00:00,2026-08-31T20:41:01.985+00:00,2026-08-31T20:41:01.985+00:00,2026-08-31T20:41:02.529+00:00,2026-08-31T20:41:02.529+00:00,0.218535,0.5440829569997732,sqs-worker-5986dcd897-lrz7s,ip-192-168-20-201.ec2.internal,f35b054b7b599d03f955ee7ca3d9d9a49b2c7239e99266bf88dde32e1ab1864a,1,52.0,596.0
1,hpa-mmpp-606-44b1c53a,000200,138.298619,2026-08-31T20:41:09.799+00:00,2026-08-31T20:41:05.941+00:00,2026-08-31T20:41:05.945+00:00,2026-08-31T20:41:05.945+00:00,2026-08-31T20:41:05.963+00:00,2026-08-31T20:41:05.963+00:00,0.015329,0.017566287999216,sqs-worker-5986dcd897-qtpf4,ip-192-168-20-201.ec2.internal,9eb73d698facd30a01f260999d05eb0d44cf1c133c422c4ad4e0699dfc8e59b1,1,4.0,22.0
1,hpa-mmpp-606-44b1c53a,000202,138.46031,2026-08-31T20:41:09.960+00:00,2026-08-31T20:41:06.103+00:00,2026-08-31T20:41:06.107+00:00,2026-08-31T20:41:06.107+00:00,2026-08-31T20:41:06.154+00:00,2026-08-31T20:41:06.154+00:00,0.037403,0.04768198799865786,sqs-worker-5986dcd897-qtpf4,ip-192-168-20-201.ec2.internal,e3b989c22ffa93f14d4897d6b241d33bab84e215d812c35d387778885b2b798a,1,4.0,51.0
1,hpa-mmpp-606-44b1c53a,000199,137.671354,2026-08-31T20:41:09.173+00:00,2026-08-31T20:41:05.335+00:00,2026-08-31T20:41:05.343+00:00,2026-08-31T20:41:05.343+00:00,2026-08-31T20:41:06.444+00:00,2026-08-31T20:41:06.444+00:00,0.248582,1.101084321999224,sqs-worker-5986dcd897-lrz7s,ip-192-168-20-201.ec2.internal,f0cd806b7f863df309c9618fe7192b5303e3ab5142919fc85acd73ccbb65b276,1,8.0,1109.0
1,hpa-mmpp-606-44b1c53a,000205,138.621316,2026-08-31T20:41:10.121+00:00,2026-08-31T20:41:06.263+00:00,2026-08-31T20:41:06.470+00:00,2026-08-31T20:41:06.470+00:00,2026-08-31T20:41:06.831+00:00,2026-08-31T20:41:06.831+00:00,0.145196,0.36106148500039126,sqs-worker-5986dcd897-lrz7s,ip-192-168-20-201.ec2.internal,c9827a0f0935bc994c892920be71541688aaf3fad249a0caeedf8451bd0e5695,1,207.0,568.0
1,hpa-mmpp-606-44b1c53a,000204,138.487559,2026-08-31T20:41:09.987+00:00,2026-08-31T20:41:06.126+00:00,2026-08-31T20:41:06.182+00:00,2026-08-31T20:41:06.182+00:00,2026-08-31T20:41:06.932+00:00,2026-08-31T20:41:06.932+00:00,0.304682,0.7502024249988608,sqs-worker-5986dcd897-qtpf4,ip-192-168-20-201.ec2.internal,29712b8ca8057b708438f6a8ea0dc47179f05ff4fcc28e173050113003ae7298,1,56.0,806.0
1,hpa-mmpp-606-44b1c53a,000201,138.335449,2026-08-31T20:41:09.835+00:00,2026-08-31T20:41:05.980+00:00,2026-08-31T20:41:05.984+00:00,2026-08-31T20:41:05.984+00:00,2026-08-31T20:41:07.096+00:00,2026-08-31T20:41:07.096+00:00,0.46553,1.1117765790004341,sqs-worker-5986dcd897-wkxw9,ip-192-168-20-201.ec2.internal,06b622132bcf254b211f80a7088eba658499e9d1deac0d03b940d3640abef456,1,4.0,1116.0
1,hpa-mmpp-606-44b1c53a,000206,139.194144,2026-08-31T20:41:10.694+00:00,2026-08-31T20:41:06.851+00:00,2026-08-31T20:41:06.855+00:00,2026-08-31T20:41:06.855+00:00,2026-08-31T20:41:07.328+00:00,2026-08-31T20:41:07.328+00:00,0.190463,0.4733235160001641,sqs-worker-5986dcd897-lrz7s,ip-192-168-20-201.ec2.internal,016f6aa2a41bd6aef0f4351894c094adfb6cb72b472159f05e265aeda8d7f172,1,4.0,477.0
1,hpa-mmpp-606-44b1c53a,000208,139.671499,2026-08-31T20:41:11.171+00:00,2026-08-31T20:41:07.312+00:00,2026-08-31T20:41:07.317+00:00,2026-08-31T20:41:07.317+00:00,2026-08-31T20:41:07.381+00:00,2026-08-31T20:41:07.381+00:00,0.048803,0.06383260000075097,sqs-worker-5986dcd897-wkxw9,ip-192-168-20-201.ec2.internal,60bc3fa0fbc4d5eab599b830860a92222ec21293299587cd692599bff75fc80b,1,5.0,69.0
1,hpa-mmpp-606-44b1c53a,000207,139.454793,2026-08-31T20:41:10.955+00:00,2026-08-31T20:41:07.094+00:00,2026-08-31T20:41:07.098+00:00,2026-08-31T20:41:07.098+00:00,2026-08-31T20:41:08.021+00:00,2026-08-31T20:41:08.021+00:00,0.397992,0.9227853560005315,sqs-worker-5986dcd897-x8rdl,ip-192-168-20-201.ec2.internal,56b349e8c2744a893fecbfd8ca2f4f1a20e2e6ba73f0f100635a62138087de4b,1,4.0,927.0
1,hpa-mmpp-606-44b1c53a,000209,139.700813,2026-08-31T20:41:11.200+00:00,2026-08-31T20:41:07.340+00:00,2026-08-31T20:41:07.345+00:00,2026-08-31T20:41:07.345+00:00,2026-08-31T20:41:08.163+00:00,2026-08-31T20:41:08.163+00:00,0.357446,0.8184780869996757,sqs-worker-5986dcd897-qtpf4,ip-192-168-20-201.ec2.internal,e1da4f40caa3baf28819d5fff560ab2a07334845946dccd4982c9c7039e0ec38,1,5.0,823.0
1,hpa-mmpp-606-44b1c53a,000203,138.470824,2026-08-31T20:41:09.970+00:00,2026-08-31T20:41:06.112+00:00,2026-08-31T20:41:06.116+00:00,2026-08-31T20:41:06.116+00:00,2026-08-31T20:41:06.712+00:00,2026-08-31T20:41:06.712+00:00,0.26911,0.5962728059985238,sqs-worker-5986dcd897-x8rdl,ip-192-168-20-201.ec2.internal,dc6936980a1fb2b9cb06945efb6290bf6297fd4c2df22dbb8c4571f20dcd613c,1,4.0,600.0
1,hpa-mmpp-606-44b1c53a,000210,142.013729,2026-08-31T20:41:13.516+00:00,2026-08-31T20:41:09.656+00:00,2026-08-31T20:41:09.660+00:00,2026-08-31T20:41:09.660+00:00,2026-08-31T20:41:10.491+00:00,2026-08-31T20:41:10.491+00:00,0.164574,0.8314508469993598,sqs-worker-5986dcd897-x8rdl,ip-192-168-20-201.ec2.internal,4b0c6f76f08ffd56a59b689cdb43ac387f73d13057e3c7eb7a3cec3247f355e0,1,4.0,835.0
1,hpa-mmpp-606-44b1c53a,000211,142.102416,2026-08-31T20:41:13.602+00:00,2026-08-31T20:41:09.744+00:00,2026-08-31T20:41:09.750+00:00,2026-08-31T20:41:09.750+00:00,2026-08-31T20:41:10.633+00:00,2026-08-31T20:41:10.633+00:00,0.1548,0.8833394760004012,sqs-worker-5986dcd897-wkxw9,ip-192-168-20-201.ec2.internal,193db63c284a61f84dd2eb5a52d6ddfb2f865ad98afa43e2e859328e8f149e3c,1,6.0,889.0
1,hpa-mmpp-606-44b1c53a,000212,150.619138,2026-08-31T20:41:22.127+00:00,2026-08-31T20:41:18.268+00:00,2026-08-31T20:41:18.285+00:00,2026-08-31T20:41:18.285+00:00,2026-08-31T20:41:18.449+00:00,2026-08-31T20:41:18.449+00:00,0.083076,0.16412849400148843,sqs-worker-5986dcd897-lrz7s,ip-192-168-20-201.ec2.internal,e683a6cb476fc37e681f3d7fedaf6c167024d6fe4b79d187ab4645fa81b09d95,1,17.0,181.0
1,hpa-mmpp-606-44b1c53a,000213,151.018337,2026-08-31T20:41:22.518+00:00,2026-08-31T20:41:18.659+00:00,2026-08-31T20:41:18.665+00:00,2026-08-31T20:41:18.665+00:00,2026-08-31T20:41:18.982+00:00,2026-08-31T20:41:18.982+00:00,0.141631,0.31665164600053686,sqs-worker-5986dcd897-wkxw9,ip-192-168-20-201.ec2.internal,2ea298672efd8ce5262cb0d3afe4de10dfaf923fefa52ea68eafae6aa89d4d30,1,6.0,323.0
1,hpa-mmpp-606-44b1c53a,000214,151.415716,2026-08-31T20:41:22.916+00:00,2026-08-31T20:41:19.057+00:00,2026-08-31T20:41:19.062+00:00,2026-08-31T20:41:19.062+00:00,2026-08-31T20:41:19.170+00:00,2026-08-31T20:41:19.170+00:00,0.064298,0.108865729000172,sqs-worker-5986dcd897-lrz7s,ip-192-168-20-201.ec2.internal,132b8c8e861a0a1d58a7e79df29918463630cf5e7645d445ed48779c0271aae6,1,5.0,113.0
1,hpa-mmpp-606-44b1c53a,000217,151.887692,2026-08-31T20:41:23.387+00:00,2026-08-31T20:41:19.533+00:00,2026-08-31T20:41:19.542+00:00,2026-08-31T20:41:19.542+00:00,2026-08-31T20:41:19.613+00:00,2026-08-31T20:41:19.613+00:00,0.050067,0.07072858100036683,sqs-worker-5986dcd897-x8rdl,ip-192-168-20-201.ec2.internal,5c2c1c998fa9f1d2e25b40decd43784c784a74fea11949b4a11129ed764e608c,1,9.0,80.0
1,hpa-mmpp-606-44b1c53a,000216,151.809382,2026-08-31T20:41:23.309+00:00,2026-08-31T20:41:19.449+00:00,2026-08-31T20:41:19.455+00:00,2026-08-31T20:41:19.455+00:00,2026-08-31T20:41:19.502+00:00,2026-08-31T20:41:19.502+00:00,0.04458,0.04725966699879791,sqs-worker-5986dcd897-x8rdl,ip-192-168-20-201.ec2.internal,ab40e0e22c904c2e0eabf42a9179dd6064446a482ccf4df5c372f341f8beabae,1,6.0,53.0
1,hpa-mmpp-606-44b1c53a,000218,151.97053,2026-08-31T20:41:23.470+00:00,2026-08-31T20:41:19.613+00:00,2026-08-31T20:41:19.616+00:00,2026-08-31T20:41:19.616+00:00,2026-08-31T20:41:19.626+00:00,2026-08-31T20:41:19.626+00:00,0.009589,0.009921995999320643,sqs-worker-5986dcd897-qtpf4,ip-192-168-20-201.ec2.internal,d9229bd8c49c7d724a248a838691dd2ec8a59a0418f5b4f499478ed79bfab96d,1,3.0,13.0
1,hpa-mmpp-606-44b1c53a,000221,152.712812,2026-08-31T20:41:24.212+00:00,2026-08-31T20:41:20.354+00:00,2026-08-31T20:41:20.357+00:00,2026-08-31T20:41:20.357+00:00,2026-08-31T20:41:20.453+00:00,2026-08-31T20:41:20.453+00:00,0.046704,0.09572435299924109,sqs-worker-5986dcd897-lrz7s,ip-192-168-20-201.ec2.internal,86c5ec79897083e8b317d466736f73f67a926fb42f18b11188d284bf10c56413,1,3.0,99.0
1,hpa-mmpp-606-44b1c53a,000220,152.44256,2026-08-31T20:41:23.942+00:00,2026-08-31T20:41:20.083+00:00,2026-08-31T20:41:20.095+00:00,2026-08-31T20:41:20.095+00:00,2026-08-31T20:41:20.253+00:00,2026-08-31T20:41:20.253+00:00,0.091125,0.15830310700039263,sqs-worker-5986dcd897-qtpf4,ip-192-168-20-201.ec2.internal,93a55eeb235bab14c5a492497ab01ee6fc96e2ae3c10446ab81865c8e5062515,1,12.0,170.0
1,hpa-mmpp-606-44b1c53a,000215,151.784142,2026-08-31T20:41:23.284+00:00,2026-08-31T20:41:19.425+00:00,2026-08-31T20:41:19.428+00:00,2026-08-31T20:41:19.428+00:00,2026-08-31T20:41:21.033+00:00,2026-08-31T20:41:21.033+00:00,0.281173,1.6047525080011837,sqs-worker-5986dcd897-wkxw9,ip-192-168-20-201.ec2.internal,6c71d1cc31617a35eec37067205d3583003e2716b549438771ae38d28b59adb2,1,3.0,1608.0
1,hpa-mmpp-606-44b1c53a,000219,152.161026,2026-08-31T20:41:23.661+00:00,2026-08-31T20:41:19.804+00:00,2026-08-31T20:41:19.809+00:00,2026-08-31T20:41:19.809+00:00,2026-08-31T20:41:20.975+00:00,2026-08-31T20:41:20.975+00:00,0.217737,1.1657656320003298,sqs-worker-5986dcd897-x8rdl,ip-192-168-20-201.ec2.internal,51eb5af2d29ef42cde16bba9f288ed445fcc373f27f67554447f697ee00b22a5,1,5.0,1171.0
1,hpa-mmpp-606-44b1c53a,000222,153.403456,2026-08-31T20:41:24.902+00:00,2026-08-31T20:41:21.043+00:00,2026-08-31T20:41:21.054+00:00,2026-08-31T20:41:21.054+00:00,2026-08-31T20:41:21.831+00:00,2026-08-31T20:41:21.831+00:00,0.325479,0.7773035000009259,sqs-worker-5986dcd897-qtpf4,ip-192-168-20-201.ec2.internal,4d4a88e246455aaf53bca20ff88ff18de38599ff60eee5924b40bebdb3f7405e,1,11.0,788.0
1,hpa-mmpp-606-44b1c53a,000223,153.632684,2026-08-31T20:41:25.131+00:00,2026-08-31T20:41:21.278+00:00,2026-08-31T20:41:21.282+00:00,2026-08-31T20:41:21.282+00:00,2026-08-31T20:41:22.536+00:00,2026-08-31T20:41:22.536+00:00,0.359164,1.253987275000327,sqs-worker-5986dcd897-wkxw9,ip-192-168-20-201.ec2.internal,f769a7f0ebd3d8736016982f1c64a60274034f6d5a40808e94ad7e2accef774c,1,4.0,1258.0
1,hpa-mmpp-606-44b1c53a,000227,155.123578,2026-08-31T20:41:26.622+00:00,2026-08-31T20:41:22.766+00:00,2026-08-31T20:41:22.769+00:00,2026-08-31T20:41:22.769+00:00,2026-08-31T20:41:22.860+00:00,2026-08-31T20:41:22.860+00:00,0.052491,0.09064817000034964,sqs-worker-5986dcd897-lrz7s,ip-192-168-20-201.ec2.internal,2ea49525eed07987b21cb08e6656de25f3abd574b86bb758b5ceab7173bfe132,1,3.0,94.0
1,hpa-mmpp-606-44b1c53a,000229,155.375259,2026-08-31T20:41:26.873+00:00,2026-08-31T20:41:23.014+00:00,2026-08-31T20:41:23.018+00:00,2026-08-31T20:41:23.018+00:00,2026-08-31T20:41:23.032+00:00,2026-08-31T20:41:23.032+00:00,0.014797,0.014859217999401153,sqs-worker-5986dcd897-qtpf4,ip-192-168-20-201.ec2.internal,f660e304481ba3b6d13d5270cf8c96eefadfe96543b5502ae99d3e579eaa9571,1,4.0,18.0
1,hpa-mmpp-606-44b1c53a,000228,155.318162,2026-08-31T20:41:26.816+00:00,2026-08-31T20:41:22.959+00:00,2026-08-31T20:41:22.964+00:00,2026-08-31T20:41:22.964+00:00,2026-08-31T20:41:23.529+00:00,2026-08-31T20:41:23.529+00:00,0.242105,0.5649872290014173,sqs-worker-5986dcd897-wkxw9,ip-192-168-20-201.ec2.internal,73dae382a196f1b1195ea54df56aecc825c35f809a055b721b8c22fc45c3a917,1,5.0,570.0
1,hpa-mmpp-606-44b1c53a,000230,155.437539,2026-08-31T20:41:26.935+00:00,2026-08-31T20:41:23.076+00:00,2026-08-31T20:41:23.080+00:00,2026-08-31T20:41:23.080+00:00,2026-08-31T20:41:23.460+00:00,2026-08-31T20:41:23.460+00:00,0.176524,0.3801777539993054,sqs-worker-5986dcd897-qtpf4,ip-192-168-20-201.ec2.internal,8fdeb57b6b803e8e4e3f4bad9835b19044a709dfeca84326795df6b09b26bd0b,1,4.0,384.0
1,hpa-mmpp-606-44b1c53a,000226,154.882476,2026-08-31T20:41:26.380+00:00,2026-08-31T20:41:22.527+00:00,2026-08-31T20:41:22.531+00:00,2026-08-31T20:41:22.531+00:00,2026-08-31T20:41:22.579+00:00,2026-08-31T20:41:22.579+00:00,0.027549,0.047629248998418916,sqs-worker-5986dcd897-lrz7s,ip-192-168-20-201.ec2.internal,5228235b4fe3069f82afad39dbe49348b1ea0cd27ff97954b0075fcdf28a8c64,1,4.0,52.0
1,hpa-mmpp-606-44b1c53a,000224,154.585991,2026-08-31T20:41:26.085+00:00,2026-08-31T20:41:22.232+00:00,2026-08-31T20:41:22.236+00:00,2026-08-31T20:41:22.236+00:00,2026-08-31T20:41:22.849+00:00,2026-08-31T20:41:22.849+00:00,0.263403,0.6135063059991808,sqs-worker-5986dcd897-qtpf4,ip-192-168-20-201.ec2.internal,0aff6ce4f319b4662fec30d51ae34ce2f9c51b58e6d19f603800f7698412d52c,1,4.0,617.0
1,hpa-mmpp-606-44b1c53a,000231,156.037964,2026-08-31T20:41:27.536+00:00,2026-08-31T20:41:23.676+00:00,2026-08-31T20:41:23.680+00:00,2026-08-31T20:41:23.680+00:00,2026-08-31T20:41:24.076+00:00,2026-08-31T20:41:24.076+00:00,0.160761,0.39571404100024665,sqs-worker-5986dcd897-x8rdl,ip-192-168-20-201.ec2.internal,a896f9ad884b9ae291c6996377c38def910f546bf2846316e9ecf9e588daeca4,1,4.0,400.0
1,hpa-mmpp-606-44b1c53a,000233,156.737997,2026-08-31T20:41:28.236+00:00,2026-08-31T20:41:24.378+00:00,2026-08-31T20:41:24.381+00:00,2026-08-31T20:41:24.381+00:00,2026-08-31T20:41:24.619+00:00,2026-08-31T20:41:24.619+00:00,0.115747,0.23819456399905903,sqs-worker-5986dcd897-wkxw9,ip-192-168-20-201.ec2.internal,b269c4d5a795ab6f563e077dc1b1308b69be52100281029f583fbd2727481a6a,1,3.0,241.0
1,hpa-mmpp-606-44b1c53a,000232,156.467172,2026-08-31T20:41:27.965+00:00,2026-08-31T20:41:24.112+00:00,2026-08-31T20:41:24.116+00:00,2026-08-31T20:41:24.116+00:00,2026-08-31T20:41:24.650+00:00,2026-08-31T20:41:24.650+00:00,0.157882,0.534241398998347,sqs-worker-5986dcd897-lrz7s,ip-192-168-20-201.ec2.internal,d92f659abfa653f204964944bc66507df64598fca2d0dc647f6b05cec9783e6e,1,4.0,538.0
1,hpa-mmpp-606-44b1c53a,000235,157.253618,2026-08-31T20:41:28.752+00:00,2026-08-31T20:41:24.898+00:00,2026-08-31T20:41:24.902+00:00,2026-08-31T20:41:24.903+00:00,2026-08-31T20:41:24.909+00:00,2026-08-31T20:41:24.909+00:00,0.005,0.006148058000690071,sqs-worker-5986dcd897-wkxw9,ip-192-168-20-201.ec2.internal,b6dc6743cbb36754edbf279f44e4d0b5a2a5086460ac811b368f7b8aa19bfdc3,1,4.0,11.0
1,hpa-mmpp-606-44b1c53a,000225,154.874259,2026-08-31T20:41:26.372+00:00,2026-08-31T20:41:22.517+00:00,2026-08-31T20:41:22.522+00:00,2026-08-31T20:41:22.522+00:00,2026-08-31T20:41:23.409+00:00,2026-08-31T20:41:23.409+00:00,0.384768,0.8876387450000038,sqs-worker-5986dcd897-x8rdl,ip-192-168-20-201.ec2.internal,41ddbe8d119f8315229116e6a7429f7a52ff94b62cf85c0a4f92c02351f5605a,1,5.0,892.0
1,hpa-mmpp-606-44b1c53a,000234,156.833085,2026-08-31T20:41:28.331+00:00,2026-08-31T20:41:24.476+00:00,2026-08-31T20:41:24.479+00:00,2026-08-31T20:41:24.480+00:00,2026-08-31T20:41:25.088+00:00,2026-08-31T20:41:25.088+00:00,0.253264,0.6084269859984488,sqs-worker-5986dcd897-x8rdl,ip-192-168-20-201.ec2.internal,c221c8e9d9ac84836ebf71036e8f38ab128deb679f39d04226263002a5787146,1,3.0,612.0
1,hpa-mmpp-606-44b1c53a,000238,157.561609,2026-08-31T20:41:29.059+00:00,2026-08-31T20:41:25.203+00:00,2026-08-31T20:41:25.207+00:00,2026-08-31T20:41:25.207+00:00,2026-08-31T20:41:25.257+00:00,2026-08-31T20:41:25.257+00:00,0.022773,0.05043396799919719,sqs-worker-5986dcd897-qtpf4,ip-192-168-20-201.ec2.internal,46e682a1141e9ad73b3670d0fac1856dfe97f17b1ee65f18e4fbbf5b39e24022,1,4.0,54.0
1,hpa-mmpp-606-44b1c53a,000240,158.125372,2026-08-31T20:41:29.623+00:00,2026-08-31T20:41:25.768+00:00,2026-08-31T20:41:25.772+00:00,2026-08-31T20:41:25.772+00:00,2026-08-31T20:41:25.923+00:00,2026-08-31T20:41:25.923+00:00,0.025457,0.15078691200142202,sqs-worker-5986dcd897-lrz7s,ip-192-168-20-201.ec2.internal,7c4b0995529df36d842fd852dcfd2c87052a1adf601476da7d7bd8cc25fbd5f3,1,4.0,155.0
1,hpa-mmpp-606-44b1c53a,000239,157.976511,2026-08-31T20:41:29.475+00:00,2026-08-31T20:41:25.631+00:00,2026-08-31T20:41:25.635+00:00,2026-08-31T20:41:25.635+00:00,2026-08-31T20:41:26.209+00:00,2026-08-31T20:41:26.209+00:00,0.25997,0.5745128559992736,sqs-worker-5986dcd897-x8rdl,ip-192-168-20-201.ec2.internal,7fb52189b793d87820a005492fa3e69440d5b568cd54ac80e67fdd809880a6af,1,4.0,578.0
1,hpa-mmpp-606-44b1c53a,000236,157.254917,2026-08-31T20:41:28.753+00:00,2026-08-31T20:41:24.898+00:00,2026-08-31T20:41:24.903+00:00,2026-08-31T20:41:24.903+00:00,2026-08-31T20:41:25.549+00:00,2026-08-31T20:41:25.549+00:00,0.125536,0.6454144929994072,sqs-worker-5986dcd897-lrz7s,ip-192-168-20-201.ec2.internal,015d5eb13eb1c25e99523b8b9639a50e49aaf38a45b93877cdbf5a337c99383f,1,5.0,651.0
1,hpa-mmpp-606-44b1c53a,000237,157.514809,2026-08-31T20:41:29.013+00:00,2026-08-31T20:41:25.163+00:00,2026-08-31T20:41:25.167+00:00,2026-08-31T20:41:25.167+00:00,2026-08-31T20:41:25.793+00:00,2026-08-31T20:41:25.793+00:00,0.269348,0.6260990829996445,sqs-worker-5986dcd897-wkxw9,ip-192-168-20-201.ec2.internal,97ca4642657b9c80ebbb99c20221cf806ab10a0692f845c1e7a9c46e39f64401,1,4.0,630.0
1,hpa-mmpp-606-44b1c53a,000241,158.331372,2026-08-31T20:41:29.829+00:00,2026-08-31T20:41:25.970+00:00,2026-08-31T20:41:25.975+00:00,2026-08-31T20:41:25.975+00:00,2026-08-31T20:41:26.506+00:00,2026-08-31T20:41:26.506+00:00,0.236168,0.5314816819991393,sqs-worker-5986dcd897-wkxw9,ip-192-168-20-201.ec2.internal,a2c9f9bab6239c1fcfabd8ef963e2484de2fffcb8e7d93fb999887cd1f50f48c,1,5.0,536.0
1,hpa-mmpp-606-44b1c53a,000242,158.757125,2026-08-31T20:41:30.255+00:00,2026-08-31T20:41:26.396+00:00,2026-08-31T20:41:26.400+00:00,2026-08-31T20:41:26.401+00:00,2026-08-31T20:41:26.501+00:00,2026-08-31T20:41:26.501+00:00,0.058444,0.10079048900115595,sqs-worker-5986dcd897-x8rdl,ip-192-168-20-201.ec2.internal,292ea2e6b9b225be950a8eada3ebbb444b6fb0ff7e09999d0bb9bf227c797f9a,1,4.0,105.0
1,hpa-mmpp-606-44b1c53a,000243,162.020147,2026-08-31T20:41:33.521+00:00,2026-08-31T20:41:29.664+00:00,2026-08-31T20:41:29.668+00:00,2026-08-31T20:41:29.668+00:00,2026-08-31T20:41:30.360+00:00,2026-08-31T20:41:30.360+00:00,0.309734,0.6921542939999199,sqs-worker-5986dcd897-qtpf4,ip-192-168-20-201.ec2.internal,be44a36bded3869de9f2dcf44a3fc0f5e5fab0ee66ee2c1a690d898de3911119,1,4.0,696.0
1,hpa-mmpp-606-44b1c53a,000244,163.157301,2026-08-31T20:41:34.655+00:00,2026-08-31T20:41:30.804+00:00,2026-08-31T20:41:30.808+00:00,2026-08-31T20:41:30.808+00:00,2026-08-31T20:41:30.813+00:00,2026-08-31T20:41:30.813+00:00,0.005,0.005038350000177161,sqs-worker-5986dcd897-wkxw9,ip-192-168-20-201.ec2.internal,36331e6d9db301e28a4956a7b238f383449520ddb727954b829062db486fd97d,1,4.0,9.0
1,hpa-mmpp-606-44b1c53a,000247,167.514922,2026-08-31T20:41:39.013+00:00,2026-08-31T20:41:35.161+00:00,2026-08-31T20:41:35.165+00:00,2026-08-31T20:41:35.165+00:00,2026-08-31T20:41:35.609+00:00,2026-08-31T20:41:35.609+00:00,0.197258,0.4444467409994104,sqs-worker-5986dcd897-x8rdl,ip-192-168-20-201.ec2.internal,404a0b2c4c855128659d29e052c97d1676d56bfc1c321a1783cf0b539c96e146,1,4.0,448.0
1,hpa-mmpp-606-44b1c53a,000245,167.412976,2026-08-31T20:41:38.915+00:00,2026-08-31T20:41:35.056+00:00,2026-08-31T20:41:35.060+00:00,2026-08-31T20:41:35.060+00:00,2026-08-31T20:41:35.749+00:00,2026-08-31T20:41:35.749+00:00,0.293174,0.6889589059992431,sqs-worker-5986dcd897-wkxw9,ip-192-168-20-201.ec2.internal,ac51b56d48ec3f7c7db7b8c833d1f7a8526872dbac0d40cb5086525b9f4c54cb,1,4.0,693.0
1,hpa-mmpp-606-44b1c53a,000250,168.263652,2026-08-31T20:41:39.762+00:00,2026-08-31T20:41:35.905+00:00,2026-08-31T20:41:35.910+00:00,2026-08-31T20:41:35.910+00:00,2026-08-31T20:41:36.041+00:00,2026-08-31T20:41:36.041+00:00,0.067263,0.13132290999965335,sqs-worker-5986dcd897-wkxw9,ip-192-168-20-201.ec2.internal,cd358f3f9bd7334d5204edbb74b65f76f7a7691e6716b6316b0a9e97e51b2c43,1,5.0,136.0
1,hpa-mmpp-606-44b1c53a,000251,168.536656,2026-08-31T20:41:40.035+00:00,2026-08-31T20:41:36.177+00:00,2026-08-31T20:41:36.181+00:00,2026-08-31T20:41:36.181+00:00,2026-08-31T20:41:36.513+00:00,2026-08-31T20:41:36.513+00:00,0.153253,0.3313649730007455,sqs-worker-5986dcd897-wkxw9,ip-192-168-20-201.ec2.internal,8b9f5f68c69e09f975b1e06be0399ddd0cade67059fbffe5f5dc9d318aadf174,1,4.0,336.0
1,hpa-mmpp-606-44b1c53a,000253,168.666854,2026-08-31T20:41:40.165+00:00,2026-08-31T20:41:36.305+00:00,2026-08-31T20:41:36.311+00:00,2026-08-31T20:41:36.311+00:00,2026-08-31T20:41:36.721+00:00,2026-08-31T20:41:36.721+00:00,0.192608,0.41021046899913927,sqs-worker-5986dcd897-x8rdl,ip-192-168-20-201.ec2.internal,901c59cd29b857c4d5365d079585d911ce22b4b86f25d9a5cdd4556f15686cab,1,6.0,416.0
1,hpa-mmpp-606-44b1c53a,000257,169.01445,2026-08-31T20:41:40.512+00:00,2026-08-31T20:41:36.658+00:00,2026-08-31T20:41:36.767+00:00,2026-08-31T20:41:36.767+00:00,2026-08-31T20:41:36.850+00:00,2026-08-31T20:41:36.850+00:00,0.041484,0.08299397299924749,sqs-worker-5986dcd897-lrz7s,ip-192-168-20-201.ec2.internal,544f37e7abc8d1df3d4889d27826e3186c7fd7b05ddebf46b401dcaa509d8ba7,1,109.0,192.0
1,hpa-mmpp-606-44b1c53a,000248,167.64082,2026-08-31T20:41:39.139+00:00,2026-08-31T20:41:35.285+00:00,2026-08-31T20:41:35.357+00:00,2026-08-31T20:41:35.357+00:00,2026-08-31T20:41:36.685+00:00,2026-08-31T20:41:36.685+00:00,0.391304,1.3285910009999498,sqs-worker-5986dcd897-lrz7s,ip-192-168-20-201.ec2.internal,17053a4038677049791e36657f52dfba4d8d9845bc9ad4d8977e9136449f3a71,1,72.0,1400.0
1,hpa-mmpp-606-44b1c53a,000246,167.45357,2026-08-31T20:41:38.951+00:00,2026-08-31T20:41:35.093+00:00,2026-08-31T20:41:35.101+00:00,2026-08-31T20:41:35.101+00:00,2026-08-31T20:41:37.442+00:00,2026-08-31T20:41:37.442+00:00,0.619884,2.3404326269992453,sqs-worker-5986dcd897-qtpf4,ip-192-168-20-201.ec2.internal,325011a7fb056f3190925eb604741237b8ea5c6ff8bd641024cbaeb8d50e49f9,1,8.0,2349.0
1,hpa-mmpp-606-44b1c53a,000256,168.887217,2026-08-31T20:41:40.385+00:00,2026-08-31T20:41:36.524+00:00,2026-08-31T20:41:36.798+00:00,2026-08-31T20:41:36.798+00:00,2026-08-31T20:41:37.793+00:00,2026-08-31T20:41:37.793+00:00,0.4103,0.9950293869987945,sqs-worker-5986dcd897-x8rdl,ip-192-168-20-201.ec2.internal,ac09a20e809e582024f7b1a43522f4ea95aea8e39f24edb000a71694838b529d,1,274.0,1269.0
1,hpa-mmpp-606-44b1c53a,000254,168.687609,2026-08-31T20:41:40.185+00:00,2026-08-31T20:41:36.835+00:00,2026-08-31T20:41:36.874+00:00,2026-08-31T20:41:36.874+00:00,2026-08-31T20:41:38.324+00:00,2026-08-31T20:41:38.324+00:00,0.585287,1.4503172529985022,sqs-worker-5986dcd897-lrz7s,ip-192-168-20-201.ec2.internal,d26e866bca418310e04a65e5c05f2c5710e181c6a559102b93146de1fd1fe650,1,39.0,1489.0
1,hpa-mmpp-606-44b1c53a,000258,169.417116,2026-08-31T20:41:40.915+00:00,2026-08-31T20:41:37.065+00:00,2026-08-31T20:41:37.399+00:00,2026-08-31T20:41:37.399+00:00,2026-08-31T20:41:37.502+00:00,2026-08-31T20:41:37.502+00:00,0.057159,0.10279297300075996,sqs-worker-5986dcd897-wkxw9,ip-192-168-20-201.ec2.internal,67385235a7bd3ee3936c0e8c5a1df55731ecca8d526e78f814fd5fd77bac5f87,1,334.0,437.0
1,hpa-mmpp-606-44b1c53a,000262,170.94456,2026-08-31T20:41:42.443+00:00,2026-08-31T20:41:38.586+00:00,2026-08-31T20:41:38.589+00:00,2026-08-31T20:41:38.590+00:00,2026-08-31T20:41:38.977+00:00,2026-08-31T20:41:38.977+00:00,0.191401,0.38783635799882177,sqs-worker-5986dcd897-lrz7s,ip-192-168-20-201.ec2.internal,99aeb8464b96125fa5ef3a5e89cdec085d856b598884f5ce2d893108cc59cb39,1,3.0,391.0
1,hpa-mmpp-606-44b1c53a,000255,168.737826,2026-08-31T20:41:40.236+00:00,2026-08-31T20:41:36.376+00:00,2026-08-31T20:41:36.540+00:00,2026-08-31T20:41:36.540+00:00,2026-08-31T20:41:37.338+00:00,2026-08-31T20:41:37.338+00:00,0.319502,0.7986928539994551,sqs-worker-5986dcd897-wkxw9,ip-192-168-20-201.ec2.internal,daabfcf45163a2eff72145476deab2d3f82ef6d1aad16a20e68c3a968a7f39bc,1,164.0,962.0
1,hpa-mmpp-606-44b1c53a,000260,170.415967,2026-08-31T20:41:41.914+00:00,2026-08-31T20:41:38.060+00:00,2026-08-31T20:41:38.063+00:00,2026-08-31T20:41:38.063+00:00,2026-08-31T20:41:38.678+00:00,2026-08-31T20:41:38.678+00:00,0.258099,0.6152001969985577,sqs-worker-5986dcd897-x8rdl,ip-192-168-20-201.ec2.internal,84b19aec9d8dcea0968b6d2f04a756f3cab1091ab66be6daabfcd82b9b2ec29d,1,3.0,618.0
1,hpa-mmpp-606-44b1c53a,000264,171.02633,2026-08-31T20:41:42.524+00:00,2026-08-31T20:41:38.668+00:00,2026-08-31T20:41:38.720+00:00,2026-08-31T20:41:38.720+00:00,2026-08-31T20:41:38.809+00:00,2026-08-31T20:41:38.809+00:00,0.0501,0.08890825999878871,sqs-worker-5986dcd897-x8rdl,ip-192-168-20-201.ec2.internal,5fd25204ee1acc2a5fa33874b5a2be9fb782df754bc4efab7a1a0e6307ba0026,1,52.0,141.0
1,hpa-mmpp-606-44b1c53a,000266,171.926082,2026-08-31T20:41:43.424+00:00,2026-08-31T20:41:39.567+00:00,2026-08-31T20:41:39.570+00:00,2026-08-31T20:41:39.570+00:00,2026-08-31T20:41:39.681+00:00,2026-08-31T20:41:39.681+00:00,0.073632,0.11039048899874615,sqs-worker-5986dcd897-lrz7s,ip-192-168-20-201.ec2.internal,6966db985e66faded073be126a6e358b1cfccbb1b3b92e1f2c0f787ad52f294b,1,3.0,114.0
1,hpa-mmpp-606-44b1c53a,000261,170.484807,2026-08-31T20:41:41.983+00:00,2026-08-31T20:41:38.128+00:00,2026-08-31T20:41:38.132+00:00,2026-08-31T20:41:38.132+00:00,2026-08-31T20:41:39.554+00:00,2026-08-31T20:41:39.554+00:00,0.584831,1.4221097499994357,sqs-worker-5986dcd897-qtpf4,ip-192-168-20-201.ec2.internal,e3147512399c41187be94901c327f6dc45057cfb91e2e22dd381ebb13d0f2b7a,1,4.0,1426.0
1,hpa-mmpp-606-44b1c53a,000249,167.763741,2026-08-31T20:41:39.262+00:00,2026-08-31T20:41:35.405+00:00,2026-08-31T20:41:35.639+00:00,2026-08-31T20:41:35.639+00:00,2026-08-31T20:41:35.719+00:00,2026-08-31T20:41:35.719+00:00,0.045391,0.08015174699903582,sqs-worker-5986dcd897-x8rdl,ip-192-168-20-201.ec2.internal,f801b6e5a690f82ffcc327dd21f3b783b1c075ab7651bc549986cb8d9b04460b,1,234.0,314.0
1,hpa-mmpp-606-44b1c53a,000252,168.549211,2026-08-31T20:41:40.047+00:00,2026-08-31T20:41:36.186+00:00,2026-08-31T20:41:36.190+00:00,2026-08-31T20:41:36.190+00:00,2026-08-31T20:41:36.199+00:00,2026-08-31T20:41:36.199+00:00,0.008913,0.008980246999271913,sqs-worker-5986dcd897-x8rdl,ip-192-168-20-201.ec2.internal,ef51689de0efb9e9c278989ea04a8113c0dec35e3727e4a4c1d2a619d3772fc0,1,4.0,13.0
1,hpa-mmpp-606-44b1c53a,000259,170.175378,2026-08-31T20:41:41.674+00:00,2026-08-31T20:41:37.814+00:00,2026-08-31T20:41:37.819+00:00,2026-08-31T20:41:37.819+00:00,2026-08-31T20:41:38.751+00:00,2026-08-31T20:41:38.751+00:00,0.385539,0.9324113560014666,sqs-worker-5986dcd897-wkxw9,ip-192-168-20-201.ec2.internal,a874aba40cbf882d774841a1b6be758b4143ba92e5a2c64693901c70939ea6e3,1,5.0,937.0
1,hpa-mmpp-606-44b1c53a,000270,172.801713,2026-08-31T20:41:44.300+00:00,2026-08-31T20:41:40.440+00:00,2026-08-31T20:41:40.443+00:00,2026-08-31T20:41:40.443+00:00,2026-08-31T20:41:40.448+00:00,2026-08-31T20:41:40.448+00:00,0.005,0.005080119999547605,sqs-worker-5986dcd897-qtpf4,ip-192-168-20-201.ec2.internal,fdb4a86d5b8d9e6c5d096f58b4c1922f3981a9c285e1e5be9d24922d5cbe344b,1,3.0,8.0
1,hpa-mmpp-606-44b1c53a,000271,173.025341,2026-08-31T20:41:44.523+00:00,2026-08-31T20:41:40.665+00:00,2026-08-31T20:41:40.684+00:00,2026-08-31T20:41:40.684+00:00,2026-08-31T20:41:41.144+00:00,2026-08-31T20:41:41.144+00:00,0.200394,0.46015767800054164,sqs-worker-5986dcd897-lrz7s,ip-192-168-20-201.ec2.internal,456ae8721fa74c7a6f5eaf41f476721df763597d78a0517c24438d70e15cdd25,1,19.0,479.0
1,hpa-mmpp-606-44b1c53a,000273,173.553328,2026-08-31T20:41:45.051+00:00,2026-08-31T20:41:41.190+00:00,2026-08-31T20:41:41.194+00:00,2026-08-31T20:41:41.194+00:00,2026-08-31T20:41:41.232+00:00,2026-08-31T20:41:41.232+00:00,0.02778,0.03784399100004521,sqs-worker-5986dcd897-lrz7s,ip-192-168-20-201.ec2.internal,2607001887d8ed3d77705afae2f024e6807b942abb3a708849490ab4e986ac96,1,4.0,42.0
1,hpa-mmpp-606-44b1c53a,000268,172.193778,2026-08-31T20:41:43.692+00:00,2026-08-31T20:41:39.832+00:00,2026-08-31T20:41:39.844+00:00,2026-08-31T20:41:39.844+00:00,2026-08-31T20:41:39.849+00:00,2026-08-31T20:41:39.849+00:00,0.005,0.0051150229992344975,sqs-worker-5986dcd897-lrz7s,ip-192-168-20-201.ec2.internal,8ddf1888e3d21cf02ba94562e04767da3341aef99c02acb16e7016b112d6aad4,1,12.0,17.0
1,hpa-mmpp-606-44b1c53a,000267,172.044788,2026-08-31T20:41:43.543+00:00,2026-08-31T20:41:39.683+00:00,2026-08-31T20:41:39.692+00:00,2026-08-31T20:41:39.692+00:00,2026-08-31T20:41:40.233+00:00,2026-08-31T20:41:40.233+00:00,0.227556,0.541170875001626,sqs-worker-5986dcd897-qtpf4,ip-192-168-20-201.ec2.internal,7cd1db047ea93933c8c0529a14048b112fcf59751f58c8912cb7bca1bba33ba8,1,9.0,550.0
1,hpa-mmpp-606-44b1c53a,000269,172.72422,2026-08-31T20:41:44.223+00:00,2026-08-31T20:41:40.366+00:00,2026-08-31T20:41:40.397+00:00,2026-08-31T20:41:40.397+00:00,2026-08-31T20:41:42.087+00:00,2026-08-31T20:41:42.087+00:00,0.343269,1.6903684499993687,sqs-worker-5986dcd897-x8rdl,ip-192-168-20-201.ec2.internal,480d0fe0a10ebd74f12cfba17ff6576227c48acd3279621cdcf184329f0844fb,1,31.0,1721.0
1,hpa-mmpp-606-44b1c53a,000263,171.000944,2026-08-31T20:41:42.500+00:00,2026-08-31T20:41:38.647+00:00,2026-08-31T20:41:38.794+00:00,2026-08-31T20:41:38.794+00:00,2026-08-31T20:41:40.184+00:00,2026-08-31T20:41:40.184+00:00,0.376758,1.389398325000002,sqs-worker-5986dcd897-wkxw9,ip-192-168-20-201.ec2.internal,7457190971c61e17776272ad2319c616a98d483ed18a2c5254309fef2fb85660,1,147.0,1537.0
1,hpa-mmpp-606-44b1c53a,000272,173.372871,2026-08-31T20:41:44.871+00:00,2026-08-31T20:41:41.012+00:00,2026-08-31T20:41:41.028+00:00,2026-08-31T20:41:41.028+00:00,2026-08-31T20:41:41.653+00:00,2026-08-31T20:41:41.653+00:00,0.184389,0.62513513399972,sqs-worker-5986dcd897-wkxw9,ip-192-168-20-201.ec2.internal,43d5ee5c714e5fd1c5874e365453bd1b96ab0a5959c82c3f6e208a79dc1b5630,1,16.0,641.0
1,hpa-mmpp-606-44b1c53a,000275,173.920684,2026-08-31T20:41:45.419+00:00,2026-08-31T20:41:41.560+00:00,2026-08-31T20:41:41.565+00:00,2026-08-31T20:41:41.565+00:00,2026-08-31T20:41:42.062+00:00,2026-08-31T20:41:42.063+00:00,0.21551,0.4979270929998165,sqs-worker-5986dcd897-lrz7s,ip-192-168-20-201.ec2.internal,6771eca2bc4f795376cc83e69e303934234eca328546a4bf746f0458382e178b,1,5.0,502.0
1,hpa-mmpp-606-44b1c53a,000277,175.209504,2026-08-31T20:41:46.707+00:00,2026-08-31T20:41:42.847+00:00,2026-08-31T20:41:42.852+00:00,2026-08-31T20:41:42.852+00:00,2026-08-31T20:41:42.890+00:00,2026-08-31T20:41:42.890+00:00,0.037708,0.037868881998292636,sqs-worker-5986dcd897-lrz7s,ip-192-168-20-201.ec2.internal,5b46e549b753ef0a0cd681d61d3c81c8bbac6a960b1908177a7f15b5af5b9964,1,5.0,43.0
1,hpa-mmpp-606-44b1c53a,000279,175.564006,2026-08-31T20:41:47.062+00:00,2026-08-31T20:41:43.202+00:00,2026-08-31T20:41:43.207+00:00,2026-08-31T20:41:43.207+00:00,2026-08-31T20:41:43.552+00:00,2026-08-31T20:41:43.552+00:00,0.16072,0.3451866390005307,sqs-worker-5986dcd897-qtpf4,ip-192-168-20-201.ec2.internal,ac059bb3dadf08693274c2f28d00aeac839cc2d9c8dbafc65facb978233765eb,1,5.0,350.0
1,hpa-mmpp-606-44b1c53a,000284,176.336561,2026-08-31T20:41:47.835+00:00,2026-08-31T20:41:43.976+00:00,2026-08-31T20:41:43.979+00:00,2026-08-31T20:41:43.979+00:00,2026-08-31T20:41:44.016+00:00,2026-08-31T20:41:44.016+00:00,0.018632,0.0372341399997822,sqs-worker-5986dcd897-qtpf4,ip-192-168-20-201.ec2.internal,925324cd2f6a78e28e4c6bf8f290c8e33adbc4ab74876705fa4d273f7bd30094,1,3.0,40.0
1,hpa-mmpp-606-44b1c53a,000285,176.549483,2026-08-31T20:41:48.048+00:00,2026-08-31T20:41:44.189+00:00,2026-08-31T20:41:44.197+00:00,2026-08-31T20:41:44.197+00:00,2026-08-31T20:41:44.332+00:00,2026-08-31T20:41:44.332+00:00,0.077841,0.13556841799982067,sqs-worker-5986dcd897-qtpf4,ip-192-168-20-201.ec2.internal,943298801d6bb241278a0c87f1fced97e088d57a0983e2dd324e7f5361a09d10,1,8.0,143.0
1,hpa-mmpp-606-44b1c53a,000283,176.232813,2026-08-31T20:41:47.731+00:00,2026-08-31T20:41:43.870+00:00,2026-08-31T20:41:43.875+00:00,2026-08-31T20:41:43.875+00:00,2026-08-31T20:41:44.485+00:00,2026-08-31T20:41:44.485+00:00,0.259355,0.6105685590009671,sqs-worker-5986dcd897-wkxw9,ip-192-168-20-201.ec2.internal,64f33e4a9015af79624cf3c4e40d965bef41dab81d94bc245c85cb14a4c553b6,1,5.0,615.0
1,hpa-mmpp-606-44b1c53a,000265,171.808114,2026-08-31T20:41:43.307+00:00,2026-08-31T20:41:39.447+00:00,2026-08-31T20:41:39.452+00:00,2026-08-31T20:41:39.452+00:00,2026-08-31T20:41:39.808+00:00,2026-08-31T20:41:39.808+00:00,0.155585,0.3563051040000573,sqs-worker-5986dcd897-x8rdl,ip-192-168-20-201.ec2.internal,a9ee09e4ce47315bb2c0097b04743c34733641f48d8b0477907bc7d46e6d09ae,1,5.0,361.0
1,hpa-mmpp-606-44b1c53a,000274,173.600986,2026-08-31T20:41:45.099+00:00,2026-08-31T20:41:41.239+00:00,2026-08-31T20:41:41.244+00:00,2026-08-31T20:41:41.244+00:00,2026-08-31T20:41:41.458+00:00,2026-08-31T20:41:41.458+00:00,0.108795,0.21409540599961474,sqs-worker-5986dcd897-qtpf4,ip-192-168-20-201.ec2.internal,a3721aee148759fa11fb1d03b9402116736a99e2351685b0cf83110395fb3f3d,1,5.0,219.0
1,hpa-mmpp-606-44b1c53a,000282,176.033005,2026-08-31T20:41:47.531+00:00,2026-08-31T20:41:43.670+00:00,2026-08-31T20:41:43.674+00:00,2026-08-31T20:41:43.674+00:00,2026-08-31T20:41:43.854+00:00,2026-08-31T20:41:43.854+00:00,0.108166,0.18034626000007847,sqs-worker-5986dcd897-qtpf4,ip-192-168-20-201.ec2.internal,6e4015ec55d9c174736dfb48c02d0452d7b1bd5d25f68378864132c29bc84f9e,1,4.0,184.0
1,hpa-mmpp-606-44b1c53a,000280,175.595683,2026-08-31T20:41:47.093+00:00,2026-08-31T20:41:43.233+00:00,2026-08-31T20:41:43.241+00:00,2026-08-31T20:41:43.241+00:00,2026-08-31T20:41:44.289+00:00,2026-08-31T20:41:44.289+00:00,0.440583,1.0485357659999863,sqs-worker-5986dcd897-x8rdl,ip-192-168-20-201.ec2.internal,a1060567d240256453dabc009164e19792ff71529801394d08fc52c656b24138,1,8.0,1056.0
1,hpa-mmpp-606-44b1c53a,000287,177.03057,2026-08-31T20:41:48.529+00:00,2026-08-31T20:41:44.671+00:00,2026-08-31T20:41:44.674+00:00,2026-08-31T20:41:44.674+00:00,2026-08-31T20:41:45.334+00:00,2026-08-31T20:41:45.334+00:00,0.128371,0.6596701050002594,sqs-worker-5986dcd897-qtpf4,ip-192-168-20-201.ec2.internal,386b5da5e24f4a4232225eab887c552286f50a78b72b189ffefc481c6ab82536,1,3.0,663.0
1,hpa-mmpp-606-44b1c53a,000278,175.396823,2026-08-31T20:41:46.895+00:00,2026-08-31T20:41:43.034+00:00,2026-08-31T20:41:43.038+00:00,2026-08-31T20:41:43.038+00:00,2026-08-31T20:41:43.265+00:00,2026-08-31T20:41:43.265+00:00,0.104376,0.22667245000047842,sqs-worker-5986dcd897-lrz7s,ip-192-168-20-201.ec2.internal,d1c62cc19b6623ce709222520ab81b6cd2c8845b63f38b08b8e3c8ef782df39a,1,4.0,231.0
1,hpa-mmpp-606-44b1c53a,000291,178.005164,2026-08-31T20:41:49.503+00:00,2026-08-31T20:41:45.644+00:00,2026-08-31T20:41:45.657+00:00,2026-08-31T20:41:45.657+00:00,2026-08-31T20:41:45.995+00:00,2026-08-31T20:41:45.995+00:00,0.150843,0.3383971819985163,sqs-worker-5986dcd897-x8rdl,ip-192-168-20-201.ec2.internal,f8feed6dc349cf7f7537be60d02e1851004243730d588ef4d94024a312394728,1,13.0,351.0
1,hpa-mmpp-606-44b1c53a,000289,177.232078,2026-08-31T20:41:48.730+00:00,2026-08-31T20:41:44.871+00:00,2026-08-31T20:41:44.875+00:00,2026-08-31T20:41:44.875+00:00,2026-08-31T20:41:45.004+00:00,2026-08-31T20:41:45.004+00:00,0.070643,0.12991373200020462,sqs-worker-5986dcd897-x8rdl,ip-192-168-20-201.ec2.internal,33507ec5fc17f4cf95d2f0e66fe969702b637103903def053fc0aba510144ed7,1,4.0,133.0
1,hpa-mmpp-606-44b1c53a,000290,177.51311,2026-08-31T20:41:49.011+00:00,2026-08-31T20:41:45.153+00:00,2026-08-31T20:41:45.159+00:00,2026-08-31T20:41:45.159+00:00,2026-08-31T20:41:46.485+00:00,2026-08-31T20:41:46.485+00:00,0.545812,1.326512225001352,sqs-worker-5986dcd897-wkxw9,ip-192-168-20-201.ec2.internal,58e53e7e673aafcf9b5dd28043621381253f2ae54046a3b61d5393e224c13782,1,6.0,1332.0
1,hpa-mmpp-606-44b1c53a,000292,178.054931,2026-08-31T20:41:49.553+00:00,2026-08-31T20:41:45.697+00:00,2026-08-31T20:41:45.727+00:00,2026-08-31T20:41:45.727+00:00,2026-08-31T20:41:46.731+00:00,2026-08-31T20:41:46.731+00:00,0.216155,1.0039802370010875,sqs-worker-5986dcd897-qtpf4,ip-192-168-20-201.ec2.internal,7b5c927270338cde2f1ff233a6f4c568c1a9e3a666d64f14408a73a88bd2265d,1,30.0,1034.0
1,hpa-mmpp-606-44b1c53a,000276,174.843992,2026-08-31T20:41:46.343+00:00,2026-08-31T20:41:42.482+00:00,2026-08-31T20:41:42.487+00:00,2026-08-31T20:41:42.487+00:00,2026-08-31T20:41:42.602+00:00,2026-08-31T20:41:42.602+00:00,0.071787,0.1156996909994632,sqs-worker-5986dcd897-wkxw9,ip-192-168-20-201.ec2.internal,7a8a34ff3784d27297fe0b6f3b0a1f7168bb631c0a5f0c5cf6ee2f7c6bc74f36,1,5.0,120.0
1,hpa-mmpp-606-44b1c53a,000281,175.84027,2026-08-31T20:41:47.338+00:00,2026-08-31T20:41:43.478+00:00,2026-08-31T20:41:43.481+00:00,2026-08-31T20:41:43.481+00:00,2026-08-31T20:41:43.570+00:00,2026-08-31T20:41:43.570+00:00,0.06682,0.08881104899955972,sqs-worker-5986dcd897-lrz7s,ip-192-168-20-201.ec2.internal,89c0410c05225f50cbf850dd6531b510772990dae075e2b521ca1119da496183,1,3.0,92.0
1,hpa-mmpp-606-44b1c53a,000288,177.038182,2026-08-31T20:41:48.536+00:00,2026-08-31T20:41:44.676+00:00,2026-08-31T20:41:44.681+00:00,2026-08-31T20:41:44.681+00:00,2026-08-31T20:41:44.900+00:00,2026-08-31T20:41:44.900+00:00,0.097504,0.21900344700043206,sqs-worker-5986dcd897-wkxw9,ip-192-168-20-201.ec2.internal,51e3d3d334301693853d95baed937f0e83ff1987bddb73f3c9ba60ca37eb57a4,1,5.0,224.0
1,hpa-mmpp-606-44b1c53a,000286,176.62283,2026-08-31T20:41:48.121+00:00,2026-08-31T20:41:44.264+00:00,2026-08-31T20:41:44.268+00:00,2026-08-31T20:41:44.268+00:00,2026-08-31T20:41:46.068+00:00,2026-08-31T20:41:46.068+00:00,0.382565,1.79996158799986,sqs-worker-5986dcd897-lrz7s,ip-192-168-20-201.ec2.internal,bc6a91635940409a6b7d851b7f111fb04e451fdded34292054dcb29b462acbf1,1,4.0,1804.0
1,hpa-mmpp-606-44b1c53a,000293,179.143472,2026-08-31T20:41:50.642+00:00,2026-08-31T20:41:46.782+00:00,2026-08-31T20:41:46.786+00:00,2026-08-31T20:41:46.786+00:00,2026-08-31T20:41:46.797+00:00,2026-08-31T20:41:46.797+00:00,0.010784,0.01082400800078176,sqs-worker-5986dcd897-wkxw9,ip-192-168-20-201.ec2.internal,e3fcb0045a4f1f740b51cecc1e56f70f7132d43b31c7678d5e23b54cf90855cb,1,4.0,15.0
1,hpa-mmpp-606-44b1c53a,000294,179.534312,2026-08-31T20:41:51.032+00:00,2026-08-31T20:41:47.172+00:00,2026-08-31T20:41:47.183+00:00,2026-08-31T20:41:47.183+00:00,2026-08-31T20:41:47.881+00:00,2026-08-31T20:41:47.881+00:00,0.319168,0.6982795349995286,sqs-worker-5986dcd897-lrz7s,ip-192-168-20-201.ec2.internal,ec9263efe177a6047787ee4503d89def77f288355f2fa2db95e569669c593a5f,1,11.0,709.0
1,hpa-mmpp-606-44b1c53a,000295,179.813826,2026-08-31T20:41:51.313+00:00,2026-08-31T20:41:47.452+00:00,2026-08-31T20:41:47.457+00:00,2026-08-31T20:41:47.457+00:00,2026-08-31T20:41:47.629+00:00,2026-08-31T20:41:47.629+00:00,0.082917,0.17272941199917113,sqs-worker-5986dcd897-wkxw9,ip-192-168-20-201.ec2.internal,610efe1ee4cc3d9788b2a8c24820da8116fa57ffc3b9cb5dbfff57c65d07dc11,1,5.0,177.0
