schema_version,experiment_id,job_id,trace_offset_s,producer_sent_at,sqs_sent_at,worker_received_at,processing_started_at,processing_finished_at,result_sent_at,service_cpu_seconds,processing_wall_seconds,pod_name,node_name,digest,receive_count,queue_wait_ms,end_to_end_ms
1,keda-poisson-707-caec82d6,000000,0.011127,2026-08-31T20:51:17.933+00:00,2026-08-31T20:51:14.060+00:00,2026-08-31T20:51:14.067+00:00,2026-08-31T20:51:14.067+00:00,2026-08-31T20:51:14.294+00:00,2026-08-31T20:51:14.294+00:00,0.109785,0.22629915199831885,sqs-worker-5986dcd897-x8rdl,ip-192-168-20-201.ec2.internal,24005702e153026a93935e091359247515bf99d3e8633f7ca5206ce994112c50,1,7.0,234.0
1,keda-poisson-707-caec82d6,000001,0.637134,2026-08-31T20:51:18.559+00:00,2026-08-31T20:51:14.685+00:00,2026-08-31T20:51:14.692+00:00,2026-08-31T20:51:14.692+00:00,2026-08-31T20:51:15.211+00:00,2026-08-31T20:51:15.211+00:00,0.227913,0.5187569579993578,sqs-worker-5986dcd897-x8rdl,ip-192-168-20-201.ec2.internal,1649fd5dc2fae024aa7b89847eff5e02d5e77dd2f4b8244b2f0224865d8e2601,1,7.0,526.0
1,keda-poisson-707-caec82d6,000002,0.892464,2026-08-31T20:51:18.814+00:00,2026-08-31T20:51:14.940+00:00,2026-08-31T20:51:15.239+00:00,2026-08-31T20:51:15.239+00:00,2026-08-31T20:51:15.291+00:00,2026-08-31T20:51:15.291+00:00,0.015983,0.05203542399976868,sqs-worker-5986dcd897-x8rdl,ip-192-168-20-201.ec2.internal,f7e4f5b028ce00065b1de6b54f96fa8dea545b4dceb050f797dd49f44b7d8d12,1,299.0,351.0
1,keda-poisson-707-caec82d6,000004,2.144046,2026-08-31T20:51:20.066+00:00,2026-08-31T20:51:16.196+00:00,2026-08-31T20:51:16.200+00:00,2026-08-31T20:51:16.200+00:00,2026-08-31T20:51:16.502+00:00,2026-08-31T20:51:16.502+00:00,0.139134,0.30146943799991277,sqs-worker-5986dcd897-x8rdl,ip-192-168-20-201.ec2.internal,98a61cfc0e051f20e951ff544f6f57de44aaa9f98d18dddd993a7b2946ca5776,1,4.0,306.0
1,keda-poisson-707-caec82d6,000005,2.145266,2026-08-31T20:51:20.067+00:00,2026-08-31T20:51:16.694+00:00,2026-08-31T20:51:16.712+00:00,2026-08-31T20:51:16.712+00:00,2026-08-31T20:51:16.786+00:00,2026-08-31T20:51:16.786+00:00,0.029598,0.07462805999966804,sqs-worker-5986dcd897-x8rdl,ip-192-168-20-201.ec2.internal,0f92859d7dab34fea83e078ffebf70bf33635ad1b393b7a175367e09f2af980e,1,18.0,92.0
1,keda-poisson-707-caec82d6,000003,1.754658,2026-08-31T20:51:19.676+00:00,2026-08-31T20:51:16.330+00:00,2026-08-31T20:51:16.541+00:00,2026-08-31T20:51:16.541+00:00,2026-08-31T20:51:16.693+00:00,2026-08-31T20:51:16.693+00:00,0.060272,0.15121820000058506,sqs-worker-5986dcd897-x8rdl,ip-192-168-20-201.ec2.internal,f1918a2d28411553b6fa3172e9019ed8a41f4816d00f8e03d2d0655801df28b1,1,211.0,363.0
1,keda-poisson-707-caec82d6,000006,3.499318,2026-08-31T20:51:21.422+00:00,2026-08-31T20:51:17.553+00:00,2026-08-31T20:51:17.561+00:00,2026-08-31T20:51:17.561+00:00,2026-08-31T20:51:17.912+00:00,2026-08-31T20:51:17.912+00:00,0.173309,0.35074916499979736,sqs-worker-5986dcd897-x8rdl,ip-192-168-20-201.ec2.internal,c5f0f5cb1a3810384fca214ee0ad4cc6e959eaba4b118306f92ae74ec419ed0d,1,8.0,359.0
1,keda-poisson-707-caec82d6,000007,3.967866,2026-08-31T20:51:21.889+00:00,2026-08-31T20:51:18.015+00:00,2026-08-31T20:51:18.019+00:00,2026-08-31T20:51:18.019+00:00,2026-08-31T20:51:18.102+00:00,2026-08-31T20:51:18.102+00:00,0.065316,0.08360458399874915,sqs-worker-5986dcd897-x8rdl,ip-192-168-20-201.ec2.internal,5c14fbc360a0140d2f92deec93d87bff7c7cc9bba4008a8b0713bf0aeceac759,1,4.0,87.0
1,keda-poisson-707-caec82d6,000008,5.104254,2026-08-31T20:51:23.026+00:00,2026-08-31T20:51:19.153+00:00,2026-08-31T20:51:19.157+00:00,2026-08-31T20:51:19.157+00:00,2026-08-31T20:51:19.186+00:00,2026-08-31T20:51:19.186+00:00,0.028446,0.028484978000051342,sqs-worker-5986dcd897-x8rdl,ip-192-168-20-201.ec2.internal,00f615fb3a95aad5746295871396c5e71481b0fdf78ff56f72cd5364bae4cb3d,1,4.0,33.0
1,keda-poisson-707-caec82d6,000009,6.681566,2026-08-31T20:51:24.604+00:00,2026-08-31T20:51:20.734+00:00,2026-08-31T20:51:20.738+00:00,2026-08-31T20:51:20.738+00:00,2026-08-31T20:51:20.803+00:00,2026-08-31T20:51:20.803+00:00,0.029304,0.06446262499957811,sqs-worker-5986dcd897-x8rdl,ip-192-168-20-201.ec2.internal,e88504b7d2cc8341a8866282da6e6fa352b3a2ab3ad466d03d8549ed05b2774b,1,4.0,69.0
1,keda-poisson-707-caec82d6,000010,6.75584,2026-08-31T20:51:24.677+00:00,2026-08-31T20:51:20.817+00:00,2026-08-31T20:51:20.821+00:00,2026-08-31T20:51:20.821+00:00,2026-08-31T20:51:21.004+00:00,2026-08-31T20:51:21.004+00:00,0.077419,0.18309171099826926,sqs-worker-5986dcd897-x8rdl,ip-192-168-20-201.ec2.internal,d560cbbf6d817d19f7d49c958f69bbd5c51433bd5b82190fd94dbb35f6abeb3e,1,4.0,187.0
1,keda-poisson-707-caec82d6,000011,7.149537,2026-08-31T20:51:25.069+00:00,2026-08-31T20:51:21.198+00:00,2026-08-31T20:51:21.202+00:00,2026-08-31T20:51:21.202+00:00,2026-08-31T20:51:21.218+00:00,2026-08-31T20:51:21.218+00:00,0.016167,0.016207119000682724,sqs-worker-5986dcd897-x8rdl,ip-192-168-20-201.ec2.internal,eceff5a6dacf4b98b57b1fdf6234d0af9edc8da4b9ba3a4e4b7b6d709e2f26b1,1,4.0,20.0
1,keda-poisson-707-caec82d6,000012,7.778677,2026-08-31T20:51:25.699+00:00,2026-08-31T20:51:21.829+00:00,2026-08-31T20:51:21.833+00:00,2026-08-31T20:51:21.833+00:00,2026-08-31T20:51:23.702+00:00,2026-08-31T20:51:23.702+00:00,0.778708,1.8687634640009492,sqs-worker-5986dcd897-x8rdl,ip-192-168-20-201.ec2.internal,a1293b123552fb97a49c04d11057514b8bb58ad1d42c549a40920697e9347aaa,1,4.0,1873.0
1,keda-poisson-707-caec82d6,000013,7.983608,2026-08-31T20:51:25.903+00:00,2026-08-31T20:51:22.036+00:00,2026-08-31T20:51:23.835+00:00,2026-08-31T20:51:23.835+00:00,2026-08-31T20:51:23.840+00:00,2026-08-31T20:51:23.840+00:00,0.005,0.005032830998970894,sqs-worker-5986dcd897-x8rdl,ip-192-168-20-201.ec2.internal,ab6d67428838cf4b7990ffec8530fd63ba34622d9c0b5c9fe1b1219b14638881,1,1799.0,1804.0
1,keda-poisson-707-caec82d6,000014,8.33571,2026-08-31T20:51:26.256+00:00,2026-08-31T20:51:22.386+00:00,2026-08-31T20:51:23.926+00:00,2026-08-31T20:51:23.926+00:00,2026-08-31T20:51:24.009+00:00,2026-08-31T20:51:24.009+00:00,0.063805,0.08267589500064787,sqs-worker-5986dcd897-x8rdl,ip-192-168-20-201.ec2.internal,037391eba5104a2ea4585874cf9d662d5b69c00b0fa22a4ebbfcd2b205b8ef9e,1,1540.0,1623.0
1,keda-poisson-707-caec82d6,000015,9.588832,2026-08-31T20:51:27.509+00:00,2026-08-31T20:51:23.637+00:00,2026-08-31T20:51:23.723+00:00,2026-08-31T20:51:23.723+00:00,2026-08-31T20:51:23.810+00:00,2026-08-31T20:51:23.810+00:00,0.043789,0.08682578800107876,sqs-worker-5986dcd897-x8rdl,ip-192-168-20-201.ec2.internal,097af38718b4f05f26d4d04c0555ea4d04605903be3035b4335d76a4563369df,1,86.0,173.0
1,keda-poisson-707-caec82d6,000016,10.158857,2026-08-31T20:51:28.079+00:00,2026-08-31T20:51:24.212+00:00,2026-08-31T20:51:24.215+00:00,2026-08-31T20:51:24.215+00:00,2026-08-31T20:51:24.495+00:00,2026-08-31T20:51:24.495+00:00,0.132156,0.2796953540000686,sqs-worker-5986dcd897-x8rdl,ip-192-168-20-201.ec2.internal,768b4a9bf5755e28dcc5dbb63a42960d64ef0bf1ba9472e205235abccec0f5ab,1,3.0,283.0
1,keda-poisson-707-caec82d6,000017,10.360156,2026-08-31T20:51:28.280+00:00,2026-08-31T20:51:24.413+00:00,2026-08-31T20:51:24.508+00:00,2026-08-31T20:51:24.508+00:00,2026-08-31T20:51:24.717+00:00,2026-08-31T20:51:24.717+00:00,0.098064,0.208982702000867,sqs-worker-5986dcd897-x8rdl,ip-192-168-20-201.ec2.internal,3f21c5cd49d7be859997966fb4fba397d56ae6ee16a92348efff84bca0cdc2af,1,95.0,304.0
1,keda-poisson-707-caec82d6,000018,11.010708,2026-08-31T20:51:28.931+00:00,2026-08-31T20:51:25.057+00:00,2026-08-31T20:51:25.061+00:00,2026-08-31T20:51:25.061+00:00,2026-08-31T20:51:25.914+00:00,2026-08-31T20:51:25.914+00:00,0.374845,0.8528202479992615,sqs-worker-5986dcd897-x8rdl,ip-192-168-20-201.ec2.internal,bf5f0a34f78dcde72467d9c6210c9118a1ee8130d7dbf4e65504906532d15bd1,1,4.0,857.0
1,keda-poisson-707-caec82d6,000020,11.877555,2026-08-31T20:51:29.797+00:00,2026-08-31T20:51:25.923+00:00,2026-08-31T20:51:25.987+00:00,2026-08-31T20:51:25.987+00:00,2026-08-31T20:51:26.813+00:00,2026-08-31T20:51:26.813+00:00,0.354665,0.8254377500015835,sqs-worker-5986dcd897-x8rdl,ip-192-168-20-201.ec2.internal,7ace0305e1086f42f6a901f6111130ae3e4d47262dfc0e69d53422bc5beea90a,1,64.0,890.0
1,keda-poisson-707-caec82d6,000021,12.24465,2026-08-31T20:51:30.165+00:00,2026-08-31T20:51:26.292+00:00,2026-08-31T20:51:26.889+00:00,2026-08-31T20:51:26.889+00:00,2026-08-31T20:51:27.401+00:00,2026-08-31T20:51:27.401+00:00,0.223879,0.5125352550003299,sqs-worker-5986dcd897-x8rdl,ip-192-168-20-201.ec2.internal,de2b922943f1b5de7ba97126bc82658507fd17e9f1f17a11bdc93095ff5aaccc,1,597.0,1109.0
1,keda-poisson-707-caec82d6,000022,12.747558,2026-08-31T20:51:30.668+00:00,2026-08-31T20:51:26.795+00:00,2026-08-31T20:51:27.418+00:00,2026-08-31T20:51:27.418+00:00,2026-08-31T20:51:28.312+00:00,2026-08-31T20:51:28.312+00:00,0.367146,0.8947752989988658,sqs-worker-5986dcd897-x8rdl,ip-192-168-20-201.ec2.internal,4e3755615bafcc172730eab97f97e0e90a9db0879a3b538eb8c336d329bcd049,1,623.0,1517.0
1,keda-poisson-707-caec82d6,000023,13.067195,2026-08-31T20:51:30.987+00:00,2026-08-31T20:51:27.118+00:00,2026-08-31T20:51:28.382+00:00,2026-08-31T20:51:28.382+00:00,2026-08-31T20:51:28.899+00:00,2026-08-31T20:51:28.899+00:00,0.217165,0.5175039610003296,sqs-worker-5986dcd897-x8rdl,ip-192-168-20-201.ec2.internal,c9c13468fe24c300fc12542e003d1544d9b66e1b955f41b583d81e85ead02bc8,1,1264.0,1781.0
1,keda-poisson-707-caec82d6,000026,14.153152,2026-08-31T20:51:32.073+00:00,2026-08-31T20:51:28.207+00:00,2026-08-31T20:51:28.914+00:00,2026-08-31T20:51:28.914+00:00,2026-08-31T20:51:29.406+00:00,2026-08-31T20:51:29.406+00:00,0.207908,0.4919627439994656,sqs-worker-5986dcd897-x8rdl,ip-192-168-20-201.ec2.internal,47f9729ff3f4f95f8d545c0e27f338fd809ce64c87647d5b7391bbbab5addd93,1,707.0,1199.0
1,keda-poisson-707-caec82d6,000019,11.210944,2026-08-31T20:51:29.131+00:00,2026-08-31T20:51:25.258+00:00,2026-08-31T20:51:29.497+00:00,2026-08-31T20:51:29.497+00:00,2026-08-31T20:51:29.684+00:00,2026-08-31T20:51:29.684+00:00,0.079937,0.18724899600056233,sqs-worker-5986dcd897-x8rdl,ip-192-168-20-201.ec2.internal,aa910d1caec4da2ebabce7a9a35b80844a01ec9dd6ca1de3643028fc4dbb1838,1,4239.0,4426.0
1,keda-poisson-707-caec82d6,000024,13.660501,2026-08-31T20:51:31.581+00:00,2026-08-31T20:51:27.710+00:00,2026-08-31T20:51:29.426+00:00,2026-08-31T20:51:29.426+00:00,2026-08-31T20:51:29.475+00:00,2026-08-31T20:51:29.475+00:00,0.005,0.04935299699900497,sqs-worker-5986dcd897-x8rdl,ip-192-168-20-201.ec2.internal,945184650a4533f7391dd09c9ef1155ace84163bef5720a0399259009752a685,1,1716.0,1765.0
1,keda-poisson-707-caec82d6,000027,14.757266,2026-08-31T20:51:32.677+00:00,2026-08-31T20:51:28.803+00:00,2026-08-31T20:51:29.714+00:00,2026-08-31T20:51:29.714+00:00,2026-08-31T20:51:30.589+00:00,2026-08-31T20:51:30.589+00:00,0.147138,0.8749916920005489,sqs-worker-5986dcd897-x8rdl,ip-192-168-20-201.ec2.internal,b4e55559bc2d672d173b95f645c95de488ea3e2d087eb6b54a98bed9fd336b10,1,911.0,1786.0
1,keda-poisson-707-caec82d6,000028,15.135945,2026-08-31T20:51:33.056+00:00,2026-08-31T20:51:29.184+00:00,2026-08-31T20:51:30.607+00:00,2026-08-31T20:51:30.607+00:00,2026-08-31T20:51:32.097+00:00,2026-08-31T20:51:32.097+00:00,0.262929,1.4900513699994917,sqs-worker-5986dcd897-x8rdl,ip-192-168-20-201.ec2.internal,020a2fda22ee152cac9deffcef8aca8c951b5240a9b449420240e5a362b67291,1,1423.0,2913.0
1,keda-poisson-707-caec82d6,000025,14.087194,2026-08-31T20:51:32.007+00:00,2026-08-31T20:51:28.134+00:00,2026-08-31T20:51:32.187+00:00,2026-08-31T20:51:32.187+00:00,2026-08-31T20:51:33.376+00:00,2026-08-31T20:51:33.376+00:00,0.46554,1.1883286940010294,sqs-worker-5986dcd897-x8rdl,ip-192-168-20-201.ec2.internal,7e1543145d095128df38569410171113785df9969ff6b1dd898844b53eced72a,1,4053.0,5242.0
1,keda-poisson-707-caec82d6,000037,19.160225,2026-08-31T20:51:37.080+00:00,2026-08-31T20:51:33.209+00:00,2026-08-31T20:51:33.635+00:00,2026-08-31T20:51:33.635+00:00,2026-08-31T20:51:33.698+00:00,2026-08-31T20:51:33.698+00:00,0.030104,0.06335013399984746,sqs-worker-5986dcd897-x8rdl,ip-192-168-20-201.ec2.internal,14442cd059cb6e7cb88df0a0f3e768562e4d311f8537f2298ed8eb64c1984669,1,426.0,489.0
1,keda-poisson-707-caec82d6,000030,16.676026,2026-08-31T20:51:34.597+00:00,2026-08-31T20:51:30.724+00:00,2026-08-31T20:51:33.391+00:00,2026-08-31T20:51:33.391+00:00,2026-08-31T20:51:33.501+00:00,2026-08-31T20:51:33.501+00:00,0.060966,0.10983055399992736,sqs-worker-5986dcd897-x8rdl,ip-192-168-20-201.ec2.internal,9de6441c7b692ff1b3600918ec1a9edf26809f1da7b0bae8d0ca6d1c0d72ed4a,1,2667.0,2777.0
1,keda-poisson-707-caec82d6,000032,17.700674,2026-08-31T20:51:35.621+00:00,2026-08-31T20:51:31.749+00:00,2026-08-31T20:51:33.714+00:00,2026-08-31T20:51:33.714+00:00,2026-08-31T20:51:33.789+00:00,2026-08-31T20:51:33.789+00:00,0.026267,0.07424747799996112,sqs-worker-5986dcd897-x8rdl,ip-192-168-20-201.ec2.internal,b62420b5cf7fe7b9214a07f7be47349e47d20ae906c95164d797d40ae6c7af0e,1,1965.0,2040.0
1,keda-poisson-707-caec82d6,000036,19.156478,2026-08-31T20:51:37.077+00:00,2026-08-31T20:51:33.203+00:00,2026-08-31T20:51:33.805+00:00,2026-08-31T20:51:33.805+00:00,2026-08-31T20:51:34.105+00:00,2026-08-31T20:51:34.105+00:00,0.132924,0.30076849999932165,sqs-worker-5986dcd897-x8rdl,ip-192-168-20-201.ec2.internal,b09a6f549700db5d28516754f775227622da742b2e14b524b51e0fec78c10b8e,1,602.0,902.0
1,keda-poisson-707-caec82d6,000033,17.706379,2026-08-31T20:51:35.626+00:00,2026-08-31T20:51:31.756+00:00,2026-08-31T20:51:33.514+00:00,2026-08-31T20:51:33.514+00:00,2026-08-31T20:51:33.598+00:00,2026-08-31T20:51:33.598+00:00,0.03313,0.08431990200006112,sqs-worker-5986dcd897-x8rdl,ip-192-168-20-201.ec2.internal,ca2939e2325222b05e981b6b8ed805bf96abe6895e87c0de30cf57eccd477cbf,1,1758.0,1842.0
1,keda-poisson-707-caec82d6,000039,20.015496,2026-08-31T20:51:37.935+00:00,2026-08-31T20:51:34.064+00:00,2026-08-31T20:51:34.123+00:00,2026-08-31T20:51:34.123+00:00,2026-08-31T20:51:34.887+00:00,2026-08-31T20:51:34.887+00:00,0.297158,0.7638662560002558,sqs-worker-5986dcd897-x8rdl,ip-192-168-20-201.ec2.internal,40921bbf6e15430e8b473a361948117f05458498eb1ede2c0833330ab44c136d,1,59.0,823.0
1,keda-poisson-707-caec82d6,000034,18.325385,2026-08-31T20:51:36.245+00:00,2026-08-31T20:51:32.374+00:00,2026-08-31T20:51:34.902+00:00,2026-08-31T20:51:34.902+00:00,2026-08-31T20:51:35.186+00:00,2026-08-31T20:51:35.186+00:00,0.114239,0.2832009269986884,sqs-worker-5986dcd897-x8rdl,ip-192-168-20-201.ec2.internal,56817da80c91fef8475d993d14098797b96d4c0cc96bc548f3266e62050f71cd,1,2528.0,2812.0
1,keda-poisson-707-caec82d6,000038,19.624937,2026-08-31T20:51:37.545+00:00,2026-08-31T20:51:33.673+00:00,2026-08-31T20:51:35.214+00:00,2026-08-31T20:51:35.214+00:00,2026-08-31T20:51:35.291+00:00,2026-08-31T20:51:35.292+00:00,0.042074,0.07776690699938626,sqs-worker-5986dcd897-x8rdl,ip-192-168-20-201.ec2.internal,d4eea2eebf5b7f5ac5a2befa39079d01ba50a2083b650acfd6dacafaf26fd046,1,1541.0,1618.0
1,keda-poisson-707-caec82d6,000040,21.063174,2026-08-31T20:51:38.984+00:00,2026-08-31T20:51:35.113+00:00,2026-08-31T20:51:35.312+00:00,2026-08-31T20:51:35.312+00:00,2026-08-31T20:51:35.995+00:00,2026-08-31T20:51:35.995+00:00,0.279323,0.6826623130000371,sqs-worker-5986dcd897-x8rdl,ip-192-168-20-201.ec2.internal,631b079e3ddf4c6b8e7777174c4f192dc20d8847f6bdb505e9eed9cec46d7500,1,199.0,882.0
1,keda-poisson-707-caec82d6,000029,15.523155,2026-08-31T20:51:33.443+00:00,2026-08-31T20:51:29.570+00:00,2026-08-31T20:51:36.020+00:00,2026-08-31T20:51:36.020+00:00,2026-08-31T20:51:36.284+00:00,2026-08-31T20:51:36.284+00:00,0.104873,0.26397743400048057,sqs-worker-5986dcd897-x8rdl,ip-192-168-20-201.ec2.internal,b6218fa494a4eaa5b545c3bc8990fccabc59e52704865fbc223f413bf0319768,1,6450.0,6714.0
1,keda-poisson-707-caec82d6,000042,21.324933,2026-08-31T20:51:39.245+00:00,2026-08-31T20:51:35.371+00:00,2026-08-31T20:51:36.304+00:00,2026-08-31T20:51:36.304+00:00,2026-08-31T20:51:36.403+00:00,2026-08-31T20:51:36.403+00:00,0.054888,0.098576835998756,sqs-worker-5986dcd897-x8rdl,ip-192-168-20-201.ec2.internal,b03d1f62c4350216f75435debbe5d2686f69d16d8af611fbec2b29f07c6a9579,1,933.0,1032.0
1,keda-poisson-707-caec82d6,000041,21.100797,2026-08-31T20:51:39.020+00:00,2026-08-31T20:51:35.149+00:00,2026-08-31T20:51:36.423+00:00,2026-08-31T20:51:36.423+00:00,2026-08-31T20:51:36.895+00:00,2026-08-31T20:51:36.895+00:00,0.188038,0.4721011729998281,sqs-worker-5986dcd897-x8rdl,ip-192-168-20-201.ec2.internal,f0405caee92c41efad7d54d01aff7cb7dc484fdc4f86afbd838f558bf51754b5,1,1274.0,1746.0
1,keda-poisson-707-caec82d6,000044,23.032904,2026-08-31T20:51:40.953+00:00,2026-08-31T20:51:37.082+00:00,2026-08-31T20:51:37.240+00:00,2026-08-31T20:51:37.240+00:00,2026-08-31T20:51:37.287+00:00,2026-08-31T20:51:37.287+00:00,0.020236,0.047502075000011246,sqs-worker-5986dcd897-x8rdl,ip-192-168-20-201.ec2.internal,8bd03154bbb1d2b356b49e2bb26bc1928ad17fcf9c02594fec675d67461b0d92,1,158.0,205.0
1,keda-poisson-707-caec82d6,000043,21.432896,2026-08-31T20:51:39.352+00:00,2026-08-31T20:51:35.479+00:00,2026-08-31T20:51:36.912+00:00,2026-08-31T20:51:36.912+00:00,2026-08-31T20:51:37.203+00:00,2026-08-31T20:51:37.203+00:00,0.1236,0.29058260199963115,sqs-worker-5986dcd897-x8rdl,ip-192-168-20-201.ec2.internal,9e9a7bff0c4342d164205da3e91534d95f5084234df288c4f642ec9a2681ca32,1,1433.0,1724.0
1,keda-poisson-707-caec82d6,000031,17.266914,2026-08-31T20:51:35.187+00:00,2026-08-31T20:51:31.313+00:00,2026-08-31T20:51:37.344+00:00,2026-08-31T20:51:37.344+00:00,2026-08-31T20:51:38.577+00:00,2026-08-31T20:51:38.577+00:00,0.505196,1.2333229619998747,sqs-worker-5986dcd897-x8rdl,ip-192-168-20-201.ec2.internal,29ccf62f5692e65e21eac18da47ba6e41f37adb8e2bfe47de8faadfd637f2426,1,6031.0,7264.0
1,keda-poisson-707-caec82d6,000035,18.581514,2026-08-31T20:51:36.501+00:00,2026-08-31T20:51:32.627+00:00,2026-08-31T20:51:38.613+00:00,2026-08-31T20:51:38.613+00:00,2026-08-31T20:51:38.784+00:00,2026-08-31T20:51:38.784+00:00,0.082397,0.17118054000093252,sqs-worker-5986dcd897-x8rdl,ip-192-168-20-201.ec2.internal,97d0964eec7e0b2c764506a1c8bc125e09f30943666988238d4cfbef92ab2b45,1,5986.0,6157.0
1,keda-poisson-707-caec82d6,000045,23.512908,2026-08-31T20:51:41.433+00:00,2026-08-31T20:51:37.559+00:00,2026-08-31T20:51:38.811+00:00,2026-08-31T20:51:38.811+00:00,2026-08-31T20:51:39.214+00:00,2026-08-31T20:51:39.214+00:00,0.186323,0.40284473599967896,sqs-worker-5986dcd897-x8rdl,ip-192-168-20-201.ec2.internal,dd5fd6cbef9e223e91aa7b593b8a40faf6fb5b40f86eb19410e8c5fa08f763b8,1,1252.0,1655.0
1,keda-poisson-707-caec82d6,000047,25.233074,2026-08-31T20:51:43.153+00:00,2026-08-31T20:51:39.291+00:00,2026-08-31T20:51:39.298+00:00,2026-08-31T20:51:39.298+00:00,2026-08-31T20:51:42.284+00:00,2026-08-31T20:51:42.284+00:00,0.643219,2.986451479000607,sqs-worker-5986dcd897-x8rdl,ip-192-168-20-201.ec2.internal,df9dda47c63d7ae72b1e325f45c16384aef2ec5bd3ea98e296b62ceb40ceeb1c,1,7.0,2993.0
1,keda-poisson-707-caec82d6,000046,24.753556,2026-08-31T20:51:42.673+00:00,2026-08-31T20:51:38.799+00:00,2026-08-31T20:51:42.301+00:00,2026-08-31T20:51:42.301+00:00,2026-08-31T20:51:42.487+00:00,2026-08-31T20:51:42.487+00:00,0.026521,0.18596725700081151,sqs-worker-5986dcd897-x8rdl,ip-192-168-20-201.ec2.internal,da3b0b256532faa6be276d0f09a57a676c36f771dcc4d9e56fe6b3a2cc4bccdd,1,3502.0,3688.0
1,keda-poisson-707-caec82d6,000049,26.952898,2026-08-31T20:51:44.874+00:00,2026-08-31T20:51:41.006+00:00,2026-08-31T20:51:42.507+00:00,2026-08-31T20:51:42.507+00:00,2026-08-31T20:51:42.522+00:00,2026-08-31T20:51:42.522+00:00,0.014545,0.014593940999475308,sqs-worker-5986dcd897-x8rdl,ip-192-168-20-201.ec2.internal,3d38988a874834f7fdc64e096c986c2d13fb5cf919bf4fbda15c0680d481f86e,1,1501.0,1516.0
1,keda-poisson-707-caec82d6,000048,25.372238,2026-08-31T20:51:43.292+00:00,2026-08-31T20:51:39.419+00:00,2026-08-31T20:51:42.579+00:00,2026-08-31T20:51:42.579+00:00,2026-08-31T20:51:43.286+00:00,2026-08-31T20:51:43.286+00:00,0.288657,0.7066284040010942,sqs-worker-5986dcd897-x8rdl,ip-192-168-20-201.ec2.internal,77474d114666c55250e061dfe7eed4cd7d31b9680011912ad497ecb211216657,1,3160.0,3867.0
1,keda-poisson-707-caec82d6,000050,27.434228,2026-08-31T20:51:45.354+00:00,2026-08-31T20:51:41.480+00:00,2026-08-31T20:51:43.311+00:00,2026-08-31T20:51:43.311+00:00,2026-08-31T20:51:43.407+00:00,2026-08-31T20:51:43.407+00:00,0.057813,0.09607482200044615,sqs-worker-5986dcd897-x8rdl,ip-192-168-20-201.ec2.internal,72eaffa03ce1a90693e89fec2df672888d9d23513612737c3f710d25fa12477f,1,1831.0,1927.0
1,keda-poisson-707-caec82d6,000052,28.82057,2026-08-31T20:51:46.741+00:00,2026-08-31T20:51:42.881+00:00,2026-08-31T20:51:43.424+00:00,2026-08-31T20:51:43.424+00:00,2026-08-31T20:51:44.085+00:00,2026-08-31T20:51:44.085+00:00,0.247925,0.6618974829998479,sqs-worker-5986dcd897-x8rdl,ip-192-168-20-201.ec2.internal,7294d0ca0f3e81a6a682c12e6b34de9572c85e3605aaf6a54bf315987a89f877,1,543.0,1204.0
1,keda-poisson-707-caec82d6,000051,27.796624,2026-08-31T20:51:45.716+00:00,2026-08-31T20:51:41.843+00:00,2026-08-31T20:51:44.100+00:00,2026-08-31T20:51:44.100+00:00,2026-08-31T20:51:44.387+00:00,2026-08-31T20:51:44.387+00:00,0.123161,0.2864330410011462,sqs-worker-5986dcd897-x8rdl,ip-192-168-20-201.ec2.internal,6a6992aa84a70f48ff630f81cda9136acedfbaf232ce3815af66058b1483c077,1,2257.0,2544.0
1,keda-poisson-707-caec82d6,000054,30.173735,2026-08-31T20:51:48.095+00:00,2026-08-31T20:51:44.219+00:00,2026-08-31T20:51:44.424+00:00,2026-08-31T20:51:44.424+00:00,2026-08-31T20:51:44.496+00:00,2026-08-31T20:51:44.497+00:00,0.045798,0.07288413899914303,sqs-worker-5986dcd897-x8rdl,ip-192-168-20-201.ec2.internal,59dacc28831663a0f7477f2dc7b31c569b3a692ea2000eeac491817f43e8942d,1,205.0,277.0
1,keda-poisson-707-caec82d6,000053,28.888633,2026-08-31T20:51:46.808+00:00,2026-08-31T20:51:42.935+00:00,2026-08-31T20:51:44.529+00:00,2026-08-31T20:51:44.529+00:00,2026-08-31T20:51:45.983+00:00,2026-08-31T20:51:45.983+00:00,0.582656,1.454177069999787,sqs-worker-5986dcd897-x8rdl,ip-192-168-20-201.ec2.internal,0704038513ca33500d47509ef6af057726cbb61836623c124f6d6437bd5cae16,1,1594.0,3048.0
1,keda-poisson-707-caec82d6,000055,31.062532,2026-08-31T20:51:48.983+00:00,2026-08-31T20:51:45.110+00:00,2026-08-31T20:51:46.003+00:00,2026-08-31T20:51:46.003+00:00,2026-08-31T20:51:46.978+00:00,2026-08-31T20:51:46.978+00:00,0.390526,0.975221018999946,sqs-worker-5986dcd897-x8rdl,ip-192-168-20-201.ec2.internal,e278fffad466de6e4aa0fd2f5ca0840d27f51f62018271078b911a2b55c78f17,1,893.0,1868.0
1,keda-poisson-707-caec82d6,000058,32.915555,2026-08-31T20:51:50.836+00:00,2026-08-31T20:51:46.966+00:00,2026-08-31T20:51:46.993+00:00,2026-08-31T20:51:46.993+00:00,2026-08-31T20:51:47.604+00:00,2026-08-31T20:51:47.604+00:00,0.262419,0.611180981999496,sqs-worker-5986dcd897-x8rdl,ip-192-168-20-201.ec2.internal,331efb50af33e3b5719858936f1e9fd0016717242b4b5b3d3a06247ee974bdba,1,27.0,638.0
1,keda-poisson-707-caec82d6,000056,31.067197,2026-08-31T20:51:48.987+00:00,2026-08-31T20:51:45.111+00:00,2026-08-31T20:51:47.635+00:00,2026-08-31T20:51:47.635+00:00,2026-08-31T20:51:49.398+00:00,2026-08-31T20:51:49.398+00:00,0.709872,1.7626929220004968,sqs-worker-5986dcd897-x8rdl,ip-192-168-20-201.ec2.internal,ebb4954ed41d042c2a7c5b4c4b3867b4db5dad6c1dbaa82c800b66067e3d6110,1,2524.0,4287.0
1,keda-poisson-707-caec82d6,000060,35.355742,2026-08-31T20:51:53.276+00:00,2026-08-31T20:51:49.401+00:00,2026-08-31T20:51:49.441+00:00,2026-08-31T20:51:49.441+00:00,2026-08-31T20:51:50.489+00:00,2026-08-31T20:51:50.489+00:00,0.242101,1.0478367999985494,sqs-worker-5986dcd897-x8rdl,ip-192-168-20-201.ec2.internal,73fe2e3712f29cf8eb2bf8f41c7b9c2c5fef3ef7a7a0bcf49a6c18625d5b4d0f,1,40.0,1088.0
1,keda-poisson-707-caec82d6,000061,36.050421,2026-08-31T20:51:53.971+00:00,2026-08-31T20:51:50.096+00:00,2026-08-31T20:51:50.506+00:00,2026-08-31T20:51:50.506+00:00,2026-08-31T20:51:50.785+00:00,2026-08-31T20:51:50.785+00:00,0.034546,0.27900335199956317,sqs-worker-5986dcd897-x8rdl,ip-192-168-20-201.ec2.internal,00da3d152097be06a943e4fd54293a82cc92bd64d58fcb8eef8e6d10b856c323,1,410.0,689.0
1,keda-poisson-707-caec82d6,000057,32.294654,2026-08-31T20:51:50.215+00:00,2026-08-31T20:51:46.342+00:00,2026-08-31T20:51:50.815+00:00,2026-08-31T20:51:50.815+00:00,2026-08-31T20:51:52.292+00:00,2026-08-31T20:51:52.292+00:00,0.263733,1.4775426569995034,sqs-worker-5986dcd897-x8rdl,ip-192-168-20-201.ec2.internal,26525dd951347326f080272e154c807008b127eddaa3e68cedbdc50b51adb1eb,1,4473.0,5950.0
1,keda-poisson-707-caec82d6,000059,34.871863,2026-08-31T20:51:52.793+00:00,2026-08-31T20:51:48.919+00:00,2026-08-31T20:51:52.334+00:00,2026-08-31T20:51:52.334+00:00,2026-08-31T20:51:52.339+00:00,2026-08-31T20:51:52.339+00:00,0.005,0.005037459999584826,sqs-worker-5986dcd897-x8rdl,ip-192-168-20-201.ec2.internal,372aaa8f4b6353cd719b516d023b20362fdd2e550a30a4d64b327a159dbb777a,1,3415.0,3420.0
1,keda-poisson-707-caec82d6,000062,37.13339,2026-08-31T20:51:55.053+00:00,2026-08-31T20:51:51.179+00:00,2026-08-31T20:51:52.374+00:00,2026-08-31T20:51:52.374+00:00,2026-08-31T20:51:53.485+00:00,2026-08-31T20:51:53.486+00:00,0.451762,1.1119997709993186,sqs-worker-5986dcd897-x8rdl,ip-192-168-20-201.ec2.internal,657f7b63b6b3eb2d1f4225e9bee3a49eda315894275dfad79daa8cef6943a8ea,1,1195.0,2306.0
1,keda-poisson-707-caec82d6,000064,38.544532,2026-08-31T20:51:56.463+00:00,2026-08-31T20:51:52.596+00:00,2026-08-31T20:51:53.617+00:00,2026-08-31T20:51:53.617+00:00,2026-08-31T20:51:53.779+00:00,2026-08-31T20:51:53.779+00:00,0.061782,0.16219287000058102,sqs-worker-5986dcd897-x8rdl,ip-192-168-20-201.ec2.internal,84ff72cfe18504538924cbe334a28a70b9067b6f82975bb8a896f6d70d8aef72,1,1020.9999999999999,1183.0
1,keda-poisson-707-caec82d6,000065,38.760287,2026-08-31T20:51:56.679+00:00,2026-08-31T20:51:52.807+00:00,2026-08-31T20:51:53.505+00:00,2026-08-31T20:51:53.505+00:00,2026-08-31T20:51:53.510+00:00,2026-08-31T20:51:53.510+00:00,0.005,0.00503225200009183,sqs-worker-5986dcd897-x8rdl,ip-192-168-20-201.ec2.internal,ace1df6112f1d19976fea4110ce683d5e9176d7c2d2152fcacc6d7d419bf8d51,1,698.0,703.0
1,keda-poisson-707-caec82d6,000063,37.978814,2026-08-31T20:51:55.898+00:00,2026-08-31T20:51:52.031+00:00,2026-08-31T20:51:53.546+00:00,2026-08-31T20:51:53.546+00:00,2026-08-31T20:51:53.593+00:00,2026-08-31T20:51:53.593+00:00,0.03526,0.04731069499939622,sqs-worker-5986dcd897-x8rdl,ip-192-168-20-201.ec2.internal,eb736dfa5e5cd53093b02362070b0097a35e7f38cc79c82f0599a08a39eb6aa2,1,1515.0,1562.0
1,keda-poisson-707-caec82d6,000068,39.735324,2026-08-31T20:51:57.654+00:00,2026-08-31T20:51:53.781+00:00,2026-08-31T20:51:53.809+00:00,2026-08-31T20:51:53.809+00:00,2026-08-31T20:51:54.085+00:00,2026-08-31T20:51:54.085+00:00,0.12128,0.27558592700006557,sqs-worker-5986dcd897-x8rdl,ip-192-168-20-201.ec2.internal,0077be266227e75d9153e2b257eda0f9dc48c3d0262827c48b40a9d5fec314cf,1,28.0,304.0
1,keda-poisson-707-caec82d6,000069,40.0124,2026-08-31T20:51:57.931+00:00,2026-08-31T20:51:54.057+00:00,2026-08-31T20:51:54.120+00:00,2026-08-31T20:51:54.120+00:00,2026-08-31T20:51:56.211+00:00,2026-08-31T20:51:56.211+00:00,0.862767,2.09093986300104,sqs-worker-5986dcd897-x8rdl,ip-192-168-20-201.ec2.internal,6e1626d205f12c27a61328e9157d0ca504f8d2214e021577528923cec99d2762,1,63.0,2154.0
1,keda-poisson-707-caec82d6,000074,41.427823,2026-08-31T20:51:59.346+00:00,2026-08-31T20:51:55.474+00:00,2026-08-31T20:51:56.285+00:00,2026-08-31T20:51:56.285+00:00,2026-08-31T20:51:56.509+00:00,2026-08-31T20:51:56.509+00:00,0.112605,0.22402218199931667,sqs-worker-5986dcd897-x8rdl,ip-192-168-20-201.ec2.internal,814b3f21a3eef0577fcc5d2e83bd2fd616f25f26a310460c8975f49101552c23,1,811.0,1035.0
1,keda-poisson-707-caec82d6,000072,41.152381,2026-08-31T20:51:59.071+00:00,2026-08-31T20:51:55.197+00:00,2026-08-31T20:51:56.718+00:00,2026-08-31T20:51:56.718+00:00,2026-08-31T20:51:56.723+00:00,2026-08-31T20:51:56.723+00:00,0.005,0.005030801999964751,sqs-worker-5986dcd897-x8rdl,ip-192-168-20-201.ec2.internal,43d4c34ffe28ec150770ca1dbd5218f020af9dc7abb06e871fea880d94622394,1,1521.0,1526.0
1,keda-poisson-707-caec82d6,000067,39.205948,2026-08-31T20:51:57.124+00:00,2026-08-31T20:51:53.256+00:00,2026-08-31T20:51:56.524+00:00,2026-08-31T20:51:56.524+00:00,2026-08-31T20:51:56.700+00:00,2026-08-31T20:51:56.700+00:00,0.066834,0.17568969400053902,sqs-worker-5986dcd897-x8rdl,ip-192-168-20-201.ec2.internal,60a086ea1a224b9f7bc8cd629815568d3937a0ae584364d5fd154f3cbfac99dd,1,3268.0,3444.0
1,keda-poisson-707-caec82d6,000073,41.176408,2026-08-31T20:51:59.095+00:00,2026-08-31T20:51:55.222+00:00,2026-08-31T20:51:56.905+00:00,2026-08-31T20:51:56.905+00:00,2026-08-31T20:51:57.386+00:00,2026-08-31T20:51:57.386+00:00,0.196922,0.48156201299934764,sqs-worker-5986dcd897-x8rdl,ip-192-168-20-201.ec2.internal,e1f1c791168a5c07574521c5501cdb3a44838374e8abcad2f76e8db70804e464,1,1683.0,2164.0
1,keda-poisson-707-caec82d6,000066,38.920516,2026-08-31T20:51:56.839+00:00,2026-08-31T20:51:52.966+00:00,2026-08-31T20:51:56.749+00:00,2026-08-31T20:51:56.749+00:00,2026-08-31T20:51:56.885+00:00,2026-08-31T20:51:56.885+00:00,0.053051,0.1360375730000669,sqs-worker-5986dcd897-x8rdl,ip-192-168-20-201.ec2.internal,08befd16a32c8e062146e85bc466ab1e79a7f17516e8eefb15ce175eb01c42e4,1,3783.0,3919.0
1,keda-poisson-707-caec82d6,000075,42.647468,2026-08-31T20:52:00.566+00:00,2026-08-31T20:51:56.694+00:00,2026-08-31T20:51:57.411+00:00,2026-08-31T20:51:57.411+00:00,2026-08-31T20:51:58.002+00:00,2026-08-31T20:51:58.002+00:00,0.250912,0.5908646050011157,sqs-worker-5986dcd897-x8rdl,ip-192-168-20-201.ec2.internal,35541ac9a4c2662c9a7c8e401eeb67f8835d26c3971f667c7e68b99f502430c6,1,717.0,1308.0
1,keda-poisson-707-caec82d6,000077,42.966324,2026-08-31T20:52:00.885+00:00,2026-08-31T20:51:57.013+00:00,2026-08-31T20:51:58.022+00:00,2026-08-31T20:51:58.022+00:00,2026-08-31T20:51:58.377+00:00,2026-08-31T20:51:58.377+00:00,0.131923,0.355264965999595,sqs-worker-5986dcd897-x8rdl,ip-192-168-20-201.ec2.internal,580ee38f0cfeac3d20936a1e5c0e6892fd759672932eabf32a47bb710b2b4fc2,1,1008.9999999999999,1364.0
1,keda-poisson-707-caec82d6,000071,41.012731,2026-08-31T20:51:58.931+00:00,2026-08-31T20:51:55.057+00:00,2026-08-31T20:51:58.403+00:00,2026-08-31T20:51:58.403+00:00,2026-08-31T20:51:59.314+00:00,2026-08-31T20:51:59.314+00:00,0.392402,0.9109366330012563,sqs-worker-5986dcd897-x8rdl,ip-192-168-20-201.ec2.internal,07a19fd4ef01696b48e2bf7818df0709b397a4fedf49086f5f3e95751df0d34f,1,3346.0,4257.0
1,keda-poisson-707-caec82d6,000070,40.586678,2026-08-31T20:51:58.505+00:00,2026-08-31T20:51:54.631+00:00,2026-08-31T20:51:59.394+00:00,2026-08-31T20:51:59.394+00:00,2026-08-31T20:52:00.190+00:00,2026-08-31T20:52:00.190+00:00,0.218986,0.7966626719990018,sqs-worker-5986dcd897-x8rdl,ip-192-168-20-201.ec2.internal,8c45ba1540237c1beb5a61fab3dfbf1d4774fe850258dd5e1fdc2b346763df79,1,4763.0,5559.0
1,keda-poisson-707-caec82d6,000078,43.012719,2026-08-31T20:52:00.931+00:00,2026-08-31T20:51:57.059+00:00,2026-08-31T20:52:00.275+00:00,2026-08-31T20:52:00.275+00:00,2026-08-31T20:52:00.585+00:00,2026-08-31T20:52:00.585+00:00,0.065123,0.3099514089990407,sqs-worker-5986dcd897-x8rdl,ip-192-168-20-201.ec2.internal,b03dad8c2f27d26704ce36003fd915087e7fc1b3ca67d860739151eb2ad3ca80,1,3216.0,3526.0
1,keda-poisson-707-caec82d6,000076,42.912777,2026-08-31T20:52:00.831+00:00,2026-08-31T20:51:56.957+00:00,2026-08-31T20:52:00.628+00:00,2026-08-31T20:52:00.628+00:00,2026-08-31T20:52:01.184+00:00,2026-08-31T20:52:01.184+00:00,0.09282,0.5562833849999151,sqs-worker-5986dcd897-x8rdl,ip-192-168-20-201.ec2.internal,fcec0d9c30b41278bbdb1d2f5abfd48be708f42a5d3217f67e6ffde76e9a50f0,1,3671.0,4227.0
1,keda-poisson-707-caec82d6,000081,46.934767,2026-08-31T20:52:04.853+00:00,2026-08-31T20:52:00.981+00:00,2026-08-31T20:52:01.207+00:00,2026-08-31T20:52:01.207+00:00,2026-08-31T20:52:03.493+00:00,2026-08-31T20:52:03.493+00:00,0.654693,2.2863372539995908,sqs-worker-5986dcd897-x8rdl,ip-192-168-20-201.ec2.internal,beabfb116887776fcfb735daec8b8627c389f420b105894053a66fe7a5e4281d,1,226.0,2512.0
1,keda-poisson-707-caec82d6,000079,46.851419,2026-08-31T20:52:04.773+00:00,2026-08-31T20:52:00.906+00:00,2026-08-31T20:52:03.515+00:00,2026-08-31T20:52:03.515+00:00,2026-08-31T20:52:03.578+00:00,2026-08-31T20:52:03.578+00:00,0.02083,0.06372053599989158,sqs-worker-5986dcd897-x8rdl,ip-192-168-20-201.ec2.internal,3b47583264b495339396faa8f7aa82a2d1b03e2743fecec5821385cc9ce55eda,1,2609.0,2672.0
1,keda-poisson-707-caec82d6,000083,48.948583,2026-08-31T20:52:06.869+00:00,2026-08-31T20:52:03.004+00:00,2026-08-31T20:52:04.125+00:00,2026-08-31T20:52:04.125+00:00,2026-08-31T20:52:04.583+00:00,2026-08-31T20:52:04.583+00:00,0.178885,0.45811740700082737,sqs-worker-5986dcd897-x8rdl,ip-192-168-20-201.ec2.internal,3e6147013d3c88fa4a56027741adbe0ea92b01a8986389787f7bb59e9d99b56b,1,1121.0,1579.0
1,keda-poisson-707-caec82d6,000084,49.017866,2026-08-31T20:52:06.936+00:00,2026-08-31T20:52:03.064+00:00,2026-08-31T20:52:03.593+00:00,2026-08-31T20:52:03.593+00:00,2026-08-31T20:52:03.907+00:00,2026-08-31T20:52:03.907+00:00,0.145719,0.3136789290001616,sqs-worker-5986dcd897-x8rdl,ip-192-168-20-201.ec2.internal,c056aabd68ea067d92c2dc9d2f4dae31cefbf5576fb6f0e3df37d26501282486,1,529.0,843.0
1,keda-poisson-707-caec82d6,000080,46.877273,2026-08-31T20:52:04.796+00:00,2026-08-31T20:52:00.928+00:00,2026-08-31T20:52:03.923+00:00,2026-08-31T20:52:03.923+00:00,2026-08-31T20:52:04.100+00:00,2026-08-31T20:52:04.100+00:00,0.068461,0.1774637039998197,sqs-worker-5986dcd897-x8rdl,ip-192-168-20-201.ec2.internal,e2a78ef20fa6824e2dbb497059fd4b944ae311cf393f678a56337bc753c3fe32,1,2995.0,3172.0
1,keda-poisson-707-caec82d6,000082,46.976092,2026-08-31T20:52:04.895+00:00,2026-08-31T20:52:01.614+00:00,2026-08-31T20:52:04.624+00:00,2026-08-31T20:52:04.624+00:00,2026-08-31T20:52:04.880+00:00,2026-08-31T20:52:04.880+00:00,0.105864,0.255718522999814,sqs-worker-5986dcd897-x8rdl,ip-192-168-20-201.ec2.internal,8c8621cb8f44d8da82640974a3807d057c152fe70e4a9fe69ccaabb0bada911e,1,3010.0,3266.0
1,keda-poisson-707-caec82d6,000085,49.119378,2026-08-31T20:52:07.038+00:00,2026-08-31T20:52:03.174+00:00,2026-08-31T20:52:04.914+00:00,2026-08-31T20:52:04.914+00:00,2026-08-31T20:52:05.096+00:00,2026-08-31T20:52:05.096+00:00,0.092358,0.18239603999973042,sqs-worker-5986dcd897-x8rdl,ip-192-168-20-201.ec2.internal,36b6695cbe4c2ece75d6922519e823411826f518e302f8aa3fdef5a67b4284a6,1,1740.0,1922.0
1,keda-poisson-707-caec82d6,000086,49.424734,2026-08-31T20:52:07.343+00:00,2026-08-31T20:52:03.492+00:00,2026-08-31T20:52:05.124+00:00,2026-08-31T20:52:05.124+00:00,2026-08-31T20:52:06.098+00:00,2026-08-31T20:52:06.098+00:00,0.397443,0.9735771000014211,sqs-worker-5986dcd897-x8rdl,ip-192-168-20-201.ec2.internal,88a029ddc5c7923597ef5bdeac7cdea2ec059d6721cfbdba39365ba6e7b8c439,1,1632.0,2606.0
1,keda-poisson-707-caec82d6,000087,50.138005,2026-08-31T20:52:08.057+00:00,2026-08-31T20:52:04.189+00:00,2026-08-31T20:52:06.133+00:00,2026-08-31T20:52:06.133+00:00,2026-08-31T20:52:07.305+00:00,2026-08-31T20:52:07.305+00:00,0.483041,1.1720427500004007,sqs-worker-5986dcd897-x8rdl,ip-192-168-20-201.ec2.internal,55399909d3c11daad0ea0655280c72dc12b095d73b819cfd97df26b807cd96d8,1,1944.0,3116.0
1,keda-poisson-707-caec82d6,000088,53.324405,2026-08-31T20:52:11.246+00:00,2026-08-31T20:52:07.375+00:00,2026-08-31T20:52:07.380+00:00,2026-08-31T20:52:07.380+00:00,2026-08-31T20:52:07.500+00:00,2026-08-31T20:52:07.500+00:00,0.057132,0.1193294849999802,sqs-worker-5986dcd897-x8rdl,ip-192-168-20-201.ec2.internal,b776a3c2cfc76349cfb9d3eff89dd1e65424056843584949f90d1dec707eba23,1,5.0,125.0
1,keda-poisson-707-caec82d6,000089,54.777023,2026-08-31T20:52:12.696+00:00,2026-08-31T20:52:08.825+00:00,2026-08-31T20:52:08.829+00:00,2026-08-31T20:52:08.829+00:00,2026-08-31T20:52:08.851+00:00,2026-08-31T20:52:08.851+00:00,0.021527,0.0215683500009618,sqs-worker-5986dcd897-x8rdl,ip-192-168-20-201.ec2.internal,970006df7cb18e3674a8ef75527b86821e7895c84dec4d825eb0e4b9ff977bed,1,4.0,26.0
1,keda-poisson-707-caec82d6,000090,54.992582,2026-08-31T20:52:12.911+00:00,2026-08-31T20:52:09.045+00:00,2026-08-31T20:52:09.050+00:00,2026-08-31T20:52:09.050+00:00,2026-08-31T20:52:09.495+00:00,2026-08-31T20:52:09.495+00:00,0.206003,0.4447667660006118,sqs-worker-5986dcd897-x8rdl,ip-192-168-20-201.ec2.internal,4f2151c43e4ae3fde4ab28e2fe19f5b7e630960bd7e83f219538ae24a47714fb,1,5.0,450.0
1,keda-poisson-707-caec82d6,000091,55.657546,2026-08-31T20:52:13.576+00:00,2026-08-31T20:52:09.704+00:00,2026-08-31T20:52:09.708+00:00,2026-08-31T20:52:09.708+00:00,2026-08-31T20:52:10.789+00:00,2026-08-31T20:52:10.789+00:00,0.189573,1.0809482969998498,sqs-worker-5986dcd897-x8rdl,ip-192-168-20-201.ec2.internal,ed7d8072398a06abcf24d211f31ed1f271987b58f97ad948bbd8c5259e2b6179,1,4.0,1085.0
1,keda-poisson-707-caec82d6,000092,55.711486,2026-08-31T20:52:13.630+00:00,2026-08-31T20:52:09.759+00:00,2026-08-31T20:52:10.854+00:00,2026-08-31T20:52:10.854+00:00,2026-08-31T20:52:11.389+00:00,2026-08-31T20:52:11.389+00:00,0.10663,0.5350330869987374,sqs-worker-5986dcd897-x8rdl,ip-192-168-20-201.ec2.internal,6c00a7ce45bffae347f0048a3fc0535e61c4d38e094e4b04e0306bf504282b30,1,1095.0,1630.0
1,keda-poisson-707-caec82d6,000096,56.938034,2026-08-31T20:52:14.856+00:00,2026-08-31T20:52:10.986+00:00,2026-08-31T20:52:11.488+00:00,2026-08-31T20:52:11.489+00:00,2026-08-31T20:52:11.995+00:00,2026-08-31T20:52:11.995+00:00,0.09631,0.5063849260004645,sqs-worker-5986dcd897-x8rdl,ip-192-168-20-201.ec2.internal,a07e38ccab7b2d6b23939272be0a3f60bed0a91c9facafd534833d655f033763,1,502.0,1008.9999999999999
1,keda-poisson-707-caec82d6,000095,56.77594,2026-08-31T20:52:14.694+00:00,2026-08-31T20:52:10.857+00:00,2026-08-31T20:52:12.088+00:00,2026-08-31T20:52:12.088+00:00,2026-08-31T20:52:12.610+00:00,2026-08-31T20:52:12.610+00:00,0.172641,0.522467429000244,sqs-worker-5986dcd897-x8rdl,ip-192-168-20-201.ec2.internal,2339e4cb70efde92d32231a7486d56d7c00fa095a2ea5ac47c87f815a81586d9,1,1231.0,1753.0
1,keda-poisson-707-caec82d6,000093,56.538625,2026-08-31T20:52:14.458+00:00,2026-08-31T20:52:10.585+00:00,2026-08-31T20:52:12.643+00:00,2026-08-31T20:52:12.643+00:00,2026-08-31T20:52:13.387+00:00,2026-08-31T20:52:13.387+00:00,0.293185,0.7435916190006537,sqs-worker-5986dcd897-x8rdl,ip-192-168-20-201.ec2.internal,ada0dc196c4bcb047991037d4d8618913d1731d44c7c6d8cf1ffb791c193d9ee,1,2058.0,2802.0
1,keda-poisson-707-caec82d6,000097,58.59052,2026-08-31T20:52:16.510+00:00,2026-08-31T20:52:12.641+00:00,2026-08-31T20:52:13.400+00:00,2026-08-31T20:52:13.400+00:00,2026-08-31T20:52:13.789+00:00,2026-08-31T20:52:13.789+00:00,0.158069,0.389017020999745,sqs-worker-5986dcd897-x8rdl,ip-192-168-20-201.ec2.internal,01d18549d353f2b9ec030177b01e183ec72df929fb20cb47050244d0c1590f70,1,759.0,1148.0
1,keda-poisson-707-caec82d6,000098,58.843483,2026-08-31T20:52:16.762+00:00,2026-08-31T20:52:12.888+00:00,2026-08-31T20:52:13.812+00:00,2026-08-31T20:52:13.812+00:00,2026-08-31T20:52:14.414+00:00,2026-08-31T20:52:14.414+00:00,0.261182,0.602249319999828,sqs-worker-5986dcd897-x8rdl,ip-192-168-20-201.ec2.internal,7c571c061c5ee2c99eba7a387ea93e1a60251585ba2b002c559dcc51ee38ee46,1,924.0,1526.0
1,keda-poisson-707-caec82d6,000099,59.196996,2026-08-31T20:52:17.116+00:00,2026-08-31T20:52:13.241+00:00,2026-08-31T20:52:14.427+00:00,2026-08-31T20:52:14.427+00:00,2026-08-31T20:52:15.007+00:00,2026-08-31T20:52:15.007+00:00,0.228357,0.5796428730009211,sqs-worker-5986dcd897-x8rdl,ip-192-168-20-201.ec2.internal,e56750c6e63f380332267161f7bb2a0e720a21121c69ba3649ffa262cbaa7567,1,1186.0,1766.0
1,keda-poisson-707-caec82d6,000103,60.966304,2026-08-31T20:52:18.885+00:00,2026-08-31T20:52:15.012+00:00,2026-08-31T20:52:15.109+00:00,2026-08-31T20:52:15.109+00:00,2026-08-31T20:52:15.786+00:00,2026-08-31T20:52:15.786+00:00,0.280997,0.6775940979987354,sqs-worker-5986dcd897-x8rdl,ip-192-168-20-201.ec2.internal,a0b86e7ea050ebc6bb24af7a10c43397b5db9250a826e0427097e3a3ba4cab20,1,97.0,774.0
1,keda-poisson-707-caec82d6,000105,61.597586,2026-08-31T20:52:19.516+00:00,2026-08-31T20:52:15.642+00:00,2026-08-31T20:52:15.850+00:00,2026-08-31T20:52:15.850+00:00,2026-08-31T20:52:15.886+00:00,2026-08-31T20:52:15.886+00:00,0.008346,0.0354312920007942,sqs-worker-5986dcd897-x8rdl,ip-192-168-20-201.ec2.internal,3281d7824d3cf7dedab0f6d459bd4cc9d64c9a75eff3ae325228ac2d531bf9cd,1,208.0,244.0
1,keda-poisson-707-caec82d6,000100,59.409706,2026-08-31T20:52:17.328+00:00,2026-08-31T20:52:13.453+00:00,2026-08-31T20:52:15.805+00:00,2026-08-31T20:52:15.805+00:00,2026-08-31T20:52:15.828+00:00,2026-08-31T20:52:15.828+00:00,0.023541,0.023575888999403105,sqs-worker-5986dcd897-x8rdl,ip-192-168-20-201.ec2.internal,9ab407d2c8684fc4f21b4de7ab471b95b27229e843bb8f3be2666d6e4aa0e16c,1,2352.0,2375.0
1,keda-poisson-707-caec82d6,000101,59.846773,2026-08-31T20:52:17.765+00:00,2026-08-31T20:52:13.891+00:00,2026-08-31T20:52:15.898+00:00,2026-08-31T20:52:15.898+00:00,2026-08-31T20:52:16.291+00:00,2026-08-31T20:52:16.291+00:00,0.161195,0.3924209310007427,sqs-worker-5986dcd897-x8rdl,ip-192-168-20-201.ec2.internal,439438055eb51c3d94dc64af19699edbe0554dae75fcb80022c95cfa19ff38c5,1,2007.0000000000002,2400.0
1,keda-poisson-707-caec82d6,000094,56.567679,2026-08-31T20:52:14.486+00:00,2026-08-31T20:52:10.615+00:00,2026-08-31T20:52:16.303+00:00,2026-08-31T20:52:16.303+00:00,2026-08-31T20:52:16.705+00:00,2026-08-31T20:52:16.705+00:00,0.170032,0.4017429089999496,sqs-worker-5986dcd897-x8rdl,ip-192-168-20-201.ec2.internal,e1eefaae8432261e16e3174d4e94e4a2c12ba3238a18a61fd639b77e7143882a,1,5688.0,6090.0
1,keda-poisson-707-caec82d6,000102,60.063293,2026-08-31T20:52:17.983+00:00,2026-08-31T20:52:14.115+00:00,2026-08-31T20:52:16.717+00:00,2026-08-31T20:52:16.717+00:00,2026-08-31T20:52:17.894+00:00,2026-08-31T20:52:17.894+00:00,0.465868,1.1765502519992879,sqs-worker-5986dcd897-x8rdl,ip-192-168-20-201.ec2.internal,0c3a22c18c84e4012875be0f441aa42a1ecbe76fd6b0e57baf5140cdabb8254e,1,2602.0,3779.0
1,keda-poisson-707-caec82d6,000107,63.478173,2026-08-31T20:52:21.397+00:00,2026-08-31T20:52:17.528+00:00,2026-08-31T20:52:17.914+00:00,2026-08-31T20:52:17.914+00:00,2026-08-31T20:52:18.011+00:00,2026-08-31T20:52:18.011+00:00,0.052841,0.09676378599942836,sqs-worker-5986dcd897-x8rdl,ip-192-168-20-201.ec2.internal,d6612a056bb0d2474a3d96752c53f688bb25c367ffd5025520eb4e7ffca350ff,1,386.0,483.0
1,keda-poisson-707-caec82d6,000106,62.404527,2026-08-31T20:52:20.323+00:00,2026-08-31T20:52:16.449+00:00,2026-08-31T20:52:18.045+00:00,2026-08-31T20:52:18.045+00:00,2026-08-31T20:52:18.295+00:00,2026-08-31T20:52:18.295+00:00,0.099923,0.25008259900096164,sqs-worker-5986dcd897-x8rdl,ip-192-168-20-201.ec2.internal,85fe4999c76eef208cf26182e7aed95bb701747c0d28b3b034c37a24ccc2adc7,1,1596.0,1846.0
1,keda-poisson-707-caec82d6,000104,61.112791,2026-08-31T20:52:19.031+00:00,2026-08-31T20:52:15.162+00:00,2026-08-31T20:52:18.308+00:00,2026-08-31T20:52:18.308+00:00,2026-08-31T20:52:18.611+00:00,2026-08-31T20:52:18.611+00:00,0.132314,0.30270929699872795,sqs-worker-5986dcd897-x8rdl,ip-192-168-20-201.ec2.internal,6529b81a0f8294b16ce996a24cdd2aed041b9319c07f0a15bb3fdc34377c99e8,1,3146.0,3449.0
1,keda-poisson-707-caec82d6,000109,64.083483,2026-08-31T20:52:22.002+00:00,2026-08-31T20:52:18.128+00:00,2026-08-31T20:52:18.627+00:00,2026-08-31T20:52:18.627+00:00,2026-08-31T20:52:19.503+00:00,2026-08-31T20:52:19.503+00:00,0.347861,0.8762264729994058,sqs-worker-5986dcd897-x8rdl,ip-192-168-20-201.ec2.internal,bd079e7a71736228cebc5b66656e0dbc346e29a1728feb3db30d0b6bf379c06b,1,499.0,1375.0
1,keda-poisson-707-caec82d6,000110,65.020474,2026-08-31T20:52:22.940+00:00,2026-08-31T20:52:19.067+00:00,2026-08-31T20:52:19.519+00:00,2026-08-31T20:52:19.519+00:00,2026-08-31T20:52:20.587+00:00,2026-08-31T20:52:20.587+00:00,0.219203,1.0677551870012394,sqs-worker-5986dcd897-x8rdl,ip-192-168-20-201.ec2.internal,07e0c98868b88fd42134971744d7dd4ef5465015964363572eaee93f98215ae3,1,452.0,1520.0
1,keda-poisson-707-caec82d6,000112,65.77136,2026-08-31T20:52:23.690+00:00,2026-08-31T20:52:19.815+00:00,2026-08-31T20:52:20.607+00:00,2026-08-31T20:52:20.607+00:00,2026-08-31T20:52:20.691+00:00,2026-08-31T20:52:20.691+00:00,0.00991,0.08394282400149677,sqs-worker-5986dcd897-x8rdl,ip-192-168-20-201.ec2.internal,8b6b7b098295366a24ec3057485481e2c0ddd3067eb7ffe6a7b99003d8df1fb5,1,792.0,876.0
1,keda-poisson-707-caec82d6,000113,65.861847,2026-08-31T20:52:23.780+00:00,2026-08-31T20:52:19.906+00:00,2026-08-31T20:52:20.884+00:00,2026-08-31T20:52:20.884+00:00,2026-08-31T20:52:22.092+00:00,2026-08-31T20:52:22.092+00:00,0.254874,1.2080668159997003,sqs-worker-5986dcd897-x8rdl,ip-192-168-20-201.ec2.internal,ebe79acab10e298396d5f59a9c8f9e802ca8b7243b90a217c31915bfc86386ef,1,978.0,2186.0
1,keda-poisson-707-caec82d6,000108,63.771921,2026-08-31T20:52:21.690+00:00,2026-08-31T20:52:17.821+00:00,2026-08-31T20:52:22.184+00:00,2026-08-31T20:52:22.184+00:00,2026-08-31T20:52:23.113+00:00,2026-08-31T20:52:23.113+00:00,0.302398,0.9293153729995538,sqs-worker-5986dcd897-x8rdl,ip-192-168-20-201.ec2.internal,8a3dcb8ca7e0724884927f036732ee921c170e43bb1a561ae43e7d0859d78514,1,4363.0,5292.0
1,keda-poisson-707-caec82d6,000114,66.083408,2026-08-31T20:52:24.002+00:00,2026-08-31T20:52:20.129+00:00,2026-08-31T20:52:23.153+00:00,2026-08-31T20:52:23.153+00:00,2026-08-31T20:52:23.308+00:00,2026-08-31T20:52:23.308+00:00,0.069977,0.15450413799953822,sqs-worker-5986dcd897-x8rdl,ip-192-168-20-201.ec2.internal,0dcd5bd2541d817554c5ba7f66503fdeb253389dc1393b5caa67cdf72cc2bbb1,1,3024.0,3179.0
1,keda-poisson-707-caec82d6,000116,66.787291,2026-08-31T20:52:24.706+00:00,2026-08-31T20:52:20.837+00:00,2026-08-31T20:52:23.322+00:00,2026-08-31T20:52:23.322+00:00,2026-08-31T20:52:24.920+00:00,2026-08-31T20:52:24.920+00:00,0.647869,1.5981600579998485,sqs-worker-5986dcd897-x8rdl,ip-192-168-20-201.ec2.internal,702c019710df844de0c411d4d87d6a47480827d2589f21f83b0cad27026c268d,1,2485.0,4083.0
1,keda-poisson-707-caec82d6,000111,65.021594,2026-08-31T20:52:22.941+00:00,2026-08-31T20:52:19.066+00:00,2026-08-31T20:52:24.990+00:00,2026-08-31T20:52:24.990+00:00,2026-08-31T20:52:25.585+00:00,2026-08-31T20:52:25.585+00:00,0.240442,0.5947985480015632,sqs-worker-5986dcd897-x8rdl,ip-192-168-20-201.ec2.internal,2a74466ec0ac927e9b05a05ba7766f1e350a4767f475fd0918e07e84eb7f426d,1,5924.0,6519.0
1,keda-poisson-707-caec82d6,000117,66.804648,2026-08-31T20:52:24.723+00:00,2026-08-31T20:52:20.847+00:00,2026-08-31T20:52:25.614+00:00,2026-08-31T20:52:25.614+00:00,2026-08-31T20:52:25.800+00:00,2026-08-31T20:52:25.800+00:00,0.090812,0.18556527799955802,sqs-worker-5986dcd897-x8rdl,ip-192-168-20-201.ec2.internal,44942e86687265a552c974c52c0dd3d1da095bb15cd209b5210ee841f96f7530,1,4767.0,4953.0
1,keda-poisson-707-caec82d6,000118,67.012974,2026-08-31T20:52:24.930+00:00,2026-08-31T20:52:21.056+00:00,2026-08-31T20:52:25.823+00:00,2026-08-31T20:52:25.823+00:00,2026-08-31T20:52:26.102+00:00,2026-08-31T20:52:26.102+00:00,0.117965,0.27932109799985483,sqs-worker-5986dcd897-x8rdl,ip-192-168-20-201.ec2.internal,ba75f5c119760cbf4afb99c711123ab4143e5a4979fe9c50f13380207a444c19,1,4767.0,5046.0
1,keda-poisson-707-caec82d6,000120,69.498471,2026-08-31T20:52:27.417+00:00,2026-08-31T20:52:23.549+00:00,2026-08-31T20:52:26.118+00:00,2026-08-31T20:52:26.118+00:00,2026-08-31T20:52:27.497+00:00,2026-08-31T20:52:27.497+00:00,0.549681,1.3794695460001094,sqs-worker-5986dcd897-x8rdl,ip-192-168-20-201.ec2.internal,8313bf0b31545e98c795f698b0fe5650ca772faac0830a4d4d1b2fbee02ec319,1,2569.0,3948.0
1,keda-poisson-707-caec82d6,000126,72.527734,2026-08-31T20:52:30.445+00:00,2026-08-31T20:52:26.581+00:00,2026-08-31T20:52:27.514+00:00,2026-08-31T20:52:27.514+00:00,2026-08-31T20:52:27.519+00:00,2026-08-31T20:52:27.519+00:00,0.005,0.00503214200034563,sqs-worker-5986dcd897-x8rdl,ip-192-168-20-201.ec2.internal,62b5f65e1105f4e1371850a66a7bb35d468429536fc6d6c7b780a1e891e69a71,1,933.0,938.0
1,keda-poisson-707-caec82d6,000123,71.434305,2026-08-31T20:52:29.352+00:00,2026-08-31T20:52:25.477+00:00,2026-08-31T20:52:27.560+00:00,2026-08-31T20:52:27.560+00:00,2026-08-31T20:52:27.806+00:00,2026-08-31T20:52:27.806+00:00,0.108671,0.24624989699987054,sqs-worker-5986dcd897-x8rdl,ip-192-168-20-201.ec2.internal,732a46d7195d0f9caf9fb5466c28bd4dc7541016443de402a3bdb7b4561ed8b3,1,2083.0,2329.0
1,keda-poisson-707-caec82d6,000124,71.653768,2026-08-31T20:52:29.571+00:00,2026-08-31T20:52:25.698+00:00,2026-08-31T20:52:27.823+00:00,2026-08-31T20:52:27.823+00:00,2026-08-31T20:52:28.495+00:00,2026-08-31T20:52:28.495+00:00,0.263644,0.6721300460012571,sqs-worker-5986dcd897-x8rdl,ip-192-168-20-201.ec2.internal,8d64d6ba839f2b1c8c3415289a2d07999a313445352a4bde2d298db3320c6536,1,2125.0,2797.0
1,keda-poisson-707-caec82d6,000115,66.086865,2026-08-31T20:52:24.005+00:00,2026-08-31T20:52:20.134+00:00,2026-08-31T20:52:27.538+00:00,2026-08-31T20:52:27.538+00:00,2026-08-31T20:52:27.543+00:00,2026-08-31T20:52:27.543+00:00,0.005,0.005036724000092363,sqs-worker-5986dcd897-x8rdl,ip-192-168-20-201.ec2.internal,7f2f4ed02fd173303eb0cd41b183c244dabcbcb0607e67c67e001c1680c072f6,1,7404.0,7409.0
1,keda-poisson-707-caec82d6,000129,73.619335,2026-08-31T20:52:31.537+00:00,2026-08-31T20:52:27.663+00:00,2026-08-31T20:52:28.519+00:00,2026-08-31T20:52:28.519+00:00,2026-08-31T20:52:29.383+00:00,2026-08-31T20:52:29.383+00:00,0.345501,0.864709015999324,sqs-worker-5986dcd897-x8rdl,ip-192-168-20-201.ec2.internal,cae421d9f875ea31ec2b3a42a8778bc8467d4d7ab05d2ff0af9b8f429cc5cd3c,1,856.0,1720.0
1,keda-poisson-707-caec82d6,000130,75.019686,2026-08-31T20:52:32.938+00:00,2026-08-31T20:52:29.066+00:00,2026-08-31T20:52:29.397+00:00,2026-08-31T20:52:29.397+00:00,2026-08-31T20:52:31.387+00:00,2026-08-31T20:52:31.387+00:00,0.446422,1.9900957909994759,sqs-worker-5986dcd897-x8rdl,ip-192-168-20-201.ec2.internal,40110065a1df9261d3624475c6aca051a30aa4d662ba73bea9723cdf5e8c1b02,1,331.0,2321.0
1,keda-poisson-707-caec82d6,000121,71.008891,2026-08-31T20:52:28.927+00:00,2026-08-31T20:52:25.053+00:00,2026-08-31T20:52:31.404+00:00,2026-08-31T20:52:31.404+00:00,2026-08-31T20:52:32.198+00:00,2026-08-31T20:52:32.198+00:00,0.155541,0.794195041000421,sqs-worker-5986dcd897-x8rdl,ip-192-168-20-201.ec2.internal,a72454e4797f99614b4171363dc3dd8e8348018a7279ca8e6691307d111aba71,1,6351.0,7145.0
1,keda-poisson-707-caec82d6,000134,76.759216,2026-08-31T20:52:34.677+00:00,2026-08-31T20:52:30.802+00:00,2026-08-31T20:52:32.292+00:00,2026-08-31T20:52:32.292+00:00,2026-08-31T20:52:33.999+00:00,2026-08-31T20:52:33.999+00:00,0.598927,1.7076134870003443,sqs-worker-5986dcd897-x8rdl,ip-192-168-20-201.ec2.internal,99e8eae853f4c594dbf4d06eb1f912ab5b0dfc0103438a78965433f7882a7b03,1,1490.0,3197.0
1,keda-poisson-707-caec82d6,000135,77.551698,2026-08-31T20:52:35.470+00:00,2026-08-31T20:52:32.120+00:00,2026-08-31T20:52:34.013+00:00,2026-08-31T20:52:34.013+00:00,2026-08-31T20:52:34.487+00:00,2026-08-31T20:52:34.487+00:00,0.184551,0.4734314629986329,sqs-worker-5986dcd897-x8rdl,ip-192-168-20-201.ec2.internal,010889b27714fd2e418f637db36260695523a6c1365b195ac76df1a3d67d8de8,1,1893.0,2367.0
1,keda-poisson-707-caec82d6,000140,79.778451,2026-08-31T20:52:37.696+00:00,2026-08-31T20:52:33.824+00:00,2026-08-31T20:52:34.505+00:00,2026-08-31T20:52:34.505+00:00,2026-08-31T20:52:34.890+00:00,2026-08-31T20:52:34.890+00:00,0.158706,0.38502131099994585,sqs-worker-5986dcd897-x8rdl,ip-192-168-20-201.ec2.internal,141ea4a97a74662dc312742004de4c58e9590fcb7ee358ab03f5974980145eef,1,681.0,1066.0
1,keda-poisson-707-caec82d6,000125,72.043212,2026-08-31T20:52:29.961+00:00,2026-08-31T20:52:26.091+00:00,2026-08-31T20:52:34.907+00:00,2026-08-31T20:52:34.907+00:00,2026-08-31T20:52:35.619+00:00,2026-08-31T20:52:35.619+00:00,0.304171,0.7119836279998708,sqs-worker-5986dcd897-x8rdl,ip-192-168-20-201.ec2.internal,cc77f7e1d66238848df51d12047e274be0a16e7cab15cccf409df4f3a4839ffb,1,8816.0,9528.0
1,keda-poisson-707-caec82d6,000137,79.446936,2026-08-31T20:52:37.366+00:00,2026-08-31T20:52:33.503+00:00,2026-08-31T20:52:35.683+00:00,2026-08-31T20:52:35.683+00:00,2026-08-31T20:52:36.504+00:00,2026-08-31T20:52:36.504+00:00,0.34125,0.8205296320011257,sqs-worker-5986dcd897-x8rdl,ip-192-168-20-201.ec2.internal,1ab2a38732d2be139b27f96a9172c11d71db4f600ba86c15fc11db2c7da445ad,1,2180.0,3001.0
1,keda-poisson-707-caec82d6,000127,72.87086,2026-08-31T20:52:30.788+00:00,2026-08-31T20:52:26.915+00:00,2026-08-31T20:52:36.540+00:00,2026-08-31T20:52:36.540+00:00,2026-08-31T20:52:36.893+00:00,2026-08-31T20:52:36.893+00:00,0.143038,0.35325321900018025,sqs-worker-5986dcd897-x8rdl,ip-192-168-20-201.ec2.internal,2546dee67e94823d63368a3e2ca13b609f8029db06895b549e69796b5f51c54c,1,9625.0,9978.0
1,keda-poisson-707-caec82d6,000142,82.706497,2026-08-31T20:52:40.624+00:00,2026-08-31T20:52:36.752+00:00,2026-08-31T20:52:36.910+00:00,2026-08-31T20:52:36.910+00:00,2026-08-31T20:52:37.492+00:00,2026-08-31T20:52:37.492+00:00,0.234691,0.5824634960008552,sqs-worker-5986dcd897-x8rdl,ip-192-168-20-201.ec2.internal,fb86c5e4483923659667a950ad500efda0aab188bc9033e27b64800733d9499e,1,158.0,740.0
1,keda-poisson-707-caec82d6,000133,76.017761,2026-08-31T20:52:33.935+00:00,2026-08-31T20:52:30.061+00:00,2026-08-31T20:52:37.512+00:00,2026-08-31T20:52:37.512+00:00,2026-08-31T20:52:38.002+00:00,2026-08-31T20:52:38.002+00:00,0.206859,0.48968776000037906,sqs-worker-5986dcd897-x8rdl,ip-192-168-20-201.ec2.internal,27abb49485859f441d010b55ad41a62b675624c9271f3f6a441e7acc19df30f0,1,7451.0,7941.0
1,keda-poisson-707-caec82d6,000119,68.068721,2026-08-31T20:52:25.987+00:00,2026-08-31T20:52:22.115+00:00,2026-08-31T20:52:37.848+00:00,2026-08-31T20:52:37.848+00:00,2026-08-31T20:52:38.012+00:00,2026-08-31T20:52:38.012+00:00,0.072646,0.1642616690005525,sqs-worker-5986dcd897-mxlxx,ip-192-168-20-201.ec2.internal,37a844d001430af4eddd4a975dfebf885a49de5d60a416098b1af471fe264ab4,1,15733.0,15897.0
1,keda-poisson-707-caec82d6,000138,79.463664,2026-08-31T20:52:37.381+00:00,2026-08-31T20:52:33.506+00:00,2026-08-31T20:52:38.153+00:00,2026-08-31T20:52:38.153+00:00,2026-08-31T20:52:38.332+00:00,2026-08-31T20:52:38.332+00:00,0.081786,0.1794662829997833,sqs-worker-5986dcd897-mxlxx,ip-192-168-20-201.ec2.internal,02fc021486fb17221c37a64dfad312cd6991301f6d9254a0f9301bb39740cd50,1,4647.0,4826.0
1,keda-poisson-707-caec82d6,000128,73.441697,2026-08-31T20:52:31.359+00:00,2026-08-31T20:52:27.487+00:00,2026-08-31T20:52:38.046+00:00,2026-08-31T20:52:38.046+00:00,2026-08-31T20:52:38.126+00:00,2026-08-31T20:52:38.126+00:00,0.044508,0.08024817799923767,sqs-worker-5986dcd897-mxlxx,ip-192-168-20-201.ec2.internal,421edc6b469e43bda3774b8beb2d8b51d6022d3ccd0df0d25fadf3ccce08641c,1,10559.0,10639.0
1,keda-poisson-707-caec82d6,000122,71.019049,2026-08-31T20:52:28.936+00:00,2026-08-31T20:52:25.062+00:00,2026-08-31T20:52:38.021+00:00,2026-08-31T20:52:38.021+00:00,2026-08-31T20:52:38.687+00:00,2026-08-31T20:52:38.687+00:00,0.259679,0.6659159439986979,sqs-worker-5986dcd897-x8rdl,ip-192-168-20-201.ec2.internal,4568942b5c30da818a91e5ab1b97481a5164289a47961227f78963aa9bd2a990,1,12959.0,13625.0
1,keda-poisson-707-caec82d6,000143,83.732552,2026-08-31T20:52:41.651+00:00,2026-08-31T20:52:37.781+00:00,2026-08-31T20:52:38.710+00:00,2026-08-31T20:52:38.710+00:00,2026-08-31T20:52:39.306+00:00,2026-08-31T20:52:39.306+00:00,0.256162,0.5958843730004446,sqs-worker-5986dcd897-x8rdl,ip-192-168-20-201.ec2.internal,7d6e0f0c7023063d58d302a4a96417e88ce376447a45f5308ed3d2af9995b471,1,929.0,1525.0
1,keda-poisson-707-caec82d6,000131,75.146112,2026-08-31T20:52:33.063+00:00,2026-08-31T20:52:29.189+00:00,2026-08-31T20:52:38.352+00:00,2026-08-31T20:52:38.352+00:00,2026-08-31T20:52:39.223+00:00,2026-08-31T20:52:39.223+00:00,0.344968,0.8706329149990779,sqs-worker-5986dcd897-mxlxx,ip-192-168-20-201.ec2.internal,2f3f4a90946f5e284038cd927abc85c548cf83016dd392af9f2abc2fe883323b,1,9163.0,10034.0
1,keda-poisson-707-caec82d6,000132,75.633393,2026-08-31T20:52:33.551+00:00,2026-08-31T20:52:29.686+00:00,2026-08-31T20:52:39.342+00:00,2026-08-31T20:52:39.342+00:00,2026-08-31T20:52:39.993+00:00,2026-08-31T20:52:39.993+00:00,0.203093,0.6507140930007154,sqs-worker-5986dcd897-x8rdl,ip-192-168-20-201.ec2.internal,a8976c41e0a61b931b02e913dacd368fe562e8e23b7caa0f8568c1c3c8a5fca0,1,9656.0,10307.0
1,keda-poisson-707-caec82d6,000139,79.717646,2026-08-31T20:52:37.635+00:00,2026-08-31T20:52:33.759+00:00,2026-08-31T20:52:39.253+00:00,2026-08-31T20:52:39.253+00:00,2026-08-31T20:52:39.552+00:00,2026-08-31T20:52:39.552+00:00,0.141063,0.2995336149997456,sqs-worker-5986dcd897-mxlxx,ip-192-168-20-201.ec2.internal,a375469440b8620a22114b2dc936126f4e80007eeda119ff37844591cfd3eeb6,1,5494.0,5793.0
1,keda-poisson-707-caec82d6,000136,77.58337,2026-08-31T20:52:35.500+00:00,2026-08-31T20:52:31.627+00:00,2026-08-31T20:52:39.565+00:00,2026-08-31T20:52:39.565+00:00,2026-08-31T20:52:40.751+00:00,2026-08-31T20:52:40.752+00:00,0.481047,1.1864256329990894,sqs-worker-5986dcd897-mxlxx,ip-192-168-20-201.ec2.internal,8df7ca3de1dc53f8c5b1e9b0e3d168180610fea96a84484543669e312dd748c2,1,7938.0,9124.0
1,keda-poisson-707-caec82d6,000146,85.531951,2026-08-31T20:52:43.450+00:00,2026-08-31T20:52:39.583+00:00,2026-08-31T20:52:40.084+00:00,2026-08-31T20:52:40.084+00:00,2026-08-31T20:52:40.100+00:00,2026-08-31T20:52:40.100+00:00,0.01577,0.015843039998799213,sqs-worker-5986dcd897-x8rdl,ip-192-168-20-201.ec2.internal,e64186ec944ed084460abebd8575130aa9e3121e08bb87e3851ea8adfa14093c,1,501.0,517.0
1,keda-poisson-707-caec82d6,000144,84.570551,2026-08-31T20:52:42.488+00:00,2026-08-31T20:52:38.617+00:00,2026-08-31T20:52:40.833+00:00,2026-08-31T20:52:40.833+00:00,2026-08-31T20:52:41.038+00:00,2026-08-31T20:52:41.038+00:00,0.100671,0.20455376400059322,sqs-worker-5986dcd897-mxlxx,ip-192-168-20-201.ec2.internal,4f51f374d8b60239c881d45a85bb58127c6400ab9cdaa76e9d18161726461ec3,1,2216.0,2421.0
1,keda-poisson-707-caec82d6,000141,82.517262,2026-08-31T20:52:40.437+00:00,2026-08-31T20:52:36.565+00:00,2026-08-31T20:52:40.284+00:00,2026-08-31T20:52:40.284+00:00,2026-08-31T20:52:41.492+00:00,2026-08-31T20:52:41.492+00:00,0.226813,1.2087832249999337,sqs-worker-5986dcd897-x8rdl,ip-192-168-20-201.ec2.internal,d71ebafbcd394cbb77a98d85341cbcdf576ed01bcd230f03339684514b7ef9c0,1,3719.0,4927.0
1,keda-poisson-707-caec82d6,000148,87.509351,2026-08-31T20:52:45.427+00:00,2026-08-31T20:52:41.554+00:00,2026-08-31T20:52:41.613+00:00,2026-08-31T20:52:41.613+00:00,2026-08-31T20:52:42.086+00:00,2026-08-31T20:52:42.086+00:00,0.080712,0.47307127000021865,sqs-worker-5986dcd897-x8rdl,ip-192-168-20-201.ec2.internal,8815a32a76286dc289b0e1159adec9e41276195805062db419fcab22d3e56201,1,59.0,532.0
1,keda-poisson-707-caec82d6,000145,84.904468,2026-08-31T20:52:42.822+00:00,2026-08-31T20:52:38.950+00:00,2026-08-31T20:52:41.062+00:00,2026-08-31T20:52:41.062+00:00,2026-08-31T20:52:41.557+00:00,2026-08-31T20:52:41.557+00:00,0.211551,0.49512126199988415,sqs-worker-5986dcd897-mxlxx,ip-192-168-20-201.ec2.internal,dc7a6218e81b12af6bace2b367d4d6786bafb0a80115901590b18c671fba03dd,1,2112.0,2607.0
1,keda-poisson-707-caec82d6,000149,87.566848,2026-08-31T20:52:45.484+00:00,2026-08-31T20:52:41.611+00:00,2026-08-31T20:52:41.644+00:00,2026-08-31T20:52:41.644+00:00,2026-08-31T20:52:43.427+00:00,2026-08-31T20:52:43.427+00:00,0.72839,1.7829686450004374,sqs-worker-5986dcd897-mxlxx,ip-192-168-20-201.ec2.internal,4b115a049304bf179589b64d590c6ff41ace630c6bc5ab41cc8faef87495f415,1,33.0,1816.0
1,keda-poisson-707-caec82d6,000147,87.092602,2026-08-31T20:52:45.011+00:00,2026-08-31T20:52:41.143+00:00,2026-08-31T20:52:42.116+00:00,2026-08-31T20:52:42.116+00:00,2026-08-31T20:52:43.588+00:00,2026-08-31T20:52:43.588+00:00,0.538304,1.472157533000427,sqs-worker-5986dcd897-x8rdl,ip-192-168-20-201.ec2.internal,7d94e658a6ac38101747fcb49d733a4a25ffeed1777f0cb56d657890ca6a29b5,1,973.0,2445.0
1,keda-poisson-707-caec82d6,000151,88.425411,2026-08-31T20:52:46.343+00:00,2026-08-31T20:52:42.474+00:00,2026-08-31T20:52:43.620+00:00,2026-08-31T20:52:43.620+00:00,2026-08-31T20:52:43.984+00:00,2026-08-31T20:52:43.984+00:00,0.152484,0.3634906460010825,sqs-worker-5986dcd897-x8rdl,ip-192-168-20-201.ec2.internal,7516421c11df0cff10e64a180bec358ae399413fcf2cd21b9d7e378bff155307,1,1146.0,1510.0
1,keda-poisson-707-caec82d6,000150,88.053091,2026-08-31T20:52:45.971+00:00,2026-08-31T20:52:42.101+00:00,2026-08-31T20:52:43.457+00:00,2026-08-31T20:52:43.457+00:00,2026-08-31T20:52:44.246+00:00,2026-08-31T20:52:44.246+00:00,0.333078,0.7892562759989232,sqs-worker-5986dcd897-mxlxx,ip-192-168-20-201.ec2.internal,f69a76f50e2fdd34c69c5f111e3a21044dca2bcd5fb927cf6de060561eeee3ec,1,1356.0,2145.0
1,keda-poisson-707-caec82d6,000152,89.517706,2026-08-31T20:52:47.436+00:00,2026-08-31T20:52:43.565+00:00,2026-08-31T20:52:44.014+00:00,2026-08-31T20:52:44.014+00:00,2026-08-31T20:52:44.485+00:00,2026-08-31T20:52:44.485+00:00,0.197341,0.47140002299966,sqs-worker-5986dcd897-x8rdl,ip-192-168-20-201.ec2.internal,a64f2d2d6c52d0e09a3ba22f87a55187677d6e226b6d3ea3678fdb73fbacf687,1,449.0,920.0
1,keda-poisson-707-caec82d6,000153,90.380198,2026-08-31T20:52:48.298+00:00,2026-08-31T20:52:44.427+00:00,2026-08-31T20:52:44.430+00:00,2026-08-31T20:52:44.430+00:00,2026-08-31T20:52:44.627+00:00,2026-08-31T20:52:44.627+00:00,0.088346,0.19643455299956258,sqs-worker-5986dcd897-mxlxx,ip-192-168-20-201.ec2.internal,ed995badc3d8cb4d547e40ceada9095c74f0720d333635e49e0297f44f632699,1,3.0,200.0
1,keda-poisson-707-caec82d6,000154,90.72322,2026-08-31T20:52:48.641+00:00,2026-08-31T20:52:44.775+00:00,2026-08-31T20:52:44.780+00:00,2026-08-31T20:52:44.780+00:00,2026-08-31T20:52:45.418+00:00,2026-08-31T20:52:45.418+00:00,0.275072,0.6388184739989811,sqs-worker-5986dcd897-x8rdl,ip-192-168-20-201.ec2.internal,2a8a93038941d47cbad760bd8e04733998d531406bb4fc2a33567435f6f07cd0,1,5.0,643.0
1,keda-poisson-707-caec82d6,000156,90.810737,2026-08-31T20:52:48.728+00:00,2026-08-31T20:52:44.853+00:00,2026-08-31T20:52:45.606+00:00,2026-08-31T20:52:45.606+00:00,2026-08-31T20:52:45.783+00:00,2026-08-31T20:52:45.783+00:00,0.072294,0.17762233199937327,sqs-worker-5986dcd897-x8rdl,ip-192-168-20-201.ec2.internal,73b3af52cee5df2f3534e9d30f2522b5eec76d93df98f609981c985243e63e1f,1,753.0,930.0
1,keda-poisson-707-caec82d6,000157,90.841483,2026-08-31T20:52:48.759+00:00,2026-08-31T20:52:44.887+00:00,2026-08-31T20:52:45.483+00:00,2026-08-31T20:52:45.483+00:00,2026-08-31T20:52:45.586+00:00,2026-08-31T20:52:45.586+00:00,0.042692,0.10294324399910693,sqs-worker-5986dcd897-x8rdl,ip-192-168-20-201.ec2.internal,b830ed1361e64e2ae7ad7518664e1744c42a407dd49dffddb6072e2dfaaafb3f,1,596.0,699.0
1,keda-poisson-707-caec82d6,000155,90.794494,2026-08-31T20:52:48.712+00:00,2026-08-31T20:52:44.844+00:00,2026-08-31T20:52:44.848+00:00,2026-08-31T20:52:44.848+00:00,2026-08-31T20:52:46.131+00:00,2026-08-31T20:52:46.131+00:00,0.537857,1.2828177459996368,sqs-worker-5986dcd897-mxlxx,ip-192-168-20-201.ec2.internal,b109b01cd5d39172609b9490da2d7e00d3041948940cdd1eacd22bb2964e9317,1,4.0,1287.0
1,keda-poisson-707-caec82d6,000159,92.852947,2026-08-31T20:52:50.770+00:00,2026-08-31T20:52:46.895+00:00,2026-08-31T20:52:46.898+00:00,2026-08-31T20:52:46.898+00:00,2026-08-31T20:52:47.238+00:00,2026-08-31T20:52:47.238+00:00,0.156953,0.33917882300011115,sqs-worker-5986dcd897-mxlxx,ip-192-168-20-201.ec2.internal,0389d2752342720890a06af322dd6f873de52c245924fcdb80ab922d59323861,1,3.0,343.0
1,keda-poisson-707-caec82d6,000158,92.785749,2026-08-31T20:52:50.705+00:00,2026-08-31T20:52:46.833+00:00,2026-08-31T20:52:46.838+00:00,2026-08-31T20:52:46.838+00:00,2026-08-31T20:52:47.593+00:00,2026-08-31T20:52:47.593+00:00,0.329813,0.7550126370006183,sqs-worker-5986dcd897-x8rdl,ip-192-168-20-201.ec2.internal,7a8b6d8df528d6916d2f37e4278ae6197ecc5de7ec9fdeeda1e4fc35daf228eb,1,5.0,760.0
1,keda-poisson-707-caec82d6,000160,93.169646,2026-08-31T20:52:51.087+00:00,2026-08-31T20:52:47.214+00:00,2026-08-31T20:52:47.273+00:00,2026-08-31T20:52:47.273+00:00,2026-08-31T20:52:47.644+00:00,2026-08-31T20:52:47.644+00:00,0.165471,0.37106327999936184,sqs-worker-5986dcd897-mxlxx,ip-192-168-20-201.ec2.internal,8b6a0536d5014fafea6ea6f22a6c7ecf1aeec93a0b5b1257e5d131bf6e844928,1,59.0,430.0
1,keda-poisson-707-caec82d6,000161,94.41123,2026-08-31T20:52:52.330+00:00,2026-08-31T20:52:48.453+00:00,2026-08-31T20:52:48.458+00:00,2026-08-31T20:52:48.458+00:00,2026-08-31T20:52:48.808+00:00,2026-08-31T20:52:48.808+00:00,0.173955,0.3504932910000207,sqs-worker-5986dcd897-x8rdl,ip-192-168-20-201.ec2.internal,dead29cb7492635ece0e7864709f738cb5fcee941705653da4b69ce42def459d,1,5.0,355.0
1,keda-poisson-707-caec82d6,000162,95.470357,2026-08-31T20:52:53.388+00:00,2026-08-31T20:52:49.513+00:00,2026-08-31T20:52:49.518+00:00,2026-08-31T20:52:49.518+00:00,2026-08-31T20:52:49.541+00:00,2026-08-31T20:52:49.541+00:00,0.022862,0.02290220900067652,sqs-worker-5986dcd897-x8rdl,ip-192-168-20-201.ec2.internal,ab686c1c04c2471997b6ef07c01360820ba7d201418a4e7b52594f2af89f8a80,1,5.0,28.0
1,keda-poisson-707-caec82d6,000163,96.484344,2026-08-31T20:52:54.402+00:00,2026-08-31T20:52:50.525+00:00,2026-08-31T20:52:50.529+00:00,2026-08-31T20:52:50.529+00:00,2026-08-31T20:52:51.303+00:00,2026-08-31T20:52:51.303+00:00,0.184916,0.7735967970002093,sqs-worker-5986dcd897-x8rdl,ip-192-168-20-201.ec2.internal,7c31be7493a1c2e015e88d4c2d1a5d4ccdea6bd6c28e8a95ac3188b1e3906117,1,4.0,778.0
1,keda-poisson-707-caec82d6,000165,98.197446,2026-08-31T20:52:56.114+00:00,2026-08-31T20:52:52.244+00:00,2026-08-31T20:52:52.249+00:00,2026-08-31T20:52:52.249+00:00,2026-08-31T20:52:52.331+00:00,2026-08-31T20:52:52.331+00:00,0.052705,0.08253974099898187,sqs-worker-5986dcd897-mxlxx,ip-192-168-20-201.ec2.internal,e43fb549916e5e1ad9d60c9e892031a976f84930566344965e7eba51b7ac4d33,1,5.0,87.0
1,keda-poisson-707-caec82d6,000164,97.329397,2026-08-31T20:52:55.246+00:00,2026-08-31T20:52:51.372+00:00,2026-08-31T20:52:51.376+00:00,2026-08-31T20:52:51.376+00:00,2026-08-31T20:52:52.698+00:00,2026-08-31T20:52:52.698+00:00,0.536283,1.3221415640000487,sqs-worker-5986dcd897-x8rdl,ip-192-168-20-201.ec2.internal,7c49f65f5dc7e0342764a7916ce4ee39c3e9a81d8a27c706be480141373a48c1,1,4.0,1326.0
1,keda-poisson-707-caec82d6,000167,98.734873,2026-08-31T20:52:56.651+00:00,2026-08-31T20:52:52.775+00:00,2026-08-31T20:52:52.779+00:00,2026-08-31T20:52:52.779+00:00,2026-08-31T20:52:53.014+00:00,2026-08-31T20:52:53.014+00:00,0.111642,0.23488029100008134,sqs-worker-5986dcd897-x8rdl,ip-192-168-20-201.ec2.internal,a945440743587de824d317c74b8ca990b58a4a8f2b3b04acbadd7f5c530a6a03,1,4.0,239.0
1,keda-poisson-707-caec82d6,000166,98.48288,2026-08-31T20:52:56.399+00:00,2026-08-31T20:52:52.524+00:00,2026-08-31T20:52:52.527+00:00,2026-08-31T20:52:52.527+00:00,2026-08-31T20:52:53.523+00:00,2026-08-31T20:52:53.523+00:00,0.404801,0.9956835540015163,sqs-worker-5986dcd897-mxlxx,ip-192-168-20-201.ec2.internal,af2f2713f665dacddb3f4a6d87a40c3f9139e3a05020c4439d10fd7e32d20c50,1,3.0,999.0
1,keda-poisson-707-caec82d6,000168,98.847171,2026-08-31T20:52:56.763+00:00,2026-08-31T20:52:52.890+00:00,2026-08-31T20:52:53.045+00:00,2026-08-31T20:52:53.045+00:00,2026-08-31T20:52:53.593+00:00,2026-08-31T20:52:53.593+00:00,0.213479,0.5486931380000897,sqs-worker-5986dcd897-x8rdl,ip-192-168-20-201.ec2.internal,e8319f6cfa4848f10383da3cac1082070c169b4e55e194adf5c8384c8f40bce9,1,155.0,703.0
1,keda-poisson-707-caec82d6,000169,99.235752,2026-08-31T20:52:57.152+00:00,2026-08-31T20:52:53.281+00:00,2026-08-31T20:52:53.570+00:00,2026-08-31T20:52:53.570+00:00,2026-08-31T20:52:53.758+00:00,2026-08-31T20:52:53.758+00:00,0.111073,0.18806185699941125,sqs-worker-5986dcd897-mxlxx,ip-192-168-20-201.ec2.internal,a22a1306e93360ed37023c3bc6ed456403f72d88ad23d0240197b29687cbbf7b,1,289.0,477.0
1,keda-poisson-707-caec82d6,000170,99.762929,2026-08-31T20:52:57.679+00:00,2026-08-31T20:52:53.805+00:00,2026-08-31T20:52:53.809+00:00,2026-08-31T20:52:53.809+00:00,2026-08-31T20:52:54.704+00:00,2026-08-31T20:52:54.704+00:00,0.38161,0.8949064820008061,sqs-worker-5986dcd897-x8rdl,ip-192-168-20-201.ec2.internal,1d7d0b9f9c86e73f51053aa4527dddd35751d31c92b62651ce9e619d93d1f010,1,4.0,899.0
1,keda-poisson-707-caec82d6,000171,101.731651,2026-08-31T20:52:59.649+00:00,2026-08-31T20:52:55.775+00:00,2026-08-31T20:52:55.779+00:00,2026-08-31T20:52:55.779+00:00,2026-08-31T20:52:56.023+00:00,2026-08-31T20:52:56.023+00:00,0.125201,0.2440561270013859,sqs-worker-5986dcd897-mxlxx,ip-192-168-20-201.ec2.internal,d0cbb8d97bf6f769774847de6b18e38cafa5a40d8fbf38220498d021bd24e019,1,4.0,248.0
1,keda-poisson-707-caec82d6,000172,102.688767,2026-08-31T20:53:00.605+00:00,2026-08-31T20:52:56.737+00:00,2026-08-31T20:52:56.742+00:00,2026-08-31T20:52:56.742+00:00,2026-08-31T20:52:56.848+00:00,2026-08-31T20:52:56.848+00:00,0.070022,0.10643056300068565,sqs-worker-5986dcd897-mxlxx,ip-192-168-20-201.ec2.internal,17313539e4cac080a99f3bb758fcf146d77a1f4d70ebf23270ce3da69aabacab,1,5.0,111.0
1,keda-poisson-707-caec82d6,000174,103.779888,2026-08-31T20:53:01.696+00:00,2026-08-31T20:52:57.822+00:00,2026-08-31T20:52:57.826+00:00,2026-08-31T20:52:57.826+00:00,2026-08-31T20:52:58.232+00:00,2026-08-31T20:52:58.232+00:00,0.132006,0.40544489700005215,sqs-worker-5986dcd897-mxlxx,ip-192-168-20-201.ec2.internal,e28f82e5a59c9a7bbdaf4dfa4844dd84a9d531b9d1146f45825103d981e8a447,1,4.0,410.0
1,keda-poisson-707-caec82d6,000173,103.706844,2026-08-31T20:53:01.624+00:00,2026-08-31T20:52:57.754+00:00,2026-08-31T20:52:57.759+00:00,2026-08-31T20:52:57.759+00:00,2026-08-31T20:52:58.291+00:00,2026-08-31T20:52:58.291+00:00,0.232559,0.5319570609990478,sqs-worker-5986dcd897-x8rdl,ip-192-168-20-201.ec2.internal,c0a708ba4b65fda0ec0653565c35052402e1ae204bf9bfc7c149a104ece9ba9d,1,5.0,537.0
1,keda-poisson-707-caec82d6,000175,104.166676,2026-08-31T20:53:02.083+00:00,2026-08-31T20:52:58.212+00:00,2026-08-31T20:52:58.306+00:00,2026-08-31T20:52:58.306+00:00,2026-08-31T20:52:58.508+00:00,2026-08-31T20:52:58.508+00:00,0.093483,0.2020374149997224,sqs-worker-5986dcd897-x8rdl,ip-192-168-20-201.ec2.internal,fa58911af37221e2a66f22431ab6c42969499547f77f17aadfc129d01e2325fd,1,94.0,296.0
1,keda-poisson-707-caec82d6,000176,104.602021,2026-08-31T20:53:02.518+00:00,2026-08-31T20:52:58.643+00:00,2026-08-31T20:52:58.648+00:00,2026-08-31T20:52:58.648+00:00,2026-08-31T20:52:58.825+00:00,2026-08-31T20:52:58.825+00:00,0.038484,0.17705068199938978,sqs-worker-5986dcd897-mxlxx,ip-192-168-20-201.ec2.internal,e7d478609d6c7b61a032e371d071755daa9be537b0fe52c35209d72dbf771022,1,5.0,182.0
1,keda-poisson-707-caec82d6,000177,105.348451,2026-08-31T20:53:03.265+00:00,2026-08-31T20:52:59.394+00:00,2026-08-31T20:52:59.414+00:00,2026-08-31T20:52:59.414+00:00,2026-08-31T20:53:00.129+00:00,2026-08-31T20:53:00.129+00:00,0.254971,0.7155583410003601,sqs-worker-5986dcd897-mxlxx,ip-192-168-20-201.ec2.internal,97f98508bdbccd28db7c4ae4121ee4a744c1cc71de33e0f26c4d1fc3c5f33a94,1,20.0,735.0
1,keda-poisson-707-caec82d6,000179,106.530521,2026-08-31T20:53:04.447+00:00,2026-08-31T20:53:00.575+00:00,2026-08-31T20:53:00.578+00:00,2026-08-31T20:53:00.578+00:00,2026-08-31T20:53:01.521+00:00,2026-08-31T20:53:01.521+00:00,0.390976,0.942641943000126,sqs-worker-5986dcd897-mxlxx,ip-192-168-20-201.ec2.internal,3f1345f30b69eb9ce8dede2a991d551dab6d9e6b5a07e3ac7fab626421ba51a4,1,3.0,946.0
1,keda-poisson-707-caec82d6,000180,107.803841,2026-08-31T20:53:05.720+00:00,2026-08-31T20:53:01.846+00:00,2026-08-31T20:53:01.850+00:00,2026-08-31T20:53:01.850+00:00,2026-08-31T20:53:01.950+00:00,2026-08-31T20:53:01.950+00:00,0.074292,0.09986590199878265,sqs-worker-5986dcd897-mxlxx,ip-192-168-20-201.ec2.internal,ef270ccd9feda8d7c3b7b463fac8875868b057857f545fd1a199aa5aa058f77b,1,4.0,104.0
1,keda-poisson-707-caec82d6,000181,108.158786,2026-08-31T20:53:06.075+00:00,2026-08-31T20:53:02.205+00:00,2026-08-31T20:53:02.209+00:00,2026-08-31T20:53:02.209+00:00,2026-08-31T20:53:02.328+00:00,2026-08-31T20:53:02.328+00:00,0.053832,0.11838393700054439,sqs-worker-5986dcd897-mxlxx,ip-192-168-20-201.ec2.internal,d3d763fb02261d3e5810df2bd63a15ce218f0cfd5f96f47b040f607cb9cddb74,1,4.0,123.0
1,keda-poisson-707-caec82d6,000178,105.805568,2026-08-31T20:53:03.722+00:00,2026-08-31T20:52:59.848+00:00,2026-08-31T20:52:59.887+00:00,2026-08-31T20:52:59.887+00:00,2026-08-31T20:53:03.092+00:00,2026-08-31T20:53:03.092+00:00,0.76293,3.2054469190006785,sqs-worker-5986dcd897-x8rdl,ip-192-168-20-201.ec2.internal,5e2c3941c88c0bca4c7712136e66cc5b0400ee59f46bed7dbb2fd1c9425935a9,1,39.0,3244.0
1,keda-poisson-707-caec82d6,000182,109.185637,2026-08-31T20:53:07.102+00:00,2026-08-31T20:53:03.230+00:00,2026-08-31T20:53:03.234+00:00,2026-08-31T20:53:03.234+00:00,2026-08-31T20:53:03.242+00:00,2026-08-31T20:53:03.242+00:00,0.00823,0.008292632999655325,sqs-worker-5986dcd897-mxlxx,ip-192-168-20-201.ec2.internal,428e40900c1538b641690c96cb47173ffd52efdb3f83725de75e33d068d3ded2,1,4.0,12.0
1,keda-poisson-707-caec82d6,000183,109.496413,2026-08-31T20:53:07.412+00:00,2026-08-31T20:53:03.540+00:00,2026-08-31T20:53:03.544+00:00,2026-08-31T20:53:03.544+00:00,2026-08-31T20:53:04.498+00:00,2026-08-31T20:53:04.498+00:00,0.419039,0.9542597190011293,sqs-worker-5986dcd897-x8rdl,ip-192-168-20-201.ec2.internal,a5faa11a9ec8963f4eb5ec991c1f64b6dc4f8e6be233c349d273d06e38cf2409,1,4.0,958.0
1,keda-poisson-707-caec82d6,000184,110.529081,2026-08-31T20:53:08.445+00:00,2026-08-31T20:53:04.575+00:00,2026-08-31T20:53:04.579+00:00,2026-08-31T20:53:04.579+00:00,2026-08-31T20:53:04.609+00:00,2026-08-31T20:53:04.609+00:00,0.030266,0.03030752599988773,sqs-worker-5986dcd897-mxlxx,ip-192-168-20-201.ec2.internal,76f60bb009521231ad94d9fab8b43d79053150e8a7292e983808ad0bfc917295,1,4.0,34.0
1,keda-poisson-707-caec82d6,000186,111.611878,2026-08-31T20:53:09.528+00:00,2026-08-31T20:53:05.654+00:00,2026-08-31T20:53:05.658+00:00,2026-08-31T20:53:05.658+00:00,2026-08-31T20:53:05.712+00:00,2026-08-31T20:53:05.712+00:00,0.054223,0.05426682799952687,sqs-worker-5986dcd897-x8rdl,ip-192-168-20-201.ec2.internal,981751deefbd69615974cee5c4f7d301c0d6cbeec15b18c1afee1b88afbe92b2,1,4.0,58.0
1,keda-poisson-707-caec82d6,000185,110.740035,2026-08-31T20:53:08.656+00:00,2026-08-31T20:53:04.781+00:00,2026-08-31T20:53:04.787+00:00,2026-08-31T20:53:04.787+00:00,2026-08-31T20:53:06.029+00:00,2026-08-31T20:53:06.029+00:00,0.524699,1.2414373430001433,sqs-worker-5986dcd897-mxlxx,ip-192-168-20-201.ec2.internal,1331e98ad1e3791aceefdc0e10cf5b0d5f66e785ca7ae1d4d8611b4a8813c025,1,6.0,1248.0
1,keda-poisson-707-caec82d6,000187,111.971633,2026-08-31T20:53:09.888+00:00,2026-08-31T20:53:06.013+00:00,2026-08-31T20:53:06.017+00:00,2026-08-31T20:53:06.017+00:00,2026-08-31T20:53:06.619+00:00,2026-08-31T20:53:06.619+00:00,0.275828,0.6012644699985685,sqs-worker-5986dcd897-x8rdl,ip-192-168-20-201.ec2.internal,ddad6a89bb91744826be5c4491eabfca6be2c092ca161aad19af03002b2d276e,1,4.0,606.0
1,keda-poisson-707-caec82d6,000188,112.533873,2026-08-31T20:53:10.450+00:00,2026-08-31T20:53:06.574+00:00,2026-08-31T20:53:06.578+00:00,2026-08-31T20:53:06.578+00:00,2026-08-31T20:53:06.715+00:00,2026-08-31T20:53:06.715+00:00,0.081066,0.13756816900058766,sqs-worker-5986dcd897-mxlxx,ip-192-168-20-201.ec2.internal,b8848d4328bafb13f6e6533dc19d28a1fd52f135f612059b369a9bb94ead800f,1,4.0,141.0
1,keda-poisson-707-caec82d6,000190,113.891342,2026-08-31T20:53:11.807+00:00,2026-08-31T20:53:07.935+00:00,2026-08-31T20:53:07.947+00:00,2026-08-31T20:53:07.947+00:00,2026-08-31T20:53:08.619+00:00,2026-08-31T20:53:08.619+00:00,0.143108,0.6721719229990413,sqs-worker-5986dcd897-mxlxx,ip-192-168-20-201.ec2.internal,2e73fed7808bd55339e836023dd26f5748880dd3f092c2d2f18a213a518aaafe,1,12.0,684.0
1,keda-poisson-707-caec82d6,000189,113.870208,2026-08-31T20:53:11.787+00:00,2026-08-31T20:53:07.911+00:00,2026-08-31T20:53:07.915+00:00,2026-08-31T20:53:07.915+00:00,2026-08-31T20:53:09.390+00:00,2026-08-31T20:53:09.390+00:00,0.606432,1.4749639769997884,sqs-worker-5986dcd897-x8rdl,ip-192-168-20-201.ec2.internal,d57259d1164db74f6b05e329d4f2d14107d54d505633e65b82619d2e6ef18b4c,1,4.0,1479.0
1,keda-poisson-707-caec82d6,000191,114.306908,2026-08-31T20:53:12.223+00:00,2026-08-31T20:53:08.347+00:00,2026-08-31T20:53:08.642+00:00,2026-08-31T20:53:08.642+00:00,2026-08-31T20:53:09.443+00:00,2026-08-31T20:53:09.443+00:00,0.173759,0.8012198750002426,sqs-worker-5986dcd897-mxlxx,ip-192-168-20-201.ec2.internal,78ea15e518dfba2ef02972cae0ee2be6e3284ef495d4d35bd885ca19d4fa1e45,1,295.0,1096.0
1,keda-poisson-707-caec82d6,000192,115.244972,2026-08-31T20:53:13.162+00:00,2026-08-31T20:53:09.289+00:00,2026-08-31T20:53:09.411+00:00,2026-08-31T20:53:09.411+00:00,2026-08-31T20:53:09.611+00:00,2026-08-31T20:53:09.611+00:00,0.096356,0.19939287099987268,sqs-worker-5986dcd897-x8rdl,ip-192-168-20-201.ec2.internal,c4a5b56a3db72aac2a6747a544b2dd0b640b28bb22e9ba91c3788ff9805b187b,1,122.0,322.0
1,keda-poisson-707-caec82d6,000194,116.622639,2026-08-31T20:53:14.538+00:00,2026-08-31T20:53:10.669+00:00,2026-08-31T20:53:10.674+00:00,2026-08-31T20:53:10.674+00:00,2026-08-31T20:53:10.702+00:00,2026-08-31T20:53:10.702+00:00,0.0176,0.02767756400135113,sqs-worker-5986dcd897-mxlxx,ip-192-168-20-201.ec2.internal,9f65676816afb9aa2ffd8b839899ca8bc7be0eaf61212a72f6ba57a999b93b55,1,5.0,33.0
1,keda-poisson-707-caec82d6,000195,116.849488,2026-08-31T20:53:14.765+00:00,2026-08-31T20:53:10.889+00:00,2026-08-31T20:53:10.893+00:00,2026-08-31T20:53:10.893+00:00,2026-08-31T20:53:11.245+00:00,2026-08-31T20:53:11.245+00:00,0.160591,0.3517869820007036,sqs-worker-5986dcd897-mxlxx,ip-192-168-20-201.ec2.internal,8ef434bd089d725c01cefcc141b6d1a4fbc3a515761513ec8ee67c4cc7085f90,1,4.0,356.0
1,keda-poisson-707-caec82d6,000193,116.505744,2026-08-31T20:53:14.423+00:00,2026-08-31T20:53:10.547+00:00,2026-08-31T20:53:10.551+00:00,2026-08-31T20:53:10.552+00:00,2026-08-31T20:53:11.509+00:00,2026-08-31T20:53:11.509+00:00,0.287504,0.9576078330010205,sqs-worker-5986dcd897-x8rdl,ip-192-168-20-201.ec2.internal,12e95bf2e96957f30dfa4f49cc08c2e74b71fac8853833cf62d58d22d8d6e08a,1,4.0,962.0
1,keda-poisson-707-caec82d6,000197,117.743394,2026-08-31T20:53:15.659+00:00,2026-08-31T20:53:11.786+00:00,2026-08-31T20:53:11.792+00:00,2026-08-31T20:53:11.792+00:00,2026-08-31T20:53:12.200+00:00,2026-08-31T20:53:12.200+00:00,0.176943,0.40750623300118605,sqs-worker-5986dcd897-x8rdl,ip-192-168-20-201.ec2.internal,13aa8e42a9df2127eb2dbd966065fcc09bd0d4322beb6155c0c4d58cbbab9735,1,6.0,414.0
1,keda-poisson-707-caec82d6,000198,118.293738,2026-08-31T20:53:16.210+00:00,2026-08-31T20:53:12.339+00:00,2026-08-31T20:53:12.343+00:00,2026-08-31T20:53:12.343+00:00,2026-08-31T20:53:12.878+00:00,2026-08-31T20:53:12.878+00:00,0.234585,0.5352513890011323,sqs-worker-5986dcd897-x8rdl,ip-192-168-20-201.ec2.internal,f6cbf8cd324c444d5da79617c2801a03f9254eb5c0fdbd2223f4d08667864ff2,1,4.0,539.0
1,keda-poisson-707-caec82d6,000199,118.754736,2026-08-31T20:53:16.671+00:00,2026-08-31T20:53:12.800+00:00,2026-08-31T20:53:12.917+00:00,2026-08-31T20:53:12.917+00:00,2026-08-31T20:53:13.014+00:00,2026-08-31T20:53:13.014+00:00,0.071158,0.09627793899926473,sqs-worker-5986dcd897-x8rdl,ip-192-168-20-201.ec2.internal,ec209632aee964234ad46b8ef8dbec77a2c79bd7fb2cbb4f9e6b8d0c5c948d23,1,117.0,214.0
1,keda-poisson-707-caec82d6,000196,117.71184,2026-08-31T20:53:15.628+00:00,2026-08-31T20:53:11.753+00:00,2026-08-31T20:53:11.758+00:00,2026-08-31T20:53:11.758+00:00,2026-08-31T20:53:13.232+00:00,2026-08-31T20:53:13.232+00:00,0.619893,1.4745165370004543,sqs-worker-5986dcd897-mxlxx,ip-192-168-20-201.ec2.internal,9cc653b1581a737c9a16a4510a41bd09d6a55d652c0e26068dec3af789cb79c8,1,5.0,1479.0
1,keda-poisson-707-caec82d6,000201,119.357713,2026-08-31T20:53:17.274+00:00,2026-08-31T20:53:13.397+00:00,2026-08-31T20:53:13.404+00:00,2026-08-31T20:53:13.404+00:00,2026-08-31T20:53:14.119+00:00,2026-08-31T20:53:14.119+00:00,0.297997,0.7151142520015128,sqs-worker-5986dcd897-mxlxx,ip-192-168-20-201.ec2.internal,d45d440b4db875d73506fd3305618237590d8aaf3d992969abf961f1a13ae481,1,7.0,722.0
1,keda-poisson-707-caec82d6,000200,118.88387,2026-08-31T20:53:16.800+00:00,2026-08-31T20:53:12.925+00:00,2026-08-31T20:53:13.091+00:00,2026-08-31T20:53:13.091+00:00,2026-08-31T20:53:14.397+00:00,2026-08-31T20:53:14.397+00:00,0.538629,1.3054221809998126,sqs-worker-5986dcd897-x8rdl,ip-192-168-20-201.ec2.internal,3c600ed19fcff8a232019beda9d06174f7cdb892b4c360557868b4656672fd7b,1,166.0,1472.0
1,keda-poisson-707-caec82d6,000202,119.400485,2026-08-31T20:53:17.316+00:00,2026-08-31T20:53:13.444+00:00,2026-08-31T20:53:14.133+00:00,2026-08-31T20:53:14.133+00:00,2026-08-31T20:53:14.514+00:00,2026-08-31T20:53:14.514+00:00,0.152874,0.3802826110004389,sqs-worker-5986dcd897-mxlxx,ip-192-168-20-201.ec2.internal,76c1c95a8fca88b19790a7e672ccb6f877ac0235de56dd97c1e298bf95b48ee9,1,689.0,1070.0
1,keda-poisson-707-caec82d6,000203,120.226862,2026-08-31T20:53:18.143+00:00,2026-08-31T20:53:14.273+00:00,2026-08-31T20:53:14.437+00:00,2026-08-31T20:53:14.437+00:00,2026-08-31T20:53:15.312+00:00,2026-08-31T20:53:15.312+00:00,0.363875,0.8749750459992356,sqs-worker-5986dcd897-x8rdl,ip-192-168-20-201.ec2.internal,92837c4b5d7aec289aa1d42f3e9a38b3d2f0175ed9623ce18d415f5d3f1c1872,1,164.0,1039.0
1,keda-poisson-707-caec82d6,000204,120.528268,2026-08-31T20:53:18.444+00:00,2026-08-31T20:53:14.570+00:00,2026-08-31T20:53:14.573+00:00,2026-08-31T20:53:14.573+00:00,2026-08-31T20:53:15.222+00:00,2026-08-31T20:53:15.222+00:00,0.281557,0.6489686429995345,sqs-worker-5986dcd897-mxlxx,ip-192-168-20-201.ec2.internal,ef775743602440149e7fc4b03f4dcd8fe76f42f75decaa08b6eb09284937aecc,1,3.0,652.0
1,keda-poisson-707-caec82d6,000205,122.19471,2026-08-31T20:53:20.112+00:00,2026-08-31T20:53:16.238+00:00,2026-08-31T20:53:16.242+00:00,2026-08-31T20:53:16.242+00:00,2026-08-31T20:53:16.343+00:00,2026-08-31T20:53:16.343+00:00,0.064512,0.10107906499979435,sqs-worker-5986dcd897-mxlxx,ip-192-168-20-201.ec2.internal,4570ae8aee10763b36fd598b05df3c7056f23721c22c7e20711fedee5dc15af5,1,4.0,105.0
1,keda-poisson-707-caec82d6,000207,123.470656,2026-08-31T20:53:21.387+00:00,2026-08-31T20:53:17.515+00:00,2026-08-31T20:53:17.518+00:00,2026-08-31T20:53:17.518+00:00,2026-08-31T20:53:18.001+00:00,2026-08-31T20:53:18.001+00:00,0.21964,0.4831072770011815,sqs-worker-5986dcd897-x8rdl,ip-192-168-20-201.ec2.internal,c71c1401fbfc16e91c565a1da2dcdd4af6c480995436175e6d58add3bc972264,1,3.0,486.0
1,keda-poisson-707-caec82d6,000208,124.201212,2026-08-31T20:53:22.118+00:00,2026-08-31T20:53:18.245+00:00,2026-08-31T20:53:18.248+00:00,2026-08-31T20:53:18.248+00:00,2026-08-31T20:53:18.906+00:00,2026-08-31T20:53:18.906+00:00,0.30175,0.6575044259989227,sqs-worker-5986dcd897-x8rdl,ip-192-168-20-201.ec2.internal,e8e31de93918b75e5b45c0cadceb023daf94f05117141871cc614c2ed3030d7f,1,3.0,661.0
1,keda-poisson-707-caec82d6,000206,122.808954,2026-08-31T20:53:20.725+00:00,2026-08-31T20:53:16.852+00:00,2026-08-31T20:53:16.856+00:00,2026-08-31T20:53:16.856+00:00,2026-08-31T20:53:19.115+00:00,2026-08-31T20:53:19.115+00:00,0.681191,2.2591782420004165,sqs-worker-5986dcd897-mxlxx,ip-192-168-20-201.ec2.internal,44fb1ef64b067ebd1a835836103ff4740cb1bb7b3057677305b68de33faffaa6,1,4.0,2263.0
1,keda-poisson-707-caec82d6,000209,124.293671,2026-08-31T20:53:22.209+00:00,2026-08-31T20:53:18.334+00:00,2026-08-31T20:53:18.923+00:00,2026-08-31T20:53:18.923+00:00,2026-08-31T20:53:19.212+00:00,2026-08-31T20:53:19.212+00:00,0.121503,0.2893643549996341,sqs-worker-5986dcd897-x8rdl,ip-192-168-20-201.ec2.internal,f58a207f2b8649bfa25f46fe66f0b96939556fb8aaf135f64c036baa29b4231a,1,589.0,878.0
1,keda-poisson-707-caec82d6,000211,124.923795,2026-08-31T20:53:22.840+00:00,2026-08-31T20:53:18.972+00:00,2026-08-31T20:53:19.134+00:00,2026-08-31T20:53:19.134+00:00,2026-08-31T20:53:19.420+00:00,2026-08-31T20:53:19.420+00:00,0.059329,0.28658352000093146,sqs-worker-5986dcd897-mxlxx,ip-192-168-20-201.ec2.internal,759534b8192327966d4cab71276bceb7ca487ecec8463e5da193d2e0167a33eb,1,162.0,448.0
1,keda-poisson-707-caec82d6,000210,124.346653,2026-08-31T20:53:22.263+00:00,2026-08-31T20:53:18.394+00:00,2026-08-31T20:53:19.283+00:00,2026-08-31T20:53:19.283+00:00,2026-08-31T20:53:19.700+00:00,2026-08-31T20:53:19.700+00:00,0.176469,0.4164853750007751,sqs-worker-5986dcd897-x8rdl,ip-192-168-20-201.ec2.internal,06aa0277af877673f737dbac3c2f6cc7cf2add37b04553acf29911c4fd58020a,1,889.0,1306.0
1,keda-poisson-707-caec82d6,000213,127.007118,2026-08-31T20:53:24.923+00:00,2026-08-31T20:53:21.052+00:00,2026-08-31T20:53:21.056+00:00,2026-08-31T20:53:21.056+00:00,2026-08-31T20:53:21.193+00:00,2026-08-31T20:53:21.193+00:00,0.079359,0.13669216299967957,sqs-worker-5986dcd897-x8rdl,ip-192-168-20-201.ec2.internal,1ec5c9ceeefc82d97ced2a32496317c99374adc71f004f1e1f3d79a43e821399,1,4.0,141.0
1,keda-poisson-707-caec82d6,000214,127.574852,2026-08-31T20:53:25.490+00:00,2026-08-31T20:53:21.621+00:00,2026-08-31T20:53:21.624+00:00,2026-08-31T20:53:21.624+00:00,2026-08-31T20:53:21.634+00:00,2026-08-31T20:53:21.634+00:00,0.010216,0.010290280000845087,sqs-worker-5986dcd897-x8rdl,ip-192-168-20-201.ec2.internal,0719b7ea6d62d4af54c9ece024a426a69b5b0c8fdc798e10eb4e32d954888d82,1,3.0,13.0
1,keda-poisson-707-caec82d6,000212,125.457906,2026-08-31T20:53:23.374+00:00,2026-08-31T20:53:19.506+00:00,2026-08-31T20:53:19.509+00:00,2026-08-31T20:53:19.509+00:00,2026-08-31T20:53:21.729+00:00,2026-08-31T20:53:21.729+00:00,0.57352,2.219351330999416,sqs-worker-5986dcd897-mxlxx,ip-192-168-20-201.ec2.internal,d66e79a4901bca8f985c241e0fe855e7652adae9d5a6b31c1525cd2d77c79787,1,3.0,2223.0
1,keda-poisson-707-caec82d6,000215,127.946459,2026-08-31T20:53:25.861+00:00,2026-08-31T20:53:21.989+00:00,2026-08-31T20:53:21.994+00:00,2026-08-31T20:53:21.994+00:00,2026-08-31T20:53:22.614+00:00,2026-08-31T20:53:22.614+00:00,0.270379,0.6197185359997093,sqs-worker-5986dcd897-x8rdl,ip-192-168-20-201.ec2.internal,ffdd51defa526681383ac6cb9fe6fa570195930364a82634036eb28352a29a08,1,5.0,625.0
1,keda-poisson-707-caec82d6,000216,128.446469,2026-08-31T20:53:26.361+00:00,2026-08-31T20:53:22.488+00:00,2026-08-31T20:53:22.493+00:00,2026-08-31T20:53:22.493+00:00,2026-08-31T20:53:23.027+00:00,2026-08-31T20:53:23.027+00:00,0.234448,0.5334803409987217,sqs-worker-5986dcd897-mxlxx,ip-192-168-20-201.ec2.internal,3a8aba6484c5eefee67fed4198108f03013e43d4bf7a38d66ecad21aa10fd2eb,1,5.0,539.0
1,keda-poisson-707-caec82d6,000218,129.579678,2026-08-31T20:53:27.494+00:00,2026-08-31T20:53:23.622+00:00,2026-08-31T20:53:23.626+00:00,2026-08-31T20:53:23.626+00:00,2026-08-31T20:53:23.631+00:00,2026-08-31T20:53:23.631+00:00,0.005,0.005036233998907846,sqs-worker-5986dcd897-mxlxx,ip-192-168-20-201.ec2.internal,25880a316b4d214e499ceac838cb5cd7b1158a8a4fcb235e353efaad4a78b1c5,1,4.0,9.0
1,keda-poisson-707-caec82d6,000219,130.106092,2026-08-31T20:53:28.021+00:00,2026-08-31T20:53:24.149+00:00,2026-08-31T20:53:24.152+00:00,2026-08-31T20:53:24.152+00:00,2026-08-31T20:53:24.170+00:00,2026-08-31T20:53:24.170+00:00,0.017787,0.01782855200144695,sqs-worker-5986dcd897-mxlxx,ip-192-168-20-201.ec2.internal,f538751aef7257aa1c0f2f0a351e24d2fc3ecb6f8348a7cf9751ea10bbb9a7bc,1,3.0,21.0
1,keda-poisson-707-caec82d6,000217,129.118376,2026-08-31T20:53:27.033+00:00,2026-08-31T20:53:23.162+00:00,2026-08-31T20:53:23.165+00:00,2026-08-31T20:53:23.165+00:00,2026-08-31T20:53:24.787+00:00,2026-08-31T20:53:24.787+00:00,0.663254,1.6221906429982482,sqs-worker-5986dcd897-x8rdl,ip-192-168-20-201.ec2.internal,34021e20df2aedc866d8eb948953262530389b8c09f457e846d7336f8d4eebca,1,3.0,1625.0
1,keda-poisson-707-caec82d6,000223,130.846194,2026-08-31T20:53:28.761+00:00,2026-08-31T20:53:24.885+00:00,2026-08-31T20:53:24.928+00:00,2026-08-31T20:53:24.928+00:00,2026-08-31T20:53:25.045+00:00,2026-08-31T20:53:25.045+00:00,0.064443,0.11701113100025395,sqs-worker-5986dcd897-mxlxx,ip-192-168-20-201.ec2.internal,41bba2690da39195e27ab254cc538fbbbda6b21e7fd7682d4b3cb38f330bff54,1,43.0,160.0
1,keda-poisson-707-caec82d6,000220,130.437466,2026-08-31T20:53:28.352+00:00,2026-08-31T20:53:24.480+00:00,2026-08-31T20:53:24.524+00:00,2026-08-31T20:53:24.524+00:00,2026-08-31T20:53:24.863+00:00,2026-08-31T20:53:24.863+00:00,0.157368,0.33939795900005265,sqs-worker-5986dcd897-mxlxx,ip-192-168-20-201.ec2.internal,af2260f2965eedd0477fd17ecd7d1ff85f92f9596ac4692ddb7dfc57119c1d5c,1,44.0,383.0
1,keda-poisson-707-caec82d6,000222,130.636506,2026-08-31T20:53:28.551+00:00,2026-08-31T20:53:24.676+00:00,2026-08-31T20:53:24.805+00:00,2026-08-31T20:53:24.805+00:00,2026-08-31T20:53:25.305+00:00,2026-08-31T20:53:25.305+00:00,0.214206,0.500330261000272,sqs-worker-5986dcd897-x8rdl,ip-192-168-20-201.ec2.internal,e62597c54d54cd023c65f00b8d4bf324040a3365af61fc46bab2ce20f8ac0881,1,129.0,629.0
1,keda-poisson-707-caec82d6,000221,130.458206,2026-08-31T20:53:28.372+00:00,2026-08-31T20:53:24.523+00:00,2026-08-31T20:53:25.104+00:00,2026-08-31T20:53:25.104+00:00,2026-08-31T20:53:25.625+00:00,2026-08-31T20:53:25.625+00:00,0.212655,0.5207893420010805,sqs-worker-5986dcd897-mxlxx,ip-192-168-20-201.ec2.internal,cbb5d024b8e1cdda2f26cee7687a610aa5098afa57537895b96b4e2a84643e4a,1,581.0,1102.0
1,keda-poisson-707-caec82d6,000224,131.542617,2026-08-31T20:53:29.457+00:00,2026-08-31T20:53:25.582+00:00,2026-08-31T20:53:25.585+00:00,2026-08-31T20:53:25.585+00:00,2026-08-31T20:53:26.218+00:00,2026-08-31T20:53:26.218+00:00,0.275164,0.6324109560009674,sqs-worker-5986dcd897-x8rdl,ip-192-168-20-201.ec2.internal,c7ccc63b0d78d2448ce4fe3be9c0380ace53ee9135b4464f94dcd260130d0083,1,3.0,636.0
1,keda-poisson-707-caec82d6,000225,131.793988,2026-08-31T20:53:29.708+00:00,2026-08-31T20:53:25.839+00:00,2026-08-31T20:53:25.842+00:00,2026-08-31T20:53:25.842+00:00,2026-08-31T20:53:26.244+00:00,2026-08-31T20:53:26.244+00:00,0.184792,0.4012344389993814,sqs-worker-5986dcd897-mxlxx,ip-192-168-20-201.ec2.internal,7d9648a26845e7de38e23cdd8f9e924163403aa02c49e321047cdc11a80dc3ba,1,3.0,405.0
1,keda-poisson-707-caec82d6,000226,132.741459,2026-08-31T20:53:30.657+00:00,2026-08-31T20:53:26.785+00:00,2026-08-31T20:53:26.789+00:00,2026-08-31T20:53:26.789+00:00,2026-08-31T20:53:27.021+00:00,2026-08-31T20:53:27.021+00:00,0.118202,0.23249414800011436,sqs-worker-5986dcd897-x8rdl,ip-192-168-20-201.ec2.internal,94cb9ef2c7168da3c2585ff73e85371bd564388365b60968114af541eaeb3e5f,1,4.0,236.0
1,keda-poisson-707-caec82d6,000228,133.070717,2026-08-31T20:53:30.985+00:00,2026-08-31T20:53:27.109+00:00,2026-08-31T20:53:27.115+00:00,2026-08-31T20:53:27.115+00:00,2026-08-31T20:53:27.295+00:00,2026-08-31T20:53:27.295+00:00,0.089061,0.17973486600021715,sqs-worker-5986dcd897-x8rdl,ip-192-168-20-201.ec2.internal,15db6ab7bfbf8de6e6d5138782d04c1d6afca1e2efa44e62fc72a85376a4da48,1,6.0,186.0
1,keda-poisson-707-caec82d6,000227,132.795172,2026-08-31T20:53:30.709+00:00,2026-08-31T20:53:26.836+00:00,2026-08-31T20:53:26.840+00:00,2026-08-31T20:53:26.840+00:00,2026-08-31T20:53:27.535+00:00,2026-08-31T20:53:27.535+00:00,0.295996,0.6944023079995532,sqs-worker-5986dcd897-mxlxx,ip-192-168-20-201.ec2.internal,61a5c1a14ccf462d54f45866452133a82c0e0d18ecf08a993fe2ec148df7c67b,1,4.0,699.0
1,keda-poisson-707-caec82d6,000229,133.775003,2026-08-31T20:53:31.690+00:00,2026-08-31T20:53:27.817+00:00,2026-08-31T20:53:27.839+00:00,2026-08-31T20:53:27.839+00:00,2026-08-31T20:53:28.131+00:00,2026-08-31T20:53:28.131+00:00,0.101141,0.2927030390001164,sqs-worker-5986dcd897-mxlxx,ip-192-168-20-201.ec2.internal,4a722e09305206008e0c7ef13a9b5249cc8585c7ce9e4efff5ec63f394ed8d60,1,22.0,314.0
1,keda-poisson-707-caec82d6,000230,133.971529,2026-08-31T20:53:31.886+00:00,2026-08-31T20:53:28.015+00:00,2026-08-31T20:53:28.019+00:00,2026-08-31T20:53:28.019+00:00,2026-08-31T20:53:28.396+00:00,2026-08-31T20:53:28.396+00:00,0.17288,0.3770250710003893,sqs-worker-5986dcd897-x8rdl,ip-192-168-20-201.ec2.internal,9bd7ef7ae1ff693ee58f52789d27c7848a9843484dd611b7d12b1e6b068cf5dc,1,4.0,381.0
1,keda-poisson-707-caec82d6,000231,133.994311,2026-08-31T20:53:31.909+00:00,2026-08-31T20:53:28.040+00:00,2026-08-31T20:53:28.225+00:00,2026-08-31T20:53:28.225+00:00,2026-08-31T20:53:28.529+00:00,2026-08-31T20:53:28.529+00:00,0.077247,0.30381907199989655,sqs-worker-5986dcd897-mxlxx,ip-192-168-20-201.ec2.internal,b284457b4da4217a9d67614b0b7779fbcf5295cbf879f226d82dd5da46634aeb,1,185.0,489.0
1,keda-poisson-707-caec82d6,000232,136.729164,2026-08-31T20:53:34.644+00:00,2026-08-31T20:53:30.773+00:00,2026-08-31T20:53:30.777+00:00,2026-08-31T20:53:30.777+00:00,2026-08-31T20:53:30.847+00:00,2026-08-31T20:53:30.847+00:00,0.069389,0.06943476500055112,sqs-worker-5986dcd897-mxlxx,ip-192-168-20-201.ec2.internal,6314001cea5a3f21b1c42f31b7ba97bc77809be09a4e499131e4431963f6f64d,1,4.0,74.0
1,keda-poisson-707-caec82d6,000234,139.739971,2026-08-31T20:53:37.654+00:00,2026-08-31T20:53:33.782+00:00,2026-08-31T20:53:33.786+00:00,2026-08-31T20:53:33.786+00:00,2026-08-31T20:53:34.129+00:00,2026-08-31T20:53:34.129+00:00,0.163214,0.3437572540005931,sqs-worker-5986dcd897-mxlxx,ip-192-168-20-201.ec2.internal,0e187bdc86f7a65e680ae46399a8aa1d1a7075ff3264dde8bba888599fcc7f17,1,4.0,347.0
1,keda-poisson-707-caec82d6,000233,139.50795,2026-08-31T20:53:37.425+00:00,2026-08-31T20:53:33.555+00:00,2026-08-31T20:53:33.560+00:00,2026-08-31T20:53:33.560+00:00,2026-08-31T20:53:34.199+00:00,2026-08-31T20:53:34.199+00:00,0.279483,0.6381548640001711,sqs-worker-5986dcd897-x8rdl,ip-192-168-20-201.ec2.internal,c75a7c1da64e45c1dd37dab32fa438e52f7b4bd3e3046689792110447d3000bf,1,5.0,644.0
1,keda-poisson-707-caec82d6,000235,140.345644,2026-08-31T20:53:38.260+00:00,2026-08-31T20:53:34.386+00:00,2026-08-31T20:53:34.391+00:00,2026-08-31T20:53:34.391+00:00,2026-08-31T20:53:35.001+00:00,2026-08-31T20:53:35.001+00:00,0.25856,0.6099846039996919,sqs-worker-5986dcd897-x8rdl,ip-192-168-20-201.ec2.internal,487e89a8274495226a77c3607cba5ff7b09ed09344e2781f80e2c66f9e5c74c8,1,5.0,615.0
1,keda-poisson-707-caec82d6,000237,140.913534,2026-08-31T20:53:38.828+00:00,2026-08-31T20:53:34.954+00:00,2026-08-31T20:53:35.015+00:00,2026-08-31T20:53:35.015+00:00,2026-08-31T20:53:35.194+00:00,2026-08-31T20:53:35.195+00:00,0.068799,0.17996236799990584,sqs-worker-5986dcd897-x8rdl,ip-192-168-20-201.ec2.internal,cdd9e9a532b404833ac8daee13a01c3f36c851b283d50ac03cbec2e817b51be4,1,61.0,240.0
1,keda-poisson-707-caec82d6,000238,141.507301,2026-08-31T20:53:39.422+00:00,2026-08-31T20:53:35.549+00:00,2026-08-31T20:53:35.552+00:00,2026-08-31T20:53:35.552+00:00,2026-08-31T20:53:36.103+00:00,2026-08-31T20:53:36.103+00:00,0.254004,0.5505227470002865,sqs-worker-5986dcd897-x8rdl,ip-192-168-20-201.ec2.internal,2a60e57beb9db9bbd0a1bc91424e439fb93395489704ac230fd34134d0eb361c,1,3.0,554.0
1,keda-poisson-707-caec82d6,000239,142.14437,2026-08-31T20:53:40.059+00:00,2026-08-31T20:53:36.183+00:00,2026-08-31T20:53:36.186+00:00,2026-08-31T20:53:36.186+00:00,2026-08-31T20:53:36.319+00:00,2026-08-31T20:53:36.319+00:00,0.076645,0.13309803799893416,sqs-worker-5986dcd897-x8rdl,ip-192-168-20-201.ec2.internal,3a8ed0ede583fa4f02d81ce993f2c823416c84f1a353c2691b5da597077b5b63,1,3.0,136.0
1,keda-poisson-707-caec82d6,000236,140.567442,2026-08-31T20:53:38.482+00:00,2026-08-31T20:53:34.609+00:00,2026-08-31T20:53:34.614+00:00,2026-08-31T20:53:34.614+00:00,2026-08-31T20:53:36.647+00:00,2026-08-31T20:53:36.647+00:00,0.83502,2.033807171999797,sqs-worker-5986dcd897-mxlxx,ip-192-168-20-201.ec2.internal,dbec257c4ca8cc18fd93c5d6bdaa4340de63df75405b1be729bec839f0a49d30,1,5.0,2037.9999999999998
1,keda-poisson-707-caec82d6,000240,142.624911,2026-08-31T20:53:40.540+00:00,2026-08-31T20:53:36.668+00:00,2026-08-31T20:53:36.672+00:00,2026-08-31T20:53:36.672+00:00,2026-08-31T20:53:36.779+00:00,2026-08-31T20:53:36.779+00:00,0.049373,0.10699260900037189,sqs-worker-5986dcd897-x8rdl,ip-192-168-20-201.ec2.internal,8a8f8a9af7428a65601b5796f2e8c567b6517f6317643fb136a56c68b84554a0,1,4.0,111.0
1,keda-poisson-707-caec82d6,000241,143.959878,2026-08-31T20:53:41.875+00:00,2026-08-31T20:53:37.999+00:00,2026-08-31T20:53:38.003+00:00,2026-08-31T20:53:38.004+00:00,2026-08-31T20:53:38.399+00:00,2026-08-31T20:53:38.399+00:00,0.175453,0.39545848300076614,sqs-worker-5986dcd897-x8rdl,ip-192-168-20-201.ec2.internal,9a5735f4fcd63a5dff86ae2185379fd38e4da109503599304477be22124ff1ed,1,4.0,400.0
1,keda-poisson-707-caec82d6,000242,144.327567,2026-08-31T20:53:42.242+00:00,2026-08-31T20:53:38.367+00:00,2026-08-31T20:53:38.428+00:00,2026-08-31T20:53:38.428+00:00,2026-08-31T20:53:38.434+00:00,2026-08-31T20:53:38.434+00:00,0.005419,0.005456571998365689,sqs-worker-5986dcd897-x8rdl,ip-192-168-20-201.ec2.internal,088d09f09d6424db79eb34145f568ed02484ece708100a2855051cb2635bffae,1,61.0,67.0
1,keda-poisson-707-caec82d6,000243,144.415016,2026-08-31T20:53:42.330+00:00,2026-08-31T20:53:38.458+00:00,2026-08-31T20:53:38.461+00:00,2026-08-31T20:53:38.461+00:00,2026-08-31T20:53:38.593+00:00,2026-08-31T20:53:38.593+00:00,0.060667,0.1315821309999592,sqs-worker-5986dcd897-x8rdl,ip-192-168-20-201.ec2.internal,310f23f2ab8e9c3c4926e49ead45abd61c49175468a07e64886edd8d85c9788f,1,3.0,135.0
1,keda-poisson-707-caec82d6,000244,144.793089,2026-08-31T20:53:42.708+00:00,2026-08-31T20:53:38.836+00:00,2026-08-31T20:53:38.840+00:00,2026-08-31T20:53:38.840+00:00,2026-08-31T20:53:38.861+00:00,2026-08-31T20:53:38.861+00:00,0.021836,0.021876621000046725,sqs-worker-5986dcd897-x8rdl,ip-192-168-20-201.ec2.internal,3106f56686b88224ad64d7e489eae175ffd4e06ef03a9f1d85a27d9f5fe76c4d,1,4.0,25.0
1,keda-poisson-707-caec82d6,000245,145.240775,2026-08-31T20:53:43.156+00:00,2026-08-31T20:53:39.289+00:00,2026-08-31T20:53:39.293+00:00,2026-08-31T20:53:39.293+00:00,2026-08-31T20:53:40.799+00:00,2026-08-31T20:53:40.799+00:00,0.375479,1.5064607169988449,sqs-worker-5986dcd897-x8rdl,ip-192-168-20-201.ec2.internal,6c23815240903531fed33bd69c78c9131bd2ab9ffd7d72f0da809f29e61d5ac8,1,4.0,1510.0
1,keda-poisson-707-caec82d6,000247,145.973359,2026-08-31T20:53:43.888+00:00,2026-08-31T20:53:40.013+00:00,2026-08-31T20:53:40.894+00:00,2026-08-31T20:53:40.894+00:00,2026-08-31T20:53:41.495+00:00,2026-08-31T20:53:41.495+00:00,0.126574,0.600703000998692,sqs-worker-5986dcd897-x8rdl,ip-192-168-20-201.ec2.internal,9a3d71fb38aa6515822d8214897d26d1e25881b376806ef4a8a15e2100166e75,1,881.0,1482.0
1,keda-poisson-707-caec82d6,000250,147.056395,2026-08-31T20:53:44.971+00:00,2026-08-31T20:53:41.098+00:00,2026-08-31T20:53:41.593+00:00,2026-08-31T20:53:41.593+00:00,2026-08-31T20:53:43.201+00:00,2026-08-31T20:53:43.201+00:00,0.421987,1.608501520999198,sqs-worker-5986dcd897-x8rdl,ip-192-168-20-201.ec2.internal,99549262e77987fe1dd0b3b1a7484c0d3b6c14a79eebc2873be07445ab8d414e,1,495.0,2103.0
1,keda-poisson-707-caec82d6,000252,148.009826,2026-08-31T20:53:45.925+00:00,2026-08-31T20:53:42.051+00:00,2026-08-31T20:53:43.228+00:00,2026-08-31T20:53:43.228+00:00,2026-08-31T20:53:43.722+00:00,2026-08-31T20:53:43.722+00:00,0.216675,0.4943691550015501,sqs-worker-5986dcd897-x8rdl,ip-192-168-20-201.ec2.internal,24ded4bd071495b581db29c21ed9a253f6c22e77a1917a747fa90988849af763,1,1177.0,1671.0
1,keda-poisson-707-caec82d6,000248,146.127413,2026-08-31T20:53:44.042+00:00,2026-08-31T20:53:40.165+00:00,2026-08-31T20:53:43.792+00:00,2026-08-31T20:53:43.792+00:00,2026-08-31T20:53:43.987+00:00,2026-08-31T20:53:43.987+00:00,0.079907,0.19440764099999797,sqs-worker-5986dcd897-x8rdl,ip-192-168-20-201.ec2.internal,3b94848859f0c472ae73f15baec885a4081ab3dae70dc8e058eddeda396ab954,1,3627.0,3822.0
1,keda-poisson-707-caec82d6,000257,149.812863,2026-08-31T20:53:47.727+00:00,2026-08-31T20:53:43.851+00:00,2026-08-31T20:53:44.298+00:00,2026-08-31T20:53:44.298+00:00,2026-08-31T20:53:44.322+00:00,2026-08-31T20:53:44.322+00:00,0.023935,0.023979640000106883,sqs-worker-5986dcd897-x8rdl,ip-192-168-20-201.ec2.internal,061e3c04c485ce0b0207e24c0474d500fb368022735c75b557b67905ebefe02f,1,447.0,471.0
1,keda-poisson-707-caec82d6,000246,145.850775,2026-08-31T20:53:43.766+00:00,2026-08-31T20:53:39.897+00:00,2026-08-31T20:53:44.007+00:00,2026-08-31T20:53:44.007+00:00,2026-08-31T20:53:44.221+00:00,2026-08-31T20:53:44.221+00:00,0.110556,0.21432421800091106,sqs-worker-5986dcd897-x8rdl,ip-192-168-20-201.ec2.internal,c1336f1fbda744c9efae5d035e36360134dbae8ce971c0ec4f9a5da11be06fb4,1,4110.0,4324.0
1,keda-poisson-707-caec82d6,000258,150.257902,2026-08-31T20:53:48.173+00:00,2026-08-31T20:53:44.297+00:00,2026-08-31T20:53:44.337+00:00,2026-08-31T20:53:44.337+00:00,2026-08-31T20:53:45.483+00:00,2026-08-31T20:53:45.483+00:00,0.449775,1.1465892030009854,sqs-worker-5986dcd897-x8rdl,ip-192-168-20-201.ec2.internal,020c0ae1b4508c99de20e18dc39687525dfb0642826b46d38870f93bd4230563,1,40.0,1186.0
1,keda-poisson-707-caec82d6,000253,148.46658,2026-08-31T20:53:46.381+00:00,2026-08-31T20:53:42.509+00:00,2026-08-31T20:53:45.599+00:00,2026-08-31T20:53:45.599+00:00,2026-08-31T20:53:45.628+00:00,2026-08-31T20:53:45.628+00:00,0.029628,0.029669425999600207,sqs-worker-5986dcd897-x8rdl,ip-192-168-20-201.ec2.internal,d3fa94675d61adf4be74ed8e660b27d047fbea50cce1f4f1faea64bf6456665f,1,3090.0,3119.0
1,keda-poisson-707-caec82d6,000249,146.60177,2026-08-31T20:53:44.516+00:00,2026-08-31T20:53:40.640+00:00,2026-08-31T20:53:45.498+00:00,2026-08-31T20:53:45.498+00:00,2026-08-31T20:53:45.583+00:00,2026-08-31T20:53:45.583+00:00,0.035988,0.08551550099946326,sqs-worker-5986dcd897-x8rdl,ip-192-168-20-201.ec2.internal,3512ee4cd254f651c07b5d794c863f9debe083009018d40e1fc498a2848c268e,1,4858.0,4943.0
1,keda-poisson-707-caec82d6,000259,151.577393,2026-08-31T20:53:49.493+00:00,2026-08-31T20:53:45.617+00:00,2026-08-31T20:53:45.644+00:00,2026-08-31T20:53:45.644+00:00,2026-08-31T20:53:46.596+00:00,2026-08-31T20:53:46.596+00:00,0.375077,0.9514528820000123,sqs-worker-5986dcd897-x8rdl,ip-192-168-20-201.ec2.internal,1942dd88c5d6344441dee7eedba39b602ade8252be053dd699a4d79b3533f729,1,27.0,979.0
1,keda-poisson-707-caec82d6,000251,147.394793,2026-08-31T20:53:45.309+00:00,2026-08-31T20:53:41.438+00:00,2026-08-31T20:53:46.616+00:00,2026-08-31T20:53:46.616+00:00,2026-08-31T20:53:46.621+00:00,2026-08-31T20:53:46.621+00:00,0.005,0.005035043999669142,sqs-worker-5986dcd897-x8rdl,ip-192-168-20-201.ec2.internal,451a97aaadc80f8e7da8248e5ad21183bafe62ea2d9ac1f59655b601fb6e3cbe,1,5178.0,5183.0
1,keda-poisson-707-caec82d6,000260,151.637558,2026-08-31T20:53:49.552+00:00,2026-08-31T20:53:45.681+00:00,2026-08-31T20:53:46.635+00:00,2026-08-31T20:53:46.635+00:00,2026-08-31T20:53:47.097+00:00,2026-08-31T20:53:47.097+00:00,0.188541,0.46240166400093585,sqs-worker-5986dcd897-x8rdl,ip-192-168-20-201.ec2.internal,7dc71a72d37558dab2c44725d752f789b0f4037a773281a0cd680fa57b2da1d1,1,954.0,1416.0
1,keda-poisson-707-caec82d6,000264,152.678163,2026-08-31T20:53:50.592+00:00,2026-08-31T20:53:46.716+00:00,2026-08-31T20:53:47.119+00:00,2026-08-31T20:53:47.119+00:00,2026-08-31T20:53:48.612+00:00,2026-08-31T20:53:48.612+00:00,0.610617,1.4932376870001463,sqs-worker-5986dcd897-x8rdl,ip-192-168-20-201.ec2.internal,65377a3bb3a8b1cbb27d0f4e9fca5904722a3d35a843e89a0efbef1885d9e0dc,1,403.0,1896.0
1,keda-poisson-707-caec82d6,000261,152.12334,2026-08-31T20:53:50.038+00:00,2026-08-31T20:53:46.166+00:00,2026-08-31T20:53:48.634+00:00,2026-08-31T20:53:48.634+00:00,2026-08-31T20:53:49.093+00:00,2026-08-31T20:53:49.093+00:00,0.176549,0.45901817599951755,sqs-worker-5986dcd897-x8rdl,ip-192-168-20-201.ec2.internal,943cbddcfb94330d141db10e16a7176022e0fbb19004dbb3b68532010c0d800d,1,2468.0,2927.0
1,keda-poisson-707-caec82d6,000266,153.284607,2026-08-31T20:53:51.199+00:00,2026-08-31T20:53:47.324+00:00,2026-08-31T20:53:49.108+00:00,2026-08-31T20:53:49.108+00:00,2026-08-31T20:53:49.801+00:00,2026-08-31T20:53:49.801+00:00,0.261525,0.6930204899999808,sqs-worker-5986dcd897-x8rdl,ip-192-168-20-201.ec2.internal,d353a263b692299de35634f30cc76b5aaf17a58b48aaa746998c3c93bedd8d26,1,1784.0,2477.0
1,keda-poisson-707-caec82d6,000254,148.604877,2026-08-31T20:53:46.519+00:00,2026-08-31T20:53:42.644+00:00,2026-08-31T20:53:49.889+00:00,2026-08-31T20:53:49.889+00:00,2026-08-31T20:53:52.885+00:00,2026-08-31T20:53:52.885+00:00,0.59364,2.996067406000293,sqs-worker-5986dcd897-x8rdl,ip-192-168-20-201.ec2.internal,6262978418d54cf6bc71c23b0205d08b1c9c78a19faf3830a0e94ecbef7d6969,1,7245.0,10241.0
1,keda-poisson-707-caec82d6,000274,157.01417,2026-08-31T20:53:54.927+00:00,2026-08-31T20:53:51.055+00:00,2026-08-31T20:53:52.902+00:00,2026-08-31T20:53:52.903+00:00,2026-08-31T20:53:53.391+00:00,2026-08-31T20:53:53.391+00:00,0.173269,0.48867819999941275,sqs-worker-5986dcd897-x8rdl,ip-192-168-20-201.ec2.internal,9506c13b417e7f78e1dc459060b6b5d362ff91defaddbeafcfbecd66373119fa,1,1847.0,2336.0
1,keda-poisson-707-caec82d6,000268,153.572063,2026-08-31T20:53:51.487+00:00,2026-08-31T20:53:47.614+00:00,2026-08-31T20:53:53.414+00:00,2026-08-31T20:53:53.414+00:00,2026-08-31T20:53:53.691+00:00,2026-08-31T20:53:53.691+00:00,0.117991,0.2779339600001549,sqs-worker-5986dcd897-x8rdl,ip-192-168-20-201.ec2.internal,64c51b914ef3166d64eac6b6395e15127753d095513966c0c585edce8afb96ab,1,5800.0,6077.0
1,keda-poisson-707-caec82d6,000271,154.692166,2026-08-31T20:53:52.607+00:00,2026-08-31T20:53:48.735+00:00,2026-08-31T20:53:53.716+00:00,2026-08-31T20:53:53.716+00:00,2026-08-31T20:53:53.730+00:00,2026-08-31T20:53:53.730+00:00,0.013956,0.013988601000164635,sqs-worker-5986dcd897-x8rdl,ip-192-168-20-201.ec2.internal,bdfb7ec4c135134bcc6879a4816d29aa3e0152ac174515b53e2b1900056cf014,1,4981.0,4995.0
1,keda-poisson-707-caec82d6,000270,154.405904,2026-08-31T20:53:52.320+00:00,2026-08-31T20:53:48.446+00:00,2026-08-31T20:53:54.324+00:00,2026-08-31T20:53:54.324+00:00,2026-08-31T20:53:54.336+00:00,2026-08-31T20:53:54.336+00:00,0.012067,0.01215534699986165,sqs-worker-5986dcd897-x8rdl,ip-192-168-20-201.ec2.internal,3fba2170b65ac3d5d68c25bd31bc3ad360db4865b74198dd315245f364949450,1,5878.0,5890.0
1,keda-poisson-707-caec82d6,000255,148.612109,2026-08-31T20:53:46.526+00:00,2026-08-31T20:53:42.652+00:00,2026-08-31T20:53:53.745+00:00,2026-08-31T20:53:53.745+00:00,2026-08-31T20:53:54.299+00:00,2026-08-31T20:53:54.299+00:00,0.225246,0.5540320760010218,sqs-worker-5986dcd897-x8rdl,ip-192-168-20-201.ec2.internal,8fb59ba86668be99a68be10ce42d3e79eab4b0b89de78f3caf0ea65779badb79,1,11093.0,11647.0
1,keda-poisson-707-caec82d6,000269,154.267163,2026-08-31T20:53:52.182+00:00,2026-08-31T20:53:48.345+00:00,2026-08-31T20:53:54.357+00:00,2026-08-31T20:53:54.357+00:00,2026-08-31T20:53:54.623+00:00,2026-08-31T20:53:54.623+00:00,0.114495,0.26526836099947104,sqs-worker-5986dcd897-x8rdl,ip-192-168-20-201.ec2.internal,62977f8dfc5dff612c0a5532d34d7ae19a61ed49f6a94101ce1d6202ad8833a1,1,6012.0,6278.0
1,keda-poisson-707-caec82d6,000277,157.91362,2026-08-31T20:53:55.827+00:00,2026-08-31T20:53:51.954+00:00,2026-08-31T20:53:54.645+00:00,2026-08-31T20:53:54.645+00:00,2026-08-31T20:53:55.931+00:00,2026-08-31T20:53:55.931+00:00,0.523014,1.2859542919995874,sqs-worker-5986dcd897-x8rdl,ip-192-168-20-201.ec2.internal,51cb6d96f83180b6e07905909ef4979207b3c09cb79a22f34c7c4b86966215be,1,2691.0,3977.0
1,keda-poisson-707-caec82d6,000265,152.859909,2026-08-31T20:53:50.774+00:00,2026-08-31T20:53:46.897+00:00,2026-08-31T20:53:52.969+00:00,2026-08-31T20:53:52.969+00:00,2026-08-31T20:53:56.510+00:00,2026-08-31T20:53:56.510+00:00,0.77947,3.5409362129994406,sqs-worker-5986dcd897-pcrxh,ip-192-168-20-201.ec2.internal,fcf3190673c95758a2aef3283c0800ad73601b1e4b14de96a8fc1d96fa03841b,1,6072.0,9613.0
1,keda-poisson-707-caec82d6,000278,158.993387,2026-08-31T20:53:56.907+00:00,2026-08-31T20:53:53.034+00:00,2026-08-31T20:53:55.990+00:00,2026-08-31T20:53:55.990+00:00,2026-08-31T20:53:57.097+00:00,2026-08-31T20:53:57.097+00:00,0.447131,1.1063860270005534,sqs-worker-5986dcd897-x8rdl,ip-192-168-20-201.ec2.internal,b4d7aea99bab821c3db9b307cd5029f6943c473dee2192e750b8ad8b6980166b,1,2956.0,4062.9999999999995
1,keda-poisson-707-caec82d6,000276,157.38591,2026-08-31T20:53:55.299+00:00,2026-08-31T20:53:51.426+00:00,2026-08-31T20:53:57.117+00:00,2026-08-31T20:53:57.117+00:00,2026-08-31T20:53:57.194+00:00,2026-08-31T20:53:57.194+00:00,0.035914,0.0775664910015621,sqs-worker-5986dcd897-x8rdl,ip-192-168-20-201.ec2.internal,4ea7dce1356c0fa19030e910d27beeade775af2876eeb44f01c3ce0aafb4f12a,1,5691.0,5768.0
1,keda-poisson-707-caec82d6,000256,149.608849,2026-08-31T20:53:47.524+00:00,2026-08-31T20:53:43.653+00:00,2026-08-31T20:53:56.599+00:00,2026-08-31T20:53:56.599+00:00,2026-08-31T20:53:58.784+00:00,2026-08-31T20:53:58.784+00:00,0.865328,2.1855129329997,sqs-worker-5986dcd897-pcrxh,ip-192-168-20-201.ec2.internal,9e998198c11481b3c319acf15878b1d907906df19995abd73a7cead5c60f63c9,1,12946.0,15131.0
1,keda-poisson-707-caec82d6,000282,160.086601,2026-08-31T20:53:58.000+00:00,2026-08-31T20:53:54.129+00:00,2026-08-31T20:53:58.802+00:00,2026-08-31T20:53:58.802+00:00,2026-08-31T20:53:59.185+00:00,2026-08-31T20:53:59.185+00:00,0.159152,0.3833632600017154,sqs-worker-5986dcd897-pcrxh,ip-192-168-20-201.ec2.internal,f3e03ce107b414603ee7092054d1b7f80e18d2b922a531d2452bd0aed1ddf558,1,4673.0,5056.0
1,keda-poisson-707-caec82d6,000263,152.5666,2026-08-31T20:53:50.481+00:00,2026-08-31T20:53:46.611+00:00,2026-08-31T20:53:59.216+00:00,2026-08-31T20:53:59.216+00:00,2026-08-31T20:53:59.321+00:00,2026-08-31T20:53:59.321+00:00,0.055007,0.10451111700058391,sqs-worker-5986dcd897-pcrxh,ip-192-168-20-201.ec2.internal,fca9541312da821d21582112029f9f48cd8621c51fa8834b4d6d264201a632bf,1,12605.0,12710.0
1,keda-poisson-707-caec82d6,000262,152.400852,2026-08-31T20:53:50.315+00:00,2026-08-31T20:53:46.445+00:00,2026-08-31T20:53:57.212+00:00,2026-08-31T20:53:57.212+00:00,2026-08-31T20:53:59.394+00:00,2026-08-31T20:53:59.394+00:00,0.874346,2.1817950799995742,sqs-worker-5986dcd897-x8rdl,ip-192-168-20-201.ec2.internal,35dd755c808fa16346d74c15b1f45ea91e2cdd78a9e8a35e031a72d74c08d887,1,10767.0,12949.0
1,keda-poisson-707-caec82d6,000286,164.636282,2026-08-31T20:54:02.550+00:00,2026-08-31T20:53:58.680+00:00,2026-08-31T20:53:59.339+00:00,2026-08-31T20:53:59.339+00:00,2026-08-31T20:54:00.084+00:00,2026-08-31T20:54:00.084+00:00,0.294495,0.7458053779992042,sqs-worker-5986dcd897-pcrxh,ip-192-168-20-201.ec2.internal,55c92aacd3859368c0ee8dd1a8f8b6b71ab8ed90fb453f99ee8991960096bd61,1,659.0,1404.0
1,keda-poisson-707-caec82d6,000272,155.455339,2026-08-31T20:53:53.370+00:00,2026-08-31T20:53:49.493+00:00,2026-08-31T20:53:59.611+00:00,2026-08-31T20:53:59.611+00:00,2026-08-31T20:54:00.291+00:00,2026-08-31T20:54:00.291+00:00,0.140859,0.6803166909994616,sqs-worker-5986dcd897-x8rdl,ip-192-168-20-201.ec2.internal,94bdeb497c2484d31cc7a14f98f9bd646ca90fe6462a01f906ac751fede4e611,1,10118.0,10798.0
1,keda-poisson-707-caec82d6,000267,153.318613,2026-08-31T20:53:51.233+00:00,2026-08-31T20:53:47.360+00:00,2026-08-31T20:53:59.436+00:00,2026-08-31T20:53:59.437+00:00,2026-08-31T20:53:59.598+00:00,2026-08-31T20:53:59.598+00:00,0.070674,0.1612036589995114,sqs-worker-5986dcd897-x8rdl,ip-192-168-20-201.ec2.internal,d8ba16d99b266c64f1856468f7208882a65564a7fa34e1a544a001b17f79afe6,1,12076.0,12238.0
1,keda-poisson-707-caec82d6,000273,156.971225,2026-08-31T20:53:54.887+00:00,2026-08-31T20:53:51.010+00:00,2026-08-31T20:54:00.384+00:00,2026-08-31T20:54:00.384+00:00,2026-08-31T20:54:00.886+00:00,2026-08-31T20:54:00.886+00:00,0.105737,0.5018978579992108,sqs-worker-5986dcd897-x8rdl,ip-192-168-20-201.ec2.internal,9e10c2c1f2fb9335514e3672593668a255e0878d35db1b94b5279338e0f28e81,1,9374.0,9876.0
1,keda-poisson-707-caec82d6,000275,157.202963,2026-08-31T20:53:55.116+00:00,2026-08-31T20:53:51.245+00:00,2026-08-31T20:54:01.000+00:00,2026-08-31T20:54:01.000+00:00,2026-08-31T20:54:01.184+00:00,2026-08-31T20:54:01.184+00:00,0.027953,0.18448588799947174,sqs-worker-5986dcd897-x8rdl,ip-192-168-20-201.ec2.internal,9c735a2f162f7b6c45c0eb8beaf47c74525d9c11f3141f186a2fdd5d5041364e,1,9755.0,9939.0
1,keda-poisson-707-caec82d6,000280,159.432952,2026-08-31T20:53:57.346+00:00,2026-08-31T20:53:53.477+00:00,2026-08-31T20:54:00.900+00:00,2026-08-31T20:54:00.900+00:00,2026-08-31T20:54:00.985+00:00,2026-08-31T20:54:00.985+00:00,0.010835,0.08457251099935092,sqs-worker-5986dcd897-x8rdl,ip-192-168-20-201.ec2.internal,22669eb9e10d1c8dc9d870c263344dbb4b3f4e04296e4f1630f06b8bd8e5c372,1,7423.0,7508.0
1,keda-poisson-707-caec82d6,000289,165.237579,2026-08-31T20:54:03.151+00:00,2026-08-31T20:53:59.277+00:00,2026-08-31T20:54:00.114+00:00,2026-08-31T20:54:00.114+00:00,2026-08-31T20:54:01.331+00:00,2026-08-31T20:54:01.331+00:00,0.501515,1.217329000999598,sqs-worker-5986dcd897-pcrxh,ip-192-168-20-201.ec2.internal,e23647037da39a2e1e4fb09572f29cfe933d196ed07ecebd92cccbdec95a4dbc,1,837.0,2054.0
1,keda-poisson-707-caec82d6,000290,165.481036,2026-08-31T20:54:03.394+00:00,2026-08-31T20:53:59.520+00:00,2026-08-31T20:54:02.096+00:00,2026-08-31T20:54:02.096+00:00,2026-08-31T20:54:02.105+00:00,2026-08-31T20:54:02.105+00:00,0.008993,0.009048421999978018,sqs-worker-5986dcd897-x8rdl,ip-192-168-20-201.ec2.internal,868bfce411d62be873d1adcf810a1eb3d860fef5a48d5158231fc460218a5588,1,2576.0,2585.0
1,keda-poisson-707-caec82d6,000279,159.044118,2026-08-31T20:53:56.957+00:00,2026-08-31T20:53:53.083+00:00,2026-08-31T20:54:02.196+00:00,2026-08-31T20:54:02.196+00:00,2026-08-31T20:54:02.282+00:00,2026-08-31T20:54:02.282+00:00,0.018364,0.08621100500022294,sqs-worker-5986dcd897-x8rdl,ip-192-168-20-201.ec2.internal,17db45dd114cc2cd289144c853e3bac452e6d19d09461d1fbba33fcc87cb5914,1,9113.0,9199.0
1,keda-poisson-707-caec82d6,000295,167.717049,2026-08-31T20:54:05.630+00:00,2026-08-31T20:54:01.770+00:00,2026-08-31T20:54:02.541+00:00,2026-08-31T20:54:02.541+00:00,2026-08-31T20:54:03.228+00:00,2026-08-31T20:54:03.228+00:00,0.242051,0.6875546430001123,sqs-worker-5986dcd897-pcrxh,ip-192-168-20-201.ec2.internal,c1d5716ef2aca852d6e6c0650dbb9300bb0f4dfdeb5d14f7079c730b0579a710,1,771.0,1458.0
1,keda-poisson-707-caec82d6,000284,163.833962,2026-08-31T20:54:01.750+00:00,2026-08-31T20:53:57.879+00:00,2026-08-31T20:54:01.347+00:00,2026-08-31T20:54:01.347+00:00,2026-08-31T20:54:02.525+00:00,2026-08-31T20:54:02.525+00:00,0.474292,1.1780368340005225,sqs-worker-5986dcd897-pcrxh,ip-192-168-20-201.ec2.internal,9871349fac402d0f4e3cf20f03da626b019a6c08f36606f324268059e968169a,1,3468.0,4646.0
1,keda-poisson-707-caec82d6,000293,167.301971,2026-08-31T20:54:05.215+00:00,2026-08-31T20:54:01.343+00:00,2026-08-31T20:54:03.007+00:00,2026-08-31T20:54:03.007+00:00,2026-08-31T20:54:03.422+00:00,2026-08-31T20:54:03.422+00:00,0.174724,0.4149875269995391,sqs-worker-5986dcd897-x8rdl,ip-192-168-20-201.ec2.internal,72479e6c2dbceab676bee24ed5a802bc86d430b27caee8ca68b7c12f738ddd5e,1,1664.0,2079.0
1,keda-poisson-707-caec82d6,000287,164.885897,2026-08-31T20:54:02.799+00:00,2026-08-31T20:53:58.924+00:00,2026-08-31T20:54:03.742+00:00,2026-08-31T20:54:03.742+00:00,2026-08-31T20:54:03.747+00:00,2026-08-31T20:54:03.747+00:00,0.005,0.005102266999529093,sqs-worker-5986dcd897-x8rdl,ip-192-168-20-201.ec2.internal,a811ff294b02ca97febd30b9bffb8b96ec2929228d7d564496cb711d99b43647,1,4818.0,4823.0
1,keda-poisson-707-caec82d6,000291,166.192183,2026-08-31T20:54:04.106+00:00,2026-08-31T20:54:00.786+00:00,2026-08-31T20:54:04.106+00:00,2026-08-31T20:54:04.106+00:00,2026-08-31T20:54:04.184+00:00,2026-08-31T20:54:04.184+00:00,0.014287,0.07871596800032421,sqs-worker-5986dcd897-pcrxh,ip-192-168-20-201.ec2.internal,cceb077da9f9770c779214ec71743d1f0b230d1db8cc85c7a7ebf14f04fdbc61,1,3320.0,3398.0
1,keda-poisson-707-caec82d6,000283,160.536877,2026-08-31T20:53:58.450+00:00,2026-08-31T20:53:54.574+00:00,2026-08-31T20:54:03.901+00:00,2026-08-31T20:54:03.901+00:00,2026-08-31T20:54:04.013+00:00,2026-08-31T20:54:04.013+00:00,0.029337,0.11202065900033631,sqs-worker-5986dcd897-pcrxh,ip-192-168-20-201.ec2.internal,58981eafc12493860b37a1ab997c471cfc0e3ac1c80bcd7611f8826f0a7261ba,1,9327.0,9439.0
1,keda-poisson-707-caec82d6,000281,159.755969,2026-08-31T20:53:57.669+00:00,2026-08-31T20:53:53.794+00:00,2026-08-31T20:54:03.766+00:00,2026-08-31T20:54:03.766+00:00,2026-08-31T20:54:04.830+00:00,2026-08-31T20:54:04.830+00:00,0.44206,1.0638899670011597,sqs-worker-5986dcd897-x8rdl,ip-192-168-20-201.ec2.internal,eb24151153102b53b7ab4e4339cca32b70c5735c09d0299ed4f75d7aec2031a0,1,9972.0,11036.0
1,keda-poisson-707-caec82d6,000288,165.115686,2026-08-31T20:54:03.029+00:00,2026-08-31T20:53:59.153+00:00,2026-08-31T20:54:01.200+00:00,2026-08-31T20:54:01.200+00:00,2026-08-31T20:54:02.083+00:00,2026-08-31T20:54:02.083+00:00,0.170217,0.8823712670000532,sqs-worker-5986dcd897-x8rdl,ip-192-168-20-201.ec2.internal,b3e53aab4ff081ade2a4cc002f8a6ff05af9cc739a6f151e2a02a3a65f9692ec,1,2047.0000000000002,2930.0
1,keda-poisson-707-caec82d6,000296,168.55637,2026-08-31T20:54:06.470+00:00,2026-08-31T20:54:02.596+00:00,2026-08-31T20:54:02.822+00:00,2026-08-31T20:54:02.822+00:00,2026-08-31T20:54:02.993+00:00,2026-08-31T20:54:02.993+00:00,0.061729,0.17163113199967484,sqs-worker-5986dcd897-x8rdl,ip-192-168-20-201.ec2.internal,16aac07a4ec8b7f18e26f8c03daa532cb0c574cf70d2ff539dd83511ded73880,1,226.0,397.0
1,keda-poisson-707-caec82d6,000297,168.777707,2026-08-31T20:54:06.691+00:00,2026-08-31T20:54:02.821+00:00,2026-08-31T20:54:03.322+00:00,2026-08-31T20:54:03.322+00:00,2026-08-31T20:54:03.811+00:00,2026-08-31T20:54:03.811+00:00,0.110049,0.4892713219996949,sqs-worker-5986dcd897-pcrxh,ip-192-168-20-201.ec2.internal,cbbad2486ca71f7121d8bd38037e7d006faaf6ff3d8a1f4265f77f246b525f10,1,501.0,990.0
1,keda-poisson-707-caec82d6,000294,167.597764,2026-08-31T20:54:05.511+00:00,2026-08-31T20:54:01.642+00:00,2026-08-31T20:54:02.298+00:00,2026-08-31T20:54:02.298+00:00,2026-08-31T20:54:02.807+00:00,2026-08-31T20:54:02.807+00:00,0.111059,0.5086608360015816,sqs-worker-5986dcd897-x8rdl,ip-192-168-20-201.ec2.internal,94a35a3cfa5ceb10a8cdff56322924a7758949a8526ce3799452110948a77cc4,1,656.0,1165.0
1,keda-poisson-707-caec82d6,000285,164.263218,2026-08-31T20:54:02.177+00:00,2026-08-31T20:53:58.306+00:00,2026-08-31T20:54:03.442+00:00,2026-08-31T20:54:03.442+00:00,2026-08-31T20:54:03.716+00:00,2026-08-31T20:54:03.716+00:00,0.106468,0.27467868699932296,sqs-worker-5986dcd897-x8rdl,ip-192-168-20-201.ec2.internal,e436219c0d87cc27ea6ee08b05849f445041f8c6c4b2cbd5b88730cbdd56c92c,1,5136.0,5410.0
1,keda-poisson-707-caec82d6,000298,169.940521,2026-08-31T20:54:07.855+00:00,2026-08-31T20:54:03.981+00:00,2026-08-31T20:54:04.281+00:00,2026-08-31T20:54:04.281+00:00,2026-08-31T20:54:05.013+00:00,2026-08-31T20:54:05.013+00:00,0.150935,0.7318423619999521,sqs-worker-5986dcd897-pcrxh,ip-192-168-20-201.ec2.internal,cf76a6bf5921d9cbfbaa5ee39d232c76b946cd324d4c60354d9f474a5d7fedd4,1,300.0,1032.0
1,keda-poisson-707-caec82d6,000292,167.129331,2026-08-31T20:54:05.043+00:00,2026-08-31T20:54:01.177+00:00,2026-08-31T20:54:04.899+00:00,2026-08-31T20:54:04.899+00:00,2026-08-31T20:54:04.934+00:00,2026-08-31T20:54:04.934+00:00,0.02516,0.03521055700002762,sqs-worker-5986dcd897-x8rdl,ip-192-168-20-201.ec2.internal,1ecc984ddc7a446c63afa4b931d5f43fe950f06e95038d1c2a23e43a34b482b9,1,3722.0,3757.0
1,keda-poisson-707-caec82d6,000299,171.077215,2026-08-31T20:54:08.990+00:00,2026-08-31T20:54:05.116+00:00,2026-08-31T20:54:05.120+00:00,2026-08-31T20:54:05.120+00:00,2026-08-31T20:54:06.826+00:00,2026-08-31T20:54:06.827+00:00,0.511704,1.7063631580003857,sqs-worker-5986dcd897-pcrxh,ip-192-168-20-201.ec2.internal,d6436108f373f4cbd4bd79c19a4b198759c3259e15393c0c1a0ceb38b12a69e2,1,4.0,1710.0
1,keda-poisson-707-caec82d6,000300,172.095157,2026-08-31T20:54:10.009+00:00,2026-08-31T20:54:06.134+00:00,2026-08-31T20:54:06.137+00:00,2026-08-31T20:54:06.137+00:00,2026-08-31T20:54:06.898+00:00,2026-08-31T20:54:06.898+00:00,0.333451,0.7613031390010292,sqs-worker-5986dcd897-x8rdl,ip-192-168-20-201.ec2.internal,2d514b84a87009eaae96103a9509a0d15865facb1103a972ef6a288b0b190532,1,3.0,764.0
1,keda-poisson-707-caec82d6,000301,172.588635,2026-08-31T20:54:10.502+00:00,2026-08-31T20:54:06.627+00:00,2026-08-31T20:54:06.860+00:00,2026-08-31T20:54:06.860+00:00,2026-08-31T20:54:07.283+00:00,2026-08-31T20:54:07.283+00:00,0.169723,0.42243448800036276,sqs-worker-5986dcd897-pcrxh,ip-192-168-20-201.ec2.internal,cc34982663a507bfe195e078ffb677f4dfa370605610fae780d9298d3c77a5a5,1,233.0,656.0
1,keda-poisson-707-caec82d6,000302,172.915631,2026-08-31T20:54:10.829+00:00,2026-08-31T20:54:06.953+00:00,2026-08-31T20:54:06.957+00:00,2026-08-31T20:54:06.957+00:00,2026-08-31T20:54:07.589+00:00,2026-08-31T20:54:07.589+00:00,0.269008,0.6321636729990132,sqs-worker-5986dcd897-x8rdl,ip-192-168-20-201.ec2.internal,d98bb8a31c87c3dce1be3ed958398c5fd342d5d45e440ffe255773ceb84b00a4,1,4.0,636.0
1,keda-poisson-707-caec82d6,000303,173.384238,2026-08-31T20:54:11.298+00:00,2026-08-31T20:54:07.431+00:00,2026-08-31T20:54:07.442+00:00,2026-08-31T20:54:07.442+00:00,2026-08-31T20:54:07.825+00:00,2026-08-31T20:54:07.825+00:00,0.183998,0.3827924519991939,sqs-worker-5986dcd897-pcrxh,ip-192-168-20-201.ec2.internal,4702e6381cc7fede85906576ee35d44833cbcb7d6577dd3d97665a6861d07163,1,11.0,394.0
1,keda-poisson-707-caec82d6,000305,174.79963,2026-08-31T20:54:12.713+00:00,2026-08-31T20:54:08.841+00:00,2026-08-31T20:54:08.844+00:00,2026-08-31T20:54:08.844+00:00,2026-08-31T20:54:09.204+00:00,2026-08-31T20:54:09.204+00:00,0.178263,0.35927308699865534,sqs-worker-5986dcd897-x8rdl,ip-192-168-20-201.ec2.internal,b143eac8cba9261aec5da5c1646ee5388d6fc175321713d557ec4ba4ed118bbe,1,3.0,363.0
1,keda-poisson-707-caec82d6,000306,175.06096,2026-08-31T20:54:12.974+00:00,2026-08-31T20:54:09.103+00:00,2026-08-31T20:54:09.117+00:00,2026-08-31T20:54:09.117+00:00,2026-08-31T20:54:09.727+00:00,2026-08-31T20:54:09.727+00:00,0.116691,0.6100220829994214,sqs-worker-5986dcd897-mbgzh,ip-192-168-20-201.ec2.internal,804cd24a80c272aca24875c09b0f2a045dffefc279dc40058a8a87664dc278db,1,14.0,624.0
1,keda-poisson-707-caec82d6,000307,175.07842,2026-08-31T20:54:12.991+00:00,2026-08-31T20:54:09.119+00:00,2026-08-31T20:54:09.264+00:00,2026-08-31T20:54:09.264+00:00,2026-08-31T20:54:10.079+00:00,2026-08-31T20:54:10.079+00:00,0.263755,0.8147556509993592,sqs-worker-5986dcd897-x8rdl,ip-192-168-20-201.ec2.internal,1c46ac885346db6f9aeb155d3bd4cd1ade7cd09747c77ac7ff03e5f6ee8c4a4c,1,145.0,960.0
1,keda-poisson-707-caec82d6,000309,175.949466,2026-08-31T20:54:13.863+00:00,2026-08-31T20:54:09.990+00:00,2026-08-31T20:54:10.184+00:00,2026-08-31T20:54:10.184+00:00,2026-08-31T20:54:10.304+00:00,2026-08-31T20:54:10.304+00:00,0.027555,0.12058574999900884,sqs-worker-5986dcd897-x8rdl,ip-192-168-20-201.ec2.internal,9aed80e9b4d883e43a76bbd0af6c0df10322fb60eb947c2d13c2607df59d3162,1,194.0,314.0
1,keda-poisson-707-caec82d6,000308,175.293272,2026-08-31T20:54:13.206+00:00,2026-08-31T20:54:09.336+00:00,2026-08-31T20:54:09.794+00:00,2026-08-31T20:54:09.794+00:00,2026-08-31T20:54:10.620+00:00,2026-08-31T20:54:10.620+00:00,0.210855,0.8262225979997311,sqs-worker-5986dcd897-mbgzh,ip-192-168-20-201.ec2.internal,6ec08d6cf9614ec1186b06d50c9eed2bc505f5d3257d5e6037feec28d7e735aa,1,458.0,1284.0
1,keda-poisson-707-caec82d6,000304,174.200156,2026-08-31T20:54:12.114+00:00,2026-08-31T20:54:08.242+00:00,2026-08-31T20:54:08.250+00:00,2026-08-31T20:54:08.250+00:00,2026-08-31T20:54:10.693+00:00,2026-08-31T20:54:10.693+00:00,1.0,2.443272312000772,sqs-worker-5986dcd897-pcrxh,ip-192-168-20-201.ec2.internal,fe877106417593f9a2eaa5c085ce8258eccdaef7d038ee50e0fae75db4d82c36,1,8.0,2451.0
1,keda-poisson-707-caec82d6,000310,177.562913,2026-08-31T20:54:15.477+00:00,2026-08-31T20:54:11.604+00:00,2026-08-31T20:54:11.608+00:00,2026-08-31T20:54:11.608+00:00,2026-08-31T20:54:11.909+00:00,2026-08-31T20:54:11.909+00:00,0.138641,0.3010579069996311,sqs-worker-5986dcd897-x8rdl,ip-192-168-20-201.ec2.internal,cd326ffd43e38ae345bd90d1bed9813118f50e7d3d778db1a67fac751d334a83,1,4.0,305.0
1,keda-poisson-707-caec82d6,000311,177.981963,2026-08-31T20:54:15.895+00:00,2026-08-31T20:54:12.019+00:00,2026-08-31T20:54:12.024+00:00,2026-08-31T20:54:12.024+00:00,2026-08-31T20:54:12.063+00:00,2026-08-31T20:54:12.063+00:00,0.036445,0.03895715600083349,sqs-worker-5986dcd897-mbgzh,ip-192-168-20-201.ec2.internal,c78f2b98aa7657fb1db15e289cd60b00add8827935d0bf6d8ac4520cbf531c3e,1,5.0,44.0
1,keda-poisson-707-caec82d6,000314,179.130889,2026-08-31T20:54:17.044+00:00,2026-08-31T20:54:13.171+00:00,2026-08-31T20:54:13.175+00:00,2026-08-31T20:54:13.175+00:00,2026-08-31T20:54:13.202+00:00,2026-08-31T20:54:13.202+00:00,0.026583,0.026655498999389238,sqs-worker-5986dcd897-x8rdl,ip-192-168-20-201.ec2.internal,7e441653f766fb82a43267914d5dda6f0be52762c03b141ee614f3b4ee3b4a2a,1,4.0,31.0
1,keda-poisson-707-caec82d6,000315,179.469894,2026-08-31T20:54:17.383+00:00,2026-08-31T20:54:13.514+00:00,2026-08-31T20:54:13.518+00:00,2026-08-31T20:54:13.518+00:00,2026-08-31T20:54:13.523+00:00,2026-08-31T20:54:13.524+00:00,0.005,0.005180623000342166,sqs-worker-5986dcd897-mbgzh,ip-192-168-20-201.ec2.internal,07c4c9272203a7a41602497e575bbedd0cfe5bfc46701e5b2eda924a4118086a,1,4.0,9.0
1,keda-poisson-707-caec82d6,000312,178.501657,2026-08-31T20:54:16.415+00:00,2026-08-31T20:54:12.546+00:00,2026-08-31T20:54:12.550+00:00,2026-08-31T20:54:12.550+00:00,2026-08-31T20:54:13.232+00:00,2026-08-31T20:54:13.232+00:00,0.289619,0.6815895829986403,sqs-worker-5986dcd897-mbgzh,ip-192-168-20-201.ec2.internal,d96e48241a111a86a20051eaaef5fbb70e2e28cc2daba8b5d98a3b3674413d51,1,4.0,686.0
1,keda-poisson-707-caec82d6,000316,179.76472,2026-08-31T20:54:17.679+00:00,2026-08-31T20:54:13.804+00:00,2026-08-31T20:54:13.808+00:00,2026-08-31T20:54:13.808+00:00,2026-08-31T20:54:13.853+00:00,2026-08-31T20:54:13.853+00:00,0.035229,0.04530866599998262,sqs-worker-5986dcd897-mbgzh,ip-192-168-20-201.ec2.internal,ada450a558caa4106b4c643dce43b57703a82ad10c0e378192e736a6051793b5,1,4.0,49.0
1,keda-poisson-707-caec82d6,000313,178.88161,2026-08-31T20:54:16.795+00:00,2026-08-31T20:54:12.922+00:00,2026-08-31T20:54:12.929+00:00,2026-08-31T20:54:12.929+00:00,2026-08-31T20:54:15.804+00:00,2026-08-31T20:54:15.804+00:00,0.595854,2.8752368979985476,sqs-worker-5986dcd897-pcrxh,ip-192-168-20-201.ec2.internal,3b01fa7df2334686abb3b64c780b91ed165f8ad907fa336fd7cf3200ffecfb52,1,7.0,2882.0
