schema_version,experiment_id,job_id,trace_offset_s,producer_sent_at,sqs_sent_at,worker_received_at,processing_started_at,processing_finished_at,result_sent_at,service_cpu_seconds,processing_wall_seconds,pod_name,node_name,digest,receive_count,queue_wait_ms,end_to_end_ms
1,hpa-mmpp-707-9dc5e410,000000,0.139724,2026-08-31T21:03:44.315+00:00,2026-08-31T21:03:44.384+00:00,2026-08-31T21:03:44.390+00:00,2026-08-31T21:03:44.390+00:00,2026-08-31T21:03:44.613+00:00,2026-08-31T21:03:44.613+00:00,0.109785,0.22303301200008718,sqs-worker-5986dcd897-x8rdl,ip-192-168-20-201.ec2.internal,2be82bc8045607ddcb575e1c1013e8ba26788d592641605720a3f009205cb629,1,6.0,229.0
1,hpa-mmpp-707-9dc5e410,000001,0.143622,2026-08-31T21:03:44.317+00:00,2026-08-31T21:03:44.899+00:00,2026-08-31T21:03:44.904+00:00,2026-08-31T21:03:44.904+00:00,2026-08-31T21:03:45.411+00:00,2026-08-31T21:03:45.412+00:00,0.227913,0.5077449180007534,sqs-worker-5986dcd897-x8rdl,ip-192-168-20-201.ec2.internal,59b34674cdbf3fba66121dc938863bb288f96ddc0b67f1ef539d6e26fef54b88,1,5.0,512.0
1,hpa-mmpp-707-9dc5e410,000003,0.813097,2026-08-31T21:03:44.987+00:00,2026-08-31T21:03:45.059+00:00,2026-08-31T21:03:45.444+00:00,2026-08-31T21:03:45.444+00:00,2026-08-31T21:03:45.595+00:00,2026-08-31T21:03:45.595+00:00,0.060272,0.15017535500010126,sqs-worker-5986dcd897-x8rdl,ip-192-168-20-201.ec2.internal,a913b5c50f0a156e38ee51058636e129025712e7ff1510a6056a23fa63cba989,1,385.0,536.0
1,hpa-mmpp-707-9dc5e410,000002,0.792445,2026-08-31T21:03:44.967+00:00,2026-08-31T21:03:45.035+00:00,2026-08-31T21:03:46.034+00:00,2026-08-31T21:03:46.034+00:00,2026-08-31T21:03:46.094+00:00,2026-08-31T21:03:46.094+00:00,0.015983,0.059994523000568734,sqs-worker-5986dcd897-x8rdl,ip-192-168-20-201.ec2.internal,b7a81d97e3b3a86da6338e9a5a1e10bdaa0053e5797b590a66bf5d9aa6eb00c8,1,999.0,1059.0
1,hpa-mmpp-707-9dc5e410,000006,1.274256,2026-08-31T21:03:45.448+00:00,2026-08-31T21:03:45.522+00:00,2026-08-31T21:03:45.619+00:00,2026-08-31T21:03:45.619+00:00,2026-08-31T21:03:46.014+00:00,2026-08-31T21:03:46.014+00:00,0.173309,0.39420717599932686,sqs-worker-5986dcd897-x8rdl,ip-192-168-20-201.ec2.internal,dd786d81780413f265d06e70157b89c7e55f6bb05c99ce5957eb4bea64ed4d26,1,97.0,492.0
1,hpa-mmpp-707-9dc5e410,000008,1.665168,2026-08-31T21:03:45.839+00:00,2026-08-31T21:03:45.917+00:00,2026-08-31T21:03:46.209+00:00,2026-08-31T21:03:46.209+00:00,2026-08-31T21:03:46.238+00:00,2026-08-31T21:03:46.238+00:00,0.028446,0.028496202001406346,sqs-worker-5986dcd897-x8rdl,ip-192-168-20-201.ec2.internal,36d11593ddc10aa976beb277f88a389ae45ee34daf557feb3740714c2dbcb24a,1,292.0,321.0
1,hpa-mmpp-707-9dc5e410,000004,0.883467,2026-08-31T21:03:45.057+00:00,2026-08-31T21:03:45.666+00:00,2026-08-31T21:03:46.534+00:00,2026-08-31T21:03:46.534+00:00,2026-08-31T21:03:46.885+00:00,2026-08-31T21:03:46.885+00:00,0.139134,0.3512401989992213,sqs-worker-5986dcd897-x8rdl,ip-192-168-20-201.ec2.internal,19dd649f298c05826a4983bab6f46a9726381e0f18eb36dd6398b43b913e0d02,1,868.0,1219.0
1,hpa-mmpp-707-9dc5e410,000007,1.381058,2026-08-31T21:03:45.555+00:00,2026-08-31T21:03:45.623+00:00,2026-08-31T21:03:46.255+00:00,2026-08-31T21:03:46.255+00:00,2026-08-31T21:03:46.408+00:00,2026-08-31T21:03:46.408+00:00,0.065316,0.15302428900031373,sqs-worker-5986dcd897-x8rdl,ip-192-168-20-201.ec2.internal,36981991c86e15aa7757f98990fff8f58429102a42f15635dae126212b1b880f,1,632.0,785.0
1,hpa-mmpp-707-9dc5e410,000005,0.954164,2026-08-31T21:03:45.128+00:00,2026-08-31T21:03:45.201+00:00,2026-08-31T21:03:46.425+00:00,2026-08-31T21:03:46.425+00:00,2026-08-31T21:03:46.502+00:00,2026-08-31T21:03:46.502+00:00,0.029598,0.07733566400020209,sqs-worker-5986dcd897-x8rdl,ip-192-168-20-201.ec2.internal,9cb436ce7317dc836e2c356fd03c7c163fe3b96cf3a1a2e6e9ba1a3bc70cb26a,1,1224.0,1301.0
1,hpa-mmpp-707-9dc5e410,000013,2.54442,2026-08-31T21:03:46.718+00:00,2026-08-31T21:03:46.786+00:00,2026-08-31T21:03:46.945+00:00,2026-08-31T21:03:46.945+00:00,2026-08-31T21:03:46.950+00:00,2026-08-31T21:03:46.950+00:00,0.005,0.0050324320000072476,sqs-worker-5986dcd897-x8rdl,ip-192-168-20-201.ec2.internal,f9442ff1bfe03a9d7b36bf57c61d22dc24b5b553630a89b01462d46c15c9350b,1,159.0,164.0
1,hpa-mmpp-707-9dc5e410,000010,1.769994,2026-08-31T21:03:45.944+00:00,2026-08-31T21:03:46.563+00:00,2026-08-31T21:03:46.965+00:00,2026-08-31T21:03:46.965+00:00,2026-08-31T21:03:47.115+00:00,2026-08-31T21:03:47.115+00:00,0.077419,0.15019857799961756,sqs-worker-5986dcd897-x8rdl,ip-192-168-20-201.ec2.internal,79b13bcfb508a3183088161ccf72ce4b19856ad1633dc330e2713c2adafc98e1,1,402.0,552.0
1,hpa-mmpp-707-9dc5e410,000011,1.910971,2026-08-31T21:03:46.085+00:00,2026-08-31T21:03:46.151+00:00,2026-08-31T21:03:46.903+00:00,2026-08-31T21:03:46.903+00:00,2026-08-31T21:03:46.919+00:00,2026-08-31T21:03:46.919+00:00,0.016167,0.016198086999793304,sqs-worker-5986dcd897-x8rdl,ip-192-168-20-201.ec2.internal,4ec79cce8d27a4c057542e2b7b2c341b2e7747f36b6989a44db9a53166201518,1,752.0,768.0
1,hpa-mmpp-707-9dc5e410,000009,1.706507,2026-08-31T21:03:45.880+00:00,2026-08-31T21:03:45.950+00:00,2026-08-31T21:03:46.118+00:00,2026-08-31T21:03:46.118+00:00,2026-08-31T21:03:46.187+00:00,2026-08-31T21:03:46.187+00:00,0.029304,0.06919297499916865,sqs-worker-5986dcd897-x8rdl,ip-192-168-20-201.ec2.internal,8832c51f80d29619c1004dbfa46936c663455518d26a774eee095486d36ee77a,1,168.0,237.0
1,hpa-mmpp-707-9dc5e410,000012,2.497188,2026-08-31T21:03:46.671+00:00,2026-08-31T21:03:46.748+00:00,2026-08-31T21:03:47.143+00:00,2026-08-31T21:03:47.143+00:00,2026-08-31T21:03:49.099+00:00,2026-08-31T21:03:49.099+00:00,0.778708,1.9554246959996817,sqs-worker-5986dcd897-x8rdl,ip-192-168-20-201.ec2.internal,b342f3518a519d1db4db1dde0e0e0f25ef607e41c4fc72cf4ba8b28fe203277f,1,395.0,2351.0
1,hpa-mmpp-707-9dc5e410,000021,4.050264,2026-08-31T21:03:48.224+00:00,2026-08-31T21:03:48.302+00:00,2026-08-31T21:03:49.114+00:00,2026-08-31T21:03:49.114+00:00,2026-08-31T21:03:49.687+00:00,2026-08-31T21:03:49.687+00:00,0.223879,0.5726609129997087,sqs-worker-5986dcd897-x8rdl,ip-192-168-20-201.ec2.internal,554f07c526db9666f6eadf0b240a972e68da7b9eef584838b887299b07fc3420,1,812.0,1385.0
1,hpa-mmpp-707-9dc5e410,000019,3.640009,2026-08-31T21:03:47.814+00:00,2026-08-31T21:03:47.887+00:00,2026-08-31T21:03:49.794+00:00,2026-08-31T21:03:49.794+00:00,2026-08-31T21:03:50.196+00:00,2026-08-31T21:03:50.196+00:00,0.079937,0.40141467200010084,sqs-worker-5986dcd897-x8rdl,ip-192-168-20-201.ec2.internal,84625ad391338b5938d8e1b177a557a5984cd9b34f4fd7ea32f19104d0487df1,1,1907.0,2309.0
1,hpa-mmpp-707-9dc5e410,000016,3.141119,2026-08-31T21:03:47.315+00:00,2026-08-31T21:03:47.385+00:00,2026-08-31T21:03:50.294+00:00,2026-08-31T21:03:50.294+00:00,2026-08-31T21:03:50.991+00:00,2026-08-31T21:03:50.991+00:00,0.132156,0.6967384319996199,sqs-worker-5986dcd897-x8rdl,ip-192-168-20-201.ec2.internal,3e7e23cbf59ce28e87af2bad38030082e729f951c5afd7167c0bbebc7e219fe3,1,2909.0,3606.0
1,hpa-mmpp-707-9dc5e410,000024,4.923551,2026-08-31T21:03:49.097+00:00,2026-08-31T21:03:49.169+00:00,2026-08-31T21:03:51.084+00:00,2026-08-31T21:03:51.084+00:00,2026-08-31T21:03:51.089+00:00,2026-08-31T21:03:51.089+00:00,0.005,0.005070916000477155,sqs-worker-5986dcd897-x8rdl,ip-192-168-20-201.ec2.internal,2e17f3c860d5a2a90f92b2b2fe7440b60870ae08c7dbeadd1cdea89311d595c6,1,1915.0,1920.0
1,hpa-mmpp-707-9dc5e410,000015,2.905576,2026-08-31T21:03:47.080+00:00,2026-08-31T21:03:47.150+00:00,2026-08-31T21:03:51.111+00:00,2026-08-31T21:03:51.111+00:00,2026-08-31T21:03:51.390+00:00,2026-08-31T21:03:51.390+00:00,0.043789,0.279168982999181,sqs-worker-5986dcd897-x8rdl,ip-192-168-20-201.ec2.internal,165c710ff0db16d84cd696e22d818f7e01c4715890de5fe5005fdf364ca2f0a4,1,3961.0,4240.0
1,hpa-mmpp-707-9dc5e410,000014,2.695602,2026-08-31T21:03:46.869+00:00,2026-08-31T21:03:46.938+00:00,2026-08-31T21:03:51.418+00:00,2026-08-31T21:03:51.418+00:00,2026-08-31T21:03:51.790+00:00,2026-08-31T21:03:51.791+00:00,0.063805,0.3723072350003349,sqs-worker-5986dcd897-x8rdl,ip-192-168-20-201.ec2.internal,33673cb00bc50a2a344263f52cf6443197ea585142c6da9957f1667a9461c2a2,1,4480.0,4852.0
1,hpa-mmpp-707-9dc5e410,000022,4.342747,2026-08-31T21:03:48.517+00:00,2026-08-31T21:03:48.589+00:00,2026-08-31T21:03:51.809+00:00,2026-08-31T21:03:51.809+00:00,2026-08-31T21:03:53.006+00:00,2026-08-31T21:03:53.006+00:00,0.367146,1.1963363610011584,sqs-worker-5986dcd897-x8rdl,ip-192-168-20-201.ec2.internal,09287accc4e634d535b9351a7501e05f09fbd0889760e29f18c3589f82bbd0b2,1,3220.0,4417.0
1,hpa-mmpp-707-9dc5e410,000017,3.188877,2026-08-31T21:03:47.362+00:00,2026-08-31T21:03:47.441+00:00,2026-08-31T21:03:53.039+00:00,2026-08-31T21:03:53.039+00:00,2026-08-31T21:03:53.288+00:00,2026-08-31T21:03:53.288+00:00,0.098064,0.24889516599978379,sqs-worker-5986dcd897-x8rdl,ip-192-168-20-201.ec2.internal,404d9995c369db5b27cfc57327ee3245d3ae5b7607c8439ca9ede74929774688,1,5598.0,5847.0
1,hpa-mmpp-707-9dc5e410,000018,3.207295,2026-08-31T21:03:47.381+00:00,2026-08-31T21:03:47.450+00:00,2026-08-31T21:03:53.365+00:00,2026-08-31T21:03:53.365+00:00,2026-08-31T21:03:54.279+00:00,2026-08-31T21:03:54.279+00:00,0.374845,0.9137002759998722,sqs-worker-5986dcd897-x8rdl,ip-192-168-20-201.ec2.internal,67828efc18be7a6396c02805106987f8442e1b478aa168dd4427f3b9da104b68,1,5915.0,6829.0
1,hpa-mmpp-707-9dc5e410,000023,4.711133,2026-08-31T21:03:48.885+00:00,2026-08-31T21:03:48.957+00:00,2026-08-31T21:03:54.295+00:00,2026-08-31T21:03:54.295+00:00,2026-08-31T21:03:54.800+00:00,2026-08-31T21:03:54.800+00:00,0.217165,0.5046107220005069,sqs-worker-5986dcd897-x8rdl,ip-192-168-20-201.ec2.internal,96956aedf34be69d6dfb360b3ec8b94d7d45f7072b4d17a2797df76fc735c89b,1,5338.0,5843.0
1,hpa-mmpp-707-9dc5e410,000025,5.026168,2026-08-31T21:03:49.200+00:00,2026-08-31T21:03:49.270+00:00,2026-08-31T21:03:54.817+00:00,2026-08-31T21:03:54.817+00:00,2026-08-31T21:03:55.989+00:00,2026-08-31T21:03:55.989+00:00,0.46554,1.172934393000105,sqs-worker-5986dcd897-x8rdl,ip-192-168-20-201.ec2.internal,470a423206e8ce1f6ce3a946b4c75f04b56856aa09a167206cd55ad3e84fd993,1,5547.0,6719.0
1,hpa-mmpp-707-9dc5e410,000026,7.406661,2026-08-31T21:03:51.581+00:00,2026-08-31T21:03:51.652+00:00,2026-08-31T21:03:56.005+00:00,2026-08-31T21:03:56.005+00:00,2026-08-31T21:03:56.501+00:00,2026-08-31T21:03:56.501+00:00,0.207908,0.4966363679995993,sqs-worker-5986dcd897-x8rdl,ip-192-168-20-201.ec2.internal,e0e853b65717e7e6cefb3c7f73986a280b67091f4c962801cedd4eb08031935f,1,4353.0,4849.0
1,hpa-mmpp-707-9dc5e410,000020,3.910382,2026-08-31T21:03:48.084+00:00,2026-08-31T21:03:48.158+00:00,2026-08-31T21:03:56.528+00:00,2026-08-31T21:03:56.528+00:00,2026-08-31T21:03:57.401+00:00,2026-08-31T21:03:57.401+00:00,0.354665,0.8721179080002912,sqs-worker-5986dcd897-x8rdl,ip-192-168-20-201.ec2.internal,9169575cce90a0d1882ca5871664d4501abf0579c327f082a83e79c605259784,1,8370.0,9243.0
1,hpa-mmpp-707-9dc5e410,000029,12.136375,2026-08-31T21:03:56.311+00:00,2026-08-31T21:03:56.383+00:00,2026-08-31T21:03:57.456+00:00,2026-08-31T21:03:57.456+00:00,2026-08-31T21:03:57.697+00:00,2026-08-31T21:03:57.697+00:00,0.104873,0.24115593200076546,sqs-worker-5986dcd897-x8rdl,ip-192-168-20-201.ec2.internal,7ea44a16dea199e90f270409895f6a9157a5518c255e265266962f5f3204fdf8,1,1073.0,1314.0
1,hpa-mmpp-707-9dc5e410,000027,9.296471,2026-08-31T21:03:53.470+00:00,2026-08-31T21:03:53.549+00:00,2026-08-31T21:03:57.729+00:00,2026-08-31T21:03:57.729+00:00,2026-08-31T21:03:58.088+00:00,2026-08-31T21:03:58.088+00:00,0.147138,0.3590760820006835,sqs-worker-5986dcd897-x8rdl,ip-192-168-20-201.ec2.internal,36d47dfe724d90813e5a999bb7ff33e07fcca55a2d0933812323eb7aa0579a36,1,4180.0,4539.0
1,hpa-mmpp-707-9dc5e410,000028,9.74281,2026-08-31T21:03:53.915+00:00,2026-08-31T21:03:53.986+00:00,2026-08-31T21:03:58.130+00:00,2026-08-31T21:03:58.130+00:00,2026-08-31T21:03:58.776+00:00,2026-08-31T21:03:58.776+00:00,0.262929,0.645305398000346,sqs-worker-5986dcd897-x8rdl,ip-192-168-20-201.ec2.internal,72ab40c9ec4fd428020e8eb7ef28c3127d360490b5ca8d0dc7daeb15b4de1e6f,1,4144.0,4790.0
1,hpa-mmpp-707-9dc5e410,000030,14.667592,2026-08-31T21:03:58.842+00:00,2026-08-31T21:03:58.913+00:00,2026-08-31T21:03:58.917+00:00,2026-08-31T21:03:58.918+00:00,2026-08-31T21:03:59.004+00:00,2026-08-31T21:03:59.004+00:00,0.060966,0.08615804400142224,sqs-worker-5986dcd897-x8rdl,ip-192-168-20-201.ec2.internal,cd6f539f322549f74377b1ad559cddecd1f8c8b49b59d72c0b10603774854962,1,4.0,91.0
1,hpa-mmpp-707-9dc5e410,000031,15.331571,2026-08-31T21:03:59.504+00:00,2026-08-31T21:03:59.577+00:00,2026-08-31T21:03:59.581+00:00,2026-08-31T21:03:59.581+00:00,2026-08-31T21:04:02.187+00:00,2026-08-31T21:04:02.187+00:00,0.505196,2.6058380429985846,sqs-worker-5986dcd897-x8rdl,ip-192-168-20-201.ec2.internal,3365f3e359c44bbe454d65225bb99c87eb41898e9d35aabf6d45fbec014bd1e4,1,4.0,2610.0
1,hpa-mmpp-707-9dc5e410,000032,19.887243,2026-08-31T21:04:04.061+00:00,2026-08-31T21:04:04.135+00:00,2026-08-31T21:04:04.141+00:00,2026-08-31T21:04:04.141+00:00,2026-08-31T21:04:04.168+00:00,2026-08-31T21:04:04.168+00:00,0.026267,0.02632288399945537,sqs-worker-5986dcd897-x8rdl,ip-192-168-20-201.ec2.internal,262f7f0fd7461424620bdcd6b7e7bf799385025463343b32fc10ba9c21ab4f12,1,6.0,33.0
1,hpa-mmpp-707-9dc5e410,000033,22.220265,2026-08-31T21:04:06.393+00:00,2026-08-31T21:04:06.464+00:00,2026-08-31T21:04:06.469+00:00,2026-08-31T21:04:06.469+00:00,2026-08-31T21:04:06.502+00:00,2026-08-31T21:04:06.502+00:00,0.03313,0.03317681499902392,sqs-worker-5986dcd897-x8rdl,ip-192-168-20-201.ec2.internal,d90c46920bca140cb7ff588f6e8c1d231a974985783f003c7cd453f96fb15956,1,5.0,38.0
1,hpa-mmpp-707-9dc5e410,000034,23.300611,2026-08-31T21:04:07.473+00:00,2026-08-31T21:04:07.548+00:00,2026-08-31T21:04:07.552+00:00,2026-08-31T21:04:07.552+00:00,2026-08-31T21:04:07.783+00:00,2026-08-31T21:04:07.783+00:00,0.114239,0.23112307799965492,sqs-worker-5986dcd897-x8rdl,ip-192-168-20-201.ec2.internal,5376c2345df1539f7f253159f512abaff30c0ac3187c5b7519641e8b4fe58384,1,4.0,235.0
1,hpa-mmpp-707-9dc5e410,000035,31.814334,2026-08-31T21:04:15.995+00:00,2026-08-31T21:04:16.066+00:00,2026-08-31T21:04:16.074+00:00,2026-08-31T21:04:16.074+00:00,2026-08-31T21:04:16.277+00:00,2026-08-31T21:04:16.277+00:00,0.082397,0.20276609199936502,sqs-worker-5986dcd897-x8rdl,ip-192-168-20-201.ec2.internal,cc1ee726a768b324ac38f4dd0079296889e1675fc8cde9df53f6de1e666a08cc,1,8.0,211.0
1,hpa-mmpp-707-9dc5e410,000036,39.332762,2026-08-31T21:04:23.508+00:00,2026-08-31T21:04:23.585+00:00,2026-08-31T21:04:23.589+00:00,2026-08-31T21:04:23.589+00:00,2026-08-31T21:04:23.896+00:00,2026-08-31T21:04:23.896+00:00,0.132924,0.30615095699977246,sqs-worker-5986dcd897-x8rdl,ip-192-168-20-201.ec2.internal,372c95e1985b7f1c432dbaacceac49d0f669553a25aa186803471f083e1a45b3,1,4.0,311.0
1,hpa-mmpp-707-9dc5e410,000037,43.138645,2026-08-31T21:04:27.313+00:00,2026-08-31T21:04:27.389+00:00,2026-08-31T21:04:27.396+00:00,2026-08-31T21:04:27.396+00:00,2026-08-31T21:04:27.426+00:00,2026-08-31T21:04:27.426+00:00,0.030104,0.03017394400012563,sqs-worker-5986dcd897-fbcgw,ip-192-168-20-201.ec2.internal,7dc7320e290ec3c38dfbf7c6609114af983b73d496f421fba373b5306affb5b7,1,7.0,37.0
1,hpa-mmpp-707-9dc5e410,000038,46.209374,2026-08-31T21:04:30.383+00:00,2026-08-31T21:04:30.454+00:00,2026-08-31T21:04:30.459+00:00,2026-08-31T21:04:30.459+00:00,2026-08-31T21:04:30.541+00:00,2026-08-31T21:04:30.541+00:00,0.042074,0.08116875899941078,sqs-worker-5986dcd897-fbcgw,ip-192-168-20-201.ec2.internal,2725cc307140fac7523d52c39609f43b1d3221d1b72ff2b55080970cf783e395,1,5.0,87.0
1,hpa-mmpp-707-9dc5e410,000039,48.239715,2026-08-31T21:04:32.412+00:00,2026-08-31T21:04:32.485+00:00,2026-08-31T21:04:32.490+00:00,2026-08-31T21:04:32.490+00:00,2026-08-31T21:04:33.201+00:00,2026-08-31T21:04:33.201+00:00,0.297158,0.7110415679999278,sqs-worker-5986dcd897-x8rdl,ip-192-168-20-201.ec2.internal,433f554a797e333a8cca2ca18565aa722eeffe0086fc764fc8af65c8177ec006,1,5.0,716.0
1,hpa-mmpp-707-9dc5e410,000040,50.202925,2026-08-31T21:04:34.376+00:00,2026-08-31T21:04:34.447+00:00,2026-08-31T21:04:34.451+00:00,2026-08-31T21:04:34.451+00:00,2026-08-31T21:04:35.089+00:00,2026-08-31T21:04:35.089+00:00,0.279323,0.6376136130002124,sqs-worker-5986dcd897-xd7qv,ip-192-168-20-201.ec2.internal,a037fd77dbb6003aa1d9f44ac5270a7da8fcbdb0739c7a3e953af099d164cba7,1,4.0,642.0
1,hpa-mmpp-707-9dc5e410,000041,52.858752,2026-08-31T21:04:37.032+00:00,2026-08-31T21:04:37.103+00:00,2026-08-31T21:04:37.110+00:00,2026-08-31T21:04:37.110+00:00,2026-08-31T21:04:37.538+00:00,2026-08-31T21:04:37.538+00:00,0.188038,0.4283199359997525,sqs-worker-5986dcd897-fbcgw,ip-192-168-20-201.ec2.internal,6ece24e01cbfd4c5499e89b5706500144113614b5fa96ba3d84d82ccb221972f,1,7.0,435.0
1,hpa-mmpp-707-9dc5e410,000042,54.064857,2026-08-31T21:04:38.237+00:00,2026-08-31T21:04:38.307+00:00,2026-08-31T21:04:38.311+00:00,2026-08-31T21:04:38.311+00:00,2026-08-31T21:04:38.398+00:00,2026-08-31T21:04:38.398+00:00,0.054888,0.08710011299990583,sqs-worker-5986dcd897-x8rdl,ip-192-168-20-201.ec2.internal,285e21d99964d4555c4a7ac6fc0155217f56bf9e88d33cc6bff16d466abb96ec,1,4.0,91.0
1,hpa-mmpp-707-9dc5e410,000043,55.613932,2026-08-31T21:04:39.786+00:00,2026-08-31T21:04:39.856+00:00,2026-08-31T21:04:39.861+00:00,2026-08-31T21:04:39.861+00:00,2026-08-31T21:04:40.142+00:00,2026-08-31T21:04:40.142+00:00,0.1236,0.2815294089996314,sqs-worker-5986dcd897-fbcgw,ip-192-168-20-201.ec2.internal,8d193ab62340377fe9eb49c74768fea362fd53cb9029ccc54353111ba505467b,1,5.0,286.0
1,hpa-mmpp-707-9dc5e410,000044,57.988918,2026-08-31T21:04:42.162+00:00,2026-08-31T21:04:42.238+00:00,2026-08-31T21:04:42.242+00:00,2026-08-31T21:04:42.243+00:00,2026-08-31T21:04:42.263+00:00,2026-08-31T21:04:42.263+00:00,0.020236,0.02058710399978736,sqs-worker-5986dcd897-xd7qv,ip-192-168-20-201.ec2.internal,b4d99fbf22527e8de4be58121ffb03c0318bc98db5704d700a719023c8f5dbc5,1,4.0,25.0
1,hpa-mmpp-707-9dc5e410,000045,58.796664,2026-08-31T21:04:42.968+00:00,2026-08-31T21:04:43.037+00:00,2026-08-31T21:04:43.043+00:00,2026-08-31T21:04:43.043+00:00,2026-08-31T21:04:43.465+00:00,2026-08-31T21:04:43.465+00:00,0.186323,0.42174560600142286,sqs-worker-5986dcd897-xd7qv,ip-192-168-20-201.ec2.internal,bfdf411e449340e1bd3cac93c0c6c562703a0a3d3f295f10d7a888fcdd024bea,1,6.0,428.0
1,hpa-mmpp-707-9dc5e410,000046,59.522971,2026-08-31T21:04:43.694+00:00,2026-08-31T21:04:43.763+00:00,2026-08-31T21:04:43.767+00:00,2026-08-31T21:04:43.767+00:00,2026-08-31T21:04:43.794+00:00,2026-08-31T21:04:43.794+00:00,0.026521,0.026567150998744182,sqs-worker-5986dcd897-fbcgw,ip-192-168-20-201.ec2.internal,e4ad8c427f3c4a583ca674c099dfde9218380747d96907828d7ab2ee4aa4fcb4,1,4.0,31.0
1,hpa-mmpp-707-9dc5e410,000047,63.339656,2026-08-31T21:04:47.514+00:00,2026-08-31T21:04:47.583+00:00,2026-08-31T21:04:47.587+00:00,2026-08-31T21:04:47.587+00:00,2026-08-31T21:04:49.141+00:00,2026-08-31T21:04:49.141+00:00,0.643219,1.5539370990009047,sqs-worker-5986dcd897-fbcgw,ip-192-168-20-201.ec2.internal,ffe5c8b2811c7bcf6e6c23e8ab64b3fb6d218ddefd5a389236f37b3d8d8c3185,1,4.0,1558.0
1,hpa-mmpp-707-9dc5e410,000048,68.182857,2026-08-31T21:04:52.357+00:00,2026-08-31T21:04:52.434+00:00,2026-08-31T21:04:52.445+00:00,2026-08-31T21:04:52.445+00:00,2026-08-31T21:04:53.131+00:00,2026-08-31T21:04:53.131+00:00,0.288657,0.6865709350004181,sqs-worker-5986dcd897-xd7qv,ip-192-168-20-201.ec2.internal,bc1d1dbf40953f68c35db30a81e8c2c2b951dc33c3ffd8e53e94a9c9bf68a80e,1,11.0,697.0
1,hpa-mmpp-707-9dc5e410,000049,68.325505,2026-08-31T21:04:52.495+00:00,2026-08-31T21:04:53.102+00:00,2026-08-31T21:04:53.122+00:00,2026-08-31T21:04:53.122+00:00,2026-08-31T21:04:53.137+00:00,2026-08-31T21:04:53.137+00:00,0.014545,0.014599999998608837,sqs-worker-5986dcd897-x8rdl,ip-192-168-20-201.ec2.internal,c0d5091d59a2329b64ca66154211e25161d449be469124d12faf1872367229b7,1,20.0,35.0
1,hpa-mmpp-707-9dc5e410,000050,71.200816,2026-08-31T21:04:55.370+00:00,2026-08-31T21:04:55.452+00:00,2026-08-31T21:04:55.455+00:00,2026-08-31T21:04:55.455+00:00,2026-08-31T21:04:55.555+00:00,2026-08-31T21:04:55.555+00:00,0.057813,0.09988665899982152,sqs-worker-5986dcd897-fbcgw,ip-192-168-20-201.ec2.internal,6e675ada056f7bede07f20c396df33b986aef685902f5d813e73abd2545e37eb,1,3.0,103.0
1,hpa-mmpp-707-9dc5e410,000051,75.657148,2026-08-31T21:04:59.830+00:00,2026-08-31T21:04:59.901+00:00,2026-08-31T21:04:59.908+00:00,2026-08-31T21:04:59.908+00:00,2026-08-31T21:05:00.157+00:00,2026-08-31T21:05:00.158+00:00,0.123161,0.2494376149988966,sqs-worker-5986dcd897-xd7qv,ip-192-168-20-201.ec2.internal,d9a64ec354f2195d348209b23866adf4b13c9cbe5f4e8d6c20c4015339571570,1,7.0,256.0
1,hpa-mmpp-707-9dc5e410,000052,76.696806,2026-08-31T21:05:00.867+00:00,2026-08-31T21:05:00.937+00:00,2026-08-31T21:05:00.941+00:00,2026-08-31T21:05:00.941+00:00,2026-08-31T21:05:01.645+00:00,2026-08-31T21:05:01.645+00:00,0.247925,0.7035259310014226,sqs-worker-5986dcd897-fbcgw,ip-192-168-20-201.ec2.internal,3c2a8f7367033640ae887f95cc4b253977a097d3ba70df3d9e50a07d721f05f7,1,4.0,708.0
1,hpa-mmpp-707-9dc5e410,000054,79.095983,2026-08-31T21:05:03.266+00:00,2026-08-31T21:05:03.335+00:00,2026-08-31T21:05:03.339+00:00,2026-08-31T21:05:03.339+00:00,2026-08-31T21:05:03.385+00:00,2026-08-31T21:05:03.385+00:00,0.045798,0.04610411499925249,sqs-worker-5986dcd897-x8rdl,ip-192-168-20-201.ec2.internal,b341453bc9c93c10fa698cba4f1a1a792559510aeee832164c9668852629b940,1,4.0,50.0
1,hpa-mmpp-707-9dc5e410,000053,78.709982,2026-08-31T21:05:02.881+00:00,2026-08-31T21:05:02.957+00:00,2026-08-31T21:05:02.962+00:00,2026-08-31T21:05:02.962+00:00,2026-08-31T21:05:04.360+00:00,2026-08-31T21:05:04.360+00:00,0.582656,1.398912193999422,sqs-worker-5986dcd897-fbcgw,ip-192-168-20-201.ec2.internal,a9cb38ccf6cdd19d9c60a662fa3fd735ca254d17a6f8fe174babbbf0684a9a12,1,5.0,1403.0
1,hpa-mmpp-707-9dc5e410,000055,79.842346,2026-08-31T21:05:04.012+00:00,2026-08-31T21:05:04.082+00:00,2026-08-31T21:05:04.086+00:00,2026-08-31T21:05:04.086+00:00,2026-08-31T21:05:04.984+00:00,2026-08-31T21:05:04.984+00:00,0.390526,0.8976703079988511,sqs-worker-5986dcd897-xd7qv,ip-192-168-20-201.ec2.internal,5f4c4adf6469c25b6d087ec8d2567a8861738e75f2649c13aa679a17b82f1e4e,1,4.0,902.0
1,hpa-mmpp-707-9dc5e410,000057,81.247081,2026-08-31T21:05:05.417+00:00,2026-08-31T21:05:05.487+00:00,2026-08-31T21:05:05.491+00:00,2026-08-31T21:05:05.491+00:00,2026-08-31T21:05:06.077+00:00,2026-08-31T21:05:06.077+00:00,0.263733,0.5864104550000775,sqs-worker-5986dcd897-xd7qv,ip-192-168-20-201.ec2.internal,fada59629cc0407c3972bc466d2b8445fa2c387c38c967e11ff0b57962196103,1,4.0,590.0
1,hpa-mmpp-707-9dc5e410,000056,80.702898,2026-08-31T21:05:04.873+00:00,2026-08-31T21:05:04.943+00:00,2026-08-31T21:05:04.947+00:00,2026-08-31T21:05:04.947+00:00,2026-08-31T21:05:06.614+00:00,2026-08-31T21:05:06.614+00:00,0.709872,1.667093551999642,sqs-worker-5986dcd897-x8rdl,ip-192-168-20-201.ec2.internal,6ea174f83a10764ad7c8569c563e71ede042dacc911f907e33568961da310c08,1,4.0,1671.0
1,hpa-mmpp-707-9dc5e410,000058,82.925845,2026-08-31T21:05:07.097+00:00,2026-08-31T21:05:07.167+00:00,2026-08-31T21:05:07.174+00:00,2026-08-31T21:05:07.174+00:00,2026-08-31T21:05:07.797+00:00,2026-08-31T21:05:07.797+00:00,0.262419,0.6227988099999493,sqs-worker-5986dcd897-x8rdl,ip-192-168-20-201.ec2.internal,99a3f06c1485d07701ae19c7ca19b5e769b3fb3b0e8679628c4de03a02b4d1d5,1,7.0,630.0
1,hpa-mmpp-707-9dc5e410,000059,84.040447,2026-08-31T21:05:08.211+00:00,2026-08-31T21:05:08.309+00:00,2026-08-31T21:05:08.314+00:00,2026-08-31T21:05:08.314+00:00,2026-08-31T21:05:08.319+00:00,2026-08-31T21:05:08.319+00:00,0.005,0.005039104000388761,sqs-worker-5986dcd897-xd7qv,ip-192-168-20-201.ec2.internal,2438b77e7127a2aacc3d055324e7dc660bae12ab86465dd75343f3fc47c5b163,1,5.0,10.0
1,hpa-mmpp-707-9dc5e410,000061,87.9242,2026-08-31T21:05:12.093+00:00,2026-08-31T21:05:12.162+00:00,2026-08-31T21:05:12.166+00:00,2026-08-31T21:05:12.166+00:00,2026-08-31T21:05:12.201+00:00,2026-08-31T21:05:12.201+00:00,0.034546,0.03459320699948876,sqs-worker-5986dcd897-xd7qv,ip-192-168-20-201.ec2.internal,6d3e952d0fb3adf486aeefa2e2cf2a57420f67844734fbf41c6208724884aa92,1,4.0,39.0
1,hpa-mmpp-707-9dc5e410,000063,88.119953,2026-08-31T21:05:12.289+00:00,2026-08-31T21:05:12.359+00:00,2026-08-31T21:05:12.365+00:00,2026-08-31T21:05:12.365+00:00,2026-08-31T21:05:12.401+00:00,2026-08-31T21:05:12.401+00:00,0.03526,0.03537217400116788,sqs-worker-5986dcd897-x8rdl,ip-192-168-20-201.ec2.internal,93a82f97ebedcc5ab20e21d4a48e1662d2e5a817a5e5a023e0c815eaee30cd47,1,6.0,42.0
1,hpa-mmpp-707-9dc5e410,000064,88.473034,2026-08-31T21:05:12.642+00:00,2026-08-31T21:05:12.711+00:00,2026-08-31T21:05:12.715+00:00,2026-08-31T21:05:12.715+00:00,2026-08-31T21:05:12.804+00:00,2026-08-31T21:05:12.804+00:00,0.061782,0.08922461799920711,sqs-worker-5986dcd897-x8rdl,ip-192-168-20-201.ec2.internal,e4e901f105db65fc2624751a13fb09d991e3e754a8883477a761a4ae30266487,1,4.0,93.0
1,hpa-mmpp-707-9dc5e410,000065,88.486637,2026-08-31T21:05:12.656+00:00,2026-08-31T21:05:12.729+00:00,2026-08-31T21:05:12.832+00:00,2026-08-31T21:05:12.832+00:00,2026-08-31T21:05:12.837+00:00,2026-08-31T21:05:12.837+00:00,0.005,0.005054690000179107,sqs-worker-5986dcd897-x8rdl,ip-192-168-20-201.ec2.internal,f1a93cf1b449742d89f69c2bda9d275d7c9a2308c2559a827f4090555db79a12,1,103.0,108.0
1,hpa-mmpp-707-9dc5e410,000060,87.859634,2026-08-31T21:05:12.033+00:00,2026-08-31T21:05:12.101+00:00,2026-08-31T21:05:12.127+00:00,2026-08-31T21:05:12.127+00:00,2026-08-31T21:05:13.160+00:00,2026-08-31T21:05:13.160+00:00,0.242101,1.033227211000849,sqs-worker-5986dcd897-fbcgw,ip-192-168-20-201.ec2.internal,a01bb38bab93f1a539e11a0b36d13b6d8fc49cdac312b2ca50fff743a958dd88,1,26.0,1059.0
1,hpa-mmpp-707-9dc5e410,000062,88.073884,2026-08-31T21:05:12.243+00:00,2026-08-31T21:05:12.317+00:00,2026-08-31T21:05:12.321+00:00,2026-08-31T21:05:12.321+00:00,2026-08-31T21:05:13.432+00:00,2026-08-31T21:05:13.432+00:00,0.451762,1.1107969629993022,sqs-worker-5986dcd897-xd7qv,ip-192-168-20-201.ec2.internal,1710bc2a4bfcd066ae76bea063ad1fcf6b1513d02a35dc87951e13f8bf334036,1,4.0,1115.0
1,hpa-mmpp-707-9dc5e410,000066,88.593711,2026-08-31T21:05:12.763+00:00,2026-08-31T21:05:12.833+00:00,2026-08-31T21:05:12.859+00:00,2026-08-31T21:05:12.859+00:00,2026-08-31T21:05:12.991+00:00,2026-08-31T21:05:12.991+00:00,0.053051,0.1324251429996366,sqs-worker-5986dcd897-x8rdl,ip-192-168-20-201.ec2.internal,84c80bf24d74e5f4f24517e8ce86bc31c7bcd466d16e3109537e2f173b37913c,1,26.0,158.0
1,hpa-mmpp-707-9dc5e410,000068,89.284247,2026-08-31T21:05:13.454+00:00,2026-08-31T21:05:13.525+00:00,2026-08-31T21:05:13.531+00:00,2026-08-31T21:05:13.531+00:00,2026-08-31T21:05:13.784+00:00,2026-08-31T21:05:13.784+00:00,0.12128,0.25302759199985303,sqs-worker-5986dcd897-x8rdl,ip-192-168-20-201.ec2.internal,78e2d94f63de45b54cd843f8971d5657ef4895ea29cae65d98b85995d7453ca6,1,6.0,259.0
1,hpa-mmpp-707-9dc5e410,000070,89.493767,2026-08-31T21:05:13.663+00:00,2026-08-31T21:05:13.731+00:00,2026-08-31T21:05:13.735+00:00,2026-08-31T21:05:13.735+00:00,2026-08-31T21:05:14.251+00:00,2026-08-31T21:05:14.252+00:00,0.218986,0.5169039780012099,sqs-worker-5986dcd897-fbcgw,ip-192-168-20-201.ec2.internal,dc7a28ac3a3f2b87e4ca4be1fdaddfb215e50e3d48407788e1290394a92a305e,1,4.0,520.0
1,hpa-mmpp-707-9dc5e410,000072,89.840393,2026-08-31T21:05:14.010+00:00,2026-08-31T21:05:14.079+00:00,2026-08-31T21:05:14.283+00:00,2026-08-31T21:05:14.283+00:00,2026-08-31T21:05:14.297+00:00,2026-08-31T21:05:14.297+00:00,0.005,0.014043085000594147,sqs-worker-5986dcd897-fbcgw,ip-192-168-20-201.ec2.internal,f47dc8241ebd3bc6ac800302d6c08dfec609b3d6078945a09264b969d710f89b,1,204.0,218.0
1,hpa-mmpp-707-9dc5e410,000067,88.656862,2026-08-31T21:05:12.826+00:00,2026-08-31T21:05:12.896+00:00,2026-08-31T21:05:13.033+00:00,2026-08-31T21:05:13.033+00:00,2026-08-31T21:05:13.177+00:00,2026-08-31T21:05:13.177+00:00,0.066834,0.14405367400104296,sqs-worker-5986dcd897-x8rdl,ip-192-168-20-201.ec2.internal,0d5d6f33483d89ec6dad3dd0494330adfaeb85ec5913906effe2f5ff5d9c1cee,1,137.0,281.0
1,hpa-mmpp-707-9dc5e410,000071,89.781952,2026-08-31T21:05:13.951+00:00,2026-08-31T21:05:14.020+00:00,2026-08-31T21:05:14.025+00:00,2026-08-31T21:05:14.025+00:00,2026-08-31T21:05:14.925+00:00,2026-08-31T21:05:14.925+00:00,0.392402,0.9003570409986423,sqs-worker-5986dcd897-x8rdl,ip-192-168-20-201.ec2.internal,d82ccc05f528339024817492535df7bbb29c164457772d936e1ad11e641b7b6b,1,5.0,905.0
1,hpa-mmpp-707-9dc5e410,000073,90.115995,2026-08-31T21:05:14.285+00:00,2026-08-31T21:05:14.355+00:00,2026-08-31T21:05:14.360+00:00,2026-08-31T21:05:14.360+00:00,2026-08-31T21:05:14.774+00:00,2026-08-31T21:05:14.774+00:00,0.196922,0.4140447949994268,sqs-worker-5986dcd897-fbcgw,ip-192-168-20-201.ec2.internal,4993ce029f0550feaf793f807dc04d77eb4491b8f3a88359e9f28bf7f7cdede5,1,5.0,419.0
1,hpa-mmpp-707-9dc5e410,000076,90.438481,2026-08-31T21:05:14.608+00:00,2026-08-31T21:05:14.680+00:00,2026-08-31T21:05:14.869+00:00,2026-08-31T21:05:14.869+00:00,2026-08-31T21:05:15.054+00:00,2026-08-31T21:05:15.054+00:00,0.09282,0.18510429399975692,sqs-worker-5986dcd897-fbcgw,ip-192-168-20-201.ec2.internal,1ffbee59e1ce2fcf20a5cdae81c54c10d4fa0a747ef67e360f1194ec62479387,1,189.0,374.0
1,hpa-mmpp-707-9dc5e410,000077,90.516178,2026-08-31T21:05:14.685+00:00,2026-08-31T21:05:14.756+00:00,2026-08-31T21:05:15.372+00:00,2026-08-31T21:05:15.372+00:00,2026-08-31T21:05:15.669+00:00,2026-08-31T21:05:15.669+00:00,0.131923,0.2972974169988447,sqs-worker-5986dcd897-fbcgw,ip-192-168-20-201.ec2.internal,32fe80ac602931b35242eda99444cd7b328a4a0ce8fafa4098ef3758b4b68540,1,616.0,913.0
1,hpa-mmpp-707-9dc5e410,000075,90.215217,2026-08-31T21:05:14.384+00:00,2026-08-31T21:05:14.455+00:00,2026-08-31T21:05:14.947+00:00,2026-08-31T21:05:14.947+00:00,2026-08-31T21:05:15.594+00:00,2026-08-31T21:05:15.594+00:00,0.250912,0.647615264999331,sqs-worker-5986dcd897-x8rdl,ip-192-168-20-201.ec2.internal,6346fd8aeae3171fe4cec6d5e719f0bd750bbc41b2199a0b5b3162d833f3cfff,1,492.0,1139.0
1,hpa-mmpp-707-9dc5e410,000082,91.415936,2026-08-31T21:05:15.585+00:00,2026-08-31T21:05:15.655+00:00,2026-08-31T21:05:15.885+00:00,2026-08-31T21:05:15.885+00:00,2026-08-31T21:05:16.109+00:00,2026-08-31T21:05:16.109+00:00,0.105864,0.22374198099896603,sqs-worker-5986dcd897-x8rdl,ip-192-168-20-201.ec2.internal,4792c14cc1d96f64c5ec30c3a5c58cdccce3b78ab24b8c94568781076ecf7e80,1,230.0,454.0
1,hpa-mmpp-707-9dc5e410,000079,91.039349,2026-08-31T21:05:15.209+00:00,2026-08-31T21:05:15.277+00:00,2026-08-31T21:05:15.794+00:00,2026-08-31T21:05:15.794+00:00,2026-08-31T21:05:15.815+00:00,2026-08-31T21:05:15.815+00:00,0.02083,0.020924757000102545,sqs-worker-5986dcd897-x8rdl,ip-192-168-20-201.ec2.internal,945c870a90446d4738309e99b820ca478c8285d8a1b582be40e1a70de4a8ad56,1,517.0,538.0
1,hpa-mmpp-707-9dc5e410,000083,91.770509,2026-08-31T21:05:15.940+00:00,2026-08-31T21:05:16.009+00:00,2026-08-31T21:05:16.014+00:00,2026-08-31T21:05:16.014+00:00,2026-08-31T21:05:16.426+00:00,2026-08-31T21:05:16.426+00:00,0.178885,0.41230884099968534,sqs-worker-5986dcd897-xd7qv,ip-192-168-20-201.ec2.internal,23308661bb6149509c6dab73f386b22f5661bdd604ee6896e7b39feeb0ee36e2,1,5.0,417.0
1,hpa-mmpp-707-9dc5e410,000069,89.335745,2026-08-31T21:05:13.505+00:00,2026-08-31T21:05:13.577+00:00,2026-08-31T21:05:13.581+00:00,2026-08-31T21:05:13.581+00:00,2026-08-31T21:05:15.678+00:00,2026-08-31T21:05:15.678+00:00,0.862767,2.096876636998786,sqs-worker-5986dcd897-xd7qv,ip-192-168-20-201.ec2.internal,9b4234a7387dbb0aa786cb0a2f732ac6233ddd0fa77bd69e7551b1cb9f251664,1,4.0,2101.0
1,hpa-mmpp-707-9dc5e410,000078,91.02082,2026-08-31T21:05:15.190+00:00,2026-08-31T21:05:15.259+00:00,2026-08-31T21:05:15.612+00:00,2026-08-31T21:05:15.612+00:00,2026-08-31T21:05:15.723+00:00,2026-08-31T21:05:15.723+00:00,0.065123,0.11135201800061623,sqs-worker-5986dcd897-x8rdl,ip-192-168-20-201.ec2.internal,792fb28eb2adbf5aadd79dc2095a5ef0870564b4130539f0d3efc1029dde4964,1,353.0,464.0
1,hpa-mmpp-707-9dc5e410,000081,91.294195,2026-08-31T21:05:15.464+00:00,2026-08-31T21:05:15.533+00:00,2026-08-31T21:05:15.691+00:00,2026-08-31T21:05:15.691+00:00,2026-08-31T21:05:17.350+00:00,2026-08-31T21:05:17.350+00:00,0.654693,1.658811216999311,sqs-worker-5986dcd897-fbcgw,ip-192-168-20-201.ec2.internal,98ddb645a2407aa9d65d538ebecbfb79e1da2a1e6ccddf16bf62fcb31bb44ae4,1,158.0,1817.0
1,hpa-mmpp-707-9dc5e410,000085,93.201151,2026-08-31T21:05:17.371+00:00,2026-08-31T21:05:17.445+00:00,2026-08-31T21:05:17.449+00:00,2026-08-31T21:05:17.449+00:00,2026-08-31T21:05:17.599+00:00,2026-08-31T21:05:17.599+00:00,0.092358,0.1502344689997699,sqs-worker-5986dcd897-x8rdl,ip-192-168-20-201.ec2.internal,7aca6a492ffc9c5c3851f1fb692203828a8324fb5798251ae8e85d27366071f1,1,4.0,154.0
1,hpa-mmpp-707-9dc5e410,000089,93.347567,2026-08-31T21:05:17.517+00:00,2026-08-31T21:05:18.163+00:00,2026-08-31T21:05:18.315+00:00,2026-08-31T21:05:18.315+00:00,2026-08-31T21:05:18.375+00:00,2026-08-31T21:05:18.376+00:00,0.021527,0.06020378399989568,sqs-worker-5986dcd897-x8rdl,ip-192-168-20-201.ec2.internal,897e0cb2e077a2e17095fd305af4023f6b440a97a27307e3d07065bdad6e78b3,1,152.0,212.0
1,hpa-mmpp-707-9dc5e410,000087,93.312741,2026-08-31T21:05:17.482+00:00,2026-08-31T21:05:17.552+00:00,2026-08-31T21:05:17.557+00:00,2026-08-31T21:05:17.557+00:00,2026-08-31T21:05:18.741+00:00,2026-08-31T21:05:18.741+00:00,0.483041,1.184508428999834,sqs-worker-5986dcd897-fbcgw,ip-192-168-20-201.ec2.internal,e6d2cf420cc22948f8d37fdccd18f89c47966f7738597cd80280f584f4cea30f,1,5.0,1189.0
1,hpa-mmpp-707-9dc5e410,000091,94.27145,2026-08-31T21:05:18.442+00:00,2026-08-31T21:05:18.522+00:00,2026-08-31T21:05:18.526+00:00,2026-08-31T21:05:18.526+00:00,2026-08-31T21:05:18.913+00:00,2026-08-31T21:05:18.913+00:00,0.189573,0.38722412600145617,sqs-worker-5986dcd897-x8rdl,ip-192-168-20-201.ec2.internal,3efa96e9bb6c3ccc830311696c935364c1156f15c410b0ad26e53aab7dc904b9,1,4.0,391.0
1,hpa-mmpp-707-9dc5e410,000090,93.361098,2026-08-31T21:05:17.530+00:00,2026-08-31T21:05:17.599+00:00,2026-08-31T21:05:17.612+00:00,2026-08-31T21:05:17.612+00:00,2026-08-31T21:05:18.115+00:00,2026-08-31T21:05:18.115+00:00,0.206003,0.5033222539987037,sqs-worker-5986dcd897-x8rdl,ip-192-168-20-201.ec2.internal,046ed2479db516c4c92bc5fc0f5a5986499749df4213732d4cbc142a90f86e74,1,13.0,516.0
1,hpa-mmpp-707-9dc5e410,000084,92.250155,2026-08-31T21:05:16.420+00:00,2026-08-31T21:05:16.492+00:00,2026-08-31T21:05:16.527+00:00,2026-08-31T21:05:16.527+00:00,2026-08-31T21:05:17.259+00:00,2026-08-31T21:05:17.259+00:00,0.145719,0.7321012920001522,sqs-worker-5986dcd897-xd7qv,ip-192-168-20-201.ec2.internal,39c0675a11f8a60f9071da30856e595b2a6e7f3428e4392bc7651477ee283522,1,35.0,767.0
1,hpa-mmpp-707-9dc5e410,000086,93.255057,2026-08-31T21:05:17.424+00:00,2026-08-31T21:05:17.499+00:00,2026-08-31T21:05:17.503+00:00,2026-08-31T21:05:17.503+00:00,2026-08-31T21:05:19.360+00:00,2026-08-31T21:05:19.360+00:00,0.397443,1.856995473999632,sqs-worker-5986dcd897-xd7qv,ip-192-168-20-201.ec2.internal,8e5489ab36e17f73e0345a8985f5e96988d97cfaf26f4a81c1cba93e3dc4bb3b,1,4.0,1861.0
1,hpa-mmpp-707-9dc5e410,000093,94.574345,2026-08-31T21:05:18.744+00:00,2026-08-31T21:05:18.825+00:00,2026-08-31T21:05:18.947+00:00,2026-08-31T21:05:18.947+00:00,2026-08-31T21:05:19.691+00:00,2026-08-31T21:05:19.691+00:00,0.293185,0.743922506000672,sqs-worker-5986dcd897-x8rdl,ip-192-168-20-201.ec2.internal,f6ff65577f3c8f405e38cb1e1b9e03726dad78a1394fe6500a9c187ca731340f,1,122.0,866.0
1,hpa-mmpp-707-9dc5e410,000095,95.227483,2026-08-31T21:05:19.397+00:00,2026-08-31T21:05:19.469+00:00,2026-08-31T21:05:19.473+00:00,2026-08-31T21:05:19.473+00:00,2026-08-31T21:05:19.864+00:00,2026-08-31T21:05:19.864+00:00,0.172641,0.39173178500095673,sqs-worker-5986dcd897-fbcgw,ip-192-168-20-201.ec2.internal,95ff3c3b56e788454bbf1ae92e3198697562f977939312a68417f77f0474a499,1,4.0,395.0
1,hpa-mmpp-707-9dc5e410,000092,94.433475,2026-08-31T21:05:18.603+00:00,2026-08-31T21:05:18.674+00:00,2026-08-31T21:05:18.777+00:00,2026-08-31T21:05:18.777+00:00,2026-08-31T21:05:18.982+00:00,2026-08-31T21:05:18.982+00:00,0.10663,0.20498130799933278,sqs-worker-5986dcd897-fbcgw,ip-192-168-20-201.ec2.internal,1d20c99340193c7bf7cfe685d7f038713149510b0082f925a4d87bf24cd4cf3b,1,103.0,308.0
1,hpa-mmpp-707-9dc5e410,000074,90.153509,2026-08-31T21:05:14.323+00:00,2026-08-31T21:05:14.393+00:00,2026-08-31T21:05:15.075+00:00,2026-08-31T21:05:15.075+00:00,2026-08-31T21:05:15.352+00:00,2026-08-31T21:05:15.352+00:00,0.112605,0.27699177999966196,sqs-worker-5986dcd897-fbcgw,ip-192-168-20-201.ec2.internal,e99ae3d984e408bbe15bedce242f511879a3750d775c80031de9915bf9b49515,1,682.0,959.0
1,hpa-mmpp-707-9dc5e410,000080,91.082247,2026-08-31T21:05:15.251+00:00,2026-08-31T21:05:15.319+00:00,2026-08-31T21:05:15.694+00:00,2026-08-31T21:05:15.694+00:00,2026-08-31T21:05:15.870+00:00,2026-08-31T21:05:15.870+00:00,0.068461,0.17588987199997064,sqs-worker-5986dcd897-xd7qv,ip-192-168-20-201.ec2.internal,704cf43a115c2d2fe4776536cfd339582adb06212492c732d8112f29e68264c3,1,375.0,551.0
1,hpa-mmpp-707-9dc5e410,000088,93.342162,2026-08-31T21:05:17.512+00:00,2026-08-31T21:05:18.161+00:00,2026-08-31T21:05:18.165+00:00,2026-08-31T21:05:18.165+00:00,2026-08-31T21:05:18.292+00:00,2026-08-31T21:05:18.292+00:00,0.057132,0.12635765100094432,sqs-worker-5986dcd897-x8rdl,ip-192-168-20-201.ec2.internal,4a05ffab64a37ac3eda0b02f768600306090b79d6313d97034c1bb42652145b9,1,4.0,131.0
1,hpa-mmpp-707-9dc5e410,000094,94.844059,2026-08-31T21:05:19.014+00:00,2026-08-31T21:05:19.083+00:00,2026-08-31T21:05:19.087+00:00,2026-08-31T21:05:19.087+00:00,2026-08-31T21:05:19.447+00:00,2026-08-31T21:05:19.447+00:00,0.170032,0.3606731879990548,sqs-worker-5986dcd897-fbcgw,ip-192-168-20-201.ec2.internal,231f8b7cc44f4c60a40daf072b18ea5e51c8c59e7831eeee714eeae9b6fa8fe9,1,4.0,364.0
1,hpa-mmpp-707-9dc5e410,000096,95.745777,2026-08-31T21:05:19.916+00:00,2026-08-31T21:05:19.987+00:00,2026-08-31T21:05:19.992+00:00,2026-08-31T21:05:19.992+00:00,2026-08-31T21:05:20.154+00:00,2026-08-31T21:05:20.154+00:00,0.09631,0.16194007600097393,sqs-worker-5986dcd897-fbcgw,ip-192-168-20-201.ec2.internal,37abcb7c09cf4d6d78db61e6426b449f5a14518faf5e7c43710fb94846138146,1,5.0,167.0
1,hpa-mmpp-707-9dc5e410,000097,96.010807,2026-08-31T21:05:20.180+00:00,2026-08-31T21:05:20.256+00:00,2026-08-31T21:05:20.263+00:00,2026-08-31T21:05:20.263+00:00,2026-08-31T21:05:20.593+00:00,2026-08-31T21:05:20.593+00:00,0.158069,0.3295820860003005,sqs-worker-5986dcd897-xd7qv,ip-192-168-20-201.ec2.internal,881f1b9212019cb7c3096acb0eee6d01d7930724b950d932c64923ac27dd03fd,1,7.0,337.0
1,hpa-mmpp-707-9dc5e410,000100,96.637019,2026-08-31T21:05:20.806+00:00,2026-08-31T21:05:20.877+00:00,2026-08-31T21:05:20.882+00:00,2026-08-31T21:05:20.882+00:00,2026-08-31T21:05:20.915+00:00,2026-08-31T21:05:20.915+00:00,0.023541,0.03360179399896879,sqs-worker-5986dcd897-xd7qv,ip-192-168-20-201.ec2.internal,05734ee717f49df682fd3a0f1a89ef77b6f7beee78bbdccf91fa1743208117ee,1,5.0,38.0
1,hpa-mmpp-707-9dc5e410,000099,96.559427,2026-08-31T21:05:20.729+00:00,2026-08-31T21:05:20.798+00:00,2026-08-31T21:05:20.804+00:00,2026-08-31T21:05:20.804+00:00,2026-08-31T21:05:21.329+00:00,2026-08-31T21:05:21.329+00:00,0.228357,0.5251179189999675,sqs-worker-5986dcd897-fbcgw,ip-192-168-20-201.ec2.internal,5c637e8b53d592bba707e9fd8cfac37abf50c3ffa12ec34e34d6936c68ee1f39,1,6.0,531.0
1,hpa-mmpp-707-9dc5e410,000101,96.913065,2026-08-31T21:05:21.081+00:00,2026-08-31T21:05:21.151+00:00,2026-08-31T21:05:21.155+00:00,2026-08-31T21:05:21.155+00:00,2026-08-31T21:05:21.557+00:00,2026-08-31T21:05:21.557+00:00,0.161195,0.40176456900007906,sqs-worker-5986dcd897-xd7qv,ip-192-168-20-201.ec2.internal,f53261b2dc6a1a4dc408d765eff36575e913b83fb44d9a0380a029c4e6cab7c1,1,4.0,406.0
1,hpa-mmpp-707-9dc5e410,000098,96.315306,2026-08-31T21:05:20.485+00:00,2026-08-31T21:05:20.553+00:00,2026-08-31T21:05:20.587+00:00,2026-08-31T21:05:20.587+00:00,2026-08-31T21:05:21.687+00:00,2026-08-31T21:05:21.687+00:00,0.261182,1.100192835998314,sqs-worker-5986dcd897-x8rdl,ip-192-168-20-201.ec2.internal,993fb40d9ca704a15492bd858d02f30d429b0ee1fc9430d86b1dcfb7ce092e24,1,34.0,1134.0
1,hpa-mmpp-707-9dc5e410,000103,97.21795,2026-08-31T21:05:21.386+00:00,2026-08-31T21:05:21.460+00:00,2026-08-31T21:05:21.593+00:00,2026-08-31T21:05:21.593+00:00,2026-08-31T21:05:22.259+00:00,2026-08-31T21:05:22.259+00:00,0.280997,0.666621557000326,sqs-worker-5986dcd897-xd7qv,ip-192-168-20-201.ec2.internal,e2912e9f0adb489371d8eefcaaf07393e0222f92a0907f34d4d0d97d764c9f8b,1,133.0,799.0
1,hpa-mmpp-707-9dc5e410,000104,98.123986,2026-08-31T21:05:22.292+00:00,2026-08-31T21:05:22.366+00:00,2026-08-31T21:05:22.369+00:00,2026-08-31T21:05:22.369+00:00,2026-08-31T21:05:22.668+00:00,2026-08-31T21:05:22.668+00:00,0.132314,0.29913446200043836,sqs-worker-5986dcd897-xd7qv,ip-192-168-20-201.ec2.internal,bfb3cf7c7d57e77fc7710c6a2f5dc13b1479454cd6c4d873d6b28eb9f4dec923,1,3.0,302.0
1,hpa-mmpp-707-9dc5e410,000105,99.439986,2026-08-31T21:05:23.609+00:00,2026-08-31T21:05:23.682+00:00,2026-08-31T21:05:23.686+00:00,2026-08-31T21:05:23.686+00:00,2026-08-31T21:05:23.694+00:00,2026-08-31T21:05:23.694+00:00,0.008346,0.00838940200083016,sqs-worker-5986dcd897-x8rdl,ip-192-168-20-201.ec2.internal,e1c2124c6aca6fcf9a34845372a8d090bde4061af15a6976198a1faa2f0d0633,1,4.0,12.0
1,hpa-mmpp-707-9dc5e410,000102,97.184501,2026-08-31T21:05:21.352+00:00,2026-08-31T21:05:21.424+00:00,2026-08-31T21:05:21.432+00:00,2026-08-31T21:05:21.432+00:00,2026-08-31T21:05:23.745+00:00,2026-08-31T21:05:23.745+00:00,0.465868,2.3124938040000416,sqs-worker-5986dcd897-fbcgw,ip-192-168-20-201.ec2.internal,cfc3794389df6ac4fa930d2d4ea25f549c4359cd3811f9d351beb92ca89373da,1,8.0,2321.0
1,hpa-mmpp-707-9dc5e410,000106,100.0296,2026-08-31T21:05:24.198+00:00,2026-08-31T21:05:24.267+00:00,2026-08-31T21:05:24.271+00:00,2026-08-31T21:05:24.271+00:00,2026-08-31T21:05:24.473+00:00,2026-08-31T21:05:24.473+00:00,0.099923,0.2022838060001959,sqs-worker-5986dcd897-xd7qv,ip-192-168-20-201.ec2.internal,9ed4976a0efe30d745573a1d8b8f600546f26a98505ae4dd24f34d7e743932fb,1,4.0,206.0
1,hpa-mmpp-707-9dc5e410,000107,100.165389,2026-08-31T21:05:24.333+00:00,2026-08-31T21:05:24.404+00:00,2026-08-31T21:05:24.410+00:00,2026-08-31T21:05:24.410+00:00,2026-08-31T21:05:24.495+00:00,2026-08-31T21:05:24.495+00:00,0.052841,0.08536851999997452,sqs-worker-5986dcd897-x8rdl,ip-192-168-20-201.ec2.internal,60d46f2d6cc4fc622f66fa97514e8fc5827d0a5acfbf33642e923bb837c9fe98,1,6.0,91.0
1,hpa-mmpp-707-9dc5e410,000110,100.454323,2026-08-31T21:05:24.622+00:00,2026-08-31T21:05:24.704+00:00,2026-08-31T21:05:24.707+00:00,2026-08-31T21:05:24.707+00:00,2026-08-31T21:05:25.162+00:00,2026-08-31T21:05:25.162+00:00,0.219203,0.4547245430003386,sqs-worker-5986dcd897-fbcgw,ip-192-168-20-201.ec2.internal,7965a7fc6c42be2c21ad69b9498997a4c0afd5374e312b5da21a9bada9209159,1,3.0,458.0
1,hpa-mmpp-707-9dc5e410,000112,100.889582,2026-08-31T21:05:25.057+00:00,2026-08-31T21:05:25.128+00:00,2026-08-31T21:05:25.244+00:00,2026-08-31T21:05:25.244+00:00,2026-08-31T21:05:25.254+00:00,2026-08-31T21:05:25.254+00:00,0.00991,0.009946404001311748,sqs-worker-5986dcd897-fbcgw,ip-192-168-20-201.ec2.internal,ff97ce9af3f050ec879cc27e76de609bcd836b12cad198a274bcf791030ba7a2,1,116.0,126.0
1,hpa-mmpp-707-9dc5e410,000108,100.332506,2026-08-31T21:05:24.500+00:00,2026-08-31T21:05:24.571+00:00,2026-08-31T21:05:24.574+00:00,2026-08-31T21:05:24.574+00:00,2026-08-31T21:05:25.308+00:00,2026-08-31T21:05:25.308+00:00,0.302398,0.7334992939995573,sqs-worker-5986dcd897-x8rdl,ip-192-168-20-201.ec2.internal,5c22af329de714767b33fb6d4ca4ee9f6cbb915cef4a4d61dba911e0b0306c30,1,3.0,737.0
1,hpa-mmpp-707-9dc5e410,000109,100.394769,2026-08-31T21:05:24.562+00:00,2026-08-31T21:05:24.638+00:00,2026-08-31T21:05:24.645+00:00,2026-08-31T21:05:24.645+00:00,2026-08-31T21:05:25.473+00:00,2026-08-31T21:05:25.473+00:00,0.347861,0.8272952269999223,sqs-worker-5986dcd897-xd7qv,ip-192-168-20-201.ec2.internal,723385902c20989ecb330e8581e90e8afe1c2d1085ccdd4448b02b961cc82506,1,7.0,835.0
1,hpa-mmpp-707-9dc5e410,000114,101.996973,2026-08-31T21:05:26.165+00:00,2026-08-31T21:05:26.235+00:00,2026-08-31T21:05:26.239+00:00,2026-08-31T21:05:26.239+00:00,2026-08-31T21:05:26.368+00:00,2026-08-31T21:05:26.368+00:00,0.069977,0.1295318659995246,sqs-worker-5986dcd897-xd7qv,ip-192-168-20-201.ec2.internal,835e7ad12eb4fa9d5b8502e083227390c6aa26c999d25ba792f5c12e2748a69b,1,4.0,133.0
1,hpa-mmpp-707-9dc5e410,000115,102.469411,2026-08-31T21:05:26.637+00:00,2026-08-31T21:05:26.721+00:00,2026-08-31T21:05:26.727+00:00,2026-08-31T21:05:26.727+00:00,2026-08-31T21:05:26.757+00:00,2026-08-31T21:05:26.757+00:00,0.005,0.030632649999461137,sqs-worker-5986dcd897-xd7qv,ip-192-168-20-201.ec2.internal,60c6e9887224ced83b1e728471938204ea689f0120d97d9b8f0c659ce52bcb9a,1,6.0,36.0
1,hpa-mmpp-707-9dc5e410,000111,100.668631,2026-08-31T21:05:24.836+00:00,2026-08-31T21:05:24.909+00:00,2026-08-31T21:05:25.276+00:00,2026-08-31T21:05:25.276+00:00,2026-08-31T21:05:25.852+00:00,2026-08-31T21:05:25.852+00:00,0.240442,0.5765512979996856,sqs-worker-5986dcd897-fbcgw,ip-192-168-20-201.ec2.internal,f833bcd2f5be3d6059b41c218454a549f95fb6b6d4f1c7cd4d96f42d182644fb,1,367.0,943.0
1,hpa-mmpp-707-9dc5e410,000113,101.955979,2026-08-31T21:05:26.125+00:00,2026-08-31T21:05:26.196+00:00,2026-08-31T21:05:26.199+00:00,2026-08-31T21:05:26.199+00:00,2026-08-31T21:05:26.797+00:00,2026-08-31T21:05:26.797+00:00,0.254874,0.5978704230001313,sqs-worker-5986dcd897-x8rdl,ip-192-168-20-201.ec2.internal,1ee010d7f439957229426fa060d4b56e06da7ff582f6ceaca2ab64d7b82c1b86,1,3.0,601.0
1,hpa-mmpp-707-9dc5e410,000117,103.102746,2026-08-31T21:05:27.271+00:00,2026-08-31T21:05:27.341+00:00,2026-08-31T21:05:27.345+00:00,2026-08-31T21:05:27.345+00:00,2026-08-31T21:05:27.548+00:00,2026-08-31T21:05:27.548+00:00,0.090812,0.20314190000135568,sqs-worker-5986dcd897-fbcgw,ip-192-168-20-201.ec2.internal,153b62b477cf0db478e6ca88b6ac7fab5369539cdf0534849e040dc01c93b556,1,4.0,207.0
1,hpa-mmpp-707-9dc5e410,000119,103.640588,2026-08-31T21:05:27.808+00:00,2026-08-31T21:05:27.887+00:00,2026-08-31T21:05:27.890+00:00,2026-08-31T21:05:27.890+00:00,2026-08-31T21:05:28.016+00:00,2026-08-31T21:05:28.016+00:00,0.072646,0.12531679699895903,sqs-worker-5986dcd897-x8rdl,ip-192-168-20-201.ec2.internal,bd57b4746c56b24ae821ab02f2680d87de4a12c5fbb21f14520041c897f45b3e,1,3.0,129.0
1,hpa-mmpp-707-9dc5e410,000118,103.566575,2026-08-31T21:05:27.735+00:00,2026-08-31T21:05:27.813+00:00,2026-08-31T21:05:27.817+00:00,2026-08-31T21:05:27.817+00:00,2026-08-31T21:05:28.076+00:00,2026-08-31T21:05:28.076+00:00,0.117965,0.2595004169997992,sqs-worker-5986dcd897-fbcgw,ip-192-168-20-201.ec2.internal,5927f25de24ca69f7eb7ac04bf4397b6cad1c116456113c23b5d52c6583c3e4d,1,4.0,263.0
1,hpa-mmpp-707-9dc5e410,000121,103.952465,2026-08-31T21:05:28.120+00:00,2026-08-31T21:05:28.193+00:00,2026-08-31T21:05:28.197+00:00,2026-08-31T21:05:28.197+00:00,2026-08-31T21:05:28.533+00:00,2026-08-31T21:05:28.533+00:00,0.155541,0.33548006400087615,sqs-worker-5986dcd897-fbcgw,ip-192-168-20-201.ec2.internal,c866c4544c6c96cbb28a5b6708f24d4d02b973296b5672cccf230b9e004b93e4,1,4.0,340.0
1,hpa-mmpp-707-9dc5e410,000124,103.972408,2026-08-31T21:05:28.140+00:00,2026-08-31T21:05:28.215+00:00,2026-08-31T21:05:28.556+00:00,2026-08-31T21:05:28.556+00:00,2026-08-31T21:05:29.163+00:00,2026-08-31T21:05:29.163+00:00,0.263644,0.6072124710008211,sqs-worker-5986dcd897-fbcgw,ip-192-168-20-201.ec2.internal,d54167e859bd738fc234f555f5d2161fd6875d67e129b32ac8495510609e90e3,1,341.0,948.0
1,hpa-mmpp-707-9dc5e410,000120,103.651134,2026-08-31T21:05:27.819+00:00,2026-08-31T21:05:27.897+00:00,2026-08-31T21:05:28.061+00:00,2026-08-31T21:05:28.061+00:00,2026-08-31T21:05:29.413+00:00,2026-08-31T21:05:29.413+00:00,0.549681,1.3520662379996793,sqs-worker-5986dcd897-x8rdl,ip-192-168-20-201.ec2.internal,4dfdb819a18cf33297ef39f49ecc4351c1c64815953873e70601a9dcafac14b5,1,164.0,1516.0
1,hpa-mmpp-707-9dc5e410,000128,104.992877,2026-08-31T21:05:29.160+00:00,2026-08-31T21:05:29.231+00:00,2026-08-31T21:05:29.373+00:00,2026-08-31T21:05:29.373+00:00,2026-08-31T21:05:29.461+00:00,2026-08-31T21:05:29.461+00:00,0.044508,0.08751850800035754,sqs-worker-5986dcd897-xd7qv,ip-192-168-20-201.ec2.internal,e7ff2e0b83089be5be2419fb14cc187ae4a19bd510c3f23d227948c72f9cb783,1,142.0,230.0
1,hpa-mmpp-707-9dc5e410,000125,104.750336,2026-08-31T21:05:28.919+00:00,2026-08-31T21:05:28.995+00:00,2026-08-31T21:05:29.233+00:00,2026-08-31T21:05:29.233+00:00,2026-08-31T21:05:29.953+00:00,2026-08-31T21:05:29.953+00:00,0.304171,0.7196874460005347,sqs-worker-5986dcd897-fbcgw,ip-192-168-20-201.ec2.internal,f16bc1e96542902ad94d1b11817d31f63e8054a6ebea0c36d2657cd1fab08b0a,1,238.0,958.0
1,hpa-mmpp-707-9dc5e410,000126,104.934838,2026-08-31T21:05:29.103+00:00,2026-08-31T21:05:29.173+00:00,2026-08-31T21:05:29.342+00:00,2026-08-31T21:05:29.342+00:00,2026-08-31T21:05:29.347+00:00,2026-08-31T21:05:29.347+00:00,0.005,0.005108950999783701,sqs-worker-5986dcd897-xd7qv,ip-192-168-20-201.ec2.internal,54aab598aa12a84169b2c0d5c3cfe533ea1b3d96121f6edf92cfc1d942aca709,1,169.0,174.0
1,hpa-mmpp-707-9dc5e410,000127,104.979658,2026-08-31T21:05:29.147+00:00,2026-08-31T21:05:29.217+00:00,2026-08-31T21:05:29.974+00:00,2026-08-31T21:05:29.974+00:00,2026-08-31T21:05:30.341+00:00,2026-08-31T21:05:30.341+00:00,0.143038,0.36718618200029596,sqs-worker-5986dcd897-fbcgw,ip-192-168-20-201.ec2.internal,f4d15e567455e194ac451313166a0b597e75f7221846c26629231ab388f4317c,1,757.0,1124.0
1,hpa-mmpp-707-9dc5e410,000116,102.906732,2026-08-31T21:05:27.075+00:00,2026-08-31T21:05:27.149+00:00,2026-08-31T21:05:27.155+00:00,2026-08-31T21:05:27.155+00:00,2026-08-31T21:05:29.281+00:00,2026-08-31T21:05:29.281+00:00,0.647869,2.1261017880005966,sqs-worker-5986dcd897-xd7qv,ip-192-168-20-201.ec2.internal,4e2f4648104124e4738c5475d6264f05e5a65cc5b50ad90f97a29d51c7fd7491,1,6.0,2132.0
1,hpa-mmpp-707-9dc5e410,000123,103.964712,2026-08-31T21:05:28.132+00:00,2026-08-31T21:05:28.203+00:00,2026-08-31T21:05:29.431+00:00,2026-08-31T21:05:29.431+00:00,2026-08-31T21:05:29.705+00:00,2026-08-31T21:05:29.705+00:00,0.108671,0.27345963600055256,sqs-worker-5986dcd897-x8rdl,ip-192-168-20-201.ec2.internal,31b9d8589ee9f0f4f65a4035f782c641f0dea631463b7e5c3236419e9e81667d,1,1228.0,1502.0
1,hpa-mmpp-707-9dc5e410,000130,105.492822,2026-08-31T21:05:29.661+00:00,2026-08-31T21:05:29.735+00:00,2026-08-31T21:05:30.186+00:00,2026-08-31T21:05:30.186+00:00,2026-08-31T21:05:31.264+00:00,2026-08-31T21:05:31.264+00:00,0.446422,1.0777387880007154,sqs-worker-5986dcd897-xd7qv,ip-192-168-20-201.ec2.internal,50d9405d8e29ef194c2a496a2b441ec7b6f3ffd3248ec864635e48c7d6d50490,1,451.0,1529.0
1,hpa-mmpp-707-9dc5e410,000131,106.269592,2026-08-31T21:05:30.438+00:00,2026-08-31T21:05:30.510+00:00,2026-08-31T21:05:30.514+00:00,2026-08-31T21:05:30.514+00:00,2026-08-31T21:05:31.335+00:00,2026-08-31T21:05:31.335+00:00,0.344968,0.8211904050003795,sqs-worker-5986dcd897-fbcgw,ip-192-168-20-201.ec2.internal,5f59cfc3e048c1151a1ed2d6e798efd3f81cffb00989d74a331099461e1b8334,1,4.0,825.0
1,hpa-mmpp-707-9dc5e410,000122,103.954173,2026-08-31T21:05:28.122+00:00,2026-08-31T21:05:28.198+00:00,2026-08-31T21:05:29.517+00:00,2026-08-31T21:05:29.517+00:00,2026-08-31T21:05:30.132+00:00,2026-08-31T21:05:30.132+00:00,0.259679,0.6144555440005206,sqs-worker-5986dcd897-xd7qv,ip-192-168-20-201.ec2.internal,9c002c6af87ba8f8b4d4a81bd095ea9d4a6b2bcf43830aac836f48f73f3a5d76,1,1319.0,1934.0
1,hpa-mmpp-707-9dc5e410,000132,106.622756,2026-08-31T21:05:30.791+00:00,2026-08-31T21:05:30.861+00:00,2026-08-31T21:05:31.379+00:00,2026-08-31T21:05:31.379+00:00,2026-08-31T21:05:32.342+00:00,2026-08-31T21:05:32.342+00:00,0.203093,0.9633991659993626,sqs-worker-5986dcd897-fbcgw,ip-192-168-20-201.ec2.internal,2b83d9713a84867c63e47b41bc8a530adc572a8991438a59d147712aa87dabc1,1,518.0,1481.0
1,hpa-mmpp-707-9dc5e410,000133,106.943289,2026-08-31T21:05:31.111+00:00,2026-08-31T21:05:31.181+00:00,2026-08-31T21:05:31.301+00:00,2026-08-31T21:05:31.301+00:00,2026-08-31T21:05:31.775+00:00,2026-08-31T21:05:31.775+00:00,0.206859,0.4742017999997188,sqs-worker-5986dcd897-xd7qv,ip-192-168-20-201.ec2.internal,210a14acfcce3078505c122585576c8e0b18398e079be52bc90fdfa5555c619a,1,120.0,594.0
1,hpa-mmpp-707-9dc5e410,000129,105.229854,2026-08-31T21:05:29.398+00:00,2026-08-31T21:05:29.473+00:00,2026-08-31T21:05:29.798+00:00,2026-08-31T21:05:29.798+00:00,2026-08-31T21:05:31.579+00:00,2026-08-31T21:05:31.579+00:00,0.345501,1.7803330620008637,sqs-worker-5986dcd897-x8rdl,ip-192-168-20-201.ec2.internal,7cda7aa70f785e4e39f4fd59a3b3ca52cb2a3068bc5740d9e0c57d89a10eac8d,1,325.0,2106.0
1,hpa-mmpp-707-9dc5e410,000137,108.312355,2026-08-31T21:05:32.480+00:00,2026-08-31T21:05:32.550+00:00,2026-08-31T21:05:32.640+00:00,2026-08-31T21:05:32.641+00:00,2026-08-31T21:05:33.488+00:00,2026-08-31T21:05:33.488+00:00,0.34125,0.847322288000214,sqs-worker-5986dcd897-x8rdl,ip-192-168-20-201.ec2.internal,ccb7342c103c80eb48b6d296553f8334efa2898b289ccf0fe5a4c3145d8063c8,1,90.0,938.0
1,hpa-mmpp-707-9dc5e410,000138,108.768758,2026-08-31T21:05:32.937+00:00,2026-08-31T21:05:33.025+00:00,2026-08-31T21:05:33.570+00:00,2026-08-31T21:05:33.570+00:00,2026-08-31T21:05:33.760+00:00,2026-08-31T21:05:33.760+00:00,0.081786,0.18996152100044128,sqs-worker-5986dcd897-xd7qv,ip-192-168-20-201.ec2.internal,aadc02ea00c62030bf6c9be81ef5d8e02222f939657d8bbdbc048745c3f8ced0,1,545.0,735.0
1,hpa-mmpp-707-9dc5e410,000139,108.845196,2026-08-31T21:05:33.013+00:00,2026-08-31T21:05:33.084+00:00,2026-08-31T21:05:33.501+00:00,2026-08-31T21:05:33.501+00:00,2026-08-31T21:05:33.818+00:00,2026-08-31T21:05:33.818+00:00,0.141063,0.3170815979992767,sqs-worker-5986dcd897-x8rdl,ip-192-168-20-201.ec2.internal,47812296d0e874e2029b5f0b0d8fadf9b4d8a009ba22e054ef357ced158199d3,1,417.0,734.0
1,hpa-mmpp-707-9dc5e410,000135,107.994246,2026-08-31T21:05:32.162+00:00,2026-08-31T21:05:32.233+00:00,2026-08-31T21:05:32.237+00:00,2026-08-31T21:05:32.237+00:00,2026-08-31T21:05:32.607+00:00,2026-08-31T21:05:32.607+00:00,0.184551,0.3703424939994875,sqs-worker-5986dcd897-x8rdl,ip-192-168-20-201.ec2.internal,e9c6a1827d24d622e9c4db29418dbdd63224a4fd330abc431a6cfa08f25093bc,1,4.0,374.0
1,hpa-mmpp-707-9dc5e410,000134,107.830712,2026-08-31T21:05:31.999+00:00,2026-08-31T21:05:32.071+00:00,2026-08-31T21:05:32.075+00:00,2026-08-31T21:05:32.075+00:00,2026-08-31T21:05:33.493+00:00,2026-08-31T21:05:33.493+00:00,0.598927,1.4175822099987272,sqs-worker-5986dcd897-xd7qv,ip-192-168-20-201.ec2.internal,bc3b687531b388ce244189dd85fc9db390741336b4358f70df4e6789a58f62f2,1,4.0,1422.0
1,hpa-mmpp-707-9dc5e410,000146,109.84913,2026-08-31T21:05:34.017+00:00,2026-08-31T21:05:34.089+00:00,2026-08-31T21:05:34.354+00:00,2026-08-31T21:05:34.354+00:00,2026-08-31T21:05:34.370+00:00,2026-08-31T21:05:34.370+00:00,0.01577,0.015968347999660182,sqs-worker-5986dcd897-xd7qv,ip-192-168-20-201.ec2.internal,47d71ea9c728cf77e0cc0f60c909801d0640c4764bc3d97f172f91779df02882,1,265.0,281.0
1,hpa-mmpp-707-9dc5e410,000142,109.262655,2026-08-31T21:05:33.430+00:00,2026-08-31T21:05:33.499+00:00,2026-08-31T21:05:33.883+00:00,2026-08-31T21:05:33.883+00:00,2026-08-31T21:05:34.420+00:00,2026-08-31T21:05:34.420+00:00,0.234691,0.536179243999868,sqs-worker-5986dcd897-x8rdl,ip-192-168-20-201.ec2.internal,3307f18c216cb7ff63c397146c0576bba5ec4bdc9ccdb0c62d0ed2510f2b7e22,1,384.0,921.0
1,hpa-mmpp-707-9dc5e410,000140,109.057184,2026-08-31T21:05:33.225+00:00,2026-08-31T21:05:33.298+00:00,2026-08-31T21:05:34.391+00:00,2026-08-31T21:05:34.391+00:00,2026-08-31T21:05:34.774+00:00,2026-08-31T21:05:34.774+00:00,0.158706,0.38331811299940455,sqs-worker-5986dcd897-xd7qv,ip-192-168-20-201.ec2.internal,2b81cf13db643a507bb95a34427bec278089dc28560cf136afd255dfe3bc44f7,1,1093.0,1476.0
1,hpa-mmpp-707-9dc5e410,000143,109.308522,2026-08-31T21:05:33.476+00:00,2026-08-31T21:05:33.549+00:00,2026-08-31T21:05:34.556+00:00,2026-08-31T21:05:34.556+00:00,2026-08-31T21:05:35.162+00:00,2026-08-31T21:05:35.162+00:00,0.256162,0.6061504100016464,sqs-worker-5986dcd897-fbcgw,ip-192-168-20-201.ec2.internal,689f928e5b55fc781896a675c30a9b2116855dfe92dc6a532fcc6c30db7a3944,1,1006.9999999999999,1613.0
1,hpa-mmpp-707-9dc5e410,000145,109.687189,2026-08-31T21:05:33.855+00:00,2026-08-31T21:05:33.925+00:00,2026-08-31T21:05:34.721+00:00,2026-08-31T21:05:34.721+00:00,2026-08-31T21:05:35.221+00:00,2026-08-31T21:05:35.221+00:00,0.211551,0.500269271000434,sqs-worker-5986dcd897-x8rdl,ip-192-168-20-201.ec2.internal,89bf85ce2ce7535d255ea5c814cc3e747c3244f61ced6947f37a2f398726feb7,1,796.0,1296.0
1,hpa-mmpp-707-9dc5e410,000136,108.029713,2026-08-31T21:05:32.197+00:00,2026-08-31T21:05:32.267+00:00,2026-08-31T21:05:32.451+00:00,2026-08-31T21:05:32.451+00:00,2026-08-31T21:05:34.540+00:00,2026-08-31T21:05:34.540+00:00,0.481047,2.088526584000647,sqs-worker-5986dcd897-fbcgw,ip-192-168-20-201.ec2.internal,874208b1932fb438118aaf3109c24f755f5e73f37bfada8fc480ef3763d896d4,1,184.0,2273.0
1,hpa-mmpp-707-9dc5e410,000151,110.889663,2026-08-31T21:05:35.059+00:00,2026-08-31T21:05:35.136+00:00,2026-08-31T21:05:35.302+00:00,2026-08-31T21:05:35.302+00:00,2026-08-31T21:05:35.619+00:00,2026-08-31T21:05:35.619+00:00,0.152484,0.3165398639994237,sqs-worker-5986dcd897-x8rdl,ip-192-168-20-201.ec2.internal,46b60c3236f23231001c6339ca5c35a5574d579a7e2af2904cef2a5e9e773cdc,1,166.0,483.0
1,hpa-mmpp-707-9dc5e410,000141,109.05828,2026-08-31T21:05:33.226+00:00,2026-08-31T21:05:33.299+00:00,2026-08-31T21:05:33.778+00:00,2026-08-31T21:05:33.778+00:00,2026-08-31T21:05:34.293+00:00,2026-08-31T21:05:34.293+00:00,0.226813,0.5142811779987824,sqs-worker-5986dcd897-xd7qv,ip-192-168-20-201.ec2.internal,7cc39f85fc0f1cc706f6950973716f3265f0edccaf81b9652bd214aa9bb52595,1,479.0,994.0
1,hpa-mmpp-707-9dc5e410,000148,110.34631,2026-08-31T21:05:34.514+00:00,2026-08-31T21:05:34.585+00:00,2026-08-31T21:05:35.698+00:00,2026-08-31T21:05:35.698+00:00,2026-08-31T21:05:35.885+00:00,2026-08-31T21:05:35.885+00:00,0.080712,0.18746438300149748,sqs-worker-5986dcd897-x8rdl,ip-192-168-20-201.ec2.internal,3045929663de6aa2bcbebe438d6161c242dede407ddd9b903107a91e597fc8c6,1,1113.0,1300.0
1,hpa-mmpp-707-9dc5e410,000147,109.885832,2026-08-31T21:05:34.053+00:00,2026-08-31T21:05:34.125+00:00,2026-08-31T21:05:34.791+00:00,2026-08-31T21:05:34.791+00:00,2026-08-31T21:05:36.156+00:00,2026-08-31T21:05:36.156+00:00,0.538304,1.3651390929990157,sqs-worker-5986dcd897-xd7qv,ip-192-168-20-201.ec2.internal,d53ea97221d1eecd876bf1a36ee892c22d93f1b99d122ecf4cd3a119237538a7,1,666.0,2031.0000000000002
1,hpa-mmpp-707-9dc5e410,000156,111.848755,2026-08-31T21:05:36.016+00:00,2026-08-31T21:05:36.090+00:00,2026-08-31T21:05:36.788+00:00,2026-08-31T21:05:36.788+00:00,2026-08-31T21:05:36.945+00:00,2026-08-31T21:05:36.945+00:00,0.072294,0.15784518600048614,sqs-worker-5986dcd897-fbcgw,ip-192-168-20-201.ec2.internal,5956fbbcadfc481d360294985f20e48d0e3f24f2bf87a66f06716819a53cd4af,1,698.0,855.0
1,hpa-mmpp-707-9dc5e410,000144,109.364737,2026-08-31T21:05:33.532+00:00,2026-08-31T21:05:33.607+00:00,2026-08-31T21:05:34.501+00:00,2026-08-31T21:05:34.501+00:00,2026-08-31T21:05:34.709+00:00,2026-08-31T21:05:34.709+00:00,0.100671,0.20749595999950543,sqs-worker-5986dcd897-x8rdl,ip-192-168-20-201.ec2.internal,afbcdf82fd94a7d998391b9c0f1e7922f7e22880e23ef5996fc256d77d2c2edf,1,894.0,1102.0
1,hpa-mmpp-707-9dc5e410,000154,111.539892,2026-08-31T21:05:35.708+00:00,2026-08-31T21:05:35.780+00:00,2026-08-31T21:05:36.067+00:00,2026-08-31T21:05:36.067+00:00,2026-08-31T21:05:36.745+00:00,2026-08-31T21:05:36.745+00:00,0.275072,0.6785878329992556,sqs-worker-5986dcd897-fbcgw,ip-192-168-20-201.ec2.internal,5f80329a37ea2df15491681a89977eea691aa8bfe17f05f249795724eb40aa4b,1,287.0,965.0
1,hpa-mmpp-707-9dc5e410,000157,112.638895,2026-08-31T21:05:36.807+00:00,2026-08-31T21:05:36.876+00:00,2026-08-31T21:05:37.067+00:00,2026-08-31T21:05:37.068+00:00,2026-08-31T21:05:37.359+00:00,2026-08-31T21:05:37.359+00:00,0.042692,0.2910324889999174,sqs-worker-5986dcd897-xd7qv,ip-192-168-20-201.ec2.internal,6311d43250c6f805237349ced89194e6b0bcc8a18f61942c529afbfadf8052b6,1,191.0,483.0
1,hpa-mmpp-707-9dc5e410,000153,111.202445,2026-08-31T21:05:35.370+00:00,2026-08-31T21:05:35.440+00:00,2026-08-31T21:05:37.457+00:00,2026-08-31T21:05:37.457+00:00,2026-08-31T21:05:38.067+00:00,2026-08-31T21:05:38.068+00:00,0.088346,0.6109690779994708,sqs-worker-5986dcd897-xd7qv,ip-192-168-20-201.ec2.internal,178382419f7dfe2c9117be2d75ad4e05f53f9221a6501d4c3efd904430fb33c0,1,2017.0,2627.0
1,hpa-mmpp-707-9dc5e410,000150,110.79464,2026-08-31T21:05:34.963+00:00,2026-08-31T21:05:35.037+00:00,2026-08-31T21:05:35.234+00:00,2026-08-31T21:05:35.234+00:00,2026-08-31T21:05:36.045+00:00,2026-08-31T21:05:36.045+00:00,0.333078,0.8115496869995695,sqs-worker-5986dcd897-fbcgw,ip-192-168-20-201.ec2.internal,2c6f391f48bcbccf0d59208f3517ef1aa9a1e49cd46fadf90b4870538af48cdf,1,197.0,1008.0
1,hpa-mmpp-707-9dc5e410,000155,111.713369,2026-08-31T21:05:35.881+00:00,2026-08-31T21:05:35.951+00:00,2026-08-31T21:05:37.017+00:00,2026-08-31T21:05:37.017+00:00,2026-08-31T21:05:38.341+00:00,2026-08-31T21:05:38.341+00:00,0.537857,1.3241256269993755,sqs-worker-5986dcd897-fbcgw,ip-192-168-20-201.ec2.internal,7def6c79b1e6e6d739d18ef30fcc122667acdf5e453c88644e873e7aefe2a462,1,1066.0,2390.0
1,hpa-mmpp-707-9dc5e410,000159,113.248068,2026-08-31T21:05:37.416+00:00,2026-08-31T21:05:37.487+00:00,2026-08-31T21:05:38.370+00:00,2026-08-31T21:05:38.370+00:00,2026-08-31T21:05:38.742+00:00,2026-08-31T21:05:38.742+00:00,0.156953,0.3721938290000253,sqs-worker-5986dcd897-fbcgw,ip-192-168-20-201.ec2.internal,0d4c758eed9c93464f31675aa834215a77eb425b41d1579c3e027f8cf4e14dab,1,883.0,1255.0
1,hpa-mmpp-707-9dc5e410,000152,111.10927,2026-08-31T21:05:35.277+00:00,2026-08-31T21:05:35.349+00:00,2026-08-31T21:05:36.173+00:00,2026-08-31T21:05:36.173+00:00,2026-08-31T21:05:36.961+00:00,2026-08-31T21:05:36.961+00:00,0.197341,0.7880111819995363,sqs-worker-5986dcd897-xd7qv,ip-192-168-20-201.ec2.internal,c74dfe19346bbb085e169284cc8d0db7d19a730f264dcc53b77bd37238112a91,1,824.0,1612.0
1,hpa-mmpp-707-9dc5e410,000158,113.052653,2026-08-31T21:05:37.221+00:00,2026-08-31T21:05:37.291+00:00,2026-08-31T21:05:37.736+00:00,2026-08-31T21:05:37.737+00:00,2026-08-31T21:05:38.512+00:00,2026-08-31T21:05:38.512+00:00,0.329813,0.7759870680001768,sqs-worker-5986dcd897-x8rdl,ip-192-168-20-201.ec2.internal,f02f175dffadd0693203b17eb9767779c2ec15166314b5713611a5c109f33049,1,445.0,1221.0
1,hpa-mmpp-707-9dc5e410,000149,110.375034,2026-08-31T21:05:34.543+00:00,2026-08-31T21:05:34.612+00:00,2026-08-31T21:05:35.900+00:00,2026-08-31T21:05:35.900+00:00,2026-08-31T21:05:37.698+00:00,2026-08-31T21:05:37.698+00:00,0.72839,1.7975692290001462,sqs-worker-5986dcd897-x8rdl,ip-192-168-20-201.ec2.internal,a84825ebe9f1880b943ad76a481074c3edeb191b9865a643ea04f79e0178b9c7,1,1288.0,3086.0
1,hpa-mmpp-707-9dc5e410,000162,114.250693,2026-08-31T21:05:38.418+00:00,2026-08-31T21:05:38.508+00:00,2026-08-31T21:05:38.778+00:00,2026-08-31T21:05:38.778+00:00,2026-08-31T21:05:38.828+00:00,2026-08-31T21:05:38.828+00:00,0.022862,0.0507573559989396,sqs-worker-5986dcd897-fbcgw,ip-192-168-20-201.ec2.internal,6c5a583e0244e10bea063718047fd271fe5d4ed7c507ca9c898871a0ff6e1de5,1,270.0,320.0
1,hpa-mmpp-707-9dc5e410,000160,113.638348,2026-08-31T21:05:37.806+00:00,2026-08-31T21:05:37.876+00:00,2026-08-31T21:05:38.127+00:00,2026-08-31T21:05:38.127+00:00,2026-08-31T21:05:39.126+00:00,2026-08-31T21:05:39.126+00:00,0.165471,0.9997428430015134,sqs-worker-5986dcd897-xd7qv,ip-192-168-20-201.ec2.internal,7a9df77ac4aacaea71ad9991208996a1b5881c38f576fcee960c5e78f0dc7070,1,251.0,1250.0
1,hpa-mmpp-707-9dc5e410,000165,115.300153,2026-08-31T21:05:39.468+00:00,2026-08-31T21:05:39.541+00:00,2026-08-31T21:05:39.544+00:00,2026-08-31T21:05:39.545+00:00,2026-08-31T21:05:39.658+00:00,2026-08-31T21:05:39.658+00:00,0.052705,0.11343835899970145,sqs-worker-5986dcd897-xd7qv,ip-192-168-20-201.ec2.internal,ed46c7f4f024a6728a9a18503e75b80b25bbb34d266448da978d65c5a06bc039,1,3.0,117.0
1,hpa-mmpp-707-9dc5e410,000167,115.591257,2026-08-31T21:05:39.759+00:00,2026-08-31T21:05:39.831+00:00,2026-08-31T21:05:39.835+00:00,2026-08-31T21:05:39.835+00:00,2026-08-31T21:05:40.065+00:00,2026-08-31T21:05:40.065+00:00,0.111642,0.23016840099990077,sqs-worker-5986dcd897-xd7qv,ip-192-168-20-201.ec2.internal,f758bd89729bd666b9325cafb6c227ddef23ade76c11af4c9ebce987067e6d5c,1,4.0,234.0
1,hpa-mmpp-707-9dc5e410,000161,113.93921,2026-08-31T21:05:38.107+00:00,2026-08-31T21:05:38.177+00:00,2026-08-31T21:05:38.615+00:00,2026-08-31T21:05:38.615+00:00,2026-08-31T21:05:39.002+00:00,2026-08-31T21:05:39.002+00:00,0.173955,0.38728057200023613,sqs-worker-5986dcd897-x8rdl,ip-192-168-20-201.ec2.internal,265653ec672b152c523e5ad547e4c3fe85d0bad01aa966dd1082eda431f4ed67,1,438.0,825.0
1,hpa-mmpp-707-9dc5e410,000169,115.988734,2026-08-31T21:05:40.157+00:00,2026-08-31T21:05:40.225+00:00,2026-08-31T21:05:40.776+00:00,2026-08-31T21:05:40.776+00:00,2026-08-31T21:05:41.049+00:00,2026-08-31T21:05:41.049+00:00,0.111073,0.27224880200083135,sqs-worker-5986dcd897-fbcgw,ip-192-168-20-201.ec2.internal,6777450a7162afa2a9f90cc518442efe06c1d2c75b9ebbdc528826f53545b8d1,1,551.0,824.0
1,hpa-mmpp-707-9dc5e410,000163,114.97754,2026-08-31T21:05:39.146+00:00,2026-08-31T21:05:39.215+00:00,2026-08-31T21:05:39.219+00:00,2026-08-31T21:05:39.219+00:00,2026-08-31T21:05:39.642+00:00,2026-08-31T21:05:39.642+00:00,0.184916,0.42388669600040885,sqs-worker-5986dcd897-fbcgw,ip-192-168-20-201.ec2.internal,1889edd816b37e4f151c0f281446a219ac2d66fcd5f17c624c7f5a3026e974dc,1,4.0,427.0
1,hpa-mmpp-707-9dc5e410,000166,115.557376,2026-08-31T21:05:39.725+00:00,2026-08-31T21:05:39.795+00:00,2026-08-31T21:05:39.799+00:00,2026-08-31T21:05:39.800+00:00,2026-08-31T21:05:40.753+00:00,2026-08-31T21:05:40.753+00:00,0.404801,0.953205189000073,sqs-worker-5986dcd897-fbcgw,ip-192-168-20-201.ec2.internal,1a4b8f52587418f8e4c9a208fe188a3555711460fc22feff0e0ab39bf65a9998,1,4.0,958.0
1,hpa-mmpp-707-9dc5e410,000168,115.799588,2026-08-31T21:05:39.967+00:00,2026-08-31T21:05:40.035+00:00,2026-08-31T21:05:40.102+00:00,2026-08-31T21:05:40.102+00:00,2026-08-31T21:05:40.632+00:00,2026-08-31T21:05:40.632+00:00,0.213479,0.5301844850000634,sqs-worker-5986dcd897-xd7qv,ip-192-168-20-201.ec2.internal,4f070ebc08400fc3ee3ebbac4d279a7d709c90f7a56406874a75497c65ac8123,1,67.0,597.0
1,hpa-mmpp-707-9dc5e410,000172,116.416439,2026-08-31T21:05:40.584+00:00,2026-08-31T21:05:40.655+00:00,2026-08-31T21:05:41.465+00:00,2026-08-31T21:05:41.465+00:00,2026-08-31T21:05:41.845+00:00,2026-08-31T21:05:41.845+00:00,0.070022,0.38067408300048555,sqs-worker-5986dcd897-fbcgw,ip-192-168-20-201.ec2.internal,b6e6b01abed9fe9577bf8b661925faedb53d42ac00e4ab68fc0c391e4854342e,1,810.0,1190.0
1,hpa-mmpp-707-9dc5e410,000170,116.123837,2026-08-31T21:05:40.292+00:00,2026-08-31T21:05:40.364+00:00,2026-08-31T21:05:40.659+00:00,2026-08-31T21:05:40.659+00:00,2026-08-31T21:05:41.578+00:00,2026-08-31T21:05:41.578+00:00,0.38161,0.9197861129996454,sqs-worker-5986dcd897-xd7qv,ip-192-168-20-201.ec2.internal,8d38da46756ea24def74ff412f1e4fb546b0078c4876545c08fa49ec1c4a4033,1,295.0,1214.0
1,hpa-mmpp-707-9dc5e410,000176,117.158732,2026-08-31T21:05:41.326+00:00,2026-08-31T21:05:41.396+00:00,2026-08-31T21:05:42.201+00:00,2026-08-31T21:05:42.201+00:00,2026-08-31T21:05:42.278+00:00,2026-08-31T21:05:42.278+00:00,0.038484,0.07695837499886693,sqs-worker-5986dcd897-xd7qv,ip-192-168-20-201.ec2.internal,8bb3cdf3030675406cc6db72e86e0a3e964eb28a49aef297ecc9b6e2bd5b070e,1,805.0,882.0
1,hpa-mmpp-707-9dc5e410,000175,117.100967,2026-08-31T21:05:41.269+00:00,2026-08-31T21:05:41.342+00:00,2026-08-31T21:05:42.388+00:00,2026-08-31T21:05:42.388+00:00,2026-08-31T21:05:42.802+00:00,2026-08-31T21:05:42.802+00:00,0.093483,0.41394319199935126,sqs-worker-5986dcd897-x8rdl,ip-192-168-20-201.ec2.internal,ff86844598a657a0e5750d3c6a839bd0210691ec87ba59e0d5810a2039432533,1,1046.0,1460.0
1,hpa-mmpp-707-9dc5e410,000171,116.192101,2026-08-31T21:05:40.360+00:00,2026-08-31T21:05:40.941+00:00,2026-08-31T21:05:41.076+00:00,2026-08-31T21:05:41.076+00:00,2026-08-31T21:05:41.365+00:00,2026-08-31T21:05:41.365+00:00,0.125201,0.28984999199929007,sqs-worker-5986dcd897-fbcgw,ip-192-168-20-201.ec2.internal,9f0edffe01f9f0ab79ef3e6e46beec95a933390c003c194cf45eda677fc8626f,1,135.0,424.0
1,hpa-mmpp-707-9dc5e410,000179,117.537616,2026-08-31T21:05:41.705+00:00,2026-08-31T21:05:41.774+00:00,2026-08-31T21:05:42.331+00:00,2026-08-31T21:05:42.331+00:00,2026-08-31T21:05:43.273+00:00,2026-08-31T21:05:43.273+00:00,0.390976,0.9424470890007797,sqs-worker-5986dcd897-xd7qv,ip-192-168-20-201.ec2.internal,d1c1bf0494756595b60bf5522b8e72115a9dbdcd3373f1d3fcb350d5864e072e,1,557.0,1499.0
1,hpa-mmpp-707-9dc5e410,000177,117.379015,2026-08-31T21:05:41.547+00:00,2026-08-31T21:05:41.620+00:00,2026-08-31T21:05:41.944+00:00,2026-08-31T21:05:41.944+00:00,2026-08-31T21:05:43.440+00:00,2026-08-31T21:05:43.440+00:00,0.254971,1.4958674200006499,sqs-worker-5986dcd897-fbcgw,ip-192-168-20-201.ec2.internal,1f45c9d76712a6a426d22780252f39724475ea1a789ba0eda2159f1dd6689a91,1,324.0,1820.0
1,hpa-mmpp-707-9dc5e410,000181,119.878228,2026-08-31T21:05:44.046+00:00,2026-08-31T21:05:44.126+00:00,2026-08-31T21:05:44.129+00:00,2026-08-31T21:05:44.129+00:00,2026-08-31T21:05:44.241+00:00,2026-08-31T21:05:44.241+00:00,0.053832,0.11215461600113485,sqs-worker-5986dcd897-fbcgw,ip-192-168-20-201.ec2.internal,0d86e15102963f880ce970386a350d25a4fa5ffa247a4373cf0e3f0279e97ea0,1,3.0,115.0
1,hpa-mmpp-707-9dc5e410,000164,115.047678,2026-08-31T21:05:39.215+00:00,2026-08-31T21:05:39.283+00:00,2026-08-31T21:05:39.287+00:00,2026-08-31T21:05:39.287+00:00,2026-08-31T21:05:41.595+00:00,2026-08-31T21:05:41.595+00:00,0.536283,2.308266277999792,sqs-worker-5986dcd897-x8rdl,ip-192-168-20-201.ec2.internal,08f93176ea6293806a01bdaa8e809fa4409686dd90aeae907bc1d339f5d2deaa,1,4.0,2312.0
1,hpa-mmpp-707-9dc5e410,000173,116.772491,2026-08-31T21:05:40.940+00:00,2026-08-31T21:05:41.010+00:00,2026-08-31T21:05:41.626+00:00,2026-08-31T21:05:41.626+00:00,2026-08-31T21:05:42.177+00:00,2026-08-31T21:05:42.177+00:00,0.232559,0.5506471860007878,sqs-worker-5986dcd897-xd7qv,ip-192-168-20-201.ec2.internal,a683216ebda2bdf4352a19f9d109c9ce8492fce8c20331d2737e356feaaa5f4b,1,616.0,1167.0
1,hpa-mmpp-707-9dc5e410,000174,117.058627,2026-08-31T21:05:41.226+00:00,2026-08-31T21:05:41.302+00:00,2026-08-31T21:05:41.686+00:00,2026-08-31T21:05:41.687+00:00,2026-08-31T21:05:42.303+00:00,2026-08-31T21:05:42.303+00:00,0.132006,0.6166994809991593,sqs-worker-5986dcd897-x8rdl,ip-192-168-20-201.ec2.internal,7347a57f79ba907d6a6b049849d36ce17849662ea003ae3d22eacf68fe730cf1,1,384.0,1000.9999999999999
1,hpa-mmpp-707-9dc5e410,000180,119.851427,2026-08-31T21:05:44.021+00:00,2026-08-31T21:05:44.087+00:00,2026-08-31T21:05:44.092+00:00,2026-08-31T21:05:44.092+00:00,2026-08-31T21:05:44.227+00:00,2026-08-31T21:05:44.227+00:00,0.074292,0.13494498700129043,sqs-worker-5986dcd897-xd7qv,ip-192-168-20-201.ec2.internal,f317552bac0babe48a0e9c2fd105c77d5acdc74134e5236adef3c5a8a9893851,1,5.0,140.0
1,hpa-mmpp-707-9dc5e410,000184,121.316519,2026-08-31T21:05:45.484+00:00,2026-08-31T21:05:45.551+00:00,2026-08-31T21:05:45.556+00:00,2026-08-31T21:05:45.556+00:00,2026-08-31T21:05:45.587+00:00,2026-08-31T21:05:45.587+00:00,0.030266,0.030311840999274864,sqs-worker-5986dcd897-x8rdl,ip-192-168-20-201.ec2.internal,e8956eb7aa63513ec2156f136f033c6123b22a3b183ccc0ba9cea896973d4f41,1,5.0,36.0
1,hpa-mmpp-707-9dc5e410,000178,117.387426,2026-08-31T21:05:41.555+00:00,2026-08-31T21:05:41.625+00:00,2026-08-31T21:05:42.837+00:00,2026-08-31T21:05:42.837+00:00,2026-08-31T21:05:44.712+00:00,2026-08-31T21:05:44.712+00:00,0.76293,1.8748644660008722,sqs-worker-5986dcd897-x8rdl,ip-192-168-20-201.ec2.internal,6ee73551a18a8bd01837a5a6d7ff4dcffc0b94ef0fe1ed8e434648d757a1ad6e,1,1212.0,3087.0
1,hpa-mmpp-707-9dc5e410,000186,121.504566,2026-08-31T21:05:45.672+00:00,2026-08-31T21:05:45.744+00:00,2026-08-31T21:05:45.759+00:00,2026-08-31T21:05:45.759+00:00,2026-08-31T21:05:45.868+00:00,2026-08-31T21:05:45.868+00:00,0.054223,0.10873498799992376,sqs-worker-5986dcd897-xd7qv,ip-192-168-20-201.ec2.internal,2d20c104651f7e6ca4e799056f6eb9e7d590b132de7183db36996f92b9d4fd6b,1,15.0,124.0
1,hpa-mmpp-707-9dc5e410,000182,120.789038,2026-08-31T21:05:44.957+00:00,2026-08-31T21:05:45.030+00:00,2026-08-31T21:05:45.034+00:00,2026-08-31T21:05:45.034+00:00,2026-08-31T21:05:45.042+00:00,2026-08-31T21:05:45.042+00:00,0.00823,0.00827213800039317,sqs-worker-5986dcd897-x8rdl,ip-192-168-20-201.ec2.internal,bc60cc79b7781085de4155eba36842202dfdd0dadf16f1f762abe69cb4c34673,1,4.0,12.0
1,hpa-mmpp-707-9dc5e410,000185,121.461983,2026-08-31T21:05:45.630+00:00,2026-08-31T21:05:45.695+00:00,2026-08-31T21:05:45.699+00:00,2026-08-31T21:05:45.699+00:00,2026-08-31T21:05:46.988+00:00,2026-08-31T21:05:46.989+00:00,0.524699,1.2897454770009062,sqs-worker-5986dcd897-x8rdl,ip-192-168-20-201.ec2.internal,5155414f577a5eeca42e4e207891cbdb219ff4cab6d9140ec5099be3b1b77675,1,4.0,1293.0
1,hpa-mmpp-707-9dc5e410,000188,121.783309,2026-08-31T21:05:45.951+00:00,2026-08-31T21:05:46.019+00:00,2026-08-31T21:05:46.591+00:00,2026-08-31T21:05:46.591+00:00,2026-08-31T21:05:46.753+00:00,2026-08-31T21:05:46.753+00:00,0.081066,0.16147250900030485,sqs-worker-5986dcd897-fbcgw,ip-192-168-20-201.ec2.internal,48d716782194c990200d85a05c58abf3d9c0971695f94986c0b69cd319e715e9,1,572.0,734.0
1,hpa-mmpp-707-9dc5e410,000183,121.283018,2026-08-31T21:05:45.451+00:00,2026-08-31T21:05:45.525+00:00,2026-08-31T21:05:45.531+00:00,2026-08-31T21:05:45.531+00:00,2026-08-31T21:05:46.546+00:00,2026-08-31T21:05:46.547+00:00,0.419039,1.0153317559997959,sqs-worker-5986dcd897-fbcgw,ip-192-168-20-201.ec2.internal,aae9d0d76c8fa0b3e744e16a986de0950492715ea694594cc01d26b0a82bdbdc,1,6.0,1020.9999999999999
1,hpa-mmpp-707-9dc5e410,000187,121.554718,2026-08-31T21:05:45.722+00:00,2026-08-31T21:05:45.791+00:00,2026-08-31T21:05:45.884+00:00,2026-08-31T21:05:45.884+00:00,2026-08-31T21:05:46.757+00:00,2026-08-31T21:05:46.757+00:00,0.275828,0.8729948219988728,sqs-worker-5986dcd897-xd7qv,ip-192-168-20-201.ec2.internal,99cb2e690b063ea759f04821a8d6f4a4a3cbe384c94e3dd0c72993dc118787aa,1,93.0,966.0
1,hpa-mmpp-707-9dc5e410,000194,123.389716,2026-08-31T21:05:47.557+00:00,2026-08-31T21:05:47.623+00:00,2026-08-31T21:05:47.746+00:00,2026-08-31T21:05:47.746+00:00,2026-08-31T21:05:47.800+00:00,2026-08-31T21:05:47.800+00:00,0.0176,0.05386088399973232,sqs-worker-5986dcd897-x8rdl,ip-192-168-20-201.ec2.internal,6d4793417bd6b164414e41a5eb952f7a0385bc9784d9773a1f07267ab76c9bbc,1,123.0,177.0
1,hpa-mmpp-707-9dc5e410,000192,123.179973,2026-08-31T21:05:47.348+00:00,2026-08-31T21:05:47.417+00:00,2026-08-31T21:05:47.526+00:00,2026-08-31T21:05:47.526+00:00,2026-08-31T21:05:47.719+00:00,2026-08-31T21:05:47.719+00:00,0.096356,0.19301073899987387,sqs-worker-5986dcd897-x8rdl,ip-192-168-20-201.ec2.internal,6f1a993d56250fef8e3f973b780057d0323e8fe628045656ee9961429d44d1ee,1,109.0,302.0
1,hpa-mmpp-707-9dc5e410,000195,123.665794,2026-08-31T21:05:47.834+00:00,2026-08-31T21:05:47.903+00:00,2026-08-31T21:05:47.907+00:00,2026-08-31T21:05:47.907+00:00,2026-08-31T21:05:48.283+00:00,2026-08-31T21:05:48.283+00:00,0.160591,0.37670120499933546,sqs-worker-5986dcd897-x8rdl,ip-192-168-20-201.ec2.internal,d0175210a4ca2972acd6ed5c32c531be0d2f00ab60c049074daf97c58cfc1c09,1,4.0,380.0
1,hpa-mmpp-707-9dc5e410,000191,122.870254,2026-08-31T21:05:47.038+00:00,2026-08-31T21:05:47.107+00:00,2026-08-31T21:05:47.111+00:00,2026-08-31T21:05:47.111+00:00,2026-08-31T21:05:47.495+00:00,2026-08-31T21:05:47.495+00:00,0.173759,0.38462971199987805,sqs-worker-5986dcd897-x8rdl,ip-192-168-20-201.ec2.internal,78aae479c3cd88374e09698c159a746257f3bb217ded99839c7b4bf138ce4ce0,1,4.0,388.0
1,hpa-mmpp-707-9dc5e410,000197,124.114735,2026-08-31T21:05:48.282+00:00,2026-08-31T21:05:48.355+00:00,2026-08-31T21:05:48.382+00:00,2026-08-31T21:05:48.382+00:00,2026-08-31T21:05:48.768+00:00,2026-08-31T21:05:48.768+00:00,0.176943,0.3861415709998255,sqs-worker-5986dcd897-fbcgw,ip-192-168-20-201.ec2.internal,32530733b4a399d1ed5d7f1f8ea4a99477088bc1d88d02d30b55a39bab71aeb7,1,27.0,413.0
1,hpa-mmpp-707-9dc5e410,000193,123.355195,2026-08-31T21:05:47.523+00:00,2026-08-31T21:05:47.591+00:00,2026-08-31T21:05:47.809+00:00,2026-08-31T21:05:47.809+00:00,2026-08-31T21:05:49.277+00:00,2026-08-31T21:05:49.277+00:00,0.287504,1.4678608239992172,sqs-worker-5986dcd897-xd7qv,ip-192-168-20-201.ec2.internal,d347bdfc82f797c2f595175897e1eca9379d226ac64ea154da5e0767162a4fa7,1,218.0,1686.0
1,hpa-mmpp-707-9dc5e410,000198,124.1643,2026-08-31T21:05:48.332+00:00,2026-08-31T21:05:48.405+00:00,2026-08-31T21:05:49.299+00:00,2026-08-31T21:05:49.299+00:00,2026-08-31T21:05:49.876+00:00,2026-08-31T21:05:49.876+00:00,0.234585,0.5771010099997511,sqs-worker-5986dcd897-xd7qv,ip-192-168-20-201.ec2.internal,bbabfcdafb691fe707b11c02ee4c8bbbb79b020fc49a17649a3e145c19c32eb8,1,894.0,1471.0
1,hpa-mmpp-707-9dc5e410,000200,124.546288,2026-08-31T21:05:48.714+00:00,2026-08-31T21:05:48.785+00:00,2026-08-31T21:05:48.804+00:00,2026-08-31T21:05:48.804+00:00,2026-08-31T21:05:50.139+00:00,2026-08-31T21:05:50.139+00:00,0.538629,1.335261274000004,sqs-worker-5986dcd897-fbcgw,ip-192-168-20-201.ec2.internal,8022e4933cc9560a8b0013aec4d68cce0c61c8346e96f7ebf657ffbd96f99f2b,1,19.0,1354.0
1,hpa-mmpp-707-9dc5e410,000190,122.23853,2026-08-31T21:05:46.406+00:00,2026-08-31T21:05:46.475+00:00,2026-08-31T21:05:46.776+00:00,2026-08-31T21:05:46.776+00:00,2026-08-31T21:05:47.754+00:00,2026-08-31T21:05:47.754+00:00,0.143108,0.9779218589992524,sqs-worker-5986dcd897-xd7qv,ip-192-168-20-201.ec2.internal,c4508c2ce47b817185dba2a9fd488037cc4c650939d2c56c758d2089b4a27bca,1,301.0,1279.0
1,hpa-mmpp-707-9dc5e410,000189,121.940951,2026-08-31T21:05:46.109+00:00,2026-08-31T21:05:46.177+00:00,2026-08-31T21:05:46.773+00:00,2026-08-31T21:05:46.773+00:00,2026-08-31T21:05:48.274+00:00,2026-08-31T21:05:48.274+00:00,0.606432,1.5013833070006513,sqs-worker-5986dcd897-fbcgw,ip-192-168-20-201.ec2.internal,aea18974b5001a53563ced8339af694770765b53c9af92978901335278286a44,1,596.0,2097.0
1,hpa-mmpp-707-9dc5e410,000196,124.093143,2026-08-31T21:05:48.261+00:00,2026-08-31T21:05:48.329+00:00,2026-08-31T21:05:48.331+00:00,2026-08-31T21:05:48.332+00:00,2026-08-31T21:05:49.900+00:00,2026-08-31T21:05:49.900+00:00,0.619893,1.5686713979994238,sqs-worker-5986dcd897-x8rdl,ip-192-168-20-201.ec2.internal,cef07b9f4f314bf6942dfe90a719f7de9f236986ecbe276feb067d66ce2f44be,1,2.0,1571.0
1,hpa-mmpp-707-9dc5e410,000199,124.232174,2026-08-31T21:05:48.400+00:00,2026-08-31T21:05:48.470+00:00,2026-08-31T21:05:50.166+00:00,2026-08-31T21:05:50.166+00:00,2026-08-31T21:05:50.334+00:00,2026-08-31T21:05:50.334+00:00,0.071158,0.1673602259998006,sqs-worker-5986dcd897-fbcgw,ip-192-168-20-201.ec2.internal,6f4871a22e735c7e97d5a2e870a2bbd9353ce0b628a6c648b6de207a892f0456,1,1696.0,1864.0
1,hpa-mmpp-707-9dc5e410,000205,125.488051,2026-08-31T21:05:49.656+00:00,2026-08-31T21:05:49.723+00:00,2026-08-31T21:05:50.896+00:00,2026-08-31T21:05:50.896+00:00,2026-08-31T21:05:50.984+00:00,2026-08-31T21:05:50.984+00:00,0.064512,0.08794273700004851,sqs-worker-5986dcd897-xd7qv,ip-192-168-20-201.ec2.internal,f46d0ea879c60a33db15cf8b49f7eec3eaa76e90793e4abdf9a9595331c85244,1,1173.0,1261.0
1,hpa-mmpp-707-9dc5e410,000203,125.010205,2026-08-31T21:05:49.178+00:00,2026-08-31T21:05:49.245+00:00,2026-08-31T21:05:49.913+00:00,2026-08-31T21:05:49.913+00:00,2026-08-31T21:05:50.785+00:00,2026-08-31T21:05:50.785+00:00,0.363875,0.8721071109994227,sqs-worker-5986dcd897-xd7qv,ip-192-168-20-201.ec2.internal,653b6622351c100a1af034aa79a5d8b5501f6ec174f732c8237323324a115083,1,668.0,1540.0
1,hpa-mmpp-707-9dc5e410,000204,125.334329,2026-08-31T21:05:49.502+00:00,2026-08-31T21:05:49.569+00:00,2026-08-31T21:05:50.358+00:00,2026-08-31T21:05:50.358+00:00,2026-08-31T21:05:51.042+00:00,2026-08-31T21:05:51.042+00:00,0.281557,0.6842787360001239,sqs-worker-5986dcd897-fbcgw,ip-192-168-20-201.ec2.internal,26a29c26424914e783b6ec5b6e804fc70cc861c26705ef65715addcf8b63367b,1,789.0,1473.0
1,hpa-mmpp-707-9dc5e410,000202,124.915692,2026-08-31T21:05:49.084+00:00,2026-08-31T21:05:49.153+00:00,2026-08-31T21:05:51.055+00:00,2026-08-31T21:05:51.055+00:00,2026-08-31T21:05:51.394+00:00,2026-08-31T21:05:51.394+00:00,0.152874,0.33848593499897106,sqs-worker-5986dcd897-xd7qv,ip-192-168-20-201.ec2.internal,9e4f34349060489f1fc3e216b0845c85138aa43045b67ebf619d2619d819608e,1,1902.0,2241.0
1,hpa-mmpp-707-9dc5e410,000201,124.620733,2026-08-31T21:05:48.788+00:00,2026-08-31T21:05:48.857+00:00,2026-08-31T21:05:49.992+00:00,2026-08-31T21:05:49.992+00:00,2026-08-31T21:05:51.586+00:00,2026-08-31T21:05:51.586+00:00,0.297997,1.5939134800009924,sqs-worker-5986dcd897-x8rdl,ip-192-168-20-201.ec2.internal,d90939857f1b37ded502d620d281cb5934d7c4ba1269cc5058747b8a3cedba8f,1,1135.0,2729.0
1,hpa-mmpp-707-9dc5e410,000207,130.402811,2026-08-31T21:05:54.569+00:00,2026-08-31T21:05:54.640+00:00,2026-08-31T21:05:54.643+00:00,2026-08-31T21:05:54.643+00:00,2026-08-31T21:05:55.163+00:00,2026-08-31T21:05:55.163+00:00,0.21964,0.5197691970006417,sqs-worker-5986dcd897-xd7qv,ip-192-168-20-201.ec2.internal,5519d8c1e94a5407bf6e7cc177b45661d2331205dae98810fd8f1f894de2c702,1,3.0,523.0
1,hpa-mmpp-707-9dc5e410,000208,130.433014,2026-08-31T21:05:54.599+00:00,2026-08-31T21:05:54.669+00:00,2026-08-31T21:05:54.673+00:00,2026-08-31T21:05:54.673+00:00,2026-08-31T21:05:55.362+00:00,2026-08-31T21:05:55.362+00:00,0.30175,0.6895543320006254,sqs-worker-5986dcd897-fbcgw,ip-192-168-20-201.ec2.internal,11e12d03ea450078051f8b990a96640a9567bd44c1ff1564ed55aed6812bf168,1,4.0,693.0
1,hpa-mmpp-707-9dc5e410,000206,129.98781,2026-08-31T21:05:54.159+00:00,2026-08-31T21:05:54.229+00:00,2026-08-31T21:05:54.233+00:00,2026-08-31T21:05:54.233+00:00,2026-08-31T21:05:55.884+00:00,2026-08-31T21:05:55.884+00:00,0.681191,1.6507498010014388,sqs-worker-5986dcd897-x8rdl,ip-192-168-20-201.ec2.internal,7e7951df76321419a5a5a079dcd86cb68f509648f73d589c0353e6809b863891,1,4.0,1655.0
1,hpa-mmpp-707-9dc5e410,000209,134.762087,2026-08-31T21:05:58.932+00:00,2026-08-31T21:05:59.001+00:00,2026-08-31T21:05:59.005+00:00,2026-08-31T21:05:59.006+00:00,2026-08-31T21:05:59.255+00:00,2026-08-31T21:05:59.255+00:00,0.121503,0.2494661350010574,sqs-worker-5986dcd897-xd7qv,ip-192-168-20-201.ec2.internal,32538a7c383597e8b538e634dd16f38eba699d4fba70ae6071fcbdd8d38f199f,1,4.0,254.0
1,hpa-mmpp-707-9dc5e410,000210,137.347519,2026-08-31T21:06:01.516+00:00,2026-08-31T21:06:01.587+00:00,2026-08-31T21:06:01.591+00:00,2026-08-31T21:06:01.591+00:00,2026-08-31T21:06:02.539+00:00,2026-08-31T21:06:02.539+00:00,0.176469,0.9480329409998376,sqs-worker-5986dcd897-fbcgw,ip-192-168-20-201.ec2.internal,cd86652001000aeadb4e8a7e818156b3626e03abb361766a5de7ec48a63da14d,1,4.0,952.0
1,hpa-mmpp-707-9dc5e410,000211,139.049124,2026-08-31T21:06:03.216+00:00,2026-08-31T21:06:03.290+00:00,2026-08-31T21:06:03.293+00:00,2026-08-31T21:06:03.293+00:00,2026-08-31T21:06:03.357+00:00,2026-08-31T21:06:03.357+00:00,0.059329,0.06347279399960826,sqs-worker-5986dcd897-fbcgw,ip-192-168-20-201.ec2.internal,547b0383988bf3485af9e999d6a7fb55166fe7c7930f4203e75d9b534370a82c,1,3.0,67.0
1,hpa-mmpp-707-9dc5e410,000212,141.834419,2026-08-31T21:06:06.004+00:00,2026-08-31T21:06:06.071+00:00,2026-08-31T21:06:06.075+00:00,2026-08-31T21:06:06.075+00:00,2026-08-31T21:06:07.489+00:00,2026-08-31T21:06:07.489+00:00,0.57352,1.413743852001062,sqs-worker-5986dcd897-x8rdl,ip-192-168-20-201.ec2.internal,f983f62cd193e630e4b03a9f41a0a55ce90f56985c77289da2120425b4ac5cc9,1,4.0,1418.0
1,hpa-mmpp-707-9dc5e410,000213,146.976619,2026-08-31T21:06:11.148+00:00,2026-08-31T21:06:11.216+00:00,2026-08-31T21:06:11.220+00:00,2026-08-31T21:06:11.220+00:00,2026-08-31T21:06:11.344+00:00,2026-08-31T21:06:11.344+00:00,0.079359,0.1242219899995689,sqs-worker-5986dcd897-r6dsg,ip-192-168-20-201.ec2.internal,304a8c18fc264246b29d70df38177c5f5fc140b9a2580bfce99631932da500fa,1,4.0,128.0
1,hpa-mmpp-707-9dc5e410,000214,151.362051,2026-08-31T21:06:15.533+00:00,2026-08-31T21:06:15.603+00:00,2026-08-31T21:06:15.606+00:00,2026-08-31T21:06:15.607+00:00,2026-08-31T21:06:15.617+00:00,2026-08-31T21:06:15.617+00:00,0.010216,0.010263191999911214,sqs-worker-5986dcd897-r6dsg,ip-192-168-20-201.ec2.internal,134049cdd9ab75f3cd5d36b5cdb2436d78f287bb337fba754cbd7da31123c1cb,1,3.0,14.0
1,hpa-mmpp-707-9dc5e410,000215,151.842255,2026-08-31T21:06:16.009+00:00,2026-08-31T21:06:16.077+00:00,2026-08-31T21:06:16.082+00:00,2026-08-31T21:06:16.082+00:00,2026-08-31T21:06:16.711+00:00,2026-08-31T21:06:16.711+00:00,0.270379,0.6290173520010285,sqs-worker-5986dcd897-r6dsg,ip-192-168-20-201.ec2.internal,afbb57d388227c747739c3b617f11d7f4bdd5b5682cf8687a4642f4f1afc957c,1,5.0,634.0
1,hpa-mmpp-707-9dc5e410,000216,156.744313,2026-08-31T21:06:20.915+00:00,2026-08-31T21:06:20.983+00:00,2026-08-31T21:06:20.987+00:00,2026-08-31T21:06:20.987+00:00,2026-08-31T21:06:21.517+00:00,2026-08-31T21:06:21.517+00:00,0.234448,0.5302942959988286,sqs-worker-5986dcd897-x8rdl,ip-192-168-20-201.ec2.internal,9e176b1ed896ee065a8c0cd440cf88511ca308fcb3aa35dcc362416e093cf545,1,4.0,534.0
1,hpa-mmpp-707-9dc5e410,000218,161.859774,2026-08-31T21:06:26.025+00:00,2026-08-31T21:06:26.096+00:00,2026-08-31T21:06:26.102+00:00,2026-08-31T21:06:26.102+00:00,2026-08-31T21:06:26.107+00:00,2026-08-31T21:06:26.107+00:00,0.005,0.0050388789986755,sqs-worker-5986dcd897-fbcgw,ip-192-168-20-201.ec2.internal,e6725cc1a8a5abb2d2f174ef33f6839975c08da74c5f2ed8e1818ff3b194af73,1,6.0,11.0
1,hpa-mmpp-707-9dc5e410,000217,160.611433,2026-08-31T21:06:24.779+00:00,2026-08-31T21:06:24.849+00:00,2026-08-31T21:06:24.855+00:00,2026-08-31T21:06:24.855+00:00,2026-08-31T21:06:26.556+00:00,2026-08-31T21:06:26.556+00:00,0.663254,1.7001654319992667,sqs-worker-5986dcd897-xd7qv,ip-192-168-20-201.ec2.internal,f1fea19b5f1dea5a8c1d76ad51f997460af3a1897770b37289477e3526bf9953,1,6.0,1707.0
1,hpa-mmpp-707-9dc5e410,000219,163.930505,2026-08-31T21:06:28.096+00:00,2026-08-31T21:06:28.176+00:00,2026-08-31T21:06:28.179+00:00,2026-08-31T21:06:28.179+00:00,2026-08-31T21:06:28.212+00:00,2026-08-31T21:06:28.212+00:00,0.017787,0.03289544500148622,sqs-worker-5986dcd897-r6dsg,ip-192-168-20-201.ec2.internal,465465c77c32e75bd15e83e4e9e5d8f20c442c6d9348907f08559ff4f90af07b,1,3.0,36.0
1,hpa-mmpp-707-9dc5e410,000220,164.066257,2026-08-31T21:06:28.230+00:00,2026-08-31T21:06:28.300+00:00,2026-08-31T21:06:28.304+00:00,2026-08-31T21:06:28.304+00:00,2026-08-31T21:06:28.640+00:00,2026-08-31T21:06:28.640+00:00,0.157368,0.3358599960010906,sqs-worker-5986dcd897-fbcgw,ip-192-168-20-201.ec2.internal,504498e1f1beafa3f34cc7d47b187494426badda761f9b995002ca5bd1c29909,1,4.0,340.0
1,hpa-mmpp-707-9dc5e410,000221,164.352368,2026-08-31T21:06:28.516+00:00,2026-08-31T21:06:28.591+00:00,2026-08-31T21:06:28.594+00:00,2026-08-31T21:06:28.594+00:00,2026-08-31T21:06:29.066+00:00,2026-08-31T21:06:29.066+00:00,0.212655,0.47189591200003633,sqs-worker-5986dcd897-xd7qv,ip-192-168-20-201.ec2.internal,86ba074e9b8d6202006000fde34efcd320303e8815f1d892c22bbc2afb5bc4ab,1,3.0,475.0
1,hpa-mmpp-707-9dc5e410,000223,164.902301,2026-08-31T21:06:29.066+00:00,2026-08-31T21:06:29.141+00:00,2026-08-31T21:06:29.146+00:00,2026-08-31T21:06:29.146+00:00,2026-08-31T21:06:29.213+00:00,2026-08-31T21:06:29.213+00:00,0.064443,0.0668325869992259,sqs-worker-5986dcd897-x8rdl,ip-192-168-20-201.ec2.internal,d4689e8b698722643d05387c9bd05e975fd35817b57ad75a2961e466d80a2f53,1,5.0,72.0
1,hpa-mmpp-707-9dc5e410,000222,164.609242,2026-08-31T21:06:28.773+00:00,2026-08-31T21:06:28.845+00:00,2026-08-31T21:06:28.877+00:00,2026-08-31T21:06:28.877+00:00,2026-08-31T21:06:29.525+00:00,2026-08-31T21:06:29.525+00:00,0.214206,0.6484647560009762,sqs-worker-5986dcd897-r6dsg,ip-192-168-20-201.ec2.internal,215dbf333f823ce3861c40714330162cb1f1823e35dd6409013ae82eb8815820,1,32.0,680.0
1,hpa-mmpp-707-9dc5e410,000225,165.047937,2026-08-31T21:06:29.212+00:00,2026-08-31T21:06:29.294+00:00,2026-08-31T21:06:29.298+00:00,2026-08-31T21:06:29.298+00:00,2026-08-31T21:06:29.671+00:00,2026-08-31T21:06:29.671+00:00,0.184792,0.3729026460005116,sqs-worker-5986dcd897-fbcgw,ip-192-168-20-201.ec2.internal,15866d24c26dc76701657ad1d045b26f252186fd19ff4bd8b9385aefa7b79882,1,4.0,377.0
1,hpa-mmpp-707-9dc5e410,000231,165.469224,2026-08-31T21:06:29.633+00:00,2026-08-31T21:06:29.718+00:00,2026-08-31T21:06:29.741+00:00,2026-08-31T21:06:29.741+00:00,2026-08-31T21:06:29.875+00:00,2026-08-31T21:06:29.875+00:00,0.077247,0.13311204999990878,sqs-worker-5986dcd897-fbcgw,ip-192-168-20-201.ec2.internal,0009b75b63240a71989650122db4a7da8a81c2842251bf2aa2e9aa127c29dabb,1,23.0,157.0
1,hpa-mmpp-707-9dc5e410,000229,165.166006,2026-08-31T21:06:29.330+00:00,2026-08-31T21:06:29.977+00:00,2026-08-31T21:06:29.993+00:00,2026-08-31T21:06:29.993+00:00,2026-08-31T21:06:30.177+00:00,2026-08-31T21:06:30.177+00:00,0.101141,0.1847163250004087,sqs-worker-5986dcd897-xd7qv,ip-192-168-20-201.ec2.internal,c1a1660a715ae451e4e945e878b5c15f7b048fef2adabf5c245457bdb94b351b,1,16.0,200.0
1,hpa-mmpp-707-9dc5e410,000234,165.984563,2026-08-31T21:06:30.148+00:00,2026-08-31T21:06:30.221+00:00,2026-08-31T21:06:30.260+00:00,2026-08-31T21:06:30.260+00:00,2026-08-31T21:06:30.659+00:00,2026-08-31T21:06:30.659+00:00,0.163214,0.398541505999674,sqs-worker-5986dcd897-xd7qv,ip-192-168-20-201.ec2.internal,b64a6d78182386b9b511571dadd3668b2dee70b1a8fe5b85840cb6ad657b4fff,1,39.0,438.0
1,hpa-mmpp-707-9dc5e410,000226,165.060147,2026-08-31T21:06:29.224+00:00,2026-08-31T21:06:29.301+00:00,2026-08-31T21:06:29.308+00:00,2026-08-31T21:06:29.308+00:00,2026-08-31T21:06:29.578+00:00,2026-08-31T21:06:29.578+00:00,0.118202,0.27009734100101923,sqs-worker-5986dcd897-x8rdl,ip-192-168-20-201.ec2.internal,a5c1e74a4c17e0d37d1a4da7cb6abb79727a0b38ad4452bb56555aa488d43ecd,1,7.0,277.0
1,hpa-mmpp-707-9dc5e410,000230,165.193122,2026-08-31T21:06:29.357+00:00,2026-08-31T21:06:29.978+00:00,2026-08-31T21:06:29.987+00:00,2026-08-31T21:06:29.987+00:00,2026-08-31T21:06:30.423+00:00,2026-08-31T21:06:30.423+00:00,0.17288,0.43617307800013805,sqs-worker-5986dcd897-r6dsg,ip-192-168-20-201.ec2.internal,408796953b1e6e9364dba39a4e849351720b0f615916dc6517672a43680ddc45,1,9.0,445.0
1,hpa-mmpp-707-9dc5e410,000237,166.885765,2026-08-31T21:06:31.050+00:00,2026-08-31T21:06:31.120+00:00,2026-08-31T21:06:31.124+00:00,2026-08-31T21:06:31.124+00:00,2026-08-31T21:06:31.256+00:00,2026-08-31T21:06:31.256+00:00,0.068799,0.13219030300024315,sqs-worker-5986dcd897-fbcgw,ip-192-168-20-201.ec2.internal,381ec12eb5f7cc7a89176e33579252de42bcb400100669d6f4a732f257845880,1,4.0,136.0
1,hpa-mmpp-707-9dc5e410,000224,164.957158,2026-08-31T21:06:29.121+00:00,2026-08-31T21:06:29.195+00:00,2026-08-31T21:06:29.200+00:00,2026-08-31T21:06:29.200+00:00,2026-08-31T21:06:29.858+00:00,2026-08-31T21:06:29.858+00:00,0.275164,0.658610991000387,sqs-worker-5986dcd897-xd7qv,ip-192-168-20-201.ec2.internal,54cc214301815d7f7fb576bde99c05b9bb8182d7dc612d4d2acd8076c06e3928,1,5.0,663.0
1,hpa-mmpp-707-9dc5e410,000227,165.077251,2026-08-31T21:06:29.241+00:00,2026-08-31T21:06:29.317+00:00,2026-08-31T21:06:29.596+00:00,2026-08-31T21:06:29.596+00:00,2026-08-31T21:06:31.000+00:00,2026-08-31T21:06:31.000+00:00,0.295996,1.4035028320013225,sqs-worker-5986dcd897-x8rdl,ip-192-168-20-201.ec2.internal,d7286127e5f26370446a399de152f978565463de37108c3b9f60d5e8ddcbee5b,1,279.0,1683.0
1,hpa-mmpp-707-9dc5e410,000240,167.734674,2026-08-31T21:06:31.899+00:00,2026-08-31T21:06:31.968+00:00,2026-08-31T21:06:31.971+00:00,2026-08-31T21:06:31.972+00:00,2026-08-31T21:06:32.079+00:00,2026-08-31T21:06:32.079+00:00,0.049373,0.10780228800103941,sqs-worker-5986dcd897-r6dsg,ip-192-168-20-201.ec2.internal,8667265d74e65e41bf413eee1abf001915167ecaa2b17a0646970da1cc549f54,1,3.0,111.0
1,hpa-mmpp-707-9dc5e410,000232,165.752775,2026-08-31T21:06:29.917+00:00,2026-08-31T21:06:29.999+00:00,2026-08-31T21:06:30.017+00:00,2026-08-31T21:06:30.017+00:00,2026-08-31T21:06:30.158+00:00,2026-08-31T21:06:30.158+00:00,0.069389,0.14118671899996116,sqs-worker-5986dcd897-fbcgw,ip-192-168-20-201.ec2.internal,6a4b542f6479e54e33723754a2f66b700f246df346049d0197c30b3e8f2c350a,1,18.0,159.0
1,hpa-mmpp-707-9dc5e410,000235,166.036416,2026-08-31T21:06:30.200+00:00,2026-08-31T21:06:30.281+00:00,2026-08-31T21:06:30.505+00:00,2026-08-31T21:06:30.505+00:00,2026-08-31T21:06:31.124+00:00,2026-08-31T21:06:31.124+00:00,0.25856,0.6189740829995571,sqs-worker-5986dcd897-r6dsg,ip-192-168-20-201.ec2.internal,4e5f4d574867ce5bb3af73096f61fcc9204675f86fbd04233d6e3b0ddc824c43,1,224.0,843.0
1,hpa-mmpp-707-9dc5e410,000239,167.278315,2026-08-31T21:06:31.442+00:00,2026-08-31T21:06:31.512+00:00,2026-08-31T21:06:31.518+00:00,2026-08-31T21:06:31.518+00:00,2026-08-31T21:06:31.891+00:00,2026-08-31T21:06:31.891+00:00,0.076645,0.3736191089992644,sqs-worker-5986dcd897-x8rdl,ip-192-168-20-201.ec2.internal,4075b6340c20c424bd3be4c1dec36933ba9372f129748b4bd24b9285ea25d504,1,6.0,379.0
1,hpa-mmpp-707-9dc5e410,000243,168.458286,2026-08-31T21:06:32.623+00:00,2026-08-31T21:06:32.696+00:00,2026-08-31T21:06:32.701+00:00,2026-08-31T21:06:32.701+00:00,2026-08-31T21:06:32.804+00:00,2026-08-31T21:06:32.804+00:00,0.060667,0.10318292800002382,sqs-worker-5986dcd897-x8rdl,ip-192-168-20-201.ec2.internal,41636d8eca77405f16ff8bc64288f71f184be26f2d635886a5a4085feacdf3bd,1,5.0,108.0
1,hpa-mmpp-707-9dc5e410,000241,167.780541,2026-08-31T21:06:31.944+00:00,2026-08-31T21:06:32.016+00:00,2026-08-31T21:06:32.020+00:00,2026-08-31T21:06:32.020+00:00,2026-08-31T21:06:33.048+00:00,2026-08-31T21:06:33.048+00:00,0.175453,1.0279755289993773,sqs-worker-5986dcd897-fbcgw,ip-192-168-20-201.ec2.internal,7921aeae0c4f5ba8dd3606859dedbd67f3b00a3da4f65cdd1195a85669017d0e,1,4.0,1032.0
1,hpa-mmpp-707-9dc5e410,000228,165.115878,2026-08-31T21:06:29.280+00:00,2026-08-31T21:06:29.352+00:00,2026-08-31T21:06:29.593+00:00,2026-08-31T21:06:29.593+00:00,2026-08-31T21:06:29.816+00:00,2026-08-31T21:06:29.817+00:00,0.089061,0.2239175000013347,sqs-worker-5986dcd897-r6dsg,ip-192-168-20-201.ec2.internal,62932402fd5f18f8403b5f4403183c6c9af2ee19b243e6d6cd00d25915ad811a,1,241.0,464.0
1,hpa-mmpp-707-9dc5e410,000233,165.9639,2026-08-31T21:06:30.128+00:00,2026-08-31T21:06:30.203+00:00,2026-08-31T21:06:30.206+00:00,2026-08-31T21:06:30.206+00:00,2026-08-31T21:06:30.872+00:00,2026-08-31T21:06:30.872+00:00,0.279483,0.6657673230001819,sqs-worker-5986dcd897-fbcgw,ip-192-168-20-201.ec2.internal,e654478224847bd5f14dca165014519eafb42aeec249d26b8964d3f17769cc59,1,3.0,669.0
1,hpa-mmpp-707-9dc5e410,000242,167.934866,2026-08-31T21:06:32.099+00:00,2026-08-31T21:06:32.167+00:00,2026-08-31T21:06:32.171+00:00,2026-08-31T21:06:32.171+00:00,2026-08-31T21:06:32.177+00:00,2026-08-31T21:06:32.177+00:00,0.005419,0.0054640230009681545,sqs-worker-5986dcd897-r6dsg,ip-192-168-20-201.ec2.internal,cafaed7d9852ad1f8c2bba2ac342cb53b38b400605ecdece1d199789a7ce5b5a,1,4.0,10.0
1,hpa-mmpp-707-9dc5e410,000247,169.165748,2026-08-31T21:06:33.330+00:00,2026-08-31T21:06:33.402+00:00,2026-08-31T21:06:33.407+00:00,2026-08-31T21:06:33.407+00:00,2026-08-31T21:06:33.744+00:00,2026-08-31T21:06:33.744+00:00,0.126574,0.33623754200016265,sqs-worker-5986dcd897-fbcgw,ip-192-168-20-201.ec2.internal,29bba422e88bdcc5437a891b523ea4196c88f63ec6cbfbd2e74cefb2eab0a97a,1,5.0,342.0
1,hpa-mmpp-707-9dc5e410,000249,169.75119,2026-08-31T21:06:33.915+00:00,2026-08-31T21:06:33.984+00:00,2026-08-31T21:06:33.988+00:00,2026-08-31T21:06:33.988+00:00,2026-08-31T21:06:34.024+00:00,2026-08-31T21:06:34.024+00:00,0.035988,0.036070471000130055,sqs-worker-5986dcd897-x8rdl,ip-192-168-20-201.ec2.internal,560da34ca7328a0374d4bdce85a3759c4607c41e16a9c4d34bca4a7eb9484f35,1,4.0,40.0
1,hpa-mmpp-707-9dc5e410,000236,166.067563,2026-08-31T21:06:30.231+00:00,2026-08-31T21:06:30.303+00:00,2026-08-31T21:06:30.736+00:00,2026-08-31T21:06:30.736+00:00,2026-08-31T21:06:32.773+00:00,2026-08-31T21:06:32.773+00:00,0.83502,2.0366611469999043,sqs-worker-5986dcd897-xd7qv,ip-192-168-20-201.ec2.internal,66189b8bf2cf635770ba484b39296329d1eef4db19f878a048880d6243ff240e,1,433.0,2470.0
1,hpa-mmpp-707-9dc5e410,000246,168.89589,2026-08-31T21:06:33.060+00:00,2026-08-31T21:06:33.142+00:00,2026-08-31T21:06:33.146+00:00,2026-08-31T21:06:33.146+00:00,2026-08-31T21:06:33.385+00:00,2026-08-31T21:06:33.385+00:00,0.110556,0.23846688000048744,sqs-worker-5986dcd897-r6dsg,ip-192-168-20-201.ec2.internal,057a04807f51b7210ad00a157066d9c58ac6faf21e00c40cdf35eea05554fe5d,1,4.0,243.0
1,hpa-mmpp-707-9dc5e410,000238,166.944574,2026-08-31T21:06:31.108+00:00,2026-08-31T21:06:31.177+00:00,2026-08-31T21:06:31.180+00:00,2026-08-31T21:06:31.180+00:00,2026-08-31T21:06:31.786+00:00,2026-08-31T21:06:31.786+00:00,0.254004,0.6058682870007033,sqs-worker-5986dcd897-r6dsg,ip-192-168-20-201.ec2.internal,48d3d31be5f49674d88f13cdd7694c07f04e29c7313396d9cf3738c5d6d211a3,1,3.0,609.0
1,hpa-mmpp-707-9dc5e410,000244,168.827421,2026-08-31T21:06:32.992+00:00,2026-08-31T21:06:33.062+00:00,2026-08-31T21:06:33.066+00:00,2026-08-31T21:06:33.066+00:00,2026-08-31T21:06:33.088+00:00,2026-08-31T21:06:33.088+00:00,0.021836,0.021874940999623504,sqs-worker-5986dcd897-xd7qv,ip-192-168-20-201.ec2.internal,80ff8a3e0ae27c0e05f0d95a138f78eb969680d30c651ea6141127d8d68a5286,1,4.0,26.0
1,hpa-mmpp-707-9dc5e410,000253,170.9004,2026-08-31T21:06:35.064+00:00,2026-08-31T21:06:35.138+00:00,2026-08-31T21:06:35.144+00:00,2026-08-31T21:06:35.144+00:00,2026-08-31T21:06:35.174+00:00,2026-08-31T21:06:35.174+00:00,0.029628,0.029973455999424914,sqs-worker-5986dcd897-x8rdl,ip-192-168-20-201.ec2.internal,8b1d407c7f808ff2959892f82e6e2c6b1567cc3fd4491a292eac6c1d36e668e6,1,6.0,36.0
1,hpa-mmpp-707-9dc5e410,000250,170.420842,2026-08-31T21:06:34.585+00:00,2026-08-31T21:06:34.659+00:00,2026-08-31T21:06:34.662+00:00,2026-08-31T21:06:34.662+00:00,2026-08-31T21:06:35.659+00:00,2026-08-31T21:06:35.659+00:00,0.421987,0.9971385580010974,sqs-worker-5986dcd897-fbcgw,ip-192-168-20-201.ec2.internal,915d384b240884b5190e2d5e5d93cedfe6e6dd7bd4da04087c04fbd3385a03eb,1,3.0,1000.0
1,hpa-mmpp-707-9dc5e410,000248,169.284243,2026-08-31T21:06:33.448+00:00,2026-08-31T21:06:33.522+00:00,2026-08-31T21:06:33.526+00:00,2026-08-31T21:06:33.526+00:00,2026-08-31T21:06:33.687+00:00,2026-08-31T21:06:33.687+00:00,0.079907,0.1604524329995911,sqs-worker-5986dcd897-r6dsg,ip-192-168-20-201.ec2.internal,756f853ea71be08513a88fa054d5298d1f05acfccda0a9e2a50ae1c297c4940c,1,4.0,165.0
1,hpa-mmpp-707-9dc5e410,000255,171.78809,2026-08-31T21:06:35.952+00:00,2026-08-31T21:06:36.026+00:00,2026-08-31T21:06:36.030+00:00,2026-08-31T21:06:36.030+00:00,2026-08-31T21:06:36.539+00:00,2026-08-31T21:06:36.539+00:00,0.225246,0.509586185000444,sqs-worker-5986dcd897-r6dsg,ip-192-168-20-201.ec2.internal,24085f0ec7868d4def5c66011c56036409d2e6fab7c697ac33faddd1e775ee2a,1,4.0,513.0
1,hpa-mmpp-707-9dc5e410,000257,172.23011,2026-08-31T21:06:36.394+00:00,2026-08-31T21:06:36.465+00:00,2026-08-31T21:06:36.469+00:00,2026-08-31T21:06:36.469+00:00,2026-08-31T21:06:36.562+00:00,2026-08-31T21:06:36.562+00:00,0.023935,0.09351502700155834,sqs-worker-5986dcd897-xd7qv,ip-192-168-20-201.ec2.internal,3c39804b3a62c55324f871e7d37a97453e66f0ace63eee311740b2813edda132,1,4.0,97.0
1,hpa-mmpp-707-9dc5e410,000245,168.881692,2026-08-31T21:06:33.046+00:00,2026-08-31T21:06:33.114+00:00,2026-08-31T21:06:33.117+00:00,2026-08-31T21:06:33.117+00:00,2026-08-31T21:06:34.055+00:00,2026-08-31T21:06:34.055+00:00,0.375479,0.9384563160001562,sqs-worker-5986dcd897-xd7qv,ip-192-168-20-201.ec2.internal,44c1459ebf029b24acfacf9241da9cfd924baf3a187b1b74ce49e09f71b9f505,1,3.0,941.0
1,hpa-mmpp-707-9dc5e410,000251,170.497729,2026-08-31T21:06:34.662+00:00,2026-08-31T21:06:34.737+00:00,2026-08-31T21:06:34.741+00:00,2026-08-31T21:06:34.741+00:00,2026-08-31T21:06:34.746+00:00,2026-08-31T21:06:34.746+00:00,0.005,0.005247402999884798,sqs-worker-5986dcd897-r6dsg,ip-192-168-20-201.ec2.internal,e089e75d2db51efcd1b23eb537b3da71bda4a09021c094111fda03a015268a97,1,4.0,9.0
1,hpa-mmpp-707-9dc5e410,000252,170.685848,2026-08-31T21:06:34.850+00:00,2026-08-31T21:06:34.954+00:00,2026-08-31T21:06:34.958+00:00,2026-08-31T21:06:34.958+00:00,2026-08-31T21:06:35.421+00:00,2026-08-31T21:06:35.421+00:00,0.216675,0.4634334799993667,sqs-worker-5986dcd897-r6dsg,ip-192-168-20-201.ec2.internal,d8ac57499ba864b5eefbae7c2327d79bd82a2bcccc98076c3ef7806d9f21273e,1,4.0,467.0
1,hpa-mmpp-707-9dc5e410,000254,171.240077,2026-08-31T21:06:35.404+00:00,2026-08-31T21:06:35.474+00:00,2026-08-31T21:06:35.479+00:00,2026-08-31T21:06:35.479+00:00,2026-08-31T21:06:36.917+00:00,2026-08-31T21:06:36.917+00:00,0.59364,1.4379560720008158,sqs-worker-5986dcd897-x8rdl,ip-192-168-20-201.ec2.internal,42286552f9a457b5d1e4817b7ae7fedeba618dbc9a515b968bb764570a42aaaf,1,5.0,1443.0
1,hpa-mmpp-707-9dc5e410,000260,172.704569,2026-08-31T21:06:36.869+00:00,2026-08-31T21:06:36.943+00:00,2026-08-31T21:06:36.950+00:00,2026-08-31T21:06:36.950+00:00,2026-08-31T21:06:37.413+00:00,2026-08-31T21:06:37.413+00:00,0.188541,0.46301405200028967,sqs-worker-5986dcd897-x8rdl,ip-192-168-20-201.ec2.internal,ef2abccb6bb8320ea7cc2d9e402f96671baf806190bc49b6114952b8a7527f08,1,7.0,470.0
1,hpa-mmpp-707-9dc5e410,000258,172.40395,2026-08-31T21:06:36.568+00:00,2026-08-31T21:06:36.638+00:00,2026-08-31T21:06:36.642+00:00,2026-08-31T21:06:36.642+00:00,2026-08-31T21:06:37.717+00:00,2026-08-31T21:06:37.717+00:00,0.449775,1.0751026880006975,sqs-worker-5986dcd897-r6dsg,ip-192-168-20-201.ec2.internal,5a291af74aa60f963b3058d033b7ed0575b25b7ec5224b8069dce75640817b5c,1,4.0,1079.0
1,hpa-mmpp-707-9dc5e410,000263,173.842817,2026-08-31T21:06:38.007+00:00,2026-08-31T21:06:38.078+00:00,2026-08-31T21:06:38.209+00:00,2026-08-31T21:06:38.209+00:00,2026-08-31T21:06:38.345+00:00,2026-08-31T21:06:38.345+00:00,0.055007,0.13591936000011628,sqs-worker-5986dcd897-fbcgw,ip-192-168-20-201.ec2.internal,d6f625ad0c0b44ad85770964c510639a5b10d200d8dcb7b87a23b0802b5e7c84,1,131.0,267.0
1,hpa-mmpp-707-9dc5e410,000256,171.818795,2026-08-31T21:06:35.983+00:00,2026-08-31T21:06:36.052+00:00,2026-08-31T21:06:36.055+00:00,2026-08-31T21:06:36.055+00:00,2026-08-31T21:06:38.173+00:00,2026-08-31T21:06:38.173+00:00,0.865328,2.1171793769990472,sqs-worker-5986dcd897-fbcgw,ip-192-168-20-201.ec2.internal,60116f0b5a9e980f4733e3e4093d15e6f93133793a56d4d8b9dd38ab8b7b5204,1,3.0,2121.0
1,hpa-mmpp-707-9dc5e410,000261,172.77825,2026-08-31T21:06:36.942+00:00,2026-08-31T21:06:37.011+00:00,2026-08-31T21:06:37.816+00:00,2026-08-31T21:06:37.816+00:00,2026-08-31T21:06:38.715+00:00,2026-08-31T21:06:38.715+00:00,0.176549,0.8986811360009597,sqs-worker-5986dcd897-r6dsg,ip-192-168-20-201.ec2.internal,d79a497de03b8c67dc8091fc5492e5d744027920f0e90d53f64aec1854ec4a48,1,805.0,1704.0
1,hpa-mmpp-707-9dc5e410,000259,172.478156,2026-08-31T21:06:36.642+00:00,2026-08-31T21:06:36.731+00:00,2026-08-31T21:06:36.745+00:00,2026-08-31T21:06:36.745+00:00,2026-08-31T21:06:39.031+00:00,2026-08-31T21:06:39.031+00:00,0.375077,2.285570521999034,sqs-worker-5986dcd897-xd7qv,ip-192-168-20-201.ec2.internal,8d53aee112721101f636d637d9db015c4dc8719fd3b5ec7636a61bab34f52e80,1,14.0,2300.0
1,hpa-mmpp-707-9dc5e410,000268,174.99222,2026-08-31T21:06:39.156+00:00,2026-08-31T21:06:39.220+00:00,2026-08-31T21:06:39.289+00:00,2026-08-31T21:06:39.289+00:00,2026-08-31T21:06:39.567+00:00,2026-08-31T21:06:39.567+00:00,0.117991,0.27832863299954624,sqs-worker-5986dcd897-xd7qv,ip-192-168-20-201.ec2.internal,537bcff342eee5c87c3b0f406ebb679745c1d0ff70770b01336315c442ae202b,1,69.0,347.0
1,hpa-mmpp-707-9dc5e410,000267,174.783319,2026-08-31T21:06:38.948+00:00,2026-08-31T21:06:39.012+00:00,2026-08-31T21:06:39.096+00:00,2026-08-31T21:06:39.096+00:00,2026-08-31T21:06:39.262+00:00,2026-08-31T21:06:39.262+00:00,0.070674,0.16557216399996832,sqs-worker-5986dcd897-xd7qv,ip-192-168-20-201.ec2.internal,74478b5ad8dcc7aec0953777f292830e51ab55de6338c3d422e3d8d2e5202260,1,84.0,250.0
1,hpa-mmpp-707-9dc5e410,000275,175.801054,2026-08-31T21:06:39.965+00:00,2026-08-31T21:06:40.030+00:00,2026-08-31T21:06:40.066+00:00,2026-08-31T21:06:40.066+00:00,2026-08-31T21:06:40.144+00:00,2026-08-31T21:06:40.144+00:00,0.027953,0.07827871599874925,sqs-worker-5986dcd897-fbcgw,ip-192-168-20-201.ec2.internal,1b842d9d8e395542d9a4cdf38dcddf60df4426a12f94c5d17ed25487e27a5abd,1,36.0,114.0
1,hpa-mmpp-707-9dc5e410,000264,174.260492,2026-08-31T21:06:38.425+00:00,2026-08-31T21:06:38.491+00:00,2026-08-31T21:06:38.495+00:00,2026-08-31T21:06:38.495+00:00,2026-08-31T21:06:39.967+00:00,2026-08-31T21:06:39.967+00:00,0.610617,1.4719245440010127,sqs-worker-5986dcd897-fbcgw,ip-192-168-20-201.ec2.internal,4e44648a1886bf727adc7e660a99333ce2d8e8bb4948550316b0a8846dd1eb51,1,4.0,1476.0
1,hpa-mmpp-707-9dc5e410,000269,175.25693,2026-08-31T21:06:39.421+00:00,2026-08-31T21:06:39.486+00:00,2026-08-31T21:06:39.588+00:00,2026-08-31T21:06:39.588+00:00,2026-08-31T21:06:39.865+00:00,2026-08-31T21:06:39.865+00:00,0.114495,0.27698702499947103,sqs-worker-5986dcd897-xd7qv,ip-192-168-20-201.ec2.internal,523d46be836a84a7890a320c5e2ea1e8356c2c185731750052969709f713eb59,1,102.0,379.0
1,hpa-mmpp-707-9dc5e410,000271,175.363673,2026-08-31T21:06:39.527+00:00,2026-08-31T21:06:39.593+00:00,2026-08-31T21:06:39.986+00:00,2026-08-31T21:06:39.986+00:00,2026-08-31T21:06:40.051+00:00,2026-08-31T21:06:40.051+00:00,0.013956,0.06508263999967312,sqs-worker-5986dcd897-fbcgw,ip-192-168-20-201.ec2.internal,2e08f19dbc001aafe56b26d614fa4720a475eac3115131905720a03a6dd525d0,1,393.0,458.0
1,hpa-mmpp-707-9dc5e410,000273,175.541604,2026-08-31T21:06:39.705+00:00,2026-08-31T21:06:39.772+00:00,2026-08-31T21:06:39.881+00:00,2026-08-31T21:06:39.881+00:00,2026-08-31T21:06:40.156+00:00,2026-08-31T21:06:40.156+00:00,0.105737,0.27534711899897957,sqs-worker-5986dcd897-xd7qv,ip-192-168-20-201.ec2.internal,8b70eb2699e21141c2c771a8eee50a8245b983b537f10680c346265622357864,1,109.0,384.0
1,hpa-mmpp-707-9dc5e410,000270,175.335406,2026-08-31T21:06:39.499+00:00,2026-08-31T21:06:39.564+00:00,2026-08-31T21:06:40.158+00:00,2026-08-31T21:06:40.158+00:00,2026-08-31T21:06:40.170+00:00,2026-08-31T21:06:40.170+00:00,0.012067,0.012375692000205163,sqs-worker-5986dcd897-fbcgw,ip-192-168-20-201.ec2.internal,59dc10ef8206f350532e5b0a6b9c4fc9d1ee9b68d65acfe513beff77ca9de1f5,1,594.0,606.0
1,hpa-mmpp-707-9dc5e410,000276,175.855163,2026-08-31T21:06:40.019+00:00,2026-08-31T21:06:40.084+00:00,2026-08-31T21:06:40.186+00:00,2026-08-31T21:06:40.205+00:00,2026-08-31T21:06:40.263+00:00,2026-08-31T21:06:40.263+00:00,0.035914,0.05866865999996662,sqs-worker-5986dcd897-fbcgw,ip-192-168-20-201.ec2.internal,f47b5b49507fc874c5122c6b2c0471b90bd6c5ea76b1cc5b82eb634c290e0681,1,102.0,179.0
1,hpa-mmpp-707-9dc5e410,000280,176.544874,2026-08-31T21:06:40.709+00:00,2026-08-31T21:06:40.774+00:00,2026-08-31T21:06:41.011+00:00,2026-08-31T21:06:41.011+00:00,2026-08-31T21:06:41.096+00:00,2026-08-31T21:06:41.096+00:00,0.010835,0.08505067399892141,sqs-worker-5986dcd897-x8rdl,ip-192-168-20-201.ec2.internal,080b7c02b7ef806087ba81064c932efb4c19f2f04435f6b0bf86018235f95e18,1,237.0,322.0
1,hpa-mmpp-707-9dc5e410,000262,173.206754,2026-08-31T21:06:37.371+00:00,2026-08-31T21:06:37.445+00:00,2026-08-31T21:06:37.491+00:00,2026-08-31T21:06:37.491+00:00,2026-08-31T21:06:39.653+00:00,2026-08-31T21:06:39.653+00:00,0.874346,2.1615632200009713,sqs-worker-5986dcd897-x8rdl,ip-192-168-20-201.ec2.internal,c8009a100fd1638da65f0b53625ee33b790878c6c6664d31535b8c3be39379bf,1,46.0,2208.0
1,hpa-mmpp-707-9dc5e410,000274,175.788152,2026-08-31T21:06:39.952+00:00,2026-08-31T21:06:40.017+00:00,2026-08-31T21:06:40.288+00:00,2026-08-31T21:06:40.288+00:00,2026-08-31T21:06:40.674+00:00,2026-08-31T21:06:40.674+00:00,0.173269,0.38622967999981483,sqs-worker-5986dcd897-fbcgw,ip-192-168-20-201.ec2.internal,a495da40f82f3a2cbb5a1db83ab2a447bf1d6a6917884675a23107cce3eacc3a,1,271.0,657.0
1,hpa-mmpp-707-9dc5e410,000266,174.336375,2026-08-31T21:06:38.500+00:00,2026-08-31T21:06:38.569+00:00,2026-08-31T21:06:39.716+00:00,2026-08-31T21:06:39.716+00:00,2026-08-31T21:06:40.985+00:00,2026-08-31T21:06:40.985+00:00,0.261525,1.269128167999952,sqs-worker-5986dcd897-x8rdl,ip-192-168-20-201.ec2.internal,9e2ddf858bd56f89a9be402d059b8d65bac56cd296420002956b9471ccbe18f6,1,1147.0,2416.0
1,hpa-mmpp-707-9dc5e410,000279,176.332182,2026-08-31T21:06:40.496+00:00,2026-08-31T21:06:40.566+00:00,2026-08-31T21:06:40.735+00:00,2026-08-31T21:06:40.735+00:00,2026-08-31T21:06:40.756+00:00,2026-08-31T21:06:40.756+00:00,0.018364,0.021050242001365405,sqs-worker-5986dcd897-fbcgw,ip-192-168-20-201.ec2.internal,ad81239bede9f212f061b136eb594452addf4c031d590d0e0d2268066d99dfcb,1,169.0,190.0
1,hpa-mmpp-707-9dc5e410,000285,177.09098,2026-08-31T21:06:41.255+00:00,2026-08-31T21:06:41.319+00:00,2026-08-31T21:06:41.880+00:00,2026-08-31T21:06:41.880+00:00,2026-08-31T21:06:42.133+00:00,2026-08-31T21:06:42.133+00:00,0.106468,0.2527656519996526,sqs-worker-5986dcd897-xd7qv,ip-192-168-20-201.ec2.internal,2b654a9cc377777b2aee0f35c1ba6bdbdd3301f7196d67d786b5e3b396d036b7,1,561.0,814.0
1,hpa-mmpp-707-9dc5e410,000272,175.429374,2026-08-31T21:06:39.593+00:00,2026-08-31T21:06:39.691+00:00,2026-08-31T21:06:40.187+00:00,2026-08-31T21:06:40.187+00:00,2026-08-31T21:06:40.531+00:00,2026-08-31T21:06:40.531+00:00,0.140859,0.34417431200017745,sqs-worker-5986dcd897-xd7qv,ip-192-168-20-201.ec2.internal,df9dfdf1c36f5f1d3f39c6ed115e0723fd3f8d10d8046bee68c60ae695b20210,1,496.0,840.0
1,hpa-mmpp-707-9dc5e410,000294,178.479018,2026-08-31T21:06:42.643+00:00,2026-08-31T21:06:42.713+00:00,2026-08-31T21:06:42.932+00:00,2026-08-31T21:06:42.932+00:00,2026-08-31T21:06:43.212+00:00,2026-08-31T21:06:43.212+00:00,0.111059,0.2795075070007442,sqs-worker-5986dcd897-r6dsg,ip-192-168-20-201.ec2.internal,afe0174b9bec37b05167bffa9adb0293eb3f5e13323128ce792db589ea26a337,1,219.0,499.0
1,hpa-mmpp-707-9dc5e410,000277,176.156302,2026-08-31T21:06:40.320+00:00,2026-08-31T21:06:40.383+00:00,2026-08-31T21:06:40.565+00:00,2026-08-31T21:06:40.565+00:00,2026-08-31T21:06:41.857+00:00,2026-08-31T21:06:41.857+00:00,0.523014,1.291778480001085,sqs-worker-5986dcd897-xd7qv,ip-192-168-20-201.ec2.internal,bb6f7bd23001ee91893f648c865b88ebcca27366e4107514c0ccff144eee38b8,1,182.0,1474.0
1,hpa-mmpp-707-9dc5e410,000287,177.31635,2026-08-31T21:06:41.480+00:00,2026-08-31T21:06:41.548+00:00,2026-08-31T21:06:42.216+00:00,2026-08-31T21:06:42.216+00:00,2026-08-31T21:06:42.298+00:00,2026-08-31T21:06:42.298+00:00,0.005,0.0817783660004352,sqs-worker-5986dcd897-x8rdl,ip-192-168-20-201.ec2.internal,66e516fa7732b926f360df9258800a37a5b463eed3b95fba07d8872196c51f60,1,668.0,750.0
1,hpa-mmpp-707-9dc5e410,000286,177.267392,2026-08-31T21:06:41.431+00:00,2026-08-31T21:06:41.497+00:00,2026-08-31T21:06:42.160+00:00,2026-08-31T21:06:42.160+00:00,2026-08-31T21:06:42.868+00:00,2026-08-31T21:06:42.868+00:00,0.294495,0.7081333030000678,sqs-worker-5986dcd897-xd7qv,ip-192-168-20-201.ec2.internal,b28fa0769f258144bc03c7c32d45fc1fdd651f0e85934a60802e2aa137ece41a,1,663.0,1371.0
1,hpa-mmpp-707-9dc5e410,000297,178.987552,2026-08-31T21:06:43.152+00:00,2026-08-31T21:06:43.218+00:00,2026-08-31T21:06:43.358+00:00,2026-08-31T21:06:43.358+00:00,2026-08-31T21:06:43.584+00:00,2026-08-31T21:06:43.584+00:00,0.110049,0.22661659000004875,sqs-worker-5986dcd897-xd7qv,ip-192-168-20-201.ec2.internal,bca6d758bc8540cd09906517464253e0aa7fa108c4b3e0daac257ddac314e08d,1,140.0,366.0
1,hpa-mmpp-707-9dc5e410,000284,177.022049,2026-08-31T21:06:41.186+00:00,2026-08-31T21:06:41.253+00:00,2026-08-31T21:06:42.339+00:00,2026-08-31T21:06:42.339+00:00,2026-08-31T21:06:43.719+00:00,2026-08-31T21:06:43.719+00:00,0.474292,1.3797857139998086,sqs-worker-5986dcd897-x8rdl,ip-192-168-20-201.ec2.internal,e166a185b8d1376539eebb0337c600c08907f61f507afb7ab1b55b3f5c902b11,1,1086.0,2466.0
1,hpa-mmpp-707-9dc5e410,000298,179.582614,2026-08-31T21:06:43.748+00:00,2026-08-31T21:06:43.813+00:00,2026-08-31T21:06:43.816+00:00,2026-08-31T21:06:43.816+00:00,2026-08-31T21:06:44.118+00:00,2026-08-31T21:06:44.118+00:00,0.150935,0.3020231779992173,sqs-worker-5986dcd897-x8rdl,ip-192-168-20-201.ec2.internal,994eb1162528baadab4c92541d36b7e2a0af9c59b7788120d42d39bf0e9ef2af,1,3.0,305.0
1,hpa-mmpp-707-9dc5e410,000282,176.803269,2026-08-31T21:06:40.967+00:00,2026-08-31T21:06:41.033+00:00,2026-08-31T21:06:41.113+00:00,2026-08-31T21:06:41.113+00:00,2026-08-31T21:06:41.993+00:00,2026-08-31T21:06:41.993+00:00,0.159152,0.8800220810007886,sqs-worker-5986dcd897-x8rdl,ip-192-168-20-201.ec2.internal,20931532e75e7be342e1e1c23d8789af553a3cb60078a5d6ec2cc8ae6d7c6bae,1,80.0,960.0
1,hpa-mmpp-707-9dc5e410,000278,176.312671,2026-08-31T21:06:40.477+00:00,2026-08-31T21:06:40.542+00:00,2026-08-31T21:06:40.819+00:00,2026-08-31T21:06:40.819+00:00,2026-08-31T21:06:42.455+00:00,2026-08-31T21:06:42.455+00:00,0.447131,1.6358205249998719,sqs-worker-5986dcd897-fbcgw,ip-192-168-20-201.ec2.internal,b840ce18495b39d8faaf34562ce11f8d552c1a41c8f7c940dbe98e3cda6848c6,1,277.0,1913.0
1,hpa-mmpp-707-9dc5e410,000296,178.749922,2026-08-31T21:06:42.914+00:00,2026-08-31T21:06:42.978+00:00,2026-08-31T21:06:43.231+00:00,2026-08-31T21:06:43.231+00:00,2026-08-31T21:06:43.378+00:00,2026-08-31T21:06:43.378+00:00,0.061729,0.1474186240011477,sqs-worker-5986dcd897-r6dsg,ip-192-168-20-201.ec2.internal,cfabe568e356e0f30208282ae7f67b676b688f47d47f148823937fc892ccd757,1,253.0,400.0
1,hpa-mmpp-707-9dc5e410,000295,178.483702,2026-08-31T21:06:42.647+00:00,2026-08-31T21:06:42.715+00:00,2026-08-31T21:06:43.639+00:00,2026-08-31T21:06:43.639+00:00,2026-08-31T21:06:44.654+00:00,2026-08-31T21:06:44.654+00:00,0.242051,1.015017395000541,sqs-worker-5986dcd897-fbcgw,ip-192-168-20-201.ec2.internal,6cc6fc668b4dc6232b5266f9de84e5f3e20b9432b00b9839ee68f1129e1a984d,1,924.0,1939.0
1,hpa-mmpp-707-9dc5e410,000265,174.281074,2026-08-31T21:06:38.445+00:00,2026-08-31T21:06:38.510+00:00,2026-08-31T21:06:38.782+00:00,2026-08-31T21:06:38.782+00:00,2026-08-31T21:06:41.809+00:00,2026-08-31T21:06:41.809+00:00,0.77947,3.0270360499998787,sqs-worker-5986dcd897-r6dsg,ip-192-168-20-201.ec2.internal,e5bd41204a57c61e3e0effd8b8f30cdd14691b7abf1982e3dd4b381c67e4fd4a,1,272.0,3299.0
1,hpa-mmpp-707-9dc5e410,000283,176.836348,2026-08-31T21:06:41.000+00:00,2026-08-31T21:06:41.068+00:00,2026-08-31T21:06:42.086+00:00,2026-08-31T21:06:42.086+00:00,2026-08-31T21:06:42.193+00:00,2026-08-31T21:06:42.193+00:00,0.029337,0.10695803899943712,sqs-worker-5986dcd897-x8rdl,ip-192-168-20-201.ec2.internal,c131cc54eb34ad65e6bc9595c601b668e3a5c2941f5acc130ed189bc9cf5e416,1,1018.0,1125.0
1,hpa-mmpp-707-9dc5e410,000281,176.702441,2026-08-31T21:06:40.866+00:00,2026-08-31T21:06:40.935+00:00,2026-08-31T21:06:41.851+00:00,2026-08-31T21:06:41.851+00:00,2026-08-31T21:06:42.917+00:00,2026-08-31T21:06:42.917+00:00,0.44206,1.066112020998844,sqs-worker-5986dcd897-r6dsg,ip-192-168-20-201.ec2.internal,fac89d7214fbfc6bb946a37addb32b3ac4478d544874981e1783e11b17df004f,1,916.0,1982.0
1,hpa-mmpp-707-9dc5e410,000293,178.404036,2026-08-31T21:06:42.568+00:00,2026-08-31T21:06:42.633+00:00,2026-08-31T21:06:42.882+00:00,2026-08-31T21:06:42.882+00:00,2026-08-31T21:06:43.334+00:00,2026-08-31T21:06:43.334+00:00,0.174724,0.45172015100069984,sqs-worker-5986dcd897-xd7qv,ip-192-168-20-201.ec2.internal,4f1b3c4e21ea1f5a3252afe572dcac678262eb3eccffe423208e3c0a1b4c8d5f,1,249.0,701.0
1,hpa-mmpp-707-9dc5e410,000291,177.427018,2026-08-31T21:06:41.591+00:00,2026-08-31T21:06:41.656+00:00,2026-08-31T21:06:43.693+00:00,2026-08-31T21:06:43.693+00:00,2026-08-31T21:06:43.718+00:00,2026-08-31T21:06:43.718+00:00,0.014287,0.024345408000954194,sqs-worker-5986dcd897-xd7qv,ip-192-168-20-201.ec2.internal,eeccad5aa3ae09156f80b1592c1ee8adcdb9fd48456a095cc3fe18dc41bfc4d4,1,2037.0,2062.0
1,hpa-mmpp-707-9dc5e410,000292,177.792091,2026-08-31T21:06:41.956+00:00,2026-08-31T21:06:42.023+00:00,2026-08-31T21:06:43.754+00:00,2026-08-31T21:06:43.754+00:00,2026-08-31T21:06:43.782+00:00,2026-08-31T21:06:43.782+00:00,0.02516,0.02787519599951338,sqs-worker-5986dcd897-xd7qv,ip-192-168-20-201.ec2.internal,33318713e4d8b69bfa4bd9b42cefd627555b08b8cfd6f0bfb647446d875363dc,1,1731.0,1759.0
1,hpa-mmpp-707-9dc5e410,000289,177.346496,2026-08-31T21:06:41.510+00:00,2026-08-31T21:06:41.575+00:00,2026-08-31T21:06:43.427+00:00,2026-08-31T21:06:43.427+00:00,2026-08-31T21:06:44.685+00:00,2026-08-31T21:06:44.685+00:00,0.501515,1.2577321759999904,sqs-worker-5986dcd897-r6dsg,ip-192-168-20-201.ec2.internal,39d4b7f9804db543733ddd5fea48bcfe6d3bda7c1fb768d86fa440d229c1e935,1,1852.0,3110.0
1,hpa-mmpp-707-9dc5e410,000290,177.39667,2026-08-31T21:06:41.561+00:00,2026-08-31T21:06:41.655+00:00,2026-08-31T21:06:43.399+00:00,2026-08-31T21:06:43.399+00:00,2026-08-31T21:06:43.413+00:00,2026-08-31T21:06:43.413+00:00,0.008993,0.014549073999660322,sqs-worker-5986dcd897-r6dsg,ip-192-168-20-201.ec2.internal,7014f710f5c81296210d82b77818effc340b6e131dccc3f46780d166c5dd1c20,1,1744.0,1758.0
1,hpa-mmpp-707-9dc5e410,000288,177.32707,2026-08-31T21:06:41.491+00:00,2026-08-31T21:06:41.558+00:00,2026-08-31T21:06:42.548+00:00,2026-08-31T21:06:42.548+00:00,2026-08-31T21:06:43.545+00:00,2026-08-31T21:06:43.545+00:00,0.170217,0.9972025040005974,sqs-worker-5986dcd897-fbcgw,ip-192-168-20-201.ec2.internal,ce260befa4a950e65810b6dee198891c43e1cd51f094f339b6a8103754c561dd,1,990.0,1987.0
