schema_version,experiment_id,job_id,trace_offset_s,producer_sent_at,sqs_sent_at,worker_received_at,processing_started_at,processing_finished_at,result_sent_at,service_cpu_seconds,processing_wall_seconds,pod_name,node_name,digest,receive_count,queue_wait_ms,end_to_end_ms
1,keda-mmpp-101-b3b24de2,000000,0.479442,2026-08-31T18:41:48.081+00:00,2026-08-31T18:41:44.381+00:00,2026-08-31T18:41:44.389+00:00,2026-08-31T18:41:44.389+00:00,2026-08-31T18:41:44.692+00:00,2026-08-31T18:41:44.693+00:00,0.129847,0.303310832000534,sqs-worker-5986dcd897-x8rdl,ip-192-168-20-201.ec2.internal,aca8b05dd9b00d866c93cea6a0cf05ceefaf68ba7993fd9b13f06a2b88d0c73e,1,8.0,311.0
1,keda-mmpp-101-b3b24de2,000002,0.923828,2026-08-31T18:41:48.523+00:00,2026-08-31T18:41:44.835+00:00,2026-08-31T18:41:44.877+00:00,2026-08-31T18:41:44.877+00:00,2026-08-31T18:41:44.891+00:00,2026-08-31T18:41:44.891+00:00,0.013638,0.01367676300014864,sqs-worker-5986dcd897-x8rdl,ip-192-168-20-201.ec2.internal,63dae3e30b1661db723f73a434235ef9a43e8f74d591a7f2dbcfb9824f527355,1,42.0,56.0
1,keda-mmpp-101-b3b24de2,000001,0.616,2026-08-31T18:41:48.216+00:00,2026-08-31T18:41:45.051+00:00,2026-08-31T18:41:45.056+00:00,2026-08-31T18:41:45.056+00:00,2026-08-31T18:41:46.908+00:00,2026-08-31T18:41:46.908+00:00,0.773882,1.8514594369999031,sqs-worker-5986dcd897-x8rdl,ip-192-168-20-201.ec2.internal,3a482303d6fb2b1a3b13508a0fe6f38e78c240ecba61a0d957664d58fc3ce375,1,5.0,1857.0
1,keda-mmpp-101-b3b24de2,000010,2.902853,2026-08-31T18:41:50.503+00:00,2026-08-31T18:41:46.809+00:00,2026-08-31T18:41:47.045+00:00,2026-08-31T18:41:47.045+00:00,2026-08-31T18:41:47.194+00:00,2026-08-31T18:41:47.194+00:00,0.067149,0.14913789100046415,sqs-worker-5986dcd897-x8rdl,ip-192-168-20-201.ec2.internal,099ff9e2f2b1c4acfdb8a735fd72f78508152913578f00e3a80d5f652654f691,1,236.0,385.0
1,keda-mmpp-101-b3b24de2,000006,1.586427,2026-08-31T18:41:49.186+00:00,2026-08-31T18:41:45.495+00:00,2026-08-31T18:41:47.003+00:00,2026-08-31T18:41:47.003+00:00,2026-08-31T18:41:47.028+00:00,2026-08-31T18:41:47.028+00:00,0.024536,0.024586020999777247,sqs-worker-5986dcd897-x8rdl,ip-192-168-20-201.ec2.internal,dff655511e1258e5e5a5b4eb015a5dee069052cd3b4bbab6263c4d1bad51e652,1,1508.0,1533.0
1,keda-mmpp-101-b3b24de2,000008,2.136846,2026-08-31T18:41:49.737+00:00,2026-08-31T18:41:46.042+00:00,2026-08-31T18:41:47.214+00:00,2026-08-31T18:41:47.214+00:00,2026-08-31T18:41:47.810+00:00,2026-08-31T18:41:47.810+00:00,0.251471,0.5960729569997056,sqs-worker-5986dcd897-x8rdl,ip-192-168-20-201.ec2.internal,e290e5f0c94aea3c75b0d1f8b2ad2c6a9495daac80f63a8aee6c7a8876142dfb,1,1172.0,1768.0
1,keda-mmpp-101-b3b24de2,000011,3.349175,2026-08-31T18:41:50.949+00:00,2026-08-31T18:41:47.250+00:00,2026-08-31T18:41:47.837+00:00,2026-08-31T18:41:47.837+00:00,2026-08-31T18:41:48.192+00:00,2026-08-31T18:41:48.192+00:00,0.137286,0.3543932020002103,sqs-worker-5986dcd897-x8rdl,ip-192-168-20-201.ec2.internal,abeecfc4b12ecd179e9e54cdc774705fddeccbf014b99f8b0bc8fe7ffa2ff4b8,1,587.0,942.0
1,keda-mmpp-101-b3b24de2,000007,1.921979,2026-08-31T18:41:49.522+00:00,2026-08-31T18:41:45.825+00:00,2026-08-31T18:41:48.216+00:00,2026-08-31T18:41:48.216+00:00,2026-08-31T18:41:48.503+00:00,2026-08-31T18:41:48.503+00:00,0.127701,0.2876685440005531,sqs-worker-5986dcd897-x8rdl,ip-192-168-20-201.ec2.internal,745e81a0bed5c2084f757d48bee42ca563e51fa88257b1de1b4c74274ef934bd,1,2391.0,2678.0
1,keda-mmpp-101-b3b24de2,000018,4.480887,2026-08-31T18:41:52.080+00:00,2026-08-31T18:41:48.406+00:00,2026-08-31T18:41:48.688+00:00,2026-08-31T18:41:48.688+00:00,2026-08-31T18:41:48.723+00:00,2026-08-31T18:41:48.723+00:00,0.035424,0.03545551400020486,sqs-worker-5986dcd897-x8rdl,ip-192-168-20-201.ec2.internal,27f80ce94528505aba22c4dbc2cede0a42767f014717a6e42fa5330082f49f73,1,282.0,317.0
1,keda-mmpp-101-b3b24de2,000017,4.408649,2026-08-31T18:41:52.008+00:00,2026-08-31T18:41:48.316+00:00,2026-08-31T18:41:48.596+00:00,2026-08-31T18:41:48.596+00:00,2026-08-31T18:41:48.624+00:00,2026-08-31T18:41:48.624+00:00,0.027515,0.02755612500004645,sqs-worker-5986dcd897-x8rdl,ip-192-168-20-201.ec2.internal,618a292c663df4ddb763bf24eeb376ebb8627ca8be8d347b4fe9d84e682b6278,1,280.0,308.0
1,keda-mmpp-101-b3b24de2,000009,2.365542,2026-08-31T18:41:49.965+00:00,2026-08-31T18:41:46.278+00:00,2026-08-31T18:41:48.518+00:00,2026-08-31T18:41:48.518+00:00,2026-08-31T18:41:48.581+00:00,2026-08-31T18:41:48.581+00:00,0.013846,0.06289270399975067,sqs-worker-5986dcd897-x8rdl,ip-192-168-20-201.ec2.internal,1128d1f8778344a9420ad3d06031c3c9eb72535400b19e23739b0d875f513f12,1,2240.0,2303.0
1,keda-mmpp-101-b3b24de2,000005,1.378936,2026-08-31T18:41:48.979+00:00,2026-08-31T18:41:45.293+00:00,2026-08-31T18:41:48.775+00:00,2026-08-31T18:41:48.775+00:00,2026-08-31T18:41:48.802+00:00,2026-08-31T18:41:48.802+00:00,0.019922,0.027034927000386233,sqs-worker-5986dcd897-x8rdl,ip-192-168-20-201.ec2.internal,ec149e273d3cecec53dcb4cd19cf323c36fc364c4eed905ce70e6539ec74ded2,1,3482.0,3509.0
1,keda-mmpp-101-b3b24de2,000012,3.412006,2026-08-31T18:41:51.011+00:00,2026-08-31T18:41:47.321+00:00,2026-08-31T18:41:48.828+00:00,2026-08-31T18:41:48.828+00:00,2026-08-31T18:41:51.185+00:00,2026-08-31T18:41:51.185+00:00,0.616851,2.3574010470001667,sqs-worker-5986dcd897-x8rdl,ip-192-168-20-201.ec2.internal,841ddec460b9d86ef33111cf6c65a561064f1510d36613aa6739096bab064cf8,1,1507.0,3864.0
1,keda-mmpp-101-b3b24de2,000013,3.518008,2026-08-31T18:41:51.117+00:00,2026-08-31T18:41:47.423+00:00,2026-08-31T18:41:51.209+00:00,2026-08-31T18:41:51.209+00:00,2026-08-31T18:41:53.089+00:00,2026-08-31T18:41:53.089+00:00,0.482361,1.8801933880004071,sqs-worker-5986dcd897-x8rdl,ip-192-168-20-201.ec2.internal,ccc733b49a3bdd18f9f46dda1535b3a98f98f3fdf821ae1ee4cece963a79a3de,1,3786.0,5666.0
1,keda-mmpp-101-b3b24de2,000015,3.749829,2026-08-31T18:41:51.349+00:00,2026-08-31T18:41:47.650+00:00,2026-08-31T18:41:53.104+00:00,2026-08-31T18:41:53.104+00:00,2026-08-31T18:41:53.977+00:00,2026-08-31T18:41:53.977+00:00,0.343752,0.8735399749994031,sqs-worker-5986dcd897-x8rdl,ip-192-168-20-201.ec2.internal,687f54fdcb25d234ec1c83166c36d0817ce5f660c8c4d4107c145f8d70b0406e,1,5454.0,6327.0
1,keda-mmpp-101-b3b24de2,000019,4.586541,2026-08-31T18:41:52.186+00:00,2026-08-31T18:41:48.491+00:00,2026-08-31T18:41:53.992+00:00,2026-08-31T18:41:53.992+00:00,2026-08-31T18:41:54.087+00:00,2026-08-31T18:41:54.087+00:00,0.045573,0.09520189900013065,sqs-worker-5986dcd897-x8rdl,ip-192-168-20-201.ec2.internal,23e361cddce9f91834adcf1511dab6792d6b6e56d22a6b709c338020508bc95f,1,5501.0,5596.0
1,keda-mmpp-101-b3b24de2,000024,5.419192,2026-08-31T18:41:53.019+00:00,2026-08-31T18:41:49.329+00:00,2026-08-31T18:41:54.106+00:00,2026-08-31T18:41:54.106+00:00,2026-08-31T18:41:54.584+00:00,2026-08-31T18:41:54.584+00:00,0.193027,0.4780170359999829,sqs-worker-5986dcd897-x8rdl,ip-192-168-20-201.ec2.internal,bda4ce977e661be5bfadbf519a15170e868df7dba044743def81c97336c25a5c,1,4777.0,5255.0
1,keda-mmpp-101-b3b24de2,000003,0.989841,2026-08-31T18:41:48.590+00:00,2026-08-31T18:41:45.447+00:00,2026-08-31T18:41:54.603+00:00,2026-08-31T18:41:54.603+00:00,2026-08-31T18:41:55.782+00:00,2026-08-31T18:41:55.782+00:00,0.474336,1.179448107999633,sqs-worker-5986dcd897-x8rdl,ip-192-168-20-201.ec2.internal,d2e75b695c32017acf84065d590b5acec1eb79ba36c93a442873fa8efff6b599,1,9156.0,10335.0
1,keda-mmpp-101-b3b24de2,000004,1.064353,2026-08-31T18:41:48.664+00:00,2026-08-31T18:41:45.507+00:00,2026-08-31T18:41:55.801+00:00,2026-08-31T18:41:55.801+00:00,2026-08-31T18:41:55.908+00:00,2026-08-31T18:41:55.908+00:00,0.062039,0.10709879499972885,sqs-worker-5986dcd897-x8rdl,ip-192-168-20-201.ec2.internal,7bc927b4dca354c4646919694683abcbf776ab353fa907a6a012a3b9386a8e0b,1,10294.0,10401.0
1,keda-mmpp-101-b3b24de2,000021,5.079026,2026-08-31T18:41:52.678+00:00,2026-08-31T18:41:48.982+00:00,2026-08-31T18:41:55.924+00:00,2026-08-31T18:41:55.924+00:00,2026-08-31T18:41:57.296+00:00,2026-08-31T18:41:57.296+00:00,0.543221,1.371625562999725,sqs-worker-5986dcd897-x8rdl,ip-192-168-20-201.ec2.internal,a1a82a6163ea3f571b20e74e4cf94320b9ff5428fc1e3651a39c0e86f6b1d292,1,6942.0,8314.0
1,keda-mmpp-101-b3b24de2,000025,5.438894,2026-08-31T18:41:53.038+00:00,2026-08-31T18:41:49.345+00:00,2026-08-31T18:41:57.310+00:00,2026-08-31T18:41:57.310+00:00,2026-08-31T18:41:57.477+00:00,2026-08-31T18:41:57.477+00:00,0.057569,0.16720670199993037,sqs-worker-5986dcd897-x8rdl,ip-192-168-20-201.ec2.internal,da1d9ddccf43bc3e415183c0101b9810af54b5f71ee69fdb0f94c895bea4adeb,1,7965.0,8132.0
1,keda-mmpp-101-b3b24de2,000014,3.719717,2026-08-31T18:41:51.320+00:00,2026-08-31T18:41:47.623+00:00,2026-08-31T18:41:57.817+00:00,2026-08-31T18:41:57.817+00:00,2026-08-31T18:41:57.886+00:00,2026-08-31T18:41:57.886+00:00,0.019499,0.06935503400018206,sqs-worker-5986dcd897-x8rdl,ip-192-168-20-201.ec2.internal,11218cca299ed88eb865db42e82d2a909fb75dde0374bbaa00562cb51b8843e2,1,10194.0,10263.0
1,keda-mmpp-101-b3b24de2,000023,5.29495,2026-08-31T18:41:52.894+00:00,2026-08-31T18:41:49.196+00:00,2026-08-31T18:41:57.901+00:00,2026-08-31T18:41:57.901+00:00,2026-08-31T18:41:58.193+00:00,2026-08-31T18:41:58.193+00:00,0.122512,0.2915432800000417,sqs-worker-5986dcd897-x8rdl,ip-192-168-20-201.ec2.internal,e6d6f014ff4aaa10a3114fccc78d0081af80f0fee439d729850803aacb1d5f0b,1,8705.0,8997.0
1,keda-mmpp-101-b3b24de2,000020,5.058973,2026-08-31T18:41:52.659+00:00,2026-08-31T18:41:48.962+00:00,2026-08-31T18:41:57.495+00:00,2026-08-31T18:41:57.496+00:00,2026-08-31T18:41:57.803+00:00,2026-08-31T18:41:57.803+00:00,0.141218,0.30717944299976807,sqs-worker-5986dcd897-x8rdl,ip-192-168-20-201.ec2.internal,9a67b7abfb910ef6eb0e966bfc97dbcf15d377b82d2f9739ee45569a17f686cb,1,8533.0,8841.0
1,keda-mmpp-101-b3b24de2,000028,9.327793,2026-08-31T18:41:56.929+00:00,2026-08-31T18:41:53.237+00:00,2026-08-31T18:41:58.210+00:00,2026-08-31T18:41:58.210+00:00,2026-08-31T18:41:58.693+00:00,2026-08-31T18:41:58.693+00:00,0.196177,0.4831375290004871,sqs-worker-5986dcd897-x8rdl,ip-192-168-20-201.ec2.internal,7e89cfe1332301106cedef93fb027feb85652d40e97fbec943604cf79662f51a,1,4973.0,5456.0
1,keda-mmpp-101-b3b24de2,000016,4.156632,2026-08-31T18:41:51.756+00:00,2026-08-31T18:41:48.058+00:00,2026-08-31T18:41:58.709+00:00,2026-08-31T18:41:58.709+00:00,2026-08-31T18:41:59.081+00:00,2026-08-31T18:41:59.081+00:00,0.144349,0.3717533720000574,sqs-worker-5986dcd897-x8rdl,ip-192-168-20-201.ec2.internal,0224e6564c3623f5cefc8d68fd7ab1f6f90e5f09f8048bcbd7e85634216580e3,1,10651.0,11023.0
1,keda-mmpp-101-b3b24de2,000030,14.085886,2026-08-31T18:42:01.685+00:00,2026-08-31T18:41:57.988+00:00,2026-08-31T18:41:59.095+00:00,2026-08-31T18:41:59.095+00:00,2026-08-31T18:42:02.775+00:00,2026-08-31T18:42:02.775+00:00,0.860033,3.6799704939994626,sqs-worker-5986dcd897-x8rdl,ip-192-168-20-201.ec2.internal,b0f141056a2cf0cf0086e8243deb1ee9c8d66f8e9f123ff72a8d60ce67a5e2ed,1,1107.0,4787.0
1,keda-mmpp-101-b3b24de2,000031,17.954208,2026-08-31T18:42:05.553+00:00,2026-08-31T18:42:01.856+00:00,2026-08-31T18:42:02.790+00:00,2026-08-31T18:42:02.790+00:00,2026-08-31T18:42:02.893+00:00,2026-08-31T18:42:02.894+00:00,0.053735,0.1036747779999132,sqs-worker-5986dcd897-x8rdl,ip-192-168-20-201.ec2.internal,c1e3195c7da9c925ef775da8c8704795a63f27c607b769a27b9ae586855fe2bd,1,934.0,1037.0
1,keda-mmpp-101-b3b24de2,000022,5.252949,2026-08-31T18:41:52.852+00:00,2026-08-31T18:41:49.168+00:00,2026-08-31T18:42:02.918+00:00,2026-08-31T18:42:02.918+00:00,2026-08-31T18:42:03.295+00:00,2026-08-31T18:42:03.295+00:00,0.157511,0.3774519070002498,sqs-worker-5986dcd897-x8rdl,ip-192-168-20-201.ec2.internal,3904e4269521942bb4289c686cfa468c4fdaa7c57faa5b960ca8bb306152ebd5,1,13750.0,14127.0
1,keda-mmpp-101-b3b24de2,000032,18.228369,2026-08-31T18:42:05.827+00:00,2026-08-31T18:42:02.130+00:00,2026-08-31T18:42:03.333+00:00,2026-08-31T18:42:03.333+00:00,2026-08-31T18:42:03.396+00:00,2026-08-31T18:42:03.396+00:00,0.029862,0.06283248699946853,sqs-worker-5986dcd897-x8rdl,ip-192-168-20-201.ec2.internal,6a25c7658e3fe90cfe12a54e7a6c4899c7a859025ac20e798a209be85d621609,1,1203.0,1266.0
1,keda-mmpp-101-b3b24de2,000029,12.867435,2026-08-31T18:42:00.469+00:00,2026-08-31T18:41:56.775+00:00,2026-08-31T18:42:03.434+00:00,2026-08-31T18:42:03.434+00:00,2026-08-31T18:42:04.179+00:00,2026-08-31T18:42:04.179+00:00,0.299026,0.7445207560003837,sqs-worker-5986dcd897-x8rdl,ip-192-168-20-201.ec2.internal,d2edd465c20f41bac4676431de9e3b6f544217db614debeb1638a4933b6b5985,1,6659.0,7404.0
1,keda-mmpp-101-b3b24de2,000034,19.620454,2026-08-31T18:42:07.219+00:00,2026-08-31T18:42:03.518+00:00,2026-08-31T18:42:04.213+00:00,2026-08-31T18:42:04.213+00:00,2026-08-31T18:42:06.075+00:00,2026-08-31T18:42:06.075+00:00,0.752102,1.8620268839995333,sqs-worker-5986dcd897-x8rdl,ip-192-168-20-201.ec2.internal,f123b167bde7c668460e807a4d2f81b46a3a98b94d3850504be342348d2b56c7,1,695.0,2557.0
1,keda-mmpp-101-b3b24de2,000026,5.452059,2026-08-31T18:41:53.052+00:00,2026-08-31T18:41:49.374+00:00,2026-08-31T18:42:06.094+00:00,2026-08-31T18:42:06.094+00:00,2026-08-31T18:42:06.476+00:00,2026-08-31T18:42:06.476+00:00,0.157318,0.3827206670002852,sqs-worker-5986dcd897-x8rdl,ip-192-168-20-201.ec2.internal,80a3ab3d4cbd853544f573c0ac18abd2eeae3d50b625c4b0ae757de14fc9195a,1,16720.0,17102.0
1,keda-mmpp-101-b3b24de2,000042,21.267616,2026-08-31T18:42:08.866+00:00,2026-08-31T18:42:05.176+00:00,2026-08-31T18:42:06.491+00:00,2026-08-31T18:42:06.491+00:00,2026-08-31T18:42:06.709+00:00,2026-08-31T18:42:06.709+00:00,0.108857,0.21822682099991653,sqs-worker-5986dcd897-x8rdl,ip-192-168-20-201.ec2.internal,dcb86a7005743e90f831a622826034be0cb0bcb8ac92ad8fb1ff5ae230c533c0,1,1315.0,1533.0
1,keda-mmpp-101-b3b24de2,000040,21.204094,2026-08-31T18:42:08.802+00:00,2026-08-31T18:42:05.103+00:00,2026-08-31T18:42:06.728+00:00,2026-08-31T18:42:06.728+00:00,2026-08-31T18:42:08.088+00:00,2026-08-31T18:42:08.088+00:00,0.535045,1.3601893350005412,sqs-worker-5986dcd897-x8rdl,ip-192-168-20-201.ec2.internal,a0f24dcbd6a1f92a93b027b57d8cd1f29083aecd704e0e1a18234323c63434f8,1,1625.0,2985.0
1,keda-mmpp-101-b3b24de2,000046,22.580897,2026-08-31T18:42:10.179+00:00,2026-08-31T18:42:06.477+00:00,2026-08-31T18:42:08.104+00:00,2026-08-31T18:42:08.104+00:00,2026-08-31T18:42:08.582+00:00,2026-08-31T18:42:08.582+00:00,0.189332,0.4779846159999579,sqs-worker-5986dcd897-x8rdl,ip-192-168-20-201.ec2.internal,67a60a5c0d437d8336997eb9dd46907d13797f362d9d0d4ae06bfa67aa8300f7,1,1627.0,2105.0
1,keda-mmpp-101-b3b24de2,000027,5.710745,2026-08-31T18:41:53.310+00:00,2026-08-31T18:41:49.613+00:00,2026-08-31T18:42:08.599+00:00,2026-08-31T18:42:08.599+00:00,2026-08-31T18:42:08.610+00:00,2026-08-31T18:42:08.610+00:00,0.011145,0.011179521000485693,sqs-worker-5986dcd897-x8rdl,ip-192-168-20-201.ec2.internal,fb8edc1d54b689569e3f0d7181ed5cb040b4e8ff997d647931833c06ff0d3202,1,18986.0,18997.0
1,keda-mmpp-101-b3b24de2,000047,22.935169,2026-08-31T18:42:10.533+00:00,2026-08-31T18:42:06.832+00:00,2026-08-31T18:42:08.625+00:00,2026-08-31T18:42:08.625+00:00,2026-08-31T18:42:08.887+00:00,2026-08-31T18:42:08.887+00:00,0.106118,0.2620083359997807,sqs-worker-5986dcd897-x8rdl,ip-192-168-20-201.ec2.internal,4ccb0e41bdb1050b1e0862b1620573b6f18b6d4cdaa5a915c6ecf70f77796dbd,1,1793.0,2055.0
1,keda-mmpp-101-b3b24de2,000036,20.456968,2026-08-31T18:42:08.055+00:00,2026-08-31T18:42:04.355+00:00,2026-08-31T18:42:09.023+00:00,2026-08-31T18:42:09.023+00:00,2026-08-31T18:42:09.208+00:00,2026-08-31T18:42:09.208+00:00,0.076892,0.18463903600058984,sqs-worker-5986dcd897-x8rdl,ip-192-168-20-201.ec2.internal,ecfc248424e064db44d47baec8488443bd60c5bdccfee9cb3a73f39afb4cdbcb,1,4668.0,4853.0
1,keda-mmpp-101-b3b24de2,000041,21.260349,2026-08-31T18:42:08.858+00:00,2026-08-31T18:42:05.166+00:00,2026-08-31T18:42:08.949+00:00,2026-08-31T18:42:08.949+00:00,2026-08-31T18:42:09.007+00:00,2026-08-31T18:42:09.007+00:00,0.056344,0.05855994400008058,sqs-worker-5986dcd897-x8rdl,ip-192-168-20-201.ec2.internal,5e8460de2ea90607683807af991892a02656055f06d252ace8a806ee5ed62b80,1,3783.0,3841.0
1,keda-mmpp-101-b3b24de2,000049,23.319221,2026-08-31T18:42:10.917+00:00,2026-08-31T18:42:07.215+00:00,2026-08-31T18:42:09.895+00:00,2026-08-31T18:42:09.895+00:00,2026-08-31T18:42:10.094+00:00,2026-08-31T18:42:10.094+00:00,0.044679,0.19946451600026194,sqs-worker-5986dcd897-x8rdl,ip-192-168-20-201.ec2.internal,1faf0bf0990e25a91dbda61d0e0e75635e7b6d6a0bc6a2fed974cc27b422197e,1,2680.0,2879.0
1,keda-mmpp-101-b3b24de2,000050,23.42752,2026-08-31T18:42:11.026+00:00,2026-08-31T18:42:07.327+00:00,2026-08-31T18:42:10.186+00:00,2026-08-31T18:42:10.186+00:00,2026-08-31T18:42:10.684+00:00,2026-08-31T18:42:10.684+00:00,0.09814,0.49794789499992476,sqs-worker-5986dcd897-x8rdl,ip-192-168-20-201.ec2.internal,5f5d0d977047fd6470118b5cd1b3cc9db1b32470ef60a8ebb2564c7f701367b0,1,2859.0,3357.0
1,keda-mmpp-101-b3b24de2,000033,19.451003,2026-08-31T18:42:07.050+00:00,2026-08-31T18:42:03.351+00:00,2026-08-31T18:42:09.222+00:00,2026-08-31T18:42:09.222+00:00,2026-08-31T18:42:09.790+00:00,2026-08-31T18:42:09.790+00:00,0.193926,0.5680340549997709,sqs-worker-5986dcd897-x8rdl,ip-192-168-20-201.ec2.internal,b3c2a77d8a7e16bd92399180d4b1bda4d8f068f327697b0ae417ed47e7ac8ff2,1,5871.0,6439.0
1,keda-mmpp-101-b3b24de2,000044,22.175556,2026-08-31T18:42:09.774+00:00,2026-08-31T18:42:06.078+00:00,2026-08-31T18:42:10.698+00:00,2026-08-31T18:42:10.699+00:00,2026-08-31T18:42:11.804+00:00,2026-08-31T18:42:11.804+00:00,0.20925,1.1055903799997395,sqs-worker-5986dcd897-x8rdl,ip-192-168-20-201.ec2.internal,f3dd702ee4ce57cc6f2d87e8bddc88eaef68b1252e5c077c5c8c473382cf72fe,1,4620.0,5726.0
1,keda-mmpp-101-b3b24de2,000048,23.087047,2026-08-31T18:42:10.685+00:00,2026-08-31T18:42:06.983+00:00,2026-08-31T18:42:11.895+00:00,2026-08-31T18:42:11.895+00:00,2026-08-31T18:42:11.978+00:00,2026-08-31T18:42:11.978+00:00,0.016731,0.08301916500022344,sqs-worker-5986dcd897-x8rdl,ip-192-168-20-201.ec2.internal,934b96cef7bb21fd7687ea82429fc4dfe81e2fa510ff79bbb8d50838a3988da1,1,4912.0,4995.0
1,keda-mmpp-101-b3b24de2,000035,20.127946,2026-08-31T18:42:07.726+00:00,2026-08-31T18:42:04.027+00:00,2026-08-31T18:42:11.997+00:00,2026-08-31T18:42:11.997+00:00,2026-08-31T18:42:12.093+00:00,2026-08-31T18:42:12.093+00:00,0.021908,0.09541760299998714,sqs-worker-5986dcd897-x8rdl,ip-192-168-20-201.ec2.internal,033369b8226b6cf1209b99437818f4dcc733177e316d5489b00b6b7c4bbd43ff,1,7970.0,8066.000000000001
1,keda-mmpp-101-b3b24de2,000037,20.898126,2026-08-31T18:42:08.496+00:00,2026-08-31T18:42:04.797+00:00,2026-08-31T18:42:12.618+00:00,2026-08-31T18:42:12.619+00:00,2026-08-31T18:42:12.703+00:00,2026-08-31T18:42:12.703+00:00,0.038378,0.08480173599946284,sqs-worker-5986dcd897-x8rdl,ip-192-168-20-201.ec2.internal,0d8a741f96efa45d5abbf805e97b13fe17b833f7a7858fab340910f1482a0e57,1,7821.0,7906.0
1,keda-mmpp-101-b3b24de2,000051,25.92229,2026-08-31T18:42:13.523+00:00,2026-08-31T18:42:09.823+00:00,2026-08-31T18:42:12.107+00:00,2026-08-31T18:42:12.107+00:00,2026-08-31T18:42:12.605+00:00,2026-08-31T18:42:12.605+00:00,0.111227,0.4981492150000122,sqs-worker-5986dcd897-x8rdl,ip-192-168-20-201.ec2.internal,402b1babca0b4ef23708b6d110c175bd373462769b2f99c7f75c2c98cd9be526,1,2284.0,2782.0
1,keda-mmpp-101-b3b24de2,000038,20.917866,2026-08-31T18:42:08.516+00:00,2026-08-31T18:42:04.821+00:00,2026-08-31T18:42:12.723+00:00,2026-08-31T18:42:12.723+00:00,2026-08-31T18:42:13.213+00:00,2026-08-31T18:42:13.213+00:00,0.197662,0.4896279519998643,sqs-worker-5986dcd897-x8rdl,ip-192-168-20-201.ec2.internal,fd1749a459bfed766535c3f3ab7625637d275e278b007d8945ed762e28764bca,1,7902.0,8392.0
1,keda-mmpp-101-b3b24de2,000053,29.633041,2026-08-31T18:42:17.233+00:00,2026-08-31T18:42:13.532+00:00,2026-08-31T18:42:13.652+00:00,2026-08-31T18:42:13.652+00:00,2026-08-31T18:42:13.721+00:00,2026-08-31T18:42:13.721+00:00,0.015945,0.06969827700049791,sqs-worker-5986dcd897-76985,ip-192-168-20-201.ec2.internal,c5c7a129cb6ad7347f4d1de2cba8a4abf898c9a37b555ef4d0dce932bb3edd09,1,120.0,189.0
1,keda-mmpp-101-b3b24de2,000043,21.810703,2026-08-31T18:42:09.409+00:00,2026-08-31T18:42:05.710+00:00,2026-08-31T18:42:13.753+00:00,2026-08-31T18:42:13.753+00:00,2026-08-31T18:42:13.896+00:00,2026-08-31T18:42:13.896+00:00,0.052545,0.1432478300002913,sqs-worker-5986dcd897-x8rdl,ip-192-168-20-201.ec2.internal,8e5319d99165f00286d74c2733eae83697cb8f7188653271938fc770289fa266,1,8042.999999999999,8186.0
1,keda-mmpp-101-b3b24de2,000052,25.946649,2026-08-31T18:42:13.545+00:00,2026-08-31T18:42:09.843+00:00,2026-08-31T18:42:13.142+00:00,2026-08-31T18:42:13.142+00:00,2026-08-31T18:42:13.147+00:00,2026-08-31T18:42:13.147+00:00,0.005,0.0050407660000928445,sqs-worker-5986dcd897-76985,ip-192-168-20-201.ec2.internal,20815374f4ce992a2b0498e8737ae9f30de468379f224946af701e139f29afb6,1,3299.0,3304.0
1,keda-mmpp-101-b3b24de2,000039,21.182299,2026-08-31T18:42:08.781+00:00,2026-08-31T18:42:05.083+00:00,2026-08-31T18:42:13.179+00:00,2026-08-31T18:42:13.179+00:00,2026-08-31T18:42:13.619+00:00,2026-08-31T18:42:13.619+00:00,0.184197,0.4405287010004031,sqs-worker-5986dcd897-76985,ip-192-168-20-201.ec2.internal,928d8e5e52bf1852f62bbb3300bbb64a7ecdbb5a329102b82e9010e1cc73725e,1,8096.0,8536.0
1,keda-mmpp-101-b3b24de2,000045,22.298886,2026-08-31T18:42:09.897+00:00,2026-08-31T18:42:06.196+00:00,2026-08-31T18:42:13.239+00:00,2026-08-31T18:42:13.239+00:00,2026-08-31T18:42:13.718+00:00,2026-08-31T18:42:13.718+00:00,0.201619,0.4794513589995404,sqs-worker-5986dcd897-x8rdl,ip-192-168-20-201.ec2.internal,021f2d5235d08cd554716d2fe559427abda440b3740890d87d8bb3a73e866b3d,1,7043.0,7522.0
1,keda-mmpp-101-b3b24de2,000054,31.363334,2026-08-31T18:42:18.963+00:00,2026-08-31T18:42:15.262+00:00,2026-08-31T18:42:15.266+00:00,2026-08-31T18:42:15.266+00:00,2026-08-31T18:42:16.645+00:00,2026-08-31T18:42:16.645+00:00,0.311575,1.379437577000317,sqs-worker-5986dcd897-76985,ip-192-168-20-201.ec2.internal,613905ca6070645800e38ad59ae113b929e21560b0cfb04a49bf22edf56e16ec,1,4.0,1383.0
1,keda-mmpp-101-b3b24de2,000056,32.784421,2026-08-31T18:42:20.384+00:00,2026-08-31T18:42:16.683+00:00,2026-08-31T18:42:16.742+00:00,2026-08-31T18:42:16.742+00:00,2026-08-31T18:42:17.350+00:00,2026-08-31T18:42:17.350+00:00,0.155408,0.6075571869996566,sqs-worker-5986dcd897-76985,ip-192-168-20-201.ec2.internal,5c59f83caad41e60c00d7b5462e4fac1f9f65eb1b6b6208c40cb3cfaedb07772,1,59.0,667.0
1,keda-mmpp-101-b3b24de2,000057,32.897823,2026-08-31T18:42:20.496+00:00,2026-08-31T18:42:16.794+00:00,2026-08-31T18:42:17.375+00:00,2026-08-31T18:42:17.375+00:00,2026-08-31T18:42:17.389+00:00,2026-08-31T18:42:17.389+00:00,0.013804,0.013855595000677567,sqs-worker-5986dcd897-76985,ip-192-168-20-201.ec2.internal,00d2931c7c7088907ec9ac0cbb35dcf6838708cbdb9c0b1f15d43efdbe34fae4,1,581.0,595.0
1,keda-mmpp-101-b3b24de2,000058,33.762317,2026-08-31T18:42:21.361+00:00,2026-08-31T18:42:17.661+00:00,2026-08-31T18:42:17.664+00:00,2026-08-31T18:42:17.665+00:00,2026-08-31T18:42:17.966+00:00,2026-08-31T18:42:17.966+00:00,0.154427,0.3019572290004362,sqs-worker-5986dcd897-76985,ip-192-168-20-201.ec2.internal,505c4d15e60c6ca5ad41ad7d7de59d359a45475cb8f9924b72dbd4e129bc4933,1,3.0,305.0
1,keda-mmpp-101-b3b24de2,000055,31.372156,2026-08-31T18:42:18.970+00:00,2026-08-31T18:42:15.269+00:00,2026-08-31T18:42:15.274+00:00,2026-08-31T18:42:15.274+00:00,2026-08-31T18:42:17.703+00:00,2026-08-31T18:42:17.703+00:00,0.987815,2.4283961359997193,sqs-worker-5986dcd897-x8rdl,ip-192-168-20-201.ec2.internal,feb0c158bb6b93e5ad25324af6654980ee7675f3cb20f6e43918007bf22bfe7e,1,5.0,2434.0
1,keda-mmpp-101-b3b24de2,000060,34.614536,2026-08-31T18:42:22.212+00:00,2026-08-31T18:42:18.512+00:00,2026-08-31T18:42:18.516+00:00,2026-08-31T18:42:18.516+00:00,2026-08-31T18:42:18.589+00:00,2026-08-31T18:42:18.589+00:00,0.045966,0.07287661000009393,sqs-worker-5986dcd897-x8rdl,ip-192-168-20-201.ec2.internal,44752139dd7f45eeb53838343813b6c74b824c21fd364b4e880519d49130f38e,1,4.0,77.0
1,keda-mmpp-101-b3b24de2,000061,34.621053,2026-08-31T18:42:22.219+00:00,2026-08-31T18:42:18.520+00:00,2026-08-31T18:42:18.608+00:00,2026-08-31T18:42:18.608+00:00,2026-08-31T18:42:18.915+00:00,2026-08-31T18:42:18.915+00:00,0.1421,0.30660992699995404,sqs-worker-5986dcd897-x8rdl,ip-192-168-20-201.ec2.internal,699efd4bd29c9d5895b981be6b4e03794a8b922de1765287c4df20dd882da2e0,1,88.0,395.0
1,keda-mmpp-101-b3b24de2,000064,35.216102,2026-08-31T18:42:22.814+00:00,2026-08-31T18:42:19.113+00:00,2026-08-31T18:42:19.171+00:00,2026-08-31T18:42:19.171+00:00,2026-08-31T18:42:19.220+00:00,2026-08-31T18:42:19.220+00:00,0.009784,0.0485801619997801,sqs-worker-5986dcd897-76985,ip-192-168-20-201.ec2.internal,7782912585e21b0cc2fc95b0988bd720e009e1184f05adc5412af80196449cb3,1,58.0,107.0
1,keda-mmpp-101-b3b24de2,000065,35.410493,2026-08-31T18:42:23.009+00:00,2026-08-31T18:42:19.307+00:00,2026-08-31T18:42:19.326+00:00,2026-08-31T18:42:19.326+00:00,2026-08-31T18:42:19.338+00:00,2026-08-31T18:42:19.338+00:00,0.011951,0.011994382000011683,sqs-worker-5986dcd897-x8rdl,ip-192-168-20-201.ec2.internal,a00626387c19c03464d41b8466b8af75df8e365989d5e1a1d4478a8b96a5f74b,1,19.0,31.0
1,keda-mmpp-101-b3b24de2,000062,34.911146,2026-08-31T18:42:22.509+00:00,2026-08-31T18:42:18.809+00:00,2026-08-31T18:42:18.954+00:00,2026-08-31T18:42:18.954+00:00,2026-08-31T18:42:19.286+00:00,2026-08-31T18:42:19.286+00:00,0.126576,0.33239495399993757,sqs-worker-5986dcd897-x8rdl,ip-192-168-20-201.ec2.internal,07c3e090bfa117062939209e373dc08399f2721dfe847b2175560aad4fe42864,1,145.0,477.0
1,keda-mmpp-101-b3b24de2,000059,34.609684,2026-08-31T18:42:22.208+00:00,2026-08-31T18:42:18.509+00:00,2026-08-31T18:42:18.513+00:00,2026-08-31T18:42:18.513+00:00,2026-08-31T18:42:19.146+00:00,2026-08-31T18:42:19.146+00:00,0.275382,0.6332948039998882,sqs-worker-5986dcd897-76985,ip-192-168-20-201.ec2.internal,baf003aec932867824841daaa421b27124afa0a98e813317c1935a4880020807,1,4.0,637.0
1,keda-mmpp-101-b3b24de2,000066,35.50374,2026-08-31T18:42:23.102+00:00,2026-08-31T18:42:19.400+00:00,2026-08-31T18:42:19.405+00:00,2026-08-31T18:42:19.405+00:00,2026-08-31T18:42:19.419+00:00,2026-08-31T18:42:19.419+00:00,0.013908,0.014093627999500313,sqs-worker-5986dcd897-x8rdl,ip-192-168-20-201.ec2.internal,311be1ce3dc8cc872855fe862e494e9c5908b48a254bf431a743ce99122a1f60,1,5.0,19.0
1,keda-mmpp-101-b3b24de2,000069,36.671774,2026-08-31T18:42:24.270+00:00,2026-08-31T18:42:20.570+00:00,2026-08-31T18:42:20.574+00:00,2026-08-31T18:42:20.574+00:00,2026-08-31T18:42:20.689+00:00,2026-08-31T18:42:20.689+00:00,0.025189,0.11482260599950678,sqs-worker-5986dcd897-x8rdl,ip-192-168-20-201.ec2.internal,fb6a726475d5cf7c5cbe06d5c058346712bb8b89233ea48781b67c40c31ecb86,1,4.0,119.0
1,keda-mmpp-101-b3b24de2,000063,35.075961,2026-08-31T18:42:22.674+00:00,2026-08-31T18:42:18.973+00:00,2026-08-31T18:42:19.252+00:00,2026-08-31T18:42:19.252+00:00,2026-08-31T18:42:19.943+00:00,2026-08-31T18:42:19.943+00:00,0.283481,0.6906524969999737,sqs-worker-5986dcd897-76985,ip-192-168-20-201.ec2.internal,600f92a0ffa60667d8b8efee83d235cff621cbc97c2f4e9315fd55aafc06526b,1,279.0,970.0
1,keda-mmpp-101-b3b24de2,000067,35.815935,2026-08-31T18:42:23.414+00:00,2026-08-31T18:42:19.712+00:00,2026-08-31T18:42:19.774+00:00,2026-08-31T18:42:19.774+00:00,2026-08-31T18:42:20.390+00:00,2026-08-31T18:42:20.390+00:00,0.108292,0.6154674180006623,sqs-worker-5986dcd897-x8rdl,ip-192-168-20-201.ec2.internal,66da159012270b55ecfb447e35d733c8bc7f9f5dac3fb2158d16933d3692395b,1,62.0,678.0
1,keda-mmpp-101-b3b24de2,000068,36.107068,2026-08-31T18:42:23.705+00:00,2026-08-31T18:42:20.002+00:00,2026-08-31T18:42:20.006+00:00,2026-08-31T18:42:20.006+00:00,2026-08-31T18:42:20.533+00:00,2026-08-31T18:42:20.533+00:00,0.22804,0.5270769690005181,sqs-worker-5986dcd897-76985,ip-192-168-20-201.ec2.internal,7d709cd87090d14f98f5e46afdf485779edcc7fc3c3b292e21468f5cfdb4d4d0,1,4.0,531.0
1,keda-mmpp-101-b3b24de2,000071,37.130614,2026-08-31T18:42:24.729+00:00,2026-08-31T18:42:21.028+00:00,2026-08-31T18:42:21.032+00:00,2026-08-31T18:42:21.032+00:00,2026-08-31T18:42:21.264+00:00,2026-08-31T18:42:21.264+00:00,0.111812,0.23147762000007788,sqs-worker-5986dcd897-76985,ip-192-168-20-201.ec2.internal,0f078f4f7e3a4e37a638cabfa9e55b409d6df70cde5d2264d857c4b7695efc2f,1,4.0,236.0
1,keda-mmpp-101-b3b24de2,000070,37.00446,2026-08-31T18:42:24.603+00:00,2026-08-31T18:42:20.903+00:00,2026-08-31T18:42:20.907+00:00,2026-08-31T18:42:20.907+00:00,2026-08-31T18:42:22.110+00:00,2026-08-31T18:42:22.110+00:00,0.303731,1.2028944820003744,sqs-worker-5986dcd897-x8rdl,ip-192-168-20-201.ec2.internal,e2a937f36fa33c317ab3d6c82a20d674c8a0d1525f3742bae5cbb4c3f6863a6f,1,4.0,1207.0
1,keda-mmpp-101-b3b24de2,000072,37.154408,2026-08-31T18:42:24.753+00:00,2026-08-31T18:42:21.054+00:00,2026-08-31T18:42:22.174+00:00,2026-08-31T18:42:22.175+00:00,2026-08-31T18:42:22.290+00:00,2026-08-31T18:42:22.290+00:00,0.055297,0.11577048900016962,sqs-worker-5986dcd897-x8rdl,ip-192-168-20-201.ec2.internal,ecb540f1dd6eff02c6a51ec8e7f50644f92a06f7f2e7268cf27330dfc71bcd11,1,1120.0,1236.0
1,keda-mmpp-101-b3b24de2,000076,37.844434,2026-08-31T18:42:25.441+00:00,2026-08-31T18:42:21.742+00:00,2026-08-31T18:42:22.312+00:00,2026-08-31T18:42:22.312+00:00,2026-08-31T18:42:22.692+00:00,2026-08-31T18:42:22.692+00:00,0.158099,0.3801896470004067,sqs-worker-5986dcd897-x8rdl,ip-192-168-20-201.ec2.internal,36df1e4ca647a63b70857d38e25fea7834c42bffad27e331a243d604a6adb12d,1,570.0,950.0
1,keda-mmpp-101-b3b24de2,000073,37.327382,2026-08-31T18:42:24.924+00:00,2026-08-31T18:42:21.225+00:00,2026-08-31T18:42:21.298+00:00,2026-08-31T18:42:21.298+00:00,2026-08-31T18:42:22.261+00:00,2026-08-31T18:42:22.261+00:00,0.393493,0.9635436660000778,sqs-worker-5986dcd897-76985,ip-192-168-20-201.ec2.internal,4e48ddb55660eec9450d69a13d7077c9b4cceffd457cabbcf7d648a576134c70,1,73.0,1036.0
1,keda-mmpp-101-b3b24de2,000075,37.808195,2026-08-31T18:42:25.405+00:00,2026-08-31T18:42:21.705+00:00,2026-08-31T18:42:22.706+00:00,2026-08-31T18:42:22.706+00:00,2026-08-31T18:42:22.909+00:00,2026-08-31T18:42:22.909+00:00,0.093723,0.20322887699967396,sqs-worker-5986dcd897-x8rdl,ip-192-168-20-201.ec2.internal,7ed7c08bca15fc0a344b4c713b3c96b46df0a1f55c69db4848021bbdc8379b59,1,1000.9999999999999,1204.0
1,keda-mmpp-101-b3b24de2,000074,37.799837,2026-08-31T18:42:25.397+00:00,2026-08-31T18:42:21.697+00:00,2026-08-31T18:42:22.924+00:00,2026-08-31T18:42:22.924+00:00,2026-08-31T18:42:23.375+00:00,2026-08-31T18:42:23.375+00:00,0.16125,0.45050390100004734,sqs-worker-5986dcd897-x8rdl,ip-192-168-20-201.ec2.internal,1659c62b64bd06c0f22187d7b549fd61774460e1bef08a440ba0e3c62eaeb3c3,1,1227.0,1678.0
1,keda-mmpp-101-b3b24de2,000077,38.060695,2026-08-31T18:42:25.657+00:00,2026-08-31T18:42:21.957+00:00,2026-08-31T18:42:23.156+00:00,2026-08-31T18:42:23.156+00:00,2026-08-31T18:42:23.447+00:00,2026-08-31T18:42:23.447+00:00,0.127537,0.2913382149999961,sqs-worker-5986dcd897-76985,ip-192-168-20-201.ec2.internal,467ef66fe9b0da3d6468f3541b71e7f636a154b917fc9908690b9a0441b7fe80,1,1199.0,1490.0
1,keda-mmpp-101-b3b24de2,000078,38.175241,2026-08-31T18:42:25.772+00:00,2026-08-31T18:42:22.072+00:00,2026-08-31T18:42:22.277+00:00,2026-08-31T18:42:22.277+00:00,2026-08-31T18:42:22.853+00:00,2026-08-31T18:42:22.853+00:00,0.231509,0.5763642880001498,sqs-worker-5986dcd897-76985,ip-192-168-20-201.ec2.internal,e4d576ca8b569ab2c8b1ae0cd8d677de53204ff10eb7ad1bd1e35bfeab9e1c2e,1,205.0,781.0
1,keda-mmpp-101-b3b24de2,000080,38.466998,2026-08-31T18:42:26.064+00:00,2026-08-31T18:42:22.362+00:00,2026-08-31T18:42:22.868+00:00,2026-08-31T18:42:22.869+00:00,2026-08-31T18:42:23.120+00:00,2026-08-31T18:42:23.120+00:00,0.094303,0.25130947300021944,sqs-worker-5986dcd897-76985,ip-192-168-20-201.ec2.internal,5021bb0f800411fc274ec19098948a5b66987d5e53b077b3eab3a40bad37a843,1,506.0,758.0
1,keda-mmpp-101-b3b24de2,000079,38.245191,2026-08-31T18:42:25.842+00:00,2026-08-31T18:42:22.142+00:00,2026-08-31T18:42:23.423+00:00,2026-08-31T18:42:23.423+00:00,2026-08-31T18:42:24.075+00:00,2026-08-31T18:42:24.075+00:00,0.275606,0.65237180099939,sqs-worker-5986dcd897-x8rdl,ip-192-168-20-201.ec2.internal,5165c0eaf9e51d51d7d0453234a5c2fa2975118cea1003268be242e2892ffbd9,1,1281.0,1933.0
1,keda-mmpp-101-b3b24de2,000087,40.685006,2026-08-31T18:42:28.282+00:00,2026-08-31T18:42:24.581+00:00,2026-08-31T18:42:24.586+00:00,2026-08-31T18:42:24.586+00:00,2026-08-31T18:42:24.694+00:00,2026-08-31T18:42:24.694+00:00,0.05177,0.1085012560006362,sqs-worker-5986dcd897-x8rdl,ip-192-168-20-201.ec2.internal,0aa392b907f0289598c687e682af5d2e6e82c10d59824cf39a8a52a586942e1e,1,5.0,113.0
1,keda-mmpp-101-b3b24de2,000083,39.150504,2026-08-31T18:42:26.747+00:00,2026-08-31T18:42:23.047+00:00,2026-08-31T18:42:24.096+00:00,2026-08-31T18:42:24.096+00:00,2026-08-31T18:42:24.116+00:00,2026-08-31T18:42:24.116+00:00,0.019856,0.019887499999640568,sqs-worker-5986dcd897-x8rdl,ip-192-168-20-201.ec2.internal,d4c450cbc835f4e8583dc5aaf352816fe92323e989cea4de6f29acbdb54a3125,1,1049.0,1069.0
1,keda-mmpp-101-b3b24de2,000082,38.695979,2026-08-31T18:42:26.293+00:00,2026-08-31T18:42:22.593+00:00,2026-08-31T18:42:23.522+00:00,2026-08-31T18:42:23.522+00:00,2026-08-31T18:42:24.135+00:00,2026-08-31T18:42:24.135+00:00,0.258809,0.6127356980005061,sqs-worker-5986dcd897-76985,ip-192-168-20-201.ec2.internal,681558fadb7eacc27b330202c1516505b534aa08904058c2f2dbc15f5a9187c0,1,929.0,1542.0
1,keda-mmpp-101-b3b24de2,000081,38.521151,2026-08-31T18:42:26.118+00:00,2026-08-31T18:42:22.418+00:00,2026-08-31T18:42:23.479+00:00,2026-08-31T18:42:23.479+00:00,2026-08-31T18:42:23.484+00:00,2026-08-31T18:42:23.484+00:00,0.005,0.005049598999903537,sqs-worker-5986dcd897-76985,ip-192-168-20-201.ec2.internal,36e5cd0cbd93a2c16a48c9536e5feeadd627ea464a53d75918a68052c916863c,1,1061.0,1066.0
1,keda-mmpp-101-b3b24de2,000085,40.366066,2026-08-31T18:42:27.963+00:00,2026-08-31T18:42:24.263+00:00,2026-08-31T18:42:24.267+00:00,2026-08-31T18:42:24.267+00:00,2026-08-31T18:42:24.286+00:00,2026-08-31T18:42:24.286+00:00,0.018951,0.019009196999832056,sqs-worker-5986dcd897-x8rdl,ip-192-168-20-201.ec2.internal,450c99c0a2d5ca69554c6daad29cffd2c41efc874500eacde3ce0b3aa88c7162,1,4.0,23.0
1,keda-mmpp-101-b3b24de2,000088,41.028926,2026-08-31T18:42:28.626+00:00,2026-08-31T18:42:24.924+00:00,2026-08-31T18:42:24.932+00:00,2026-08-31T18:42:24.932+00:00,2026-08-31T18:42:25.911+00:00,2026-08-31T18:42:25.911+00:00,0.428471,0.9789582720004546,sqs-worker-5986dcd897-x8rdl,ip-192-168-20-201.ec2.internal,9ee54f0aa4b45039598bf9f808af2e1b1e15af2909202c10ba1f1b944aece922,1,8.0,987.0
1,keda-mmpp-101-b3b24de2,000089,41.968293,2026-08-31T18:42:29.566+00:00,2026-08-31T18:42:25.864+00:00,2026-08-31T18:42:25.949+00:00,2026-08-31T18:42:25.949+00:00,2026-08-31T18:42:26.507+00:00,2026-08-31T18:42:26.507+00:00,0.231048,0.557668635000482,sqs-worker-5986dcd897-x8rdl,ip-192-168-20-201.ec2.internal,8631c59619f09886fd01155e9cfa16a781f6821e2f0231c6b2220f0429412c39,1,85.0,643.0
1,keda-mmpp-101-b3b24de2,000093,42.629697,2026-08-31T18:42:30.227+00:00,2026-08-31T18:42:26.527+00:00,2026-08-31T18:42:26.915+00:00,2026-08-31T18:42:26.915+00:00,2026-08-31T18:42:27.012+00:00,2026-08-31T18:42:27.012+00:00,0.047301,0.09754882099969109,sqs-worker-5986dcd897-x8rdl,ip-192-168-20-201.ec2.internal,c3249cb5cd652c00d5bd8651fd183259c89b70adaa2b28a3fe8c71c758c055d1,1,388.0,485.0
1,keda-mmpp-101-b3b24de2,000091,42.063946,2026-08-31T18:42:29.660+00:00,2026-08-31T18:42:25.967+00:00,2026-08-31T18:42:26.552+00:00,2026-08-31T18:42:26.552+00:00,2026-08-31T18:42:26.783+00:00,2026-08-31T18:42:26.783+00:00,0.084615,0.23101429500002268,sqs-worker-5986dcd897-x8rdl,ip-192-168-20-201.ec2.internal,88f63f5cc2b23b730eca1dec2664b9308b9f8ffd8fedfd9ae3345b5a1bb369a9,1,585.0,816.0
1,keda-mmpp-101-b3b24de2,000090,42.003466,2026-08-31T18:42:29.600+00:00,2026-08-31T18:42:25.898+00:00,2026-08-31T18:42:26.523+00:00,2026-08-31T18:42:26.523+00:00,2026-08-31T18:42:26.539+00:00,2026-08-31T18:42:26.539+00:00,0.005,0.015667241000301146,sqs-worker-5986dcd897-x8rdl,ip-192-168-20-201.ec2.internal,9f78c715e04ca20158fbe312f58ca44a30a3633529ea93ec4ec52a4a4dca4a03,1,625.0,641.0
1,keda-mmpp-101-b3b24de2,000084,39.966335,2026-08-31T18:42:27.564+00:00,2026-08-31T18:42:23.863+00:00,2026-08-31T18:42:24.146+00:00,2026-08-31T18:42:24.146+00:00,2026-08-31T18:42:24.189+00:00,2026-08-31T18:42:24.189+00:00,0.018592,0.04317726999943261,sqs-worker-5986dcd897-x8rdl,ip-192-168-20-201.ec2.internal,2b3bdda8cd80c835d338645ba743db62d038ad733a1f29ffe8610206ab39cad7,1,283.0,326.0
1,keda-mmpp-101-b3b24de2,000092,42.160563,2026-08-31T18:42:29.757+00:00,2026-08-31T18:42:26.058+00:00,2026-08-31T18:42:26.815+00:00,2026-08-31T18:42:26.815+00:00,2026-08-31T18:42:26.901+00:00,2026-08-31T18:42:26.901+00:00,0.05318,0.0862004419996083,sqs-worker-5986dcd897-x8rdl,ip-192-168-20-201.ec2.internal,34bc8d26963de43c0b8f4eb9811d6f677476f712948c6e6e0512de1887cab511,1,757.0,843.0
1,keda-mmpp-101-b3b24de2,000086,40.40042,2026-08-31T18:42:27.997+00:00,2026-08-31T18:42:24.295+00:00,2026-08-31T18:42:24.299+00:00,2026-08-31T18:42:24.300+00:00,2026-08-31T18:42:27.132+00:00,2026-08-31T18:42:27.132+00:00,0.679753,2.8325149040001634,sqs-worker-5986dcd897-76985,ip-192-168-20-201.ec2.internal,2bf228aa32f3311caa32ce8e5a2bd7e1232ac6d72897b5d91e148f811dedede6,1,4.0,2837.0
1,keda-mmpp-101-b3b24de2,000095,43.134364,2026-08-31T18:42:30.731+00:00,2026-08-31T18:42:27.031+00:00,2026-08-31T18:42:27.245+00:00,2026-08-31T18:42:27.245+00:00,2026-08-31T18:42:28.934+00:00,2026-08-31T18:42:28.934+00:00,0.585214,1.689220137999655,sqs-worker-5986dcd897-76985,ip-192-168-20-201.ec2.internal,7e9086d11125b1fe5618777ce3c2aef54cd905069f54500915846507c2c45af8,1,214.0,1903.0
1,keda-mmpp-101-b3b24de2,000100,44.259521,2026-08-31T18:42:31.856+00:00,2026-08-31T18:42:28.154+00:00,2026-08-31T18:42:28.988+00:00,2026-08-31T18:42:28.988+00:00,2026-08-31T18:42:29.044+00:00,2026-08-31T18:42:29.044+00:00,0.036199,0.05578124499970727,sqs-worker-5986dcd897-76985,ip-192-168-20-201.ec2.internal,5a4a628847c67bcfbe384f77631e40a7b7dbb926edc68df3be61bafef5d9261a,1,834.0,890.0
1,keda-mmpp-101-b3b24de2,000098,43.596712,2026-08-31T18:42:31.193+00:00,2026-08-31T18:42:27.492+00:00,2026-08-31T18:42:29.065+00:00,2026-08-31T18:42:29.065+00:00,2026-08-31T18:42:29.131+00:00,2026-08-31T18:42:29.131+00:00,0.023729,0.06664688999990176,sqs-worker-5986dcd897-76985,ip-192-168-20-201.ec2.internal,2a33afc7b1e23c9922cb52e50c90f2dce96395d02c5735b53589f989af9b5878,1,1573.0,1639.0
1,keda-mmpp-101-b3b24de2,000096,43.454641,2026-08-31T18:42:31.051+00:00,2026-08-31T18:42:27.355+00:00,2026-08-31T18:42:27.696+00:00,2026-08-31T18:42:27.696+00:00,2026-08-31T18:42:29.306+00:00,2026-08-31T18:42:29.306+00:00,0.660305,1.6104045970005245,sqs-worker-5986dcd897-x8rdl,ip-192-168-20-201.ec2.internal,b8b8bb55b7d70b28d1a2110bad09ef5e17117a15b5b09da4ee87cc8d9440ef2d,1,341.0,1951.0
1,keda-mmpp-101-b3b24de2,000099,43.621582,2026-08-31T18:42:31.218+00:00,2026-08-31T18:42:27.517+00:00,2026-08-31T18:42:29.327+00:00,2026-08-31T18:42:29.327+00:00,2026-08-31T18:42:29.616+00:00,2026-08-31T18:42:29.616+00:00,0.123762,0.28948906599998736,sqs-worker-5986dcd897-x8rdl,ip-192-168-20-201.ec2.internal,4f815e0295a7b26e54e112e55d3cd0f2b961873d2361940c5e9bb7044c1e530b,1,1810.0,2099.0
1,keda-mmpp-101-b3b24de2,000094,43.109267,2026-08-31T18:42:30.706+00:00,2026-08-31T18:42:27.007+00:00,2026-08-31T18:42:27.039+00:00,2026-08-31T18:42:27.039+00:00,2026-08-31T18:42:27.633+00:00,2026-08-31T18:42:27.633+00:00,0.245163,0.5939406480001708,sqs-worker-5986dcd897-x8rdl,ip-192-168-20-201.ec2.internal,c27c208f03fcd73913a598b1cdeb14b8f24d0a17d5f2281feb3f081720e84e51,1,32.0,626.0
1,keda-mmpp-101-b3b24de2,000102,44.578553,2026-08-31T18:42:32.175+00:00,2026-08-31T18:42:28.475+00:00,2026-08-31T18:42:28.956+00:00,2026-08-31T18:42:28.956+00:00,2026-08-31T18:42:28.961+00:00,2026-08-31T18:42:28.961+00:00,0.005,0.005030819999774394,sqs-worker-5986dcd897-76985,ip-192-168-20-201.ec2.internal,d4c1403aa29208a73d3b7bf56d251d3a2bd6c57ce258127a60608bd7c14b936b,1,481.0,486.0
1,keda-mmpp-101-b3b24de2,000104,44.650804,2026-08-31T18:42:32.248+00:00,2026-08-31T18:42:28.556+00:00,2026-08-31T18:42:29.641+00:00,2026-08-31T18:42:29.641+00:00,2026-08-31T18:42:31.486+00:00,2026-08-31T18:42:31.486+00:00,0.359985,1.845216622999942,sqs-worker-5986dcd897-x8rdl,ip-192-168-20-201.ec2.internal,7719f586873041d33cfe16bdbf3d395cd6c09323caf9b4edeca3f5863e106c91,1,1085.0,2930.0
1,keda-mmpp-101-b3b24de2,000105,45.209747,2026-08-31T18:42:32.807+00:00,2026-08-31T18:42:29.115+00:00,2026-08-31T18:42:29.147+00:00,2026-08-31T18:42:29.147+00:00,2026-08-31T18:42:31.635+00:00,2026-08-31T18:42:31.635+00:00,1.0,2.4887261579997357,sqs-worker-5986dcd897-76985,ip-192-168-20-201.ec2.internal,8ee9aab867a55258bd39353d36ccef9ca2bb1eab2389eaf603620d1143b5edc6,1,32.0,2520.0
1,keda-mmpp-101-b3b24de2,000101,44.555883,2026-08-31T18:42:32.153+00:00,2026-08-31T18:42:28.455+00:00,2026-08-31T18:42:31.506+00:00,2026-08-31T18:42:31.506+00:00,2026-08-31T18:42:32.287+00:00,2026-08-31T18:42:32.287+00:00,0.138918,0.7812707339999179,sqs-worker-5986dcd897-x8rdl,ip-192-168-20-201.ec2.internal,d1628981dfc6bc47d88d6e34154759f8216289a97cd251ada593b35bb3959471,1,3051.0,3832.0
1,keda-mmpp-101-b3b24de2,000097,43.579062,2026-08-31T18:42:31.176+00:00,2026-08-31T18:42:27.476+00:00,2026-08-31T18:42:31.682+00:00,2026-08-31T18:42:31.683+00:00,2026-08-31T18:42:32.443+00:00,2026-08-31T18:42:32.443+00:00,0.318152,0.7607247449996066,sqs-worker-5986dcd897-76985,ip-192-168-20-201.ec2.internal,2080de16a103730b15213347e6533d448ea58d1aeac8baa068a85e7d6441ad03,1,4206.0,4967.0
1,keda-mmpp-101-b3b24de2,000103,44.619942,2026-08-31T18:42:32.216+00:00,2026-08-31T18:42:28.517+00:00,2026-08-31T18:42:32.308+00:00,2026-08-31T18:42:32.308+00:00,2026-08-31T18:42:32.897+00:00,2026-08-31T18:42:32.897+00:00,0.142645,0.5895645580003475,sqs-worker-5986dcd897-x8rdl,ip-192-168-20-201.ec2.internal,a2b33710b3332efa902525a76af6db9a32849cc43522de28f7dbff34d3e1dba1,1,3791.0,4380.0
1,keda-mmpp-101-b3b24de2,000106,50.040451,2026-08-31T18:42:37.642+00:00,2026-08-31T18:42:33.950+00:00,2026-08-31T18:42:33.954+00:00,2026-08-31T18:42:33.954+00:00,2026-08-31T18:42:34.259+00:00,2026-08-31T18:42:34.259+00:00,0.138372,0.305134772999736,sqs-worker-5986dcd897-76985,ip-192-168-20-201.ec2.internal,2a912832e85154180c9d0c580cddd6678e16a6cc313067acd225b1366e1d3cac,1,4.0,309.0
1,keda-mmpp-101-b3b24de2,000107,51.117706,2026-08-31T18:42:38.715+00:00,2026-08-31T18:42:35.017+00:00,2026-08-31T18:42:35.023+00:00,2026-08-31T18:42:35.023+00:00,2026-08-31T18:42:35.511+00:00,2026-08-31T18:42:35.511+00:00,0.229855,0.48868173000028037,sqs-worker-5986dcd897-x8rdl,ip-192-168-20-201.ec2.internal,0e0ff67ed6c3ddb971eac64caa8b49fe554f1771df6b177a73cef7cf765cc2c5,1,6.0,494.0
1,keda-mmpp-101-b3b24de2,000108,51.601996,2026-08-31T18:42:39.199+00:00,2026-08-31T18:42:35.501+00:00,2026-08-31T18:42:35.517+00:00,2026-08-31T18:42:35.517+00:00,2026-08-31T18:42:35.623+00:00,2026-08-31T18:42:35.623+00:00,0.02194,0.10597129500001756,sqs-worker-5986dcd897-76985,ip-192-168-20-201.ec2.internal,e5ba0034c8dd50926fb54cfee9b8c453e2583bace4cd3f111a945ebc030f8711,1,16.0,122.0
1,keda-mmpp-101-b3b24de2,000109,52.357779,2026-08-31T18:42:39.955+00:00,2026-08-31T18:42:36.255+00:00,2026-08-31T18:42:36.259+00:00,2026-08-31T18:42:36.259+00:00,2026-08-31T18:42:36.293+00:00,2026-08-31T18:42:36.293+00:00,0.034243,0.03447625300032087,sqs-worker-5986dcd897-76985,ip-192-168-20-201.ec2.internal,539a0ea35dcb587d99aefa756200a9971f6bc3e5c049cf551373457b39b6259a,1,4.0,38.0
1,keda-mmpp-101-b3b24de2,000111,52.46837,2026-08-31T18:42:40.065+00:00,2026-08-31T18:42:36.364+00:00,2026-08-31T18:42:36.368+00:00,2026-08-31T18:42:36.368+00:00,2026-08-31T18:42:36.385+00:00,2026-08-31T18:42:36.385+00:00,0.017761,0.017826964000050793,sqs-worker-5986dcd897-76985,ip-192-168-20-201.ec2.internal,5c12d287d08febf63adab5438f704c80b95970e915675fd55594b1ec061cdd98,1,4.0,21.0
1,keda-mmpp-101-b3b24de2,000110,52.372099,2026-08-31T18:42:39.969+00:00,2026-08-31T18:42:36.270+00:00,2026-08-31T18:42:36.273+00:00,2026-08-31T18:42:36.273+00:00,2026-08-31T18:42:37.404+00:00,2026-08-31T18:42:37.404+00:00,0.467915,1.131051010000192,sqs-worker-5986dcd897-x8rdl,ip-192-168-20-201.ec2.internal,413c150e0291798e85b6476f13b06d2c835e2a77941053fa8e2139bd059e5b90,1,3.0,1134.0
1,keda-mmpp-101-b3b24de2,000113,52.666644,2026-08-31T18:42:40.263+00:00,2026-08-31T18:42:36.565+00:00,2026-08-31T18:42:37.451+00:00,2026-08-31T18:42:37.451+00:00,2026-08-31T18:42:37.776+00:00,2026-08-31T18:42:37.776+00:00,0.127007,0.32499142399956327,sqs-worker-5986dcd897-x8rdl,ip-192-168-20-201.ec2.internal,542877363015edb2bae65248d45ec41062ea92a0837be884a95e088f43cddda8,1,886.0,1211.0
1,keda-mmpp-101-b3b24de2,000112,52.612664,2026-08-31T18:42:40.209+00:00,2026-08-31T18:42:36.510+00:00,2026-08-31T18:42:36.514+00:00,2026-08-31T18:42:36.514+00:00,2026-08-31T18:42:37.926+00:00,2026-08-31T18:42:37.926+00:00,0.576532,1.4123514789998808,sqs-worker-5986dcd897-76985,ip-192-168-20-201.ec2.internal,df27416f0bf89f93cf8ca9e96bd2204ed9f161dce9e4ad36cca73230ca25dff1,1,4.0,1416.0
1,keda-mmpp-101-b3b24de2,000114,52.928168,2026-08-31T18:42:40.525+00:00,2026-08-31T18:42:36.827+00:00,2026-08-31T18:42:37.817+00:00,2026-08-31T18:42:37.817+00:00,2026-08-31T18:42:38.003+00:00,2026-08-31T18:42:38.003+00:00,0.095489,0.1857703899995613,sqs-worker-5986dcd897-x8rdl,ip-192-168-20-201.ec2.internal,439d5c64e0a5d462dc0651f4c148f91d192b9ec191f451e61941c65ec409f494,1,990.0,1176.0
1,keda-mmpp-101-b3b24de2,000115,54.527196,2026-08-31T18:42:42.125+00:00,2026-08-31T18:42:38.427+00:00,2026-08-31T18:42:38.432+00:00,2026-08-31T18:42:38.432+00:00,2026-08-31T18:42:38.821+00:00,2026-08-31T18:42:38.821+00:00,0.164306,0.3890240820001054,sqs-worker-5986dcd897-76985,ip-192-168-20-201.ec2.internal,c176a03397b7222a91c4788c4f154b0167fb5a65d6146cca02fad65cfebd4b00,1,5.0,394.0
1,keda-mmpp-101-b3b24de2,000116,54.856728,2026-08-31T18:42:42.454+00:00,2026-08-31T18:42:38.756+00:00,2026-08-31T18:42:38.760+00:00,2026-08-31T18:42:38.760+00:00,2026-08-31T18:42:39.208+00:00,2026-08-31T18:42:39.208+00:00,0.20173,0.44793372999993153,sqs-worker-5986dcd897-x8rdl,ip-192-168-20-201.ec2.internal,ef45d3c5185cbc6d57d19e7445d245b6826b6585ef50ac9e7336edadac0d2a48,1,4.0,452.0
1,keda-mmpp-101-b3b24de2,000121,55.252944,2026-08-31T18:42:42.849+00:00,2026-08-31T18:42:39.148+00:00,2026-08-31T18:42:39.227+00:00,2026-08-31T18:42:39.228+00:00,2026-08-31T18:42:39.296+00:00,2026-08-31T18:42:39.296+00:00,0.02342,0.06842424199930974,sqs-worker-5986dcd897-x8rdl,ip-192-168-20-201.ec2.internal,2ad44638f4d143e4fe522585b404a74f8156c80c04c5a58283869ad53a4e9386,1,79.0,148.0
1,keda-mmpp-101-b3b24de2,000117,54.914842,2026-08-31T18:42:42.511+00:00,2026-08-31T18:42:38.810+00:00,2026-08-31T18:42:38.844+00:00,2026-08-31T18:42:38.844+00:00,2026-08-31T18:42:39.650+00:00,2026-08-31T18:42:39.650+00:00,0.328795,0.80563045100007,sqs-worker-5986dcd897-76985,ip-192-168-20-201.ec2.internal,661cd741636c4a84c76b8dc5f9fe2ea30cd35c2f15a28773df59b52b75506641,1,34.0,840.0
1,keda-mmpp-101-b3b24de2,000119,55.061812,2026-08-31T18:42:42.658+00:00,2026-08-31T18:42:38.993+00:00,2026-08-31T18:42:39.310+00:00,2026-08-31T18:42:39.310+00:00,2026-08-31T18:42:39.689+00:00,2026-08-31T18:42:39.689+00:00,0.14583,0.37989286799984257,sqs-worker-5986dcd897-x8rdl,ip-192-168-20-201.ec2.internal,ff80332beedf13436e57a805e49694d300fe11584ed1ba54a660c7b6a2fc7f57,1,317.0,696.0
1,keda-mmpp-101-b3b24de2,000122,55.424284,2026-08-31T18:42:43.021+00:00,2026-08-31T18:42:39.330+00:00,2026-08-31T18:42:39.669+00:00,2026-08-31T18:42:39.669+00:00,2026-08-31T18:42:39.947+00:00,2026-08-31T18:42:39.947+00:00,0.113789,0.2779158900002585,sqs-worker-5986dcd897-76985,ip-192-168-20-201.ec2.internal,0db8ffa6fdfc3ff67dc07ea11c83692f2cfdf52e28802800e66addc7c00b99f0,1,339.0,617.0
1,keda-mmpp-101-b3b24de2,000118,55.034049,2026-08-31T18:42:42.631+00:00,2026-08-31T18:42:38.931+00:00,2026-08-31T18:42:39.966+00:00,2026-08-31T18:42:39.966+00:00,2026-08-31T18:42:40.464+00:00,2026-08-31T18:42:40.464+00:00,0.212717,0.49821413599966036,sqs-worker-5986dcd897-76985,ip-192-168-20-201.ec2.internal,b8828d15b2131a8df2e100e407b5177c5caf1cc7ed7dca86e1ea73b35d745abf,1,1035.0,1533.0
1,keda-mmpp-101-b3b24de2,000125,56.289452,2026-08-31T18:42:43.886+00:00,2026-08-31T18:42:40.184+00:00,2026-08-31T18:42:40.675+00:00,2026-08-31T18:42:40.675+00:00,2026-08-31T18:42:40.788+00:00,2026-08-31T18:42:40.788+00:00,0.023196,0.11389011999926879,sqs-worker-5986dcd897-x8rdl,ip-192-168-20-201.ec2.internal,9c96c14c59e823fa4f77926c77e49bdc68c3a15ba923c87211a2967100b80043,1,491.0,604.0
1,keda-mmpp-101-b3b24de2,000123,55.613926,2026-08-31T18:42:43.211+00:00,2026-08-31T18:42:39.508+00:00,2026-08-31T18:42:40.483+00:00,2026-08-31T18:42:40.483+00:00,2026-08-31T18:42:40.525+00:00,2026-08-31T18:42:40.525+00:00,0.012833,0.04217277599946101,sqs-worker-5986dcd897-76985,ip-192-168-20-201.ec2.internal,634ab1037544d43a80f367c7161af4313eb1c449d2379645e9d0fdf0fe2ce84f,1,975.0,1016.9999999999999
1,keda-mmpp-101-b3b24de2,000124,56.033825,2026-08-31T18:42:43.631+00:00,2026-08-31T18:42:39.928+00:00,2026-08-31T18:42:40.554+00:00,2026-08-31T18:42:40.554+00:00,2026-08-31T18:42:40.966+00:00,2026-08-31T18:42:40.966+00:00,0.181076,0.41192162399966037,sqs-worker-5986dcd897-76985,ip-192-168-20-201.ec2.internal,ddb0d876949c73b3cfb8d74c6e5f71ae82ec2320c2e8767c98a2b032361b49ea,1,626.0,1038.0
1,keda-mmpp-101-b3b24de2,000120,55.165877,2026-08-31T18:42:42.762+00:00,2026-08-31T18:42:39.061+00:00,2026-08-31T18:42:39.703+00:00,2026-08-31T18:42:39.703+00:00,2026-08-31T18:42:40.599+00:00,2026-08-31T18:42:40.599+00:00,0.160321,0.8957343930005663,sqs-worker-5986dcd897-x8rdl,ip-192-168-20-201.ec2.internal,a620d52f2ce591ca8030a3b585cc2109255876dca0a8519c153c63db30c8ce65,1,642.0,1538.0
1,keda-mmpp-101-b3b24de2,000126,59.371825,2026-08-31T18:42:46.971+00:00,2026-08-31T18:42:43.269+00:00,2026-08-31T18:42:43.273+00:00,2026-08-31T18:42:43.273+00:00,2026-08-31T18:42:43.572+00:00,2026-08-31T18:42:43.572+00:00,0.151722,0.2994951089995084,sqs-worker-5986dcd897-76985,ip-192-168-20-201.ec2.internal,4505d59491c7753f6ded809a2da5bf9266a3c88713c8fc5562d51f125b7d7145,1,4.0,303.0
1,keda-mmpp-101-b3b24de2,000127,59.605867,2026-08-31T18:42:47.203+00:00,2026-08-31T18:42:43.500+00:00,2026-08-31T18:42:43.504+00:00,2026-08-31T18:42:43.504+00:00,2026-08-31T18:42:43.599+00:00,2026-08-31T18:42:43.599+00:00,0.055982,0.09449724900059664,sqs-worker-5986dcd897-x8rdl,ip-192-168-20-201.ec2.internal,c0cb52029b8eba68dc1cef3309a0454b5a751e033a8d7622c7c3b6cf5513f882,1,4.0,99.0
1,keda-mmpp-101-b3b24de2,000128,59.715019,2026-08-31T18:42:47.312+00:00,2026-08-31T18:42:43.611+00:00,2026-08-31T18:42:43.614+00:00,2026-08-31T18:42:43.614+00:00,2026-08-31T18:42:43.950+00:00,2026-08-31T18:42:43.950+00:00,0.134321,0.3365466550003475,sqs-worker-5986dcd897-76985,ip-192-168-20-201.ec2.internal,88d239475961f137d8fab0c1a9b067927ba7de0617883cd99014438d92ddcd15,1,3.0,339.0
1,keda-mmpp-101-b3b24de2,000129,59.96481,2026-08-31T18:42:47.561+00:00,2026-08-31T18:42:43.861+00:00,2026-08-31T18:42:43.866+00:00,2026-08-31T18:42:43.866+00:00,2026-08-31T18:42:44.295+00:00,2026-08-31T18:42:44.295+00:00,0.191008,0.42943844299952616,sqs-worker-5986dcd897-x8rdl,ip-192-168-20-201.ec2.internal,748214eb907113ef988977e3a30392c0008f76fe300d57ac58673ed69db0d76b,1,5.0,434.0
1,keda-mmpp-101-b3b24de2,000131,60.393169,2026-08-31T18:42:47.990+00:00,2026-08-31T18:42:44.288+00:00,2026-08-31T18:42:44.310+00:00,2026-08-31T18:42:44.310+00:00,2026-08-31T18:42:44.797+00:00,2026-08-31T18:42:44.797+00:00,0.195509,0.48735838799984776,sqs-worker-5986dcd897-x8rdl,ip-192-168-20-201.ec2.internal,8d77b249170e2baba511aaeac8c031b8f51d1606920c5c925c463c8b6890de10,1,22.0,509.0
1,keda-mmpp-101-b3b24de2,000130,60.297158,2026-08-31T18:42:47.894+00:00,2026-08-31T18:42:44.193+00:00,2026-08-31T18:42:44.197+00:00,2026-08-31T18:42:44.197+00:00,2026-08-31T18:42:44.922+00:00,2026-08-31T18:42:44.922+00:00,0.295677,0.7251505289996203,sqs-worker-5986dcd897-76985,ip-192-168-20-201.ec2.internal,c9da22ea71739cb12ac729bdf61b992eed2c9123667800859c8de8e6e305e42c,1,4.0,729.0
1,keda-mmpp-101-b3b24de2,000132,60.732096,2026-08-31T18:42:48.329+00:00,2026-08-31T18:42:44.626+00:00,2026-08-31T18:42:44.815+00:00,2026-08-31T18:42:44.815+00:00,2026-08-31T18:42:45.480+00:00,2026-08-31T18:42:45.480+00:00,0.261464,0.6650648809991253,sqs-worker-5986dcd897-x8rdl,ip-192-168-20-201.ec2.internal,d4fefe94eaf02fb6123b77102c5edf1bb42a52231b7765025ff79a36e8ba87c3,1,189.0,854.0
1,keda-mmpp-101-b3b24de2,000133,60.752926,2026-08-31T18:42:48.349+00:00,2026-08-31T18:42:44.649+00:00,2026-08-31T18:42:44.971+00:00,2026-08-31T18:42:44.971+00:00,2026-08-31T18:42:46.546+00:00,2026-08-31T18:42:46.546+00:00,0.289737,1.5747872160000043,sqs-worker-5986dcd897-76985,ip-192-168-20-201.ec2.internal,51c31508dd838ef410e31bdeaaf27c94c54bb98a222c56352c2e8f9a482448ec,1,322.0,1897.0
1,keda-mmpp-101-b3b24de2,000134,62.133752,2026-08-31T18:42:49.732+00:00,2026-08-31T18:42:46.031+00:00,2026-08-31T18:42:46.035+00:00,2026-08-31T18:42:46.035+00:00,2026-08-31T18:42:46.602+00:00,2026-08-31T18:42:46.602+00:00,0.264265,0.5673836880005183,sqs-worker-5986dcd897-x8rdl,ip-192-168-20-201.ec2.internal,47c3ce417f244d54db2952fc9f2f512266f446b75c3a8ba80bae47e223197204,1,4.0,571.0
1,keda-mmpp-101-b3b24de2,000135,63.518948,2026-08-31T18:42:51.117+00:00,2026-08-31T18:42:47.421+00:00,2026-08-31T18:42:47.424+00:00,2026-08-31T18:42:47.424+00:00,2026-08-31T18:42:47.504+00:00,2026-08-31T18:42:47.504+00:00,0.060868,0.07975680599975021,sqs-worker-5986dcd897-x8rdl,ip-192-168-20-201.ec2.internal,148b8b49cd480f968f5160c00852cfd74e0fdbdc7d7478669f43a9ab23a2f00a,1,3.0,83.0
1,keda-mmpp-101-b3b24de2,000136,65.158653,2026-08-31T18:42:52.757+00:00,2026-08-31T18:42:49.055+00:00,2026-08-31T18:42:49.059+00:00,2026-08-31T18:42:49.059+00:00,2026-08-31T18:42:49.285+00:00,2026-08-31T18:42:49.285+00:00,0.104977,0.22591324400036683,sqs-worker-5986dcd897-x8rdl,ip-192-168-20-201.ec2.internal,8f0f9dcf5edf87c7a79ca159cae2422a648cf81f17a2289ae0a5c4d0ed7c3a42,1,4.0,230.0
1,keda-mmpp-101-b3b24de2,000137,68.71887,2026-08-31T18:42:56.317+00:00,2026-08-31T18:42:52.617+00:00,2026-08-31T18:42:52.621+00:00,2026-08-31T18:42:52.621+00:00,2026-08-31T18:42:53.487+00:00,2026-08-31T18:42:53.487+00:00,0.366354,0.8661162369999147,sqs-worker-5986dcd897-x8rdl,ip-192-168-20-201.ec2.internal,261062dde0aaecf878aa1b14467bfcc0b429be38fd0e06cfb62acd6004b01d13,1,4.0,870.0
1,keda-mmpp-101-b3b24de2,000138,72.588933,2026-08-31T18:43:00.188+00:00,2026-08-31T18:42:56.486+00:00,2026-08-31T18:42:56.492+00:00,2026-08-31T18:42:56.492+00:00,2026-08-31T18:42:56.717+00:00,2026-08-31T18:42:56.717+00:00,0.114276,0.2248400259995833,sqs-worker-5986dcd897-x8rdl,ip-192-168-20-201.ec2.internal,39533c3fbd95152e726cf49be40ae9f112fc7534a310d80d1d37872d8a835960,1,6.0,231.0
1,keda-mmpp-101-b3b24de2,000139,73.148202,2026-08-31T18:43:00.743+00:00,2026-08-31T18:42:57.042+00:00,2026-08-31T18:42:57.046+00:00,2026-08-31T18:42:57.046+00:00,2026-08-31T18:42:57.383+00:00,2026-08-31T18:42:57.383+00:00,0.15923,0.33714252399931866,sqs-worker-5986dcd897-x8rdl,ip-192-168-20-201.ec2.internal,3c9af3a8b4a5329f7f3ac16ae045b62e9dbd0cf2ff5c7452b4b496966c83ba8e,1,4.0,341.0
1,keda-mmpp-101-b3b24de2,000141,73.277856,2026-08-31T18:43:00.873+00:00,2026-08-31T18:42:57.177+00:00,2026-08-31T18:42:57.397+00:00,2026-08-31T18:42:57.397+00:00,2026-08-31T18:42:57.580+00:00,2026-08-31T18:42:57.580+00:00,0.072856,0.18250049900052545,sqs-worker-5986dcd897-x8rdl,ip-192-168-20-201.ec2.internal,bfdf8f892806b07960568d6691b0399fc4fd3fcfade48ec7e927203663ff875f,1,220.0,403.0
1,keda-mmpp-101-b3b24de2,000145,73.888852,2026-08-31T18:43:01.484+00:00,2026-08-31T18:42:57.782+00:00,2026-08-31T18:42:57.826+00:00,2026-08-31T18:42:57.826+00:00,2026-08-31T18:42:57.902+00:00,2026-08-31T18:42:57.902+00:00,0.03492,0.07541380899965588,sqs-worker-5986dcd897-x8rdl,ip-192-168-20-201.ec2.internal,9130a5b339a86763a93b8cbf668c31a2187ce87fe8a4717bc72538f91f07dbc1,1,44.0,120.0
1,keda-mmpp-101-b3b24de2,000143,73.69544,2026-08-31T18:43:01.290+00:00,2026-08-31T18:42:57.589+00:00,2026-08-31T18:42:57.597+00:00,2026-08-31T18:42:57.597+00:00,2026-08-31T18:42:57.801+00:00,2026-08-31T18:42:57.801+00:00,0.098043,0.20413665900014166,sqs-worker-5986dcd897-x8rdl,ip-192-168-20-201.ec2.internal,584788a55e5012487c5757220da59028563e4ba17641c2a92f2d547eff5b1415,1,8.0,212.0
1,keda-mmpp-101-b3b24de2,000142,73.340771,2026-08-31T18:43:00.935+00:00,2026-08-31T18:42:57.233+00:00,2026-08-31T18:42:57.652+00:00,2026-08-31T18:42:57.652+00:00,2026-08-31T18:42:57.826+00:00,2026-08-31T18:42:57.826+00:00,0.084774,0.17359610600033193,sqs-worker-5986dcd897-76985,ip-192-168-20-201.ec2.internal,f800cf73c82e9c00293e57002d7a498d2466d44dcf47876c45c3329842dc737d,1,419.0,593.0
1,keda-mmpp-101-b3b24de2,000144,73.789987,2026-08-31T18:43:01.385+00:00,2026-08-31T18:42:57.688+00:00,2026-08-31T18:42:57.863+00:00,2026-08-31T18:42:57.863+00:00,2026-08-31T18:42:58.043+00:00,2026-08-31T18:42:58.043+00:00,0.078474,0.17998579400045855,sqs-worker-5986dcd897-76985,ip-192-168-20-201.ec2.internal,68fd2f144945520cc0b0fec3ddece1eea6486174f6a6fa6bf023b37664bdd340,1,175.0,355.0
1,keda-mmpp-101-b3b24de2,000147,74.169741,2026-08-31T18:43:01.764+00:00,2026-08-31T18:42:58.067+00:00,2026-08-31T18:42:58.071+00:00,2026-08-31T18:42:58.071+00:00,2026-08-31T18:42:58.263+00:00,2026-08-31T18:42:58.263+00:00,0.095529,0.1921701090004717,sqs-worker-5986dcd897-76985,ip-192-168-20-201.ec2.internal,6d04404e1c45e247ce490958f9dc015639f8d2375dffdb9e30443f64ec8e4718,1,4.0,196.0
1,keda-mmpp-101-b3b24de2,000146,74.056487,2026-08-31T18:43:01.651+00:00,2026-08-31T18:42:57.950+00:00,2026-08-31T18:42:57.953+00:00,2026-08-31T18:42:57.953+00:00,2026-08-31T18:42:58.086+00:00,2026-08-31T18:42:58.086+00:00,0.060239,0.1332048290005332,sqs-worker-5986dcd897-x8rdl,ip-192-168-20-201.ec2.internal,00428e15084cd616c0f605549c4b730b0fdf1c1aef7e9c6ec4949c9c87cd7330,1,3.0,136.0
1,keda-mmpp-101-b3b24de2,000140,73.207047,2026-08-31T18:43:00.802+00:00,2026-08-31T18:42:57.101+00:00,2026-08-31T18:42:57.105+00:00,2026-08-31T18:42:57.105+00:00,2026-08-31T18:42:57.555+00:00,2026-08-31T18:42:57.555+00:00,0.214519,0.4503962259996115,sqs-worker-5986dcd897-76985,ip-192-168-20-201.ec2.internal,9bd9ac85cb3991f8cc99f09ccd6c7eef33275c03b531d136150a81cb6f1158ed,1,4.0,454.0
1,keda-mmpp-101-b3b24de2,000151,75.272228,2026-08-31T18:43:02.867+00:00,2026-08-31T18:42:59.169+00:00,2026-08-31T18:42:59.517+00:00,2026-08-31T18:42:59.517+00:00,2026-08-31T18:42:59.575+00:00,2026-08-31T18:42:59.575+00:00,0.018136,0.05764304900003481,sqs-worker-5986dcd897-x8rdl,ip-192-168-20-201.ec2.internal,8123a272bbfddc376b39e3bad4ee0f706a24cf72bf38ebdf7520b5ea9a6f7129,1,348.0,406.0
1,keda-mmpp-101-b3b24de2,000148,74.8879,2026-08-31T18:43:02.483+00:00,2026-08-31T18:42:58.786+00:00,2026-08-31T18:42:58.790+00:00,2026-08-31T18:42:58.790+00:00,2026-08-31T18:42:59.408+00:00,2026-08-31T18:42:59.408+00:00,0.265388,0.6188067510001929,sqs-worker-5986dcd897-x8rdl,ip-192-168-20-201.ec2.internal,83d3924f66bf9f6e0746780d309d473ac22a81493481c68ad11a2af5aaf40c95,1,4.0,622.0
1,keda-mmpp-101-b3b24de2,000149,75.002344,2026-08-31T18:43:02.597+00:00,2026-08-31T18:42:58.896+00:00,2026-08-31T18:42:58.900+00:00,2026-08-31T18:42:58.900+00:00,2026-08-31T18:42:59.440+00:00,2026-08-31T18:42:59.440+00:00,0.243181,0.5400312829997347,sqs-worker-5986dcd897-76985,ip-192-168-20-201.ec2.internal,e817d95a788e84a23da8c8f0fb1e022f1d3d36d9f690a9477f3130446a4631e6,1,4.0,544.0
1,keda-mmpp-101-b3b24de2,000152,75.349855,2026-08-31T18:43:02.945+00:00,2026-08-31T18:42:59.245+00:00,2026-08-31T18:42:59.459+00:00,2026-08-31T18:42:59.459+00:00,2026-08-31T18:43:00.031+00:00,2026-08-31T18:43:00.031+00:00,0.227997,0.5719719990001977,sqs-worker-5986dcd897-76985,ip-192-168-20-201.ec2.internal,6524ff092a60264cc783ca3735eededbd92bff65743ce7068da6029568890d5a,1,214.0,786.0
1,keda-mmpp-101-b3b24de2,000150,75.253979,2026-08-31T18:43:02.849+00:00,2026-08-31T18:42:59.147+00:00,2026-08-31T18:42:59.422+00:00,2026-08-31T18:42:59.422+00:00,2026-08-31T18:42:59.501+00:00,2026-08-31T18:42:59.501+00:00,0.029092,0.07904182600032073,sqs-worker-5986dcd897-x8rdl,ip-192-168-20-201.ec2.internal,de78bd99c7bd03683878a798d8115ae20f214ddb3a6cf024c1fab6bfd10e90d9,1,275.0,354.0
1,keda-mmpp-101-b3b24de2,000154,75.91308,2026-08-31T18:43:03.508+00:00,2026-08-31T18:42:59.808+00:00,2026-08-31T18:43:00.061+00:00,2026-08-31T18:43:00.061+00:00,2026-08-31T18:43:00.755+00:00,2026-08-31T18:43:00.755+00:00,0.294293,0.693913873999918,sqs-worker-5986dcd897-76985,ip-192-168-20-201.ec2.internal,ef8880ae1f7fe3595f90458774c741a1501fae83d35beb934e00848a0ee8e49d,1,253.0,947.0
1,keda-mmpp-101-b3b24de2,000158,76.798025,2026-08-31T18:43:04.393+00:00,2026-08-31T18:43:00.698+00:00,2026-08-31T18:43:00.770+00:00,2026-08-31T18:43:00.770+00:00,2026-08-31T18:43:02.259+00:00,2026-08-31T18:43:02.259+00:00,0.599454,1.488513932999922,sqs-worker-5986dcd897-76985,ip-192-168-20-201.ec2.internal,a2250913a6979656b27b1b11b8a99de1abb14b2dbfbb7ba8bd5f40f739ce5c52,1,72.0,1561.0
1,keda-mmpp-101-b3b24de2,000153,75.864927,2026-08-31T18:43:03.460+00:00,2026-08-31T18:42:59.760+00:00,2026-08-31T18:42:59.784+00:00,2026-08-31T18:42:59.784+00:00,2026-08-31T18:43:02.495+00:00,2026-08-31T18:43:02.495+00:00,0.517669,2.71111846399981,sqs-worker-5986dcd897-x8rdl,ip-192-168-20-201.ec2.internal,707d595964f1e356ad5d55f9c486568d98951dbe9450500d3b41f6549ebb0622,1,24.0,2735.0
1,keda-mmpp-101-b3b24de2,000159,77.207206,2026-08-31T18:43:04.802+00:00,2026-08-31T18:43:01.100+00:00,2026-08-31T18:43:02.510+00:00,2026-08-31T18:43:02.510+00:00,2026-08-31T18:43:02.587+00:00,2026-08-31T18:43:02.587+00:00,0.011386,0.07708013599949481,sqs-worker-5986dcd897-x8rdl,ip-192-168-20-201.ec2.internal,3dad843d3478965ba0b6ddd0be30540971a8f70477af9c152755fa99aa122ceb,1,1410.0,1487.0
1,keda-mmpp-101-b3b24de2,000161,77.630042,2026-08-31T18:43:05.225+00:00,2026-08-31T18:43:01.524+00:00,2026-08-31T18:43:02.642+00:00,2026-08-31T18:43:02.642+00:00,2026-08-31T18:43:02.699+00:00,2026-08-31T18:43:02.699+00:00,0.039942,0.05726382200009539,sqs-worker-5986dcd897-x8rdl,ip-192-168-20-201.ec2.internal,2f34d6859ccf3adfd35fc5db1d38a9ad13c23ed140db4581b4a415d3b1a9f11d,1,1118.0,1175.0
1,keda-mmpp-101-b3b24de2,000155,76.355331,2026-08-31T18:43:03.950+00:00,2026-08-31T18:43:00.250+00:00,2026-08-31T18:43:02.816+00:00,2026-08-31T18:43:02.816+00:00,2026-08-31T18:43:02.895+00:00,2026-08-31T18:43:02.895+00:00,0.028521,0.0786955580006179,sqs-worker-5986dcd897-x8rdl,ip-192-168-20-201.ec2.internal,d356ea7c6fdc90544251105e28c9ffcc448dd9a095be2427870f43b365c901ae,1,2566.0,2645.0
1,keda-mmpp-101-b3b24de2,000162,78.044501,2026-08-31T18:43:05.640+00:00,2026-08-31T18:43:01.939+00:00,2026-08-31T18:43:02.910+00:00,2026-08-31T18:43:02.910+00:00,2026-08-31T18:43:03.289+00:00,2026-08-31T18:43:03.289+00:00,0.150346,0.37902720300007786,sqs-worker-5986dcd897-x8rdl,ip-192-168-20-201.ec2.internal,0c5b5605818c659b04c570c682358691dc8535a4b3a01d0b787d1df35fbd9d7a,1,971.0,1350.0
1,keda-mmpp-101-b3b24de2,000160,77.466316,2026-08-31T18:43:05.061+00:00,2026-08-31T18:43:01.367+00:00,2026-08-31T18:43:02.726+00:00,2026-08-31T18:43:02.726+00:00,2026-08-31T18:43:02.802+00:00,2026-08-31T18:43:02.802+00:00,0.040522,0.07596633100001782,sqs-worker-5986dcd897-x8rdl,ip-192-168-20-201.ec2.internal,0325f74e2ab42a375e1391708bffadb45fb1d55471a17d2a9d5b137a1e8cfc7f,1,1359.0,1435.0
1,keda-mmpp-101-b3b24de2,000157,76.657334,2026-08-31T18:43:04.252+00:00,2026-08-31T18:43:00.551+00:00,2026-08-31T18:43:02.317+00:00,2026-08-31T18:43:02.317+00:00,2026-08-31T18:43:03.436+00:00,2026-08-31T18:43:03.436+00:00,0.458441,1.1190571069992075,sqs-worker-5986dcd897-76985,ip-192-168-20-201.ec2.internal,e4806ee3f38892ab222b6c4f57ba8dec9220a0e77ebb17a64002b3f35e64560a,1,1766.0,2885.0
1,keda-mmpp-101-b3b24de2,000164,79.693799,2026-08-31T18:43:07.290+00:00,2026-08-31T18:43:03.587+00:00,2026-08-31T18:43:03.591+00:00,2026-08-31T18:43:03.591+00:00,2026-08-31T18:43:03.733+00:00,2026-08-31T18:43:03.733+00:00,0.081733,0.14150422799957596,sqs-worker-5986dcd897-76985,ip-192-168-20-201.ec2.internal,b933c0d1088dc41002fd90ace5306dffa0a9b0b607803cdc6f994291e94fd0a6,1,4.0,146.0
1,keda-mmpp-101-b3b24de2,000156,76.522936,2026-08-31T18:43:04.118+00:00,2026-08-31T18:43:00.419+00:00,2026-08-31T18:43:03.321+00:00,2026-08-31T18:43:03.321+00:00,2026-08-31T18:43:03.326+00:00,2026-08-31T18:43:03.326+00:00,0.005696,0.005934935999903246,sqs-worker-5986dcd897-x8rdl,ip-192-168-20-201.ec2.internal,5cfc2f8704ae5d053f678a3c72f82aa1b4f1c93e8b248167f1a8da3ea63a71fe,1,2902.0,2907.0
1,keda-mmpp-101-b3b24de2,000163,78.125904,2026-08-31T18:43:05.721+00:00,2026-08-31T18:43:02.018+00:00,2026-08-31T18:43:03.341+00:00,2026-08-31T18:43:03.341+00:00,2026-08-31T18:43:04.816+00:00,2026-08-31T18:43:04.816+00:00,0.611553,1.47469050699965,sqs-worker-5986dcd897-x8rdl,ip-192-168-20-201.ec2.internal,71e3e2fe13fc28dbaa2c93d3d32759ab95d2ce39b595905e6361f9a157f3bf3a,1,1323.0,2798.0
1,keda-mmpp-101-b3b24de2,000165,79.819542,2026-08-31T18:43:07.414+00:00,2026-08-31T18:43:03.712+00:00,2026-08-31T18:43:03.782+00:00,2026-08-31T18:43:03.782+00:00,2026-08-31T18:43:06.044+00:00,2026-08-31T18:43:06.044+00:00,0.660193,2.2613479490000827,sqs-worker-5986dcd897-76985,ip-192-168-20-201.ec2.internal,53da9574d4bf56dce7e70419fe5cf01d91ae5ff4f7f5980d66c6590142a5cfff,1,70.0,2332.0
1,keda-mmpp-101-b3b24de2,000166,87.258613,2026-08-31T18:43:14.861+00:00,2026-08-31T18:43:11.159+00:00,2026-08-31T18:43:11.163+00:00,2026-08-31T18:43:11.163+00:00,2026-08-31T18:43:11.209+00:00,2026-08-31T18:43:11.209+00:00,0.046172,0.04628243499973905,sqs-worker-5986dcd897-x8rdl,ip-192-168-20-201.ec2.internal,22652c76a6de6e0fc8595be65e277a093bd6d31999c59b7c365346ae8bd929ba,1,4.0,50.0
1,keda-mmpp-101-b3b24de2,000168,89.421041,2026-08-31T18:43:17.016+00:00,2026-08-31T18:43:13.314+00:00,2026-08-31T18:43:13.318+00:00,2026-08-31T18:43:13.318+00:00,2026-08-31T18:43:13.431+00:00,2026-08-31T18:43:13.431+00:00,0.054757,0.11284075799994753,sqs-worker-5986dcd897-76985,ip-192-168-20-201.ec2.internal,c4bf976b477ec66e96260d9e736e63f2d1f9d8c97f204d8d896674bcd2d061ee,1,4.0,117.0
1,keda-mmpp-101-b3b24de2,000169,89.532328,2026-08-31T18:43:17.127+00:00,2026-08-31T18:43:13.432+00:00,2026-08-31T18:43:13.466+00:00,2026-08-31T18:43:13.466+00:00,2026-08-31T18:43:13.483+00:00,2026-08-31T18:43:13.483+00:00,0.016703,0.017049547000169696,sqs-worker-5986dcd897-x8rdl,ip-192-168-20-201.ec2.internal,d4a35a7f4fed5ada1101093894e6c27f9e6558a517cc5e1fa26dbf91a799a018,1,34.0,51.0
1,keda-mmpp-101-b3b24de2,000174,90.374503,2026-08-31T18:43:17.969+00:00,2026-08-31T18:43:14.268+00:00,2026-08-31T18:43:14.319+00:00,2026-08-31T18:43:14.319+00:00,2026-08-31T18:43:14.521+00:00,2026-08-31T18:43:14.521+00:00,0.093067,0.20251567600007547,sqs-worker-5986dcd897-x8rdl,ip-192-168-20-201.ec2.internal,0b2f36645483d8aa26467b476660712bd787be763c5d2d54121e8545da97efd2,1,51.0,253.0
1,keda-mmpp-101-b3b24de2,000172,89.843114,2026-08-31T18:43:17.438+00:00,2026-08-31T18:43:13.739+00:00,2026-08-31T18:43:14.111+00:00,2026-08-31T18:43:14.111+00:00,2026-08-31T18:43:14.304+00:00,2026-08-31T18:43:14.304+00:00,0.092727,0.1937022780002735,sqs-worker-5986dcd897-x8rdl,ip-192-168-20-201.ec2.internal,a82f3d56dc63a4335419bb684d37317998a191cd42d5d738a1dfae9523304650,1,372.0,565.0
1,keda-mmpp-101-b3b24de2,000170,89.715859,2026-08-31T18:43:17.311+00:00,2026-08-31T18:43:13.613+00:00,2026-08-31T18:43:13.617+00:00,2026-08-31T18:43:13.617+00:00,2026-08-31T18:43:14.087+00:00,2026-08-31T18:43:14.087+00:00,0.203209,0.4704089679999015,sqs-worker-5986dcd897-x8rdl,ip-192-168-20-201.ec2.internal,2df561f8cf78cdcb05394003bfa67f8c5f2bed67db7b1446e91b503e9bc3f262,1,4.0,474.0
1,keda-mmpp-101-b3b24de2,000167,89.319468,2026-08-31T18:43:16.916+00:00,2026-08-31T18:43:13.732+00:00,2026-08-31T18:43:14.592+00:00,2026-08-31T18:43:14.592+00:00,2026-08-31T18:43:16.007+00:00,2026-08-31T18:43:16.007+00:00,0.581352,1.4149375360002523,sqs-worker-5986dcd897-x8rdl,ip-192-168-20-201.ec2.internal,201591e8cc4454d8d021a0e20d0d3227c07660480cee0162c78bc9e325e9e253,1,860.0,2275.0
1,keda-mmpp-101-b3b24de2,000173,90.040791,2026-08-31T18:43:17.636+00:00,2026-08-31T18:43:13.936+00:00,2026-08-31T18:43:16.020+00:00,2026-08-31T18:43:16.020+00:00,2026-08-31T18:43:17.094+00:00,2026-08-31T18:43:17.094+00:00,0.422236,1.073240526000518,sqs-worker-5986dcd897-x8rdl,ip-192-168-20-201.ec2.internal,6fca9d5a22b72695014e57917af9bd296a5872515d436cf2079b0268b248c5a3,1,2084.0,3158.0
1,keda-mmpp-101-b3b24de2,000171,89.774914,2026-08-31T18:43:17.370+00:00,2026-08-31T18:43:13.668+00:00,2026-08-31T18:43:17.106+00:00,2026-08-31T18:43:17.106+00:00,2026-08-31T18:43:17.316+00:00,2026-08-31T18:43:17.316+00:00,0.098831,0.21072096599982615,sqs-worker-5986dcd897-x8rdl,ip-192-168-20-201.ec2.internal,4647f58e316852d47a612a89d451700c956ff6c719ce129342eb17fec8394f7c,1,3438.0,3648.0
1,keda-mmpp-101-b3b24de2,000179,90.818962,2026-08-31T18:43:18.414+00:00,2026-08-31T18:43:14.715+00:00,2026-08-31T18:43:17.334+00:00,2026-08-31T18:43:17.334+00:00,2026-08-31T18:43:18.316+00:00,2026-08-31T18:43:18.316+00:00,0.395406,0.9824906379999447,sqs-worker-5986dcd897-x8rdl,ip-192-168-20-201.ec2.internal,8b6a0c704376c64b1d280bbc804f64487e6b17f53b47cb3422d153b56ba48760,1,2619.0,3601.0
1,keda-mmpp-101-b3b24de2,000175,90.481787,2026-08-31T18:43:18.077+00:00,2026-08-31T18:43:14.384+00:00,2026-08-31T18:43:18.330+00:00,2026-08-31T18:43:18.330+00:00,2026-08-31T18:43:18.395+00:00,2026-08-31T18:43:18.395+00:00,0.015455,0.06508630699954665,sqs-worker-5986dcd897-x8rdl,ip-192-168-20-201.ec2.internal,36be78cbdfaad41fd0ea3b4d08a699b8588f972785d4d0e429a4c5394bf1f0b5,1,3946.0,4011.0
1,keda-mmpp-101-b3b24de2,000178,90.647493,2026-08-31T18:43:18.242+00:00,2026-08-31T18:43:14.547+00:00,2026-08-31T18:43:18.410+00:00,2026-08-31T18:43:18.410+00:00,2026-08-31T18:43:18.721+00:00,2026-08-31T18:43:18.721+00:00,0.141521,0.3103491359997861,sqs-worker-5986dcd897-x8rdl,ip-192-168-20-201.ec2.internal,8ec89c1f1067a9642a4a554316b83b0e8202e7e4310ced8bb069e36a1b305124,1,3863.0,4174.0
1,keda-mmpp-101-b3b24de2,000183,91.573427,2026-08-31T18:43:19.170+00:00,2026-08-31T18:43:15.475+00:00,2026-08-31T18:43:18.787+00:00,2026-08-31T18:43:18.787+00:00,2026-08-31T18:43:19.087+00:00,2026-08-31T18:43:19.087+00:00,0.121224,0.29964407100032986,sqs-worker-5986dcd897-x8rdl,ip-192-168-20-201.ec2.internal,0e3933802c74ebf055849db8d1792229ba7ba5c54ada9feb0bb56dc86612cf5f,1,3312.0,3612.0
1,keda-mmpp-101-b3b24de2,000176,90.59254,2026-08-31T18:43:18.187+00:00,2026-08-31T18:43:14.486+00:00,2026-08-31T18:43:19.099+00:00,2026-08-31T18:43:19.099+00:00,2026-08-31T18:43:19.599+00:00,2026-08-31T18:43:19.599+00:00,0.208546,0.4999788949999129,sqs-worker-5986dcd897-x8rdl,ip-192-168-20-201.ec2.internal,57e9681881267a2b3f1bececc5f129f07dd7420f1a8512f91acb48f97423bd2c,1,4613.0,5113.0
1,keda-mmpp-101-b3b24de2,000180,90.937476,2026-08-31T18:43:18.532+00:00,2026-08-31T18:43:14.833+00:00,2026-08-31T18:43:19.618+00:00,2026-08-31T18:43:19.618+00:00,2026-08-31T18:43:20.190+00:00,2026-08-31T18:43:20.190+00:00,0.128942,0.5716818430000785,sqs-worker-5986dcd897-x8rdl,ip-192-168-20-201.ec2.internal,96e1708cc915f75babb24161ab5d3e2bbc175b0feb9f1d19e6a26eec301ad95a,1,4785.0,5357.0
1,keda-mmpp-101-b3b24de2,000177,90.595976,2026-08-31T18:43:18.191+00:00,2026-08-31T18:43:14.492+00:00,2026-08-31T18:43:20.207+00:00,2026-08-31T18:43:20.207+00:00,2026-08-31T18:43:22.289+00:00,2026-08-31T18:43:22.289+00:00,0.37649,2.081630299000608,sqs-worker-5986dcd897-x8rdl,ip-192-168-20-201.ec2.internal,befe7172b905d2148c366d4ab295da995c16d2ab172d3f96f265806e34e30327,1,5715.0,7797.0
1,keda-mmpp-101-b3b24de2,000182,91.573023,2026-08-31T18:43:19.168+00:00,2026-08-31T18:43:15.472+00:00,2026-08-31T18:43:22.317+00:00,2026-08-31T18:43:22.317+00:00,2026-08-31T18:43:22.390+00:00,2026-08-31T18:43:22.390+00:00,0.010096,0.07322129499971197,sqs-worker-5986dcd897-x8rdl,ip-192-168-20-201.ec2.internal,3c8b5ca15427cc6c4419c0ebe3ae91ae0d82e81101cede1af3c364d168203036,1,6845.0,6918.0
1,keda-mmpp-101-b3b24de2,000181,91.254485,2026-08-31T18:43:18.849+00:00,2026-08-31T18:43:15.146+00:00,2026-08-31T18:43:22.488+00:00,2026-08-31T18:43:22.488+00:00,2026-08-31T18:43:23.199+00:00,2026-08-31T18:43:23.199+00:00,0.275716,0.7108332509997126,sqs-worker-5986dcd897-x8rdl,ip-192-168-20-201.ec2.internal,7c92dcb99ee843f2322135d7dcda80849183906acace590b8764ae1a34e242fc,1,7342.0,8053.000000000001
1,keda-mmpp-101-b3b24de2,000189,93.549665,2026-08-31T18:43:21.145+00:00,2026-08-31T18:43:17.445+00:00,2026-08-31T18:43:23.222+00:00,2026-08-31T18:43:23.222+00:00,2026-08-31T18:43:23.598+00:00,2026-08-31T18:43:23.599+00:00,0.155904,0.3767047820001608,sqs-worker-5986dcd897-x8rdl,ip-192-168-20-201.ec2.internal,c20ea3229e8c27534ad6b0387953eadc5ba240eb39246e4fe68a2d63db8379fc,1,5777.0,6153.0
1,keda-mmpp-101-b3b24de2,000185,91.767901,2026-08-31T18:43:19.363+00:00,2026-08-31T18:43:15.662+00:00,2026-08-31T18:43:23.804+00:00,2026-08-31T18:43:23.804+00:00,2026-08-31T18:43:23.821+00:00,2026-08-31T18:43:23.821+00:00,0.017432,0.017463959000451723,sqs-worker-5986dcd897-x8rdl,ip-192-168-20-201.ec2.internal,2880c62fb7c98068e431eec8e81665ddbe6b461dc49310008ddd180a7615ffe2,1,8141.999999999999,8159.000000000001
1,keda-mmpp-101-b3b24de2,000188,92.94894,2026-08-31T18:43:20.544+00:00,2026-08-31T18:43:16.843+00:00,2026-08-31T18:43:23.961+00:00,2026-08-31T18:43:23.961+00:00,2026-08-31T18:43:23.997+00:00,2026-08-31T18:43:23.997+00:00,0.017834,0.03589475899934769,sqs-worker-5986dcd897-x8rdl,ip-192-168-20-201.ec2.internal,16b49476f98c463741963bb0d39608dd35766330c3e1d116aeffa950186ce482,1,7118.0,7154.0
1,keda-mmpp-101-b3b24de2,000192,98.564517,2026-08-31T18:43:26.159+00:00,2026-08-31T18:43:22.463+00:00,2026-08-31T18:43:23.833+00:00,2026-08-31T18:43:23.833+00:00,2026-08-31T18:43:23.909+00:00,2026-08-31T18:43:23.909+00:00,0.035097,0.07525002000056702,sqs-worker-5986dcd897-x8rdl,ip-192-168-20-201.ec2.internal,0a598c1133656e3490e44fb7c1cdb1630cc7b56d60a2a58340ef05c9b5e45e57,1,1370.0,1446.0
1,keda-mmpp-101-b3b24de2,000186,91.869777,2026-08-31T18:43:19.464+00:00,2026-08-31T18:43:15.765+00:00,2026-08-31T18:43:24.109+00:00,2026-08-31T18:43:24.109+00:00,2026-08-31T18:43:24.320+00:00,2026-08-31T18:43:24.320+00:00,0.109208,0.2112343270000565,sqs-worker-5986dcd897-x8rdl,ip-192-168-20-201.ec2.internal,ac8ad50d2d9ccf9a2db95108506533edff8816b2be8cd179241110306682e00b,1,8344.0,8555.0
1,keda-mmpp-101-b3b24de2,000191,97.236421,2026-08-31T18:43:24.831+00:00,2026-08-31T18:43:21.133+00:00,2026-08-31T18:43:23.618+00:00,2026-08-31T18:43:23.618+00:00,2026-08-31T18:43:23.789+00:00,2026-08-31T18:43:23.789+00:00,0.06598,0.17110993300047994,sqs-worker-5986dcd897-x8rdl,ip-192-168-20-201.ec2.internal,8c2e3c628be2a444bef1ccae44ab2b7a01f5d501ca11714aaa96132c0e2d7581,1,2485.0,2656.0
1,keda-mmpp-101-b3b24de2,000184,91.681941,2026-08-31T18:43:19.277+00:00,2026-08-31T18:43:15.577+00:00,2026-08-31T18:43:24.013+00:00,2026-08-31T18:43:24.014+00:00,2026-08-31T18:43:24.087+00:00,2026-08-31T18:43:24.087+00:00,0.026156,0.07331318999968062,sqs-worker-5986dcd897-x8rdl,ip-192-168-20-201.ec2.internal,07d9de9183e5c305b607743804a8c79ff696e276f0f85d8b5aa9c59fef3346d9,1,8436.0,8510.0
1,keda-mmpp-101-b3b24de2,000187,92.83816,2026-08-31T18:43:20.434+00:00,2026-08-31T18:43:16.733+00:00,2026-08-31T18:43:24.384+00:00,2026-08-31T18:43:24.384+00:00,2026-08-31T18:43:25.303+00:00,2026-08-31T18:43:25.303+00:00,0.379092,0.9198134130001563,sqs-worker-5986dcd897-x8rdl,ip-192-168-20-201.ec2.internal,9cc8e83040457cb57b3abe0c68e18be63ccb1dd1647f0b72c35469066c36b2e5,1,7651.0,8570.0
1,keda-mmpp-101-b3b24de2,000190,95.944987,2026-08-31T18:43:23.542+00:00,2026-08-31T18:43:19.844+00:00,2026-08-31T18:43:25.334+00:00,2026-08-31T18:43:25.334+00:00,2026-08-31T18:43:25.713+00:00,2026-08-31T18:43:25.713+00:00,0.166186,0.3791776309999477,sqs-worker-5986dcd897-x8rdl,ip-192-168-20-201.ec2.internal,aa2843a30f196ac4dd7e00ea391f21cbcb269b3eeef177316a47c7365a28ecc3,1,5490.0,5869.0
1,keda-mmpp-101-b3b24de2,000193,106.571592,2026-08-31T18:43:34.173+00:00,2026-08-31T18:43:30.476+00:00,2026-08-31T18:43:30.487+00:00,2026-08-31T18:43:30.487+00:00,2026-08-31T18:43:30.684+00:00,2026-08-31T18:43:30.684+00:00,0.043957,0.1977931110004647,sqs-worker-5986dcd897-x8rdl,ip-192-168-20-201.ec2.internal,eae375f98a28bcc3ae1bbd1ee66971342bcafe3025d713356601882ffbfac087,1,11.0,208.0
1,keda-mmpp-101-b3b24de2,000194,109.425174,2026-08-31T18:43:37.022+00:00,2026-08-31T18:43:33.323+00:00,2026-08-31T18:43:33.326+00:00,2026-08-31T18:43:33.327+00:00,2026-08-31T18:43:34.404+00:00,2026-08-31T18:43:34.404+00:00,0.461357,1.0776047459994516,sqs-worker-5986dcd897-x8rdl,ip-192-168-20-201.ec2.internal,d9ead55725849bb614cf73ed8a670fb07d9e0d34fa9a81fb9fedc288207fe1ae,1,3.0,1081.0
1,keda-mmpp-101-b3b24de2,000195,109.601919,2026-08-31T18:43:37.196+00:00,2026-08-31T18:43:33.494+00:00,2026-08-31T18:43:34.420+00:00,2026-08-31T18:43:34.420+00:00,2026-08-31T18:43:34.910+00:00,2026-08-31T18:43:34.910+00:00,0.20166,0.4898062620004566,sqs-worker-5986dcd897-x8rdl,ip-192-168-20-201.ec2.internal,70ae71ae3465a509abde0e9e9bc92e7824d73b1e5bdbb7c95e1831b0f3bcdaae,1,926.0,1416.0
1,keda-mmpp-101-b3b24de2,000196,109.620544,2026-08-31T18:43:37.214+00:00,2026-08-31T18:43:33.513+00:00,2026-08-31T18:43:34.924+00:00,2026-08-31T18:43:34.924+00:00,2026-08-31T18:43:35.092+00:00,2026-08-31T18:43:35.092+00:00,0.058215,0.1675368640007946,sqs-worker-5986dcd897-x8rdl,ip-192-168-20-201.ec2.internal,43e0cc7dc3d95c1b573a9bac40b139d75d0f3a8fc1ba729fa3ed9ea8121c8585,1,1411.0,1579.0
1,keda-mmpp-101-b3b24de2,000201,110.217309,2026-08-31T18:43:37.811+00:00,2026-08-31T18:43:34.111+00:00,2026-08-31T18:43:35.111+00:00,2026-08-31T18:43:35.111+00:00,2026-08-31T18:43:35.811+00:00,2026-08-31T18:43:35.811+00:00,0.295636,0.7001562729992656,sqs-worker-5986dcd897-x8rdl,ip-192-168-20-201.ec2.internal,fba74f7de1cebf38c8aad251325dd8d11a958c058603916b663c488496e24a4a,1,1000.0,1700.0
1,keda-mmpp-101-b3b24de2,000199,109.89512,2026-08-31T18:43:37.489+00:00,2026-08-31T18:43:33.789+00:00,2026-08-31T18:43:35.831+00:00,2026-08-31T18:43:35.831+00:00,2026-08-31T18:43:36.922+00:00,2026-08-31T18:43:36.922+00:00,0.446124,1.0917534800000794,sqs-worker-5986dcd897-x8rdl,ip-192-168-20-201.ec2.internal,e00a1af7f48d451bbc028e6c3e51c0717fbaa36545cfb0201220b4cdc04570b6,1,2041.9999999999998,3133.0
1,keda-mmpp-101-b3b24de2,000197,109.751134,2026-08-31T18:43:37.345+00:00,2026-08-31T18:43:33.650+00:00,2026-08-31T18:43:36.996+00:00,2026-08-31T18:43:36.996+00:00,2026-08-31T18:43:37.203+00:00,2026-08-31T18:43:37.203+00:00,0.09579,0.20661882199965476,sqs-worker-5986dcd897-x8rdl,ip-192-168-20-201.ec2.internal,8859b2daef5d266a0ec2cd4cfaf3dc4e9a8884d8fa366f921c59c2a5fdc023dd,1,3346.0,3553.0
1,keda-mmpp-101-b3b24de2,000200,110.169033,2026-08-31T18:43:37.763+00:00,2026-08-31T18:43:34.074+00:00,2026-08-31T18:43:37.225+00:00,2026-08-31T18:43:37.225+00:00,2026-08-31T18:43:38.114+00:00,2026-08-31T18:43:38.114+00:00,0.366891,0.8882571630001621,sqs-worker-5986dcd897-x8rdl,ip-192-168-20-201.ec2.internal,0e125435b0e42a573f4c66537a5431da8d67edd2f9c0d4400743f80a9da8cd1b,1,3151.0,4040.0
1,keda-mmpp-101-b3b24de2,000198,109.889378,2026-08-31T18:43:37.483+00:00,2026-08-31T18:43:33.783+00:00,2026-08-31T18:43:38.159+00:00,2026-08-31T18:43:38.159+00:00,2026-08-31T18:43:38.220+00:00,2026-08-31T18:43:38.220+00:00,0.042653,0.06105450599989126,sqs-worker-5986dcd897-x8rdl,ip-192-168-20-201.ec2.internal,84fbdbb63be8b19765a51d85de98488a456b581478ab66a79b27400776c63bdc,1,4376.0,4437.0
1,keda-mmpp-101-b3b24de2,000202,113.573054,2026-08-31T18:43:41.170+00:00,2026-08-31T18:43:37.469+00:00,2026-08-31T18:43:38.283+00:00,2026-08-31T18:43:38.283+00:00,2026-08-31T18:43:38.393+00:00,2026-08-31T18:43:38.393+00:00,0.04883,0.10976858599951811,sqs-worker-5986dcd897-x8rdl,ip-192-168-20-201.ec2.internal,f356f12f926ed0dabeda16bb1195a8cc73a2ef02172f7ea66f04eb5eccfdd03f,1,814.0,924.0
1,keda-mmpp-101-b3b24de2,000204,114.631459,2026-08-31T18:43:42.225+00:00,2026-08-31T18:43:38.524+00:00,2026-08-31T18:43:38.527+00:00,2026-08-31T18:43:38.527+00:00,2026-08-31T18:43:39.108+00:00,2026-08-31T18:43:39.108+00:00,0.261604,0.5811501600001066,sqs-worker-5986dcd897-x8rdl,ip-192-168-20-201.ec2.internal,e86d21db0280499026c7134faa802bfc0983d814612a5247178bfa986fb706a7,1,3.0,584.0
1,keda-mmpp-101-b3b24de2,000203,114.564676,2026-08-31T18:43:42.159+00:00,2026-08-31T18:43:38.464+00:00,2026-08-31T18:43:38.469+00:00,2026-08-31T18:43:38.469+00:00,2026-08-31T18:43:38.483+00:00,2026-08-31T18:43:38.483+00:00,0.014173,0.014212215000043216,sqs-worker-5986dcd897-x8rdl,ip-192-168-20-201.ec2.internal,a153e3f877579d40ddac1f24fdfa705cb2ca59a6dd50ab709c7e1e6b5c971e94,1,5.0,19.0
1,keda-mmpp-101-b3b24de2,000205,116.032287,2026-08-31T18:43:43.627+00:00,2026-08-31T18:43:39.930+00:00,2026-08-31T18:43:39.987+00:00,2026-08-31T18:43:39.987+00:00,2026-08-31T18:43:41.785+00:00,2026-08-31T18:43:41.785+00:00,0.335034,1.7983679630006009,sqs-worker-5986dcd897-x8rdl,ip-192-168-20-201.ec2.internal,3114008a59ae409f682c2007dc34733faafb095bb1be6fb6dbd8c207c741a898,1,57.0,1855.0
1,keda-mmpp-101-b3b24de2,000207,116.295977,2026-08-31T18:43:43.890+00:00,2026-08-31T18:43:40.186+00:00,2026-08-31T18:43:41.801+00:00,2026-08-31T18:43:41.801+00:00,2026-08-31T18:43:41.899+00:00,2026-08-31T18:43:41.899+00:00,0.030327,0.09869236599934084,sqs-worker-5986dcd897-x8rdl,ip-192-168-20-201.ec2.internal,0f62d7e1e9a8d65d1207515ffbb1396daf524140a4839075f23f89d00d002453,1,1615.0,1713.0
1,keda-mmpp-101-b3b24de2,000211,117.831755,2026-08-31T18:43:45.426+00:00,2026-08-31T18:43:41.726+00:00,2026-08-31T18:43:41.993+00:00,2026-08-31T18:43:41.993+00:00,2026-08-31T18:43:42.308+00:00,2026-08-31T18:43:42.308+00:00,0.102381,0.31479191400012496,sqs-worker-5986dcd897-x8rdl,ip-192-168-20-201.ec2.internal,66ca0027e6616e45977bd7da74a61c1b5d0a40369a4032b749fa6ff8706c79a5,1,267.0,582.0
1,keda-mmpp-101-b3b24de2,000206,116.170719,2026-08-31T18:43:43.764+00:00,2026-08-31T18:43:40.064+00:00,2026-08-31T18:43:42.328+00:00,2026-08-31T18:43:42.328+00:00,2026-08-31T18:43:42.913+00:00,2026-08-31T18:43:42.913+00:00,0.241584,0.5857731780006361,sqs-worker-5986dcd897-x8rdl,ip-192-168-20-201.ec2.internal,1c6f3d36d5d1cb2542ce9f49d5479254d75013a774501e4627bc81d5717b0a52,1,2264.0,2849.0
1,keda-mmpp-101-b3b24de2,000208,116.367887,2026-08-31T18:43:43.962+00:00,2026-08-31T18:43:40.261+00:00,2026-08-31T18:43:43.004+00:00,2026-08-31T18:43:43.004+00:00,2026-08-31T18:43:43.092+00:00,2026-08-31T18:43:43.092+00:00,0.042503,0.08754451999993762,sqs-worker-5986dcd897-x8rdl,ip-192-168-20-201.ec2.internal,d1940254624ce3b98dfedcca22a2baeb96431a225b2c48e67c528dc1e4d60cc2,1,2743.0,2831.0
1,keda-mmpp-101-b3b24de2,000210,116.751108,2026-08-31T18:43:44.345+00:00,2026-08-31T18:43:40.644+00:00,2026-08-31T18:43:42.928+00:00,2026-08-31T18:43:42.928+00:00,2026-08-31T18:43:42.985+00:00,2026-08-31T18:43:42.985+00:00,0.007578,0.05759632799981773,sqs-worker-5986dcd897-x8rdl,ip-192-168-20-201.ec2.internal,21f32075a62aba03997e21826822552dc6cd8bc200cc3e8414c626e5ba598525,1,2284.0,2341.0
1,keda-mmpp-101-b3b24de2,000215,119.223557,2026-08-31T18:43:46.817+00:00,2026-08-31T18:43:43.117+00:00,2026-08-31T18:43:44.016+00:00,2026-08-31T18:43:44.016+00:00,2026-08-31T18:43:44.401+00:00,2026-08-31T18:43:44.401+00:00,0.159823,0.3852700500001447,sqs-worker-5986dcd897-x8rdl,ip-192-168-20-201.ec2.internal,cfbf857ea696b139ad19556f1c3cf7747a4d3d02c8882eecf3715ef6b8cd7d99,1,899.0,1284.0
1,keda-mmpp-101-b3b24de2,000209,116.689032,2026-08-31T18:43:44.283+00:00,2026-08-31T18:43:40.581+00:00,2026-08-31T18:43:43.116+00:00,2026-08-31T18:43:43.116+00:00,2026-08-31T18:43:43.997+00:00,2026-08-31T18:43:43.997+00:00,0.361155,0.8809365920005803,sqs-worker-5986dcd897-x8rdl,ip-192-168-20-201.ec2.internal,69d28bce1eaf3492b6770128a3e4ee6505bcf60014b280f77ff6f1197f448333,1,2535.0,3416.0
1,keda-mmpp-101-b3b24de2,000219,120.241601,2026-08-31T18:43:47.835+00:00,2026-08-31T18:43:44.133+00:00,2026-08-31T18:43:44.425+00:00,2026-08-31T18:43:44.425+00:00,2026-08-31T18:43:44.906+00:00,2026-08-31T18:43:44.906+00:00,0.200789,0.4809832670007381,sqs-worker-5986dcd897-x8rdl,ip-192-168-20-201.ec2.internal,eda9d67fb922b489df4e381f876e9b50a3fbac8bfcb40e3b29a872bb20cc69a5,1,292.0,773.0
1,keda-mmpp-101-b3b24de2,000213,118.682148,2026-08-31T18:43:46.276+00:00,2026-08-31T18:43:42.577+00:00,2026-08-31T18:43:44.920+00:00,2026-08-31T18:43:44.920+00:00,2026-08-31T18:43:45.393+00:00,2026-08-31T18:43:45.393+00:00,0.183321,0.47310759399988456,sqs-worker-5986dcd897-x8rdl,ip-192-168-20-201.ec2.internal,566831e525ca30baf704085497a6ee9dad5b39996f0741d16ed77b6c90f1f9e8,1,2343.0,2816.0
1,keda-mmpp-101-b3b24de2,000212,118.039196,2026-08-31T18:43:45.633+00:00,2026-08-31T18:43:41.933+00:00,2026-08-31T18:43:45.434+00:00,2026-08-31T18:43:45.434+00:00,2026-08-31T18:43:45.697+00:00,2026-08-31T18:43:45.697+00:00,0.114741,0.2631457899997258,sqs-worker-5986dcd897-x8rdl,ip-192-168-20-201.ec2.internal,4abebe626ea89e241aae490a8be8c6bb2d6a6d43f20220705d409780cac6c075,1,3501.0,3764.0
1,keda-mmpp-101-b3b24de2,000220,120.763309,2026-08-31T18:43:48.357+00:00,2026-08-31T18:43:44.655+00:00,2026-08-31T18:43:45.726+00:00,2026-08-31T18:43:45.726+00:00,2026-08-31T18:43:46.015+00:00,2026-08-31T18:43:46.015+00:00,0.132316,0.28911781500028155,sqs-worker-5986dcd897-x8rdl,ip-192-168-20-201.ec2.internal,66465b518f40f3766d41084998446481e66f187fafc2ad2cb8fc8515658b56e5,1,1071.0,1360.0
1,keda-mmpp-101-b3b24de2,000224,121.840903,2026-08-31T18:43:49.435+00:00,2026-08-31T18:43:45.736+00:00,2026-08-31T18:43:46.030+00:00,2026-08-31T18:43:46.030+00:00,2026-08-31T18:43:47.308+00:00,2026-08-31T18:43:47.308+00:00,0.50836,1.2776645809999536,sqs-worker-5986dcd897-x8rdl,ip-192-168-20-201.ec2.internal,1ce9c5021d77edb980455a4022664a10acbfeac0b775c8341c44dd29fa17c444,1,294.0,1572.0
1,keda-mmpp-101-b3b24de2,000227,122.537278,2026-08-31T18:43:50.131+00:00,2026-08-31T18:43:46.430+00:00,2026-08-31T18:43:47.322+00:00,2026-08-31T18:43:47.322+00:00,2026-08-31T18:43:48.000+00:00,2026-08-31T18:43:48.000+00:00,0.267244,0.6778553579997606,sqs-worker-5986dcd897-x8rdl,ip-192-168-20-201.ec2.internal,eb15523e22377eb631e2c370357c505dc4ee71f4a526ff764582faecbbe9fcc6,1,892.0,1570.0
1,keda-mmpp-101-b3b24de2,000216,119.227653,2026-08-31T18:43:46.821+00:00,2026-08-31T18:43:43.123+00:00,2026-08-31T18:43:48.013+00:00,2026-08-31T18:43:48.013+00:00,2026-08-31T18:43:48.321+00:00,2026-08-31T18:43:48.321+00:00,0.137582,0.3083155419999457,sqs-worker-5986dcd897-x8rdl,ip-192-168-20-201.ec2.internal,0a4f56b48cdb123bac71750600d3a1509af79f83b3e664f5d3849075684cc4fc,1,4890.0,5198.0
1,keda-mmpp-101-b3b24de2,000225,122.092292,2026-08-31T18:43:49.686+00:00,2026-08-31T18:43:45.982+00:00,2026-08-31T18:43:48.393+00:00,2026-08-31T18:43:48.393+00:00,2026-08-31T18:43:48.404+00:00,2026-08-31T18:43:48.404+00:00,0.011474,0.01150967900048272,sqs-worker-5986dcd897-x8rdl,ip-192-168-20-201.ec2.internal,2fad8925d41df57916ea9684b8d8552f09ab012e6f1bf4653452afc5e85364ac,1,2411.0,2422.0
1,keda-mmpp-101-b3b24de2,000228,122.777796,2026-08-31T18:43:50.372+00:00,2026-08-31T18:43:46.672+00:00,2026-08-31T18:43:48.425+00:00,2026-08-31T18:43:48.425+00:00,2026-08-31T18:43:48.523+00:00,2026-08-31T18:43:48.523+00:00,0.061311,0.09783446499932325,sqs-worker-5986dcd897-x8rdl,ip-192-168-20-201.ec2.internal,87114cc84e64e558fc57f961f51f43dc2830533adb42dccb4f2671111f072957,1,1753.0,1851.0
1,keda-mmpp-101-b3b24de2,000230,123.737428,2026-08-31T18:43:51.331+00:00,2026-08-31T18:43:47.628+00:00,2026-08-31T18:43:48.601+00:00,2026-08-31T18:43:48.601+00:00,2026-08-31T18:43:49.191+00:00,2026-08-31T18:43:49.191+00:00,0.244409,0.5902418420000686,sqs-worker-5986dcd897-x8rdl,ip-192-168-20-201.ec2.internal,708b694ef7e390d7f0472ce37e096fa2b94eeb921a3371bc12612d801c600c77,1,973.0,1563.0
1,keda-mmpp-101-b3b24de2,000237,124.8823,2026-08-31T18:43:52.476+00:00,2026-08-31T18:43:48.774+00:00,2026-08-31T18:43:49.204+00:00,2026-08-31T18:43:49.204+00:00,2026-08-31T18:43:52.190+00:00,2026-08-31T18:43:52.190+00:00,0.676709,2.9861228929994468,sqs-worker-5986dcd897-x8rdl,ip-192-168-20-201.ec2.internal,54172d1265c83c2f81083f2e522e8425664a0e824a98a9d7a0aa01541966ac33,1,430.0,3416.0
1,keda-mmpp-101-b3b24de2,000240,125.034809,2026-08-31T18:43:52.628+00:00,2026-08-31T18:43:48.926+00:00,2026-08-31T18:43:52.284+00:00,2026-08-31T18:43:52.284+00:00,2026-08-31T18:43:53.184+00:00,2026-08-31T18:43:53.184+00:00,0.25083,0.9003613450004195,sqs-worker-5986dcd897-x8rdl,ip-192-168-20-201.ec2.internal,ee9b550260e89edf5efc8b933e3d92561eda224bd67da905c3403e46d962f083,1,3358.0,4258.0
1,keda-mmpp-101-b3b24de2,000245,127.500891,2026-08-31T18:43:55.093+00:00,2026-08-31T18:43:51.392+00:00,2026-08-31T18:43:53.198+00:00,2026-08-31T18:43:53.198+00:00,2026-08-31T18:43:53.695+00:00,2026-08-31T18:43:53.696+00:00,0.207883,0.4971905369993692,sqs-worker-5986dcd897-x8rdl,ip-192-168-20-201.ec2.internal,1356f96dc959101998ff817b2d65e1b0bed965c35bd2601a8aafc1c161169e2f,1,1806.0,2303.0
1,keda-mmpp-101-b3b24de2,000214,118.894449,2026-08-31T18:43:46.488+00:00,2026-08-31T18:43:42.787+00:00,2026-08-31T18:43:53.709+00:00,2026-08-31T18:43:53.709+00:00,2026-08-31T18:43:54.308+00:00,2026-08-31T18:43:54.308+00:00,0.247982,0.5989298909998979,sqs-worker-5986dcd897-x8rdl,ip-192-168-20-201.ec2.internal,f84316d39c96b9d2d2086e2177b3364e86f8f59151f0f271be712808110314e3,1,10922.0,11521.0
1,keda-mmpp-101-b3b24de2,000231,124.10062,2026-08-31T18:43:51.695+00:00,2026-08-31T18:43:47.991+00:00,2026-08-31T18:43:54.324+00:00,2026-08-31T18:43:54.324+00:00,2026-08-31T18:43:54.613+00:00,2026-08-31T18:43:54.613+00:00,0.120876,0.2889110280002569,sqs-worker-5986dcd897-x8rdl,ip-192-168-20-201.ec2.internal,cdc7c1c3019c5269a5fbe2231f90dc7bd5c510ae207fcbe5591e20f84418bcaa,1,6333.0,6622.0
1,keda-mmpp-101-b3b24de2,000221,120.809799,2026-08-31T18:43:48.403+00:00,2026-08-31T18:43:44.703+00:00,2026-08-31T18:43:54.629+00:00,2026-08-31T18:43:54.629+00:00,2026-08-31T18:43:54.706+00:00,2026-08-31T18:43:54.706+00:00,0.02871,0.07690100299987535,sqs-worker-5986dcd897-x8rdl,ip-192-168-20-201.ec2.internal,78d5740cd88f331710b6be432dfc6c39aa47bb18ab23c74d88b12728f8f52a3c,1,9926.0,10003.0
1,keda-mmpp-101-b3b24de2,000246,128.381791,2026-08-31T18:43:55.974+00:00,2026-08-31T18:43:52.272+00:00,2026-08-31T18:43:54.721+00:00,2026-08-31T18:43:54.721+00:00,2026-08-31T18:43:55.794+00:00,2026-08-31T18:43:55.794+00:00,0.424369,1.07350727299945,sqs-worker-5986dcd897-x8rdl,ip-192-168-20-201.ec2.internal,2bae5ddc1d1432eb683be8b6ea47efc3f5122226d5328ee09651407be76768c5,1,2449.0,3522.0
1,keda-mmpp-101-b3b24de2,000251,130.788455,2026-08-31T18:43:58.381+00:00,2026-08-31T18:43:54.681+00:00,2026-08-31T18:43:55.809+00:00,2026-08-31T18:43:55.809+00:00,2026-08-31T18:43:56.083+00:00,2026-08-31T18:43:56.083+00:00,0.105131,0.27407912499984377,sqs-worker-5986dcd897-x8rdl,ip-192-168-20-201.ec2.internal,fcc7885bb935a8867f35d5a3fcbf77562e2ec92df89f9de582d14a971c4d7dd3,1,1128.0,1402.0
1,keda-mmpp-101-b3b24de2,000217,120.226569,2026-08-31T18:43:47.821+00:00,2026-08-31T18:43:44.121+00:00,2026-08-31T18:43:56.103+00:00,2026-08-31T18:43:56.103+00:00,2026-08-31T18:43:56.502+00:00,2026-08-31T18:43:56.502+00:00,0.176937,0.39919113400083006,sqs-worker-5986dcd897-x8rdl,ip-192-168-20-201.ec2.internal,95773d5211b42daf88b9a8ba4b403d9492ca6fb069c96d4e6f24eb5b90234d16,1,11982.0,12381.0
1,keda-mmpp-101-b3b24de2,000249,129.227952,2026-08-31T18:43:56.820+00:00,2026-08-31T18:43:53.124+00:00,2026-08-31T18:43:56.515+00:00,2026-08-31T18:43:56.515+00:00,2026-08-31T18:43:57.323+00:00,2026-08-31T18:43:57.323+00:00,0.334959,0.8080338219997429,sqs-worker-5986dcd897-x8rdl,ip-192-168-20-201.ec2.internal,7f8b1e72770b23dfb8b0f2dd0b2d78d75a4401a4c62ee101f936adad91336ffe,1,3391.0,4199.0
1,keda-mmpp-101-b3b24de2,000234,124.432726,2026-08-31T18:43:52.026+00:00,2026-08-31T18:43:48.326+00:00,2026-08-31T18:43:57.391+00:00,2026-08-31T18:43:57.391+00:00,2026-08-31T18:43:57.701+00:00,2026-08-31T18:43:57.701+00:00,0.129413,0.30990323400055786,sqs-worker-5986dcd897-x8rdl,ip-192-168-20-201.ec2.internal,c49c1ad91d958a8e6d32e4fe0a66e60f6851daa61f6e23ccc63a95af083b3660,1,9065.0,9375.0
1,keda-mmpp-101-b3b24de2,000232,124.25795,2026-08-31T18:43:51.852+00:00,2026-08-31T18:43:48.149+00:00,2026-08-31T18:43:57.715+00:00,2026-08-31T18:43:57.715+00:00,2026-08-31T18:43:58.011+00:00,2026-08-31T18:43:58.011+00:00,0.125553,0.2967657210001562,sqs-worker-5986dcd897-x8rdl,ip-192-168-20-201.ec2.internal,5afb760e3a6c2c4e26f1edae8e4337c32db5879706c5cfbfa104a7feeeb43094,1,9566.0,9862.0
1,keda-mmpp-101-b3b24de2,000235,124.826426,2026-08-31T18:43:52.420+00:00,2026-08-31T18:43:48.719+00:00,2026-08-31T18:43:58.028+00:00,2026-08-31T18:43:58.028+00:00,2026-08-31T18:43:58.696+00:00,2026-08-31T18:43:58.696+00:00,0.264557,0.6683969079995222,sqs-worker-5986dcd897-x8rdl,ip-192-168-20-201.ec2.internal,3b1d40e644fc21787fd81207fc50b483dc54136f415152015458ce7ff459726a,1,9309.0,9977.0
1,keda-mmpp-101-b3b24de2,000256,133.174359,2026-08-31T18:44:00.767+00:00,2026-08-31T18:43:57.066+00:00,2026-08-31T18:43:58.700+00:00,2026-08-31T18:43:58.700+00:00,2026-08-31T18:43:58.817+00:00,2026-08-31T18:43:58.817+00:00,0.067615,0.11669224700017367,sqs-worker-5986dcd897-fltxc,ip-192-168-20-201.ec2.internal,aa9c56089caedd88e87159830fe3293e411dbafaa0d67834eaee9535628bbb50,1,1634.0,1751.0
1,keda-mmpp-101-b3b24de2,000241,125.774668,2026-08-31T18:43:53.369+00:00,2026-08-31T18:43:49.667+00:00,2026-08-31T18:43:58.886+00:00,2026-08-31T18:43:58.886+00:00,2026-08-31T18:43:59.102+00:00,2026-08-31T18:43:59.102+00:00,0.097821,0.21625332100029482,sqs-worker-5986dcd897-fltxc,ip-192-168-20-201.ec2.internal,3980146797de817498d9ed04948b3cd9d659ee6d9b99034ed6c9d9f399cf6784,1,9219.0,9435.0
1,keda-mmpp-101-b3b24de2,000238,124.946833,2026-08-31T18:43:52.540+00:00,2026-08-31T18:43:48.839+00:00,2026-08-31T18:43:58.710+00:00,2026-08-31T18:43:58.710+00:00,2026-08-31T18:43:59.976+00:00,2026-08-31T18:43:59.976+00:00,0.437948,1.2656408779994308,sqs-worker-5986dcd897-x8rdl,ip-192-168-20-201.ec2.internal,bbd796e3bbec89f1a119a4c2e89e6440f460ffde21374738dbf742512ad1c376,1,9871.0,11137.0
1,keda-mmpp-101-b3b24de2,000248,128.762634,2026-08-31T18:43:56.355+00:00,2026-08-31T18:43:52.657+00:00,2026-08-31T18:44:00.011+00:00,2026-08-31T18:44:00.011+00:00,2026-08-31T18:44:00.100+00:00,2026-08-31T18:44:00.100+00:00,0.013372,0.08964864200061129,sqs-worker-5986dcd897-x8rdl,ip-192-168-20-201.ec2.internal,b054da2ba5f8a0add239a51215fc3b80fbb2af904e53b577c4e21834fd85ba52,1,7354.0,7443.0
1,keda-mmpp-101-b3b24de2,000218,120.235267,2026-08-31T18:43:47.829+00:00,2026-08-31T18:43:44.129+00:00,2026-08-31T18:43:59.116+00:00,2026-08-31T18:43:59.116+00:00,2026-08-31T18:44:00.928+00:00,2026-08-31T18:44:00.928+00:00,0.731314,1.8119402920001448,sqs-worker-5986dcd897-fltxc,ip-192-168-20-201.ec2.internal,adc42ac0a6401e13167e0b42f24c4829b6eccfc0f3d30a2cb1366cac1f99acf7,1,14987.0,16799.0
1,keda-mmpp-101-b3b24de2,000244,126.995593,2026-08-31T18:43:54.590+00:00,2026-08-31T18:43:50.886+00:00,2026-08-31T18:44:00.967+00:00,2026-08-31T18:44:00.967+00:00,2026-08-31T18:44:01.064+00:00,2026-08-31T18:44:01.064+00:00,0.037994,0.09645853199981502,sqs-worker-5986dcd897-fltxc,ip-192-168-20-201.ec2.internal,2ba9f25e67e2931e79efa6f35f17f987b38cb7439cb144dce1d19f3d89164fc7,1,10081.0,10178.0
1,keda-mmpp-101-b3b24de2,000222,120.939918,2026-08-31T18:43:48.534+00:00,2026-08-31T18:43:44.830+00:00,2026-08-31T18:44:01.096+00:00,2026-08-31T18:44:01.096+00:00,2026-08-31T18:44:01.307+00:00,2026-08-31T18:44:01.307+00:00,0.10078,0.2108272470004522,sqs-worker-5986dcd897-fltxc,ip-192-168-20-201.ec2.internal,ff26e14e41e61bb294f807e2782107393ffd097493ccedcdac40e8f2799b3cfe,1,16265.999999999998,16477.0
1,keda-mmpp-101-b3b24de2,000257,133.75633,2026-08-31T18:44:01.349+00:00,2026-08-31T18:43:57.649+00:00,2026-08-31T18:44:00.129+00:00,2026-08-31T18:44:00.129+00:00,2026-08-31T18:44:01.305+00:00,2026-08-31T18:44:01.305+00:00,0.257237,1.1761132709998492,sqs-worker-5986dcd897-x8rdl,ip-192-168-20-201.ec2.internal,7a87e47e51d10295f305b7d3f81e0925e1a5188561b817056cfe7a0c66fbb65c,1,2480.0,3656.0
1,keda-mmpp-101-b3b24de2,000260,134.312105,2026-08-31T18:44:01.904+00:00,2026-08-31T18:43:58.202+00:00,2026-08-31T18:44:01.321+00:00,2026-08-31T18:44:01.321+00:00,2026-08-31T18:44:01.365+00:00,2026-08-31T18:44:01.365+00:00,0.010775,0.04339253499983897,sqs-worker-5986dcd897-fltxc,ip-192-168-20-201.ec2.internal,3dc040c9510c54b1894fc47a278d88d00f3251ee8873a53cb8f1eff2b2060892,1,3119.0,3163.0
1,keda-mmpp-101-b3b24de2,000263,134.557334,2026-08-31T18:44:02.149+00:00,2026-08-31T18:43:58.456+00:00,2026-08-31T18:44:01.388+00:00,2026-08-31T18:44:01.388+00:00,2026-08-31T18:44:03.186+00:00,2026-08-31T18:44:03.186+00:00,0.375018,1.798330141000406,sqs-worker-5986dcd897-x8rdl,ip-192-168-20-201.ec2.internal,0463c1ba993ea8b1a9a14faf1c34ec9a9444db8e1bcbda29cd4784a67cb17e62,1,2932.0,4730.0
1,keda-mmpp-101-b3b24de2,000262,134.516366,2026-08-31T18:44:02.108+00:00,2026-08-31T18:43:58.409+00:00,2026-08-31T18:44:01.400+00:00,2026-08-31T18:44:01.400+00:00,2026-08-31T18:44:03.203+00:00,2026-08-31T18:44:03.203+00:00,0.73621,1.8029956560003484,sqs-worker-5986dcd897-fltxc,ip-192-168-20-201.ec2.internal,99628c899adaa3b6b48549b429609d0874fb1a8b8c0490e352a8678bca3242b2,1,2991.0,4794.0
1,keda-mmpp-101-b3b24de2,000265,134.625838,2026-08-31T18:44:02.218+00:00,2026-08-31T18:43:58.518+00:00,2026-08-31T18:44:03.201+00:00,2026-08-31T18:44:03.201+00:00,2026-08-31T18:44:03.495+00:00,2026-08-31T18:44:03.495+00:00,0.104333,0.2943932349999159,sqs-worker-5986dcd897-x8rdl,ip-192-168-20-201.ec2.internal,a76e248878477efede058e5f9298f132fc4ffe29c6db67a609aedcef4cca3af0,1,4683.0,4977.0
1,keda-mmpp-101-b3b24de2,000271,135.706359,2026-08-31T18:44:03.298+00:00,2026-08-31T18:43:59.599+00:00,2026-08-31T18:44:03.224+00:00,2026-08-31T18:44:03.224+00:00,2026-08-31T18:44:03.988+00:00,2026-08-31T18:44:03.988+00:00,0.300469,0.7642813550000938,sqs-worker-5986dcd897-fltxc,ip-192-168-20-201.ec2.internal,67700fa266aa60e470c57d051995df2286b5cc5341fc313a7827a32bbdfa0fcb,1,3625.0,4389.0
1,keda-mmpp-101-b3b24de2,000239,124.983267,2026-08-31T18:43:52.577+00:00,2026-08-31T18:43:48.873+00:00,2026-08-31T18:44:03.815+00:00,2026-08-31T18:44:03.815+00:00,2026-08-31T18:44:04.002+00:00,2026-08-31T18:44:04.002+00:00,0.08838,0.1867068740002651,sqs-worker-5986dcd897-x8rdl,ip-192-168-20-201.ec2.internal,9ad11efab1efde830426b640291e211145817247035666157cbd1145967f8038,1,14942.0,15129.0
1,keda-mmpp-101-b3b24de2,000223,121.60462,2026-08-31T18:43:49.199+00:00,2026-08-31T18:43:45.498+00:00,2026-08-31T18:44:04.102+00:00,2026-08-31T18:44:04.102+00:00,2026-08-31T18:44:04.471+00:00,2026-08-31T18:44:04.471+00:00,0.15478,0.36871153399988543,sqs-worker-5986dcd897-fltxc,ip-192-168-20-201.ec2.internal,9826a57069f280ea135d5afae2009d86da616803e90e4e1d5e930481b80e3404,1,18604.0,18973.0
1,keda-mmpp-101-b3b24de2,000275,136.538841,2026-08-31T18:44:04.131+00:00,2026-08-31T18:44:00.431+00:00,2026-08-31T18:44:04.005+00:00,2026-08-31T18:44:04.005+00:00,2026-08-31T18:44:04.088+00:00,2026-08-31T18:44:04.088+00:00,0.034673,0.08284296799956792,sqs-worker-5986dcd897-fltxc,ip-192-168-20-201.ec2.internal,fb03020e781d23f783d242ca95d13c086731a5acb4344532a1e4f09bb8fc0ba4,1,3574.0,3657.0
1,keda-mmpp-101-b3b24de2,000261,134.471463,2026-08-31T18:44:02.064+00:00,2026-08-31T18:43:58.365+00:00,2026-08-31T18:44:04.016+00:00,2026-08-31T18:44:04.016+00:00,2026-08-31T18:44:05.400+00:00,2026-08-31T18:44:05.400+00:00,0.55782,1.3841905640001642,sqs-worker-5986dcd897-x8rdl,ip-192-168-20-201.ec2.internal,5186ad7ffbd4dac5de326591de905b4b55c8cfff2a2e194ed2cdb4e0db9bcf7c,1,5651.0,7035.0
1,keda-mmpp-101-b3b24de2,000255,132.480112,2026-08-31T18:44:00.072+00:00,2026-08-31T18:43:56.371+00:00,2026-08-31T18:44:05.605+00:00,2026-08-31T18:44:05.605+00:00,2026-08-31T18:44:05.783+00:00,2026-08-31T18:44:05.783+00:00,0.066623,0.17807026599984965,sqs-worker-5986dcd897-x8rdl,ip-192-168-20-201.ec2.internal,05d658c61040e4f26d2d06e7d031fead3275c374c894c5cefbc9cb00f17d0ebc,1,9234.0,9412.0
1,keda-mmpp-101-b3b24de2,000266,134.937114,2026-08-31T18:44:02.529+00:00,2026-08-31T18:43:58.829+00:00,2026-08-31T18:44:05.419+00:00,2026-08-31T18:44:05.419+00:00,2026-08-31T18:44:05.591+00:00,2026-08-31T18:44:05.591+00:00,0.064698,0.1720573399998102,sqs-worker-5986dcd897-x8rdl,ip-192-168-20-201.ec2.internal,f9e5eaabd7f526e4f4b590a5c1079be39f48eba02f3e8b26a95b587c914982ac,1,6590.0,6762.0
1,keda-mmpp-101-b3b24de2,000269,135.373149,2026-08-31T18:44:02.965+00:00,2026-08-31T18:43:59.270+00:00,2026-08-31T18:44:06.231+00:00,2026-08-31T18:44:06.231+00:00,2026-08-31T18:44:06.283+00:00,2026-08-31T18:44:06.283+00:00,0.013206,0.05178881800020463,sqs-worker-5986dcd897-x8rdl,ip-192-168-20-201.ec2.internal,66d66940bd201b5bdf8d2226d96a399a75911a8bb6772ed1b7e241edfe24d9dd,1,6961.0,7013.0
1,keda-mmpp-101-b3b24de2,000226,122.490701,2026-08-31T18:43:50.085+00:00,2026-08-31T18:43:46.429+00:00,2026-08-31T18:44:06.297+00:00,2026-08-31T18:44:06.297+00:00,2026-08-31T18:44:06.302+00:00,2026-08-31T18:44:06.302+00:00,0.005,0.0050408889992468175,sqs-worker-5986dcd897-x8rdl,ip-192-168-20-201.ec2.internal,c84777ff7c9c349aa9032e8579aeee2e03b4185e0acf7e0f3c2a692a3a57b8fd,1,19868.0,19873.0
1,keda-mmpp-101-b3b24de2,000259,134.260198,2026-08-31T18:44:01.852+00:00,2026-08-31T18:43:58.151+00:00,2026-08-31T18:44:05.797+00:00,2026-08-31T18:44:05.797+00:00,2026-08-31T18:44:06.207+00:00,2026-08-31T18:44:06.207+00:00,0.175875,0.4099623080001038,sqs-worker-5986dcd897-x8rdl,ip-192-168-20-201.ec2.internal,7e39a9bed4ce9d8f5d1e3f29637bbaa647541a824a1ee550350c2fabd4e3f4da,1,7646.0,8055.999999999999
1,keda-mmpp-101-b3b24de2,000270,135.59329,2026-08-31T18:44:03.185+00:00,2026-08-31T18:43:59.482+00:00,2026-08-31T18:44:06.321+00:00,2026-08-31T18:44:06.321+00:00,2026-08-31T18:44:07.103+00:00,2026-08-31T18:44:07.103+00:00,0.326499,0.7823788149999018,sqs-worker-5986dcd897-x8rdl,ip-192-168-20-201.ec2.internal,283b13a2fbd0e1b3fd5156b5b43b33b1d383735c5fa77737057a47d1bebdf75b,1,6839.0,7621.0
1,keda-mmpp-101-b3b24de2,000254,132.134232,2026-08-31T18:43:59.726+00:00,2026-08-31T18:43:56.024+00:00,2026-08-31T18:44:03.533+00:00,2026-08-31T18:44:03.533+00:00,2026-08-31T18:44:03.784+00:00,2026-08-31T18:44:03.784+00:00,0.093891,0.251396657999976,sqs-worker-5986dcd897-x8rdl,ip-192-168-20-201.ec2.internal,e9147d05a46b9d1340d7760999702f8f38fdb4e8ecbe3df9c8d7cbbc9f37a089,1,7509.0,7760.0
1,keda-mmpp-101-b3b24de2,000242,125.78029,2026-08-31T18:43:53.374+00:00,2026-08-31T18:43:49.671+00:00,2026-08-31T18:44:06.141+00:00,2026-08-31T18:44:06.141+00:00,2026-08-31T18:44:06.492+00:00,2026-08-31T18:44:06.492+00:00,0.132508,0.35141992199987726,sqs-worker-5986dcd897-fltxc,ip-192-168-20-201.ec2.internal,657bccdc1064d7bd37eb43d53a1b191623896166ef7e9007be4913eed7112c1e,1,16470.0,16821.0
1,keda-mmpp-101-b3b24de2,000267,134.943074,2026-08-31T18:44:02.535+00:00,2026-08-31T18:43:58.836+00:00,2026-08-31T18:44:07.593+00:00,2026-08-31T18:44:07.593+00:00,2026-08-31T18:44:07.702+00:00,2026-08-31T18:44:07.702+00:00,0.055506,0.10910584800058132,sqs-worker-5986dcd897-x8rdl,ip-192-168-20-201.ec2.internal,70c85102d498ce86200af250ecdaced53a42da533143ee12e562e4674f318d26,1,8757.0,8866.0
1,keda-mmpp-101-b3b24de2,000268,135.094936,2026-08-31T18:44:02.687+00:00,2026-08-31T18:43:58.987+00:00,2026-08-31T18:44:07.726+00:00,2026-08-31T18:44:07.726+00:00,2026-08-31T18:44:07.886+00:00,2026-08-31T18:44:07.886+00:00,0.059487,0.16009501100052148,sqs-worker-5986dcd897-x8rdl,ip-192-168-20-201.ec2.internal,31fcfda8128624deea797bdc828d3e2b2f89df7354e7ea6690684616041cb2a2,1,8739.0,8899.0
1,keda-mmpp-101-b3b24de2,000233,124.271289,2026-08-31T18:43:51.865+00:00,2026-08-31T18:43:48.165+00:00,2026-08-31T18:44:07.912+00:00,2026-08-31T18:44:07.912+00:00,2026-08-31T18:44:08.405+00:00,2026-08-31T18:44:08.405+00:00,0.213481,0.4925625930000024,sqs-worker-5986dcd897-x8rdl,ip-192-168-20-201.ec2.internal,72cd9fa965f790cc7f73231b4d9ed3684a3fb17a598e3d7c9e22e14bf3d104bc,1,19747.0,20240.0
1,keda-mmpp-101-b3b24de2,000229,123.710089,2026-08-31T18:43:51.305+00:00,2026-08-31T18:43:47.603+00:00,2026-08-31T18:44:07.909+00:00,2026-08-31T18:44:07.909+00:00,2026-08-31T18:44:08.663+00:00,2026-08-31T18:44:08.663+00:00,0.306531,0.7543722789996536,sqs-worker-5986dcd897-fltxc,ip-192-168-20-201.ec2.internal,a7234802de655915d1f223a4505645dc05d53190839d6bebd05ce00ef89306c3,1,20306.0,21060.0
1,keda-mmpp-101-b3b24de2,000273,135.99025,2026-08-31T18:44:03.582+00:00,2026-08-31T18:43:59.879+00:00,2026-08-31T18:44:04.490+00:00,2026-08-31T18:44:04.490+00:00,2026-08-31T18:44:06.115+00:00,2026-08-31T18:44:06.115+00:00,0.662542,1.624567728999864,sqs-worker-5986dcd897-fltxc,ip-192-168-20-201.ec2.internal,b79e04f8fdc6cb9416589eac704d7c26f47b4e05f0ca9ce9acd53608fd7f159e,1,4611.0,6236.0
1,keda-mmpp-101-b3b24de2,000272,135.793976,2026-08-31T18:44:03.386+00:00,2026-08-31T18:43:59.683+00:00,2026-08-31T18:44:07.122+00:00,2026-08-31T18:44:07.122+00:00,2026-08-31T18:44:07.522+00:00,2026-08-31T18:44:07.522+00:00,0.172633,0.39954800299983617,sqs-worker-5986dcd897-x8rdl,ip-192-168-20-201.ec2.internal,3d9c0994f9968425328491aee2283493ffd16fe4df69eeaa28a3315b350deb16,1,7439.0,7839.0
1,keda-mmpp-101-b3b24de2,000252,131.706261,2026-08-31T18:43:59.299+00:00,2026-08-31T18:43:55.601+00:00,2026-08-31T18:44:06.508+00:00,2026-08-31T18:44:06.508+00:00,2026-08-31T18:44:07.688+00:00,2026-08-31T18:44:07.688+00:00,0.470637,1.1803061789996718,sqs-worker-5986dcd897-fltxc,ip-192-168-20-201.ec2.internal,2d95c04cd008e794748f4a773ec7e1b0705bfda09be8df368622a47f13b79f2e,1,10907.0,12087.0
1,keda-mmpp-101-b3b24de2,000253,131.86584,2026-08-31T18:43:59.458+00:00,2026-08-31T18:43:55.756+00:00,2026-08-31T18:44:07.703+00:00,2026-08-31T18:44:07.703+00:00,2026-08-31T18:44:07.890+00:00,2026-08-31T18:44:07.890+00:00,0.076641,0.1870934059998035,sqs-worker-5986dcd897-fltxc,ip-192-168-20-201.ec2.internal,24baebb6d8b4fdae986d5383040eddc214c53d09ce177190adbdfb2840f0f0cf,1,11947.0,12134.0
1,keda-mmpp-101-b3b24de2,000243,125.907311,2026-08-31T18:43:53.501+00:00,2026-08-31T18:43:49.796+00:00,2026-08-31T18:44:09.555+00:00,2026-08-31T18:44:09.555+00:00,2026-08-31T18:44:09.799+00:00,2026-08-31T18:44:09.799+00:00,0.070175,0.24470932799977163,sqs-worker-5986dcd897-x8rdl,ip-192-168-20-201.ec2.internal,4e191277197dac6eaef8952d2fe52e9dcaf71e03155aa52ac8c38f497208aa1d,1,19759.0,20003.0
1,keda-mmpp-101-b3b24de2,000279,144.344437,2026-08-31T18:44:11.939+00:00,2026-08-31T18:44:08.241+00:00,2026-08-31T18:44:09.887+00:00,2026-08-31T18:44:09.887+00:00,2026-08-31T18:44:10.090+00:00,2026-08-31T18:44:10.090+00:00,0.032635,0.2032928799999354,sqs-worker-5986dcd897-x8rdl,ip-192-168-20-201.ec2.internal,14fcd378abb82e6da429d373ede922fbb664873602f06bae0b3477a2d4c47e33,1,1646.0,1849.0
1,keda-mmpp-101-b3b24de2,000236,124.828887,2026-08-31T18:43:52.422+00:00,2026-08-31T18:43:48.724+00:00,2026-08-31T18:44:08.424+00:00,2026-08-31T18:44:08.424+00:00,2026-08-31T18:44:09.525+00:00,2026-08-31T18:44:09.525+00:00,0.446596,1.1012538409995614,sqs-worker-5986dcd897-x8rdl,ip-192-168-20-201.ec2.internal,df568de166d2250c1b21c6998c0c1b3b29312693de2d719ac9139d7cf03a468e,1,19700.0,20801.0
1,keda-mmpp-101-b3b24de2,000264,134.60245,2026-08-31T18:44:02.195+00:00,2026-08-31T18:43:59.026+00:00,2026-08-31T18:44:08.684+00:00,2026-08-31T18:44:08.684+00:00,2026-08-31T18:44:10.604+00:00,2026-08-31T18:44:10.604+00:00,0.416213,1.9205403470004967,sqs-worker-5986dcd897-fltxc,ip-192-168-20-201.ec2.internal,76decd3f640a68f7e18698d1c792da9d5faf2700f542135d1e50f9a33c1b9bd5,1,9658.0,11578.0
1,keda-mmpp-101-b3b24de2,000247,128.72805,2026-08-31T18:43:56.320+00:00,2026-08-31T18:43:52.621+00:00,2026-08-31T18:44:10.695+00:00,2026-08-31T18:44:10.695+00:00,2026-08-31T18:44:10.799+00:00,2026-08-31T18:44:10.799+00:00,0.025487,0.1041888640002071,sqs-worker-5986dcd897-fltxc,ip-192-168-20-201.ec2.internal,70ec20459283353f8cb3f7efcaebe54d3cbeaa5ac026b88b897415b5921f8e54,1,18074.0,18178.0
1,keda-mmpp-101-b3b24de2,000280,146.132733,2026-08-31T18:44:13.726+00:00,2026-08-31T18:44:10.026+00:00,2026-08-31T18:44:10.120+00:00,2026-08-31T18:44:10.120+00:00,2026-08-31T18:44:11.490+00:00,2026-08-31T18:44:11.490+00:00,0.23071,1.370356150000589,sqs-worker-5986dcd897-x8rdl,ip-192-168-20-201.ec2.internal,694208fc4e7bf082506fd211153b41229426c498e1da0f9e6eac5311ae200b89,1,94.0,1464.0
1,keda-mmpp-101-b3b24de2,000250,130.423221,2026-08-31T18:43:58.016+00:00,2026-08-31T18:43:54.317+00:00,2026-08-31T18:44:10.910+00:00,2026-08-31T18:44:10.910+00:00,2026-08-31T18:44:12.064+00:00,2026-08-31T18:44:12.064+00:00,0.223927,1.153895514999931,sqs-worker-5986dcd897-fltxc,ip-192-168-20-201.ec2.internal,33700bb11684485a47e2287ab791278d464cbf34c322b42e414736699bd14253,1,16593.0,17747.0
1,keda-mmpp-101-b3b24de2,000258,134.005006,2026-08-31T18:44:01.597+00:00,2026-08-31T18:43:58.425+00:00,2026-08-31T18:44:12.100+00:00,2026-08-31T18:44:12.100+00:00,2026-08-31T18:44:12.316+00:00,2026-08-31T18:44:12.316+00:00,0.10033,0.21597436899992317,sqs-worker-5986dcd897-fltxc,ip-192-168-20-201.ec2.internal,0652a369d1062b4c438c401eedf01d5c998e151aecc0b21c39ba760d067eba8b,1,13675.0,13891.0
1,keda-mmpp-101-b3b24de2,000274,136.474039,2026-08-31T18:44:04.066+00:00,2026-08-31T18:44:00.364+00:00,2026-08-31T18:44:11.526+00:00,2026-08-31T18:44:11.526+00:00,2026-08-31T18:44:12.795+00:00,2026-08-31T18:44:12.795+00:00,0.27413,1.2698817829996187,sqs-worker-5986dcd897-x8rdl,ip-192-168-20-201.ec2.internal,d4af8534bee7fb347af1afd8fe409e2feab831b54766b7affa5c88c9a4d63e76,1,11162.0,12431.0
1,keda-mmpp-101-b3b24de2,000276,137.183154,2026-08-31T18:44:04.775+00:00,2026-08-31T18:44:01.077+00:00,2026-08-31T18:44:12.331+00:00,2026-08-31T18:44:12.331+00:00,2026-08-31T18:44:12.904+00:00,2026-08-31T18:44:12.904+00:00,0.230069,0.5724865309994129,sqs-worker-5986dcd897-fltxc,ip-192-168-20-201.ec2.internal,f5ba5aaf959956642f904a189c3a2327854218835e76f4c13993384928c3e649,1,11254.0,11827.0
1,keda-mmpp-101-b3b24de2,000281,146.896561,2026-08-31T18:44:14.489+00:00,2026-08-31T18:44:10.790+00:00,2026-08-31T18:44:12.815+00:00,2026-08-31T18:44:12.815+00:00,2026-08-31T18:44:12.826+00:00,2026-08-31T18:44:12.826+00:00,0.011122,0.011241995000091265,sqs-worker-5986dcd897-x8rdl,ip-192-168-20-201.ec2.internal,66529a27047bb3d3adadf93a18c98fdaf3a645c836c62740c812c911fed0db8c,1,2025.0,2036.0
1,keda-mmpp-101-b3b24de2,000278,138.220961,2026-08-31T18:44:05.814+00:00,2026-08-31T18:44:02.111+00:00,2026-08-31T18:44:12.930+00:00,2026-08-31T18:44:12.930+00:00,2026-08-31T18:44:13.188+00:00,2026-08-31T18:44:13.189+00:00,0.101597,0.25806848100000934,sqs-worker-5986dcd897-fltxc,ip-192-168-20-201.ec2.internal,4c67fa2c5a4a8c91a8628945002312cb3e27a8f2456005bb5b08731eb60f3346,1,10819.0,11077.0
1,keda-mmpp-101-b3b24de2,000277,137.229602,2026-08-31T18:44:04.821+00:00,2026-08-31T18:44:01.118+00:00,2026-08-31T18:44:12.860+00:00,2026-08-31T18:44:12.860+00:00,2026-08-31T18:44:13.188+00:00,2026-08-31T18:44:13.188+00:00,0.13339,0.3288267019997875,sqs-worker-5986dcd897-x8rdl,ip-192-168-20-201.ec2.internal,69c8e1301464636bf0ee9465d26a2fe91d83263a328f565b4175f25b620f6746,1,11742.0,12070.0
1,keda-mmpp-101-b3b24de2,000283,148.824585,2026-08-31T18:44:16.417+00:00,2026-08-31T18:44:12.717+00:00,2026-08-31T18:44:13.230+00:00,2026-08-31T18:44:13.230+00:00,2026-08-31T18:44:13.495+00:00,2026-08-31T18:44:13.495+00:00,0.122025,0.26531604600040737,sqs-worker-5986dcd897-x8rdl,ip-192-168-20-201.ec2.internal,94d11d778c6449200209a7b0ed35915e344c89a3eed7a42af9e3bdc21b82b68b,1,513.0,778.0
1,keda-mmpp-101-b3b24de2,000282,148.269194,2026-08-31T18:44:15.862+00:00,2026-08-31T18:44:12.167+00:00,2026-08-31T18:44:13.208+00:00,2026-08-31T18:44:13.209+00:00,2026-08-31T18:44:13.503+00:00,2026-08-31T18:44:13.503+00:00,0.129864,0.2945841239998117,sqs-worker-5986dcd897-fltxc,ip-192-168-20-201.ec2.internal,2a7cbc90432e96d451b5f5e59b5b8bea502232eaccf2243acfa60548f8f832e6,1,1041.0,1336.0
1,keda-mmpp-101-b3b24de2,000284,150.429996,2026-08-31T18:44:18.023+00:00,2026-08-31T18:44:14.323+00:00,2026-08-31T18:44:14.327+00:00,2026-08-31T18:44:14.327+00:00,2026-08-31T18:44:15.767+00:00,2026-08-31T18:44:15.767+00:00,0.600038,1.4402721960004783,sqs-worker-5986dcd897-fltxc,ip-192-168-20-201.ec2.internal,13efde6c32d5371583143c0998e3054125deefb93035f42c6bab6f9015ff9772,1,4.0,1444.0
1,keda-mmpp-101-b3b24de2,000285,152.31569,2026-08-31T18:44:19.909+00:00,2026-08-31T18:44:16.210+00:00,2026-08-31T18:44:16.216+00:00,2026-08-31T18:44:16.216+00:00,2026-08-31T18:44:16.486+00:00,2026-08-31T18:44:16.486+00:00,0.123373,0.2703650559997186,sqs-worker-5986dcd897-x8rdl,ip-192-168-20-201.ec2.internal,4186cfd9b22786f88e93f91e268846cda38e64977a5883d2f918e37171b53d56,1,6.0,276.0
1,keda-mmpp-101-b3b24de2,000286,155.416892,2026-08-31T18:44:23.011+00:00,2026-08-31T18:44:19.309+00:00,2026-08-31T18:44:19.364+00:00,2026-08-31T18:44:19.364+00:00,2026-08-31T18:44:19.789+00:00,2026-08-31T18:44:19.789+00:00,0.102075,0.4247335000000021,sqs-worker-5986dcd897-fltxc,ip-192-168-20-201.ec2.internal,a0bd4a0c6243381e99d3b6e5209f67d629fe0274aa226c33aebeccfd3bdce8ec,1,55.0,480.0
1,keda-mmpp-101-b3b24de2,000287,160.24563,2026-08-31T18:44:27.838+00:00,2026-08-31T18:44:24.138+00:00,2026-08-31T18:44:24.141+00:00,2026-08-31T18:44:24.141+00:00,2026-08-31T18:44:24.268+00:00,2026-08-31T18:44:24.268+00:00,0.071362,0.1270937290000802,sqs-worker-5986dcd897-fltxc,ip-192-168-20-201.ec2.internal,16c60ddc2e5d6fdcb3b82ce3a821165cd98abafda9ff828dbc369e72c0f3a5c6,1,3.0,130.0
1,keda-mmpp-101-b3b24de2,000288,160.803793,2026-08-31T18:44:28.395+00:00,2026-08-31T18:44:24.696+00:00,2026-08-31T18:44:24.699+00:00,2026-08-31T18:44:24.699+00:00,2026-08-31T18:44:25.318+00:00,2026-08-31T18:44:25.318+00:00,0.274352,0.6184606599999825,sqs-worker-5986dcd897-x8rdl,ip-192-168-20-201.ec2.internal,7755d2d3fa9797db2c56f67ceb6f417861c4ca4aaad261536c6468dfee7974a2,1,3.0,622.0
1,keda-mmpp-101-b3b24de2,000289,165.012872,2026-08-31T18:44:32.606+00:00,2026-08-31T18:44:28.910+00:00,2026-08-31T18:44:28.914+00:00,2026-08-31T18:44:28.914+00:00,2026-08-31T18:44:29.369+00:00,2026-08-31T18:44:29.369+00:00,0.080313,0.454397871000765,sqs-worker-5986dcd897-fltxc,ip-192-168-20-201.ec2.internal,f748be2b3ff3fab830a48418ad3a6515bd9abc6d538baf9dbad1379ad9dfd689,1,4.0,459.0
1,keda-mmpp-101-b3b24de2,000290,165.734356,2026-08-31T18:44:33.326+00:00,2026-08-31T18:44:29.625+00:00,2026-08-31T18:44:29.632+00:00,2026-08-31T18:44:29.632+00:00,2026-08-31T18:44:29.707+00:00,2026-08-31T18:44:29.707+00:00,0.06083,0.0751917699999467,sqs-worker-5986dcd897-x8rdl,ip-192-168-20-201.ec2.internal,2164bc0c4e49b64c38bb33b231d12a9f3f8dec4423416f23a6ae9081606b17a0,1,7.0,82.0
1,keda-mmpp-101-b3b24de2,000291,166.092425,2026-08-31T18:44:33.683+00:00,2026-08-31T18:44:29.984+00:00,2026-08-31T18:44:29.993+00:00,2026-08-31T18:44:29.993+00:00,2026-08-31T18:44:31.292+00:00,2026-08-31T18:44:31.292+00:00,0.229395,1.2991441210006087,sqs-worker-5986dcd897-x8rdl,ip-192-168-20-201.ec2.internal,6bfd979eb076f1ceb0bf59bd5c289f2685702de265634533defc57ed0753bf65,1,9.0,1308.0
1,keda-mmpp-101-b3b24de2,000292,167.281783,2026-08-31T18:44:34.873+00:00,2026-08-31T18:44:31.173+00:00,2026-08-31T18:44:31.177+00:00,2026-08-31T18:44:31.177+00:00,2026-08-31T18:44:31.687+00:00,2026-08-31T18:44:31.687+00:00,0.204711,0.5096266939999623,sqs-worker-5986dcd897-fltxc,ip-192-168-20-201.ec2.internal,854d7a053014fef2caa830f4551d736c160cc6c481318e06e5f4fab146305f11,1,4.0,514.0
1,keda-mmpp-101-b3b24de2,000293,168.933526,2026-08-31T18:44:36.526+00:00,2026-08-31T18:44:32.826+00:00,2026-08-31T18:44:32.832+00:00,2026-08-31T18:44:32.832+00:00,2026-08-31T18:44:32.853+00:00,2026-08-31T18:44:32.853+00:00,0.021474,0.02153043899943441,sqs-worker-5986dcd897-fltxc,ip-192-168-20-201.ec2.internal,419a251493b903c7c0af1ab267e4affcbfd35507ca28ea2bea64fe136ef87d47,1,6.0,27.0
1,keda-mmpp-101-b3b24de2,000294,177.774765,2026-08-31T18:44:45.375+00:00,2026-08-31T18:44:41.676+00:00,2026-08-31T18:44:41.680+00:00,2026-08-31T18:44:41.680+00:00,2026-08-31T18:44:42.603+00:00,2026-08-31T18:44:42.603+00:00,0.379357,0.922986227000365,sqs-worker-5986dcd897-x8rdl,ip-192-168-20-201.ec2.internal,9f8996b68be9983636e0d115444465d7e8455452285bbbb9f169d5c4a66b9216,1,4.0,927.0
