schema_version,experiment_id,job_id,trace_offset_s,producer_sent_at,sqs_sent_at,worker_received_at,processing_started_at,processing_finished_at,result_sent_at,service_cpu_seconds,processing_wall_seconds,pod_name,node_name,digest,receive_count,queue_wait_ms,end_to_end_ms
1,hpa-poisson-505-4072eb68,000000,0.101285,2026-08-31T20:03:35.080+00:00,2026-08-31T20:03:31.272+00:00,2026-08-31T20:03:31.279+00:00,2026-08-31T20:03:31.279+00:00,2026-08-31T20:03:31.614+00:00,2026-08-31T20:03:31.615+00:00,0.15161,0.33582136099903437,sqs-worker-5986dcd897-x8rdl,ip-192-168-20-201.ec2.internal,2687f69899fa1edcc12e2cdaf8ed731df734575bf263983dfd96bf7678f7679a,1,7.0,342.0
1,hpa-poisson-505-4072eb68,000001,1.263716,2026-08-31T20:03:36.242+00:00,2026-08-31T20:03:32.435+00:00,2026-08-31T20:03:32.444+00:00,2026-08-31T20:03:32.444+00:00,2026-08-31T20:03:33.809+00:00,2026-08-31T20:03:33.809+00:00,0.584449,1.3652646350001305,sqs-worker-5986dcd897-x8rdl,ip-192-168-20-201.ec2.internal,e0c05d70102904d02c5ad313d3a60a093ced8bc2cf189485cfee97ea0065661f,1,9.0,1374.0
1,hpa-poisson-505-4072eb68,000003,2.2254,2026-08-31T20:03:37.204+00:00,2026-08-31T20:03:33.394+00:00,2026-08-31T20:03:33.834+00:00,2026-08-31T20:03:33.834+00:00,2026-08-31T20:03:33.893+00:00,2026-08-31T20:03:33.893+00:00,0.019649,0.05874768200010294,sqs-worker-5986dcd897-x8rdl,ip-192-168-20-201.ec2.internal,284f93c1f0a62438d7011ecaefba22558f556164bd250ba005088e96a5583955,1,440.0,499.0
1,hpa-poisson-505-4072eb68,000004,2.442888,2026-08-31T20:03:37.420+00:00,2026-08-31T20:03:33.615+00:00,2026-08-31T20:03:34.125+00:00,2026-08-31T20:03:34.125+00:00,2026-08-31T20:03:34.378+00:00,2026-08-31T20:03:34.378+00:00,0.087483,0.25303973799964297,sqs-worker-5986dcd897-x8rdl,ip-192-168-20-201.ec2.internal,45a729b11d95025b0bc9dbc83c327b12bf6245cfe98b7100b9b624e89f903573,1,510.0,763.0
1,hpa-poisson-505-4072eb68,000002,1.469466,2026-08-31T20:03:36.447+00:00,2026-08-31T20:03:32.638+00:00,2026-08-31T20:03:33.914+00:00,2026-08-31T20:03:33.914+00:00,2026-08-31T20:03:34.106+00:00,2026-08-31T20:03:34.106+00:00,0.08884,0.19204782999986492,sqs-worker-5986dcd897-x8rdl,ip-192-168-20-201.ec2.internal,0f7a3b29e027232f0af9cd35c6809c242b898d32aa67ed22ebd40614d02641ff,1,1276.0,1468.0
1,hpa-poisson-505-4072eb68,000005,3.433393,2026-08-31T20:03:38.412+00:00,2026-08-31T20:03:34.602+00:00,2026-08-31T20:03:34.611+00:00,2026-08-31T20:03:34.611+00:00,2026-08-31T20:03:34.906+00:00,2026-08-31T20:03:34.907+00:00,0.143811,0.2959124349999911,sqs-worker-5986dcd897-x8rdl,ip-192-168-20-201.ec2.internal,6e1e104bd894bdcf88094e60739441a9737338ad6568aa67001bebc8b2de09f4,1,9.0,304.0
1,hpa-poisson-505-4072eb68,000006,4.079895,2026-08-31T20:03:39.058+00:00,2026-08-31T20:03:35.248+00:00,2026-08-31T20:03:35.253+00:00,2026-08-31T20:03:35.253+00:00,2026-08-31T20:03:35.502+00:00,2026-08-31T20:03:35.502+00:00,0.133466,0.24897194400000444,sqs-worker-5986dcd897-x8rdl,ip-192-168-20-201.ec2.internal,2c653c12a957220d2bd9f466143ee36a7f0847ab3eb3ce9715b780b2a07a940e,1,5.0,254.0
1,hpa-poisson-505-4072eb68,000007,4.118895,2026-08-31T20:03:39.096+00:00,2026-08-31T20:03:35.290+00:00,2026-08-31T20:03:35.533+00:00,2026-08-31T20:03:35.533+00:00,2026-08-31T20:03:35.693+00:00,2026-08-31T20:03:35.693+00:00,0.066437,0.15975516700018488,sqs-worker-5986dcd897-x8rdl,ip-192-168-20-201.ec2.internal,120ee8ea0b63de4b738cf9519d83e111f0cef2aded5b896022ef97a8a96df250,1,243.0,403.0
1,hpa-poisson-505-4072eb68,000008,6.117443,2026-08-31T20:03:41.097+00:00,2026-08-31T20:03:37.294+00:00,2026-08-31T20:03:37.314+00:00,2026-08-31T20:03:37.314+00:00,2026-08-31T20:03:37.332+00:00,2026-08-31T20:03:37.332+00:00,0.017611,0.017681927000012365,sqs-worker-5986dcd897-x8rdl,ip-192-168-20-201.ec2.internal,71113da6f96335d45e2da1e2cab3c33bd981497e812f107fb0eaca3994083732,1,20.0,38.0
1,hpa-poisson-505-4072eb68,000009,7.274439,2026-08-31T20:03:42.253+00:00,2026-08-31T20:03:38.446+00:00,2026-08-31T20:03:38.450+00:00,2026-08-31T20:03:38.450+00:00,2026-08-31T20:03:39.008+00:00,2026-08-31T20:03:39.008+00:00,0.258739,0.5579641130007076,sqs-worker-5986dcd897-x8rdl,ip-192-168-20-201.ec2.internal,635d60f298efee7c80a5a1abc9c8d648f8a0b4a00bffbdb2f4f0f77fa370012b,1,4.0,562.0
1,hpa-poisson-505-4072eb68,000010,7.598325,2026-08-31T20:03:42.576+00:00,2026-08-31T20:03:38.768+00:00,2026-08-31T20:03:39.028+00:00,2026-08-31T20:03:39.028+00:00,2026-08-31T20:03:40.684+00:00,2026-08-31T20:03:40.684+00:00,0.424159,1.6562068359999103,sqs-worker-5986dcd897-x8rdl,ip-192-168-20-201.ec2.internal,459fe7d1a2b51afe340934b1da3b46dd42ca4a673f7d6104534e14b3c61e7f7a,1,260.0,1916.0
1,hpa-poisson-505-4072eb68,000011,8.077727,2026-08-31T20:03:43.056+00:00,2026-08-31T20:03:39.249+00:00,2026-08-31T20:03:40.719+00:00,2026-08-31T20:03:40.719+00:00,2026-08-31T20:03:41.484+00:00,2026-08-31T20:03:41.484+00:00,0.129986,0.7652576819982642,sqs-worker-5986dcd897-x8rdl,ip-192-168-20-201.ec2.internal,d6ddf623852ea2fedaf2aa3f6d742c7f995c045df5628e40ea0813254d7e3264,1,1470.0,2235.0
1,hpa-poisson-505-4072eb68,000012,8.877486,2026-08-31T20:03:43.856+00:00,2026-08-31T20:03:40.053+00:00,2026-08-31T20:03:41.525+00:00,2026-08-31T20:03:41.525+00:00,2026-08-31T20:03:41.674+00:00,2026-08-31T20:03:41.674+00:00,0.017911,0.1493375889986055,sqs-worker-5986dcd897-x8rdl,ip-192-168-20-201.ec2.internal,124689bcca0c5805013106e4baaaa984194af08de3f16cf36cedfa31eee462ac,1,1472.0,1621.0
1,hpa-poisson-505-4072eb68,000013,9.734997,2026-08-31T20:03:44.713+00:00,2026-08-31T20:03:40.912+00:00,2026-08-31T20:03:41.710+00:00,2026-08-31T20:03:41.710+00:00,2026-08-31T20:03:43.803+00:00,2026-08-31T20:03:43.803+00:00,0.738689,2.0927233780003007,sqs-worker-5986dcd897-x8rdl,ip-192-168-20-201.ec2.internal,01d193dc79d3458f2bf5b60f0233452fa844bd9a51ffad37ed8c86f3a5c162e8,1,798.0,2891.0
1,hpa-poisson-505-4072eb68,000014,10.886524,2026-08-31T20:03:45.865+00:00,2026-08-31T20:03:42.058+00:00,2026-08-31T20:03:43.828+00:00,2026-08-31T20:03:43.828+00:00,2026-08-31T20:03:44.096+00:00,2026-08-31T20:03:44.096+00:00,0.109476,0.2685003880014847,sqs-worker-5986dcd897-x8rdl,ip-192-168-20-201.ec2.internal,63e639ae37e9dce0427d3a54169c41278fe431d719699600a48ef480508e5865,1,1770.0,2037.9999999999998
1,hpa-poisson-505-4072eb68,000015,13.038624,2026-08-31T20:03:48.018+00:00,2026-08-31T20:03:44.210+00:00,2026-08-31T20:03:44.214+00:00,2026-08-31T20:03:44.214+00:00,2026-08-31T20:03:44.823+00:00,2026-08-31T20:03:44.823+00:00,0.279955,0.6085230369990313,sqs-worker-5986dcd897-x8rdl,ip-192-168-20-201.ec2.internal,cb7967646808d863710f807da4e54a53f1ed9e1c5ec19bae5445796042472764,1,4.0,613.0
1,hpa-poisson-505-4072eb68,000016,14.72561,2026-08-31T20:03:49.705+00:00,2026-08-31T20:03:45.899+00:00,2026-08-31T20:03:45.903+00:00,2026-08-31T20:03:45.903+00:00,2026-08-31T20:03:45.987+00:00,2026-08-31T20:03:45.987+00:00,0.043995,0.08368252100081008,sqs-worker-5986dcd897-x8rdl,ip-192-168-20-201.ec2.internal,dacfea986e755d0344a2aeafd7abc6fa460671733f5e057ebae6ed894de89b8f,1,4.0,88.0
1,hpa-poisson-505-4072eb68,000017,14.904791,2026-08-31T20:03:49.882+00:00,2026-08-31T20:03:46.074+00:00,2026-08-31T20:03:46.078+00:00,2026-08-31T20:03:46.078+00:00,2026-08-31T20:03:46.498+00:00,2026-08-31T20:03:46.498+00:00,0.175607,0.42031292200044845,sqs-worker-5986dcd897-x8rdl,ip-192-168-20-201.ec2.internal,f4832335a0f968ed95edfffcb81d9a6ea81736ae760fdc8eb92952a1f05904a2,1,4.0,424.0
1,hpa-poisson-505-4072eb68,000018,14.917364,2026-08-31T20:03:49.895+00:00,2026-08-31T20:03:46.086+00:00,2026-08-31T20:03:46.515+00:00,2026-08-31T20:03:46.515+00:00,2026-08-31T20:03:46.584+00:00,2026-08-31T20:03:46.584+00:00,0.021405,0.06889066399889998,sqs-worker-5986dcd897-x8rdl,ip-192-168-20-201.ec2.internal,d714b7bf10338213d1f6ee7b0cd3e0d5afe1205ad15420394975506e9366a2d0,1,429.0,498.0
1,hpa-poisson-505-4072eb68,000019,15.123034,2026-08-31T20:03:50.101+00:00,2026-08-31T20:03:46.289+00:00,2026-08-31T20:03:46.652+00:00,2026-08-31T20:03:46.652+00:00,2026-08-31T20:03:48.107+00:00,2026-08-31T20:03:48.107+00:00,0.617168,1.4547788130003028,sqs-worker-5986dcd897-x8rdl,ip-192-168-20-201.ec2.internal,a9e0f87de9805fddb7e1cfeb5c46b794939a6bad7b896202fac9a8530129c252,1,363.0,1818.0
1,hpa-poisson-505-4072eb68,000021,16.17292,2026-08-31T20:03:51.151+00:00,2026-08-31T20:03:47.341+00:00,2026-08-31T20:03:48.123+00:00,2026-08-31T20:03:48.123+00:00,2026-08-31T20:03:48.685+00:00,2026-08-31T20:03:48.685+00:00,0.213961,0.5614945640008955,sqs-worker-5986dcd897-x8rdl,ip-192-168-20-201.ec2.internal,73bced88a65a6ee59fbc4d6f63e900f7f77dcca480de5c065d36b6cd963fd000,1,782.0,1344.0
1,hpa-poisson-505-4072eb68,000022,17.094625,2026-08-31T20:03:52.073+00:00,2026-08-31T20:03:48.264+00:00,2026-08-31T20:03:48.711+00:00,2026-08-31T20:03:48.711+00:00,2026-08-31T20:03:49.294+00:00,2026-08-31T20:03:49.294+00:00,0.244717,0.5830942510001478,sqs-worker-5986dcd897-x8rdl,ip-192-168-20-201.ec2.internal,37e6b04ed276d4840372a28e2d8461fa23880fc6455f618ae5931dda9593cb02,1,447.0,1030.0
1,hpa-poisson-505-4072eb68,000020,15.272757,2026-08-31T20:03:50.250+00:00,2026-08-31T20:03:46.440+00:00,2026-08-31T20:03:49.343+00:00,2026-08-31T20:03:49.343+00:00,2026-08-31T20:03:49.483+00:00,2026-08-31T20:03:49.483+00:00,0.065049,0.13969407099830278,sqs-worker-5986dcd897-x8rdl,ip-192-168-20-201.ec2.internal,a0369ac6517c46e0f014e8ffaef4fb06b28132594ee31e0a40a261aa9c836036,1,2903.0,3043.0
1,hpa-poisson-505-4072eb68,000023,19.452455,2026-08-31T20:03:54.431+00:00,2026-08-31T20:03:50.623+00:00,2026-08-31T20:03:50.687+00:00,2026-08-31T20:03:50.687+00:00,2026-08-31T20:03:50.890+00:00,2026-08-31T20:03:50.890+00:00,0.050959,0.20317253999928653,sqs-worker-5986dcd897-x8rdl,ip-192-168-20-201.ec2.internal,194e120fd72c424ba6ac741c7cc22e35be9518e6d450ed76ee18b712d5e61975,1,64.0,267.0
1,hpa-poisson-505-4072eb68,000024,20.668168,2026-08-31T20:03:55.645+00:00,2026-08-31T20:03:51.841+00:00,2026-08-31T20:03:51.845+00:00,2026-08-31T20:03:51.845+00:00,2026-08-31T20:03:52.602+00:00,2026-08-31T20:03:52.602+00:00,0.338003,0.7563420919996133,sqs-worker-5986dcd897-x8rdl,ip-192-168-20-201.ec2.internal,5b4138e51deaf293855959e4b03d79d917d5257fce47c2392c593f8eec447f4a,1,4.0,761.0
1,hpa-poisson-505-4072eb68,000025,21.606062,2026-08-31T20:03:56.582+00:00,2026-08-31T20:03:52.778+00:00,2026-08-31T20:03:52.786+00:00,2026-08-31T20:03:52.786+00:00,2026-08-31T20:03:52.804+00:00,2026-08-31T20:03:52.804+00:00,0.017966,0.018015257999650203,sqs-worker-5986dcd897-x8rdl,ip-192-168-20-201.ec2.internal,a2d672716bdff8b47390a3e1456a4987efa83ff7b9e8336d56bd075159daf2dc,1,8.0,26.0
1,hpa-poisson-505-4072eb68,000026,24.570302,2026-08-31T20:03:59.549+00:00,2026-08-31T20:03:55.740+00:00,2026-08-31T20:03:55.745+00:00,2026-08-31T20:03:55.745+00:00,2026-08-31T20:03:56.079+00:00,2026-08-31T20:03:56.079+00:00,0.154873,0.33429807999891636,sqs-worker-5986dcd897-7pfxg,ip-192-168-20-201.ec2.internal,ef6cda2d4a5c688814a9e933672ce3278a54bb722422bb171f9c47ceb662a4e2,1,5.0,339.0
1,hpa-poisson-505-4072eb68,000028,25.717778,2026-08-31T20:04:00.693+00:00,2026-08-31T20:03:56.886+00:00,2026-08-31T20:03:56.889+00:00,2026-08-31T20:03:56.889+00:00,2026-08-31T20:03:57.102+00:00,2026-08-31T20:03:57.102+00:00,0.107255,0.2122341639988008,sqs-worker-5986dcd897-7pfxg,ip-192-168-20-201.ec2.internal,576668b1b3482955818bea71f4fa011c629471dc7884edd249f0efe66dd6a13b,1,3.0,216.0
1,hpa-poisson-505-4072eb68,000027,25.416935,2026-08-31T20:04:00.393+00:00,2026-08-31T20:03:56.585+00:00,2026-08-31T20:03:56.589+00:00,2026-08-31T20:03:56.589+00:00,2026-08-31T20:03:57.291+00:00,2026-08-31T20:03:57.291+00:00,0.287896,0.70170069499909,sqs-worker-5986dcd897-x8rdl,ip-192-168-20-201.ec2.internal,0db38360f37df75939a8fec68c1c9f4b31d04b1781426f3245912e04535b526b,1,4.0,706.0
1,hpa-poisson-505-4072eb68,000029,26.711452,2026-08-31T20:04:01.688+00:00,2026-08-31T20:03:57.882+00:00,2026-08-31T20:03:57.886+00:00,2026-08-31T20:03:57.886+00:00,2026-08-31T20:03:57.904+00:00,2026-08-31T20:03:57.904+00:00,0.017744,0.017781289998310967,sqs-worker-5986dcd897-x8rdl,ip-192-168-20-201.ec2.internal,65ccdf9670156d9d63dd222b043466ae2d800b7cc10124703a0c05042ba7ee5f,1,4.0,22.0
1,hpa-poisson-505-4072eb68,000031,28.024895,2026-08-31T20:04:03.001+00:00,2026-08-31T20:03:59.246+00:00,2026-08-31T20:03:59.255+00:00,2026-08-31T20:03:59.255+00:00,2026-08-31T20:03:59.260+00:00,2026-08-31T20:03:59.260+00:00,0.005,0.005085898001198075,sqs-worker-5986dcd897-7pfxg,ip-192-168-20-201.ec2.internal,d3ec391edb1a130ecd6d0a15ed5822c609cfce8364e2f26d52f455b5dc1cc98a,1,9.0,14.0
1,hpa-poisson-505-4072eb68,000032,28.20188,2026-08-31T20:04:03.178+00:00,2026-08-31T20:03:59.370+00:00,2026-08-31T20:03:59.374+00:00,2026-08-31T20:03:59.374+00:00,2026-08-31T20:03:59.803+00:00,2026-08-31T20:03:59.803+00:00,0.191477,0.4296196939994843,sqs-worker-5986dcd897-7pfxg,ip-192-168-20-201.ec2.internal,94d156f765dd6e83bf08d925460942859db36d2db1cd8c7d9c8c42efe88dce00,1,4.0,433.0
1,hpa-poisson-505-4072eb68,000030,27.791253,2026-08-31T20:04:02.768+00:00,2026-08-31T20:03:58.962+00:00,2026-08-31T20:03:58.966+00:00,2026-08-31T20:03:58.966+00:00,2026-08-31T20:04:00.579+00:00,2026-08-31T20:04:00.579+00:00,0.457281,1.6134843170002569,sqs-worker-5986dcd897-x8rdl,ip-192-168-20-201.ec2.internal,563cbb0fa97e8c3f243b0653ecbd0d568d8c025412e01ef17c0105dd2543be67,1,4.0,1617.0
1,hpa-poisson-505-4072eb68,000033,28.329896,2026-08-31T20:04:03.305+00:00,2026-08-31T20:03:59.498+00:00,2026-08-31T20:03:59.825+00:00,2026-08-31T20:03:59.825+00:00,2026-08-31T20:04:01.410+00:00,2026-08-31T20:04:01.410+00:00,0.623997,1.5843294400001469,sqs-worker-5986dcd897-7pfxg,ip-192-168-20-201.ec2.internal,6e8bb9b83fcf711e3dd1255dfe0d2a54fd829035629a3cd3ccbc3df32e3a4eb4,1,327.0,1912.0
1,hpa-poisson-505-4072eb68,000034,28.376718,2026-08-31T20:04:03.352+00:00,2026-08-31T20:03:59.544+00:00,2026-08-31T20:04:01.441+00:00,2026-08-31T20:04:01.441+00:00,2026-08-31T20:04:02.077+00:00,2026-08-31T20:04:02.077+00:00,0.258306,0.6363517410009081,sqs-worker-5986dcd897-7pfxg,ip-192-168-20-201.ec2.internal,bd3dd16ed4e31946640bd1c5b42c2f13aa84ca4e77798eb03379c91fe1ea3ea1,1,1897.0,2533.0
1,hpa-poisson-505-4072eb68,000035,29.196322,2026-08-31T20:04:04.173+00:00,2026-08-31T20:04:00.365+00:00,2026-08-31T20:04:00.607+00:00,2026-08-31T20:04:00.607+00:00,2026-08-31T20:04:02.975+00:00,2026-08-31T20:04:02.975+00:00,0.466902,2.368215111000609,sqs-worker-5986dcd897-x8rdl,ip-192-168-20-201.ec2.internal,25dafb1bce08f1ff5fdbf5c1898b3de707fade42026a8f4a54e60a427943e196,1,242.0,2610.0
1,hpa-poisson-505-4072eb68,000036,32.883668,2026-08-31T20:04:07.863+00:00,2026-08-31T20:04:04.060+00:00,2026-08-31T20:04:04.063+00:00,2026-08-31T20:04:04.063+00:00,2026-08-31T20:04:04.485+00:00,2026-08-31T20:04:04.485+00:00,0.185396,0.42128317700007756,sqs-worker-5986dcd897-7pfxg,ip-192-168-20-201.ec2.internal,1c64e2e95ba806e366f67dd5fe8d7914a71563dd3701cae33c58b4b9f97d931f,1,3.0,425.0
1,hpa-poisson-505-4072eb68,000037,33.902916,2026-08-31T20:04:08.879+00:00,2026-08-31T20:04:05.070+00:00,2026-08-31T20:04:05.077+00:00,2026-08-31T20:04:05.077+00:00,2026-08-31T20:04:05.283+00:00,2026-08-31T20:04:05.283+00:00,0.049714,0.20638363800026127,sqs-worker-5986dcd897-7pfxg,ip-192-168-20-201.ec2.internal,a0e6ef924ad63ec60d207e79718dd843854d0ea27dba3f55b92af46ade135cad,1,7.0,213.0
1,hpa-poisson-505-4072eb68,000038,34.446553,2026-08-31T20:04:09.422+00:00,2026-08-31T20:04:05.613+00:00,2026-08-31T20:04:05.617+00:00,2026-08-31T20:04:05.617+00:00,2026-08-31T20:04:06.716+00:00,2026-08-31T20:04:06.716+00:00,0.473034,1.0987924930013833,sqs-worker-5986dcd897-x8rdl,ip-192-168-20-201.ec2.internal,1cce830c33959b285f1286259b6d681c11f7be64edf5b3ceff41ff506da7f2a7,1,4.0,1103.0
1,hpa-poisson-505-4072eb68,000040,36.265507,2026-08-31T20:04:11.241+00:00,2026-08-31T20:04:07.433+00:00,2026-08-31T20:04:07.437+00:00,2026-08-31T20:04:07.437+00:00,2026-08-31T20:04:07.473+00:00,2026-08-31T20:04:07.473+00:00,0.035935,0.035978209001768846,sqs-worker-5986dcd897-x8rdl,ip-192-168-20-201.ec2.internal,a227df2a95928a79bc682af4d0d94bde067042df297e8a28e7ab5bc333413469,1,4.0,40.0
1,hpa-poisson-505-4072eb68,000041,36.557106,2026-08-31T20:04:11.533+00:00,2026-08-31T20:04:07.726+00:00,2026-08-31T20:04:07.732+00:00,2026-08-31T20:04:07.732+00:00,2026-08-31T20:04:07.815+00:00,2026-08-31T20:04:07.815+00:00,0.071688,0.08311618799962162,sqs-worker-5986dcd897-x8rdl,ip-192-168-20-201.ec2.internal,e1e0dfd7f67717ed3f91b83baaca137d98ed4fd2f2077b8629f97ce3687f8c8f,1,6.0,89.0
1,hpa-poisson-505-4072eb68,000042,36.562032,2026-08-31T20:04:11.537+00:00,2026-08-31T20:04:08.273+00:00,2026-08-31T20:04:08.304+00:00,2026-08-31T20:04:08.304+00:00,2026-08-31T20:04:08.691+00:00,2026-08-31T20:04:08.691+00:00,0.165585,0.38740322699959506,sqs-worker-5986dcd897-x8rdl,ip-192-168-20-201.ec2.internal,a2a803111bbb3752819e9ae491b8179df1214e2e1c8d03f0617ecc1bf852c50c,1,31.0,418.0
1,hpa-poisson-505-4072eb68,000043,36.67901,2026-08-31T20:04:11.655+00:00,2026-08-31T20:04:08.394+00:00,2026-08-31T20:04:08.715+00:00,2026-08-31T20:04:08.715+00:00,2026-08-31T20:04:08.811+00:00,2026-08-31T20:04:08.811+00:00,0.056574,0.09581092799999169,sqs-worker-5986dcd897-x8rdl,ip-192-168-20-201.ec2.internal,7f5decc4ad21538a18270259e949410d23ebf7b4f3cd7af5a2cd50fbe0d886cd,1,321.0,417.0
1,hpa-poisson-505-4072eb68,000039,35.943621,2026-08-31T20:04:10.921+00:00,2026-08-31T20:04:07.112+00:00,2026-08-31T20:04:07.115+00:00,2026-08-31T20:04:07.115+00:00,2026-08-31T20:04:08.986+00:00,2026-08-31T20:04:08.986+00:00,0.771024,1.8709136180004862,sqs-worker-5986dcd897-7pfxg,ip-192-168-20-201.ec2.internal,3ad2c23f7fa8ed118cd91b3877ab3e7e70f763296cc3bf92158cafe4cd67fc33,1,3.0,1874.0
1,hpa-poisson-505-4072eb68,000045,37.725698,2026-08-31T20:04:12.701+00:00,2026-08-31T20:04:08.895+00:00,2026-08-31T20:04:09.018+00:00,2026-08-31T20:04:09.018+00:00,2026-08-31T20:04:09.386+00:00,2026-08-31T20:04:09.386+00:00,0.154528,0.3685293780017673,sqs-worker-5986dcd897-7pfxg,ip-192-168-20-201.ec2.internal,e10b91af9ec3cdb2ac5d25ed654ce3579d8ecafbf1848f34e85746258202f85f,1,123.0,491.0
1,hpa-poisson-505-4072eb68,000044,37.386446,2026-08-31T20:04:12.362+00:00,2026-08-31T20:04:08.560+00:00,2026-08-31T20:04:08.836+00:00,2026-08-31T20:04:08.836+00:00,2026-08-31T20:04:09.593+00:00,2026-08-31T20:04:09.593+00:00,0.297295,0.7563441579986829,sqs-worker-5986dcd897-x8rdl,ip-192-168-20-201.ec2.internal,0fdcc107dbda5e7a1f078887b5cbc00f1694a977ace1c0714fbe6f63f95d5baa,1,276.0,1033.0
1,hpa-poisson-505-4072eb68,000047,39.892126,2026-08-31T20:04:14.867+00:00,2026-08-31T20:04:11.069+00:00,2026-08-31T20:04:11.074+00:00,2026-08-31T20:04:11.074+00:00,2026-08-31T20:04:11.079+00:00,2026-08-31T20:04:11.079+00:00,0.005,0.005045071000495227,sqs-worker-5986dcd897-x8rdl,ip-192-168-20-201.ec2.internal,21ab7fd1ae543294aba339b1534a9c4300865b8cae6d65218149b791df3c7fb4,1,5.0,10.0
1,hpa-poisson-505-4072eb68,000046,39.885652,2026-08-31T20:04:14.863+00:00,2026-08-31T20:04:11.059+00:00,2026-08-31T20:04:11.065+00:00,2026-08-31T20:04:11.065+00:00,2026-08-31T20:04:11.209+00:00,2026-08-31T20:04:11.209+00:00,0.084414,0.14405611600159318,sqs-worker-5986dcd897-7pfxg,ip-192-168-20-201.ec2.internal,e5ab538f64ad8556d9a705750f1a3b6791998346407ca43bdc998f4d77c45366,1,6.0,150.0
1,hpa-poisson-505-4072eb68,000048,41.165035,2026-08-31T20:04:16.142+00:00,2026-08-31T20:04:12.336+00:00,2026-08-31T20:04:12.342+00:00,2026-08-31T20:04:12.342+00:00,2026-08-31T20:04:12.592+00:00,2026-08-31T20:04:12.592+00:00,0.13262,0.24967376300082833,sqs-worker-5986dcd897-7pfxg,ip-192-168-20-201.ec2.internal,096c4e542813770f3e18109755b05389c95ad382a4820640d4ea70817da4c8ea,1,6.0,256.0
1,hpa-poisson-505-4072eb68,000049,42.212622,2026-08-31T20:04:17.189+00:00,2026-08-31T20:04:13.388+00:00,2026-08-31T20:04:13.392+00:00,2026-08-31T20:04:13.392+00:00,2026-08-31T20:04:13.805+00:00,2026-08-31T20:04:13.805+00:00,0.190584,0.4131964030002564,sqs-worker-5986dcd897-7pfxg,ip-192-168-20-201.ec2.internal,94dee2a066d3ab1157565e1d6a051043ed13f5b6bc046b89dba9db805589ec32,1,4.0,417.0
1,hpa-poisson-505-4072eb68,000050,42.824468,2026-08-31T20:04:17.800+00:00,2026-08-31T20:04:13.994+00:00,2026-08-31T20:04:13.997+00:00,2026-08-31T20:04:13.997+00:00,2026-08-31T20:04:14.031+00:00,2026-08-31T20:04:14.031+00:00,0.033795,0.03386841199971968,sqs-worker-5986dcd897-7pfxg,ip-192-168-20-201.ec2.internal,ce618d00b3620811c7809daf0ceeced4a403616fcb8b37c339d5070bda8c4ddf,1,3.0,37.0
1,hpa-poisson-505-4072eb68,000051,43.428851,2026-08-31T20:04:18.405+00:00,2026-08-31T20:04:14.598+00:00,2026-08-31T20:04:14.602+00:00,2026-08-31T20:04:14.602+00:00,2026-08-31T20:04:14.820+00:00,2026-08-31T20:04:14.820+00:00,0.117705,0.21834885200041754,sqs-worker-5986dcd897-x8rdl,ip-192-168-20-201.ec2.internal,f6e0b35927dd05647f669b7dfbdede90b20d0b0e40a8b1f6fefdfc937ef12495,1,4.0,222.0
1,hpa-poisson-505-4072eb68,000053,44.111303,2026-08-31T20:04:19.087+00:00,2026-08-31T20:04:15.300+00:00,2026-08-31T20:04:15.306+00:00,2026-08-31T20:04:15.306+00:00,2026-08-31T20:04:16.891+00:00,2026-08-31T20:04:16.891+00:00,0.252194,1.5846302429999923,sqs-worker-5986dcd897-7pfxg,ip-192-168-20-201.ec2.internal,ab16ef39233192a51736e3523b130d0a8c195ede556692a01e75ded006ec2e47,1,6.0,1591.0
1,hpa-poisson-505-4072eb68,000052,44.06675,2026-08-31T20:04:19.043+00:00,2026-08-31T20:04:15.243+00:00,2026-08-31T20:04:15.249+00:00,2026-08-31T20:04:15.249+00:00,2026-08-31T20:04:16.987+00:00,2026-08-31T20:04:16.987+00:00,0.712246,1.7372275140005513,sqs-worker-5986dcd897-x8rdl,ip-192-168-20-201.ec2.internal,94bed864a35493ff2c574e73284d8d99705d93cc4047049ba40cbd2994f0517c,1,6.0,1744.0
1,hpa-poisson-505-4072eb68,000055,46.45886,2026-08-31T20:04:21.436+00:00,2026-08-31T20:04:17.633+00:00,2026-08-31T20:04:17.638+00:00,2026-08-31T20:04:17.638+00:00,2026-08-31T20:04:17.883+00:00,2026-08-31T20:04:17.883+00:00,0.121469,0.24581769699943834,sqs-worker-5986dcd897-x8rdl,ip-192-168-20-201.ec2.internal,930753f824c8627ee59944fff5a94870f2ae68904e97279927bebf481562aa7c,1,5.0,250.0
1,hpa-poisson-505-4072eb68,000054,44.423262,2026-08-31T20:04:19.399+00:00,2026-08-31T20:04:15.595+00:00,2026-08-31T20:04:17.011+00:00,2026-08-31T20:04:17.011+00:00,2026-08-31T20:04:17.892+00:00,2026-08-31T20:04:17.892+00:00,0.372616,0.880981091000649,sqs-worker-5986dcd897-7pfxg,ip-192-168-20-201.ec2.internal,e70fde664f63b3e7281edd769f0ff65bb6da54d70dc1e767ebc47ff848124082,1,1416.0,2297.0
1,hpa-poisson-505-4072eb68,000056,46.899219,2026-08-31T20:04:21.875+00:00,2026-08-31T20:04:18.066+00:00,2026-08-31T20:04:18.074+00:00,2026-08-31T20:04:18.074+00:00,2026-08-31T20:04:18.113+00:00,2026-08-31T20:04:18.113+00:00,0.039198,0.03924032500071917,sqs-worker-5986dcd897-7pfxg,ip-192-168-20-201.ec2.internal,a821a46e06cd80f7e06ffabe4dd29a2382e2ba5f316886f49f208a2410b9946b,1,8.0,47.0
1,hpa-poisson-505-4072eb68,000058,47.344732,2026-08-31T20:04:22.321+00:00,2026-08-31T20:04:18.513+00:00,2026-08-31T20:04:18.517+00:00,2026-08-31T20:04:18.517+00:00,2026-08-31T20:04:18.556+00:00,2026-08-31T20:04:18.556+00:00,0.038539,0.03860798699861334,sqs-worker-5986dcd897-7pfxg,ip-192-168-20-201.ec2.internal,d2026324ece8824e1c2e985c4cca45dbfdd5cfc440f0566c3f675c2b4b913ee2,1,4.0,43.0
1,hpa-poisson-505-4072eb68,000057,46.973716,2026-08-31T20:04:21.949+00:00,2026-08-31T20:04:18.143+00:00,2026-08-31T20:04:18.147+00:00,2026-08-31T20:04:18.147+00:00,2026-08-31T20:04:18.607+00:00,2026-08-31T20:04:18.607+00:00,0.223054,0.4599477449992264,sqs-worker-5986dcd897-x8rdl,ip-192-168-20-201.ec2.internal,647aade3725c3e94f997fbad726a4d1b585705a628b424196f5db59f6d3a143b,1,4.0,464.0
1,hpa-poisson-505-4072eb68,000059,47.398349,2026-08-31T20:04:22.374+00:00,2026-08-31T20:04:18.567+00:00,2026-08-31T20:04:18.595+00:00,2026-08-31T20:04:18.595+00:00,2026-08-31T20:04:19.299+00:00,2026-08-31T20:04:19.299+00:00,0.301036,0.7033297919988399,sqs-worker-5986dcd897-7pfxg,ip-192-168-20-201.ec2.internal,76cfb8a565bd2dc762136876637ab43cfd5eebad2e0b64d98549df06face4690,1,28.0,732.0
1,hpa-poisson-505-4072eb68,000060,48.103237,2026-08-31T20:04:23.079+00:00,2026-08-31T20:04:19.272+00:00,2026-08-31T20:04:19.275+00:00,2026-08-31T20:04:19.275+00:00,2026-08-31T20:04:19.280+00:00,2026-08-31T20:04:19.280+00:00,0.005,0.005049923000115086,sqs-worker-5986dcd897-x8rdl,ip-192-168-20-201.ec2.internal,2df2e033d2b83233fae9f73f97c226f29ee8b78350bb55219af9125ec422d3b2,1,3.0,8.0
1,hpa-poisson-505-4072eb68,000061,48.362121,2026-08-31T20:04:23.338+00:00,2026-08-31T20:04:19.531+00:00,2026-08-31T20:04:19.536+00:00,2026-08-31T20:04:19.536+00:00,2026-08-31T20:04:19.881+00:00,2026-08-31T20:04:19.881+00:00,0.163811,0.3450135519997275,sqs-worker-5986dcd897-7pfxg,ip-192-168-20-201.ec2.internal,a3e4220e96a00cc53130d7d8e1c4e692fa3dfe6483a306f0684c5fc620c6aa62,1,5.0,350.0
1,hpa-poisson-505-4072eb68,000062,50.82726,2026-08-31T20:04:25.803+00:00,2026-08-31T20:04:22.002+00:00,2026-08-31T20:04:22.007+00:00,2026-08-31T20:04:22.008+00:00,2026-08-31T20:04:22.689+00:00,2026-08-31T20:04:22.689+00:00,0.294762,0.6815699890012183,sqs-worker-5986dcd897-7pfxg,ip-192-168-20-201.ec2.internal,94539fc64a0f6f4bc5e5661f7f1b1ec909ac0c835dfad8a56f66b874f25e9021,1,5.0,687.0
1,hpa-poisson-505-4072eb68,000064,53.010804,2026-08-31T20:04:27.985+00:00,2026-08-31T20:04:24.182+00:00,2026-08-31T20:04:24.186+00:00,2026-08-31T20:04:24.186+00:00,2026-08-31T20:04:24.421+00:00,2026-08-31T20:04:24.421+00:00,0.117753,0.23556524100058596,sqs-worker-5986dcd897-x8rdl,ip-192-168-20-201.ec2.internal,d1d0df6be8e275cc0d64e2d94264db8b95d3227572c10316c69a9a589e635c5c,1,4.0,239.0
1,hpa-poisson-505-4072eb68,000063,52.504854,2026-08-31T20:04:27.479+00:00,2026-08-31T20:04:23.678+00:00,2026-08-31T20:04:23.682+00:00,2026-08-31T20:04:23.682+00:00,2026-08-31T20:04:24.496+00:00,2026-08-31T20:04:24.496+00:00,0.341877,0.8144945080002799,sqs-worker-5986dcd897-7pfxg,ip-192-168-20-201.ec2.internal,462512ba71d331a06debde666ee1409e9eb4b66d276d15da8491916e4dc331be,1,4.0,818.0
1,hpa-poisson-505-4072eb68,000065,53.105433,2026-08-31T20:04:28.080+00:00,2026-08-31T20:04:24.276+00:00,2026-08-31T20:04:24.488+00:00,2026-08-31T20:04:24.488+00:00,2026-08-31T20:04:24.905+00:00,2026-08-31T20:04:24.905+00:00,0.169901,0.4165508179994504,sqs-worker-5986dcd897-x8rdl,ip-192-168-20-201.ec2.internal,d0bcd87b4a4ac2d2697c553a56cc773f7a56454d2cb5daf54f37ae40b5794350,1,212.0,629.0
1,hpa-poisson-505-4072eb68,000066,53.536903,2026-08-31T20:04:28.511+00:00,2026-08-31T20:04:24.705+00:00,2026-08-31T20:04:24.708+00:00,2026-08-31T20:04:24.708+00:00,2026-08-31T20:04:24.896+00:00,2026-08-31T20:04:24.896+00:00,0.101143,0.18780863900065015,sqs-worker-5986dcd897-7pfxg,ip-192-168-20-201.ec2.internal,36bee13f46d907b74bdc21f21eb9fb31216eec7b8732cf7adfd670aad854ade5,1,3.0,191.0
1,hpa-poisson-505-4072eb68,000067,54.481178,2026-08-31T20:04:29.456+00:00,2026-08-31T20:04:25.653+00:00,2026-08-31T20:04:25.656+00:00,2026-08-31T20:04:25.656+00:00,2026-08-31T20:04:25.909+00:00,2026-08-31T20:04:25.909+00:00,0.123051,0.25310318499941786,sqs-worker-5986dcd897-x8rdl,ip-192-168-20-201.ec2.internal,72ae5eb2317c6fe750078dd6db175761fe36d283daa935f62d685924049f2d4c,1,3.0,256.0
1,hpa-poisson-505-4072eb68,000068,54.560216,2026-08-31T20:04:29.534+00:00,2026-08-31T20:04:25.732+00:00,2026-08-31T20:04:25.736+00:00,2026-08-31T20:04:25.736+00:00,2026-08-31T20:04:26.684+00:00,2026-08-31T20:04:26.684+00:00,0.183707,0.9485232819988596,sqs-worker-5986dcd897-7pfxg,ip-192-168-20-201.ec2.internal,2da61e10654d07ca53dedbbe23dc29756004b38f71af2c20a6dc583a977c442e,1,4.0,952.0
1,hpa-poisson-505-4072eb68,000069,54.749823,2026-08-31T20:04:29.724+00:00,2026-08-31T20:04:25.916+00:00,2026-08-31T20:04:25.934+00:00,2026-08-31T20:04:25.934+00:00,2026-08-31T20:04:27.192+00:00,2026-08-31T20:04:27.192+00:00,0.502839,1.257468763998986,sqs-worker-5986dcd897-x8rdl,ip-192-168-20-201.ec2.internal,12aeed33b3ef4b67921fcafee1de8033ace5b6727c7777a539ae2b5240343a17,1,18.0,1276.0
1,hpa-poisson-505-4072eb68,000072,56.202015,2026-08-31T20:04:31.176+00:00,2026-08-31T20:04:27.373+00:00,2026-08-31T20:04:27.382+00:00,2026-08-31T20:04:27.382+00:00,2026-08-31T20:04:27.507+00:00,2026-08-31T20:04:27.507+00:00,0.062188,0.12534312100069656,sqs-worker-5986dcd897-x8rdl,ip-192-168-20-201.ec2.internal,579a47485148ac54610db4289070859333dd78536f5e7f7c9bd79c61bbc04f47,1,9.0,134.0
1,hpa-poisson-505-4072eb68,000071,56.077453,2026-08-31T20:04:31.053+00:00,2026-08-31T20:04:27.248+00:00,2026-08-31T20:04:27.254+00:00,2026-08-31T20:04:27.254+00:00,2026-08-31T20:04:27.283+00:00,2026-08-31T20:04:27.283+00:00,0.02879,0.029231272999822977,sqs-worker-5986dcd897-x8rdl,ip-192-168-20-201.ec2.internal,26b90d8ff60450bf9c065225ce2a4ec5ca0731fc4fa581f8a06f2d439361d729,1,6.0,35.0
1,hpa-poisson-505-4072eb68,000073,56.407777,2026-08-31T20:04:31.382+00:00,2026-08-31T20:04:27.578+00:00,2026-08-31T20:04:27.582+00:00,2026-08-31T20:04:27.582+00:00,2026-08-31T20:04:27.601+00:00,2026-08-31T20:04:27.601+00:00,0.019464,0.019525263000105042,sqs-worker-5986dcd897-x8rdl,ip-192-168-20-201.ec2.internal,5ff733b22f586104b6fa0ce90802411575932939a79a095e4b8011e053043db6,1,4.0,23.0
1,hpa-poisson-505-4072eb68,000074,57.551486,2026-08-31T20:04:32.527+00:00,2026-08-31T20:04:28.723+00:00,2026-08-31T20:04:28.727+00:00,2026-08-31T20:04:28.727+00:00,2026-08-31T20:04:29.020+00:00,2026-08-31T20:04:29.020+00:00,0.158213,0.2926189350000641,sqs-worker-5986dcd897-x8rdl,ip-192-168-20-201.ec2.internal,bb3e5083713ef4a170330deb576102e05c183430a43932986f6ebbceef1496d3,1,4.0,297.0
1,hpa-poisson-505-4072eb68,000070,55.051165,2026-08-31T20:04:30.025+00:00,2026-08-31T20:04:26.220+00:00,2026-08-31T20:04:26.704+00:00,2026-08-31T20:04:26.704+00:00,2026-08-31T20:04:29.190+00:00,2026-08-31T20:04:29.190+00:00,1.0,2.486383793000641,sqs-worker-5986dcd897-7pfxg,ip-192-168-20-201.ec2.internal,57d8de859e98c1599e77286cd736acbceedbfd30e2fbb45993a8a36520cb4732,1,484.0,2970.0
1,hpa-poisson-505-4072eb68,000075,57.75373,2026-08-31T20:04:32.728+00:00,2026-08-31T20:04:28.927+00:00,2026-08-31T20:04:29.130+00:00,2026-08-31T20:04:29.131+00:00,2026-08-31T20:04:29.610+00:00,2026-08-31T20:04:29.610+00:00,0.225167,0.4790368240010139,sqs-worker-5986dcd897-x8rdl,ip-192-168-20-201.ec2.internal,4ff2294c9673c9ad374a059c9e9a9bd07b290535f68fab1762358a2fbeecd271,1,203.0,683.0
1,hpa-poisson-505-4072eb68,000077,58.602754,2026-08-31T20:04:33.577+00:00,2026-08-31T20:04:29.770+00:00,2026-08-31T20:04:29.774+00:00,2026-08-31T20:04:29.774+00:00,2026-08-31T20:04:29.779+00:00,2026-08-31T20:04:29.779+00:00,0.005,0.005037418000938487,sqs-worker-5986dcd897-7pfxg,ip-192-168-20-201.ec2.internal,4e47571a80bfc8bdb19c703dbe37f3152ecc8553362bd05f666f17b040615008,1,4.0,9.0
1,hpa-poisson-505-4072eb68,000078,59.018716,2026-08-31T20:04:33.993+00:00,2026-08-31T20:04:30.188+00:00,2026-08-31T20:04:30.192+00:00,2026-08-31T20:04:30.192+00:00,2026-08-31T20:04:30.416+00:00,2026-08-31T20:04:30.416+00:00,0.114171,0.2240618230007385,sqs-worker-5986dcd897-7pfxg,ip-192-168-20-201.ec2.internal,188460d48f098ad2262872c424d4444d5b1c67a48d9c723b9e1dc5faa24d28ea,1,4.0,228.0
1,hpa-poisson-505-4072eb68,000079,59.099733,2026-08-31T20:04:34.074+00:00,2026-08-31T20:04:30.269+00:00,2026-08-31T20:04:30.523+00:00,2026-08-31T20:04:30.523+00:00,2026-08-31T20:04:30.528+00:00,2026-08-31T20:04:30.528+00:00,0.005,0.005051303000072949,sqs-worker-5986dcd897-7pfxg,ip-192-168-20-201.ec2.internal,24ee809bed807ee567a50f6984fd2537faf6ab0f77532e19f7cb7048823d1080,1,254.0,259.0
1,hpa-poisson-505-4072eb68,000080,59.592709,2026-08-31T20:04:34.567+00:00,2026-08-31T20:04:30.760+00:00,2026-08-31T20:04:30.764+00:00,2026-08-31T20:04:30.764+00:00,2026-08-31T20:04:31.624+00:00,2026-08-31T20:04:31.624+00:00,0.365181,0.8601481460009381,sqs-worker-5986dcd897-7pfxg,ip-192-168-20-201.ec2.internal,cac1b374957986ee6a84028e89af8dfad8c6eb178cc7381e01b7a5d67e046dbb,1,4.0,864.0
1,hpa-poisson-505-4072eb68,000082,59.786821,2026-08-31T20:04:34.761+00:00,2026-08-31T20:04:30.959+00:00,2026-08-31T20:04:31.694+00:00,2026-08-31T20:04:31.694+00:00,2026-08-31T20:04:31.908+00:00,2026-08-31T20:04:31.908+00:00,0.099454,0.21331742199981818,sqs-worker-5986dcd897-7pfxg,ip-192-168-20-201.ec2.internal,e09ed1b542fa5de63f9ee89e94adebcacaa7c9049b3eaa6fa8884e57834536f5,1,735.0,949.0
1,hpa-poisson-505-4072eb68,000081,59.712622,2026-08-31T20:04:34.687+00:00,2026-08-31T20:04:30.882+00:00,2026-08-31T20:04:31.939+00:00,2026-08-31T20:04:31.939+00:00,2026-08-31T20:04:32.413+00:00,2026-08-31T20:04:32.413+00:00,0.202265,0.47332819499933976,sqs-worker-5986dcd897-7pfxg,ip-192-168-20-201.ec2.internal,629ddcad88a64523f72636dbfcd694881964664916068737bf7f6984764d3501,1,1057.0,1531.0
1,hpa-poisson-505-4072eb68,000076,58.556437,2026-08-31T20:04:33.531+00:00,2026-08-31T20:04:29.732+00:00,2026-08-31T20:04:29.737+00:00,2026-08-31T20:04:29.737+00:00,2026-08-31T20:04:32.615+00:00,2026-08-31T20:04:32.615+00:00,0.520875,2.877194448999944,sqs-worker-5986dcd897-x8rdl,ip-192-168-20-201.ec2.internal,967df11fb09ec998e59034a5d077b670b7cbbd0a347e5938742fb98e0e513834,1,5.0,2883.0
1,hpa-poisson-505-4072eb68,000083,61.322642,2026-08-31T20:04:36.298+00:00,2026-08-31T20:04:32.497+00:00,2026-08-31T20:04:32.501+00:00,2026-08-31T20:04:32.502+00:00,2026-08-31T20:04:33.094+00:00,2026-08-31T20:04:33.094+00:00,0.259838,0.5919343859986839,sqs-worker-5986dcd897-7pfxg,ip-192-168-20-201.ec2.internal,8dd751c2f3d818d835d46f6701264567de62022d18b328117cff2e1ac4ab3a59,1,4.0,597.0
1,hpa-poisson-505-4072eb68,000084,62.126439,2026-08-31T20:04:37.101+00:00,2026-08-31T20:04:33.296+00:00,2026-08-31T20:04:33.300+00:00,2026-08-31T20:04:33.300+00:00,2026-08-31T20:04:33.415+00:00,2026-08-31T20:04:33.415+00:00,0.071884,0.11434285500035912,sqs-worker-5986dcd897-x8rdl,ip-192-168-20-201.ec2.internal,3260a392897dde55d2b9e0e047ed8223e0ea3f16319fbb217409c486575a5fea,1,4.0,119.0
1,hpa-poisson-505-4072eb68,000086,62.617578,2026-08-31T20:04:37.592+00:00,2026-08-31T20:04:33.785+00:00,2026-08-31T20:04:33.788+00:00,2026-08-31T20:04:33.788+00:00,2026-08-31T20:04:34.400+00:00,2026-08-31T20:04:34.400+00:00,0.26597,0.612498004000372,sqs-worker-5986dcd897-7pfxg,ip-192-168-20-201.ec2.internal,9c6e163205f9f7c93ee527789de0fa41364c97ce8c557bf76d848cef48b629a2,1,3.0,615.0
1,hpa-poisson-505-4072eb68,000088,63.028863,2026-08-31T20:04:38.004+00:00,2026-08-31T20:04:34.202+00:00,2026-08-31T20:04:34.421+00:00,2026-08-31T20:04:34.421+00:00,2026-08-31T20:04:34.593+00:00,2026-08-31T20:04:34.593+00:00,0.067907,0.171885163999832,sqs-worker-5986dcd897-7pfxg,ip-192-168-20-201.ec2.internal,0fc27b39272363aa44c8d35469a29b5d35d741b03b30fd98156cdbd7c4403070,1,219.0,391.0
1,hpa-poisson-505-4072eb68,000087,63.028556,2026-08-31T20:04:38.003+00:00,2026-08-31T20:04:34.201+00:00,2026-08-31T20:04:34.614+00:00,2026-08-31T20:04:34.614+00:00,2026-08-31T20:04:34.992+00:00,2026-08-31T20:04:34.992+00:00,0.133143,0.3774722140005906,sqs-worker-5986dcd897-7pfxg,ip-192-168-20-201.ec2.internal,d7b1b543b71d39d74ab0c608444efe8a266ea95ff07bf9186bd4c3403dddbcdb,1,413.0,791.0
1,hpa-poisson-505-4072eb68,000085,62.581415,2026-08-31T20:04:37.556+00:00,2026-08-31T20:04:33.754+00:00,2026-08-31T20:04:33.758+00:00,2026-08-31T20:04:33.759+00:00,2026-08-31T20:04:35.712+00:00,2026-08-31T20:04:35.712+00:00,0.807233,1.953678077999939,sqs-worker-5986dcd897-x8rdl,ip-192-168-20-201.ec2.internal,0b74aedabc5f109de67076eb48626c98098005be8c3b47135f7fc0a6d4568a88,1,4.0,1958.0
1,hpa-poisson-505-4072eb68,000090,64.530684,2026-08-31T20:04:39.505+00:00,2026-08-31T20:04:35.698+00:00,2026-08-31T20:04:35.754+00:00,2026-08-31T20:04:35.754+00:00,2026-08-31T20:04:35.828+00:00,2026-08-31T20:04:35.828+00:00,0.044338,0.07450515699929383,sqs-worker-5986dcd897-x8rdl,ip-192-168-20-201.ec2.internal,1149ae23bae1273ab243b644952dff8dc4663b57e54af8b8a2b01241cd66008d,1,56.0,130.0
1,hpa-poisson-505-4072eb68,000091,64.619631,2026-08-31T20:04:39.594+00:00,2026-08-31T20:04:35.786+00:00,2026-08-31T20:04:35.858+00:00,2026-08-31T20:04:35.858+00:00,2026-08-31T20:04:36.225+00:00,2026-08-31T20:04:36.225+00:00,0.159314,0.3666809509995801,sqs-worker-5986dcd897-x8rdl,ip-192-168-20-201.ec2.internal,831d44557760c13f468b0637051cf3e699419b670a5be042b0747c7d967d33b7,1,72.0,439.0
1,hpa-poisson-505-4072eb68,000092,64.985141,2026-08-31T20:04:39.959+00:00,2026-08-31T20:04:36.152+00:00,2026-08-31T20:04:36.302+00:00,2026-08-31T20:04:36.302+00:00,2026-08-31T20:04:36.879+00:00,2026-08-31T20:04:36.879+00:00,0.239697,0.5774675020002178,sqs-worker-5986dcd897-x8rdl,ip-192-168-20-201.ec2.internal,92428963be52bb0be4420b5aa58aed3ffc992c43273043ffc5c769c364fc4ed5,1,150.0,727.0
1,hpa-poisson-505-4072eb68,000089,64.098734,2026-08-31T20:04:39.074+00:00,2026-08-31T20:04:35.269+00:00,2026-08-31T20:04:35.273+00:00,2026-08-31T20:04:35.273+00:00,2026-08-31T20:04:37.282+00:00,2026-08-31T20:04:37.282+00:00,0.376437,2.009885806000966,sqs-worker-5986dcd897-7pfxg,ip-192-168-20-201.ec2.internal,0f1ea5055896c7d5139d36053779f4bb0ee53058b2fc0dc03a73fdfaf4389097,1,4.0,2013.0
1,hpa-poisson-505-4072eb68,000093,66.146368,2026-08-31T20:04:41.122+00:00,2026-08-31T20:04:37.316+00:00,2026-08-31T20:04:37.375+00:00,2026-08-31T20:04:37.375+00:00,2026-08-31T20:04:38.380+00:00,2026-08-31T20:04:38.380+00:00,0.294414,1.0044115610016888,sqs-worker-5986dcd897-7pfxg,ip-192-168-20-201.ec2.internal,7bbabb73f534b1b72b924c99d46045c971c0630dde8308131031f8d53a04844a,1,59.0,1064.0
1,hpa-poisson-505-4072eb68,000094,67.756785,2026-08-31T20:04:42.732+00:00,2026-08-31T20:04:38.927+00:00,2026-08-31T20:04:38.931+00:00,2026-08-31T20:04:38.931+00:00,2026-08-31T20:04:39.113+00:00,2026-08-31T20:04:39.113+00:00,0.111372,0.1824617460006266,sqs-worker-5986dcd897-7pfxg,ip-192-168-20-201.ec2.internal,db6068a211cb17ef417e480b63842343f5941c8a4bb9e9b20c276d09f5da3e7d,1,4.0,186.0
1,hpa-poisson-505-4072eb68,000095,68.195346,2026-08-31T20:04:43.170+00:00,2026-08-31T20:04:39.363+00:00,2026-08-31T20:04:39.366+00:00,2026-08-31T20:04:39.366+00:00,2026-08-31T20:04:39.788+00:00,2026-08-31T20:04:39.788+00:00,0.170502,0.42199921600149537,sqs-worker-5986dcd897-7pfxg,ip-192-168-20-201.ec2.internal,bbc54ed9805b3a18b16624c1277ee52fd2f5c62eb0c8df2426d802cdc21d0e2c,1,3.0,425.0
1,hpa-poisson-505-4072eb68,000096,68.836041,2026-08-31T20:04:43.811+00:00,2026-08-31T20:04:40.006+00:00,2026-08-31T20:04:40.010+00:00,2026-08-31T20:04:40.010+00:00,2026-08-31T20:04:40.389+00:00,2026-08-31T20:04:40.389+00:00,0.060382,0.37886923599944566,sqs-worker-5986dcd897-x8rdl,ip-192-168-20-201.ec2.internal,b803cd757721358562a31a916e4524b2acf0d262cc144f6efc6a1e89e807f307,1,4.0,383.0
1,hpa-poisson-505-4072eb68,000099,70.321296,2026-08-31T20:04:45.296+00:00,2026-08-31T20:04:41.490+00:00,2026-08-31T20:04:41.494+00:00,2026-08-31T20:04:41.494+00:00,2026-08-31T20:04:41.663+00:00,2026-08-31T20:04:41.663+00:00,0.096087,0.16918569100016612,sqs-worker-5986dcd897-vfqj5,ip-192-168-20-201.ec2.internal,10e46933cc67c650ce4b14082d34f8962f639df547d88898f68a9ae063f91f03,1,4.0,173.0
1,hpa-poisson-505-4072eb68,000098,69.958582,2026-08-31T20:04:44.933+00:00,2026-08-31T20:04:41.128+00:00,2026-08-31T20:04:41.132+00:00,2026-08-31T20:04:41.132+00:00,2026-08-31T20:04:41.674+00:00,2026-08-31T20:04:41.674+00:00,0.143446,0.5424642340003629,sqs-worker-5986dcd897-x8rdl,ip-192-168-20-201.ec2.internal,8bb67da3906e9704050e6850c82823a49d695fe42103024c9d64566380eff257,1,4.0,546.0
1,hpa-poisson-505-4072eb68,000097,69.130175,2026-08-31T20:04:44.104+00:00,2026-08-31T20:04:40.301+00:00,2026-08-31T20:04:40.305+00:00,2026-08-31T20:04:40.305+00:00,2026-08-31T20:04:41.988+00:00,2026-08-31T20:04:41.988+00:00,0.695036,1.6831788220006274,sqs-worker-5986dcd897-7pfxg,ip-192-168-20-201.ec2.internal,c7482485829651914ddf88402ac10131c3c1e7ce728abf69183047966462726b,1,4.0,1687.0
1,hpa-poisson-505-4072eb68,000100,71.780079,2026-08-31T20:04:46.756+00:00,2026-08-31T20:04:42.950+00:00,2026-08-31T20:04:42.955+00:00,2026-08-31T20:04:42.955+00:00,2026-08-31T20:04:42.960+00:00,2026-08-31T20:04:42.960+00:00,0.005,0.00505550699926971,sqs-worker-5986dcd897-vfqj5,ip-192-168-20-201.ec2.internal,f448da041110a59301ca100da85e11d0bc75beb86e41f004c25499e6bc08dc0c,1,5.0,10.0
1,hpa-poisson-505-4072eb68,000101,72.397758,2026-08-31T20:04:47.372+00:00,2026-08-31T20:04:43.570+00:00,2026-08-31T20:04:43.575+00:00,2026-08-31T20:04:43.575+00:00,2026-08-31T20:04:43.907+00:00,2026-08-31T20:04:43.907+00:00,0.140592,0.3318876499997714,sqs-worker-5986dcd897-7pfxg,ip-192-168-20-201.ec2.internal,65918519268bccb0365aeb09dfcc96965f56b24f728cbf0fcb6c7ecafe4b6dfb,1,5.0,337.0
1,hpa-poisson-505-4072eb68,000102,72.485624,2026-08-31T20:04:47.460+00:00,2026-08-31T20:04:43.663+00:00,2026-08-31T20:04:43.668+00:00,2026-08-31T20:04:43.668+00:00,2026-08-31T20:04:44.001+00:00,2026-08-31T20:04:44.001+00:00,0.15749,0.3336333309998736,sqs-worker-5986dcd897-bqxpv,ip-192-168-20-201.ec2.internal,c4cbf13aae3d656c8e5208b2418013b69e722e45343599a1b4344cf0e4d3d16d,1,5.0,338.0
1,hpa-poisson-505-4072eb68,000105,74.136309,2026-08-31T20:04:49.110+00:00,2026-08-31T20:04:45.303+00:00,2026-08-31T20:04:45.307+00:00,2026-08-31T20:04:45.307+00:00,2026-08-31T20:04:45.312+00:00,2026-08-31T20:04:45.312+00:00,0.005,0.0050439339993317844,sqs-worker-5986dcd897-bqxpv,ip-192-168-20-201.ec2.internal,5df7413f85de19c5e6c70e0bf465dff94577725b31ad542acd80d7955f23bc99,1,4.0,9.0
1,hpa-poisson-505-4072eb68,000103,72.791858,2026-08-31T20:04:47.766+00:00,2026-08-31T20:04:43.959+00:00,2026-08-31T20:04:43.963+00:00,2026-08-31T20:04:43.963+00:00,2026-08-31T20:04:45.562+00:00,2026-08-31T20:04:45.562+00:00,0.663581,1.5990834450003604,sqs-worker-5986dcd897-vfqj5,ip-192-168-20-201.ec2.internal,93328d8be647706c23301552f0a05ac0ea4a5a71193a8c3797c01b7e2cab4f63,1,4.0,1603.0
1,hpa-poisson-505-4072eb68,000106,74.700933,2026-08-31T20:04:49.676+00:00,2026-08-31T20:04:45.868+00:00,2026-08-31T20:04:45.874+00:00,2026-08-31T20:04:45.874+00:00,2026-08-31T20:04:46.022+00:00,2026-08-31T20:04:46.022+00:00,0.078177,0.14769383299972105,sqs-worker-5986dcd897-x8rdl,ip-192-168-20-201.ec2.internal,da6544a03d0c296acfcf0721061ba939b4a7b8f5beba3d933a833f15978816f3,1,6.0,154.0
1,hpa-poisson-505-4072eb68,000104,74.036814,2026-08-31T20:04:49.011+00:00,2026-08-31T20:04:45.205+00:00,2026-08-31T20:04:45.208+00:00,2026-08-31T20:04:45.209+00:00,2026-08-31T20:04:46.276+00:00,2026-08-31T20:04:46.276+00:00,0.192449,1.0674418620001234,sqs-worker-5986dcd897-7pfxg,ip-192-168-20-201.ec2.internal,2a78b7793c4107051d662e1795454546e3b0aa150e910e6fb905b69373ec86f8,1,3.0,1071.0
1,hpa-poisson-505-4072eb68,000108,75.493326,2026-08-31T20:04:50.468+00:00,2026-08-31T20:04:46.661+00:00,2026-08-31T20:04:46.664+00:00,2026-08-31T20:04:46.664+00:00,2026-08-31T20:04:46.895+00:00,2026-08-31T20:04:46.895+00:00,0.104715,0.23121077600080753,sqs-worker-5986dcd897-x8rdl,ip-192-168-20-201.ec2.internal,131f5cef534e428d6f33a2a062f61af8eb4d137819214cac1d0169ee21ccefc9,1,3.0,234.0
1,hpa-poisson-505-4072eb68,000107,75.369071,2026-08-31T20:04:50.343+00:00,2026-08-31T20:04:46.534+00:00,2026-08-31T20:04:46.577+00:00,2026-08-31T20:04:46.577+00:00,2026-08-31T20:04:47.182+00:00,2026-08-31T20:04:47.182+00:00,0.182467,0.605451900000844,sqs-worker-5986dcd897-7pfxg,ip-192-168-20-201.ec2.internal,4f9f6050b528c95cc52ce348f18c8c1a45b980456a6b4759088d037dfbb0e6b5,1,43.0,648.0
1,hpa-poisson-505-4072eb68,000111,75.961374,2026-08-31T20:04:50.935+00:00,2026-08-31T20:04:47.131+00:00,2026-08-31T20:04:47.134+00:00,2026-08-31T20:04:47.134+00:00,2026-08-31T20:04:47.509+00:00,2026-08-31T20:04:47.509+00:00,0.1874,0.37476377799976035,sqs-worker-5986dcd897-x8rdl,ip-192-168-20-201.ec2.internal,e107bb880575ef8b6b6c5d1abcadcabdbf2f54bd477ad897cee256891b786dbf,1,3.0,378.0
1,hpa-poisson-505-4072eb68,000110,75.933934,2026-08-31T20:04:50.908+00:00,2026-08-31T20:04:47.099+00:00,2026-08-31T20:04:47.104+00:00,2026-08-31T20:04:47.104+00:00,2026-08-31T20:04:47.174+00:00,2026-08-31T20:04:47.174+00:00,0.042108,0.06985897499907878,sqs-worker-5986dcd897-bqxpv,ip-192-168-20-201.ec2.internal,0d78fd02a72390d6b044504a90ab9b1e469e0bf15bc8810743459325d3a612b3,1,5.0,75.0
1,hpa-poisson-505-4072eb68,000114,76.468253,2026-08-31T20:04:51.442+00:00,2026-08-31T20:04:47.634+00:00,2026-08-31T20:04:47.637+00:00,2026-08-31T20:04:47.637+00:00,2026-08-31T20:04:48.050+00:00,2026-08-31T20:04:48.051+00:00,0.164821,0.41310550900016096,sqs-worker-5986dcd897-vfqj5,ip-192-168-20-201.ec2.internal,b2f28cb54411eff432c1f28d0da3494ac93c03c33957aa8e4bc88149e261088d,1,3.0,416.0
1,hpa-poisson-505-4072eb68,000109,75.809989,2026-08-31T20:04:50.784+00:00,2026-08-31T20:04:46.979+00:00,2026-08-31T20:04:46.984+00:00,2026-08-31T20:04:46.984+00:00,2026-08-31T20:04:47.170+00:00,2026-08-31T20:04:47.171+00:00,0.104869,0.1869847439993464,sqs-worker-5986dcd897-vfqj5,ip-192-168-20-201.ec2.internal,e81795e2b2bdc3fe3824d0086390fb60097bee7fbd0140257ef094d5c073ec72,1,5.0,191.0
1,hpa-poisson-505-4072eb68,000113,76.357723,2026-08-31T20:04:51.332+00:00,2026-08-31T20:04:47.522+00:00,2026-08-31T20:04:47.526+00:00,2026-08-31T20:04:47.526+00:00,2026-08-31T20:04:47.707+00:00,2026-08-31T20:04:47.708+00:00,0.112219,0.1816250059982849,sqs-worker-5986dcd897-7pfxg,ip-192-168-20-201.ec2.internal,98abeffd4665863d688092f34790cdfd18ab27a84bca138816e62ab55d8a02df,1,4.0,185.0
1,hpa-poisson-505-4072eb68,000118,77.825386,2026-08-31T20:04:52.800+00:00,2026-08-31T20:04:48.998+00:00,2026-08-31T20:04:49.002+00:00,2026-08-31T20:04:49.002+00:00,2026-08-31T20:04:49.031+00:00,2026-08-31T20:04:49.031+00:00,0.028783,0.02903364200028591,sqs-worker-5986dcd897-x8rdl,ip-192-168-20-201.ec2.internal,a7fd9afb0a1e415aa5f53fd038bb1c0eb3ed2a4e5c0b6a831defcb7af60d5675,1,4.0,33.0
1,hpa-poisson-505-4072eb68,000116,77.383873,2026-08-31T20:04:52.358+00:00,2026-08-31T20:04:48.552+00:00,2026-08-31T20:04:48.555+00:00,2026-08-31T20:04:48.555+00:00,2026-08-31T20:04:48.575+00:00,2026-08-31T20:04:48.575+00:00,0.020006,0.02004398300050525,sqs-worker-5986dcd897-7pfxg,ip-192-168-20-201.ec2.internal,6427d8c7fdbbb1a305efea2ca2ab83412a32bd810cbd57ff9dd82a3b9e881eda,1,3.0,23.0
1,hpa-poisson-505-4072eb68,000115,76.920151,2026-08-31T20:04:51.895+00:00,2026-08-31T20:04:48.093+00:00,2026-08-31T20:04:48.097+00:00,2026-08-31T20:04:48.097+00:00,2026-08-31T20:04:48.360+00:00,2026-08-31T20:04:48.360+00:00,0.140138,0.263461570999425,sqs-worker-5986dcd897-vfqj5,ip-192-168-20-201.ec2.internal,a341ad4edae70fa3f303adba10976300f3f5d8a9fb2c0689007e58ee91e83c56,1,4.0,267.0
1,hpa-poisson-505-4072eb68,000112,76.351003,2026-08-31T20:04:51.325+00:00,2026-08-31T20:04:47.517+00:00,2026-08-31T20:04:47.521+00:00,2026-08-31T20:04:47.521+00:00,2026-08-31T20:04:48.620+00:00,2026-08-31T20:04:48.620+00:00,0.447122,1.0984676339994621,sqs-worker-5986dcd897-bqxpv,ip-192-168-20-201.ec2.internal,ddd87d332d86b349894169a65fb64db7e2081d5870cef9f5b1796ac8501f9c99,1,4.0,1103.0
1,hpa-poisson-505-4072eb68,000117,77.616807,2026-08-31T20:04:52.591+00:00,2026-08-31T20:04:48.786+00:00,2026-08-31T20:04:48.789+00:00,2026-08-31T20:04:48.789+00:00,2026-08-31T20:04:49.516+00:00,2026-08-31T20:04:49.516+00:00,0.308079,0.7262357359995804,sqs-worker-5986dcd897-bqxpv,ip-192-168-20-201.ec2.internal,a040cee1bc7bce776fab69578da41247595807f8cb6ae424542bee4b0d5641bb,1,3.0,730.0
1,hpa-poisson-505-4072eb68,000119,78.148149,2026-08-31T20:04:53.123+00:00,2026-08-31T20:04:49.311+00:00,2026-08-31T20:04:49.316+00:00,2026-08-31T20:04:49.316+00:00,2026-08-31T20:04:50.801+00:00,2026-08-31T20:04:50.802+00:00,0.398785,1.4851669620002212,sqs-worker-5986dcd897-x8rdl,ip-192-168-20-201.ec2.internal,fe5096a5b3ff0a0dd2b804f9ab228c132fe2f8a6eae95ec7724f6e374e0f6e80,1,5.0,1490.0
1,hpa-poisson-505-4072eb68,000120,79.770347,2026-08-31T20:04:54.746+00:00,2026-08-31T20:04:50.941+00:00,2026-08-31T20:04:50.946+00:00,2026-08-31T20:04:50.946+00:00,2026-08-31T20:04:51.660+00:00,2026-08-31T20:04:51.660+00:00,0.188135,0.7137523849996796,sqs-worker-5986dcd897-vfqj5,ip-192-168-20-201.ec2.internal,29a9bcd776f52c8a3dc8f532a949fea1bec5d42b08fadffb64b8a3f5754b969d,1,5.0,719.0
1,hpa-poisson-505-4072eb68,000121,82.457574,2026-08-31T20:04:57.433+00:00,2026-08-31T20:04:53.624+00:00,2026-08-31T20:04:53.627+00:00,2026-08-31T20:04:53.627+00:00,2026-08-31T20:04:53.638+00:00,2026-08-31T20:04:53.638+00:00,0.010918,0.010970165001708665,sqs-worker-5986dcd897-7pfxg,ip-192-168-20-201.ec2.internal,9d96f1666aa25857424b83b0d606e90c4fcb940ab328f71fdcc2314a5f9a011e,1,3.0,14.0
1,hpa-poisson-505-4072eb68,000122,82.5243,2026-08-31T20:04:57.497+00:00,2026-08-31T20:04:53.696+00:00,2026-08-31T20:04:53.700+00:00,2026-08-31T20:04:53.700+00:00,2026-08-31T20:04:53.724+00:00,2026-08-31T20:04:53.724+00:00,0.023959,0.023998622000362957,sqs-worker-5986dcd897-vfqj5,ip-192-168-20-201.ec2.internal,1f479047487a0730d8eafa442d10c768a0d4852b5129447617addc028d8b13b2,1,4.0,28.0
1,hpa-poisson-505-4072eb68,000123,83.27939,2026-08-31T20:04:58.253+00:00,2026-08-31T20:04:54.447+00:00,2026-08-31T20:04:54.454+00:00,2026-08-31T20:04:54.454+00:00,2026-08-31T20:04:54.578+00:00,2026-08-31T20:04:54.578+00:00,0.069599,0.12487542700000631,sqs-worker-5986dcd897-x8rdl,ip-192-168-20-201.ec2.internal,d11456b270d28c16e5d63e23500dbfe29035fcf83de67fcaa1a28cc281d53287,1,7.0,131.0
1,hpa-poisson-505-4072eb68,000124,84.862714,2026-08-31T20:04:59.837+00:00,2026-08-31T20:04:56.030+00:00,2026-08-31T20:04:56.034+00:00,2026-08-31T20:04:56.034+00:00,2026-08-31T20:04:56.649+00:00,2026-08-31T20:04:56.649+00:00,0.275899,0.6149578149997978,sqs-worker-5986dcd897-bqxpv,ip-192-168-20-201.ec2.internal,04fa594ed3766b709d597b7ca3a0b7b767f47ecacfe730422033674e4758b2db,1,4.0,619.0
1,hpa-poisson-505-4072eb68,000125,86.066848,2026-08-31T20:05:01.041+00:00,2026-08-31T20:04:57.235+00:00,2026-08-31T20:04:57.238+00:00,2026-08-31T20:04:57.239+00:00,2026-08-31T20:04:57.993+00:00,2026-08-31T20:04:57.993+00:00,0.336312,0.7547726100001455,sqs-worker-5986dcd897-x8rdl,ip-192-168-20-201.ec2.internal,f8134746444b4660fbac47b158f28dacb33275f7ef41c4a1ba52b2b9658d6c3b,1,3.0,758.0
1,hpa-poisson-505-4072eb68,000127,87.818868,2026-08-31T20:05:02.793+00:00,2026-08-31T20:04:58.998+00:00,2026-08-31T20:04:59.002+00:00,2026-08-31T20:04:59.002+00:00,2026-08-31T20:04:59.320+00:00,2026-08-31T20:04:59.320+00:00,0.139573,0.3185291050012893,sqs-worker-5986dcd897-bqxpv,ip-192-168-20-201.ec2.internal,31fdd7beb47ea37c027a513f7e2b30d987030ca8da21d39effac3cd06cb2d95e,1,4.0,322.0
1,hpa-poisson-505-4072eb68,000129,88.296142,2026-08-31T20:05:03.269+00:00,2026-08-31T20:04:59.459+00:00,2026-08-31T20:04:59.462+00:00,2026-08-31T20:04:59.462+00:00,2026-08-31T20:04:59.618+00:00,2026-08-31T20:04:59.618+00:00,0.087469,0.15626901799987536,sqs-worker-5986dcd897-x8rdl,ip-192-168-20-201.ec2.internal,ab5941ca3217be38e7a5de0b91996057aa7a897ec2c02857d0a794da8f407a55,1,3.0,159.0
1,hpa-poisson-505-4072eb68,000130,88.363337,2026-08-31T20:05:03.336+00:00,2026-08-31T20:04:59.528+00:00,2026-08-31T20:04:59.531+00:00,2026-08-31T20:04:59.531+00:00,2026-08-31T20:04:59.547+00:00,2026-08-31T20:04:59.547+00:00,0.015566,0.015639491999536403,sqs-worker-5986dcd897-bqxpv,ip-192-168-20-201.ec2.internal,c63f208fc2f91666d6644b6943c48d9f698a2875551987d642aebd91fe2381e3,1,3.0,19.0
1,hpa-poisson-505-4072eb68,000126,86.904224,2026-08-31T20:05:01.878+00:00,2026-08-31T20:04:58.072+00:00,2026-08-31T20:04:58.076+00:00,2026-08-31T20:04:58.076+00:00,2026-08-31T20:04:59.605+00:00,2026-08-31T20:04:59.605+00:00,0.630204,1.5287259370015818,sqs-worker-5986dcd897-7pfxg,ip-192-168-20-201.ec2.internal,fc57d34de2229dc466a46bf68b0e1bee978b24493f7e2d795a54d954a9225fa7,1,4.0,1533.0
1,hpa-poisson-505-4072eb68,000131,88.683244,2026-08-31T20:05:03.657+00:00,2026-08-31T20:04:59.848+00:00,2026-08-31T20:04:59.851+00:00,2026-08-31T20:04:59.851+00:00,2026-08-31T20:04:59.924+00:00,2026-08-31T20:04:59.924+00:00,0.0508,0.07231129400133796,sqs-worker-5986dcd897-bqxpv,ip-192-168-20-201.ec2.internal,a504cf8f8481943e4e63b6cd1a613ff0ee8af98ff654cbba61ca735bb1775b93,1,3.0,76.0
1,hpa-poisson-505-4072eb68,000132,91.526714,2026-08-31T20:05:06.502+00:00,2026-08-31T20:05:02.696+00:00,2026-08-31T20:05:02.700+00:00,2026-08-31T20:05:02.700+00:00,2026-08-31T20:05:02.890+00:00,2026-08-31T20:05:02.890+00:00,0.095302,0.18980950999866764,sqs-worker-5986dcd897-7pfxg,ip-192-168-20-201.ec2.internal,b15c02e903aae8e248a05b06010290fffad55cb9d1637473f41df36598e3295d,1,4.0,194.0
1,hpa-poisson-505-4072eb68,000128,88.07007,2026-08-31T20:05:03.043+00:00,2026-08-31T20:04:59.236+00:00,2026-08-31T20:04:59.246+00:00,2026-08-31T20:04:59.246+00:00,2026-08-31T20:05:03.355+00:00,2026-08-31T20:05:03.355+00:00,1.0,4.108436325999719,sqs-worker-5986dcd897-vfqj5,ip-192-168-20-201.ec2.internal,fadd588586cfbfe1913578f1d1f9efffbef6b6b12ee52db3a80843ca3f07322a,1,10.0,4119.0
1,hpa-poisson-505-4072eb68,000133,92.857296,2026-08-31T20:05:07.832+00:00,2026-08-31T20:05:04.023+00:00,2026-08-31T20:05:04.027+00:00,2026-08-31T20:05:04.027+00:00,2026-08-31T20:05:04.249+00:00,2026-08-31T20:05:04.249+00:00,0.115863,0.22153777099993022,sqs-worker-5986dcd897-bqxpv,ip-192-168-20-201.ec2.internal,c99207194c98cb4a65cb8728979a1d10fc7ac2d6776926d7277bd860b99d7741,1,4.0,226.0
1,hpa-poisson-505-4072eb68,000135,93.049589,2026-08-31T20:05:08.023+00:00,2026-08-31T20:05:04.211+00:00,2026-08-31T20:05:04.215+00:00,2026-08-31T20:05:04.215+00:00,2026-08-31T20:05:04.317+00:00,2026-08-31T20:05:04.317+00:00,0.074172,0.10203427499982354,sqs-worker-5986dcd897-x8rdl,ip-192-168-20-201.ec2.internal,60131b99d9fb096039c3b8ef6b192931e2e32a77f34ad3b1144cc27c34197e9d,1,4.0,106.0
1,hpa-poisson-505-4072eb68,000134,92.876903,2026-08-31T20:05:07.850+00:00,2026-08-31T20:05:04.038+00:00,2026-08-31T20:05:04.042+00:00,2026-08-31T20:05:04.042+00:00,2026-08-31T20:05:05.349+00:00,2026-08-31T20:05:05.349+00:00,0.53264,1.3074250310000934,sqs-worker-5986dcd897-vfqj5,ip-192-168-20-201.ec2.internal,21ac15e3b8ee2fad79dea35da00e1496e2dc7cfe6310f1bbfbee06234909cd6c,1,4.0,1311.0
1,hpa-poisson-505-4072eb68,000136,93.108783,2026-08-31T20:05:08.082+00:00,2026-08-31T20:05:04.274+00:00,2026-08-31T20:05:04.316+00:00,2026-08-31T20:05:04.316+00:00,2026-08-31T20:05:05.714+00:00,2026-08-31T20:05:05.714+00:00,0.559864,1.3973565279993636,sqs-worker-5986dcd897-bqxpv,ip-192-168-20-201.ec2.internal,08a67efaa8dc839e0ed985d448e7cde7e03602d6ed64270b94b12c1b9b4dac5f,1,42.0,1440.0
1,hpa-poisson-505-4072eb68,000139,93.885977,2026-08-31T20:05:08.859+00:00,2026-08-31T20:05:05.048+00:00,2026-08-31T20:05:05.380+00:00,2026-08-31T20:05:05.380+00:00,2026-08-31T20:05:05.465+00:00,2026-08-31T20:05:05.465+00:00,0.048827,0.08521049600130937,sqs-worker-5986dcd897-vfqj5,ip-192-168-20-201.ec2.internal,c3c0d85c71a1dae54c010668f6a38ea11039e0cf5742c48d95a4dcc037dd6454,1,332.0,417.0
1,hpa-poisson-505-4072eb68,000137,93.59205,2026-08-31T20:05:08.565+00:00,2026-08-31T20:05:04.760+00:00,2026-08-31T20:05:04.764+00:00,2026-08-31T20:05:04.764+00:00,2026-08-31T20:05:05.426+00:00,2026-08-31T20:05:05.426+00:00,0.285228,0.6619697579990316,sqs-worker-5986dcd897-x8rdl,ip-192-168-20-201.ec2.internal,724af453b93c0d7762796261b8349c1650a991b7e25cf5a9a09b313168cc9160,1,4.0,666.0
1,hpa-poisson-505-4072eb68,000138,93.722835,2026-08-31T20:05:08.696+00:00,2026-08-31T20:05:04.885+00:00,2026-08-31T20:05:04.891+00:00,2026-08-31T20:05:04.891+00:00,2026-08-31T20:05:05.875+00:00,2026-08-31T20:05:05.875+00:00,0.200994,0.9837994699992123,sqs-worker-5986dcd897-7pfxg,ip-192-168-20-201.ec2.internal,f1e87e032cf13c3b2d9ebcdf9a6850cb6f91925d55c88cc9b7f25b5c514327a8,1,6.0,990.0
1,hpa-poisson-505-4072eb68,000140,96.456455,2026-08-31T20:05:11.432+00:00,2026-08-31T20:05:07.622+00:00,2026-08-31T20:05:07.626+00:00,2026-08-31T20:05:07.626+00:00,2026-08-31T20:05:07.849+00:00,2026-08-31T20:05:07.849+00:00,0.115491,0.22331922800003667,sqs-worker-5986dcd897-bqxpv,ip-192-168-20-201.ec2.internal,0dc78334c2d77be3561f7aa072666c12cb91e8baddb3a0cae7241de3f336e13b,1,4.0,227.0
1,hpa-poisson-505-4072eb68,000141,96.632756,2026-08-31T20:05:11.606+00:00,2026-08-31T20:05:07.800+00:00,2026-08-31T20:05:07.804+00:00,2026-08-31T20:05:07.804+00:00,2026-08-31T20:05:07.907+00:00,2026-08-31T20:05:07.907+00:00,0.072623,0.10313946200039936,sqs-worker-5986dcd897-7pfxg,ip-192-168-20-201.ec2.internal,c084e7f920a7dfe32514b8994bebe819d9d3f96a57ec0069bb8a746272547acd,1,4.0,107.0
1,hpa-poisson-505-4072eb68,000143,98.256266,2026-08-31T20:05:13.231+00:00,2026-08-31T20:05:09.420+00:00,2026-08-31T20:05:09.424+00:00,2026-08-31T20:05:09.424+00:00,2026-08-31T20:05:09.510+00:00,2026-08-31T20:05:09.510+00:00,0.068477,0.08627335300116101,sqs-worker-5986dcd897-x8rdl,ip-192-168-20-201.ec2.internal,a3a27880227fa4e9b6f2590e94029426dcecce6c8f2953af96da14ea22320597,1,4.0,90.0
1,hpa-poisson-505-4072eb68,000142,96.875018,2026-08-31T20:05:11.848+00:00,2026-08-31T20:05:08.037+00:00,2026-08-31T20:05:08.041+00:00,2026-08-31T20:05:08.041+00:00,2026-08-31T20:05:09.769+00:00,2026-08-31T20:05:09.769+00:00,0.713737,1.7283780600009777,sqs-worker-5986dcd897-bqxpv,ip-192-168-20-201.ec2.internal,453307607a7ed233fdf99cfa083ea3b68ae7f7a05a1912e6ad9c763f2f0707ef,1,4.0,1732.0
1,hpa-poisson-505-4072eb68,000144,99.005223,2026-08-31T20:05:13.979+00:00,2026-08-31T20:05:10.168+00:00,2026-08-31T20:05:10.172+00:00,2026-08-31T20:05:10.172+00:00,2026-08-31T20:05:10.376+00:00,2026-08-31T20:05:10.376+00:00,0.086399,0.20447079599944118,sqs-worker-5986dcd897-7pfxg,ip-192-168-20-201.ec2.internal,3fdde830ab4c1373fb77a74f073c440af733cbab6c9485a032df832f70b6488d,1,4.0,208.0
1,hpa-poisson-505-4072eb68,000146,99.607489,2026-08-31T20:05:14.581+00:00,2026-08-31T20:05:10.772+00:00,2026-08-31T20:05:10.785+00:00,2026-08-31T20:05:10.785+00:00,2026-08-31T20:05:11.592+00:00,2026-08-31T20:05:11.592+00:00,0.22494,0.8064993419993698,sqs-worker-5986dcd897-x8rdl,ip-192-168-20-201.ec2.internal,7b8d49aa876d87f36c491972bf787e0196266db4f8321e4d266ac8f0429937f0,1,13.0,820.0
1,hpa-poisson-505-4072eb68,000145,99.079466,2026-08-31T20:05:14.053+00:00,2026-08-31T20:05:10.244+00:00,2026-08-31T20:05:10.251+00:00,2026-08-31T20:05:10.251+00:00,2026-08-31T20:05:12.425+00:00,2026-08-31T20:05:12.425+00:00,0.429626,2.1740682939998806,sqs-worker-5986dcd897-vfqj5,ip-192-168-20-201.ec2.internal,863952a46fe53ddddc43334ef24fbfea78643660fd065edbaa25cd73481c1510,1,7.0,2181.0
1,hpa-poisson-505-4072eb68,000148,101.603019,2026-08-31T20:05:16.576+00:00,2026-08-31T20:05:12.766+00:00,2026-08-31T20:05:12.770+00:00,2026-08-31T20:05:12.770+00:00,2026-08-31T20:05:12.815+00:00,2026-08-31T20:05:12.815+00:00,0.044229,0.044315111999821966,sqs-worker-5986dcd897-7pfxg,ip-192-168-20-201.ec2.internal,ff2bcb5b3ff566e4d321fb10c1aa398ca65906466b64f6eb0c82d89936716a6e,1,4.0,49.0
1,hpa-poisson-505-4072eb68,000147,101.153155,2026-08-31T20:05:16.128+00:00,2026-08-31T20:05:12.320+00:00,2026-08-31T20:05:12.325+00:00,2026-08-31T20:05:12.325+00:00,2026-08-31T20:05:12.920+00:00,2026-08-31T20:05:12.920+00:00,0.246863,0.5950680250007281,sqs-worker-5986dcd897-bqxpv,ip-192-168-20-201.ec2.internal,deca892bc6f6716d3b0aff21fe56a4b64e89c8e8526259ae856ad7429215be53,1,5.0,600.0
1,hpa-poisson-505-4072eb68,000149,101.787966,2026-08-31T20:05:16.761+00:00,2026-08-31T20:05:12.951+00:00,2026-08-31T20:05:12.955+00:00,2026-08-31T20:05:12.955+00:00,2026-08-31T20:05:12.970+00:00,2026-08-31T20:05:12.970+00:00,0.01492,0.014956343999074306,sqs-worker-5986dcd897-vfqj5,ip-192-168-20-201.ec2.internal,51bb50eee7272aea274ca4e237e46a3308a7908ac2804193066962dafa23103f,1,4.0,19.0
1,hpa-poisson-505-4072eb68,000150,102.361106,2026-08-31T20:05:17.334+00:00,2026-08-31T20:05:13.524+00:00,2026-08-31T20:05:13.528+00:00,2026-08-31T20:05:13.528+00:00,2026-08-31T20:05:13.601+00:00,2026-08-31T20:05:13.601+00:00,0.058379,0.07303937600045174,sqs-worker-5986dcd897-x8rdl,ip-192-168-20-201.ec2.internal,abe97b57725f723906e932f95b119ec56cc2f2c6583c5f17b4150c4e125ef68d,1,4.0,77.0
1,hpa-poisson-505-4072eb68,000151,103.604802,2026-08-31T20:05:18.578+00:00,2026-08-31T20:05:14.769+00:00,2026-08-31T20:05:14.773+00:00,2026-08-31T20:05:14.773+00:00,2026-08-31T20:05:15.091+00:00,2026-08-31T20:05:15.091+00:00,0.156908,0.3181301839995285,sqs-worker-5986dcd897-vfqj5,ip-192-168-20-201.ec2.internal,d8a2e3856cebe6240519ca648eb9b8d0b0788e8bdfe403f31229a54610ed9380,1,4.0,322.0
1,hpa-poisson-505-4072eb68,000153,103.656556,2026-08-31T20:05:18.630+00:00,2026-08-31T20:05:14.823+00:00,2026-08-31T20:05:14.826+00:00,2026-08-31T20:05:14.826+00:00,2026-08-31T20:05:15.121+00:00,2026-08-31T20:05:15.121+00:00,0.127908,0.2943607310007792,sqs-worker-5986dcd897-bqxpv,ip-192-168-20-201.ec2.internal,0ac4bfbd47785ce8fd1b8cc25a965851e7e62b3e284754e0acad0e714e60cfa3,1,3.0,298.0
1,hpa-poisson-505-4072eb68,000152,103.649631,2026-08-31T20:05:18.623+00:00,2026-08-31T20:05:14.812+00:00,2026-08-31T20:05:14.816+00:00,2026-08-31T20:05:14.816+00:00,2026-08-31T20:05:15.183+00:00,2026-08-31T20:05:15.183+00:00,0.098207,0.3671310280005855,sqs-worker-5986dcd897-7pfxg,ip-192-168-20-201.ec2.internal,df44bd279545f2bdb5b5f2c73754200518788e34b7255fd9e7c6f9f1c33b422c,1,4.0,371.0
1,hpa-poisson-505-4072eb68,000157,105.544764,2026-08-31T20:05:20.518+00:00,2026-08-31T20:05:16.706+00:00,2026-08-31T20:05:16.709+00:00,2026-08-31T20:05:16.709+00:00,2026-08-31T20:05:16.763+00:00,2026-08-31T20:05:16.763+00:00,0.038006,0.053239175998896826,sqs-worker-5986dcd897-x8rdl,ip-192-168-20-201.ec2.internal,a88802de26e50b2b90e919aed877c7f24d1a15f08ccd60f9f7d072edc3bb1be4,1,3.0,57.0
1,hpa-poisson-505-4072eb68,000154,104.530242,2026-08-31T20:05:19.504+00:00,2026-08-31T20:05:15.695+00:00,2026-08-31T20:05:15.699+00:00,2026-08-31T20:05:15.699+00:00,2026-08-31T20:05:16.695+00:00,2026-08-31T20:05:16.695+00:00,0.209159,0.9963227359985467,sqs-worker-5986dcd897-7pfxg,ip-192-168-20-201.ec2.internal,ec454a85e80dc4007df96ba14288ba7c492f613863d487098bdf64297b3540b5,1,4.0,1000.0
1,hpa-poisson-505-4072eb68,000155,105.026314,2026-08-31T20:05:20.000+00:00,2026-08-31T20:05:16.191+00:00,2026-08-31T20:05:16.195+00:00,2026-08-31T20:05:16.195+00:00,2026-08-31T20:05:16.842+00:00,2026-08-31T20:05:16.842+00:00,0.286015,0.6469514410000556,sqs-worker-5986dcd897-vfqj5,ip-192-168-20-201.ec2.internal,391eb31341664dcf491907c990cc718966e64a09357ba026c0f9b9bb738e8c69,1,4.0,651.0
1,hpa-poisson-505-4072eb68,000156,105.446858,2026-08-31T20:05:20.420+00:00,2026-08-31T20:05:16.611+00:00,2026-08-31T20:05:16.614+00:00,2026-08-31T20:05:16.614+00:00,2026-08-31T20:05:16.833+00:00,2026-08-31T20:05:16.833+00:00,0.099379,0.21870779399978346,sqs-worker-5986dcd897-bqxpv,ip-192-168-20-201.ec2.internal,ae9d43e6e38001df0db20463784e6e84eb6c903d944e3e1a700751a8a0b896fd,1,3.0,222.0
1,hpa-poisson-505-4072eb68,000158,106.631521,2026-08-31T20:05:21.606+00:00,2026-08-31T20:05:17.793+00:00,2026-08-31T20:05:17.797+00:00,2026-08-31T20:05:17.797+00:00,2026-08-31T20:05:18.390+00:00,2026-08-31T20:05:18.391+00:00,0.247797,0.5935238729998673,sqs-worker-5986dcd897-x8rdl,ip-192-168-20-201.ec2.internal,fb449507b9f63353db00f05224be2ae6f7690b67cf9a902fc96982572b326573,1,4.0,597.0
1,hpa-poisson-505-4072eb68,000159,107.065213,2026-08-31T20:05:22.038+00:00,2026-08-31T20:05:18.228+00:00,2026-08-31T20:05:18.232+00:00,2026-08-31T20:05:18.232+00:00,2026-08-31T20:05:18.768+00:00,2026-08-31T20:05:18.768+00:00,0.239251,0.5358537529991736,sqs-worker-5986dcd897-bqxpv,ip-192-168-20-201.ec2.internal,4b611c8ecf169e31cbbcd5f16c86aa2591072e4b8658b569db55b7c94a185b90,1,4.0,540.0
1,hpa-poisson-505-4072eb68,000160,107.858467,2026-08-31T20:05:22.832+00:00,2026-08-31T20:05:19.026+00:00,2026-08-31T20:05:19.031+00:00,2026-08-31T20:05:19.031+00:00,2026-08-31T20:05:19.055+00:00,2026-08-31T20:05:19.055+00:00,0.023778,0.02381881800101837,sqs-worker-5986dcd897-7pfxg,ip-192-168-20-201.ec2.internal,a1f65d1a2e8acf5bd3a5a15684b972c84fbb7c62b5b29ddfb326a5440a83d014,1,5.0,29.0
1,hpa-poisson-505-4072eb68,000161,108.100533,2026-08-31T20:05:23.074+00:00,2026-08-31T20:05:19.266+00:00,2026-08-31T20:05:19.273+00:00,2026-08-31T20:05:19.273+00:00,2026-08-31T20:05:19.666+00:00,2026-08-31T20:05:19.666+00:00,0.18871,0.39367196900093404,sqs-worker-5986dcd897-vfqj5,ip-192-168-20-201.ec2.internal,01412177523e433d7d3de694d1a2105c4f9ef637e1cc6d8054b441004e0bcea0,1,7.0,400.0
1,hpa-poisson-505-4072eb68,000162,108.281542,2026-08-31T20:05:23.255+00:00,2026-08-31T20:05:19.445+00:00,2026-08-31T20:05:19.449+00:00,2026-08-31T20:05:19.449+00:00,2026-08-31T20:05:20.182+00:00,2026-08-31T20:05:20.182+00:00,0.31392,0.7337755690004997,sqs-worker-5986dcd897-7pfxg,ip-192-168-20-201.ec2.internal,f94250a7159d278021ea9ed43445bb6b706b4ce7f9cd0b0c5cea86d034102e04,1,4.0,737.0
1,hpa-poisson-505-4072eb68,000163,109.006492,2026-08-31T20:05:23.980+00:00,2026-08-31T20:05:20.176+00:00,2026-08-31T20:05:20.227+00:00,2026-08-31T20:05:20.227+00:00,2026-08-31T20:05:20.544+00:00,2026-08-31T20:05:20.544+00:00,0.071964,0.3171779439999227,sqs-worker-5986dcd897-vfqj5,ip-192-168-20-201.ec2.internal,156d8efd368f2c21120c0f7f92928c60e1cd2b90fd3d9171288a5b68161891ce,1,51.0,368.0
1,hpa-poisson-505-4072eb68,000165,110.235788,2026-08-31T20:05:25.209+00:00,2026-08-31T20:05:21.397+00:00,2026-08-31T20:05:21.402+00:00,2026-08-31T20:05:21.402+00:00,2026-08-31T20:05:21.793+00:00,2026-08-31T20:05:21.793+00:00,0.171197,0.39074646399967605,sqs-worker-5986dcd897-x8rdl,ip-192-168-20-201.ec2.internal,f231751e6f8ce824d40a1889583f26714c232a8021f36875d1a4b9c34971a340,1,5.0,396.0
1,hpa-poisson-505-4072eb68,000167,110.669231,2026-08-31T20:05:25.641+00:00,2026-08-31T20:05:21.830+00:00,2026-08-31T20:05:21.836+00:00,2026-08-31T20:05:21.836+00:00,2026-08-31T20:05:21.927+00:00,2026-08-31T20:05:21.927+00:00,0.0597,0.09102939100012009,sqs-worker-5986dcd897-x8rdl,ip-192-168-20-201.ec2.internal,d0699397415f6bff6787e5e58cf7272860a4b78d24ea4adc822d44ddb29a58e3,1,6.0,97.0
1,hpa-poisson-505-4072eb68,000164,109.04641,2026-08-31T20:05:24.019+00:00,2026-08-31T20:05:20.208+00:00,2026-08-31T20:05:20.217+00:00,2026-08-31T20:05:20.217+00:00,2026-08-31T20:05:22.320+00:00,2026-08-31T20:05:22.320+00:00,0.38413,2.103120701998705,sqs-worker-5986dcd897-bqxpv,ip-192-168-20-201.ec2.internal,ac9a5a0ea1276c438e76dd26f2f1357ce0284194a5d3aeacde2fff2f74a2867c,1,9.0,2112.0
1,hpa-poisson-505-4072eb68,000166,110.423549,2026-08-31T20:05:25.395+00:00,2026-08-31T20:05:21.584+00:00,2026-08-31T20:05:21.593+00:00,2026-08-31T20:05:21.593+00:00,2026-08-31T20:05:22.766+00:00,2026-08-31T20:05:22.766+00:00,0.504082,1.1733847169998626,sqs-worker-5986dcd897-vfqj5,ip-192-168-20-201.ec2.internal,f1f82203c58016065c0c69bd692948b9cd2362f30edb3f12149f75dd7dab4a5b,1,9.0,1182.0
1,hpa-poisson-505-4072eb68,000168,113.325793,2026-08-31T20:05:28.300+00:00,2026-08-31T20:05:24.492+00:00,2026-08-31T20:05:24.495+00:00,2026-08-31T20:05:24.495+00:00,2026-08-31T20:05:25.828+00:00,2026-08-31T20:05:25.828+00:00,0.552028,1.3326771859992732,sqs-worker-5986dcd897-bqxpv,ip-192-168-20-201.ec2.internal,f09d5d72e2475bb2f7dad209c5fd4d759507d2a102df0bf83ee8d9723723ab94,1,3.0,1336.0
1,hpa-poisson-505-4072eb68,000170,115.574257,2026-08-31T20:05:30.547+00:00,2026-08-31T20:05:26.736+00:00,2026-08-31T20:05:26.741+00:00,2026-08-31T20:05:26.741+00:00,2026-08-31T20:05:26.999+00:00,2026-08-31T20:05:26.999+00:00,0.138239,0.2575732479999715,sqs-worker-5986dcd897-7pfxg,ip-192-168-20-201.ec2.internal,15de5d269b213dc3ed5c0d2affa75f9d7d71dad557f72e23089b60128fafb75f,1,5.0,263.0
1,hpa-poisson-505-4072eb68,000169,114.383425,2026-08-31T20:05:29.356+00:00,2026-08-31T20:05:25.545+00:00,2026-08-31T20:05:25.549+00:00,2026-08-31T20:05:25.549+00:00,2026-08-31T20:05:27.067+00:00,2026-08-31T20:05:27.067+00:00,0.629337,1.5178145680001762,sqs-worker-5986dcd897-vfqj5,ip-192-168-20-201.ec2.internal,4f6eb633ea844b82afff759b121cd1940b61bab50b22bba718f516e9e696a3b0,1,4.0,1522.0
1,hpa-poisson-505-4072eb68,000172,116.359671,2026-08-31T20:05:31.332+00:00,2026-08-31T20:05:27.524+00:00,2026-08-31T20:05:27.527+00:00,2026-08-31T20:05:27.527+00:00,2026-08-31T20:05:27.663+00:00,2026-08-31T20:05:27.663+00:00,0.079449,0.1358864869998797,sqs-worker-5986dcd897-vfqj5,ip-192-168-20-201.ec2.internal,69dc7bd809afbc6248a50bad30d357a34bf4590c066a7ee520b01007d1d0fb6a,1,3.0,139.0
1,hpa-poisson-505-4072eb68,000171,116.002264,2026-08-31T20:05:30.974+00:00,2026-08-31T20:05:27.168+00:00,2026-08-31T20:05:27.172+00:00,2026-08-31T20:05:27.172+00:00,2026-08-31T20:05:27.412+00:00,2026-08-31T20:05:27.412+00:00,0.122997,0.24063103099979344,sqs-worker-5986dcd897-7pfxg,ip-192-168-20-201.ec2.internal,693ffe7784b93394f24a78f6419a47d24dc5ef018252df8b9b377c19c4069bba,1,4.0,244.0
1,hpa-poisson-505-4072eb68,000173,117.240306,2026-08-31T20:05:32.213+00:00,2026-08-31T20:05:28.401+00:00,2026-08-31T20:05:28.405+00:00,2026-08-31T20:05:28.405+00:00,2026-08-31T20:05:28.886+00:00,2026-08-31T20:05:28.886+00:00,0.210808,0.48067314400032046,sqs-worker-5986dcd897-7pfxg,ip-192-168-20-201.ec2.internal,cb80dddb0cd46f8734243e716c2ab8eb7c2548814b7bdd34d93389e9035733ce,1,4.0,485.0
1,hpa-poisson-505-4072eb68,000174,117.426631,2026-08-31T20:05:32.399+00:00,2026-08-31T20:05:28.598+00:00,2026-08-31T20:05:28.601+00:00,2026-08-31T20:05:28.601+00:00,2026-08-31T20:05:29.729+00:00,2026-08-31T20:05:29.729+00:00,0.467893,1.1279337289997784,sqs-worker-5986dcd897-vfqj5,ip-192-168-20-201.ec2.internal,e55648c9c7dc132bbdab6bbba2976816f3bf9bb949d16fc910c9a322d00c2c82,1,3.0,1131.0
1,hpa-poisson-505-4072eb68,000175,117.655603,2026-08-31T20:05:32.627+00:00,2026-08-31T20:05:29.312+00:00,2026-08-31T20:05:29.315+00:00,2026-08-31T20:05:29.315+00:00,2026-08-31T20:05:30.120+00:00,2026-08-31T20:05:30.120+00:00,0.297625,0.8041514489996189,sqs-worker-5986dcd897-bqxpv,ip-192-168-20-201.ec2.internal,c0e52b8bfdea9f07c319301194d022e7e296e110c278e8c14114da31adadcb98,1,3.0,808.0
1,hpa-poisson-505-4072eb68,000176,120.45624,2026-08-31T20:05:35.431+00:00,2026-08-31T20:05:31.631+00:00,2026-08-31T20:05:31.636+00:00,2026-08-31T20:05:31.636+00:00,2026-08-31T20:05:32.108+00:00,2026-08-31T20:05:32.108+00:00,0.233966,0.47224672099946474,sqs-worker-5986dcd897-7pfxg,ip-192-168-20-201.ec2.internal,3a26594fbefb2b2880c780e2e10e28dc7afdbe8c95d2859f5c507e2d74b76848,1,5.0,477.0
1,hpa-poisson-505-4072eb68,000177,122.443456,2026-08-31T20:05:37.417+00:00,2026-08-31T20:05:33.606+00:00,2026-08-31T20:05:33.615+00:00,2026-08-31T20:05:33.615+00:00,2026-08-31T20:05:34.238+00:00,2026-08-31T20:05:34.238+00:00,0.264928,0.6230623149986059,sqs-worker-5986dcd897-bqxpv,ip-192-168-20-201.ec2.internal,7b5143cb334594b45691c264ad11eb896c53f5b48e9555475184c386b6b48138,1,9.0,632.0
1,hpa-poisson-505-4072eb68,000178,123.993886,2026-08-31T20:05:38.967+00:00,2026-08-31T20:05:35.155+00:00,2026-08-31T20:05:35.159+00:00,2026-08-31T20:05:35.159+00:00,2026-08-31T20:05:35.353+00:00,2026-08-31T20:05:35.353+00:00,0.09512,0.19366772299872537,sqs-worker-5986dcd897-vfqj5,ip-192-168-20-201.ec2.internal,7c2e6ba740e629703bd03aa0eb15ed9d00fc04bc91f10e5daeef21c6dd6ed4e0,1,4.0,198.0
1,hpa-poisson-505-4072eb68,000179,124.697717,2026-08-31T20:05:39.670+00:00,2026-08-31T20:05:35.858+00:00,2026-08-31T20:05:35.862+00:00,2026-08-31T20:05:35.862+00:00,2026-08-31T20:05:36.487+00:00,2026-08-31T20:05:36.487+00:00,0.26016,0.625337903999025,sqs-worker-5986dcd897-x8rdl,ip-192-168-20-201.ec2.internal,cc4aab4a9703b40d9899c82ee7f866883c4527efadbde10d2958e07a44935b38,1,4.0,629.0
1,hpa-poisson-505-4072eb68,000180,125.788491,2026-08-31T20:05:40.761+00:00,2026-08-31T20:05:36.955+00:00,2026-08-31T20:05:36.961+00:00,2026-08-31T20:05:36.961+00:00,2026-08-31T20:05:37.076+00:00,2026-08-31T20:05:37.076+00:00,0.062191,0.11574974699942686,sqs-worker-5986dcd897-bqxpv,ip-192-168-20-201.ec2.internal,d3dbec68015137112675504346755b924be6e09310b7234ce0ac4fbea872d61c,1,6.0,121.0
1,hpa-poisson-505-4072eb68,000182,127.208185,2026-08-31T20:05:42.181+00:00,2026-08-31T20:05:38.372+00:00,2026-08-31T20:05:38.376+00:00,2026-08-31T20:05:38.376+00:00,2026-08-31T20:05:38.414+00:00,2026-08-31T20:05:38.414+00:00,0.037099,0.03729261199987377,sqs-worker-5986dcd897-x8rdl,ip-192-168-20-201.ec2.internal,70b5437955e5e3a94e93ec381ad4592e2d85c241ac4f1e2fa6b59aa76671b68c,1,4.0,42.0
1,hpa-poisson-505-4072eb68,000181,126.919181,2026-08-31T20:05:41.891+00:00,2026-08-31T20:05:38.084+00:00,2026-08-31T20:05:38.093+00:00,2026-08-31T20:05:38.093+00:00,2026-08-31T20:05:38.694+00:00,2026-08-31T20:05:38.694+00:00,0.259828,0.6013111299998855,sqs-worker-5986dcd897-7pfxg,ip-192-168-20-201.ec2.internal,f83c817b111f033cdf2e648da75b5549a7c5f4a32187478493fe148f56b1ce7f,1,9.0,610.0
1,hpa-poisson-505-4072eb68,000184,128.14266,2026-08-31T20:05:43.114+00:00,2026-08-31T20:05:39.306+00:00,2026-08-31T20:05:39.317+00:00,2026-08-31T20:05:39.317+00:00,2026-08-31T20:05:39.493+00:00,2026-08-31T20:05:39.493+00:00,0.089391,0.1763540230003855,sqs-worker-5986dcd897-x8rdl,ip-192-168-20-201.ec2.internal,318192b6520a39c0b591a8b04b75bee4963d4d9b908b0f64d2e9de76d5e7e681,1,11.0,187.0
1,hpa-poisson-505-4072eb68,000185,128.739051,2026-08-31T20:05:43.711+00:00,2026-08-31T20:05:39.902+00:00,2026-08-31T20:05:39.907+00:00,2026-08-31T20:05:39.907+00:00,2026-08-31T20:05:40.387+00:00,2026-08-31T20:05:40.387+00:00,0.100535,0.48057080400030827,sqs-worker-5986dcd897-x8rdl,ip-192-168-20-201.ec2.internal,959ba7b7ed381fbbfca4bb06bf34cfb34a88465966b1b86d5701eec26ca89cd7,1,5.0,485.0
1,hpa-poisson-505-4072eb68,000187,129.270212,2026-08-31T20:05:44.242+00:00,2026-08-31T20:05:40.431+00:00,2026-08-31T20:05:40.434+00:00,2026-08-31T20:05:40.434+00:00,2026-08-31T20:05:41.290+00:00,2026-08-31T20:05:41.290+00:00,0.176733,0.8555213440013176,sqs-worker-5986dcd897-x8rdl,ip-192-168-20-201.ec2.internal,f843400d2efe90a45de8292455a38ef017e7869cb4bdb6ea25fddc62829e7072,1,3.0,859.0
1,hpa-poisson-505-4072eb68,000186,129.170588,2026-08-31T20:05:44.143+00:00,2026-08-31T20:05:40.333+00:00,2026-08-31T20:05:40.387+00:00,2026-08-31T20:05:40.387+00:00,2026-08-31T20:05:41.333+00:00,2026-08-31T20:05:41.333+00:00,0.203228,0.946255556998949,sqs-worker-5986dcd897-bqxpv,ip-192-168-20-201.ec2.internal,557a4021afb42c644e736369e1dc1c771f647c14264e4a949934fcfc598d1adf,1,54.0,1000.0
1,hpa-poisson-505-4072eb68,000188,130.068954,2026-08-31T20:05:45.041+00:00,2026-08-31T20:05:41.228+00:00,2026-08-31T20:05:41.233+00:00,2026-08-31T20:05:41.233+00:00,2026-08-31T20:05:41.807+00:00,2026-08-31T20:05:41.807+00:00,0.264413,0.5732620649996534,sqs-worker-5986dcd897-7pfxg,ip-192-168-20-201.ec2.internal,f6681a2c8bce554c6cca4dde3d5a790cc578d667ef0b6ab93ce24954789c529f,1,5.0,579.0
1,hpa-poisson-505-4072eb68,000183,127.976914,2026-08-31T20:05:42.949+00:00,2026-08-31T20:05:39.139+00:00,2026-08-31T20:05:39.143+00:00,2026-08-31T20:05:39.143+00:00,2026-08-31T20:05:41.752+00:00,2026-08-31T20:05:41.752+00:00,0.728026,2.6089726720001636,sqs-worker-5986dcd897-vfqj5,ip-192-168-20-201.ec2.internal,70b65db2be58291ff8d49ec09712a94497411e70faf74a540969b44cadfe8327,1,4.0,2613.0
1,hpa-poisson-505-4072eb68,000190,131.230392,2026-08-31T20:05:46.202+00:00,2026-08-31T20:05:42.392+00:00,2026-08-31T20:05:42.397+00:00,2026-08-31T20:05:42.397+00:00,2026-08-31T20:05:42.471+00:00,2026-08-31T20:05:42.471+00:00,0.052422,0.07396573999903922,sqs-worker-5986dcd897-bqxpv,ip-192-168-20-201.ec2.internal,09fe875c89fc618ec3d9f8f2f374c5b80fbcfee5a21cef92cceeb526ac7edcb8,1,5.0,79.0
1,hpa-poisson-505-4072eb68,000189,131.111661,2026-08-31T20:05:46.084+00:00,2026-08-31T20:05:42.271+00:00,2026-08-31T20:05:42.275+00:00,2026-08-31T20:05:42.275+00:00,2026-08-31T20:05:42.889+00:00,2026-08-31T20:05:42.889+00:00,0.254078,0.6134943359993486,sqs-worker-5986dcd897-x8rdl,ip-192-168-20-201.ec2.internal,1615cfd6e72cad10a2a0cc140a2485b2dc7814b57d797c46947d36d8f01492ac,1,4.0,618.0
1,hpa-poisson-505-4072eb68,000192,132.087257,2026-08-31T20:05:47.060+00:00,2026-08-31T20:05:43.250+00:00,2026-08-31T20:05:43.255+00:00,2026-08-31T20:05:43.255+00:00,2026-08-31T20:05:43.260+00:00,2026-08-31T20:05:43.260+00:00,0.005,0.005066393001470715,sqs-worker-5986dcd897-x8rdl,ip-192-168-20-201.ec2.internal,1519e37e3426440a2f573c88e2610ba820e4cb21543e0a2371f455fd7b924006,1,5.0,10.0
1,hpa-poisson-505-4072eb68,000193,132.255366,2026-08-31T20:05:47.227+00:00,2026-08-31T20:05:43.423+00:00,2026-08-31T20:05:43.427+00:00,2026-08-31T20:05:43.427+00:00,2026-08-31T20:05:43.492+00:00,2026-08-31T20:05:43.492+00:00,0.04929,0.06564446299853444,sqs-worker-5986dcd897-x8rdl,ip-192-168-20-201.ec2.internal,8028644f957412e99f18807bbc84a8185d9ec2710f68bf8b984a80cc3e1a558e,1,4.0,69.0
1,hpa-poisson-505-4072eb68,000191,131.45556,2026-08-31T20:05:46.427+00:00,2026-08-31T20:05:42.624+00:00,2026-08-31T20:05:42.628+00:00,2026-08-31T20:05:42.628+00:00,2026-08-31T20:05:43.841+00:00,2026-08-31T20:05:43.841+00:00,0.497538,1.2132225790010125,sqs-worker-5986dcd897-vfqj5,ip-192-168-20-201.ec2.internal,04112e02e842ea447aa6a55fd9ab4ea510671830f08debddbd239546ea9e9e17,1,4.0,1217.0
1,hpa-poisson-505-4072eb68,000194,133.556921,2026-08-31T20:05:48.529+00:00,2026-08-31T20:05:44.725+00:00,2026-08-31T20:05:44.729+00:00,2026-08-31T20:05:44.729+00:00,2026-08-31T20:05:44.822+00:00,2026-08-31T20:05:44.822+00:00,0.079011,0.09250742500080378,sqs-worker-5986dcd897-x8rdl,ip-192-168-20-201.ec2.internal,05c33831420ecd8ecfe42dbaed877c27b431d669a1217586c96af3dd65719e01,1,4.0,97.0
1,hpa-poisson-505-4072eb68,000195,133.970338,2026-08-31T20:05:48.942+00:00,2026-08-31T20:05:45.132+00:00,2026-08-31T20:05:45.140+00:00,2026-08-31T20:05:45.140+00:00,2026-08-31T20:05:45.186+00:00,2026-08-31T20:05:45.186+00:00,0.01195,0.04578817100082233,sqs-worker-5986dcd897-7pfxg,ip-192-168-20-201.ec2.internal,a33ffbc4ad138b4e808b68cade79e182e56ae127495a9aa569b086e58f30ece4,1,8.0,54.0
1,hpa-poisson-505-4072eb68,000196,134.843275,2026-08-31T20:05:49.816+00:00,2026-08-31T20:05:46.012+00:00,2026-08-31T20:05:46.018+00:00,2026-08-31T20:05:46.018+00:00,2026-08-31T20:05:46.214+00:00,2026-08-31T20:05:46.214+00:00,0.080867,0.19545968300008099,sqs-worker-5986dcd897-bqxpv,ip-192-168-20-201.ec2.internal,5e69dc781053d8fd34da6a425f8515d730451ab598719e85fd5e1ad0c59d79f6,1,6.0,202.0
1,hpa-poisson-505-4072eb68,000197,135.466857,2026-08-31T20:05:50.439+00:00,2026-08-31T20:05:46.634+00:00,2026-08-31T20:05:46.639+00:00,2026-08-31T20:05:46.639+00:00,2026-08-31T20:05:46.714+00:00,2026-08-31T20:05:46.714+00:00,0.07513,0.07524266500149679,sqs-worker-5986dcd897-7pfxg,ip-192-168-20-201.ec2.internal,bbef930eae825bcb6ec7d1efcbdf26f2c1bed810d2363483d54640215fdfe9a5,1,5.0,80.0
1,hpa-poisson-505-4072eb68,000198,135.870343,2026-08-31T20:05:50.842+00:00,2026-08-31T20:05:47.038+00:00,2026-08-31T20:05:47.042+00:00,2026-08-31T20:05:47.042+00:00,2026-08-31T20:05:47.180+00:00,2026-08-31T20:05:47.180+00:00,0.080493,0.13826710499961337,sqs-worker-5986dcd897-7pfxg,ip-192-168-20-201.ec2.internal,219d890874cd71c8baf49425d92f9781ad63f4a482701eec26b55e197f4114b3,1,4.0,142.0
1,hpa-poisson-505-4072eb68,000199,136.117233,2026-08-31T20:05:51.089+00:00,2026-08-31T20:05:47.281+00:00,2026-08-31T20:05:47.285+00:00,2026-08-31T20:05:47.285+00:00,2026-08-31T20:05:47.568+00:00,2026-08-31T20:05:47.568+00:00,0.123897,0.28304519599987543,sqs-worker-5986dcd897-bqxpv,ip-192-168-20-201.ec2.internal,7d1052245f65f032c2a87f3fc6ce3cd72bb89d061b729ecc1347aae9ac8475ef,1,4.0,287.0
1,hpa-poisson-505-4072eb68,000200,136.403227,2026-08-31T20:05:51.375+00:00,2026-08-31T20:05:47.569+00:00,2026-08-31T20:05:47.573+00:00,2026-08-31T20:05:47.573+00:00,2026-08-31T20:05:47.793+00:00,2026-08-31T20:05:47.793+00:00,0.103467,0.2197528449996753,sqs-worker-5986dcd897-x8rdl,ip-192-168-20-201.ec2.internal,7d792db3e27bf267fecd07b2b4f641757f2e5ce1ce828d4cfe57c51f6dba4721,1,4.0,224.0
1,hpa-poisson-505-4072eb68,000201,137.860549,2026-08-31T20:05:52.833+00:00,2026-08-31T20:05:49.028+00:00,2026-08-31T20:05:49.032+00:00,2026-08-31T20:05:49.032+00:00,2026-08-31T20:05:49.037+00:00,2026-08-31T20:05:49.037+00:00,0.005,0.005038811999838799,sqs-worker-5986dcd897-bqxpv,ip-192-168-20-201.ec2.internal,a32186cde8f2908c59c9f9ceae78d3b1f6fb6e8384a959172fda01af1b888550,1,4.0,9.0
1,hpa-poisson-505-4072eb68,000205,139.543835,2026-08-31T20:05:54.516+00:00,2026-08-31T20:05:50.706+00:00,2026-08-31T20:05:50.710+00:00,2026-08-31T20:05:50.710+00:00,2026-08-31T20:05:50.808+00:00,2026-08-31T20:05:50.808+00:00,0.050664,0.09774535299948184,sqs-worker-5986dcd897-7pfxg,ip-192-168-20-201.ec2.internal,ed1901b7ae489657a0adc04d9472af066a960a380d722d312aedbe02842452ca,1,4.0,102.0
1,hpa-poisson-505-4072eb68,000202,138.815788,2026-08-31T20:05:53.788+00:00,2026-08-31T20:05:49.983+00:00,2026-08-31T20:05:49.988+00:00,2026-08-31T20:05:49.988+00:00,2026-08-31T20:05:50.884+00:00,2026-08-31T20:05:50.884+00:00,0.189843,0.8967458869992697,sqs-worker-5986dcd897-bqxpv,ip-192-168-20-201.ec2.internal,60731cba15940f13600a89062c69d3ba0c7ab91466b4d1fb7e22c6622a61e0e1,1,5.0,901.0
1,hpa-poisson-505-4072eb68,000204,139.487044,2026-08-31T20:05:54.459+00:00,2026-08-31T20:05:50.645+00:00,2026-08-31T20:05:50.649+00:00,2026-08-31T20:05:50.649+00:00,2026-08-31T20:05:51.506+00:00,2026-08-31T20:05:51.506+00:00,0.233412,0.856948642000134,sqs-worker-5986dcd897-x8rdl,ip-192-168-20-201.ec2.internal,00e4b7a8fb7b08588ec95243ff40df672d335e30b0fc3ad38a4245cadda0f251,1,4.0,861.0
1,hpa-poisson-505-4072eb68,000207,140.504836,2026-08-31T20:05:55.476+00:00,2026-08-31T20:05:51.666+00:00,2026-08-31T20:05:51.670+00:00,2026-08-31T20:05:51.670+00:00,2026-08-31T20:05:51.675+00:00,2026-08-31T20:05:51.675+00:00,0.005,0.005067865999080823,sqs-worker-5986dcd897-bqxpv,ip-192-168-20-201.ec2.internal,eafc2aa4a1c67150951760a2ff3e0ebf58c1e7f90d3e52508f821306cc38bde1,1,4.0,9.0
1,hpa-poisson-505-4072eb68,000203,138.887169,2026-08-31T20:05:53.859+00:00,2026-08-31T20:05:50.049+00:00,2026-08-31T20:05:50.053+00:00,2026-08-31T20:05:50.053+00:00,2026-08-31T20:05:51.843+00:00,2026-08-31T20:05:51.843+00:00,0.341657,1.7902198100000533,sqs-worker-5986dcd897-vfqj5,ip-192-168-20-201.ec2.internal,687d1923b264ef554cff0178c5be041be074c4c1fa007459582ab90c90b120d5,1,4.0,1794.0
1,hpa-poisson-505-4072eb68,000206,139.930477,2026-08-31T20:05:54.901+00:00,2026-08-31T20:05:51.093+00:00,2026-08-31T20:05:51.098+00:00,2026-08-31T20:05:51.098+00:00,2026-08-31T20:05:51.904+00:00,2026-08-31T20:05:51.904+00:00,0.34983,0.8060156170013215,sqs-worker-5986dcd897-7pfxg,ip-192-168-20-201.ec2.internal,f5aeff0d22f9e4ca2fae0578fdd05494d360c2b3bfe755eb02ee54b2efdb99c0,1,5.0,811.0
1,hpa-poisson-505-4072eb68,000210,141.421256,2026-08-31T20:05:56.392+00:00,2026-08-31T20:05:52.581+00:00,2026-08-31T20:05:52.587+00:00,2026-08-31T20:05:52.587+00:00,2026-08-31T20:05:52.592+00:00,2026-08-31T20:05:52.592+00:00,0.005,0.005049979999967036,sqs-worker-5986dcd897-vfqj5,ip-192-168-20-201.ec2.internal,11673884c10fb5f8e822a5991374892d768ec13f41c411de1dd51f818ba84830,1,6.0,11.0
1,hpa-poisson-505-4072eb68,000208,140.987716,2026-08-31T20:05:55.958+00:00,2026-08-31T20:05:52.149+00:00,2026-08-31T20:05:52.156+00:00,2026-08-31T20:05:52.156+00:00,2026-08-31T20:05:52.989+00:00,2026-08-31T20:05:52.989+00:00,0.345098,0.83357825100029,sqs-worker-5986dcd897-x8rdl,ip-192-168-20-201.ec2.internal,16d07c44e93f9d8d32d83ce83eff4f2d7602a602a8990136afe38629503a41d2,1,7.0,840.0
1,hpa-poisson-505-4072eb68,000209,141.128351,2026-08-31T20:05:56.099+00:00,2026-08-31T20:05:52.288+00:00,2026-08-31T20:05:52.291+00:00,2026-08-31T20:05:52.291+00:00,2026-08-31T20:05:53.035+00:00,2026-08-31T20:05:53.035+00:00,0.328002,0.7442633689988725,sqs-worker-5986dcd897-bqxpv,ip-192-168-20-201.ec2.internal,cf92c89a4a2a686b1c30c8356ecbd1553acd29fbe824b70f8880c0233daa0496,1,3.0,747.0
1,hpa-poisson-505-4072eb68,000211,141.742393,2026-08-31T20:05:56.713+00:00,2026-08-31T20:05:52.901+00:00,2026-08-31T20:05:52.905+00:00,2026-08-31T20:05:52.905+00:00,2026-08-31T20:05:53.029+00:00,2026-08-31T20:05:53.029+00:00,0.061917,0.12384754000049725,sqs-worker-5986dcd897-vfqj5,ip-192-168-20-201.ec2.internal,aceaf3b1fffcbaa13d21bea789b2607fbed1e201426a3b1ba761e634abdda258,1,4.0,128.0
1,hpa-poisson-505-4072eb68,000212,141.945265,2026-08-31T20:05:56.916+00:00,2026-08-31T20:05:53.105+00:00,2026-08-31T20:05:53.108+00:00,2026-08-31T20:05:53.108+00:00,2026-08-31T20:05:53.312+00:00,2026-08-31T20:05:53.312+00:00,0.117835,0.20373890500013658,sqs-worker-5986dcd897-7pfxg,ip-192-168-20-201.ec2.internal,ba4cfa46ff1f4e6140b73b2877196969e5b8864dc4a6a67d442a21ecba01e586,1,3.0,207.0
1,hpa-poisson-505-4072eb68,000213,143.217578,2026-08-31T20:05:58.189+00:00,2026-08-31T20:05:54.377+00:00,2026-08-31T20:05:54.382+00:00,2026-08-31T20:05:54.382+00:00,2026-08-31T20:05:55.150+00:00,2026-08-31T20:05:55.150+00:00,0.331028,0.7675283780008613,sqs-worker-5986dcd897-vfqj5,ip-192-168-20-201.ec2.internal,b41a9296277b8b5b0c94ac595916e783420efa953151a4c3b3607b28dbd9644b,1,5.0,773.0
1,hpa-poisson-505-4072eb68,000214,144.115882,2026-08-31T20:05:59.087+00:00,2026-08-31T20:05:55.275+00:00,2026-08-31T20:05:55.280+00:00,2026-08-31T20:05:55.280+00:00,2026-08-31T20:05:55.516+00:00,2026-08-31T20:05:55.516+00:00,0.118116,0.23584786400169833,sqs-worker-5986dcd897-bqxpv,ip-192-168-20-201.ec2.internal,bba082818a7191c8f9b5ec174b99353805316effd2b28db3ccae18bcf1901ea6,1,5.0,241.0
1,hpa-poisson-505-4072eb68,000215,144.605788,2026-08-31T20:05:59.577+00:00,2026-08-31T20:05:55.770+00:00,2026-08-31T20:05:55.777+00:00,2026-08-31T20:05:55.777+00:00,2026-08-31T20:05:55.892+00:00,2026-08-31T20:05:55.892+00:00,0.037775,0.11547824300032516,sqs-worker-5986dcd897-7pfxg,ip-192-168-20-201.ec2.internal,714c7d65b89e5440204b7707ca4fce849d339bf160f828c4185da2a70fd1698a,1,7.0,122.0
1,hpa-poisson-505-4072eb68,000216,144.607986,2026-08-31T20:05:59.579+00:00,2026-08-31T20:05:55.774+00:00,2026-08-31T20:05:55.778+00:00,2026-08-31T20:05:55.778+00:00,2026-08-31T20:05:56.415+00:00,2026-08-31T20:05:56.415+00:00,0.266825,0.6368669590010541,sqs-worker-5986dcd897-bqxpv,ip-192-168-20-201.ec2.internal,60f521ece18268557207da2f14c696f2f6553004cd2b7b107defea364484f0a9,1,4.0,641.0
1,hpa-poisson-505-4072eb68,000218,148.215276,2026-08-31T20:06:03.186+00:00,2026-08-31T20:05:59.373+00:00,2026-08-31T20:05:59.377+00:00,2026-08-31T20:05:59.377+00:00,2026-08-31T20:05:59.382+00:00,2026-08-31T20:05:59.382+00:00,0.005,0.005039636000219616,sqs-worker-5986dcd897-bqxpv,ip-192-168-20-201.ec2.internal,8306391eab3d54d57abeffb8b56181ac50eb96eff01f5c0b89883dbc7e4a8908,1,4.0,9.0
1,hpa-poisson-505-4072eb68,000219,148.506325,2026-08-31T20:06:03.477+00:00,2026-08-31T20:05:59.664+00:00,2026-08-31T20:05:59.667+00:00,2026-08-31T20:05:59.667+00:00,2026-08-31T20:06:00.239+00:00,2026-08-31T20:06:00.239+00:00,0.21748,0.5717966990014247,sqs-worker-5986dcd897-vfqj5,ip-192-168-20-201.ec2.internal,fd82c2590f1a6b3869a91c4db3d26c1911db9d217b707b0087b70828e6413b62,1,3.0,575.0
1,hpa-poisson-505-4072eb68,000217,148.108839,2026-08-31T20:06:03.083+00:00,2026-08-31T20:05:59.806+00:00,2026-08-31T20:05:59.812+00:00,2026-08-31T20:05:59.813+00:00,2026-08-31T20:06:00.493+00:00,2026-08-31T20:06:00.493+00:00,0.109331,0.6807782169998973,sqs-worker-5986dcd897-x8rdl,ip-192-168-20-201.ec2.internal,75a3723b23291717400b4634c7e1544b60b98cad59f6396c90b3ea860591d6cd,1,6.0,687.0
1,hpa-poisson-505-4072eb68,000220,149.187416,2026-08-31T20:06:04.159+00:00,2026-08-31T20:06:00.361+00:00,2026-08-31T20:06:00.365+00:00,2026-08-31T20:06:00.365+00:00,2026-08-31T20:06:00.524+00:00,2026-08-31T20:06:00.524+00:00,0.085334,0.15926935900097305,sqs-worker-5986dcd897-7pfxg,ip-192-168-20-201.ec2.internal,222145ac7fd109630d7ced187dc35af16db58b14cd4ede2d7dc0124364f17670,1,4.0,163.0
1,hpa-poisson-505-4072eb68,000223,150.122687,2026-08-31T20:06:05.093+00:00,2026-08-31T20:06:01.282+00:00,2026-08-31T20:06:01.285+00:00,2026-08-31T20:06:01.285+00:00,2026-08-31T20:06:01.342+00:00,2026-08-31T20:06:01.342+00:00,0.034069,0.056458286999259144,sqs-worker-5986dcd897-bqxpv,ip-192-168-20-201.ec2.internal,9fe066975328d89a34d7c76c974d345648d0ce79ef1e5e5542165b37f9887e10,1,3.0,60.0
1,hpa-poisson-505-4072eb68,000222,150.04274,2026-08-31T20:06:05.013+00:00,2026-08-31T20:06:01.206+00:00,2026-08-31T20:06:01.210+00:00,2026-08-31T20:06:01.210+00:00,2026-08-31T20:06:01.304+00:00,2026-08-31T20:06:01.304+00:00,0.023895,0.0934481459989911,sqs-worker-5986dcd897-x8rdl,ip-192-168-20-201.ec2.internal,a372d7272c751706397ae8f4fda5c693fbaec3996095f57b492956cf7a5c9727,1,4.0,98.0
1,hpa-poisson-505-4072eb68,000224,150.412527,2026-08-31T20:06:05.383+00:00,2026-08-31T20:06:01.572+00:00,2026-08-31T20:06:01.575+00:00,2026-08-31T20:06:01.575+00:00,2026-08-31T20:06:01.600+00:00,2026-08-31T20:06:01.600+00:00,0.024605,0.02465982399917266,sqs-worker-5986dcd897-bqxpv,ip-192-168-20-201.ec2.internal,2f48a615de65627dd4566f79caf361efad24b3aad30f5b0e05b78f238931bbaf,1,3.0,28.0
1,hpa-poisson-505-4072eb68,000221,149.894537,2026-08-31T20:06:04.866+00:00,2026-08-31T20:06:01.056+00:00,2026-08-31T20:06:01.060+00:00,2026-08-31T20:06:01.060+00:00,2026-08-31T20:06:02.042+00:00,2026-08-31T20:06:02.042+00:00,0.202764,0.9823951960006525,sqs-worker-5986dcd897-vfqj5,ip-192-168-20-201.ec2.internal,87f05d7db5e0fd0d8b85002878d807f1111ecfd880077ceeb265ee351a9c0fe3,1,4.0,986.0
1,hpa-poisson-505-4072eb68,000226,152.422806,2026-08-31T20:06:07.393+00:00,2026-08-31T20:06:03.584+00:00,2026-08-31T20:06:03.587+00:00,2026-08-31T20:06:03.588+00:00,2026-08-31T20:06:03.656+00:00,2026-08-31T20:06:03.656+00:00,0.061515,0.06858896699850447,sqs-worker-5986dcd897-vfqj5,ip-192-168-20-201.ec2.internal,89ad96d8c84d12988bad24fe7cffe59e8b16317d090f311eee6f4f0b678c1a11,1,3.0,72.0
1,hpa-poisson-505-4072eb68,000225,152.383077,2026-08-31T20:06:07.356+00:00,2026-08-31T20:06:03.544+00:00,2026-08-31T20:06:03.548+00:00,2026-08-31T20:06:03.548+00:00,2026-08-31T20:06:04.113+00:00,2026-08-31T20:06:04.113+00:00,0.263648,0.5657205010011239,sqs-worker-5986dcd897-x8rdl,ip-192-168-20-201.ec2.internal,82bcd3ca61d32c51bd16cf5683ade82fe259e5846e8c4f2785534193f09cecf9,1,4.0,569.0
1,hpa-poisson-505-4072eb68,000227,152.811401,2026-08-31T20:06:07.782+00:00,2026-08-31T20:06:03.972+00:00,2026-08-31T20:06:03.977+00:00,2026-08-31T20:06:03.977+00:00,2026-08-31T20:06:04.907+00:00,2026-08-31T20:06:04.907+00:00,0.380448,0.9305813529990701,sqs-worker-5986dcd897-7pfxg,ip-192-168-20-201.ec2.internal,4464269d9420d30da1cbb484f7a0d1eb977eb808777ca7904a36f90f5da5ba3e,1,5.0,935.0
1,hpa-poisson-505-4072eb68,000228,153.619226,2026-08-31T20:06:08.591+00:00,2026-08-31T20:06:04.783+00:00,2026-08-31T20:06:04.787+00:00,2026-08-31T20:06:04.787+00:00,2026-08-31T20:06:04.978+00:00,2026-08-31T20:06:04.978+00:00,0.091015,0.19136780000008002,sqs-worker-5986dcd897-bqxpv,ip-192-168-20-201.ec2.internal,84ccfba7ac2093889b45503c125d1d5232a1255a8af4279fedd99b866bda479c,1,4.0,195.0
1,hpa-poisson-505-4072eb68,000229,154.011894,2026-08-31T20:06:08.983+00:00,2026-08-31T20:06:05.173+00:00,2026-08-31T20:06:05.176+00:00,2026-08-31T20:06:05.176+00:00,2026-08-31T20:06:05.197+00:00,2026-08-31T20:06:05.197+00:00,0.019869,0.020561855999403633,sqs-worker-5986dcd897-vfqj5,ip-192-168-20-201.ec2.internal,9bb3e2e8977cb3a4cb8f8de3ec47f5b3e68b8edce031bb9b2f4e348d4fda2a4b,1,3.0,24.0
1,hpa-poisson-505-4072eb68,000230,154.227344,2026-08-31T20:06:09.198+00:00,2026-08-31T20:06:05.389+00:00,2026-08-31T20:06:05.393+00:00,2026-08-31T20:06:05.393+00:00,2026-08-31T20:06:06.100+00:00,2026-08-31T20:06:06.100+00:00,0.296722,0.707105176999903,sqs-worker-5986dcd897-x8rdl,ip-192-168-20-201.ec2.internal,059b0ed6f24a03a82fb652ec7d4411c4501fce4f33b1f27e75090eb4f61571ec,1,4.0,711.0
1,hpa-poisson-505-4072eb68,000231,154.856124,2026-08-31T20:06:09.827+00:00,2026-08-31T20:06:06.019+00:00,2026-08-31T20:06:06.023+00:00,2026-08-31T20:06:06.023+00:00,2026-08-31T20:06:06.215+00:00,2026-08-31T20:06:06.215+00:00,0.081127,0.19138786300027277,sqs-worker-5986dcd897-bqxpv,ip-192-168-20-201.ec2.internal,48ba04ee7f7812943c7f48c5fdd8596f8cea65029f103e6e72659fb5ad07f323,1,4.0,196.0
1,hpa-poisson-505-4072eb68,000232,155.361539,2026-08-31T20:06:10.333+00:00,2026-08-31T20:06:06.525+00:00,2026-08-31T20:06:06.529+00:00,2026-08-31T20:06:06.529+00:00,2026-08-31T20:06:06.778+00:00,2026-08-31T20:06:06.778+00:00,0.123878,0.24935270400055742,sqs-worker-5986dcd897-7pfxg,ip-192-168-20-201.ec2.internal,8dfb69d8f151f7eb4c07912b73ab6bbe8fb79715baa08b2906c07024332333fe,1,4.0,253.0
1,hpa-poisson-505-4072eb68,000233,156.233813,2026-08-31T20:06:11.205+00:00,2026-08-31T20:06:07.394+00:00,2026-08-31T20:06:07.425+00:00,2026-08-31T20:06:07.425+00:00,2026-08-31T20:06:07.504+00:00,2026-08-31T20:06:07.504+00:00,0.069397,0.07902267200006463,sqs-worker-5986dcd897-7pfxg,ip-192-168-20-201.ec2.internal,ab66275d042103e96939226f5c167c7dbacefa9fa8c42ce6e32d82910c0221ee,1,31.0,110.0
1,hpa-poisson-505-4072eb68,000234,156.883728,2026-08-31T20:06:11.855+00:00,2026-08-31T20:06:08.041+00:00,2026-08-31T20:06:08.046+00:00,2026-08-31T20:06:08.046+00:00,2026-08-31T20:06:08.054+00:00,2026-08-31T20:06:08.054+00:00,0.00827,0.008320137998452992,sqs-worker-5986dcd897-bqxpv,ip-192-168-20-201.ec2.internal,9f0e1eca520bef785f3d5636139e104f5355dcdeba1d0095abcc14ffbc605f3c,1,5.0,13.0
1,hpa-poisson-505-4072eb68,000235,157.574403,2026-08-31T20:06:12.546+00:00,2026-08-31T20:06:08.734+00:00,2026-08-31T20:06:08.738+00:00,2026-08-31T20:06:08.738+00:00,2026-08-31T20:06:08.772+00:00,2026-08-31T20:06:08.772+00:00,0.034414,0.034482076998756384,sqs-worker-5986dcd897-vfqj5,ip-192-168-20-201.ec2.internal,bf93516b9084539b24b25c30da1ec9672a1c954458d8bd246c46ff9cc6e71497,1,4.0,38.0
1,hpa-poisson-505-4072eb68,000236,158.426655,2026-08-31T20:06:13.398+00:00,2026-08-31T20:06:09.586+00:00,2026-08-31T20:06:09.592+00:00,2026-08-31T20:06:09.592+00:00,2026-08-31T20:06:09.880+00:00,2026-08-31T20:06:09.880+00:00,0.125583,0.28757817299992894,sqs-worker-5986dcd897-7pfxg,ip-192-168-20-201.ec2.internal,b438af7a823f3b678d533326b1e2b08a1c7053d680b294db16bdd658afc5b45a,1,6.0,294.0
1,hpa-poisson-505-4072eb68,000238,159.742764,2026-08-31T20:06:14.713+00:00,2026-08-31T20:06:10.901+00:00,2026-08-31T20:06:10.908+00:00,2026-08-31T20:06:10.908+00:00,2026-08-31T20:06:11.332+00:00,2026-08-31T20:06:11.332+00:00,0.200019,0.42414934800035553,sqs-worker-5986dcd897-7pfxg,ip-192-168-20-201.ec2.internal,c7ac8c5a65e40f71ab4f9cc7d1c42e22e3bf1859a59860e1319bf3810d642f63,1,7.0,431.0
1,hpa-poisson-505-4072eb68,000239,160.009916,2026-08-31T20:06:14.981+00:00,2026-08-31T20:06:11.172+00:00,2026-08-31T20:06:11.184+00:00,2026-08-31T20:06:11.184+00:00,2026-08-31T20:06:11.358+00:00,2026-08-31T20:06:11.358+00:00,0.083483,0.17437466500086884,sqs-worker-5986dcd897-vfqj5,ip-192-168-20-201.ec2.internal,edd215a93a8d49e46ac1e038edfbc27d418487dfd8e5705cf0cdd6158c17ac0d,1,12.0,186.0
1,hpa-poisson-505-4072eb68,000240,160.395688,2026-08-31T20:06:15.367+00:00,2026-08-31T20:06:11.558+00:00,2026-08-31T20:06:11.562+00:00,2026-08-31T20:06:11.562+00:00,2026-08-31T20:06:11.704+00:00,2026-08-31T20:06:11.704+00:00,0.076809,0.14139410400093766,sqs-worker-5986dcd897-7pfxg,ip-192-168-20-201.ec2.internal,62c7731b44c9a5cca15c7161f6d5e2101b14e89e46e2a2c02d3b811ffe558596,1,4.0,146.0
1,hpa-poisson-505-4072eb68,000241,160.773177,2026-08-31T20:06:15.744+00:00,2026-08-31T20:06:11.932+00:00,2026-08-31T20:06:11.937+00:00,2026-08-31T20:06:11.937+00:00,2026-08-31T20:06:12.209+00:00,2026-08-31T20:06:12.209+00:00,0.15446,0.2718880310003442,sqs-worker-5986dcd897-7pfxg,ip-192-168-20-201.ec2.internal,45da6b43291cf5867055e24f0b727653b08eacd1c5e0f726d069a35ae460b412,1,5.0,277.0
1,hpa-poisson-505-4072eb68,000237,159.559499,2026-08-31T20:06:14.531+00:00,2026-08-31T20:06:10.717+00:00,2026-08-31T20:06:10.727+00:00,2026-08-31T20:06:10.727+00:00,2026-08-31T20:06:12.085+00:00,2026-08-31T20:06:12.085+00:00,0.360456,1.3584081050012173,sqs-worker-5986dcd897-x8rdl,ip-192-168-20-201.ec2.internal,afe06b12f278fa4bfa75fbd612607484d2525a048cc396ccc4fd24ad7153af80,1,10.0,1368.0
1,hpa-poisson-505-4072eb68,000242,161.451809,2026-08-31T20:06:16.423+00:00,2026-08-31T20:06:12.611+00:00,2026-08-31T20:06:12.615+00:00,2026-08-31T20:06:12.615+00:00,2026-08-31T20:06:12.949+00:00,2026-08-31T20:06:12.949+00:00,0.155176,0.3340483159990981,sqs-worker-5986dcd897-vfqj5,ip-192-168-20-201.ec2.internal,ed6317d0582e4ebb9ec4b750b9146bd38f7bab81491aab6a930b82947ec5583c,1,4.0,338.0
1,hpa-poisson-505-4072eb68,000243,161.537659,2026-08-31T20:06:16.508+00:00,2026-08-31T20:06:12.701+00:00,2026-08-31T20:06:12.706+00:00,2026-08-31T20:06:12.706+00:00,2026-08-31T20:06:12.991+00:00,2026-08-31T20:06:12.991+00:00,0.136331,0.2853880369984836,sqs-worker-5986dcd897-7pfxg,ip-192-168-20-201.ec2.internal,5c05ce48ab6d6bec82e26c376f6bf550a8dc5e302d077da66ec3a1fce080200a,1,5.0,290.0
1,hpa-poisson-505-4072eb68,000244,162.575364,2026-08-31T20:06:17.547+00:00,2026-08-31T20:06:13.734+00:00,2026-08-31T20:06:13.739+00:00,2026-08-31T20:06:13.739+00:00,2026-08-31T20:06:13.776+00:00,2026-08-31T20:06:13.776+00:00,0.036574,0.036620061999201425,sqs-worker-5986dcd897-bqxpv,ip-192-168-20-201.ec2.internal,dd1db9a2e10d29fb9f87854bb26388920c6d0cedf4a00077af577a4af3227e6d,1,5.0,42.0
1,hpa-poisson-505-4072eb68,000246,164.939299,2026-08-31T20:06:19.910+00:00,2026-08-31T20:06:16.098+00:00,2026-08-31T20:06:16.103+00:00,2026-08-31T20:06:16.103+00:00,2026-08-31T20:06:16.600+00:00,2026-08-31T20:06:16.600+00:00,0.219598,0.49688564100142685,sqs-worker-5986dcd897-7pfxg,ip-192-168-20-201.ec2.internal,9727dd0175fefd1007b0df03ce967335826564f2e22101054e05f29ff95a71b1,1,5.0,502.0
1,hpa-poisson-505-4072eb68,000248,165.916635,2026-08-31T20:06:20.888+00:00,2026-08-31T20:06:17.085+00:00,2026-08-31T20:06:17.089+00:00,2026-08-31T20:06:17.089+00:00,2026-08-31T20:06:17.183+00:00,2026-08-31T20:06:17.183+00:00,0.048569,0.09408638000059,sqs-worker-5986dcd897-7pfxg,ip-192-168-20-201.ec2.internal,c7e27d7b6010c559dc58b5785c9583a3a881b1648a42f0ce1136109646ae80d5,1,4.0,98.0
1,hpa-poisson-505-4072eb68,000247,165.306491,2026-08-31T20:06:20.277+00:00,2026-08-31T20:06:16.466+00:00,2026-08-31T20:06:16.470+00:00,2026-08-31T20:06:16.470+00:00,2026-08-31T20:06:16.913+00:00,2026-08-31T20:06:16.913+00:00,0.187663,0.4430975049999688,sqs-worker-5986dcd897-bqxpv,ip-192-168-20-201.ec2.internal,0bf74dcd557a3415d98e01088b58480bcf2c1f2db9e556204b3fde6ad1b3b996,1,4.0,447.0
1,hpa-poisson-505-4072eb68,000249,166.324447,2026-08-31T20:06:21.295+00:00,2026-08-31T20:06:17.490+00:00,2026-08-31T20:06:17.494+00:00,2026-08-31T20:06:17.494+00:00,2026-08-31T20:06:18.074+00:00,2026-08-31T20:06:18.074+00:00,0.249352,0.5797717410005134,sqs-worker-5986dcd897-bqxpv,ip-192-168-20-201.ec2.internal,5025bd4a6f38de2e7101482feebc8a4df0249a2b6bd3ce0c35057a34e5eb3599,1,4.0,584.0
1,hpa-poisson-505-4072eb68,000245,164.87847,2026-08-31T20:06:19.851+00:00,2026-08-31T20:06:16.037+00:00,2026-08-31T20:06:16.041+00:00,2026-08-31T20:06:16.041+00:00,2026-08-31T20:06:18.191+00:00,2026-08-31T20:06:18.191+00:00,0.884864,2.1493769720000273,sqs-worker-5986dcd897-x8rdl,ip-192-168-20-201.ec2.internal,194ca5cf6d93fe7911ffffe7171140c494507f9bb2f16baddf1e3164368e85e0,1,4.0,2154.0
1,hpa-poisson-505-4072eb68,000250,167.513883,2026-08-31T20:06:22.486+00:00,2026-08-31T20:06:18.674+00:00,2026-08-31T20:06:18.679+00:00,2026-08-31T20:06:18.679+00:00,2026-08-31T20:06:19.494+00:00,2026-08-31T20:06:19.494+00:00,0.347198,0.8147843019996799,sqs-worker-5986dcd897-bqxpv,ip-192-168-20-201.ec2.internal,aac3783bc72900f41c67465a204adafaec56946b7e88085fad78c93c6f93b57e,1,5.0,820.0
1,hpa-poisson-505-4072eb68,000251,167.582958,2026-08-31T20:06:22.554+00:00,2026-08-31T20:06:18.740+00:00,2026-08-31T20:06:18.744+00:00,2026-08-31T20:06:18.744+00:00,2026-08-31T20:06:19.519+00:00,2026-08-31T20:06:19.519+00:00,0.342324,0.7749441329997353,sqs-worker-5986dcd897-x8rdl,ip-192-168-20-201.ec2.internal,5f9f93604e4927d826a83f6b08c57453a2c1a886162523acf9a60f34e239e9d9,1,4.0,779.0
1,hpa-poisson-505-4072eb68,000254,168.815206,2026-08-31T20:06:23.786+00:00,2026-08-31T20:06:19.972+00:00,2026-08-31T20:06:19.981+00:00,2026-08-31T20:06:19.981+00:00,2026-08-31T20:06:20.057+00:00,2026-08-31T20:06:20.058+00:00,0.027412,0.0761599399993429,sqs-worker-5986dcd897-vfqj5,ip-192-168-20-201.ec2.internal,cdd7bb62cb014053e43c534a6c474a4f6dcec4531795db2a8c0db18707e2904f,1,9.0,85.0
1,hpa-poisson-505-4072eb68,000252,168.229968,2026-08-31T20:06:23.201+00:00,2026-08-31T20:06:19.425+00:00,2026-08-31T20:06:19.443+00:00,2026-08-31T20:06:19.443+00:00,2026-08-31T20:06:21.010+00:00,2026-08-31T20:06:21.010+00:00,0.659523,1.5670052360001137,sqs-worker-5986dcd897-7pfxg,ip-192-168-20-201.ec2.internal,6c60717b4a960b34b4e7a38d4db57b4bbde2e6ece12a82f1cb42ed537e3d6c06,1,18.0,1585.0
1,hpa-poisson-505-4072eb68,000253,168.481911,2026-08-31T20:06:23.453+00:00,2026-08-31T20:06:19.641+00:00,2026-08-31T20:06:19.645+00:00,2026-08-31T20:06:19.645+00:00,2026-08-31T20:06:21.187+00:00,2026-08-31T20:06:21.187+00:00,0.333433,1.541984653000327,sqs-worker-5986dcd897-x8rdl,ip-192-168-20-201.ec2.internal,b761d85b5c0ea56e69448943d6455389acf30793dc69f8a320b1a8f4cf437180,1,4.0,1546.0
1,hpa-poisson-505-4072eb68,000255,169.375899,2026-08-31T20:06:24.347+00:00,2026-08-31T20:06:20.535+00:00,2026-08-31T20:06:20.546+00:00,2026-08-31T20:06:20.546+00:00,2026-08-31T20:06:21.419+00:00,2026-08-31T20:06:21.419+00:00,0.14058,0.8731338310008141,sqs-worker-5986dcd897-bqxpv,ip-192-168-20-201.ec2.internal,2e96740b05135f625fffd13e7cf5da6282b031e02d89c5151072973a9ca6b116,1,11.0,884.0
1,hpa-poisson-505-4072eb68,000256,170.188123,2026-08-31T20:06:25.158+00:00,2026-08-31T20:06:21.347+00:00,2026-08-31T20:06:21.351+00:00,2026-08-31T20:06:21.351+00:00,2026-08-31T20:06:21.364+00:00,2026-08-31T20:06:21.364+00:00,0.013225,0.013263144001030014,sqs-worker-5986dcd897-vfqj5,ip-192-168-20-201.ec2.internal,97b965a712b8075edb226243eae734d6100347b319feda4a138af1ba672fb27c,1,4.0,17.0
1,hpa-poisson-505-4072eb68,000257,170.888905,2026-08-31T20:06:25.858+00:00,2026-08-31T20:06:22.046+00:00,2026-08-31T20:06:22.049+00:00,2026-08-31T20:06:22.049+00:00,2026-08-31T20:06:22.579+00:00,2026-08-31T20:06:22.579+00:00,0.235185,0.5303309230002924,sqs-worker-5986dcd897-bqxpv,ip-192-168-20-201.ec2.internal,1a1b8662a8854c5258e9ab8252ab584bbe1c24346ad00b9503742890e5404746,1,3.0,533.0
1,hpa-poisson-505-4072eb68,000258,171.170547,2026-08-31T20:06:26.140+00:00,2026-08-31T20:06:22.328+00:00,2026-08-31T20:06:22.332+00:00,2026-08-31T20:06:22.332+00:00,2026-08-31T20:06:22.777+00:00,2026-08-31T20:06:22.777+00:00,0.201988,0.4447821479989216,sqs-worker-5986dcd897-7pfxg,ip-192-168-20-201.ec2.internal,f1958ff70c07ae7cef0083951a1c7dad4a0b78559eddaa8cd7eab49dff9c447b,1,4.0,449.0
1,hpa-poisson-505-4072eb68,000260,171.42721,2026-08-31T20:06:26.396+00:00,2026-08-31T20:06:22.588+00:00,2026-08-31T20:06:22.593+00:00,2026-08-31T20:06:22.593+00:00,2026-08-31T20:06:22.899+00:00,2026-08-31T20:06:22.899+00:00,0.135817,0.3053462070001842,sqs-worker-5986dcd897-x8rdl,ip-192-168-20-201.ec2.internal,852f94ea1e32c945be451de6f85528c3c03a5a8d3ac6757d813d2f97e23379dd,1,5.0,311.0
1,hpa-poisson-505-4072eb68,000259,171.4065,2026-08-31T20:06:26.376+00:00,2026-08-31T20:06:22.569+00:00,2026-08-31T20:06:22.573+00:00,2026-08-31T20:06:22.573+00:00,2026-08-31T20:06:23.269+00:00,2026-08-31T20:06:23.269+00:00,0.31232,0.6967864999987796,sqs-worker-5986dcd897-vfqj5,ip-192-168-20-201.ec2.internal,23deac1638e3bb1b9bc4242c5f290fe76db0a7e314aa69c6c6225dcb6c27b507,1,4.0,700.0
1,hpa-poisson-505-4072eb68,000261,171.939085,2026-08-31T20:06:26.908+00:00,2026-08-31T20:06:23.099+00:00,2026-08-31T20:06:23.104+00:00,2026-08-31T20:06:23.104+00:00,2026-08-31T20:06:23.501+00:00,2026-08-31T20:06:23.501+00:00,0.179771,0.3967885509991902,sqs-worker-5986dcd897-x8rdl,ip-192-168-20-201.ec2.internal,58744e7b21eef324f5269708b5edba012c6884cb99e271ee92772b427b612048,1,5.0,402.0
1,hpa-poisson-505-4072eb68,000263,172.515719,2026-08-31T20:06:27.485+00:00,2026-08-31T20:06:23.676+00:00,2026-08-31T20:06:23.682+00:00,2026-08-31T20:06:23.682+00:00,2026-08-31T20:06:24.193+00:00,2026-08-31T20:06:24.193+00:00,0.20988,0.5111264340011985,sqs-worker-5986dcd897-x8rdl,ip-192-168-20-201.ec2.internal,8d47135b8c6e1ca41ffb9b763509e2034d4cc7e3c94b3798a5fae63ec81f8a20,1,6.0,517.0
1,hpa-poisson-505-4072eb68,000262,172.096999,2026-08-31T20:06:27.066+00:00,2026-08-31T20:06:23.256+00:00,2026-08-31T20:06:23.281+00:00,2026-08-31T20:06:23.281+00:00,2026-08-31T20:06:24.319+00:00,2026-08-31T20:06:24.319+00:00,0.441302,1.0379474140008824,sqs-worker-5986dcd897-bqxpv,ip-192-168-20-201.ec2.internal,62e1b858f17768cfe0c246878bd968974beb5bce959ec2c073ad1e59c358375f,1,25.0,1063.0
1,hpa-poisson-505-4072eb68,000264,174.28843,2026-08-31T20:06:29.258+00:00,2026-08-31T20:06:25.447+00:00,2026-08-31T20:06:25.452+00:00,2026-08-31T20:06:25.452+00:00,2026-08-31T20:06:25.461+00:00,2026-08-31T20:06:25.461+00:00,0.009689,0.009738759001265862,sqs-worker-5986dcd897-vfqj5,ip-192-168-20-201.ec2.internal,5ee97b2c975352df8a8c2b8d69e3bd6b01103e36b05a46a8bf71da62d7dafe9f,1,5.0,14.0
1,hpa-poisson-505-4072eb68,000265,174.551929,2026-08-31T20:06:29.521+00:00,2026-08-31T20:06:25.714+00:00,2026-08-31T20:06:25.718+00:00,2026-08-31T20:06:25.718+00:00,2026-08-31T20:06:25.846+00:00,2026-08-31T20:06:25.846+00:00,0.072627,0.12823355900036404,sqs-worker-5986dcd897-vfqj5,ip-192-168-20-201.ec2.internal,464eb1d4c5fb66d12919726755a06c40b6caf198eef1182190e45be0f9ae89e0,1,4.0,132.0
1,hpa-poisson-505-4072eb68,000266,174.564987,2026-08-31T20:06:29.534+00:00,2026-08-31T20:06:25.721+00:00,2026-08-31T20:06:25.724+00:00,2026-08-31T20:06:25.725+00:00,2026-08-31T20:06:25.881+00:00,2026-08-31T20:06:25.881+00:00,0.028864,0.15686293300132093,sqs-worker-5986dcd897-7pfxg,ip-192-168-20-201.ec2.internal,6acecd30a20dcbec80c9717ca1b60fb194f5c81a0b66b3dd47758f9fd2c8a186,1,3.0,160.0
1,hpa-poisson-505-4072eb68,000267,175.298069,2026-08-31T20:06:30.268+00:00,2026-08-31T20:06:26.456+00:00,2026-08-31T20:06:26.460+00:00,2026-08-31T20:06:26.460+00:00,2026-08-31T20:06:26.865+00:00,2026-08-31T20:06:26.865+00:00,0.189246,0.40459684199959156,sqs-worker-5986dcd897-vfqj5,ip-192-168-20-201.ec2.internal,d6e3dfd6f65fbfb3b5bc512f267c3a59acb22f9d3f97a29bf9e763a2cee3a420,1,4.0,409.0
1,hpa-poisson-505-4072eb68,000268,176.106646,2026-08-31T20:06:31.075+00:00,2026-08-31T20:06:27.266+00:00,2026-08-31T20:06:27.272+00:00,2026-08-31T20:06:27.272+00:00,2026-08-31T20:06:27.789+00:00,2026-08-31T20:06:27.789+00:00,0.221,0.5174594180007261,sqs-worker-5986dcd897-x8rdl,ip-192-168-20-201.ec2.internal,1c32ae636b425b43906832adcaf561779f7588ceb671c9dc3b41c28e7de11dd0,1,6.0,523.0
1,hpa-poisson-505-4072eb68,000269,177.124202,2026-08-31T20:06:32.094+00:00,2026-08-31T20:06:28.281+00:00,2026-08-31T20:06:28.286+00:00,2026-08-31T20:06:28.286+00:00,2026-08-31T20:06:28.593+00:00,2026-08-31T20:06:28.593+00:00,0.13717,0.3074593229994207,sqs-worker-5986dcd897-7pfxg,ip-192-168-20-201.ec2.internal,c49cc1260966790773d89a79f481894b511e3955b03b3c4eca40117ad7416abe,1,5.0,312.0
1,hpa-poisson-505-4072eb68,000270,179.082384,2026-08-31T20:06:34.054+00:00,2026-08-31T20:06:30.242+00:00,2026-08-31T20:06:30.245+00:00,2026-08-31T20:06:30.245+00:00,2026-08-31T20:06:30.834+00:00,2026-08-31T20:06:30.834+00:00,0.129469,0.5883877060005034,sqs-worker-5986dcd897-vfqj5,ip-192-168-20-201.ec2.internal,c84b6df4d34a3d2d4eae3c09038eacfcfb389ff18874cae5b31949a46df0fede,1,3.0,592.0
