schema_version,experiment_id,job_id,trace_offset_s,producer_sent_at,sqs_sent_at,worker_received_at,processing_started_at,processing_finished_at,result_sent_at,service_cpu_seconds,processing_wall_seconds,pod_name,node_name,digest,receive_count,queue_wait_ms,end_to_end_ms
1,hpa-poisson-808-f2c81b68,000000,0.283223,2026-08-31T21:16:35.337+00:00,2026-08-31T21:16:35.393+00:00,2026-08-31T21:16:35.401+00:00,2026-08-31T21:16:35.401+00:00,2026-08-31T21:16:35.501+00:00,2026-08-31T21:16:35.501+00:00,0.058011,0.09987892500066664,sqs-worker-5986dcd897-x8rdl,ip-192-168-20-201.ec2.internal,cc0ef8b2bf10e17b3b71f57e30d6eef97d49315a41a73575e26b28fe08fc2da2,1,8.0,108.0
1,hpa-poisson-808-f2c81b68,000001,0.939295,2026-08-31T21:16:35.993+00:00,2026-08-31T21:16:36.047+00:00,2026-08-31T21:16:36.056+00:00,2026-08-31T21:16:36.056+00:00,2026-08-31T21:16:36.677+00:00,2026-08-31T21:16:36.677+00:00,0.263442,0.6212654969986033,sqs-worker-5986dcd897-x8rdl,ip-192-168-20-201.ec2.internal,e2015be0f58e0f10f92f67f51a634f8f8b93289a3639de0639b5e7c3b04ea820,1,9.0,630.0
1,hpa-poisson-808-f2c81b68,000002,1.736525,2026-08-31T21:16:36.790+00:00,2026-08-31T21:16:36.851+00:00,2026-08-31T21:16:36.860+00:00,2026-08-31T21:16:36.860+00:00,2026-08-31T21:16:37.290+00:00,2026-08-31T21:16:37.290+00:00,0.191002,0.4305664979983703,sqs-worker-5986dcd897-x8rdl,ip-192-168-20-201.ec2.internal,3d4e1be301785ea10959c390c76ac0c7d7a4a9038ccf8c092afc2dd83eb406b1,1,9.0,439.0
1,hpa-poisson-808-f2c81b68,000003,2.099144,2026-08-31T21:16:37.152+00:00,2026-08-31T21:16:37.208+00:00,2026-08-31T21:16:37.334+00:00,2026-08-31T21:16:37.334+00:00,2026-08-31T21:16:37.374+00:00,2026-08-31T21:16:37.374+00:00,0.019804,0.04036786799952097,sqs-worker-5986dcd897-x8rdl,ip-192-168-20-201.ec2.internal,63fc01ab0e8ba45e1796b25925ebc08023219b58e124e95ccfa0f7324e4ff670,1,126.0,166.0
1,hpa-poisson-808-f2c81b68,000004,3.83306,2026-08-31T21:16:38.887+00:00,2026-08-31T21:16:38.941+00:00,2026-08-31T21:16:38.945+00:00,2026-08-31T21:16:38.945+00:00,2026-08-31T21:16:38.976+00:00,2026-08-31T21:16:38.976+00:00,0.03174,0.031783725000423146,sqs-worker-5986dcd897-x8rdl,ip-192-168-20-201.ec2.internal,27f5506991b667713f72c86bc4c31d43e3649e73ed1d7bc1df7c7d03ed68d3e6,1,4.0,35.0
1,hpa-poisson-808-f2c81b68,000005,4.001987,2026-08-31T21:16:39.055+00:00,2026-08-31T21:16:39.119+00:00,2026-08-31T21:16:39.122+00:00,2026-08-31T21:16:39.122+00:00,2026-08-31T21:16:39.621+00:00,2026-08-31T21:16:39.621+00:00,0.237294,0.4983682989986846,sqs-worker-5986dcd897-x8rdl,ip-192-168-20-201.ec2.internal,27c78ed6ee8697aca469cd41bc19e3fa1b6ffae90b2989f3c0589c018498b94c,1,3.0,502.0
1,hpa-poisson-808-f2c81b68,000006,4.272057,2026-08-31T21:16:39.325+00:00,2026-08-31T21:16:39.379+00:00,2026-08-31T21:16:39.703+00:00,2026-08-31T21:16:39.703+00:00,2026-08-31T21:16:40.786+00:00,2026-08-31T21:16:40.787+00:00,0.188469,1.0835419470004126,sqs-worker-5986dcd897-x8rdl,ip-192-168-20-201.ec2.internal,468c8a13175b9c23fb7a9143d132771e2ced53f3d937e7f4ee3f5d712ecca802,1,324.0,1407.0
1,hpa-poisson-808-f2c81b68,000009,5.342415,2026-08-31T21:16:40.395+00:00,2026-08-31T21:16:40.448+00:00,2026-08-31T21:16:40.818+00:00,2026-08-31T21:16:40.818+00:00,2026-08-31T21:16:41.594+00:00,2026-08-31T21:16:41.594+00:00,0.137919,0.7756347169997753,sqs-worker-5986dcd897-x8rdl,ip-192-168-20-201.ec2.internal,cfad179eb04cf5ffbaff702783c815c8e6782945e20ab61b1b0713e502078e5b,1,370.0,1146.0
1,hpa-poisson-808-f2c81b68,000008,4.864801,2026-08-31T21:16:39.918+00:00,2026-08-31T21:16:39.972+00:00,2026-08-31T21:16:41.690+00:00,2026-08-31T21:16:41.690+00:00,2026-08-31T21:16:42.687+00:00,2026-08-31T21:16:42.687+00:00,0.258563,0.996907803000795,sqs-worker-5986dcd897-x8rdl,ip-192-168-20-201.ec2.internal,8bc01939fbcbfd0b0ae0408bd12f8c4fe44050eafbfe8fc13a085ec04ea98e56,1,1718.0,2715.0
1,hpa-poisson-808-f2c81b68,000007,4.689179,2026-08-31T21:16:39.742+00:00,2026-08-31T21:16:39.797+00:00,2026-08-31T21:16:42.713+00:00,2026-08-31T21:16:42.713+00:00,2026-08-31T21:16:43.112+00:00,2026-08-31T21:16:43.112+00:00,0.180674,0.3986464909994538,sqs-worker-5986dcd897-x8rdl,ip-192-168-20-201.ec2.internal,6d263c6f4e6194632dd8ebaac098fdf028220b17c9b92aeaa74f2f1ff8440104,1,2916.0,3315.0
1,hpa-poisson-808-f2c81b68,000015,7.341189,2026-08-31T21:16:42.394+00:00,2026-08-31T21:16:42.455+00:00,2026-08-31T21:16:43.310+00:00,2026-08-31T21:16:43.310+00:00,2026-08-31T21:16:43.326+00:00,2026-08-31T21:16:43.326+00:00,0.016577,0.01660887400066713,sqs-worker-5986dcd897-x8rdl,ip-192-168-20-201.ec2.internal,e481721bba0693eb0bc6e29cf41e5f92a5f3423a12c3bd742b19f7ba28f57c2a,1,855.0,871.0
1,hpa-poisson-808-f2c81b68,000013,7.24507,2026-08-31T21:16:42.299+00:00,2026-08-31T21:16:42.360+00:00,2026-08-31T21:16:43.139+00:00,2026-08-31T21:16:43.139+00:00,2026-08-31T21:16:43.293+00:00,2026-08-31T21:16:43.293+00:00,0.057164,0.1535290879983222,sqs-worker-5986dcd897-x8rdl,ip-192-168-20-201.ec2.internal,603fb831cd99a5d2ee2b9e9d444e357f739663d5d8c905c7ac907cd7fb86ad42,1,779.0,933.0
1,hpa-poisson-808-f2c81b68,000010,6.295915,2026-08-31T21:16:41.349+00:00,2026-08-31T21:16:41.913+00:00,2026-08-31T21:16:43.351+00:00,2026-08-31T21:16:43.351+00:00,2026-08-31T21:16:43.902+00:00,2026-08-31T21:16:43.902+00:00,0.224682,0.5507804099997884,sqs-worker-5986dcd897-x8rdl,ip-192-168-20-201.ec2.internal,32cd2fded99c57a0aedf15f1358dbeb1399f1ba883fc14ba52ccf6cb74dbf2c2,1,1438.0,1989.0
1,hpa-poisson-808-f2c81b68,000011,6.303176,2026-08-31T21:16:41.356+00:00,2026-08-31T21:16:41.920+00:00,2026-08-31T21:16:43.939+00:00,2026-08-31T21:16:43.939+00:00,2026-08-31T21:16:45.093+00:00,2026-08-31T21:16:45.093+00:00,0.466891,1.1536855029989965,sqs-worker-5986dcd897-x8rdl,ip-192-168-20-201.ec2.internal,6e08cc1b8b450c2ba349c823bdc725fd94268e87f68e090a94fd07cf4ab70823,1,2019.0000000000002,3173.0
1,hpa-poisson-808-f2c81b68,000014,7.271526,2026-08-31T21:16:42.324+00:00,2026-08-31T21:16:42.387+00:00,2026-08-31T21:16:45.114+00:00,2026-08-31T21:16:45.114+00:00,2026-08-31T21:16:45.193+00:00,2026-08-31T21:16:45.193+00:00,0.036637,0.0794148730001325,sqs-worker-5986dcd897-x8rdl,ip-192-168-20-201.ec2.internal,8e3d4824223742c286d42c98942b78ed3d5af205bfbb69035dc79d8c8cbedcea,1,2727.0,2806.0
1,hpa-poisson-808-f2c81b68,000018,9.518844,2026-08-31T21:16:44.572+00:00,2026-08-31T21:16:44.625+00:00,2026-08-31T21:16:45.210+00:00,2026-08-31T21:16:45.210+00:00,2026-08-31T21:16:45.503+00:00,2026-08-31T21:16:45.503+00:00,0.125025,0.2922282770014135,sqs-worker-5986dcd897-x8rdl,ip-192-168-20-201.ec2.internal,9baaa54115751cdb0991d9a068243052935b1414abf2629a0f98426cce52223c,1,585.0,878.0
1,hpa-poisson-808-f2c81b68,000012,6.347427,2026-08-31T21:16:41.400+00:00,2026-08-31T21:16:41.947+00:00,2026-08-31T21:16:45.535+00:00,2026-08-31T21:16:45.535+00:00,2026-08-31T21:16:46.305+00:00,2026-08-31T21:16:46.305+00:00,0.317565,0.7694719649989565,sqs-worker-5986dcd897-x8rdl,ip-192-168-20-201.ec2.internal,d2b6f13e494d0e594f64726ffccaf3c039c9a8bc48cc718a75153fbf57445afc,1,3588.0,4358.0
1,hpa-poisson-808-f2c81b68,000017,9.320122,2026-08-31T21:16:44.373+00:00,2026-08-31T21:16:44.428+00:00,2026-08-31T21:16:46.321+00:00,2026-08-31T21:16:46.321+00:00,2026-08-31T21:16:47.916+00:00,2026-08-31T21:16:47.916+00:00,0.646962,1.595493656999679,sqs-worker-5986dcd897-x8rdl,ip-192-168-20-201.ec2.internal,eb0bd7ce51653758065c7ecb7772a1520cf48babbbd0f86a127b485e12e8f98b,1,1893.0,3488.0
1,hpa-poisson-808-f2c81b68,000021,10.645838,2026-08-31T21:16:45.700+00:00,2026-08-31T21:16:45.755+00:00,2026-08-31T21:16:48.088+00:00,2026-08-31T21:16:48.088+00:00,2026-08-31T21:16:48.183+00:00,2026-08-31T21:16:48.183+00:00,0.038367,0.09521783999844047,sqs-worker-5986dcd897-x8rdl,ip-192-168-20-201.ec2.internal,346479486e1c66dfe85666ef8f69f8850a5eaa5da73bdecad5c19df56dbe1f38,1,2333.0,2428.0
1,hpa-poisson-808-f2c81b68,000016,9.172739,2026-08-31T21:16:44.227+00:00,2026-08-31T21:16:44.281+00:00,2026-08-31T21:16:47.938+00:00,2026-08-31T21:16:47.939+00:00,2026-08-31T21:16:48.020+00:00,2026-08-31T21:16:48.020+00:00,0.040186,0.08190703599939297,sqs-worker-5986dcd897-x8rdl,ip-192-168-20-201.ec2.internal,f3e58d4f057aafa8283b1f99ed8686a301b42f4c853e3d19ed70f8d353ffb6ac,1,3657.0,3739.0
1,hpa-poisson-808-f2c81b68,000020,10.08916,2026-08-31T21:16:45.142+00:00,2026-08-31T21:16:45.194+00:00,2026-08-31T21:16:48.199+00:00,2026-08-31T21:16:48.200+00:00,2026-08-31T21:16:48.617+00:00,2026-08-31T21:16:48.617+00:00,0.189696,0.4174328980006976,sqs-worker-5986dcd897-x8rdl,ip-192-168-20-201.ec2.internal,732999b7eff044963517df703c2aa833620b31b2f3a780c477d80c4b25397483,1,3005.0,3423.0
1,hpa-poisson-808-f2c81b68,000023,12.803463,2026-08-31T21:16:47.856+00:00,2026-08-31T21:16:47.911+00:00,2026-08-31T21:16:48.677+00:00,2026-08-31T21:16:48.677+00:00,2026-08-31T21:16:50.084+00:00,2026-08-31T21:16:50.084+00:00,0.482699,1.4069955989998562,sqs-worker-5986dcd897-x8rdl,ip-192-168-20-201.ec2.internal,f3d9f4079c1e3316a800d7a9837037af237d226634e780073a1f91ce7594f6dc,1,766.0,2173.0
1,hpa-poisson-808-f2c81b68,000019,10.039499,2026-08-31T21:16:45.093+00:00,2026-08-31T21:16:45.151+00:00,2026-08-31T21:16:50.122+00:00,2026-08-31T21:16:50.122+00:00,2026-08-31T21:16:51.391+00:00,2026-08-31T21:16:51.391+00:00,0.24533,1.2687020329994994,sqs-worker-5986dcd897-x8rdl,ip-192-168-20-201.ec2.internal,3d669888fbad9687c356ceb8c9cffeabcb3f4f5386a6b6eda94b341112519b60,1,4971.0,6240.0
1,hpa-poisson-808-f2c81b68,000022,12.779806,2026-08-31T21:16:47.835+00:00,2026-08-31T21:16:47.890+00:00,2026-08-31T21:16:51.484+00:00,2026-08-31T21:16:51.484+00:00,2026-08-31T21:16:51.586+00:00,2026-08-31T21:16:51.586+00:00,0.017632,0.10196246600025916,sqs-worker-5986dcd897-x8rdl,ip-192-168-20-201.ec2.internal,ef1dacf7955b08c3789ae5d7a1777cda60f31d32d24c6a09b99fe6cc6c357ae2,1,3594.0,3696.0
1,hpa-poisson-808-f2c81b68,000024,13.624883,2026-08-31T21:16:48.678+00:00,2026-08-31T21:16:48.731+00:00,2026-08-31T21:16:51.618+00:00,2026-08-31T21:16:51.618+00:00,2026-08-31T21:16:52.295+00:00,2026-08-31T21:16:52.295+00:00,0.120967,0.6772960779999266,sqs-worker-5986dcd897-x8rdl,ip-192-168-20-201.ec2.internal,2b3ad6f634a80bcd8ef81072abd634b58c3242f913371eeab722d6f3d44f95cd,1,2887.0,3564.0
1,hpa-poisson-808-f2c81b68,000025,14.737849,2026-08-31T21:16:49.792+00:00,2026-08-31T21:16:49.849+00:00,2026-08-31T21:16:52.385+00:00,2026-08-31T21:16:52.386+00:00,2026-08-31T21:16:53.110+00:00,2026-08-31T21:16:53.110+00:00,0.290174,0.7247220780009229,sqs-worker-5986dcd897-x8rdl,ip-192-168-20-201.ec2.internal,f0cf4b7c210eaf5813ff4b8420dae6d47ccbf0966ba290e945a929ff9f6dd9cc,1,2536.0,3261.0
1,hpa-poisson-808-f2c81b68,000027,16.044798,2026-08-31T21:16:51.096+00:00,2026-08-31T21:16:51.156+00:00,2026-08-31T21:16:53.153+00:00,2026-08-31T21:16:53.153+00:00,2026-08-31T21:16:53.200+00:00,2026-08-31T21:16:53.200+00:00,0.025632,0.04699382100079674,sqs-worker-5986dcd897-x8rdl,ip-192-168-20-201.ec2.internal,2658cb847346aafbe734e6460fe1166b70aa9c9d0ddeb44c53ddf8241c824cd0,1,1997.0,2044.0
1,hpa-poisson-808-f2c81b68,000026,15.51903,2026-08-31T21:16:50.572+00:00,2026-08-31T21:16:50.627+00:00,2026-08-31T21:16:53.232+00:00,2026-08-31T21:16:53.232+00:00,2026-08-31T21:16:53.720+00:00,2026-08-31T21:16:53.720+00:00,0.216371,0.48840845999984595,sqs-worker-5986dcd897-x8rdl,ip-192-168-20-201.ec2.internal,7927916e35ae0d5437c5f11efe7819177fa5df75f63fec27fb65be823c706a15,1,2605.0,3093.0
1,hpa-poisson-808-f2c81b68,000028,16.486543,2026-08-31T21:16:51.538+00:00,2026-08-31T21:16:51.593+00:00,2026-08-31T21:16:53.796+00:00,2026-08-31T21:16:53.797+00:00,2026-08-31T21:16:54.217+00:00,2026-08-31T21:16:54.217+00:00,0.193834,0.42090870200081554,sqs-worker-5986dcd897-x8rdl,ip-192-168-20-201.ec2.internal,38005e01b866041100c1533a9792168476524ac6cb228d8e8757e64ac87f7060,1,2203.0,2624.0
1,hpa-poisson-808-f2c81b68,000029,18.19006,2026-08-31T21:16:53.243+00:00,2026-08-31T21:16:53.296+00:00,2026-08-31T21:16:54.315+00:00,2026-08-31T21:16:54.315+00:00,2026-08-31T21:16:54.324+00:00,2026-08-31T21:16:54.324+00:00,0.008195,0.008230172001276514,sqs-worker-5986dcd897-x8rdl,ip-192-168-20-201.ec2.internal,de618617bfd8bb0c21e3f66a450c49755cc22046d43ccac7d3a05f78345c3040,1,1018.9999999999999,1028.0
1,hpa-poisson-808-f2c81b68,000030,19.111123,2026-08-31T21:16:54.163+00:00,2026-08-31T21:16:54.216+00:00,2026-08-31T21:16:54.357+00:00,2026-08-31T21:16:54.357+00:00,2026-08-31T21:16:54.403+00:00,2026-08-31T21:16:54.403+00:00,0.045978,0.046020563000638504,sqs-worker-5986dcd897-x8rdl,ip-192-168-20-201.ec2.internal,da6aa28b4db3263769d41351439532f0f7932b4955224e0f8aee0a0b46fb7591,1,141.0,187.0
1,hpa-poisson-808-f2c81b68,000031,20.089351,2026-08-31T21:16:55.141+00:00,2026-08-31T21:16:55.195+00:00,2026-08-31T21:16:55.198+00:00,2026-08-31T21:16:55.198+00:00,2026-08-31T21:16:55.238+00:00,2026-08-31T21:16:55.238+00:00,0.039215,0.039261198000531294,sqs-worker-5986dcd897-x8rdl,ip-192-168-20-201.ec2.internal,c3fc6c3e6c72691013048cfabcc2deac9b63ea8d8832df88798d6233cc0f09c8,1,3.0,43.0
1,hpa-poisson-808-f2c81b68,000032,20.504415,2026-08-31T21:16:55.556+00:00,2026-08-31T21:16:55.610+00:00,2026-08-31T21:16:55.616+00:00,2026-08-31T21:16:55.616+00:00,2026-08-31T21:16:55.685+00:00,2026-08-31T21:16:55.685+00:00,0.041367,0.06921612999940407,sqs-worker-5986dcd897-x8rdl,ip-192-168-20-201.ec2.internal,8500fb3ae5a7566b48356af450eaa4601167fb6d51197c4bfedf5763b9078a7f,1,6.0,75.0
1,hpa-poisson-808-f2c81b68,000033,20.510035,2026-08-31T21:16:55.561+00:00,2026-08-31T21:16:55.618+00:00,2026-08-31T21:16:55.699+00:00,2026-08-31T21:16:55.699+00:00,2026-08-31T21:16:55.907+00:00,2026-08-31T21:16:55.907+00:00,0.098653,0.20844109400059097,sqs-worker-5986dcd897-x8rdl,ip-192-168-20-201.ec2.internal,d4b60bf786f8766748fc4be6cf9891941b01a69737aef195cac7cbad5df1430f,1,81.0,289.0
1,hpa-poisson-808-f2c81b68,000034,20.676833,2026-08-31T21:16:55.728+00:00,2026-08-31T21:16:55.783+00:00,2026-08-31T21:16:55.949+00:00,2026-08-31T21:16:55.949+00:00,2026-08-31T21:16:56.597+00:00,2026-08-31T21:16:56.597+00:00,0.265078,0.6485975999985385,sqs-worker-5986dcd897-x8rdl,ip-192-168-20-201.ec2.internal,25425f979e49e65b5061ca3f8a87f68fcbf116a34c6f6f953e8bd67b80b4b722,1,166.0,814.0
1,hpa-poisson-808-f2c81b68,000035,22.193553,2026-08-31T21:16:57.246+00:00,2026-08-31T21:16:57.305+00:00,2026-08-31T21:16:57.309+00:00,2026-08-31T21:16:57.309+00:00,2026-08-31T21:16:57.791+00:00,2026-08-31T21:16:57.791+00:00,0.208818,0.48211885199998505,sqs-worker-5986dcd897-x8rdl,ip-192-168-20-201.ec2.internal,a57370bf9bced58e0368962a2cc8c5308683068e87bd73a5e2332ff6667001bc,1,4.0,486.0
1,hpa-poisson-808-f2c81b68,000036,23.089906,2026-08-31T21:16:58.142+00:00,2026-08-31T21:16:58.199+00:00,2026-08-31T21:16:58.206+00:00,2026-08-31T21:16:58.206+00:00,2026-08-31T21:16:58.218+00:00,2026-08-31T21:16:58.218+00:00,0.012228,0.012269016000573174,sqs-worker-5986dcd897-x8rdl,ip-192-168-20-201.ec2.internal,9ff3b66fb46d2b0ec722466c8e9821a23d0973ea02fa3ff91c90f3374a3a2f45,1,7.0,19.0
1,hpa-poisson-808-f2c81b68,000037,23.692955,2026-08-31T21:16:58.745+00:00,2026-08-31T21:16:58.803+00:00,2026-08-31T21:16:58.807+00:00,2026-08-31T21:16:58.807+00:00,2026-08-31T21:16:59.008+00:00,2026-08-31T21:16:59.008+00:00,0.105777,0.2009677020014351,sqs-worker-5986dcd897-x8rdl,ip-192-168-20-201.ec2.internal,3c16cc4c842706459876a83c91823b7a7ee6d93a1a4de04246911a0b41a9971e,1,4.0,205.0
1,hpa-poisson-808-f2c81b68,000038,25.189148,2026-08-31T21:17:00.242+00:00,2026-08-31T21:17:00.299+00:00,2026-08-31T21:17:00.305+00:00,2026-08-31T21:17:00.305+00:00,2026-08-31T21:17:03.004+00:00,2026-08-31T21:17:03.004+00:00,0.832698,2.699763181999515,sqs-worker-5986dcd897-x8rdl,ip-192-168-20-201.ec2.internal,c2b794384998130ab224e9f9f4a6682b167c3d11c54a11dc43e26c8c7eb655cc,1,6.0,2705.0
1,hpa-poisson-808-f2c81b68,000039,27.083606,2026-08-31T21:17:02.136+00:00,2026-08-31T21:17:02.189+00:00,2026-08-31T21:17:03.044+00:00,2026-08-31T21:17:03.044+00:00,2026-08-31T21:17:03.420+00:00,2026-08-31T21:17:03.420+00:00,0.171722,0.37617116299952613,sqs-worker-5986dcd897-x8rdl,ip-192-168-20-201.ec2.internal,96c0d9e23f6a76ac815af58324c1c9bc12c91f9c336ccd27711655945456a93b,1,855.0,1231.0
1,hpa-poisson-808-f2c81b68,000040,27.530518,2026-08-31T21:17:02.582+00:00,2026-08-31T21:17:02.637+00:00,2026-08-31T21:17:03.509+00:00,2026-08-31T21:17:03.509+00:00,2026-08-31T21:17:04.402+00:00,2026-08-31T21:17:04.403+00:00,0.37418,0.8933718939988466,sqs-worker-5986dcd897-x8rdl,ip-192-168-20-201.ec2.internal,0d09486a2d616c563387df7dd375bb80580ab2a88b045dc79bd57062c5dcdf90,1,872.0,1765.0
1,hpa-poisson-808-f2c81b68,000042,29.304307,2026-08-31T21:17:04.355+00:00,2026-08-31T21:17:04.409+00:00,2026-08-31T21:17:04.434+00:00,2026-08-31T21:17:04.434+00:00,2026-08-31T21:17:04.898+00:00,2026-08-31T21:17:04.898+00:00,0.193956,0.46414485999957833,sqs-worker-5986dcd897-x8rdl,ip-192-168-20-201.ec2.internal,470ba1273fbdc82c82b5fbc523625702c83d30d8824414168021902791d2db4d,1,25.0,489.0
1,hpa-poisson-808-f2c81b68,000041,29.23328,2026-08-31T21:17:04.286+00:00,2026-08-31T21:17:04.345+00:00,2026-08-31T21:17:04.958+00:00,2026-08-31T21:17:04.958+00:00,2026-08-31T21:17:05.813+00:00,2026-08-31T21:17:05.813+00:00,0.368977,0.8550543910005217,sqs-worker-5986dcd897-x8rdl,ip-192-168-20-201.ec2.internal,299a34f70ec92b6623827a9d8fc3bbe77154dbc9d113bb074b1e0ef8f3f4cb51,1,613.0,1468.0
1,hpa-poisson-808-f2c81b68,000044,30.086559,2026-08-31T21:17:05.138+00:00,2026-08-31T21:17:05.190+00:00,2026-08-31T21:17:05.833+00:00,2026-08-31T21:17:05.833+00:00,2026-08-31T21:17:05.895+00:00,2026-08-31T21:17:05.895+00:00,0.02362,0.062279930998556665,sqs-worker-5986dcd897-x8rdl,ip-192-168-20-201.ec2.internal,b3d3481bb3333349da1f8dd079b7648cafc842c87240b04a06cec00c8f19d95b,1,643.0,705.0
1,hpa-poisson-808-f2c81b68,000046,30.737746,2026-08-31T21:17:05.789+00:00,2026-08-31T21:17:05.845+00:00,2026-08-31T21:17:05.909+00:00,2026-08-31T21:17:05.909+00:00,2026-08-31T21:17:06.304+00:00,2026-08-31T21:17:06.304+00:00,0.156848,0.3945224140006758,sqs-worker-5986dcd897-x8rdl,ip-192-168-20-201.ec2.internal,fa658f7f83389b9fe3d251d6b90ffb4e554d03d123b74936ba40aeb5d44a8bc8,1,64.0,459.0
1,hpa-poisson-808-f2c81b68,000047,31.222681,2026-08-31T21:17:06.274+00:00,2026-08-31T21:17:06.332+00:00,2026-08-31T21:17:06.437+00:00,2026-08-31T21:17:06.437+00:00,2026-08-31T21:17:07.266+00:00,2026-08-31T21:17:07.266+00:00,0.150471,0.82931267999993,sqs-worker-5986dcd897-llwwh,ip-192-168-20-201.ec2.internal,fdd7e9d83f705e6cb87d6979962374e4188e71d8bac9b8aac87403b1e16d5bd3,1,105.0,934.0
1,hpa-poisson-808-f2c81b68,000045,30.644668,2026-08-31T21:17:05.696+00:00,2026-08-31T21:17:05.750+00:00,2026-08-31T21:17:06.328+00:00,2026-08-31T21:17:06.329+00:00,2026-08-31T21:17:07.307+00:00,2026-08-31T21:17:07.307+00:00,0.401754,0.978762333999839,sqs-worker-5986dcd897-x8rdl,ip-192-168-20-201.ec2.internal,31f9be620a0c6c3be54b8b98ca336883a42d1d3c0b1118a0bb65ad2bfc5ae09e,1,578.0,1557.0
1,hpa-poisson-808-f2c81b68,000043,29.753936,2026-08-31T21:17:04.805+00:00,2026-08-31T21:17:04.858+00:00,2026-08-31T21:17:07.296+00:00,2026-08-31T21:17:07.296+00:00,2026-08-31T21:17:07.666+00:00,2026-08-31T21:17:07.666+00:00,0.062363,0.370106077998571,sqs-worker-5986dcd897-llwwh,ip-192-168-20-201.ec2.internal,4b666339ef109e35ad7dc399826b7ed6d9aa12440cdef5a311ee87194be4d642,1,2438.0,2808.0
1,hpa-poisson-808-f2c81b68,000050,32.148171,2026-08-31T21:17:07.200+00:00,2026-08-31T21:17:07.253+00:00,2026-08-31T21:17:07.350+00:00,2026-08-31T21:17:07.350+00:00,2026-08-31T21:17:08.304+00:00,2026-08-31T21:17:08.304+00:00,0.390786,0.9540427840001939,sqs-worker-5986dcd897-x8rdl,ip-192-168-20-201.ec2.internal,c8e6fab0930a0d6aad982d69c48c0f3584b2dcdc1703942cef3afbf217b6c5d4,1,97.0,1051.0
1,hpa-poisson-808-f2c81b68,000051,32.791086,2026-08-31T21:17:07.843+00:00,2026-08-31T21:17:07.899+00:00,2026-08-31T21:17:08.335+00:00,2026-08-31T21:17:08.335+00:00,2026-08-31T21:17:09.212+00:00,2026-08-31T21:17:09.212+00:00,0.366383,0.8771162169996387,sqs-worker-5986dcd897-x8rdl,ip-192-168-20-201.ec2.internal,d1c465b2d9d8560ea9a27c53b08c2ec9db5cba43023eb753038e96e73ce31b36,1,436.0,1313.0
1,hpa-poisson-808-f2c81b68,000049,31.702314,2026-08-31T21:17:06.754+00:00,2026-08-31T21:17:06.807+00:00,2026-08-31T21:17:07.696+00:00,2026-08-31T21:17:07.696+00:00,2026-08-31T21:17:09.766+00:00,2026-08-31T21:17:09.766+00:00,0.510074,2.0697183399988717,sqs-worker-5986dcd897-llwwh,ip-192-168-20-201.ec2.internal,443df1e703e78890d2a332ed707c9345da5b26190fb9cb99f7c5e3c48e4e62b2,1,889.0,2959.0
1,hpa-poisson-808-f2c81b68,000052,33.314123,2026-08-31T21:17:08.366+00:00,2026-08-31T21:17:08.425+00:00,2026-08-31T21:17:09.797+00:00,2026-08-31T21:17:09.797+00:00,2026-08-31T21:17:09.973+00:00,2026-08-31T21:17:09.973+00:00,0.08285,0.1764716719990247,sqs-worker-5986dcd897-llwwh,ip-192-168-20-201.ec2.internal,1b71b05e76dfd079234fb68acbdb85be48f6571e44a27b74205bcdeeceee1986,1,1372.0,1548.0
1,hpa-poisson-808-f2c81b68,000054,33.810691,2026-08-31T21:17:08.862+00:00,2026-08-31T21:17:08.917+00:00,2026-08-31T21:17:09.992+00:00,2026-08-31T21:17:09.992+00:00,2026-08-31T21:17:11.871+00:00,2026-08-31T21:17:11.871+00:00,0.75349,1.8793504499990377,sqs-worker-5986dcd897-llwwh,ip-192-168-20-201.ec2.internal,7b9e448b56585d9fb74f9addbf1ed74cd8d65c532f613915110294fc51c43276,1,1075.0,2954.0
1,hpa-poisson-808-f2c81b68,000048,31.567342,2026-08-31T21:17:06.619+00:00,2026-08-31T21:17:06.673+00:00,2026-08-31T21:17:09.232+00:00,2026-08-31T21:17:09.232+00:00,2026-08-31T21:17:12.089+00:00,2026-08-31T21:17:12.089+00:00,0.655611,2.8572498400008044,sqs-worker-5986dcd897-x8rdl,ip-192-168-20-201.ec2.internal,54ad690e22377a4ba938ec5b10d1d44c26c3fde566718412d6403d4301bbab5d,1,2559.0,5416.0
1,hpa-poisson-808-f2c81b68,000053,33.317919,2026-08-31T21:17:08.369+00:00,2026-08-31T21:17:08.425+00:00,2026-08-31T21:17:12.192+00:00,2026-08-31T21:17:12.192+00:00,2026-08-31T21:17:12.208+00:00,2026-08-31T21:17:12.208+00:00,0.005325,0.015516564000790822,sqs-worker-5986dcd897-x8rdl,ip-192-168-20-201.ec2.internal,1341b746efd11c95ac160cfd2370a4cf11b51780560146dd7574d3b3a36196aa,1,3767.0,3783.0
1,hpa-poisson-808-f2c81b68,000055,35.334646,2026-08-31T21:17:10.387+00:00,2026-08-31T21:17:10.441+00:00,2026-08-31T21:17:11.896+00:00,2026-08-31T21:17:11.896+00:00,2026-08-31T21:17:13.065+00:00,2026-08-31T21:17:13.065+00:00,0.470046,1.168826461000208,sqs-worker-5986dcd897-llwwh,ip-192-168-20-201.ec2.internal,c5e07a1e80bb5bc674a19a1540ea23f7b2528c282cedd7c2bd5abaaad3831bb3,1,1455.0,2624.0
1,hpa-poisson-808-f2c81b68,000057,36.137519,2026-08-31T21:17:11.189+00:00,2026-08-31T21:17:11.245+00:00,2026-08-31T21:17:12.233+00:00,2026-08-31T21:17:12.233+00:00,2026-08-31T21:17:13.584+00:00,2026-08-31T21:17:13.584+00:00,0.437741,1.3510984709992044,sqs-worker-5986dcd897-x8rdl,ip-192-168-20-201.ec2.internal,1c5fcaac3532c6231fc4d0df9fb07097e7db626dc9de739aa01be282cf8dc102,1,988.0,2339.0
1,hpa-poisson-808-f2c81b68,000059,37.032628,2026-08-31T21:17:12.084+00:00,2026-08-31T21:17:12.137+00:00,2026-08-31T21:17:13.095+00:00,2026-08-31T21:17:13.095+00:00,2026-08-31T21:17:14.175+00:00,2026-08-31T21:17:14.175+00:00,0.446498,1.0802629760000855,sqs-worker-5986dcd897-llwwh,ip-192-168-20-201.ec2.internal,5960de97e6425b56c64d2590e9f68b8461ff684d3fb76786a64fe27cf2e060c4,1,958.0,2037.9999999999998
1,hpa-poisson-808-f2c81b68,000058,36.961002,2026-08-31T21:17:12.013+00:00,2026-08-31T21:17:12.071+00:00,2026-08-31T21:17:13.600+00:00,2026-08-31T21:17:13.600+00:00,2026-08-31T21:17:14.410+00:00,2026-08-31T21:17:14.410+00:00,0.335299,0.8101006250017235,sqs-worker-5986dcd897-x8rdl,ip-192-168-20-201.ec2.internal,0161e9a648d794efcccf378b1dff3d1b37bb714ea085ec068db3151b04bbc60b,1,1529.0,2339.0
1,hpa-poisson-808-f2c81b68,000061,38.24701,2026-08-31T21:17:13.299+00:00,2026-08-31T21:17:13.352+00:00,2026-08-31T21:17:14.618+00:00,2026-08-31T21:17:14.618+00:00,2026-08-31T21:17:14.626+00:00,2026-08-31T21:17:14.626+00:00,0.008233,0.008286974998554797,sqs-worker-5986dcd897-llwwh,ip-192-168-20-201.ec2.internal,1d11acdbaf1f854e4f1e515434c5a3f021fcf53540b63fd7fcdfbb8b7ca40f84,1,1266.0,1274.0
1,hpa-poisson-808-f2c81b68,000062,38.961534,2026-08-31T21:17:14.013+00:00,2026-08-31T21:17:14.068+00:00,2026-08-31T21:17:14.646+00:00,2026-08-31T21:17:14.646+00:00,2026-08-31T21:17:14.981+00:00,2026-08-31T21:17:14.981+00:00,0.146061,0.334766142999797,sqs-worker-5986dcd897-llwwh,ip-192-168-20-201.ec2.internal,aade8096bc060ec356a6f528f2ca9eec2857726f41fa0db2448c7768c8887a2a,1,578.0,913.0
1,hpa-poisson-808-f2c81b68,000063,39.533854,2026-08-31T21:17:14.585+00:00,2026-08-31T21:17:14.639+00:00,2026-08-31T21:17:14.718+00:00,2026-08-31T21:17:14.718+00:00,2026-08-31T21:17:15.006+00:00,2026-08-31T21:17:15.007+00:00,0.128455,0.28811158099961176,sqs-worker-5986dcd897-x8rdl,ip-192-168-20-201.ec2.internal,4303ce89a8adc755546299898e2aefb95d49d18757d925cf8421690b1d2e0ccf,1,79.0,367.0
1,hpa-poisson-808-f2c81b68,000056,35.745224,2026-08-31T21:17:10.797+00:00,2026-08-31T21:17:10.851+00:00,2026-08-31T21:17:14.450+00:00,2026-08-31T21:17:14.450+00:00,2026-08-31T21:17:14.694+00:00,2026-08-31T21:17:14.694+00:00,0.102117,0.24351363700043294,sqs-worker-5986dcd897-x8rdl,ip-192-168-20-201.ec2.internal,5e97704fc89926403f861789ed16d95c2f3bc3e9a1708e88c67c10dfb6df906a,1,3599.0,3843.0
1,hpa-poisson-808-f2c81b68,000060,37.26428,2026-08-31T21:17:12.316+00:00,2026-08-31T21:17:12.371+00:00,2026-08-31T21:17:14.207+00:00,2026-08-31T21:17:14.207+00:00,2026-08-31T21:17:14.578+00:00,2026-08-31T21:17:14.578+00:00,0.157826,0.37070666500039806,sqs-worker-5986dcd897-llwwh,ip-192-168-20-201.ec2.internal,6ddaccd27f4869edca59b57daa1639917d680b18b8ba85e4aba71aa795c91edd,1,1836.0,2207.0
1,hpa-poisson-808-f2c81b68,000064,40.672914,2026-08-31T21:17:15.725+00:00,2026-08-31T21:17:15.783+00:00,2026-08-31T21:17:15.787+00:00,2026-08-31T21:17:15.787+00:00,2026-08-31T21:17:16.019+00:00,2026-08-31T21:17:16.019+00:00,0.116721,0.23253697300060594,sqs-worker-5986dcd897-x8rdl,ip-192-168-20-201.ec2.internal,97449c8d736ca33db0807951571707cf25f830ee0ae0c20cdfd371a84331002f,1,4.0,236.0
1,hpa-poisson-808-f2c81b68,000065,43.17636,2026-08-31T21:17:18.230+00:00,2026-08-31T21:17:18.283+00:00,2026-08-31T21:17:18.288+00:00,2026-08-31T21:17:18.288+00:00,2026-08-31T21:17:18.505+00:00,2026-08-31T21:17:18.505+00:00,0.101233,0.21660266799881356,sqs-worker-5986dcd897-x8rdl,ip-192-168-20-201.ec2.internal,0162831252b29a7d5578f3a3aa9e22592b4d51e71cf8bbfa355614ab600a086b,1,5.0,222.0
1,hpa-poisson-808-f2c81b68,000066,43.774825,2026-08-31T21:17:18.826+00:00,2026-08-31T21:17:18.884+00:00,2026-08-31T21:17:18.888+00:00,2026-08-31T21:17:18.888+00:00,2026-08-31T21:17:19.108+00:00,2026-08-31T21:17:19.108+00:00,0.105301,0.21979131000080088,sqs-worker-5986dcd897-x8rdl,ip-192-168-20-201.ec2.internal,42bde3b452e6318de4a80bc49571ca38c260a12055ae6e3fff2eb4437b02bb1e,1,4.0,224.0
1,hpa-poisson-808-f2c81b68,000067,44.061162,2026-08-31T21:17:19.112+00:00,2026-08-31T21:17:19.171+00:00,2026-08-31T21:17:19.175+00:00,2026-08-31T21:17:19.175+00:00,2026-08-31T21:17:19.382+00:00,2026-08-31T21:17:19.382+00:00,0.087088,0.20669706599983328,sqs-worker-5986dcd897-x8rdl,ip-192-168-20-201.ec2.internal,abb1f18a75d997c332156a68c47f5e8a208e28eee0cb70cde49c228cf16910af,1,4.0,211.0
1,hpa-poisson-808-f2c81b68,000068,45.125029,2026-08-31T21:17:20.177+00:00,2026-08-31T21:17:20.229+00:00,2026-08-31T21:17:20.277+00:00,2026-08-31T21:17:20.277+00:00,2026-08-31T21:17:20.985+00:00,2026-08-31T21:17:20.985+00:00,0.136678,0.7086137839996809,sqs-worker-5986dcd897-x8rdl,ip-192-168-20-201.ec2.internal,91430c7fb6ed1336a11d4451f8bce2dbe9271466a29aae4a4f2ee54d87cf839f,1,48.0,756.0
1,hpa-poisson-808-f2c81b68,000069,45.604173,2026-08-31T21:17:20.656+00:00,2026-08-31T21:17:20.710+00:00,2026-08-31T21:17:20.727+00:00,2026-08-31T21:17:20.727+00:00,2026-08-31T21:17:21.471+00:00,2026-08-31T21:17:21.471+00:00,0.326257,0.7442422490003082,sqs-worker-5986dcd897-llwwh,ip-192-168-20-201.ec2.internal,7296a283b111cdc04bc5c4bdfe3cf43a53e8e897cc90a00fac5be502cd39a836,1,17.0,761.0
1,hpa-poisson-808-f2c81b68,000071,46.19654,2026-08-31T21:17:21.247+00:00,2026-08-31T21:17:21.303+00:00,2026-08-31T21:17:21.307+00:00,2026-08-31T21:17:21.307+00:00,2026-08-31T21:17:22.043+00:00,2026-08-31T21:17:22.043+00:00,0.317926,0.7362820790003752,sqs-worker-5986dcd897-c7fcm,ip-192-168-20-201.ec2.internal,79d91359a7e9fbabc5fbac189832421ea3d3a14dfe46fb29d89c0e96d5de7cd3,1,4.0,740.0
1,hpa-poisson-808-f2c81b68,000070,45.966423,2026-08-31T21:17:21.016+00:00,2026-08-31T21:17:21.073+00:00,2026-08-31T21:17:21.100+00:00,2026-08-31T21:17:21.100+00:00,2026-08-31T21:17:22.100+00:00,2026-08-31T21:17:22.100+00:00,0.238992,1.0005740599990531,sqs-worker-5986dcd897-x8rdl,ip-192-168-20-201.ec2.internal,cfa88905aff0e8bf3cb04aa95d922bf9ddabf46a41f0c4aaa07e63dc21a1d767,1,27.0,1027.0
1,hpa-poisson-808-f2c81b68,000072,46.604144,2026-08-31T21:17:21.654+00:00,2026-08-31T21:17:21.711+00:00,2026-08-31T21:17:21.714+00:00,2026-08-31T21:17:21.714+00:00,2026-08-31T21:17:22.102+00:00,2026-08-31T21:17:22.102+00:00,0.196423,0.3877900750012486,sqs-worker-5986dcd897-llwwh,ip-192-168-20-201.ec2.internal,33b64c783f9f4b5c80684c4f6ffd7815ed9789eefd179d4748880094e6c72099,1,3.0,391.0
1,hpa-poisson-808-f2c81b68,000073,49.63782,2026-08-31T21:17:24.688+00:00,2026-08-31T21:17:24.743+00:00,2026-08-31T21:17:24.746+00:00,2026-08-31T21:17:24.746+00:00,2026-08-31T21:17:24.806+00:00,2026-08-31T21:17:24.806+00:00,0.059199,0.05930061300023226,sqs-worker-5986dcd897-llwwh,ip-192-168-20-201.ec2.internal,e261c25698f592f98873cfe4f2b7b33d788a8be797e28e2434c4d58bbde60970,1,3.0,63.0
1,hpa-poisson-808-f2c81b68,000075,50.956792,2026-08-31T21:17:26.007+00:00,2026-08-31T21:17:26.062+00:00,2026-08-31T21:17:26.066+00:00,2026-08-31T21:17:26.066+00:00,2026-08-31T21:17:26.083+00:00,2026-08-31T21:17:26.083+00:00,0.016875,0.01696277500013821,sqs-worker-5986dcd897-llwwh,ip-192-168-20-201.ec2.internal,eda938182fbaf85560d1da7b64a22e489a77a3f1a879a5bb59b26c85a28c043f,1,4.0,21.0
1,hpa-poisson-808-f2c81b68,000074,50.6804,2026-08-31T21:17:25.731+00:00,2026-08-31T21:17:25.788+00:00,2026-08-31T21:17:25.791+00:00,2026-08-31T21:17:25.791+00:00,2026-08-31T21:17:26.633+00:00,2026-08-31T21:17:26.633+00:00,0.358067,0.8416329110004881,sqs-worker-5986dcd897-x8rdl,ip-192-168-20-201.ec2.internal,61092b1041cbc1564a7751b66715aca5bf27f156d3a8dae2a15a9b2959b9f5dd,1,3.0,845.0
1,hpa-poisson-808-f2c81b68,000077,51.407991,2026-08-31T21:17:26.458+00:00,2026-08-31T21:17:26.518+00:00,2026-08-31T21:17:26.522+00:00,2026-08-31T21:17:26.522+00:00,2026-08-31T21:17:26.613+00:00,2026-08-31T21:17:26.613+00:00,0.060493,0.09180083600040234,sqs-worker-5986dcd897-c7fcm,ip-192-168-20-201.ec2.internal,bc02a901c2ea1c7faafc531891404c7f6dbdbdb265924757247a77fadd090d9d,1,4.0,95.0
1,hpa-poisson-808-f2c81b68,000076,51.29006,2026-08-31T21:17:26.340+00:00,2026-08-31T21:17:26.396+00:00,2026-08-31T21:17:26.412+00:00,2026-08-31T21:17:26.412+00:00,2026-08-31T21:17:27.001+00:00,2026-08-31T21:17:27.001+00:00,0.115109,0.5887536520003778,sqs-worker-5986dcd897-llwwh,ip-192-168-20-201.ec2.internal,19b6298caad7dddc7c1fc4060bc51a6b57a3a8ae4e0afef5e537644a8c911c9d,1,16.0,605.0
1,hpa-poisson-808-f2c81b68,000078,51.551802,2026-08-31T21:17:26.602+00:00,2026-08-31T21:17:26.658+00:00,2026-08-31T21:17:26.665+00:00,2026-08-31T21:17:26.665+00:00,2026-08-31T21:17:26.833+00:00,2026-08-31T21:17:26.833+00:00,0.072496,0.16810965599870542,sqs-worker-5986dcd897-c7fcm,ip-192-168-20-201.ec2.internal,95e8ac94cc6593246275774878e0e96b81164c8981659d87d78fd567436dd1ba,1,7.0,175.0
1,hpa-poisson-808-f2c81b68,000080,52.819994,2026-08-31T21:17:27.871+00:00,2026-08-31T21:17:27.926+00:00,2026-08-31T21:17:27.930+00:00,2026-08-31T21:17:27.930+00:00,2026-08-31T21:17:28.099+00:00,2026-08-31T21:17:28.099+00:00,0.096127,0.168571336000241,sqs-worker-5986dcd897-x8rdl,ip-192-168-20-201.ec2.internal,fa5292d20e60cb4167b2dfd1c258108dff529d98a80bdaf36f6577dbbac8e0a9,1,4.0,173.0
1,hpa-poisson-808-f2c81b68,000079,51.634422,2026-08-31T21:17:26.684+00:00,2026-08-31T21:17:26.735+00:00,2026-08-31T21:17:26.738+00:00,2026-08-31T21:17:26.738+00:00,2026-08-31T21:17:27.193+00:00,2026-08-31T21:17:27.193+00:00,0.181649,0.4545699739992415,sqs-worker-5986dcd897-x8rdl,ip-192-168-20-201.ec2.internal,23e7c4a710c1bcbb504e3543d712dc8b59e7ffd443e6ea28a50b26adc226e6d7,1,3.0,458.0
1,hpa-poisson-808-f2c81b68,000082,53.796171,2026-08-31T21:17:28.846+00:00,2026-08-31T21:17:28.906+00:00,2026-08-31T21:17:28.909+00:00,2026-08-31T21:17:28.910+00:00,2026-08-31T21:17:28.991+00:00,2026-08-31T21:17:28.991+00:00,0.043222,0.081058720999863,sqs-worker-5986dcd897-c7fcm,ip-192-168-20-201.ec2.internal,683ddbdc8eb07530ca249529df01f05c0e018e21217105b6216339d6aa5f83bb,1,3.0,85.0
1,hpa-poisson-808-f2c81b68,000081,53.670172,2026-08-31T21:17:28.721+00:00,2026-08-31T21:17:28.771+00:00,2026-08-31T21:17:28.775+00:00,2026-08-31T21:17:28.775+00:00,2026-08-31T21:17:28.968+00:00,2026-08-31T21:17:28.968+00:00,0.08303,0.1927607950001402,sqs-worker-5986dcd897-llwwh,ip-192-168-20-201.ec2.internal,c896344545adc08cec015719f739d4eaf3917093bc36a330d8b8a764ca6a003a,1,4.0,197.0
1,hpa-poisson-808-f2c81b68,000084,54.656748,2026-08-31T21:17:29.707+00:00,2026-08-31T21:17:29.761+00:00,2026-08-31T21:17:29.764+00:00,2026-08-31T21:17:29.764+00:00,2026-08-31T21:17:29.810+00:00,2026-08-31T21:17:29.811+00:00,0.034649,0.046212073999413406,sqs-worker-5986dcd897-c7fcm,ip-192-168-20-201.ec2.internal,215693a4257cc6ba6268602d6a3c76316840de3795e9a49921a4ab6fed003db4,1,3.0,49.0
1,hpa-poisson-808-f2c81b68,000083,53.842176,2026-08-31T21:17:28.892+00:00,2026-08-31T21:17:28.943+00:00,2026-08-31T21:17:28.947+00:00,2026-08-31T21:17:28.947+00:00,2026-08-31T21:17:30.395+00:00,2026-08-31T21:17:30.395+00:00,0.460613,1.4475484029990184,sqs-worker-5986dcd897-x8rdl,ip-192-168-20-201.ec2.internal,1213981bace32564f10679d80b143dccecae50a84cc3134b2fa0bb290d24a14f,1,4.0,1452.0
1,hpa-poisson-808-f2c81b68,000085,55.177605,2026-08-31T21:17:30.228+00:00,2026-08-31T21:17:30.279+00:00,2026-08-31T21:17:30.283+00:00,2026-08-31T21:17:30.283+00:00,2026-08-31T21:17:31.297+00:00,2026-08-31T21:17:31.297+00:00,0.167521,1.0143732689994067,sqs-worker-5986dcd897-c7fcm,ip-192-168-20-201.ec2.internal,119c73dd8f9caa8cbd477eefb9e5a1eae2eca4e3a8ee5c69dfd53a5084d95dd4,1,4.0,1018.0
1,hpa-poisson-808-f2c81b68,000087,56.020113,2026-08-31T21:17:31.070+00:00,2026-08-31T21:17:31.124+00:00,2026-08-31T21:17:31.128+00:00,2026-08-31T21:17:31.128+00:00,2026-08-31T21:17:31.309+00:00,2026-08-31T21:17:31.309+00:00,0.049282,0.18148046100031934,sqs-worker-5986dcd897-x8rdl,ip-192-168-20-201.ec2.internal,d55020cfb813e0e9beb8d2aea0df509ed8d940d588be6996c4d7daf5bd96d1e4,1,4.0,185.0
1,hpa-poisson-808-f2c81b68,000086,55.932536,2026-08-31T21:17:30.983+00:00,2026-08-31T21:17:31.032+00:00,2026-08-31T21:17:31.037+00:00,2026-08-31T21:17:31.037+00:00,2026-08-31T21:17:31.370+00:00,2026-08-31T21:17:31.370+00:00,0.146967,0.33263733799867623,sqs-worker-5986dcd897-llwwh,ip-192-168-20-201.ec2.internal,0ac03b28e0e2a8f96364942929bea2d561c0a3b65da70fe305a121ec7940ddd6,1,5.0,338.0
1,hpa-poisson-808-f2c81b68,000088,56.197682,2026-08-31T21:17:31.248+00:00,2026-08-31T21:17:31.301+00:00,2026-08-31T21:17:31.347+00:00,2026-08-31T21:17:31.347+00:00,2026-08-31T21:17:31.805+00:00,2026-08-31T21:17:31.805+00:00,0.075419,0.4583243040015077,sqs-worker-5986dcd897-c7fcm,ip-192-168-20-201.ec2.internal,7d3b95680d054021c0add1dc56f816ccc69986d69ddf162bba01a2541cdc717c,1,46.0,504.0
1,hpa-poisson-808-f2c81b68,000089,59.577412,2026-08-31T21:17:34.628+00:00,2026-08-31T21:17:34.683+00:00,2026-08-31T21:17:34.696+00:00,2026-08-31T21:17:34.696+00:00,2026-08-31T21:17:34.701+00:00,2026-08-31T21:17:34.701+00:00,0.005,0.005064312001195503,sqs-worker-5986dcd897-c7fcm,ip-192-168-20-201.ec2.internal,ed00f5e2793931bb7c58692a5e25d713f6dd140c992284030bfeb5220be2a1a7,1,13.0,18.0
1,hpa-poisson-808-f2c81b68,000090,59.5802,2026-08-31T21:17:34.630+00:00,2026-08-31T21:17:34.681+00:00,2026-08-31T21:17:34.686+00:00,2026-08-31T21:17:34.686+00:00,2026-08-31T21:17:34.790+00:00,2026-08-31T21:17:34.790+00:00,0.047149,0.10378471900003206,sqs-worker-5986dcd897-x8rdl,ip-192-168-20-201.ec2.internal,f20ac365579f0e90eb9e5de990c71b5892f2b625f3387fa8f84de768feb5e936,1,5.0,109.0
1,hpa-poisson-808-f2c81b68,000092,60.13206,2026-08-31T21:17:35.182+00:00,2026-08-31T21:17:35.232+00:00,2026-08-31T21:17:35.237+00:00,2026-08-31T21:17:35.237+00:00,2026-08-31T21:17:35.367+00:00,2026-08-31T21:17:35.367+00:00,0.061846,0.12991803799923218,sqs-worker-5986dcd897-llwwh,ip-192-168-20-201.ec2.internal,710e66698512de6ec42c1da7f847520809468d510fd72dcc7bb868b7255f6b2c,1,5.0,135.0
1,hpa-poisson-808-f2c81b68,000094,60.255373,2026-08-31T21:17:35.305+00:00,2026-08-31T21:17:35.362+00:00,2026-08-31T21:17:35.404+00:00,2026-08-31T21:17:35.404+00:00,2026-08-31T21:17:35.577+00:00,2026-08-31T21:17:35.577+00:00,0.084842,0.17360429399923305,sqs-worker-5986dcd897-llwwh,ip-192-168-20-201.ec2.internal,de43e7e22027b34c05ea2eba4e05f88ee7da4ebccee65d83bdd2af6fa006fb83,1,42.0,215.0
1,hpa-poisson-808-f2c81b68,000091,60.11592,2026-08-31T21:17:35.166+00:00,2026-08-31T21:17:35.224+00:00,2026-08-31T21:17:35.228+00:00,2026-08-31T21:17:35.228+00:00,2026-08-31T21:17:35.806+00:00,2026-08-31T21:17:35.806+00:00,0.252405,0.578356881000218,sqs-worker-5986dcd897-c7fcm,ip-192-168-20-201.ec2.internal,0ed22e0f7c8d9a5fc3b8f03824ebcbc97b30a9ac9dfcdc91aca9c2e9b198e219,1,4.0,582.0
1,hpa-poisson-808-f2c81b68,000093,60.194268,2026-08-31T21:17:35.244+00:00,2026-08-31T21:17:35.297+00:00,2026-08-31T21:17:35.301+00:00,2026-08-31T21:17:35.301+00:00,2026-08-31T21:17:36.092+00:00,2026-08-31T21:17:36.092+00:00,0.325367,0.7912643870004104,sqs-worker-5986dcd897-x8rdl,ip-192-168-20-201.ec2.internal,642bc3111e0e540724c15f330a4ef5aa5932d4ef0282726d7c4e8fbba06df2e0,1,4.0,795.0
1,hpa-poisson-808-f2c81b68,000097,61.394149,2026-08-31T21:17:36.444+00:00,2026-08-31T21:17:36.497+00:00,2026-08-31T21:17:36.547+00:00,2026-08-31T21:17:36.547+00:00,2026-08-31T21:17:36.552+00:00,2026-08-31T21:17:36.552+00:00,0.005,0.00511483799891721,sqs-worker-5986dcd897-sttgl,ip-192-168-20-201.ec2.internal,32c40b31fe1ed573bca26b714f3fa79ee23498f0998b239ee3c0d22a0942d6f5,1,50.0,55.0
1,hpa-poisson-808-f2c81b68,000096,61.270981,2026-08-31T21:17:36.321+00:00,2026-08-31T21:17:36.379+00:00,2026-08-31T21:17:36.384+00:00,2026-08-31T21:17:36.384+00:00,2026-08-31T21:17:36.608+00:00,2026-08-31T21:17:36.608+00:00,0.101042,0.22412101100053405,sqs-worker-5986dcd897-x8rdl,ip-192-168-20-201.ec2.internal,5b15a9b221c0f8d7f8369405d058331bbc3e397d8ac7d11c7bd06e63a55ae32b,1,5.0,229.0
1,hpa-poisson-808-f2c81b68,000098,62.007164,2026-08-31T21:17:37.058+00:00,2026-08-31T21:17:37.113+00:00,2026-08-31T21:17:37.119+00:00,2026-08-31T21:17:37.119+00:00,2026-08-31T21:17:37.414+00:00,2026-08-31T21:17:37.414+00:00,0.143043,0.2947896160003438,sqs-worker-5986dcd897-c7fcm,ip-192-168-20-201.ec2.internal,db8f803174c6185203ea62cb7c722f80a10a6bd3316f4e4a75cfb0cbde0e1048,1,6.0,301.0
1,hpa-poisson-808-f2c81b68,000099,62.786447,2026-08-31T21:17:37.837+00:00,2026-08-31T21:17:37.894+00:00,2026-08-31T21:17:37.898+00:00,2026-08-31T21:17:37.898+00:00,2026-08-31T21:17:37.906+00:00,2026-08-31T21:17:37.906+00:00,0.007555,0.007591588000650518,sqs-worker-5986dcd897-c7fcm,ip-192-168-20-201.ec2.internal,30e0742587c2bcdf31a94631cfa8eb26243008d17d674c34ba8885bcfd374b18,1,4.0,12.0
1,hpa-poisson-808-f2c81b68,000095,60.696462,2026-08-31T21:17:35.747+00:00,2026-08-31T21:17:35.803+00:00,2026-08-31T21:17:35.813+00:00,2026-08-31T21:17:35.813+00:00,2026-08-31T21:17:39.908+00:00,2026-08-31T21:17:39.908+00:00,1.0,4.095596688999649,sqs-worker-5986dcd897-llwwh,ip-192-168-20-201.ec2.internal,cb6071620e8a31a922b1925656703786c175b15877a5061f9ef6054df33d528a,1,10.0,4105.0
1,hpa-poisson-808-f2c81b68,000101,64.908978,2026-08-31T21:17:39.959+00:00,2026-08-31T21:17:40.011+00:00,2026-08-31T21:17:40.014+00:00,2026-08-31T21:17:40.014+00:00,2026-08-31T21:17:40.048+00:00,2026-08-31T21:17:40.048+00:00,0.033467,0.03353211900139286,sqs-worker-5986dcd897-llwwh,ip-192-168-20-201.ec2.internal,95ac329f94aba210b09bc407be7b955b8c7a42cdbe2fc566b68db7022b6906f1,1,3.0,37.0
1,hpa-poisson-808-f2c81b68,000103,65.432887,2026-08-31T21:17:40.483+00:00,2026-08-31T21:17:40.536+00:00,2026-08-31T21:17:40.541+00:00,2026-08-31T21:17:40.541+00:00,2026-08-31T21:17:40.826+00:00,2026-08-31T21:17:40.826+00:00,0.150689,0.2853523670000868,sqs-worker-5986dcd897-c7fcm,ip-192-168-20-201.ec2.internal,0673850714795333f856e3c825c94a420741e446b64320084e1138912c7f4501,1,5.0,290.0
1,hpa-poisson-808-f2c81b68,000100,64.24119,2026-08-31T21:17:39.292+00:00,2026-08-31T21:17:39.351+00:00,2026-08-31T21:17:39.355+00:00,2026-08-31T21:17:39.355+00:00,2026-08-31T21:17:40.992+00:00,2026-08-31T21:17:40.992+00:00,0.410851,1.6372465079984977,sqs-worker-5986dcd897-x8rdl,ip-192-168-20-201.ec2.internal,5a16e5afb834170ac8f9d001634772875abe7bc9d53d48474a9058c43cf3800b,1,4.0,1641.0
1,hpa-poisson-808-f2c81b68,000102,65.009519,2026-08-31T21:17:40.059+00:00,2026-08-31T21:17:40.111+00:00,2026-08-31T21:17:40.115+00:00,2026-08-31T21:17:40.115+00:00,2026-08-31T21:17:41.376+00:00,2026-08-31T21:17:41.376+00:00,0.543779,1.261328054999467,sqs-worker-5986dcd897-sttgl,ip-192-168-20-201.ec2.internal,7b14725b2f44e0f6e9e06c7a19bef04bfcb31c63fefb09c6ca003e94ba73c564,1,4.0,1265.0
1,hpa-poisson-808-f2c81b68,000104,67.645675,2026-08-31T21:17:42.698+00:00,2026-08-31T21:17:42.751+00:00,2026-08-31T21:17:42.797+00:00,2026-08-31T21:17:42.797+00:00,2026-08-31T21:17:42.905+00:00,2026-08-31T21:17:42.905+00:00,0.029624,0.1087562889988476,sqs-worker-5986dcd897-c7fcm,ip-192-168-20-201.ec2.internal,174f364936cbf962d96012ac9e9481aa7b39d4bb62bb082ff33a114784b0a19c,1,46.0,154.0
1,hpa-poisson-808-f2c81b68,000107,68.771471,2026-08-31T21:17:43.822+00:00,2026-08-31T21:17:43.878+00:00,2026-08-31T21:17:43.882+00:00,2026-08-31T21:17:43.882+00:00,2026-08-31T21:17:43.893+00:00,2026-08-31T21:17:43.893+00:00,0.010817,0.010894220999034587,sqs-worker-5986dcd897-llwwh,ip-192-168-20-201.ec2.internal,74cc5211fe612a05254178d5ab8cb339e41809260006fc2fe82c7afb3022134f,1,4.0,15.0
1,hpa-poisson-808-f2c81b68,000105,67.938029,2026-08-31T21:17:42.988+00:00,2026-08-31T21:17:43.040+00:00,2026-08-31T21:17:43.045+00:00,2026-08-31T21:17:43.045+00:00,2026-08-31T21:17:43.889+00:00,2026-08-31T21:17:43.889+00:00,0.36146,0.8434793960004754,sqs-worker-5986dcd897-x8rdl,ip-192-168-20-201.ec2.internal,a7a2f4c7c59424a419a888bccb52823c1ba47e6011cfc86b5e66c866b11ebe58,1,5.0,849.0
1,hpa-poisson-808-f2c81b68,000108,68.782491,2026-08-31T21:17:43.832+00:00,2026-08-31T21:17:43.892+00:00,2026-08-31T21:17:43.895+00:00,2026-08-31T21:17:43.896+00:00,2026-08-31T21:17:44.054+00:00,2026-08-31T21:17:44.054+00:00,0.088181,0.15885052899830043,sqs-worker-5986dcd897-sttgl,ip-192-168-20-201.ec2.internal,66cb43399726e06b152ded1020cf4cc83b7cba3ceeb312a6b7aa843ebe0ed05f,1,3.0,162.0
1,hpa-poisson-808-f2c81b68,000109,69.224187,2026-08-31T21:17:44.274+00:00,2026-08-31T21:17:44.341+00:00,2026-08-31T21:17:44.349+00:00,2026-08-31T21:17:44.349+00:00,2026-08-31T21:17:44.591+00:00,2026-08-31T21:17:44.591+00:00,0.126232,0.24147687700133247,sqs-worker-5986dcd897-llwwh,ip-192-168-20-201.ec2.internal,5a22f18ac66c003261651f244b0ad8e45c3ac0dd2f9749404c6d86e8d0cffb05,1,8.0,250.0
1,hpa-poisson-808-f2c81b68,000106,68.524235,2026-08-31T21:17:43.575+00:00,2026-08-31T21:17:43.628+00:00,2026-08-31T21:17:43.636+00:00,2026-08-31T21:17:43.636+00:00,2026-08-31T21:17:43.994+00:00,2026-08-31T21:17:43.994+00:00,0.167973,0.3580578269993566,sqs-worker-5986dcd897-c7fcm,ip-192-168-20-201.ec2.internal,e8665dae413da9b1937df5591c69bf2b8c81bbd004a5d11b2e70af24f6cff1df,1,8.0,366.0
1,hpa-poisson-808-f2c81b68,000110,69.376388,2026-08-31T21:17:44.426+00:00,2026-08-31T21:17:44.477+00:00,2026-08-31T21:17:44.482+00:00,2026-08-31T21:17:44.482+00:00,2026-08-31T21:17:44.696+00:00,2026-08-31T21:17:44.696+00:00,0.094444,0.2146127960004378,sqs-worker-5986dcd897-c7fcm,ip-192-168-20-201.ec2.internal,b66d9ebd8d5eb944e5b561cc7612d21bf51e0670562d7580179c31c9ad90952f,1,5.0,219.0
1,hpa-poisson-808-f2c81b68,000111,72.158163,2026-08-31T21:17:47.211+00:00,2026-08-31T21:17:47.263+00:00,2026-08-31T21:17:47.277+00:00,2026-08-31T21:17:47.277+00:00,2026-08-31T21:17:47.679+00:00,2026-08-31T21:17:47.679+00:00,0.086339,0.40197161399919423,sqs-worker-5986dcd897-llwwh,ip-192-168-20-201.ec2.internal,ff4f238b6578e5bf814f9414fe8523cf95f74922fb9cb27d39d327c0d8b2ae1d,1,14.0,416.0
1,hpa-poisson-808-f2c81b68,000112,72.558872,2026-08-31T21:17:47.609+00:00,2026-08-31T21:17:47.663+00:00,2026-08-31T21:17:47.676+00:00,2026-08-31T21:17:47.676+00:00,2026-08-31T21:17:48.099+00:00,2026-08-31T21:17:48.099+00:00,0.187192,0.42321060100039176,sqs-worker-5986dcd897-c7fcm,ip-192-168-20-201.ec2.internal,9543247c5848f7f8de13169deb3cb36471a6c62b55d6ca43fff8fa9e91148104,1,13.0,436.0
1,hpa-poisson-808-f2c81b68,000113,74.031679,2026-08-31T21:17:49.083+00:00,2026-08-31T21:17:49.137+00:00,2026-08-31T21:17:49.140+00:00,2026-08-31T21:17:49.140+00:00,2026-08-31T21:17:49.782+00:00,2026-08-31T21:17:49.782+00:00,0.280096,0.6416850389996398,sqs-worker-5986dcd897-llwwh,ip-192-168-20-201.ec2.internal,59a48f21193aa8a734b200bb9725a7540ab6d946c6f8c7a7834fdf175f735199,1,3.0,645.0
1,hpa-poisson-808-f2c81b68,000114,75.065239,2026-08-31T21:17:50.116+00:00,2026-08-31T21:17:50.171+00:00,2026-08-31T21:17:50.174+00:00,2026-08-31T21:17:50.174+00:00,2026-08-31T21:17:50.775+00:00,2026-08-31T21:17:50.775+00:00,0.24937,0.600415602000794,sqs-worker-5986dcd897-llwwh,ip-192-168-20-201.ec2.internal,845765ef943bc177741b56bbea7e6d25cdeace834df36c57f916483366fc699b,1,3.0,604.0
1,hpa-poisson-808-f2c81b68,000117,75.732075,2026-08-31T21:17:50.782+00:00,2026-08-31T21:17:50.836+00:00,2026-08-31T21:17:50.852+00:00,2026-08-31T21:17:50.852+00:00,2026-08-31T21:17:51.074+00:00,2026-08-31T21:17:51.074+00:00,0.104624,0.22279986899957294,sqs-worker-5986dcd897-llwwh,ip-192-168-20-201.ec2.internal,e04cbb11caf7a8ccdaf3a45695f84c9af576bf19e3228671eb618506ed21a975,1,16.0,238.0
1,hpa-poisson-808-f2c81b68,000118,75.807256,2026-08-31T21:17:50.857+00:00,2026-08-31T21:17:50.909+00:00,2026-08-31T21:17:50.917+00:00,2026-08-31T21:17:50.917+00:00,2026-08-31T21:17:51.145+00:00,2026-08-31T21:17:51.145+00:00,0.11288,0.228360753000743,sqs-worker-5986dcd897-sttgl,ip-192-168-20-201.ec2.internal,a3f6d2e0a50a9feaca7d1db15878a259c894aabbebfb73301cdfea72eaa22eb8,1,8.0,236.0
1,hpa-poisson-808-f2c81b68,000116,75.614103,2026-08-31T21:17:50.664+00:00,2026-08-31T21:17:50.721+00:00,2026-08-31T21:17:50.725+00:00,2026-08-31T21:17:50.725+00:00,2026-08-31T21:17:51.713+00:00,2026-08-31T21:17:51.713+00:00,0.422134,0.9879377220004244,sqs-worker-5986dcd897-c7fcm,ip-192-168-20-201.ec2.internal,f42347d20300aecad15b598fc1d9921a93a3334764a0bdd67c2b9373429b96b5,1,4.0,992.0
1,hpa-poisson-808-f2c81b68,000115,75.341164,2026-08-31T21:17:50.391+00:00,2026-08-31T21:17:50.443+00:00,2026-08-31T21:17:50.487+00:00,2026-08-31T21:17:50.487+00:00,2026-08-31T21:17:52.293+00:00,2026-08-31T21:17:52.293+00:00,0.48048,1.8063412810006412,sqs-worker-5986dcd897-x8rdl,ip-192-168-20-201.ec2.internal,0ee8cae434294adbdecae5ce5c3939c923beea1acda8e08af9a3132a1e31d1d2,1,44.0,1850.0
1,hpa-poisson-808-f2c81b68,000119,76.859303,2026-08-31T21:17:51.909+00:00,2026-08-31T21:17:51.961+00:00,2026-08-31T21:17:51.966+00:00,2026-08-31T21:17:51.966+00:00,2026-08-31T21:17:52.348+00:00,2026-08-31T21:17:52.348+00:00,0.161631,0.3820103679991007,sqs-worker-5986dcd897-sttgl,ip-192-168-20-201.ec2.internal,62332807abd62937dad1958a776f647e74e93966e4dc1aee70160f8cac563c77,1,5.0,387.0
1,hpa-poisson-808-f2c81b68,000122,77.399774,2026-08-31T21:17:52.449+00:00,2026-08-31T21:17:52.504+00:00,2026-08-31T21:17:52.510+00:00,2026-08-31T21:17:52.510+00:00,2026-08-31T21:17:53.195+00:00,2026-08-31T21:17:53.195+00:00,0.297842,0.6853524100006325,sqs-worker-5986dcd897-x8rdl,ip-192-168-20-201.ec2.internal,59c62f08eff83d83c209a449261f448e77fed5bafbe4b028c9b89ad43f7afd4c,1,6.0,691.0
1,hpa-poisson-808-f2c81b68,000124,78.39276,2026-08-31T21:17:53.442+00:00,2026-08-31T21:17:53.499+00:00,2026-08-31T21:17:53.510+00:00,2026-08-31T21:17:53.510+00:00,2026-08-31T21:17:53.575+00:00,2026-08-31T21:17:53.575+00:00,0.051152,0.06527107100009744,sqs-worker-5986dcd897-llwwh,ip-192-168-20-201.ec2.internal,01d9b77d8f10660f1ae3f4348e9970bafefd9efd3701b240ae96caf4c1e6b62e,1,11.0,76.0
1,hpa-poisson-808-f2c81b68,000126,78.593661,2026-08-31T21:17:53.643+00:00,2026-08-31T21:17:53.698+00:00,2026-08-31T21:17:53.795+00:00,2026-08-31T21:17:53.795+00:00,2026-08-31T21:17:54.088+00:00,2026-08-31T21:17:54.088+00:00,0.054489,0.29353745200023695,sqs-worker-5986dcd897-c7fcm,ip-192-168-20-201.ec2.internal,4c0334341f6975a1528d346fc0f69c0535926560880bddc8dd396acf0c2a91bf,1,97.0,390.0
1,hpa-poisson-808-f2c81b68,000123,78.171192,2026-08-31T21:17:53.221+00:00,2026-08-31T21:17:53.280+00:00,2026-08-31T21:17:53.284+00:00,2026-08-31T21:17:53.284+00:00,2026-08-31T21:17:53.455+00:00,2026-08-31T21:17:53.455+00:00,0.089356,0.1717218439989665,sqs-worker-5986dcd897-sttgl,ip-192-168-20-201.ec2.internal,36cd988c3c83ff025e0d722b58ef5c50ae3c9b12694155668931c0d2be7bcef5,1,4.0,175.0
1,hpa-poisson-808-f2c81b68,000125,78.410034,2026-08-31T21:17:53.459+00:00,2026-08-31T21:17:53.517+00:00,2026-08-31T21:17:53.522+00:00,2026-08-31T21:17:53.522+00:00,2026-08-31T21:17:53.646+00:00,2026-08-31T21:17:53.646+00:00,0.063727,0.12362577999920177,sqs-worker-5986dcd897-sttgl,ip-192-168-20-201.ec2.internal,236fe322861a386ff04d5062a405341315ff548bc1a247ddcd80719c55788eac,1,5.0,129.0
1,hpa-poisson-808-f2c81b68,000121,77.075621,2026-08-31T21:17:52.124+00:00,2026-08-31T21:17:52.177+00:00,2026-08-31T21:17:52.182+00:00,2026-08-31T21:17:52.182+00:00,2026-08-31T21:17:53.187+00:00,2026-08-31T21:17:53.187+00:00,0.421899,1.0052900640002917,sqs-worker-5986dcd897-llwwh,ip-192-168-20-201.ec2.internal,e4ce54d46d81bdfeaa8f7a7734f0079377660d97744528bda44050d0ad8036bc,1,5.0,1010.0
1,hpa-poisson-808-f2c81b68,000120,76.884315,2026-08-31T21:17:51.933+00:00,2026-08-31T21:17:51.991+00:00,2026-08-31T21:17:51.995+00:00,2026-08-31T21:17:51.995+00:00,2026-08-31T21:17:53.293+00:00,2026-08-31T21:17:53.293+00:00,0.31937,1.2972738379994553,sqs-worker-5986dcd897-c7fcm,ip-192-168-20-201.ec2.internal,45adf74177955af23728a3ec12afb19a28b2ee790547a7eb1b7f2eb7c359566f,1,4.0,1302.0
1,hpa-poisson-808-f2c81b68,000127,79.169966,2026-08-31T21:17:54.219+00:00,2026-08-31T21:17:54.273+00:00,2026-08-31T21:17:54.277+00:00,2026-08-31T21:17:54.277+00:00,2026-08-31T21:17:54.805+00:00,2026-08-31T21:17:54.805+00:00,0.220657,0.5273381830011203,sqs-worker-5986dcd897-x8rdl,ip-192-168-20-201.ec2.internal,22517da2a64195be07d5a0052acd0acef9da8d1e3cee14ec5d9bac14f9097c4f,1,4.0,532.0
1,hpa-poisson-808-f2c81b68,000129,80.341834,2026-08-31T21:17:55.391+00:00,2026-08-31T21:17:55.444+00:00,2026-08-31T21:17:55.447+00:00,2026-08-31T21:17:55.447+00:00,2026-08-31T21:17:55.859+00:00,2026-08-31T21:17:55.859+00:00,0.173095,0.4117596649994084,sqs-worker-5986dcd897-sttgl,ip-192-168-20-201.ec2.internal,ccf75a2a4a065cff4a2b08858104b61d25ddcf2c7c9881ed584e868588595315,1,3.0,415.0
1,hpa-poisson-808-f2c81b68,000130,80.750855,2026-08-31T21:17:55.800+00:00,2026-08-31T21:17:55.860+00:00,2026-08-31T21:17:55.869+00:00,2026-08-31T21:17:55.869+00:00,2026-08-31T21:17:56.006+00:00,2026-08-31T21:17:56.006+00:00,0.079628,0.1373013409993291,sqs-worker-5986dcd897-x8rdl,ip-192-168-20-201.ec2.internal,f01d2a93b6eb216ae14c5d7ce20fc8d2f19c5efbb6635009ca01c55f8d6cd306,1,9.0,146.0
1,hpa-poisson-808-f2c81b68,000131,80.895292,2026-08-31T21:17:55.944+00:00,2026-08-31T21:17:56.000+00:00,2026-08-31T21:17:56.003+00:00,2026-08-31T21:17:56.003+00:00,2026-08-31T21:17:56.021+00:00,2026-08-31T21:17:56.021+00:00,0.015576,0.017587687998457113,sqs-worker-5986dcd897-sttgl,ip-192-168-20-201.ec2.internal,b60f946f4d45c5aeb78296b2843d4ac16e33c2361ec5f0bd6c97855ab5a0c8c2,1,3.0,21.0
1,hpa-poisson-808-f2c81b68,000128,80.209748,2026-08-31T21:17:55.259+00:00,2026-08-31T21:17:55.312+00:00,2026-08-31T21:17:55.316+00:00,2026-08-31T21:17:55.316+00:00,2026-08-31T21:17:56.204+00:00,2026-08-31T21:17:56.204+00:00,0.368064,0.8879812689992832,sqs-worker-5986dcd897-c7fcm,ip-192-168-20-201.ec2.internal,8428fb002754b36e607183fde61dcd3d09c819a5d00bab0fe7f49fe8a846af2d,1,4.0,892.0
1,hpa-poisson-808-f2c81b68,000132,81.222247,2026-08-31T21:17:56.271+00:00,2026-08-31T21:17:56.323+00:00,2026-08-31T21:17:56.330+00:00,2026-08-31T21:17:56.330+00:00,2026-08-31T21:17:56.602+00:00,2026-08-31T21:17:56.603+00:00,0.130119,0.2729314999996859,sqs-worker-5986dcd897-c7fcm,ip-192-168-20-201.ec2.internal,68cf8ba6a41f0f1305fe21226383ec8017a38dc7358fa464979bed4aadff0ec9,1,7.0,279.0
1,hpa-poisson-808-f2c81b68,000133,81.242367,2026-08-31T21:17:56.291+00:00,2026-08-31T21:17:56.344+00:00,2026-08-31T21:17:56.350+00:00,2026-08-31T21:17:56.350+00:00,2026-08-31T21:17:57.256+00:00,2026-08-31T21:17:57.256+00:00,0.174045,0.9052276630009146,sqs-worker-5986dcd897-sttgl,ip-192-168-20-201.ec2.internal,6cb693ecd2b6e877327a2ed0d2265cb043133614d8dd9351bd00697d759dff77,1,6.0,912.0
1,hpa-poisson-808-f2c81b68,000134,82.362949,2026-08-31T21:17:57.413+00:00,2026-08-31T21:17:57.468+00:00,2026-08-31T21:17:57.494+00:00,2026-08-31T21:17:57.494+00:00,2026-08-31T21:17:57.800+00:00,2026-08-31T21:17:57.800+00:00,0.137399,0.30618750500070746,sqs-worker-5986dcd897-x8rdl,ip-192-168-20-201.ec2.internal,9fb38bd353038683a922b4df5a7ff692544569d4ba8cabb4cee435949bd205ae,1,26.0,332.0
1,hpa-poisson-808-f2c81b68,000135,82.824044,2026-08-31T21:17:57.873+00:00,2026-08-31T21:17:57.926+00:00,2026-08-31T21:17:57.930+00:00,2026-08-31T21:17:57.930+00:00,2026-08-31T21:17:57.971+00:00,2026-08-31T21:17:57.971+00:00,0.041075,0.0411425420006708,sqs-worker-5986dcd897-llwwh,ip-192-168-20-201.ec2.internal,ee3ab8238a82b0b00fae93c4e116e3d8719c3a26c807891d064b1bd43786fc11,1,4.0,45.0
1,hpa-poisson-808-f2c81b68,000136,82.947706,2026-08-31T21:17:57.997+00:00,2026-08-31T21:17:58.050+00:00,2026-08-31T21:17:58.053+00:00,2026-08-31T21:17:58.053+00:00,2026-08-31T21:17:58.517+00:00,2026-08-31T21:17:58.517+00:00,0.218896,0.46346872999856714,sqs-worker-5986dcd897-c7fcm,ip-192-168-20-201.ec2.internal,a3b031a7ab8ddd7b7181df1f4ad9f6ac20ae77e596d0c1d163fd3667a25dda60,1,3.0,467.0
1,hpa-poisson-808-f2c81b68,000138,83.441354,2026-08-31T21:17:58.490+00:00,2026-08-31T21:17:58.541+00:00,2026-08-31T21:17:58.544+00:00,2026-08-31T21:17:58.544+00:00,2026-08-31T21:17:58.753+00:00,2026-08-31T21:17:58.753+00:00,0.091353,0.20900181500110193,sqs-worker-5986dcd897-sttgl,ip-192-168-20-201.ec2.internal,15d831d9458a7d39ddd014500c1100876a3eb2ec6dd62163da0a402b7a2e237a,1,3.0,212.0
1,hpa-poisson-808-f2c81b68,000137,83.261595,2026-08-31T21:17:58.311+00:00,2026-08-31T21:17:58.364+00:00,2026-08-31T21:17:58.369+00:00,2026-08-31T21:17:58.369+00:00,2026-08-31T21:17:58.571+00:00,2026-08-31T21:17:58.572+00:00,0.085954,0.2021425429993542,sqs-worker-5986dcd897-llwwh,ip-192-168-20-201.ec2.internal,47377e5a91d180f2f9727b540de273ebbad7d6b9b7568193b0f7bbeb087a435c,1,5.0,207.0
1,hpa-poisson-808-f2c81b68,000142,85.081627,2026-08-31T21:18:00.130+00:00,2026-08-31T21:18:00.183+00:00,2026-08-31T21:18:00.189+00:00,2026-08-31T21:18:00.189+00:00,2026-08-31T21:18:00.209+00:00,2026-08-31T21:18:00.209+00:00,0.010275,0.019790409000052023,sqs-worker-5986dcd897-c7fcm,ip-192-168-20-201.ec2.internal,0f63ee77978725d63d6f5fd7d6ac9672b7fb509cad7fe8801e83432f5b5f8fa0,1,6.0,26.0
1,hpa-poisson-808-f2c81b68,000141,84.889804,2026-08-31T21:17:59.938+00:00,2026-08-31T21:17:59.992+00:00,2026-08-31T21:17:59.997+00:00,2026-08-31T21:17:59.997+00:00,2026-08-31T21:18:00.340+00:00,2026-08-31T21:18:00.340+00:00,0.157609,0.3437802610005747,sqs-worker-5986dcd897-llwwh,ip-192-168-20-201.ec2.internal,df4faa60cfc50cf55d73ab4e5687cb3109a5a3de6e3e9dcabedbc7dcc547837a,1,5.0,348.0
1,hpa-poisson-808-f2c81b68,000140,84.883296,2026-08-31T21:17:59.932+00:00,2026-08-31T21:17:59.983+00:00,2026-08-31T21:17:59.987+00:00,2026-08-31T21:17:59.987+00:00,2026-08-31T21:18:00.447+00:00,2026-08-31T21:18:00.447+00:00,0.200448,0.4599591810001584,sqs-worker-5986dcd897-sttgl,ip-192-168-20-201.ec2.internal,4a4aa25f9165e65cc627d8e5b74b5b038a97c4447b3725a1acf7c49cb3f6c047,1,4.0,464.0
1,hpa-poisson-808-f2c81b68,000144,85.685204,2026-08-31T21:18:00.734+00:00,2026-08-31T21:18:00.792+00:00,2026-08-31T21:18:00.805+00:00,2026-08-31T21:18:00.805+00:00,2026-08-31T21:18:00.978+00:00,2026-08-31T21:18:00.978+00:00,0.09365,0.17280686599951878,sqs-worker-5986dcd897-llwwh,ip-192-168-20-201.ec2.internal,117fbc20c4a37241b1437214d37ebd64dac9dee25993d00460114e05090a2c6e,1,13.0,186.0
1,hpa-poisson-808-f2c81b68,000143,85.123155,2026-08-31T21:18:00.172+00:00,2026-08-31T21:18:00.223+00:00,2026-08-31T21:18:00.252+00:00,2026-08-31T21:18:00.252+00:00,2026-08-31T21:18:00.827+00:00,2026-08-31T21:18:00.827+00:00,0.254553,0.575434091999341,sqs-worker-5986dcd897-c7fcm,ip-192-168-20-201.ec2.internal,5bb76ac58757645bec1d053ab1a8e078eb2b7614f02ceb1f27f87ff1b68df8bb,1,29.0,604.0
1,hpa-poisson-808-f2c81b68,000139,84.691354,2026-08-31T21:17:59.741+00:00,2026-08-31T21:17:59.799+00:00,2026-08-31T21:17:59.803+00:00,2026-08-31T21:17:59.803+00:00,2026-08-31T21:18:01.702+00:00,2026-08-31T21:18:01.702+00:00,0.36723,1.8991271410013724,sqs-worker-5986dcd897-x8rdl,ip-192-168-20-201.ec2.internal,ad65a3f97f900aa183894976951b70dede93dd7efe15421aae1bbe6125be4ee0,1,4.0,1903.0
1,hpa-poisson-808-f2c81b68,000145,85.902187,2026-08-31T21:18:00.951+00:00,2026-08-31T21:18:01.008+00:00,2026-08-31T21:18:01.015+00:00,2026-08-31T21:18:01.015+00:00,2026-08-31T21:18:02.464+00:00,2026-08-31T21:18:02.464+00:00,0.61147,1.449156643000606,sqs-worker-5986dcd897-sttgl,ip-192-168-20-201.ec2.internal,2d089dfb81b2ad01c59d16d6726e3df5b771933129becc46891f627077755416,1,7.0,1456.0
1,hpa-poisson-808-f2c81b68,000146,86.998046,2026-08-31T21:18:02.048+00:00,2026-08-31T21:18:02.100+00:00,2026-08-31T21:18:02.104+00:00,2026-08-31T21:18:02.104+00:00,2026-08-31T21:18:03.102+00:00,2026-08-31T21:18:03.102+00:00,0.417925,0.9987848660002783,sqs-worker-5986dcd897-x8rdl,ip-192-168-20-201.ec2.internal,b6d8ac0d6fbfac66bc73c1d29bbd17635502650591cfcd347a721f45b67b3f3a,1,4.0,1002.0
1,hpa-poisson-808-f2c81b68,000149,88.068118,2026-08-31T21:18:03.117+00:00,2026-08-31T21:18:03.170+00:00,2026-08-31T21:18:03.173+00:00,2026-08-31T21:18:03.173+00:00,2026-08-31T21:18:03.511+00:00,2026-08-31T21:18:03.511+00:00,0.067468,0.3385021410012996,sqs-worker-5986dcd897-c7fcm,ip-192-168-20-201.ec2.internal,3fa82bbf67e238b43cf58a8e29574ad7b5d78c1d6d8933d4262cb331c48f5057,1,3.0,341.0
1,hpa-poisson-808-f2c81b68,000150,88.32659,2026-08-31T21:18:03.376+00:00,2026-08-31T21:18:03.429+00:00,2026-08-31T21:18:03.433+00:00,2026-08-31T21:18:03.433+00:00,2026-08-31T21:18:03.776+00:00,2026-08-31T21:18:03.776+00:00,0.158455,0.3427138129991363,sqs-worker-5986dcd897-llwwh,ip-192-168-20-201.ec2.internal,90242e88a3d273c643303102debd251d1dc1e297c1bf5557742791438b97011a,1,4.0,347.0
1,hpa-poisson-808-f2c81b68,000147,87.726834,2026-08-31T21:18:02.776+00:00,2026-08-31T21:18:02.844+00:00,2026-08-31T21:18:02.848+00:00,2026-08-31T21:18:02.848+00:00,2026-08-31T21:18:04.168+00:00,2026-08-31T21:18:04.168+00:00,0.54274,1.3200794880012836,sqs-worker-5986dcd897-sttgl,ip-192-168-20-201.ec2.internal,ee3077531845f2e1b09fb7aad4b04bc974eac36bdef0b4ce9590f133ade167d1,1,4.0,1324.0
1,hpa-poisson-808-f2c81b68,000148,87.920101,2026-08-31T21:18:02.969+00:00,2026-08-31T21:18:03.556+00:00,2026-08-31T21:18:03.560+00:00,2026-08-31T21:18:03.560+00:00,2026-08-31T21:18:04.175+00:00,2026-08-31T21:18:04.175+00:00,0.250244,0.6151865449992329,sqs-worker-5986dcd897-x8rdl,ip-192-168-20-201.ec2.internal,ed0ba02a08cd935fb18ea935833fc61fdd0d31d4d867014d28284b0f57161e30,1,4.0,619.0
1,hpa-poisson-808-f2c81b68,000151,89.574341,2026-08-31T21:18:04.623+00:00,2026-08-31T21:18:04.687+00:00,2026-08-31T21:18:04.691+00:00,2026-08-31T21:18:04.691+00:00,2026-08-31T21:18:04.980+00:00,2026-08-31T21:18:04.980+00:00,0.135472,0.2885204149988567,sqs-worker-5986dcd897-llwwh,ip-192-168-20-201.ec2.internal,5e4fd4f4c4712bde0516a0c6badf7579bde1d909823263d3b8906a59511f7fa3,1,4.0,293.0
1,hpa-poisson-808-f2c81b68,000154,90.644739,2026-08-31T21:18:05.694+00:00,2026-08-31T21:18:05.748+00:00,2026-08-31T21:18:05.752+00:00,2026-08-31T21:18:05.752+00:00,2026-08-31T21:18:06.127+00:00,2026-08-31T21:18:06.127+00:00,0.183851,0.3754765630001202,sqs-worker-5986dcd897-c7fcm,ip-192-168-20-201.ec2.internal,e08b1e50a87c29784a0201b74b1cf6f0389a8715bf71669a4a8d89cfa05f56e5,1,4.0,379.0
1,hpa-poisson-808-f2c81b68,000155,91.497448,2026-08-31T21:18:06.547+00:00,2026-08-31T21:18:06.604+00:00,2026-08-31T21:18:06.608+00:00,2026-08-31T21:18:06.608+00:00,2026-08-31T21:18:06.691+00:00,2026-08-31T21:18:06.691+00:00,0.044478,0.08306012399953033,sqs-worker-5986dcd897-c7fcm,ip-192-168-20-201.ec2.internal,aa166dd1efdb79b0d5e1cc83a4e78a8418a0e0e0df48dd5db147c16bc63c40e0,1,4.0,87.0
1,hpa-poisson-808-f2c81b68,000152,90.270609,2026-08-31T21:18:05.320+00:00,2026-08-31T21:18:05.372+00:00,2026-08-31T21:18:05.375+00:00,2026-08-31T21:18:05.375+00:00,2026-08-31T21:18:07.173+00:00,2026-08-31T21:18:07.173+00:00,0.533447,1.7975985100001708,sqs-worker-5986dcd897-llwwh,ip-192-168-20-201.ec2.internal,3c05b238c6cd9043164e13dff268b0e9f32f5f5436a6350e685b0f3704728170,1,3.0,1801.0
1,hpa-poisson-808-f2c81b68,000156,93.251811,2026-08-31T21:18:08.302+00:00,2026-08-31T21:18:08.356+00:00,2026-08-31T21:18:08.360+00:00,2026-08-31T21:18:08.360+00:00,2026-08-31T21:18:08.809+00:00,2026-08-31T21:18:08.809+00:00,0.211321,0.44906912999977067,sqs-worker-5986dcd897-x8rdl,ip-192-168-20-201.ec2.internal,770c1dc4b7ffd193907ffaa602151793409bfcd70cfec8fed5be386fe0bd0196,1,4.0,453.0
1,hpa-poisson-808-f2c81b68,000153,90.526306,2026-08-31T21:18:05.575+00:00,2026-08-31T21:18:05.628+00:00,2026-08-31T21:18:05.632+00:00,2026-08-31T21:18:05.632+00:00,2026-08-31T21:18:09.577+00:00,2026-08-31T21:18:09.577+00:00,0.953169,3.945120874001077,sqs-worker-5986dcd897-sttgl,ip-192-168-20-201.ec2.internal,9a88be70dfe059a8da6c02398feb0934a207473f1778cfb97cc5125d70384fe3,1,4.0,3949.0
1,hpa-poisson-808-f2c81b68,000157,94.845399,2026-08-31T21:18:09.895+00:00,2026-08-31T21:18:09.948+00:00,2026-08-31T21:18:09.951+00:00,2026-08-31T21:18:09.951+00:00,2026-08-31T21:18:10.409+00:00,2026-08-31T21:18:10.409+00:00,0.21637,0.4575497149999137,sqs-worker-5986dcd897-c7fcm,ip-192-168-20-201.ec2.internal,d7ab0ef8df5fbc8065555b4107526b06d2d23ba641cbff3ee22325ec0b7b0cc6,1,3.0,461.0
1,hpa-poisson-808-f2c81b68,000158,95.510745,2026-08-31T21:18:10.560+00:00,2026-08-31T21:18:10.617+00:00,2026-08-31T21:18:10.621+00:00,2026-08-31T21:18:10.621+00:00,2026-08-31T21:18:10.787+00:00,2026-08-31T21:18:10.787+00:00,0.10236,0.16598178400090546,sqs-worker-5986dcd897-llwwh,ip-192-168-20-201.ec2.internal,f853386d173344e7fc54d7b2413253077e88786fd726981e85ba19f531e28b65,1,4.0,170.0
1,hpa-poisson-808-f2c81b68,000159,98.89405,2026-08-31T21:18:13.946+00:00,2026-08-31T21:18:14.000+00:00,2026-08-31T21:18:14.004+00:00,2026-08-31T21:18:14.004+00:00,2026-08-31T21:18:14.322+00:00,2026-08-31T21:18:14.322+00:00,0.159535,0.31867825200060906,sqs-worker-5986dcd897-x8rdl,ip-192-168-20-201.ec2.internal,b0b4e6f5614d2810f4aa5943703663ebaf10172f0400a1852a5fdcc9d5fe9f5b,1,4.0,322.0
1,hpa-poisson-808-f2c81b68,000160,99.346607,2026-08-31T21:18:14.396+00:00,2026-08-31T21:18:14.447+00:00,2026-08-31T21:18:14.451+00:00,2026-08-31T21:18:14.451+00:00,2026-08-31T21:18:14.465+00:00,2026-08-31T21:18:14.465+00:00,0.014198,0.014278247999754967,sqs-worker-5986dcd897-c7fcm,ip-192-168-20-201.ec2.internal,24661f8f7754db72b3660bafb13fc896dcf529591374c17054163f4cde372c1f,1,4.0,18.0
1,hpa-poisson-808-f2c81b68,000161,100.511406,2026-08-31T21:18:15.561+00:00,2026-08-31T21:18:15.611+00:00,2026-08-31T21:18:15.615+00:00,2026-08-31T21:18:15.615+00:00,2026-08-31T21:18:15.813+00:00,2026-08-31T21:18:15.813+00:00,0.110775,0.19878235600117478,sqs-worker-5986dcd897-x8rdl,ip-192-168-20-201.ec2.internal,c4c0b96a6b5304286720a24af574e9916a856845babf1878212ed0fa17a5e410,1,4.0,202.0
1,hpa-poisson-808-f2c81b68,000162,101.797562,2026-08-31T21:18:16.847+00:00,2026-08-31T21:18:16.902+00:00,2026-08-31T21:18:16.906+00:00,2026-08-31T21:18:16.906+00:00,2026-08-31T21:18:17.614+00:00,2026-08-31T21:18:17.614+00:00,0.311122,0.707658592998996,sqs-worker-5986dcd897-x8rdl,ip-192-168-20-201.ec2.internal,1339873d6e5472ceb1072648512e3d8d6ee755961a91b357f5a3ba34cf5c5b4d,1,4.0,712.0
1,hpa-poisson-808-f2c81b68,000163,101.947188,2026-08-31T21:18:16.996+00:00,2026-08-31T21:18:17.049+00:00,2026-08-31T21:18:17.052+00:00,2026-08-31T21:18:17.052+00:00,2026-08-31T21:18:18.243+00:00,2026-08-31T21:18:18.243+00:00,0.26629,1.1902906280010939,sqs-worker-5986dcd897-sttgl,ip-192-168-20-201.ec2.internal,e90d4f432c90ecd42ca34f7f7904ff6aab2ce2703bd3bbd1a1f5ff8e29e575b4,1,3.0,1194.0
1,hpa-poisson-808-f2c81b68,000164,104.219812,2026-08-31T21:18:19.271+00:00,2026-08-31T21:18:19.322+00:00,2026-08-31T21:18:19.326+00:00,2026-08-31T21:18:19.326+00:00,2026-08-31T21:18:19.663+00:00,2026-08-31T21:18:19.663+00:00,0.160466,0.3375036440011172,sqs-worker-5986dcd897-sttgl,ip-192-168-20-201.ec2.internal,8d26a9820cd15456cd3d6641ca143929f39d0196ae725b2c32df8681d82824cf,1,4.0,341.0
1,hpa-poisson-808-f2c81b68,000166,105.188592,2026-08-31T21:18:20.237+00:00,2026-08-31T21:18:20.296+00:00,2026-08-31T21:18:20.299+00:00,2026-08-31T21:18:20.299+00:00,2026-08-31T21:18:20.567+00:00,2026-08-31T21:18:20.567+00:00,0.122515,0.2683962770006474,sqs-worker-5986dcd897-llwwh,ip-192-168-20-201.ec2.internal,c159cf9c6b0d3e2d51cea388da01f5794372062b6005907654a824d831b74134,1,3.0,271.0
1,hpa-poisson-808-f2c81b68,000167,105.775167,2026-08-31T21:18:20.824+00:00,2026-08-31T21:18:20.876+00:00,2026-08-31T21:18:20.880+00:00,2026-08-31T21:18:20.880+00:00,2026-08-31T21:18:20.965+00:00,2026-08-31T21:18:20.965+00:00,0.059419,0.08425444999920728,sqs-worker-5986dcd897-sttgl,ip-192-168-20-201.ec2.internal,f78500601a515f1f25769c67264febd4490d6585c290c52b938c81475a4a7103,1,4.0,89.0
1,hpa-poisson-808-f2c81b68,000165,105.166857,2026-08-31T21:18:20.216+00:00,2026-08-31T21:18:20.268+00:00,2026-08-31T21:18:20.272+00:00,2026-08-31T21:18:20.272+00:00,2026-08-31T21:18:21.786+00:00,2026-08-31T21:18:21.786+00:00,0.306691,1.5139679650001199,sqs-worker-5986dcd897-x8rdl,ip-192-168-20-201.ec2.internal,4cd21695bab82ac79e146a1f22eeecd07a4fa67d01d41b89b95c8ebc0edbd57a,1,4.0,1518.0
1,hpa-poisson-808-f2c81b68,000169,107.985721,2026-08-31T21:18:23.034+00:00,2026-08-31T21:18:23.086+00:00,2026-08-31T21:18:23.090+00:00,2026-08-31T21:18:23.090+00:00,2026-08-31T21:18:23.378+00:00,2026-08-31T21:18:23.378+00:00,0.133729,0.2879384630014101,sqs-worker-5986dcd897-llwwh,ip-192-168-20-201.ec2.internal,f14b5e773de84c374e6bfaa048d0cd2f4220e1e7688b8bd49cc96dd5d25396fe,1,4.0,292.0
1,hpa-poisson-808-f2c81b68,000170,108.716454,2026-08-31T21:18:23.765+00:00,2026-08-31T21:18:23.822+00:00,2026-08-31T21:18:23.826+00:00,2026-08-31T21:18:23.826+00:00,2026-08-31T21:18:23.841+00:00,2026-08-31T21:18:23.841+00:00,0.015401,0.015444943999682437,sqs-worker-5986dcd897-llwwh,ip-192-168-20-201.ec2.internal,ff54e270fe7c69ded035fbe9498caa98ccfa56f2eeb6189fa805834352d38595,1,4.0,19.0
1,hpa-poisson-808-f2c81b68,000168,107.121426,2026-08-31T21:18:22.170+00:00,2026-08-31T21:18:22.228+00:00,2026-08-31T21:18:22.232+00:00,2026-08-31T21:18:22.232+00:00,2026-08-31T21:18:23.994+00:00,2026-08-31T21:18:23.994+00:00,0.358351,1.761922441999559,sqs-worker-5986dcd897-c7fcm,ip-192-168-20-201.ec2.internal,839d226e6f98cfd738964cbc995419581a07bfe38d2b70f247fb11dfd3ee6760,1,4.0,1766.0
1,hpa-poisson-808-f2c81b68,000171,109.221042,2026-08-31T21:18:24.269+00:00,2026-08-31T21:18:24.324+00:00,2026-08-31T21:18:24.327+00:00,2026-08-31T21:18:24.327+00:00,2026-08-31T21:18:24.339+00:00,2026-08-31T21:18:24.339+00:00,0.012237,0.012277572999664699,sqs-worker-5986dcd897-sttgl,ip-192-168-20-201.ec2.internal,ac8be8775c067baacab454818cf4b29e05d311efc8dae952683972b5c0710ffd,1,3.0,15.0
1,hpa-poisson-808-f2c81b68,000172,109.413561,2026-08-31T21:18:24.461+00:00,2026-08-31T21:18:24.514+00:00,2026-08-31T21:18:24.517+00:00,2026-08-31T21:18:24.517+00:00,2026-08-31T21:18:25.303+00:00,2026-08-31T21:18:25.303+00:00,0.358487,0.7858213349991274,sqs-worker-5986dcd897-llwwh,ip-192-168-20-201.ec2.internal,38aefeb557d1840a6eb4668c8f288ee635ebfd3024e1f0380a96020252764c03,1,3.0,789.0
1,hpa-poisson-808-f2c81b68,000173,109.894489,2026-08-31T21:18:24.942+00:00,2026-08-31T21:18:25.000+00:00,2026-08-31T21:18:25.004+00:00,2026-08-31T21:18:25.004+00:00,2026-08-31T21:18:25.299+00:00,2026-08-31T21:18:25.299+00:00,0.132567,0.2956417410005088,sqs-worker-5986dcd897-c7fcm,ip-192-168-20-201.ec2.internal,94da627c391fd0d5659fb418c07560d2c8ce101e316d9aa760a825fd6b9f21e5,1,4.0,299.0
1,hpa-poisson-808-f2c81b68,000176,111.567334,2026-08-31T21:18:26.615+00:00,2026-08-31T21:18:26.675+00:00,2026-08-31T21:18:26.682+00:00,2026-08-31T21:18:26.682+00:00,2026-08-31T21:18:27.215+00:00,2026-08-31T21:18:27.215+00:00,0.228129,0.5329725279989361,sqs-worker-5986dcd897-c7fcm,ip-192-168-20-201.ec2.internal,c145383c917c92478a3052d5231dd88778ce369ef68148c3e22a7eec74a2c4dc,1,7.0,540.0
1,hpa-poisson-808-f2c81b68,000177,111.84335,2026-08-31T21:18:26.891+00:00,2026-08-31T21:18:26.943+00:00,2026-08-31T21:18:26.947+00:00,2026-08-31T21:18:26.947+00:00,2026-08-31T21:18:27.849+00:00,2026-08-31T21:18:27.849+00:00,0.180995,0.9016637120002997,sqs-worker-5986dcd897-sttgl,ip-192-168-20-201.ec2.internal,27852577232ec46d407e7f3d1004a706e2acb839a511a65f63b404e0e47adc87,1,4.0,906.0
1,hpa-poisson-808-f2c81b68,000174,110.641662,2026-08-31T21:18:25.690+00:00,2026-08-31T21:18:25.746+00:00,2026-08-31T21:18:25.749+00:00,2026-08-31T21:18:25.749+00:00,2026-08-31T21:18:28.122+00:00,2026-08-31T21:18:28.122+00:00,0.981135,2.3725243310000224,sqs-worker-5986dcd897-x8rdl,ip-192-168-20-201.ec2.internal,6507b994a202fce4f246f65ce55b3a9b747d54553ba4bb729135e4103dfede6a,1,3.0,2376.0
1,hpa-poisson-808-f2c81b68,000175,111.059175,2026-08-31T21:18:26.107+00:00,2026-08-31T21:18:26.158+00:00,2026-08-31T21:18:26.165+00:00,2026-08-31T21:18:26.165+00:00,2026-08-31T21:18:28.482+00:00,2026-08-31T21:18:28.483+00:00,0.487726,2.3174086159997387,sqs-worker-5986dcd897-llwwh,ip-192-168-20-201.ec2.internal,00b41ecea0f1fabe967dd37f262a974e97ddea07a32d376fb14adfc5f6644a02,1,7.0,2324.0
1,hpa-poisson-808-f2c81b68,000178,113.370792,2026-08-31T21:18:28.420+00:00,2026-08-31T21:18:28.474+00:00,2026-08-31T21:18:28.478+00:00,2026-08-31T21:18:28.478+00:00,2026-08-31T21:18:28.565+00:00,2026-08-31T21:18:28.565+00:00,0.058977,0.08745895200081577,sqs-worker-5986dcd897-sttgl,ip-192-168-20-201.ec2.internal,61ab672a509b527c8e8ac8c47ac5f21bbb6dd97a9b2e13a921551b2b645df174,1,4.0,91.0
1,hpa-poisson-808-f2c81b68,000179,113.710918,2026-08-31T21:18:28.759+00:00,2026-08-31T21:18:28.811+00:00,2026-08-31T21:18:28.815+00:00,2026-08-31T21:18:28.815+00:00,2026-08-31T21:18:29.274+00:00,2026-08-31T21:18:29.274+00:00,0.219914,0.45900487399921985,sqs-worker-5986dcd897-sttgl,ip-192-168-20-201.ec2.internal,93c7c9ffe9c8274622daca3ebaab363cf7e616a3f67a47ccd87272a94ec54815,1,4.0,463.0
1,hpa-poisson-808-f2c81b68,000182,114.379712,2026-08-31T21:18:29.427+00:00,2026-08-31T21:18:29.479+00:00,2026-08-31T21:18:29.483+00:00,2026-08-31T21:18:29.483+00:00,2026-08-31T21:18:29.560+00:00,2026-08-31T21:18:29.560+00:00,0.054062,0.07719347800048126,sqs-worker-5986dcd897-sttgl,ip-192-168-20-201.ec2.internal,f5129b9bf55007abfe05e378422a176212bc5c56957ae1df89515e1e53e0be8a,1,4.0,81.0
1,hpa-poisson-808-f2c81b68,000184,114.536931,2026-08-31T21:18:29.584+00:00,2026-08-31T21:18:29.639+00:00,2026-08-31T21:18:29.642+00:00,2026-08-31T21:18:29.642+00:00,2026-08-31T21:18:29.845+00:00,2026-08-31T21:18:29.845+00:00,0.08798,0.20335077100025956,sqs-worker-5986dcd897-sttgl,ip-192-168-20-201.ec2.internal,8f9b5e74c4844d49a8e45a4ac296bfc39b921e34bb15e14baf8373c074332b61,1,3.0,206.0
1,hpa-poisson-808-f2c81b68,000181,114.211051,2026-08-31T21:18:29.258+00:00,2026-08-31T21:18:29.310+00:00,2026-08-31T21:18:29.315+00:00,2026-08-31T21:18:29.315+00:00,2026-08-31T21:18:30.335+00:00,2026-08-31T21:18:30.335+00:00,0.429574,1.0207566079989192,sqs-worker-5986dcd897-c7fcm,ip-192-168-20-201.ec2.internal,24aa5ce9d279ba02fe3f303aa2c903504da90c72c8f63d877433c927941c68aa,1,5.0,1025.0
1,hpa-poisson-808-f2c81b68,000180,114.125359,2026-08-31T21:18:29.173+00:00,2026-08-31T21:18:29.225+00:00,2026-08-31T21:18:29.230+00:00,2026-08-31T21:18:29.230+00:00,2026-08-31T21:18:30.574+00:00,2026-08-31T21:18:30.574+00:00,0.562423,1.344187927999883,sqs-worker-5986dcd897-llwwh,ip-192-168-20-201.ec2.internal,98dfed5022b85509b01fa59ac3cc3d77f728989e7c8466f582ed3760d83c7e1c,1,5.0,1349.0
1,hpa-poisson-808-f2c81b68,000185,114.647059,2026-08-31T21:18:29.694+00:00,2026-08-31T21:18:29.746+00:00,2026-08-31T21:18:29.872+00:00,2026-08-31T21:18:29.872+00:00,2026-08-31T21:18:30.588+00:00,2026-08-31T21:18:30.588+00:00,0.304547,0.7154210599983344,sqs-worker-5986dcd897-sttgl,ip-192-168-20-201.ec2.internal,d2a4b93a8fbd25462032096e04bb6b03ff99b4c9393c118e30cc2e41f66ec088,1,126.0,842.0
1,hpa-poisson-808-f2c81b68,000189,115.835177,2026-08-31T21:18:30.883+00:00,2026-08-31T21:18:30.934+00:00,2026-08-31T21:18:30.938+00:00,2026-08-31T21:18:30.938+00:00,2026-08-31T21:18:31.298+00:00,2026-08-31T21:18:31.298+00:00,0.154117,0.3602913590002572,sqs-worker-5986dcd897-c7fcm,ip-192-168-20-201.ec2.internal,6b1ca8b9b70928ec510b8f8b959bf1282f12949569b88545375d8bdf2fec0004,1,4.0,364.0
1,hpa-poisson-808-f2c81b68,000187,114.861984,2026-08-31T21:18:29.909+00:00,2026-08-31T21:18:29.966+00:00,2026-08-31T21:18:30.616+00:00,2026-08-31T21:18:30.616+00:00,2026-08-31T21:18:31.089+00:00,2026-08-31T21:18:31.089+00:00,0.208767,0.47281710599963844,sqs-worker-5986dcd897-llwwh,ip-192-168-20-201.ec2.internal,0da648182260f48479c749d3bbf472624861d145b65ed01090663198105d8a33,1,650.0,1123.0
1,hpa-poisson-808-f2c81b68,000183,114.475682,2026-08-31T21:18:29.523+00:00,2026-08-31T21:18:29.575+00:00,2026-08-31T21:18:29.578+00:00,2026-08-31T21:18:29.578+00:00,2026-08-31T21:18:31.399+00:00,2026-08-31T21:18:31.399+00:00,0.363082,1.8209484950002661,sqs-worker-5986dcd897-x8rdl,ip-192-168-20-201.ec2.internal,a9a0ac7b530d48dd5ef22e48d631a53e72510cc36864e65af54f01c0130c63b2,1,3.0,1824.0
1,hpa-poisson-808-f2c81b68,000190,116.657866,2026-08-31T21:18:31.706+00:00,2026-08-31T21:18:31.764+00:00,2026-08-31T21:18:31.767+00:00,2026-08-31T21:18:31.767+00:00,2026-08-31T21:18:31.993+00:00,2026-08-31T21:18:31.993+00:00,0.107631,0.22611029200015764,sqs-worker-5986dcd897-llwwh,ip-192-168-20-201.ec2.internal,f46b0b0b40438fa5198e61da9dfb480e534d44839d745cec344c53a564f4bdd2,1,3.0,229.0
1,hpa-poisson-808-f2c81b68,000191,117.096798,2026-08-31T21:18:32.145+00:00,2026-08-31T21:18:32.198+00:00,2026-08-31T21:18:32.213+00:00,2026-08-31T21:18:32.213+00:00,2026-08-31T21:18:32.229+00:00,2026-08-31T21:18:32.229+00:00,0.014316,0.015433806000146433,sqs-worker-5986dcd897-x8rdl,ip-192-168-20-201.ec2.internal,3bb84aa212094b6a3b1eb1a42859c952645382f147b44f58956a3d27a763fe91,1,15.0,31.0
1,hpa-poisson-808-f2c81b68,000186,114.830426,2026-08-31T21:18:29.878+00:00,2026-08-31T21:18:29.934+00:00,2026-08-31T21:18:30.363+00:00,2026-08-31T21:18:30.363+00:00,2026-08-31T21:18:30.894+00:00,2026-08-31T21:18:30.894+00:00,0.206414,0.5318695130008564,sqs-worker-5986dcd897-c7fcm,ip-192-168-20-201.ec2.internal,58acc04eb6e4bf6058df7012605efb00a7df6c1cbc5d86e0f0ee3b82f647254c,1,429.0,960.0
1,hpa-poisson-808-f2c81b68,000188,115.508663,2026-08-31T21:18:30.557+00:00,2026-08-31T21:18:30.607+00:00,2026-08-31T21:18:30.633+00:00,2026-08-31T21:18:30.633+00:00,2026-08-31T21:18:32.643+00:00,2026-08-31T21:18:32.643+00:00,0.803044,2.0104094079997594,sqs-worker-5986dcd897-sttgl,ip-192-168-20-201.ec2.internal,5971ab509e3cba0236437c457cbca827d1b49e47a55dd4c3b82154304f45012a,1,26.0,2036.0
1,hpa-poisson-808-f2c81b68,000192,118.06838,2026-08-31T21:18:33.117+00:00,2026-08-31T21:18:33.170+00:00,2026-08-31T21:18:33.174+00:00,2026-08-31T21:18:33.174+00:00,2026-08-31T21:18:33.460+00:00,2026-08-31T21:18:33.460+00:00,0.133995,0.2861098499997752,sqs-worker-5986dcd897-sttgl,ip-192-168-20-201.ec2.internal,6b13b7e7b85ec240a90615224a6ede771f42bf6dc881cd1718e15dff82e4cadd,1,4.0,290.0
1,hpa-poisson-808-f2c81b68,000193,119.475064,2026-08-31T21:18:34.524+00:00,2026-08-31T21:18:34.578+00:00,2026-08-31T21:18:34.582+00:00,2026-08-31T21:18:34.582+00:00,2026-08-31T21:18:35.320+00:00,2026-08-31T21:18:35.320+00:00,0.317895,0.7379407019998325,sqs-worker-5986dcd897-c7fcm,ip-192-168-20-201.ec2.internal,e950a1a32d4a83c9baa6a15e644525e1f3c6f8792bd8f81d9e4b27f02d75fd90,1,4.0,742.0
1,hpa-poisson-808-f2c81b68,000194,120.40111,2026-08-31T21:18:35.449+00:00,2026-08-31T21:18:35.502+00:00,2026-08-31T21:18:35.506+00:00,2026-08-31T21:18:35.506+00:00,2026-08-31T21:18:36.147+00:00,2026-08-31T21:18:36.147+00:00,0.281466,0.6409520729994256,sqs-worker-5986dcd897-sttgl,ip-192-168-20-201.ec2.internal,66e44c0fc620a604fc4fe3069b55da2000693a40308f1ba37d4867bd0d79f75f,1,4.0,645.0
1,hpa-poisson-808-f2c81b68,000195,120.919195,2026-08-31T21:18:35.967+00:00,2026-08-31T21:18:36.022+00:00,2026-08-31T21:18:36.025+00:00,2026-08-31T21:18:36.025+00:00,2026-08-31T21:18:36.878+00:00,2026-08-31T21:18:36.878+00:00,0.192152,0.8525258400004532,sqs-worker-5986dcd897-llwwh,ip-192-168-20-201.ec2.internal,9a29b5ee2ad63b8417f892884df1d8a980436010d66d7f8b46e008cf8e4859e7,1,3.0,856.0
1,hpa-poisson-808-f2c81b68,000196,122.077286,2026-08-31T21:18:37.126+00:00,2026-08-31T21:18:37.178+00:00,2026-08-31T21:18:37.182+00:00,2026-08-31T21:18:37.182+00:00,2026-08-31T21:18:38.119+00:00,2026-08-31T21:18:38.119+00:00,0.396184,0.936950450999575,sqs-worker-5986dcd897-x8rdl,ip-192-168-20-201.ec2.internal,e5f59617cbe611f04b1deb4d754f4d22939ef9be08ddd453cdc07152b9e88ede,1,4.0,941.0
1,hpa-poisson-808-f2c81b68,000197,123.169887,2026-08-31T21:18:38.218+00:00,2026-08-31T21:18:38.269+00:00,2026-08-31T21:18:38.274+00:00,2026-08-31T21:18:38.274+00:00,2026-08-31T21:18:38.279+00:00,2026-08-31T21:18:38.279+00:00,0.005,0.005062828999143676,sqs-worker-5986dcd897-sttgl,ip-192-168-20-201.ec2.internal,9aa3e3b1f16525fcd00de0d3381825fdf6eb04cf1783f6d423f35338fa0e00b9,1,5.0,10.0
1,hpa-poisson-808-f2c81b68,000199,123.249819,2026-08-31T21:18:38.297+00:00,2026-08-31T21:18:38.347+00:00,2026-08-31T21:18:38.351+00:00,2026-08-31T21:18:38.351+00:00,2026-08-31T21:18:38.498+00:00,2026-08-31T21:18:38.498+00:00,0.090701,0.14672455199979595,sqs-worker-5986dcd897-c7fcm,ip-192-168-20-201.ec2.internal,ab337862b473f26f834c9c43bc0dd3f540ed578aa9de5572c2fe919dc4d37d0f,1,4.0,151.0
1,hpa-poisson-808-f2c81b68,000201,123.782594,2026-08-31T21:18:38.830+00:00,2026-08-31T21:18:38.882+00:00,2026-08-31T21:18:38.886+00:00,2026-08-31T21:18:38.886+00:00,2026-08-31T21:18:39.064+00:00,2026-08-31T21:18:39.064+00:00,0.097887,0.17769310699986818,sqs-worker-5986dcd897-sttgl,ip-192-168-20-201.ec2.internal,d238f6172636e1b7996435ce8aad559a67af60e0a84eeca9741ed8b72a56ace6,1,4.0,182.0
1,hpa-poisson-808-f2c81b68,000198,123.20069,2026-08-31T21:18:38.248+00:00,2026-08-31T21:18:38.302+00:00,2026-08-31T21:18:38.306+00:00,2026-08-31T21:18:38.306+00:00,2026-08-31T21:18:38.315+00:00,2026-08-31T21:18:38.315+00:00,0.009336,0.009370760999445338,sqs-worker-5986dcd897-x8rdl,ip-192-168-20-201.ec2.internal,cc454609ef3348005fcda2aa5e81a684db30a294f1d6f10d1ebf79aa8c2a1458,1,4.0,13.0
1,hpa-poisson-808-f2c81b68,000200,123.277387,2026-08-31T21:18:38.325+00:00,2026-08-31T21:18:38.383+00:00,2026-08-31T21:18:38.386+00:00,2026-08-31T21:18:38.386+00:00,2026-08-31T21:18:38.789+00:00,2026-08-31T21:18:38.789+00:00,0.165941,0.40244399800030806,sqs-worker-5986dcd897-x8rdl,ip-192-168-20-201.ec2.internal,ef28388beecd668bbfbe5a48ba59548e8b679b6a62f1997586eb0fd8a944e233,1,3.0,406.0
1,hpa-poisson-808-f2c81b68,000204,125.81119,2026-08-31T21:18:40.859+00:00,2026-08-31T21:18:40.910+00:00,2026-08-31T21:18:40.914+00:00,2026-08-31T21:18:40.914+00:00,2026-08-31T21:18:40.981+00:00,2026-08-31T21:18:40.981+00:00,0.066658,0.06681022500015388,sqs-worker-5986dcd897-sttgl,ip-192-168-20-201.ec2.internal,59d96ff8d3a3321ad979c93045a41c6144a431a70d1097d6b509ecc12d8cc829,1,4.0,71.0
1,hpa-poisson-808-f2c81b68,000203,125.536945,2026-08-31T21:18:40.586+00:00,2026-08-31T21:18:40.638+00:00,2026-08-31T21:18:40.642+00:00,2026-08-31T21:18:40.642+00:00,2026-08-31T21:18:41.293+00:00,2026-08-31T21:18:41.293+00:00,0.134289,0.6511024679984985,sqs-worker-5986dcd897-x8rdl,ip-192-168-20-201.ec2.internal,fa4616ed4d10992eb7803cbac829c5700ad9a199917f63a189c9e15a1115de77,1,4.0,655.0
1,hpa-poisson-808-f2c81b68,000202,123.951882,2026-08-31T21:18:38.999+00:00,2026-08-31T21:18:39.052+00:00,2026-08-31T21:18:39.056+00:00,2026-08-31T21:18:39.056+00:00,2026-08-31T21:18:41.498+00:00,2026-08-31T21:18:41.498+00:00,1.0,2.4423015489992395,sqs-worker-5986dcd897-c7fcm,ip-192-168-20-201.ec2.internal,154c33b3b09a68709b0736c7cd00cf88f5424513360ec2cb17468da2f4bbbb98,1,4.0,2446.0
1,hpa-poisson-808-f2c81b68,000205,126.702369,2026-08-31T21:18:41.751+00:00,2026-08-31T21:18:41.799+00:00,2026-08-31T21:18:41.803+00:00,2026-08-31T21:18:41.803+00:00,2026-08-31T21:18:42.096+00:00,2026-08-31T21:18:42.096+00:00,0.133292,0.29327419500077667,sqs-worker-5986dcd897-x8rdl,ip-192-168-20-201.ec2.internal,61a15b19644f1aadc6e65e8d1ef981f39634a68beab763cddffa34c5b0f5c8ab,1,4.0,297.0
1,hpa-poisson-808-f2c81b68,000207,129.068767,2026-08-31T21:18:44.117+00:00,2026-08-31T21:18:44.166+00:00,2026-08-31T21:18:44.170+00:00,2026-08-31T21:18:44.170+00:00,2026-08-31T21:18:44.187+00:00,2026-08-31T21:18:44.187+00:00,0.014599,0.01734667899836495,sqs-worker-5986dcd897-sttgl,ip-192-168-20-201.ec2.internal,5b3ee180b3e9f7d732bbce674ae6e8351aaf935b8aed92a1b3b00e08ccb9d380,1,4.0,21.0
1,hpa-poisson-808-f2c81b68,000208,129.121486,2026-08-31T21:18:44.169+00:00,2026-08-31T21:18:44.220+00:00,2026-08-31T21:18:44.223+00:00,2026-08-31T21:18:44.223+00:00,2026-08-31T21:18:44.891+00:00,2026-08-31T21:18:44.891+00:00,0.307264,0.6673696179987019,sqs-worker-5986dcd897-llwwh,ip-192-168-20-201.ec2.internal,f3ba3606e043acce36cc597cee446f1ad1bcabe9f11399b4ae90116adbde272a,1,3.0,671.0
1,hpa-poisson-808-f2c81b68,000209,129.345918,2026-08-31T21:18:44.393+00:00,2026-08-31T21:18:44.444+00:00,2026-08-31T21:18:44.448+00:00,2026-08-31T21:18:44.448+00:00,2026-08-31T21:18:44.973+00:00,2026-08-31T21:18:44.973+00:00,0.226872,0.5248932380000042,sqs-worker-5986dcd897-sttgl,ip-192-168-20-201.ec2.internal,016cf46ee007dba855201f3190cd88135ad29edf7af69a01c3b334c228aee3c1,1,4.0,529.0
1,hpa-poisson-808-f2c81b68,000210,129.944312,2026-08-31T21:18:44.992+00:00,2026-08-31T21:18:45.044+00:00,2026-08-31T21:18:45.048+00:00,2026-08-31T21:18:45.048+00:00,2026-08-31T21:18:45.158+00:00,2026-08-31T21:18:45.159+00:00,0.052591,0.1108066399992822,sqs-worker-5986dcd897-sttgl,ip-192-168-20-201.ec2.internal,734db9cae84ff5e030f3b5071a3ba8588f5515caa2226f56d2ee789e880b3fe0,1,4.0,114.0
1,hpa-poisson-808-f2c81b68,000206,128.514442,2026-08-31T21:18:43.564+00:00,2026-08-31T21:18:43.611+00:00,2026-08-31T21:18:43.615+00:00,2026-08-31T21:18:43.615+00:00,2026-08-31T21:18:45.413+00:00,2026-08-31T21:18:45.413+00:00,0.75046,1.7981767620003666,sqs-worker-5986dcd897-x8rdl,ip-192-168-20-201.ec2.internal,50ddf8f71eae9c147736e4f3dc5a45d907d41d9829722ff0945bd5e1e67f4a0e,1,4.0,1802.0
1,hpa-poisson-808-f2c81b68,000212,130.919945,2026-08-31T21:18:45.967+00:00,2026-08-31T21:18:46.023+00:00,2026-08-31T21:18:46.028+00:00,2026-08-31T21:18:46.028+00:00,2026-08-31T21:18:46.231+00:00,2026-08-31T21:18:46.231+00:00,0.095319,0.2030109490005998,sqs-worker-5986dcd897-c7fcm,ip-192-168-20-201.ec2.internal,8b0b799b091dce459acfd8636ea3dfd7131b095d921d498f5fdcc7d1997a4058,1,5.0,208.0
1,hpa-poisson-808-f2c81b68,000211,130.755556,2026-08-31T21:18:45.804+00:00,2026-08-31T21:18:45.859+00:00,2026-08-31T21:18:45.864+00:00,2026-08-31T21:18:45.864+00:00,2026-08-31T21:18:46.316+00:00,2026-08-31T21:18:46.316+00:00,0.206027,0.45237065399851417,sqs-worker-5986dcd897-x8rdl,ip-192-168-20-201.ec2.internal,f478cc901271ed4a794e09979d5c18a2b98a56189b430ad3aae072e16d9a0cc4,1,5.0,457.0
1,hpa-poisson-808-f2c81b68,000213,131.441481,2026-08-31T21:18:46.489+00:00,2026-08-31T21:18:46.539+00:00,2026-08-31T21:18:46.544+00:00,2026-08-31T21:18:46.544+00:00,2026-08-31T21:18:46.589+00:00,2026-08-31T21:18:46.589+00:00,0.033067,0.04471556299904478,sqs-worker-5986dcd897-x8rdl,ip-192-168-20-201.ec2.internal,a517203f05f05e523557fdefaae5a8bbeedd668093116a455fa424c46b8bcee4,1,5.0,50.0
1,hpa-poisson-808-f2c81b68,000214,131.682708,2026-08-31T21:18:46.730+00:00,2026-08-31T21:18:46.784+00:00,2026-08-31T21:18:46.788+00:00,2026-08-31T21:18:46.788+00:00,2026-08-31T21:18:47.177+00:00,2026-08-31T21:18:47.177+00:00,0.075737,0.3892635070005781,sqs-worker-5986dcd897-llwwh,ip-192-168-20-201.ec2.internal,08d9f20c6f8a4934c0c8551b30065ea8f4d4d4c125f3b5b8af1cc96f5636381a,1,4.0,393.0
1,hpa-poisson-808-f2c81b68,000215,132.957094,2026-08-31T21:18:48.006+00:00,2026-08-31T21:18:48.053+00:00,2026-08-31T21:18:48.060+00:00,2026-08-31T21:18:48.060+00:00,2026-08-31T21:18:48.621+00:00,2026-08-31T21:18:48.621+00:00,0.254296,0.5607521630008705,sqs-worker-5986dcd897-x8rdl,ip-192-168-20-201.ec2.internal,b42dc6f736646d7adf1a3fe4b062c2f9ac0e2b5ac8b2347f02e48eb4ff4f2a03,1,7.0,568.0
1,hpa-poisson-808-f2c81b68,000217,134.365363,2026-08-31T21:18:49.413+00:00,2026-08-31T21:18:49.464+00:00,2026-08-31T21:18:49.467+00:00,2026-08-31T21:18:49.468+00:00,2026-08-31T21:18:49.749+00:00,2026-08-31T21:18:49.749+00:00,0.12236,0.2817921940004453,sqs-worker-5986dcd897-sttgl,ip-192-168-20-201.ec2.internal,6faf8f78ba299a6ecb98ab38b3ad1c3a7e26935bea59820f89b2fce56dfb4e6a,1,3.0,285.0
1,hpa-poisson-808-f2c81b68,000216,134.355939,2026-08-31T21:18:49.405+00:00,2026-08-31T21:18:49.455+00:00,2026-08-31T21:18:49.458+00:00,2026-08-31T21:18:49.458+00:00,2026-08-31T21:18:51.184+00:00,2026-08-31T21:18:51.184+00:00,0.704825,1.7258523290001904,sqs-worker-5986dcd897-llwwh,ip-192-168-20-201.ec2.internal,3168cef27bac5106b28f2a660c486a193f0bdfa090d80c852a05ee201ada5e9c,1,3.0,1729.0
1,hpa-poisson-808-f2c81b68,000218,135.523029,2026-08-31T21:18:50.571+00:00,2026-08-31T21:18:50.622+00:00,2026-08-31T21:18:50.687+00:00,2026-08-31T21:18:50.687+00:00,2026-08-31T21:18:51.800+00:00,2026-08-31T21:18:51.800+00:00,0.297858,1.1138350200017157,sqs-worker-5986dcd897-x8rdl,ip-192-168-20-201.ec2.internal,daccfe35f4a97f5c3176482582d185b3a094047a7e94ff5cd943d1412daf6e4f,1,65.0,1178.0
1,hpa-poisson-808-f2c81b68,000219,137.165605,2026-08-31T21:18:52.214+00:00,2026-08-31T21:18:52.266+00:00,2026-08-31T21:18:52.270+00:00,2026-08-31T21:18:52.270+00:00,2026-08-31T21:18:52.696+00:00,2026-08-31T21:18:52.696+00:00,0.187327,0.4264385449969268,sqs-worker-5986dcd897-x8rdl,ip-192-168-20-201.ec2.internal,04dd0689c51bc0e9dfeb288f5122a7b8395e6dffe0aea5f5c1713f47d83a8f5d,1,4.0,430.0
1,hpa-poisson-808-f2c81b68,000220,137.907543,2026-08-31T21:18:52.955+00:00,2026-08-31T21:18:53.006+00:00,2026-08-31T21:18:53.014+00:00,2026-08-31T21:18:53.014+00:00,2026-08-31T21:18:53.204+00:00,2026-08-31T21:18:53.204+00:00,0.100801,0.18933438300155103,sqs-worker-5986dcd897-x8rdl,ip-192-168-20-201.ec2.internal,19e3ac678628aca043794d4baa5ea50d0a34a5e88e56fc29e80cbc2f91180cba,1,8.0,198.0
1,hpa-poisson-808-f2c81b68,000221,138.407324,2026-08-31T21:18:53.454+00:00,2026-08-31T21:18:53.507+00:00,2026-08-31T21:18:53.518+00:00,2026-08-31T21:18:53.518+00:00,2026-08-31T21:18:53.523+00:00,2026-08-31T21:18:53.523+00:00,0.005,0.005036962000303902,sqs-worker-5986dcd897-llwwh,ip-192-168-20-201.ec2.internal,c0b4faa4efdf3dba0a6ddc7bfa649182049926ed68f30ee3aba091fb1241df58,1,11.0,16.0
1,hpa-poisson-808-f2c81b68,000222,138.723901,2026-08-31T21:18:53.771+00:00,2026-08-31T21:18:53.821+00:00,2026-08-31T21:18:53.825+00:00,2026-08-31T21:18:53.825+00:00,2026-08-31T21:18:53.988+00:00,2026-08-31T21:18:53.988+00:00,0.103992,0.16256855900064693,sqs-worker-5986dcd897-llwwh,ip-192-168-20-201.ec2.internal,ba1d7ad4ac94781fed717760b92d2e5a37f88f1562aa83663fd1f972590f03f5,1,4.0,167.0
1,hpa-poisson-808-f2c81b68,000223,139.405433,2026-08-31T21:18:54.453+00:00,2026-08-31T21:18:54.504+00:00,2026-08-31T21:18:54.508+00:00,2026-08-31T21:18:54.508+00:00,2026-08-31T21:18:54.536+00:00,2026-08-31T21:18:54.536+00:00,0.027331,0.027397916001064004,sqs-worker-5986dcd897-c7fcm,ip-192-168-20-201.ec2.internal,f57bd2306af0c4a0e5be0a04521f1428f2a82a5d6e1a1886da5b9feed1d38b6d,1,4.0,32.0
1,hpa-poisson-808-f2c81b68,000224,139.95778,2026-08-31T21:18:55.005+00:00,2026-08-31T21:18:55.053+00:00,2026-08-31T21:18:55.060+00:00,2026-08-31T21:18:55.060+00:00,2026-08-31T21:18:55.093+00:00,2026-08-31T21:18:55.093+00:00,0.032351,0.03243708400259493,sqs-worker-5986dcd897-sttgl,ip-192-168-20-201.ec2.internal,123802dde8c1213e4deb06465262f4e5f970ddfdfd566d3c4a2d554428687efd,1,7.0,40.0
1,hpa-poisson-808-f2c81b68,000227,140.486216,2026-08-31T21:18:55.533+00:00,2026-08-31T21:18:55.584+00:00,2026-08-31T21:18:55.590+00:00,2026-08-31T21:18:55.590+00:00,2026-08-31T21:18:55.598+00:00,2026-08-31T21:18:55.598+00:00,0.00715,0.007200862997706281,sqs-worker-5986dcd897-x8rdl,ip-192-168-20-201.ec2.internal,3bc619b2991c63edc7bf485d704c8d44eab82b3eedb951c708ed5ed9f38773ab,1,6.0,14.0
1,hpa-poisson-808-f2c81b68,000225,140.126324,2026-08-31T21:18:55.173+00:00,2026-08-31T21:18:55.222+00:00,2026-08-31T21:18:55.227+00:00,2026-08-31T21:18:55.227+00:00,2026-08-31T21:18:55.744+00:00,2026-08-31T21:18:55.744+00:00,0.217037,0.516897847999644,sqs-worker-5986dcd897-sttgl,ip-192-168-20-201.ec2.internal,216bb69e493b54edb4140013563cffe0e25ee73bf029a406270433e106c24d43,1,5.0,522.0
1,hpa-poisson-808-f2c81b68,000228,140.676751,2026-08-31T21:18:55.723+00:00,2026-08-31T21:18:55.775+00:00,2026-08-31T21:18:55.787+00:00,2026-08-31T21:18:55.787+00:00,2026-08-31T21:18:56.530+00:00,2026-08-31T21:18:56.530+00:00,0.318463,0.7432795880013146,sqs-worker-5986dcd897-c7fcm,ip-192-168-20-201.ec2.internal,19c0dc61dd44a064691dfe2c2a6dab25b567675d134f77c6b70ad342f362765b,1,12.0,755.0
1,hpa-poisson-808-f2c81b68,000230,141.661008,2026-08-31T21:18:56.708+00:00,2026-08-31T21:18:56.755+00:00,2026-08-31T21:18:56.760+00:00,2026-08-31T21:18:56.760+00:00,2026-08-31T21:18:56.888+00:00,2026-08-31T21:18:56.888+00:00,0.06694,0.1282886140033952,sqs-worker-5986dcd897-x8rdl,ip-192-168-20-201.ec2.internal,3c5d9ba66c81ecdfe8c655c48e1de03c1864a12e15386d9d112a20ced76914cd,1,5.0,133.0
1,hpa-poisson-808-f2c81b68,000226,140.191435,2026-08-31T21:18:55.238+00:00,2026-08-31T21:18:55.289+00:00,2026-08-31T21:18:55.293+00:00,2026-08-31T21:18:55.293+00:00,2026-08-31T21:18:57.068+00:00,2026-08-31T21:18:57.068+00:00,0.534173,1.775064787001611,sqs-worker-5986dcd897-llwwh,ip-192-168-20-201.ec2.internal,fad42c884393c23eccb6014b916b689fd020aa3f54d52312e38b47d46214d504,1,4.0,1779.0
1,hpa-poisson-808-f2c81b68,000229,141.105937,2026-08-31T21:18:56.153+00:00,2026-08-31T21:18:56.207+00:00,2026-08-31T21:18:56.216+00:00,2026-08-31T21:18:56.216+00:00,2026-08-31T21:18:57.451+00:00,2026-08-31T21:18:57.451+00:00,0.238103,1.2342497509998793,sqs-worker-5986dcd897-sttgl,ip-192-168-20-201.ec2.internal,6b3b66e3b979eb5806f98dd9ec72411746a74a42ad837567bc2ac921f3b91ca0,1,9.0,1244.0
1,hpa-poisson-808-f2c81b68,000231,142.023721,2026-08-31T21:18:57.071+00:00,2026-08-31T21:18:57.119+00:00,2026-08-31T21:18:57.123+00:00,2026-08-31T21:18:57.123+00:00,2026-08-31T21:18:57.687+00:00,2026-08-31T21:18:57.687+00:00,0.240652,0.5644543620001059,sqs-worker-5986dcd897-x8rdl,ip-192-168-20-201.ec2.internal,1b25a09f888566f1ac68f3c19a9bef47e3581915b2483c0433062a9d4466626a,1,4.0,568.0
1,hpa-poisson-808-f2c81b68,000232,142.693053,2026-08-31T21:18:57.740+00:00,2026-08-31T21:18:57.794+00:00,2026-08-31T21:18:57.801+00:00,2026-08-31T21:18:57.801+00:00,2026-08-31T21:18:58.120+00:00,2026-08-31T21:18:58.120+00:00,0.152158,0.31954935300018406,sqs-worker-5986dcd897-c7fcm,ip-192-168-20-201.ec2.internal,e1688e2604183a159e0283d774ccd4c91580731de9f1a1330e015687839cab57,1,7.0,326.0
1,hpa-poisson-808-f2c81b68,000234,143.51218,2026-08-31T21:18:58.559+00:00,2026-08-31T21:18:58.611+00:00,2026-08-31T21:18:58.615+00:00,2026-08-31T21:18:58.615+00:00,2026-08-31T21:18:58.644+00:00,2026-08-31T21:18:58.644+00:00,0.027474,0.028839361999416724,sqs-worker-5986dcd897-llwwh,ip-192-168-20-201.ec2.internal,ff5effdab9aef80871da2b374775e5673971882f05a5681274fede1dbf977039,1,4.0,33.0
1,hpa-poisson-808-f2c81b68,000233,143.153908,2026-08-31T21:18:58.201+00:00,2026-08-31T21:18:58.250+00:00,2026-08-31T21:18:58.256+00:00,2026-08-31T21:18:58.256+00:00,2026-08-31T21:18:58.806+00:00,2026-08-31T21:18:58.806+00:00,0.254107,0.5504132660025789,sqs-worker-5986dcd897-c7fcm,ip-192-168-20-201.ec2.internal,b893ff9fe0fcf800784788f6855d21ddc2facc96f092b436118954894bd87b9f,1,6.0,556.0
1,hpa-poisson-808-f2c81b68,000236,143.970319,2026-08-31T21:18:59.017+00:00,2026-08-31T21:18:59.068+00:00,2026-08-31T21:18:59.072+00:00,2026-08-31T21:18:59.072+00:00,2026-08-31T21:18:59.603+00:00,2026-08-31T21:18:59.603+00:00,0.231447,0.5305329580005491,sqs-worker-5986dcd897-c7fcm,ip-192-168-20-201.ec2.internal,06f4755b7c0728e3f881265dd1591561ae1792ebc205ca95e7fbf1e6b5fdffda,1,4.0,535.0
1,hpa-poisson-808-f2c81b68,000237,144.652321,2026-08-31T21:18:59.699+00:00,2026-08-31T21:18:59.751+00:00,2026-08-31T21:18:59.760+00:00,2026-08-31T21:18:59.760+00:00,2026-08-31T21:19:00.167+00:00,2026-08-31T21:19:00.167+00:00,0.181107,0.40678951899826643,sqs-worker-5986dcd897-sttgl,ip-192-168-20-201.ec2.internal,6cb817a26400045c8786e7480e292246ce3faa6ef6ea4dd199d186af356d5746,1,9.0,416.0
1,hpa-poisson-808-f2c81b68,000235,143.534717,2026-08-31T21:18:58.581+00:00,2026-08-31T21:18:58.634+00:00,2026-08-31T21:18:58.639+00:00,2026-08-31T21:18:58.639+00:00,2026-08-31T21:19:00.593+00:00,2026-08-31T21:19:00.593+00:00,0.658593,1.953783986999042,sqs-worker-5986dcd897-x8rdl,ip-192-168-20-201.ec2.internal,6eaf010678a8ce466144f8e1d6bf50b901a0e6dba509c25427eb3f2a014da1d7,1,5.0,1959.0
1,hpa-poisson-808-f2c81b68,000238,145.083296,2026-08-31T21:19:00.130+00:00,2026-08-31T21:19:00.184+00:00,2026-08-31T21:19:00.197+00:00,2026-08-31T21:19:00.197+00:00,2026-08-31T21:19:00.616+00:00,2026-08-31T21:19:00.616+00:00,0.172721,0.4197839139997086,sqs-worker-5986dcd897-c7fcm,ip-192-168-20-201.ec2.internal,e5d2337e39d436f64b1b980e571b94ba74e141d65a17b9c3e0a19c08cfecdd31,1,13.0,432.0
1,hpa-poisson-808-f2c81b68,000241,146.059202,2026-08-31T21:19:01.106+00:00,2026-08-31T21:19:01.153+00:00,2026-08-31T21:19:01.158+00:00,2026-08-31T21:19:01.158+00:00,2026-08-31T21:19:01.534+00:00,2026-08-31T21:19:01.534+00:00,0.165024,0.3759908100000757,sqs-worker-5986dcd897-c7fcm,ip-192-168-20-201.ec2.internal,27a5b977fc73630f0e22b3a959a3e93afbf0789e11ba8208572567b2760d9803,1,5.0,381.0
1,hpa-poisson-808-f2c81b68,000240,145.804242,2026-08-31T21:19:00.851+00:00,2026-08-31T21:19:01.439+00:00,2026-08-31T21:19:01.443+00:00,2026-08-31T21:19:01.443+00:00,2026-08-31T21:19:02.232+00:00,2026-08-31T21:19:02.232+00:00,0.165349,0.7891049480022048,sqs-worker-5986dcd897-x8rdl,ip-192-168-20-201.ec2.internal,129f19ad15a920a8e4c5ca365a6cc676eb127048cd9793f066caf8e8a65617b1,1,4.0,793.0
1,hpa-poisson-808-f2c81b68,000242,146.340228,2026-08-31T21:19:01.387+00:00,2026-08-31T21:19:01.435+00:00,2026-08-31T21:19:01.444+00:00,2026-08-31T21:19:01.444+00:00,2026-08-31T21:19:02.368+00:00,2026-08-31T21:19:02.368+00:00,0.382324,0.9237072370015085,sqs-worker-5986dcd897-sttgl,ip-192-168-20-201.ec2.internal,eb99a25d56c9802367d0e11d16aa32c3eb00b6ba3872c2d6e3b555ecdb7e1d5e,1,9.0,933.0
1,hpa-poisson-808-f2c81b68,000244,147.500963,2026-08-31T21:19:02.548+00:00,2026-08-31T21:19:02.598+00:00,2026-08-31T21:19:02.602+00:00,2026-08-31T21:19:02.603+00:00,2026-08-31T21:19:02.668+00:00,2026-08-31T21:19:02.668+00:00,0.043329,0.06518774700089125,sqs-worker-5986dcd897-llwwh,ip-192-168-20-201.ec2.internal,976a76940c4bd3daec213f1989e012806b4eddd1b713814d51aaab0ce80ffa3e,1,4.0,70.0
1,hpa-poisson-808-f2c81b68,000246,147.946536,2026-08-31T21:19:02.993+00:00,2026-08-31T21:19:03.054+00:00,2026-08-31T21:19:03.058+00:00,2026-08-31T21:19:03.058+00:00,2026-08-31T21:19:03.110+00:00,2026-08-31T21:19:03.110+00:00,0.041944,0.052122215001872974,sqs-worker-5986dcd897-x8rdl,ip-192-168-20-201.ec2.internal,9aa5be63d234ef4c0ead32454040e93007a95a452b3857d1ba63b7bcf3a78933,1,4.0,56.0
1,hpa-poisson-808-f2c81b68,000243,146.970931,2026-08-31T21:19:02.018+00:00,2026-08-31T21:19:02.070+00:00,2026-08-31T21:19:02.074+00:00,2026-08-31T21:19:02.074+00:00,2026-08-31T21:19:02.387+00:00,2026-08-31T21:19:02.387+00:00,0.111532,0.31283618999805185,sqs-worker-5986dcd897-c7fcm,ip-192-168-20-201.ec2.internal,9cb0ebc590e18cce77e0ddab0f23b365da7f190402cac971dcb200832f65a418,1,4.0,317.0
1,hpa-poisson-808-f2c81b68,000245,147.882593,2026-08-31T21:19:02.929+00:00,2026-08-31T21:19:02.982+00:00,2026-08-31T21:19:02.985+00:00,2026-08-31T21:19:02.985+00:00,2026-08-31T21:19:03.167+00:00,2026-08-31T21:19:03.167+00:00,0.082968,0.18264955899940105,sqs-worker-5986dcd897-llwwh,ip-192-168-20-201.ec2.internal,1f8a9787747f51702f08741d47d47a7a68626dda67b3be9f85d3e2eb5a17cd59,1,3.0,185.0
1,hpa-poisson-808-f2c81b68,000239,145.083385,2026-08-31T21:19:00.132+00:00,2026-08-31T21:19:00.181+00:00,2026-08-31T21:19:00.187+00:00,2026-08-31T21:19:00.187+00:00,2026-08-31T21:19:02.366+00:00,2026-08-31T21:19:02.366+00:00,0.882503,2.1792644070010283,sqs-worker-5986dcd897-llwwh,ip-192-168-20-201.ec2.internal,6ff2478d391be6756b8b12b24c4943aebebb7c6beaecd33207c977c03cfbacf7,1,6.0,2185.0
1,hpa-poisson-808-f2c81b68,000247,148.522762,2026-08-31T21:19:03.570+00:00,2026-08-31T21:19:03.619+00:00,2026-08-31T21:19:03.623+00:00,2026-08-31T21:19:03.623+00:00,2026-08-31T21:19:04.994+00:00,2026-08-31T21:19:04.994+00:00,0.590076,1.3713813489994209,sqs-worker-5986dcd897-llwwh,ip-192-168-20-201.ec2.internal,8251583522c72dc9ae6f2a305168684c04c0f3fc48fae2763db288b50ae7ba9a,1,4.0,1375.0
1,hpa-poisson-808-f2c81b68,000248,150.479956,2026-08-31T21:19:05.528+00:00,2026-08-31T21:19:05.580+00:00,2026-08-31T21:19:05.583+00:00,2026-08-31T21:19:05.584+00:00,2026-08-31T21:19:06.400+00:00,2026-08-31T21:19:06.400+00:00,0.335751,0.8161672890018963,sqs-worker-5986dcd897-c7fcm,ip-192-168-20-201.ec2.internal,982a98ffb666f1dd859f4b6d26d743f72f5a740500cbdee4bdd7467a6f4e3d94,1,3.0,820.0
1,hpa-poisson-808-f2c81b68,000249,150.804178,2026-08-31T21:19:05.851+00:00,2026-08-31T21:19:05.902+00:00,2026-08-31T21:19:05.906+00:00,2026-08-31T21:19:05.906+00:00,2026-08-31T21:19:06.669+00:00,2026-08-31T21:19:06.669+00:00,0.2186,0.7625899700033187,sqs-worker-5986dcd897-llwwh,ip-192-168-20-201.ec2.internal,16e67dadc756af697438c633c35794a93708751c37530f7be8231bbdbd1df021,1,4.0,767.0
1,hpa-poisson-808-f2c81b68,000250,150.886162,2026-08-31T21:19:05.933+00:00,2026-08-31T21:19:05.986+00:00,2026-08-31T21:19:05.991+00:00,2026-08-31T21:19:05.991+00:00,2026-08-31T21:19:06.963+00:00,2026-08-31T21:19:06.963+00:00,0.265128,0.9718431170003896,sqs-worker-5986dcd897-sttgl,ip-192-168-20-201.ec2.internal,28b6a5bbea5ce6ca654680d352b2b08874721cb251036f31bdd2f92e1f4fbfcc,1,5.0,977.0
1,hpa-poisson-808-f2c81b68,000251,151.996201,2026-08-31T21:19:07.044+00:00,2026-08-31T21:19:07.099+00:00,2026-08-31T21:19:07.104+00:00,2026-08-31T21:19:07.104+00:00,2026-08-31T21:19:07.608+00:00,2026-08-31T21:19:07.608+00:00,0.21274,0.5044833600004495,sqs-worker-5986dcd897-c7fcm,ip-192-168-20-201.ec2.internal,840203ba7ffa5f22a4f943c2cffacb6f2fb21047b7e927d7df4e055b13c2bcca,1,5.0,509.0
1,hpa-poisson-808-f2c81b68,000252,154.269973,2026-08-31T21:19:09.317+00:00,2026-08-31T21:19:09.875+00:00,2026-08-31T21:19:09.878+00:00,2026-08-31T21:19:09.878+00:00,2026-08-31T21:19:09.905+00:00,2026-08-31T21:19:09.905+00:00,0.016703,0.026936851998470956,sqs-worker-5986dcd897-llwwh,ip-192-168-20-201.ec2.internal,d5e0d0bc4576c6132fa24d9fd72303b466a740ab6e54e3d3f42e4f9e6af13154,1,3.0,30.0
1,hpa-poisson-808-f2c81b68,000253,154.762613,2026-08-31T21:19:09.810+00:00,2026-08-31T21:19:09.866+00:00,2026-08-31T21:19:09.870+00:00,2026-08-31T21:19:09.870+00:00,2026-08-31T21:19:09.982+00:00,2026-08-31T21:19:09.982+00:00,0.069262,0.11201609600175289,sqs-worker-5986dcd897-sttgl,ip-192-168-20-201.ec2.internal,c1d9a80e77ac15ed9d5b3b9351a32bcbb76b7329a7ddf061b4a32f8ec58be184,1,4.0,116.0
1,hpa-poisson-808-f2c81b68,000254,154.822202,2026-08-31T21:19:09.869+00:00,2026-08-31T21:19:09.915+00:00,2026-08-31T21:19:09.919+00:00,2026-08-31T21:19:09.919+00:00,2026-08-31T21:19:10.422+00:00,2026-08-31T21:19:10.422+00:00,0.22619,0.5030736949993297,sqs-worker-5986dcd897-c7fcm,ip-192-168-20-201.ec2.internal,340b0be9067e8f15a7da3bafcb834b36d99aa35aca8de1c97149ac72fd54d4ce,1,4.0,507.0
1,hpa-poisson-808-f2c81b68,000255,155.884848,2026-08-31T21:19:10.932+00:00,2026-08-31T21:19:10.990+00:00,2026-08-31T21:19:10.995+00:00,2026-08-31T21:19:10.995+00:00,2026-08-31T21:19:11.027+00:00,2026-08-31T21:19:11.027+00:00,0.032705,0.03274521099956473,sqs-worker-5986dcd897-c7fcm,ip-192-168-20-201.ec2.internal,5128cf1061bfc2c3ac9ba596b0903f5dc74d3fa3a8463b3d0e3bd9e341cee623,1,5.0,37.0
1,hpa-poisson-808-f2c81b68,000256,156.514938,2026-08-31T21:19:11.562+00:00,2026-08-31T21:19:11.623+00:00,2026-08-31T21:19:11.629+00:00,2026-08-31T21:19:11.629+00:00,2026-08-31T21:19:12.700+00:00,2026-08-31T21:19:12.700+00:00,0.368344,1.070770092002931,sqs-worker-5986dcd897-c7fcm,ip-192-168-20-201.ec2.internal,88a8a840f5bc8d63cbbeec98446845ee1a10c8192f491c38dd960ba067d22e4a,1,6.0,1077.0
1,hpa-poisson-808-f2c81b68,000257,157.75894,2026-08-31T21:19:12.807+00:00,2026-08-31T21:19:12.855+00:00,2026-08-31T21:19:12.860+00:00,2026-08-31T21:19:12.860+00:00,2026-08-31T21:19:13.061+00:00,2026-08-31T21:19:13.061+00:00,0.098162,0.20088414400015608,sqs-worker-5986dcd897-sttgl,ip-192-168-20-201.ec2.internal,37ef94b9b5901b4ffd61609f03d59ab5a1dc2e332e0af8e15145c9e90c005790,1,5.0,206.0
1,hpa-poisson-808-f2c81b68,000258,158.022104,2026-08-31T21:19:13.069+00:00,2026-08-31T21:19:13.118+00:00,2026-08-31T21:19:13.122+00:00,2026-08-31T21:19:13.122+00:00,2026-08-31T21:19:13.353+00:00,2026-08-31T21:19:13.353+00:00,0.107857,0.23098316499817884,sqs-worker-5986dcd897-sttgl,ip-192-168-20-201.ec2.internal,4bb800de46214ddc108cc8cefe7951386eb323f91a1dd1075ec80e831220eb81,1,4.0,235.0
1,hpa-poisson-808-f2c81b68,000260,158.443196,2026-08-31T21:19:13.490+00:00,2026-08-31T21:19:13.538+00:00,2026-08-31T21:19:13.542+00:00,2026-08-31T21:19:13.542+00:00,2026-08-31T21:19:13.699+00:00,2026-08-31T21:19:13.699+00:00,0.096622,0.15732796600059373,sqs-worker-5986dcd897-x8rdl,ip-192-168-20-201.ec2.internal,415200d4bbb4384086c30a0a64be91431826cfa2ebc727c78e0e94b7a500a368,1,4.0,161.0
1,hpa-poisson-808-f2c81b68,000259,158.328041,2026-08-31T21:19:13.375+00:00,2026-08-31T21:19:13.422+00:00,2026-08-31T21:19:13.425+00:00,2026-08-31T21:19:13.426+00:00,2026-08-31T21:19:13.665+00:00,2026-08-31T21:19:13.666+00:00,0.12313,0.24001226499967743,sqs-worker-5986dcd897-sttgl,ip-192-168-20-201.ec2.internal,b96670a01bd3ea3e956ccbbd5b83443f7001754fe17b236dc5e0a5ca575e04f8,1,3.0,243.0
1,hpa-poisson-808-f2c81b68,000261,159.241284,2026-08-31T21:19:14.289+00:00,2026-08-31T21:19:14.337+00:00,2026-08-31T21:19:14.340+00:00,2026-08-31T21:19:14.340+00:00,2026-08-31T21:19:14.681+00:00,2026-08-31T21:19:14.681+00:00,0.161642,0.3405132980005874,sqs-worker-5986dcd897-x8rdl,ip-192-168-20-201.ec2.internal,d070980c4aed937773d926815e80eeb0a49893d0aa709d9aaa15c1087a028d52,1,3.0,344.0
1,hpa-poisson-808-f2c81b68,000263,160.388633,2026-08-31T21:19:15.436+00:00,2026-08-31T21:19:15.486+00:00,2026-08-31T21:19:15.492+00:00,2026-08-31T21:19:15.492+00:00,2026-08-31T21:19:15.766+00:00,2026-08-31T21:19:15.766+00:00,0.140023,0.2736498720005329,sqs-worker-5986dcd897-sttgl,ip-192-168-20-201.ec2.internal,537e9f969c95084076411f074111c3a9810e2df5ad661a575b942c1ce854e870,1,6.0,280.0
1,hpa-poisson-808-f2c81b68,000264,160.706728,2026-08-31T21:19:15.754+00:00,2026-08-31T21:19:15.803+00:00,2026-08-31T21:19:15.807+00:00,2026-08-31T21:19:15.807+00:00,2026-08-31T21:19:15.836+00:00,2026-08-31T21:19:15.836+00:00,0.028659,0.02885771100045531,sqs-worker-5986dcd897-x8rdl,ip-192-168-20-201.ec2.internal,b76fc0d4536cfffa6d50d3190892b1df8cdca75afa235fe45dce33aa1f84fd50,1,4.0,33.0
1,hpa-poisson-808-f2c81b68,000262,159.672027,2026-08-31T21:19:14.719+00:00,2026-08-31T21:19:14.767+00:00,2026-08-31T21:19:14.770+00:00,2026-08-31T21:19:14.771+00:00,2026-08-31T21:19:16.394+00:00,2026-08-31T21:19:16.394+00:00,0.664638,1.6234024039986252,sqs-worker-5986dcd897-c7fcm,ip-192-168-20-201.ec2.internal,9fd3e3786cf8b1f1a5490b7524815e0a6ae9cb759b96c7d3f7edc79edbff0e58,1,3.0,1627.0
1,hpa-poisson-808-f2c81b68,000265,161.494892,2026-08-31T21:19:16.542+00:00,2026-08-31T21:19:16.591+00:00,2026-08-31T21:19:16.648+00:00,2026-08-31T21:19:16.648+00:00,2026-08-31T21:19:17.555+00:00,2026-08-31T21:19:17.555+00:00,0.20074,0.9071052529980079,sqs-worker-5986dcd897-sttgl,ip-192-168-20-201.ec2.internal,c479b15b596fa1813e89130a3cd8d1e64962a7c39a131de2685d19d347f5cefe,1,57.0,964.0
1,hpa-poisson-808-f2c81b68,000266,162.756335,2026-08-31T21:19:17.804+00:00,2026-08-31T21:19:17.854+00:00,2026-08-31T21:19:17.858+00:00,2026-08-31T21:19:17.858+00:00,2026-08-31T21:19:18.008+00:00,2026-08-31T21:19:18.009+00:00,0.089227,0.1504767099977471,sqs-worker-5986dcd897-x8rdl,ip-192-168-20-201.ec2.internal,e84d7033e16a9bb499f5416511d1011b1d7d47ce67a9be63efe990e72d45f1f4,1,4.0,154.0
1,hpa-poisson-808-f2c81b68,000268,163.287604,2026-08-31T21:19:18.334+00:00,2026-08-31T21:19:18.382+00:00,2026-08-31T21:19:18.385+00:00,2026-08-31T21:19:18.385+00:00,2026-08-31T21:19:18.566+00:00,2026-08-31T21:19:18.566+00:00,0.093694,0.18036218699853634,sqs-worker-5986dcd897-sttgl,ip-192-168-20-201.ec2.internal,feff9ceacded7a63d184afea911425b5282877e2734f18b079679b8d7135459f,1,3.0,184.0
1,hpa-poisson-808-f2c81b68,000269,163.445863,2026-08-31T21:19:18.492+00:00,2026-08-31T21:19:18.539+00:00,2026-08-31T21:19:18.543+00:00,2026-08-31T21:19:18.543+00:00,2026-08-31T21:19:18.550+00:00,2026-08-31T21:19:18.550+00:00,0.006939,0.006977143999392865,sqs-worker-5986dcd897-c7fcm,ip-192-168-20-201.ec2.internal,e8af35d73e25478e24158fdfe83905331d5584389e4fdea226521f6b6796de14,1,4.0,11.0
1,hpa-poisson-808-f2c81b68,000267,163.17037,2026-08-31T21:19:18.217+00:00,2026-08-31T21:19:18.264+00:00,2026-08-31T21:19:18.268+00:00,2026-08-31T21:19:18.268+00:00,2026-08-31T21:19:18.671+00:00,2026-08-31T21:19:18.671+00:00,0.164617,0.402755488998082,sqs-worker-5986dcd897-llwwh,ip-192-168-20-201.ec2.internal,34af8ae88b1c539f89e32212ede19cb6f893aaa335ab18560905b9f88b5379b2,1,4.0,407.0
1,hpa-poisson-808-f2c81b68,000270,163.729462,2026-08-31T21:19:18.776+00:00,2026-08-31T21:19:18.824+00:00,2026-08-31T21:19:18.828+00:00,2026-08-31T21:19:18.828+00:00,2026-08-31T21:19:19.625+00:00,2026-08-31T21:19:19.625+00:00,0.357365,0.797209180000209,sqs-worker-5986dcd897-c7fcm,ip-192-168-20-201.ec2.internal,cf5f1a8f87b36c5515cfd55d076bf982841880c8f3e04eba34d413eb0627b49f,1,4.0,801.0
1,hpa-poisson-808-f2c81b68,000271,164.621975,2026-08-31T21:19:19.669+00:00,2026-08-31T21:19:19.718+00:00,2026-08-31T21:19:19.722+00:00,2026-08-31T21:19:19.722+00:00,2026-08-31T21:19:19.997+00:00,2026-08-31T21:19:19.997+00:00,0.142917,0.2750962209975114,sqs-worker-5986dcd897-llwwh,ip-192-168-20-201.ec2.internal,1e28bb19ab89c81e76304ffac57f7af63a6a7ac37c412496f100ff737f7c9598,1,4.0,279.0
1,hpa-poisson-808-f2c81b68,000273,164.786438,2026-08-31T21:19:19.833+00:00,2026-08-31T21:19:19.881+00:00,2026-08-31T21:19:19.897+00:00,2026-08-31T21:19:19.897+00:00,2026-08-31T21:19:20.319+00:00,2026-08-31T21:19:20.319+00:00,0.183374,0.42249742000058177,sqs-worker-5986dcd897-c7fcm,ip-192-168-20-201.ec2.internal,9dac0f23d0344055795bd5a2a443084c9d7d4b4f1cb9e883ada7b6ea2207d583,1,16.0,438.0
1,hpa-poisson-808-f2c81b68,000275,165.618073,2026-08-31T21:19:20.665+00:00,2026-08-31T21:19:20.712+00:00,2026-08-31T21:19:20.715+00:00,2026-08-31T21:19:20.715+00:00,2026-08-31T21:19:20.737+00:00,2026-08-31T21:19:20.737+00:00,0.02124,0.021307236998836743,sqs-worker-5986dcd897-c7fcm,ip-192-168-20-201.ec2.internal,beda8a900596319e6f047b8ff6e8c7e58400325a65831c6db60cfa78e4a4654d,1,3.0,25.0
1,hpa-poisson-808-f2c81b68,000276,165.757169,2026-08-31T21:19:20.804+00:00,2026-08-31T21:19:20.850+00:00,2026-08-31T21:19:20.854+00:00,2026-08-31T21:19:20.854+00:00,2026-08-31T21:19:20.876+00:00,2026-08-31T21:19:20.876+00:00,0.021791,0.02186526199875516,sqs-worker-5986dcd897-c7fcm,ip-192-168-20-201.ec2.internal,b52f94c2501f86380a6e62649fab08bd3131378c0ae045f9927de8a4cda6e2c1,1,4.0,26.0
1,hpa-poisson-808-f2c81b68,000272,164.647198,2026-08-31T21:19:19.694+00:00,2026-08-31T21:19:19.748+00:00,2026-08-31T21:19:19.754+00:00,2026-08-31T21:19:19.754+00:00,2026-08-31T21:19:21.383+00:00,2026-08-31T21:19:21.383+00:00,0.289225,1.6294149059976917,sqs-worker-5986dcd897-x8rdl,ip-192-168-20-201.ec2.internal,8eaa22ca9f087ae96c664b6c172b2230641bf861b6298d5e21b82241f93e8cfd,1,6.0,1635.0
1,hpa-poisson-808-f2c81b68,000274,165.468742,2026-08-31T21:19:20.516+00:00,2026-08-31T21:19:20.563+00:00,2026-08-31T21:19:20.569+00:00,2026-08-31T21:19:20.569+00:00,2026-08-31T21:19:20.873+00:00,2026-08-31T21:19:20.873+00:00,0.128543,0.30416812499970547,sqs-worker-5986dcd897-llwwh,ip-192-168-20-201.ec2.internal,776202cc5d3f0965700d622dcbe222fa61a675beb1ce0a5c6d1ee0b848a1bba7,1,6.0,310.0
1,hpa-poisson-808-f2c81b68,000277,166.73617,2026-08-31T21:19:21.782+00:00,2026-08-31T21:19:21.832+00:00,2026-08-31T21:19:21.836+00:00,2026-08-31T21:19:21.836+00:00,2026-08-31T21:19:21.860+00:00,2026-08-31T21:19:21.860+00:00,0.024013,0.024077485002635513,sqs-worker-5986dcd897-llwwh,ip-192-168-20-201.ec2.internal,866ca2abfb8b3beb79b1c637240e78618daddd90f3051aa3f91c53253d804064,1,4.0,28.0
1,hpa-poisson-808-f2c81b68,000279,168.00811,2026-08-31T21:19:23.053+00:00,2026-08-31T21:19:23.105+00:00,2026-08-31T21:19:23.109+00:00,2026-08-31T21:19:23.109+00:00,2026-08-31T21:19:23.609+00:00,2026-08-31T21:19:23.609+00:00,0.223618,0.5008971659990493,sqs-worker-5986dcd897-x8rdl,ip-192-168-20-201.ec2.internal,8871a9cd018080f2cc5c6d9a9b575314f209444506ce3faa37c36b0c91d83ea9,1,4.0,504.0
1,hpa-poisson-808-f2c81b68,000281,168.447595,2026-08-31T21:19:23.492+00:00,2026-08-31T21:19:23.543+00:00,2026-08-31T21:19:23.548+00:00,2026-08-31T21:19:23.548+00:00,2026-08-31T21:19:23.726+00:00,2026-08-31T21:19:23.726+00:00,0.110323,0.17833808900104486,sqs-worker-5986dcd897-c7fcm,ip-192-168-20-201.ec2.internal,992b097b65292484d9a31b1e3e75da4096fc05ae2041152f0c42651b4ab49d5a,1,5.0,183.0
1,hpa-poisson-808-f2c81b68,000280,168.222829,2026-08-31T21:19:23.268+00:00,2026-08-31T21:19:23.316+00:00,2026-08-31T21:19:23.321+00:00,2026-08-31T21:19:23.321+00:00,2026-08-31T21:19:23.698+00:00,2026-08-31T21:19:23.698+00:00,0.190352,0.3767356239986839,sqs-worker-5986dcd897-llwwh,ip-192-168-20-201.ec2.internal,6dbcc84d02e65d480a43db64c8ade60763cb7fb7a197c2a79ee4d25bd5a356ad,1,5.0,382.0
1,hpa-poisson-808-f2c81b68,000282,168.593621,2026-08-31T21:19:23.638+00:00,2026-08-31T21:19:23.690+00:00,2026-08-31T21:19:23.694+00:00,2026-08-31T21:19:23.694+00:00,2026-08-31T21:19:24.576+00:00,2026-08-31T21:19:24.576+00:00,0.360686,0.8826786460012954,sqs-worker-5986dcd897-x8rdl,ip-192-168-20-201.ec2.internal,3aee8ca52603045167a53154de9dd4d56fabb62cb3140a3c7a59583fc41cb0fe,1,4.0,886.0
1,hpa-poisson-808-f2c81b68,000278,167.29377,2026-08-31T21:19:22.339+00:00,2026-08-31T21:19:22.396+00:00,2026-08-31T21:19:22.404+00:00,2026-08-31T21:19:22.404+00:00,2026-08-31T21:19:24.787+00:00,2026-08-31T21:19:24.787+00:00,1.0,2.3830984580017684,sqs-worker-5986dcd897-sttgl,ip-192-168-20-201.ec2.internal,ef4e14f311af13939f03b8176f20b00856df0dd46bf3f259aa1c934eb0f28b34,1,8.0,2391.0
1,hpa-poisson-808-f2c81b68,000283,168.674615,2026-08-31T21:19:23.719+00:00,2026-08-31T21:19:23.767+00:00,2026-08-31T21:19:23.770+00:00,2026-08-31T21:19:23.770+00:00,2026-08-31T21:19:25.177+00:00,2026-08-31T21:19:25.177+00:00,0.572732,1.4069967279974662,sqs-worker-5986dcd897-llwwh,ip-192-168-20-201.ec2.internal,e5c0f7ef1cb4f7289fa46d24ae200ff0c72617d0702822c72ab654b53758dd76,1,3.0,1410.0
1,hpa-poisson-808-f2c81b68,000284,169.09426,2026-08-31T21:19:24.139+00:00,2026-08-31T21:19:24.189+00:00,2026-08-31T21:19:24.195+00:00,2026-08-31T21:19:24.195+00:00,2026-08-31T21:19:24.993+00:00,2026-08-31T21:19:24.993+00:00,0.320793,0.7983562389999861,sqs-worker-5986dcd897-c7fcm,ip-192-168-20-201.ec2.internal,89b59d8c9c8648dde312fc5ca79486ee05d397f39bc00fc5eef080ded7d8c4a4,1,6.0,804.0
1,hpa-poisson-808-f2c81b68,000285,169.976654,2026-08-31T21:19:25.022+00:00,2026-08-31T21:19:25.073+00:00,2026-08-31T21:19:25.080+00:00,2026-08-31T21:19:25.080+00:00,2026-08-31T21:19:25.869+00:00,2026-08-31T21:19:25.869+00:00,0.343324,0.788768133999838,sqs-worker-5986dcd897-sttgl,ip-192-168-20-201.ec2.internal,63bca466d97619f8523254ee2c0818400129929328a171e7f7414205ac65ca81,1,7.0,796.0
1,hpa-poisson-808-f2c81b68,000286,170.115755,2026-08-31T21:19:25.160+00:00,2026-08-31T21:19:25.215+00:00,2026-08-31T21:19:25.219+00:00,2026-08-31T21:19:25.219+00:00,2026-08-31T21:19:25.566+00:00,2026-08-31T21:19:25.566+00:00,0.143528,0.34717183400061913,sqs-worker-5986dcd897-llwwh,ip-192-168-20-201.ec2.internal,d7a9a06c2f24a3a5e6a98b2439219c10ddccca173444f61fb9d1887269a36fff,1,4.0,351.0
1,hpa-poisson-808-f2c81b68,000289,170.986622,2026-08-31T21:19:26.031+00:00,2026-08-31T21:19:26.080+00:00,2026-08-31T21:19:26.084+00:00,2026-08-31T21:19:26.084+00:00,2026-08-31T21:19:26.303+00:00,2026-08-31T21:19:26.303+00:00,0.086912,0.2188099439990765,sqs-worker-5986dcd897-x8rdl,ip-192-168-20-201.ec2.internal,4253db64e5170514baea04c79c6dd0d2a81a1ecbb6d1f58ea92765ff541dc25b,1,4.0,223.0
1,hpa-poisson-808-f2c81b68,000288,170.885026,2026-08-31T21:19:25.930+00:00,2026-08-31T21:19:25.979+00:00,2026-08-31T21:19:25.983+00:00,2026-08-31T21:19:25.983+00:00,2026-08-31T21:19:26.359+00:00,2026-08-31T21:19:26.359+00:00,0.133149,0.3758328719995916,sqs-worker-5986dcd897-sttgl,ip-192-168-20-201.ec2.internal,de586a1af23a677184ac4f025e78ee01298ec6b7a1272f5967d1c11025785297,1,4.0,380.0
1,hpa-poisson-808-f2c81b68,000290,171.158641,2026-08-31T21:19:26.203+00:00,2026-08-31T21:19:26.252+00:00,2026-08-31T21:19:26.257+00:00,2026-08-31T21:19:26.257+00:00,2026-08-31T21:19:26.977+00:00,2026-08-31T21:19:26.977+00:00,0.137262,0.7200916729998426,sqs-worker-5986dcd897-llwwh,ip-192-168-20-201.ec2.internal,a8fba53bde27dddf091e657bd067f8c7bae4d9a55b625726c203999cb1f6d13c,1,5.0,725.0
1,hpa-poisson-808-f2c81b68,000287,170.746216,2026-08-31T21:19:25.791+00:00,2026-08-31T21:19:25.844+00:00,2026-08-31T21:19:25.848+00:00,2026-08-31T21:19:25.848+00:00,2026-08-31T21:19:26.393+00:00,2026-08-31T21:19:26.393+00:00,0.246552,0.5448627469995699,sqs-worker-5986dcd897-c7fcm,ip-192-168-20-201.ec2.internal,fb14eeab106a7f92af40fe3443d5176580107a448e29cad389755d9f8c4f4f89,1,4.0,549.0
1,hpa-poisson-808-f2c81b68,000291,171.936629,2026-08-31T21:19:26.982+00:00,2026-08-31T21:19:27.035+00:00,2026-08-31T21:19:27.038+00:00,2026-08-31T21:19:27.038+00:00,2026-08-31T21:19:28.215+00:00,2026-08-31T21:19:28.215+00:00,0.508009,1.1764775660012674,sqs-worker-5986dcd897-c7fcm,ip-192-168-20-201.ec2.internal,2766f63997e72dbeedeeea433149c080b11fda2267158316204d950cfe6e7b97,1,3.0,1180.0
1,hpa-poisson-808-f2c81b68,000292,173.70632,2026-08-31T21:19:28.753+00:00,2026-08-31T21:19:28.802+00:00,2026-08-31T21:19:28.806+00:00,2026-08-31T21:19:28.806+00:00,2026-08-31T21:19:29.164+00:00,2026-08-31T21:19:29.164+00:00,0.177508,0.35713168399888673,sqs-worker-5986dcd897-sttgl,ip-192-168-20-201.ec2.internal,e4811f89f0e9e2659067a611a44189d3e7eabaf28e0477d43eba76e1f9402afe,1,4.0,362.0
1,hpa-poisson-808-f2c81b68,000294,174.092588,2026-08-31T21:19:29.137+00:00,2026-08-31T21:19:29.187+00:00,2026-08-31T21:19:29.191+00:00,2026-08-31T21:19:29.191+00:00,2026-08-31T21:19:29.393+00:00,2026-08-31T21:19:29.393+00:00,0.101271,0.2025468150022789,sqs-worker-5986dcd897-llwwh,ip-192-168-20-201.ec2.internal,910ebb4f5e56bca7a4bc5d5b7e64ff70c462e3d06964d0ea4cfdb15977de5e86,1,4.0,206.0
1,hpa-poisson-808-f2c81b68,000293,174.066246,2026-08-31T21:19:29.111+00:00,2026-08-31T21:19:29.160+00:00,2026-08-31T21:19:29.164+00:00,2026-08-31T21:19:29.164+00:00,2026-08-31T21:19:29.285+00:00,2026-08-31T21:19:29.285+00:00,0.061142,0.12112832400089246,sqs-worker-5986dcd897-x8rdl,ip-192-168-20-201.ec2.internal,af5e57fec19c3f36cbcec25e1708e0be449c1f0094c5a1d31305e5a5b39ba956,1,4.0,125.0
1,hpa-poisson-808-f2c81b68,000296,174.282363,2026-08-31T21:19:29.327+00:00,2026-08-31T21:19:29.376+00:00,2026-08-31T21:19:29.380+00:00,2026-08-31T21:19:29.380+00:00,2026-08-31T21:19:29.710+00:00,2026-08-31T21:19:29.710+00:00,0.134588,0.3298412689982797,sqs-worker-5986dcd897-x8rdl,ip-192-168-20-201.ec2.internal,c27b926d874aa3322e1076b7c525190b51a0ee796a1a07fbd00768d6d0732962,1,4.0,334.0
1,hpa-poisson-808-f2c81b68,000298,174.882917,2026-08-31T21:19:29.928+00:00,2026-08-31T21:19:29.978+00:00,2026-08-31T21:19:29.987+00:00,2026-08-31T21:19:29.987+00:00,2026-08-31T21:19:29.992+00:00,2026-08-31T21:19:29.992+00:00,0.005,0.005068221002147766,sqs-worker-5986dcd897-x8rdl,ip-192-168-20-201.ec2.internal,726d1433bb90d9ecd3e5b2a7eb181d39e67730a4698c61a43f6e6d017c3ed8bc,1,9.0,14.0
1,hpa-poisson-808-f2c81b68,000297,174.463714,2026-08-31T21:19:29.509+00:00,2026-08-31T21:19:29.559+00:00,2026-08-31T21:19:29.562+00:00,2026-08-31T21:19:29.562+00:00,2026-08-31T21:19:29.902+00:00,2026-08-31T21:19:29.902+00:00,0.158693,0.33938678299819003,sqs-worker-5986dcd897-c7fcm,ip-192-168-20-201.ec2.internal,607bb3fff75a7f2913acfaec68e34689342ba2a5f45e5f574563877ecea99473,1,3.0,343.0
1,hpa-poisson-808-f2c81b68,000295,174.255755,2026-08-31T21:19:29.301+00:00,2026-08-31T21:19:29.350+00:00,2026-08-31T21:19:29.353+00:00,2026-08-31T21:19:29.353+00:00,2026-08-31T21:19:30.876+00:00,2026-08-31T21:19:30.876+00:00,0.630304,1.5228092549987196,sqs-worker-5986dcd897-sttgl,ip-192-168-20-201.ec2.internal,928cb13f8f68f820be97ad03705e623acaaac870bf271f48c2434e5c7f194956,1,3.0,1526.0
1,hpa-poisson-808-f2c81b68,000301,176.030111,2026-08-31T21:19:31.075+00:00,2026-08-31T21:19:31.123+00:00,2026-08-31T21:19:31.128+00:00,2026-08-31T21:19:31.128+00:00,2026-08-31T21:19:31.227+00:00,2026-08-31T21:19:31.227+00:00,0.071317,0.09955180500037386,sqs-worker-5986dcd897-c7fcm,ip-192-168-20-201.ec2.internal,cb99dc2a389993e49e7a836aab6cfe4c9cd2c32a0523ac62a8d79d858176a957,1,5.0,104.0
1,hpa-poisson-808-f2c81b68,000299,175.428717,2026-08-31T21:19:30.474+00:00,2026-08-31T21:19:30.524+00:00,2026-08-31T21:19:30.587+00:00,2026-08-31T21:19:30.587+00:00,2026-08-31T21:19:31.293+00:00,2026-08-31T21:19:31.293+00:00,0.124941,0.706290476002323,sqs-worker-5986dcd897-x8rdl,ip-192-168-20-201.ec2.internal,d2dc039028712a6357e062c16849279a4a2859f648635b78b0b48d4658b85a71,1,63.0,769.0
1,hpa-poisson-808-f2c81b68,000302,176.70772,2026-08-31T21:19:31.753+00:00,2026-08-31T21:19:31.808+00:00,2026-08-31T21:19:31.812+00:00,2026-08-31T21:19:31.812+00:00,2026-08-31T21:19:31.891+00:00,2026-08-31T21:19:31.891+00:00,0.048491,0.07902468600150314,sqs-worker-5986dcd897-x8rdl,ip-192-168-20-201.ec2.internal,30f1804fc63687c4255508694d63d5828b5ed9e40fdc7d856b6ad83f2d9b0c61,1,4.0,83.0
1,hpa-poisson-808-f2c81b68,000300,175.567108,2026-08-31T21:19:30.612+00:00,2026-08-31T21:19:30.659+00:00,2026-08-31T21:19:30.663+00:00,2026-08-31T21:19:30.663+00:00,2026-08-31T21:19:31.085+00:00,2026-08-31T21:19:31.085+00:00,0.181848,0.4226179890029016,sqs-worker-5986dcd897-llwwh,ip-192-168-20-201.ec2.internal,4ac10ce8c4a880ce172e0647728caf86889cb7ba070bd2b34f8ab32ea1304dec,1,4.0,426.0
1,hpa-poisson-808-f2c81b68,000303,177.011058,2026-08-31T21:19:32.056+00:00,2026-08-31T21:19:32.104+00:00,2026-08-31T21:19:32.108+00:00,2026-08-31T21:19:32.108+00:00,2026-08-31T21:19:32.174+00:00,2026-08-31T21:19:32.174+00:00,0.050007,0.06667387400011648,sqs-worker-5986dcd897-llwwh,ip-192-168-20-201.ec2.internal,7a674c6d2e1c3fbd7fa8003f2125c2064ad28fcae0277d83d8a25e3f9dfda629,1,4.0,70.0
1,hpa-poisson-808-f2c81b68,000305,177.746139,2026-08-31T21:19:32.791+00:00,2026-08-31T21:19:32.841+00:00,2026-08-31T21:19:32.845+00:00,2026-08-31T21:19:32.845+00:00,2026-08-31T21:19:33.293+00:00,2026-08-31T21:19:33.293+00:00,0.202404,0.44805450700005167,sqs-worker-5986dcd897-x8rdl,ip-192-168-20-201.ec2.internal,884f89be124b58fc1f99924e5450a4e6bf500f9db27ae7f89c62340c68377772,1,4.0,452.0
1,hpa-poisson-808-f2c81b68,000306,177.969023,2026-08-31T21:19:33.014+00:00,2026-08-31T21:19:33.062+00:00,2026-08-31T21:19:33.067+00:00,2026-08-31T21:19:33.067+00:00,2026-08-31T21:19:33.254+00:00,2026-08-31T21:19:33.254+00:00,0.087467,0.18708580800011987,sqs-worker-5986dcd897-sttgl,ip-192-168-20-201.ec2.internal,8c7cca97d1824e0923f3684234b9aa071730086209f69ab5e1c5f41b6f181b64,1,5.0,192.0
1,hpa-poisson-808-f2c81b68,000304,177.672631,2026-08-31T21:19:32.718+00:00,2026-08-31T21:19:32.766+00:00,2026-08-31T21:19:32.772+00:00,2026-08-31T21:19:32.773+00:00,2026-08-31T21:19:33.220+00:00,2026-08-31T21:19:33.220+00:00,0.092435,0.44732166799803963,sqs-worker-5986dcd897-c7fcm,ip-192-168-20-201.ec2.internal,822e75cb7a735ce3db37ef53b56acd4ee1b4bcaa996c576f570a21a9bbceb986,1,6.0,454.0
1,hpa-poisson-808-f2c81b68,000307,179.067473,2026-08-31T21:19:34.114+00:00,2026-08-31T21:19:34.161+00:00,2026-08-31T21:19:34.165+00:00,2026-08-31T21:19:34.165+00:00,2026-08-31T21:19:34.579+00:00,2026-08-31T21:19:34.579+00:00,0.175121,0.41478241300137597,sqs-worker-5986dcd897-llwwh,ip-192-168-20-201.ec2.internal,c00198a2f95b0624e8f4d2130ad04068c2332afae2db330925ebc80fca8247f3,1,4.0,418.0
